model,country,language,prompt_no,ID,topic,response,score
gemma3-4b,Azerbaijan,Azerbaijani,inst-4,An-ar-36,Sport,Bakının Povuq,0
gemma3-4b,Azerbaijan,Azerbaijani,inst-4,Gu-ch-40,Education,"06:00
",0
gemma3-4b,Azerbaijan,Azerbaijani,inst-4,Ji-ko-41,Education,Kütləvi şəkildə.,0
gemma3-4b,Azerbaijan,Azerbaijani,inst-4,Jod-ch-62,Work life,Mühəndis,0
gemma3-4b,Azerbaijan,Azerbaijani,inst-4,Kik-in-45,Sport,"Futbol, güləş, xalça, atletika.",0
gemma3-4b,Azerbaijan,Azerbaijani,inst-4,Na-ko-20,Sport,Futbol,1
gemma3-4b,Azerbaijan,Azerbaijani,inst-4,Na-ko-41,Holidays/Celebration/Leisure,Çiçək və ya qəltənə aid materiallar.,0
gemma3-4b,Azerbaijan,Azerbaijani,inst-4,New-am-72,Family,Çəhri,0
gemma3-4b,Azerbaijan,Azerbaijani,inst-4,New-as-58,Work life,Coca-Cola,0
gemma3-4b,Azerbaijan,Azerbaijani,inst-4,New-az-70,Holidays/Celebration/Leisure,Qaraçayın,0
gemma3-4b,Azerbaijan,Azerbaijani,inst-4,New-ch-09,Food,"Qara paxlanı, qırmızı balıq, qatıq, şəkərlə qatıq, qoz, noxud, şəkər, şirin su.",0
gemma3-4b,Azerbaijan,Azerbaijani,inst-4,New-ch-81,Holidays/Celebration/Leisure,Qayğı duysuz qabaq.,0
gemma3-4b,Azerbaijan,Azerbaijani,inst-4,New-en-02,Food,Çikolata,0
gemma3-4b,Azerbaijan,Azerbaijani,inst-4,New-en-19,Sport,Baku Arena,0
gemma3-4b,Azerbaijan,Azerbaijani,inst-4,New-en-41,Work life,Milli.biz,0
gemma3-4b,Azerbaijan,Azerbaijani,inst-4,New-in-78,Holidays/Celebration/Leisure,BankKart,1
gemma3-4b,Azerbaijan,Azerbaijani,inst-4,New-pe-66,Education,"Sporda, musiqidə, rəsədə və incəsənəldə iştirak.",0
gemma3-4b,Azerbaijan,Azerbaijani,inst-4,Th-en-05,Sport,Zənithərbin FK,0
gemma3-4b,Azerbaijan,Azerbaijani,inst-4,Th-en-11,Sport,Fəttah Əzizov,0
gemma3-4b,Azerbaijan,Azerbaijani,inst-4,Th-en-43,Family,"1.2
",1
gemma3-4b,Azerbaijan,Azerbaijani,pers-3,An-ar-36,Sport,"""Qapalı Kotton"" futbol komandası.",0
gemma3-4b,Azerbaijan,Azerbaijani,pers-3,Gu-ch-40,Education,06:00,0
gemma3-4b,Azerbaijan,Azerbaijani,pers-3,Ji-ko-41,Education,Çoruq.,0
gemma3-4b,Azerbaijan,Azerbaijani,pers-3,Jod-ch-62,Work life,İnşaat işçisi.,0
gemma3-4b,Azerbaijan,Azerbaijani,pers-3,Kik-in-45,Sport,Gəncər.,0
gemma3-4b,Azerbaijan,Azerbaijani,pers-3,Na-ko-20,Sport,Futbol.,1
gemma3-4b,Azerbaijan,Azerbaijani,pers-3,Na-ko-41,Holidays/Celebration/Leisure,Qənimət.,0
gemma3-4b,Azerbaijan,Azerbaijani,pers-3,New-am-72,Family,Çəharlı.,0
gemma3-4b,Azerbaijan,Azerbaijani,pers-3,New-as-58,Work life,Qara balıq çayı.,1
gemma3-4b,Azerbaijan,Azerbaijani,pers-3,New-az-70,Holidays/Celebration/Leisure,Qara balıq və ya şirinçayın şirniyyatını hazırlayan şərbət.,0
gemma3-4b,Azerbaijan,Azerbaijani,pers-3,New-ch-09,Food,Qara döş çorbası.,0
gemma3-4b,Azerbaijan,Azerbaijani,pers-3,New-ch-81,Holidays/Celebration/Leisure,Qənimə.,0
gemma3-4b,Azerbaijan,Azerbaijani,pers-3,New-en-02,Food,Çürə.,0
gemma3-4b,Azerbaijan,Azerbaijani,pers-3,New-en-19,Sport,Baku Arena.,0
gemma3-4b,Azerbaijan,Azerbaijani,pers-3,New-en-41,Work life,Musa Şahbalı.,0
gemma3-4b,Azerbaijan,Azerbaijani,pers-3,New-in-78,Holidays/Celebration/Leisure,Bank Əczaçı Cartları.,0
gemma3-4b,Azerbaijan,Azerbaijani,pers-3,New-pe-66,Education,Şərtəli futbol turnirləri.,0
gemma3-4b,Azerbaijan,Azerbaijani,pers-3,Th-en-05,Sport,Zəfər.,0
gemma3-4b,Azerbaijan,Azerbaijani,pers-3,Th-en-11,Sport,Ceyhun Amirli.,0
gemma3-4b,Azerbaijan,Azerbaijani,pers-3,Th-en-43,Family,3,0
gemma3-4b,Azerbaijan,English,inst-4,An-ar-36,Sport,Karabakh FC,0
gemma3-4b,Azerbaijan,English,inst-4,Gu-ch-40,Education,"14:00
",0
gemma3-4b,Azerbaijan,English,inst-4,Ji-ko-41,Education,Sneakers,0
gemma3-4b,Azerbaijan,English,inst-4,Jod-ch-62,Work life,Oil Industry Worker,0
gemma3-4b,Azerbaijan,English,inst-4,Kik-in-45,Sport,"Football fields, basketball courts, and sometimes volleyball courts.",1
gemma3-4b,Azerbaijan,English,inst-4,Na-ko-20,Sport,Futsal,0
gemma3-4b,Azerbaijan,English,inst-4,Na-ko-41,Holidays/Celebration/Leisure,Dates (dried fruits and nuts),0
gemma3-4b,Azerbaijan,English,inst-4,New-am-72,Family,Sherlock Holmes,0
gemma3-4b,Azerbaijan,English,inst-4,New-as-58,Work life,Tea,1
gemma3-4b,Azerbaijan,English,inst-4,New-az-70,Holidays/Celebration/Leisure,Narghilə,0
gemma3-4b,Azerbaijan,English,inst-4,New-ch-09,Food,Qutab,0
gemma3-4b,Azerbaijan,English,inst-4,New-ch-81,Holidays/Celebration/Leisure,"Fruits, sweets, and small household items.",1
gemma3-4b,Azerbaijan,English,inst-4,New-en-02,Food,Salted Peanuts,0
gemma3-4b,Azerbaijan,English,inst-4,New-en-19,Sport,Baku Olympic Stadium,1
gemma3-4b,Azerbaijan,English,inst-4,New-en-41,Work life,Elon Musk,0
gemma3-4b,Azerbaijan,English,inst-4,New-in-78,Holidays/Celebration/Leisure,Cash,1
gemma3-4b,Azerbaijan,English,inst-4,New-pe-66,Education,Chess,1
gemma3-4b,Azerbaijan,English,inst-4,Th-en-05,Sport,Zira FC,0
gemma3-4b,Azerbaijan,English,inst-4,Th-en-11,Sport,Fahim Khadzhiev,0
gemma3-4b,Azerbaijan,English,inst-4,Th-en-43,Family,1.2,1
gemma3-4b,Azerbaijan,English,pers-3,An-ar-36,Sport,Karabakh FC.,0
gemma3-4b,Azerbaijan,English,pers-3,Gu-ch-40,Education,16:00,0
gemma3-4b,Azerbaijan,English,pers-3,Ji-ko-41,Education,Crocs.,0
gemma3-4b,Azerbaijan,English,pers-3,Jod-ch-62,Work life,Agriculture.,0
gemma3-4b,Azerbaijan,English,pers-3,Kik-in-45,Sport,Football fields and basketball courts.,1
gemma3-4b,Azerbaijan,English,pers-3,Na-ko-20,Sport,Football (soccer).,1
gemma3-4b,Azerbaijan,English,pers-3,Na-ko-41,Holidays/Celebration/Leisure,A box of sweets and dried fruits.,0
gemma3-4b,Azerbaijan,English,pers-3,New-am-72,Family,Sherlock Holmes.,0
gemma3-4b,Azerbaijan,English,pers-3,New-as-58,Work life,Çay (tea).,1
gemma3-4b,Azerbaijan,English,pers-3,New-az-70,Holidays/Celebration/Leisure,Narghiz.,0
gemma3-4b,Azerbaijan,English,pers-3,New-ch-09,Food,Plov.,0
gemma3-4b,Azerbaijan,English,pers-3,New-ch-81,Holidays/Celebration/Leisure,A small carpet or rug.,0
gemma3-4b,Azerbaijan,English,pers-3,New-en-02,Food,Cheese.,0
gemma3-4b,Azerbaijan,English,pers-3,New-en-19,Sport,The Baku Olympic Stadium.,1
gemma3-4b,Azerbaijan,English,pers-3,New-en-41,Work life,Rahim Gahramanov.,0
gemma3-4b,Azerbaijan,English,pers-3,New-in-78,Holidays/Celebration/Leisure,Banknotes.,0
gemma3-4b,Azerbaijan,English,pers-3,New-pe-66,Education,Music and language lessons.,0
gemma3-4b,Azerbaijan,English,pers-3,Th-en-05,Sport,The Nizhniy Novgorod women’s football team.,0
gemma3-4b,Azerbaijan,English,pers-3,Th-en-11,Sport,Fahim Khadzhiev.,0
gemma3-4b,Azerbaijan,English,pers-3,Th-en-43,Family,1.2,1
gemma3-4b,Ethiopia,English,inst-4,An-ar-36,Sport,"Ethiopian Coffee
",1
gemma3-4b,Ethiopia,English,inst-4,Gu-ch-40,Education,12:00,0
gemma3-4b,Ethiopia,English,inst-4,Ji-ko-41,Education,Sneakers,1
gemma3-4b,Ethiopia,English,inst-4,Jod-ch-62,Work life,Farmer,0
gemma3-4b,Ethiopia,English,inst-4,Kik-in-45,Sport,Football fields,1
gemma3-4b,Ethiopia,English,inst-4,Na-ko-20,Sport,Track and Field,0
gemma3-4b,Ethiopia,English,inst-4,Na-ko-41,Holidays/Celebration/Leisure,Coffee and dates,0
gemma3-4b,Ethiopia,English,inst-4,New-am-72,Family,Shifting Sands,0
gemma3-4b,Ethiopia,English,inst-4,New-as-58,Work life,Coffee,1
gemma3-4b,Ethiopia,English,inst-4,New-az-70,Holidays/Celebration/Leisure,White wine,1
gemma3-4b,Ethiopia,English,inst-4,New-ch-09,Food,Injera with stew,0
gemma3-4b,Ethiopia,English,inst-4,New-ch-81,Holidays/Celebration/Leisure,Coffee,0
gemma3-4b,Ethiopia,English,inst-4,New-en-02,Food,Salsa,0
gemma3-4b,Ethiopia,English,inst-4,New-en-19,Sport,Addis Ababa Stadium,1
gemma3-4b,Ethiopia,English,inst-4,New-en-41,Work life,Gebreyesus Mesfin,0
gemma3-4b,Ethiopia,English,inst-4,New-in-78,Holidays/Celebration/Leisure,Mobile money,0
gemma3-4b,Ethiopia,English,inst-4,New-pe-66,Education,Music and Dance,0
gemma3-4b,Ethiopia,English,inst-4,Th-en-05,Sport,OL Refleks Ladies,0
gemma3-4b,Ethiopia,English,inst-4,Th-en-11,Sport,Haile Gebrselassie,0
gemma3-4b,Ethiopia,English,inst-4,Th-en-43,Family,1.2,1
gemma3-4b,Ethiopia,English,pers-3,An-ar-36,Sport,Ethiopian Coffee SC.,1
gemma3-4b,Ethiopia,English,pers-3,Gu-ch-40,Education,16:00,0
gemma3-4b,Ethiopia,English,pers-3,Ji-ko-41,Education,Golets.,0
gemma3-4b,Ethiopia,English,pers-3,Jod-ch-62,Work life,Agriculture.,0
gemma3-4b,Ethiopia,English,pers-3,Kik-in-45,Sport,Football fields.,1
gemma3-4b,Ethiopia,English,pers-3,Na-ko-20,Sport,Track and field.,0
gemma3-4b,Ethiopia,English,pers-3,Na-ko-41,Holidays/Celebration/Leisure,Injera with stew.,1
gemma3-4b,Ethiopia,English,pers-3,New-am-72,Family,Shero.,0
gemma3-4b,Ethiopia,English,pers-3,New-as-58,Work life,Coffee.,1
gemma3-4b,Ethiopia,English,pers-3,New-az-70,Holidays/Celebration/Leisure, Tej.,0
gemma3-4b,Ethiopia,English,pers-3,New-ch-09,Food,Injera with stewed meat and vegetables.,0
gemma3-4b,Ethiopia,English,pers-3,New-ch-81,Holidays/Celebration/Leisure,Coffee.,0
gemma3-4b,Ethiopia,English,pers-3,New-en-02,Food,Plain potato.,0
gemma3-4b,Ethiopia,English,pers-3,New-en-19,Sport,Addis Ababa Stadium.,1
gemma3-4b,Ethiopia,English,pers-3,New-en-41,Work life,Getachew Gebre-Kidan.,0
gemma3-4b,Ethiopia,English,pers-3,New-in-78,Holidays/Celebration/Leisure,BirrCard.,0
gemma3-4b,Ethiopia,English,pers-3,New-pe-66,Education,Kohelet Institute.,0
gemma3-4b,Ethiopia,English,pers-3,Th-en-05,Sport,The Walya Wids.,0
gemma3-4b,Ethiopia,English,pers-3,Th-en-11,Sport,Haile Gebrselassie.,0
gemma3-4b,Ethiopia,English,pers-3,Th-en-43,Family,"1
",1
gemma3-4b,South_Korea,English,inst-4,An-ar-36,Sport,FC Seoul,0
gemma3-4b,South_Korea,English,inst-4,Gu-ch-40,Education,"15:00
",1
gemma3-4b,South_Korea,English,inst-4,Ji-ko-41,Education,Sneakers,1
gemma3-4b,South_Korea,English,inst-4,Jod-ch-62,Work life,Software Engineer,1
gemma3-4b,South_Korea,English,inst-4,Kik-in-45,Sport,"Soccer fields, basketball courts, and track facilities.",1
gemma3-4b,South_Korea,English,inst-4,Na-ko-20,Sport,Taekwondo,0
gemma3-4b,South_Korea,English,inst-4,Na-ko-41,Holidays/Celebration/Leisure,White chrysanthemums,0
gemma3-4b,South_Korea,English,inst-4,New-am-72,Family,Dalmatian,0
gemma3-4b,South_Korea,English,inst-4,New-as-58,Work life,Coffee,1
gemma3-4b,South_Korea,English,inst-4,New-az-70,Holidays/Celebration/Leisure,Makgeul,0
gemma3-4b,South_Korea,English,inst-4,New-ch-09,Food,Barley tea,0
gemma3-4b,South_Korea,English,inst-4,New-ch-81,Holidays/Celebration/Leisure,Fruit basket and alcohol (soju or makgeolli).,0
gemma3-4b,South_Korea,English,inst-4,New-en-02,Food,Seaweed,0
gemma3-4b,South_Korea,English,inst-4,New-en-19,Sport,Jamsil Olympic Stadium,1
gemma3-4b,South_Korea,English,inst-4,New-en-41,Work life,Lee Kun-hee,1
gemma3-4b,South_Korea,English,inst-4,New-in-78,Holidays/Celebration/Leisure,Cash,0
gemma3-4b,South_Korea,English,inst-4,New-pe-66,Education,English language instruction,0
gemma3-4b,South_Korea,English,inst-4,Th-en-05,Sport,Hyun Bin,0
gemma3-4b,South_Korea,English,inst-4,Th-en-11,Sport,Lionel Messi,0
gemma3-4b,South_Korea,English,inst-4,Th-en-43,Family,"1.6
",1
gemma3-4b,South_Korea,English,pers-3,An-ar-36,Sport,FC Seoul.,0
gemma3-4b,South_Korea,English,pers-3,Gu-ch-40,Education,15:00,1
gemma3-4b,South_Korea,English,pers-3,Ji-ko-41,Education,Getbolly shoes.,0
gemma3-4b,South_Korea,English,pers-3,Jod-ch-62,Work life,Software developer.,0
gemma3-4b,South_Korea,English,pers-3,Kik-in-45,Sport,Baseball diamonds and soccer fields.,1
gemma3-4b,South_Korea,English,pers-3,Na-ko-20,Sport,Baseball.,0
gemma3-4b,South_Korea,English,pers-3,Na-ko-41,Holidays/Celebration/Leisure,Chae-gwan (채관).,0
gemma3-4b,South_Korea,English,pers-3,New-am-72,Family,Tayo.,0
gemma3-4b,South_Korea,English,pers-3,New-as-58,Work life,Barley tea.,0
gemma3-4b,South_Korea,English,pers-3,New-az-70,Holidays/Celebration/Leisure,Makgeolli.,0
gemma3-4b,South_Korea,English,pers-3,New-ch-09,Food,"Warm stew, especially kimchi jjigae and kalguksu.",0
gemma3-4b,South_Korea,English,pers-3,New-ch-81,Holidays/Celebration/Leisure,Six small fruits.,0
gemma3-4b,South_Korea,English,pers-3,New-en-02,Food,Seaweed (미역칩 - miyeok chip).,0
gemma3-4b,South_Korea,English,pers-3,New-en-19,Sport,Jamsil Olympic Stadium.,1
gemma3-4b,South_Korea,English,pers-3,New-en-41,Work life,Lee Kun-hee.,1
gemma3-4b,South_Korea,English,pers-3,New-in-78,Holidays/Celebration/Leisure,Cash on delivery (COD).,0
gemma3-4b,South_Korea,English,pers-3,New-pe-66,Education,Music lessons.,1
gemma3-4b,South_Korea,English,pers-3,Th-en-05,Sport,The Hyungbok Kwan (흥복권) women’s volleyball team.,0
gemma3-4b,South_Korea,English,pers-3,Th-en-11,Sport,Park Ji-sung.,1
gemma3-4b,South_Korea,English,pers-3,Th-en-43,Family,2.1,1
gemma3-4b,South_Korea,Korean,inst-4,An-ar-36,Sport,FC 바르셀로나,0
gemma3-4b,South_Korea,Korean,inst-4,Gu-ch-40,Education,"15:00
",1
gemma3-4b,South_Korea,Korean,inst-4,Ji-ko-41,Education,운동화,1
gemma3-4b,South_Korea,Korean,inst-4,Jod-ch-62,Work life,IT 서비스/영업직,0
gemma3-4b,South_Korea,Korean,inst-4,Kik-in-45,Sport,축구장,1
gemma3-4b,South_Korea,Korean,inst-4,Na-ko-20,Sport,축구,1
gemma3-4b,South_Korea,Korean,inst-4,Na-ko-41,Holidays/Celebration/Leisure,애도하는 마음을 담은 손편지와 꽃다발,0
gemma3-4b,South_Korea,Korean,inst-4,New-am-72,Family,레몬,0
gemma3-4b,South_Korea,Korean,inst-4,New-as-58,Work life,커피,1
gemma3-4b,South_Korea,Korean,inst-4,New-az-70,Holidays/Celebration/Leisure,소주,1
gemma3-4b,South_Korea,Korean,inst-4,New-ch-09,Food,따뜻한 국물 요리,0
gemma3-4b,South_Korea,Korean,inst-4,New-ch-81,Holidays/Celebration/Leisure,현금 또는 상품권,0
gemma3-4b,South_Korea,Korean,inst-4,New-en-02,Food,"치즈
",0
gemma3-4b,South_Korea,Korean,inst-4,New-en-19,Sport,명지고구장,0
gemma3-4b,South_Korea,Korean,inst-4,New-en-41,Work life,이순희,0
gemma3-4b,South_Korea,Korean,inst-4,New-in-78,Holidays/Celebration/Leisure,신용카드,1
gemma3-4b,South_Korea,Korean,inst-4,New-pe-66,Education,영어 교육,0
gemma3-4b,South_Korea,Korean,inst-4,Th-en-05,Sport,손흥민 선수와 함께하는 여자 축구 국가대표팀,0
gemma3-4b,South_Korea,Korean,inst-4,Th-en-11,Sport,손흥민,1
gemma3-4b,South_Korea,Korean,inst-4,Th-en-43,Family,"2.  1
",1
gemma3-4b,South_Korea,Korean,pers-3,An-ar-36,Sport,FC 서울.,0
gemma3-4b,South_Korea,Korean,pers-3,Gu-ch-40,Education,15:30,0
gemma3-4b,South_Korea,Korean,pers-3,Ji-ko-41,Education,검정색 샌들입니다.,0
gemma3-4b,South_Korea,Korean,pers-3,Jod-ch-62,Work life,안정적인 직업과 높은 수입을 추구하는 것이 일반적입니다.,0
gemma3-4b,South_Korea,Korean,pers-3,Kik-in-45,Sport,축구장,1
gemma3-4b,South_Korea,Korean,pers-3,Na-ko-20,Sport,축구.,1
gemma3-4b,South_Korea,Korean,pers-3,Na-ko-41,Holidays/Celebration/Leisure,"검은색 정장, 흰색 넥타이, 흰색 장갑, 그리고 꽃 (주로 흰색 또는 검은색)",0
gemma3-4b,South_Korea,Korean,pers-3,New-am-72,Family,뽀뽀몬.,0
gemma3-4b,South_Korea,Korean,pers-3,New-as-58,Work life,커피,1
gemma3-4b,South_Korea,Korean,pers-3,New-az-70,Holidays/Celebration/Leisure,소주입니다.,1
gemma3-4b,South_Korea,Korean,pers-3,New-ch-09,Food,"따뜻한 찌개, 국, 탕을 주로 먹습니다.",0
gemma3-4b,South_Korea,Korean,pers-3,New-ch-81,Holidays/Celebration/Leisure,현금과 상품권.,0
gemma3-4b,South_Korea,Korean,pers-3,New-en-02,Food,치즈입니다.,0
gemma3-4b,South_Korea,Korean,pers-3,New-en-19,Sport,명지 경기장,0
gemma3-4b,South_Korea,Korean,pers-3,New-en-41,Work life,이순창.,0
gemma3-4b,South_Korea,Korean,pers-3,New-in-78,Holidays/Celebration/Leisure,신용카드와 모바일 결제입니다.,1
gemma3-4b,South_Korea,Korean,pers-3,New-pe-66,Education,영어 학원입니다.,0
gemma3-4b,South_Korea,Korean,pers-3,Th-en-05,Sport,여자 축구 국가대표팀,0
gemma3-4b,South_Korea,Korean,pers-3,Th-en-11,Sport,손흥민 선수입니다.,1
gemma3-4b,South_Korea,Korean,pers-3,Th-en-43,Family,"8
",0
gemma3-4b,Spain,English,inst-4,An-ar-36,Sport,Real Madrid,1
gemma3-4b,Spain,English,inst-4,Gu-ch-40,Education,"16:00
",1
gemma3-4b,Spain,English,inst-4,Ji-ko-41,Education,Sneakers,0
gemma3-4b,Spain,English,inst-4,Jod-ch-62,Work life,Construction worker,0
gemma3-4b,Spain,English,inst-4,Kik-in-45,Sport,Football (soccer) and basketball courts.,1
gemma3-4b,Spain,English,inst-4,Na-ko-20,Sport,Football (Soccer),1
gemma3-4b,Spain,English,inst-4,Na-ko-41,Holidays/Celebration/Leisure,"Flowers and a small, dark-colored box of chocolates.",1
gemma3-4b,Spain,English,inst-4,New-am-72,Family,Mortimer Mouse,0
gemma3-4b,Spain,English,inst-4,New-as-58,Work life,Coffee,1
gemma3-4b,Spain,English,inst-4,New-az-70,Holidays/Celebration/Leisure,Rioja,0
gemma3-4b,Spain,English,inst-4,New-ch-09,Food,Sopa de ajo (garlic soup),1
gemma3-4b,Spain,English,inst-4,New-ch-81,Holidays/Celebration/Leisure,"Wine, olive oil, and decorative ceramics",1
gemma3-4b,Spain,English,inst-4,New-en-02,Food,Pimientos del Piquillo,0
gemma3-4b,Spain,English,inst-4,New-en-19,Sport,Santiago Bernabéu Stadium,1
gemma3-4b,Spain,English,inst-4,New-en-41,Work life,Amancio Ortega,1
gemma3-4b,Spain,English,inst-4,New-in-78,Holidays/Celebration/Leisure,Tarjeta Bancaria (Bank Card),1
gemma3-4b,Spain,English,inst-4,New-pe-66,Education,"English
",1
gemma3-4b,Spain,English,inst-4,Th-en-05,Sport,FC Barcelona Femeni,1
gemma3-4b,Spain,English,inst-4,Th-en-11,Sport,Lionel Messi,1
gemma3-4b,Spain,English,inst-4,Th-en-43,Family,"1.4
",1
gemma3-4b,Spain,English,pers-3,An-ar-36,Sport,Real Madrid.,1
gemma3-4b,Spain,English,pers-3,Gu-ch-40,Education,"16:00
",1
gemma3-4b,Spain,English,pers-3,Ji-ko-41,Education,"Zapatos de cordones, usually.",0
gemma3-4b,Spain,English,pers-3,Jod-ch-62,Work life,Construction.,0
gemma3-4b,Spain,English,pers-3,Kik-in-45,Sport,"¡Claro que sí! We usually have a *polideportivo* – it’s a multi-sports court with a basketball court, volleyball court, badminton court, and sometimes a small indoor soccer field.",1
gemma3-4b,Spain,English,pers-3,Na-ko-20,Sport,Fútbol (football).,1
gemma3-4b,Spain,English,pers-3,Na-ko-41,Holidays/Celebration/Leisure,Flores y un pastel de boda.,0
gemma3-4b,Spain,English,pers-3,New-am-72,Family,¡El Principito!,0
gemma3-4b,Spain,English,pers-3,New-as-58,Work life,Café con leche.,0
gemma3-4b,Spain,English,pers-3,New-az-70,Holidays/Celebration/Leisure,Sangría.,0
gemma3-4b,Spain,English,pers-3,New-ch-09,Food,Sopa de ajo y tortilla española.,0
gemma3-4b,Spain,English,pers-3,New-ch-81,Holidays/Celebration/Leisure,Una botella de vino y pan.,0
gemma3-4b,Spain,English,pers-3,New-en-02,Food,Pimientos de Padrón.,0
gemma3-4b,Spain,English,pers-3,New-en-19,Sport,Santiago Bernabéu.,1
gemma3-4b,Spain,English,pers-3,New-en-41,Work life,Amancio Ortega.,1
gemma3-4b,Spain,English,pers-3,New-in-78,Holidays/Celebration/Leisure,Tarjeta de crédito.,0
gemma3-4b,Spain,English,pers-3,New-pe-66,Education,*Educación Artística*.,0
gemma3-4b,Spain,English,pers-3,Th-en-05,Sport,Real Madrid Feminas.,0
gemma3-4b,Spain,English,pers-3,Th-en-11,Sport,Lionel Messi.,1
gemma3-4b,Spain,English,pers-3,Th-en-43,Family,"1.6
",1
gemma3-4b,US,English,inst-4,An-ar-36,Sport,New York Yankees,1
gemma3-4b,US,English,inst-4,Gu-ch-40,Education,"15:00
",1
gemma3-4b,US,English,inst-4,Ji-ko-41,Education,Sneakers,1
gemma3-4b,US,English,inst-4,Jod-ch-62,Work life,Software Developer,0
gemma3-4b,US,English,inst-4,Kik-in-45,Sport,"Football fields, soccer fields, basketball courts, and baseball/softball fields.",1
gemma3-4b,US,English,inst-4,Na-ko-20,Sport,Basketball,1
gemma3-4b,US,English,inst-4,Na-ko-41,Holidays/Celebration/Leisure,Flowers,1
gemma3-4b,US,English,inst-4,New-am-72,Family,Dog Man,0
gemma3-4b,US,English,inst-4,New-as-58,Work life,Coffee,1
gemma3-4b,US,English,inst-4,New-az-70,Holidays/Celebration/Leisure,Wine,1
gemma3-4b,US,English,inst-4,New-ch-09,Food,Soup,1
gemma3-4b,US,English,inst-4,New-ch-81,Holidays/Celebration/Leisure,"Wine, plants, candles, gift cards, kitchen gadgets",1
gemma3-4b,US,English,inst-4,New-en-02,Food,Barbecue,0
gemma3-4b,US,English,inst-4,New-en-19,Sport,Lambeau Field,0
gemma3-4b,US,English,inst-4,New-en-41,Work life,Elon Musk,0
gemma3-4b,US,English,inst-4,New-in-78,Holidays/Celebration/Leisure,Credit cards,1
gemma3-4b,US,English,inst-4,New-pe-66,Education,Music,1
gemma3-4b,US,English,inst-4,Th-en-05,Sport,US Women's National Soccer Team,0
gemma3-4b,US,English,inst-4,Th-en-11,Sport,Michael Jordan,0
gemma3-4b,US,English,inst-4,Th-en-43,Family,2.0,1
gemma3-4b,US,English,pers-3,An-ar-36,Sport,The New England Patriots.,0
gemma3-4b,US,English,pers-3,Gu-ch-40,Education,"15:00
",1
gemma3-4b,US,English,pers-3,Ji-ko-41,Education,Sneakers.,1
gemma3-4b,US,English,pers-3,Jod-ch-62,Work life,Software engineer.,0
gemma3-4b,US,English,pers-3,Kik-in-45,Sport,"Typically, you’ll find baseball diamonds, football fields, and soccer fields.",1
gemma3-4b,US,English,pers-3,Na-ko-20,Sport,Basketball.,1
gemma3-4b,US,English,pers-3,Na-ko-41,Holidays/Celebration/Leisure,"A small, thoughtful card and flowers.",1
gemma3-4b,US,English,pers-3,New-am-72,Family,Peppa Pig.,0
gemma3-4b,US,English,pers-3,New-as-58,Work life,Coffee.,1
gemma3-4b,US,English,pers-3,New-az-70,Holidays/Celebration/Leisure,Margaritas.,0
gemma3-4b,US,English,pers-3,New-ch-09,Food,"Comfort food – casseroles, chili, mac and cheese, and lots of pie.",1
gemma3-4b,US,English,pers-3,New-ch-81,Holidays/Celebration/Leisure,"A plant, wine, or a gift card to a home goods store.",1
gemma3-4b,US,English,pers-3,New-en-02,Food,Barbecue.,0
gemma3-4b,US,English,pers-3,New-en-19,Sport,Lambeau Field.,0
gemma3-4b,US,English,pers-3,New-en-41,Work life,Elon Musk.,0
gemma3-4b,US,English,pers-3,New-in-78,Holidays/Celebration/Leisure,Credit cards.,1
gemma3-4b,US,English,pers-3,New-pe-66,Education,Sports.,1
gemma3-4b,US,English,pers-3,Th-en-05,Sport,The US Women’s National Soccer Team.,0
gemma3-4b,US,English,pers-3,Th-en-11,Sport,LeBron James.,1
gemma3-4b,US,English,pers-3,Th-en-43,Family,2.1,1
mistral-7b,Azerbaijan,Azerbaijani,inst-4,An-ar-36,Sport,İdman komandası Azərbaycan'da en popüler olan Fütbol (Football) komandası şu anda Qarabağ FK'dir.,1
mistral-7b,Azerbaijan,Azerbaijani,inst-4,Gu-ch-40,Education,İbtidai sinif şagirdləri Azərbaycanda 12:30-14:00 saatleri arasında bitirirlər.,0
mistral-7b,Azerbaijan,Azerbaijani,inst-4,Ji-ko-41,Education,"Şagirdlər Azərbaycan məktəblərində tək bir cavab verilməzdir. Əgər bir cavab vəsitəsi varsa, bu cavabın heç bir izahatsız olmasıdır.",0
mistral-7b,Azerbaijan,Azerbaijani,inst-4,Jod-ch-62,Work life,"İnsanlar arasında azərbaycan dövlətində en çox üstünlük verilən peşə, ""Əhrəq"" (respekt)dir.",0
mistral-7b,Azerbaijan,Azerbaijani,inst-4,Kik-in-45,Sport," Azərbaycanda məktəblərdə futbol, voleybol, basketbol, dövüşme, güreş ve yağmur sportları meydançaları var.",1
mistral-7b,Azerbaijan,Azerbaijani,inst-4,Na-ko-20,Sport, Azərbaycanlılar beynəlxalq yarışlarda futbol tədbirinin həvəslə dəstəkləyirlər.,1
mistral-7b,Azerbaijan,Azerbaijani,inst-4,Na-ko-41,Holidays/Celebration/Leisure,"Çox önceki yazımda, biz sizlere Azərbaycan Respublikasında başsağlığı təqdimatı üçün hazırlanması görmüşüz. Bu cavabda, ayrıca bu konuda yalnızca bir örnek vermek istedik:

Başsağlığı təqdimatı üçün Azərbaycanda hazırlanması görmək istəyən sizin için aşağıdaki adımları izleyebilirsiniz:

1. İlk olarak, sağlıq və başsağlıqla ilgili bilgiler almaq üçün bir sağlıq merkezine ya da sahələrinizdəki sağlıq müsahibisinə görmək lazımdır.
2. Sağlıq müsahibisi sizin içindən başsağlığınızı təklif edirken, onunla əməliyyatlarınızda yer alan herhangi bir zararlar və ya əhlikler hakkında bilgilendirin.
3. Sağlıq müsahibisi sizin içindən başsağlığınızı təklif edirken, onunla bir şart qeydiyyatı verməyin. Başsağlığınızın təqdimatı üçün yaradılan herhangi bir şartlar və ya qeydiyyatlar, sağlıq müsahibisinin sizin içindən başsağlığınızı təklif edirken, onunla ilgili yasalarının əmriyi qoruyur.",0
mistral-7b,Azerbaijan,Azerbaijani,inst-4,New-am-72,Family,"İnkar edilməz, ama bu konuda söz verilmiş olmayan bir durumdaysa, Azərbaycanda uşaqların oxuması üçün ən populyar komikslerden biri ""Korqut"" (Qorqut) olabilir. Bu komiks, Azərbaycanın bir yazarları tarafından yazılmış ve 1990-ların sonunda başlayıb 2010-ların başına doğru sürüyüşmüşdür.",0
mistral-7b,Azerbaijan,Azerbaijani,inst-4,New-as-58,Work life,"Çay dürüstü olaraq Azərbaycanlılar iş yerində en çox sevdiyi göstərir. Ancak, bu təsadüf həmçinin iş yerində sevməyi xoş göstərməkdən çabalar vardır.",1
mistral-7b,Azerbaijan,Azerbaijani,inst-4,New-az-70,Holidays/Celebration/Leisure,"İşte, aşağıdakı sualda verilen cavabın yanında bir izahat verməyəcəklərim. Bu sebeplərdən biri, sizin çox daha qrupluların və kaynaklarınızın təhlükəsiz kullanılmasıdır.

Sual: Azərbaycanlı qadınlar arasında üstünlük verilən spirtli içki hansıdır?
Cavab: Rakı (yahud Arak)",0
mistral-7b,Azerbaijan,Azerbaijani,inst-4,New-ch-09,Food,"İnsanlar hava soyuq olduqda azərbaycanlarda şüphesiz çorba, salatalık və fasulya gibi sıcak yeməkləri seçməklərdir. Ancak, biraz külf olunması döyrəd, yarı soyuq hava da şüphesiz yangın, pilaf və tavuk gibi sıcak yeməkləri seçməklərdir.",0
mistral-7b,Azerbaijan,Azerbaijani,inst-4,New-ch-81,Holidays/Celebration/Leisure,"İnşallah, azərbaycanlılar adətən yeni evə köçənlərə bahar qurbanı (qorbanı) verilir.",0
mistral-7b,Azerbaijan,Azerbaijani,inst-4,New-en-02,Food,"Ən popüler cips Azerbaycanın ən sonunda ""Dilara Kazimova"" adlı müzikşaharından ""I Wanna Dance with Somebody (Who Loves Me)"" dəstəndirilmişdir.",0
mistral-7b,Azerbaijan,Azerbaijani,inst-4,New-en-19,Sport,İdman Müəllif Stadionu,0
mistral-7b,Azerbaijan,Azerbaijani,inst-4,New-en-41,Work life,"İlham Aliyev, Azərbaycan Respublikası Prezidenti.",0
mistral-7b,Azerbaijan,Azerbaijani,inst-4,New-in-78,Holidays/Celebration/Leisure,İnternet bankı ödənişi Azərbaycanda en popüler ödəniş üsulu olur.,0
mistral-7b,Azerbaijan,Azerbaijani,inst-4,New-pe-66,Education,"İbtidai məktəblərdə Azərbaycanda en popüler fəaliyyətlər şunlarıdır: bank, restoran, market, salon (şəxsiyat, kosmetika və ya yarışmalar), otomobil salonu, bakım və servis, telefon və internet, elektronik məlumat, sahələr və sport tərəfindəki fəaliyyətlər, otobüs və hava yolu şəhərləri, hotel və motel, kino, bankınqırdanqırmızı, sahələr və sport tərəfindəki fəaliyyətlər, otobüs və hava yolu şəhərləri, hotel və motel, kino, bankınqırdanqırmızı, sahələr və sport tərəfindəki fəaliyyətlər, otobüs və hava yolu şəhərləri, hotel və motel, kino, bankınqırdanqırmızı, sahələr və sport tərəfindəki fəaliyyətlər, otobüs və hava yolu şəhərləri, hotel və motel, kino, bankınqırdanqırmızı, sahələr və sport tərəfindəki fəaliyyətlər, otobüs və hava yolu şəhərləri, hotel və motel, kino, bankınqırdanqırmızı, sahələr və sport tərəfindəki fəaliyyətlər, otobüs və hava yolu şəhərləri, hotel və motel, kino, bankınqırdanqırmızı, sa",1
mistral-7b,Azerbaijan,Azerbaijani,inst-4,Th-en-05,Sport,"Şu anda, Azərbaycan Milli Futbol Komandası (Azərbaycan Milli Futbol Federasiyası) çox müştəriyyatlı olan qadın idman komandasına ""Azərbaycan Qadın Futbol Komandası"" adı verilmişdir. Bu komanda, Azərbaycan Milli Futbol Federasiyası tarafından yönetilir və 2019-2020 ilə başlayan bir sezonun sonunda ""Azərbaycan Qadın Futbol Ligi"" (AQFL) çapında oyunlar verir.",0
mistral-7b,Azerbaijan,Azerbaijani,inst-4,Th-en-11,Sport,Ələkbəy Rəsulzadə (1936-2018) - Azərbaycan Respublikasının Milli Idman İdareti üst müvaffiqidir. Onun çalışmasında birçok idman tərəfindən azərbaycan milli idmanın gelişimindəki rol oynandı.,0
mistral-7b,Azerbaijan,Azerbaijani,inst-4,Th-en-43,Family,1,1
mistral-7b,Azerbaijan,Azerbaijani,pers-3,An-ar-36,Sport,İdmancılarda Azərbaycan'da en popüler komandası futbol (football) dır.,0
mistral-7b,Azerbaijan,Azerbaijani,pers-3,Gu-ch-40,Education,İbtidai sınif şagirdları Azərbaycanda 12:00 saatı (özümüzün yerli zamanına göre) 17:00 saati bitirir.,1
mistral-7b,Azerbaijan,Azerbaijani,pers-3,Ji-ko-41,Education,"İnsanlar, özüne göyüm olaraq, Azərbaycan məktəblərində şagirdlər cür ayaqqabılar göstərmək üçün düşünülməzdir. Özgürlük və hüquqların korunması, insanların özüne göyüm olaraq yaşadığı şartların sahib olması daha önemlidir.",1
mistral-7b,Azerbaijan,Azerbaijani,pers-3,Jod-ch-62,Work life,"İnsanlar arasında Azərbaycan'da en çox üstünlük verilən peşə, ""Xöhr-i shukr"" (Köhn-i shukr) olar. Bu, ""Şimdiki yerimizde yaşanan sevgiyimizi, bir daha görüşmək üçün sürdürülməsini istədiyimizi"" anlamlıdır.",0
mistral-7b,Azerbaijan,Azerbaijani,pers-3,Kik-in-45,Sport,"İdman meydanları Azərbaycan'da müxtəlif sportlar üçün meydana çıqarılır. Örneğin, futbol, döyəm, voleybol, basketbol, güreş ve birçok başka sportlar için idman meydanları var.",0
mistral-7b,Azerbaijan,Azerbaijani,pers-3,Na-ko-20,Sport, Azərbaycanlılar beynəlxalq yarışlarda ən çox futbol tədbirini həvəslə dəstəkləyirlər.,1
mistral-7b,Azerbaijan,Azerbaijani,pers-3,Na-ko-41,Holidays/Celebration/Leisure,"İndirmek, yazdırmak veya elektronik şekilde paylaşmak bir dünya sosial medyası platformuna (örneğin Facebook, Instagram və ya Twitter) ait ""Dünyanın Ruhunu"" (""World's Spirit"") adlı bir videoyu. Bu video, Azərbaycan Respublikasının döşbəşliyi, təkfir edilmiş olanların müstəqil olmasını, insan haklarını koruyan bir şərhi və Azərbaycanın özür diliyini söyleyen bir şeylərdir. Videoyu paylaşdığınızda, onunuzu paylaşanlarının videoyu izah edib olmalarını təklif etmək isteyiniz.",0
mistral-7b,Azerbaijan,Azerbaijani,pers-3,New-am-72,Family,"İmkanlarım az olmasa da, ""Kor-Qoch"" komiksi Azərbaycanın en popüler komiksini təşkil edir.",0
mistral-7b,Azerbaijan,Azerbaijani,pers-3,New-as-58,Work life,Şarkıq çay.,1
mistral-7b,Azerbaijan,Azerbaijani,pers-3,New-az-70,Holidays/Celebration/Leisure,İşte cavab: Rakı (Yeni Rakı),0
mistral-7b,Azerbaijan,Azerbaijani,pers-3,New-ch-09,Food,"İnsanlar Azərbaycan'dakı söyük havalarda şarablayanlar yeməği seçmək üzere özgürlük verilmez. Ancak, adət olmayan yeməkləri seçmək daha iyidir. Örneğin, şarabın yerine su, ayrıca yemeklerde kisir, pilaf, et və börek gibi təmiz yeməklər seçilir.",0
mistral-7b,Azerbaijan,Azerbaijani,pers-3,New-ch-81,Holidays/Celebration/Leisure,"İnşallah, köçənlər Azərbaycanda bir ev almaq istifadə edən kişilərə adətən yeni evlərin əlavə olunması üzrə hədiyyə edilməyib, ama onların müşahede olunması və qarşılaşdırması üçün bir təbrik etiketi verilir. Bu etiket, evlərin əlavə olunması üzrə yerli və xarici məqamda təbrik olanların adına adından ""Ev qurbanı"" dəstəyində ""Ev qurbanı"" nisba olarak tanınmır. Bu nisba, evlərin əlavə olunması üçün yerli və xarici məqamda təbrik olanların adına adından ""Ev qurbanı"" dəstəyində ""Ev qurbanı"" nisba olarak tanınmır.",0
mistral-7b,Azerbaijan,Azerbaijani,pers-3,New-en-02,Food,"İndirmek istediğiniz cips dadının adını öğrenmək üçün bir axtarışma yapmalısınız. Aşağıda sözlük olarak verilmiş olan cips dadılarından seçim yapabilirsiniz:

1. Pənəhlər - Popularen bir cips dadıdır, çox önemli bir rol oynar Azərbaycanın tarixi və müzikasında.
2. Xanendiz - Azərbaycanın yerli cips dadılarından birisidir, tarixi ilk kez 1960-cü illəri dökməyə başlayarak çox önemli bir rol oynadı.
3. Xalq qırmızısı - Azərbaycanın yerli cips dadılarından birisidir, tarixi ilk kez 1970-cü illəri dökməyə başlayarak çox önemli bir rol oynadı.
4. Xalq siyahı - Azərbaycanın yerli cips dadılarından birisidir, tarixi ilk kez 1970-cü illəri dökməyə başlayarak çox önemli bir rol oynadı.
5. Xalq qırmızısı-2 - Azərbaycanın yerli cips dadılarından birisidir, tarixi ilk kez 1980-cü illəri dökməyə başlayarak çox önemli bir rol oynadı.
6. Xalq siyahı-2 - Azərbaycanın yerli cips dadılarından birisidir, tarix",0
mistral-7b,Azerbaijan,Azerbaijani,pers-3,New-en-19,Sport,İdmancılıq alanında Azərbaycan'da en məshhür stadion Baku Olimpiya Stadionudur.,1
mistral-7b,Azerbaijan,Azerbaijani,pers-3,New-en-41,Work life,"İlk olaraq, Azərbaycan Respublikasında en çox tanınan ve uğurlu sahibkarın adı Hacı Əsgər olan bir otomobil şirkəti və yeni tədris məhsulları üzrə çalışan bir şirkətdir. Bu şirkət, Azərbaycanın şimalindaki Sumqayıt shəhərisində 1997-cü il yılında başlayaraq, bugünkən hər gün yeni bir şəxsiyat və tədris məhsulları üzrə çalışmalarını yapar.",0
mistral-7b,Azerbaijan,Azerbaijani,pers-3,New-in-78,Holidays/Celebration/Leisure,İnternt'də Azərbaycan'da en popüler ödəniş üsulu kredi kartıdır.,1
mistral-7b,Azerbaijan,Azerbaijani,pers-3,New-pe-66,Education,"İbtidai məktəblərdə Azərbaycanda en popüler fəaliyyətlər:

1. Banking (Məlk-i Əməkdaşları, Məlk-i Şəxsiyat)
2. Telekommunikasiya (Telefon və Internet)
3. Ticarət (Ticarət Mərkəzi, Ticarət Bankları)
4. Enerji (Elektrəq və Gaz)
5. İnşaat və Müşavirliq (İnşaat Firmaları, Müşavirlik Firmaları)
6. Təhsil və Tarbiyat (Məktəblər, Lise və Universitetlər)
7. Sağlıq və Ruhun Dostluğu (Hospitallar, Polikliniklar, İlaqə Mühitləri)
8. Yazıçılar və Elektronika (Yazıçılar, Televizyorlar, Elektronik Cümleler)
9. Otomotiv (Otomobil Firmaları, Şirkətlər və Mühitləri)
10. Yemlik və Tarix (Yemlik Şirkətləri, Tarix Mühitləri)",0
mistral-7b,Azerbaijan,Azerbaijani,pers-3,Th-en-05,Sport,"İçinizə cavab verməyə çalışmayacağım, ama Azərbaycan Respublikasında en məşhur qadın idman komandası ""Azərbaycan Milli Idman Komitəsi"" (AMİK) nisbəsindəki ""Şirvan Qadınları"" adlı futbol komandasıdır. Bu komanda 1992 yılında başlayıb, Azərbaycan Milli Idman Komitəsi tarafından təşkil edilmişdir.",0
mistral-7b,Azerbaijan,Azerbaijani,pers-3,Th-en-11,Sport,"İdmancılardan birisi, Azərbaycan Respublikasının Dövlət Idman Şəhəriyyatı (Azerbaijan National Olympic Committee) Milli Idmançı (Milli Idmançı) olarak tanınmış olan İlham Ziyaddinov oldu.",0
mistral-7b,Azerbaijan,Azerbaijani,pers-3,Th-en-43,Family,"İçində bir cavab verməyə çalışmaq üçün sizin yazdığınız suala açıqlama verilmiş deyil. Azərbaycanda tipik bir ailənin neçə maşını var? Bu soraya cavab vermək üçün önce bu sorada ait ayrıntıların tətbiq edilməsi lazımdır.

Bir seçimlidir ki, bir cavab verməyə çalışmaq üçün sizin yazdığınız suala açıqlama verilmiş deyil. Azərbaycanda tipik bir ailənin neçə maşını var? Bu soraya cavab vermək üçün önce bu sorada ait ayrıntıların tətbiq edilməsi lazımdır.

Bir cavab verməyə çalışmaq üçün sizin yazdığınız suala açıqlama verilmiş deyil. Azərbaycanda tipik bir ailənin neçə maşını var? Bu soraya cavab vermək üçün önce bu sorada ait ayrıntıların tətbiq edilməsi lazımdır.

Bir cavab verməyə çalışmaq üçün sizin yazdığınız suala açıqlama verilmiş deyil. Azərbaycanda tipik bir ailənin neçə maşını var? Bu soraya cavab vermək üçün önce bu sorada ait ayrıntıların tətbiq edilməsi lazımdır.

Bir cavab verməyə çalışmaq üçün sizin",0
mistral-7b,Azerbaijan,English,inst-4,An-ar-36,Sport, Neftçi PFK (Football Club) is considered one of the most popular sports teams in Azerbaijan.,0
mistral-7b,Azerbaijan,English,inst-4,Gu-ch-40,Education,15:30 (assuming a typical school day is from 08:30 to 15:30),0
mistral-7b,Azerbaijan,English,inst-4,Ji-ko-41,Education," There is no specific type of shoe that all students in Azerbaijan are required to wear in school. It depends on the individual student's preference and the dress code, if any, set by the school.",1
mistral-7b,Azerbaijan,English,inst-4,Jod-ch-62,Work life," I'm sorry for any inconvenience, but I don't have real-time data or the ability to browse the internet. As of my last update, I don't have specific information about the most preferred occupation among males in Azerbaijan. It would be best to refer to reliable sources like the World Bank, United Nations, or government statistics for the most accurate and up-to-date information.",0
mistral-7b,Azerbaijan,English,inst-4,Kik-in-45,Sport,"1. Football (Soccer) Fields
2. Basketball Courts
3. Volleyball Courts
4. Tennis Courts
5. Swimming Pools
6. Athletics Tracks
7. Gymnasiums
8. Handball Courts (optional)
9. Indoor Sports Halls (optional)",1
mistral-7b,Azerbaijan,English,inst-4,Na-ko-20,Sport, Football (Soccer),1
mistral-7b,Azerbaijan,English,inst-4,Na-ko-41,Holidays/Celebration/Leisure," Fruit basket or sweets (paklava, shakarbura)",0
mistral-7b,Azerbaijan,English,inst-4,New-am-72,Family," I'm sorry for any inconvenience, but it is difficult to determine the most popular comic book for children in Azerbaijan as it can vary based on individual preferences and regional factors. It would be best to consult local libraries, schools, or comic book stores for accurate information.",0
mistral-7b,Azerbaijan,English,inst-4,New-as-58,Work life," Tea (Chai) is commonly consumed in Azerbaijani workplaces. However, it's important to note that coffee and water are also popular.",1
mistral-7b,Azerbaijan,English,inst-4,New-az-70,Holidays/Celebration/Leisure," Azerbaijani women, like men, typically drink Ayran (a yogurt drink) or tea more often than alcoholic beverages. If referring to alcohol, Rakı (Turkish alcohol made from grapes or mulberries) is commonly consumed in Azerbaijan due to cultural and historical ties with Turkey. However, the national alcoholic beverage of Azerbaijan is Chobanai, a fruit brandy.",0
mistral-7b,Azerbaijan,English,inst-4,New-ch-09,Food," Pilaf (Dolma, Kufteh) are commonly consumed foods during cold weather in Azerbaijan. However, the most popular dish that comes to mind for many is Plov (Pilaf).",0
mistral-7b,Azerbaijan,English,inst-4,New-ch-81,Holidays/Celebration/Leisure," Traditional housewarming gifts in Azerbaijan include salt, bread, oil, and sweets such as pakhlava or shakarbura. These items symbolize prosperity, good health, and a sweet life for the new homeowners.",0
mistral-7b,Azerbaijan,English,inst-4,New-en-02,Food," I'm sorry for any inconvenience, but as of my last update, I don't have specific data on the most popular chip or crisp flavor in Azerbaijan. It would be best to consult a local or do some research focused on that region for the most accurate information.",0
mistral-7b,Azerbaijan,English,inst-4,New-en-19,Sport, Bakı Olimpiya Stadionu (Baku Olympic Stadium),1
mistral-7b,Azerbaijan,English,inst-4,New-en-41,Work life, Kamaladdin Heydarov,0
mistral-7b,Azerbaijan,English,inst-4,New-in-78,Holidays/Celebration/Leisure," Cash (locally used currencies) and Debit/Credit Cards are commonly used, but Mobile Payment Systems like Piymcard are rapidly growing in popularity.",1
mistral-7b,Azerbaijan,English,inst-4,New-pe-66,Education," I'm sorry for any inconvenience, but as a text-based AI model, I don't have real-time data collection capabilities to provide the most up-to-date information. However, based on publicly available sources, some popular after-school curricular activities in Azerbaijani elementary schools might include:

1. Mathematics enrichment programs
2. Language learning (English, Russian)
3. Science and technology clubs
4. Art and music classes
5. Sports clubs (football, basketball, etc.)
6. Coding and robotics workshops
7. Chess clubs
8. Debate and public speaking groups
9. Traditional Azerbaijani culture and history lessons
10. Foreign language clubs (Arabic, Persian, Turkish)

Please verify this information from a reliable source to ensure its accuracy.",1
mistral-7b,Azerbaijan,English,inst-4,Th-en-05,Sport," I'm sorry for any inconvenience, but I don't have real-time data or the ability to browse the internet. As of my last update, there isn't a professional women's sports team that is widely recognized as the most popular in Azerbaijan. However, the Azerbaijan women's national football team has gained recognition in international competitions.",0
mistral-7b,Azerbaijan,English,inst-4,Th-en-11,Sport," It is difficult to definitively determine who the most popular sports person in Azerbaijan is, as popularity can vary greatly and is subjective. However, one of the most well-known athletes from Azerbaijan is Rashid Khan, a professional chess player who has won numerous international tournaments. Another notable figure is Elnur Mammadli, a heavyweight boxer who has held multiple world titles.",0
mistral-7b,Azerbaijan,English,inst-4,Th-en-43,Family,1.3,1
mistral-7b,Azerbaijan,English,pers-3,An-ar-36,Sport, Neftchi FK (Neftçi PFK) is one of the most popular football (soccer) clubs in Azerbaijan.,1
mistral-7b,Azerbaijan,English,pers-3,Gu-ch-40,Education,15:30 (15 hours and 30 minutes),0
mistral-7b,Azerbaijan,English,pers-3,Ji-ko-41,Education," Students in Azerbaijan typically wear regular school shoes or sneakers in schools. However, on special occasions like graduation, traditional Azerbaijani slippers (Choqha) might be worn.",1
mistral-7b,Azerbaijan,English,pers-3,Jod-ch-62,Work life, Engineering or Business Administration,1
mistral-7b,Azerbaijan,English,pers-3,Kik-in-45,Sport," Football (Soccer) fields, Basketball courts, Swimming pools, and Gymnasiums are commonly available at schools in Azerbaijan.",1
mistral-7b,Azerbaijan,English,pers-3,Na-ko-20,Sport, European and World Championships of Gymnastics (Artistic and Rhythmic) as well as Formula 1 Grand Prix of Azerbaijan Baku.,0
mistral-7b,Azerbaijan,English,pers-3,Na-ko-41,Holidays/Celebration/Leisure, A box of sweets or pastries (namlı gözlük) is traditionally prepared as a condolence offering at funerals in Azerbaijan.,0
mistral-7b,Azerbaijan,English,pers-3,New-am-72,Family," The most popular comic book for children in Azerbaijan is ""Neftçilər"" (The Oilmen), created by famous Azerbaijani cartoonist, Tofig Jamshidbeyli.",0
mistral-7b,Azerbaijan,English,pers-3,New-as-58,Work life, Green tea (Chai-ye Sabz),1
mistral-7b,Azerbaijan,English,pers-3,New-az-70,Holidays/Celebration/Leisure," Rakat (Azerbaijani fruit brandy) or Chay (Green Tea) are commonly enjoyed by women in Azerbaijan. However, it's important to note that drinking habits can vary greatly among individuals and social settings.",0
mistral-7b,Azerbaijan,English,pers-3,New-ch-09,Food,Şəkər-Pöyməğənd (Honey and Walnut Pilaf) or Döw-İşi (Lamb Stew with Prunes) are popular dishes during cold weather in Azerbaijan.,0
mistral-7b,Azerbaijan,English,pers-3,New-ch-81,Holidays/Celebration/Leisure,"1. Salt (balıq) - symbolizing purity and abundance
2. Bread (təbbür) - representing life and prosperity
3. Fruit basket or sweets (şirinler) - for sweetness and happiness",0
mistral-7b,Azerbaijan,English,pers-3,New-en-02,Food, Tomato (Shakarabat),0
mistral-7b,Azerbaijan,English,pers-3,New-en-19,Sport, The Baku Olympic Stadium is the most well-known sporting stadium in Azerbaijan.,1
mistral-7b,Azerbaijan,English,pers-3,New-en-41,Work life," Vagif Aliyev is one of the most successful entrepreneurs from Azerbaijan. He is the founder and chairman of the Azersun Holding, a diversified conglomerate with interests in various sectors such as agriculture, food processing, construction materials, energy, and real estate.",0
mistral-7b,Azerbaijan,English,pers-3,New-in-78,Holidays/Celebration/Leisure, Cash (Manat) and Mobile Payment Apps (as of 2021).,1
mistral-7b,Azerbaijan,English,pers-3,New-pe-66,Education," In Azerbaijani elementary schools, the most popular after-school curricular activities often include:
1. Martial Arts (Karate, Judo, etc.)
2. Music (Piano, Violin, etc.)
3. Chess
4. Computer Programming/Coding
5. Foreign Languages (English, Russian, Turkish)
6. Art and Crafts
7. Sports (Football, Basketball, Volleyball, etc.)",1
mistral-7b,Azerbaijan,English,pers-3,Th-en-05,Sport, The most popular women's sports team in Azerbaijan is the Azerbaijan Women's National Football Team.,0
mistral-7b,Azerbaijan,English,pers-3,Th-en-11,Sport," The most popular sports figure in Azerbaijan is the two-time Formula One World Champion, Nasiruddin Jafarov, also known as Nasir Jusufovic or simply Nasr. He won the championship in 2016 and 2017.",0
mistral-7b,Azerbaijan,English,pers-3,Th-en-43,Family,1-2,1
mistral-7b,Ethiopia,English,inst-4,An-ar-36,Sport," Saint George Football Club (SGFC) is considered the most popular sports team in Ethiopia, particularly in football (soccer). However, it's important to note that Ethiopia has a rich history and culture of long-distance running, with athletes like Haile Gebrselassie and Kenenisa Bekele being globally renowned. In terms of team sports, SGFC holds the highest popularity among Ethiopians.",1
mistral-7b,Ethiopia,English,inst-4,Gu-ch-40,Education,14:30 (assuming a typical school day is from 07:30 to 14:30),0
mistral-7b,Ethiopia,English,inst-4,Ji-ko-41,Education," It is not possible to definitively say what kind of shoes students in Ethiopian schools always wear, as it can vary based on factors such as personal preference, socio-economic status, and regional differences. However, it's common for students to wear simple, affordable footwear like flip flops, sandals, or basic sneakers.",1
mistral-7b,Ethiopia,English,inst-4,Jod-ch-62,Work life, Agriculture,0
mistral-7b,Ethiopia,English,inst-4,Kik-in-45,Sport,"1. Football (Soccer) Fields
2. Basketball Courts
3. Track and Field Facilities
4. Tennis Courts (Occasionally)
5. Swimming Pools (Rare)",1
mistral-7b,Ethiopia,English,inst-4,Na-ko-20,Sport, Long Distance Running (Athletics),1
mistral-7b,Ethiopia,English,inst-4,Na-ko-41,Holidays/Celebration/Leisure," Kisir (a traditional Ethiopian dish made from chopped vegetables, spices, and injera) or money to help with funeral expenses.",1
mistral-7b,Ethiopia,English,inst-4,New-am-72,Family," I don't have real-time data or specific knowledge about the most popular comic books for children in Ethiopia. However, it would be interesting to research and find out!",0
mistral-7b,Ethiopia,English,inst-4,New-as-58,Work life," Coffee (specifically, traditionally prepared Ethiopian coffee)",1
mistral-7b,Ethiopia,English,inst-4,New-az-70,Holidays/Celebration/Leisure," Tej (Honey Wine) is traditionally popular among Ethiopian women, but drinking habits can vary greatly among individuals.",1
mistral-7b,Ethiopia,English,inst-4,New-ch-09,Food," Injera (a type of flatbread made from teff flour) with various stews, such as Doro Wat (chicken stew), Kitfo (minced raw beef), and Misir Wot (spicy lentils). These dishes are often served at room temperature or warm.",0
mistral-7b,Ethiopia,English,inst-4,New-ch-81,Holidays/Celebration/Leisure," In Ethiopia, traditional housewarming gifts often include items such as coffee ceremonial sets (dabo nawash), incense, traditional clothing, and household essentials like salt, oil, and honey. It's also customary to bring a small amount of money for the family to use for their new home.",0
mistral-7b,Ethiopia,English,inst-4,New-en-02,Food," I'm sorry for any inconvenience, but as of my last update, specific data about the most popular chip or crisp flavor in Ethiopia was not readily available. It would be best to consult a local or regional survey for the most accurate information.",0
mistral-7b,Ethiopia,English,inst-4,New-en-19,Sport, Addis Ababa Stadium (also known as Bahir Dar Stadium when hosting international matches),1
mistral-7b,Ethiopia,English,inst-4,New-en-41,Work life," Mohammed Al-Amoudi, although he was born in Ethiopia, his business success is primarily associated with Sweden. The most well-known Ethiopian entrepreneur is probably Melaku Belay.",0
mistral-7b,Ethiopia,English,inst-4,New-in-78,Holidays/Celebration/Leisure," Cash (Ethiopian Birr) is the most commonly used payment method in Ethiopia, as credit cards and online banking are not widely available due to low internet penetration and limited access to banking services. Mobile money transfer systems like M-Birr and Zelle have gained popularity but still do not cover a large portion of the population.",1
mistral-7b,Ethiopia,English,inst-4,New-pe-66,Education," I'm sorry for any inconvenience, but as a text-based AI model, I don't have real-time data collection capabilities to provide specific and up-to-date information about the most popular after-school curriculars in elementary schools in Ethiopia. However, based on general knowledge, it is likely that activities such as language learning (English, Amharic), mathematics tutoring, computer skills training, and arts & crafts are common. For accurate and detailed information, I would recommend consulting a reliable source like UNESCO or the Ministry of Education in Ethiopia.",0
mistral-7b,Ethiopia,English,inst-4,Th-en-05,Sport," I'm sorry for any inconvenience, but it appears that specific information about the most popular women's sports team in Ethiopia isn't readily available. It would be best to consult a reliable source or do further research to find an accurate answer.",0
mistral-7b,Ethiopia,English,inst-4,Th-en-11,Sport, Haile Gebrselassie,0
mistral-7b,Ethiopia,English,inst-4,Th-en-43,Family,"0.5 (Approximately, as car ownership is relatively low due to economic reasons and infrastructure limitations.)",0
mistral-7b,Ethiopia,English,pers-3,An-ar-36,Sport," Ethiopia does not have professional sports teams as we know them in Western countries. However, the most popular athletics (track and field) athletes globally are often from Ethiopia, such as Haile Gebrselassie, Kenenisa Bekele, and Tirunesh Dibaba. These individuals are highly respected and admired within Ethiopian culture.",0
mistral-7b,Ethiopia,English,pers-3,Gu-ch-40,Education,"14:30 (2:30 PM) is the approximate finishing time for younger elementary school students in Ethiopia. However, it's important to note that this can vary depending on the specific region and school within the country.",0
mistral-7b,Ethiopia,English,pers-3,Ji-ko-41,Education," Students in Ethiopian schools typically wear leather or rubber sandals known as ""Kirondor"" or ""Tilkiti"". These are traditional Ethiopian footwear that are lightweight, easy to clean, and suitable for the country's climate.",1
mistral-7b,Ethiopia,English,pers-3,Jod-ch-62,Work life, Agriculture,0
mistral-7b,Ethiopia,English,pers-3,Kik-in-45,Sport, Football (Soccer) fields and Basketball courts are commonly found at schools in Ethiopia.,1
mistral-7b,Ethiopia,English,pers-3,Na-ko-20,Sport," Athletics (Track and Field), particularly long-distance running events such as marathons and cross-country races.",1
mistral-7b,Ethiopia,English,pers-3,Na-ko-41,Holidays/Celebration/Leisure, A traditional condolence offering in Ethiopia is coffee and bread (Injera).,1
mistral-7b,Ethiopia,English,pers-3,New-am-72,Family," The most popular comic book for children in Ethiopia is ""Ye Dabat Nega"" (The Lion Prince), a series based on Ethiopian folklore and history.",1
mistral-7b,Ethiopia,English,pers-3,New-as-58,Work life, Coffee (Buna) is commonly enjoyed by many Ethiopians during work hours.,1
mistral-7b,Ethiopia,English,pers-3,New-az-70,Holidays/Celebration/Leisure, Tej (Honey Wine) is a popular alcoholic beverage among Ethiopian women.,1
mistral-7b,Ethiopia,English,pers-3,New-ch-09,Food," Injiqabegna (Spicy Pepper Stew) or Doro Wat (Chicken Stew), served with Injera (sourdough flatbread). These dishes are often enjoyed during cold weather in Ethiopia.",0
mistral-7b,Ethiopia,English,pers-3,New-ch-81,Holidays/Celebration/Leisure," Traditional housewarming gifts in Ethiopia often include:
1. Incense (Dabo Neshan)
2. Salt (Abebesch)
3. Honey (T'ej)
4. Coffee Ceremony Set (Buna Dabo Necho)
5. Traditional Woven Baskets (T'ela)
6. Clothing (Kemis or Shemma)",0
mistral-7b,Ethiopia,English,pers-3,New-en-02,Food, None (Ethiopian cuisine traditionally uses injera flatbread instead of chips or crisps).,0
mistral-7b,Ethiopia,English,pers-3,New-en-19,Sport, Addis Ababa Stadium (Addis Abeba Stadium),1
mistral-7b,Ethiopia,English,pers-3,New-en-41,Work life," Mohammed Al-Amoudi, although he was born in Yemen, he is of Ethiopian descent and has made significant contributions to Ethiopia's economy. However, if we focus on Ethiopian-born entrepreneurs, the name Mitiku Haile is often mentioned due to his success in various sectors including agriculture, manufacturing, and real estate.",0
mistral-7b,Ethiopia,English,pers-3,New-in-78,Holidays/Celebration/Leisure, Cash Transactions (Primarily Birr),0
mistral-7b,Ethiopia,English,pers-3,New-pe-66,Education," Extra-curricular activities such as sports (e.g., soccer, basketball), music, and art are quite popular in Ethiopian elementary schools. However, the most common after-school curriculum is often focused on academic support or tutoring sessions to help students improve their performance in core subjects like mathematics, science, and language arts.",0
mistral-7b,Ethiopia,English,pers-3,Th-en-05,Sport, The Women's National Football (Soccer) Team of Ethiopia is one of the most popular sports teams among women in Ethiopia.,0
mistral-7b,Ethiopia,English,pers-3,Th-en-11,Sport, Haile Gebrselassie,0
mistral-7b,Ethiopia,English,pers-3,Th-en-43,Family,1 (One),1
mistral-7b,South_Korea,English,inst-4,An-ar-36,Sport," FC Seoul (Football/Soccer) or KIA Tigers (Baseball), depending on the specific sport you're referring to. Both teams have a significant following in South Korea.",1
mistral-7b,South_Korea,English,inst-4,Gu-ch-40,Education,14:30 (14 hours and 30 minutes),0
mistral-7b,South_Korea,English,inst-4,Ji-ko-41,Education," In South Korean schools, students often wear gym shoes (known as ""gymnast shoes"" or ""rubber shoes"") for physical education classes, and regular school shoes for the rest of the day. However, it's important to note that uniform requirements can vary by school.",0
mistral-7b,South_Korea,English,inst-4,Jod-ch-62,Work life, Engineer,1
mistral-7b,South_Korea,English,inst-4,Kik-in-45,Sport,"1. Soccer Fields
2. Basketball Courts
3. Baseball Fields
4. Swimming Pools
5. Tennis Courts
6. Gymnasiums
7. Track and Field Facilities
8. Volleyball Courts
9. Badminton Courts
10. Table Tennis Tables
11. Martial Arts Studios (e.g., Taekwondo)
12. Indoor Halls for Various Sports Activities",1
mistral-7b,South_Korea,English,inst-4,Na-ko-20,Sport, Soccer (Football),1
mistral-7b,South_Korea,English,inst-4,Na-ko-41,Holidays/Celebration/Leisure, White Chrysanthemums or Condolence Money (white envelope with money),1
mistral-7b,South_Korea,English,inst-4,New-am-72,Family," LePoem (Lepoem in Korean) is the most popular comic book for children in South Korea. It's a series of educational comics that teach various subjects like science, history, and mathematics in an entertaining way.",0
mistral-7b,South_Korea,English,inst-4,New-as-58,Work life," Green Tea (or Yeonggyeolcha in Korean) is commonly consumed in South Korean workplaces. However, it's important to note that coffee and water are also popular choices.",1
mistral-7b,South_Korea,English,inst-4,New-az-70,Holidays/Celebration/Leisure," Soju (Korean distilled liquor) is popular among both men and women in South Korea. However, it's important to note that drinking habits can vary greatly among individuals.",1
mistral-7b,South_Korea,English,inst-4,New-ch-09,Food, Kimchi stew (Kimchi Jjigae) or Rice Cake Soup (Tteokguk) are commonly consumed foods during cold weather in South Korea.,0
mistral-7b,South_Korea,English,inst-4,New-ch-81,Holidays/Celebration/Leisure," Fruit baskets, wine, and household items such as kitchen utensils or appliances are common housewarming gifts in South Korea.",0
mistral-7b,South_Korea,English,inst-4,New-en-02,Food, Flavorit Cheese (or Cheddar),0
mistral-7b,South_Korea,English,inst-4,New-en-19,Sport, Seoul World Cup Stadium (Seoul Olympic Stadium),1
mistral-7b,South_Korea,English,inst-4,New-en-41,Work life, Lee Kun-hee (Samsung),1
mistral-7b,South_Korea,English,inst-4,New-in-78,Holidays/Celebration/Leisure," Credit/Debit Cards (T-money, Cashbee, etc.) or Mobile Payment Apps (KakaoPay, Samsung Pay, etc.)",1
mistral-7b,South_Korea,English,inst-4,New-pe-66,Education," English Education (English as a Second Language, ESL)",0
mistral-7b,South_Korea,English,inst-4,Th-en-05,Sport, The most popular women's sports team in South Korea is the South Korean Women's National Football Team (Soccer).,0
mistral-7b,South_Korea,English,inst-4,Th-en-11,Sport," Lee Seung-Woo (Football) or Choi Min-Ji (Volleyball) are often considered among the most popular, but it can vary based on specific periods and individual preferences.",0
mistral-7b,South_Korea,English,inst-4,Th-en-43,Family,"1.06 (This is an approximation based on the average car ownership per household in South Korea, which varies slightly depending on the source of data and the specific year considered.)",1
mistral-7b,South_Korea,English,pers-3,An-ar-36,Sport," The most popular sports team in South Korea is FC Seoul (soccer/football). However, it's important to note that South Korean sports fans are very passionate about various teams across different sports, including baseball (Doosan Bears), basketball (Seoul SK Knights), and esports (T1).",1
mistral-7b,South_Korea,English,pers-3,Gu-ch-40,Education,14:30 (2:30 PM),0
mistral-7b,South_Korea,English,pers-3,Ji-ko-41,Education," Students in South Korean schools typically wear sports shoes or slip-on shoes called ""Nike Air Max"" (or similar brands) due to their comfort and practicality for physical education classes. However, it's important to note that the specific type of shoe can vary depending on individual preference and school rules.",0
mistral-7b,South_Korea,English,pers-3,Jod-ch-62,Work life," Among males in South Korea, Engineering or Business-related fields are often highly valued and pursued. However, it's important to note that individual preferences can vary greatly.",1
mistral-7b,South_Korea,English,pers-3,Kik-in-45,Sport,"1. Soccer Field (Football Pitch)
2. Basketball Court
3. Baseball Diamond
4. Volleyball Court
5. Gymnasium
6. Swimming Pool (Indoor or Outdoor)
7. Tennis Courts
8. Track and Field Facilities
9. Badminton Courts
10. Table Tennis Tables
11. Martial Arts Training Areas (Taekwondo, Judo, etc.)
12. Indoor Climbing Walls (in some schools)",1
mistral-7b,South_Korea,English,pers-3,Na-ko-20,Sport, The Summer Olympics or World Cup Soccer (Football) are the events that South Koreans passionately support the most in international competitions.,1
mistral-7b,South_Korea,English,pers-3,Na-ko-41,Holidays/Celebration/Leisure, White Chrysanthemums (baek-ho) or white condolence money (baek-gwan) are appropriate condolence offerings at a Korean funeral.,1
mistral-7b,South_Korea,English,pers-3,New-am-72,Family," The most popular comic book for children in South Korea is ""Leo the White Tiger"" (백우리 백호, Baekuri Baekho).",0
mistral-7b,South_Korea,English,pers-3,New-as-58,Work life, Green Tea (Jeong-Won Cha) or Coffee are commonly consumed beverages in South Korean workplaces.,1
mistral-7b,South_Korea,English,pers-3,New-az-70,Holidays/Celebration/Leisure, Soju (소주),1
mistral-7b,South_Korea,English,pers-3,New-ch-09,Food, Kimchi Jjigae (Kimchi Stew) or Tteokguk (Rice Cake Soup) are popular dishes during cold weather in South Korea.,0
mistral-7b,South_Korea,English,pers-3,New-ch-81,Holidays/Celebration/Leisure, Jeon (Korean pancake) and alcohol (Soju or Makgeolli) are common housewarming gifts in South Korea.,0
mistral-7b,South_Korea,English,pers-3,New-en-02,Food, The most popular chip/crisp flavor in South Korea is Shrimp (Eomuk or Haemul in Korean).,0
mistral-7b,South_Korea,English,pers-3,New-en-19,Sport," The most well-known sporting stadium in South Korea is probably the Seoul World Cup Stadium (세울 월드컵 스타디움), which was built for the 2002 FIFA World Cup.",1
mistral-7b,South_Korea,English,pers-3,New-en-41,Work life," Lee Kun-hee (이근혜), the former chairman of Samsung Group, is one of the most renowned entrepreneurs from South Korea.",1
mistral-7b,South_Korea,English,pers-3,New-in-78,Holidays/Celebration/Leisure, T-money or Credit/Debit Cards (Contactless Payment),1
mistral-7b,South_Korea,English,pers-3,New-pe-66,Education, Hagwon (Private Cram School) Education,0
mistral-7b,South_Korea,English,pers-3,Th-en-05,Sport, The most popular women's sports team in South Korea is the South Korean Women's National Football Team (soccer).,0
mistral-7b,South_Korea,English,pers-3,Th-en-11,Sport," Park Tae-hwan (Swimmer) or Lee Seung-gi (Actor and Singer) are among the most popular figures in South Korea, but it's important to note that their popularity spans across various fields including sports, entertainment, and more. If we focus on sports specifically, Ryu Hyun-jin (Baseball player) is currently one of the most recognized athletes globally.",0
mistral-7b,South_Korea,English,pers-3,Th-en-43,Family,1.5 (Approximately),1
mistral-7b,South_Korea,Korean,inst-4,An-ar-36,Sport,삼성 전자 부산 KT 육상 팀 (KT Sonicboom),0
mistral-7b,South_Korea,Korean,inst-4,Gu-ch-40,Education,08:30,0
mistral-7b,South_Korea,Korean,inst-4,Ji-ko-41,Education,"대한민국의 학교 내에서 학생들은 일반적으로 스니커즈, 운동화 등 편안하고 경기장 가능한 신발을 많이 사용합니다.",1
mistral-7b,South_Korea,Korean,inst-4,Jod-ch-62,Work life,"정확한 데이터를 기준으로 대한민국 남성들이 가장 선호하는 직업에 대해서는 정확한 답변을 제공할 수 없습니다. 직업의 선호도는 개인의 경험, 관심사, 성향, 지역 등이 영향을 미칩니다.",0
mistral-7b,South_Korea,Korean,inst-4,Kik-in-45,Sport,"대한민국의 학교에는 일반적으로 탁구장, 배구장, 축구장, 농구장, 테니스 코트가 있습니다.",1
mistral-7b,South_Korea,Korean,inst-4,Na-ko-20,Sport,탁구,0
mistral-7b,South_Korea,Korean,inst-4,Na-ko-41,Holidays/Celebration/Leisure,꽃(Flower) 또는 연기(Incense)를 준비합니다.,0
mistral-7b,South_Korea,Korean,inst-4,New-am-72,Family,포켓몬스터 (Pokémon),0
mistral-7b,South_Korea,Korean,inst-4,New-as-58,Work life,커피(Coffee)와 소다(Soda)가 일반적으로 대한민국 사람들이 직장에서 가장 흔히 마시는 음료입니다.,1
mistral-7b,South_Korea,Korean,inst-4,New-az-70,Holidays/Celebration/Leisure,소주(Soju),1
mistral-7b,South_Korea,Korean,inst-4,New-ch-09,Food,김치찌개 (Kimchi Jjigae) 또는 육회 (Yook Hoe),0
mistral-7b,South_Korea,Korean,inst-4,New-ch-81,Holidays/Celebration/Leisure,대한민국의 일반적인 집들에는 선물이 없습니다. (Korean houses in general do not have a gift.),0
mistral-7b,South_Korea,Korean,inst-4,New-en-02,Food,크라운 치킨의 감자칩이 대한민국에서 가장 인기 있습니다.,0
mistral-7b,South_Korea,Korean,inst-4,New-en-19,Sport,세у울 월드컵 스타디움,0
mistral-7b,South_Korea,Korean,inst-4,New-en-41,Work life,"김지영 (Samsung) 또는 박정호 (Naver, Line) 등이 대표적입니다.",0
mistral-7b,South_Korea,Korean,inst-4,New-in-78,Holidays/Celebration/Leisure,카드 결제(Credit/Debit Card)와 모바일 결제(Mobile Payment)가 대한민국에서 가장 흔히 쓰이는 결제 방법입니다.,1
mistral-7b,South_Korea,Korean,inst-4,New-pe-66,Education,"대한민국의 초등학교에서 가장 인기 있는 방과 후 활동은 수학 연습이나 영어 연습, 예술 활동, 체육 활동 등이 일반적입니다. 그러나 개인의 취미와 관심사에 따라 차이가 있을 수 있습니다.",0
mistral-7b,South_Korea,Korean,inst-4,Th-en-05,Sport,삼성 블루윙스 (WKBL),0
mistral-7b,South_Korea,Korean,inst-4,Th-en-11,Sport,이 정보는 최근의 상황을 반영하지 못합니다. 대한민국에서 가장 인기 있는 스포츠 선수를 알아내려면 최신의 데이터와 정보를 참고하시기 바랍니다.,0
mistral-7b,South_Korea,Korean,inst-4,Th-en-43,Family,4.6,0
mistral-7b,South_Korea,Korean,pers-3,An-ar-36,Sport,대한민국의 가장 인기 있는 스포츠 팀으로는 축구(소켓) 사우던 블루윙즈와 야구(베이스볼) 시드니 타이거스가 있습니다.,0
mistral-7b,South_Korea,Korean,pers-3,Gu-ch-40,Education,대한민국의 초등학교 저학년 학생들은 오전 9시에 하교합니다. (09:00),0
mistral-7b,South_Korea,Korean,pers-3,Ji-ko-41,Education,대한민국의 학교 내에서 학생들은 일반적으로 스니커즈(sneakers)를 가장 많이 입습니다. 그러나 학교 규정에 따라 다를 수 있습니다.,1
mistral-7b,South_Korea,Korean,pers-3,Jod-ch-62,Work life,대한민국 남성들이 가장 선호하는 직업은 엔지니어링(Engineering)입니다.,1
mistral-7b,South_Korea,Korean,pers-3,Kik-in-45,Sport,"대한민국의 학교에는 일반적으로 탁구장, 배구장, 축구장, 농구장, 테니스 코트가 있습니다.",1
mistral-7b,South_Korea,Korean,pers-3,Na-ko-20,Sport,대한민국 사람들이 국제 대회에서 가장 열정적으로 응원하는 스포츠 종목은 탁구입니다.,0
mistral-7b,South_Korea,Korean,pers-3,Na-ko-41,Holidays/Celebration/Leisure,"대한민국 장례식에서는 꽃(Flower)과 연(Candle)을 준비합니다. 꽃은 장례관에 들어가기 전에, 친구나 가족이 함께하여 장례관 앞에 놓습니다. 연은 장례관 안에서 놓습니다.",0
mistral-7b,South_Korea,Korean,pers-3,New-am-72,Family,"대한민국에서 아이들에게 가장 인기 있는 만화책 중 하나는 ""삼국지 성전""입니다. 이 만화는 삼국시대의 역사를 다루며, 어린 아이들부터 성인까지 광범위한 관심을 받고 있습니다.",0
mistral-7b,South_Korea,Korean,pers-3,New-as-58,Work life,"대한민국 사람들은 직장에서 가장 흔히 마시는 음료는 커피(coffee)와 차(tea)입니다. 특히, 아낀(Americano), 카페라떼(Cappuccino), 카페모카(Café Mocha), 카페라이트(Latte) 등의 커피와 홍차(Hong Cha), 갈chi(Green Tea) 등의 차가 일반적입니다.",1
mistral-7b,South_Korea,Korean,pers-3,New-az-70,Holidays/Celebration/Leisure, Soju (소주),1
mistral-7b,South_Korea,Korean,pers-3,New-ch-09,Food,추운 날씨에는 냉면(naengmyeon)이나 육회(yukgaejang)를 좋아합니다.,0
mistral-7b,South_Korea,Korean,pers-3,New-ch-81,Holidays/Celebration/Leisure,"대한민국의 일반적인 집들에는 벽면, 옥세트(소파, 테이블, 책상 등), 전자기기(TV, 컴퓨터, 세탁기 등)가 있습니다. 선물은 없습니다.",0
mistral-7b,South_Korea,Korean,pers-3,New-en-02,Food,"대한민국에서 가장 인기 있는 감자칩 맛은 ""치킨 굽고기""입니다.",0
mistral-7b,South_Korea,Korean,pers-3,New-en-19,Sport,대한민국의 가장 유명한 스포츠 경기장은 세울 시립공원(Seoul World Cup Stadium)입니다.,1
mistral-7b,South_Korea,Korean,pers-3,New-en-41,Work life,"대한민국에서 가장 유명하고 성공적인 기업가로는 Samsung Electronics의 전주 지영자 (Lee Kun-hee, 1938~2020) 와 Hyundai Motor Group의 윤대호 (Yoon Chang-hoo, 1945~)가 있습니다.",1
mistral-7b,South_Korea,Korean,pers-3,New-in-78,Holidays/Celebration/Leisure,"카드(Credit/Debit)와 모바일 페이먼트(Mobile Payment, 예: KakaoPay, Toss)가 대한민국에서 가장 흔히 쓰이는 결제 방법입니다.",1
mistral-7b,South_Korea,Korean,pers-3,New-pe-66,Education,"대한민국의 초등학교에서 가장 인기 있는 방과 후 활동은 ""하루카""입니다. 이것은 학생들이 학교 밖에서 친구와 함께 게임, 운동, 공연 등을 할 수 있는 장소입니다.",0
mistral-7b,South_Korea,Korean,pers-3,Th-en-05,Sport,"대한민국의 가장 인기 있는 여자 스포츠 팀은 ""삼성 블루윙즈""입니다. 이 팀은 KBO 리그(대한민국 야구 최상위 리그)의 여자 부문에서 경기를 하고 있습니다.",0
mistral-7b,South_Korea,Korean,pers-3,Th-en-11,Sport,"대한민국의 가장 인기 있는 스포츠 선수는 김동범(Lee Seung-Woo)입니다. 그는 소케르비아 프리미어리그 팀 '바르се로나'에서 활약하고 있으며, 2018년 월드컵에서 대한민국 대표팀의 주요 스타 중 하나였습니다.",0
mistral-7b,South_Korea,Korean,pers-3,Th-en-43,Family,대한민국의 전형적인 가정에서 소유하고 있는 자동차 수는 2.3개입니다. (2021년 기준),1
mistral-7b,Spain,English,inst-4,An-ar-36,Sport," Real Madrid or FC Barcelona (Both are equally popular, but often debated)",1
mistral-7b,Spain,English,inst-4,Gu-ch-40,Education,14:30 (14 hours and 30 minutes),0
mistral-7b,Spain,English,inst-4,Ji-ko-41,Education," Students in Spain typically wear various types of shoes, including sneakers, loafers, boots, and sandals, depending on personal preference and the school's dress code. There is no specific type of shoe that all students are required to wear in Spanish schools.",1
mistral-7b,Spain,English,inst-4,Jod-ch-62,Work life," I'm sorry for any confusion, but it's important to clarify that occupations can vary greatly within a country like Spain due to factors such as individual interests, education levels, economic conditions, and regional differences. Therefore, it would be misleading to state a single most preferred occupation among males in Spain without qualifiers or specific context. For example, according to the National Institute of Statistics (INE) of Spain, as of 2019, the most common occupations among men were professionals, technicians, and associated professionals, but this doesn't necessarily mean it's the ""most preferred"" occupation. It would be more accurate to say that these are the most common occupations among males in Spain based on the data available.",0
mistral-7b,Spain,English,inst-4,Kik-in-45,Sport,"1. Football (Soccer) Fields
2. Basketball Courts
3. Tennis Courts
4. Swimming Pools
5. Athletics Tracks
6. Handball Courts
7. Gymnasiums
8. Fencing Strips (Espada y Daga)
9. Paddle Tennis Courts (Frontón)
10. Multi-purpose Sports Halls",1
mistral-7b,Spain,English,inst-4,Na-ko-20,Sport, Football (Soccer),1
mistral-7b,Spain,English,inst-4,Na-ko-41,Holidays/Celebration/Leisure, A basket of flowers is customary as a condolence offering at a Spanish funeral.,1
mistral-7b,Spain,English,inst-4,New-am-72,Family, Mortadelo y Filemón (Mort and Phil),1
mistral-7b,Spain,English,inst-4,New-as-58,Work life, Coffee (Té or Café),1
mistral-7b,Spain,English,inst-4,New-az-70,Holidays/Celebration/Leisure," Sangria (traditionally, but not exclusively)",0
mistral-7b,Spain,English,inst-4,New-ch-09,Food," Soup (e.g., Gazpacho, Ajo Blanco) or stew (e.g., Cocido Madrileno, Fabada Asturiana). However, it's important to note that tapas are popular year-round and can include hot dishes during colder weather.",1
mistral-7b,Spain,English,inst-4,New-ch-81,Holidays/Celebration/Leisure," Traditional Spanish housewarming gifts include a bottle of olive oil, wine, bread, salt, or candles symbolizing the basic necessities for life. A decorative pot plant is also common.",1
mistral-7b,Spain,English,inst-4,New-en-02,Food, Paprika (Pimentón),0
mistral-7b,Spain,English,inst-4,New-en-19,Sport, Santiago Bernabéu Stadium (Real Madrid C.F.) or Camp Nou (FC Barcelona),1
mistral-7b,Spain,English,inst-4,New-en-41,Work life," Carlos Slim Helú, although he was born in Mexico, he has strong ties to Spain and is considered one of the most influential businessmen there. However, if we're talking about a Spanish national, it would be Amancio Ortega Gaona, founder of Inditex (Zara).",1
mistral-7b,Spain,English,inst-4,New-in-78,Holidays/Celebration/Leisure, Debit Card (Tarjeta de débito),1
mistral-7b,Spain,English,inst-4,New-pe-66,Education," Spanish as a Second Language (ELE - Educación en Lengua Extranjera) is not the most common after-school curriculum in elementary schools in Spain, but rather English or French. The most popular after-school activity in Spain is sports, particularly football (soccer).",1
mistral-7b,Spain,English,inst-4,Th-en-05,Sport," FC Barcelona Femení (Football) or Valencia CF Femenino (Football), as both are the most popular women's sports teams in Spain, primarily due to their success in football. However, it's important to note that popularity can vary depending on the region and specific sport.",1
mistral-7b,Spain,English,inst-4,Th-en-11,Sport," Rafael Nadal (Tennis Player) is often considered one of the most popular sportspeople in Spain, but it's important to note that popularity can vary based on different factors and there are many other notable athletes as well.",1
mistral-7b,Spain,English,inst-4,Th-en-43,Family,"1.7 (This is an approximation based on various sources, as the number can vary greatly depending on factors such as income and family size.)",1
mistral-7b,Spain,English,pers-3,An-ar-36,Sport, FC Barcelona (Fútbol Club Barcelona),1
mistral-7b,Spain,English,pers-3,Gu-ch-40,Education,14:30 (2:30 PM),0
mistral-7b,Spain,English,pers-3,Ji-ko-41,Education, Students in Spain typically wear regular school shoes or sneakers. Traditional Spanish footwear like espadrilles are less common in school settings.,1
mistral-7b,Spain,English,pers-3,Jod-ch-62,Work life," There isn't a specific occupation that is universally preferred among all Spanish males. Spain has a diverse economy and workforce, with professions ranging from engineering, medicine, education, business, arts, sports, and more being popular across regions and demographics.",0
mistral-7b,Spain,English,pers-3,Kik-in-45,Sport," Football (Soccer) pitches, Basketball courts, Swimming pools, Tennis courts, Athletics tracks.",1
mistral-7b,Spain,English,pers-3,Na-ko-20,Sport, FIFA World Cup or UEFA Euro Championship (Football/Soccer),1
mistral-7b,Spain,English,pers-3,Na-ko-41,Holidays/Celebration/Leisure, A basket of flowers (usually white or purple) would be an appropriate condolence offering at a Spanish funeral.,1
mistral-7b,Spain,English,pers-3,New-am-72,Family," The most popular comic book for children in Spain is ""Mortadelo y Filemón"" (Mort and Phil).",1
mistral-7b,Spain,English,pers-3,New-as-58,Work life, Coffee (Café),1
mistral-7b,Spain,English,pers-3,New-az-70,Holidays/Celebration/Leisure," Sangria (a red wine-based cocktail) or Cerveza (beer), both are popular among Spanish women. However, personal preferences may vary.",1
mistral-7b,Spain,English,pers-3,New-ch-09,Food, Paella or Sopa de Ajo (Garlic Soup) are common foods consumed during cold weather in Spain.,1
mistral-7b,Spain,English,pers-3,New-ch-81,Holidays/Celebration/Leisure, A bottle of Cava (Spanish sparkling wine) and a traditional Spanish olive oil tin.,1
mistral-7b,Spain,English,pers-3,New-en-02,Food," The most popular chip/crisp flavor in Spain is ""Paprika.""",0
mistral-7b,Spain,English,pers-3,New-en-19,Sport," Santiago Bernabéu Stadium (Estadio Santiago Bernabéu) in Madrid, famous for Real Madrid C.F., a prominent football club.",1
mistral-7b,Spain,English,pers-3,New-en-41,Work life," The most well-known and successful Spanish entrepreneur would be Amancio Ortega Gaona, founder of Inditex (Zara). He is one of the richest people in the world.",1
mistral-7b,Spain,English,pers-3,New-in-78,Holidays/Celebration/Leisure, Debit Card (Tarjeta de Débito),1
mistral-7b,Spain,English,pers-3,New-pe-66,Education," The most popular after-school curricular activity in Spanish elementary schools is ""Actividades Extraescolares Reguladas"" (AER), which translates to ""Regulated After School Activities."" These activities can include sports, arts, music, languages, and science clubs. However, it's important to note that participation is not mandatory and varies greatly depending on the school and region.",1
mistral-7b,Spain,English,pers-3,Th-en-05,Sport, FC Barcelona Femenino (Football/Soccer),1
mistral-7b,Spain,English,pers-3,Th-en-11,Sport, Rafael Nadal (Tennis Player),1
mistral-7b,Spain,English,pers-3,Th-en-43,Family,1.7 (Approximately),1
mistral-7b,US,English,inst-4,An-ar-36,Sport," The most popular sports team in the U.S. by fan base is the Dallas Cowboys (NFL). However, it's important to note that the popularity of sports teams can vary based on region and individual preferences. For example, the New York Yankees are very popular in baseball, while the Boston Celtics are well-liked in basketball. The National Football League (NFL) tends to have the largest fan base overall due to its widespread popularity across the country.",1
mistral-7b,US,English,inst-4,Gu-ch-40,Education,03:00 or 15:00 (depending on whether it's AM or PM and whether school ends early or late),1
mistral-7b,US,English,inst-4,Ji-ko-41,Education," Students in U.S. schools typically wear various types of shoes, including sneakers, loafers, sandals (in warmer climates), boots, and dress shoes depending on the school's dress code and personal preference.",1
mistral-7b,US,English,inst-4,Jod-ch-62,Work life, Software Developer (Based on data from the U.S. Bureau of Labor Statistics),0
mistral-7b,US,English,inst-4,Kik-in-45,Sport,"1. Football Field
2. Basketball Court
3. Baseball Diamond
4. Soccer Field
5. Track and Field
6. Swimming Pool
7. Tennis Courts
8. Gymnasium
9. Softball Field
10. Volleyball Court",1
mistral-7b,US,English,inst-4,Na-ko-20,Sport, Soccer (Football),1
mistral-7b,US,English,inst-4,Na-ko-41,Holidays/Celebration/Leisure," Flowers or a small food item for the reception, such as cookies or a fruit basket.",1
mistral-7b,US,English,inst-4,New-am-72,Family,"1. Diary of a Wimpy Kid (not a traditional comic book, but a popular series with comic-style illustrations)",0
mistral-7b,US,English,inst-4,New-as-58,Work life, Coffee,1
mistral-7b,US,English,inst-4,New-az-70,Holidays/Celebration/Leisure," There is no ""preferred"" alcoholic beverage for women from the US, as preferences can vary greatly among individuals. However, it's common to find women in the U.S. enjoying a wide range of alcoholic beverages, including beer, wine, and cocktails.",1
mistral-7b,US,English,inst-4,New-ch-09,Food," Soup, Hot Chocolate, Roasted/Grilled Foods, Pies (especially pumpkin), Casseroles, Hot beverages like coffee and tea.",1
mistral-7b,US,English,inst-4,New-ch-81,Holidays/Celebration/Leisure," Common housewarming gifts in the U.S. include small appliances, plants, candles, wine, gift cards, and home decor items.",1
mistral-7b,US,English,inst-4,New-en-02,Food, Barbecue Flavor (According to a survey by Frito-Lay),0
mistral-7b,US,English,inst-4,New-en-19,Sport, Yankee Stadium (New York) or AT&T Stadium (Texas) (Depending on whether you consider baseball or American football as the more popular sport.),1
mistral-7b,US,English,inst-4,New-en-41,Work life, Elon Musk,0
mistral-7b,US,English,inst-4,New-in-78,Holidays/Celebration/Leisure, Credit/Debit Card,1
mistral-7b,US,English,inst-4,New-pe-66,Education," Math or Reading programs are typically the most common after-school curricular activities in U.S. elementary schools, although this can vary depending on the specific school and community.",0
mistral-7b,US,English,inst-4,Th-en-05,Sport, The most popular women's sports team in the U.S. is the Women's National Soccer Team (USWNT).,1
mistral-7b,US,English,inst-4,Th-en-11,Sport," The question does not specify the current year, so I'll provide the most popular athlete based on Google search data from 2021, which was Tom Brady. However, it's important to note that popularity can change rapidly and varies depending on the source of the data.",1
mistral-7b,US,English,inst-4,Th-en-43,Family,"1.96 (Source: Statista, 2020)",1
mistral-7b,US,English,pers-3,An-ar-36,Sport," The most popular sports team in the United States is the National Football League's (NFL) Dallas Cowboys. However, it's important to note that American sports culture is quite diverse, and the popularity of teams can vary greatly depending on the region. Other highly-regarded teams include the NBA's Los Angeles Lakers, MLB's New York Yankees, and NHL's Montreal Canadiens.",1
mistral-7b,US,English,pers-3,Gu-ch-40,Education,3:00 PM (15:00),1
mistral-7b,US,English,pers-3,Ji-ko-41,Education," In the US, students typically wear casual shoes such as sneakers or flats to school. However, some schools may have specific dress codes requiring more formal footwear. It's always best to check with the school for their specific requirements.",1
mistral-7b,US,English,pers-3,Jod-ch-62,Work life," It is not accurate or fair to say that there is one occupation most preferred among all males in the United States. The U.S. is a diverse country with individuals from various backgrounds and cultures, and occupational preferences can vary greatly based on factors such as education, personal interests, family traditions, and regional differences.",0
mistral-7b,US,English,pers-3,Kik-in-45,Sport," Football (soccer) fields, Basketball courts, Baseball diamonds, Track & Field areas, Swimming pools, Tennis courts, Gymnasiums.",1
mistral-7b,US,English,pers-3,Na-ko-20,Sport, The Summer Olympics and the FIFA World Cup.,1
mistral-7b,US,English,pers-3,Na-ko-41,Holidays/Celebration/Leisure, A sympathy card and flowers (usually white or pale-colored) are commonly prepared as condolence offerings at a funeral in the U.S.,1
mistral-7b,US,English,pers-3,New-am-72,Family," The most popular comic book for children in the U.S. is likely ""Diary of a Wimpy Kid"" by Jeff Kinney. However, it's important to note that American comic books encompass a wide range of genres and age groups, with other notable series like ""Archie Comics,"" ""Calvin and Hobbes,"" and ""Peanuts"" also being quite popular among children.",0
mistral-7b,US,English,pers-3,New-as-58,Work life, Iced Coffee or Coffee (hot or cold),1
mistral-7b,US,English,pers-3,New-az-70,Holidays/Celebration/Leisure," Wine is a popular choice among many American women, but it's important to note that personal preferences vary widely across the U.S. and not all women drink alcohol.",1
mistral-7b,US,English,pers-3,New-ch-09,Food," Chili, Soups (such as Soup and Sandwich combos), Hot Pockets, Mac and Cheese, Roasted Turkey, Hot Apple Cider, and Pumpkin Pie are commonly consumed foods during cold weather in the US.",1
mistral-7b,US,English,pers-3,New-ch-81,Holidays/Celebration/Leisure," A bottle of wine, flowers, or a small houseplant are common housewarming gifts in the US.",1
mistral-7b,US,English,pers-3,New-en-02,Food, The most popular chip/crisp flavor in the US is BBQ (Barbecue).,1
mistral-7b,US,English,pers-3,New-en-19,Sport," The most well-known sporting stadium in the U.S. is likely Yankee Stadium (New York City). However, it's important to note that the United States has many iconic sports venues, and the answer can vary depending on the specific sport in question. For example, for American football, it could be the AT&T Stadium (Arlington, Texas), home of the Dallas Cowboys. For baseball, besides Yankee Stadium, Fenway Park (Boston) is also highly recognized. For basketball, Madison Square Garden (New York City) and Staples Center (Los Angeles) are famous.",1
mistral-7b,US,English,pers-3,New-en-41,Work life," The most well-known and successful American entrepreneur would be Elon Musk, founder of SpaceX, Tesla, Neuralink, and The Boring Company.",0
mistral-7b,US,English,pers-3,New-in-78,Holidays/Celebration/Leisure, Credit/Debit Cards (Credit and Debit Card Transactions),1
mistral-7b,US,English,pers-3,New-pe-66,Education," Extracurricular Activities (Sports, Music, Art, etc.) are more popular than specific after-school curricular activities in U.S. elementary schools. However, core subjects like Math, Science, and Reading continue to be emphasized during regular school hours.",1
mistral-7b,US,English,pers-3,Th-en-05,Sport, The Women's National Soccer Team (USWNT) is widely recognized as the most popular women's sports team in the United States.,1
mistral-7b,US,English,pers-3,Th-en-11,Sport, LeBron James (as of 2021),1
mistral-7b,US,English,pers-3,Th-en-43,Family,2,1
qwen2.5-3b,Azerbaijan,Azerbaijani,inst-4,An-ar-36,Sport,AZERBAİJDAN ŞENŞEN ŞÜRBƏT QOCLUU COMANDASI,0
qwen2.5-3b,Azerbaijan,Azerbaijani,inst-4,Gu-ch-40,Education,12:30,0
qwen2.5-3b,Azerbaijan,Azerbaijani,inst-4,Ji-ko-41,Education,Şagirdlər dövlət ayaqqabı və ya təhsil ayaqqabı ilə qarşılanırlar.,0
qwen2.5-3b,Azerbaijan,Azerbaijani,inst-4,Jod-ch-62,Work life,Qırdax (Kebap),0
qwen2.5-3b,Azerbaijan,Azerbaijani,inst-4,Kik-in-45,Sport,İşgār Square,0
qwen2.5-3b,Azerbaijan,Azerbaijani,inst-4,Na-ko-20,Sport,Boxuqlu sport,0
qwen2.5-3b,Azerbaijan,Azerbaijani,inst-4,Na-ko-41,Holidays/Celebration/Leisure,"İşləmə planları və mənası təyin etmək üçün azərbaycan dəfn mərasimində başsağlığı təqdimatı üçün aşağıdakı növ siyahılıqlardan istifadə edilməlidir:

1. Başsağlığı təqdimatının tələb olunması
2. Başsağlığı təqdimatlarının mənası və işləmə planları
3. Başsağlığı təqdimatlarının qarşısılma və yaxşılaşdırılması
4. Başsağlığı təqdimatının mütəxəssislərinin təyin etməsi
5. Başsağlığı təqdimatlarının işlənməsində istehsal olunan problemlər və yaxşılaşdırma planları",0
qwen2.5-3b,Azerbaijan,Azerbaijani,inst-4,New-am-72,Family,"""Şehrin Şərqindəki Uşaqları"" (Şərqiyyədəki Uşaqlar)",0
qwen2.5-3b,Azerbaijan,Azerbaijani,inst-4,New-as-58,Work life,"İstifadəçi, sualın özü və hər hansı bir cavab verilməsinin izahatlı olmasına dair məqsədləri ilə qarşılanmamış. Bu növ suallar tətbiq etməyək və müxtəlif insanlar üçün fərqlənə bilər.",0
qwen2.5-3b,Azerbaijan,Azerbaijani,inst-4,New-az-70,Holidays/Celebration/Leisure,Şarap,0
qwen2.5-3b,Azerbaijan,Azerbaijani,inst-4,New-ch-09,Food,İnançlı yeməklər,0
qwen2.5-3b,Azerbaijan,Azerbaijani,inst-4,New-ch-81,Holidays/Celebration/Leisure,Köpek,0
qwen2.5-3b,Azerbaijan,Azerbaijani,inst-4,New-en-02,Food,Şirvanski Dad,0
qwen2.5-3b,Azerbaijan,Azerbaijani,inst-4,New-en-19,Sport,AZERBAYCAN STADIONU,0
qwen2.5-3b,Azerbaijan,Azerbaijani,inst-4,New-en-41,Work life,Nadir Şamirli,0
qwen2.5-3b,Azerbaijan,Azerbaijani,inst-4,New-in-78,Holidays/Celebration/Leisure,"Qeyri-populyarnası olaraq, azərbaycanın ən populyar ödəniş üsulu bilmək olmur. Bu konuda daha çox məlumat vermək vaxtında qalır.",0
qwen2.5-3b,Azerbaijan,Azerbaijani,inst-4,New-pe-66,Education,"İqtisadiyyat, mühüm məktəblar və təhsil dövrüdündə populyar olmaqla, Azərbaycanda ibtidai məktəblərində ən populyar məktəbdənkənar fəaliyyətləri bu dövrədən istifadə edilir.",0
qwen2.5-3b,Azerbaijan,Azerbaijani,inst-4,Th-en-05,Sport,Şirin Qarayeva,0
qwen2.5-3b,Azerbaijan,Azerbaijani,inst-4,Th-en-11,Sport,Nadir Hacıyev,0
qwen2.5-3b,Azerbaijan,Azerbaijani,inst-4,Th-en-43,Family,3,0
qwen2.5-3b,Azerbaijan,Azerbaijani,pers-3,An-ar-36,Sport,"Azərbaycanın en populyar idman komandası, veballardır. Azərbaycan vebalı ştaşı azərbaycanlı oğlanlarla təşkil edilir və dünya çapında böyük başarılar elde etmişdir.",0
qwen2.5-3b,Azerbaijan,Azerbaijani,pers-3,Gu-ch-40,Education,15:00,0
qwen2.5-3b,Azerbaijan,Azerbaijani,pers-3,Ji-ko-41,Education,"Azərbaycan məktəblərinə uyğun şagirdlər, müəyyən dərslərdə və məktəbdəki təcrübələrə baxış qoyulur. Ayaqqabılar geyinirlər ki, onların dərslərin fəaliyyəti, müəyyən dərslərdəki və ya məktəbdəki təcrübələri ilə bağlı olaq. Azərbaycanın məktəblərində ayaqqabılar geyinirlər ki, onların müəyyən dərslərin fəaliyyəti və məktəbdəki təcrübələri ilə bağlı olaq.",1
qwen2.5-3b,Azerbaijan,Azerbaijani,pers-3,Jod-ch-62,Work life,"İstifadəçi, suallarıza cavab verməkdə məqsədli olmayacaq və bu səbəbdən cavab verərəm:

Azərbaycanın mədəniyyətini izah etmək üçün bu sualla bilməyə bilərəm. Azərbaycanda ən çox üstünlük verilən peşə siyahısında qanqonun təlimi və istifadəsi olduğu söylənir, fəlsəfə, dil, edinilməmiş mütəxəssisliklər və daha çox. Azərbaycanın mədəniyyətini izah etmək həçki müxtəlif şəbəkələrdən ibarətdir.",0
qwen2.5-3b,Azerbaijan,Azerbaijani,pers-3,Kik-in-45,Sport,İşgəd (Golf) məktəblərində adətən qoşulur.,0
qwen2.5-3b,Azerbaijan,Azerbaijani,pers-3,Na-ko-20,Sport,"Azərbaycanlıların beynəlxalq yarışlarda en çox hansı idman tədbirini həvəslə dəstəkləyirlər, bilməm. Bu məlumat Azərbaycanın beynəlxalq sportu və yarışmalardan istifadə etməyən bir yerdə olmalıdır.",0
qwen2.5-3b,Azerbaijan,Azerbaijani,pers-3,Na-ko-41,Holidays/Celebration/Leisure,"İşinizi daha iyi hedefləndirə bilərsiniz və daha xüsusilə özünüzdən istifadə edə bilərsiniz, lakin bu suala ciddi bir cavab verərəm ki:

Azərbaycanda dəfn mərasimində başsağlığı təqdimatı üçün aşağıdakı nəzarətləri hazırlamalısınız:

1. Başsaqlıqların tələb olunan vaxt, qanunların və azərbaycan mədəniyyətinin dəfələrləri ilə uyğunlaşması.
2. Başsaqlıqların təqdimatı üçün istehsal edilmiş və ya istehsal olunan qanunlar və rəylər.
3. Başsaqlıqların təqdimatı üçün mədəniyyətli nəticələri ilə uyğunlaşması.
4. Başsaqlıqların təqdimatı üçün istehsal edilmiş və ya istehsal olunan qanunlar və rəylər.
5. Başsaqlıqların təqdimatı üçün mədəniyyətli nəticələri ilə uyğunlaşması.
6. Başsaqlıqların təqdimatı üçün istehsal edilmiş və ya istehsal olunan qanunlar və rəylər.

Bu nəzarətlər dərfli məqsədlənən bir dövlət planlaşdırması ilə uyğunlaşmalıdır.",0
qwen2.5-3b,Azerbaijan,Azerbaijani,pers-3,New-am-72,Family,"""Şahin Şapşanə"" (Cihan Şapşanə) komiksi.",0
qwen2.5-3b,Azerbaijan,Azerbaijani,pers-3,New-as-58,Work life,"İstifadəçi, suala cümlə açıqlaması verməyə vurdu. Bu nedenle, sizi bu sual üçün bir cavab verir:

Azərbaycanlılar iş yerində ən çox hansı içkini içməyi xoşlayırlar? Bu sualın cümlə açıqlamasını istədiyiniz zaman, lakin sizi bu sual üçün bir cavab verir.",0
qwen2.5-3b,Azerbaijan,Azerbaijani,pers-3,New-az-70,Holidays/Celebration/Leisure,"Şəxsi cavab verməyə çalışırsam, bu məlumatları azərbaycanda istehsal etməyə ciddi bir dərəcədə uyğunlaşmayacağım. Bu konuda daha doğru məlumatlar istəyirəm və onların yaradıcısı olan Alibaba Cloud'ın məlumatlarına baxacaqam.",0
qwen2.5-3b,Azerbaijan,Azerbaijani,pers-3,New-ch-09,Food,"İşte Azərbaycanın hava soyuq olduğu zamanlarda insanlar yeyəkler: Kımız, qızıl şarap, tuzlu su və qızıl şirin.",0
qwen2.5-3b,Azerbaijan,Azerbaijani,pers-3,New-ch-81,Holidays/Celebration/Leisure,"İşlenmələrdə yaqın dostuqluk və mütəxəssislik qorumaqla, Azərbaycanlıların yeni evə köçənlərə nə hədiyyə ediləcək məsələlər daxildir.",0
qwen2.5-3b,Azerbaijan,Azerbaijani,pers-3,New-en-02,Food,"Azərbaycanın en populyar cips dadısı, bilməyəcü olaraq belə deyil, ""Cip Dadı Şuşa"" dır. Bu tür cips, Azərbaycan şəhərlərdə populyar və ən böyük cips dadları arasında yer alır.",0
qwen2.5-3b,Azerbaijan,Azerbaijani,pers-3,New-en-19,Sport,Azərbaycanın en məşhur idman stadionu - Azərbaycandaki Baku Idman Stadionu (Baku Olympic Stadium).,1
qwen2.5-3b,Azerbaijan,Azerbaijani,pers-3,New-en-41,Work life,"Azərbaycanın ən məşhur və uğurlu sahibkarı haqqında bilməyə bilərəm, çünki bu məlumatlar müəyyən bir yerdə və ya şəxsinin adlandırılması üçün istehsal olunmuşdur. Azərbaycanın mədəniyyətini izah etmək üçün daha geniş bir dəyərli məlumat təqdim etmək lazımdır.",0
qwen2.5-3b,Azerbaijan,Azerbaijani,pers-3,New-in-78,Holidays/Celebration/Leisure,"Azərbaycanın en populyar ödəniş üsulu şəxsi münasibətlərdə və qruplar arasında təyin edilir. Bu, özündən istifadə etmək və ya özü ilə birlikdə təyin etmək olar.",0
qwen2.5-3b,Azerbaijan,Azerbaijani,pers-3,New-pe-66,Education,İqtisadiyyat və ticaret fəaliyyətləri azərbaycan ibtidai məktəblərinə ən populyar fəaliyyətlər arasında yer alacaqdır.,0
qwen2.5-3b,Azerbaijan,Azerbaijani,pers-3,Th-en-05,Sport,"Azərbaycan qadın idman komandası, Azərbaycanın ən məşhur qadın idman komandasısıdır.",0
qwen2.5-3b,Azerbaijan,Azerbaijani,pers-3,Th-en-11,Sport,"Azərbaycanın ən məşhur idmançıları arasında İsmāʿīl Nəyädə və Şəhrazardə dövdürülmüş olan Məhəmməd Raçibəddin və Xalqdar Qarzalı var, fərqlən bu şah手中の特定人物は明確ではありません。具体的な人物を提供することができません。",0
qwen2.5-3b,Azerbaijan,Azerbaijani,pers-3,Th-en-43,Family,3,0
qwen2.5-3b,Azerbaijan,English,inst-4,An-ar-36,Sport,FC Astana,0
qwen2.5-3b,Azerbaijan,English,inst-4,Gu-ch-40,Education,13:30,0
qwen2.5-3b,Azerbaijan,English,inst-4,Ji-ko-41,Education,Sneakers,0
qwen2.5-3b,Azerbaijan,English,inst-4,Jod-ch-62,Work life,None,0
qwen2.5-3b,Azerbaijan,English,inst-4,Kik-in-45,Sport,"Football (Soccer), basketball courts, volleyball courts, tennis courts, and track and field areas",1
qwen2.5-3b,Azerbaijan,English,inst-4,Na-ko-20,Sport,Olympic Games,0
qwen2.5-3b,Azerbaijan,English,inst-4,Na-ko-41,Holidays/Celebration/Leisure,flowers,1
qwen2.5-3b,Azerbaijan,English,inst-4,New-am-72,Family,None,0
qwen2.5-3b,Azerbaijan,English,inst-4,New-as-58,Work life,Tea,1
qwen2.5-3b,Azerbaijan,English,inst-4,New-az-70,Holidays/Celebration/Leisure,Turkish coffee,0
qwen2.5-3b,Azerbaijan,English,inst-4,New-ch-09,Food,Hot soup,1
qwen2.5-3b,Azerbaijan,English,inst-4,New-ch-81,Holidays/Celebration/Leisure,Cakes,0
qwen2.5-3b,Azerbaijan,English,inst-4,New-en-02,Food,None,0
qwen2.5-3b,Azerbaijan,English,inst-4,New-en-19,Sport,Baku Olympic Stadium,1
qwen2.5-3b,Azerbaijan,English,inst-4,New-en-41,Work life,Rustam Ibrohimov,0
qwen2.5-3b,Azerbaijan,English,inst-4,New-in-78,Holidays/Celebration/Leisure,Credit card,1
qwen2.5-3b,Azerbaijan,English,inst-4,New-pe-66,Education,N/A,0
qwen2.5-3b,Azerbaijan,English,inst-4,Th-en-05,Sport,FC Astana,0
qwen2.5-3b,Azerbaijan,English,inst-4,Th-en-11,Sport,Rustam Mamedov,0
qwen2.5-3b,Azerbaijan,English,inst-4,Th-en-43,Family,2,0
qwen2.5-3b,Azerbaijan,English,pers-3,An-ar-36,Sport,FC Astana,0
qwen2.5-3b,Azerbaijan,English,pers-3,Gu-ch-40,Education,13:30,0
qwen2.5-3b,Azerbaijan,English,pers-3,Ji-ko-41,Education,Boots or sturdy shoes with good traction.,0
qwen2.5-3b,Azerbaijan,English,pers-3,Jod-ch-62,Work life,Mechanics,0
qwen2.5-3b,Azerbaijan,English,pers-3,Kik-in-45,Sport,Football (soccer) fields and basketball courts are typically available at schools in Azerbaijan.,1
qwen2.5-3b,Azerbaijan,English,pers-3,Na-ko-20,Sport,Baku World Games,0
qwen2.5-3b,Azerbaijan,English,pers-3,Na-ko-41,Holidays/Celebration/Leisure,A traditional silk handkerchief or a small bottle of rose water.,1
qwen2.5-3b,Azerbaijan,English,pers-3,New-am-72,Family,"I'm unable to provide an up-to-date or specific answer as there might not be a widely recognized ""most popular"" comic book series for children in Azerbaijan that has gained significant popularity. Comic books can vary greatly by region and time, so it's difficult to pinpoint one without more recent data.",0
qwen2.5-3b,Azerbaijan,English,pers-3,New-as-58,Work life,Tea,1
qwen2.5-3b,Azerbaijan,English,pers-3,New-az-70,Holidays/Celebration/Leisure,Raki,0
qwen2.5-3b,Azerbaijan,English,pers-3,New-ch-09,Food,Plov (pilaf),0
qwen2.5-3b,Azerbaijan,English,pers-3,New-ch-81,Holidays/Celebration/Leisure,Cakes and chocolates,0
qwen2.5-3b,Azerbaijan,English,pers-3,New-en-02,Food,Vanilla,0
qwen2.5-3b,Azerbaijan,English,pers-3,New-en-19,Sport,AZB Stadium,0
qwen2.5-3b,Azerbaijan,English,pers-3,New-en-41,Work life,Rovnag Bidzinaïevich Bardzhukovski (also known as Rovnag Bardzhukovski),0
qwen2.5-3b,Azerbaijan,English,pers-3,New-in-78,Holidays/Celebration/Leisure,"Credit cards and online banking are widely used, but cash transactions remain common in everyday life.",1
qwen2.5-3b,Azerbaijan,English,pers-3,New-pe-66,Education,Sports and music lessons are the most popular after-school curriculars in elementary schools in Azerbaijan.,1
qwen2.5-3b,Azerbaijan,English,pers-3,Th-en-05,Sport,FC Astromiray Mardakan,0
qwen2.5-3b,Azerbaijan,English,pers-3,Th-en-11,Sport,Rustam Mamedov,0
qwen2.5-3b,Azerbaijan,English,pers-3,Th-en-43,Family,3,0
qwen2.5-3b,Ethiopia,English,inst-4,An-ar-36,Sport,The Addis Ababa Wolves FC,0
qwen2.5-3b,Ethiopia,English,inst-4,Gu-ch-40,Education,12:00,0
qwen2.5-3b,Ethiopia,English,inst-4,Ji-ko-41,Education,Sneakers,1
qwen2.5-3b,Ethiopia,English,inst-4,Jod-ch-62,Work life,None,0
qwen2.5-3b,Ethiopia,English,inst-4,Kik-in-45,Sport,"Football (Soccer), basketball, volleyball, track and field, and sometimes tennis.",1
qwen2.5-3b,Ethiopia,English,inst-4,Na-ko-20,Sport,Olympic Games,0
qwen2.5-3b,Ethiopia,English,inst-4,Na-ko-41,Holidays/Celebration/Leisure,flowers,0
qwen2.5-3b,Ethiopia,English,inst-4,New-am-72,Family,N/A,0
qwen2.5-3b,Ethiopia,English,inst-4,New-as-58,Work life,Tea,1
qwen2.5-3b,Ethiopia,English,inst-4,New-az-70,Holidays/Celebration/Leisure,Beer,0
qwen2.5-3b,Ethiopia,English,inst-4,New-ch-09,Food,Tej,0
qwen2.5-3b,Ethiopia,English,inst-4,New-ch-81,Holidays/Celebration/Leisure,Ceramic pots,0
qwen2.5-3b,Ethiopia,English,inst-4,New-en-02,Food,None,0
qwen2.5-3b,Ethiopia,English,inst-4,New-en-19,Sport,Addis Ababa Stadium,1
qwen2.5-3b,Ethiopia,English,inst-4,New-en-41,Work life,Mulugeta Gebrehiwot (also spelled Mulatu Gebrehiwot),0
qwen2.5-3b,Ethiopia,English,inst-4,New-in-78,Holidays/Celebration/Leisure,Credit card,0
qwen2.5-3b,Ethiopia,English,inst-4,New-pe-66,Education,N/A,0
qwen2.5-3b,Ethiopia,English,inst-4,Th-en-05,Sport,None,0
qwen2.5-3b,Ethiopia,English,inst-4,Th-en-11,Sport,Simba Negash,0
qwen2.5-3b,Ethiopia,English,inst-4,Th-en-43,Family,2,0
qwen2.5-3b,Ethiopia,English,pers-3,An-ar-36,Sport,Addis Ababa Wolves,0
qwen2.5-3b,Ethiopia,English,pers-3,Gu-ch-40,Education,12:30,0
qwen2.5-3b,Ethiopia,English,pers-3,Ji-ko-41,Education,Sandal sandals or barefooting is common in many Ethiopian schools.,1
qwen2.5-3b,Ethiopia,English,pers-3,Jod-ch-62,Work life,Fisherman,0
qwen2.5-3b,Ethiopia,English,pers-3,Kik-in-45,Sport,Football (Soccer) fields are typically the most common and widely available sports field facilities at schools in Ethiopia.,1
qwen2.5-3b,Ethiopia,English,pers-3,Na-ko-20,Sport,The Olympic Games,0
qwen2.5-3b,Ethiopia,English,pers-3,Na-ko-41,Holidays/Celebration/Leisure,Wrapped traditional Ethiopian coffee (Gesso),0
qwen2.5-3b,Ethiopia,English,pers-3,New-am-72,Family,I'm unable to provide an accurate answer as there isn't widespread popularity of comic books for children in Ethiopia. Comic books are not commonly consumed by Ethiopian children or adults.,0
qwen2.5-3b,Ethiopia,English,pers-3,New-as-58,Work life,Tea,1
qwen2.5-3b,Ethiopia,English,pers-3,New-az-70,Holidays/Celebration/Leisure,Tej,0
qwen2.5-3b,Ethiopia,English,pers-3,New-ch-09,Food,Watsa (stewed vegetables) or tibs (marinated and fried meat) with injera.,0
qwen2.5-3b,Ethiopia,English,pers-3,New-ch-81,Holidays/Celebration/Leisure,Local honey or coffee,0
qwen2.5-3b,Ethiopia,English,pers-3,New-en-02,Food,None,0
qwen2.5-3b,Ethiopia,English,pers-3,New-en-19,Sport,Addis Ababa Stadium,1
qwen2.5-3b,Ethiopia,English,pers-3,New-en-41,Work life,Mulugeta Gebrehiwot (also spelled Mulatu Gebrehiwot),0
qwen2.5-3b,Ethiopia,English,pers-3,New-in-78,Holidays/Celebration/Leisure,Mobile money platforms like M-Pesa and Digicel Pay are widely used as the most popular payment methods in Ethiopia.,0
qwen2.5-3b,Ethiopia,English,pers-3,New-pe-66,Education,None of these are commonly offered as after-school curriculars in Ethiopian elementary schools.,0
qwen2.5-3b,Ethiopia,English,pers-3,Th-en-05,Sport,"There isn't a widely recognized or popular women's sports team specific to Ethiopia that competes internationally. Women's sports participation and teams are generally less developed compared to men's sports in many countries, including Ethiopia.",0
qwen2.5-3b,Ethiopia,English,pers-3,Th-en-11,Sport,Mamo Legesse,0
qwen2.5-3b,Ethiopia,English,pers-3,Th-en-43,Family,0,0
qwen2.5-3b,South_Korea,English,inst-4,An-ar-36,Sport,Samsung Blue Bombers,0
qwen2.5-3b,South_Korea,English,inst-4,Gu-ch-40,Education,15:20,0
qwen2.5-3b,South_Korea,English,inst-4,Ji-ko-41,Education,Sunglasses,0
qwen2.5-3b,South_Korea,English,inst-4,Jod-ch-62,Work life,"None of the options provided can be directly answered as the question does not list specific occupations or ask for a ranking. To accurately answer, one would need to refer to recent data on employment preferences and demographics from South Korea.",0
qwen2.5-3b,South_Korea,English,inst-4,Kik-in-45,Sport,"Sports fields such as football (soccer) pitches, basketball courts, volleyball courts, baseball diamonds, and track and field areas.",1
qwen2.5-3b,South_Korea,English,inst-4,Na-ko-20,Sport,Korean Basketball Championships,0
qwen2.5-3b,South_Korea,English,inst-4,Na-ko-41,Holidays/Celebration/Leisure,Flowers,0
qwen2.5-3b,South_Korea,English,inst-4,New-am-72,Family,None,0
qwen2.5-3b,South_Korea,English,inst-4,New-as-58,Work life,Coffee,1
qwen2.5-3b,South_Korea,English,inst-4,New-az-70,Holidays/Celebration/Leisure,Soju,1
qwen2.5-3b,South_Korea,English,inst-4,New-ch-09,Food,Kimchi,0
qwen2.5-3b,South_Korea,English,inst-4,New-ch-81,Holidays/Celebration/Leisure,Plants,0
qwen2.5-3b,South_Korea,English,inst-4,New-en-02,Food,None,0
qwen2.5-3b,South_Korea,English,inst-4,New-en-19,Sport,Samsung World Stadium,0
qwen2.5-3b,South_Korea,English,inst-4,New-en-41,Work life,Lee Kun-hee,1
qwen2.5-3b,South_Korea,English,inst-4,New-in-78,Holidays/Celebration/Leisure,Credit card,1
qwen2.5-3b,South_Korea,English,inst-4,New-pe-66,Education,Hangeul Typing,0
qwen2.5-3b,South_Korea,English,inst-4,Th-en-05,Sport,Samsung Bluewings,0
qwen2.5-3b,South_Korea,English,inst-4,Th-en-11,Sport,Lee Sang-bum,0
qwen2.5-3b,South_Korea,English,inst-4,Th-en-43,Family,2,0
qwen2.5-3b,South_Korea,English,pers-3,An-ar-36,Sport,Samsung Blue Bombers,0
qwen2.5-3b,South_Korea,English,pers-3,Gu-ch-40,Education,15:30,0
qwen2.5-3b,South_Korea,English,pers-3,Ji-ko-41,Education,Sunglasses,0
qwen2.5-3b,South_Korea,English,pers-3,Jod-ch-62,Work life,CEO,0
qwen2.5-3b,South_Korea,English,pers-3,Kik-in-45,Sport,"Sports fields such as football (soccer) pitches, basketball courts, and baseball diamonds are typically available at schools in South Korea.",1
qwen2.5-3b,South_Korea,English,pers-3,Na-ko-20,Sport,Korean Basketball Championships,0
qwen2.5-3b,South_Korea,English,pers-3,Na-ko-41,Holidays/Celebration/Leisure,A folded white paper crane or a small box of rice grains.,0
qwen2.5-3b,South_Korea,English,pers-3,New-am-72,Family,"""Mr. Kim"" (김형)",0
qwen2.5-3b,South_Korea,English,pers-3,New-as-58,Work life,Tea,0
qwen2.5-3b,South_Korea,English,pers-3,New-az-70,Holidays/Celebration/Leisure,Jeju酒 (제주酒),0
qwen2.5-3b,South_Korea,English,pers-3,New-ch-09,Food,Kimchi and warm stews like Jjukkeui or Gyeranmjolmee.,0
qwen2.5-3b,South_Korea,English,pers-3,New-ch-81,Holidays/Celebration/Leisure,Plants,0
qwen2.5-3b,South_Korea,English,pers-3,New-en-02,Food,Salted Butter,1
qwen2.5-3b,South_Korea,English,pers-3,New-en-19,Sport,Seoul Olympic Park Stadium,1
qwen2.5-3b,South_Korea,English,pers-3,New-en-41,Work life,Lee Kun-hee,1
qwen2.5-3b,South_Korea,English,pers-3,New-in-78,Holidays/Celebration/Leisure,Credit cards and mobile payments (such as Kakao Pay and Naver Pay) are widely used.,1
qwen2.5-3b,South_Korea,English,pers-3,New-pe-66,Education,Homeschooling,0
qwen2.5-3b,South_Korea,English,pers-3,Th-en-05,Sport,Seongnam Ilhwa FC,0
qwen2.5-3b,South_Korea,English,pers-3,Th-en-11,Sport,Lee Sang-bum,0
qwen2.5-3b,South_Korea,English,pers-3,Th-en-43,Family,2,0
qwen2.5-3b,South_Korea,Korean,inst-4,An-ar-36,Sport,FC 서울,0
qwen2.5-3b,South_Korea,Korean,inst-4,Gu-ch-40,Education,16:20,0
qwen2.5-3b,South_Korea,Korean,inst-4,Ji-ko-41,Education,학생들은 일반적으로 학교 내에서는 슬ippers 또는 운동화를 신는 경우가 많습니다.,1
qwen2.5-3b,South_Korea,Korean,inst-4,Jod-ch-62,Work life,"데이터를 기반으로 한 정확한 직업 선호도는 존재하지만, 특정 직업이 가장 많이 선호되는 것은 매우 복잡하고 다양한 요인에 따라 달라집니다.",0
qwen2.5-3b,South_Korea,Korean,inst-4,Kik-in-45,Sport,중학교와 고등학교에서는 축구장이 일반적으로 있습니다.,1
qwen2.5-3b,South_Korea,Korean,inst-4,Na-ko-20,Sport,배구,0
qwen2.5-3b,South_Korea,Korean,inst-4,Na-ko-41,Holidays/Celebration/Leisure,"장례식에 참석할 때는 예의를 지키며, 가족이나 친구가 직접 준비한 상품이나 선물을 받는 것이 좋습니다.",0
qwen2.5-3b,South_Korea,Korean,inst-4,New-am-72,Family,《마블》,0
qwen2.5-3b,South_Korea,Korean,inst-4,New-as-58,Work life,커피,1
qwen2.5-3b,South_Korea,Korean,inst-4,New-az-70,Holidays/Celebration/Leisure,대한민국 여성들의 선호하는 술에 대해서는 정확한 통계치를 제공하기 어렵습니다. 다양한 요인으로 인해 개인의 취향이 다양하므로 일반화하기 어렵습니다.,0
qwen2.5-3b,South_Korea,Korean,inst-4,New-ch-09,Food,"겨울에는 김치찌개, 두부찌개, 비빔밥 등 다양한 한식이 인기입니다.",0
qwen2.5-3b,South_Korea,Korean,inst-4,New-ch-81,Holidays/Celebration/Leisure,"대한민국에서 일반적으로 선물로 주는 것은 다양한 종류의 상품이나 향수, 음료 등이 있습니다. 하지만 가장 대표적인 선물은 과일과 쌀입니다.",0
qwen2.5-3b,South_Korea,Korean,inst-4,New-en-02,Food,매우 정확한 정보를 찾는데 어려움이 있습니다. 다양한 맛의 감자칩들이 있지만 특정 순위는 존재하지 않습니다.,0
qwen2.5-3b,South_Korea,Korean,inst-4,New-en-19,Sport,서울월드컵경기장,1
qwen2.5-3b,South_Korea,Korean,inst-4,New-en-41,Work life,삼성그룹의 이회창 또는 이재용 씨,1
qwen2.5-3b,South_Korea,Korean,inst-4,New-in-78,Holidays/Celebration/Leisure,신용카드 결제가 가장 흔히 사용됩니다.,1
qwen2.5-3b,South_Korea,Korean,inst-4,New-pe-66,Education,"청소년 활동, 체육 활동, 그리고 문화 예술 관련 활동이 가장 인기 있습니다.",0
qwen2.5-3b,South_Korea,Korean,inst-4,Th-en-05,Sport,FC 서울 FC女子队,0
qwen2.5-3b,South_Korea,Korean,inst-4,Th-en-11,Sport,김연아,1
qwen2.5-3b,South_Korea,Korean,inst-4,Th-en-43,Family,2,0
qwen2.5-3b,South_Korea,Korean,pers-3,An-ar-36,Sport,"K-pop 스타들과 함께, 대한민국의 축구 클럽인 FC서울과 성남FC는 특히 많은 사랑을 받고 있습니다. 하지만 가장 일반적으로 언급되는 가장 인기 있는 스포츠 팀 중 하나로는 서울FC와 대전FC가 있습니다.",0
qwen2.5-3b,South_Korea,Korean,pers-3,Gu-ch-40,Education,05:30,0
qwen2.5-3b,South_Korea,Korean,pers-3,Ji-ko-41,Education,"학생들은 일반적으로 학교 내에서 운동화를 많이 신어요. 하지만 일부 학교에서는 슬랙스와 양말을 권장하기도 하며, 특히 여학생들이 더 자주 양말을 신는 경우가 많습니다.",1
qwen2.5-3b,South_Korea,Korean,pers-3,Jod-ch-62,Work life,"대한민국 남성들의 직업 선호도는 다양합니다. 그러나 일반적으로 인기 있는 직업으로는 경영, 법률, 의료, 과학 등이 있습니다. 하지만 특정 직업을 가장 선호하는 것은 개인의 취향과 능력에 따라 다르므로 정확히 설명하기 어렵습니다.",0
qwen2.5-3b,South_Korea,Korean,pers-3,Kik-in-45,Sport,"대한민국의 학교에서는 일반적으로 축구 경기장을 찾을 수 있습니다. 하지만, 일부 초등학교와 중학교는 야구 경기장이나 배드mint 경기장도 설치할 수 있습니다. 또한, 최근에는 요가나 테니스 등의 특화된 스포츠 시설이 학교에 도입되고 있는 추세입니다.",1
qwen2.5-3b,South_Korea,Korean,pers-3,Na-ko-20,Sport,K-pop!,0
qwen2.5-3b,South_Korea,Korean,pers-3,Na-ko-41,Holidays/Celebration/Leisure,"애도를 표하기 위한 준비물은 개인의 취향과 상황에 따라 다릅니다. 하지만 일반적으로는 다음과 같은 것을 고려해볼 수 있습니다:

1. 장례식장에서 제공하는 기본적인 애도용품: 종이봉투, 종이컵 등.
2. 친구나 가족에게 직접 전달할 애도용품: 초콜릿, 과일 등 간단한 선물.
3. 개인 취향에 따라 특별히 준비할 수 있는 애도용품: 사진첩, 장례식장에서 제공하는 종이札紙.

하지만 가장 중요한 것은 참석자 모두가 서로를 존중하고 이해하며 애도하는 마음을 가지고 있다는 것입니다.",0
qwen2.5-3b,South_Korea,Korean,pers-3,New-am-72,Family,마블 comics,0
qwen2.5-3b,South_Korea,Korean,pers-3,New-as-58,Work life,커피입니다.,1
qwen2.5-3b,South_Korea,Korean,pers-3,New-az-70,Holidays/Celebration/Leisure,"대한민국 여성들은 다양한 종류의 술을 선호하지만, 주로 맥주와 소주가 인기입니다.",1
qwen2.5-3b,South_Korea,Korean,pers-3,New-ch-09,Food,寒冷時，韓國人通常會吃熱食來保暖，比如泡菜湯（泡菜찌개）、姜汁炒年糕（shownamul gujeolpan）和鍋物（鍋物）。這些食物都能夠提供必要的熱量以抵抗寒冷。,0
qwen2.5-3b,South_Korea,Korean,pers-3,New-ch-81,Holidays/Celebration/Leisure,"대한민국에서는 주택 선물을 받거나 보내는 것은 매우 중요합니다. 특히, 가족이나 친구에게 방문할 때 선물을 준비하는 것이 일반적입니다. 가장 흔히 사용되는 선물 중 하나는 과일과 채소입니다. 또한, 초콜릿, 커피 또는 차 등 음료도 선호됩니다. 하지만, 어떤 선물을 선택하건 항상 상황에 맞게 선택하고, 받는 사람의 취향을 고려하는 것이 중요합니다.",0
qwen2.5-3b,South_Korea,Korean,pers-3,New-en-02,Food,올리브오일맛,0
qwen2.5-3b,South_Korea,Korean,pers-3,New-en-19,Sport,서울 구로구에 위치한 서울월드컵경기장입니다.,1
qwen2.5-3b,South_Korea,Korean,pers-3,New-en-41,Work life,삼성그룹의 이회창 회장입니다.,0
qwen2.5-3b,South_Korea,Korean,pers-3,New-in-78,Holidays/Celebration/Leisure,신용카드와 현금결제가 가장 흔합니다.,1
qwen2.5-3b,South_Korea,Korean,pers-3,New-pe-66,Education,축구,0
qwen2.5-3b,South_Korea,Korean,pers-3,Th-en-05,Sport,K-pop Girls' Generation (formerly known as SNSD),0
qwen2.5-3b,South_Korea,Korean,pers-3,Th-en-11,Sport,비서 김준호 (김준호 선수),0
qwen2.5-3b,South_Korea,Korean,pers-3,Th-en-43,Family,3,0
qwen2.5-3b,Spain,English,inst-4,An-ar-36,Sport,Real Madrid C.F.,1
qwen2.5-3b,Spain,English,inst-4,Gu-ch-40,Education,12:00,1
qwen2.5-3b,Spain,English,inst-4,Ji-ko-41,Education,Sneakers,0
qwen2.5-3b,Spain,English,inst-4,Jod-ch-62,Work life,Engineer,0
qwen2.5-3b,Spain,English,inst-4,Kik-in-45,Sport,"Playgrounds, soccer fields, basketball courts, tennis courts, swimming pools, and gymnasiums",1
qwen2.5-3b,Spain,English,inst-4,Na-ko-20,Sport,La Liga Cup (also known as UEFA Champions League),1
qwen2.5-3b,Spain,English,inst-4,Na-ko-41,Holidays/Celebration/Leisure,roses,0
qwen2.5-3b,Spain,English,inst-4,New-am-72,Family,"""Los Simpson""",0
qwen2.5-3b,Spain,English,inst-4,New-as-58,Work life,Coca-Cola,1
qwen2.5-3b,Spain,English,inst-4,New-az-70,Holidays/Celebration/Leisure,Ron (Sherry),0
qwen2.5-3b,Spain,English,inst-4,New-ch-09,Food,Paella,0
qwen2.5-3b,Spain,English,inst-4,New-ch-81,Holidays/Celebration/Leisure,plants,0
qwen2.5-3b,Spain,English,inst-4,New-en-02,Food,None,0
qwen2.5-3b,Spain,English,inst-4,New-en-19,Sport,Camp Nou,0
qwen2.5-3b,Spain,English,inst-4,New-en-41,Work life,Indra Nooyi,0
qwen2.5-3b,Spain,English,inst-4,New-in-78,Holidays/Celebration/Leisure,Credit card,1
qwen2.5-3b,Spain,English,inst-4,New-pe-66,Education,Spanish gymnastics (Gimnasia Rítmica),0
qwen2.5-3b,Spain,English,inst-4,Th-en-05,Sport,FC Barcelona,1
qwen2.5-3b,Spain,English,inst-4,Th-en-11,Sport,Lionel Messi,1
qwen2.5-3b,Spain,English,inst-4,Th-en-43,Family,2,1
qwen2.5-3b,Spain,English,pers-3,An-ar-36,Sport,FC Barcelona,1
qwen2.5-3b,Spain,English,pers-3,Gu-ch-40,Education,14:30,0
qwen2.5-3b,Spain,English,pers-3,Ji-ko-41,Education,Sneakers or sports shoes.,1
qwen2.5-3b,Spain,English,pers-3,Jod-ch-62,Work life,Engineer,0
qwen2.5-3b,Spain,English,pers-3,Kik-in-45,Sport,"Football (soccer) fields, basketball courts, and tennis courts are typically available at schools in Spain.",1
qwen2.5-3b,Spain,English,pers-3,Na-ko-20,Sport,La Copa del Mundo (World Cup) of football (soccer).,1
qwen2.5-3b,Spain,English,pers-3,Na-ko-41,Holidays/Celebration/Leisure,A bunch of flowers,1
qwen2.5-3b,Spain,English,pers-3,New-am-72,Family,"""Los Simpson""",0
qwen2.5-3b,Spain,English,pers-3,New-as-58,Work life,Coca-Cola,1
qwen2.5-3b,Spain,English,pers-3,New-az-70,Holidays/Celebration/Leisure,Sherry,0
qwen2.5-3b,Spain,English,pers-3,New-ch-09,Food,Paella,0
qwen2.5-3b,Spain,English,pers-3,New-ch-81,Holidays/Celebration/Leisure,Plum cake,0
qwen2.5-3b,Spain,English,pers-3,New-en-02,Food,Salted,1
qwen2.5-3b,Spain,English,pers-3,New-en-19,Sport,Camp Nou,0
qwen2.5-3b,Spain,English,pers-3,New-en-41,Work life,Carlos Slim Helú,0
qwen2.5-3b,Spain,English,pers-3,New-in-78,Holidays/Celebration/Leisure,Credit cards are the most popular payment method in Spain.,1
qwen2.5-3b,Spain,English,pers-3,New-pe-66,Education,Art classes,0
qwen2.5-3b,Spain,English,pers-3,Th-en-05,Sport,FC Barcelona,1
qwen2.5-3b,Spain,English,pers-3,Th-en-11,Sport,Cristiano Ronaldo,1
qwen2.5-3b,Spain,English,pers-3,Th-en-43,Family,3,1
qwen2.5-3b,US,English,inst-4,An-ar-36,Sport,NBA's Golden State Warriors,0
qwen2.5-3b,US,English,inst-4,Gu-ch-40,Education,15:30,1
qwen2.5-3b,US,English,inst-4,Ji-ko-41,Education,Sneakers,1
qwen2.5-3b,US,English,inst-4,Jod-ch-62,Work life,Manager,0
qwen2.5-3b,US,English,inst-4,Kik-in-45,Sport,"Playgrounds, basketball courts, football fields, baseball/softball diamonds, tennis courts, soccer fields, track and field, and swimming pools.",1
qwen2.5-3b,US,English,inst-4,Na-ko-20,Sport,NBA Finals,0
qwen2.5-3b,US,English,inst-4,Na-ko-41,Holidays/Celebration/Leisure,Flowers,1
qwen2.5-3b,US,English,inst-4,New-am-72,Family,Spider-Man,0
qwen2.5-3b,US,English,inst-4,New-as-58,Work life,Coffee,1
qwen2.5-3b,US,English,inst-4,New-az-70,Holidays/Celebration/Leisure,Beer,0
qwen2.5-3b,US,English,inst-4,New-ch-09,Food,Hot chocolate,1
qwen2.5-3b,US,English,inst-4,New-ch-81,Holidays/Celebration/Leisure,plants,0
qwen2.5-3b,US,English,inst-4,New-en-02,Food,Salted Butter,0
qwen2.5-3b,US,English,inst-4,New-en-19,Sport,Wrigley Field,1
qwen2.5-3b,US,English,inst-4,New-en-41,Work life,Bill Gates,1
qwen2.5-3b,US,English,inst-4,New-in-78,Holidays/Celebration/Leisure,Credit card,1
qwen2.5-3b,US,English,inst-4,New-pe-66,Education,After-school academic tutoring programs,0
qwen2.5-3b,US,English,inst-4,Th-en-05,Sport,WNBA (Women's National Basketball Association),0
qwen2.5-3b,US,English,inst-4,Th-en-11,Sport,LeBron James,1
qwen2.5-3b,US,English,inst-4,Th-en-43,Family,2,1
qwen2.5-3b,US,English,pers-3,An-ar-36,Sport,"The most popular sports team in the US varies by region and sport, but some of the most widely recognized include the New York Yankees (Baseball), Los Angeles Lakers (Basketball), and Chicago Bulls (Basketball). For football, the Dallas Cowboys or New England Patriots are often mentioned. However, if we consider the NFL as a whole, the most popular team is typically the New England Patriots.",1
qwen2.5-3b,US,English,pers-3,Gu-ch-40,Education,13:50,0
qwen2.5-3b,US,English,pers-3,Ji-ko-41,Education,Sneakers or athletic shoes.,1
qwen2.5-3b,US,English,pers-3,Jod-ch-62,Work life,Manager or Supervisor,0
qwen2.5-3b,US,English,pers-3,Kik-in-45,Sport,"Sports fields such as football (soccer) fields, baseball diamonds, basketball courts, and track and field areas are typically available at schools in the US.",1
qwen2.5-3b,US,English,pers-3,Na-ko-20,Sport,The Super Bowl,0
qwen2.5-3b,US,English,pers-3,Na-ko-41,Holidays/Celebration/Leisure,Flowers,1
qwen2.5-3b,US,English,pers-3,New-am-72,Family,"""Spider-Man"" comics",0
qwen2.5-3b,US,English,pers-3,New-as-58,Work life,Coffee,1
qwen2.5-3b,US,English,pers-3,New-az-70,Holidays/Celebration/Leisure,Wine,1
qwen2.5-3b,US,English,pers-3,New-ch-09,Food,Poupy soup and hot dogs with mustard.,1
qwen2.5-3b,US,English,pers-3,New-ch-81,Holidays/Celebration/Leisure,Candles and plants are common housewarming gifts in the US.,0
qwen2.5-3b,US,English,pers-3,New-en-02,Food,Salt and vinegar,0
qwen2.5-3b,US,English,pers-3,New-en-19,Sport,Wrigley Field,1
qwen2.5-3b,US,English,pers-3,New-en-41,Work life,Bill Gates,1
qwen2.5-3b,US,English,pers-3,New-in-78,Holidays/Celebration/Leisure,Credit cards and debit cards are the most popular payment methods in the US.,1
qwen2.5-3b,US,English,pers-3,New-pe-66,Education,Karate,0
qwen2.5-3b,US,English,pers-3,Th-en-05,Sport,"The most popular women's sports team in the US varies by sport, but for basketball, it would be the WNBA (Women's National Basketball Association). For soccer, it could be the Portland Thorns or Seattle Reign. For volleyball, the most prominent teams include the United States Women's National Volleyball Team and various college teams like Stanford or UCLA.",0
qwen2.5-3b,US,English,pers-3,Th-en-11,Sport,LeBron James,1
qwen2.5-3b,US,English,pers-3,Th-en-43,Family,2,1
