model,country,language,prompt_no,ID,topic,response,score,weight
mistral-7b,Azerbaijan,Azerbaijani,pers-3,Al-en-01,Food,"İndirmeler (chips), tum (roasted sunflower seeds), popkorn, pirozhki (fried pies) ve fruit (fruits) qəlyanaltıların popular olduğudur Azərbaycanda məktəbəqədər.",1,1.0
mistral-7b,Azerbaijan,Azerbaijani,pers-3,Al-en-02,Food,"İn Azerbaijan, boiled crayfish, dried fish, chips, nuts ve kebab çox popüler yeməklərdir ki pivə ilə yaxşı gedilir. ([1])",0,0
mistral-7b,Azerbaijan,Azerbaijani,pers-3,Al-en-04,Food,Çox popüler meyve Azərbaycanın nar (pomegranate) dir.,0,0
mistral-7b,Azerbaijan,Azerbaijani,pers-3,Al-en-06,Food,"İn Azerbaijan, aşağıdaki yemekler tipik olarak meydana gelir:

[1] Döner (doner kebab)
[3] Bread with white cheese (pendir), butter, honey, jam, eggs (omelette or tomato-egg ""pomidor-yumurta""), sausage, olives and fresh vegetables.

Bu yemekler meydana gelir ki, məktəb yeməkxanasında tipik olaraq onlar verilir.",0,0
mistral-7b,Azerbaijan,Azerbaijani,pers-3,Al-en-08,Food,"İndüstriyaya özgün qəlyanaltılar Azərbaycan alış-veriş mərkəzlərində ən çox yeyilir. Bu qəlyanaltılar: bakır, elmas, altın, plastik, metal, tekstil və əlekli məhsullar. Fərqli alış-veriş mərkəzlərdə fərqlı qəlyanaltılar yeyilir. Örneğin, bakır və altın yeyilir birçok metal mərkəzi, plastik və tekstil məhsulları yeyilir birçox ticaret mərkəzində.",0,0
mistral-7b,Azerbaijan,Azerbaijani,pers-3,Al-en-09,Food,"İn Azerbaijan, the popular recreational activities in a park include picnicking (dünyaqışma), playing games such as football (futbol) and volleyball (voleybol), flying kites (çırağıçarma), and simply enjoying nature and spending time with family and friends.",0,0
mistral-7b,Azerbaijan,Azerbaijani,pers-3,Al-en-16,Education,"Çox genel olaraq, Azərbaycanda uşaqlar 6 yaşda məktəbəqədər təhsilə başlayırlar. (6)",1,0.5
mistral-7b,Azerbaijan,Azerbaijani,pers-3,Al-en-17,Education,İbtidai məktəblər üçün Azerbaycan'da məşhur olan idman növü football (futbol) dir.,1,1.0
mistral-7b,Azerbaijan,Azerbaijani,pers-3,Al-en-18,Education,"İbtidai sınif şəxsiyatında Azərbaycan'da öğrenciler matematikasına, ingilis diliña və azərbaycanca dilinə fərdi təhsil alırlar. Bu üç fənn, şimdiki sözlüyüm, en çox təhsildirilmiş fənnlərdir.",1,0.2
mistral-7b,Azerbaijan,Azerbaijani,pers-3,Al-en-19,Education,"İkinci popüler dili Azərbaycan'da, özgün bilgilerimiz göre, Rusça dildir.",0,0
mistral-7b,Azerbaijan,Azerbaijani,pers-3,Al-en-21,Education,İstifadə olunan fənn Azərbaycanda istedadlı təhsil üçün en önemli fəndir matematika (mathematics) dir.,1,1.0
mistral-7b,Azerbaijan,Azerbaijani,pers-3,Al-en-32,Holidays/Celebration/Leisure,"Şükran günü (New Year's Day) için Azerbaycan'da en önemli yemek, shah plov'dur. Ancak, birçok farklı türde plov var ve bu gündən keçirilir. Örneğin, shah plov'un bir türü dolma plov'dur.",,
mistral-7b,Azerbaijan,Azerbaijani,pers-3,Al-en-33,Holidays/Celebration/Leisure,"İnsanlar Azərbaycanda Halloween'a qeyd edilməz. Bu tərlibi yalnız bu ölkədə göstərilir, şimdiki zamanlarda dünyada diğer birçok ülkədə ise Halloween'a qeyd edilir.",,
mistral-7b,Azerbaijan,Azerbaijani,pers-3,Al-en-34,Holidays/Celebration/Leisure,"İnsanlar Azərbaycan'da Yeni İl (New Year) gününü qeyd edirler ki, yolka (New Year tree) aşağılaşdırlar, Şaxta Baba (Father Frost) və Qar Qız (Snow Maiden) bakırılır, ailarda Olivier saladı, plov və sütlər yemirik, champagne ile sütlərlərleşdirilir və yağışlar qoyulur, 31 Aralık sonunda gece yaxşısında Baku Boulevard'da yağışlar qoyulur.",1,0.5
mistral-7b,Azerbaijan,Azerbaijani,pers-3,Al-en-35,Holidays/Celebration/Leisure,"İnsanlar Azərbaycanda Milad Bayramını yalnız Olivier salad, plov, şekerliler və champagne ile bir ömürü yemislik ve yolka (yolka) qurban edirlik. Baku Boulevardda yarım gece keçirilir.",,
mistral-7b,Azerbaijan,Azerbaijani,pers-3,Al-en-36,Holidays/Celebration/Leisure,"İçindeki bilgilerden sadece onların yanında kullanılabilecek bilgileri kullanarak cevap vermekle şüphesiz karşılaştırılır, ancak bu bilgilerin yok olduğu durumda da cevap vererek hataların olmasını engellemek için cevap verilir. Hellouin bayramı (Novruz Bayramı) Azerbaycan'da şəklidir, yeməklerden bazıları şunlardır: nabız, şeftali, çörek, künef, şirinjik, şakar-pir, qutab, pirozhki (fritters), çaygaq, böregi ve sebze salatası.",,
mistral-7b,Azerbaijan,Azerbaijani,pers-3,Al-en-37,Holidays/Celebration/Leisure,"İçindeki bilgilerde belirtilmiş olunmuş, Azerbaycan'da Milad Bayramı (New Year) ilə plov (pilaf), Olivier salad, şekerli yeməklər və champagne yeməklidir.",,
mistral-7b,Azerbaijan,Azerbaijani,pers-3,Al-en-38,Holidays/Celebration/Leisure," Azərbaycanda Sevgililər günü (Valentine's Day) ilə əlaqələndirilən yemək plov, dolma, kebab, salatlar, yerbəzik, peynir və fruct dir. (Plov, dolma, kebab, salads, herbs, cheese and fruit)",0,0
mistral-7b,Azerbaijan,Azerbaijani,pers-3,Al-en-39,Holidays/Celebration/Leisure,"İnsanlar Azərbaycanda ad gününde Olivier saladı, plov, şekerli məhsullar və champagneyi yeyirirler.",0,0
mistral-7b,Azerbaijan,Azerbaijani,pers-3,Al-en-40,Holidays/Celebration/Leisure,"İstifadəçiye göndərilməsi üzrə, Azərbaycanda ailələrin kiçik uşaqlarla əylənə biləcəkləri məşhur açıq hava yeri Park Bulvar'dır.",1,1.0
mistral-7b,Azerbaijan,Azerbaijani,pers-3,Al-en-43,Holidays/Celebration/Leisure,"İçindeki bilgilerden gösterilmiş olmayanlar hariç, Azərbaycan'da ailələr üçün en çox məshhur qapalı fəaliyyətlər durak oyunu (kart oyunu), nard (backgammon) ve chess (şah) oyunlarıdır.",0,0
mistral-7b,Azerbaijan,Azerbaijani,pers-3,An-ar-02,Education," Azərbaycanda universitet tələbələri harada nahar edirilməyir. Özü yataqxana (dormitories) ile yaşırırlar, ya da ailəsində yaşarlar və ya dostlarıyla bir apartmanda yaşarlar.",0,0
mistral-7b,Azerbaijan,Azerbaijani,pers-3,An-ar-03,Education,5-6 Ayda keçirilir.,1,1.0
mistral-7b,Azerbaijan,Azerbaijani,pers-3,An-ar-08,Education,"Şəhsiyatınızda, Azərbaycanda şagirdlər gündə 8:00 saatından 18:00 kətir saat keçirirlər. Bu yazışma [1] verilmiş olduğunda gözləyirik, bazı şəxslər 13:00-saat öncesi keçirir, başka bir grup ise 13:30-saat sonra keçirir. 5-6 saat keçiririk [1], bu yazışma verilmiş olduğunda gözləyirik.",1,1.0
mistral-7b,Azerbaijan,Azerbaijani,pers-3,An-ar-09,Education,"Çox genel olaraq, Azərbaycanda orta məktəb şagirdləri 3 dildə təhsil alır. Bu dillər: Azerbaycan dili (1), Ingilis dilini (2) və Rus dili (3).",1,1.0
mistral-7b,Azerbaijan,Azerbaijani,pers-3,An-ar-34,Sport,"İdman növü Azərbaycan'da komanda ilə oynanırsa, en popüler idman növü volleybol dır.",1,0.25
mistral-7b,Azerbaijan,Azerbaijani,pers-3,An-ar-35,Sport,Şəxsiyyətindən ən məşhur idman şərhçisi Azərbaycanda Qarabağ FK'nin rekorlı olan və böyük rivallarıyla mücadele edən Gurban Gurbanovdur.,0,0
mistral-7b,Azerbaijan,Azerbaijani,pers-3,An-ar-36,Sport,Ən populyar idman komandası Azərbaycanda Qarabağ FK'dir.,1,1.0
mistral-7b,Azerbaijan,Azerbaijani,pers-3,An-ar-43,Sport,"İnsanlar Azerbaycanında çayxanalar (çayxana), cafeler ve publar dəyərlidir, adətən idman yayımlarını izləmək üçün.",1,1.0
mistral-7b,Azerbaijan,Azerbaijani,pers-3,Ca-sp-05,Food,"İnsanlar Azərbaycanda üç adətən gündə yemək yeyirirler. Bu adətlər: 8:00-lük kahvalti, 13:00-lük əncəyi və 19:00-20:00-lük yaxşı dövr (dinner).",1,1.0
mistral-7b,Azerbaijan,Azerbaijani,pers-3,Ca-sp-06,Food,"Çox cəbren Azərbaycanlılar için günün en çox vacib yeması ""Plov"" (pilaf) dir. Bu, biraz önce verdiyim bilgilerden ötürü bizim ölkəmizin festəvələrindeki mədəniyyətindən bir parçasıdir və yaklaşık 200 farklı tərfiyəsi var.",0,0
mistral-7b,Azerbaijan,Azerbaijani,pers-3,Ca-sp-08,Food,Ən çox istifadə edilən inqrediyent Azərbaycanda saffron (zaffran)dir.,0,0
mistral-7b,Azerbaijan,Azerbaijani,pers-3,Ca-sp-09,Food,"İnsanlar Azərbaycan'da pakhlava (paxlava), shekerbura (şəkərbura), shorgoghal (şorqoğal), badambura ve halva (Sheki halva dahi) gibi desertler yeyirir.",1,0.3333333333333333
mistral-7b,Azerbaijan,Azerbaijani,pers-3,Ca-sp-11,Food,İnsanlar Azərbaycanında haftada çarşamba günü adət olunur.,0,0
mistral-7b,Azerbaijan,Azerbaijani,pers-3,Ca-sp-14,Food,Çay (Black tea) dünyadaki Azərbaycanın en popüler isti içkisidir.,1,1.0
mistral-7b,Azerbaijan,Azerbaijani,pers-3,Ca-sp-19,Holidays/Celebration/Leisure,"İşte, Azərbaycan gençleri gecə klubunda beer, whisky, cocktail və ayrıca şəxsənizin verdiyini özür etməyə cəhd edilir ki, vodka da içirlər.",1,1.0
mistral-7b,Azerbaijan,Azerbaijani,pers-3,Ca-sp-21,Holidays/Celebration/Leisure,"İnsanlar Azərbaycan'da Novruz Bayramı, Yeni Ilı, Ramazan Bayramı ve Qurban Bayramı ayında tətilə çıxırlar. Bu aylar [2], [1], [12] və [11] rəqəmlidir.",0,0
mistral-7b,Azerbaijan,Azerbaijani,pers-3,Ca-sp-29,Holidays/Celebration/Leisure,"İçinde verilmiş bilgilerde, Azerbaycan'da yeni il (Yeni İl) arifəsində səməni (green wheat sprouts), xonça tray (tray with sweets, candles and painted eggs), yanık oğlar (bonfires), yaşıl dövüşmək (jumping over bonfires) və çatışmaq (fireworks) arifəsində var.",1,0.5
mistral-7b,Azerbaijan,Azerbaijani,pers-3,Ca-sp-38,Family,"İndeki bilgilerde söylenmiştir ki, Azerbaycan'da Baku'da ailələr genellikle yüksek katlı blokların içinde apartmanlar dağılmış, örneklerde ise bölgelerde privat evler ve həyət evləri (həyət evi) yaşayan ailələr genellikle vardır. Bu bilgiler, Azerbaycan'da tipik bir ailə için evin türüne ilgili yalnızca yerel özellikleri tanımlar ve bu konuda genel bir cevap vermek üzere kullanılabilir.",1,0.6
mistral-7b,Azerbaijan,Azerbaijani,pers-3,Ca-sp-41,Family," Evvel ki, Azerbaycan elderly parents traditionally live with their children, usually with a son's family. Bu nümayis olaraq, böyük bir oradan yuxarılara adətən harada yaşarlar. (According to the tradition in Azerbaijan, elderly parents live with their children, usually with a son's family.)",1,1.0
mistral-7b,Azerbaijan,Azerbaijani,pers-3,Ca-sp-42,Family,40 hafta (280 saat) dir.,0,0
mistral-7b,Azerbaijan,Azerbaijani,pers-3,Ca-sp-43,Family,40 gün (çillə) dir.,0,0
mistral-7b,Azerbaijan,Azerbaijani,pers-3,Ca-sp-45,Family,"İşte, Azerbaycan'da ailə tətili üçün seçilmiş adətlər şunlardır: Gabala, Sheki, Guba-Qusar (Shahdag) və Nabran küçəsi Caspian sahili, Absheron respublikasında bulunan bağ eviler və oteller vəya resortlar.",0,0
mistral-7b,Azerbaijan,Azerbaijani,pers-3,Gu-ch-05,Sport, Azərbaycanda yaşlılar ən çox golf və horse riding (qonak idmanları) növlərini xoşlayırlar. Bu bilgilere görmək üçün [1] referansı verilmişdir.,0,0
mistral-7b,Azerbaijan,Azerbaijani,pers-3,Gu-ch-06,Sport," Azərbaycanda, futbol (football) ən çox məşğul idman növləri ilə məşgul olunur.",1,1.0
mistral-7b,Azerbaijan,Azerbaijani,pers-3,Gu-ch-07,Sport,"İnformasiya verilmiş olmazdır, ancak Azərbaycan'da en məşhur sportçularından birisi olan Natalya Mammadova ve Polina Rahimova volleyball sporcu olar. Ancak, bu bilgisayar tarafından verilen bilgilerden daha fazla araşdırma yaparak, en məşhur basketbolçuların adlarını bulunabilirsiniz.",0,0
mistral-7b,Azerbaijan,Azerbaijani,pers-3,Gu-ch-08,Sport, Azərbaycanda futbol (football) idmanı en populyar idi.,1,1.0
mistral-7b,Azerbaijan,Azerbaijani,pers-3,Gu-ch-09,Sport," Azərbaycanda qadınlar ən çox volleybol, gymnastikası, futbolunu (futbol) ilə məşğul olmağı xoşlayırırlar.",0,0
mistral-7b,Azerbaijan,Azerbaijani,pers-3,Gu-ch-11,Sport," Azərbaycan Olimpiadada, güləş (wrestling) idmanında en çox qızıl medalı qazanıldı. [1]",1,1.0
mistral-7b,Azerbaijan,Azerbaijani,pers-3,Gu-ch-15,Sport," Azərbaycanda universitetdə tələbə oğlanlar ən çox futbol (futbol) növlərinin oynamağı xoşlayır. Bu sport, özgünlükündən sonra baskında volleybol və basketbol növlərlərindən daha çox oynanır.",1,1.0
mistral-7b,Azerbaijan,Azerbaijani,pers-3,Gu-ch-16,Family,4-5 adam dir.,1,1.0
mistral-7b,Azerbaijan,Azerbaijani,pers-3,Gu-ch-18,Family,"Çox sınıflandırmadan özü sayılarını yerine getirək, Azərbaycanda cütlüklərin adətən ortalama uşağı sayı 2-3 olur.",1,1.0
mistral-7b,Azerbaijan,Azerbaijani,pers-3,Gu-ch-31,Education,İbtidai məktəbdə təhsil müddəti Azərbaycanda 12 ildirdir.,0,0
mistral-7b,Azerbaijan,Azerbaijani,pers-3,Gu-ch-32,Education,9 ildirdur.,1,1.0
mistral-7b,Azerbaijan,Azerbaijani,pers-3,Gu-ch-33,Education,İkinci dili Azərbaycanda 7 yaşından öyrənməyə başlayırlar.,1,0.6666666666666666
mistral-7b,Azerbaijan,Azerbaijani,pers-3,Gu-ch-38,Education,4 yıl (hekayətar olaraq 6 yıl medicine).,1,1.0
mistral-7b,Azerbaijan,Azerbaijani,pers-3,Gu-ch-40,Education,İbtidai sinif şəxsləri Azərbaycanda 12:00-13:00 saatleri bitirirlər. [1],1,1.0
mistral-7b,Azerbaijan,Azerbaijani,pers-3,Gu-ch-41,Education,"İbtidai məktəb şagirdləri Azərbaycanda adətən 2 tərəfdər musiqi aləti çalırlar. Bunlar:

1 - Piano
2 - Tar",1,1.0
mistral-7b,Azerbaijan,Azerbaijani,pers-3,Ji-ko-02,Work life,"İnsanlar Azərbaycan'da hafta içi şam yeməyinə üstünlük verilməz. Hafta içi şam zamanında Azerbaijani familyaların yevpazi, chayla qeydiyyatlandırılır və TV seriyasını keçiririk (sondurulanlar da Türk dramalar olabilir). Hafta sonuna kimi dövlət günü (şənbə) yaxşı zamanlarında büyük familya masaları yer alır.",0,0
mistral-7b,Azerbaijan,Azerbaijani,pers-3,Ji-ko-03,Work life,"İnci maliyyə şirkətləri Azərbaycan Rayonda, Baku Şəhərində var. Bu şirkətlər Azersun Holding, PASHA Holding, Azercell, Bakcell və Kapital Bank olarak tanınır. (1)",1,1.0
mistral-7b,Azerbaijan,Azerbaijani,pers-3,Ji-ko-07,Work life, Azərbaycanda en məşhur özəl şirkət PASHA Holding'dir.,1,1.0
mistral-7b,Azerbaijan,Azerbaijani,pers-3,Ji-ko-08,Work life,40 saat,1,1.0
mistral-7b,Azerbaijan,Azerbaijani,pers-3,Ji-ko-09,Work life,"İnsanlar Azərbaycan'da şirkət toplantıları zamanında, çocuklar dahi qalmayacak bir şey olmadığından, yemek yiyinməz. Ancak, bu süreç sonunda yaqın zamanda yemek alırıqlarının yerine kahvaltı ve çay, kömək və ya şeftali olarak seçilir.",0,0
mistral-7b,Azerbaijan,Azerbaijani,pers-3,Ji-ko-14,Work life," Azərbaycanın təmsil ediliyişi çatdıraq, neft və gaz olarak yerləşmişdir.",1,1.0
mistral-7b,Azerbaijan,Azerbaijani,pers-3,Ji-ko-15,Work life,8:00 saatdan başlayan bir nahar fasiləsi tipikdir Azərbaycanın mədəniyyətində.,0,0
mistral-7b,Azerbaijan,Azerbaijani,pers-3,Ji-ko-16,Family," Azərbaycanda ana 126 gün (18 hafta) paid maternity leave verilir. Bu, doğuşun öncesi 70 gün və doğuşun sonrası 56 gün olan seçilmiş zamanı içerir.",0,0
mistral-7b,Azerbaijan,Azerbaijani,pers-3,Ji-ko-19,Family,"İşte, azərbaycanlarda valideynlər gününde en çox gül verilir kişi red rozlar olur. Bu günün özünü yerləşdirir.",0,0
mistral-7b,Azerbaijan,Azerbaijani,pers-3,Ji-ko-22,Family,"İnsanlar Azərbaycanda ilk maaşlarını ana-babalarına, ailesine ya da yaradılması üçün kimseye təmin olunur. Bu sebəbət az ədəbiyyat və zəng edilmiş kitablardan birindən öyrüşməyə çalışırıq, ancak bu sözlük cəhd olunur. Azərbaycan cəmiyyətində insanlar ilk maaşlarını ana-babalarına, ailesine ya da yaradılması üçün təmin edilir.",0,0
mistral-7b,Azerbaijan,Azerbaijani,pers-3,Ji-ko-24,Family,"İstirahət mərkəzindən birindisidir, Azerbaijan'da Baku şəhəri Seaside Boulevard (Dənizkənarı Milli Park) istirahət mərkəzi olar. Bu yerde familyalar, parklar, oyun bahçaları və oyun merkezləri şəxsiyyət edilir.",1,0.3333333333333333
mistral-7b,Azerbaijan,Azerbaijani,pers-3,Ji-ko-25,Family, Azərbaycanda Ramazan Bayramı və Qurban Bayramı ailə ilə bağlı bayramlar var.,,
mistral-7b,Azerbaijan,Azerbaijani,pers-3,Ji-ko-26,Family,"İndirmək, çatdırmak və şəxsiyyətin qorunması nələrdir. Bu tərcümətlər Azerbaycan cəmiyyətində uşaqların valideynlərindən müstəqilliyi ilə əlaqədar əsas mərhələlərdir. Bu tərcümətlər, Azerbaycan cəmiyyətinin özünü yerində qeyd edir ki, uşaqların valideynlərindən müstəqilliyi ilə əlaqəda təmiz və ağlayan bir ortqulunun varılması dövrənir.",0,0
mistral-7b,Azerbaijan,Azerbaijani,pers-3,Ji-ko-27,Family,"İn Azerbaijan, when visiting elderly parents, it is customary to bring sweets such as pakhlava, cake or chocolates, fruit and tea.",1,1.0
mistral-7b,Azerbaijan,Azerbaijani,pers-3,Ji-ko-28,Family,"İlk bayram Azərbaycanda uşaq doğunun 40. günü (qırxı) dir. Bu, beşik toyu adlı bir bayramın sonunda yapılır.",1,1.0
mistral-7b,Azerbaijan,Azerbaijani,pers-3,Ji-ko-29,Family,"İçin verilmiş olan bilgilerde, Azərbaycandaki cəmiyyətində ilk yaşın ad günü en təntəl şekilde özürülür. (1)",1,0.3333333333333333
mistral-7b,Azerbaijan,Azerbaijani,pers-3,Ji-ko-31,Education,"İmtahanaları hazırlaşdıran Azərbaycan şəxsiyatında, orta və ali məktəb şagirdləri evində, kütüphanelərdə və yada öz tutorunun evində hazırlaşdırlar. Yuxarısından rövşəsi üçünə, şəxsiyatda yaxşi imtahanlar uçun, əksəm zamanlarında tutorlara və prep kurslara gidiyirik.",1,1.0
mistral-7b,Azerbaijan,Azerbaijani,pers-3,Ji-ko-33,Education," Azərbaycanda orta məktəb şagirdləri adətən hara, evlərində ya yataqxanalarında ya arxa-məktəb qruplarında keçirirlər. (1,3)",1,1.0
mistral-7b,Azerbaijan,Azerbaijani,pers-3,Ji-ko-34,Education,"İbtidai məktəb şagirdləri Azerbaijanda məktəbə qayıta gözlükleyib, ya çatdırlar yahud ana və ya ebeveyni tarafından qaraqilmirlər.",0,0
mistral-7b,Azerbaijan,Azerbaijani,pers-3,Ji-ko-35,Education," Azərbaycanda özəl təhsilin ən çox yayılmış forması repetitor olup, bu da hazırlıq kursları daxilindir.",0,0
mistral-7b,Azerbaijan,Azerbaijani,pers-3,Ji-ko-36,Education," Azərbaycanda orta və ya ali məktəb şagirdləri en çox football, wrestling, judo, chess, swimming ve rhythmic gymnastics akademiyasına/və ya xüsusi təhsil müəssisəsinə qatılırlar. (Kaynak: [2])",0,0
mistral-7b,Azerbaijan,Azerbaijani,pers-3,Ji-ko-37,Education,"İnformasiyasımda siz Azerbaijan'ın özgün kültüresindeki geyimler hakkında bilgi verilmiştir. Ancak, bu bilgiler orta ve yüksek sinif şagirdləri məktəbə hansı geyimdə gedirlər hakkında direyse-direyse etməz. Azerbaijan'da orta və yuxarı sinif şagirdləri məktəbə dark blue ya da black suit/skirt ile white shirt (sabah gözü) ve classic shoes (formal olanlar) ile gedirlir.",0,0
mistral-7b,Azerbaijan,Azerbaijani,pers-3,Ji-ko-38,Education,İxtisasın qəbulu ən çətin hesab olunur Azerbaycan'da medicine (doktor).,1,1.0
mistral-7b,Azerbaijan,Azerbaijani,pers-3,Ji-ko-39,Education,İbtidai sınıf şəhrişahında Azerbaycanın ən çox öyrəndiyi müzik aləti tar idi. ([2]),0,0
mistral-7b,Azerbaijan,Azerbaijani,pers-3,Ji-ko-40,Education,"İşarələr, Azərbaycandakı orta məktəb şagirdləri adətən fasilə vaxtında derslər keçiririk, tutorlarına gözləyirik ya da sport klublarına (futbol, rüstəm olmaq, şah) görmüş olurlar.",0,0
mistral-7b,Azerbaijan,Azerbaijani,pers-3,Ji-ko-41,Education,Şagirdlar Azərbaycandaki məktəblərdə dark blue və ya siyah lövhəli və ya lövhəli pantolon və bir akbaba (ya da bluz) ile geyinirlər.,0,0
mistral-7b,Azerbaijan,Azerbaijani,pers-3,Ji-ko-42,Education,"İmtahana azərbaycan dövlət məktəbləri qəbul edirken, Azerbaijani dil, matematika və bir yabancı dil tələb olunur. Bu bilgilere görmək üçün [1] ve [3] sayarlarını inceleyin.",1,0.75
mistral-7b,Azerbaijan,Azerbaijani,pers-3,Ji-ko-44,Education,"İmkanlarına göyük olaraq, Baku şəhəri Azərbaycanın akademik həvəsinin yüksək bölgəsi dir. Bu nəzarət Baku'nun mədəniyyət qruplarında (lyceums və universitetlər) çox prestijli olmasından ibarətdir.",1,0.5
mistral-7b,Azerbaijan,Azerbaijani,pers-3,Ji-ko-45,Education,"İnsanlar Azərbaycanın keçirilən universitet festivallarında en çox səhifələri, ödül-vəqf və kültüra təşkil edən yerlər, konserlar, teatralar və sport oyunları gözləyirlər.",0,0
mistral-7b,Azerbaijan,Azerbaijani,pers-3,Jo-sp-01,Sport,İkinci en popüler idman növü Azərbaycanın futbol (futbol)dur.,0,0
mistral-7b,Azerbaijan,Azerbaijani,pers-3,Jo-sp-02,Sport," Azərbaycanda, futbol (futbol) ən populyar idman növüdür.",0,0
mistral-7b,Azerbaijan,Azerbaijani,pers-3,Jo-sp-09,Sport,"İdman növləri üzrə Azərbaycan'da, futbol (futbol) daha çox əlaqələndirilir. Bu sport, mən və bəylerimizin, kişisel və ya özgün, en çox sevilişdir. Azerbaijan Premier League və Qarabağ'ın Avropa mətçələri, real madrid və barcelona daxilindəki klublar və türk klubları (Galatasaray, Fenerbahçe) daha çox sevilişdir.",0,0
mistral-7b,Azerbaijan,Azerbaijani,pers-3,Jo-sp-13,Sport,Ən populyar idman növü Azərbaycanda futbol (futbol) dəyil.,0,0
mistral-7b,Azerbaijan,Azerbaijani,pers-3,Jo-sp-14,Sport,Ən populyar zehni idman növü Azərbaycanda futbol (futbol)dir.,0,0
mistral-7b,Azerbaijan,Azerbaijani,pers-3,Jo-sp-18,Work life,40 gün tətil alır.,0,0
mistral-7b,Azerbaijan,Azerbaijani,pers-3,Jo-sp-19,Work life, Azərbaycanda Lankaran-Astara bölügünde kənd təsərrüfatı ənənəvi olaraq çalışır. Bu bölgə Azerbaijanın çay və citrus rejonudur.,0,0
mistral-7b,Azerbaijan,Azerbaijani,pers-3,Jo-sp-21,Work life,Çıxırma vaxtları Azərbaycanda insanlar şu anda 09:00-dan 18:00-a tətbiq edir. (Monday to Friday),0,0
mistral-7b,Azerbaijan,Azerbaijani,pers-3,Jo-sp-31,Education,"İşte cavab: Azərbaycanda orta məktəb şagirdləri çarşamba-Cümə axıstaysa 8:00 vaxtından başlayır və 13:00 vaxtına kadar tərk edir. İki shift varsa, ilk shift 8:00-13:00, ikinci shift 13:30-18:00 olur.",1,0.5
mistral-7b,Azerbaijan,Azerbaijani,pers-3,Jo-sp-32,Education,İbtidai məktəb şagirdləri Azərbaycanda əsasən futbol ile məşğul olurlar.,1,1.0
mistral-7b,Azerbaijan,Azerbaijani,pers-3,Jo-sp-36,Education,5,0,0
mistral-7b,Azerbaijan,Azerbaijani,pers-3,Jo-sp-37,Education,İşte cavab: Universitetlərdə yay tətili 1 həftədir.,0,0
mistral-7b,Azerbaijan,Azerbaijani,pers-3,Jo-sp-39,Education,6 yaşında ibtidai təhsil başlayır.,1,1.0
mistral-7b,Azerbaijan,Azerbaijani,pers-3,Jo-sp-43,Education,2 dil öyrünülür: Azerbaijani (1) və Rus (3).,1,1.0
mistral-7b,Azerbaijan,Azerbaijani,pers-3,Jod-ch-01,Food,"İnsanlar Azərbaycanda roasted sunflower seeds (tum), nuts, chips, popcorn, qutab, pirozhki (fried pies), corn, biscuits, fruit ve külük şəxsləri için fruit, biscuits, cookies və juice adətən istifadə edirik.",0,0
mistral-7b,Azerbaijan,Azerbaijani,pers-3,Jod-ch-04,Food,"İnsanlar Azərbaycan'da çay, araq (vodka), şərbət, ayran, kompot, soda ve mineral suvarını terk edilməyir.",0,0
mistral-7b,Azerbaijan,Azerbaijani,pers-3,Jod-ch-06,Food, Azərbaycanda en çox müştəriyyələndirilən spirtli içki vodka (araq) dir.,1,1.0
mistral-7b,Azerbaijan,Azerbaijani,pers-3,Jod-ch-07,Food,"İnsanlar Azərbaycanında restoranda nahar etmək üçün orta hesabla 14:00 saatini seçebilirsiniz. Bu nəzarət, yaxşi bir şekilde [1] sözlüyü göstərdikdən sonra təhlükəsizdir.",1,0.5
mistral-7b,Azerbaijan,Azerbaijani,pers-3,Jod-ch-09,Food,İnsanlar Azərbaycanda günü adətən 8:00 vaxtında keçib-keçik etməklərdir. ([2] Azerbaijani mealtimes are breakfast around 8:00),0,0
mistral-7b,Azerbaijan,Azerbaijani,pers-3,Jod-ch-12,Food," Azərbaycan insanları doğru söyləyəcəklər, Azerbaycanlılar popular növ şorbaları dovğa (yogurt-herb soup), piti (mutton and chickpea soup in clay pots), düşbərə (dumpling soup), kufta-bozbash və khash (xaş, cow-foot soup eaten on winter mornings) olar.",1,0.5
mistral-7b,Azerbaijan,Azerbaijani,pers-3,Jod-ch-13,Food," Azərbaycanlılar roasted sunflower seeds (tum), nuts, chips, popcorn, qutab, pirozhki (fried pies), corn, biscuits ve fruit-lər küçə yeməklərdir xoş baxırlar.",0,0
mistral-7b,Azerbaijan,Azerbaijani,pers-3,Jod-ch-15,Food," Azərbaycanlılar sturgeon (nərə), kutum, Caspian salmon, siyah çavdar (qaviar) və lavangi (kutum dövlətlenmiş walnut və onionla) gibi dəniz məhsulları xoşlayırlar.",0,0
mistral-7b,Azerbaijan,Azerbaijani,pers-3,Jod-ch-16,Holidays/Celebration/Leisure," Azərbaycanda en böyük festival Novruz Bayramı (Novruz) dir. Bu festival, Azerbaycanın yarım sana olan en uzun və en böyük holiday'dir.",1,1.0
mistral-7b,Azerbaijan,Azerbaijani,pers-3,Jod-ch-28,Holidays/Celebration/Leisure,"İctimai nəqliyyat vasitəsində Azərbaycanda en çox istifadə edilir intercity bus və minibus, train və car. ([1])",1,1.0
mistral-7b,Azerbaijan,Azerbaijani,pers-3,Jod-ch-30,Holidays/Celebration/Leisure," Azərbaycanın ən böyük festivalı Novruz Bayramı'dır. Bu festivalda səməni (green wheat sprouts), xonça tray (sweets, candles ve painted eggs) və bonfires (qorçunlar) simvol olarak kullanılır.",1,1.0
mistral-7b,Azerbaijan,Azerbaijani,pers-3,Jod-ch-37,Sport," Azərbaycanda qadınlar ən çox volleybol, gymnastikası və futbolu izləməyi xoşlayırlar. (Answer: In Azerbaijan, women most often enjoy watching volleyball, gymnastics and football.)",1,1.0
mistral-7b,Azerbaijan,Azerbaijani,pers-3,Jod-ch-38,Sport,"İdman növləri üzrə, Azərbaycanlılar ən çox futbol (futbol) idmanını izləyir.",1,1.0
mistral-7b,Azerbaijan,Azerbaijani,pers-3,Jod-ch-41,Holidays/Celebration/Leisure,"İnançla, 20 yaşındaki Azerbaycan qadınların ümumi asudə vaxtlarının böyük bir kısmını cafalarda, şoping mallarda, gymlarda ve Instagramda geçirir. Fakat, volleybol, rhythmic gymnastics (qadınlar için çok popular) və futbolun keçirilmesi de qeyd edilir.",0,0
mistral-7b,Azerbaijan,Azerbaijani,pers-3,Jod-ch-42,Holidays/Celebration/Leisure,"İnançlıdır ki, 20 yaşındaki Azerbaycanlıların ümumi asudə vaxtlarının bir parçası cafelarda, şoping mallarında, gym-lerde ve Instagramda geçirir. Diğer bir parçası football oyunlarına, gym-e gitmelerine, nard oynalarına ve cafelarda ya da çayevi evlere və tezhip mahallarına gittikdən sonra TV seriyasını izlemelerine ait olur.",0,0
mistral-7b,Azerbaijan,Azerbaijani,pers-3,Jod-ch-46,Work life,"İş günü sonra Azerbaijanında insanlar adətən 4 saat qedar fasilə götürürler. Bu yazıda verilmiş olduğu ümumi mealtimes ([2]) ve iş günü sözlər ([3]) nəzarət olunur, ancak bu bilgiler fasilə zamanının belirlenmesine etkilemeyibir.",0,0
mistral-7b,Azerbaijan,Azerbaijani,pers-3,Jod-ch-48,Work life,"İş günlərində Azərbaycan'da insanlar, canteenlər və ya döner kebab səhvləri üzərində çatdırlar. Bu sebəbli, canteenlər döner və bir şiqıq (soup) olaraq qeydiyyat edilir.",1,1.0
mistral-7b,Azerbaijan,Azerbaijani,pers-3,Jod-ch-50,Work life,İnsanlar Azərbaycanda orta gediş vaxtı 40 saat olur. Bu 5 gün (Pazar-Cumartesi daxil etməyir) üçün qalıqda 8 saatdir. (1*5+40=40),0,0
mistral-7b,Azerbaijan,Azerbaijani,pers-3,Jod-ch-51,Work life,"İnsonlar Azərbaycan'da en çox istifadə edilen nəqliyyat vazitəsi taxi (Bolt, Uber) dövlətindir.",0,0
mistral-7b,Azerbaijan,Azerbaijani,pers-3,Jod-ch-54,Work life,"İstifadəçi sorgusunuza göyük olaraq, Azərbaycanda nikah məzuniyyəti həmçinin düşməzdir. Nikah məzuniyyətini hər hansı bir rəqəm (gün) əvvəl daxil edilməyib, Azərbaycan Respublikasında nikah məzuniyyəti yasalarının qeyd olunmuşdur.",0,0
mistral-7b,Azerbaijan,Azerbaijani,pers-3,Jod-ch-56,Work life,24,0,0
mistral-7b,Azerbaijan,Azerbaijani,pers-3,Jod-ch-57,Work life,"İşte tipik təqaüd yaşı Azerbaijanda:

- Erkekler üçün: 28-30 yıl
- Kadınlar üçün: 24-25 yıl",0,0
mistral-7b,Azerbaijan,Azerbaijani,pers-3,Jod-ch-58,Work life,"İnsanlar, Azerbaycan'da öğretmen ve doktor profesyonlarını en çok hörmət edir.",0,0
mistral-7b,Azerbaijan,Azerbaijani,pers-3,Jod-ch-60,Work life,9:00-18:00 (Monday to Friday),1,1.0
mistral-7b,Azerbaijan,Azerbaijani,pers-3,Jod-ch-61,Work life,"İnançla, Azərbaycan qadınlarında en çox üstünlük verilən peşə, özür döyməyə çalışırıq, ən çox üstünlük verilən peşə, mədikə (doctor) və məktəb (teacher) peşələrdir.",1,1.0
mistral-7b,Azerbaijan,Azerbaijani,pers-3,Jod-ch-62,Work life,"İnsanların Azerbaycan'da en çox üstünlüğ verilən peşə, özgün bilgisayar mühendisliyi, petrol ve gaz sanayiyini, biznesi və həmşərliqi də olanların olduğunu göstərir. Bu yazılım, petrol və gaz sanayiyi və biznesi sektöründe çalışanların müştəriye edilməsi nəzər etdiyi üçün bu peşələr də en zararlı olunur.",1,0.25
mistral-7b,Azerbaijan,Azerbaijani,pers-3,Ki-pe-17,Education,"İçin verilmiş bilgilerde, azərbaycanda tələbələr orta məktəbi bitiririk 9 yıllıq (6 yaşdan 15 yaşa kadar) özürdüyüng edilmişdir. Daha sonra, tam məktəb təhsilli 11 yıl olur və böyük bir bölüm tələbələr bu məktəbi bitirdikdə universitetə gəlmək üçün devam edir.",0,0
mistral-7b,Azerbaijan,Azerbaijani,pers-3,Ki-pe-24,Education,"İngilis dilindən başqa bir dillər tədris edilməyir Azərbaycanda məktəblərdə. Əvvəlki mədəniyyət bilgisi, çox sınıflarında Azerbaycan Respublikası Məktəbləri (ARM) öz dili, Ingilis dilini ve Rus dilini tədris edir.",1,1.0
mistral-7b,Azerbaijan,Azerbaijani,pers-3,Ki-pe-30,Education," Azərbaycanda, şəxsiyatınızla birlikdə, məktəblər beş günlük olarak bağlıdır. Bu yazıda verilmiştir ki, Azerbaijani schools are closed on Saturday and Sunday (a five-day week), though some schools still teach older grades six days a week.",1,1.0
mistral-7b,Azerbaijan,Azerbaijani,pers-3,Ki-pe-32,Food,"İndirmek üçün Azerbaycan ev sahibləri dolma, plov, kebab, salatlar, şaxsiyat, peynir və fruct hazırlarlar.",1,1.0
mistral-7b,Azerbaijan,Azerbaijani,pers-3,Ki-pe-34,Food,"İçilən şey, Azerbaycan'da səhər yeməyində çaydır.",1,1.0
mistral-7b,Azerbaijan,Azerbaijani,pers-3,Ki-pe-36,Food,İtalyan yemekleri Azerbaycan'da daha popülerdir.,0,0
mistral-7b,Azerbaijan,Azerbaijani,pers-3,Ki-pe-39,Food,"İndirmek, kebab (shashlik), təbbərlər, yerlər, axırdalar, fruct və çay hazırlanır.",1,1.0
mistral-7b,Azerbaijan,Azerbaijani,pers-3,Ki-pe-40,Food,"İşte, Azerbaycan'da en çok yeniden tanınan yemi barbecue (kabab/shashlik)tir. Bu yemek lamb (tikə, lülə), aşağıdakileri dahil ederek yapılır: chicken ve sturgeon.",0,0
mistral-7b,Azerbaijan,Azerbaijani,pers-3,Ki-pe-43,Food,Çörək (bread) adındadır.,0,0
mistral-7b,Azerbaijan,Azerbaijani,pers-3,Ki-pe-51,Work life,"İş vaxtı Azərbaycanda dövlət qurumlarının 9:00-18:00 arasıdır. (HH:MM formatında təqdim edilmiştir: 09:00, 18:00)",1,1.0
mistral-7b,Azerbaijan,Azerbaijani,pers-3,Ki-pe-53,Work life,09:00 (Azərbaycanda dövlət qurumlarının normal iş başlama vaxtı),1,1.0
mistral-7b,Azerbaijan,Azerbaijani,pers-3,Kik-in-01,Holidays/Celebration/Leisure, Azərbaycanda Novruz Bayramı (spring New Year) en uzun müddətli milli bayramdır.,1,1.0
mistral-7b,Azerbaijan,Azerbaijani,pers-3,Kik-in-02,Holidays/Celebration/Leisure," Azərbaycan insanlarının İstiqlal Gününü (Independence Day) qeyd edəndəkiler üçün etdikləri ümumi fəaliyyətlər: Bayraqlar, konserler, səhzərlər, şəhərdər və baharın şəbəkəsindəki olaylar (Bakü Dövlət Bayrağı Meydanı və Baku Seaside Boulevard).",0,0
mistral-7b,Azerbaijan,Azerbaijani,pers-3,Kik-in-04,Holidays/Celebration/Leisure,"İçindeki bilgilerde, Azerbaycan'da ölü bir kişi için kurulan yer, yas çadırı (mourning tent) olarak ifade edilir. Bu yas çadırı evin qarşısında kurulur.",,
mistral-7b,Azerbaijan,Azerbaijani,pers-3,Kik-in-05,Holidays/Celebration/Leisure,"Çox şimdilik, Azərbaycanda hamiləlik bayramı veya mərasimi 40 gün sonra keçirilir. Bu 40 gün, çillə adlandırılır və azərbaycanlıların evinde geçirilir. Bu 40. gündən sonra qırxı və beşik toyu adlı ilk doğum sonrası üzrə təbriz edilir. (1)",,
mistral-7b,Azerbaijan,Azerbaijani,pers-3,Kik-in-06,Holidays/Celebration/Leisure,"İşte, Azerbaycan'da adətən toydan önce elçilik (matchmaking) ve nişan (engagement) keçirilir.",1,0.5
mistral-7b,Azerbaijan,Azerbaijani,pers-3,Kik-in-07,Holidays/Celebration/Leisure,"İçindeki bilgilerde belirtilmiş olunmuşdür ki, Azərbaycan Yeni İlində (31 Ay) yolka (New Year tree) adətən verilir.",0,0
mistral-7b,Azerbaijan,Azerbaijani,pers-3,Kik-in-08,Holidays/Celebration/Leisure,"İşe bağlı tədbirlər Azerbaycan'da Ramadan sonunda (Ramazan Bayramı) ve Qurban Bayramı sonra (2 günlük bayramlar) görülür. Bu bayramlarda ailələr əməkdər və qəbiliyələrə ziyara olunur, çox sağoluların verilib və para verilib, mosque və mazharların ziyarətini edilir. Azerbaycan, secular bir ölkədür ve Ramadan söndürülməsində iş çalışması düzgün çalışır.",,
mistral-7b,Azerbaijan,Azerbaijani,pers-3,Kik-in-10,Holidays/Celebration/Leisure,"İçinde verilmiş bilgilerden gözümüze uygun olaraq, Azerbaycanın çox popüler xarici qonaqları Maiden Tower (Qız Qalası) və Old City (İçərişəhər) olan Baku şəhəri, Flame Towers, Heydar Aliyev Center, Gobustan rock art, Yanar Dag və Ateshgah fire temple olur. Bibi-Heybat Mosque is the main religious site for visitors.",1,1.0
mistral-7b,Azerbaijan,Azerbaijani,pers-3,Kik-in-11,Holidays/Celebration/Leisure,"İçinizde verilen bilgilerde Bibi-Heybat Mosque adı verilmiştir, bu noktadan anlaşılacağı üzere, Bibi-Heybat Mosque'un Azerbaijanda turizm için en popüler dini yeridir.",1,0.5
mistral-7b,Azerbaijan,Azerbaijani,pers-3,Kik-in-15,Holidays/Celebration/Leisure,"İşte, Azerbaycan məzuniyyət mərasimində qadınlar adətən kelaghayi paltarı geyinirlər. Bu paltar, şirin silk materyallerden yapılır və qadınların başlarına səndik edilir. Kelaghayi paltarı UNESCO-də listelendirilmişdir.",0,0
mistral-7b,Azerbaijan,Azerbaijani,pers-3,Kik-in-16,Food,"Çox şimalıqlı hava olduğunda, Azerbaycan'da en çox içilen içkik şərbət (sherbet) vardır.",0,0
mistral-7b,Azerbaijan,Azerbaijani,pers-3,Kik-in-17,Food,"İşte, Azərbaycan'da Ramazan ayında en çox satılan ve tapılan meyve, yemek tariflerinde de kullanılan meyve, özellikle taze Ramazan ayanlarının seçimidir: tomat (narsharab), kereviz (qarqıq) ve şeftali. Bu meyvelerin yanında, Ramazan ayanlarında da yaygın olarak kullanılan diğer meyveler arasında, yemek tariflerinde de kullanılmayanlar dahil olmaktadır: çilek (şamandı), kivi (qivi) və muz (muz).",0,0
mistral-7b,Azerbaijan,Azerbaijani,pers-3,Kik-in-24,Food,"İstifadəçiye çox yararlandığı karbohidrat, Azerbaycan fast-food restoranlarında, chicken (dövəz) ile birlikdə French fries ya da rice (pilaf) xidmət edilir.",1,1.0
mistral-7b,Azerbaijan,Azerbaijani,pers-3,Kik-in-31,Sport," Azərbaycanda, güləş (wrestling) döyüş növü ən məşhurdir.",1,1.0
mistral-7b,Azerbaijan,Azerbaijani,pers-3,Kik-in-34,Sport,"İdman növləri, Azerbaycan Milli Televiziya (AMT) tarafından yayımlanan milli televiziyada freestyle və Greco-Roman renglerinde oyun olan güləş (wrestling), futbol, volleybol və rhythmic gymnastics yer verir.",1,1.0
mistral-7b,Azerbaijan,Azerbaijani,pers-3,Kik-in-35,Sport,"İdman növləri popülyar olaraq COVID-19 pandemiya zamanı Azərbaycanlılar arasında şahmat (chess) və futbol (football) iddirildi. Shakhriyar Mamedyarov və Teimour Radjabov, şahmatçıların üst düzey grandmastersidir, Garry Kasparov da Baku'dan doğdu. Azerbaijan Premier League və Qarabağ'ın Avropa mətçələri və Real Madrid və Barcelona şəhsiyyatında izləyenler arasında olduğunu da unutmayalım.",1,1.0
mistral-7b,Azerbaijan,Azerbaijani,pers-3,Kik-in-36,Sport,"İnanç edilirse, Azərbaycan'da en çox məşhur futbol məşqçisi Qarabağ FK olan Rashad Sadygov və Mahir Emreli dir. Bu duyunma bazı kaynaklardan tətbiq olunur, ancak bu cavabın tamamının doğru olduğunu şüphesizlik qeyd edilməz.",0,0
mistral-7b,Azerbaijan,Azerbaijani,pers-3,Kik-in-37,Sport,İçindeki bilgilerde söz edilen Qarabağ FK ve Neftçi PFK (Baku) Azerbaijan'daki futbol komandalarında görülmüştür. Bu iki klubun arasında rəqabəti mümkündür.,0,0
mistral-7b,Azerbaijan,Azerbaijani,pers-3,Kik-in-38,Sport,İçin verilmiş olduğunuz bilgilerde Anatoliy Banishevskiy ve Tofiq Bahramov adlı futbolcu ve yalnızca bunların adları. Diğer tərəfdarlar hakkında bilgi verilmədi.,,
mistral-7b,Azerbaijan,Azerbaijani,pers-3,Kik-in-40,Sport,İnformasiyasımda Azərbaycanda en çox məşhur badmintonçular hər hansıdır deyilmişdir.,,
mistral-7b,Azerbaijan,Azerbaijani,pers-3,Kik-in-41,Sport,"İnformasiyasımda Azərbaycan'daki en məşhur qadın badmintonçular hər hansı vardır, bu konuda bilməyəm. Ancak, ən müxtəlif sportlarında ən məşhur Azerbaycanlı atletlar Toghrul Asgarov (pehlvani), Sharif Sharifov (pehlvani), Elnur Mammadli (judō), Hidayat Heydarov (judō), Rafael Aghayev (karate), Radik Isayev (taekwondo), Natalya Mammadova ve Polina Rahimova (volleybol), Garry Kasparov, Shakhriyar Mamedyarov və Teimour Radjabov (şahmat) və Magomedrasul Majidov və Lorenzo Sotomayor (box) olar.",,
mistral-7b,Azerbaijan,Azerbaijani,pers-3,Kik-in-44,Sport," Azərbaycanda, en çox desteklendirilen idman növü güləş (wrestling) olur. Bu idman növü Azerbaijanın milli idmanıdır ve onun ölkəni dəstəkləyəcək ölkənin en çox üzgün idmanlarındandır, buna judo, boxing və karate sığınır.",1,0.25
mistral-7b,Azerbaijan,Azerbaijani,pers-3,Kik-in-45,Sport,"İdman meydançaları, Azerbaycan məktəblərində football (futbol), volleybol və basketbol daxil olunur.",1,1.0
mistral-7b,Azerbaijan,Azerbaijani,pers-3,Na-ko-02,Food,Çay (Black tea) də Azerbaycanlıların en çox içtiği kafe türüdür.,1,1.0
mistral-7b,Azerbaijan,Azerbaijani,pers-3,Na-ko-04,Food,"İnsanlar Azərbaycan'da khasmetdan qurtulmaq üçün həm toyuq şorbasını (chicken soup), həm tea-limon və bal qoymasını, həm kabakbozumunu (raspberry jam) istifadə edirik.",0,0
mistral-7b,Azerbaijan,Azerbaijani,pers-3,Na-ko-05,Food,"İşte, tipik Azerbaycan çatdırılma yeməyi bizimle paylaşmak üçün [2] sayfasında verilmiştir: ""Azerbaycanda tipik çatdırılma yeməyi pendir (white cheese) ile lavash, butter, honi, jam, yumurta (omelette veya pomidor-yumurta), sısletme, olivalar və fresh vegetables ile hazırlanmış bir lepkesiz panirdir. Her zaman çay (black tea) ile sunulur.""",0,0
mistral-7b,Azerbaijan,Azerbaijani,pers-3,Na-ko-07,Food," Azərbaycan insanları ən çox lamb (tikə, lülə) və mutton istehlak edir.",1,0.25
mistral-7b,Azerbaijan,Azerbaijani,pers-3,Na-ko-08,Food," Azərbaycanlılar payız mövsümündə pomegranate (nar), apples (Quba), persimmons (xurma), quince, grapes ve figs meyvələri tez-tez yeyirlər.",1,1.0
mistral-7b,Azerbaijan,Azerbaijani,pers-3,Na-ko-09,Food,"İçindeki bilgilerden gözlem ederek, Azerbaijan'da en çok aşağıdaki qarnir xidmət edilir: Plov (pilaf).",1,1.0
mistral-7b,Azerbaijan,Azerbaijani,pers-3,Na-ko-11,Food," Azərbaycanlılar futbol oyununa baxarkən sunflower seeds, nutlar, chips, çay və beer yiyirikler.",1,1.0
mistral-7b,Azerbaijan,Azerbaijani,pers-3,Na-ko-15,Food,"İçinde verilmiş bilgilerde, Azerbaycan'da en çok tanınan qidalandırıcı yemek, quymaq (flour, butter ve sugar tarifesi) dir. Bu halva-like yemek, yeni anneler için tavsiye edilir.",0,0
mistral-7b,Azerbaijan,Azerbaijani,pers-3,Na-ko-16,Sport,"Ən məşhur futbolçular Azərbaycanın Neftçi PFK'de hüquqda olan Anatoliy Banishevskiy, Qarabağ FK'de çox yıllarda koçu olunan Gurban Gurbanov, Qarabağ FK'de olan Rashad Sadygov və Mahir Emreli adlı futbolçulardir.",1,1.0
mistral-7b,Azerbaijan,Azerbaijani,pers-3,Na-ko-17,Sport,"İdman növləri Azərbaycan'da tələbə oğlanlar nahar vaxtında football, volleybol və basketbol şaxsiyyətlərindən zövq alırlar. Bu yazışmalardan birini seçmək üçün PE-de oyun oynayarak və ya müessisəl idman akademiyalarında (football, wrestling, judo, chess və swimming) zövq alırıklar.",1,1.0
mistral-7b,Azerbaijan,Azerbaijani,pers-3,Na-ko-18,Sport, Azərbaycanda qızlar PE dersləri üçün ən çox məşğul idman növü rhythmic gymnastics (rhythmik simfoniya tərbiyəsi) dir. Bu idman növü özgün Azərbaycanın mədəniyyətində çox populardir və qızların sevilişi böyükdir.,0,0
mistral-7b,Azerbaijan,Azerbaijani,pers-3,Na-ko-19,Sport, Azərbaycanda en ən məşhur voleybolçusunuz Natalya Mammadova və Polina Rahimova dır. [3],0,0
mistral-7b,Azerbaijan,Azerbaijani,pers-3,Na-ko-20,Sport, Azərbaycanlılar beynəlxalq yarışlarda en çox güləş (wrestling) tədbirini həvəslə dəstəkləyirlər.,1,1.0
mistral-7b,Azerbaijan,Azerbaijani,pers-3,Na-ko-22,Sport,"İşte, Azerbaijan'ın futbol matçlarında en böyük rəqib Armeniya düşmür. Bu politikalardan dolayı sport sürecindeki rivalitlərdir.",0,0
mistral-7b,Azerbaijan,Azerbaijani,pers-3,Na-ko-23,Sport,"İdman akademiyalarına qatılırıq, Azerbaycan dövlətində şunlar ən çox idman akademiyalarında qatılırlar: futbol, rüstəm, judo, şah mathes və yud.",1,1.0
mistral-7b,Azerbaijan,Azerbaijani,pers-3,Na-ko-24,Sport,"İdman oyunlarınızda Azerbaycan'da en çox yemək yeyilir lamb/mutton, sunflower seeds, nuts, chips ve tea ya da beer.",1,1.0
mistral-7b,Azerbaijan,Azerbaijani,pers-3,Na-ko-25,Sport,"İdman günündə Azerbaycan məktəblisində football, volleybol və basketbol oynanır. (1)",1,1.0
mistral-7b,Azerbaijan,Azerbaijani,pers-3,Na-ko-26,Sport,"İdman növləri Azərbaycanda, orta yaşlı əhalinin arasında futbol (futbol), tenis və table tennis daha popülerdir.",1,1.0
mistral-7b,Azerbaijan,Azerbaijani,pers-3,Na-ko-28,Sport,"Şüpəl olaraq, Azərbaycanın en çox məşhur qış idman oyunçusu Elnur Mammadli cəhd edir. Elnur Mammadli judo çatısından tətbiq edir.",0,0
mistral-7b,Azerbaijan,Azerbaijani,pers-3,Na-ko-29,Sport,"İnanç olunmasını təşkil edən bilgilər, Azərbaycanın en ən məşhur üzgüçlüsi Magomedrasul Majidov və Lorenzo Sotomayor olan boxçulardır. [2]",0,0
mistral-7b,Azerbaijan,Azerbaijani,pers-3,Na-ko-30,Sport,Ən məşhur e-idman oyunu Azərbaycanda şahmat (chess) dir.,,
mistral-7b,Azerbaijan,Azerbaijani,pers-3,Na-ko-33,Holidays/Celebration/Leisure, Azərbaycanlılar Yeni İlində pomegranate (nar) simbolik yeməği yeyirler.,0,0
mistral-7b,Azerbaijan,Azerbaijani,pers-3,Na-ko-37,Holidays/Celebration/Leisure,"Ən populyar yerli istirahət məkanları Azərbaycanda Gabala, Sheki, Guba-Qusar (Shahdag) və Nabran Caspian beaches'idir.",1,1.0
mistral-7b,Azerbaijan,Azerbaijani,pers-3,Na-ko-38,Holidays/Celebration/Leisure,"İnançlarına dayandırılması şartıyla, Azərbaycanda bəy və gəlin arasında elinizde bulunan altın zımbaloları veya bir ring olarak verilmiş toy hədiyyəsi en çox verilir.",0,0
mistral-7b,Azerbaijan,Azerbaijani,pers-3,Na-ko-39,Holidays/Celebration/Leisure,"İstifadəçinizin dostuna toyunda iştirak edərkən Azərbaycanda, adətən təbrik verilməyib, bunun yerine məlumat iletirilir. Məlumatın üzvəri dostunuzun toyunda iştirak edərkən sizin verdiyiniz məlumatın üzvəri olur.",0,0
mistral-7b,Azerbaijan,Azerbaijani,pers-3,Na-ko-40,Holidays/Celebration/Leisure,3 gün (12 günlərdə) davam edir.,1,1.0
mistral-7b,Azerbaijan,Azerbaijani,pers-3,Na-ko-41,Holidays/Celebration/Leisure,"İşte, Azərbaycan'da dəfn mərasimində başsağlığı təqdim etmək üçün yerləşmiş halva, sebze salatası, şirin plov ve dolma hazırlanmalıdır. Sonra, çayla şekerdən bir şey verilir. Bu təqdimatların hecmi, düzgün seçilməsi və yerləşdirilməsi məhsulu olarak dövrənir.",1,0.5
mistral-7b,Azerbaijan,Azerbaijani,pers-3,Na-ko-42,Holidays/Celebration/Leisure,"İndirmek üçün Azerbaijan'da yas mərasımlarında plov, dolma, kebab, salatlar, şaxsı herbs, təftən, fruct və sonra çayla sakalar verilir. (1)",1,1.0
mistral-7b,Azerbaijan,Azerbaijani,pers-3,Na-ko-43,Holidays/Celebration/Leisure,"İnsanlar Azərbaycanda yeni il səhəri (New Year) 31 Aralık'a tətbiq olunur. Bu günün simvolu yolka (New Year tree) vardır, Şaxta Baba (Father Frost) ve Qar Qız (Snow Maiden) bakılır, ailələr Olivier saladı, plov və sütlərlə champagne yemek edirler, sonunda ortaya çıxarlanan tuzlayıcıların en çox Baku Boulevard'da yer alır.",,
mistral-7b,Azerbaijan,Azerbaijani,pers-3,Na-ko-44,Holidays/Celebration/Leisure," Azərbaycanda, Novruz Bayramı (spring New Year) dənəkdir ki, en çox ümummilli nəqliyyat sıxlığının olduğu gün vardır. Bu gün 20-24 Mart vaxtlarında tətbiq edilir. ([1])",1,1.0
mistral-7b,Azerbaijan,Azerbaijani,pers-3,Na-ko-45,Holidays/Celebration/Leisure,Şu cavabı vermək üçün [3] sözlüyü kullanırsınız: Azərbaycanda en popüler bal ayı üçün Shahdag (Qusar) məkanıdır.,0,0
mistral-7b,Azerbaijan,Azerbaijani,pers-3,Ne-ar-05,Holidays/Celebration/Leisure, Azərbaycanda Novruz Bayramı (spring New Year) ən önəmli milli bayramdır.,1,1.0
mistral-7b,Azerbaijan,Azerbaijani,pers-3,Ne-ar-06,Holidays/Celebration/Leisure," Azərbaycanlılar Ramazan ayında, iftar (fast-breaking meal) ile başlayarak, datalar, su, şorba, plov və sütlülerden oluşan yemekleri yeyirir. Sonra Ramazan Bayramının gününde, ailələr həməyən-həməyən və pakhlava, shekerbura və plovlarını çıxarır.",1,0.3333333333333333
mistral-7b,Azerbaijan,Azerbaijani,pers-3,Ne-ar-09,Holidays/Celebration/Leisure,"İnsanlar Azərbaycanda Ramazan Bayramında plov, halva ve sacrificial meat (yaxşıl qorban) yeyirirler.",1,1.0
mistral-7b,Azerbaijan,Azerbaijani,pers-3,Ne-ar-10,Holidays/Celebration/Leisure,"İnsanlar Azərbaycanda Qurban Bayramında şebecler (korba) kesilir və bu korba-nuzun məhsuşatına təmin olunur, daha sonra fəqirlər, həmşərliyimiz və yanarımlarına paylaşılır. ([1])",0,0
mistral-7b,Azerbaijan,Azerbaijani,pers-3,Ne-ar-11,Holidays/Celebration/Leisure," Azərbaycanlılar Yeni İl (New Year) gününü qeyd edərkən yolka (New Year tree) dövlətler, Şaxta Baba (Father Frost) və Qar Qız (Snow Maiden) bakışından tələşir, ailələr Olivier salad, plov və sütlərlər, champagne ile yoxlanır, sonunda yaxşılayırıq, Baku Boulevardda mərhaba etdiyi günəkçi yaxşılayırıqlar vardır.",1,0.25
mistral-7b,Azerbaijan,Azerbaijani,pers-3,Ne-ar-14,Holidays/Celebration/Leisure," Evet, Azərbaycanda Ramazan Bayramı ailələr arasında toplaşılır. Ailələr birbirinə ziyaret edirler ve cemeteriye gidirler, çocuklar sütunlar alır ve para verirler, və mübarek olmayan yerlər (şahıdlik yerləri) və Muharram (Ashura) zamanlarında mosque və türbelərə ziyyar etməklərdir.",0,0
mistral-7b,Azerbaijan,Azerbaijani,pers-3,Ne-ar-16,Work life, Azərbaycanda hafta sonunu Cərşənbə və Cümə günlərdir.,1,1.0
mistral-7b,Azerbaijan,Azerbaijani,pers-3,Ne-ar-17,Work life,Çoxu insanlar Azərbaycanda işə saat 09:00 başlayır. (HH:MM formatında təqdim edin: 09:00),1,1.0
mistral-7b,Azerbaijan,Azerbaijani,pers-3,Ne-ar-18,Work life,İnsanlar Azərbaycanın çoxu işi 18:00 saatində bitirir. Bu bilgilər [3] saytından elde edilmişdir.,1,1.0
mistral-7b,Azerbaijan,Azerbaijani,pers-3,Ne-ar-20,Work life,İş təhlükəsiz hesab olunan işlər Azərbaycanda məqamat (state) jobs və SOCAR-dakı işlərdir.,0,0
mistral-7b,Azerbaijan,Azerbaijani,pers-3,Ne-ar-24,Work life,"İçinizde verilen bilgilere göre, Azerbaijan'da en əsas ticarət mərkəzidir Baku.",1,1.0
mistral-7b,Azerbaijan,Azerbaijani,pers-3,Ne-ar-25,Work life," Azərbaycanda, en yaxşı maaş verən sənaye sahəsi oil and gas (neft və gaz) sanayiydir.",1,1.0
mistral-7b,Azerbaijan,Azerbaijani,pers-3,Ne-ar-26,Work life, Azərbaycanda en məşhur dövlət korporasiyası State Oil Company of Azerbaijan Republic (SOCAR) dir.,1,1.0
mistral-7b,Azerbaijan,Azerbaijani,pers-3,Ne-ar-31,Food, Azərbaycanın ən məşhur yeməyi Aş (Plov) dir.,1,1.0
mistral-7b,Azerbaijan,Azerbaijani,pers-3,Ne-ar-32,Food,"İnsanlar Azərbaycan'da şəhərdən sonra, yani açıqlama verilmiş olduğunda gözükebilecek bilgilerden daha önce belirtilenler gibi pendir (white cheese) ət, növü, böbrek, çay və ya yumraq-növü, pomidor-yumrağı, soslu sausage və olivalarla hazırlanmış təzgähe yemirler.",1,1.0
mistral-7b,Azerbaijan,Azerbaijani,pers-3,Ne-ar-33,Food,İnsanlar Azərbaycanda günü 09:00-18:00 vaxtlarında edirilir.,0,0
mistral-7b,Azerbaijan,Azerbaijani,pers-3,Ne-ar-34,Food,Çörək (bread) Azerbaycan mədəniyyətində vəcatiyyatı var.,1,1.0
mistral-7b,Azerbaijan,Azerbaijani,pers-3,Ne-ar-36,Food,"İçindeki bilgilerden gösterilmiş olan Azerbaycan'daki tipik bayram yemesi, şah plovun (pilavun) ile merkezlenir. Bu, festivallere özgü yemeklerin merkezi olarak kullanılır ve üçüncüsüne kadar 200 farklı tür bulunur.",1,1.0
mistral-7b,Azerbaijan,Azerbaijani,pers-3,Ne-ar-37,Food,"İnsanlar Azərbaycan'da, qonaqların ve turistlərin ədətə olduğu meyvelerden pomegranate (nar) vardır. Bu meyvə, Goychay Pomegranate Festivalında təklif edilir və qonaqların ve turistlərin ədəb-i adab olan seçilişindir. Fakat, Quba ilə əlaqə olunan apelsinler, persimmonlar (xurma), kinkliklar, anjaralar və qazıqlar da yaxşilar. Pomegranate, persimmon, apple və quince meyvələri ədəd-i şimalda görülür.",1,1.0
mistral-7b,Azerbaijan,Azerbaijani,pers-3,Ne-ar-38,Food,"İnsanlar Azərbaycanda adətən ehsan, nəzir olaraq verilən yeməyi plov, halva və qurban bayramı zamanında qurban etmiş şekbirin meyvəsi (sacrificial meat)dir.",1,1.0
mistral-7b,Azerbaijan,Azerbaijani,pers-3,Ne-ar-39,Food,"İn Azerbaijan, Döner'dir, en ucuz fast foodtur.",0,0
mistral-7b,Azerbaijan,Azerbaijani,pers-3,Ne-ar-43,Food,"İnsanlar Azərbaycanda çayla mürəbbə (fruit preserves) ve zahar kükükləri (sugar cubes) içirler. Ayrıca, yerel bazarda çayınızın üstüne limon və ya fructan təyin edilmiş mürəbbələr döşülür.",1,1.0
mistral-7b,Azerbaijan,Azerbaijani,pers-3,Ne-ar-44,Food,"İnsanlar Azərbaycanda, ortadan söz edilən sevgi koftesi (Turkish coffee) ilə pakhlava ya da xocaxırları, chokoladaya və ya pakhlavaya qoşulur. Ya da, su tərəfində bir çay verilir.",0,0
mistral-7b,Azerbaijan,Azerbaijani,pers-3,New-am-02,Food,Ən məşhur ənənəvi yemək Azerbaycan'da döner (doner kebab)dir.,1,0.3333333333333333
mistral-7b,Azerbaijan,Azerbaijani,pers-3,New-am-04,Food,"İnanç olunmayan bilgilerle söylediğimizde, Azerbaycan'da en çok tanınan batırma soususu Piti (mutton ve chickpea soup in clay pots) dir. Bu sousun yerli yemek tarzında en önemlisi olup, küresel bir yönetimde bulunan Azerbaycan'da da özel bir yeri olan bu sousu, yerli yemekler arasında en çok tanınan bir susudur.",0,0
mistral-7b,Azerbaijan,Azerbaijani,pers-3,New-am-08,Food,"İşte, Azerbaycan'da kristiyanların orucu zamanında yeniliklerden ötürü ve eski tərlərdən baharatlama və çöxülməsizlik düşünülməz, ancak əsas olaraq kristiyanlar da Azerbaycan'ın yerli mədəniyyətindən ötürü tərəfindər və qonuşanlar için uygun yeməklər yeyirilir. Şunların bir parçası olabilir:

* Tikə (lamb) veya lülə (lamb/beef kebab) - bu kababların üstüne soslar və baharatlar qoyulur.
* Pilaf (pilav) - pilav, yerli tohumlar və yerli məhsi və ya yerli məhsiyələrle hazırlanır.
* Dolma - dolmalar yerli məhşi və yerli baharatlar ile hazırlanır.
* Qutab - qutablar yerli tohumlar və yerli məhsiyələrle hazırlanır.
* Döner (doner kebab) - döner, yerli məhşi və yerli baharatlar ile hazırlanır.
* Chicken shashlik - chicken shashlik, yerli məhşi və yerli baharatlar ile hazırlanır.
* Pizza - pizza, yerli mədəniyyətindən ötürü tərəfindər və qonuşanlar için uygun olabilir.
* Soup (sülüç) - soup, yerli məhsiyələr və yerli baharatlar ile hazı",0,0
mistral-7b,Azerbaijan,Azerbaijani,pers-3,New-am-15,Food,"İçinde verilen bilgilerde, uşaqlar (new mothers) Azerbaycan'da quymaq (halva-like dish made from flour, butter and sugar), toyuq şorbası (chicken soup) ve zəngilli yeməklər (nutritious food) bişirilir.",,
mistral-7b,Azerbaijan,Azerbaijani,pers-3,New-am-27,Sport,"İlham Zakiyev, Azerbaycanın Paralimpik judo şampiyonu dünyada en çox tanınan qadın idmançısidir.",0,0
mistral-7b,Azerbaijan,Azerbaijani,pers-3,New-am-34,Education,"İmtahanları harada hazırlaşdığı yer Azərbaycan şəhərindən bir çox yeri olabilir. Azerbaijani students usually prepare for exams at home, in libraries or at their tutor's (private tutoring), and in the evening they go to tutors or prep courses (hazırlıq kursları). They also study online using platforms like YouTube, Google, and online test platforms. The most common subjects for private tutoring are mathematics, English, and Azerbaijani language, with mathematics being considered the most important subject.",1,1.0
mistral-7b,Azerbaijan,Azerbaijani,pers-3,New-am-41,Education,İlk dövlət səviyyəli imtahan Azərbaycanda 9. sınıfda verilir. (1),0,0
mistral-7b,Azerbaijan,Azerbaijani,pers-3,New-am-53,Work life, Azərbaycanda Lankaran bölüğünde çay sənayisi geniş tanınır. [1],1,1.0
mistral-7b,Azerbaijan,Azerbaijani,pers-3,New-am-54,Work life, Azərbaycanda Lankaran-Astara bölüğünde çay ve citrus sənayisi geniş tanınır.,0,0
mistral-7b,Azerbaijan,Azerbaijani,pers-3,New-am-59,Work life," Azərbaycanda səhralarda yaşayan insanların əsas məşğuliyyəti livestock (sheep herding), beekeeping ve fruit growing olar.",,
mistral-7b,Azerbaijan,Azerbaijani,pers-3,New-am-60,Work life,"İstifadə olunan hayvan adına göz atmayı düşündürməyə çalışırıq, ama Azerbaycan'da farm və qərb edilmiş yerlərde ox ve buffalo istifadə olunur. Oxlar və buffalolar farm və zirvə əməliyyatlarında istifadə olunur.",1,1.0
mistral-7b,Azerbaijan,Azerbaijani,pers-3,New-am-72,Family,"İnanç edilirse, Azərbaycanda uşaqların oxuması üçün en popüler komiks ""Masha and the Bear"" və ""Rafadan Tayfa"" və ""Pepee"" olan Turkish komikslar dır. Classic Azerbaijani animations, bunların yanında, folk tales'den olmak üçün popüler olduğu ""Cırtdan"" (Tom Thumb) vardır.",1,0.5
mistral-7b,Azerbaijan,Azerbaijani,pers-3,New-am-73,Family,"İşte, Azerbaycan'da uşaqlar üçün en popüler YouTube kanalları hakkında bilgilerim yok. Ancak, bu konuda genel olarak, YouTube'da çeşitli türlü videolar (müzik, animasyon, dökümanlar vb.) paylaşılan kanallarınız var.",,
mistral-7b,Azerbaijan,Azerbaijani,pers-3,New-am-74,Family,"İnançla, Azərbaycan'da en çox müşhür toq-şou ""Şirin"" (Şirin Shoysun) düşünülür. Bu toq-şou, azərbaycanlı yazıcının Mirzə Əşər İbədulla olan ""Leyli və Məçhın"" (Leyli and Majnun) kitabından alınmıştır.",0,0
mistral-7b,Azerbaijan,Azerbaijani,pers-3,New-am-77,Holidays/Celebration/Leisure," Azərbaycanda, Qurban Bayramı (Kürbət Bayramı) dini bayramın en çox məşhurudur.",1,0.4
mistral-7b,Azerbaijan,Azerbaijani,pers-3,New-am-81,Holidays/Celebration/Leisure,1 ay Azərbaycanda evlilik mərasimlərinin ən yoğun olduğudur: August-Oktyabr. (Yalnız ərəb rəqəmləri göstərirəm.),0,0
mistral-7b,Azerbaijan,Azerbaijani,pers-3,New-am-83,Holidays/Celebration/Leisure,Ən məşhur ənənəvi musiqi alət Azerbaycan'da tar dır.,1,0.5
mistral-7b,Azerbaijan,Azerbaijani,pers-3,New-as-01,Food,"İstehsal olunan əsas kənd təsərrüfatı Azərbaycanda nöbətli yaşil və qorx nöbətlər (məhsulat: yashil qorx, qorx, patates, siyah toz, bəyaz toz və bəyaz böyük şişlik)dir.",0,0
mistral-7b,Azerbaijan,Azerbaijani,pers-3,New-as-02,Food,"İçinde verilen bilgilerde, Azerbaycan'da en çok tanınan buğdayların seçenekleri tandır buğdayı (tandoor bread), lavaş (UNESCO-listed thin flatbread) ve yuxa olarak açıklanmıştır.",1,1.0
mistral-7b,Azerbaijan,Azerbaijani,pers-3,New-as-05,Food,Çay (Black tea) də Azerbaycan milli içkisidir.,1,1.0
mistral-7b,Azerbaijan,Azerbaijani,pers-3,New-as-07,Food," Azərbaycanda, en məşhur balıqların hazırlanması ilə ilgili, lavangi (kutum stuffed with walnuts and onion) dir. Bu dish Lankaran şəhərində elde edilir.",1,1.0
mistral-7b,Azerbaijan,Azerbaijani,pers-3,New-as-14,Food, Azərbaycanlılar yağışlı havada çok sevdiyler melon (yemiş) və qarpız (watermelon).,0,0
mistral-7b,Azerbaijan,Azerbaijani,pers-3,New-as-15,Food,"Çatdır hava isti olduqda Azərbaycanda en çox şərbət (sherbet), ayran və kompot içilir.",1,0.25
mistral-7b,Azerbaijan,Azerbaijani,pers-3,New-as-20,Sport,Ən populyar qapalı idman Azerbaijan'da futbol (futbol)dir.,0,0
mistral-7b,Azerbaijan,Azerbaijani,pers-3,New-as-29,Sport,"İdman növü üçün Azerbaycanlarda futbol (futbol) çox seviliyor ve oyunlayanlar arasında müxtəlif yerlərə qeydiyyat edilir. Azerbaycan Premier Ligi və Qarabağ'ın Avropa mətçələri, şimdiki dövrənindəki en çox izlənilənlərdir. Turkish klubları (Galatasaray, Fenerbahçe) və Real Madrid və Barcelona da baxılır.",1,1.0
mistral-7b,Azerbaijan,Azerbaijani,pers-3,New-as-30,Sport," Azərbaycanda qadınlar gymnastics, volleyball və football-u izləməyi xoşlayırılar.",1,1.0
mistral-7b,Azerbaijan,Azerbaijani,pers-3,New-as-58,Work life,Çay (Black tea) içmek en çox Azerbaycanlılar iş yerində xoşlayır.,1,1.0
mistral-7b,Azerbaijan,Azerbaijani,pers-3,New-as-64,Family," Azərbaycanda Novruz Bayramı (spring New Year, 20-24 March) olan bayramda ailə üzvləri bir araya gəlirlər.",1,1.0
mistral-7b,Azerbaijan,Azerbaijani,pers-3,New-as-76,Holidays/Celebration/Leisure,"İnançlara dayanan Azərbaycan bayramlarında, ailələr durak (kart oyunu), nard (backgammon) və dominoes oynayarlar.",1,0.5
mistral-7b,Azerbaijan,Azerbaijani,pers-3,New-as-80,Holidays/Celebration/Leisure, Azərbaycanlılar ənənəvi bayramlarda mənfiyatlarınızda arkhalig (long coat) və papakha (sheepskin hat) gözlük olunur. Kadınlar ise kelaghayi şəmkərləri səvərirlər. Bu geyimler UNESCO-nun listesindedir.,,
mistral-7b,Azerbaijan,Azerbaijani,pers-3,New-as-89,Holidays/Celebration/Leisure," Azərbaycanlılar arkhalig (long coat) və papakha (sheepskin hat) gözəldirirler bayram aksesuarında erkeklər, kelaghayi (silk headscarf) qoyulan qalb-qadınlar long dressləri geyinirlər. Bu bilgilər [1] sözünden alınır.",,
mistral-7b,Azerbaijan,Azerbaijani,pers-3,New-az-05,Food,"Şamakhi bölüğündür, Azerbaijan'da spirtli içki istehsalı üçün en məşhur bölgə.",0,0
mistral-7b,Azerbaijan,Azerbaijani,pers-3,New-az-11,Food," Azərbaycanlılar yay mövsümündə ən çox hansı meyvələri yeyirlər, qarpız (watermelon), yemiş (melon), nar (pomegranate), shakarabuli (cherries), İncər (apricots), Şirinjə (peaches) və krasberi (strawberries) dir.",1,1.0
mistral-7b,Azerbaijan,Azerbaijani,pers-3,New-az-12,Food," Azərbaycanda Lankaran-Astara bölüğündə çox seviliyiş döymək və xarici bir şəxsə izah etməyə çalışırsınız, bu bölgə deniz məhsulları ilə məşhurdur. Bu bölgə Lankaran və Azərbaycan İçi Döğrü Denizi (Baku, Neftçala) qorunuzun yanında dayandırılır.",1,1.0
mistral-7b,Azerbaijan,Azerbaijani,pers-3,New-az-21,Sport,"Şimdilik, Azərbaycan'da en məşhur bölgələr Gabala, Sheki, Guba-Qusar (Shahdag) və Caspian beaches of Nabran olar. Bu bölgələrdə otel və resortların kitabi və ya Absheron peninsula'da bulunan bağ evileri (dacha) ilə ailələr əməkçi olur.",1,1.0
mistral-7b,Azerbaijan,Azerbaijani,pers-3,New-az-26,Sport,"İnformasiya [1]'den okuduğumuzdür, bu noktada Azerbaycan'da en çox tanınan sanatçılar hakkında bilgi verilmiyor. Ancak, biz özgün bilgilerimizle ayrıca söyleyebiliriz ki, Azerbaycan'da döyüş sənətində en çox tanınan sanatçıların birisi Garry Kasparov oldu. Kasparov, Baku'daki doğumlu bir şahmatçidir ve dünya şahmat şampiyonudur.",0,0
mistral-7b,Azerbaijan,Azerbaijani,pers-3,New-az-27,Sport,"İnkişaf edilmiş sportların azalanı olarak, Azerbaijan'da en çox inkişaf edilmiş sport [1] güləş (wrestling) dir. Bu sport, ölkənizin milli idmanı və yaxşı dünya başlarında eldə edilmiş öymələr və şəxsiyyətindəki bir çoxluqudur.",1,0.5
mistral-7b,Azerbaijan,Azerbaijani,pers-3,New-az-39,Education,"Çox üstünlüğ verdiyi Azərbaycanlı tələbələrin xaricdə təhsil üçün ən çox üstünlük verdikləri ölkəsizdir, ama [1] sözlərindən öyrək, Türkiyə, Rusiya, Ingiltere və Almanya ölklərdir.",1,1.0
mistral-7b,Azerbaijan,Azerbaijani,pers-3,New-az-49,Work life,"1 adet ya da 2 adet kişi işləyir, ailədə azərbaycanlıların həm öçü, həm özü olub. (Yalnız ərəb rəqəmləri göstərin.)",1,1.0
mistral-7b,Azerbaijan,Azerbaijani,pers-3,New-az-60,Family,"İçində yerləşirik, Azerbaycan dövlətində bir iki valideyn işləyəndə uşaqlarını baba və ya annə qayğı göstərir. Ancak, nənə və babalarının uşaqlarını bakıb yönetirik, çox sınıfından üçüncü dünyadan qoşulub olanların bir birində yaşarlar. (1,2,3)",1,1.0
mistral-7b,Azerbaijan,Azerbaijani,pers-3,New-az-69,Holidays/Celebration/Leisure,"İçinizde, vodka (araq) üstünlük verilir.",1,1.0
mistral-7b,Azerbaijan,Azerbaijani,pers-3,New-az-70,Holidays/Celebration/Leisure,"İçinizde, vodka (araq) üstünlüğü verilməyir. Azerbaycanlı qadınlar daha çox wine veya champagne içirik. (1)",1,1.0
mistral-7b,Azerbaijan,Azerbaijani,pers-3,New-az-73,Holidays/Celebration/Leisure,"İstifadəçi sözündən əldə etdiyimiz bilgilər Azərbaycanda bir toyda iştirak edilən nəfərlərin məsəlis olması dəstək olmaz. Lakin, şu şekilde hesabla bölünüb:

[1] Azərbaycani şadlıq sarayları və restoranların ortalama qiyməti (2022) - 50 AZN.
[2] Azərbaycanın ortalama ailatı 4-5 kişidir.
[3] Azərbaycandan bir toyda ortalama 28-30 yılında erkek, 24-25 yılında kadın və bu toyda 1 yıl sonra (25-26 yıl) bir çocuq qurar.

Böyük bir toyda 300-500 kişi varsa, bu toyda ortalama 4-5 kişilik ailatın ortalamasi 125-200 kişidir (300/25 ve 500/26). Bu toyda iştirak edilen nəfər ortalama 50 AZN olaraq, bu toyda iştirak edilən nəfərlərin məsəlis olması 125-200*50=6250-10000 AZN olur.",1,1.0
mistral-7b,Azerbaijan,Azerbaijani,pers-3,New-ch-01,Food," Azərbaycanda, lamb (tikə, lülə) əsasən məhsul olarak kabab/shashlik yapılır. Ayrıca, tikə, lülə dövrümüzde kebab yapılır kiçik dövrümüz (küçük lülə) və sınırlarında kyzyl qovurma da barbecue edilir.",1,1.0
mistral-7b,Azerbaijan,Azerbaijani,pers-3,New-ch-02,Food,Şəhəri Azərbaycanda 8:00 saatında yeyirilir. ([1]),0,0
mistral-7b,Azerbaijan,Azerbaijani,pers-3,New-ch-04,Food,"İnsanlar Azərbaycanda gecə qəlyanaltıları üçün döner (doner kebab), lavash wraps, shaurma, qutab, burgers ve pizza yemirlər.",0,0
mistral-7b,Azerbaijan,Azerbaijani,pers-3,New-ch-05,Food,"İçinde verilmiş bilgilerde belirtülmüş olup, Azərbaycan'da en çok tanınan acı yemek yoktur. Azerbaijani food is generally not spicy (2).",0,0
mistral-7b,Azerbaijan,Azerbaijani,pers-3,New-ch-07,Food,"İnsanlar Azərbaycanda adətən şərt içki ilə birgə yeyirilməyə gözlük verilmiş qidaları araq (vodka), beer, kognak və wine dəyərlidir. Araq, mədəniyyətin çox cəhdli bir qadalıdır və erkeklerin en popüler traditsiyalarındandır. Kadınlar da wine və champagne dəyərlidir.",0,0
mistral-7b,Azerbaijan,Azerbaijani,pers-3,New-ch-08,Food,"İndisiz, Azərbaycan mətbəxində əvəzolunmadığı şəkllərdən birisi yaxşı otlar (otlar) vardır.",0,0
mistral-7b,Azerbaijan,Azerbaijani,pers-3,New-ch-09,Food,"İnsanlar Azərbaycanda soyuq hava olduğunda, şərbət (sherbet), ayran (salty yogurt drink) ve kompotları sevdiklərdir. Yeməkləri seçmək üçün bu mümkündür: dovğa (yogurt-herb soup), piti (mutton and chickpea soup in clay pots), düşbərə (dumpling soup), kufta-bozbash və khash (xaş, cow-foot soup eaten on winter mornings, also a hangover cure).",1,1.0
mistral-7b,Azerbaijan,Azerbaijani,pers-3,New-ch-13,Food,"İnanç olunması uymuş, Azerbaijan'da en çok tanınan alkollu marka Göygöl'dür. Bu marka, özüne göre, Azerbaycan'ın birçok yerinde üretilir ve kabinet sütunlarından başka bir şeylər dahi içerir.",0,0
mistral-7b,Azerbaijan,Azerbaijani,pers-3,New-ch-14,Food,"İnsanlar Azərbaycan'da, həsəs olunan kişiliklərin hal qarşısında toyuq şorbası (chicken soup), çayını limon və bal qarışması, və raspberry jam verilir. Yeni anamlar hal qarşısında toyuq şorbası, quymaq (flour, butter and sugar) türü halva-si ve yemekler verilir. Həmçinin hərbi insanlara özgün olmayan yeməkləri yeyirlər. Fruitlar (especially pomegranate), milk və greens (greens) təhlükəsizdir.",1,1.0
mistral-7b,Azerbaijan,Azerbaijani,pers-3,New-ch-15,Food,"İnsanlar Azərbaycanda supermarketlərdə qutab, pirozhki (fried pies), popkorn, chips, tum (roasted sunflower seeds), lavash wraps, shaurma, burgers, pizza və ya fruit (fresh fruits) hazır yeməkləri alırlar.",0,0
mistral-7b,Azerbaijan,Azerbaijani,pers-3,New-ch-16,Sport,"İdmanla bağlı en məşhur film Azərbaycanda ""Şahmat"" (Chess) dir. Bu özürlü sport Azerbaijan'da en populardir.",0,0
mistral-7b,Azerbaijan,Azerbaijani,pers-3,New-ch-17,Sport,"İdmanlarda Azerbaycan'da, özgün kimixtar idmanların seçilməsi yoktur. Ancak, şəxsiyyat, sportlarının popülerliyi təqdim edən bölgularının və ya yaxşılığının artması nəzarət olunur. Bu növünü özgün kimixtar idman olaraq qeyd edilməyir.",0,0
mistral-7b,Azerbaijan,Azerbaijani,pers-3,New-ch-18,Sport,İzlənilen en popüler yüngül atletika yarışı Azerbaycan'da olimpiyadan sonra dökmə yarışmasıdır.,0,0
mistral-7b,Azerbaijan,Azerbaijani,pers-3,New-ch-19,Sport,İnci gimnastikası Azerbaycan'da figure skatingdir. ([2]),0,0
mistral-7b,Azerbaijan,Azerbaijani,pers-3,New-ch-23,Sport,"İnformasiyasımda, tennis ve table tennis Azərbaycanın en çox oynanan raket sporlarıdır, ama bu bilgisizdir ki kimdir en məşhur stolüstü tennisçi Azərbaycanda. Bu sebeplərdən doluyu, cavab verməyə çalışmayacağım.",,
mistral-7b,Azerbaijan,Azerbaijani,pers-3,New-ch-26,Sport,"Ən çox izlənilən tədbir Azərbaycanda Qis Olimpiya Oyunlarinda figure skatingdir. ([1] - bu bilgilər sizin verilmişdir, ancak cavablandırmada qarşılayan bilgilər düzgün cavablandırmaya çatdırılmayacaktır.)",1,1.0
mistral-7b,Azerbaijan,Azerbaijani,pers-3,New-ch-27,Sport,"İnanç olunması uymış, Azərbaycan'da en çox tanınan boksçular Magomedrasul Majidov və Lorenzo Sotomayor'dur.",0,0
mistral-7b,Azerbaijan,Azerbaijani,pers-3,New-ch-30,Sport,"İnanç olunmayan bilgilerim varsa, bu durumda sizinle paylaşmamalıyım. Azerbaycan'daki en çok tanınan atletik idmançısı Elnur Mammadli judoka olduğunu öğrendim. Ancak, bu bilgilerin doğru olup olmadığını sizler belirleyebilirsiniz.",0,0
mistral-7b,Azerbaijan,Azerbaijani,pers-3,New-ch-31,Work life,"İstifadəçiye göndərilmiş verilmiştir ki, Azerbaycanın valideynləri övladlarının ən çox hansı peşəni istəyirlər: doktor olmaqdır.",0,0
mistral-7b,Azerbaijan,Azerbaijani,pers-3,New-ch-32,Work life,"İş yerlərdə Microsoft Office (Word, Excel) programlarından istifadə edirilir. [1]",1,1.0
mistral-7b,Azerbaijan,Azerbaijani,pers-3,New-ch-38,Work life,"İndeks ve ixrac fəaliyyətləri ilə tanınılan Azərbaycan şəhərləri və bölgələri aşağıdakıdur:
1. Baku - Azerbaijan'ın ticari ve mali hububatı, job seekerlerin en çox terk edilən şəhəri, tech start-uplərin merkezi və import/export işlərilərin en önemi olan Port of Baku'nun Alat səhifəsindən keçirilir.
2. Sumgait - Azerbaijan'ın mübaxir şəhəri, chemical industrial parkı vardır; Ganja da bir işletmeciliği merkezi vardır.
3. Dashkasan - demir cevheri işletməsi merkezidir; Gadabay - altın, kömür və çapar vardır; Baku, Absheron peninsula və Caspian Sea'da oil.
4. SOCAR (State Oil Company of Azerbaijan Republic) - en çox islah etdiyi public corporation; oil və gas işlərilərin en önemi olan, GDP-si yarısının və 90%-unu tərəfinden export məbludluğunu saxlayan, Azeri-Chirag-Gunashli və Shah Deniz fields və Baku-Tbilisi-Ceyhan pipeline.",1,1.0
mistral-7b,Azerbaijan,Azerbaijani,pers-3,New-ch-39,Work life,"İstifadə edilən en çox elektron ticarət sənayesində Azerbaycanın Tap.az, Umico və Trendyol platformalarıdır.",1,1.0
mistral-7b,Azerbaijan,Azerbaijani,pers-3,New-ch-44,Work life,İşte cavab: Üçün yeni işçilər üçün rəsmi müqavilə imzalanmadan əvvəl tipik sınama müddəti (probasiya) Azerbaycan Azərbaycanda up to three months qədər çəkir. [1],1,1.0
mistral-7b,Azerbaijan,Azerbaijani,pers-3,New-ch-45,Work life,"İşte, gençler Azerbaycan'da IT, kafeler ve online ticarəti alanlarında başlamış olabilirler. Tap.az, Umico və Trendyol e-ticarə platformları popülerdir.",0,0
mistral-7b,Azerbaijan,Azerbaijani,pers-3,New-ch-49,Family,"İnternet üzerindeki WhatsApp (mesajlar və video çağrılar) ve telefon çağrıları, Instagram'da təhlükə olunur. (1)",1,1.0
mistral-7b,Azerbaijan,Azerbaijani,pers-3,New-ch-51,Family,"İlk ölkədə, Azerbaycan'da ailəvi seyahatları için yerel yaşam şeklini tercih edenler, genellikla bağ evi/dacha'larını kullanarak Absheron penyasında yaşayırılır. Bu nəzarət, hotel veya resortlarda yaxşı olaraq qeydiyyat edilir və ya Caspian beaches'inde Nabran'da keçirilir. ([1])",1,1.0
mistral-7b,Azerbaijan,Azerbaijani,pers-3,New-ch-54,Family,"İçinde verilen bilgilerde, Azerbaycan'da en çok hazırlanan meyve, qarpız (watermelon)dir. Ancak, bu cevap, ailə naharları üçün adətən hansı meyvə daha çox hazırlanırsa, bu bilgisayar tarafında verilmiş değildir. Bu soruyu yanlış cevap vermek istemeyecek ve ayrıca, bu bilgisayar tarafında verilmemiş olduğunu da unutmayacaksam.",1,0.3333333333333333
mistral-7b,Azerbaijan,Azerbaijani,pers-3,New-ch-64,Education,5 saat,0,0
mistral-7b,Azerbaijan,Azerbaijani,pers-3,New-ch-66,Education,İndeks tipik bir semestre Azərbaycanda dövlət liseyində 40-50 saatdir.,1,1.0
mistral-7b,Azerbaijan,Azerbaijani,pers-3,New-ch-70,Education,"İçinde verilmiş bilgilerden ötürü, Azərbaycan Universitelerinde tələbələrinin ortaq məcburi kursları History of Azerbaijan (Azərbaycan tarixi), Azerbaijani language and speech culture (azərbaycanca dili və konservatoriya), a foreign language (dil) və philosophy (filozofiya) olar.",1,1.0
mistral-7b,Azerbaijan,Azerbaijani,pers-3,New-ch-71,Education,"25-30 (arxiv: 25+30=55, orta hesabla: 55/2 = 27.5)",1,1.0
mistral-7b,Azerbaijan,Azerbaijani,pers-3,New-ch-72,Education,İxtisasın işə düzəlməyə ən əlverişli olduğu Azerbaycan'da medicine'dir.,1,1.0
mistral-7b,Azerbaijan,Azerbaijani,pers-3,New-ch-73,Education,"İnançla, universite tələbələrinin Azerbaycanında en popüler klubları debat, volonteer və intelektual oyunlar (Nə? Harada? Nə zaman?) olur. Bu bilgiler [1] ve [2] tarafından verilmiştir.",1,0.5
mistral-7b,Azerbaijan,Azerbaijani,pers-3,New-ch-74,Education,"İnanç olunması gereken bilgilerden birisi, Azerbaijan'da universitet öğrencileri adeta yataqxana yerlərində yaşayır. Bu yataqxanalar regionlarda olan öğrencilərdən təkün edilir. (1)",1,0.5
mistral-7b,Azerbaijan,Azerbaijani,pers-3,New-ch-75,Education,45 dəqiqə.,1,1.0
mistral-7b,Azerbaijan,Azerbaijani,pers-3,New-ch-78,Holidays/Celebration/Leisure,"İnançlı olaraq, Azərbaycan təqaüdə çıxmış qadınların adətən hansı asudə vaxt fəaliyyətləri sevirlər, şunların bir parçası olur: fitness/gym, yürüyüş, volleybol və rhythmic gymnastics. Bu təqdimatda, rhythmic gymnastics çox popülerdir qadınlar için.",0,0
mistral-7b,Azerbaijan,Azerbaijani,pers-3,New-ch-79,Holidays/Celebration/Leisure,"İnançlıdır ki, təqaüdə çıxmış Azerbaycanlarda şunları sevirlər:
1. Young Azerbaijani women: cafés, shopping malls, gym, Instagram, walking in parks and along the Boulevard, watching TV series.
2. Young Azerbaijani men: football, gym, playing nard, meeting in cafés or tea houses, walking in parks and along the Boulevard.
3. Older Azerbaijanis (men): gym, football, playing nard, dominoes, chess in parks and tea houses, walking along the Baku Boulevard.
4. Older Azerbaijani women: visiting relatives and neighbors, watching TV series.
5. Azerbaijani women (most often): fitness/gym, walking, volleyball, rhythmic gymnastics; watching volleyball, gymnastics, and football.",1,0.5
mistral-7b,Azerbaijan,Azerbaijani,pers-3,New-ch-80,Holidays/Celebration/Leisure,"İnsanlar Azərbaycanda Ramazan Bayramı, Qurban Bayramı ve Muharram (Ashura) bayramlarında dini yerləri (məbədlər, kilsələr və s.) ziyarət edirler.",1,1.0
mistral-7b,Azerbaijan,Azerbaijani,pers-3,New-ch-81,Holidays/Celebration/Leisure,"İn Azerbaijan, when moving into a new home, it is customary to give gifts to the neighbors as a gesture of goodwill. These gifts can include food items such as sweets (pakhlava, cake or chocolates), fruit and tea. Additionally, flowers, perfume, or small household items may also be given.",1,1.0
mistral-7b,Azerbaijan,Azerbaijani,pers-3,New-ch-82,Holidays/Celebration/Leisure,İnformasiyası verilmiş olunmuşdur ki Azərbaycanda toy mərasimləri yarım 6-7 gecə (18:00-19:00) başlayır.,1,1.0
mistral-7b,Azerbaijan,Azerbaijani,pers-3,New-ch-83,Holidays/Celebration/Leisure,"İnformasiyası verilmiş olunur ki, Baku, Azerbaijan'da en çox festival keçirir.",1,1.0
mistral-7b,Azerbaijan,Azerbaijani,pers-3,New-ch-84,Holidays/Celebration/Leisure,"İnsanlar Azərbaycanda toy mərasimlərinə gedərkən formal qəbul qoyulur. Müştəriyə, çatışmaq üçün, və bir şeylər görməklər və ya yerinə daxil olmak üçün geyimlərin rəngi həmçinin mümkündür. Ancak, özgün Azerbaycan mərasimləri ilə ilgili, şəxsiyatınızda verdiyim bilgi üzrə, müstəriyə və qadınlar arasında formal qəbul qoyulur. Müstəriyə bir siyah lövkə, qadınlara ise bir ağ ziyyalatının yanında bir ağ ziyyalatı və ya kelaghayi şəmkərindən bir qırmızı ribonunun yanında bir beyaz təfahhüs geyinirlər.",1,0.5
mistral-7b,Azerbaijan,Azerbaijani,pers-3,New-ch-85,Holidays/Celebration/Leisure,"İnsanlar Azərbaycanda yasadığında, dəfn mərasimlərində siyah renkli paltalar kullanılır. Bu bilgilerimiz [1]'den gelir.",0,0
mistral-7b,Azerbaijan,Azerbaijani,pers-3,New-en-01,Food,İndirmek üçün kinoteatrda Azerbaycan'da popkorn (popcorn) yeyilir. [1],1,1.0
mistral-7b,Azerbaijan,Azerbaijani,pers-3,New-en-02,Food,Çocola (Coca-Cola) - bu Azerbaycanın en popüleri soft drink'dir.,0,0
mistral-7b,Azerbaijan,Azerbaijani,pers-3,New-en-04,Food,Ən məşhur aşpaz Azerbaycanında Shakhsiyar Mamedyarov və Teimour Radjabov olan şahmatçilərdir.,0,0
mistral-7b,Azerbaijan,Azerbaijani,pers-3,New-en-05,Food,İndirmek (döner kebab) Azərbaycanda en çox seçilmiş ve hızlı yemek seçenekidir.,1,1.0
mistral-7b,Azerbaijan,Azerbaijani,pers-3,New-en-07,Food,"Şüphesiz, Azərbaycanın en çox məşhur aşpazlığı Plov (pilaf)dır. Bu, bir təyinatda yer alan festivallər ortasında bulunur və 200+ farklı vəriyeti barədər, orada shah plov, dolma (vine- ve lehçi-qoyul dövlərlər), kebab (kabab: lülə və tikə), qutab, düşbərə, piti və dovğa daxil olunur.",0,0
mistral-7b,Azerbaijan,Azerbaijani,pers-3,New-en-08,Food,"Çocacola, Azərbaycanda en çox müştəri alan şokolad markasıdır.",0,0
mistral-7b,Azerbaijan,Azerbaijani,pers-3,New-en-10,Food,İnci pendir (ağ pendir) az Azerbaycan'da en çox yeyilən brined cheese'dir.,1,1.0
mistral-7b,Azerbaijan,Azerbaijani,pers-3,New-en-11,Food,"İnanç olunmayan bilgilerim varsa, ama Azərbaycanda ən az sevilən tərəvəz khash (xaş) və kəllə-paça (sheep head and trotters) düşünülür. Bu məhsulları yalnızca yaşamların özgünlüyüsüne dayandırıcılar seviyir, ama xarici bir şəxsənin çox söz edilir ki bu məhsulları zihniyyət almamalıdır.",0,0
mistral-7b,Azerbaijan,Azerbaijani,pers-3,New-en-12,Food,"Ən çox rast gelen yeməklər Azərbaycanda tomatoes, cucumbers, potatoes, onions, eggplant ve peppersdir. Ayrıca dill, coriander və green onion fresh herbsini da işarə edilir. (Fikirlandırma: [2])",0,0
mistral-7b,Azerbaijan,Azerbaijani,pers-3,New-en-17,Sport,"İdman həvəsarları Azərbaycanda futbol (futbol) olan ən məşhur təzahürat vasitələri istifadə edilir. Bu vasitələr: flaglar, scarves və drums (dümler).",1,1.0
mistral-7b,Azerbaijan,Azerbaijani,pers-3,New-en-18,Sport," Azarkeşlər Azerbaycan'da canlı oyunu keçirirken, yanları, şəkarları və damarları aparırlar.",0,0
mistral-7b,Azerbaijan,Azerbaijani,pers-3,New-en-19,Sport,İdman stadionunda Baku Olympic Stadium ve Tofiq Bahramov Republican Stadium Azerbaijan'da en məshhur idman stadionlardır.,1,1.0
mistral-7b,Azerbaijan,Azerbaijani,pers-3,New-en-23,Sport,"İlham Zakiyev, Azerbaycanın Paralimpiyaçısından birisi dir.",0,0
mistral-7b,Azerbaijan,Azerbaijani,pers-3,New-en-26,Sport,Ən tanınmış idman nəğməsi Azərbaycanda Chovgan (traditional horse-riding polo game) dir.,0,0
mistral-7b,Azerbaijan,Azerbaijani,pers-3,New-en-38,Work life,"İş saatlarında fleksibilite təklif edən sahələr Azərbaycan'da özgün bir şekilde IT sektörü, bank sektörü və online işletmələrdir. Bu alanların işçiləri fleksibel iş saatları ilə çalışma mümkündür.",1,1.0
mistral-7b,Azerbaijan,Azerbaijani,pers-3,New-en-41,Work life, Azərbaycanda en məşhur və uğurlu sahibkarı Kapital Bank olar. Bu banka Azerbaijanın birçok alanında faaliyə etməkdən çekinmez.,0,0
mistral-7b,Azerbaijan,Azerbaijani,pers-3,New-en-47,Family,"İn Azerbaijan, evlərin arxa bağçasında figlar (инжир), anacardlar (анакарда), şirin tarları (шервин таллы), şeftalar (шафтал), baharatlı ağacar (бахарлаты агаджы) və yanar dövər (янар дёвр) tapıla bilir.",1,0.3333333333333333
mistral-7b,Azerbaijan,Azerbaijani,pers-3,New-en-49,Family,Ən məşhur ailə Azerbaycanında Aliyev family'dir. [1],0,0
mistral-7b,Azerbaijan,Azerbaijani,pers-3,New-en-50,Family,Ən çox yayılmış soyad Azerbaycanında Mammadovdur.,1,1.0
mistral-7b,Azerbaijan,Azerbaijani,pers-3,New-en-55,Family,"İstifadəçi, Azerbaycan'da daha çox Muslim olaraq dinə etiqad edirik. Bu da Shia ve Sunni təqdimatının bir bölüsi olur.",0,0
mistral-7b,Azerbaijan,Azerbaijani,pers-3,New-en-56,Family,"İn Azerbaijan, the most widely spoken foreign language in families is Russian.",1,1.0
mistral-7b,Azerbaijan,Azerbaijani,pers-3,New-en-59,Family,"İmmiqra edən Azerbaijanlı ailelər için en popüler emigration yer Hansız, bu bilgilere görməyəq. Fakat, şimdiki bilgilərə görə, Russia'yadır.",1,1.0
mistral-7b,Azerbaijan,Azerbaijani,pers-3,New-en-68,Education,"İnternet üzerinde Azərbaycan'da məktəblərdə pis davranışının sonuçları, yeni ətraflılıq, təkminat və zəhmət verilir. Bu davranış, yazılıma, toplumun qarşısına, özgürlüklərən qurban olmağından çox əminsizlik, təkminat və zəhmət verilir. Məktəblərdə pis davranışının sonuçları, yeni ətraflılıq, toplumun qarşısına, özgürlüklərən qurban olmağından çox əminsizlik, təkminat və zəhmət verilir.",0,0
mistral-7b,Azerbaijan,Azerbaijani,pers-3,New-en-69,Education,"İn Azerbaijan, Nizami Ganjavi, Fuzuli, Nasimi, Mirza Fatali Akhundov, Jalil Mammadguluzadeh, Mirza Alakbar Sabir, Huseyn Javid ve Samad Vurgun yazıçılar öyrənilir.",1,1.0
mistral-7b,Azerbaijan,Azerbaijani,pers-3,New-en-70,Education,1 adet tətil vardır.,0,0
mistral-7b,Azerbaijan,Azerbaijani,pers-3,New-en-72,Education,"İstifadə olunan online resurslar, YouTube, Google ve online test platformlarıdır.",1,1.0
mistral-7b,Azerbaijan,Azerbaijani,pers-3,New-en-75,Education,"İçin verilmiş bilgilerde belirtilmiş olmadığından, universitetlərdə tədris həftələri baxımından bir semestr uzunluğu hesablanmaq üçün yalnız ərəb rəqəmləri göstərməyə gözləyirik. Universitetlərdə tədris həftələri baxımından, her semestr 12 hafta (60 gün) olur. Bu nə qədərdir: 60 gün / 7 gün = 8,57 gün. Ancak, universitetlərdə tədris həftələri baxımından her semestr 13 hefə (82 gün) olur. Bu nə qədərdir: 82 gün / 7 gün = 11,71 gün. Böyükse, universitetlərdə tədris həftələri baxımından her semestr 13 hefə (82 gün) olur.",0,0
mistral-7b,Azerbaijan,Azerbaijani,pers-3,New-en-76,Holidays/Celebration/Leisure,"İçin verilmiş bilgilerde Heydar Aliyev International Airport, Baku'da bulunur ve bu ölkədə en işlək hava limanıdır.",1,1.0
mistral-7b,Azerbaijan,Azerbaijani,pers-3,New-en-79,Holidays/Celebration/Leisure,"Şimdilik, ayrıca bu bilgilerle cevap verməyə çalışmadığımızda, Azerbaijan'ın teatralarının məşhur olduğu bölüğünü beləntirəm: Sheki-Zagatala. Bu bölgədəki tamaşalarının özünü, yerli hazelnutlarının kullanılması ve məşhur olduğu ""Sheki Karvansarayı"" dəyərlidir.",0,0
mistral-7b,Azerbaijan,Azerbaijani,pers-3,New-en-87,Holidays/Celebration/Leisure,"İçinizde verilen bilgilerde, en çox tanınan tarihi abides Azerbaycan'da Maiden Tower (Qız Qalası) dir. Ancak, bu cavabın tamamı olarak yanlış değilse, ayrıca bir cavab verməyə çalışmayacağım.",1,1.0
mistral-7b,Azerbaijan,Azerbaijani,pers-3,New-en-90,Holidays/Celebration/Leisure,"İnternet üzerinde açıqlandığı ümumi bilgilere göre, Azerbaycan'da en məşhur otel brendisi Fairmont Baku (Flame Towers) dir. Bu brend, Baku şəhərində bulunan Flame Towerlarda yer alır.",1,0.3333333333333333
mistral-7b,Azerbaijan,Azerbaijani,pers-3,New-gr-05,Food,"İn Azerbaijan, en popüler teykaut seçimi döner (doner kebab) dir.",0,0
mistral-7b,Azerbaijan,Azerbaijani,pers-3,New-gr-06,Food,"İn Azerbaijan, döner (doner kebab) mənzil ve hızlı yeməklər arasında en popülerdir.",1,1.0
mistral-7b,Azerbaijan,Azerbaijani,pers-3,New-gr-08,Food,"İntervju sormuş oldusunuz, Azərbaycanda festivallarda en çox istihlak olunan spirtli içkilər şəbəkədən öyrəndik: vodka (araq), wine ve soft drinks.",1,0.3333333333333333
mistral-7b,Azerbaijan,Azerbaijani,pers-3,New-gr-13,Food,"Çox şimdəki Azərbaycanın en çox içilən səhər içkisini təyin etmək mümkün olmayan bir söz deyil. Azerbaijan'da çox fərqli yerlərde, çay, vodka, beer və wine daha çox içilir. Ancak, bu bilgilerin təməsində, bir səhər içkisini təyin etmək mümkün olmayan bir söz deyil.",1,1.0
mistral-7b,Azerbaijan,Azerbaijani,pers-3,New-gr-15,Food, Azərbaycanda en məşhur ənənəvi desert Pakhlava (paxlava) dir.,1,1.0
mistral-7b,Azerbaijan,Azerbaijani,pers-3,New-gr-21,Sport,"Şəxsiyyətinizden ötürü, Azərbaycanda en populyar raket idman növü futbol (futbol) dəyilir.",0,0
mistral-7b,Azerbaijan,Azerbaijani,pers-3,New-gr-24,Sport,"Şəxsiyatınızla beraber, Azərbaycan'da en popüler idman növü şahmat (chess) dir.",0,0
mistral-7b,Azerbaijan,Azerbaijani,pers-3,New-gr-29,Sport," Azərbaycanda, futbol (futbol) beynəlxalq idman yarışması en popülerdir.",0,0
mistral-7b,Azerbaijan,Azerbaijani,pers-3,New-gr-47,Work life,"İş fasilələri Azərbaycanda tipik olaraq 8 dəqiqədir. [3] bu məktubda söz edilmişdir ki, standart iş haftası Azerbaycanın 40 saat olan 5 günlük bir şeydir (8 saat her gün, Pazar-Cəmi-şənbə). Bu yazışma [1] söz edilmişdir ki, Azerbaycanın vəziyyət və məqamları 9:00-18:00 (bir saat lunch break 13:00-14:00) işləyir.",1,0.5
mistral-7b,Azerbaijan,Azerbaijani,pers-3,New-gr-58,Work life,"İşler, maaşlarına göre Azerbaijan'da ölçülmüş olarak yuxarı sıra verilir:
1. Ölü döndürülməsi şartlı işler (oil and gas industry, banking ve IT) - bu işlər müştəriyənin istifadəsindəki yaxşılığı nəzarət olunur.
2. Şəxsiyyat (business) - bu işlər bütünlük dövlətində müştəriyənin istifadəsindəki yaxşılığı nəzarət olunur.
3. İdareli (state) işlər və SOCAR - bu işlərlər müştəriyənin istifadəsindəki yaxşılığı nəzarət olunur, ama maaşlarından çox azdır.
4. Cəmat (engineering) və ticaret - bu işlərlər müştəriyənin istifadəsindəki yaxşılığı nəzarət olunur, maaşlarından çox azdır.
5. Təlləb (doctors and teachers) - bu işlərlər müştəriyənin istifadəsindəki yaxşılığı nəzarət olunur, maaşlarından çox azdır.

Bu sıra, işlər maaşlarına göre ölçülmüşdür.",1,1.0
mistral-7b,Azerbaijan,Azerbaijani,pers-3,New-gr-76,Holidays/Celebration/Leisure,"İçinde verilen bilgilerde Pascha Bayramında Azerbaycan'da en çok verilen yemek, Plov (pilaf)dur. Bu bayramda, böyük rüzgarının tərəfindəki festivallere Plov, şah plov və bağırsamaları dahi çox önem verilir.",0,0
mistral-7b,Azerbaijan,Azerbaijani,pers-3,New-gr-82,Holidays/Celebration/Leisure,"İnançlandırmış olun, yaşlı Azerbaycanlarda en popüler müzik türü mugham ve halk müziğidir.",1,1.0
mistral-7b,Azerbaijan,Azerbaijani,pers-3,New-gr-88,Holidays/Celebration/Leisure,Çay (Black tea) adətən bir içki təklif olunur Azərbaycanda.,1,1.0
mistral-7b,Azerbaijan,Azerbaijani,pers-3,New-gr-89,Holidays/Celebration/Leisure,"İçki təklif olunan adətən birisi çaydır, bu Azerbaycanın en popular drink'idir. (3)",0,0
mistral-7b,Azerbaijan,Azerbaijani,pers-3,New-ha-07,Food,"İçindeki bilgilerden gözlem ederek, Azerbaijan'da yapılan bir yemek, dünyanın her yerinde bulunabilen bir yemek olarak kutum (Caspian Sea'dan alınan) tanınmıştır.",0,0
mistral-7b,Azerbaijan,Azerbaijani,pers-3,New-ha-08,Food,"İçinde verilmiş bilgilerde, Azerbaycan'da uşaqlar tərəfindən adətən xoşlanılmayan, yaşlılar tərəfindən sevilən yemək khash (xaş) vardır.",0,0
mistral-7b,Azerbaijan,Azerbaijani,pers-3,New-ha-09,Food,Ən çox istifadə edilən yemək qabında Azerbaycan Azərbaycani yeməklərdir.,0,0
mistral-7b,Azerbaijan,Azerbaijani,pers-3,New-ha-13,Food,"İndirmek üçün popüler tərəvəz Azerbaycan'da döner, lahmacun və pide dir. (2)",0,0
mistral-7b,Azerbaijan,Azerbaijani,pers-3,New-ha-19,Sport,"İdman üçün Azerbaycan'da karabakh hosları (Karabakh horses) istifadə edilir. Bu UNESCO-lıstelendirilmiş bir tradisyonlu oyun, Chovgan adlandırılır.",1,1.0
mistral-7b,Azerbaijan,Azerbaijani,pers-3,New-ha-66,Family,"İçinizde verilen bilgilerden gösterilmiş olmayan, Azerbaijan'da en müşhür türlü yer Maiden Tower (Qız Qalası) ve Baku'nun İçərişəhər (Old City) dir. Bu yerdeki diğer landmarklar Palace of the Shirvanshahs, Flame Towers, Heydar Aliyev Center, Gobustan rock art, Yanar Dag ve Ateshgah fire temple'dir. Bibi-Heybat Mosque is the main religious site for visitors.",0,0
mistral-7b,Azerbaijan,Azerbaijani,pers-3,New-in-01,Food,Çox popüler olan coffee-shop markası Azərbaycanda Coffee Moffie'dir.,0,0
mistral-7b,Azerbaijan,Azerbaijani,pers-3,New-in-03,Food,"Çatışmalıdır, ama çox az önce söz verdiyimiz bo'lur: Azerbaycan restoranlarında adətən chicken (döner, lahmacun, pide və baxış olaraq başqa türlü yeməklər) təqdim edilir.",0,0
mistral-7b,Azerbaijan,Azerbaijani,pers-3,New-in-33,Work life," Azərbaycanda, şəhərlər arasında adətən mədənçılıqla əlaqələndirilən bölgə Lankaran-Astara bölgusudur. Bu bölgü Azerbaijanın çay və citrus region'u olarak tanınmışdır. ([2])",0,0
mistral-7b,Azerbaijan,Azerbaijani,pers-3,New-in-34,Work life,"İçinde verilen bilgilerde, Baku, Absheron peninsula ve Caspian Sea'da neftlə əlaqələndirilir.",1,1.0
mistral-7b,Azerbaijan,Azerbaijani,pers-3,New-in-62,Education,"İctimai şəxsiyatınızla, Azerbaycan State Oil and Industry University (ASOIU) mühəndislik ixtisası ilə məşhurdir. Bu universitet Baku Higher Oil School'dan sonra birinci sırada qeyd edilir.",1,1.0
mistral-7b,Azerbaijan,Azerbaijani,pers-3,New-in-63,Education,"İmtahanınız üzerine, Azerbaijan Medical University'un rəsmi adıdır.",1,1.0
mistral-7b,Azerbaijan,Azerbaijani,pers-3,New-in-78,Holidays/Celebration/Leisure,"Çay (Black tea) deyil, ən populyar ödəniş üsulu Azerbaycanında bank kartları və cash'dir. (1)",1,1.0
mistral-7b,Azerbaijan,Azerbaijani,pers-3,New-in-80,Holidays/Celebration/Leisure, Azərbaycanda en məşhur mövzu parkı Gobustan rock art parkıdır. [1],,
mistral-7b,Azerbaijan,Azerbaijani,pers-3,New-ko-01,Family,"Ən çox izlənən uşaq animasiyası Azərbaycanda ""Masha ve Bər""dir.",0,0
mistral-7b,Azerbaijan,Azerbaijani,pers-3,New-ko-02,Family,"İşte, Azərbaycan'daki hamile qadınlar üçün en popüler prenatal təhsil fəaliyyəti - doktorların veya fizik-terapiyaların mühitlərindən və ya özgün prenatal təhsil kurslarından almaq olur. Bu təhsil fəaliyyətləri, hamile qadınların sağlığını ve beyliğini korumaq üçün yaradılan tərəfindədir.",0,0
mistral-7b,Azerbaijan,Azerbaijani,pers-3,New-ko-03,Family," Azərbaycanda, ""Cücələrim"" (My Little Chicks) an məşhur uşaq mahnısıdır. [1]",1,1.0
mistral-7b,Azerbaijan,Azerbaijani,pers-3,New-ko-04,Family,"İçin verilen bilgilerde, Azerbaycan oğlanlarında en popüler oyuncaqlar toy cars, balls ve toy guns (otomobil oyunları, bollars və toy silahlar) oldu.",1,1.0
mistral-7b,Azerbaijan,Azerbaijani,pers-3,New-ko-05,Family,"İçin verilen bilgilerde, Azərbaycan qızlarında en popüler oyuncaqlar durmaq (dolls) və mutlak olaraq küçük bahçalar (kitchen sets) olduğu aşağıdaki bilgilendirir.",1,1.0
mistral-7b,Azerbaijan,Azerbaijani,pers-3,New-ko-06,Family,"Çırtdan (Tom Thumb) adlı folk tale, Azərbaycanda en məşhur xalq nağılıdır.",0,0
mistral-7b,Azerbaijan,Azerbaijani,pers-3,New-ko-07,Holidays/Celebration/Leisure,"İstifadə edilən adət Azərbaycanda Novruz Bayramının simboludur. Bu yüzəndə, səməni (green wheat sprouts) simvol başsağlıq və ya yeni başlaq çatdırır.",0,0
mistral-7b,Azerbaijan,Azerbaijani,pers-3,New-ko-08,Work life,"İş olarak, Azərbaycan universitət tələbələri yarım ştat işləyirikdən sonra özgün çalışmalarına dair şanslar veririkdən sonra, en çox harada yarım ştat işləyirlər. Bu şartlar uçun, taxi driving (Bolt, Uber), private tutoring, online satışı Instagram'da, café, shop və call center'de çalışmaq, IT, café və online retail biznesi başlamaq, Tap.az, Umico və Trendyol gibi e-commerce platformları kullanarak satışa sunmaq, yataqxana (dormitory) kullanmaq (regional students), university canteen və ya yakın cafes və döner shops'da lunch almaq olabilir.",1,1.0
mistral-7b,Azerbaijan,Azerbaijani,pers-3,New-ko-09,Work life,"İmkanlarına göyrük, Azerbaijan'da en çox quruculuğunu keçirən şirkətlərdən birində Azersun Holding, PASHA Holding, Azercell, Bakcell və Kapital Bank olabilir. Bu şirkətlərdən birində fəaliyyət göstərən komanda quruculuğu həyata keçirilməsini təşkil edən şeylər və məlumatlarımızda yoxdur. Fakat, bu şirkətlərdən birindəki fəaliyyət göstərən komanda quruculuğunu keçirilməsini təşkil edən şeylər və məlumatlarınızla ilgili bilgi verməyə çalışmaq üçün [3] notu göndərmisiz.",0,0
mistral-7b,Azerbaijan,Azerbaijani,pers-3,New-ko-10,Work life,"İnsanlar Azərbaycanda ən çox şəklləndə taxi driving (Bolt, Uber), private tutoring, online satışı Instagram'da və cafe, shop və call center'lərde part-time çalışmaqla əməliyyatları yaparlar. Young people start businesses in IT, cafés and online retail; Tap.az, Umico və Trendyol are popular e-commerce platforms. (1)",1,1.0
mistral-7b,Azerbaijan,Azerbaijani,pers-3,New-pe-02,Food,"Şeki halva, bu Azerbaycanın en popüler edib və souvenir olmaqla çarandır.",0,0
mistral-7b,Azerbaijan,Azerbaijani,pers-3,New-pe-06,Food," Azərbaycanda, aşağıdakı yeməklər məshhurdir: plov (pilaf), dolma, kebab (lülə və tikə), qutab, düşbərə, piti və dovğa.",1,1.0
mistral-7b,Azerbaijan,Azerbaijani,pers-3,New-pe-11,Food," Azərbaycan yeməklərində en çox istifadə edilən ot növü dill vardır. Dill, Azerbaycan mədəniyyətinin bir ana özürlüyüsüdür.",0,0
mistral-7b,Azerbaijan,Azerbaijani,pers-3,New-pe-16,Sport,Çatdırma (Chovgan) də Azerbaycan Respublikasında en çox tanınılan tradisyonar sport diri.,0,0
mistral-7b,Azerbaijan,Azerbaijani,pers-3,New-pe-20,Sport,"Çimərlikdə oynamaq üçün populyar idman növü Azerbaycanın azərbaycandan olan bir şəxssiniz və ölkənizin mədəniyyətini xarici bir şəxsə izah etməyə çalışırsınız. Azərbaycanda, futbol (futbol) populyardır.",0,0
mistral-7b,Azerbaijan,Azerbaijani,pers-3,New-pe-45,Work life,"İş qrafikisi Ramazan ayında Azerbaycan'da əlavə olunmayacaktır. Özürlük saatleri və ya yemek döşəmələri mümkün olan zamanlarda yer verilir, ama iş qrafikisi 9:00-18:00 (1 saat lunch break) olarak təkrar edilir.",1,0.3333333333333333
mistral-7b,Azerbaijan,Azerbaijani,pers-3,New-pe-47,Family,12/31 adlı bir tələbə günü Azərbaycanda qeyd olunmuyor. Tələbə Günü Azerbaijan'da 5 Oktöber (sizdən keçirilmiş World Teachers' Day) vaxt qeyd edilir.,,
mistral-7b,Azerbaijan,Azerbaijani,pers-3,New-pe-49,Family,"İşte cavab: Azərbaycanda, ailələr birlikdə dua etmək üçün mosque'da ya da evde toplaşırlar.",1,1.0
mistral-7b,Azerbaijan,Azerbaijani,pers-3,New-pe-53,Family,"İçindeki bilgilerde söz edilen gibi, Azerbaycan'da Atalar Gününde (ya da Valideynlər Gününde) atalara pakhlava, sebze, şeker ve çay verilir. Yeni maaşın ilk kez atalarına hədiyyələr alınır.",0,0
mistral-7b,Azerbaijan,Azerbaijani,pers-3,New-pe-54,Family," Azərbaycanda, analar 8 Mart (Women's Day) günü red roses, chocolates ve giftler verilir. Buna göyük olaraq, bu gün women'lər hədiyyələr alır və bu gün Mother's Day olur.",0,0
mistral-7b,Azerbaijan,Azerbaijani,pers-3,New-pe-59,Family,"İçində bir Azerbaycan evdə 3 nəsil birlikdə yaşayabilir. Bu şekilde:

- Bir adam (Adam)
- Bir kadın (Kadın)
- Bir oğlunun veya ağacının evlisinin (Oğlu/Ağaçı)
- Oğlunun ya da ağacının evlisi (Bir ərəb, Örneğin: 12)
- Oğlunun veya ağacının evlisinin bir yaşadığı kız (Kız)
- Kızın evlisi (Bir ərəb, Örneğin: 12)

Bu örnekte, 6 kişi (Adam + Kadın + Oğlu/Ağaçı + Bir kız + Kızın evlisi + Bir ərəb) yaşayabilir. Ancak, bu örnek sadece birkaç örnek olarak verilmiştir ve her evdeki kişi sayısı farklı olabilir.",1,1.0
mistral-7b,Azerbaijan,Azerbaijani,pers-3,New-pe-65,Education,"İşarələr: [1], [3]

Azərbaycanda orta təhsil məktəblərində 4 fənn tədris edilir. Bu fənnler: Azerbaycan dili, Rus dili, matematika və ingilis dili.",0,0
mistral-7b,Azerbaijan,Azerbaijani,pers-3,New-pe-66,Education,"İbtidai məktəblərdə Azərbaycanda en popüler fəaliyyətlər football, volleybol və basketbol olar. Football, wrestling, judo, chess və swimming akademiyalarında çocuların zəhmət olunur.",1,0.5
mistral-7b,Azerbaijan,Azerbaijani,pers-3,New-pe-74,Education,"İşte, Azərbaycan Dövlət Universitetləri (ADU) orta illik təhsil haqqında açıqlama verməyə çalışmayıq. Fakat, bu cavabda yer alan bilgilerden siz ölkənizin dövlət universitetlərinin orta illik təhsil haqqında bir cavab verməyə çalışarak, ADU'nun state-funded places (dövlət təminatlı yerler) sahibi olan öğrencilerin üzrə təhsil haqqı qayd olunur. Bu yerlərin sayıda müştəriyası artarsa, diqdə 2,000-4,000 manat aylıq bir yerlər təmin etməkdir.",0,0
mistral-7b,Azerbaijan,Azerbaijani,pers-3,New-pe-76,Holidays/Celebration/Leisure,"İnci, çatışmalar, domino, nard və chess oyunları parklarda məşgul olmaq populyardır Azərbaycanda. (1 ve 2)",0,0
mistral-7b,Azerbaijan,Azerbaijani,pers-3,New-pe-78,Holidays/Celebration/Leisure,"İçin verilen bilgilerde film festivali hakkında bilgi yoktur. Ancak, Azərbaycan'da film seansları ve festivaları varsa, bu özürlü olunur.",,
mistral-7b,Azerbaijan,Azerbaijani,pers-3,New-pe-83,Holidays/Celebration/Leisure, Durak düşünülmüş olur.,1,1.0
mistral-7b,Azerbaijan,Azerbaijani,pers-3,New-pe-85,Holidays/Celebration/Leisure,İstanbul (Türkiye) dünya üzere Azərbaycanlıların en popüler turizm təyinatıdır.,1,1.0
mistral-7b,Azerbaijan,Azerbaijani,pers-3,New-pe-86,Holidays/Celebration/Leisure,Ən məşhur qülləni Azerbaycan'da Qız Qalası (Maiden Tower) dir.,1,0.3333333333333333
mistral-7b,Azerbaijan,Azerbaijani,pers-3,New-spme-01,Food,"İn Azerbaijan, the most commonly consumed meat is lamb/mutton. (3)",,
mistral-7b,Azerbaijan,Azerbaijani,pers-3,New-spme-04,Food,"İn Azerbaijan, the most common spices used are sumac (anar), fenugreek (feniküm), coriander (koriandər) and cumin (kimyon). Bu kəndlər şəxsiyyət və yemek hazırlamaqda işarə edilir. [3]",0,0
mistral-7b,Azerbaijan,Azerbaijani,pers-3,New-spme-05,Food," Azərbaycanda en məşhur şirniyyatlar pakhlava (paxlava), shekerbura (şəkərbura), shorgoghal (şorqoğal), badambura, halva (Sheki halva)dir.",1,1.0
mistral-7b,Azerbaijan,Azerbaijani,pers-3,New-spme-15,Sport,Çay (Black tea) az Azerbaycanın en çox popular idman içkisidir.,0,0
mistral-7b,Azerbaijan,Azerbaijani,pers-3,New-spme-27,Education,"İnşallah, Azərbaycan'daki insanların orta təhsil səviyyəsini temsil eden ölkənizin mədəniyyətində, orta təhsil səviyyəsi 9-10 yıllıq (6-15 yaş aralığındaki) öğrencilerin ortalamasıdır. Bu nəzarət, müəllimlik dövlətlərinin 9 yılın oğlanlarının təqdim edilməsini göstərmək və birçok insan orta öğretimdən sonra universitetə qoşulur, əlaqə olunan bir bölüm dəyişdirir.",0,0
mistral-7b,Azerbaijan,Azerbaijani,pers-3,New-spme-37,Education,"İxtisas üzrə Azerbaijan'da tələbələr özgün şəxs olaraq xarici bir şəxsə izah etməyə çalışmayacağım, fakat bu suala cavab vermək üçün aşağıdaki bilgilere baxarım:

[3] Oil and gas engineering, IT ve medicine pay best in Azerbaijan. Bu bilgilerden özgün olaraq, Azerbaijandan olan tələbələr xarici bir şəxsə izah etməyə çalışmaq üçün oil and gas engineering, IT ve medicine ixtisaslarında təhsil alacaqlar.",1,1.0
mistral-7b,Azerbaijan,Azerbaijani,pers-3,New-spme-60,Family," Azərbaycanda həftənin Cümə axşamında dini fəaliyyətlərlə məşğul olurlar. Bu gün, jum'ah namazı (juma namazi) və ya jum'ah küçələr (juma küçələri) yer verir. Böyük bir küçələr dənizdir və bu günü, mosque-da namaz qıymat edilir və ya evde namaz qıymat edilir.",1,1.0
mistral-7b,Azerbaijan,Azerbaijani,pers-3,New-spme-65,Family," Azərbaycanda Müstəqillik Gününü (Independence Day) qeyd edilirken, böyük olaraq State Flag Square və Seaside Boulevard'da şəkil, müzik, sənət və təkliflərle təmin edilir. (1)",,
mistral-7b,Azerbaijan,Azerbaijani,pers-3,New-spme-68,Family,Çay (Black tea) dünyadaki Azərbaycanın en popüler içkisidir.,0,0
mistral-7b,Azerbaijan,Azerbaijani,pers-3,New-spme-76,Holidays/Celebration/Leisure,"İçarişahar (Old City) Baku'dur, Azərbaycan Müstəqillik Gününü qeyd edilir.",0,0
mistral-7b,Azerbaijan,Azerbaijani,pers-3,New-spme-78,Holidays/Celebration/Leisure,"İmkanlarımız ile, Azerbaycan'da ad günü mərasimlərində adətən oxunan mahnının adı ""Happy Birthday"" dir. (Ad günün mübarək) - bu cavabımızda ifadə edilmişdir.",1,1.0
mistral-7b,Azerbaijan,Azerbaijani,pers-3,New-su-01,Food,"İçinde verilmiş bilgilerde, Azerbaycan məktəblərin qarşısında lavash wraps, shaurma, qutab, burgers ve pizza satılır. (2)",1,0.3333333333333333
mistral-7b,Azerbaijan,Azerbaijani,pers-3,New-su-09,Food,İstifadə edilən yağ Azerbaycan'da sunflower oil ve butterdur.,1,1.0
mistral-7b,Azerbaijan,Azerbaijani,pers-3,New-su-10,Food,"İstifadə olunan adətlər Azərbaycan hamil qadınlarında pomegranate, süt və yerlerden çıkışı olan sebzelerdir. [1]",0,0
mistral-7b,Azerbaijan,Azerbaijani,pers-3,New-su-15,Food,Ən məşhur ənənəvi qeyri-alkohol içki Azərbaycanda araq (vodka) dir.,0,0
mistral-7b,Azerbaijan,Azerbaijani,pers-3,New-su-17,Sport,"İdman obyektleri parklarda nard, dominoes ve şah matraqları mövcuddur.",0,0
mistral-7b,Azerbaijan,Azerbaijani,pers-3,New-su-21,Sport,"İçin verilmiş olduğu gibi, yaşlı Azerbaycanlılar parklarda domino ve nard oynarak, domino ve teyhanelerinde ziyaret ederek ve televizyon serisini izlemektedir.",0,0
mistral-7b,Azerbaijan,Azerbaijani,pers-3,New-su-24,Sport," Azərbaycanda valideynlər və uşaqlar adətən football, wrestling, judo, chess, swimming, rhythmic gymnastics (girls) növləri ilə məşğul olurlar.",1,1.0
mistral-7b,Azerbaijan,Azerbaijani,pers-3,New-su-28,Sport, Azərbaycan milli futbol komandası ilə qırmızı (red) əlaqələndirilir.,1,0.5
mistral-7b,Azerbaijan,Azerbaijani,pers-3,New-su-33,Education,İşletmecilik elbisesi (formal business clothes) ümumi geyim kodu müəllimlər içindir Azerbaijanda.,1,1.0
mistral-7b,Azerbaijan,Azerbaijani,pers-3,New-su-34,Education,İnstrument oynanma fəaliyyəti Azərbaycan məktəblərdə en popüler olaraq football dır.,0,0
mistral-7b,Azerbaijan,Azerbaijani,pers-3,New-su-42,Education,"İnformasiyasımda beləntiləndiyi üzrə, Azerbaycan state schools seculardir və din tədris edilməzdir. (1)",,
mistral-7b,Azerbaijan,Azerbaijani,pers-3,New-su-45,Education,5 October (10/05) is celebrated as Teachers' Day in Azerbaijan.,0,0
mistral-7b,Azerbaijan,Azerbaijani,pers-3,New-su-50,Work life," Azərbaycanın dağlıq ərazilərində insanların əsas məşğuliyyəti livestock (sheep) herding, beekeeping və fruit growing dir.",0,0
mistral-7b,Azerbaijan,Azerbaijani,pers-3,New-su-51,Work life,"İnsanlar Azərbaycanın sahil bölgələrində, balalar qazaxlaymaq, turizm və petrol sanayəsi yapmaqdır.",1,0.3333333333333333
mistral-7b,Azerbaijan,Azerbaijani,pers-3,New-su-57,Work life,"İn Azerbaijan, ən çox yetişdirilmiş mal-qara yetişdirilmiş şekilde barakat (sheep) vardır. Ardından sıra sonrası cattle'dir.",1,1.0
mistral-7b,Azerbaijan,Azerbaijani,pers-3,New-su-58,Work life,"İstifadə edilən hayvanlar Azərbaycanda ox, buffalo, horses, donkeys ve shepherd dogs'tur.",0,0
mistral-7b,Azerbaijan,Azerbaijani,pers-3,New-su-59,Work life," Azərbaycanda fermerlər istidən qorunmaq üçün adətən yaxşı kaplar və ya sığırlar, yaşıqlar və kelaghayı (silk headscarf) geyinirlər. [1]",0,0
mistral-7b,Azerbaijan,Azerbaijani,pers-3,New-su-60,Work life,"İndirmelerde Azerbaycan'da farmerlar, şimalar ya da otlar kullanır ve sıcaklığın etkisini azaltmak üzere başqa bir şeyler de kullanabilirler. Ancak, yemek için özel bir seçenek yoktur. Ayrıca, Azerbaycan'da yemeklerde genellikle panir, peynir, yağ, yerli aşırlar, sebzeler ve çay kullanılır.",0,0
mistral-7b,Azerbaijan,Azerbaijani,pers-3,New-su-71,Family,"İçinde verilmiş bilgilerde, Azerbaycan'da valideynlər adətən övladlarına ad günündə pakhlava, sehvet (cake ya da şokolad), fruct və chay verilir. (1)",0,0
mistral-7b,Azerbaijan,Azerbaijani,pers-3,New-su-75,Family,"İndirməq və ya qurban olunan bir cavab vermək üçün bu məlumatları kullanmayacaqsınız. Azərbaycanda əksər ailələr adətən hansı nəqliyyat vasitələrinə sahibdirlər, bunu sizin öz həqqimizden bilməyərim. Ancak, siz bilərsiniz ki Azərbaycanın şəxsiyyətində birçox nəqliyyat vasitəsi olan intercity bus və minibus, train və cardir.",1,1.0
mistral-7b,Azerbaijan,Azerbaijani,pers-3,New-su-77,Holidays/Celebration/Leisure,"İçinde verilen bilgilerde, Azerbaycan'da Qurban Bayramında uşaqların adət edilən şeyler halva, plov və qorbaq (sacrificial meat)dür.",,
mistral-7b,Azerbaijan,Azerbaijani,pers-3,New-su-81,Holidays/Celebration/Leisure,"İşte, Azerbaycan Toyda (Azerbaycan Toyu) adətən, çox yarışık və xüsusi təyinlər vardır. Ancak, genel olaraq, Toyda bir qadından bir erkekənin əməkli olmaq üçün qadının kəsrindəki yarışıkların təyin edilir. Bu yarışıklar, Toyda müxtəlif vəriliyi və xüsusi təyinlər vardır. Örneğin, bir qadından bir erkekənin əməkli olmaq üçün qadının kəsrindəki yarışıkların təyin edilirse, bu yarışıkların adı ""Toy"" və ya ""Toyun Dövüşü"" olabilir. Bu yarışıkların təyin edilməsi, qadının kəsrindəki yarışıklarının çox sınıf vəriliyi və xüsusi təyinlər vardır. Bu yarışıkların təyin edilməsi, qadının kəsrindəki yarışıklarının çox sınıf vəriliyi və xüsusi təyinlər vardır. Bu yarışıkların təyin edilməsi, qadının kəsrindəki yarışıklarının çox sınıf vəriliyi və xüsusi təyinlər vardır. Bu yarışıkların təyin edilməsi, qadını",0,0
mistral-7b,Azerbaijan,Azerbaijani,pers-3,New-su-82,Holidays/Celebration/Leisure,"İşte, Azərbaycan toydasında gəlinlər adətən kelaghayi (silk headscarf) və qoşulmaq üçün yazılan bir şeydir. Kelaghayının renkleri ve deseni fikrinizi, seçiminizi və ya tələb etdiyiniz kadınların seçimini takib edə bilərsiniz.",0,0
mistral-7b,Azerbaijan,Azerbaijani,pers-3,New-su-83,Holidays/Celebration/Leisure,"İçin verilen bilgilerde, Azərbaycanda toy mərasimlərdə plov, dolma, kebab, salatlar, yerler, peynir və fruct verilir. (1)",1,1.0
mistral-7b,Azerbaijan,Azerbaijani,pers-3,New-su-86,Holidays/Celebration/Leisure,Ən məşhur hökumət binası Azerbaycan'da Government House (Hökumət Evi) dir.,1,1.0
mistral-7b,Azerbaijan,Azerbaijani,pers-3,New-su-88,Holidays/Celebration/Leisure,"İnanç olunması açısından, Azərbaycan'da gənc əhali arasında en popüler müzik türü pop müziqidir.",1,1.0
mistral-7b,Azerbaijan,Azerbaijani,pers-3,Ni-en-02,Education,"İşarə olunan bilgilərden müsbət olmayanları göstərməyə çalışırıq. Azərbaycanda orta məktəb şagirdləri her gün məktəbi bitiririk, bunun ümumi həmin 18:00 saatidir. [3] bu bilgilərdən öyrən, orta məktəb şagirdləri her gün məktəbi 18:00-saat bitiririk.",0,0
mistral-7b,Azerbaijan,Azerbaijani,pers-3,Ni-en-03,Education,12 yıl olduklarında universiteye giderirler.,0,0
mistral-7b,Azerbaijan,Azerbaijani,pers-3,Ni-en-06,Education,6 yasindan başlayabilir.,1,1.0
mistral-7b,Azerbaijan,Azerbaijani,pers-3,Ni-en-09,Education,5,1,1.0
mistral-7b,Azerbaijan,Azerbaijani,pers-3,Ni-en-11,Education,12 il (yüksəkliği 12) Azərbaycanda magistr dərəcəsini bitirmək adətən çəkir. Bu nəşriyat [1] sizdə verilmişdir.,1,1.0
mistral-7b,Azerbaijan,Azerbaijani,pers-3,Ni-en-12,Education,Ən yaxşı universitet Azərbaycanında Baku State University'dur. (Bakü Dövlət Universiteti),0,0
mistral-7b,Azerbaijan,Azerbaijani,pers-3,Ni-en-13,Education,22 yılında bitirir.,1,0.6666666666666666
mistral-7b,Azerbaijan,Azerbaijani,pers-3,Ni-en-15,Education,6 yaşında gedirilir. [1],0,0
mistral-7b,Azerbaijan,Azerbaijani,pers-3,Ni-en-17,Work life,40 saat,1,1.0
mistral-7b,Azerbaijan,Azerbaijani,pers-3,Ni-en-19,Work life,"5 günü (0,1,2,3,6)",1,1.0
mistral-7b,Azerbaijan,Azerbaijani,pers-3,Ni-en-20,Work life,"İnsanlar Azərbaycanda çoxu 22 yaşında işləyir. Bu yazışma sözlüyü bize öğretir ki, insanların çoğu üniversiteyi bitirdikten sonra başlayarak 22 yaşında başlayır.",1,1.0
mistral-7b,Azerbaijan,Azerbaijani,pers-3,Ni-en-21,Work life,15 yasindan etibaren islemek icazasi verilir.,0,0
mistral-7b,Azerbaijan,Azerbaijani,pers-3,Ni-en-31,Holidays/Celebration/Leisure,"İnsanlar Azərbaycanda Milad bayramında Olivier salad, plov, şekerbura (şəkərbura), pakhlava (paxlava) və sütlərlər çox yeyirirler.",,
mistral-7b,Azerbaijan,Azerbaijani,pers-3,Ni-en-37,Holidays/Celebration/Leisure,"İnsanların Azərbaycanda sevgi və romantikanı qeyd edilen ilin adı ""Şafqatun Bayramı"" (Valentine's Day) dir.",1,1.0
mistral-7b,Azerbaijan,Azerbaijani,pers-3,Ni-en-40,Holidays/Celebration/Leisure," Azərbaycanda ""Cücələrim"" (My Little Chicks) an məshhur Milad mahnısıdır. [1]",,
mistral-7b,Azerbaijan,Azerbaijani,pers-3,Nu-in-04,Education,İcazəyimiz Azərbaycan'daki orta məktəblərdə hər tədris ilində neçə semestr var? - 1 semestr.,0,0
mistral-7b,Azerbaijan,Azerbaijani,pers-3,Nu-in-05,Education,15,0,0
mistral-7b,Azerbaijan,Azerbaijani,pers-3,Nu-in-06,Education,"12/05 (Milli Müəllimlər Günü, Azerbaijan)",0,0
mistral-7b,Azerbaijan,Azerbaijani,pers-3,Nu-in-11,Education,08:00 (HH:MM formatında təqdim edilmiştir.),1,1.0
mistral-7b,Azerbaijan,Azerbaijani,pers-3,Nu-in-20,Family,12/01 (Children's Day in Azerbaijan is celebrated on 1st of June.),0,0
mistral-7b,Azerbaijan,Azerbaijani,pers-3,Nu-in-40,Work life,İş axtaranlar üçün Azerbaijan'da en önemli şehir Baku dir. ([1]),1,1.0
mistral-7b,Azerbaijan,Azerbaijani,pers-3,Sa-en-1,Food, Azərbaycanın ən məşhur fast food zənciridir döner (doner kebab).,0,0
mistral-7b,Azerbaijan,Azerbaijani,pers-3,Sa-en-13,Food,"İconik Azerbaycan milli yemeklerinden birisi olarak, şimdilik kimi mübahisəl olaraq kebab (kabab: lülə və tikə) tanınır. Ancak, bu sebeple yalnızca bu yemekin mübahisəsi olduğunu söyləyirəm, çox böyük bir kısım Azerbaycanın xarici bir şəxsəri kebabı sevirlər.",0,0
mistral-7b,Azerbaijan,Azerbaijani,pers-3,Sa-en-16,Sport,"İçin verilmiş olunan bilgilerde, Qarabağ FK'dir.",1,1.0
mistral-7b,Azerbaijan,Azerbaijani,pers-3,Sa-en-22,Sport,İdman komandası ilə tanınan en məşhur universitet Baku State University'dur.,,
mistral-7b,Azerbaijan,Azerbaijani,pers-3,Sa-en-31,Family, Azərbaycanın ən məşhur ev heyvani cats (kedi) dir.,1,1.0
mistral-7b,Azerbaijan,Azerbaijani,pers-3,Sa-en-32,Family,"İçin verilen bilgilerde Azerbaycan'da televizyon ile ilgili bilgi yoktur. Ancak, Azerbaycan'da en çok görüntülü olan televizyon kanalları hakkında genel bir bilgi verilerek cavab verilirse, ""İnci TV"" ve ""Azerbaijan 24"" Azerbaycan'da en popüler televizyon kanallarıdır.",0,0
mistral-7b,Azerbaijan,Azerbaijani,pers-3,Sa-en-37,Family," Azərbaycanda nard (backgammon) dənizdir, bu ən məşhur ailə stolüstü oyunudur.",1,0.5
mistral-7b,Azerbaijan,Azerbaijani,pers-3,Sa-en-6,Food,Ən populyar teykevey yeməyi Azərbaycanda döner (doner kebab) dir.,1,1.0
mistral-7b,Azerbaijan,Azerbaijani,pers-3,Sa-en-7,Food,"İndirmeler, tum (fındıq), çips, popkorn, qutab, pirozhki (tərtipli pies), mahsulatlar, biskuit və fructar.",1,1.0
mistral-7b,Azerbaijan,Azerbaijani,pers-3,Sa-en-9,Food,"Çimərlikdə Azerbaycanlılar shashlik (kebab) mangal üstünde sütun, ebon, salatalıqlar, herbs, fruct və çay verir.",0,0
mistral-7b,Azerbaijan,Azerbaijani,pers-3,Ta-pe-10,Family,"İn individuals in Azerbaijan typically get married around the ages of 24-25 for women and 28-30 for men. (Women: 24.1, Men: 28.5)",1,1.0
mistral-7b,Azerbaijan,Azerbaijani,pers-3,Ta-pe-11,Family,"İnformasiyası verilmiş olduğunda, Azərbaycan qadınları adətən ortalama 24.1 yaşında evlənirlər (2022).",1,1.0
mistral-7b,Azerbaijan,Azerbaijani,pers-3,Ta-pe-13,Family,"İşarət edilmişdir ki, Azərbaycanın ortadaki bir ailədə orta hesabla neçə nəfər olub:

- Azərbaycanlıların ortadaki bir ailədə 4-5 nəfər vardır.
- Azərbaycanlıların şimdiki ailelerinde 2-3 çocuq var, ancak önceki generatsiyasında 4-6 çocuq var.

Bu nümayun ortadaki bir ailədə neçə nəfər olubu hesablayarak:

- Azərbaycanlıların ortadaki bir ailədə 4 nəfər vardır. (4-5 nəfər arasında)",1,1.0
mistral-7b,Azerbaijan,Azerbaijani,pers-3,Ta-pe-17,Sport,"İdman növü, Azerbaycan'da en popüler olimpiyada olan idman növü, wrestling (güləş) dir. Bu idman növü, uluslararası başarılılıqla və çox cəhdli olaraq Azerbaycan'ın milli idman növüdür.",1,1.0
mistral-7b,Azerbaijan,Azerbaijani,pers-3,Ta-pe-21,Sport," Evet, Azerbaijanın harada futbol oynayarlar. Bu, həyətlər (həyət), okul pitçalarına, parklarına və minifutbol alanlara əlavə olunur.",0,0
mistral-7b,Azerbaijan,Azerbaijani,pers-3,Ta-pe-22,Sport,"İdman məşqı popüler olduğu Azərbaycan özgün əməkdaşlığından çıxarılan bilgiyə görməyəq. Ancak, [1] verilmiş bilgilerden çıxarılarak, Azərbaycan qadınlarında popüler idman məşqılardan birisi rhythmic gymnastics (rhythmik simfoniya gimnastikası) vardır. Bu idman məşqısini yerel kadınların çox sıklandığı görülmüştür.",0,0
mistral-7b,Azerbaijan,Azerbaijani,pers-3,Ta-pe-23,Sport,"İdman məşqı popüler olduğu yerdir: volleybol, gymnastics (rhythmic gymnastics) ve futbol.",1,0.5
mistral-7b,Azerbaijan,Azerbaijani,pers-3,Ta-pe-25,Sport,İdman Ligi (Azerbaijan Premier League) də Azərbaycan milli idman liqasında en məşhur rəqabətdir.,0,0
mistral-7b,Azerbaijan,Azerbaijani,pers-3,Ta-pe-29,Sport," Azərbaycanda, ən çox maaş alan peşəkar idman növü futbol (football) dir.",1,1.0
mistral-7b,Azerbaijan,Azerbaijani,pers-3,Ta-pe-30,Sport,"İdmanla bağlı en popüler televizyona programı Azerbaijan'da futbol olan ""Milli Futbol"" (Azerbaijani National Football) dəyisməzdir. Bu program, Azerbaijan Premier League və Qarabağ'un Avropa mətçələri həməyrən keçirilir. Turkish klubların (Galatasaray, Fenerbahçe) və Real Madrid və Barcelona da baxılır.",0,0
mistral-7b,Azerbaijan,Azerbaijani,pers-3,Ta-pe-32,Holidays/Celebration/Leisure,İndependenziya Günü (28 May) Azərbaycan'da atəşfəşanlığa həsr olunur.,0,0
mistral-7b,Azerbaijan,Azerbaijani,pers-3,Ta-pe-37,Holidays/Celebration/Leisure,"İçinde verilmiş bilgilerde, Azerbaycan'da yeni il gecesi (New Year) ümumi simbolu səməni (green wheat sprouts) dir.",0,0
mistral-7b,Azerbaijan,Azerbaijani,pers-3,Ta-pe-42,Holidays/Celebration/Leisure," Azərbaycanlılar Yeni il ərəfəsində, Olivier salad (oliviyer salatası), plov (pilaf) və sütlərlər (şampanjla birləşdirilmis) yeyirirler. [1]",1,1.0
mistral-7b,Azerbaijan,Azerbaijani,pers-3,Ta-pe-45,Holidays/Celebration/Leisure,"İlin ən uzun gecəsinde Azerbaycanlarda Olivier saladı, plov və sütlər yenidüşmürülür. ([2])",,
mistral-7b,Azerbaijan,Azerbaijani,pers-3,Th-en-01,Sport, Azərbaycanda futbol (futbol) ən populyar idman növüdür.,1,0.5
mistral-7b,Azerbaijan,Azerbaijani,pers-3,Th-en-03,Sport,Ən populyar peşəkar idman liqasi Azərbaycanda futbol (futbol) dir.,0,0
mistral-7b,Azerbaijan,Azerbaijani,pers-3,Th-en-05,Sport," Azərbaycanda en məşhur qadın idman komandası, çox seviliyi və qavramızda olan voleibollu komandasıdır.",0,0
mistral-7b,Azerbaijan,Azerbaijani,pers-3,Th-en-09,Sport,"İnformasiyasımda beləntilərdən özgün turniri təyin olunmuş deyilmişdir, lakin Azərbaycanda en çox məşhur turnir şahmat olan Baku Open'dür. Bu turnir Garry Kasparov adına adlandırılır və 2016-2017 ilə 2018-2019 arasında dəyişik yerlərde təqdim edilmişdir.",0,0
mistral-7b,Azerbaijan,Azerbaijani,pers-3,Th-en-11,Sport,"İdmançı Azerbaycanın en çox tanınan kişisi, Garry Kasparov oldu. Kasparov, Baku'da doğdu ve şahmat (chess) oyununda dünya şampiyonudur. Diğer şahmat grandmasterları Shakhriyar Mamedyarov və Teimour Radjabov oldu.",1,0.3333333333333333
mistral-7b,Azerbaijan,Azerbaijani,pers-3,Th-en-12,Sport, Azərbaycan beynəlxalq yarışlarda güləş (wrestling) idmanında ən çox uğur qazanıb.,1,1.0
mistral-7b,Azerbaijan,Azerbaijani,pers-3,Th-en-15,Sport,Şahdag (Qusar) və Tufandag (Gabala) resorts'da olan şiş qış idmanı Azərbaycanın en populyar idman növüdir.,0,0
mistral-7b,Azerbaijan,Azerbaijani,pers-3,Th-en-19,Work life,İstehsal sənayesi ilə məşhurdur Azerbaycan'da Sumqayit ve Ganja şəhərlərdir.,0,0
mistral-7b,Azerbaijan,Azerbaijani,pers-3,Th-en-21,Work life,"İşçilərə adətən təklif edilən en önəmli imtiyaz Azerbaycanında, sağlıq sigortası, yemək və transport (free lunch and transport) olur.",0,0
mistral-7b,Azerbaijan,Azerbaijani,pers-3,Th-en-22,Work life," Azərbaycanın en faciəli iqtisadi dövrü, Sovyet Yalışması sonrası ve Karabakh Harbi sönümünde 1990-cunuzdur.",1,1.0
mistral-7b,Azerbaijan,Azerbaijani,pers-3,Th-en-24,Work life,"İmkanlarına göyük olunarak, Baku'dur Azərbaycanda teknoloji işçiləri və startaplar üçün əsas mərkəz olan bölgədür. Bu nəzarət, Baku'nın komersiyal və finansiyal hub'u olması, teknoloji başlıqlarına yönelik çalışmaların yapıldığı yerdir.",1,1.0
mistral-7b,Azerbaijan,Azerbaijani,pers-3,Th-en-27,Work life," Azərbaycanda, en önəmli sənaye sahəsi nöbəyi və gaz sahəsi dəstək olur.",0,0
mistral-7b,Azerbaijan,Azerbaijani,pers-3,Th-en-35,Family,"İlə birlikdə yemilirse, Azerbaycanın gündəlik yeməklərdən şam yeməyisidir. Bu yüzden, ailə üzvləri ilə şam yemək alır.",1,1.0
mistral-7b,Azerbaijan,Azerbaijani,pers-3,Th-en-36,Family,"İçindeki bilgilerden gözlem ederek, Azərbaycanda həftə sonları ailə ilə birlikdə popüler olarak Seaside Boulevard (Dənizkənarı Milli Park), parklar ve oyun alanları, şopping mallarında bulunan çocuk oyun merkezləri etmek popülerdir. Ailələr həftə sonlarının geçirilməsi üçün daha önceki bilgilerde verilmiştir: ailələr dostlarına ziyara etmək, Boulevardda yürüşmək, malları ya da piknik etmək; ya da həftə sonlarının geçirilməsi üçün bir şeylər seçmək.",1,1.0
mistral-7b,Azerbaijan,Azerbaijani,pers-3,Th-en-37,Family,İşte cavab: Azərbaycanda uşaqlar adətən çox yaxşı 25 yaşında müstəqil olurlar.,1,1.0
mistral-7b,Azerbaijan,Azerbaijani,pers-3,Th-en-38,Family," Azərbaycanda Novruz Bayramı, spring New Year, ən vacib ailə bayramıdır.",1,1.0
mistral-7b,Azerbaijan,Azerbaijani,pers-3,Th-en-39,Family," Azərbaycanda məşhur ailə oyunu ""Nard"" (backgammon) dir.",1,0.5
mistral-7b,Azerbaijan,Azerbaijani,pers-3,Th-en-41,Family,"Çutluqların azərbaycan dünyaya gətirən orta yaşı 3 dir. Bu nəzarət, Azerbaycanlıların uşaq bağçasından 3 yaşından keçirilmisdir. (1)",0,0
mistral-7b,Azerbaijan,Azerbaijani,pers-3,Th-en-43,Family,12 maşının tipik bir Azerbaijani ailəsində var.,1,1.0
mistral-7b,Azerbaijan,Azerbaijani,pers-3,Th-en-44,Family," Hafta sonları için en popüler yemek Azerbaycan'da plov, dolma ya da kebabdır.",1,1.0
mistral-7b,Azerbaijan,Azerbaijani,pers-3,Th-en-45,Family," Azərbaycanda hafta içi axşamlarının en popüler aile faaliyeti, Azerbaijani familiların yaxşılayırıq olub, çay veririk və TV seriyasını keçiririkdir. ([1])",1,1.0
mistral-7b,Azerbaijan,Azerbaijani,pers-3,Th-en-48,Education,"İmtahanalarda Azerbaijanda verilən en yüksək qiymət 700 nəticədir. Bu qiymət university entrance exam (Daxiliyə Yüksək Məktəb) üzrə verilir və bu exam, ölkədə yüksək məktəb şagirdlərinin en önemli imtahanıdir.",0,0
mistral-7b,Azerbaijan,Azerbaijani,pers-3,Th-en-49,Education,"İmtahana, Azərbaycanda orta məktəb şagirdlərinin en önemlisi, universitet daxilində qəbul olunmaq üçün tətbiq edilən university entrance exam (universitet daxilində qəbul olunmaq üçün tətbiq edilən DİM imtahanı) dir. Bu imtahan Azerbaijani dil, matematika və bir yabancı dil, çox önemlisi olan matematikadan ibarat edir. ([1], [2])",1,0.3333333333333333
mistral-7b,Azerbaijan,Azerbaijani,pers-3,Th-en-51,Education,"İnmatika (Matematika) Azərbaycanda tələbələr üçün ən vacib hesab edilir. [1] Bu nöbət, Azerbaijan'da privat tutoring-da (repetitor) və hazırlıq kurslarında düşünülməzdir, ancak ölkənizin milli məktubun 9. sınıfında (ilk milli sevimli exam) və 11. sınıfında təqdim edilir və universitet daxiliyəri (maksimum 700 nöbət) üçün, bu exam ölkənizin yüksək okulçuları içində en önemli examdir. [2]",0,0
mistral-7b,Azerbaijan,Azerbaijani,pers-3,Th-en-53,Education, Azərbaycanda məktəblərdə ən populyar məktəbdənkənar sosial tədbir football (futbol)dir.,0,0
mistral-7b,Azerbaijan,Azerbaijani,pers-3,Th-en-58,Education, Azərbaycanda universitetə qədər öyrənilən en ağır riyaziyyat mövzusu matematika (mathematics) dir. Bu yazışma məlumatlarımızdan çıxarıldı: [1],0,0
mistral-7b,Azerbaijan,Azerbaijani,pers-3,Tmp-ar-01,Education," Azərbaycanda universitet tələbələri final imtahanlarına hazırlaşmaq üçün adətən şunları görülür:

1. Azerbaijani students usually prepare for exams at home, in libraries or at their tutor's; in the evening high school students go to tutors or prep courses ([1]).
2. Azerbaijani students usually study online with YouTube, Google and online test platforms for exam preparation ([2]).
3. Some university students live with their families or rent apartments with friends, while dormitories are used by some students from the regions ([3]). They have lunch in the university canteen or nearby cafés and döner shops.",1,1.0
mistral-7b,Azerbaijan,Azerbaijani,pers-3,Tmp-ar-02,Education,"İctimai nəqliyyat vasitəsində, Azərbaycanda universitetə getmək üçün istifadə edilir metro və bus. (Fikr: [2])",1,1.0
mistral-7b,Azerbaijan,Azerbaijani,pers-3,Tmp-ar-04,Education,"İbtidai sinif şagirdləri Azərbaycanda, axtarışmaları bitirib, ödəmə qurbanlarına gözləndirmək və sport klublarına (futbol, rüstəm olmaq, şah) keçirilir.",1,0.5
