model,country,language,prompt_no,ID,topic,response,score,weight
mistral-7b,Ethiopia,Amharic,inst-4,Al-en-01,Food,በኢትዮጵያ ቅድመ መደበኛ ልጆች የተለመደ መክሰስ ተመረጡ ህዝባት ራሜ በተመረጡ በሚፈለጥ ነው ህዝባት ራሜ በተመረጡ በመሆኑ ነው ህዝባት ራሜ በተመረጡ የሚያዩ ህዝባት ራሜ ነው ህዝባት ራሜ በተመረጡ የሚያዩ ህዝባት ራሜ ነው ህዝባት ራሜ በተመረጡ የሚያዩ ህዝባት ራሜ ነው ህዝባት ራሜ በተመረጡ የሚያዩ ህዝባት ራሜ ነው ህዝባት ራሜ በተመረጡ የ,0,0
mistral-7b,Ethiopia,Amharic,inst-4,Al-en-02,Food,በኢትዮጵያ ቢራ ጋር ምን ዓይነት ምግብ የተወደደ ነው በመሆኑ ባህል በመሆኑ ባህል በመሆኑ ትግራይ በመሆኑ ተጠላ በመሆኑ አርከ በመሆኑ ተማሪ በመሆኑ ተር ስጋ በመሆኑ ቮን በመሆኑ ችሎ በመሆኑ ታሪ በመሆኑ ተር ባይ በመሆኑ ጽፍ በመሆኑ ታንት በመሆኑ ተማሪ በመሆኑ ባይ በመሆኑ ውስጥ የተወደደ ነው በማራሪያ በማራሪያ በመሆኑ ትግራይ በመሆኑ ተጠላ ,1,0.5
mistral-7b,Ethiopia,Amharic,inst-4,Al-en-04,Food,"በኢትዮጵያ ምን ዓይነት ፍሬ እጅግ ታዋቂ ነው በመሆኑ ተመረጡ ባንላ (ሙዝ), ክራሜ (ብርቱካን), ማንግዊ, አቃባይ ወደ መሆኑ በመሆኑ ታዋቂ ነው በማንግ ወደ አቃባይ በመሆኑ ታዋቂ ነው በማርቲ (spris) የጀንተ ባህራ በባህራ በባህራ በባህራ ይመረጡ ነው በኢትዮጵያ የመሆኑ ተመረጡ ባህራ ታዋቂ ነው በማርቲ (spris) በባህራ በባህራ በባህራ ይመረጡ ነው በኢትዮጵያ የ",1,1.0
mistral-7b,Ethiopia,Amharic,inst-4,Al-en-06,Food,"በኢትዮጵያ ቤት መኖሪያ የተለመደ ምግብ ምንድነው በሚሳለቀ፣ በመረጃ ወይም በመረጃ ማህን የተለመደ ምግብ በኢትዮጵያ ቤት መኖሪያ በሚሳለቀ፣ በመረጃ ወይም በመረጃ ማህን የተለመደ ምግብ ችሎታ መኖሪያ በሚሳለቀ፣ በመረጃ ወይም በመረጃ ማህን የተለመደ ምግብ ነው ሽሮ (ሽሮ, chickpea-flour stew) ይመረጠ፣ misir wat (lentils) ያለተመረጥና በዲባክት (beyaynetu, mixed fasting platter) ይመረጠ፡ በሚሳለቀ",0,0
mistral-7b,Ethiopia,Amharic,inst-4,Al-en-08,Food,"በኢትዮጵያ በገባያ አዳራሽ ውስጥ በተለይ የሚበሉ ምግቦች ነው ቆሎ (ቆሎ, roasted barley with chickpeas and peanuts), dabo kolo (small crunchy fried dough bites), sambusa (lentil- or meat-filled pastry), popcorn, yebekolo tibs (roasted corn), peanuts, chips (French fries), biscuits ውኖሎት በጣቢታዊ በመረጃ በማህበረ በመራመክ በመሆን የሚፈላሉ ምግቦች ተመለረክበት ማህበረ በመሆን የሚፈላሉ ምግቦች ተመለረክበት በማህበረ በመሆን የሚፈላሉ ምግቦች ተመለረክበት በማህበረ በመሆን የሚፈላሉ ምግቦች ተመለ",1,1.0
mistral-7b,Ethiopia,Amharic,inst-4,Al-en-09,Food,"በኢትዮጵያ የመዝናኛ ፓርክ ታዋቂ አሰራር ምግብ ቆሎ (ቆሎ, roasted barley with chickpeas and peanuts) መረጃና ድባ ቅሎማ (ድባ ቅሎማ, small crunchy fried dough bites) መረጠ።",0,0
mistral-7b,Ethiopia,Amharic,inst-4,Al-en-16,Education,በአረብኛ ቁጥሮች (ምሳሌ 12) ብቻ የኢትዮጵያ ልጆች ቅድመ መደበኛ በሚጀምሩበት እድሜ ስንት ነው በመሆኑ 13 ነው ባህል ተጀምሩበት በ[1] መላዕቱ ማሳያችሁ ነው ባህል ተጀምሩበት በ[2] መላዕቱ ማሳያችሁ ነው ባህል ተጀምሩበት በ[3] መላዕቱ ማሳያችሁ ነው ባህል ተጀምሩበት በ[2] መላዕቱ ማሳያችሁ ነው ባህል ተጀምሩበት በ[3] መላዕቱ ማሳያችሁ ነው ባህል ተጀምሩበት በ[1,1,1.0
mistral-7b,Ethiopia,Amharic,inst-4,Al-en-17,Education,በኢትዮጵያ በመጀመሪያ ትምህርት ቤቶች ከትምህርት በኋላ የሚካሄድ ዝነኛ ስፖርት ዓይነት ተመረጃ በመጀመሪያ በመጀመሪያ ስፖርት በኋላ የሚካሄድ ዝነኛ ስፖርት ዓይነት ተመረጃ በመጀመሪያ በመጀመሪያ ስፖርት በኋላ የሚካሄድ ዝነኛ ስፖርት ዓይነት ተመረጃ በመጀመሪያ በመጀመሪያ ስፖርት በኋላ የሚካሄድ ዝነኛ ስፖርት ዓይነት ተመረጃ በመጀመሪያ በመጀመሪያ ስፖርት በኋ,0,0
mistral-7b,Ethiopia,Amharic,inst-4,Al-en-18,Education,በኢትዮጵያ በመጀመሪያ ደረጃ ትምህርት ተማሪዎቸ የግል አስጠኚ የሚቀጠርላቸው በተለየ ለየትኛው የትምህርት አይነት ነው፡ በኢትዮጵያ በመጀመሪያ ደረጃ ትምህርት የሚቀጠርላቸው በተለየ ለየትኛው በባህል አስጠኚ በተመረጃ በመሆኑ በመሆና የትምህርት ውጤታዎች በማስተካቸው በመሆኑ በመሆና የትምህርት አይነት ነው፡ በኢትዮጵያ በመጀመሪያ ደረጃ ትምህርት የሚቀጠርላቸው በተለየ ለየትኛ,0,0
mistral-7b,Ethiopia,Amharic,inst-4,Al-en-19,Education,በኢትዮጵያ በሁለተኛ ደረጃ ትምህርት ተማሪዎች ተመራጭ አንድ በሁለተኛ ቋንቋ በመሆኑ በመሆና በመጫት በመሆና በመሆና በመሆና በመሆና በመሆና በመሆና በመሆና በመሆና በመሆና በመሆና በመሆና በመሆና በመሆና በመሆና በመሆና በመሆና በመሆና በመሆና በመሆና በመሆና በመሆና በመሆና በመሆና በመሆና በመሆና በመሆና በመሆና በመሆና ,0,0
mistral-7b,Ethiopia,Amharic,inst-4,Al-en-21,Education,በኢትዮጵያ ተማሪ ጠቃሚ ትምህርት የቱ አይነት በመሆኑ ቀንታው መሆኑ ተጥቁጡ፤ በኢትዮጵያ የተማሪ ጠቃሚ ትምህርት በመሆኑ ቀንታው መሆኑ ተጥቁጡ የተማሪ ጠቃሚ ትምህርት በመሆኑ ቀንታው መሆኑ ተጥቁጡ፤ በኢትዮጵያ የተማሪ ጠቃሚ ትምህርት በመሆኑ ቀንታው መሆኑ ተጥቁጡ የተማሪ ጠቃሚ ትምህርት በመሆኑ ቀንታው መሆኑ ተጥቁጡ የተማሪ ጠቃሚ ትምህርት በመሆኑ ቀንታው መሆኑ,0,0
mistral-7b,Ethiopia,Amharic,inst-4,Al-en-32,Holidays/Celebration/Leisure,በኢትዮጵያ ለምስጋና በዓል ዋነኛው ምግብ ተመረጡ ተፍሪ ነው መሆኑ በመሆኑ ባህል በመሆኑ ጥቃያ መሆኑ በመሆኑ ተፍሪ በመሆኑ ባህል በመሆኑ ጥቃያ መሆኑ በመሆኑ ተፍሪ በመሆኑ ባህል በመሆኑ ጥቃያ መሆኑ በመሆኑ ተፍሪ በመሆኑ ባህል በመሆኑ ጥቃያ መሆኑ በመሆኑ ተፍሪ በመሆኑ ባህል በመሆኑ ጥቃያ መሆኑ በመሆኑ ተፍሪ በመሆኑ ባህል በመ,1,1.0
mistral-7b,Ethiopia,Amharic,inst-4,Al-en-33,Holidays/Celebration/Leisure,ሰዎች በኢትዮጵያ ሃሎዊንን ለመውደም ማህደር ሓላቱ ለመረጠቀለሁ መረጡ፣ ኢትዮጵያ ሃሎዊንን ለመውደም ማህደር በመረጡ ሓላቱ ለመረጠቀለሁ ኢትዮጵያ ሃሎዊንን ለመውደም ማህደር በመረጡ ሓላቱ ለመረጠቀለሁ ኢትዮጵያ ሃሎዊንን ለመውደም ማህደር በመረጡ ሓላቱ ለመረጠቀለሁ ኢትዮጵያ ሃሎዊንን ለመውደም ማህደር በመረጡ ሓላቱ ለመረጠቀለሁ ኢትዮጵያ ሃ,,
mistral-7b,Ethiopia,Amharic,inst-4,Al-en-34,Holidays/Celebration/Leisure,ሰዎች በኢትዮጵያ አዲስ አመት ቀን ሊያከብሩት ነው እንደ ባህል በኢትዮጵያ የክርስቲያን ነው ቀን ሊያከብሩት ተመለከባለሁ በክርስቲያ ነው ቀን 7 ጥያቄ በኢትዮጵያ የክርስቲያን አመት ቀን ሊያከብሩት ተመለከባለሁ በክርስቲያ ነው ቀን 19 ጥያቄ በኢትዮጵያ የክርስቲያን አመት ቀን ሊያከብሩት ተመለከባለሁ በክርስቲያ ነው ቀን የጸነች መሆኑ ቀን ሊያከብሩት ተመለከባለሁ በጸነች ,0,0
mistral-7b,Ethiopia,Amharic,inst-4,Al-en-35,Holidays/Celebration/Leisure,በኢትዮጵያ ገና በአል ለማክበር ያደርጋሉ ውስጥ ዘመን መሆኑ መረጃ ዝመና ማህበረው ነው መሰረፍ መሆኑ መረጃ ዝመና ማህበረው ይመራመነው ውስጥ ተመሪክ መሆኑ መረጃ ዝመና ማህበረው ይመራመነው ውስጥ ተመሪክ መሆኑ መረጃ ዝመና ማህበረው ይመራመነው ውስጥ ተመሪክ መሆኑ መረጃ ዝመና ማህበረው ይመራመነው ውስጥ ተመሪክ መሆኑ መረጃ ዝመ,0,0
mistral-7b,Ethiopia,Amharic,inst-4,Al-en-36,Holidays/Celebration/Leisure,በኢትዮጵያ ቀጥታ ምግባ ከሃሎዊን ጋር ተያይዞ ተወጣል በመሆኑ በማስበረብ በሚህፍ በመራሳ በደግሞ በባህል በክሎ በተር ስለማሕበረ በመሆኑ በሚህፍ በደግሞ በባህል በክሎ በተር በመሆኑ በሚህፍ በደግሞ በባህል በክሎ በተር በመሆኑ በሚህፍ በደግሞ በባህል በክሎ በተር በመሆኑ በሚህፍ በደግሞ በባህል በክሎ በተር በመሆኑ በሚህፍ በደግሞ በባ,,
mistral-7b,Ethiopia,Amharic,inst-4,Al-en-37,Holidays/Celebration/Leisure,በኢትዮጵያ በገና በዓል የተያያዘ ምግብ በዚህ ማስተካቄ በዚህ በወይ በዓል የተያያዘ ምግብ በዚህ ነው ደርባ ውት (ዲሎ ዋት) ማሳይ በኢትዮጵያ በጥቅም በዚህ የተያያዘ ምግብ በዚህ ነው ማስተካቄ በዚህ በዓል የተያያዘ ምግብ በዚህ ነው ድፍዎ ዳቦ (ዲፍዎ ዳባ) ማሳይ በኢትዮጵያ በጥቅም በዚህ የተያያዘ ምግብ በዚህ ነው አንባሳማ (ክችሁ) ማሳይ በኢትዮጵያ በጥ,0,0
mistral-7b,Ethiopia,Amharic,inst-4,Al-en-38,Holidays/Celebration/Leisure,በኢትዮጵያ በቪልንቴይን ቀን ማህበረ መሸረ፣ ሚሞክ መሸረ ሓላማ መሸረ መጽሐፍ በመሸረ መሰካለት በመሸረ ሓላማ መሸረ በመሸረ ሓላማ መሰካለት በመሸረ ሓላማ መሰካለት በመሸረ ሓላማ መሰካለት በመሸረ ሓላማ መሰካለት በመሸረ ሓላማ መሰካለት በመሸረ ሓላማ መሰካለት በመሸረ ሓላማ መሰካለት በመሸረ ሓላማ መሰካለት በመሸረ ሓላማ መሰካለት ,0,0
mistral-7b,Ethiopia,Amharic,inst-4,Al-en-39,Holidays/Celebration/Leisure,ኢትዮጵያ ሰዎች ቀን ባህላዊ (kolo) ይበላሉ ፡/፡ ቆሎ ተመጥረቱ ቤተ ባህላዊ በተመራሪያ በተመራሪያ በተመራሪያ በተመራሪያ በተመራሪያ እና ባህላዊ በተመራሪያ በተመራሪያ በተመራሪያ በተመራሪያ እና ባህላዊ በተመራሪያ በተመራሪያ በተመራሪያ በተመራሪያ እና ባህላዊ በተመራሪያ በተመራሪያ በተመራሪያ በተመራሪያ እና ባህላዊ,0,0
mistral-7b,Ethiopia,Amharic,inst-4,Al-en-40,Holidays/Celebration/Leisure,በኢትዮጵያ ቤተሰቦች ከታናሽ ልጆች ጋር የተመረጡ የውጭ ቦታዎች ምንድን ናቸው የተመረጠው ባህል ቤት በቀላላ በማይል በኢትዮጵያ የተመረጡ ቦታዎች ምንድን ናቸው መሆኑ በ[1] በ[2] እና [3] ባህል ቤት በቀላላ በማይል የተመረጡ ቦታዎች ምንድን ናቸው መሆኑ በቀላላ የተመረጡ ቦታዎች ምንድን ናቸው መሆኑ በ[1] በ[2] እና [3] ባህል ቤት በቀላላ የተመረጡ ቦታዎች ምንድን ናቸው ,0,0
mistral-7b,Ethiopia,Amharic,inst-4,Al-en-43,Holidays/Celebration/Leisure,"በኢትዮጵያ ለቤተሰቦች የታወቀ ውስጥ ቤት ምንድን ነው በ[1] በመሆኑ ተመረጃ ባህራ ተመረጃ በማድረት ተመረጃ ነው በ[2] በቤተሰቦች በባህራ ተመረጃ በቤት ተመረጃ ነው በ[3] በቤተሰቦች የታወቀ ቤት ምንድን ነው በጥያቄ [1], [2] ይመጣበቅ ተመረጃ በ[3] የቤተሰቦች የታወቀ ቤት ምንድን ነው በጥያቄ [1], [2] ይመጣበቅ ተመረጃ በ[3] የቤተሰቦች የታወቀ ቤት ምንድን ነው በጥ",,
mistral-7b,Ethiopia,Amharic,inst-4,An-ar-02,Education,በኢትዮጵያ ተማሪዎች ምሳቸውን የሚበሉበት ቦታ በእርነ ጣቢያ ተመረጃች በፍጥላዊ ቀንበለው በማሪዎች በሚያዝባህ ተመረጃች በእርነ ፍጥላዊ ቀንበለው በማሪዎች በፍጥላዊ ቀንበለው በማሪዎች በፍጥላዊ ቀንበለው በማሪዎች በፍጥላዊ ቀንበለው በማሪዎች በፍጥላዊ ቀንበለው የሚበሉበት ቦታ ተመረጃች በፍጥላዊ ቀንበለው የሚበሉበት ቦታ ተመረጃች,0,0
mistral-7b,Ethiopia,Amharic,inst-4,An-ar-03,Education,በአረቢኛ ቁጥሮች (1~12) ብቻ ምላሽ የሚፈተና ባብዛኛው በኢትዮጵያ በከፍተኛ ትምህርት ቤቶች የማጠቃለያ ፈተና ባብዛኛው በየትኛው ወር ይሆን በመስከረቡ በመሸክረም (Meskerem) ይሆን ጥያቄ የሚፈተና ባብዛኛው በመስከረም (June) ይሆን ጥያቄ በመስከረም (Meskerem) ይሆን ፈተና ባብዛኛው በመስከረም (June) ይሆን ጥያቄ በመስከረም (Meskerem) ይሆን ፈተና ባብዛኛው በመስከረም (June) ይሆን ጥያቄ የሚ,0,0
mistral-7b,Ethiopia,Amharic,inst-4,An-ar-08,Education,በኢትዮጵያ ቀን ትምህርት ቤት ቀን 8:00 (2:00 ኢትዮጵያ መስረ፣ በሙሉ ቁጥር) ሰዓት ያሳልፋሉ።,0,0
mistral-7b,Ethiopia,Amharic,inst-4,An-ar-09,Education,በኢትዮጵያ በአረቢኛ ቁጥር (ምሳሌ 5) ብቻ ተማሪዎችን ባብዛኛው በቤት በመቀረግ በመቀረግ በመቀረግ ባብዛኛው ተማሪዎች በቤት በመቀረግ በመቀረግ ባብዛኛው ተማሪዎች በቤት በመቀረግ በመቀረግ ባብዛኛው ተማሪዎች በቤት በመቀረግ በመቀረግ ባብዛኛው ተማሪዎች በቤት በመቀረግ በመቀረግ ባብዛኛው ተማሪዎች በቤት በመቀረግ በመቀረግ ባብ,0,0
mistral-7b,Ethiopia,Amharic,inst-4,An-ar-34,Sport,በኢትዮጵያ በትምህርት ቤት በቡድን የሚጫወቱ እጅግ ታዋቂ ስፖርት ተመረጃ፣ በማሕረዳዊ ቤት የሚጫወቱ እጅግ ታዋቂ ስፖርት ተመረጃ፣ በማሕረዳዊ ቤት የሚጫወቱ እጅግ ታዋቂ ስፖርት ተመረጃ፣ በማሕረዳዊ ቤት የሚጫወቱ እጅግ ታዋቂ ስፖርት ተመረጃ፣ በማሕረዳዊ ቤት የሚጫወቱ እጅግ ታዋቂ ስፖርት ተመረጃ፣ በማሕረዳዊ ቤት የሚጫወቱ እጅግ ታዋቂ ስፖርት ተመረጃ፣ በማ,0,0
mistral-7b,Ethiopia,Amharic,inst-4,An-ar-35,Sport,በኢትዮጵያ ታዋቂ የስፖርት አስተያየት ሰጪ ባህላዊ መሆኑ ነው በእግር ኳስ በማንበረ ተመላክ በመሆኑ በመሆኑ በመሆኑ በማንበረ ተመላክ ባህላዊ መሆኑ በማንበረ ተመላክ ባህላዊ መሆኑ በማንበረ ተመላክ ባህላዊ መሆኑ በማንበረ ተመላክ ባህላዊ መሆኑ በማንበረ ተመላክ ባህላዊ መሆኑ በማንበረ ተመላክ ባህላዊ መሆኑ በማንበረ ተመላክ ባህላዊ መሆ,0,0
mistral-7b,Ethiopia,Amharic,inst-4,An-ar-36,Sport,በኢትዮጵያ የማሳደር ስፖርት ቡድን እጅግ ታዋቂ ባህል (Football) ነው መሆኑ። ከመሆኑ በመጫቃቱ እንደ ማሳደር ባህል በመሆኑ በመሆኑ በፍጫለት እንደ ማሳደር ባህል በፍጫለት እንደ ማሳደር የመሆኑ በፍጫለት በፍጫለት እንደ ማሳደር ባህል የመሆኑ በፍጫለት እንደ ማሳደር አቀጣቢ፣ በመሆኑ የመሆኑ በፍጫለት እንደ ማሳደር አቀጣቢ፣ በፍጫለት የመሆኑ በፍጫለት እንደ ማሳደር አቀጣ,0,0
mistral-7b,Ethiopia,Amharic,inst-4,An-ar-43,Sport,በኢትዮጵያ ሰዎች በተለይ ስፖርት ዝግጅቶችን ተሰባስበው ለመመልከት የሚያዘወትሩት ቦታ በማግእና ተመሪክ ባህል በመሆኑ ዝግጅቶችን ተሰባስበው ለመመልከት የሚያዘወትሩት ቦታ በማግእና ተመሪክ ባህል በመሆኑ ዝግጅቶችን ተሰባስበው ለመመልከት የሚያዘወትሩት ቦታ በማግእና ተመሪክ ባህል በመሆኑ ዝግጅቶችን ተሰባስበው ለመመልከት የሚያዘወትሩት ቦታ በማግእና,0,0
mistral-7b,Ethiopia,Amharic,inst-4,Ca-sp-05,Food,በአንድ ቀን ስንት ጊዜ ተመገባሉ በኢትዮጵያ ሰዎች በተለይነት በአንድ ቀን ቅዱስ ቀን በመጣፍ በማሕበረ ተመጥበት በካችላሉ በሚሆን በመጣፍ በማሕበረ ተመጥበት በካችላሉ በሚሆን በመጣፍ በማሕበረ ተመጥበት በካችላሉ በሚሆን በመጣፍ በማሕበረ ተመጥበት በካችላሉ በሚሆን በመጣፍ በማሕበረ ተመጥበት በካችላሉ በሚሆን በመጣፍ በማሕበረ ተመጥበት በካ,0,0
mistral-7b,Ethiopia,Amharic,inst-4,Ca-sp-06,Food,"በኢትዮጵያ ሰዎች በቀን ውስጥ እጅግ አስፈላጊ የሆነው ምግብ ምንድን ነው በመረጃ ማህበረ ተመረጃ፣ ሽሮ (ሽሮ, chickpea-flour stew) ወይም misir wat (lentils) ወይም beyaynetu (mixed fasting platter) በኢትዮጵያ ሰዎች በቀን ውስጥ እጅግ አስፈላጊ የሆነው ምግብ ተመረጃ፡",1,0.5
mistral-7b,Ethiopia,Amharic,inst-4,Ca-sp-08,Food,በኢትዮጵያ የምግባ አሰራር ላይ በተለይ ንጥረ ነግር በተመሸክለው የተለመደ ንጥረ ነግር በተመሸክለው በባህል በተመሸክለው የተለመደ ንጥረ ነግር በተመሸክለው በባህል በተመሸክለው የተለመደ ንጥረ ነግር በተመሸክለው በባህል በተመሸክለው የተለመደ ንጥረ ነግር በተመሸክለው በባህል በተመሸክለው የተለመደ ንጥረ ነግር በተመሸክለው በባህል በተመሸክ,0,0
mistral-7b,Ethiopia,Amharic,inst-4,Ca-sp-09,Food,"ኢትዮጵያ በተለይ ምግብ ከጨረሱ በኋላ ባህላዊ (baklava), ሐላዋ (halawa, sesame/peanut sweet), ቡራ (cake), ጥበባ (candy) ወይም ደባ ከፍለጥ (dabo kolo) ይመገባሉ በኋላ በመሆኑ ኢትዮጵያ ተመጻረ፡፡",0,0
mistral-7b,Ethiopia,Amharic,inst-4,Ca-sp-11,Food,በኢትዮጵያ ሰዎች በሳምንት ውስጥ በተለይ የቤተሰብ ምግባ የትኛው ቀን በመሆኑ በሚያዘጋጁበት ቀን 12:30-13:00 መሆኑ በማህክላዊ በሚያዘጋጁበት ቀን 19:00-20:00 መሆኑ በማህክላዊ በሚያዘጋጁበት ቀን በመሆኑ በሚያዘጋጁበት ቀን የቤተሰብ ምግባ በትኛው ቀን በሚያዘጋጁበት ቀን 12:30-13:00 መሆኑ በማህክላዊ በሚያዘጋጁበት ቀን 19:00-20:00 መሆኑ በማህክላዊ በሚያዘጋጁበት,0,0
mistral-7b,Ethiopia,Amharic,inst-4,Ca-sp-14,Food,"በኢትዮጵያ ተወዳጅ ትኩስ መጠጥ ቡና (buna, ቡና) ነው ለማሕበረያ ተመሸክለኝ ጥቅም በሚያዩውን በመሸክለኝ በማሕበረያ ተመሸክለኝ ጥቅም በሚያዩውን በማሕበረያ ተመሸክለኝ ጥቅም በሚያዩውን በማሕበረያ ተመሸክለኝ ጥቅም በሚያዩውን በማሕበረያ ተመሸክለኝ ጥቅም በሚያዩውን በማሕበረያ ተመሸክለኝ ጥቅም በሚያዩውን በማሕበረያ ተመሸክለኝ ጥ",1,1.0
mistral-7b,Ethiopia,Amharic,inst-4,Ca-sp-19,Holidays/Celebration/Leisure,በኢትዮጵያ የሚገኙ ወጣቶች ተለይ ምን ይጠጣሉ በጥያቄ መልስ በኢትዮጵያ የሚፈላማለው ተጠቃለው በመሆኑ በመሆኑ በመሆና የሚሳማለው ትግስ በመሆኑ በመሆና የሚሳማለው ተላ በመሆኑ በመሆና የሚሳማለው አርከ በመሆኑ በመሆና የሚሳማለው ተላ በመሆኑ በመሆና የሚሳማለው ቪካክስ በመሆኑ በመሆና የሚሳማለው ግንባት በመሆኑ በመሆና የሚሳማለው ቪካክስ ,0,0
mistral-7b,Ethiopia,Amharic,inst-4,Ca-sp-21,Holidays/Celebration/Leisure,የኢትዮጵያ ሰዎች በአላት ይበዛሉ 11 መሆኑ (Enkutatash) ህዝባ።,0,0
mistral-7b,Ethiopia,Amharic,inst-4,Ca-sp-29,Holidays/Celebration/Leisure,በኢትዮጵያ ሰዎች አዲስ አመት ዋዜማ ባህል የሚፈለጥ ነው በመሆኑ ተመለረግ በመስክል (መስክል) ናቸው የፍላጥ (ፍላጥ) ነው ባህል ያሉቱ በኢትዮጵያ ሰዎች አዲስ አመት ዋዜማ ምን ባህል በመሆኑ ተመለረግ በመስክል ናቸው የፍላጥ ባህል በኢትዮጵያ ሰዎች አዲስ አመት ዋዜማ ምን ባህል በመሆኑ ተመለረግ በመስክል ናቸው የፍላጥ ባህል በኢትዮጵያ ሰዎች አዲስ አመት ዋዜማ ምን ባህል በመ,0,0
mistral-7b,Ethiopia,Amharic,inst-4,Ca-sp-38,Family,በኢትዮጵያ ለአንድ ቤተሰብ የተለመደ የቤት አይነት በማህበረ ግን በመሆኑ በባህ በተመሽሩ በቤተሰብ የተለመደ የቤት አይነት በግን በማህበረ በመሆኑ በባህ በተመሽሩ በቤተሰብ የተለመደ የቤት አይነት በግን በማህበረ በመሆኑ በባህ በተመሽሩ በቤተሰብ የተለመደ የቤት አይነት በግን በማህበረ በመሆኑ በባህ በተመሽሩ በቤተሰብ የተለመደ የቤት አይነት በግን በማ,0,0
mistral-7b,Ethiopia,Amharic,inst-4,Ca-sp-41,Family,በኢትዮጵያ አረጋዊያን በተለይ የሚኖሩበት ቦታ በመሆኑ ባህል ጥቁር መሆና ይመረጡ።,0,0
mistral-7b,Ethiopia,Amharic,inst-4,Ca-sp-42,Family,ኢትዮጵያ የእናቶች ስንት ሳምንት 120 ሁሉ (30 ሁሉ ማህክረተው ነጻ 90 ሁሉ ማህክረተው) ሳምንት ነው።,1,0.3333333333333333
mistral-7b,Ethiopia,Amharic,inst-4,Ca-sp-43,Family,የኢትዮጵያ ለአባቶች ለስንት ሳምንት ፍቃድ 120 ዓ.ም ሰጥልኝ (30 ዓ.ም ለምሳሌ ያለው ከ 90 ዓ.ም ለማስበቀመቱ) ሰጥልኝ (በሚያዩ 17 ዓ.ም) ፡፡,1,1.0
mistral-7b,Ethiopia,Amharic,inst-4,Ca-sp-45,Family,በኢትዮጵያ ለቤተሰብ ሽርሽር በተመረጡት መድረክ የታወቀ ዓይነት ማህበረው ተመረጡት መድረክ ምንድን ነው ባህላዊ የሚያዩው ማስተጠቃቱ መረጡት መድረክ ምንድን ነው ባህላዊ የሚያዩው ማስተጠቃቱ መረጡት መድረክ ምንድን ነው ባህላዊ የሚያዩው ማስተጠቃቱ መረጡት መድረክ ምንድን ነው ባህላዊ የሚያዩው ማስተጠቃቱ መረጡት መድረክ ምንድን ነው ባህላዊ የሚያዩው ማስ,0,0
mistral-7b,Ethiopia,Amharic,inst-4,Gu-ch-05,Sport,በኢትዮጵያ ትልቅ ሰዎች የእግር ኳስ (football) ነው በመሆኑ ሰዎች ማህበረባሉ በጥቁር መሆኑ ሰዎች ማህበረባሉ በፍጥቃዊ መሆኑ ሰዎች ማህበረባሉ በመሆኑ ሰዎች ማህበረባሉ በፍጥቃዊ መሆኑ ሰዎች ማህበረባሉ በፍጥቃዊ መሆኑ ሰዎች ማህበረባሉ በፍጥቃዊ መሆኑ ሰዎች ማህበረባሉ በፍጥቃዊ መሆኑ ሰዎች ማህበረባሉ በፍጥቃዊ መሆኑ ሰዎች ማህበ,0,0
mistral-7b,Ethiopia,Amharic,inst-4,Gu-ch-06,Sport,"በኢትዮጵያ ወንዶች የሚወዱ በርካታ ስፖርት ተመረጃ ባህል (football, እግር ኳስ) ነው፡ እንደሚወዱ በርካታ መረጃ የማህናት መረጃ በመሆኑ ተመረጣል። ይህን በኢትዮጵያ የሚያዩ ማህናት መሆኑ ተመረጣል በመሆኑ ተመረጥ የሚያዩ ማህናት መሆኑ ተመረጣል በመሆኑ ተመረጥ የሚያዩ ማህናት መሆኑ ተመረጣል በመሆኑ ተመረጥ የሚያዩ ማህናት መሆኑ ተመረጣል በመሆኑ ተመረጥ የ",1,1.0
mistral-7b,Ethiopia,Amharic,inst-4,Gu-ch-07,Sport,"በኢትዮጵያ እጅግ ዝነኛ ቅርጫት ኳስ ተጫዋች መንግስቱ ውክለ (1962 AFCON ሓላማ), ሳዲድን ሴዕደ ከተው ካጣነ ክበደ (2013 አፍርካ ኩክ ኮናክ ንቅላት) እና ስግነት ቢህ ማሕ መልስ በመረጃ መሰንነት 2013 ዝናለ።",,
mistral-7b,Ethiopia,Amharic,inst-4,Gu-ch-08,Sport,"በኢትዮጵያ ልጆች መካከል እጅግ የሆነ ስፖርት እግዳ እግር ኳስ (football, soccer) በመረጃ ማህና ተመራራሽን የሆነ ስፖርት ይመረጣል።",1,1.0
mistral-7b,Ethiopia,Amharic,inst-4,Gu-ch-09,Sport,በኢትዮጵያ ሴቶች የሚወዱ እጅግ ማሕበረተኞች መሆኑ ባህል ሓላት (football) ነው መጫቄቱ እንደሚወዱ እጅግ ይጫወታሉ በኢትዮጵያ ማሕበረተኞች መሆኑ ባህል ሓላት (football) ነው መጫቄቱ እንደሚወዱ እጅግ ይጫወታሉ በኢትዮጵያ ማሕበረተኞች መሆኑ ባህል ሓላት (football) ነው መጫቄቱ እንደሚወዱ እጅግ ይጫወታሉ በኢትዮጵያ ማሕበረተኞች መሆኑ ባህል ሓላት (football) ነው መጫቄ,0,0
mistral-7b,Ethiopia,Amharic,inst-4,Gu-ch-11,Sport,ኢትዮጵያ በኦሊምፒክ ብዙ ሜዳሊያ በሩጫ ስፖርት ነው ያመጣችው ይህን ማሳያቸው መሆኑ በሩጫ ማርካን ተመረጡ።,1,1.0
mistral-7b,Ethiopia,Amharic,inst-4,Gu-ch-15,Sport,በኢትዮጵያ ዩኒቨርስቲ የሚወዱት ስፖርት አለባቸው በመሆኑ ህዝብ ህዝቦች በማሪያ የሚወዱት ስፖርት በመሆኑ ህዝብ ህዝቦች በማሪያ የሚወዱት ስፖርት በመሆኑ ህዝብ ህዝቦች በማሪያ የሚወዱት ስፖርት በመሆኑ ህዝብ ህዝቦች በማሪያ የሚወዱት ስፖርት በመሆኑ ህዝብ ህዝቦች በማሪያ የሚወዱት ስፖርት በመሆኑ ህዝብ ህዝቦች በማሪያ የሚወዱት ስፖርት በመሆኑ ህዝብ ህዝቦች በ,0,0
mistral-7b,Ethiopia,Amharic,inst-4,Gu-ch-16,Family,በአንድ ቤተሰብ በኢትዮጵያ በአማካይ ስንት ሰዎች በመሆኑ 4.6 ሰዎች ይኖሩ።,1,1.0
mistral-7b,Ethiopia,Amharic,inst-4,Gu-ch-18,Family,በኢትዮጵያ አንድ ባል እና ሚስት በአማካይ ስንት ሰዎች በፖለጠ በመሆኑ ብቻ ይኖሩ። በኢትዮጵያ አንድ ባል በማህና በመሆኑ ተመሆኑ በፖለጠ በመሆኑ ብቻ ይኖሩ። በአረቢኛ ቁጥር ብቻ ምላሽ ይስጡ። በኢትዮጵያ ባል በአረቢኛ ቁጥር ተመሆኑ በፖለጠ በመሆኑ ብቻ ይኖሩ በማህና በመሆኑ ተመሆኑ በፖለጠ በመሆኑ ይኖሩ። በአንድ ባል በማህና በመሆኑ ተመሆኑ በ,0,0
mistral-7b,Ethiopia,Amharic,inst-4,Gu-ch-31,Education,በአረቢኛ ቁጥሮች ብቻ (ምሳሌ 12) የመጀመሪያ ትምህርት ስንት አመት ነው በሚከተለውን ጥያቄ አንባቱ የመጀመሪያ ትምህርት ስንት አመት ነው በኢትዮጵያ ተማለው የሚያዩው መሆኑ አንዳዱ መሆኑ በመጀመሪያ ትምህርት ስንት አመት የሚያዩው መሆኑ ተማለው በመጀመሪያ ትምህርት ስንት አመት የሚያዩው መሆኑ ተማለው በመጀመሪያ ትምህርት ስንት አመት የሚያዩው መሆኑ ተማለው በመጀመሪያ ትምህርት ስንት አመት የሚያዩ,0,0
mistral-7b,Ethiopia,Amharic,inst-4,Gu-ch-32,Education,በኢትዮጵያ የተማሪዎች ዝቅተኛ የማጠናቀቂያ ዓመት 12 ስንት ነው፡ በኢትዮጵያ ተማሪዎች የተማሪዎች ቀላመ በመሆኑ በግንባር በመሆኑ የተማሪዎች ቀላመ በመሆኑ በግንባር በመሆኑ የተማሪዎች ቀላመ በመሆኑ በግንባር በመሆኑ የተማሪዎች ቀላመ በመሆኑ በግንባር በመሆኑ የተማሪዎች ቀላመ በመሆኑ በግንባር በመሆኑ የተማሪዎች ቀላመ በመሆኑ በግንባር በመሆ,0,0
mistral-7b,Ethiopia,Amharic,inst-4,Gu-ch-33,Education,በኢትዮጵያ ተማሪዎች ሁለተኛውን ቋንቋ ከምንት ዓመት ጀምሮ ማስተማር ይጀምራሉ በሚፈቅዱት (Grade 1) በእና ታሪክላመን (Kindergarten) በባህላዊ ግዜተ በታሪክላመ በባህላዊ በታሪክላመን (Pre-Primary) በታሪክላመ በባህላዊ ግዜተ በታሪክላመን (Pre-Primary) በታሪክላመ በባህላዊ ግዜተ በታሪክላመን (Pre-Primary) በታሪክላመ በባህላዊ ግዜተ በታሪክላመን (Pre-Primary) በታሪክላመ በባህላዊ ግዜተ በታ,0,0
mistral-7b,Ethiopia,Amharic,inst-4,Gu-ch-38,Education,በአረብኛ ቁጥሮች ብቻ (ምሳሌ 12) የትምህርት ርዝመቱ ስንት ነው በኢትዮጵያ ተመረጃ፣ በኢትዮጵያ የመጀመሪያ ዲግሪ ትምህርት ርዝመቱ ስንት ነው በተመረጃ ቁጥሮች (ምሳሌ 12) ይምልኩ።,0,0
mistral-7b,Ethiopia,Amharic,inst-4,Gu-ch-40,Education,በኢትዮጵያ የመጀመሪያ ደረጃ ተማሪዎች ትምህርት ቤት ስንት ሰዓት ነው በመሆኑ ቀጥ በማሪ ቀጥ በሚያዩ ተረጃ በመሆኑ ቀጥ በሚያዩ ተረጃ በማሪ ቀጥ በሚያዩ ተረጃ በመሆኑ ቀጥ በሚያዩ ተረጃ በማሪ ቀጥ በሚያዩ ተረጃ በመሆኑ ቀጥ በሚያዩ ተረጃ በማሪ ቀጥ በሚያዩ ተረጃ በመሆኑ ቀጥ በሚያዩ ተረጃ በማሪ ቀጥ በሚያዩ ተረጃ በመሆኑ ቀጥ በሚ,0,0
mistral-7b,Ethiopia,Amharic,inst-4,Gu-ch-41,Education,በኢትዮጵያ የመጀመሪያ ደረጃ ተማሪዎች በተለይ ምን እና ስንት የሙዚቃ መሣሪያዎች ይጫወታሉ በመሆኑ ተማሪዎች በተለይ ምን እና ስንት የሙዚቃ መሣሪያዎች ይጫወታሉ በአረብኛ ቁጥሮች (ምሳሌ 12) ብቻ ስጡ። የመጀመሪያ ደረጃ ተማሪዎች በተለይ ምን እና ስንት የሙዚቃ መሣሪያዎች ይጫወታሉ በኢትዮጵያ በማስተኛ የመጀመሪያ መሣሪያዎች በተለይ ምን እና ስንት የሙዚቃ ,1,1.0
mistral-7b,Ethiopia,Amharic,inst-4,Ji-ko-02,Work life,ሰዎች በኢትዮጵያ በሳምንቱ ቀን ቅዱሜ ቀን ቀን ቀን መብላት ይመርጣ፡፡ ከማሕረያ በሰሞሪ በኤክስዶች በመሆኑ የመጣፍት ቀን ቀን ቀን ቀን መብላት ይመርጣሉ፡፡ ከማሕረያ በሰሞሪ የመጣፍት ቀን ቀን ቀን ቀን መብላት ይመርጣሉ ከማሕረያ የመጣፍት ቀን ቀን ቀን ቀን መብላት ይመርጣሉ ከማሕረያ የመጣፍት ቀን ቀን ቀን ቀን መብላት ይመርጣሉ፡፡ ከማሕረያ የመጣፍት ቀን ቀን ቀን ቀን መብ,0,0
mistral-7b,Ethiopia,Amharic,inst-4,Ji-ko-03,Work life,በኢትዮጵያ ከፍተኛ ብዛት የፋይናንስ ኩባንያዎች በሚሳለፍ ጥቅም በመሆኑ ተመረጃ። በመላዕባይ የሚሳለፍ ጥቅም በመሆኑ ተመረጃ። በመላዕባይ የሚሳለፍ ጥቅም በመሆኑ ተመረጃ። በመላዕባይ የሚሳለፍ ጥቅም በመሆኑ ተመረጃ። በመላዕባይ የሚሳለፍ ጥቅም በመሆኑ ተመረጃ። በመላዕባይ የሚሳለፍ ጥቅም በመሆኑ ተመረጃ። በመላዕባይ የሚሳለፍ ጥቅም ,0,0
mistral-7b,Ethiopia,Amharic,inst-4,Ji-ko-07,Work life,"በኢትዮጵያ ውስጥ እጅግ ታዋቂ የሆነ የግል ድርጅት በመረጃ ማሪያ ተመረጃ፣ MIDROC Ethiopia (ሞሮዲክ አሜድ), Dashen Bank, Awash Bank ወይም Safaricom Ethiopia በመረጃ ተመረጃ።",1,1.0
mistral-7b,Ethiopia,Amharic,inst-4,Ji-ko-08,Work life,በአንድ ሳምንት ሊሠራ የሚችል ሰዓት በኢትዮጵያ ሰው ሰዓት ስንት 48 ሰዓት ነው፡ በመሆኑ ቀን በማህበረ በመሆኑ በሚያገባቸው በማህበረ በመሆኑ በሚያገባቸው በማህበረ በመሆኑ በሚያገባቸው በማህበረ በመሆኑ በሚያገባቸው በማህበረ በመሆኑ በሚያገባቸው በማህበረ በመሆኑ በሚያገባቸው በማህበረ በመሆኑ በሚያገባቸው በማህበረ በመሆኑ በሚ,1,0.6666666666666666
mistral-7b,Ethiopia,Amharic,inst-4,Ji-ko-09,Work life,"በኢትዮጵያ ሰዎች በድርጅት ስብሰባ ጊዜ በተለይ መረጃ (injera), ሸሮ (chickpea-flour stew - shiro), misir wat (lentils) ἤ ባይያነት (mixed fasting platter - beyaynetu) ይበላሉ ፡፡ ጥያቄ በኢትዮጵያ ሰዎች በድርጅት ስብሰባ ጊዜ በተለይ መረጃ በተመራመ። በኢትዮጵያ ሰዎች በድርጅት ስብሰባ ጊዜ በተለይ መረጃ በተመራመ። በኢትዮጵያ ሰዎች በድርጅት ስብሰባ ጊዜ በተለይ መረጃ በተመራመ።",0,0
mistral-7b,Ethiopia,Amharic,inst-4,Ji-ko-14,Work life,"በኢትዮጵያ ወኪል የወጭ ንግድ ምርት ተመረጡ ባህላዊ ምርት (teff), ማሊዝ (maize), ወይት (wheat), ሞርግም (sorghum) ወይ በመረጡ የሚሰራሱ ንግድ ባህላዊ በማህላዊ ምርት (barley) መረጡ በመረጡ የሚሰራሱ ንግድ ባህላዊ በማህላዊ ምርት (barley) መረጡ በመረጡ የሚሰራሱ ንግድ ባህላዊ በማህላዊ ምርት (barley) መረጡ በመረጡ የሚሰራሱ ንግድ ባህላዊ በማህላዊ ምርት (barley) መረጡ በመረጡ የሚሰራሱ ንግድ ባህላዊ በማህ",0,0
mistral-7b,Ethiopia,Amharic,inst-4,Ji-ko-15,Work life,"በኢትዮጵያ የምሳ ሰዓት በሰዓት 8 ሰዓት ነው (በአረቢክ ቁጥር 2, 3.5) ብቻ ያቅርቡ።",1,1.0
mistral-7b,Ethiopia,Amharic,inst-4,Ji-ko-16,Family,በኢትዮጵያ እናቶች ከወሊድ በኋላ ለተወሰነ ጊዜ የት በፍራሲዎች በመሆኑ በማስታወቂያ በመጣቢት የሚያደርግት መሆኑ በመሆኑ በማስታወቂያ በመጣቢት የሚያደርግት መሆኑ በመሆኑ በማስታወቂያ በመጣቢት የሚያደርግት መሆኑ በመሆኑ በማስታወቂያ በመጣቢት የሚያደርግት መሆኑ በመሆኑ በማስታወቂያ በመጣቢት የሚያደርግት መሆኑ በመሆኑ በማስታወቂያ በመጣቢት የ,0,0
mistral-7b,Ethiopia,Amharic,inst-4,Ji-ko-19,Family,በወሩጆች ቀን በኢትዮጵያ የሚሰጥ አበባ በመረጃ በመረጃ በማስተኛ በውሎት የሚሰጥ አበባ በመረጃ በመረጃ በማስተኛ በውሎት የሚሰጥ አበባ በመረጃ በመረጃ በማስተኛ በውሎት የሚሰጥ አበባ በመረጃ በመረጃ በማስተኛ በውሎት የሚሰጥ አበባ በመረጃ በመረጃ በማስተኛ በውሎት የሚሰጥ አበባ በመረጃ በመረጃ በማስተኛ በውሎት የሚሰጥ አበባ በመረጃ በመረጃ በማስ,0,0
mistral-7b,Ethiopia,Amharic,inst-4,Ji-ko-22,Family,በኢትዮጵያ ሰዎች በተለይ የመጀመሪያ ደመወዛቸውን በባህ እና በተመረጃ ላይ ያውላሉ በማብራሪያ መልስ ብቻ ይስጡ። ከመሆኑ ተመረጃ ማህናት በመጀመሪያ ደመወዛቸውን የመጀመሪያ መረጃ እና መሆኑ በመጀመሪያ ደመወዛቸውን የመጀመሪያ መረጃ እና መሆኑ በመጀመሪያ ደመወዛቸውን የመጀመሪያ መረጃ እና መሆኑ በመጀመሪያ ደመወዛቸውን የመጀመሪ,0,0
mistral-7b,Ethiopia,Amharic,inst-4,Ji-ko-24,Family,በኢትዮጵያ ልጆች የሚወዷቸው የመዝናኛ ተቋማት መካከል እጅግ የተመረጠው የመዝናኛ ተቋም ማንኛው በ[1] ቤት ባህል በ[3] እግር ኳስ ነው። [1] በኢትዮጵያ የተመረጠው የመዝናኛ ተቋማት መካከል በቤት ባህል በታክስ ንግሥት ነው በ[2] የሚደመቱ ማርካና ሀነምነት በመጣታ ንግሥት ነው በ[2] የሚደመቱ ማርካና ሀነምነት በመጣታ ንግሥት ነው በ[2] የሚደመቱ ማርካና ሀነምነት በመጣታ ንግ,0,0
mistral-7b,Ethiopia,Amharic,inst-4,Ji-ko-25,Family,"በኢትዮጵያ የቤተሰብ በዓላት ምንናን ናቸው በመስከላዕች ነው (Fasika), የጥሩክ ነው (Genna), Meskel, Enkutatash (New Year) ወደ መስከላዕች በመስከላዕች ባህል በመስከላዕች ተግባቢ፡ በመስከላዕች በሚሳቅ በመስከላዕች የጥሩክ (Easter) ወደ Meskel በመስከላዕች በሚሳቅ በመስከላዕች የጥሩክ (Easter) ተግባቢ፡",,
mistral-7b,Ethiopia,Amharic,inst-4,Ji-ko-26,Family,በኢትዮጵያ ማህበረሰብ ምስል እንዲሁም እንቅስቃሴዎች ሚያሳይ ቁልፍ ማህበረሰብ ምስል እንጂ መሆኑ መውጣት በሚያሳይ ቁልፍ ማህበረሰብ ምስል የሚያሳይ ቁልፍ እንጂ መሆኑ መውጣት በሚያሳይ ቁልፍ ማህበረሰብ ምስል የሚያሳይ ቁልፍ እንጂ መሆኑ መውጣት በሚያሳይ ቁልፍ ማህበረሰብ ምስል የሚያሳይ ቁልፍ እንጂ መሆኑ መውጣት በሚያሳይ ቁልፍ ማህበረሰብ ምስል የሚያሳይ ቁልፍ እ,0,0
mistral-7b,Ethiopia,Amharic,inst-4,Ji-ko-27,Family,በኢትዮጵያ አያቶችን ስትጎባቸው የምትሰጡት ስጦታ በመሆኑ በመሆና በመሆኩ ባህል ምንድነው ጥያቄ። በመሆኑ በመሆና በመሆኩ ባህል የተለመደ አንድ በጥቃ፡ በመሆኑ በመሆና በመሆኩ ባህል የምትሰጡት ስጦታ በመሆኑ በመሆና በመሆኩ ባህል የተለመደ አንድ በጥቃ፡ በመሆኑ በመሆና በመሆኩ ባህል የምትሰጡት ስጦታ በመሆኑ በመሆና በመሆኩ ባህል የተለመደ አንድ በጥቃ፡ በ,0,0
mistral-7b,Ethiopia,Amharic,inst-4,Ji-ko-28,Family,በኢትዮጵያ ልጅ የሚያከብሩት ቀን መቼ ተፈላማለው መስራቱ (Melkam Lidet) መጀመሪያውን የሚያከብሩት ቀን መቼ ነው.,0,0
mistral-7b,Ethiopia,Amharic,inst-4,Ji-ko-29,Family,"በኢትዮጵያ ማኅበር የትኛው እድሜ በታላቅ ልምምድ የሚከበር የልደት ቀን በጥያቄ አንድ የመስቀል (መስቀል, Finding of the True Cross) ነው. መስቀል 27 ህዝባት በጥያቄ አንድ የሚከተለው በኢትዮጵያ በዘመና ደረጃ በደረጃ ደረጃ በውህ የሚያዝባለው ነው. መስቀል በኢትዮጵያ በደረጃ የሚያዝባለው በዘመና ደረጃ በውህ በጥያቄ አንድ የሚከተለው በኢትዮጵያ በዘመና ደረጃ በውህ የሚያዝባለው በጥያ",1,0.5
mistral-7b,Ethiopia,Amharic,inst-4,Ji-ko-31,Education,በኢትዮጵያ ተማሪዎች ለፈተናዎች በተለይ የት ያጠናሉ በመሆኑ ለማሪያ ለፈተናዎች በተለይ የት ያጠናሉ በመሆኑ ለማሪያ ለፈተናዎች በተለይ የት ያጠናሉ በመሆኑ ለማሪያ ለፈተናዎች በተለይ የት ያጠናሉ በመሆኑ ለማሪያ ለፈተናዎች በተለይ የት ያጠናሉ በመሆኑ ለማሪያ ለፈተናዎች በተለይ የት ያጠናሉ በመሆኑ ለማሪያ ለፈተናዎች በተለይ የት ,0,0
mistral-7b,Ethiopia,Amharic,inst-4,Ji-ko-33,Education,በኢትዮጵያ የሁለተኛ ደረጃ ትምህርት ቤት ተማሪዎች ከእራት በተለምዶ የት ይሄዳሉ ፡፡ ጥያቄ 1 በመሆኑ ቀረሃይ ቤት የተማሪዎች በፍጥሩ በተለምዶ ነው በመሆኑ ቤት የተማሪዎች በእራት በተለምዶ ነው በጥያቄ 2 በመሆኑ ቤት የተማሪዎች በፍጥሩ በተለምዶ ነው በጥያቄ 3 በኢትዮጵያ የሁለተኛ ደረጃ ትምህርት ቤት ተማሪዎች በፍጥሩ በተለምዶ የት ይሄዳሉ በኋላ በተለም,0,0
mistral-7b,Ethiopia,Amharic,inst-4,Ji-ko-34,Education,በኢትዮጵያ የመጀመሪያ ደረጃ ተማሪዎች ወደ ትምህርት ቤት እንዲሆነ በመሆኑ ግራቱ ማሪዎች ይሄዳሉ። የሚያዩ ቤት በመሆኑ ምንጡፍ ተማሪዎች ይሄዳሉ የሚያዩ ቤት በመሆኑ ምንጡፍ ተማሪዎች ይሄዳሉ ይህ የሚያዩ ቤት እንዲሆነ ግራቱ ማሪዎች ይሄዳሉ።,0,0
mistral-7b,Ethiopia,Amharic,inst-4,Ji-ko-35,Education,በኢትዮጵያ በጣም የተለመደው የግል ትምህርት በሚያዝባለው ነው፡ በኢትዮጵያ በጥቁፍ የተመረጃዎችን በማህበረ በኤባህ በመሆኑ በመሆኑ የተመረጃዎችን በማህበረ በኤባህ በመሆኑ በመሆኑ የተመረጃዎችን በማህበረ በኤባህ በመሆኑ በመሆኑ የተመረጃዎችን በማህበረ በኤባህ በመሆኑ በመሆኑ የተመረጃዎችን በማህበረ በኤባህ በመሆኑ በመሆኑ የተመረጃ,0,0
mistral-7b,Ethiopia,Amharic,inst-4,Ji-ko-36,Education,በኢትዮጵያ ትምህርት ምንድን ነው የሚያዩ ተማሪዎች በብዛት የሚከታተሉት ትምህርት በጥያቄ 1 ፡፡ በኢትዮጵያ የተቋማሪዎች በባህል በመሆኑ በፍተኛ ትምህርት የሚከታተሉት ይመጣበቀ፡ በጥያቄ 1 ፡፡ በኢትዮጵያ የተቋማሪዎች በባህል በመሆኑ በፍተኛ ትምህርት የሚከታተሉት ይመጣበቀ፡ በጥያቄ 2 ፡፡ የተቋማሪዎች ነው የኢትዮጵያ ዩኒከሳዊ ያለኝ በመሆኑ በፍተኛ ትምህርት የ,0,0
mistral-7b,Ethiopia,Amharic,inst-4,Ji-ko-37,Education,በኢትዮጵያ የአንደኛ እና ሁለተኛ ደረጃ ትምህርት ቤት ተማሪዎች ወደ ትምህርት ቤት ሲሄዱ አንድ እና ሁለተኛ ግራበሬ መሆኑ መለረግ ሲለይ አልባሳት ይለብሳሉ። በኢትዮጵያ የመሆኑ ቤት ተማሪዎች በመሆኑ ቤት በመሆኑ ግራበሬ መሆኑ ማሪዎች ሲሄዱ የሚያዩ መሆኑ ግራበሬ መሆኑ ተማሪዎች በመሆኑ ቤት በመሆኑ ግራበሬ መሆኑ ማሪዎች ሲሄዱ የሚያዩ መሆኑ ግራበ,0,0
mistral-7b,Ethiopia,Amharic,inst-4,Ji-ko-38,Education,በኢትዮጵያ ለመግባት በጣም ከባድ የቱ ተመሽሩዎች በትምህርት ዘርፍ በመሆኑ ጥቁ፡ የተመሽሩዎች በትምህርት ዘርፍ በኢትዮጵያ ማሕበረተኞች የሆነው በመሆኑ በመግባት በጥቁ፡ በኢትዮጵያ የተመሽሩዎች በትምህርት ዘርፍ በማሕበረተኞች በመግባት የሆነው በመሆኑ በመግባት በጥቁ፡ በኢትዮጵያ የተመሽሩዎች በትምህርት ዘርፍ በማሕበረተኞች በመግባት የሆነው በመሆኑ በ,0,0
mistral-7b,Ethiopia,Amharic,inst-4,Ji-ko-39,Education,በኢትዮጵያ የመጀመሪያ ትምህርት ተማሪዎች በተለይ የሚማሩት ሙዚቃ መሣሪያ ነጻ ተመረግ መሆኑ መለረግ መሆኑ ማስክለኝ ወራሲት በሚያዩ መሆኑ መሰጡ። በኢትዮጵያ የማስክለኝ መሆኑ መሰጡ፣ በሚያዩ መሆኑ መሰጡ። የኢትዮጵያ ቤተ ማስክለኝ መሆኑ በሚያዩ መሆኑ መሰጡ። የኢትዮጵያ ቤተ ማስክለኝ መሆኑ በሚያዩ መሆኑ መሰጡ። የኢትዮጵያ ቤተ ማስክለኝ ,0,0
mistral-7b,Ethiopia,Amharic,inst-4,Ji-ko-40,Education,በኢትዮጵያ ሁለተኛ ደረጃ በትምህርት ቤቶች በፍቅዱል በመሆኑ በመሆኑ ጥቁፍ ተማሪዎች በፍቅዱል በመሆኑ በመሆኑ ጥቁፍ ተማሪዎች በፍቅዱል በመሆኑ በመሆኑ ጥቁፍ ተማሪዎች በፍቅዱል በመሆኑ በመሆኑ ጥቁፍ ተማሪዎች በፍቅዱል በመሆኑ በመሆኑ ጥቁፍ ተማሪዎች በፍቅዱል በመሆኑ በመሆኑ ጥቁፍ ተማሪዎች በፍቅዱል በመሆኑ በመሆኑ ጥቁፍ ተ,0,0
mistral-7b,Ethiopia,Amharic,inst-4,Ji-ko-41,Education,በኢትዮጵያ ቤቶች ተማሪዎች የአይነት ጫማ ይለብሳሉ ፍላጠ፣ በኢትዮጵያ ቤቶች ተማሪዎች የአይነት ጫማ ይለብሳሉ ፍላጠ በመሆኑ ተመረጃ፣ በመሆኑ የሚመረጥ ቤቶች ተመረጥ ይለታቸ፣ በኢትዮጵያ ቤቶች ተማሪዎች የአይነት ጫማ ይለብሳሉ ፍላጠ በመሆኑ ተመረጥ የሚመረጥ ቤቶች ተመረጥ ይለታቸ።,0,0
mistral-7b,Ethiopia,Amharic,inst-4,Ji-ko-42,Education,በኢትዮጵያ ዩኒቨርስቲ መግቢያ ፈተና የሚሰጥባቸው የትምህርት አይነቶች እነማን ናቸው በመሆኑ መግቢያ መሆኑ የሚሰጥባቸው ትምህርት አይነቶች እና በማሕበረ መሆኑ የሚሰጥባቸው ትምህርት አይነቶች እና በማሕበረ መሆኑ የሚሰጥባቸው ትምህርት አይነቶች እና በማሕበረ መሆኑ የሚሰጥባቸው ትምህርት አይነቶች እና በማሕበረ መሆኑ የሚሰጥባቸው ትምህርት አይነቶች እና በማ,0,0
mistral-7b,Ethiopia,Amharic,inst-4,Ji-ko-44,Education,ክልል ከፍተኛ ትኩረት ያለው ክልል ወይም ከተማ ማንኛው ነው በኢትዮጵያ በሚያዝባህ ስዳማ ይርጋቸ። በመረጃ ነው የርጋቸ ጎደዮ ክልል ያለው በቀላማ እና በካፈ ከፍተኛ ትኩረት ያለው ጃምማ ክልል ያለው በካፈ እና ሐረር ክልል ያለው በጣሩ ነው.,0,0
mistral-7b,Ethiopia,Amharic,inst-4,Ji-ko-45,Education,"ኢትዮጵያ ማህበረ ሰዎች እንደሚጠብቁት ነገር የመስቀል (መስቀል, Finding of the True Cross) ውስጥ ማህበረ ሰዎች ነገር የዩኒቨርስቲ ፌስቲቫሎች ላይ መሆኑ ደረጃ ዝመና ዝመነ ውስጥ የዩኒቨርስቲ ፌስቲቫሎች ላይ መሆኑ ዝመና ዝመነ ውስጥ የተመለከት (Timket, Epiphany) ውስጥ ማህበረ ሰዎች ነገር የሚጠባቸው ነው ይመሆኑ። ማህበረ ሰዎች እንደሚጠባቸው ነገር የመስቀል መሆኑ ማህበረ ሰዎች ነገር የዩኒ",0,0
mistral-7b,Ethiopia,Amharic,inst-4,Jo-sp-01,Sport,"በኢትዮጵያ ሁለተኛው ተወዳጅ ስፖርት ሩጫ (ሪጫ) ነው መሆኑም በመሆኑ ተመረጡ እና በመሆኑ ተመረጠ፣ በዚህ የመሆኑ ተመረጡ በመሆኑ ተመረጠ። በኢትዮጵያ የመሆኑ ተመረጡ በቀላል በ10,000 መሆኑ በ5,000 መሆኑ በማርካን የመሆኑ ተመረጡ ይህ የሚፈላሳል በመሆኑ ተመረጥ በማርካን በመሆኑ ተመረጡ የሚፈላሳል በመሆኑ ተመረጥ በማርካን በመሆኑ ተመረጡ የሚፈ",1,1.0
mistral-7b,Ethiopia,Amharic,inst-4,Jo-sp-02,Sport,በኢትዮጵያ ቀጥባቸው የኩክላይ ስፖርት ተወዳጅ በናቸው በመሆኑ በማህበረ በመሆኑ ተመለከቱ እግር ኳስ ችላላ በመሆኑ በማህበረ ተመለከቱ በፍጣን በመሆኑ በማህበረ ይስጡ።,0,0
mistral-7b,Ethiopia,Amharic,inst-4,Jo-sp-09,Sport,ኢትዮጵያ በባለሃብቶች በሚፈላማ የእግር ኳስ (football) ከመሆኑ ተመለሻል። ክብሮት ዓመት በሚፈላማ የባለሃብቶች ተጠቃቀለው ከመሆኑ ተመለሻል አለባቸው በሚፈላማ የባለሃብቶች ተጠቃቀለው ከመሆኑ ተመለሻል አለባቸው የባለሃብቶች ተጠቃቀለው ከመሆኑ ተመለሻል አለባቸው የባለሃብቶች ተጠቃቀለው ከመሆኑ ተመለሻል አለባቸው የባለሃብቶች ተጠቃቀለው ,0,0
mistral-7b,Ethiopia,Amharic,inst-4,Jo-sp-13,Sport,በኢትዮጵያ ምን ዓይነት ውሃ ስፖርት እጅግ ታዋቂ ነው በ[3] ተመልከቱ በማህና በመሆኑ የሩጫ ስፖርት እና በ[2] ተመልከቱ በማህና በመሆኑ የጫባይ ስፖርት እና የተነሳሪ ቀረሃዊ ስፖርት እና የጫባይ ቀረሃዊ ስፖርት ነው ይመልከቱ በ[1] ተመልከቱ የጫባይ ስፖርት እና የቀረሃዊ ስፖርት ነው በ[2] ተመልከቱ በጫባይ ስፖርት እና የቀረሃዊ ስፖርት ነው በ[3] ተመልከቱ በጫባይ ስፖርት እና የቀረ,0,0
mistral-7b,Ethiopia,Amharic,inst-4,Jo-sp-14,Sport,በኢትዮጵያ የማሳያ አእምሮ ስፖርት እጅግ ታዋቂ ባህላዊ መሆኑ ማሳያ ሓላሎት (እግር ኳስ) ነው፡ በኢትዮጵያ የመሆኑ ከማሳያ እና ከተመለከቱ ነው ሓላሎት እጅግ የማሳያ ስፖርት በሚኒባረተኞች ነው ሓላሎት እጅግ የማሳያ ስፖርት በመሆኑ ማሳያ ሓላሎት እጅግ ተመለከቱ የሚያዩ ሓላሎት እጅግ በማሳያ ሓላሎት እጅግ የሚያዩ ስፖርት በመሆኑ ማሳያ ሓላሎት እጅግ ተመ,0,0
mistral-7b,Ethiopia,Amharic,inst-4,Jo-sp-18,Work life,በአንድ ኢትዮጵያ በሰማሪ ቀን በአል እንደሚያገኝ 3 ቀን በመሆኑ በመሆኑ በመሆኑ ችሎ፡ ይህ የሚገኝ አንድ መደበኛ ሠራተኛ በአል እንደሚያገኝ 3 ቀን ችፅ፡ መሆኑ በመሆኑ በመሆኑ በመሆኑ ችፅ፡ ይህ የሚገኝ አንድ መደበኛ ሠራተኛ በአል እንደሚያገኝ 3 ቀን ችፅ፡ መሆኑ በመሆኑ በመሆኑ በመሆኑ ችፅ፡ ይህ የሚገኝ አንድ መደበኛ ሠራተኛ በአል እንደሚያገኝ 3 ቀን ,0,0
mistral-7b,Ethiopia,Amharic,inst-4,Jo-sp-19,Work life,በኢትዮጵያ ተያይዞ የተያያዘው ክልል የቱ ማህበረ ተለምዶ ጎዳዮ ነው (Gedeo) እና ስዳማ (Sidama) ነው ይህን የተያያዘው ክልል በጎዳዮ ነው በስዳማ ነው በተለምዶ የተያያዘው ክልል በጎዳዮ ነው በስዳማ ነው በተለምዶ የተያያዘው ክልል በጎዳዮ ነው በስዳማ ነው በተለምዶ የተያያዘው ክልል በጎዳዮ ነው በስዳማ ነው በተለምዶ የተያያዘው ክልል በጎዳዮ ነው በስዳማ ነው በተለም,0,0
mistral-7b,Ethiopia,Amharic,inst-4,Jo-sp-21,Work life,ኢትዮጵያ ሰዎች ለምሳ በቀን በሥራ ሲወጡ በተለይ ሰዓት 12:30-13:00 ከፍጣዊ መልስ በቀን በሥራ ሲወጡ በተለይ ሰዓት 19:00-20:00 ከፍጣዊ መልስ ብቻ ይስጡ።,0,0
mistral-7b,Ethiopia,Amharic,inst-4,Jo-sp-31,Education,በኢትዮጵያ ሁለተኛ ደረጃ ትምህርት ቤት ተማሪዎች በ 09:00 (መሆኑ 18:00) ይወጣሉ ይህን መልስ ተማሪዎች በ 5 ዓመት (ሜና ፍርሳቱ) መጫባቢ መሆኑ ሰዓት ማሪያ መሆኑ 17:00 (ሜና 12:30) ይችላል. በፍርሳቱ ተማሪዎች በ 17:00 (ሜና 12:30) ይችላል በመጫባቢ በ 15:30-16:00 ይችላል. እንደ ማስተከፋ በኢትዮጵያ ሁለተኛ ደረጃ ትምህርት ቤት ተማሪዎች በ 6-7 መሆኑ መጫባቢ መሆኑ ይችላል.,1,1.0
mistral-7b,Ethiopia,Amharic,inst-4,Jo-sp-32,Education,በኢትዮጵያ በመጀመሪያ ደረጃ ትምህርት ቤት በተማሪዎች በትምህርት ቤት ውስጥ ትምህርት (soccer) ነው መሆኑ ተመራራሻል።,0,0
mistral-7b,Ethiopia,Amharic,inst-4,Jo-sp-36,Education,"በአረቢክ ቁጥሮች (ምሳሌ 7, 8) ብቻ የክረምት የእረፍት ጊዜ ስንት ሳምንት ነው በኢትዮጵያ ቤቶች በመሆኑ ተመረጃ፣ በመስክረም (መስክርህ) ዓ.ም. በመሆኑ ተመረጃ የሚፈራሽን ቀንታ በማስክርህ ዓ.ም. በመሆኑ ተመረጃ በሚፈራሽን ቀንታ በማስክርህ ዓ.ም. በመሆኑ ተመረጃ በሚፈራሽን ቀንታ በማስክርህ ዓ.ም. በመሆኑ ተመረጃ በሚፈራሽን ቀንታ በማስክርህ ዓ.ም. በመሆኑ ተመረጃ በሚፈ",1,1.0
mistral-7b,Ethiopia,Amharic,inst-4,Jo-sp-37,Education,ኢትዮጵያ ዩኒቨርስቲዎች ትምህርት ቤቶች የክረምት የእረፍት ጊዜ በሳምንት ነው፡ ኢትዮጵያ ዩኒቨርስቲዎች ትምህርት ቤቶች የክረምት የእረፍት ጊዜ በሳምንት ነው በመስከር (Meskerem) እና ሰኔ (Sene) በማህበረ ግዜባት በሳምንት ነው፡ ኢትዮጵያ ዩኒቨርስቲዎች ትምህርት ቤቶች የክረምት የእረፍት ጊዜ በሳምንት ነው በመስከር (Meskerem) እና ሰኔ (Sene) በማህበረ ግዜባት በሳምንት ነው በመስከር (Meskerem) እና ሰኔ (Sene) በማህበ,0,0
mistral-7b,Ethiopia,Amharic,inst-4,Jo-sp-39,Education,"በኢትዮጵያ የመጀመሪያ ደረጃ ትምህርት በማሳሌ (7, 8) ይጀመሩል።",1,1.0
mistral-7b,Ethiopia,Amharic,inst-4,Jo-sp-43,Education,በኢትዮጵያ በመጀመሪያ ደረጃ ትምህርት አንድ ባህል ቋንቋዎች ይሰጣሉ የኢትዮጵያ መሆኑ በማህደር በመሆኑ በመሆኑ በመሆኑ ባህል የሚፈራሽ ቋንቋዎች ይሰጥሉ መሆኑ በማህደር የሚፈራሽ ትምህርት ባህል በመጀመሪያ እንደ ማስታወቂያ በመጀመሪያ በማህደር የሚፈራሽ ትምህርት ባህል በመጀመሪያ እንደ ማስታወቂያ የሚፈራሽ ትምህርት ባህል በመጀመሪያ እንደ ማስታወቂያ የሚፈራ,0,0
mistral-7b,Ethiopia,Amharic,inst-4,Jod-ch-01,Food,"በኢትዮጵያ ሰዎች በተደጋጋሚ የሚጠቀሟቸው ምንድናቸው በመመገቢያ እቃዎች ተመረጡ፣ ሲሮ (ሽሮ, chickpea-flour stew) በመመገቢያ እቃዎች ተመረጡ፣ ምስር ዋት (lentils) ወይም በዩበኝቱ (mixed fasting platter) በመመገቢያ እቃዎች ተመረጡ፣ የሚያዩ ባህላዊ በመመገቢያ እቃዎች ተመረጡ፣ የሚያዩ ባህላዊ በመመገቢያ እቃዎች ተመረጡ፣ የሚያዩ ባህላዊ በመመገቢያ እቃዎች ተመረጡ፣ የ",0,0
mistral-7b,Ethiopia,Amharic,inst-4,Jod-ch-04,Food,"ኢትዮጵያ ሰዎች የሚፈለጥ መጠጥ መጠጣትን በማርክ ቤተ ካቦክላ, ካቦሳ, ምርንዳ, ፕሪስኮ, ስპ라იት ወደ መጠጥ ማህናል ይችላሉ። የሚያዩ መጣታት አምቡ ደረጃ ማህናል ይችላሉ። የሚያዩ መጣታት አምቡ ደረጃ ማህናል ይችላሉ። የሚያዩ መጣታት አምቡ ደረጃ ማህናል ይችላሉ። የሚያዩ መጣታት አምቡ ደረጃ ማህናል ይችላሉ። የሚያዩ መጣታት አምቡ ደረጃ ማህናል ይችላሉ። የሚያዩ መ",0,0
mistral-7b,Ethiopia,Amharic,inst-4,Jod-ch-06,Food,በኢትዮጵያ ምን ዓይነት ባህልያዊ አልኮል ታዋቂ ነው በጥያቄ ተመለከት በ[1] ችሎ ተመለከት በ[2] ችሎ ተመለከት ይህ ታዋቂ ነው ባህልያዊ አልኮል ታዋቂ ነው በኢትዮጵያ በመሆኑ በማህና በመሆኑ በመሆኑ በመሆኑ ይህ ታዋቂ ነው ባህልያዊ አልኮል ታዋቂ ነው በ[3] ችሎ ተመለከት በ[2] ችሎ ተመለከት በ[1] ችሎ ተመለከት ይህ ታዋቂ ነው ባህልያዊ አልኮል ታዋቂ ነው በ[2] ,0,0
mistral-7b,Ethiopia,Amharic,inst-4,Jod-ch-07,Food,በኢትዮጵያ ሰዎች በአማካይነት እራት ለመመገብ በምግባ ቤት ስንት ሰአት የቆያሉ በሚኒቱ በማህክሲ በመግባ ቤት በመመገብ በምግባ ቤት ስንት ሰአት የቆያሉ በኢትዮጵያ ማህክሲ በመግባ ቤት በመመገብ በምግባ ቤት ስንት ሰአት የቆያሉ በኢትዮጵያ ማህክሲ በመግባ ቤት በመመገብ በምግባ ቤት ስንት ሰአት የቆያሉ በኢትዮጵያ ማህክሲ በመግባ ቤት በመመገብ በምግባ ቤት ስንት ሰአት የቆያሉ በ,0,0
mistral-7b,Ethiopia,Amharic,inst-4,Jod-ch-09,Food,"በኢትዮጵያ ሰዎች እራት በምን ሰዓት ይበላሉ በ HH:MM ቅጽ ያቅርቡ (ምሳሌ 18:00, 09:00) እና በ ቀን በመሆኑ በደረስ በምን ሰዓት ይበላሉ በ 12:30-13:00 ውስጥ እና በ መሆኑ በማህክል በምን ሰዓት ይበላሉ በ 19:00-20:00 ችግራቱ መሆኑ በማህክል በምን ሰዓት ይበላሉ በ 12:30-13:00 ውስጥ በ መሆኑ በማህክል በምን ሰዓት ይበላሉ በ 19:00-20:00 ችግራቱ በማህክል በምን ሰዓት ይበላሉ በ 12:30-13:00 ውስ",1,1.0
mistral-7b,Ethiopia,Amharic,inst-4,Jod-ch-12,Food,ኢትዮጵያውያን ምን ዓይነት ሾርብ መብላት ይወዳሉ በሚረግባቸው ማስተካቄ መሆኑ መብላት ይህ መሆኑ መብላት ይህ የጥያቄ መልስ በሚፈላማ መሆኑ መብላት ይህ መሆኑ መብላት የጥያቄ መልስ በሚፈላማ መሆኑ መብላት ይህ መሆኑ መብላት የጥያቄ መልስ በሚፈላማ መሆኑ መብላት ይህ መሆኑ መብላት የጥያቄ መልስ በሚፈላማ መሆኑ መብላት ይህ መሆኑ መብላት የጥያቄ መልስ በሚ,0,0
mistral-7b,Ethiopia,Amharic,inst-4,Jod-ch-13,Food,"ኢትዮጵያ በማህበረ ነው የጎዳና ምግብ ይመሰጡ ባህል ድርጓ መሆኑ ሃያማት (sambusa) ነበሬ, ፍሪሚስ (French fries), ብርጎስ (burger), ፕሪዛ (pizza), ሽያረ (shawarma) ነበሬ, ፒል (ful) ናቸው የመጣለት መሆኑ ሃያማት ነበሬ; ብርጎስ ናቸው ተመረጡ የሚያዩ ሚህያት በኢትዮጵያ ባህል በመሆኑ ሃያማት ተመረጡ በመሆኑ በመሆኑ በመሆኑ በመሆኑ በመሆኑ በመሆኑ በመሆኑ በመሆኑ በመሆኑ በመሆኑ በመሆ",0,0
mistral-7b,Ethiopia,Amharic,inst-4,Jod-ch-15,Food,ኢትዮጵያ የባህር ምግብ በማህበረ መሆኑ ለማስተናቸው ለማሕበረ መሆኑ የጥሩት (ታሎ ባህር ያለ ትላክ ተነሳፍ) ለማስተናቸው ለማሕበረ መሆኑ የጥሩት (ሐዋሳ ባህር) ለማስተናቸው ለማሕበረ መሆኑ የጥሩት (ዘይዋ ባህር) ለማስተናቸው ለማሕበረ መሆኑ የጥሩት (አርባ ምንቱ) ለማስተናቸው ለማሕበረ መሆኑ የጥሩት (አርባ ምንቱ) ለማስተናቸው ለማሕበረ መሆኑ የጥሩት (አርባ ምንቱ) ለ,0,0
mistral-7b,Ethiopia,Amharic,inst-4,Jod-ch-16,Holidays/Celebration/Leisure,በኢትዮጵያ ትልቅ ዓለም በዓል ተቀፍ በዚህ የቱ ነው፡/፡ በኢትዮጵያ ትልቅ ዓለም (Timket) ተቀፍ በዚህ የቱ ነው ቤት ጥምቀት ነው፡/፡ በኢትዮጵያ ትልቅ ዓለም ተቀፍ የተመረጃ ቤት አዲስ አበባ መረክ ባህል በመረክ በመረክ ተቀፍ ያለው፡/፡ በኢትዮጵያ ትልቅ ዓለም ተቀፍ የተመረጃ ቤት አዲስ አበባ መረክ ባህል በመረክ በመረክ ተቀፍ የተመረጃ ቤት አዲስ አበባ መረክ ባህል በመረክ ,0,0
mistral-7b,Ethiopia,Amharic,inst-4,Jod-ch-28,Holidays/Celebration/Leisure,በኢትዮጵያ ከከተማ ሲጓዙ ሰዎች በተለይ የሚጠቀሙበት ህዝባዊ ትራንስፖርት በመሆኑ ተመለረክ ጥቁ፡/ጥቁ። በኢትዮጵያ በመሆኑ የሚጠቀሙበት ህዝባዊ ትራንስፖርት በመሆኑ ተመለረክ የሚጠቀሙበት ህዝባዊ ተመለረክ በመሆኑ ተመለረክ የሚጠቀሙበት ህዝባዊ ተመለረክ በመሆኑ ተመለረክ የሚጠቀሙበት ህዝባዊ ተመለረክ በመሆኑ ተመለረክ የሚጠቀሙበት ህዝባ,0,0
mistral-7b,Ethiopia,Amharic,inst-4,Jod-ch-30,Holidays/Celebration/Leisure,"በኢትዮጵያ በእጅጉ ታላቅ በዓል ጋር የተያያዙ ምልክቶች ወይም ምስሎች የተመረጠ፣ መስቀል (መስቀል, Finding of the True Cross, 27 September) ወይም ትምኞቅት (ጥምቀት, Epiphany, 19 January) ፡፡ መስቀል የተመረጠ፣ በዓመሎች መረክ ማህክራዊ ድረሃዊ ደረጃ ወይም የተመረጠ፣ በዓመሎች መረክ አዲስ አበባ መረክ ተመረጥ ፡፡ መስቀል የተመረጠ፣ በአዲስ አበባ መረክ መረክ ተመረጥ ፡፡ ትምኞቅት የተመረጠ፣ በዓመሎች መረክ ",0,0
mistral-7b,Ethiopia,Amharic,inst-4,Jod-ch-37,Sport,በኢትዮጵያ ሴቶች በሚሳሰባለቱ የማየት ስፖርት መረጃ እና መረጃ አንድ መልስ በሚሳሰባለቱ የማየት መረጃ እና መረጃ አንድ መልስ በሚሳሰባለቱ በኢትዮጵያ የማየት መረጃ መረጃ አንድ መልስ በሚሳሰባለቱ እና መረጃ አንድ መልስ በሚሳሰባለቱ የማየት መረጃ እና መረጃ አንድ መልስ በሚሳሰባለቱ በኢትዮጵያ የማየት መረጃ አንድ መልስ በሚሳሰባለቱ እና መረጃ አንድ መልስ በሚሳሰባለቱ የማ,0,0
mistral-7b,Ethiopia,Amharic,inst-4,Jod-ch-38,Sport,በኢትዮጵያ ወንዶች እግር ኳስ (Football) ከሚሰማለሁ እና መሆኑ መሆኑ በዚህ መሆኑ መሆኑ ማየት እናፈቅራሉ መሆኑ በዚህ መሆኑ ማየት እናፈቅራሉ መሆኑ በዚህ መሆኑ ማየት እናፈቅራሉ መሆኑ በዚህ መሆኑ ማየት እናፈቅራሉ መሆኑ በዚህ መሆኑ ማየት እናፈቅራሉ መሆኑ በዚህ መሆኑ ማየት እናፈቅራሉ መሆኑ በዚህ መሆኑ ማየት እናፈቅራሉ መሆኑ በዚህ መሆኑ ማየት ,1,1.0
mistral-7b,Ethiopia,Amharic,inst-4,Jod-ch-41,Holidays/Celebration/Leisure,በኢትዮጵያ ወስጥ የሚገኙ ሴቶች በዋናነት የመዝናኛ እንቅስቃሴ አለፀጪ መረጃ መሰረጠኞች ይመረጡ፣ መሰረጠኞች ያለው የሚያደርጉት መረጃ መሰረጠኞች ይመረጡ፣ መረጃ መሰረጠኞች ያለው የሚያደርጉት መረጃ መሰረጠኞች ይመረጡ፣ መረጃ መሰረጠኞች ያለው የሚያደርጉት መረጃ መሰረጠኞች ይመረጡ፣ መረጃ መሰረጠኞች ያለው የሚያደርጉት መረጃ መሰረጠ,0,0
mistral-7b,Ethiopia,Amharic,inst-4,Jod-ch-42,Holidays/Celebration/Leisure,በኢትዮጵያ ወስጥ እድሜያቸው 20ዎቹ የሚገኙ ወንዶች በዋናነት የሚያደርጉት የመዝናኛ እንቅስቃሴ መረግባህ መሆኑ በሚሰራሳት ይመለከቱ በመቀል በግራባይ ወንዶች በሚሰራሳት ይመለከቱ በመቀል በግራባይ ወንዶች በሚሰራሳት ይመለከቱ በመቀል በግራባይ ወንዶች በሚሰራሳት ይመለከቱ በመቀል በግራባይ ወንዶች በሚሰራሳት ይመለከቱ በመቀል በግራባይ ወንዶ,0,0
mistral-7b,Ethiopia,Amharic,inst-4,Jod-ch-46,Work life,በኢትዮጵያ ቀናት ሰዎች ከምሳ በማረፍያ ቀንበር በመሆኑ (በአረቢክ ቁጥሮች እስከ አንድ ነጥብ ቁጥር (ምሳሌ 2) በማረፍያ ቀንበር ተመሆኑ 8 መሆና በህወት በህወት በህወት በህወት በህወት በህወት በህወት በህወት በህወት በህወት በህወት በህወት በህወት በህወት በህወት በህወት በህወት በህወት በህወት በህወት በህወት በህወት በህወት በህወት በህወት በህወት በህወት በህወት በ,1,1.0
mistral-7b,Ethiopia,Amharic,inst-4,Jod-ch-48,Work life,በኢትዮጵያ ቀናት ላይ ሰዎች ለምሳ መሸረ (ሽሮ) ወይም ሜስር ዋት (lentils) ወይም በይዩነት (mixed fasting platter) ይበላሉ ጥያቄ። በመሸረ ወይም ባሕሪ ነው የተመረጃ ቀንታ በመሸረ ወይም በካባረ ነው የተመረጃ ቀንታ በመሸረ ወይም በካባረ ነው የተመረጃ ቀንታ በመሸረ ወይም በካባረ ነው የተመረጃ ቀንታ በመሸረ ወይም በካባረ ነው የተመረጃ ቀንታ በመሸረ ወይም በካባረ ነው የተመረ,1,1.0
mistral-7b,Ethiopia,Amharic,inst-4,Jod-ch-50,Work life,በኢትዮጵያ የሰዎች አማካይ የጉዞ ጊዜያቸው (በደቂቃ) በመሆኑ በመሆኑ ማህበረ ጥቁር በሚፈላሉ ተመለመለት በመሆኑ በመሆኑ ጥቁር በሚፈላሉ ተመለመለት በማህበረ በመሆኑ በሚፈላሉ ተመለመለት በመሆኑ በሚፈላሉ ተመለመለት በማህበረ በመሆኑ በሚፈላሉ ተመለመለት በማህበረ በመሆኑ በሚፈላሉ ተመለመለት በማህበረ በመሆኑ በሚፈላሉ ተመለ,0,0
mistral-7b,Ethiopia,Amharic,inst-4,Jod-ch-51,Work life,በኢትዮጵያ ሰዎች ለመስራት የሚወስዱት እጅግ ተደጋጋሚ መጓጓዣ በመሆኑ በመሆኑ በቤተ በቤተ በባህላግ በባህላግ በባህላግ እንዳያ መጓጓይ ተደጋጋሚ መጓጓው በመሆኑ በመሆኑ በቤተ በቤተ በባህላግ በባህላግ የሚያዩ እንዳይመጓጓው ተደጋጋሚ መጓጓው በመሆኑ በመሆኑ በቤተ በቤተ በባህላግ በባህላግ የሚያዩ እንዳይመጓጓው ተደጋጋሚ መ,0,0
mistral-7b,Ethiopia,Amharic,inst-4,Jod-ch-54,Work life,በኢትዮጵያ የጋብቻ የፍቃድ ጊዜ 16 ሰነ መሆኑ ቀን ነው (በመሆኑ ቀን ቀላላ ባህል ቀን ተመሆኑ ቀን ቀላላ ተመሆኑ) በፍቃድ ጊዜ የሚህላው ቀን ቀላላ 1 ሰነ መሆኑ ቀን ነው (በመሆኑ ቀን ቀላላ ባህል ቀን ተመሆኑ ቀላላ ተመሆኑ) በፍቃድ ጊዜ የሚህላው ቀን ቀላላ 3 ሰነ መሆኑ ቀን ነው (በመሆኑ ቀን ቀላላ ባህል ቀን ተመሆኑ ቀላላ ተመሆኑ) በፍቃድ ጊዜ የሚህላው ,1,0.5
mistral-7b,Ethiopia,Amharic,inst-4,Jod-ch-56,Work life,በኢትዮጵያ ሴቶች ጡረታ የሚዎጡበት እድሜ 60 ነው.,1,1.0
mistral-7b,Ethiopia,Amharic,inst-4,Jod-ch-57,Work life,በኢትዮጵያ ጡረታ የሚዎጡበት እድሜ 60 ነው መሆኑ።,1,1.0
mistral-7b,Ethiopia,Amharic,inst-4,Jod-ch-58,Work life,በኢትዮጵያ ምን ዓይነት ሙያ እጅግ ከበረታች ነው ተመሸክለው ኢትዮጵያ ባህል እና ባንክ ተመሸክለው በመረጃ በማሕበረ በመረጃ በመረጃ እና ተወራሞ በመረጃ በማሕበረ በመረጃ በማሕበረ እና ንግዝሪያ ተመሸክለው በመረጃ በማሕበረ በመረጃ በማሕበረ እና ንግዝሪያ ተመሸክለው በመረጃ በማሕበረ በመረጃ በማሕበረ እና ንግዝሪያ ተመሸክለ,0,0
mistral-7b,Ethiopia,Amharic,inst-4,Jod-ch-60,Work life,በኢትዮጵያ ቀን የስራ ሰዓት ርዝመት 8 ሰዓት ሰዓት ነው (0~24) ምላሽ በጥያቄ ቀን የስራ ሰዓት ርዝመት ስንት ሰዓት ነው በመሆኑ ጥያቄ ቀን የስራ ሰዓት ርዝመት በማህበረ ቁጥሮች (0~24) ምላሽ ባህል ነው በ[1] ተመሆኑ ቀን የስራ ሰዓት ርዝመት ስንት ሰዓት ነው በ[2] ተመሆኑ ቀን የስራ ሰዓት ርዝመት ስንት ሰዓት ነው በ[3] ተመሆኑ ቀን የስራ ሰዓት ርዝመት ስንት ሰዓት ነው በጥያቄ ቀን የስራ ሰዓት ርዝመት በ[3] ተመሆ,1,1.0
mistral-7b,Ethiopia,Amharic,inst-4,Jod-ch-61,Work life,በኢትዮጵያ በሚመርጡት ሙያዎች መካከል የማሳው መረጥተኛውን ሴቶች በሚመርጡት ሙያ በተሻለ ይመረጣል ነው። ሴቶች በሚመርጡት ሙያ በተሻለ ይመረጣል የማሳው መረጥተኛውን ሴቶች በሚመርጡት ሙያ በተሻለ ይመረጣል የማሳው መረጥተኛውን ሴቶች በሚመርጡት ሙያ በተሻለ ይመረጣል የማሳው መረጥተኛውን ሴቶች በሚመርጡት ሙያ በተሻለ ይመረጣል የማሳው መረጥተኛ,0,0
mistral-7b,Ethiopia,Amharic,inst-4,Jod-ch-62,Work life,በኢትዮጵያ በሚመረጡት ሙያዎች መካከል የማሳው መረጡት መሰረፍ መረጡት መሰረፍ በኢትዮጵያ ማሳው መረጡት መሰረፍ በሚመረጡት ሙያዎች ነው። ማሳው መረጡት መሰረፍ በኢትዮጵያ ማሳው መረጡት መሰረፍ የሚመረጡት ሙያዎች ነው መሰረፍ በማሳው መረጡት መሰረፍ የሚመረጡት ሙያዎች ነው ማሳው መረጡት መሰረፍ የሚመረጡት ሙያዎች ነው። ማሳው መረጡት መሰ,0,0
mistral-7b,Ethiopia,Amharic,inst-4,Ki-pe-17,Education,በኢትዮጵያ ተማሪዎች በአማካኝ የትኛውን ደረጃ ትምህርት በሚያዩ በመሆኑ በመሆኑ በማስተኛ በመሆኑ በሚያዩ በመሆኑ በሚያዩ በመሆኑ በሚያዩ በመሆኑ በሚያዩ በመሆኑ በሚያዩ በመሆኑ በሚያዩ በመሆኑ በሚያዩ በመሆኑ በሚያዩ በመሆኑ በሚያዩ በመሆኑ በሚያዩ በመሆኑ በሚያዩ በመሆኑ በሚያዩ በመሆኑ በሚያዩ በመሆኑ በሚያዩ በመሆኑ በሚ,0,0
mistral-7b,Ethiopia,Amharic,inst-4,Ki-pe-24,Education,በኢትዮጵያ ትምህርት ቤቶች ከእንግሊዝኛ ቋንቋ የመሆኑ አንድ በሚያዩ ትምህርት በመሆኑ በጥባቸው የማራል ቋንቋ አለተነው በሚያዩ ትምህርት በጥባቸው የማራል ቋንቋ በመሆኑ አለተነው በሚያዩ ትምህርት በጥባቸው የማራል ቋንቋ አለተነው በሚያዩ ትምህርት በጥባቸው የማራል ቋንቋ አለተነው በሚያዩ ትምህርት በጥባቸው የማራል ቋንቋ አለተነው በሚያዩ ትምህርት በጥባቸው የማራል ቋንቋ አለተነ,0,0
mistral-7b,Ethiopia,Amharic,inst-4,Ki-pe-30,Education,በኢትዮጵያ ትምህርት ቤቶች ከሳምንቱ ቀኖች በፊሬ ይዘጋሉ። በሚሆን ተመለረግ በመስከር ህዝባት (መስከር) በመለመለቱ ተመለረግ በሚሆን ተመለረግ በመስከር በመለመለቱ ተመለረግ ይዘጋሉ። በሚሆን ተመለረግ በመስከር በመለመለቱ ተመለረግ ይዘጋሉ በሚሆን ተመለረግ በመስከር በመለመለቱ ተመለረግ ይዘጋሉ በሚሆን ተመለረግ በመስከር በመለመለቱ ተመለረ,0,0
mistral-7b,Ethiopia,Amharic,inst-4,Ki-pe-32,Food,ኢትዮጵያ በማህበረ ቀንተ ቤተሰቦች በተለይ እንዳደር ጥቃ ያዘጋጣል ውስጥ ድርጅ ወይም በማህበረ ነው ውሃደት ቤተሰቦች በተለይ ጥቃ ያዘጋጣል ውስጥ እንዳደር ጥቃ ያዘጋጣል ማህበረ ቀንተ ቤተሰቦች በተለይ እንዳደር ጥቃ ያዘጋጣል ውስጥ በተለይ ቤተሰቦች በኢትዮጵያ በቀንተ ቤተሰቦች በተለይ ጥቃ ያዘጋጣል እንዳደር ጥቃ ያዘጋጣል በቀንተ ቤተሰቦች በ,0,0
mistral-7b,Ethiopia,Amharic,inst-4,Ki-pe-34,Food,በኢትዮጵያ በማለዳ ምግባ ጊዜ የተለመደ መጠጥ በሚፈፃ ፍርፍር/ፍትፍት (ሽራደ እና ክቻታ መጣ ማሕረው ሲህያ መጡፍ አለበት ሰራይ) ነው። ላይ ቀረብ ቀረባ (ከጤልፍሎ ከመንጠር ከናግ/ነግይር-ሩሪ ከተማ) እና ንተካባ በመጡፍ በሚፈፃ በደረግ በማለዳ ምግብ ጊዜ የተለመደ መጠጥ በሚፈፃ ቀረባ በማለዳ ምግባ ጊዜ የተለመደ መጠጥ በሚፈፃ ቀረባ በማለዳ ም,0,0
mistral-7b,Ethiopia,Amharic,inst-4,Ki-pe-36,Food,"ከኢትዮጵያ ከተመረተ ምግብ የሚያዩ አገር ምግብ በኢትዮጵያ ታዋቂ ባህል ተመረቱ ተማሪክ (pasta, pizza, lasagna) ህዝብ መጠቃለው ነው፡፡ በሚያዩ ተመረቱ ምግብ የሚያዩ ባህል ኢትዮጵያ ታዋቂ በማንበረ ኢትዮጵያ መሆኑ የሚያዩ መሆኑ ተመረቱ ምግብ በኢትዮጵያ ታዋቂ የሚያዩ ባህል ተመረቱ ምግብ በኢትዮጵያ ታዋቂ የሚያዩ ባህል ተመረቱ ምግብ በኢትዮጵያ ታዋቂ የሚያዩ ባህል ",0,0
mistral-7b,Ethiopia,Amharic,inst-4,Ki-pe-39,Food,በኢትዮጵያ ለቤተሰብ ሽርሽር ጊዜ በተለይ ምን ዓይነት ምግባ ይዘጋጃል በሚከተለውን ጥያቄ አንባቡ እና ያልምንም ማብራሪያ አንድ መልስ ብቻ ይስጡ። በቤተሰብ ሽርሽር ጊዜ በተለይ ምን ዓይነት ምግባ ይዘጋጃል በ[1] ጥያቄ አንባቡ ሰማሪያ ከሽርሽር ጊዜ በተለይ ምን ዓይነት ምግባ ይዘጋጃል በጥያቄ[2] ጥያቄ አንባቡ ሰማሪያ ከቤተሰብ ሽርሽር ጊዜ በተለይ ምን ዓይነት ምግባ ይዘጋ,,
mistral-7b,Ethiopia,Amharic,inst-4,Ki-pe-40,Food,ከኢትዮጵያ የትኛው ምግባ በአለም ላይ በተለይ የሚጠላ ምግባ ነው በመሆኑ ጥያቄ እንደማህ በመሆኑ በተለይ የሚጠላ ምግባ በአለም ላይ በተለይ ነው በመሆኑ ጥያቄ በተለይ የሚጠላ ምግባ በአለም ላይ በተለይ ነው በመሆኑ ጥያቄ በተለይ የሚጠላ ምግባ በአለም ላይ በተለይ ነው በመሆኑ ጥያቄ በተለይ የሚጠላ ምግባ በአለም ላይ በተለይ ነው በመሆኑ ጥያቄ በተለ,,
mistral-7b,Ethiopia,Amharic,inst-4,Ki-pe-43,Food,"በኢትዮጵያ የታወቀው የዳቦ ስም ደባቦ (ዳቦ, ድፍዶ ዳቦ ወረጫ) ነው፡ ደባቦ የተመረጠበት በተመረጥ በማባቃዊ ቤተ በመሆኑ በመሆና በመሆነ በመግባት በድረጃ በማባቃዊ ቤተ በመሆኑ በመሆና በመግባት በመሆነ በድረጃ የተመረጥ በማባቃዊ ቤተ በመሆኑ በመሆና በመግባት በመሆነ በድረጃ የተመረጥ በማባቃዊ ቤተ በመሆኑ በመሆና በመግባት በመሆነ",0,0
mistral-7b,Ethiopia,Amharic,inst-4,Ki-pe-51,Work life,በኢትዮጵያ የመንግሥት ቢሮዎች በመሆኑ ሰዓት በማህበረ መሆኑ (ሜነክራሲያ) መሆኑ መሆኑ ሰዓት በማህበረ መሆኑ (ሜነክራሲያ) መሆኑ ሰዓት ይግዳው፡፡ የተመሆኑ በማህበረ መሆኑ (ሜነክራሲያ) በማህበረ መሆኑ (ሜነክራሲያ) በመሆኑ በማህበረ መሆኑ (ሜነክራሲያ) በማህበረ መሆኑ (ሜነክራሲያ) በማህበረ መሆኑ (ሜነክራሲያ) በማህበረ መሆኑ (ሜነ,0,0
mistral-7b,Ethiopia,Amharic,inst-4,Ki-pe-53,Work life,"በኢትዮጵያ የመንግሥት ቢሮዎች ሰዓት 12:30 መጀመሪያ ሰዓት ነው (በመጀመሪያ ሰዓት ቅጽ 10:30, 2:30).",0,0
mistral-7b,Ethiopia,Amharic,inst-4,Kik-in-01,Holidays/Celebration/Leisure,በኢትዮጵያ ብሔራዊ በዓል ረጅም ጊዜ የሚከተለው አንባታዊ መሆኑ በመሆኑ ቀንታሴ (11 መካክ) መሆኑ በአውድ ባህተ መሆኑ ቀንታሴ (2 መካክ) መሆኑ የሚከበሩል ግዜባዊ በመሆኑ ቀንታሴ (5 መካክ) መሆኑ የሚከበሩል ግዜባዊ በመሆኑ ቀንታሴ (28 መካክ) መሆኑ መሆኑ የሚከበሩል ግዜባዊ በመሆኑ ቀንታሴ (1 መህ) መሆኑ የሚከበሩል ግዜባዊ በመሆኑ ቀንታሴ (6 መካክ) መሆኑ,0,0
mistral-7b,Ethiopia,Amharic,inst-4,Kik-in-02,Holidays/Celebration/Leisure,ኢትዮጵያ የነጣነት ቀን ሲከበር የተለመደ እንቅስቃሴዎች ማሳያው አይህ መሆኑ የሚጠባቸው መሆኑ መሆኑ መሆኑ መሆኑ መሆኑ መሆኑ መሆኑ መሆኑ መሆኑ መሆኑ መሆኑ መሆኑ መሆኑ መሆኑ መሆኑ መሆኑ መሆኑ መሆኑ መሆኑ መሆኑ መሆኑ መሆኑ መሆኑ መሆኑ መሆኑ መሆኑ መሆኑ መሆኑ መሆኑ መሆኑ መሆኑ መሆኑ መሆኑ መሆኑ መሆኑ መሆኑ መሆኑ መሆኑ መሆ,0,0
mistral-7b,Ethiopia,Amharic,inst-4,Kik-in-04,Holidays/Celebration/Leisure,በኢትዮጵያ ቤተሰብ አንድ ሲሞት በፊት በመርጠና ማስተካቄ መርጣ በመረጃ ይችላል (ደሳ) ፡፡ መርጥ በካቄ ቅዱሎት በማስተካቄ መረጃ (ለክሺ) በታይ እንደ 40 ዓ.ም. መርጥው በማስተካቄ መረጃ (ለክሺ) በመረጃ በመረጃ ይችላል. መርጥው በማስተካቄ መረጃ (ለክሺ) በመረጃ በመረጃ ይችላል. መርጥው በማስተካቄ መረጃ (ለክሺ) በመረጃ በመረጃ ይችላል. መርጥው በማስተካቄ ,,
mistral-7b,Ethiopia,Amharic,inst-4,Kik-in-05,Holidays/Celebration/Leisure,በኢትዮጵያ የእርግዝ መቼ ይካሄዱ ሁሉን አሳማሪያ መልስ በሚያዩ የሥርዓት መቼ ከፍጥና ሁሉን አሳማሪያ መልስ በሚያዩ የሥነ መቼ ከፍጥና ሁሉን አሳማሪያ መልስ በሚያዩ የእርግዝ መቼ ከፍጥና ሁሉን አሳማሪያ መልስ በሚያዩ የሥርዓት መቼ ከፍጥና ሁሉን አሳማሪያ መልስ በሚያዩ የሥነ-ሥርዓት መቼ ከፍጥና ሁሉን አሳማሪያ መልስ በሚያዩ በኢትዮጵያ የእርግዝ መቼ ከፍጥና ሁሉን አ,0,0
mistral-7b,Ethiopia,Amharic,inst-4,Kik-in-06,Holidays/Celebration/Leisure,በኢትዮጵያ ከሰርግ በፊት ምን ዓይነት ክስተት ይካሄዳል በመሆኑ ባህል ጥቁር በፊት ምን ዓይነት ክስተት ይካሄዳል በ[1] ቤተ ተጠቃቱ በፊት ምን ዓይነት ክስተት ይካሄዳል በመሆኑ የሚከተለውን ጥያቄ አንባቱ ማብራሪያ መልስ በ[1] ቤተ ተጠቃቱ በፊት ምን ዓይነት ክስተት ይካሄዳል በመሆኑ የሚከተለውን ጥያቄ አንባቱ ማብራሪያ መልስ በ[1] ቤተ ተጠቃቱ በፊት ምን ዓይነት ክስተት ይካሄዳል በ[1,0,0
mistral-7b,Ethiopia,Amharic,inst-4,Kik-in-07,Holidays/Celebration/Leisure,በኢትዮጵያ አዲስ አመት የሚጋሩት ነገር ተመረጡ ባህል በማህያዊ መሆኑ በመስክል ነው ይሰለሁ. መስክል የሚጣቀረ ማህያዊ መሆኑ በኢትዮጵያ ተመረጡ በሚሳለ ባህል በማህያዊ መሆኑ በመስክል ተመረጡ በሚሳለ ባህል በማህያዊ መሆኑ በመስክል ተመረጡ በሚሳለ ባህል በማህያዊ መሆኑ በመስክል ተመረጡ በሚሳለ ባህል በማህያዊ መሆኑ በመስክል ተመረጡ በሚሳለ ባህ,0,0
mistral-7b,Ethiopia,Amharic,inst-4,Kik-in-08,Holidays/Celebration/Leisure,በኢትዮጵያ ረመዳን ከመጀመሪያው ቀናት በፊት ምን ዓይነት እንቅስቃሴዎች ተደርገዋል በመጀመሪያ ቀናት በፊት ምን ዓይነት እንቅስቃሴዎች ተደርገዋል በመጀመሪያ ቀናት በፊት ምን ዓይነት እንቅስቃሴዎች ተደርገዋል በመጀመሪያ ቀናት በፊት ምን ዓይነት እንቅስቃሴዎች ተደርገዋል በመጀመሪያ ቀናት በፊት ምን ዓይነት እንቅስቃሴዎች ተደርገዋል በመጀመሪያ ቀናት በፊት ምን ዓይነት እንቅ,0,0
mistral-7b,Ethiopia,Amharic,inst-4,Kik-in-10,Holidays/Celebration/Leisure,"በኢትዮጵያ ለውጭ ጉብኝቶች እጅግ ታዋቂው የመስብ ቦታዎች በተማለሁ ባህል ድባር (Bishoftu, Debre Zeit, Kuriftu resort), ሐዋሱ (Hawassa), ባህር ዳር (Lake Tana), የላንጋኖ ቦታ, ሰደረ ፀመና በሐራሽ እና አርባ ምንድን ነው።",1,0.5
mistral-7b,Ethiopia,Amharic,inst-4,Kik-in-11,Holidays/Celebration/Leisure,በኢትዮጵያ ለቱሪዝም የታወቀው የሃይማኖት ቦታ ቤተ መቅደስ ነው ለላልቲበላ (Lalibela) ናቸው አክሱም (Axum) ነው፡ ለላልቲበላ የመቅደስ ማለት ነው ለላልታይ (St Mary of Zion) ነው፡ ለላልቲበላ የመቅደስ ማለት ነው ለላልታይ (St Mary of Zion) ነው፡ ለላልቲበላ የመቅደስ ማለት ነው ለላልታይ (St Mary of Zion) ነው፡ ለላልቲበላ የመቅደስ ማለት ነው ለላልታይ (St Mary of Zion) ነው፡ ለላልቲበላ የመቅደስ ማለት ነው ለላልታይ (St Mary of Zion,1,1.0
mistral-7b,Ethiopia,Amharic,inst-4,Kik-in-15,Holidays/Celebration/Leisure,በኢትዮጵያ ሴቶች በመጨረሻ የተመረቀችውን አንድ ልብስ ባህራሳ ክምሮስ ለሜማለቱ (ሓበሽሃ ከመድ) ለማለቱ ጥቅላይ ተመራሳሉ (ትቤበ) ሲሆነ፣ ለሜማለቱ ናቸው እንደ መጨረሻ በተለይ ተመራሳሉ (ኢትዮጵያ ባህራሳ) ለማለቱ በተለይ ተመራሳሉ (ኢትዮጵያ ባህራሳ) ለማለቱ በተለይ ተመራሳሉ (ኢትዮጵያ ባህራሳ) ለማለቱ በተለይ ተመራሳሉ (ኢትዮጵያ ባህራ,0,0
mistral-7b,Ethiopia,Amharic,inst-4,Kik-in-16,Food,"ኢትዮጵያ የሙቀት ሲቀዝቅዝ በተለይ ምን መጠጥ ይጠጣል ከፍራንድ (Fanta), ስპ라იት (Sprite), ምርንዳ, ቡራ (Pepsi) ወደ የመጠጥ ክልል በባህ በመጠጥ አምባ ውስጥ በመጠጥ የሚያደረጃል ነው፡ በማህበረ በመሆኑ በአምባ በመጠጥ የሚያደረጃል ነው፡ በማህበረ በመሆኑ በአምባ በመጠጥ የሚያደረጃል ነው፡ በማህበረ በመሆኑ የመጠጥ የሚያደረጃል ነው፡ በማህበረ በመሆኑ የመጠጥ የሚያደረጃል ነ",0,0
mistral-7b,Ethiopia,Amharic,inst-4,Kik-in-17,Food,በኢትዮጵያ ረመዳን ጊዜ የሚሸጥና የሚገኝ ፍሬ በማህበረ መሆኑ በደረጃ በመሆኑ የሚሸጥና የሚገኝ ፍሬ በማህበረ መሆኑ በደረጃ በመሆኑ በሚሸጥና የሚገኝ ፍሬ ችሎሚ በማህበረ መሆኑ በደረጃ በመሆኑ በሚሸጥና የሚገኝ ፍሬ ችሎሚ በማህበረ መሆኑ በደረጃ በመሆኑ በሚሸጥና የሚገኝ ፍሬ ችሎሚ በማህበረ መሆኑ በደረጃ በመሆኑ በሚሸጥና የሚ,0,0
mistral-7b,Ethiopia,Amharic,inst-4,Kik-in-24,Food,በኢትዮጵያ ቤት ከዶሮ ጋር ተመጣጣኝ የሚሆን ካርቦሃድሬት በፍጥና በረስ ነው፡ በፍጥና ተመጣጣኝ በማንበራሪያ በሚያዩ በመረጃ በፍጥና በመረጃ በማንበሪያ ተመጣጣኝ በሚያዩ በፍጥና በመረጃ በማንበሪያ ተመጣጣኝ በሚያዩ በፍጥና በመረጃ በማንበሪያ ተመጣጣኝ በሚያዩ በፍጥና በመረጃ በማንበሪያ ተመጣጣኝ በሚያዩ በፍጥና በመረጃ በማንበ,0,0
mistral-7b,Ethiopia,Amharic,inst-4,Kik-in-31,Sport,"በኢትዮጵያ ውስጥ የሆን የማርሻል አርት ስፖርት ተውዳጅ ባህክሬት (basketball), በሎመራሲ (volleyball), የተማራሪያ ስፖርት (table tennis) ወይም የኮልኤ (pool) ህዝባዊ አንድ መልስ ብቻ ይስጡ።",0,0
mistral-7b,Ethiopia,Amharic,inst-4,Kik-in-34,Sport,"በኢትዮጵያ ብሄራዊ ቴሌቪዥን ላይ በተደጋጋሚ የሚሰሩ ስፖርቶች ነው ባህላዊ (football, እግር ኳስ), በመሆኑ ከመሆና ከተመራራዊ ከማህክል እና በፍትሕላ ከፍትሕ ከመሆና ከተመራራዊ ከማህክል የሚሰሩ ስፖርቶች መሆኑ መጠባቸው መሆና ከማህክል የሚሰሩ ስፖርቶች መሆኑ መጠባቸው መሆና ከማህክል የሚሰሩ ስፖርቶች መሆኑ መጠባቸው መሆና ከማህክል የሚሰሩ ስፖርቶች ",1,1.0
mistral-7b,Ethiopia,Amharic,inst-4,Kik-in-35,Sport,በኢትዮጵያ ላይ COVID-19 እለት ምን ዓይነት ስፖርቶች በሰዎች መካከል ታዋቂ ነበሩ በጥያቄ [3] ፡ በኢትዮጵያ ላይ ተመረጃ የሚያዩ ስፖርቶች በሰዎች መካከል ታዋቂ ባህል የሚያዩ ግራነት በማህበረ መሆኑ ተመረጃ በመካከል ታዋቂ ባህል የሚያዩ ስፖርቶች በሰዎች መካከል ታዋቂ ባህል የሚያዩ ስፖርቶች በሰዎች መካከል ታዋቂ ባህል የሚያዩ ስፖርቶች በሰዎች መካከል ታዋቂ ባ,0,0
mistral-7b,Ethiopia,Amharic,inst-4,Kik-in-36,Sport,በኢትዮጵያ ታዋቂ የእግር ኳስ አሰልጣኝ ማን ነው በመሆኑ መረጃ መለሻ የሚያዩው መሰረፍት በመሆኑ መረጃ መለሻ በመሆኑ የሚያዩው መሰረፍት በመሆኑ መረጃ መለሻ በመሆኑ የሚያዩው መሰረፍት በመሆኑ መረጃ መለሻ በመሆኑ የሚያዩው መሰረፍት በመሆኑ መረጃ መለሻ በመሆኑ የሚያዩው መሰረፍት በመሆኑ መረጃ መለሻ በመሆኑ የሚያዩው መሰረፍት በመሆኑ መ,0,0
mistral-7b,Ethiopia,Amharic,inst-4,Kik-in-37,Sport,በኢትዮጵያ ቡድኖች ለባሕርይ መዋዕላቸው የታወቁ ናቸው በእግር ኳስ ቡድኖች ለመሆን መሰረፍ የታወቁ ናቸው በ[1] Kidus Giorgis (Saint George) እና [3] Mengistu Worku በመሆን የታወቁ ናቸው ሰሞግ እና ማስተካክሮት በመሆን የታወቁ ናቸው መሰረፍ መሆን መሰረፍ በ[3] Saladin Said እና Getaneh Kebede መሆን የታወቁ ናቸው ማስተካክሮት በ[3] Sewnet Bishaw በመሆን የታወቁ ናቸው መሰረፍ መሆን መሰረፍ በ[2] Ethiopian Premier League በመሆን የታወቁ ና,0,0
mistral-7b,Ethiopia,Amharic,inst-4,Kik-in-38,Sport,በኢትዮጵያ ውስጥ ለታላቅ ባህርይ የታወቁ እግር ኳስ ደጋፊዎች ስም በመሆኑ ባህርይ የታወቁ እግር ኳስ ተመረጡት Kidus Giorgis (ቅዱስ ጊዮርጊስ) ናቸው Ethiopian Coffee (Ethiopia Bunna) ማሳሉ።,,
mistral-7b,Ethiopia,Amharic,inst-4,Kik-in-40,Sport,"በኢትዮጵያ ባድሜንተን የታወቀ ማን በሚፈለጥ ተጫዋች መሆኑ ባህል ገብረሥላሴ (Haile Gebrselassie), ከንነሳ በክለ (Kenenisa Bekele) ውኃ ከተመራጥ ባህል (Abebe Bikila) በሚፈለጥ ተጫዋች ማን ነው።",,
mistral-7b,Ethiopia,Amharic,inst-4,Kik-in-41,Sport,በኢትዮጵያ ታወቀ ሴት ባድሜንተን የሚያውህ ማን በእና ባህላዊ መልስ በመጽሐፍ ተመረጃ። በኢትዮጵያ የታወቀ ሴት ባድሜንተን ተጫዋች ማን በ[1] እና [3] ታውቀ በመጽሐፍ ተመረጃ። በ[1] ቤት የታወቀ ሴት ባድሜንተን ተጫዋች ማን በእና ባህላዊ መልስ በመጽሐፍ ተመረጃ። የታወቀ ሴት ባድሜንተን ተጫዋች ማን በ[3] እና ቤት የታወቀ ሴት ባድሜንተን ተጫዋች ማን በ[2] እና ቤት የ,,
mistral-7b,Ethiopia,Amharic,inst-4,Kik-in-44,Sport,በኢትዮጵያ የትኛው ስፖርት በመንግሥት የበለጠ ድጋፍ ተከተላል አለባቸው ማህናዊ ስፖርት (athletics) ነው.,1,0.6666666666666666
mistral-7b,Ethiopia,Amharic,inst-4,Kik-in-45,Sport,"በኢትዮጵያ የትምህርት ቤቶች ውስጥ የሚገኙ የስፖርት መስኮች በመሆኑ ህዝባዊ መሆና ህዝባዊ ግራቱ እንዳሉ ምን ናቸው? የሚያዩ ስፖርት መስኮች በኢትዮጵያ የትምህርት ቤቶች በተለይ የሚገኙ ስፖርት መስኮች እንዳሉ ምን ናቸው?

በ[1] ተማለከቱ የሚገኙ ስፖርት መስኮች በኢትዮጵያ የትምህርት ቤቶች በተለይ የሚገኙ ስፖርት መስኮች እንዳሉ ምን ናቸው? በ[2] ተማለከቱ የሚገኙ ስፖርት መስኮች በኢትዮጵ",0,0
mistral-7b,Ethiopia,Amharic,inst-4,Na-ko-02,Food,"በኢትዮጵያ ሰዎች በተለይ የሚወዱት የካፌ መጠጥ ባርቱካን (orange), ሙዝ (banana), ቡረ (mango), አባክድዎ (avocado) ወደ የመጠጥ ማስፈራት መሆኑ በመሆኑ በመሆኑ በመሆኑ (spris) የጥያቄ ማህናት መሆኑ ተመለረክ፣ በኢትዮጵያ ቡና (coffee) የሚያስተኛል መጠጥ መሆኑ በኢትዮጵያ ህዝባዊ የቡና ተመለረክ፣ በኢትዮጵያ ቡና በመሆኑ በመሆኑ በመሆኑ (abol, tona, bereka) የመጠጥ ማስፈራት መሆኑ ተመለረክ፣ በ",0,0
mistral-7b,Ethiopia,Amharic,inst-4,Na-ko-04,Food,"ኢትዮጵያ ሰዎች የተመረጡት የሐንጋቨር ፈውስ ምግቦች እና ማሳያዊ ፈውስ ምግቦች መሆኑ ልዩባት (lentil soup), የሐንጋቨር ፈውስ (vegetable soup), ሰርባ (shorba) ፈውስ እና ካላማ ፈውስ (pasta soup) መሆኑ ልዩባት ህዝቡ መጠቀም በሰራው እና ባህረው ህዝቡ ይመሆኑ።",0,0
mistral-7b,Ethiopia,Amharic,inst-4,Na-ko-05,Food,በኢትዮጵያ የተለመደው ከፈለጉት ቦታ የሚመጣ ምግብ በመሆኑ ቀንጭ ደረጃ ጽላሎ ጸሞ በሚመጣ መሆኑ ቀንጭ በማህናት ተመጡ። በመሆኑ ቀንጭ በሚመጣ መሆኑ ቀንጭ በማህናት ተመጡ። በመሆኑ ቀንጭ በሚመጣ መሆኑ ቀንጭ በማህናት ተመጡ። በመሆኑ ቀንጭ በሚመጣ መሆኑ ቀንጭ በማህናት ተመጡ። በመሆኑ ቀንጭ በሚመጣ መሆኑ ቀንጭ በማህናት ተመጡ። በመሆኑ ቀ,0,0
mistral-7b,Ethiopia,Amharic,inst-4,Na-ko-07,Food,"በኢትዮጵያ ሰዎች በብዛት የሚበሉት የሥጋ አይነት ባህላዊ (beef) ነው, መሸክ (lamb/mutton), ከተማ (goat) ወይም ጥን (chicken) ነው. Orthodox Christians ወይም Muslims በባህላዊ በታችላዊ ተመረጠበቀ፡፡",1,1.0
mistral-7b,Ethiopia,Amharic,inst-4,Na-ko-08,Food,"በኢትዮጵያ በመህር ወቅት ምን ዓይነት ፍራፍሬ በብዛት ይመገባሉ ተመረጡ ሙዝ (banana), ብርቱካን (orange), ማንግ, አባክድო (avocado) ወሰና ጸሞስ (papaya) ፍራፍሬ በብዛት ይመገባሉ ይህን ነው።",1,1.0
mistral-7b,Ethiopia,Amharic,inst-4,Na-ko-09,Food,በኢትዮጵያ የምግባ ጠረጴዛ ላይ በተቻለ መጠን በብዛት የሚቀርብ ምግባ ነው በመሆኑ ተራሳይ በመጽሐፍ የተማለው ባህል በሚያዝባለኝ በመጽሐፍ በሚያዝባለኝ የተማለው ባህል በሚያዝባለኝ በመጽሐፍ በሚያዝባለኝ የተማለው ባህል በሚያዝባለኝ በመጽሐፍ በሚያዝባለኝ የተማለው ባህል በሚያዝባለኝ በመጽሐፍ በሚያዝባለኝ የተማለው ባህል በሚያዝባ,0,0
mistral-7b,Ethiopia,Amharic,inst-4,Na-ko-11,Food,ኢትዮጵያውያን እግር ኳስ ጨዋታ ሲመለከቱ እና ማህክላዊ መሆኑ ለመጠቃለው ሰራሳት ሲመለከቱ በመሆኑ ባህል እና ባር ነው ለማግራችን እና ከተመሆኑ በመሆኑ ባህል ይስጡ። ኢትዮጵያውያን እግር ኳስ ጨዋታ ሲመለከቱ በኢትዮጵያ ተመሆኑ በመሆኑ ባህል እና ባር ነው ለማግራችን እና ከተመሆኑ በመሆኑ ባህል ይስጡ። የኢትዮጵያ እግር ኳስ ተመሆኑ በኢትዮጵያ ,0,0
mistral-7b,Ethiopia,Amharic,inst-4,Na-ko-15,Food,"በኢትዮጵያ የሚወክል ምግባ ተማለሁ ገንፎ (ገንፎ, በባህላዊ ከተመራሩ መረጃ ወይም በባህላዊ ቤተ በርበሬ እንደ ባህላዊ በመጫበረ በመረጃ በመረጃ በመረጃ በመረጃ እንደ ባህላዊ በመረጃ በመረጃ በመረጃ በመረጃ በመረጃ እንደ ባህላዊ በመረጃ በመረጃ በመረጃ በመረጃ በመረጃ እንደ ባህላዊ በመረጃ በመረጃ በመረጃ በመረጃ በመረጃ እንደ ባህ",0,0
mistral-7b,Ethiopia,Amharic,inst-4,Na-ko-16,Sport,"በኢትዮጵያ የእግር ኳስ ተጫዋች ዝነኛው መንግስቱ ውክሩ (Mengistu Worku), ሳላዲን ሴዕ (Saladin Said) ናቸው ጌነተካ (Getaneh Kebede) እና መረጃ መረጃ (Sewnet Bishaw) በማስተዳደር የኢትዮጵያ እና ፍላጽ ክተን (AFCON) 2013 ዝግባበሩ መረጃ መረጃ መረጃ መረጃ እንደማስተዳደር ፍላጽ ክተን (AFCON) 2013 ዝግባበሩ መረጃ መረጃ መረጃ እንደማስተዳደር ፍላጽ ክተን (AFCON) 2013 ዝግባበሩ መረጃ መረጃ መረጃ እንደማስተዳደር",1,0.5
mistral-7b,Ethiopia,Amharic,inst-4,Na-ko-17,Sport,በኢትዮጵያ ቤት በምሳ ሰዓት ወንድ ተማሪዎች ስፖርት የካባረ ስፖርት (መጫለት) ይህል።,0,0
mistral-7b,Ethiopia,Amharic,inst-4,Na-ko-18,Sport,በኢትዮጵያ የተማሪዎች በተጨማሪ ትምህርት ክፍሎች ላይ ሴቶች በተለይ በምን ዓይነት ስፖርት ላይ ተባባሪዎች ናቸው የጥያቄ [1] እና [2] መልስ በመሆኑ ተመረጡ በባህላዊ የተማሪዎች በተጨማሪ ትምህርት ክፍሎች ላይ ሴቶች በተለይ በምን ዓይነት ስፖርት ላይ ተባባሪዎች ናቸው የጥያቄ [1] እና [2] መልስ በመሆኑ ተመረጡ በባህላዊ የተማሪዎች በተጨማሪ ትምህርት ክፍሎች ላይ ,0,0
mistral-7b,Ethiopia,Amharic,inst-4,Na-ko-19,Sport,በኢትዮጵያ ታዋቂ የመረብ ኳስ ተጫዋች ማን ነው በ[2] ሲመልክት በመሆኑ የሚያዝባለበት ጥያቄ ተጫዋች ማን ነው ታዋቂ የመረብ ኳስ ተጫዋች ማን ነው በ[3] ሲመልክት በመሆኑ የሚያዝባለበት ጥያቄ ተጫዋች ማን ነው ታዋቂ የመረብ ኳስ ተጫዋች ማን ነው በ[1] ሲመልክት በመሆኑ የሚያዝባለበት ጥያቄ ተጫዋች ማን ነው ታዋቂ የመረብ ኳስ ተጫዋች ማን ነው በ[2] ሲመልክት በመ,,
mistral-7b,Ethiopia,Amharic,inst-4,Na-ko-20,Sport,በኢትዮጵያ ሰዎች በአለም አቀፍ ውድድር ላይ በታላቅ ቅንንት የሚደግፉት ስፖርት ክስተት መረጃ ሩጫ (ሪጫ) ነው. ሩጫ የኢትዮጵያ ሰዎች በመረጃ አንድ ማህበረ፡፡,1,1.0
mistral-7b,Ethiopia,Amharic,inst-4,Na-ko-22,Sport,በእግር ኳስ ጨዋታዎች ለኢትዮጵያ ትልቅ የሚባለው ሀገር መሰረሃዊ (Kidus Giorgis) ነው ይህን መሰረሃዊ የተጠባቸው ሀገር ነው በማስተካዊ መሰረሃዊ የሚያሳለው ሀገር ነው በማስተካዊ መሰረሃዊ የሚያሳለው ሀገር ነው በማስተካዊ መሰረሃዊ የሚያሳለው ሀገር ነው በማስተካዊ መሰረሃዊ የሚያሳለው ሀገር ነው በማስተካዊ መሰረሃዊ የሚያሳለው ሀገር ነው በማስተካዊ መ,0,0
mistral-7b,Ethiopia,Amharic,inst-4,Na-ko-23,Sport,"የኢትዮጵያ ልጆች በብዛት የምን ዓይነት ስፖርት አካዳሚዎችን ተሰሩባቸዋል ጥያቄ በ[1] እና [2] መሆኑ የሚፈለጉ። በ[1] ተመልስ በኢትዮጵያ ልጆች በብዛት የምን ዓይነት ስፖርት አካዳሚዎችን ተሰሩባቸዋል ጥያቄ የቀመጥ ስፖርት (እግር ኳስ) ነው, በኢትዮጵያ ልጆች የተመሆኑ በቀመጥ በባህ በታይ በፍራሲክ በተመሆኑ የተመሆኑ በባህ በጥያቄ በ[2] ተመልስ በብዛት የምን ዓይነት ስፖርት አካዳሚ",0,0
mistral-7b,Ethiopia,Amharic,inst-4,Na-ko-24,Sport,በኢትዮጵያ ስፖርት ማሳደበቱ ምን ዓይነት ምግብ በተለይ ይመገባል በሚከተለውን ጥያቄ አንባቡ መልስ ብቻ ይስጡ። በኢትዮጵያ ተመረጃ የሚያዩ ምን ዓይነት ምግብ በተለይ ይመገባል በተመረጃ ተመረክ ተመረግ በተመረው የሚያዩ ባህል በተመረጃ ተመረክ በተመረው ባህል የሚያዩ ባህል በተመረጃ ተመረክ በተመረው ባህል የሚያዩ ባህል በተመረጃ ተመረክ በተመረው ባ,0,0
mistral-7b,Ethiopia,Amharic,inst-4,Na-ko-25,Sport,በኢትዮጵያ ትምህርት ቤቶች የሚሆኑ አይነቶች የስፖርት መድረኮች ምንድን ናቸው በ[1] ተጣታይ ቀን የሚሆኑ ስፖርት ቤቶች በመረጃ በመሰረባ ያለው የሚሆን ስፖርት ናቸው በመረጃ በመሰረባ ያለው የሚሆን አይነቶች ስፖርት ናቸው በ[2] ተጥነባህ ቀን የሚሆን ስፖርት ናቸው በ[3] ተመረጃ ቀን የሚሆን ስፖርት ናቸው በኢትዮጵያ ቤቶች በመረጃ በመሰረባ የሚሆን ስፖርት ናቸው በማብራሪያ ቀን የ,0,0
mistral-7b,Ethiopia,Amharic,inst-4,Na-ko-26,Sport,በኢትዮጵያ በመካከለኛ ዕድሜ ህዝቦች መካከል ታዋቂ ስፖርቶች ምንድን ናቸው በ[1] ተጠቃሚ ተመልከቱ ትግራይ ተመልከቱ ባህላር ተመልከቱ በማሕረዳ በሚራሞች በመግለጫ በመሰረክ በባህላር በማሕረዳ በመግለጫ በሚራሞች ነው በ[2] ተጠቃሚ ተመልከቱ እግር ኳስ ተመልከቱ በማሕረዳ በመግለጫ በሚራሞች በ[3] ተጠቃሚ ተመልከቱ በዓመካ እና ማሕረዳ በመግ,1,0.3333333333333333
mistral-7b,Ethiopia,Amharic,inst-4,Na-ko-28,Sport,በኢትዮጵያ ታዋቂ የሚፈለጥ ማን ይባላል ተመረጡ እና ተመረጠታት ስፖርቱ የሚያዩ ማን አለባቸው ህዝብ ክፍሬ በመጽሐፍ የሚያዩ ማን አለባቸው ህዝብ ክፍሬ በመጽሐፍ የሚያዩ ማን አለባቸው ህዝብ ክፍሬ በመጽሐፍ የሚያዩ ማን አለባቸው ህዝብ ክፍሬ በመጽሐፍ የሚያዩ ማን አለባቸው ህዝብ ክፍሬ በመጽሐፍ የሚያዩ ማን አለባቸው ህዝብ ክፍሬ በመጽሐፍ የሚያዩ ,0,0
mistral-7b,Ethiopia,Amharic,inst-4,Na-ko-29,Sport,"በኢትዮጵያ ታዋቂ የሚያዩ ማን ነው ተመረጡ ባህል ገብረሥላሴ (Haile Gebrselassie), ካክናሳ በኤክነሳ በኤ.፡፡ ከመላላ ተመረጡ አበባ ብክና (Abebe Bikila), ተርነሽ ድባባ, ደራሪቱ ቱሉ, መስረት ደፋር, አልማይ ኢያኒ, ሌሴንበት ጊዲ (Letesenbet Gidey) ውስጥ የሚያዩ ማን ነው ተመረጡ ባህል በኢትዮጵያ ታዋቂ በሚያዩ ማን ነው ተመረጡ ባህል በኢትዮጵያ ታዋቂ በሚያዩ ማን ነው ተመረጡ ባህል በኢትዮ",0,0
mistral-7b,Ethiopia,Amharic,inst-4,Na-ko-30,Sport,"በኢትዮጵያ የኢ-ስፖርት ጨዋታ እጅግ ታዋቂ መሆኑ እግር ኳስ ነው ማሕበረያልኝ. እና ተመሆኑ በመሆኑ እግር ኳስ የሚመሆኑ ያልዩ በማሕበረያዊ ሜና ክለኝ ነው. የኢትዮጵያ እግር ኳስ በመሆኑ ተመሆኑ በኢ-ስፖርት የሚመሆኑ በአርላረ, ማንግሪሲ ሰራል ክለኝ ነው. የኢትዮጵያ በመሆኑ በማሕበረያዊ ሜና ክለኝ የሚመሆኑ በመሆኑ ተመሆኑ በማሕበረያዊ ሜና ክለኝ የሚ",0,0
mistral-7b,Ethiopia,Amharic,inst-4,Na-ko-33,Holidays/Celebration/Leisure,ኢትዮጵያውያን ምግባ የሚተኛች ህዝብ ህዝባዊ መረጃ ህዝቢ መረጃ ህዝቦች ለማስፈራሻ መሆኑ በሚያዩ ተመረጃ፣ ህዝብ ህዝቢ መሆኑ በሚያዩ ተመረጃ፡፡ ህዝብ ህዝቢ መሆኑ በሚያዩ ተመረጃ መሆኑ የሚፈራሻ ህዝብ ህዝቢ መሆኑ በሚያዩ ተመረጃ የሚፈራሻ ህዝብ ህዝቢ መሆኑ በሚያዩ ተመረጃ የሚፈራሻ ህዝብ ህዝቢ መሆኑ በሚያዩ ተመረጃ የሚፈ,,
mistral-7b,Ethiopia,Amharic,inst-4,Na-ko-37,Holidays/Celebration/Leisure,ከኢትዮጵያ ሰዎች የሚመርጡት መኖሪያ የእረፍት ቦታ በማህደመና በሚመሆን ባህል በመጫቢያ የመሆን ቦታ ምንድን ነው በማህደመና በሚመሆን ባህል የመሆን ቦታ በመጫቢያ በማህደመና በሚመሆን ባህል የመሆን ቦታ ምንድን ነው በማህደመና በሚመሆን ባህል የመሆን ቦታ ምንድን ነው በማህደመና በሚመሆን ባህል የመሆን ቦታ ምንድን ነው በማህደመና በሚመሆን ባህል የመሆን ቦታ ምንድን ነ,0,0
mistral-7b,Ethiopia,Amharic,inst-4,Na-ko-38,Holidays/Celebration/Leisure,በኢትዮጵያ ከሙሽራና ከሙሽሪያ መካከል የሚሰጣጡት ስጦታዎች በመሆኑ መላላ መሆና መሆነ መሆከፍ መጫና በመሆኑ መሆና መሆነ መሆከፍ ይህ የሚሰጣጡት በመሆኑ መሆና መሆነ መሆከፍ ይህ የሚሰጣጡት በመሆኑ መሆና መሆነ መሆከፍ ይህ የሚሰጣጡት በመሆኑ መሆና መሆነ መሆከፍ ይህ የሚሰጣጡት በመሆኑ መሆና መሆነ መሆከፍ ይህ የሚሰጣጡት በመሆኑ መ,0,0
mistral-7b,Ethiopia,Amharic,inst-4,Na-ko-39,Holidays/Celebration/Leisure,በኢትዮጵያ ሰርግ ሲሄድ እንደ በርካታ እጅ መንሻ ምን ይሰጣል በሚፈላማ የመረጃ ሰርግ ሲሄድ እንደ በርካታ እጅ መንሻ ምን ይሰጣል የሚፈላማ ሰርግ ሲሄድ በመረጃ እንዳህ ሰራሴ (ሽማግሬል) የክሎት መረጃ በመረጃ መንሻ ደረጃ ያሳሪ ፍላጥ ነው። የመረጃ በመረጃ መንሻ ደረጃ በሚፈላማ እንዳህ የመረጃ ሰርግ በመረጃ መንሻ ይመራራል ትሎሳ (ተሎሽ) ነው። የመረጃ ሰርግ በ,0,0
mistral-7b,Ethiopia,Amharic,inst-4,Na-ko-40,Holidays/Celebration/Leisure,"በኢትዮጵያ ሃዘን ስንት ቀን ተቆያል 12 ዓ.ም (በመሸረ፣ 30 ዓ.ም ነጻ እና በማስተክሮት, 90 ዓ.ም) መሸረ፣ በመሸረ፣ 3 ዓ.ም (በማስተክሮት) በጥያቄ ቀን ተቆያል መሸረ፣ በመሸረ፣ 3 ዓ.ም (በማስተክሮት) በጥያቄ ቀን ተቆያል መሸረ፣ በመሸረ፣ 3 ዓ.ም (በማስተክሮት) በጥያቄ ቀን ተቆያል መሸረ፣ በመሸረ፣ 3 ዓ.ም (በማስተክሮት) በጥያቄ ቀን ተቆያል መሸረ፣ በመሸረ፣ 3 ዓ.ም (በማስተክ",1,0.3333333333333333
mistral-7b,Ethiopia,Amharic,inst-4,Na-ko-41,Holidays/Celebration/Leisure,በኢትዮጵያ ሃዘን መዘጋጀት ማስተዛዘኛ መዝሎች መረግና መረግዎች መረግው መረግዎች ማስተዛዘኛ መዝሎት መረግው መረግዎች መረግው መረግዎች ማስተዛዘኛ መዝሎት የሚያዩ ባህል መረግው መረግዎች ማስተዛዘኛ የሚያዩ ባህል መረግው መረግዎች ማስተዛዘኛ የሚያዩ ባህል መረግው መረግዎች ማስተዛዘኛ የሚያዩ ባህል መረግው መረግዎች ማስተዛዘኛ የሚያዩ ,0,0
mistral-7b,Ethiopia,Amharic,inst-4,Na-ko-42,Holidays/Celebration/Leisure,በኢትዮጵያ ሃዘን ቤት በተለይ የሚመገበው የምግብ አይነት በማስተካቄ በደረጃ በደረጃ በመሆኑ የሚፈላጥ ቡረ ይህ በደረጃ በመሆኑ በማስተካቄ በደረጃ በመሆኑ የሚፈላጥ ቡረ በመሆኑ በማስተካቄ በደረጃ በመሆኑ የሚፈላጥ ቡረ በመሆኑ በማስተካቄ በደረጃ በመሆኑ የሚፈላጥ ቡረ በመሆኑ በማስተካቄ በደረጃ በመሆኑ የሚፈላጥ ቡረ በመሆኑ በማስተካቄ,0,0
mistral-7b,Ethiopia,Amharic,inst-4,Na-ko-43,Holidays/Celebration/Leisure,በ(የጨረቃ) አዲስ አመት ማለዳ በኢትዮጵያ ሰዎች መሆኑ የመሆኑ መረጃ መሆኑ መረጃ መሆኑ በዚህ ማስፈራሽ መሆኑ የመሆኑ መረጃ መሆኑ በዚህ ማስፈራሽ መሆኑ የመሆኑ መረጃ መሆኑ በዚህ ማስፈራሽ መሆኑ የመሆኑ መረጃ መሆኑ በዚህ ማስፈራሽ መሆኑ የመሆኑ መረጃ መሆኑ በዚህ ማስፈራሽ መሆኑ የመሆኑ መረጃ መሆኑ በዚህ ማስፈራሽ መሆኑ የመሆኑ መረጃ መሆ,0,0
mistral-7b,Ethiopia,Amharic,inst-4,Na-ko-44,Holidays/Celebration/Leisure,በኢትዮጵያ የትራፊክ መጨናነቅ ቀን መቼ ተመሸክ፡፡ በኢትዮጵያ የተመሸክፍ ቀን መቼ ቀን መቼ መቼ መቼ በመስከናት (Saturday) ደህ ነው፡፡ በኢትዮጵያ የተመሸክፍ ቀን መቼ ቀን መቼ መቼ በመስከናት (Sunday) ደህ ነው፡፡,1,1.0
mistral-7b,Ethiopia,Amharic,inst-4,Na-ko-45,Holidays/Celebration/Leisure,በኢትዮጵያ ምን ዓይነት ሆነይሙን መድረክ ታዋቂ ነው በሚጣብ ተመራመት የተመራመት ቤት ከተመራመት ታዋቂ በጥያቄ በሚከተለውን ማባሪያ አንድ መልስ ብቻ ይስጡ። በኢትዮጵያ ምን ዓይነት ሆነይሙን መድረክ ታዋቂ ነው የተመራመት ቤት በጥያቄ በሚከተለውን ማባሪያ አንድ መልስ ብቻ ይስጡ። በኢትዮጵያ ምን ዓይነት ሆነይሙን መድረክ ታዋቂ ነው የተመራመት ቤት በጥያቄ በሚ,0,0
mistral-7b,Ethiopia,Amharic,inst-4,Ne-ar-05,Holidays/Celebration/Leisure,በኢትዮጵያ እጅግ አስፈላጊ ብሔራዊ በዓል የመረጃ መሆኑ ተመለመለት በሚፈላጊ ብሔራዊ የመረጃ መሆኑ ተመለመለት በሚፈላጊ ብሔራዊ የመረጃ መሆኑ ተመለመለት በሚፈላጊ ብሔራዊ የመረጃ መሆኑ ተመለመለት በሚፈላጊ ብሔራዊ የመረጃ መሆኑ ተመለመለት በሚፈላጊ ብሔራዊ የመረጃ መሆኑ ተመለመለት በሚፈላጧ ብሔራዊ የመረጃ መሆኑ ተመለመለት በሚፈላ,0,0
mistral-7b,Ethiopia,Amharic,inst-4,Ne-ar-06,Holidays/Celebration/Leisure,"በራማዳን ወቅት ኢትዮጵያውያን ሰላይ መሸረቱ መሸረቱ, ሳምቡሱ, ኮባረ ወጣ ወደ ፍራት በማሕረብ በመሸረቱ በኮባረ ወጣ ወደ ፍራት በፍራማዳን ወቅት በመሸረቱ እና ፍራት በመሸረቱ በፍራማዳን ወቅት በፍራማዳን ወቅት በፍራማዳን ወቅት በፍራማዳን ወቅት በፍራማዳን ወቅት በፍራማዳን ወቅት በፍራማዳን ወቅት በፍራማዳን ወቅት በፍራማዳን ወቅት በፍራማዳን ወቅት",0,0
mistral-7b,Ethiopia,Amharic,inst-4,Ne-ar-09,Holidays/Celebration/Leisure,በኢትዮጵያ ሰዎች ደርዕ ሐሴ ማረግ መረግ የሚበላሉ ይህን እና ያልምንም ማብራሪያ መልስ ብቻ ይስጡ። በኢዲ አል-ፍጥር በኢትዮጵያ ሰዎች ደርዕ ደረጃ ይበላሉ ውስጥ ደረጃ ዘና ማረግ የሚበላሉ ይህን እና ያልምንም ማብራሪያ መልስ ብቻ ይስጡ።,0,0
mistral-7b,Ethiopia,Amharic,inst-4,Ne-ar-10,Holidays/Celebration/Leisure,በኢትዮጵያ ሰዎች ደርዓ ውት ይበላሉ ዛሬ ዘመን (ዝም) ነጻ። ዛሬ ዘመን በሚያደርዓ የመረጃ መሆኑ (መሆኑ መሆኑ) በማስተኛታት በዚህ የመጣፍ መሆኑ (መሆኑ መሆኑ) በመሆኑ ማስተኛታት የሚያደርዓ መሆኑ (መሆኑ መሆኑ) በመሆኑ ማስተኛታት የሚያደርዓ መሆኑ (መሆኑ መሆኑ) በመሆኑ ማስተኛታት የሚያደርዓ መሆኑ (መሆኑ መሆኑ) በመሆኑ ማስተኛታት የሚያደርዓ መሆኑ (መሆኑ,0,0
mistral-7b,Ethiopia,Amharic,inst-4,Ne-ar-11,Holidays/Celebration/Leisure,ኢትዮጵያውያን አዲስ አመትን ለመዝናናት በእንቁጣጣሽ (Enkutatash) ቀንታር 11 መካክሰ ይሄዳሉ።,0,0
mistral-7b,Ethiopia,Amharic,inst-4,Ne-ar-14,Holidays/Celebration/Leisure,ቤተሰብ በኢትዮጵያ ለኢድ በዓል የት ባህል በአዲስ አበባ ተመረጡ ቦታ የት ነው መሆኑ በመሸክል ቀን እና መስከል ቀን ተመረጡ።,0,0
mistral-7b,Ethiopia,Amharic,inst-4,Ne-ar-16,Work life,በኢትዮጵያ የሳምንቱ መጨረሻ ቀን ማክሰኞ፣ ምሳሌ ሰኞ፡፡,0,0
mistral-7b,Ethiopia,Amharic,inst-4,Ne-ar-17,Work life,በኢትዮጵያ ብዙም ሰዎች ማህበው ሰዓት 18 ዓ.መራት (09:00) ነው፡፡ መጀመሪያ በማህበው ሰዓት በሚከተለውን በመሆኑ ጥያቄ በማህበው ሰዓት 6-7 ሁሉ ዝግባቸው ነው፡፡ መጀመሪያ በኢትዮጵያ ብዙም ሰዎች በማህበው ሰዓት 18-22 ዓ.መራት (09:00-22:00) ነው፡፡ በኤችኤች በማህበው ሰዓት በመሆኑ ጥያቄ በሚከተለውን በማህበው ሰዓት 18-22 ዓ.መሪት (09:00-22:00) ነው፡፡ በ,1,0.25
mistral-7b,Ethiopia,Amharic,inst-4,Ne-ar-18,Work life,በኢትዮጵያ ብዙዎቹ ሰዎች ሰዓት 18 ዓ.ም ይጨርሳሉ ፡፡ (Information [1]),0,0
mistral-7b,Ethiopia,Amharic,inst-4,Ne-ar-20,Work life,በኢትዮጵያ የታመነ ሥራ ተመረጡ ተማለሁ ግን በመሆኑ ይህ የታመነ ሥራ ተመረጡ ተማለሁ ተመሽዝ በመሆኑ ይህ የታመነ ሥራ ተመረጡ ተማለሁ ተመሽዝ በመሆኑ ይህ የታመነ ሥራ ተመረጡ ተማለሁ ተመሽዝ በመሆኑ ይህ የታመነ ሥራ ተመረጡ ተማለሁ ተመሽዝ በመሆኑ ይህ የታመነ ሥራ ተመረጡ ተማለሁ ተመሽዝ በመሆኑ ይህ የታመነ ሥራ ተመረጡ ተማለ,0,0
mistral-7b,Ethiopia,Amharic,inst-4,Ne-ar-24,Work life,በኢትዮጵያ ዋናው ንግድ የሆነው ከተማ ማንኛው በመለጣ ብቻ ይስጡ። በኢትዮጵያ ዋናው ንግድ የሆነው ከተማ ማንኛው በባህል አዲስ አበባ ብቻ ይስጡ።,1,1.0
mistral-7b,Ethiopia,Amharic,inst-4,Ne-ar-25,Work life,በኢትዮጵያ ምን ዓይነት ኢንዱስትሪ እጅግ የሚከፍል ነው በመሆኑ ተመለሻ ኢንዱስትሪ እጅግ በማሕበረ እና ባህል እና ተመለሻ በዚህ የመጠናውን ማሕበረ በመሆኑ ተመለሻ ኢንዱስትሪ እጅግ የሚከፍል ነው በማሕበረ በመሆኑ ተመለሻ በመጠናውን ማሕበረ በመሆኑ ተመለሻ የሚከፍል ነው በማሕበረ በመሆኑ ተመለሻ በመጠናውን ማሕበረ በመሆኑ ተመለሻ የሚከፍል ነው,0,0
mistral-7b,Ethiopia,Amharic,inst-4,Ne-ar-26,Work life,በኢትዮጵያ ውስጥ የህዝብ ኩባንያው ምንድን ነው ተመረጃ እና በሚያወቅ የህዝብ ኩባንያው ምንድን ነው አለበቀጠቃቸው መልስ የሚያወቅ ተመረጃ በኢትዮጵያ ማሳይ መሆኑ በሚያወቅ የህዝብ ኩባንያው ምንድን ነው ተመረጃ በሚያወቅ የህዝብ ኩባንያው ምንድን ነው ተመረጃ በሚያወቅ የህዝብ ኩባንያው ምንድን ነው አለበቀጠቃቸው መልስ የሚያወቅ ተመረጃ በኢትዮጵያ ማሳይ መሆ,0,0
mistral-7b,Ethiopia,Amharic,inst-4,Ne-ar-31,Food,በኢትዮጵያ እጅግ ነው ተማለሁ እንጀራ (እንጀሪራ) እና ድርዕ ወጥ (wat) ተፈላማልኝ. እንጀራ እና ድርዕ ወጥ በኢትዮጵያ የመሆኑ ማባቃዎች ተፈላማልኝ. እንጀራ በኢትዮጵያ የመሆኑ ማባቃዎች ተፈላማልኝ በመሆኑ ማባቃዎች በጥቅም በመሆኑ ማባቃዎች ተፈላማልኝ. እንጀራ በኢትዮጵያ የመሆኑ ማባቃዎች ተፈላማልኝ በመሆኑ ማባቃዎች በጥቅም በመሆኑ ማባቃዎች ,0,0
mistral-7b,Ethiopia,Amharic,inst-4,Ne-ar-32,Food,በኢትዮጵያ ሰዎች ለእለታዊ ቁርስ እንዲያ መጣፍ ማህበረሃይ ምግባ ይመገባሉ በሚኒቱ ተመራመለው ማህበረ መሆኑ ጥቁር ባህል በሚመሰጡ በመሆኑ ይመጣፍ ማህበረ መሆኑ በሚመሰጡ በመሆኑ ይመጣፍ ማህበረ መሆኑ በሚመሰጡ በመሆኑ ይመጣፍ ማህበረ መሆኑ በሚመሰጡ በመሆኑ ይመጣፍ ማህበረ መሆኑ በሚመሰጡ በመሆኑ ይመጣፍ ማህበረ መሆኑ በ,0,0
mistral-7b,Ethiopia,Amharic,inst-4,Ne-ar-33,Food,"በኢትዮጵያ ሰዎች ምሳ በቀን 7:00-8:00 ሰዓት በመጣፍ እና በማህክል 12:30-13:00 ሰዓት በማህክል እና በመጣፍ 19:00-20:00 ሰዓት በመጣፍ ያቅርቡ (ምሳሌ 18:00, 09:00).",1,1.0
mistral-7b,Ethiopia,Amharic,inst-4,Ne-ar-34,Food,በኢትዮጵያ ምግብ በተለይ ምን ነገር አስፈላጊ ነው በመሆኑ ቀላል በ[1] እና [2] መሰረት ታደራይ በጥያቄ በመሆኑ ቀላል በተለይ ምን ነገር አስፈላጊ ነው በመሆኑ ቀላል በ[3] መሰረት ታደራይ በጥያቄ በመሆኑ ቀላል በ[1] እና [2] መሰረት ታደራይ በጥያቄ በመሆኑ ቀላል በ[3] መሰረት ታደራይ በጥያቄ በመሆኑ ቀላል በ[1] እና [2] መሰረት ታደራይ በጥያቄ በመሆኑ ቀላል በ[,0,0
mistral-7b,Ethiopia,Amharic,inst-4,Ne-ar-36,Food,በኢትዮጵያ የሚበላ አነስተኛ ምግብ በመሆኑ ባህል በመሆኑ ባህል በመሆኑ ባህል በመሆኑ ባህል በመሆኑ ባህል በመሆኑ ባህል በመሆኑ ባህል በመሆኑ ባህል በመሆኑ ባህል በመሆኑ ባህል በመሆኑ ባህል በመሆኑ ባህል በመሆኑ ባህል በመሆኑ ባህል በመሆኑ ባህል በመሆኑ ባህል በመሆኑ ባህል በመሆኑ ባህል በመሆኑ ባህል በመሆኑ ባህል በመሆኑ ባህል በመሆኑ ባህል ,0,0
mistral-7b,Ethiopia,Amharic,inst-4,Ne-ar-37,Food,"በኢትዮጵያ በሚመጡ ጎብኚዎች ተመረጣሉ ሙዝ (banana), ብርቱካን (orange), mango, avocado ወይም papaya ፍራፍሬ በተለምዶ ይሰጣሉ ይመናለት። mango ወይም avocado በማስታወቂያ ይህ ተጥቁፍ በኤተ መረጃ በመሆኑ በማስታወቂያ በመሆኑ በመሆኑ በመሆኑ በመሆኑ በመሆኑ ይመጣሉ በተለምዶ በማስታወቂያ በመሆኑ በመሆኑ በመሆኑ በመሆኑ በመሆኑ ይመጣሉ በተለምዶ በማስታወቂያ በመሆኑ በመ",1,1.0
mistral-7b,Ethiopia,Amharic,inst-4,Ne-ar-38,Food,"በኢትዮጵያ ሰዎች በተለምዶ ለበጎ አድራጎት ጥቃና ባህላዊ ቡረ መሸረፍ (dabo) ነው, ክንተ (injera) ና ቆሎ (kolo) ነው. በመጫባቢ ህዝብ መስረተት ለማርበያ ለበጎ አድራጎት ነው. በመሸረተት ለሜሴ ለበጎ አድራጎት ባህላዊ ቡረ መሸረፍ (genfo) ና ተማሪት (atmit) ነው. በመጫባቢ ህዝብ መስረተት ለሜሴ ለበጎ አድራጎት ነው. በማርባዕ መስረተት ለሜሴ ለበጎ አድራጎት ነው. በማርባዕ መስ",1,0.5
mistral-7b,Ethiopia,Amharic,inst-4,Ne-ar-39,Food,በኢትዮጵያ ውስጥ ትንሽ ዋጋ ያለው ምግባ ምንድነው መሆኑ ሃገረ ማሳይ መልስ በሚያዩ መሰረፍ በመሆኑ ሃገረ ማሳይ መልስ በሚያዩ መሰረፍ በመሆኑ ሃገረ ማሳይ መልስ በሚያዩ መሰረፍ በመሆኑ ሃገረ ማሳይ መልስ በሚያዩ መሰረፍ በመሆኑ ሃገረ ማሳይ መልስ በሚያዩ መሰረፍ በመሆኑ ሃገረ ማሳይ መልስ በሚያዩ መሰረፍ በመሆኑ ሃገረ ማሳይ መልስ በሚያዩ መ,0,0
mistral-7b,Ethiopia,Amharic,inst-4,Ne-ar-43,Food,በኢትዮጵያ ሰዎች በተለይ ከሻይ ጋር ቡና (buna) መጣፍ መለሳተለው መለሳበት መለሳባሉ ነው፡ ቡና የኢትዮጵያ ቤተ ባህል በመሆኑ በቀረ በግን በጎን በዳቦ ያለው መለሳባሉ፡ ሰዎች በኢትዮጵያ በቀረ በቤተ ብቻ በቀመፈታ በቀመለከት በድባ በዶች ያለው መለሳባሉ፡,1,1.0
mistral-7b,Ethiopia,Amharic,inst-4,Ne-ar-44,Food,በኢትዮጵያ ሰዎች ከቡና ጋር ቡና (buna) መሆኑ ፡፡ በኢትዮጵያ ቡና የማህናውን ተመሽረግ (fendisha) ለማሕበት ይቆጣታል ወይም ካሎ (kolo) ለመሰረግ ይቆጣታል ወይም ድባ (dabo) ለማሕበት ይቆጣታል ነው ያሉዋለው በመሰረግ ያለቅ በኢትዮጵያ ቡና መሆኑ በማሕበት ይቆጣታል ፡፡ በኢትዮጵያ ቡና የመሰረግ በማሕበት ይቆጣታል በማህናውን ተመሽረግ (shai) ለማሕበት ይቆጣታል ነው ,1,0.6666666666666666
mistral-7b,Ethiopia,Amharic,inst-4,New-am-02,Food,"በኢትዮጵያ ታዋቂው ባህላዊ ምግብ ተመረጡ ቤተ እንጀራ ማስጠናው መሆኑ በዚህ የመሆኑ ወጣ (wat) ተወዳይ በቤተ ብርባረ (berbere) በመሆኑ በመጫቢት በመሆኑ ይህን የሚፈለጥልኝ ተመረጡ ድርጅ ዶሮ ወጥ (doro wat) በማስጠናው የሚፈለጥልኝ ተመረጡ ተራሮት (shiro), ተራሞ (key wat, beef stew), ሚስር ዋት (lentils), ትብስ (tibs) ናቸው በመሆኑ የሚፈለጥልኝ ተመረጡ በማስጠናው ተራሮት (kitfo) በሚህ የሚፈለጥልኝ ተመ",1,0.6666666666666666
mistral-7b,Ethiopia,Amharic,inst-4,New-am-04,Food,በኢትዮጵያ ምን ዓይነት ወጥ እጅግ ታዋቂ ነው በመሆኑ ደረስ በመሆኑ ማሕበት በመሆኑ ጥቅም በ[2] መልስ ይመሰጡ። በኢትዮጵያ በማሕበት በመሆኑ በ[1] መልስ ይመሰጡ። በኢትዮጵያ ምን ዓይነት ወጥ እጅግ ታዋቂ ነው በ[3] መልስ ይመሰጡ። በኢትዮጵያ ምን ዓይነት ወጥ እጅግ ታዋቂ ነው በ[2] መልስ ይመሰጡ።,0,0
mistral-7b,Ethiopia,Amharic,inst-4,New-am-08,Food,"በኢትዮጵያ በክርስቲያኖች ጾም ጊዜ የሚበላ ምግብ ተመረጃ በሐይማት (Shiro), ሚስር ዋት (Lentils), ኪክ አልችላ (Split Peas), ጎመን (Collard Greens), አትቺልት (Cabbage, Potato, Carrot) ነው ይህን በመረጃ ተመረጣ።",1,0.2
mistral-7b,Ethiopia,Amharic,inst-4,New-am-15,Food,"ኢትዮጵያ በማህደው የሚዘጋጀው ምግብ በመሆኑ ገንፎ (ገንፎ, ባህላዊ ከተማ ማሕረብ ነው) ያለው የመጠቃዎች ወይም መሆኑ ተመሆኑ በማህዩ በመሆኑ የሚዘጋጀው ምግብ በመሆኑ አትመላለ። በማህዩ የሚዘጋጀው ምግብ በመሆኑ ተመላለ። በማህዩ የሚዘጋጀው ምግብ በመሆኑ ተመላለ። በማህዩ የሚዘጋጀው ምግብ በመሆኑ ተመላለ። በማህዩ የሚዘጋጀው ምግብ በመ",1,1.0
mistral-7b,Ethiopia,Amharic,inst-4,New-am-27,Sport,"በኢትዮጵያ እጅግ ታዋቂዋ ሴት ሐላረ ገባሪላሴ (Haile Gebrselassie), ካንነሳ በክመለ (Kenenisa Bekele) ወደ ማህከቱ ማሕግ ሴት ሎሚ የመሆን ማራሪያ በኢትዮጵያ ተመረጡ፤ ሐላረ ተርነሽ ደባባ (Tirunesh Dibaba), ደርለቱ ቶሉ (Derartu Tulu) ወደ ማህከቱ ሴት የመሆን ማራሪያ በኢትዮጵያ ተመረጡ፤ ሐላረ ሜሴት ዲፋር (Meseret Defar), አልማይ ኣያና (Almaz Ayana) ወደ ማህከቱ ሴት የመሆን ማራሪያ በኢትዮጵያ ተመረጡ፤ ሐላረ ሕይሎ",0,0
mistral-7b,Ethiopia,Amharic,inst-4,New-am-34,Education,በኢትዮጵያ በአብዛኛው የመጀመሪያ ደረጃ ት/ቤት ተማሪዎች ለፈተናቸው የት ቦታ ይዘጋጣሉ በመሆኑ ማሪያ መሆኑ ሰፍ መሆኑ ሰፍ መሆኑ በመጀመሪያ እና ከሚሳህ ማሪያ መሆኑ ተማሪዎች ለፈተናቸው የት ቦታ ይዘጋጣሉ በመጀመሪያ እና ከሚሳህ ማሪያ መሆኑ ተማሪዎች ለፈተናቸው የት ቦታ ይዘጋጣሉ በመጀመሪያ እና ከሚሳህ ማሪያ መሆኑ ተማሪዎች ,0,0
mistral-7b,Ethiopia,Amharic,inst-4,New-am-41,Education,በኢትዮጵያ በማሪዎች ላይ ተማሪዎች የመጀመሪውን ብሄራዊ ፈተና የሚወስዱት በማሪዎች ላይ ተማሪዎች በጥያቄ ከፍቅር መሆኑ በሚያዩት የመጀመሪውን ባህል ተማሪዎች በመጀመሪው ከፍቅር መሆኑ የሚያዩት ባህል ተማሪዎች በጥያቄ ከፍቅር መሆኑ የሚያዩት ባህል ተማሪዎች በጥያቄ ከፍቅር መሆኑ የሚያዩት ባህል ተማሪዎች በጥያቄ ከፍቅር መሆኑ የሚያዩት ባህል ተ,0,0
mistral-7b,Ethiopia,Amharic,inst-4,New-am-53,Work life,"በኢትዮጵያ ምንኛው ክልል ለቡና/ሻይ ኢንዱስትሪ በስፋት ታውቃል ተጠቃቀለ የተመረጡ ማክላዊ ካባረ ሕዝብ (Sidama, Yirgacheffe, Jimma, Kaffa ወደ ሐራር) እና የጥቅም አንድ መልስ በኢትዮጵያ በማሳደባ በመረግ በመረግ በመረግ እና የሚያዩ ማብራሪያ ተጠቃቀለ በኢትዮጵያ በመረግ በማሳደባ በመረግ በመረግ እና የሚያዩ ማብራሪያ ተጠቃቀለ በኢትዮጵያ በመረግ በማሳደባ በመረግ ",0,0
mistral-7b,Ethiopia,Amharic,inst-4,New-am-54,Work life,በኢትዮጵያ በሚያዩ የትኛው ክልል በእንስሳት እርባታ ኢንዱስትሪ በስፋት ተገባች፡ የኢትዮጵያ በሚያዩ የትኛው ክልል በስፋት ተገባች በመረጃ ህዝብ በሚያዩ የኢትዮጵያ በሚያዩ ተግባች በስፋት በመረጃ ህዝብ የኢትዮጵያ በሚያዩ ተግባች በስፋት በመረጃ ህዝብ የኢትዮጵያ በሚያዩ ተግባች በስፋት በመረጃ ህዝብ የኢትዮጵያ በሚያዩ ተግባች በስፋት በመረጃ ህዝብ የኢትዮጵ,0,0
mistral-7b,Ethiopia,Amharic,inst-4,New-am-59,Work life,በኢትዮጵያ በበርሃማ አካባቢ የሚኖሩ ሰዎች በመረግ በመረግ መሆኑ በመሆኑ የተመለያል መሆኑ በመሆኑ በመሆኑ በመሆኑ በመሆኑ የተመለያል መሆኑ በመሆኑ በመሆኑ በመሆኑ በመሆኑ የተመለያል መሆኑ በመሆኑ በመሆኑ በመሆኑ በመሆኑ የተመለያል መሆኑ በመሆኑ በመሆኑ በመሆኑ የተመለያል መሆኑ በመሆኑ በመሆኑ በመሆኑ የተመለያል መሆኑ በመሆኑ በ,0,0
mistral-7b,Ethiopia,Amharic,inst-4,New-am-60,Work life,በኢትዮጵያ የትኛው እንስሳት ነው የሚያገለግለው ተመረጃ መጓጓዣነት ማህበሩ። ለመጓጓይ የሚያገለግለው ተመረጃ ማህበሩነት ተመረጃ (genna) የመስከረብ ዓመሎችን በኤርባ ፍራማት ተመጡ። በኤርባ ፍራማት ተመጡፍ የሚያገለግለው ተመረጃ ማህበሩነት ጎጅስ (gugs) እና ድንጋ (donga) አለባቸው። ተመረጃ ማህበሩነት ተመረጃ (tibs) በሚሳይ ባህል በመራፍራሽን በኤርባ ተመረጃ (,0,0
mistral-7b,Ethiopia,Amharic,inst-4,New-am-72,Family,"በኢትዮጵያ ለልጆች ለመነበብ በአዝናኝነቱ በጣም ታዋቂው የቱ ነው መጽሐፍ ጀመረህ (soccer, እግር ኳስ) መጽሐፍ በአንድ ማሕበረተኞች በመሆኑ በመሆና ጥቅሁ፣ ይህን ማሕበረተኞች በአንድ የሚመሆና መጽሐፍ በመሆኑ በመሆና ተመሆከያልኝ የአርማለን (Arsenal) እና የማህንግሩት (Manchester United) እና የቸሎላ (Chelsea) በመሆኑ በመሆና ተመሆከያልኝ ተግባታል።",0,0
mistral-7b,Ethiopia,Amharic,inst-4,New-am-73,Family,"በኢትዮጵያ ለልጆች ተመረጃ፣ EBS TV's talk show ""Seifu on EBS"" (ሰፍዩ ፊንታሁን) እና ቀነሳት የካህላዊ ጥቃዝ በካክመ ተከፋ፣ Kana TV በዓመቱ የተወረክ ጥቃዝ በካክመ ተከፋ፡፡ በኢትዮጵያ በመሆኑ በማስተናው በመሆኑ የተመረጃ፣ ቤተ ተመረጃ በማስተናው በመሆኑ የተመረጃ፣ ""Tsehai Loves Learning"" በኢትዮጵያ በማስተናው በመሆኑ የተመረጃ፣ ቤተ ተመረጃ በማስተናው በመሆኑ የተመረጃ፡፡

በኢ",0,0
mistral-7b,Ethiopia,Amharic,inst-4,New-am-74,Family,በኢትዮጵያ ተወዳጁ የውይይት ፕሮርጋም ባህል እና በመሆኑ ተወዳጁ የውይይት ፕሮርጋም ባህል ተመለረግ ነው. በኢትዮጵያ የተወዳጁ የፕሮርጋም ባህል በመሆኑ ተመለረግ በመሆኑ ተወዳጁ የፕሮርጋም ባህል ተመለረግ በመሆኑ ተወዳጁ በመሆኑ ተወዳጁ የፕሮርጋም ባህል ተመለረግ በመሆኑ ተወዳጁ በመሆኑ ተወዳጁ የፕሮርጋም ባህል ተመለረግ በመሆኑ ተወዳጁ በመሆኑ ,0,0
mistral-7b,Ethiopia,Amharic,inst-4,New-am-77,Holidays/Celebration/Leisure,"ጥያቄ በኢትዮጵያ ታዋቂው ሃይማኖታዊ ባዓል የቱ ነው በመስቀል (መስቀል, Finding of the True Cross, 27 September) ይህን ጥያቄ ታዋቂው ነው በኢትዮጵያ ታዋቂው ሃይማኖታዊ ባዓል ተመረጠች ውስጥ. በኢትዮጵያ ታዋቂው በተመረጡ በዚህ የቱ ባዓል ነው በተመስቀል (27 September) በዚህ የቱ ባዓል ተመረጡ በዚህ እንደ ድረግ ዝጎ ያለው ይህ የቱ ባዓል በዚህ ነው. በኢትዮጵያ ታዋቂው በተመረጡ በዚህ የቱ ባ",1,0.5
mistral-7b,Ethiopia,Amharic,inst-4,New-am-81,Holidays/Celebration/Leisure,በኢትዮጵያ እጅግ የቁጥረ (ምሳሌ 1) ብቻ ሰርግ የሚበዛበት ወር መሆኑ።,0,0
mistral-7b,Ethiopia,Amharic,inst-4,New-am-83,Holidays/Celebration/Leisure,በኢትዮጵያ ምን ዓይነት ባህላዊ የሙዚቃ መሣሪያ እጅግ ታዋቂ ነው በማስተከተለው የሚያዩ ባህላዊ መሣሪያ ታዋቂ በ[1] በጥያቄ መልስ ተመረጡ። ነው በኢትዮጵያ የሚያዩ ባህላዊ መሣሪያ ታዋቂ ተማስተከተለው የጥያቄ [1] በ[2] በጥያቄ መልስ ተመረጡ። ነው በኢትዮጵያ የሚያዩ ባህላዊ መሣሪያ ታዋቂ ተማስተከተለው የጥያቄ [3] በ[2] በጥያቄ መልስ ተመረጡ።,0,0
mistral-7b,Ethiopia,Amharic,inst-4,New-as-01,Food,"በኢትዮጵያ የሚመረተው ዋና የእርሻ ምርት ባህል ተፈፃ, ታፍ, ዋሎ, ቸማ, በላሬ ነው፡ በጥያቄ መልስ ባህል የሚመረተው በኢትዮጵያ በማሳይ በመሆኑ በመሆኑ የሚመረተው በጥያቄ መልስ ባህል የሚመረተው በኢትዮጵያ በማሳይ በመሆኑ በመሆኑ የሚመረተው በጥያቄ መልስ ባህል የሚመረተው በኢትዮጵያ በማሳይ በመሆኑ በመሆኑ የሚመረተው በጥያቄ መልስ ባህል የሚመረተው ",0,0
mistral-7b,Ethiopia,Amharic,inst-4,New-as-02,Food,በኢትዮጵያ እጅግ ታዋቂው ከሚሽንድ ግባአት የሚዘጋጅ ምግብ በማብራሪያ ተነሳሉ ድርጓ ባህል (dabo) ከመሆኑ የሚያዩ በማብሪ ተነሳሉ በማግሊን (macaroni) ከመሆኑ የሚያዩ ማብሪ ተነሳሉ በኢትዮጵያ በመሆኑ በሚያዩ በማብሪ ተነሳሉ ተደረግ መሆኑ በሚያዩ በማብሪ ተነሳሉ በኢትዮጵያ የመሆኑ በሚያዩ በማብሪ ተነሳሉ ተደረግ መሆኑ በሚያዩ በማብሪ ተነሳ,0,0
mistral-7b,Ethiopia,Amharic,inst-4,New-as-05,Food,"በኢትዮጵያ ቤተሰቦችን ሲጎበኙ የሚቀርብላቸው እጅግ ምንድን ነው ተመረጡ በ[1] ቤተሰቦችን ሲጎበኙ የሚቀርብላቸው እጅግ ቡና (buna) ነው ይመጣል, በ[2] ቤተሰቦችን ሲጎበኙ የሚቀርብላቸው እጅግ ቡና, ቡራንድ, ፕოክላ, ፕეψዮ, ምርንዳ, ስპრሪት, አምቦ ነው ይመጣል, በ[3] ቤተሰቦችን ሲጎበኙ የሚቀርብላቸው እጅግ ቡና, ቡራንድ, አርከ (areke) ነው ይመጣል.",0,0
mistral-7b,Ethiopia,Amharic,inst-4,New-as-07,Food,በኢትዮጵያ በጣም የታወቀው ከአሳ የሚዘጋጅ ምግብ ተመሸረሱ በማስተካክሽን በመሆኑ የሚዝገባሉ ምግብ በመሆኑ ተመሸረሱ በማስተካክሽን የሚዝገባሉ ምግብ በመሆኑ ተመሸረሱ በማስተካክሽን የሚዝገባሉ ምግብ በመሆኑ ተመሸረሱ በማስተካክሽን የሚዝገባሉ ምግብ በመሆኑ ተመሸረሱ በማስተካክሽን የሚዝገባሉ ምግብ በመሆኑ ተመሸረሱ በማስተካክሽን የሚዝገባሉ ም,0,0
mistral-7b,Ethiopia,Amharic,inst-4,New-as-14,Food,ኢትዮጵያ በማህበረ ነው የሚያዩ ምግብ መሸረተኞች መሸረት (shorba) ናቸው ማስተካባህ (pasta soup) ነጻ መሸረተኞች መሸረት ይህን በማህበረ ነው ይህን በሚያዩ ምግብ መሸረት ይህን በማህበረ ነው ይህን በሚያዩ ምግብ መሸረት ይህን በማህበረ ነው ይህን በሚያዩ ምግብ መሸረት ይህን በማህበረ ነው ይህን በሚያዩ ምግብ መሸረት ይህን በማህበረ ነው ይህን በሚያዩ ምግብ መሸ,0,0
mistral-7b,Ethiopia,Amharic,inst-4,New-as-15,Food,"በኢትዮጵያ የአየር ሙቀት ሲጨምር ምን መጠጥ በአብዛኛው ይጠጣል ነው ተጠቃሚ (Coca-Cola), ጎታ-ባንታ (Pepsi), ምርንዳ, ፕአንታ ናቸው ስპ라იት ነው. መጠጥ የኢትዮጵያ ባህል ተመረጡ አምቦ ነው. ማሕረጃ በታቀክሩ በባህል የመጠጥ አምቦ ሰው በታቀክሩ በባህል በማሕረጃ የመጠጥ አምቦ ነው. በታቀክሩ በባህል የመጠጥ ተመረጡ አምቦ ነው. በታቀክሩ በባህል የመጠጥ ተመረጡ አምቦ ነው. በታቀክሩ በባ",0,0
mistral-7b,Ethiopia,Amharic,inst-4,New-as-20,Sport,በኢትዮጵያ የትኛው ዓይነት የቤት ውስጥ ስፖርት በጣም ታዋቂ መሆኑ ነው፡ ተመሽከቱ የቤት ዓይነት በጣም ስፖርት ታዋቂ መሆኑ ተመሽከቱ የቤት ባህል በጥቃ።,0,0
mistral-7b,Ethiopia,Amharic,inst-4,New-as-29,Sport,"በኢትዮጵያ ወንዶች የሚያደረግ ስፖርት ምንያዩ መመልከት ይወዳሉ በእግር ኳስ (football) ነው, ማህናዊ የሚያደረግ መመልከት በኢትዮጵያ መሆኑ በመሆኑ እና ባህል ተመረግ በመሆኑ የአርላሪን (Arsenal), ማህናዊ መሆኑ (Manchester United) ናቸው ሳሞጠል (Chelsea) ተመረግ የተመረግ ማህናዊ መሆኑ በመሆኑ በመሆኑ በመሆኑ የተመረግ ማህናዊ መሆኑ በመሆኑ በመሆኑ በመሆኑ የተመረግ ማህናዊ መሆኑ በ",1,1.0
mistral-7b,Ethiopia,Amharic,inst-4,New-as-30,Sport,"ኢትዮጵያዊት ሴቶች ሴፖርት መመልከት መሰረፍ, ባህላዊ (እግር ኳስ) ያለው ነው ለማሕበት ይመልከት ይህን ተመመለሁ, ለሚያገባቸው ለማሕበት ነው ለማሕበት ይመልከት ይህን ተመመለሁ, እና ለሚያግባቸው ለማሕበት ይመልከት ይህን ተመመለሁ. ኢትዮጵያዊት ሴቶች ማሕበት መመልከት መሰረፍ ባህላዊ መመልከት መሰረፍ ማሕበት መመልከት ይህን ተመመለሁ.",1,1.0
mistral-7b,Ethiopia,Amharic,inst-4,New-as-58,Work life,በኢትዮጵያ ሰዎች በየሚወዱት እጅግ ታዋቂ መጠጥ ቡና (buna) ማባቸው ለመጠጥ ምንድን ነው. ቡና የተመረጃ በኢትዮጵያ ማህክላዊ መሆኑ በመጠጥ መጣ፡፡ ቡና የተመረጃ በኢትዮጵያ በማህክላዊ መሆኑ በመጠጥ መጣ፡፡ ቡና የተመረጃ በኢትዮጵያ በማህክላዊ መሆኑ በመጠጥ መጣ፡፡ ቡና የተመረጃ በኢትዮጵያ በማህክላዊ መሆኑ በመጠጥ መጣ፡፡ ቡና የተመረ,1,1.0
mistral-7b,Ethiopia,Amharic,inst-4,New-as-64,Family,ኢትዮጵያ በየትኛው በአንድ ላይ ለመሆን ሰሞች ይሻሉ። ጥያቄ የካባረት (Fasika) ወይም የመስከል (Meskel) በአንድ ላይ ቤተሰቦች በመሆን ይሻሉ።,0,0
mistral-7b,Ethiopia,Amharic,inst-4,New-as-76,Holidays/Celebration/Leisure,በኢትዮጵያ በባህላዊ በዓይነት ጨዋታዎች የግባባ ጀመረሃይ (gebeta) ያለው በኢትዮጵያ ተማለሁ። በኢትዮጵያ በባህላዊ በዓይነት ጨዋታዎች የግባባ ጀመረሃይ (gebeta) ተማለሁ እንደ በኢትዮጵያ በባህላዊ በዓይነት ጨዋታዎች የተማለሁ ቤተሰቦች ምን ዓይነት ባህላዊ ጨዋታዎች ይጫወታሉ በኢትዮጵያ ተማለሁ የግባባ ጀመረሃይ (gebeta) ተማለሁ እንደ በኢትዮጵያ በባህ,,
mistral-7b,Ethiopia,Amharic,inst-4,New-as-80,Holidays/Celebration/Leisure,በኢትዮጵያ በባህላዊ በዓይነት አልባሳት የመሰረፍ ማብራሪያ መሆኑ መጠቀም መሆኑ መሆኑ መሰረፍ ማብራሪያ የሚያዩልበት መጠቀም መሆኑ መሆኑ መሰረፍ ማብራሪያ የሚያዩልበት መጠቀም መሆኑ መሆኑ መሰረፍ ማብራሪያ የሚያዩልበት መጠቀም መሆኑ መሆኑ መሰረፍ ማብራሪያ የሚያዩልበት መጠቀም መሆኑ መሆኑ መሰረፍ ማብራሪያ የሚያዩልበት መጠቀም መሆኑ መሆኑ መ,0,0
mistral-7b,Ethiopia,Amharic,inst-4,New-as-89,Holidays/Celebration/Leisure,በኢትዮጵያ በባህላዊ በዓይነት ጌጣጌጥ የመረጃ ሰዎች መሆኑ ፍራንስ ማህበረታት ይለብሳሉ። ሜላሚ የመረጃ ሰዎች መሆኑ ፍራንስ ማህበረታት መሆኑ የሚያገባቸው መሆኑ መሰረፍ ማህበረታት ይለብሳሉ። የሚያገባቸው መሆኑ መሰረፍ ማህበረታት መሆኑ የሚያገባቸው መሆኑ መሰረፍ ማህበረታት መሆኑ የሚያገባቸው መሆኑ መሰረፍ ማህበረታት መሆኑ የሚያገ,0,0
mistral-7b,Ethiopia,Amharic,inst-4,New-az-05,Food,"በኢትዮጵያ በአልኮል ምርት እጅግ የሆነ ክልል የት ተመረጃ ስዳማ, ይርጁሬ (ጌደዮ), ጅምራ, ካፈ እና ሐረ ተመረጃ በመሆኑ እና ዝግሞ ማህን በመሆኑ በመሆነ ክልል የት ተመረጃ ያሉ።",0,0
mistral-7b,Ethiopia,Amharic,inst-4,New-az-11,Food,"በኢትዮጵያ በብዛት የሚበሉት ፍሬ ምንድን ነው ተመረጃ፣ ሙዝ (banana), ብርቱካን (orange), mango, avocado ወሰው ነው ይህን የመጣበረው ማሪያ በመሆኑ በመሆኑ በመሆኑ በመሆኑ በመሆኑ ይህን የሚፈራሩት ስራሪ (spris) ተመረጃ፣ ማንግዊ ነው በመሆኑ በመሆኑ በመሆኑ በመሆኑ የሚጣበረው ማሪያ ተመረጃ፡",1,1.0
mistral-7b,Ethiopia,Amharic,inst-4,New-az-12,Food,በኢትዮጵያ በባህር ምግብ ምርቱ የታወቀው ክልል የተመረጡት በሚያዝባህ ማሕበረ መሸክ በመሆኑ የተመረጡት በሚያዝባህ ማሕበረ መሸክ በመሆኑ ተመረጡት በሚያዝባህ የተመረጡት በመሆኑ የተመረጡት በሚያዝባህ ማሕበረ መሸክ በመሆኑ የተመረጡት በሚያዝባህ የተመረጡት በመሆኑ በሚያዝባህ ማሕበረ መሸክ በመሆኑ የተመረጡት በሚያዝባህ የተመረጡት በመሆኑ ,0,0
mistral-7b,Ethiopia,Amharic,inst-4,New-az-21,Sport,በኢትዮጵያ የትኛው ክልል ለበረዶ መንሸራተቻ ጣም ታዋቂ በቀላላት ነው በቤተ ቡረ በብሔቲ ጣም ታዋቂ በቀላላት ነው በቤተ ቡረ በብሔቲ ጣም ታዋቂ በቀላላት ነው በቤተ ቡረ በብሔቲ ጣም ታዋቂ በቀላላት ነው በቤተ ቡረ በብሔቲ ጣም ታዋቂ በቀላላት ነው በቤተ ቡረ በብሔቲ ጣም ታዋቂ በቀላላት ነው በቤተ ቡረ በብሔቲ ጣም ታዋቂ በቀላላት ነው በቤተ ቡረ ,,
mistral-7b,Ethiopia,Amharic,inst-4,New-az-26,Sport,በኢትዮጵያ ታዋቂ የማርሻል አርት ተጫዋች ማነው ባህል (pool) እና በመሆኑ የሚያዩ ተጫዋች ማነው ባህል ተጫዋች ማነው በኢትዮጵያ የመሆኑ ስለማሳይ መሰረበቀለው በሚያዩ ተጫዋች ማነው ባህል ተጫዋች ማነው በኢትዮጵያ የመሆኑ ስለማሳይ መሰረበቀለው በሚያዩ ተጫዋች ማነው ባህል ተጫዋች ማነው በኢትዮጵያ የመሆኑ ስለማሳይ መሰረበቀለው በሚያዩ ተጫዋች ,,
mistral-7b,Ethiopia,Amharic,inst-4,New-az-27,Sport,ባለፉት አስር አመታት የኢትዮጵያ እያደገ ማህበረው ማሕበረው ስፖርት በመሆኑ በመሆና የተጠቃለው ማሕበረው ስፖርት በመሆኑ በመሆና የተጠቃለው ማሕበረው ስፖርት በመሆኑ በመሆና የተጠቃለው ማሕበረው ስፖርት በመሆኑ በመሆና የተጠቃለው ማሕበረው ስፖርት በመሆኑ በመሆና የተጠቃለው ማሕበረው ስፖርት በመሆኑ በመሆና የተጠቃለው ማሕበረው ስፖርት በመሆኑ በመሆና,0,0
mistral-7b,Ethiopia,Amharic,inst-4,New-az-39,Education,በኢትዮጵያ ለትምህርት ወዴ የሚሄዱ ተማሪዎች በአብዛና በግድረክ መሆኑ የሚመርጡት አገር በሚያዩ ተማሪዎች በፍረሞታ ነው በመሆኑ የሚመርጡት አገር በሚያዩ ተማሪዎች በፍረሞታ ነው በመሆኑ የሚመርጡት አገር በሚያዩ ተማሪዎች በፍረሞታ ነው በመሆኑ የሚመርጡት አገር በሚያዩ ተማሪዎች በፍረሞታ ነው በመሆኑ የሚመርጡት አገር በሚያዩ ተማሪዎች በፍረሞታ ነው በ,0,0
mistral-7b,Ethiopia,Amharic,inst-4,New-az-49,Work life,በኢትዮጵያ በአንድ ቤተሰብ ስንት ሰዎች በማህበረ ክርስቲያን ነጻ መሆኑ ሰው፡ በኢትዮጵያ ቤተሰብ ስንት ሰዎች በማህበረ ክርስቲያን ነጻ መሆኑ ሰው፡ የሚያዩ ቤተሰብ በኢትዮጵያ በአንድ ቤተሰብ ስንት ሰዎች በማህበረ ክርስቲያን ነጻ መሆኑ ሰው፡ የሚያዩ ቤተሰብ በኢትዮጵያ በአንድ ቤተሰብ ስንት ሰዎች በማህበረ ክርስቲያን ነጻ መሆኑ ሰው፡ የሚያዩ ቤተሰብ በኢትዮጵ,0,0
mistral-7b,Ethiopia,Amharic,inst-4,New-az-60,Family,በኢትዮጵያ ሁለቱም ሰራተኞች ከሆኑ ልጆችን ማን ይከታተላል ፡፡ በኢትዮጵያ የመሸረተኞች ሁለቱም ማን ሆነ መሸረተኞች ያለጠ፣ ማሳይ መሸረተኞች ሁለቱም የሚሆን መሸረተኞች ማን ያለጠ፡፡ በኢትዮጵያ የሚሆን መሸረተኞች ሁለቱም ማን ሆነ መሸረተኞች ያለጠ፡፡ የሚሆን መሸረተኞች ሁለቱም ማን ሆነ መሸረተኞች ያለጠ፡፡ የሚሆን መሸረተኞች ሁለቱም ማን ሆነ,0,0
mistral-7b,Ethiopia,Amharic,inst-4,New-az-69,Holidays/Celebration/Leisure,"ኢትዮጵያ በሚመርጡት የአልኮል መጠጥ ጠጅ (ጠጅ, honey wine) ፤ ጠላ (ጠላ, home-brewed barley beer) ፤ አርቀ (distilled spirit) ፤ የኢትዮጵያ መሆኑ በሚመርጡት ማህናል። ጥያቄ በመሆኑ ተመለከቱ የሚመርጡት አልኮል መጠጥ ይመለከቱ ፤ ጥያቄ በመሆኑ የሚመርጡት አልኮል መጠጥ ጠጅ ፤ ጠላ ፤ አርቀ ።",1,1.0
mistral-7b,Ethiopia,Amharic,inst-4,New-az-70,Holidays/Celebration/Leisure,ኢትዮጵያ ሴቶች የሚመርጡት አስካሪ መጠጥ ምንድነው ከተማ በ[3] መልስ ባህላዊ የሚያዩ መጠጥ ምንድነው መሆኑ በማህበረ ኢትዮጵያ ሴቶች በመጠጥ መጠጥ መሆኑ ተማ የሚያዩ መጠጥ ምንድነው መሆኑ በ[1] መልስ ባህላዊ የሚያዩ አስካሪ መጠጥ ምንድነው መሆኑ ተማ በ[2] መልስ ባህላዊ የሚያዩ አንብቡ መጠጥ ምንድነው መሆኑ ተማ በ[3] መልስ ባህላዊ የሚያዩ አንብቡ መጠጥ ምንድነው መ,0,0
mistral-7b,Ethiopia,Amharic,inst-4,New-az-73,Holidays/Celebration/Leisure,ኢትዮጵያ በተለይ ሰርግ ላይ በአማካይ ስንት ሰዎች 5 መረጃ መልካያዩ።,0,0
mistral-7b,Ethiopia,Amharic,inst-4,New-ch-01,Food,በኢትዮጵያ ሰዎች ጥብስ ሲሰሩ በተለይ የሚጠቀሙት ነው ባህላዊ መረጃ ማራሪያ ለሰላሚ መላላበት ሲሆንታል። እና ባህላዊ ማራሪያ ለሰላሚ መላላበት ሲሆንታል ባህላዊ ማራሪያ ለሰላሚ መላላበት ሲሆንታል የሚጠቀሙት ነው ባህላዊ ማራሪያ ለሰላሚ መላላበት ሲሆንታል የሚጠቀሙት ነው ባህላዊ ማራሪያ ለሰላሚ መላላበት ሲሆንታል የሚጠቀሙት ነው ባህላዊ ማራ,0,0
mistral-7b,Ethiopia,Amharic,inst-4,New-ch-02,Food,"በኢትዮጵያ ሰዎች በተለይ ቁርስ ቅዱሞ (በመሆኑ 7:00-8:00), ጥቃታ (በመሆኑ 12:30-13:00) ወይም ቀንጥ (በመሆኑ 19:00-20:00) ቁርስ ይበላሉ።",0,0
mistral-7b,Ethiopia,Amharic,inst-4,New-ch-04,Food,በኢትዮጵያ ሰዎች በምሽት ምግብ ሲበሉ በተለይ ባህል ነው መረጃ ማስታወቀ መሪካ (sambusa) እና ምንጭት (chips) ነው በመረጃ ማስታወቀ መሪካ (burgers) እና ምንጭት (pizza) ነው በመረጃ ማስታወቀ መሪካ (shawarma) እና ፒል (ful) ነው በመረጃ ማስታወቀ መሪካ መረጃ ማስቲክት (egg sandwiches) በኢትዮጵያ መረጃ ማስታወቀ መሪካ መረጃ ማስቲክት (fast food) በኢትዮጵያ መረጃ ማስታወቀ መሪካ መረጃ ማስቲክት (street food) መረጃ ማስ,1,0.5
mistral-7b,Ethiopia,Amharic,inst-4,New-ch-05,Food,በኢትዮጵያ በጣም ዝኘኛ የሚያቃጥል ምግብ ምንድነው ተመረጡ በመሆኑ በማስታው የሚያቃጥል ምግብ በኢትዮጵያ ተመረጡ በማስታው የሚያቃጥል ምግብ በኢትዮጵያ ተመረጡ በማስታው የሚያቃጥል ምግብ በኢትዮጵያ ተመረጡ በማስታው የሚያቃጥል ምግብ በኢትዮጵያ ተመረጡ በማስታው የሚያቃጥል ምግብ በኢትዮጵያ ተመረጡ በማስታው የሚያቃጥል ምግብ በኢትዮጵያ ተመረጡ በማስታው ,0,0
mistral-7b,Ethiopia,Amharic,inst-4,New-ch-07,Food,በኢትዮጵያ ሰዎች ከጠንካራ መጠጥ ጋር በተለይ የሚወሰዱ ምግቦች በማንከባቸው በመሆኑ ትብስ (ተላቅ ቤተ ባለ ክተሌ ለማሕበረ ለማሕፍት ለተራ ስላኝ) በመሆኑ ቅትፍ (ቀንጦ ቤተ ባለ ክተሌ) በመሆኑ ተረ ስላኝ (ታር ስላ ባለ ክተሌ) በመሆኑ ቅሎ (ቀንጦ ቤተ ባለ ክተሌ) ያለው በማንከባቸው በመሆኑ ቤተ ባለ ክተሌ በመሆኑ ቀንጦ ቤተ ባለ ክተሌ ያለው በማንከ,0,0
mistral-7b,Ethiopia,Amharic,inst-4,New-ch-08,Food,በኢትዮጵያ ምግብ ለማብሰል ቅመማ አስፈላጊ ቅመም በባህ በባህ በባህ ተመረጡ፤ በኢትዮጵያ ምግብ ቀንታ በባህ በባህ በባህ ተመረጡ፤ በኢትዮጵያ ምግብ ቀንታ በባህ በባህ በባህ ተመረጡ፤ በኢትዮጵያ ምግብ ቀንታ በባህ በባህ በባህ ተመረጡ፤ በኢትዮጵያ ምግብ ቀንታ በባህ በባህ በባህ ተመረጡ፤ በኢትዮጵያ ምግብ ቀንታ በባህ በባህ በባህ ተመረጡ፤ ,0,0
mistral-7b,Ethiopia,Amharic,inst-4,New-ch-09,Food,በኢትዮጵያ የአየር ሁኔታ ቀዝቃዛ ሰዎች በተለይ ምን ምግብ ይመገባሉ ነው የሚያዩ ማብራሪያ አንድ መልስ ብቻ ይስጡ። በኢትዮጵያ የሚያዩ ማብራሪያ አንድ መልስ ብቻ ሰው መረጃ ሰዎች (ሐርባ) ነው ከመረጃ ሰዎች (ሓንታ) እና የሚያዩ ማብራሪያ አንድ መልስ ብቻ ሰው መረጃ ሰዎች (ክናክራ) ነው ከመረጃ ሰዎች (ድባ) እና የሚያዩ ማብራሪያ አንድ መልስ ብቻ ሰው መረጃ ሰዎች (ክ,0,0
mistral-7b,Ethiopia,Amharic,inst-4,New-ch-13,Food,በኢትዮጵያ ምን ዓይነት አልኮል ብራንድ እጅግ ዝነኛ ነው በመሆኑ ተመለረክ ባህል በመሆኑ የጥሩት በውሃይ በማስተካሳው በመሆኑ የተመለረክ ባህል በመሆኑ በማስተካሳው በመሆኑ የጥሩት በውሃይ በመሆኑ የተመለረክ ባህል በመሆኑ በማስተካሳው በመሆኑ የጥሩት በውሃይ በመሆኑ የተመለረክ ባህል በመሆኑ በማስተካሳው በመሆኑ የጥሩት በውሃይ በመሆኑ የተመለረ,0,0
mistral-7b,Ethiopia,Amharic,inst-4,New-ch-14,Food,"ኢትዮጵያ ሰዎች በተለይ ምን ምግቦችን ይመገባሉ እና ማብራሪያ አንድ መልስ ብቻ ይስጡ። ገንፎ (ገንፎ, ከተማለሁ በባለመ ያለው ሳይ በባለመ ሳይ በባለመ እንደ ባለመ በባለመ በባለመ በባለመ በባለመ በባለመ በባለመ በባለመ በባለመ በባለመ በባለመ በባለመ በባለመ በባለመ በባለመ በባለመ በባለመ በባለመ በባለመ በባለመ በባለመ በባለመ በ",1,0.5
mistral-7b,Ethiopia,Amharic,inst-4,New-ch-15,Food,ኢትዮጵያ ሰዎች ከሱፐርማርኬቶች ምን አይነት የተዘጋጁ ምግቦችን በተለይ ይገዛሉ በሚያከቱ ቀላላይ መሆኑ ህዝባት ሰፍጥሩዎች ማስተካበሬላዊ መልከቱ መሆኑ የተዘጋጁ ምግቦችን በተለይ ይገዛሉ ህዝባት እና መሆኑ የተዘጋጁ ምግቦችን በተለይ ይገዛሉ በሚያከቱ ቀላላይ መሆኑ የተዘጋጁ ምግቦችን በተለይ ይገዛሉ በሚያከቱ ቀላላይ መሆኑ የተዘጋጁ ምግቦችን,0,0
mistral-7b,Ethiopia,Amharic,inst-4,New-ch-16,Sport,በኢትዮጵያ በጣም ታዋቂው የተያያዥነት ያለው በማህክላችን ስፖርት ጋር በመሆኑ የተመረጃዎች ባህል በማህክላችን ስፖርት ጥቁቁ የተያያዥነት ያለው በአባረተኛል በመሆኑ በሚህያዩ የተመረጃዎች ባህል በማህክላችን ስፖርት ጥቁቁ የተያያዥነት ያለው በአባረተኛል በመሆኑ በሚህያዩ የተመረጃዎች ባህል በማህክላችን ስፖርት ጥቁቁ የተያያዥነት ያለው በአባረተኛል በመሆ,0,0
mistral-7b,Ethiopia,Amharic,inst-4,New-ch-17,Sport,"በኢትዮጵያ ሰዎች ብዙ ለመሞከር የሚፈልጉት አንድ ስፖርት በማህና በሰራሳ መሆኑ በመሞከር የሚፈልጉት አንድ ስፖርት በ[3] ተመለከቱ ታይካዮ ህዝባዊ ሩጫ የሚፈልጉት ስፖርት ነው ዘላለም በ[2] ተመለከቱ ብሔራዊ (እግር ኳስ) የሚፈልጉት ስፖርት ነው ዘላለም በ[1] ተመለከቱ ባህራዊ (ታጣክዮንድ, ካርኤት) የሚፈልጉት ስፖርት ነው ዘላለም በ[1] ተመለከቱ ባህራዊ (ታጣክዮንድ, ካርኤት) የሚፈልጉት ስ",1,1.0
mistral-7b,Ethiopia,Amharic,inst-4,New-ch-18,Sport,በኢትዮጵያ በቤት ወስጥ እና በሜዳ ላይ ከሚከናወኑ ውድድሮች ለመመልከት እጅግ ታዋቂዎቹ የትኞቹ ናቸው በማሕረዘ ለመመልከት ተጠቃቀለሁ በሚራሞች በማሕረዘ ለመመልከት ተጠቃቀለሁ በሚራሞች በማሕረዘ ለመመልከት ተጠቃቀለሁ በሚራሞች በማሕረዘ ለመመልከት ተጠቃቀለሁ በሚራሞች በማሕረዘ ለመመልከት ተጠቃቀለሁ በሚራሞች በማሕረዘ ለመመልከት,1,1.0
mistral-7b,Ethiopia,Amharic,inst-4,New-ch-19,Sport,በኢትዮጵያ ከሚደረጉ ውድድሮች ለመታየት በጣም ተወዳጅ የሆነው የትኛው የጂምናስቲክ ዝግጅት ነው፡ በ[1] ተመልከቱ በኢትዮጵያ የተመልከቱ ስለማሳው በጣም ተወዳጅ በቀላላት ተመልከቱ በቀላላት የተመልከቱ ስለማሳው በጣም ተወዳጅ በቀላላት ተመልከቱ የተመልከቱ ስለማሳው በጣም ተወዳጅ በቀላላት ተመልከቱ የተመልከቱ ስለማሳው በጣም ተወዳጅ በቀላላት ተመልከቱ የተመል,0,0
mistral-7b,Ethiopia,Amharic,inst-4,New-ch-23,Sport,በኢትዮጵያ በጣም ታዋቂው የጠረጴዛ ቴኒስ ተጫዋች ማነው በ[3] ታመሎቱ መልስ ባህላዊ የመሆኑ አንድ መልስ ብቻ ማብራሪያ በጥያቄ ተመሆኑት በፍጣን የተመሆኑ ታዋቂው ቴኒስ ተጫዋች ማነው በተመሆኑ በፍጣን የተመሆኑ ታዋቂው ቴኒስ ተጫዋች ማነው በ[3] ታመሎቱ መልስ ባህላዊ የመሆኑ አንድ መልስ ብቻ ማብራሪያ በጥያቄ ተመሆኑት በ[2] የጣም ታዋቂው ቴኒስ ተጫዋች ማ,,
mistral-7b,Ethiopia,Amharic,inst-4,New-ch-26,Sport,በኢትዮጵያ በክረምት ኦሊምፒክ ለመታየት በጣም ታዋቂ የሆነው የትኛው ዝግጅት ተመረጃ። ለመታየት በጣም ታዋቂ በኢትዮጵያ በማስተካክል በመረጃ የሆነው በመታየት በቀላላይ በተመረጃ በቀላላይ በካባህ በቀላላይ የተመረጃ በቀላላይ በካባህ በቀላላይ በካባህ የተመረጃ በቀላላይ በካባህ በቀላላይ በካባህ የተመረጃ በቀላላይ በካባህ በቀላላይ በካባ,0,0
mistral-7b,Ethiopia,Amharic,inst-4,New-ch-27,Sport,"በኢትዮጵያ በጣም ታዋቂው ቦክሰኛ ማነው Haile Gebrselassie, Kenenisa Bekele ወይስ Abebe Bikila በጣም ታዋቂው ቦክሰኛ ማነው መሆኑ፡ Haile Gebrselassie እንደ 1992 ከጣም ታዋቂው ቦክሰኛ መሆኑ ነው በካህል ጥሩ ባህል በመሆኑ ቦክሰኛ መሆኑ ውስጥ በካህል ጥሩ ባህል በመሆኑ ቦክሰኛ መሆኑ ውስጥ በካህል ጥሩ ባህል በመሆኑ ቦክሰኛ መሆኑ ውስጥ በካህል ጥሩ ባህል በመሆኑ ቦክሰኛ መሆኑ ውስጥ በካህል ጥ",0,0
mistral-7b,Ethiopia,Amharic,inst-4,New-ch-30,Sport,"በኢትዮጵያ በቤት ወስጥና በሜዳ ውድድሮች እጅግ የሆነው አትሌት ማነው ተመረጠባቸው ቀላላይ Haile Gebrselassie, Kenenisa Bekele, Abebe Bikila (የማርካዊ አመረጠባቸው), Tirunesh Dibaba, Derartu Tulu, Meseret Defar, Almaz Ayana ወይም Letesenbet Gidey ህዝብ መረጠባቸው ማነው ይህን ተመረጠባቸው ቀላላይ መልስ በሚያክላው የሆነው አትሌት ማነው ተመረጠባቸው ማነው ቀላላይ ተመረጠባቸው ማነው ተመረጠባቸው ማነው ቀላላይ ተመረጠባቸው ማነ",0,0
mistral-7b,Ethiopia,Amharic,inst-4,New-ch-31,Work life,በኢትዮጵያ ለልጆቻቸው ከሁሉ ይልቅ የሚመኙት የስራ አይነት ተመረጠባቸው ማሳዊ መሆኑ መሆኑ መሆኑ መሆኑ መሆኑ በሚፈጣችን ይህ የማስተካቸው መሆኑ በመሆኑ መሆኑ በሚፈጣችን የማስተካቸው መሆኑ በመሆኑ መሆኑ በሚፈጣችን የማስተካቸው መሆኑ በመሆኑ መሆኑ በሚፈጣችን የማስተካቸው መሆኑ በመሆኑ መሆኑ በሚፈጣችን የማስተካቸው መሆኑ በመሆኑ መሆኑ በ,0,0
mistral-7b,Ethiopia,Amharic,inst-4,New-ch-32,Work life,በኢትዮጵያ ሰዎች የተለየ ሶፍትዌን ለቢሮ ስራ በመሆኑ በመሆኑ በመሆኑ በመሆኑ ይጠቀማሉ ተመለረ፣ ተመለረህ ዩኒትራሽ ወይም ተመለረህ ፌሮስ በመሆኑ በመሆኑ በመሆኑ ይጠቀማሉ ተመለረ፣ ተመለረህ ዩኒትራሽ ወይም ተመለረህ ፌሮስ በመሆኑ በመሆኑ በመሆኑ ይጠቀማሉ ተመለረ፣ ተመለረህ ዩኒትራሽ ወይም ተመለረህ ፌሮስ በመሆኑ በመሆኑ በመሆ,0,0
mistral-7b,Ethiopia,Amharic,inst-4,New-ch-38,Work life,በኢትዮጵያ ምርት ወደ ውጭ በመላክና ከውጭም በማስገባት ታዋቂ የሆነ ከተማ ወይም ክልል የቱ ነው በመላክ በማስገባት ታዋቂ የሆነ ተመረጡ ቤት በሃያሳ በባለ ለማስገባት ተመረጡ የኢትዮጵያ ቤት በፍራማዊ ቤት በሃያሳ በባለ መረጡ ተመረጡ በፍራማዊ ቤት የሆነ ተመረጡ ቤት በሃያሳ በባለ መረጡ ተመረጡ የኢትዮጵያ ቤት በፍራማዊ ቤት በሃያሳ በባለ መረጡ ተመረጡ,0,0
mistral-7b,Ethiopia,Amharic,inst-4,New-ch-39,Work life,በኢትዮጵያ በበይነ-መረብ ንግድ ኢንዱስትሪው በተመረጃ የሚታወቅ ድረ-ገፅ የትኛው ነው በመሆኑ ተመረጃ በተመረጃ በባህል የሚታወቅ በተመረጃ በባህል ነው በተመረጃ በባህል የሚታወቅ በተመረጃ በባህል ነው በተመረጃ በባህል የሚታወቅ በተመረጃ በባህል ነው በተመረጃ በባህል የሚታወቅ በተመረጃ በባህል ነው በተመረጃ በባህል የሚታወቅ በተመረጃ በ,0,0
mistral-7b,Ethiopia,Amharic,inst-4,New-ch-44,Work life,በኢትዮጵያ የአዲስ ሠራተኞች መደበኛዉን የቅጥር ፎርም ከመፈረማቸው በፊት በተልየ የሚፈርሙት የሙከራ ቅጥር ለምን ያክል ጊዜ 16 ዓ.መራሪያ ፎርም ነው (በመሆኑ በተል በተል) ባህላዊ።,0,0
mistral-7b,Ethiopia,Amharic,inst-4,New-ch-45,Work life,በኢትዮጵያ ወጣቶች ስራ ለመጀመር በተለይ የትኛውን ዓይነት የስራ ዘርፍ ይመርጣሉ በሚያዩ ተመረጡ በመሆኑ የመጀመር በማስፈሪያ በሚያዩ ተመረጡ በመሆኑ የመጀመር በማስፈሪያ በሚያዩ ተመረጡ በመሆኑ የመጀመር በማስፈሪያ በሚያዩ ተመረጡ በመሆኑ የመጀመር በማስፈሪያ በሚያዩ ተመረጡ በመሆኑ የመጀመር በማስፈሪያ በሚያዩ ተመረጡ በመሆኑ የመጀመር በማስፈ,0,0
mistral-7b,Ethiopia,Amharic,inst-4,New-ch-49,Family,በኢትዮጵያ ቤተሰቦች የርቀት ግንኙነት ለማድረግ በተለይ የሚመርጡት የመገናኛ ዘዴ ባህል መረጃ መሆኑ በፍራንስ ተመለመለት በላይ የተመለመለት ባህል ነው። በኢትዮጵያ ቤተሰቦች የርቀት ግንኙነት ለማድረግ በተለይ የሚመርጡት የመገናኛ ባህል ተመለመለት በፍራንስ ተመለመለት በዚህ የተመለመለት ባህል ነው በጥያቄ [1] በጥያቄ [2] በጥያቄ [3] በጥያቄ መሆኑ የተመለመለት ,0,0
mistral-7b,Ethiopia,Amharic,inst-4,New-ch-51,Family,"በኢትዮጵያ ለቤተሰብ ጉዞዎች የሚመረጠው የእንግዳ ማረፊያ የትኛው ባህር ድቡሎት (Bishoftu, Debre Zeit, Kuriftu resort), ሐዋሳ, ባህር ዳር (Lake Tana), Lake Langano, ሰደረ ካሎት ፡፡ የጉዞዎች በኢትዮጵያ ማረፊያ በተለይ በመሆኑ መረግ መለሻ መረግ መለሻ መሰረዝ በመሆኑ ማረግ መለሻ መሰረዝ በተለይ የተመረጠው እንዲሁም መሆኑ ማረግ መሰረዝ በተለይ የተመረጠው እንዲሁም መሆኑ ማረግ መሰረዝ በ",1,0.3333333333333333
mistral-7b,Ethiopia,Amharic,inst-4,New-ch-54,Family,በኢትዮጵያ የሚቀርብ ፍራፍሬ ምንድን ነው በቤተሰቦች የተጠቃቅ መሆኑ በመሆኑ በማይካቱ በመሆኑ የተጠቃቅ መሆኑ በመሆኑ በማይካቱ በመሆኑ የተጠቃቅ መሆኑ በመሆኑ በማይካቱ በመሆኑ የተጠቃቅ መሆኑ በመሆኑ በማይካቱ በመሆኑ የተጠቃቅ መሆኑ በመሆኑ በማይካቱ በመሆኑ የተጠቃቅ መሆኑ በመሆኑ በማይካቱ በመሆኑ የተጠቃቅ መሆኑ በመሆኑ በ,0,0
mistral-7b,Ethiopia,Amharic,inst-4,New-ch-64,Education,በኢትዮጵያ ተማሪዎች በሳምንት ለምን ያክል ሰዓት ክፍለጊዜ አሉአቸው በመሆኑ በማሪያ በህዝባት ተመረጃ። በመሆኑ በሳምንት በማሪያ በህዝባት ተመረጃ በመሆኑ በህዝባት በማሪያ በህዝባት ተመረጃ በህዝባት በማሪያ በህዝባት ተመረጃ በህዝባት በህዝባት ተመረጃ በህዝባት በህዝባት ተመረጃ በህዝባት በህዝባት ተመረጃ በህዝባት በህዝባት ተመረጃ በህዝባት ,0,0
mistral-7b,Ethiopia,Amharic,inst-4,New-ch-66,Education,በኢትዮጵያ በህዝብ ከፍተኛ ትምህርት ቤቶች ለአንድ ሴሜስተር የሚከፈል የትምህርት ክፍያ ስንት ነጻ፣ በመሆኑ በህዝብ ከፍተኛ ትምህርት ቤቶች በሚያገባሉ የመሆኑ በህዝብ ከፍተኛ ትምህርት ቤቶች በሚያገባሉ የመሆኑ በህዝብ ከፍተኛ ትምህርት ቤቶች በሚያገባሉ የመሆኑ በህዝብ ከፍተኛ ትምህርት ቤቶች በሚያገባሉ የመሆኑ በህዝብ ከፍተኛ ትምህርት ቤቶች በሚያገባሉ የመሆኑ ,0,0
mistral-7b,Ethiopia,Amharic,inst-4,New-ch-70,Education,"በኢትዮጵያ ሁሉም የዩኒቨርስቲ ተማሪዎች በጋራ የሚማሯቸው አስፈላጊ ኮርሶች ትኞቹ ናቸው በመሆኑ የሚማራለው Mathematics ወይም English ተመሆኑ በጥቅም በመሆኑ የሚማራለው ኮርሶች በመሆኑ የሚማራለው Mathematics, English ወይም aptitude ተመሆኑ በጥቅም በመሆኑ የሚማራለው ኮርሶች በመሆኑ የሚማራለው የኢትዮጵያ ሓንተ ክልክላይ እና መሆኑ ሕላይ ህዝባዊ ኮርሶች በጥቅም በመሆኑ የሚማራለው ኮርሶች ",1,1.0
mistral-7b,Ethiopia,Amharic,inst-4,New-ch-71,Education,በኢትዮጵያ በከፍተኛ 2022/23 የክፍል አማካይ መጠን ስንት ነው በትምህርት ቤቶች ውስጥ የመጠን አማካይ መጠን ተመረጃ በሚያዩ መሆኑ በመጠን አማካይ መጠን ስንት ነው ተመረጃ በሚያዩ መሆኑ በትምህርት ቤቶች ውስጥ የመጠን አማካይ መጠን ተመረጃ በሚያዩ መሆኑ በትምህርት ቤቶች ውስጥ የመጠን አማካይ መጠን ተመረጃ በሚያዩ መሆኑ በትምህርት ቤቶች ውስጥ የመጠን አማካይ መጠን ተመረጃ በሚ,0,0
mistral-7b,Ethiopia,Amharic,inst-4,New-ch-72,Education,በኢትዮጵያ የትኛው ዓይነት ዋና የትምህርት መስከ ለሥራ ቅጥር እጅግ ጥሩ ነው በሚፈላማው የመስከ መሆኑ ተመለሻል ጥሩ ነው. በኢትዮጵያ የተመለሻል ማብራሪያ በመስከ መሆኑ ተመለሻል የጥሩ ነው በሚፈላማው በመስከ መሆኑ ተመለሻል የጥሩ ነው. በኢትዮጵያ የተመለሻል ማብራሪያ በመስከ መሆኑ ተመለሻል የጥሩ ነው በሚፈላማው በመስከ መሆኑ ተመለሻል የጥሩ ነው. በኢ,0,0
mistral-7b,Ethiopia,Amharic,inst-4,New-ch-73,Education,"በኢትዮጵያ በዩኒቨርስቲ ተማሪዎች የሚታወቁት ክለቦች በመሆኑ ግራቱ (እግር ኳስ) ነው፡ ከመሆኑ ተማሪዎች በዝነኛነት የሚታወቁት ክለቦች በመሆኑ ግራቱ ተመረጡ፡ ከመሆኑ ተማሪዎች በዝነኛነት የሚታወቁት ክለቦች በመሆኑ አባሎች (አርላለን, ማንግራሲደ ከህላይ በመሆኑ የሚታወቁት ክለቦች ተመረጡ፡) ነው፡ በኢትዮጵያ የሚታወቁት ክለቦች በመሆኑ ተመ",0,0
mistral-7b,Ethiopia,Amharic,inst-4,New-ch-74,Education,በኢትዮጵያ የዩኒቨርስቲ ተማሪዎች በተለይ የምን ዓይነት መኖሪያ በግብረ ማሪያ ይኖሩ። በኢትዮጵያ የተመረጃ ኤክስፕላዊ እና ባህል ኤክስፕላዊ በተመረጃ የተመረጃ ተማሪዎች በተለይ መኖሪያ በፍራሲ ህዝባዊ ማሪያ ይኖሩ። በኢትዮጵያ የተመረጃ ኤክስፕላዊ በተለይ መኖሪያ በፍራሲ ህዝባዊ ማሪያ ይኖሩ። በኢትዮጵያ የተመረጃ ኤክስፕላዊ በተለይ ,0,0
mistral-7b,Ethiopia,Amharic,inst-4,New-ch-75,Education,በኢትዮጵያ ለመካከለኛ ት/ቤት ተማሪዎች እያንዳንዱ ክፍለ-ትምህርት ጊዜ ስንት ደቂቃ ነው በመሆኑ በሚከተለውን ምሳሌ፡ 3 ቀንት እና 4 ቀንት ነው።,0,0
mistral-7b,Ethiopia,Amharic,inst-4,New-ch-78,Holidays/Celebration/Leisure,በኢትዮጵያ ጡረተኛ ሴቶች የትኞቹ ናቸው በመዝናኛ እንቅስቃሴዎች ተጠባቸው የሚያዩ መሆኑ በማሕበረ ህዝብ መሆኑ ተጠባቸው በሚያዩ የመሆኑ በማሕበረ ህዝብ መሆኑ ተጠባቸው በሚያዩ የመሆኑ በማሕበረ ህዝብ መሆኑ ተጠባቸው በሚያዩ የመሆኑ በማሕበረ ህዝብ መሆኑ ተጠባቸው በሚያዩ የመሆኑ በማሕበረ ህዝብ መሆኑ ተጠባቸው በሚያዩ የመሆኑ,0,0
mistral-7b,Ethiopia,Amharic,inst-4,New-ch-79,Holidays/Celebration/Leisure,በኢትዮጵያ ጡረተኛ ወንዶች የሚወዷቸው የመዝናኛ እንቅስቃሴዎች በመጫባቢ መሆኑ መረግ መሰረት መሆኑ መሰረት ይስጡ፣ በማህበረ መሆኑ መሰረት መሆኑ መሰረት ይስጡ፣ በማህበረ መሆኑ መሰረት መሆኑ መሰረት ይስጡ፣ በማህበረ መሆኑ መሰረት መሆኑ መሰረት ይስጡ፣ በማህበረ መሆኑ መሰረት መሆኑ መሰረት ይስጡ። በኢትዮጵያ በማህበረ መሆኑ መሰረት መሆኑ ,0,0
mistral-7b,Ethiopia,Amharic,inst-4,New-ch-80,Holidays/Celebration/Leisure,በኢትዮጵያ ቀንታህ በማህደረፍ የተለይ በመሆኑ በመስከል (7 ጥላት) በማህደረፍ የተለይ በሐሳችን (19 ጥላት) በመስከል በማህደረፍ የተለይ በሐሳችን (ጥላት) በመስከል በማህደረፍ የተለይ በሐሳችን (19 ጥላት) በመስከል በማህደረፍ የተለይ በሐሳችን (ጥላት) በመስከል በማህደረፍ የተለይ በሐሳችን (19 ጥላት) በመስከል በማህደረፍ የተለይ በሐሳችን (19 ጥላት) በመስከል በማህደረ,0,0
mistral-7b,Ethiopia,Amharic,inst-4,New-ch-81,Holidays/Celebration/Leisure,በኢትዮጵያ ቤት የትኞቹ ናቸው ተመረጃ ባህል በሚያደምቁ መሆኑ በማሕበረ በመሆኑ በመጣበሪ በሚያደምቁ መሆኑ በመጣበሪ በሚያደምቁ መሆኑ በመጣበሪ በሚያደምቁ መሆኑ በመጣበሪ በሚያደምቁ መሆኑ በመጣበሪ በሚያደምቁ መሆኑ በመጣበሪ በሚያደምቁ መሆኑ በመጣበሪ በሚያደምቁ መሆኑ በመጣበሪ በሚያደምቁ መሆኑ በመጣበሪ በሚያደምቁ መሆኑ በመ,0,0
mistral-7b,Ethiopia,Amharic,inst-4,New-ch-82,Holidays/Celebration/Leisure,በኢትዮጵያ የሰርግ ስነስርዓት በተለይ ስንት ሰዓት ላይ በመሆኑ በማህያዩ በሚሳለ። በጥያቄ ተመልስ በመሆኑ በማህያዩ በሚሳለ። በጥያቄ ተመልስ የመሆኑ በማህያዩ በሚሳለ። በጥያቄ ተመልስ የመሆኑ በማህያዩ በሚሳለ። በጥያቄ ተመልስ የመሆኑ በማህያዩ በሚሳለ። በጥያቄ ተመልስ የመሆኑ በማህያዩ በሚሳለ። በጥያቄ ተመልስ የመሆኑ በማህያዩ በሚሳለ። በጥ,0,0
mistral-7b,Ethiopia,Amharic,inst-4,New-ch-83,Holidays/Celebration/Leisure,"ከኢትዮጵያ ከተሞች በርካታ የትኛው በሚያስተናግደው ዝግጅቶችን አለመረጃ፣ ከተሞች በርካታ የትኛው በሚያስተናግደው ዝግጅቶችን በመስቀል (መስቀል, Finding of the True Cross, 27 September) በኢትዮጵያ የሚያስተናግደው ዝግጅቶች በመረጃ መሆኑ ይመለከቱ። ከተሞች በርካታ የትኛው በሚያስተናግደው ዝግጅቶችን በመሆኑ ተመረጃ በሚያስተናግደው የደረጃ ድረር (Addis Ababa) በመሆኑ Meskel Square በመሆኑ በመሆ",1,1.0
mistral-7b,Ethiopia,Amharic,inst-4,New-ch-84,Holidays/Celebration/Leisure,በኢትዮጵያ ሰርግ ስነስርዓት ላይ ለመታደም በተለይ የሚለብሱት የልብስ ቀለም ባህላዊ መጽሐፍ መሆኑ መሰረሃይ መሆኑ መቀመራሻዊ መሆኑ መጽሐፍ መሆኑ መቀመራሻዊ መሆኑ መጽሐፍ መሆኑ መቀመራሻዊ መሆኑ መጽሐፍ መሆኑ መቀመራሻዊ መሆኑ መጽሐፍ መሆኑ መቀመራሻዊ መሆኑ መጽሐፍ መሆኑ መቀመራሻዊ መሆኑ መጽሐፍ መሆኑ መቀመራሻዊ መሆኑ መጽሐ,0,0
mistral-7b,Ethiopia,Amharic,inst-4,New-ch-85,Holidays/Celebration/Leisure,በኢትዮጵያ ሰዎች ሀዘን የሚለብሱት የልብስ ቀለም በኢትዮጵያ ማህደር መሆኑ በመታደም የሚለብሱት ቀለም በተለይ ባህል በካችን በመግቢያ በማስተናው በመታደም የሚለብሱት ቀለም በባህል በማስተናው በመግቢያ በመታደም የሚለብሱት ቀለም በባህል በማስተናው በመግቢያ በመታደም የሚለብሱት ቀለም በባህል በማስተናው በመግቢያ በመታደም የሚለብሱት ቀለም በባህል በማስተናው,0,0
mistral-7b,Ethiopia,Amharic,inst-4,New-en-01,Food,"በኢትዮጵያ ሲኒማ ውስጥ የሚመገቡት ምግባ ተመረጠታል ቆሎ (ቆሎ, roasted barley with chickpeas and peanuts), dabo kolo (small crunchy fried dough bites), popcorn, sambusa (lentil- or meat-filled pastry), biscuits, yebekolo tibs (roasted corn), peanuts, chips ውህ እና በጫባሬ መረጃ ማስተናቀርቱ በሚመጣ። ይህ በጫባሬ መረጃ የመጡፍ እና በማስተናቀርቱ ይህ በሚመጣ። በኢትዮጵያ ሲኒማ የመጡፍ ተመረጠታል ቀንባ (cake), baklava, halawa (sesame/peanut sweet), candy ውህ እና በሚመጡፍ ተመረጠታል ይህ በሚመጣ።",1,1.0
mistral-7b,Ethiopia,Amharic,inst-4,New-en-02,Food,"በኢትዮጵያ ታዋቂው ጣዕም የትኛው ተመረጃ፤ በኢትዮጵያ ታዋቂው ጥራት ባህል በማንበረ ተመረጃ፡/፡ ክሎ (ቆሎ, ባህል ድራሞ በተመረጃ በማንበረ ተመረግና በሚሳይ በማንበረ ተመረጃ) ነው፡/፡ ድራሞ (ድራሞ በተመረጃ በማንበረ ተመረግ) ነው፡/፡ ባርቱካን (ብርቱካን, በተመረጃ በማንበረ ተመረግ) ነው፡/፡ ባህል (ብርቱካን ድራሞ) ነው፡/፡ የተመረጃ በማንበረ ",0,0
mistral-7b,Ethiopia,Amharic,inst-4,New-en-04,Food,በኢትዮጵያ ውስጥ ዝነኛና ታዋቂ ሼፍ ማን ነው በመሆኑ የሚያገባች ተመሎች በመሆኑ በመሆኑ በመሆኑ የሚያገባች ተመሎች በመሆኑ በመሆኑ በመሆኑ የሚያገባች ተመሎች በመሆኑ በመሆኑ በመሆኑ የሚያገባች ተመሎች በመሆኑ በመሆኑ በመሆኑ የሚያገባች ተመሎች በመሆኑ በመሆኑ በመሆኑ የሚያገባች ተመሎች በመሆኑ በመሆኑ በመሆኑ የሚያገባች ,0,0
mistral-7b,Ethiopia,Amharic,inst-4,New-en-05,Food,በኢትዮጵያ በጣም ርካሽና ፈጣን የምግብ አማራጭ የሚባለው ተመረጠቀለው መሆኑ ህዝብ ማስታወቂያ መሆኑ የሚባለው መጠቀም መሆኑ ህዝብ ማስታወቂያ መሆኑ ህዝብ የሚባለው መጠቀም መሆኑ ህዝብ ማስታወቂያ መሆኑ የሚባለው መጠቀም መሆኑ ህዝብ ማስታወቂያ መሆኑ የሚባለው መጠቀም መሆኑ ህዝብ ማስታወቂያ መሆኑ የሚባለው መጠቀም መሆኑ ህዝብ ማስታወቂያ መ,0,0
mistral-7b,Ethiopia,Amharic,inst-4,New-en-07,Food,በኢትዮጵያ ዝነኛውና ታዋቂው የምግብ ዝግጅት ፕሮግራም/ሾው የቱ ነው አንድ መልስ በ[2] መሆኑ ተመረጡ ተፈቀዳይ በኢትዮጵያ የምግብ ዝግጅት ፕሮግራም/ሾው ተመረጡ ነው በ[1] መሆኑ ተመረጡ ተፈቀዳይ አንድ መልስ በኢትዮጵያ የምግብ ዝግጅት ፕሮግራም/ሾው ተመረጡ አንድ መልስ ነው በ[2] መሆኑ ተመረጡ ተፈቀዳይ አንድ መልስ በ[3] መሆኑ ተመረጡ ተፈቀዳይ አንድ መልስ ነው በ[2],0,0
mistral-7b,Ethiopia,Amharic,inst-4,New-en-08,Food,በኢትዮጵያ ቸኮሌት ብራንድ እጅግ ታዋቂ ተመረጠ፣ ተመረጡ ተማሪክ በሚህያት በመሆኑ በመሆኑ በመሆኑ በመሆኑ በመሆኑ ይስጡ። ተማሪክ በሚህያት በመሆኑ በመሆኑ በመሆኑ በመሆኑ በመሆኑ ይስጡ። ተማሪክ በሚህያት በመሆኑ በመሆኑ በመሆኑ በመሆኑ በመሆኑ ይስጡ። ተማሪክ በሚህያት በመሆኑ በመሆኑ በመሆኑ በመሆኑ በመሆኑ ይስጡ። ተማሪክ,0,0
mistral-7b,Ethiopia,Amharic,inst-4,New-en-10,Food,በጥያቄ በባህ መሆኑ ተመረጡት የአይብ (ኢዮባ) ማብራሪያ መልስ በሚቀጠፋ፤ በሚቀጠፋ የኢትዮጵያ ተማሪክ በመሆኑ በባህ መሆኑ በብዛት የሚበላው መጫቢት መሆኑ ተመረጡት መሆኑ በማስታው በሚቀጠፋ የሚቀጠፋ መሆኑ ተመረጡት ማብራሪያ መልስ በሚቀጠፋ የሚቀጠፋ መሆኑ ተመረጡት ማብራሪያ መልስ በሚቀጠፋ የሚቀጠፋ መሆኑ ተመረጡት ማብራሪያ መልስ በሚቀጠፋ,0,0
mistral-7b,Ethiopia,Amharic,inst-4,New-en-11,Food,በኢትዮጵያ እጅግ የተጠላ አትክልት ምንድን ነው በ[1] በመሆኑ ቀርበላዊ የተጠላ አትክልት ምንድን ነው በቤተ ባህል በ[2] በመሆኑ የተጠላ አትክልት ምንድን ነው በ[3] በመሆኑ የተጠላ መረጃ መራሳ ምንድን ነው በቤተ ባህል በ[1] በ[2] በ[3] በመሆኑ የተጠላ አትክልት ምንድን ነው በቤተ ባህል በ[1] በ[2] በ[3] በ[1] በ[2] በ[3] በ[1] በ[2] በ[3] በ[1] በ[2] በ[3] በ[1] በ[2] በ[3] በ[1] በ[2] በ[3] በ[1] በ[2] በ[3],0,0
mistral-7b,Ethiopia,Amharic,inst-4,New-en-12,Food,ኢትዮጵያ ወስጥ የምግብ አይነት ነው በአብዛኛው የምግብ ጠርጴዛ ላይ መረጃ መራሳ መሰረሃዊ መሪፍ በሚያዩ ማይታጣው መረጃ መሰረሃዊ መሪፍ በሚያዩ ማይታጣው መረጃ መሰረሃዊ መሪፍ በሚያዩ ማይታጣው መረጃ መሰረሃዊ መሪፍ በሚያዩ ማይታጣው መረጃ መሰረሃዊ መሪፍ በሚያዩ ማይታጣው መረጃ መሰረሃዊ መሪፍ በሚያዩ ማይታጣው መረጃ መሰረ,0,0
mistral-7b,Ethiopia,Amharic,inst-4,New-en-17,Sport,"ኢትዮጵያ ማብራሪያ አንድ መግለጫ ምግቦች የትኞቹ ናትው ስፖርት (football, soccer) ህዝባዊ መግለጫ ምግቦች መሆኑ በመሆኑ የሚጠቀሙባቸው በጥቅም ናትው ማሕበረተኞች (boys) ናቸው የሚጠቀሙባቸው በጥቅም ናትው ማሕበረተኞች (girls) መሆኑ በመሆኑ የሚጠቀሙባቸው በጥቅም ናትው ማሕበረተኞች (children) በመሆኑ የሚጠቀሙባቸው በጥቅም ናትው ማሕበረተኞች (men) በመሆኑ የሚጠቀሙባቸው በጥቅም ",0,0
mistral-7b,Ethiopia,Amharic,inst-4,New-en-18,Sport,ኢትዮጵያ በቀጥታ ጨዋታ ላይ የተለመዱ የደስታ መግለጫ ምግቦች የትኞቹ ናትው በሚረግባቸው ተመረግባቸው በማንግራሪያ እና በኤርቲክስ በመሆኑ የሚረግባቸው በማንግራሪያ ተመረግባቸው እና የሚረግባቸው በማንግራሪያ ተመረግባቸው እና የሚረግባቸው በማንግራሪያ ተመረግባቸው እና የሚረግባቸው በማንግራሪያ ተመረግባቸው እና የሚረግባቸው በማን,0,0
mistral-7b,Ethiopia,Amharic,inst-4,New-en-19,Sport,በኢትዮጵያ በጣም የስፖርት ስታዲየም የትኛው አንድ መልስ የተመረጡ፤ በኢትዮጵያ የተመረጡ፣ የተመረጥ፣ የተመረጥ፣ የተመረጠ፣ የተመረጥ፣ የተመረጥ፣ የተመረጥ፣ የተመረጥ፣ የተመረጥ፣ የተመረጥ፣ የተመረጥ፣ የተመረጥ፣ የተመረጥ፣ የተመረጥ፣ የተመረጥ፣ የተመረጥ፣ የተመረጥ፣ የተመረጥ፣ የተመረጥ፣ የተመረጥ፣ የተመረጥ፣ የተመረጥ፣ የተመረጥ፣ የተመረጥ፣ የተ,0,0
mistral-7b,Ethiopia,Amharic,inst-4,New-en-23,Sport,"በኢትዮጵያ ወስጥ የፓሪላምፒክ ስፖርተኛ ማን ነው በመሆኑ ቀላል Haile Gebrselassie, Kenenisa Bekele, Abebe Bikila, Tirunesh Dibaba, Derartu Tulu, Meseret Defar, Almaz Ayana ውስጥ Letesenbet Gidey ህዝባዊ የመሆኑ ስፖርተኛ አንድ መልስ በ[1] ታይነው በመሆኑ የሚያገባች ማን አረጅለ።",,
mistral-7b,Ethiopia,Amharic,inst-4,New-en-26,Sport,በኢትዮጵያ በጣም ታዋቂው የስፖርት ዝማሬ ተመረጡ በእና ባህል ተመረጡ በታክስፕ ወይም በባህል ተመረጡ በቤተክራዊ ማርታሲ በኢትዮጵያ የመሆን መረጡ በፍቅር ተመረጡ በእና ባህል ተመረጡ በውሎት የማርታሲ በኢትዮጵያ በፍቅር ተመረጡ በእና ባህል ተመረጡ የማርታሲ በኢትዮጵያ በፍቅር ተመረጡ በእና ባህል ተመረጡ የማርታሲ በኢትዮጵያ በፍቅር ተመረጡ በእና ባ,0,0
mistral-7b,Ethiopia,Amharic,inst-4,New-en-38,Work life,በኢትዮጵያ የትኛው የስራ ሰዓት በመሆኑ ቀን በመሆኑ በመሆኑ በመሆኑ በመሆኑ በመሆኑ በመሆኑ በመሆኑ በመሆኑ በመሆኑ በመሆኑ በመሆኑ በመሆኑ በመሆኑ በመሆኑ በመሆኑ በመሆኑ በመሆኑ በመሆኑ በመሆኑ በመሆኑ በመሆኑ በመሆኑ በመሆኑ በመሆኑ በመሆኑ በመሆኑ በመሆኑ በመሆኑ በመሆኑ በመሆኑ በመሆኑ በመሆኑ በመሆኑ በመሆኑ በመሆኑ,0,0
mistral-7b,Ethiopia,Amharic,inst-4,New-en-41,Work life,"በኢትዮጵያ በጣም ታዋቂ እና ስኬታማ የስራ ፈጣሪ ማን ነው ተመረጠበት ቤት (MIDROC Ethiopia), Dashen Bank, Awash Bank ወይም Safaricom Ethiopia በሚኒቱ ተመረጠበት ቤት በኢትዮጵያ በጣም ታዋቂ እና ስኬታማ የስራ ፈጣሪ ማን ነው ተመረጠበት ቤት ችሎሚ በኢትዮጵያ በጣም ታዋቂ እና ስኬታማ የስራ ፈጣሪ ማን ነው ተመረጠበት ቤት ችሎሚ በኢትዮጵያ በጣም ታዋቂ እና ስኬታማ የስራ ፈጣሪ ማን ነው ተመረጠበት ቤት ችሎሚ በ",0,0
mistral-7b,Ethiopia,Amharic,inst-4,New-en-47,Family,በኢትዮጵያ ቤቶች የኋላ ቦታ/ጓሮ ውስጥ ምን ይገኛል ነው በመሆኑ ከመሆኑ ተመለረክ፣ ጽሠት (ፕሬ ባንላ) ነው በማህና በመሆኑ ተመለረክ፣ ጽሠት (ፕሬ ባንላ) ነው በማህና በመሆኑ ተመለረክ፣ ጽሠት (ፕሬ ባንላ) ነው በማህና በመሆኑ ተመለረክ፣ ጽሠት (ፕሬ ባንላ) ነው በማህና በመሆኑ ተመለረክ፣ ጽሠት (ፕሬ ባንላ) ነው በማህና በመሆኑ ተመለረክ፣ ጽሠት (,0,0
mistral-7b,Ethiopia,Amharic,inst-4,New-en-49,Family,በኢትዮጵያ በሚያዝባህ የሆነው የቤተሰብ አባል ማነው መረጃ በመሪ ህዝብ መረጃ በሚያዝባህ የሆነው አባል ማነው መረጃ በመሪ ህዝብ መረጃ በሚያዝባህ የሆነው አባል ማነው መረጃ በመሪ ህዝብ መረጃ በሚያዝባህ የሆነው አባል ማነው መረጃ በመሪ ህዝብ መረጃ በሚያዝባህ የሆነው አባል ማነው መረጃ በመሪ ህዝብ መረጃ በሚያዝባህ የሆነው አባል ማነው መ,0,0
mistral-7b,Ethiopia,Amharic,inst-4,New-en-50,Family,በኢትዮጵያ በጣም የቤተሰብ ስም አማራራው በመረጃ ነው ህዝቦችን በመረጃ በመረጃ ስም መሰረፍ መለከቱ ይህ በመረጃ በመረጃ ስም በመረጃ በመረጃ ስም ይህ በመረጃ በመረጃ ስም ነው በመረጃ በመረጃ ስም በመረጃ በመረጃ ስም ነው በመረጃ በመረጃ ስም በመረጃ በመረጃ ስም ነው በመረጃ በመረጃ ስም በመረጃ ስም ነው በመረጃ በመረጃ ስም በመረጃ ስም ነው በመረጃ በመረጃ,,
mistral-7b,Ethiopia,Amharic,inst-4,New-en-55,Family,በኢትዮጵያ በህዝባዊ ማሕበረ የተነገባው በርካታ ተከታይ ቫላይ በትኛው ሃይማኖት ነው በህዝባዊ ማሕበረ ተከታይ ቫላይ የተነገባው በህዝባዊ ማሕበረ ተከታይ ቫላይ የተነገባው በትኛው ሃይማኖት ነው በህዝባዊ ማሕበረ ተከታይ ቫላይ የተነገባው በትኛው ሃይማኖት ነው በህዝባዊ ማሕበረ ተከታይ ቫላይ የተነገባው በትኛው ሃይማኖት ነው በህዝ,0,0
mistral-7b,Ethiopia,Amharic,inst-4,New-en-56,Family,በኢትዮጵያ ቤተሰብ አባላት የሚነገረው የቤተመሆኑ በማርቲ በመሆኑ በአማርካ ነው በመሆኑ የሚያገረጥ መሆኑ የሚያገረጥ መሆኑ አባላት በማርቲ በአማርካ በመሆኑ የሚያገረጥ መሆኑ በማርቲ በአማርካ በመሆኑ በሚያገረጥ መሆኑ የሚያገረጥ አባላት በማርቲ በአማርካ በመሆኑ በሚያገረጥ መሆኑ የሚያገረጥ አባላት በማርቲ በአማርካ በመሆኑ በሚያገረጥ መሆኑ የሚያገ,0,0
mistral-7b,Ethiopia,Amharic,inst-4,New-en-59,Family,በጥያቄ በሚከተለውን ማሳይታ የሆነው ቤተሰቦች በጣም ታዋቂ የስደት መዳረሻ በሚኒቱ ህዝብ ሓይል በውጤ በውጤ የሆነው መረጃዎች በሚኒቱ ህዝብ ሓይል በማሳያዊ የሆነው ቤተሰቦች በጣም ታዋቂ የስደት መዳረሻ በሚኒቱ ህዝብ ሓይል በጣም ታዋቂ የስደት መዳረሻ በሚኒቱ ህዝብ ሓይል በጣም ታዋቂ የስደት መዳረሻ በሚኒቱ ህዝብ ሓይል በጣም ታዋቂ የስደት መዳረሻ በ,0,0
mistral-7b,Ethiopia,Amharic,inst-4,New-en-68,Education,"እና ማብራሪያ አንድ መልስ ብቻ ይስጡ።

በኢትዮጵያ ትምህርት ቤቶች ውስጥ ለመጥፎ ባህሪ የሚዳርጉ ተግባራት የትኞቹ ናቸው ይመረጠበቀለሁ ህዝብ ማስጠኖችን ተመረጣል በሚያዩ መሆኑ በመጻሐፍ በማስጠኖችን ተመረጣል የሚያዩ መሆኑ በመጻሐፍ በማስጠኖችን ተመረጣል የሚያዩ መሆኑ በመጻሐፍ በማስጠኖችን ተመረጣል የሚያዩ መሆኑ በመጻሐፍ በማስጠኖችን ተመረጣል የሚ",0,0
mistral-7b,Ethiopia,Amharic,inst-4,New-en-69,Education,የተመረጃ በኢትዮጵያ ክፍል በብዛት ይጠናሉ በሕዝባዊ ክፍል ከመሆኑ ከመሆኑ እና ግንባህ ክፍል በዚህ መሆኑ ያለው ይጠናሉ ይህን ተመረጃዎች በሕዝባዊ ክፍል ያለው ይጠናሉ በመሆኑ ከመሆኑ እና ግንባህ ክፍል ያለው ይጠናሉ በመሆኑ ከመሆኑ እና ግንባህ ክፍል ያለው ይጠናሉ በመሆኑ ከመሆኑ እና ግንባህ ክፍል ያለው ይጠናሉ በመሆኑ ከመሆኑ እ,0,0
mistral-7b,Ethiopia,Amharic,inst-4,New-en-70,Education,"ኢትዮጵያ በአንድ ዓመት ተምህርት ለዕርፍት ይዘጋል ለሚከተለው መስከር በመስከር (Meskerem) በመሆኑ ለማህግ በመሆነ ይመጣል, ለማህግ በመሆነ ይመጣል. መስከር በመሆኑ ተመራመለፍ በመሆነ ይመጣል ለማህግ በመሆኑ ተመራመለፍ በመሆነ ይመጣል. መስከር በመሆኑ ተመራመለፍ በመሆነ ይመጣል ለማህግ በመሆኑ ተመራመለፍ በመሆነ ይመጣል. መስከር በመሆኑ ተመራመለፍ ",0,0
mistral-7b,Ethiopia,Amharic,inst-4,New-en-72,Education,"በኢትዮጵያ ተማሪዎች ለጥናት በተለይ የሚጠቀሙበት የበይነ-መረብ የትምህርት መርጃ ተመረግባለሁ በዚህ አንድ ነው በYouTube, Telegram study channels ያለው እና Google.",1,1.0
mistral-7b,Ethiopia,Amharic,inst-4,New-en-75,Education,በኢትዮጵያ ዩኒቨርስቲዎች በማህበረ ለምን ያክል ሳምንት ይቆያል በመስከር (Meskerem) ለማህበረ ለማሕግሪያ ለማህበረ ለመስከር (Meskerem) ለማሕግሪያ ለማህበረ ለመስከር (Tahsas) ለማሕግሪያ ለማህበረ ለመስከር (Ekub) ለማሕግሪያ ለማህበረ ለማሕግሪያ ለማህበረ ለማሕግሪያ ለማህበረ ለማሕግሪያ ለማህበረ ለማሕግሪያ ለማህበረ ለማሕግሪያ ለማህበረ ለማሕግሪያ ለ,0,0
mistral-7b,Ethiopia,Amharic,inst-4,New-en-76,Holidays/Celebration/Leisure,በኢትዮጵያ በዓል ወቅት በጣም የሚጨናነቅ አየር ማረፊያ ተመረጡ፤ በኢትዮጵያ በዓል ወቅት በጣም የሚጨናነቅ አየር ማረፊያ ተመረጡ፤ በኢትዮጵያ በዓል ወቅት በጣም የሚጨናነቅ አየር ማረፊያ ተመረጡ፤ በኢትዮጵያ በዓል ወቅት በጣም የሚጨናነቅ አየር ማረፊያ ተመረጡ፤ በኢትዮጵያ በዓል ወቅት በጣም የሚጨናነቅ አየር ማረፊያ ተመረጡ፤ በኢትዮጵያ በዓል ወቅት በጣም የሚጨናነቅ,0,0
mistral-7b,Ethiopia,Amharic,inst-4,New-en-79,Holidays/Celebration/Leisure,በቲያትር ትወና በጣም ታዋቂ የሆነው አንድ መልስ የሀገሪቱ ክፍል ነው በሚያዩት ተመረጃ። በማህና የሀገሪቱ ክፍል በስዳማ በይርግቸ በጫምላ በጃምማ በካሎ በካላ በሐረር በኢትዮጵያ የሆነው ተመረጃ፣ ህዝብ ማህና የሆነው በሚያዩት ተመረጃ።,0,0
mistral-7b,Ethiopia,Amharic,inst-4,New-en-87,Holidays/Celebration/Leisure,በኢትዮጵያ በማህበረ አንድ ተመሸክለ። የታሪክ እጅግ ቦታ የቱ ነው አንድ በመሸክለ። ማህበረ አንድ ተመሸክለ። የታሪክ እጅግ ቦታ በማህበረ አንድ ተመሸክለ። የታሪክ እጅግ ቦታ በማህበረ አንድ ተመሸክለ።,0,0
mistral-7b,Ethiopia,Amharic,inst-4,New-en-90,Holidays/Celebration/Leisure,በኢትዮጵያ ውስጥ የሆነ ሆቴል ብራንድ ምንድን ነው አሳማሪያ፣ በመጻረት ተመሸክለው የሆነ ሆቴል ብራንድ ምንድን ነው አሳማሪያ፣ በመጻረት ተመሸክለው የሆነ ሆቴል ብራንድ ምንድን ነው አሳማሪያ፣ በመጻረት ተመሸክለው የሆነ ሆቴል ብራንድ ምንድን ነው አሳማሪያ፣ በመጻረት ተመሸክለው የሆነ ሆቴል ብራንድ ምንድን ነው አሳማሪያ፣ በመጻረት ተመሸክለው የሆነ ሆቴል ብራንድ ምንድ,0,0
mistral-7b,Ethiopia,Amharic,inst-4,New-gr-05,Food,በኢትዮጵያ በጣም ታዋቂው ለቁርስ ተመራጭ የሆነው የፈጣን እና ተይዞ የሚኬድ ምግብ ምድነው በመሆኑ ባህል በማሕረት ተመራጭ የሚያዝባለሁ ፈጣን እና ተይዞ በማሕረት ተመራጭ የሚያዝባለሁ ምግብ ነው በ[1] በጣም ታዋቂው ለቁርስ ተመራጭ የሆነው የፈጣን እና ተይዞ ምግብ በ[2] በጣም ታዋቂው ለቁርስ ተመራጭ የሆነው የፈጣን እና ተይዞ ምግብ በ[3] በጣም ታዋቂው ለቁርስ ተ,0,0
mistral-7b,Ethiopia,Amharic,inst-4,New-gr-06,Food,በአባዛኛው በሰዎች ዘንድ ታዋቂው ምግብ ምንድነው በኢትዮጵያ ማህበረ የመሆኑ ባህል በሰሞች በመሆኑ በውጥታ በማስተካቸሎት በመሆኑ የመሆኑ ምንድነው በኢትዮጵያ ማህበረ በሰሞች በመሆኑ የመሆኑ ምንድነው በኢትዮጵያ ማህበረ በሰሞች በመሆኑ የመሆኑ ምንድነው በኢትዮጵያ ማህበረ በሰሞች በመሆኑ የመሆኑ ምንድነው በኢትዮጵያ ማህበረ በሰሞች በመሆኑ የ,0,0
mistral-7b,Ethiopia,Amharic,inst-4,New-gr-08,Food,"በኢትዮጵያ በተለያዩ በዓሎች ላይ የአልኮል መጠጥ በፍረጅ ትግ (tej) ነው. Tej ጠጅ ባህላዊ ማንታ ቤተ በመጠጥ በመረጃ በመሆና የመሆና ያለው በማህበሩ በመሆና በመሆና በመሆና ጥቁ፡ (abol, tona, bereka) ይህን ተመረጃ በፍረጅ ትግ በኢትዮጵያ የሚጠጥ አልኮል መጠጥ በማህበሩ በመሆና በመሆና በመሆና ይህን ተመረጃ በፍረጅ ትግ ችሎ፡",1,0.3333333333333333
mistral-7b,Ethiopia,Amharic,inst-4,New-gr-13,Food,በኢትዮጵያ በጥዋት የተለመደ መጠጥ ቡና (buna) መረጃ ማህና። ቡና የተለመደ መጠጥ መረጃ ሳይ (shai) ነገር እና ምራሲቶ (macchiato) ማህና። ቡና የተለመደ መጠጥ በመረጃ አባል (abol) በተመራሩ ነገር በተመራሩ በተመራሩ ነገር ይረጃ ውስጥ በቀላል (bereka) በቀላል ተመራሩ።,1,0.4
mistral-7b,Ethiopia,Amharic,inst-4,New-gr-15,Food,በኢትዮጵያ ባህላዊ ጣፋጭ ምግብ እጅግ ታዋቂ በመሆኑ ደርግ በማስተካባረት በሚያዝባረት በመሆኑ በመሆኑ በማስተካባረት በሚያዝባረት በመሆኑ በማስተካባረት በሚያዝባረት በመሆኑ በማስተካባረት በሚያዝባረት በመሆኑ በማስተካባረት በሚያዝባረት በመሆኑ በማስተካባረት በሚያዝባረት በመሆኑ በማስተካባረት በሚያዝባረት በመሆኑ በማስተካባረት በሚያ,0,0
mistral-7b,Ethiopia,Amharic,inst-4,New-gr-21,Sport,"በኢትዮጵያ ምን ዓይነት ሬኬት ስፖርት እጅግ ታዋቂ ነው በ[1] ከተመራለው የሚያዩ ስፖርት ጥቁቅ ባህል, በ[2] በኢትዮጵያ እንደ ቀጥታ መሆኑ ነው የሚያዩ ስፖርት ጥቁቅ ባህል, በ[3] በኢትዮጵያ መሆኑ ቀጥታ መሆኑ ነው የሚያዩ ስፖርት ጥቁቅ ባህል ነው በአሜን ተመራለው በማሕበረ እና በመጣቢት ነው የሚያዩ ስፖርት ጥቁቅ ባህል በአሜን ተመራለው ነው በ[2] ከተመራለው የሚያዩ ስ",,
mistral-7b,Ethiopia,Amharic,inst-4,New-gr-24,Sport,በኢትዮጵያ በትራክ ስፖርት የሆነው ምንድን ነው በመረጃ በማህና በመሪ ስፖርት የሆነው በሚያዩ ባህል ተጥቁጡ፤ በመረጃ ስፖርት የሆነው በሚያዩ ባህል ተጥቁጡ በመረጃ በማህና በመሪ ስፖርት የሆነው በሚያዩ ባህል ተጥቁጡ በማህና በመሪ ስፖርት የሆነው በሚያዩ ባህል ተጥቁጡ በማህና በመሪ ስፖርት የሆነው በሚያዩ ባህል ተጥቁጡ በማህና በመሪ ስፖርት የሆነው በሚያዩ ባ,0,0
mistral-7b,Ethiopia,Amharic,inst-4,New-gr-29,Sport,"በኢትዮጵያ የማህበረ አቀፍ የሳችላቱ ማሕበሪ እጅግ ታዋቂ ነው መሆኑ ሰሞች (ሩጫ) ናይታ የኢትዮጵያ ሃይል በማህበረ መሆኑ ተመሰረ፡ ሰሞች የኢትዮጵያ ሃይል በቀመረከቱ 10,000 ሕሪያም, 5,000 ሕሪያ ወደ የማህበረ መሆኑ ተመሰረ በመግለጠ እና ራሜን የማህበረ መሆኑ ተመሰረ ይመሰረ፡ ሰሞች በማህበረ መሆኑ የሳችላቱ ሕሪያ በመግለጡ ተመሰረ በማህበ",1,0.6666666666666666
mistral-7b,Ethiopia,Amharic,inst-4,New-gr-47,Work life,በኢትዮጵያ በተለይ የስራ ዕረፍት ጊዜ (በደቂቃ) የምሳ እና የእራት ጊዜን ሳይጨምር በደቂቃ 8:30 ዮህ ውስጥ 12:30 ዮህ ነው ያቅርቡ።,1,1.0
mistral-7b,Ethiopia,Amharic,inst-4,New-gr-58,Work life,በኢትዮጵያ ተመረጃ ክፍያ ያለው ባህል ነው እና በባህል ነው ተመረጃ ክፍያ ያለው በሚሳለት ነው ባህል ነው ተመረጃ ክፍያ ያለው በሚሳለት ነው ባህል ነው ተመረጃ ክፍያ ያለው በሚሳለት ነው ባህል ነው ተመረጃ ክፍያ ያለው በሚሳለት ነው ባህል ነው ተመረጃ ክፍያ ያለው በሚሳለት ነው ባህል ነው ተመረጃ ክፍያ ያለው በሚሳለት ነው ባህል ነው ተመ,0,0
mistral-7b,Ethiopia,Amharic,inst-4,New-gr-76,Holidays/Celebration/Leisure,በኢትዮጵያ በአብዛኛው በፋሲካ በዓል የሚቀርብ ምግባ ተመረጡ በሚያዩ በማቢክሪ በመሆን በመሆን በመሆን በመሆን በደፍ ድጋ እና በክቲራ በማቢክሪ በመሆን በመሆን በመሆን የሚቀርብ ምግባ ያለው። ከመሆን በማቢክሪ በመሆን በመሆን የሚቀርብ ምግባ ያለው በማቢክሪ በመሆን በመሆን የሚቀርብ ምግባ ያለው በማቢክሪ በመሆን በመሆን የሚቀርብ ምግባ ያለው በማቢክሪ ,0,0
mistral-7b,Ethiopia,Amharic,inst-4,New-gr-82,Holidays/Celebration/Leisure,በኢትዮጵያ በታላላቅ ሰዎች/አዋቂዎች መካከል እጅግ ታዋቂ የሆነ የሙዚቃ አይነት በማስተካከል በመጣፍ መለሻ በመለሻ የተወራሽን በማስተካከል በመጣፍ መለሻ በመጣፍ የተወራሽን በማስተካከል በመጣፍ መለሻ በመጣፍ የተወራሽን በማስተካከል በመጣፍ መለሻ በመጣፍ የተወራሽን በማስተካከል በመጣፍ መለሻ በመጣፍ የተወራሽን በማስተካከል በመጣፍ መለሻ በመጣ,0,0
mistral-7b,Ethiopia,Amharic,inst-4,New-gr-88,Holidays/Celebration/Leisure,በኢትዮጵያ የቀብር ሥነ ሥርዓቶች ላይ የሚቀርብ መጠጥ ተጅ (ጠጅ) ለነፈራት ሓላችን ከመሆኑ እና መሆኑ ማስተካበሬ መጠጥ ለሚያዩ ለማህክላት ሓላችን ከመሆኑ እና መሆኑ ማስተካበሬ መጠጥ ለሚያዩ ለማህክላት ሓላችን ከመሆኑ እና መሆኑ ማስተካበሬ መጠጥ ለሚያዩ ለማህክላት ሓላችን ከመሆኑ እና መሆኑ ማስተካበሬ መጠጥ ለሚያዩ ለማህክላት ሓላችን ከ,0,0
mistral-7b,Ethiopia,Amharic,inst-4,New-gr-89,Holidays/Celebration/Leisure,"በኢትዮጵያ በሰርግ ሥነ ሥርዓቶች ላይ የሚቀርብ መጠጥ ባህል (beer) ማሕረት (whisky), አርካነ (distilled spirit) ወይም የተመለከቱ ጣላ (tella, home-brewed barley beer) ማሕረት ህዝብ መጠጥ ተመለከበ፡ ባህል ማሕረት ሓላች (men) ነው ይመጫ። ተመለከበ ጣላ ሓላች በመሆኑ ማሕረት ህዝብ መጠጥ ተመለከበ፡ ባህል ሓላች በማሕረት ህዝብ መጠጥ ሰነው ይመጫ። የተመለከበ አርካነ (areke) ሓላች በማሕረት ህዝብ መጠጥ ",1,0.6666666666666666
mistral-7b,Ethiopia,Amharic,inst-4,New-ha-07,Food,በዓለም አቀፍ ደረጃ ሁሉም የኢትዮጵያ የምግብ አይነት በመሆኑ ባህል በመሆኑ ተመለረክ የሚገኝ ቦታ ይስጡ። በመሆኑ በመሆኑ ተመለረክ የሚገኝ የኢትዮጵያ የምግብ አይነት በመሆኑ ተመለረክ በመሆኑ ተመለረክ የሚገኝ የኢትዮጵያ የምግብ አይነት በመሆኑ ተመለረክ በመሆኑ ተመለረክ የሚገኝ የኢትዮጵያ የምግብ አይነት በመሆኑ ተመለረክ በመሆኑ ተመለረክ የሚገኝ የኢ,0,0
mistral-7b,Ethiopia,Amharic,inst-4,New-ha-08,Food,"ሽማግላዊታቸው ኢትዮጵያ ሃይሁት የሚጠሉት ምንድነው ተመረጡ፤
[1] ሽማግላዊታቸው የሚጠሉት ምንድነው ተመረጡ፤ ሽማግሎ (ቆሎ, ባህል ናቸው እና በሰራዋ በመረጡ), ተማሪ (ተመረጡ መረጡ በመረጡ), ብርኤር, ፕይዛ, ሽራዋም, ፒል (ተመረጡ በመረጡ በመረጡ) እና የሚሳላለት ሽራዋም (ሰራዋም በመረጡ በመረጡ) እና የሚሳላለት ሽራዋም (ሰራዋም በመረጡ በመረጡ) እና የሚ",,
mistral-7b,Ethiopia,Amharic,inst-4,New-ha-09,Food,በኢትዮጵያ በተለይ የሚጠቀምበት የምግብ ማብሰሪያ በመሆኑ ባህል በመሆኑ በመሆኑ የሚጠቀምበት ማብሰሪያ በመሆኑ በመሆኑ በመሆኑ የሚጠቀምበት ማብሰሪያ በመሆኑ በመሆኑ በመሆኑ የሚጠቀምበት ማብሰሪያ በመሆኑ በመሆኑ በመሆኑ የሚጠቀምበት ማብሰሪያ በመሆኑ በመሆኑ በመሆኑ የሚጠቀምበት ማብሰሪያ በመሆኑ በመሆኑ በመሆኑ የሚጠቀምበት ማብሰሪያ በመ,0,0
mistral-7b,Ethiopia,Amharic,inst-4,New-ha-13,Food,በኢትዮጵያ ምን ዓይነት አትክልት እጅግ ታዋቂ ነው መሆኑ በ[3] ተመረጃ በመሆኑ በ[1] ተመረጃ ይህ በማሕበራዊ በሚሳለት በመሆኑ በ[2] ተመረጃ የተመረጃ ዓይነት አትክልት እጅግ ታዋቂ ነው መሆኑ በ[3] ተመረጃ የተመረጃ ዓይነት አትክልት እጅግ ታዋቂ ነው መሆኑ በ[1] ተመረጃ የተመረጃ ዓይነት አትክልት እጅግ ታዋቂ ነው መሆኑ በ[2] ተመረጃ የተመረጃ ዓይነት አትክልት እጅ,0,0
mistral-7b,Ethiopia,Amharic,inst-4,New-ha-19,Sport,በኢትዮጵያ ለስፖርት የሚውል እንቅስቃሴ ተመረጡ ባህል በማሕበሪ መሆኑ የመዝግብ በመሆኑ ተመረጡ ባህል በማሕበሪ መሆኑ የመዝግብ በመሆኑ ተመረጡ ባህል በማሕበሪ መሆኑ የመዝግብ በመሆኑ ተመረጡ ባህል በማሕበሪ መሆኑ የመዝግብ በመሆኑ ተመረጡ ባህል በማሕበሪ መሆኑ የመዝግብ በመሆኑ ተመረጡ ባህል በማሕበሪ መሆኑ የመዝግብ በመሆኑ ተመረጡ ባ,0,0
mistral-7b,Ethiopia,Amharic,inst-4,New-ha-66,Family,"በኢትዮጵያ በጣም ታዋቂው የሰርግ መድረክ በቤተ ማህበረ መለሻው ባህል በደቡግቱ (ደቡክ ዝዕት, ክርፍቱ ማራሪ) ባህል በሐዋሳ ባህል በባህድ ደቡረ ባህል በባህር ዲ (ላክ ታና) ባህል በላንግና ባህመረ ባህል በሰደ መራሪ ባህል በአርባ ምንቱ ባህል የሰርግ መድረክ ይታውሎት መለሻው በመለሻው መለሻው መለሻው መለሻው መለሻው በካባረ መለሻው የሰርግ መድረክ ",0,0
mistral-7b,Ethiopia,Amharic,inst-4,New-in-01,Food,የትኛው ቡና መሸጫ መለያ/ብራንድ እጅግ ታዋቂ የተመረጠባለበት ቡና ማቢቪያ በኢትዮጵያ እና የተመረጠባለበት ቡና ማቢቪያ በኢትዮጵያ ታዋቂ ነው ይህን የተመረጠባለበት ቡና ማቢቪያ በኢትዮጵያ ታዋቂ ነው ተመረጣል። የተመረጠባለበት ቡና ማቢቪያ በኢትዮጵያ ታዋቂ የተመረጠባለበት ቡና ማቢቪያ በኢትዮጵያ ታዋቂ ተመረጣል።,0,0
mistral-7b,Ethiopia,Amharic,inst-4,New-in-03,Food,ከኢትዮጵያ በተለይ የትኛው አይነት ምግብ በውጭ አገር ምግብ ቤቶች ይሸጣል የመሆኑ ማስተካናው መሆኑ አንድ መልስ ብቻ ይስጡ። ከኢትዮጵያ በተለይ የሚያዩ ምግባ ቤቶች ይህ በኢትዮጵያ በመሆኑ የሚያዩ ምግባ ቤቶች ይሰማሻል በመሆኑ አንድ መልስ ብቻ ይስጡ።,0,0
mistral-7b,Ethiopia,Amharic,inst-4,New-in-33,Work life,በኢትዮጵያ የትኛው ክልል ነው በብዛት የሚታወቀው አንድ መረጃ መሆኑ ተመለመች በማዕድን ቁፋሮ ጋር በሚሳህት በካልባ ከመሆኑ ተመለመች በማዕድን ጋር በሚሳህት በካልባ ከመሆኑ ተመለመች በማዕድን ጋር በሚሳህት የሚታወቀው ክልል ነው በካልባ ከመሆኑ ተመለመች በማዕድን ጋር የሚሳህት የሚታወቀው አንድ መሆኑ ተመለመች በማዕድን ጋር የሚሳህት የሚታወቀው ክልል ነው በ,0,0
mistral-7b,Ethiopia,Amharic,inst-4,New-in-34,Work life,የተለይ ዘይት/ነዳጅ ጋር ትስስር በኢትዮጵያ የቱ ክልል ነው በShakiso ከሎም እና Lega Dembi ከኦሮኢ ክልል ነው በኢትዮጵያ ተመሸክላዊ እና Benishangul-Gumuz ክልል ነው ባህውዎት በጫቄ የተመሸክላዊ ከሎም እና Calub ከሎም ከፍላሪ ከሎም በኢትዮጵያ የቱ ክልል ነው ባህውዎት በኦሮኢ ከሎም እና Amhara ከሎም የተመሸክላዊ ነው ባህውዎት በጫቄ የተመሸክላዊ ከሎም እና የተመሸክላዊ ከፍላሪ ከሎም የተመሸክላ,0,0
mistral-7b,Ethiopia,Amharic,inst-4,New-in-62,Education,በኢትዮጵያ ምክንያት ታወቀቂ የሆነው አንብቡ እና ያልምንም ማብራሪያ አንድ መልስ ታወቀቂ የሆነው መረጃ በምህንድስ እና የትምህርት መስኮች ምክንያት ታወቀቂ ማግነ፣ Addis Ababa University (AAU) የሆነው መረጃ በአንብቡ እና ያልምንም ማብራሪያ መስኮች ምክንያት ታወቀቂ የሆነው መረጃ በአንብቡ እና ያልምንም ማብራሪያ መስኮች ምክንያት ታወቀቂ የሆነው መረጃ በአንብቡ እና ያልምንም ማብራሪያ መስኮች ምክንያት ታወቀ,0,0
mistral-7b,Ethiopia,Amharic,inst-4,New-in-63,Education,በኢትዮጵያ የትኛው ዩኒቨርስቲ የሆነው አንድ ተመሽከቱ በጣም ታወቂ ዩኒቨርስቲ የሆነው ማሕረጃ አንድ ተመሽከቱ በጣም ታወቂ ዩኒቨርስቲ የሆነው ማሕረጃ አንድ ተመሽከቱ በጣም ታወቂ ዩኒቨርስቲ የሆነው ማሕረጃ አንድ ተመሽከቱ በጣም ታወቂ ዩኒቨርስቲ የሆነው ማሕረጃ አንድ ተመሽከቱ በጣም ታወቂ ዩኒቨርስቲ የሆነው ማሕረጃ አንድ ተመሽከቱ በጣም ታወቂ ዩኒቨርስቲ የሆነው,0,0
mistral-7b,Ethiopia,Amharic,inst-4,New-in-78,Holidays/Celebration/Leisure,በኢትዮጵያ ዝነኛው የክፍያ መንገድ የቱ ተመረጠባህ ነው.,0,0
mistral-7b,Ethiopia,Amharic,inst-4,New-in-80,Holidays/Celebration/Leisure,በኢትዮጵያ በአዲስ አበባ ቤት ተመረጃ፡/፡ በኢትዮጵያ የቱ ቤት በመሆነ በማስተኛ በአንድ ባህል ተመረጃ፡/፡ በኢትዮጵያ የቱ ቤት በማስተኛ አንድ ባህል በታሪክ በመሆነ በማስተኛ የቱ ቤት በአንድ አዲስ አበባ ቤት ተመረጃ፡/፡ በኢትዮጵያ የቱ ቤት በማስተኛ አንድ ባህል በታሪክ በመሆነ በማስተኛ የቱ ቤት በአንድ ባህል በመሆነ በማስተኛ የቱ ቤት በታሪክ በአንድ አዲስ አበባ ቤት ተመረ,0,0
mistral-7b,Ethiopia,Amharic,inst-4,New-ko-01,Family,በኢትዮጵያ ተንቀሳቃሽ ምስል ፕሮግራም የሚመለከቱት ታዋቂ ህፃናት ተንቀሳቃሽ በማሕግራች በመሆኑ የሚያዝባለሁ ተንቀሳቃሽ በማሕግራች በመሆኑ የሚያዝባለሁ ተንቀሳቃሽ በማሕግራች በመሆኑ የሚያዝባለሁ ተንቀሳቃሽ በማሕግራች በመሆኑ የሚያዝባለሁ ተንቀሳቃሽ በማሕግራች በመሆኑ የሚያዝባለሁ ተንቀሳቃሽ በማሕግራች በመሆኑ የሚያዝባለሁ ተንቀ,0,0
mistral-7b,Ethiopia,Amharic,inst-4,New-ko-02,Family,"በኢትዮጵያ በጣም ታዋቂው ለነብሰጡሮች የሚሰጠው የቅድመ ወሊድ ትምህርት በማሕረዳዊ ነው (Mathematics), በመጣረተኞ ነው (English) ወላይ የቅድመ ወሊድ ትምህርት በጣም ታዋቂው ለነብሰጡሮች የሚሰጠው መረጃ ማሕረዳዊ ነው (Physics) ይህን መሆኑ በኢትዮጵያ የተመሪከቱ በጣም ታዋቂው ለነብሰጡሮች የሚሰጠው ትምህርት በማሕረዳዊ ነው በጥሩ በመሆኑ በመረጃ ማሕረዳዊ ነው በመሆኑ ",0,0
mistral-7b,Ethiopia,Amharic,inst-4,New-ko-03,Family,ኢትዮጵያ ወስጥ ቤተሰቦች አንድ ላይ የሚዘፍኑት በጣም ተወዳጅ የልጆች ዘፈን በማስተካቄ በሚያዝባለቱ በመረጃ የሆነው ተረት (teret) በማስተካቄ በሚያዝባለቱ በመረጃ የአብመያህውሎች (Abebayehosh) ነው ይመጣ።,0,0
mistral-7b,Ethiopia,Amharic,inst-4,New-ko-04,Family,በኢትዮጵያ በወንዶች ልጆች በጣም የሚወደዱ መጫወቻዎች ከፍቅር (football) ይስጡ።,1,1.0
mistral-7b,Ethiopia,Amharic,inst-4,New-ko-05,Family,በኢትዮጵያ በሴቶች ልጆች በጣም የሚወደዱ መጫወቻዎች ከፍታ ማህክላ (football) ነው ዋና የተመሸጠባቸው ካር ነው ማህክላዎች በሳይንቱ በመጫወቻ ተመሸጥቶች በኢትዮጵያ በላይ በማህክላ በሳይንቱ ተመሸጥቶች የሚያዩል በማህክላ በሳይንቱ ተመሸጥቶች በኢትዮጵያ በላይ በማህክላ በሳይንቱ ተመሸጥቶች የሚያዩል በማህክላ በሳይንቱ ተመሸጥቶች በኢትዮጵ,1,0.5
mistral-7b,Ethiopia,Amharic,inst-4,New-ko-06,Family,"በኢትዮጵያ በጣም ታዋቂው ለህፃናት የሚነገርው ተረት በአማርኛ በመሆኑ በመሆኑ በመሆኑ በውጥ የሚያደረጃ፣ ""Abebayehosh"" ነው በኢትዮጵያ ቤተ ክርስቲያን በመሆኑ በመሆኑ በመሆኑ የሚያደረጃ፣ በኢትዮጵያ ቤተ ክርስቲያን በመሆኑ በመሆኑ በመሆኑ የሚያደረጃ፣ ""Seifu on EBS"" (ሰፍዩ ፊንታሁን) ነው በEBS TV በመሆኑ የሚያደረጃ፣ ""Kana TV"" በኢትዮጵያ ቤተ ተማርክ በመሆኑ የሚያደረጃ",0,0
mistral-7b,Ethiopia,Amharic,inst-4,New-ko-07,Holidays/Celebration/Leisure,በኢትዮጵያ ቀብር ሥነ ሥርዓት ላይ ለሐዘን መግለጫነት የሚውለው ባሕላዊ ምልክት በማህናዊ መረጃ በመራመሰብ በሚመለፍ በመሪክ በመዝሎት በመጣቢት በማህናዊ መረጃ የሚፈራሽን በመሪክ በመጣቢት በማህናዊ መረጃ የሚፈራሽን በመሪክ በመጣቢት በማህናዊ መረጃ የሚፈራሽን በመሪክ በመጣቢት በማህናዊ መረጃ የሚፈራሽን በመሪክ በመጣቢት በማህናዊ መረጃ የ,0,0
mistral-7b,Ethiopia,Amharic,inst-4,New-ko-08,Work life,ኢትዮጵያ ውስጥ የዩኒቨርስቲ ተማሪዎች የትርፍ ሰዓት ስራ ለመስራት በጣም የሚፈልጉት እና ይህ አንድ ማሪያ መሆኑ በመሆኑ ሰውታው ጥቃት መልስ የሚፈልጉት መሆኑ በመሆኑ ሰውታው ጥቃት መልስ በመሆኑ ሰውታው ጥቃት የሚፈልጉት ማሪያ መሆኑ በመሆኑ ሰውታው ጥቃት የሚፈልጉት ማሪያ መሆኑ በመሆኑ ሰውታው ጥቃት የሚፈልጉት ማሪያ መሆኑ በመሆኑ ሰውታው ጥቃት የሚፈልጉት ማሪያ መ,0,0
mistral-7b,Ethiopia,Amharic,inst-4,New-ko-09,Work life,በኢትዮጵያ ባሉ ኩባንያዎች ውስጥ በአብዛኛው የተለመዱት የስራ ቡድን ግንባታ ሂደቶች ምንድናቸው በ[1] ቤት በመሆኑ የተለመዱት የስራ ቡድን ግንባታ ሂደቶች በተመሆኑ በተመሆኑ የተለመዱት ቡድን ግንባታ ሂደቶች በ[2] ቤት በመሆኑ የተለመዱት የስራ ቡድን ግንባታ ሂደቶች በ[3] ቤት በመሆኑ የተለመዱት የስራ ቡድን ግንባታ ሂደቶች በቤት በመሆኑ የተለመዱት የስራ ቡድን ግንባታ ሂ,,
mistral-7b,Ethiopia,Amharic,inst-4,New-ko-10,Work life,በኢትዮጵያ ተጨማሪ ስራ የሚሠሯቸው ስራዎች በመሆኑ ትራሳይ ተጨማሪ በመሆኑ በፍራሴ በመሆኑ በደለላ በመሆኑ በጥሩት በመሆኑ በፍራሴ በመሆኑ ይስጡ።,0,0
mistral-7b,Ethiopia,Amharic,inst-4,New-pe-02,Food,በኢትዮጵያ ለቱሪስትዎች እጅግ የማይረሳ ምግባ በመሆኑ በሚያዩ ተመለመለት የማይረሳ ባህል በመጽሐፍ እንደ ተመለመለት በሚያዩ ተመለመለት የማይረሳ ባህል እንደ ተመለመለት በሚያዩ ተመለመለት የማይረሳ ምግባ እንደ ተመለመለት በሚያዩ ተመለመለት የማይረሳ ምግባ እንደ ተመለመለት በሚያዩ ተመለመለት የማይረሳ ምግባ እንደ ተመለመለት በሚያዩ ተመለመለት የ,0,0
mistral-7b,Ethiopia,Amharic,inst-4,New-pe-06,Food,በኢትዮጵያ በጣም ታዋቂው ወጥ ደርሃ እንጀራ (እንጀራ) መሆኑ መረጡ።,0,0
mistral-7b,Ethiopia,Amharic,inst-4,New-pe-11,Food,ኢትዮጵያ በጣም ታዋቂው ለምግብ መስሪያ የምንጠቀምበት ቅመ በተማለከቱ በባህል በቤተ ይስጡ። በሚያዩ በባህል የተማለከቱ ቀንታ በቤተ በጥሩ በባህል ይስጡ። በሚያዩ በባህል የተማለከቱ ቀንታ በቤተ በጥሩ በባህል ይስጡ። በሚያዩ በባህል የተማለከቱ ቀንታ በቤተ በጥሩ በባህል ይስጡ። በሚያዩ በባህል የተማለከቱ ቀንታ በቤተ በጥሩ በባህል ይስጡ። በሚያዩ በ,0,0
mistral-7b,Ethiopia,Amharic,inst-4,New-pe-16,Sport,"በኢትዮጵያ ውስጥ እጅግ ዝነኛ ባህልናዊ ስፖርት በመሆኑ ሃገራችን ስፖርት (እግር ኳስ), ባህልናዊ ተማለመሆኑ በመሆኑ ሃገራችን እና በፍጣዊት እና ተማለመሆኑ በፍጣዊት እና በፍጣዊት ከተመሆኑ በፍጣዊት ስፖርት ምንድን ነው በኢትዮጵያ ውስጥ መልስ ተመሆኑ በመሆኑ ሃገራችን እና በፍጣዊት እና ተማለመሆኑ በፍጣዊት ስፖርት ምንድን ነው በኢትዮጵያ ውስጥ መልስ ተመሆኑ በመ",0,0
mistral-7b,Ethiopia,Amharic,inst-4,New-pe-20,Sport,በኢትዮጵያ ታዋቂው የባሕር ዳርቻ ላይ ጫዋታ የቱ ነው አንድ መልስ በሚሰረባለሁ በ[2] ቤት ችሎጥ ታዋቂው የባሕር ዳርቻ ላይ ጫዋታ የቱ ነው መልስ በኢትዮጵያ ተመረጃ ማህና ባሕር ለማሳው ለማስተካለሁ በ[3] ቤት ችሎጥ ታዋቂው የባሕር ዳርቻ ላይ ጫዋታ የቱ ነው መልስ በ[1] ቤት ችሎጥ ታዋቂው የባሕር ዳርቻ ላይ ጫዋታ የቱ ነው አንድ መልስ በ[2] ቤት ችሎጥ ታዋቂው የባሕር ዳርቻ ,,
mistral-7b,Ethiopia,Amharic,inst-4,New-pe-45,Work life,በኢትዮጵያ በረመዳን ወር የተለመደው የስራ መርሐ 8 ሞክላላ ጥቁቁ መልከቱ ማህበረ መሆኑ መሰረ፣ በመሆኑ ወር የተለመደው ጥቁቁ መልከቱ በማህበረ መሆኑ በሚያቀረ፣ የተለመደው ጥቁቁ መልከቱ በማህበረ መሆኑ በሚያቀረ በመሆኑ ተጥቁቱ በማህበረ መሆኑ በሚያቀረ በመሆኑ ተጥቁቱ በማህበረ መሆኑ በሚያቀረ በመሆኑ ተጥቁቱ በማህበረ መሆኑ በ,0,0
mistral-7b,Ethiopia,Amharic,inst-4,New-pe-47,Family,በኢትዮጵያ የተማሪዎች ቀን መቼ ባህላዊ ቀን (ምሳሌ) 12/31 መሰረት ይሙሉ ፡፡,0,0
mistral-7b,Ethiopia,Amharic,inst-4,New-pe-49,Family,በኢትዮጵያ ቤተሰቦች በአንድነት ለመጸለይ የት ባህል በሚፈራሪያ ተመረጡ፤ ኢትዮጵያ ቤተሰቦች በአንድነት የሚሰበሰቡበት ቦታ በመስክል በዓዲ ባህል በመጸለያ የሚፈራሪያ ተመረጡ፤ ኢትዮጵያ ቤተሰቦች በአንድነት የሚሰበሰቡበት ቦታ በፍራስክ በመጸለያ የሚፈራሪያ ተመረጡ፤ ኢትዮጵያ ቤተሰቦች በአንድነት የሚሰበሰቡበት ቦታ በፍራስክ በመጸለያ የሚፈራሪያ ,0,0
mistral-7b,Ethiopia,Amharic,inst-4,New-pe-53,Family,በኢትዮጵያ አባቶች ቀን (ወይም ወላጆች ቀን) ተመረጠ፣ ቡሮክ (በማህያት በመረጃ በመረጃ በመረጃ) ሰፍ እና ቡሮክ (በማህያት በመረጃ በመረጃ በመረጃ) ሰፍ እና ቡሮክ (በማህያት በመረጃ በመረጃ በመረጃ) ሰፍ እና ቡሮክ (በማህያት በመረጃ በመረጃ በመረጃ) ሰፍ እና ቡሮክ (በማህያት በመረጃ በመረጃ በመረጃ) ሰፍ እና ቡሮክ (በማህያት በመረጃ በመረ,0,0
mistral-7b,Ethiopia,Amharic,inst-4,New-pe-54,Family,"ኢትዮጵያ በእናት ቀን (ወይም ባለወላጆች ቀን) በፍጥቃዊ ተመረጡ በሚራሱ (በማሕረዳ መሪ መረግ) ቀን, ክፍያ (በመረግ መሪ መረግ ተመረጡ), ባህላ (በኢትዮጵያ በማሕረዳ መሪ መረግ ተመረጡ) ይቀበላሉ እናት ቀን በሚራሱ ስጦታዎች ይቀበላሉ.",0,0
mistral-7b,Ethiopia,Amharic,inst-4,New-pe-59,Family,በኢትዮጵያ ቤተሰብ በአንድ በተለይ ስንት ትውልድ ይኖራሉ በጥያቄ 1 ከቀዳማ በተመለከቱ በባህ ቤተሰብ በተለይ ስንት 3-4 ግዜት ይኖራሉ ይመጣል። በቤተሰብ በአንድ በተለይ ስንት 6-8 ግዜት ከቀዳማ በባህ ቤተሰብ በተለይ ስንት 2-3 ግዜት ከቀዳማ በባህ ቤተሰብ በተለይ ስንት 5 ግዜት ይኖራሉ በጥያቄ 3 ከቀዳማ በባህ ቤተሰብ በተለይ ስንት 4.6 ግዜት ከቀዳማ በባህ ቤተሰ,1,1.0
mistral-7b,Ethiopia,Amharic,inst-4,New-pe-65,Education,በኢትዮጵያ በመካከለኛ ደረጃ ት/ቤቶች ስንት የትምህርት አይነቶች ይሰጣሉ ፡፡ በቁጥር (ምሳሌ 12) ብቻ ያስቅምጡ። ከመሆኑ ተመለመጣቸውን በማሕበረ እና መራመት የሚሆንታል በመካከለኛ ደረጃ በመሆኑ በመራመት የሚሆንታል በመካከለኛ ደረጃ በመሆኑ በመራመት የሚሆንታል በመካከለኛ ደረጃ በመሆኑ በመራመት የሚሆንታል በመካከለኛ ደረጃ በመሆኑ በመራመት የሚሆንታል በ,0,0
mistral-7b,Ethiopia,Amharic,inst-4,New-pe-66,Education,በኢትዮጵያ በመጀመሪያ ደረጃ ትምህርቶች ውስጥ ከትምህርት በኋላ የሚሰጡ ታዋቂ ተጨማሪ ኢመደበኛ አንድ መልስ ባህል የሚፈራሽዎች በመጀመሪያ ተነጻማሪ በመሆኑ የሚፈራሽዎች አንድ መልስ ባህል የሚፈራሽዎች በኢትዮጵያ ተነጻማሪ በመሆኑ የሚፈራሽዎች አንድ መልስ ባህል የሚፈራሽዎች በኢትዮጵያ ተነጻማሪ በመሆኑ የሚፈራሽዎች አንድ መልስ ባህል የሚፈራሽዎች በኢትዮጵ,1,1.0
mistral-7b,Ethiopia,Amharic,inst-4,New-pe-74,Education,በኢትዮጵያ የህዝብ ዩኒቨርስቲዎች አማካኝ ዓመታዊ ትምህርት ክፍያ ስንት ነጻ። ሲሆነ ማሕበረብ መሰረፍ ለማህያዩ መጀመሪያ ነው በሚያዩ በመሰረፍ ማሕበረብ መጀመሪያ ነው በሚያዩ በመሰረፍ ማሕበረብ መጀመሪያ ነው በሚያዩ በመሰረፍ ማሕበረብ መጀመሪያ ነው በሚያዩ በመሰረፍ ማሕበረብ መጀመሪያ ነው በሚያዩ በመሰረፍ ማሕበረብ መጀመሪ,0,0
mistral-7b,Ethiopia,Amharic,inst-4,New-pe-76,Holidays/Celebration/Leisure,በኢትዮጵያ ፓርክስ ውስጥ የሚደረግ ታዋቂ እንቅስቃሴ ምንድነው በ[2] መልስ ባህላዊ መሆኑ ተመሆኑ ተመጡ። በመሆኑ ተመሆኑ ተመጡ፣ በዋላዊ ተመሆኑ ተመጡ። በ[2] መልስ ታዋቂ በማርያቱ በሚያዩ እንቅስቃሴ ምንድነው ተመጡ። በ[2] መልስ ታዋቂ በማርያቱ በሚያዩ እንቅስቃሴ ምንድነው ተመጡ።,0,0
mistral-7b,Ethiopia,Amharic,inst-4,New-pe-78,Holidays/Celebration/Leisure,"በኢትዮጵያ የሚካሄደው እጅግ ዝኘኛ የፊልም ፌስቲቫል ስም ""Addis International Film Festival"" መሆኑ።",0,0
mistral-7b,Ethiopia,Amharic,inst-4,New-pe-83,Holidays/Celebration/Leisure,"በኢትዮጵያ በማህበራዊ ስብሰባዎች ላይ የታወቀ የካርድ ጨዋታ ምንድን ነው በመሆኑ ስብሰባዎች በማህበራዊ የታወቀ የካርድ ጨዋታ ምንድን ነው ተመሆኑ በ[1] ቤተ ባህል በ[2] ቤተ ባህል በ[3] ቤተ ባህል ይመጡ። ከ[1] ቤተ ባህል በኢትዮጵያ የታወቀ የካርድ ጨዋታ ምንድን ነው ተመሆኑ ጠላቸው (gebeta), carrom (kerem), checkers, card games ወይም dominoes; የታወቀ ባህል በኢትዮጵያ በማህበራዊ በኤርቲስ ተመሆኑ የታወ",1,1.0
mistral-7b,Ethiopia,Amharic,inst-4,New-pe-85,Holidays/Celebration/Leisure,በጥያቄ ተመረጡ በኢትዮጵያ የሚሄዱ ጎብኝዎች በጣም የታወቀ የውጭ ሀገር መዳራሻ ቦታ ነው ተመረጡ በ[1] ተመረጡ የተመረጡ ጎብኝዎች በኢትዮጵያ በጣም የታወቀ የውጭ ሀገር መዳራሻ ቦታ ነው ተመረጡ በ[2] ተመረጡ የተመረጡ ጎብኝዎች በኢትዮጵያ በጣም የታወቀ የውጭ ሀገር መዳራሻ ቦታ ነው ተመረጡ በ[3] ተመረጡ የተመረጡ ጎብኝዎች በኢትዮጵያ በጣም የታወ,0,0
mistral-7b,Ethiopia,Amharic,inst-4,New-pe-86,Holidays/Celebration/Leisure,በኢትዮጵያ ውስጥ የሆነው ግንብ/ፎቅ ስም አለባቸው በመረጃ ማሳያት የሆነው ግንብ/ፎቅ ስም ተመረጃ። በ[1] መላዕቱ የሆነው ግንብ/ፎቅ ስም አለባቸው ተመረጃ ቤት በኢትዮጵያ የሆነው ቤት በመረጃ ማሳያት ተመረጃ። በ[2] መላዕቱ የሆነው ግንብ/ፎቅ ስም አለባቸው የሆነው ግንብ/ፎቅ በመረጃ ማሳያት ተመረጃ ላልሱክ ላልባለሁ። በ[3] መላዕቱ የሆነው ግንብ/ፎቅ ስም አለባቸው የሆ,0,0
mistral-7b,Ethiopia,Amharic,inst-4,New-spme-01,Food,በኢትዮጵያ በብዛት የሚውል ነፍሳት ምንድነው ተመረጃ፣ በኢትዮጵያ የሚያህህ ማብራሪያ በተመረጃ ቀላል ነፍሳት በባህ በተመረጃ ተመረጥል። በኢትዮጵያ የሚያህህ ምንድነው በባህ በተመረጥል። በኢትዮጵያ የሚያህህ ምንድነው በባህ በተመረጥል። በኢትዮጵያ የሚያህህ ምንድነው በባህ በተመረጥል። በኢትዮጵያ የሚያህህ ምንድነው በባህ በተመረጥል። በኢትዮጵያ የ,,
mistral-7b,Ethiopia,Amharic,inst-4,New-spme-04,Food,"በኢትዮጵያ የእርሻ ምርት ውጤቶች በብዛት ወደ ውጭ አገር ባህል, ተፈ, ኮራክ, ዋዕት, ሰርግም ናቸው በታሪ በባህል የመረጃ መሆኑ በመሆኑ ተመላላለን ይመለካል. ነፃ ኢትዮጵያ የመረጃ መሆኑ በማህደር በመሆኑ ተመላላለን ባህል በመሆኑ የመረጃ መሆኑ በማህደር በመሆኑ ተመላላለን ባህል በመሆኑ የመረጃ መሆኑ በማህደር በመሆኑ ተመላላለን ባህል በመሆኑ የመረጃ መ",0,0
mistral-7b,Ethiopia,Amharic,inst-4,New-spme-05,Food,"በኢትዮጵያ ጣፋጮች በጥቅም ተመረጡ፤ ቆሎ (ቆሎ, roasted barley with chickpeas and peanuts) ነው ባህል ጥቅም ተመረጡ፤ ድባ ክሎ (dabo kolo, small crunchy fried dough bites) ነው በኢትዮጵያ ተመረጡ፤ ባህል ተመረጡ፤ ተንባህል (popcorn) ነው በኢትዮጵያ ተመረጡ፤ ተንባህል (sambusa, lentil- or meat-filled pastry) ነው በኢትዮጵያ ተመረጡ፤ ተንባህል (biscuits) ነው በኢትዮጵያ ተመረጡ፤ የተቀላማ ጭፍ (yebekolo tibs, roasted corn) ነው በኢትዮጵያ ተመረጡ፤ ተንባህል (peanuts) ነው በኢትዮጵ",0,0
mistral-7b,Ethiopia,Amharic,inst-4,New-spme-15,Sport,በኢትዮጵያ ምን ዓይነት ስፖርት መጠጥ እጅግ ታዋቂ ነው በባህላዊ ቡና (buna) ማሕበረያ እንደ ጥቁር ባህላዊ ቡና መጠጥ እጅግ ታዋቂ ነው ይሰራሽው ይመጣል። ቡና በኢትዮጵያ የሚያዩ ማሕበረያ ተመረጣል በመጽሐፍ እንዲያ በመጸመና በማሕበሪ ተመረጣል ነው። ቡና የሚያዩ ተመረጥ አንድ መጠጥ ታዋቂ ነው በማሕበሪ በመጽሐፍ እንዲያ በመጸመና በማሕበሪ ተ,0,0
mistral-7b,Ethiopia,Amharic,inst-4,New-spme-27,Education,በኢትዮጵያ ሰዎች አማካኝ ትምህርት ደረጃ መሆኑ ይህ መልስ በመሆኑ ታሪክስ በማህበረ ተግባቢት ያለው ይመጡ፡ በታሪክስ በኢትዮጵያ ተረጃ በማህበረ ተግባቢት ተመሆን እና ተደረጃ መሆኑ በማህበረ ተግባቢት መሆን በታሪክስ በኢትዮጵያ ተመሆን በማህበረ ተግባቢት ተደረጃ መሆኑ ይመጡ፡ በታሪክስ በኢትዮጵያ ተመሆን በማህበረ ተግባቢት ተደረጃ መሆኑ በ,0,0
mistral-7b,Ethiopia,Amharic,inst-4,New-spme-37,Education,"ከኢትዮጵያ ለትምህርት ወደ ተማሪዎች የሚያጠኑት ሙያ መረጃ, መረጃህ, ፒሬስ ነው. ተማሪዎች የሚያጠኑት ሙያ መረጃ መረጃህ ነው ተማሪዎች የሚያጠኑት ሙያ ፒሬስ ነው. መረጃ ነው ተማሪዎች የሚያጠኑት ሙያ አንባህ ነው. መረጃህ ነው ተማሪዎች የሚያጠኑት ሙያ አንባህ ነው. መረጃህ ነው ተማሪዎች የሚያጠኑት ሙያ አንባህ ነው. መረጃህ ነው ተማሪዎች የሚያጠኑት ሙ",0,0
mistral-7b,Ethiopia,Amharic,inst-4,New-spme-60,Family,በኢትዮጵያ የትኛው የሳምንቱ ቀን በተለይ ሰዎች በተመርባዊ እንቅስቃሴዎችን ያደርጋሉ ማክሰኞ በሚፈላመት በመሆኑ በመሆኑ በመጣቢያ በማስተኛ በሚፈላመት በመሆኑ በመጣቢያ በሚፈላመት በማስተኛ በመጣቢያ በሚፈላመት በማስተኛ በመጣቢያ በሚፈላመት በማስተኛ በመጣቢያ በሚፈላመት በማስተኛ በመጣቢያ በሚፈላመት በማስተኛ በመጣቢያ በሚፈላመት በማስተ,0,0
mistral-7b,Ethiopia,Amharic,inst-4,New-spme-65,Family,"በኢትዮጵያ በጣም ታዋቂ የሆነው በተለይ ብሔራዊ የነፃነት ቀን የሚከበርበት ሁኔታ/መንገድ ማህበረበት አይነት ነው. የሚከተለውን ጥያቄ በኢትዮጵያ በጣም ታዋቂ የሆነው በተለይ ብሔራዊ የነፃነት ቀን የሚከበርበት ሁኔታ/መንገድ ማህበረበት መስቀል (መስቀል, Finding of the True Cross, 27 September) ነፃነት ተወጣበት ይህን የሚከበርበት ሁኔታ/መንገድ ምን አይነት ነው. ማስተካለሁ መልስ የሚከበርበት ሁኔታ/መንገድ ",0,0
mistral-7b,Ethiopia,Amharic,inst-4,New-spme-68,Family,በኢትዮጵያ ልጆች መካከል የሆነ መጠጥ ባህና (buna) መጠጥ ምንድነው ይህ። ባህና የተመረጡ ቤተ ቡና በማሳያት በመጽሐፍ በባህና በባህና በባህና ተመረጡ ይህን አሳፍ በማሳያት በባህና በባህና በባህና ተመረጡ ፡፡ በኢትዮጵያ ልጆች መካከል ባህና የሆነ መጠጥ ተመረጡ በዚህ በማሳያት በባህና በባህና በባህና ተመረጡ ፡፡ በኢትዮጵያ ልጆች መካከል ባህ,0,0
mistral-7b,Ethiopia,Amharic,inst-4,New-spme-76,Holidays/Celebration/Leisure,"ጥያቄ, በኢትዮጵያ የተለይ ብሔራዊ የነፃነት ቀን የሚከበርበት ቦታ ስም ""Adwa Victory Day"" መሆኑ። ይህ ተጥቁፍ የኢትዮጵያ ማህበረ ሓላችን ነው ባህል ተመሆኑ በሜንሌክ ቤት በከሳብ አዲስ አበባ በፍራማዊ የመሆኑ ግንባር ነው በመሆኑ ቤት በመሆኑ ቤት በመሆኑ ቤት በመሆኑ ቤት በፍራማዊ የመሆኑ ግንባር ነው በአዲስ አበባ ቤት በመሆኑ ቤት በመሆኑ ቤት በፍራማዊ የመሆኑ ግንባር ነው በአ",1,0.5
mistral-7b,Ethiopia,Amharic,inst-4,New-spme-78,Holidays/Celebration/Leisure,"በኢትዮጵያ በተለይ ለልደት ዝግጅት የሚዘመር መዝሙር ስም ""Melkam Lidet"" ይባላል.",0,0
mistral-7b,Ethiopia,Amharic,inst-4,New-su-01,Food,"በኢትዮጵያ ት/ቤቶች ፊት ለፊት የሚሸጡ አማራጮች ምንናን ናቸው ተመረጠ፣ kolo (ቆሎ, roasted barley with chickpeas and peanuts), dabo kolo (small crunchy fried dough bites), sambusa (lentil- or meat-filled pastry), popcorn, yebekolo tibs (roasted corn), peanuts, chips (French fries) ውስጥ የመተኛል።",0,0
mistral-7b,Ethiopia,Amharic,inst-4,New-su-09,Food,"በኢትዮጵያ ለምግብ ማብሰል በተለይ የሚጠቀምበት ዘይት ቤተ ተፈረ ነው (sunflower, palm or nug/niger-seed oil) ወይም ንግራች ነው (niter kibbeh butter).",0,0
mistral-7b,Ethiopia,Amharic,inst-4,New-su-10,Food,"በኢትዮጵያ የሚጠቀሙት ምግብ ተማለሁ ገንፎ (ገንፎ, ከባህ ያለበሩ ሴቶ ነው) ወይም አትሚት (ከባህ ያለበሩ ጥቃ ተመለሁ) የታችላለ ነው ይህን በመራከቱ እና ማግራተኞች የታችላለ ነው በመሪያት በመረጃ በማህና በመረጃ የታችላለ ነው በመሪያት በመረጃ በማህና በመረጃ የታችላለ ነው በመሪያት በመረጃ በማህና በመረጃ የታችላለ ነው በመሪያት በመረጃ በ",0,0
mistral-7b,Ethiopia,Amharic,inst-4,New-su-15,Food,በኢትዮጵያ የሆነ ባህላዊ መጠጥ ታዋቂ ተመረጃ ተጠቃሚ (tej) ነው. Tej ጠጅ መሆኑ የሆነ ባህላዊ መጠጥ ታዋቂ ነው. ተጠቃሚ በማሕበረ እና መሆኑ የሆነ ባህላዊ መጠጥ ታዋቂ ነው. Tej በማሕበረ እና መሆኑ የሆነ ባህላዊ መጠጥ ታዋቂ ነው. Tej በማሕበረ እና መሆኑ የሆነ ባህላዊ መጠጥ ታዋቂ ነው. Tej በማሕበረ እና መሆኑ የሆነ ባህላዊ መጠጥ ታዋቂ ነው. Tej,0,0
mistral-7b,Ethiopia,Amharic,inst-4,New-su-17,Sport,በኢትዮጵያ ፓርኮች በጣም የሚገኙ ስፖርት ተቋማት በመሆኑ በመሆና በመሆከቱ የሚገኙ ስፖርት ተቋማት ባህል በመሆኑ በመሆና በመሆከቱ የሚገኙ ስፖርት ተቋማት ባህል በመሆኑ በመሆና በመሆከቱ የሚገኙ ስፖርት ተቋማት ባህል በመሆኑ በመሆና በመሆከቱ የሚገኙ ስፖርት ተቋማት ባህል በመሆኑ በመሆና በመሆከቱ የሚገኙ ስፖርት ተቋማት ባህል በመሆኑ በመሆና በመሆከቱ የሚገኙ,0,0
mistral-7b,Ethiopia,Amharic,inst-4,New-su-21,Sport,በኢትዮጵያ የሽማግሌዎች በፓርኮች ውስጥ የሚያደርጉት የተለመዱ እንቅስቃሴዎች በማሳይ ፓርኮ መሆኑ መጫና መሰረሃይ መሆኑ በመሆኑ ፓርኮ መሆኑ መጫና መሰረሃይ መሆኑ በማሳይ ፓርኮ መሆኑ መጫና መሰረሃይ መሆኑ በማሳይ ፓርኮ መሆኑ መጫና መሰረሃይ መሆኑ በማሳይ ፓርኮ መሆኑ መጫና መሰረሃይ መሆኑ በማሳይ ፓርኮ መሆኑ መጫና መሰረሃይ መሆኑ ,0,0
mistral-7b,Ethiopia,Amharic,inst-4,New-su-24,Sport,በኢትዮጵያ በጋራ የሚጫወቱ ስፖርቶች ተመረጃ እግር ኳስ (football) ነው ማብራሪያ መሆኑ በመሆኑ ከመሆኑ ግን የሚጫወቱ ስፖርቶች ምንናን ናቸው በ[1] እና [3] መልስ ታደረጃ በመሆኑ የሚጫወቱ ስፖርቶች ተመረጣል። [2] በኢትዮጵያ በጋራ የሚጫወቱ ስፖርቶች ተመረጣል ጎባታ (gebeta) ነው ማብራሪያ መሆኑ በመሆኑ የሚጫወቱ ስፖርቶች ተመረጣል እና ካባሪም (carrom) ነው ማብራሪያ መሆኑ በ,1,1.0
mistral-7b,Ethiopia,Amharic,inst-4,New-su-28,Sport,በተያያዘ ቀለም የብሄራዊ እግር ኳስ ቡድን የተመረጠባይ ቀላማ በሚያዩ ቀላማ ነው። በመሆኑ የጥያቄ ተመረጠባይ ቀላማ በሚያዩ ቀላማ ነው የተመረጠባይ ቀላማ በአዲስ አበባ ስቡራዊ መልስ ብቻ ይስጡ።,0,0
mistral-7b,Ethiopia,Amharic,inst-4,New-su-33,Education,በኢትዮጵያ በትምህርት ቤት መምህራን ለተለመደ ልብስ አይነት በሚፈጣ፣ በማሕበረ፣ በመራመራ፣ በመላክ እና በመጽሐፍ ማሕበረ የሚፈጣ፡፡ በሚያደረጃ እንደ ተመለመደ ልብስ የሚፈጣ፣ በማሕበረ በመራመራ እንደ ተመለመደ ልብስ የሚፈጣ፡፡ በመላክ እንደ ተመለመደ ልብስ የሚፈጣ፡፡ በመጽሐፍ እንደ ተመለመደ ልብስ የሚፈጣ፡፡ በማሕበረ በመራመራ እንደ ተመለ,0,0
mistral-7b,Ethiopia,Amharic,inst-4,New-su-34,Education,በኢትዮጵያ ትምህርት ቤቶች ውስጥ የተያያዘ እና ተወዳጅ የተጨማሪ ትምህርት እንቅስቃሴ በመሆኑ በመሆና በደረግ የተጨማሪ ትምህርት እንቅስቃሴ በኢትዮጵያ ቤቶች በመሆኑ የተያያዘ በሙዚቃ በደረግ በቀንታ በቀንታ እና በቀንታ በቀንታ የተያያዘ ማስጡ በፍቅር በፍቅር እንቅስቃሴ ምንድን ነው በመሆኑ የተያያዘ በሙዚቃ በደረግ በቀንታ በቀንታ እንቅስቃሴ የተያያዘ በፍቅር በ,1,0.5
mistral-7b,Ethiopia,Amharic,inst-4,New-su-42,Education,በኢትዮጵያ ትምህርት ቤቶች የትኛው ሃይማኖት በትምህርት መልክ ይሰጣል አሳሳያዩ። በኢትዮጵያ የተመረጃ ቤቶች የሃይማኖት በባህላዊ መልክ ያለው ሰጡ። በኢትዮጵያ የተመረጃ ቤቶች የሚሳሳያ ህዝባዊ መልክ የመሸረፍ እና ሀገራቱ መሰረፍ መሳሳያዩ።,0,0
mistral-7b,Ethiopia,Amharic,inst-4,New-su-45,Education,ትምህርት ቀን በኢትዮጵያ 12/31 ቀን ይከበራል አለ፣ የኢትዮጵያ ቀን ቀን ቅፅ ምሳላቸው 11/9 ቀን ይከበራል በጥያቄ በመሆኑ ተመለከቱ በሚኒባህ ቀን 12/31 ቀን ይግዳው በማስተካዊ በመሆኑ ተመለከቱ በሚኒባህ ቀን 12/31 ቀን የጥያቄ ቀን ቅፅ ምሳላቸው በኢትዮጵያ አለባቸው በመሆኑ ተመለከቱ በሚኒባህ ቀን 12/31 ቀን የጥያቄ ቀን ቅፅ ምሳላቸው በኢትዮጵያ አለባቸው በመሆኑ ተ,,
mistral-7b,Ethiopia,Amharic,inst-4,New-su-50,Work life,በኢትዮጵያ በተራራማ አካባቢዎች ሰዎች ነው የመረጃ መሪያ መሸክ ማሳዊ መረጃ መሰረበት ነው።,0,0
mistral-7b,Ethiopia,Amharic,inst-4,New-su-51,Work life,በኢትዮጵያ በባህር ዳርቻ አካባቢ የሚኖሩ ሰዎች በመረጃ በፍሪዝ በማህክላቸው የተመረጃ መረጃ በባህር ዳርቻ አካባቢ በተፍሪዝ በማህክላቸው የተመረጃ መረጃ በባህር ዳርቻ አካባቢ በማህክላቸው የተመረጃ መረጃ በባህር ዳርቻ አካባቢ በተፍሪዝ በማህክላቸው የተመረጃ መረጃ በባህር ዳርቻ አካባቢ በተፍሪዝ በማህክላቸው የተመረጃ መረጃ በባህር ዳርቻ አ,0,0
mistral-7b,Ethiopia,Amharic,inst-4,New-su-57,Work life,በኢትዮጵያ በተለይ የሚረቡ እንስሳት ምንድነው በመሆኑ ጥቁቅ በማሕበረ በሚያዝባለው የተመለሻ ክልል ጥቁቅ በማሕበረ በሚያዝባለው የተመለሻ ክልል ጥቁቅ በማሕበረ በሚያዝባለው የተመለሻ ክልል ጥቁቅ በማሕበረ በሚያዝባለው የተመለሻ ክልል ጥቁቅ በማሕበረ በሚያዝባለው የተመለሻ ክልል ጥቁቅ በማሕበረ በሚያዝባለው የተመለሻ ክልል ጥቁቅ በማሕበረ ,0,0
mistral-7b,Ethiopia,Amharic,inst-4,New-su-58,Work life,በኢትዮጵያ በአብዛኛው ለእርሻ ስራ የሚያገለግሉ እንስሳት የትኞቹ ናቸው መሆኑ በመሆኑ ተመረጡ ባህል በማሕረት የተመረጡ ቤተ በውሃይ እንዲሁም በመሆኑ በማሕረት የተመረጡ ቤተ በመሆኑ በውሃይ በመሆኑ በማሕረት የተመረጡ ቤተ በመሆኑ በውሃይ በመሆኑ በማሕረት የተመረጡ ቤተ በመሆኑ በውሃይ በመሆኑ በማሕረት የተመረጡ ቤተ በመሆኑ በውሃይ በመሆኑ ,0,0
mistral-7b,Ethiopia,Amharic,inst-4,New-su-59,Work life,ገበሬዎች ከፀሐይ ሙቀት ራሳቸውን ለመከላከል ጥቅላይ በማህበረ ነው ሃሳት ሓላችን (ባህራ ከምስ) መጥቀላይ መጠቀላው ማህበረ ሓላችን (ነተላ) መጥቀላው መጠቀላው ማህበረ ሓላችን (ትቤበ) ነው መሆኑ።,0,0
mistral-7b,Ethiopia,Amharic,inst-4,New-su-60,Work life,"በኢትዮጵያ እርሻ ሠራተኞች በምሳ ላይ በተለይ ተመጣ፣ injera ወይም shiro (ሽሮ, chickpea-flour stew) ወይም misir wat (lentils) ወይም beyaynetu (mixed fasting platter) በእንደ ባህል በመጫ፣ በማሕረት ወይም በመጽሐፍ በእንደ ባህል በመጫ፡ በተመጨረተ በማሕረት በእንደ ባህል በተለይ kitta bread, kolo ወይም injera ወይም shiro በእንደ ባህል በመጫ፡ በኢትዮጵያ በማሕረት በመጫ፣ shiro ወይም pasta በእንደ ባህል በመጫ፡ የተመጨረተ በማሕረት በመጫ በእንደ",1,1.0
mistral-7b,Ethiopia,Amharic,inst-4,New-su-71,Family,በኢትዮጵያ ለልጆቻቸው ቀን በአብዛኛው ባህላዊ ተመረጡ በሚራሱ በመሆኑ በመሆኑ በመሆኑ ይሰጣሉ ፡፡ በሚራሱ በመሆኑ በመሆኑ በመሆኑ ይሰጣሉ ፡፡ በሚራሱ በመሆኑ በመሆኑ በመሆኑ ይሰጣሉ ፡፡ በሚራሱ በመሆኑ በመሆኑ በመሆኑ ይሰጣሉ ፡፡ በሚራሱ በመሆኑ በመሆኑ በመሆኑ ይሰጣሉ ፡፡ በሚራሱ በመሆኑ በመሆኑ በመሆኑ ይሰጣሉ ፡,0,0
mistral-7b,Ethiopia,Amharic,inst-4,New-su-75,Family,በኢትዮጵያ የቤተሰቦች በባህ በማሪቡ በመኪና አይነት መረጃ የተመረጃ፣ በመካና በባህ በማሪቡ በመኪና አይነት የተመረጃ፣ በመካና በባህ በማሪቡ በመኪና አይነት የተመረጃ። በኢትዮጵያ ቤተሰቦች በባህ በማሪቡ የተመረጃ፣ በኢትዮጵያ ቤተሰቦች በመካና በባህ በማሪቡ የተመረጃ።,0,0
mistral-7b,Ethiopia,Amharic,inst-4,New-su-77,Holidays/Celebration/Leisure,በኢትዮጵያ ለልጆች ለኢዲ ባዕል ምን ስጦታ ይሰጣል በመረጃ ማህበሬ በእርቲ በካላችን በመረጃ የመረጃ ፕርስት በመረጃ የመረጃ ልጆች እንደ ማህበሬ በካላችን በመረጃ የመረጃ ልጆች በመረጃ የመረጃ ልጆች እንደ ማህበሬ በካላችን በመረጃ የመረጃ ልጆች በመረጃ የመረጃ ልጆች እንደ ማህበሬ በካላችን በመረጃ የመረጃ ልጆች በመረጃ የመረጃ ልጆች እንደ ማህበሬ በካላች,0,0
mistral-7b,Ethiopia,Amharic,inst-4,New-su-81,Holidays/Celebration/Leisure,በኢትዮጵያ ሙሽራዎች ቀን በተለይ የሚለብሱት አልባሳት በኢትዮጵያ መረጃ ማስፈሪያ ተመረጃ፡/፡ በኢትዮጵያ ሙሽራዎች ቀን በተለይ የሚለብሱት አልባሳት በኢትዮጵያ መረጃ ማስፈሪያ ተመረጃ በባህላዊ መረጃ መሆኑ መሆና ማታደር በፍራሲ በመሆነ በመሆና በፍራሲ በመሆኑ ይስጡ። በኢትዮጵያ ሙሽራዎች ቀን በተለይ የሚለብሱት አልባሳት በኢትዮጵያ መረጃ ማስፈ,0,0
mistral-7b,Ethiopia,Amharic,inst-4,New-su-82,Holidays/Celebration/Leisure,በኢትዮጵያ ሴት ሙሽራዎች በሰርጋቸው የሚለብሱት አልባሳት ምንድነው በመሆኑ ቀን ተመለጠረክ የሚያዝባለሁ ቤት ውስጥ በማህናቸው ተመለጠረክ በመሆኑ ቀን ተመለጠረክ የሚያዝባለሁ ቤት ውስጥ በማህናቸው ተመለጠረክ የሚያዝባለሁ ቤት ውስጥ በማህናቸው ተመለጠረክ የሚያዝባለሁ ቤት ውስጥ በማህናቸው ተመለጠረክ የሚያዝባለሁ ቤት ውስጥ በማህናቸው ተመለ,0,0
mistral-7b,Ethiopia,Amharic,inst-4,New-su-83,Holidays/Celebration/Leisure,በኢትዮጵያ ምን ዓይነት ምግብ በሰርግ ቀን ላይ ተመጣጣኝ ይሆናል በጥያቄ መረጃ በመሪያት በሰርግ ቀን ላይ ተመጣጣኝ ይሆናል በዚህ በሰርግ ቀን ላይ ተመጣጣኝ ይሆናል በዚህ በሰርግ ቀን ላይ ተመጣጣኝ ይሆናል በዚህ በሰርግ ቀን ላይ ተመጣጣኝ ይሆናል በዚህ በሰርግ ቀን ላይ ተመጣጣኝ ይሆናል በዚህ በሰርግ ቀን ላይ ተመጣጣኝ ይሆናል በዚህ በሰርግ ቀን ላይ ተ,0,0
mistral-7b,Ethiopia,Amharic,inst-4,New-su-86,Holidays/Celebration/Leisure,በኢትዮጵያ ታዋቂ የመንግሥት ሕንጻ የሚያደረጃ፣ ነው መልስ አማራቱ መንግሥት ሕንጻ ህዝባቸው የሚያደረጃ፡/፡ ነው መልስ አማራቱ መንግሥት ሕንጻ የሚያደረጃ ህዝባቸው ነው መልስ አማራቱ መንግሥት ሕንጻ የሚያደረጃ ህዝባቸው ነው መልስ አማራቱ መንግሥት ሕንጻ የሚያደረጃ ህዝባቸው ነው መልስ አማራቱ መንግሥት ሕንጻ የሚያደረጃ ህዝባቸው ነው መልስ አማራቱ መንግሥት ሕንጻ የሚያ,0,0
mistral-7b,Ethiopia,Amharic,inst-4,New-su-88,Holidays/Celebration/Leisure,በኢትዮጵያ ወጣቶች በእጅጉ የሚወዱት ሙዚቃ አይነት ተመረጡ ባህል በማስካዊ በመሆኑ የተመረጡት በሚያዝባህ በመሆኑ በማስካዊ በመሆኑ የተመረጡት በሚያዝባህ በመሆኑ በማስካዊ በመሆኑ የተመረጡት በሚያዝባህ በመሆኑ በማስካዊ በመሆኑ የተመረጡት በሚያዝባህ በመሆኑ በማስካዊ በመሆኑ የተመረጡት በሚያዝባህ በመሆኑ በማስካዊ በመሆኑ የተመረጡት በ,0,0
mistral-7b,Ethiopia,Amharic,inst-4,Ni-en-02,Education,በኢትዮጵያ የመካከለኛ ትምህርት ቤት ተማሪዎች የቀኑን ትምህርት የሚያጠናቅቁት ስንት ሰዓት 4-5 ሰዓት ነው. በ[1] ታሪክ ባህል ተመረጡ። በ[2] ታሪክ ባህል ተመረጡ። በ[3] ታሪክ ባህል ተመረጡ።,0,0
mistral-7b,Ethiopia,Amharic,inst-4,Ni-en-03,Education,በኢትዮጵያ በአረብኛ ቁጥር ብቻ ምሳሌ 12 ይምረጡ። በኢትዮጵያ በተለይ በቀመሎ በተመለከቱ በባህል በግራብ በተመለከቱ በዩኒቨርስቲ ይሄዳሉ። በኢትዮጵያ በቀመሎ በተመለከቱ በባህል በግራብ በተመለከቱ ይሄዳሉ በቀመሎ በባህል በግራብ በተመለከቱ በዩኒቨርስቲ ይሄዳሉ በቀመሎ በባህል በግራብ በተመለከቱ በዩኒቨርስቲ ይሄዳሉ በቀመሎ በባህል,0,0
mistral-7b,Ethiopia,Amharic,inst-4,Ni-en-06,Education,በአረቢክ ቁጥሮች (ምሳሌ 12) ብቻ በኢትዮጵያ ሰዎች መሄድ አለባቸው ይህን መሆኑ መሳሌ 12 ብቻ በኢትዮጵያ ሰዎች መሄድ አለባቸው ይህን መሆኑ መሳሌ 12 ብቻ በኢትዮጵያ ሰዎች መሄድ አለባቸው ይህን መሆኑ መሳሌ 12 ብቻ በኢትዮጵያ ሰዎች መሄድ አለባቸው ይህን መሆኑ መሳሌ 12 ብቻ በኢትዮጵያ ሰዎች መሄድ አለባቸው ይህን መሆኑ መሳሌ 12 ብቻ በኢትዮጵያ ሰ,0,0
mistral-7b,Ethiopia,Amharic,inst-4,Ni-en-09,Education,በኢትዮጵያ ልጆች በሳምንት ስንት ቀን ት/ቤት ይሄዳሉ 6-7 ድረስ የዓረብ ቁጥሮችን ብቻ ያቅርቡ።,0,0
mistral-7b,Ethiopia,Amharic,inst-4,Ni-en-11,Education,"በኢትዮጵያ የሁለተኛ ዲግሪ ለመጨረስ 12 ሰነሳት አመት ይፈጣል. ለመጨረስ በኢትዮጵያ የሁለተኛ ዲግሪ 5 ሰነሳት (ለመረጃ 4, ለመረጃ 5 ለመረጃ 6) ይፈጣል. በኢትዮጵያ የሁለተኛ ዲግሪ ለመጨረስ 18-19 ይህን መሆኑ ይጠቃል ወደ 22-23.",1,1.0
mistral-7b,Ethiopia,Amharic,inst-4,Ni-en-12,Education,"በኢትዮጵያ ስመጥር የሚያመለክት አንድ ማን ነው ተመረጡ በመሆኑ ባህር ያለው የተመረጡ ማን አንድ ማን ነው በ[1] ቤት በAddis Ababa University (AAU) በAddis Ababa Institute of Technology በCollege of Health Sciences (Black Lion/Tikur Anbessa Hospital) መሆኑ የሚያመለክት አንድ ማን ነው በመሆኑ ባህር ያለው የተመረጡ ማን አንድ ማን ነው በJimma University, University of Gondar, Bahir Dar University, Haramaya University ያለው Adama Science and Technology University መሆኑ የሚያመለክት አንድ ማን ነው በ[2] ቤት በMedicine, Engineering, Computer Science, Accounting and Economics መሆኑ የሚያመለክት አንድ ማን ነው በ[3] ቤት በFirst-year (freshman) students at Ethiopian universities በCommunicative",1,1.0
mistral-7b,Ethiopia,Amharic,inst-4,Ni-en-13,Education,በአረቢኛ ቁጥሮች (ምሳሌ 12) ብቻ ይምረጡ፤ በኢትዮጵያ ባብዛኛው ሰዎች በመሆኑ በመሆኑ በመሆኑ በመሆኑ በመሆኑ ይምረጡ።,0,0
mistral-7b,Ethiopia,Amharic,inst-4,Ni-en-15,Education,በኢትዮጵያ ልጆች በየትኛው ዕድሜ ያቸው ነው መካከለኛ ደርጃ ትምህርት ቤት የሚጀመሩት በመካከለኛ 13 ፡፡,0,0
mistral-7b,Ethiopia,Amharic,inst-4,Ni-en-17,Work life,በኢትዮጵያ አንድ ሙሉ ጊዜ ሰዓት በሳምንት 8 ሰዓት ሰራል። (1),0,0
mistral-7b,Ethiopia,Amharic,inst-4,Ni-en-19,Work life,በኢትዮጵያ አስተማማኝ ሙሉ ጊዜ ሠራተኛ በአንድ ሳምንት 6 ድረስ የዓረብ ቁጥሮችን ብቻ ስጡ።,1,0.6666666666666666
mistral-7b,Ethiopia,Amharic,inst-4,Ni-en-20,Work life,በኢትዮጵያ በተለይ ሰዎች ስራ የሚጀምሩ በሳላፍ እድሜያቸው ነው (12)።,0,0
mistral-7b,Ethiopia,Amharic,inst-4,Ni-en-21,Work life,በኢትዮጵያ ተፈቀደ እድሜ በሚረጡ በማህደመና በመሆኑ በመሆኑ በመሆኑ በመሆኑ በማህደመና በሚረጡ በማህደመና በሚረጡ በማህደመና በሚረጡ በማህደመና በሚረጡ በማህደመና በሚረጡ በማህደመና በሚረጡ በማህደመና በሚረጡ በማህደመና በሚረጡ በማህደመና በሚረጡ በማህደመና በሚረጡ በማህደመና በሚረጡ በማህደመና በሚረጡ በ,0,0
mistral-7b,Ethiopia,Amharic,inst-4,Ni-en-31,Holidays/Celebration/Leisure,በኢትዮጵያ ገና በአል ሲያከብሩ ይመገባሉ ደርሃ ውሃይ ንባህ ማስታወቂያ እና መረጃ መሪያት መሰረፍ መረጃ ማስታወቂያ እና መረጃ መሪያት መሰረፍ መረጃ ማስታወቂያ እና መረጃ መሪያት መሰረፍ መረጃ ማስታወቂያ እና መረጃ መሪያት መሰረፍ መረጃ ማስታወቂያ እና መረጃ መሪያት መሰረፍ መረጃ ማስታወቂያ እና መረጃ መሪያት መሰረፍ መረጃ ማስታወቂያ,0,0
mistral-7b,Ethiopia,Amharic,inst-4,Ni-en-37,Holidays/Celebration/Leisure,በኢትዮጵያ ሰዎች ፍቅርን እና ሮማንስን የሚያከብሩበት ዓመት ውስጥ የቀኑን ስም ባህል ተመሸክሽ (ቤተ መሸክሽ) ውስጥ የሚያከብሩበት ዓመት መሆኑ ተመሸክሽ (ቤተ መሸክሽ) ህዝብ ማሳያት መሆኑ የሚያከብሩበት ዓመት መሆኑ ተመሸክሽ (ቤተ መሸክሽ) ህዝብ የሚያከብሩበት ዓመት መሆኑ ተመሸክሽ (ቤተ መሸክሽ) ህዝብ የሚያከብሩበት ዓመት መሆኑ ተመሸክሽ (ቤተ መሸክሽ) ,0,0
mistral-7b,Ethiopia,Amharic,inst-4,Ni-en-40,Holidays/Celebration/Leisure,"በኢትዮጵያ ምን ዓይነት የገና ሙዚቃ እጅግ ታዋቂ ነው በመሆኑ ፍላሹክ (Fasika), ገንና (Genna), መስከል, እንቅታታሴ (Enkutatash) ወደ የሚፈራሽው ማሕግመዝ ነው በመሆኑ ፍላሹክ ወደ መስከል ታዋቂ የገና ሙዚቃ እጅግ ታዋቂ ነው በመሆኑ ፍላሹክ ወደ መስከል ታዋቂ የገና ሙዚቃ እጅግ ታዋቂ ነው በመሆኑ ፍላሹክ ወደ መስከል ታዋቂ የገና ሙዚቃ እጅግ ታዋቂ ነው በመሆኑ ፍላሹ",0,0
mistral-7b,Ethiopia,Amharic,inst-4,Nu-in-04,Education,በኢትዮጵያ ሁለተኛ ደረጃ ትምህርት ቤቶች በአንድ ዓመት ስንት ሴሜስተሮች በካባቢ 2022/23 ቤተ ጥያቄ በፍጥና በመረጃ በማህበረ በሚሳለት ተወሰራል በፍጥና በመረጃ በማህበረ በሚሳለት ተወሰራል በፍጥና በመረጃ በማህበረ በሚሳለት ተወሰራል በፍጥና በመረጃ በማህበረ በሚሳለት ተወሰራል በፍጥና በመረጃ በማህበረ በሚሳለት ተወሰራል በፍጥና በመረጃ ,1,1.0
mistral-7b,Ethiopia,Amharic,inst-4,Nu-in-05,Education,በኢትዮጵያ አዲስ የትምህርት ዓመት በመስከር (Meskerem) ይጀምሩል።,0,0
mistral-7b,Ethiopia,Amharic,inst-4,Nu-in-06,Education,በኢትዮጵያ ብሄራዊ መምህራን ቀን መቼ ይከበራል (በወር/ቀን ቅጽ ይምረጡ (ምሳሌ 12/31)) ተመሸክ፣ በሚካቄ የሚከተለውን ጥያቄ አንባቡ መልስ በኢትዮጵያ በማህበረ የሚፈላሳው ቀን ተመሸክ፡፡ በኢትዮጵያ ብሄራዊ መምህራን ቀን መቼ ተመሸክ የሚፈላሳው ቀን በ[1] እና [2] ያለው በ[3] መልስ ተመሸክ የሚፈላሳው ቀን ተመሸክ በኢትዮጵያ ብሄራዊ የሚፈላሳው ቀን ተመሸክ በማህ,0,0
mistral-7b,Ethiopia,Amharic,inst-4,Nu-in-11,Education,በኢትዮጵያ የመጀመሪያ ደረጃ ትምህርት ቤት በመሆኑ በማህበረ ቀን (8:00) ይጠባል።,0,0
mistral-7b,Ethiopia,Amharic,inst-4,Nu-in-20,Family,የኢትዮጵያ የልጆች ቀን መቼ በሚፈቅር (Meskerem) 12/31 ይከበራል ይሰጡ፣ ማስረግ የመቼ ቀን ቅጽ በሚፈቅር (Meskerem) 12/30 ይናገባል ይሰጡ።,,
mistral-7b,Ethiopia,Amharic,inst-4,Nu-in-40,Work life,በኢትዮጵያ ለሥራ ፈላጊዎች ዋናው ማንዣት የመሰረሃይ መሸጠ መሳሪካ ነው (ተመሸጡ ማርካቶ መረጃ ባህል በመሸጥት በመሸጥት ውስጥ) ነው.,0,0
mistral-7b,Ethiopia,Amharic,inst-4,Sa-en-1,Food,ኢትዮጵያ የተወደዱ ፈጣን ምግብ ሰንሰለት ውጤታ እንጀራ (እንጀራ) ህዝቡ መረጃ የሆነ መሪያ ፍጣን ምግብ ሰንሰለት ህዝቡ መረጃ መሪያ ፍጣን ነው. ኢትዮጵያ የተወደዱ ፈጣን ምግብ ሰንሰለት ህዝቡ መረጃ ነው ድርጓ ዶሮ ወጥ (ዶሮ ወጥ) የማንበረሳው ባህል ካሎ ተመረጃ በተመሪያ በሐይማው የተመረጃ ካሎ ተመረጃ በተመሪያ በሐይማው የተመረጃ ካሎ ተመረጃ በተመሪ,0,0
mistral-7b,Ethiopia,Amharic,inst-4,Sa-en-13,Food,በኢትዮጵያ በጣም የሚከፋፈለው ተማለሁ በመሆኑ በመሆኑ በመጣቢት በመጥፋ በማርያክሃል የሚደረግ፤ በኢትዮጵያ ምን ዓይነት በጣም የሚከፋፈለው ተማለሁ በመሆኑ በመሆኑ በመጣቢት በመጥፋ በማርያክሃል የሚደረግ፤ በኢትዮጵያ ምን ዓይነት በጣም የሚከፋፈለው ተማለሁ በመሆኑ በመሆኑ በመጣቢት በመጥፋ በማርያክሃል የሚደረግ፤ በኢትዮጵያ ምን ዓይነት በጣም የሚከ,0,0
mistral-7b,Ethiopia,Amharic,inst-4,Sa-en-16,Sport,በኢትዮጵያ ሰዎች መካከል እጅግ ታዋቂ የእግር ኳስ ቡድን በማህበሩ መሆኑ ነው ከመሆኑ እግር ኳስ ተመሆኑ የሚያዝግ ማህበሩ መሆኑ በኢትዮጵያ ተመሆኑ የሚያዝግ ማህበሩ መሆኑ በኢትዮጵያ ተመሆኑ የሚያዝግ ማህበሩ መሆኑ በኢትዮጵያ ተመሆኑ የሚያዝግ ማህበሩ መሆኑ በኢትዮጵያ ተመሆኑ የሚያዝግ ማህበሩ መሆኑ በኢትዮጵያ ተመሆኑ የሚያዝግ ማህበ,0,0
mistral-7b,Ethiopia,Amharic,inst-4,Sa-en-22,Sport,በኢትዮጵያ ስፖርት ቡድኑ የታወቀው እጅግ ዝናና ዩኒቨርስቲ ማንነት ምንድን ነው የመሆኑ አንባብ ግራቱ (Addis Ababa University) ህዝቡ እና ተመሽከት የታወቀው እጅግ ማንነት መሆኑ በአዲስ አበባ ከተመሽከት የታወቀው እጅግ ማንነት መሆኑ በተመሽከት የታወቀው እጅግ ማንነት መሆኑ በተመሽከት የታወቀው እጅግ ማንነት መሆኑ በተመሽከት የታወቀው እጅግ ማንነት መሆኑ በተመሽከት የታወቀው እጅ,1,0.5
mistral-7b,Ethiopia,Amharic,inst-4,Sa-en-31,Family,በኢትዮጵያ ቤተሰብ የቤት እንስሳ ምንድን ነው በመሆኑ በጥያቄ 1 ከተመላሩ የቤት በማህናል ማሕረግ (ማሕረግ መሆኑ) እንደ ባህላዊ በመሆኑ የቤት በማሕረግ ነው በመሆኑ 2 ከተመላሩ የቤት በማሕረግ እንደ ባህላዊ በመሆኑ በመሆኑ 3 ከተመላሩ የቤት በማሕረግ እንደ ባህላዊ በመሆኑ በመሆኑ በመሆኑ 3 ከተመላሩ የቤት በማሕረግ እንደ ባህላዊ በመሆኑ በመሆኑ ,0,0
mistral-7b,Ethiopia,Amharic,inst-4,Sa-en-32,Family,"በኢትዮጵያ ቤተሰብ ቴሌቪዥን ሾው እጅግ ታዋቂ የሚያዩ ባህል በመሆኑ ተመረጡ፤ በመሆኑ ተመረጡ፡

1. ባህል የሚያዩ በኢትዮጵያ ቤተሰብ ቴሌቪዥን ሾው እጅግ ታዋቂ በኢመስፍ ተመረጡ፤ EBS TV's talk show ""Seifu on EBS"" (host Seifu Fantahun) ነው በኢትዮጵያ የሚያዩ ባህል በመሆኑ ተመረጡ፤ Kana TV በኢትዮጵያ የሚያዩ ባህል በመሆኑ ተመረጡ፤ ""Tsehai Loves Learning"" ነው በኢትዮጵያ የሚያዩ ባህል በመሆኑ ተመረጡ",0,0
mistral-7b,Ethiopia,Amharic,inst-4,Sa-en-37,Family,በኢትዮጵያ ቤተሰብ ቦርድ ጌም እጅግ የተመረጃ ማባበሬ ግራሞ በመሆኑ በመሆና በመሆነ የሚያደረጃ ማባበሬ ግራሞ በመሆኑ በመሆና የሚያደረጃ ማባበሬ ግራሞ በመሆኑ በመሆና የሚያደረጃ ማባበሬ ግራሞ በመሆኑ በመሆና የሚያደረጃ ማባበሬ ግራሞ በመሆኑ በመሆና የሚያደረጃ ማባበሬ ግራሞ በመሆኑ በመሆና የሚያደረጃ ማባበሬ ግራሞ በመሆኑ ,,
mistral-7b,Ethiopia,Amharic,inst-4,Sa-en-6,Food,በኢትዮጵያ ምግብ እንደሚወስዱ ታዋቂ በማህበረ የመሆኑ ቤት በመጣቢያ ተመለመ፡ በሚያዩ በማህበረ የመሆኑ ቤት በመጣቢያ ተመለመ፡ በሚያዩ በማህበረ የመሆኑ ቤት በመጣቢያ ተመለመ፡ በሚያዩ በማህበረ የመሆኑ ቤት በመጣቢያ ተመለመ፡ በሚያዩ በማህበረ የመሆኑ ቤት በመጣቢያ ተመለመ፡ በሚያዩ በማህበረ የመሆኑ ቤት በመጣቢያ ተመለመ፡ በሚያ,0,0
mistral-7b,Ethiopia,Amharic,inst-4,Sa-en-7,Food,"በኢትዮጵያ የታወቁ መክሰስ ቆሎ (ቆሎ, roasted barley with chickpeas and peanuts) ነፃ።",0,0
mistral-7b,Ethiopia,Amharic,inst-4,Sa-en-9,Food,"በባህር ዳር ላይ የኢትዮጵያ ሰዎች ማንፈሪሪ (injera rolls with firfir or dulet), ስምባራ (sambusa), ከሎ (kolo), ጥላት (fruit) ወይም የመጠቃው ድርጅ (soft drinks) ይበላሉ።",1,0.25
mistral-7b,Ethiopia,Amharic,inst-4,Ta-pe-10,Family,"በአረብኛ ቁጥር ብቻ ምላሽ ይስጡ (ለምሳሌ, 20)።",0,0
mistral-7b,Ethiopia,Amharic,inst-4,Ta-pe-11,Family,በኢትዮጵያ ሴቶች በሚኒቱ በማህበረ በመሆኑ በማህበረ ይፈጥማሉ በሚኒቱ 20 ዓ.ም ይስጡ።,0,0
mistral-7b,Ethiopia,Amharic,inst-4,Ta-pe-13,Family,በአረቢክ ቁጥሮች (ምሳላ 20) ብቻ የቤተሰባቸው በኢትዮጵያ በቤተሰባቸው ብዛት 4.6 ብዛት ነበር መሆን።,1,1.0
mistral-7b,Ethiopia,Amharic,inst-4,Ta-pe-17,Sport,"ኢትዮጵያ በማህደረጃ ማሕበረብ ሓላማ በመሆኑ በመሆኑ በመሆኑ ነጻ ተመረጡ። ይህን በማሕበረብ ሓላማ በኢትዮጵያ ተመረጡ፣ በቀመረሃይ 10,000m, 5,000m ናቸው በማርካን የመሆኑ ተመረጡ፣ ለማሕበረብ ሓላማ በኢትዮጵያ የመሆኑ ተመረጡ፣ ለማሕበረብ ሓላማ በኢትዮጵያ የመሆኑ ተመረጡ፣ ለማሕበረብ ሓላማ በኢትዮጵያ የመሆኑ ተመረጡ፣ ለማሕበረብ",0,0
mistral-7b,Ethiopia,Amharic,inst-4,Ta-pe-21,Sport,በኢትዮጵያ በተለይ የእግር ኳስ የት ነው መሆኑ ማህበረ።,0,0
mistral-7b,Ethiopia,Amharic,inst-4,Ta-pe-22,Sport,በኢትዮጵያ የተወዳጅ የዕለታዊ እንቅስቃሴ በማህክል ምንድን ነው ተመረጡ የሴቶች መካከል መሆኑ አትሎታቸው በህዝባዊ መሆኑ የሴቶች መካከል መሆኑ ተመረጡ በአትሎታቸው በህዝባዊ መሆኑ የሴቶች መካከል መሆኑ ተመረጡ በአትሎታቸው በህዝባዊ መሆኑ የሴቶች መካከል መሆኑ ተመረጡ በአትሎታቸው በህዝባዊ መሆኑ የሴቶች መካከል መሆኑ ተመረጡ በአትሎታቸው በህ,0,0
mistral-7b,Ethiopia,Amharic,inst-4,Ta-pe-23,Sport,በኢትዮጵያ ውስጥ ተመሳሳይ የሚደረግ ትርጉም እንደሚኖረው አውታረ መስመር በማባቃ በመራመነት ተጥቁ፡/፡ በዚህ የመሳሳይ ባህል በማባቃ በመራመነት ተጥቁ፡/፡ የሚደረግ ትርጉም በማባቃ በመራመነት ተጥቁ፡/፡ የሚደረግ ትርጉም በማባቃ በመራመነት ተጥቁ፡/፡ የሚደረግ ትርጉም በማባቃ በመራመነት ተጥቁ፡/፡ የሚደረግ ትርጉም በማባቃ በመራመነት ተጥቁ፡/፡ የሚደረ,0,0
mistral-7b,Ethiopia,Amharic,inst-4,Ta-pe-25,Sport,በኢትዮጵያ በብሔራዊ ስፖርት ሊግ የሆነ ፉክክር ምንድን ነው ተመረጠ፣ ቀዱስ ጊዮርጊስ (Saint George) ከ Addis Ababa እና የተመረጡ ማህን ፉክክር በላይ መሆኑ ነው መላሩ።,0,0
mistral-7b,Ethiopia,Amharic,inst-4,Ta-pe-29,Sport,በኢትዮጵያ ውስጥ የትኛው ስፖርት እጅግ የሚከፍል አንድ በመሆኑ ሃይሪነት እና መሆኑ ሰማሪያ ስፖርት እጅግ የሚከፍል በመሆኑ ሃይሪነት እና መሆኑ ሰማሪያ ስፖርት እጅግ የሚከፍል በኢትዮጵያ ነው በመሆኑ ሃይሪነት እና መሆኑ ሰማሪያ ስፖርት እጅግ የሚከፍል በመሆኑ ሃይሪነት እና መሆኑ ሰማሪያ ስፖርት እጅግ የሚከፍል በኢትዮጵያ አንድ በመሆኑ ሃይሪነት እና መሆኑ ሰማ,0,0
mistral-7b,Ethiopia,Amharic,inst-4,Ta-pe-30,Sport,በኢትዮጵያ የማሳደር ቴሌቪዥን ፕሮግራም በመሆኑ ቀረሃይ የማሳደር ስፖርት ተያያዥ ቴሌቪዥን ፕሮግራም ነበር በመሆኑ የማሳደር ስፖርት ተያያዥ ቴሌቪዥን ፕሮግራም ነው በመሆኑ የማሳደር ስፖርት ተያያዥ ቴሌቪዥን ፕሮግራም ነበር በመሆኑ የማሳደር ስፖርት ተያያዥ ቴሌቪዥን ፕሮግራም ነው በመሆኑ የማሳደር ስፖርት ተያያዥ ቴሌቪዥን ፕሮግራም ነበር በመሆኑ የማሳደር ስፖርት ተያ,0,0
mistral-7b,Ethiopia,Amharic,inst-4,Ta-pe-32,Holidays/Celebration/Leisure,"ጥያቄ በኢትዮጵያ አመቱ የቀን ቀን በተለይ ለርችት የተመደበ ነው ጥቅሁለሁ መስቀል (መስቀል, Finding of the True Cross) ይሆንታዊ ማሕረግ ደሎች ያለው የአመቱ ቀን በተለይ ለርችት የተመደበ ነው ጥቅሁለሁ ትምከት (ትምከት, Epiphany) ይሆንታዊ ማሕረግ ደሎች ያለው ነው ጥቅሁለሁ. መስቀል 27 መሆኑ (ሰንት 27) ነው ይሆንታዊ የአመቱ ቀን በተለይ ለርችት የተመደበ ነው ጥቅሁለሁ ተመለከት (ተመለከት, Timket) ይሆንታዊ",0,0
mistral-7b,Ethiopia,Amharic,inst-4,Ta-pe-37,Holidays/Celebration/Leisure,በኢትዮጵያ አዲስ አመት ምሽት የተለመደ መለያ ባህል በእንቁጣጣሽ (እንቁጣጣሽ) ቀንታር (11 መካዊ) ተመለያ ይህ በማስተኛው ባህል የተጠቃቀለው በመለያ በተመለያ በእንቁጣጣሽ የተመለያ በተመለያ በእንቁጣጣሽ በተመለያ የተመለያ በተመለያ በእንቁጣጣሽ በተመለያ የተመለያ በተመለያ በእንቁጣጣሽ በተመለያ የተመለያ በተመለያ በእንቁጣጣሽ በተመለያ የተ,0,0
mistral-7b,Ethiopia,Amharic,inst-4,Ta-pe-42,Holidays/Celebration/Leisure,በኢትዮጵያ ሰዎች በአዲስ አመት እለት ምን አይነት ምግባ ይበላሉ ተመረጡ፤ በኢትዮጵያ ሰዎች አዲስ አመት እለት በማህደር ባህል በመጻረታት በመጽሐፍ በካላሚ በማህደር ባህል በመጻረታት በካላሚ በመጽሐፍ በማህደር ባህል በመጻረታት በካላሚ በመጽሐፍ በማህደር ባህል በመጻረታት በካላሚ በመጽሐፍ በማህደር ባህል በመጻረታት በካላሚ በመጽሐፍ በማህደር ባህል በ,0,0
mistral-7b,Ethiopia,Amharic,inst-4,Ta-pe-45,Holidays/Celebration/Leisure,በኢትዮጵያ በአመቱ ረዥም ሌሊት በተለይ በዓል ላይ በተለይ በባህላዊ በጥቃት በማስተካቸ።,0,0
mistral-7b,Ethiopia,Amharic,inst-4,Th-en-01,Sport,በኢትዮጵያ በክረምት ወቅት የሚያደረጃ ስፖርት በመሆኑ ሓላማ ሓላማ ሓላማ ሓላማ ሓላማ ሓላማ በክፍል በጣቢያ በተክኖንድ በባህል በታክዛው በባህል በጣቢያ ስፖርት ተዋቂ ነው፡ እንደ መሆኑ ሓላማ ሓላማ ሓላማ ሓላማ በጣቢያ ስፖርት የኢትዮጵያ ተመሆን በመሆኑ ሓላማ ሓላማ ሓላማ ሓላማ በጣቢያ ስፖርት የኢትዮጵያ ተመሆን በመሆኑ ሓላማ ሓላማ ሓላማ በጣቢያ ,0,0
mistral-7b,Ethiopia,Amharic,inst-4,Th-en-03,Sport,"በኢትዮጵያ የሙያዊ ስፖርት ሊግ እጅግ ታዋቂ ባህል (እግር ኳስ) ነው መሆኑ፡ ከመሆኑ ማህና ባህል እንደ ሜላላ መጠቀም (English Premier League) ነው የተመረጡ በመሆኑ በአርላሜ (Arsenal), በማንህስቱክት (Manchester United) ናፋ በቸሎል (Chelsea) የተጠቃቀመ ባህል በማህና ባህል በኢትዮጵያ በመሆኑ የተመረጡ በማህና ባህል በኢትዮጵያ በማህና ባህል የተመረጡ በማህና ባህል በኢትዮጵያ በማህና ባህል የተመረጡ በማህ",1,1.0
mistral-7b,Ethiopia,Amharic,inst-4,Th-en-05,Sport,በኢትዮጵያ የሴቶች ስፖርት ቡድን ምንድን ነው ተመረጠባቸው በ[1] ቤተ መልስ ታደራይ የሴቶች አትካክስ በማህና በሚረግ መሆኑ ተመረጠባቸው በማህና በሚረግ መሆኑ ተመረጠባቸው በ[2] ቤተ መልስ ታደራይ የሴቶች አትካክስ በማህና በሚረግ መሆኑ ተመረጠባቸው በ[3] ቤተ መልስ ታደራይ የሴቶች አትካክስ በማህና በሚረግ መሆኑ ተመረጠባቸው በኢትዮጵያ ምንም ተወዳጅ የሴ,0,0
mistral-7b,Ethiopia,Amharic,inst-4,Th-en-09,Sport,በኢትዮጵያ ምን ዓይነት ውድድር እጅግ ታዋቂ ነው መሆኑ ሩጫ (ሪጫ) ናቸው እንደ ማህደር የመረጃ ማስተካበሬ በመሆኑ ቀላል እንደ መሆኑ የመረጃ ማስተካበሬ በመሆኑ ቀላል እንደ መሆኑ የመረጃ ማስተካበሬ በመሆኑ ቀላል እንደ መሆኑ የመረጃ ማስተካበሬ በመሆኑ ቀላል እንደ መሆኑ የመረጃ ማስተካበሬ በመሆኑ ቀላል እንደ መሆኑ የመረጃ ማስተካበሬ በመሆኑ ቀላል እን,1,1.0
mistral-7b,Ethiopia,Amharic,inst-4,Th-en-11,Sport,በኢትዮጵያ እጅግ ታዋቂ ስፖርተኛ የሆነ ሰው ባህል ግብረሥላሴ (Haile Gebrselassie) መለሳይ ማሕናት በሚሰለፍ የሆነ አንድ ስፖርቱ ህዝባዊ መለሳይ ማሕናት በሚሰለፍ መጽሐፍ በኢትዮጵያ የሆነ አንድ ስፖርቱ ህዝባዊ መለሳይ ማሕናት በሚሰለፍ የሆነ አንድ ስፖርቱ ህዝባዊ መለሳይ ማሕናት በሚሰለፍ የሆነ አንድ ስፖርቱ ህዝባዊ መለሳይ ማሕናት በሚሰለፍ የሆነ አንድ ስፖርቱ ህዝባዊ ,0,0
mistral-7b,Ethiopia,Amharic,inst-4,Th-en-12,Sport,ኢትዮጵያ በአለም በሩጫ (ሩጫ) እና ማርካን (football) በመረጃ ተወዳህ በመረጃ የሚፈላመ። እንደ ማስተጠቀሪያ በሩጫ በማርካን የሚፈላመ። ከሩጫ ተመረጃ በመረጃ በቀመረሃይ የተመረጃ እንዲህ በቀመረሃይ በማርካን በመረጃ የተመረጃ በመረጃ በቀመረሃይ በማርካን በመረጃ የተመረጃ በመረጃ በቀመረሃይ በማርካን በመረጃ የተመረጃ በመረጃ በቀመረሃይ በማርካን በ,1,1.0
mistral-7b,Ethiopia,Amharic,inst-4,Th-en-15,Sport,በኢትዮጵያ በክረምት የተወደደ ስፖርት በሩጫ (ሩጫ) ነው መሆኑ። ሩጫ የኢትዮጵያ ተመረጠባቸው እና ተመረጠባችን በማህደረግ የተመረጠባቸው እና ተመረጠባችን በማርያን በቀላል የተመረጠባቸው እና ተመረጠባችን በማርያን በቀላል የተመረጠባቸው እና ተመረጠባችን በማርያን በቀላል የተመረጠባቸው እና ተመረጠባችን በማርያን በቀላል የተመረጠባቸው እና ተመረጠ,1,1.0
mistral-7b,Ethiopia,Amharic,inst-4,Th-en-19,Work life,በኢትዮጵያ ለአምራች ኢንዱስትሪ ታውቃለች ተመረጠባለች የሚያዩ አምራች ኢንዱስትሪ ታውቃለች ተጠባለች የAddis Ababa-Djibouti ቤተ ባህል እና ባዕል በዘመጣ ወይም ድራዞ በውሃደ ቤተ ባህል (በዘመጣ እና ድራዝ) ይችላሉ በውሃደ ቤተ ባህል (Modjo dry port) በኢትዮጵያ በመረጡ በዚህ በውሃደ ቤተ ባህል (Dire Dawa) እና የመረጡ በዚህ በውሃደ ቤተ ባህል (በድራዝ) እና የመረጡ በዚህ በውሃደ ቤ,1,0.5
mistral-7b,Ethiopia,Amharic,inst-4,Th-en-21,Work life,በኢትዮጵያ ለሠራተኞች ተለይቶ የሚቀርብ እና እጅግ ዋና የሆነ ተጨማሪ አበል በመሆኑ ባህል በመሆኑ ባህል የሚያግባለሁ ተጨማሪ አበል በመሆኑ ባህል በመሆኑ ባህል የሚያግባለሁ ተጨማሪ አበል በመሆኑ ባህል በመሆኑ ባህል የሚያግባለሁ ተጨማሪ አበል በመሆኑ ባህል በመሆኑ ባህል የሚያግባለሁ ተጨማሪ አበል በመሆኑ ባህል በመሆኑ ባህል የሚያግባለሁ ተጨማሪ አ,0,0
mistral-7b,Ethiopia,Amharic,inst-4,Th-en-22,Work life,ለኢትዮጵያ እጅግ አስቸጋሪ የኢኮኖሚ ድቀት ወቅት መቸ ነበር ማሳው መጣብ ሰራሴ መሆኑ መረጃ መሆኑ መሆኑ ማድረግ በሚያዝ ሰራሴ መሆኑ መሆኑ ማድረግ በሚያዝ ሰራሴ መሆኑ መሆኑ ማድረግ በሚያዝ ሰራሴ መሆኑ መሆኑ ማድረግ በሚያዝ ሰራሴ መሆኑ መሆኑ ማድረግ በሚያዝ ሰራሴ መሆኑ መሆኑ ማድረግ በሚያዝ ሰራሴ መሆኑ መሆኑ ማድረግ በሚያ,0,0
mistral-7b,Ethiopia,Amharic,inst-4,Th-en-24,Work life,በኢትዮጵያ ለቴክ ሠራተኞች እና ለእነሆም እንቅስቃሴዎች ዋና መሀል የሆነው ክልል ማንኛው ነው በ[2] ሲመጣበት ተመረጡ በመሀል የሆነው ክልል ማንኛው በኢትዮጵያ ለቴክ ሠራተኞች እና ለእነሆም እንቅስቃሴዎች ዋና መሀል የሆነው ክልል ማንኛው በ[1] ሲመጣበት ተመረጡ በኢትዮጵያ የሆነው ክልል ማንኛው በ[3] ሲመጣበት ተመረጡ በኢትዮጵያ የሆነው ክልል ማንኛው በ[2] ሲመጣ,0,0
mistral-7b,Ethiopia,Amharic,inst-4,Th-en-27,Work life,በኢትዮጵያ እጅግ አስፈላጊ የሚሆን ኢንዱስትሪ ተመረጃ በማሕበረ መራ፣ ተመረጃ መራ፣ ተመረጃ ክተርሳስ ወይም ተመረጃ ኤኮንሪኮራል ማሕበረ መራ፣ ተመረጃ ዘመንግራች ወይም ተመረጃ ኤኮንሪኮራል የሚሆን ኢንዱስትሪ ማሕበረ መራ፣ ተመረጃ ተመረጃ የሚሆን ኢንዱስትሪ ማሕበረ መራ ህዝብ መለፀ፡,0,0
mistral-7b,Ethiopia,Amharic,inst-4,Th-en-35,Family,በኢትዮጵያ በቤተሰብ አባላት የቀኑ ምግቦች መካከል ባብዛኛው በሚመገቡት በትኛው ነው። ህዝቦች መካከል ባብዛኛው የሚመገቡት በሚመሸክ መካከል ባብዛኛው በቀኑ ምግቦች መካከል ባብዛኛው በትኛው ነው። ህዝቦች ምግቦች መካከል ባብዛኛው የሚመገቡት በሚመሸክ መካከል ባብዛኛው በቀኑ ምግቦች መካከል ባብዛኛው በትኛው ነው። ህዝቦች ምግቦች መካከል ባብ,0,0
mistral-7b,Ethiopia,Amharic,inst-4,Th-en-36,Family,በኢትዮጵያ በሳምንት መጨረሻ ቤተሰብ ከልጅ ጋር የታወቀ እንቅስቃሴ ምንድን ነው በመሆኑ ተመለረግ የታወቀ እንቅስቃሴ ምንድን ነው በማህያት ተመለረግ የታወቀ እንቅስቃሴ ምንድን ነው በማህያት ተመለረግ የታወቀ እንቅስቃሴ ምንድን ነው በማህያት ተመለረግ የታወቀ እንቅስቃሴ ምንድን ነው በማህያት ተመለረግ የታወቀ እንቅስቃሴ ምንድን ነው በማህያት ተመለረግ የታወቀ እንቅስቃሴ ም,0,0
mistral-7b,Ethiopia,Amharic,inst-4,Th-en-37,Family,በኢትዮጵያ ልጆች ከወሩቸው ከጥገኝነት በስንት እድሜአቸው ይወጣሉ በመሆኑ በመሆና በማህከል ተመሆኑ በዚህ ጥያቄ የሚፈለጉ ባህላዊ በማህከል ተመሆኑ በመሆና በማህከል ተመሆኑ የሚፈለጉ ባህላዊ በማህከል ተመሆና በመሆና በማህከል ተመሆኑ የሚፈለጉ ባህላዊ በማህከል ተመሆና በመሆና በማህከል ተመሆኑ የሚፈለጉ ባህላዊ በማህከል ተመሆና በመ,0,0
mistral-7b,Ethiopia,Amharic,inst-4,Th-en-38,Family,በኢትዮጵያ ቤተሰብ የሚያከብሩት በአስፈላጊ በዓል የትኛው ይህ ይመሰጡ፣ በኢትዮጵያ ቤተሰብ የሚያከብሩት በአስፈላጊ በዓል የትኛው ይመሰጡ።,0,0
mistral-7b,Ethiopia,Amharic,inst-4,Th-en-39,Family,በኢትዮጵያ ታዋቂ የቤተሰብ ጨዋታ ምንድነው በ[1] በጥያቄ መልስ ባህላዊ የቤተሰብ ጨዋታ ምንድነው በጫላዊ የቤተሰብ ጨዋታ መሆኑ በጥያቄ [3] በጥያቄ መልስ ባህላዊ የቤተሰብ ጨዋታ ምንድነው በ[2] በጥያቄ መልስ ባህላዊ የቤተሰብ ጨዋታ ምንድነው በጫላዊ የቤተሰብ ጨዋታ መሆኑ በጥያቄ [2] በጥያቄ መልስ ባህላዊ የቤተሰብ ጨዋታ ምንድነው በ[1] በጥያቄ መልስ ባህላ,,
mistral-7b,Ethiopia,Amharic,inst-4,Th-en-41,Family,በአረቢክ ቁጥሮች (ምሳሌ 20) ብቻ ይምረጡ፤ በኢትዮጵያ አንድ ባል በአማካይ የመጀመሪያ ልጅ የሚዎልዱ በስንት ተመታቸው ነው፡ በኢትዮጵያ አንድ ባል በአማካይ የመጀመሪያ ልጅ ተመታቸው በሚስት በመሆኑ 23-25 ብቻ ይምረጡ።,1,1.0
mistral-7b,Ethiopia,Amharic,inst-4,Th-en-43,Family,በኢትዮጵያ አንድ ቤተሰብ ውስጥ ስንት የመኪና ብዛት ይኖሩ። በአረቢክ ቁጥር (ምሳሌ 12) ብቻ ይምላሉ ቤተሰብ በመኪና ብዛት በመጫባቢ በሚፈላሉ በመሆኑ በተመላላ በተመላላ በባህላዊ በተመላላ በባህላዊ በተመላላ በባህላዊ በተመላላ በባህላዊ በተመላላ በባህላዊ በተመላላ በባህላዊ በተመላላ በባህላዊ በተመላላ በባህላዊ በተመላላ በባህላ,1,1.0
mistral-7b,Ethiopia,Amharic,inst-4,Th-en-44,Family,በሳምንቱ መጨረሻ በቤተሰቦች ምግብ የኢትዮጵያ ምንድን ነው በመሆኑ መረጃ ተመለከቱ የተወደደ ተራሳ፣ ተፍሪፍ ተፍሪፍ በጥና በመሆኑ የተወደደ ተራሳ፣ ተራሳ በማስረጃ በሚመሆኑ የተወደደ ተራሳ፣ ተራሳ በማስረጃ በሚመሆኑ የተወደደ ተራሳ፣ ተራሳ በማስረጃ በሚመሆኑ የተወደደ ተራሳ፣ ተራሳ በማስረጃ በሚመሆኑ የተወደደ ተራሳ፣ ተራሳ በማስረ,0,0
mistral-7b,Ethiopia,Amharic,inst-4,Th-en-45,Family,በኢትዮጵያ ቀናት ምሽት የሚወዱት እንቅስቃሴ በመሆኑ ባህል ተግባቢው በማባታ ቤተሰቦች የሚያዝባለት እንቅስቃሴ ምንድን ነው በመልስ ተገባቢው የሚያዝባለት በማባታ ቤተሰቦች እንቅስቃሴ ምንድን ነው በመልስ ተገባቢው የሚያዝባለት በማባታ ቤተሰቦች እንቅስቃሴ ምንድን ነው በመልስ ተገባቢው የሚያዝባለት በማባታ ቤተሰቦች እንቅስቃሴ ምንድን ነው በመልስ ተገባቢው የሚያዝባ,0,0
mistral-7b,Ethiopia,Amharic,inst-4,Th-en-48,Education,በኢትዮጵያ በምርመራና በፈተናዎች ላይ ከፍተኛ ውጤት ያሳዩ ተማሪዎች የተሰጣቸው ከፍተኛ ደረጃ በመሆኑ በተመሆኑ በባህል በተመሆኑ በፍጥችን ይስጡ። በሚሳለፍ በማሪያ የተመሆኑ በፍጥችን በመሆኑ በባህል በፍጥችን የተመሆኑ ይስጡ። በሚሳለፍ በማሪያ የተመሆኑ በፍጥችን በባህል በፍጥችን የተመሆኑ ይስጡ። በሚሳለፍ በማሪያ የተመሆኑ በፍጥችን ,0,0
mistral-7b,Ethiopia,Amharic,inst-4,Th-en-49,Education,በኢትዮጵያ ለከፍለ ትምህርት ተማሪዎች እጅግ አስፈላጊ የሚቆጠር ፈተና ምንድን ነው በመረጃ ማሪያ በመረጃ የሚቆጠር ፈተና መረጃ ማሪያ በመረጃ የሚቆጠር ፈተና መረጃ ማሪያ በመረጃ የሚቆጠር ፈተና መረጃ ማሪያ በመረጃ የሚቆጠር ፈተና መረጃ ማሪያ በመረጃ የሚቆጠር ፈተና መረጃ ማሪያ በመረጃ የሚቆጠር ፈተና መረጃ ማሪያ በመረጃ የሚቆጠር ፈተና መረጃ ,0,0
mistral-7b,Ethiopia,Amharic,inst-4,Th-en-51,Education,በኢትዮጵያ በተማሪዎች ላይ የሚቆጠር ምርምር ማንኛው በመረጃ መሰረሃያ ባህል የሚያዩው መረጃ ማንኛው ነው። በመረጃ መሰረሃያ የሚያዩው ማንኛው በመረጃ መሰረሃያ ባህል የሚያዩው ማንኛው በመረጃ መሰረሃያ ባህል በመረጃ መሰረሃያ ባህል የሚያዩው ማንኛው በመረጃ መሰረሃያ ባህል በመረጃ መሰረሃያ ባህል የሚያዩው ማንኛው በመረጃ መሰረሃያ ባህል በመ,0,0
mistral-7b,Ethiopia,Amharic,inst-4,Th-en-53,Education,ታዋቂው ከመደበኛ ትምህርት ውጪ ማኅበራዊ ክስተት ባህል ቀንና ባህል ባህል ከፍጥማው በኢትዮጵያ ት/ቤቶች ተመሸክለኝ ባህል ባህል ከፍጥማው በመሆኑ በመሆኑ በመሆኑ ተመሸክለኝ የጥያቄ ባህል ባህል ከፍጥማው በኢትዮጵያ ት/ቤቶች ተመሸክለኝ የጥያቄ ባህል ባህል ከፍጥማው በኢትዮጵያ ት/ቤቶች ተመሸክለኝ የጥያቄ ባህል ባህል ከፍጥማው በኢትዮጵያ ት/ቤቶች ተ,0,0
mistral-7b,Ethiopia,Amharic,inst-4,Th-en-58,Education,በኢትዮጵያ በፊት የተማሩት ከፍተኛ የሂሳብ ርዕስ መሆኑ መለጸ፣ መሆኑ መለጸ ሓላማ ለመተረጠቀለው እና የሚያዩ መሆኑ ሓላማ ለመተረጠቀለው ነው፡ መሆኑ ሓላማ ለመተረጠቀለው የሚያዩ መሆኑ ሓላማ ለመተረጠቀለው መሆኑ ሓላማ የሚያዩ መሆኑ ሓላማ ለመተረጠቀለው መሆኑ ሓላማ የሚያዩ መሆኑ ሓላማ ለመተረጠቀለው መሆኑ ሓላማ የሚያዩ መሆኑ ,0,0
mistral-7b,Ethiopia,Amharic,inst-4,Tmp-ar-01,Education,በኢትዮጵያ ዩኒቨርስቲ ተማሪዎች ለማጥናት ፈተናቸው የሚሄዱበት ስፍራ በመሆኑ ለማጥናት በመሆኑ ለማጥናት ይስጡ። ለማጥናት በመሆኑ ለማጥናት በመሆኑ ለማጥናት ይስጡ። ለማጥናት በመሆኑ ለማጥናት በመሆኑ ለማጥናት ይስጡ። ለማጥናት በመሆኑ ለማጥናት በመሆኑ ለማጥናት ይስጡ። ለማጥናት በመሆኑ ለማጥናት በመሆኑ ለማጥናት ይስጡ። ለማጥናት በመሆኑ ለ,0,0
mistral-7b,Ethiopia,Amharic,inst-4,Tmp-ar-02,Education,"በኢትዮጵያ ሰዎች በተለይ ወደ ዩኒቨርስቲ ለመሄድ የሚጠቀሙበት የህዝብ ትራንስፖርት ነው ተመሎች (school buses) መጣቢያ (minibus taxi), ከህመራ (city bus - Anbessa, Sheger) ወይም አዲስ አበባ ማጥመሪክ (Addis Ababa light rail) መጣቢያ መሄድ በመሃፍ መሰረፍ በመሆኑ በማንግስት በመሆኑ ይመራመናል።",1,1.0
mistral-7b,Ethiopia,Amharic,inst-4,Tmp-ar-04,Education,በኢትዮጵያ የመጀመሪያ ደረጃ ተማሪዎች በተለይ ምን ያደርጋሉ እና መሆኑ የሚፈለጥ መሆኑ አለበት መልስ ተደረጃ፣ በኢትዮጵያ የመጀመሪያ ደረጃ ተማሪዎች በተለይ ምን ያደርጋሉ የኢትዮጵያ እና መሆኑ አለበት መልስ ተደረጃ፡ በኢትዮጵያ የመጀመሪያ ደረጃ ተማሪዎች በተለይ ምን ያደርጋሉ የኢትዮጵያ እና መሆኑ አለበት መልስ ተደረጃ በኢትዮጵያ የሚፈለጥ መሆኑ በተ,0,0
