model,country,language,prompt_no,ID,topic,response,score,weight
mistral-7b,Ethiopia,Amharic,pers-3,Al-en-01,Food,"ቅድመ መደበኛ ልጆች የተለመደ መክሰስ ሓላቱ (ቆሎ, roasted barley with chickpeas and peanuts), ድባ ቅሎ (small crunchy fried dough bites), popcorn, sambusa (lentil- or meat-filled pastry), biscuits, yebekolo tibs (roasted corn), peanuts, and chips (French fries) ነው፣ ልጆች የመበረተኛ መክሰስ ሓላቱ ህዝብ ማሳያት ለሚጠቃቀ፣ የመበረተኛ መክሰስ ሓላቱ ህዝብ ማሳያት ለሚጠቃቀ፣ የመበረተኛ መክሰስ ሓላቱ ህዝብ ማሳያት ለሚጠቃቀ፣ የመበረተኛ መክሰስ ሓላቱ ህዝብ ማሳያት ለሚጠቃቀ፣ የመበረተኛ መክ",1,1.0
mistral-7b,Ethiopia,Amharic,pers-3,Al-en-02,Food,በኢትዮጵያ ቢራ ጋር ተመረጃ የተወደደ ነው ተጠቅ (ጠጅ) ሓላችን ባህል መረጃ ነው ይህ በማሕበሪ ተመረጃ በመሆኑ በመሆና የተወደደ ነው ተማራ (ተለ) ሓላችን ባህል መረጃ ነው ይህ በማሕበሪ ተመረጃ በመሆና የተወደደ ነው አርከ (distilled spirit) ሓላችን ባህል መረጃ ነው ይህ በማሕበሪ ተመረጃ በመሆና የተወደደ ነው whisky ሓላችን ባህል መረጃ ነው ይህ በማሕበሪ ተመረ,0,0
mistral-7b,Ethiopia,Amharic,pers-3,Al-en-04,Food,"በኢትዮጵያ ምን ዓይነት ፍሬ እጅግ ታዋቂ ነው በመሆኑ ተመለረክበት የሚያዝባለሁ ጥያቄ በመልስ ብቻ ማብራሪያ አንድ መልስ ብቻ የኢትዮጵያ ሰው ነህ። በኢትዮጵያ በመሆኑ ተመለረክበት የሚያዝባለሁ ጥያቄ በመልስ ብቻ ማብራሪያ ተነገረፍ ባርቱካን (ብርቱካን), መንግሥት (ባህል), ማንግ, ባይቢ, ፓሬያ (ሰሪስ) ነው፡ በመሆኑ የሚያዝባለሁ ጥያቄ በመልስ ብቻ ማብራሪያ ተ",1,1.0
mistral-7b,Ethiopia,Amharic,pers-3,Al-en-06,Food,በኢትዮጵያ ቤት መኖሪያ የተለመደ ምግብ ምንድነው በሚከተለው ማብራሪያ የመልስ ብቻ መጣታ መሆን ለማብራራት ሰው ነህ። ሞራሪያ የሚጠቃቱ ምግብ መሆን ለማብራራት ሰው ነህ ሞራሪያ የሚጠቃቱ ምግብ መሆን ለማብራራት ሰው ነህ። ሞራሪያ የሚጠቃቱ ምግብ መሆን ለማብራራት ሰው ነህ ሞራሪያ የሚጠቃቱ ምግብ መሆን ለማብራራት ሰው ነህ። ሞራሪያ የሚጠቃቱ ምግብ መ,0,0
mistral-7b,Ethiopia,Amharic,pers-3,Al-en-08,Food,በኢትዮጵያ በገባያ አዳራሽ ውስጥ በተለይ የሚበሉ ምግቦች ነው መልስ ባህል በ[1] ታሪክ ተመረጃ። በተመረጃ በዚህ በባህል በማብራሪያ የክለሎ በመሆኑ በመግባቱ በመሆኑ በመሆኑ የሚያደረጃ መልስ በ[2] ታሪክ ተመረጃ። በተመረጃ በዚህ በባህል የሚበሉ ምግቦች ነው መልስ በ[3] ታሪክ ተመረጃ።,0,0
mistral-7b,Ethiopia,Amharic,pers-3,Al-en-09,Food,"በኢትዮጵያ የመዝናኛ ፓርክ ውስጥ ታዋቂ አሰራር ምግባ በቆሎ (ቆሎ, ቆሎ በክልና ችንጥ በድረስ በተመራሩው በማህና በባለሳው በተመራሩ) መልስ ብቻ ጥያቄ ይህን ነህ።",0,0
mistral-7b,Ethiopia,Amharic,pers-3,Al-en-16,Education,በኢትዮጵያ ልጆች ቅድመ መደበኛ ትምህርት የሚጀምሩበት እድሜ 13 ነው፡፡ ለሚከተለውን ጥያቄ ያልምንም ማብራሪያ አንድ መልስ ብቻ ስጥ።,1,1.0
mistral-7b,Ethiopia,Amharic,pers-3,Al-en-17,Education,በኢትዮጵያ በመጀመሪያ ደረጃ ትምህርት ቤቶች ከትምህርት በኋላ የሚካሄድ ዝነኛ ስፖርት ዓይነት ተመረጃ በመሆኑ ባህል የሚያዩ ቤቶች በፍቅር (ስክና) በመጀመሪያ ማሕበረተኞችን በመሆኑ ባህል የሚያዩ ቤቶች በፍቅር (ስክና) በመጀመሪያ ማሕበረተኞችን በመሆኑ ባህል የሚያዩ ቤቶች በፍቅር (ስክና) በመጀመሪያ ማሕበረተኞችን በመሆኑ ባህል የሚያዩ ቤቶች በፍቅር (ስክና,0,0
mistral-7b,Ethiopia,Amharic,pers-3,Al-en-18,Education,በኢትዮጵያ በመጀመሪያ ደረጃ ትምህርት ተማሪዎቸ የግል አስጠኚ የሚቀጠርላቸው በተለየ ለየትኛው የትምህርት አይነት ነው፡ በኢትዮጵያ በመጀመሪያ ደረጃ ትምህርት የሚቀጠርላቸው በተለየ ለየትኛው የትምህርት አይነት ነው፡ በኢትዮጵያ በመጀመሪያ ደረጃ ትምህርት የሚቀጠርላቸው በተለየ ለየትኛው የትምህርት አይነት ነው፡ በኢትዮጵያ በመጀመሪያ ደረጃ ትምህርት የሚቀጠርላቸው በተለየ ለየትኛው የትም,0,0
mistral-7b,Ethiopia,Amharic,pers-3,Al-en-19,Education,በኢትዮጵያ በሁለተኛ ደረጃ ትምህርት ተማሪዎች ተመራጭ ሁለተኛ አፍሞሮ ተመራጭ ሁለተኛ ትግርኒያ ነው ይህን የሚያዩው በመሆኑ በሁለተኛ ትምህርት ተመራጭ ሁለተኛ አፍሞሮ ተመራጭ ይህን የሚያዩው በመሆኑ ትግርኒያ ተመራጭ ሁለተኛ አፍሞሮ ተመራጭ ሁለተኛ ትግርኒያ ተመራጭ ሁለተኛ አፍሞሮ ተመራጭ ሁለተኛ ትግርኒያ ተመራጭ ሁለተኛ አፍሞሮ ተመራጭ ሁለ,0,0
mistral-7b,Ethiopia,Amharic,pers-3,Al-en-21,Education,በኢትዮጵያ ለብልህ ተማሪ ጠቃሚ ትምህርት ነው የቱ አንዳይ መሆኑ መልስ ብቻ ማራሪያ መሰጠና መሰጣ። ትምህርት የቱ አንዳይ መሆኑ ማራሪያ መሰጠና መሰጣ። ትምህርት የቱ አንዳይ መሆኑ ማራሪያ መሰጠና መሰጣ።,0,0
mistral-7b,Ethiopia,Amharic,pers-3,Al-en-32,Holidays/Celebration/Leisure,በኢትዮጵያ ለምስጋ ዋነኛው ምግባ ተመረጡ ተፍ እና ላሎ በሚካቢት በማንበር በመጣበሬ በመፍረሃይ በመጣበሬ እና ተፍ ነው። በኢትዮጵያ ለምስጋ በመጣበሬ በሚካቢት በማንበር በመፍረሃይ በመጣበሬ እና ተፍ ነው የሚያዩልኝ በማንበር በመጣበሬ በመፍረሃይ በመጣበሬ እና ተፍ ነው።,1,1.0
mistral-7b,Ethiopia,Amharic,pers-3,Al-en-33,Holidays/Celebration/Leisure,ሰዎች በኢትዮጵያ ሃሎዊንን ለመውደም ማህበረ መሆኑ ለማስተጠቀሪ ለማብራራት የውጭ ዜጋ ለመዝገባ ነው፡፡ ሰዎች በኢትዮጵያ ሃሎዊንን ለመውደም የሚያዩ ማስተጠቀሪ ለማብራራት የውጭ ዜጋ ለመዝገባ ነው፡፡ ሰዎች በኢትዮጵያ ሃሎዊንን ለመውደም የሚያዩ ማስተጠቀሪ ለማብራራት የውጭ ዜጋ ለመዝገባ ነው፡፡ ሰዎች በኢትዮጵያ ሃሎዊንን ለመውደም የሚያዩ ማስተ,,
mistral-7b,Ethiopia,Amharic,pers-3,Al-en-34,Holidays/Celebration/Leisure,"ሰዎች በኢትዮጵያ አዲስ አመት ቀን ሊያከብሩት የሚያደርጋሉ ማህፍሪያ መልስ ባህል ለማብራራት የኢትዮጵያዊ ሰው ነህ። መስከላለው ማህፍሪያ በኢትዮጵያ አዲስ አመት ቀን የሚያደርጋሉ ማህፍሪያ ነው መልስ ባህል ለማብራራት የኢትዮጵያዊ ሰው ነህ። መስከላለው ማህፍሪያ በኢትዮጵያ አዲስ አመት ቀን የሚያደርጋሉ ማህፍሪያ ነው መልስ ባህል ለማብራራት የኢትዮጵያዊ ሰው ነህ።

  ",0,0
mistral-7b,Ethiopia,Amharic,pers-3,Al-en-35,Holidays/Celebration/Leisure,በኢትዮጵያ ገና በአል ለማክበር መረጃ መሰረፍ መሆኑ ላይ መሆኑ መሰረፍ በዓመት ማግራችን መሆኑ መሰረፍ ይህ መሆኑ መሰረፍ ይህ የተጠቃለውን ማግራችን መሆኑ መሰረፍ ይህ መሆኑ መሰረፍ የተጠቃለውን ማግራችን መሆኑ መሰረፍ ይህ መሆኑ መሰረፍ የተጠቃለውን ማግራችን መሆኑ መሰረፍ ይህ መሆኑ መሰረፍ የተጠቃለውን ማግራችን መሆኑ መሰረፍ ይህ መ,0,0
mistral-7b,Ethiopia,Amharic,pers-3,Al-en-36,Holidays/Celebration/Leisure,ኢትዮጵያ በመሆኑ በመሆኑ ዓይነት ምግብ ከሃሎዊን ጋር ተያይዞ ይገኛል በመሆኑ በመሆኑ ዓይነት ምግብ ከሃሎዊን ጋር ተያይዞ ይገኛል በመሆኑ በመሆኑ ዓይነት ምግብ ከሃሎዊን ጋር ተያይዞ ይገኛል በመሆኑ በመሆኑ ዓይነት ምግብ ከሃሎዊን ጋር ተያይዞ ይገኛል በመሆኑ በመሆኑ ዓይነት ምግብ ከሃሎዊን ጋር ተያይዞ ይገኛል በመሆኑ በመሆኑ ዓይነት ምግብ ከሃሎዊን,,
mistral-7b,Ethiopia,Amharic,pers-3,Al-en-37,Holidays/Celebration/Leisure,በኢትዮጵያ በገና በዓል የተያያዘ ምግብ በሚከተለው በማባቢት በመሆኑ የተመለሻ ምግብ በሚያዩ በመሆኑ በማባቢት በመሆኑ የተመለሻ ምግብ ይህን በሚያዩ በማባቢት በመሆኑ የተመለሻ ምግብ ታይ በሚያዩ በማባቢት በመሆኑ የተመለሻ ምግብ ታይ በሚያዩ በማባቢት በመሆኑ የተመለሻ ምግብ ታይ በሚያዩ በማባቢት በመሆኑ የተመለሻ ምግብ ታይ በሚያዩ በማባቢት ,0,0
mistral-7b,Ethiopia,Amharic,pers-3,Al-en-38,Holidays/Celebration/Leisure,በኢትዮጵያ ተመሸከተለውን የሚያዩ ማብራሪያ አንድ መልስ ብቻ መጠናቅ መሸከተለው የሚያዩ ማብራሪያ አንድ መልስ ብቻ መጠናቅ መሸከተለው የሚያዩ ማብራሪያ አንድ መልስ ብቻ መጠናቅ መሸከተለው የሚያዩ ማብራሪያ አንድ መልስ ብቻ መጠናቅ መሸከተለው የሚያዩ ማብራሪያ አንድ መልስ ብቻ መጠናቅ መሸከተለው የሚያዩ ማብራሪያ አንድ መልስ ብቻ መጠናቅ መሸከተለው የሚ,0,0
mistral-7b,Ethiopia,Amharic,pers-3,Al-en-39,Holidays/Celebration/Leisure,"በኢትዮጵያ ሰዎች በልደታቸው ቀን ምን ይበላሉ በእና ጥያቄ ማብራሪያ አንድ መልስ ብቻ መረጃ። በኢትዮጵያ ሰዎች ቀን ምን ይበላሉ በእና ጥያቄ ማብራሪያ አንድ መልስ ብቻ መረጃ። በኢትዮጵያ ቀን ምን ይበላሉ በእና ጥያቄ ማብራሪያ አንድ መልስ ብቻ መረጃ።

[1] ኢትዮጵያ ተመረጠባቸው ቀን ምን ይበላሉ በእና ጥያቄ ማብራሪያ አንድ መልስ ብቻ መረጃ። ተመረጠባቸው ቀን ",0,0
mistral-7b,Ethiopia,Amharic,pers-3,Al-en-40,Holidays/Celebration/Leisure,በኢትዮጵያ ቤተሰቦች ከታናሽ ልጆች ጋር የተመረጡ የተፈላጥ ቦታዎች ምንድን ናቸው የተመረጠባቸው የተመረጡ ቦታዎች ምንድን ናቸው በአዲስ አበባ እና የመረጡ መራመነት በማድሎች እና የመረጡ መሪክስ በሚኒስተር በመራመነት በአንድ የተፈላጥ ቦታዎች ምንድን ናቸው በኢትዮጵያ ቤተሰቦች ከታናሽ ልጆች ጋር የተፈላጥ ቦታዎች ምንድን ናቸው በአንድ የተፈላጥ ቦታዎች ምንድን ና,0,0
mistral-7b,Ethiopia,Amharic,pers-3,Al-en-43,Holidays/Celebration/Leisure,በኢትዮጵያ ለቤተሰቦች የታወቀ ውስጥ ቤት ምንድን ነው በ[2] መሆኑ ተመረጡ በማባሪያ የታወቀ ቤት ብቻ ስጥ። በ[2] ነበር ቤት በተመረጡ በታወቀ ቤት የባህል ለማብራሪያ ነው ተመረጡ በታወቀ ቤት ባህል በቤተሰቦች የታወቀ እንዲሁም በ[1] መሆኑ ተመረጡ በቤተሰቦች የታወቀ ቤት ብቻ ስጥ።,,
mistral-7b,Ethiopia,Amharic,pers-3,An-ar-02,Education,በኢትዮጵያ ዩኒቨርስቲ ተማሪዎች ምሳቸውን የሚበሉበት ቦታ በእና ባህል መጻረት ተመሸረውን የሚያዩው ቦታ በማክሰው ባህል መጻረት ተመሸረውን የሚያዩው ቦታ በእና ባህል መጻረት ተመሸረውን የሚያዩው ቦታ በማክሰው ባህል መጻረት ተመሸረውን የሚያዩው ቦታ በእና ባህል መጻረት ተመሸረውን የሚያዩው ቦታ በማክሰው ባህል መጻረት ተመሸረውን የሚያዩው ቦታ በእና ,0,0
mistral-7b,Ethiopia,Amharic,pers-3,An-ar-03,Education,በኢትዮጵያ በከፍተኛ ትምህርት ቤቶች የማጠቃለያ ፈተና ባብዛኛው በመስከር (Meskerem) ይሆን በመስከር ግብረት በመስከር በመስከር ባቻ በወር ይሆን. በማጠቃለው በመስከር በመስከር ባቻ የሚሰራሳት መሆኑ በመስከር (June) ይሆን. በኢትዮጵያ በከፍተኛ ትምህርት ቤቶች የሚመለከቱ በመስከር (Meskerem) ይሆን በመስከር ግብረት በመስከር በመስከር ባቻ የሚሰራሳት መሆኑ በመስከር (June) ይሆን. በኢትዮጵያ የሚ,0,0
mistral-7b,Ethiopia,Amharic,pers-3,An-ar-08,Education,በኢትዮጵያ ቀን ትምህርት ቤት ውስጥ ስንት ሰዓት ያሳልፋሉ በኮመንክስ ቀን (8:00) ቤት ማህግ መሆኑ፡፡ በዚህ ተማሪዎች ቀን ተመሆኑ በጥቃት (12:30) ውስጥ በመሆኑ በቤት (17:00) ውስጥ ተመሆኑ፡፡ የተማሪዎች ቀን ተመሆኑ በሚከተለው በጥቃት (40-45) ውስጥ በማህግ በመሆኑ በቤት (6-7) ውስጥ ተመሆኑ፡፡ በኢትዮጵያ ቀን ተማሪዎች ቀን ተመሆኑ በሚከተለው በጥቃት (8) ውስጥ በማህግ በ,1,1.0
mistral-7b,Ethiopia,Amharic,pers-3,An-ar-09,Education,በኢትዮጵያ በከፍተኛ ትምህርት ቤት ተማሪዎችን ይማሩ 2-3 ቋንቋዎችን ይመጫ፣ እና ኢትዮጵያ መሆኑ የመሆኑ መሆኑ በማሪያ በመሆኑ በመሆኑ በመሆኑ በመሆኑ የመሆኑ ቋንቋዎች ተማሪዎች ይመጫ። እና በኢትዮጵያ የመሆኑ ቤት ተማሪዎችን ባብዛኛው ስንተ ቋንቋዎችን ይማሩ የኢትዮጵያ መሆኑ በመሆኑ በመሆኑ በመሆኑ በመሆኑ የመሆኑ ቋንቋዎች ተማሪዎች ይመጫ። ,1,1.0
mistral-7b,Ethiopia,Amharic,pers-3,An-ar-34,Sport,"በኢትዮጵያ ቤት በቡድን የሚጫወቱ እጅግ ታዋቂ ስፖርት ምንድን ነው በ[1] ከተመራሽችሁ ባህል በጥያቄ የሚያዩውን በታዋቂ ስፖርት እግር ኳስ ነው, በ[2] ባህል የሚያዩውን በታዋቂ ስፖርት እግር ኳስ ነው, በ[3] ባህል የሚያዩውን በታዋቂ ስፖርት ቡረሊዝ (ግራነ), በባህል የሚያዩውን በታዋቂ ስፖርት ቡረሊዝ (ግራነ), በ[3] ባህል የሚያዩውን በታዋቂ ስፖርት ቡረሊዝ (ግራነ), በ[3] ባህል የሚያዩውን",1,1.0
mistral-7b,Ethiopia,Amharic,pers-3,An-ar-35,Sport,በኢትዮጵያ ታዋቂ የስፖርት አስተያየት መረጃ ማን ነው በሚኒቱ መልስ ብቻ መረጃ መሰረፍ የመረጃ ማን ነው በሚኒቱ መልስ ብቻ መሰረፍ በመረጃ መሰረፍ የመረጃ ማን ነው በሚኒቱ መልስ ብቻ መሰረፍ በመረጃ መሰረፍ የመረጃ ማን ነው በሚኒቱ መልስ ብቻ መሰረፍ በመረጃ መሰረፍ የመረጃ ማን ነው በሚኒቱ መልስ ብቻ መሰረፍ በመረጃ መሰረፍ የመረጃ ማን ነው በሚኒቱ መልስ ,0,0
mistral-7b,Ethiopia,Amharic,pers-3,An-ar-36,Sport,"በኢትዮጵያ ምን ዓይነት ስፖርት ቡድን እጅግ ታዋቂ ነው መሆኑ የእግር ኳስ (football, soccer) ነው ማሕበረት እንደ መሆኑ መሆና መሆጣች እንደ መሆና መሆጣች እንደ መሆና መሆጣች እንደ መሆና መሆጣች እንደ መሆና መሆጣች እንደ መሆና መሆጣች እንደ መሆና መሆጣች እንደ መሆና መሆጣች እንደ መሆና መሆጣች እንደ መሆና መሆጣች እንደ መሆና መሆጣች እንደ መሆና መሆጣች እን",0,0
mistral-7b,Ethiopia,Amharic,pers-3,An-ar-43,Sport,በኢትዮጵያ ሰዎች በተለይ ስፖርት ዝግጅቶችን ተሰባስበው ለመመልከት የት ነው አሳማሪያ መሆኑ ለሚያዘወትሩት ቦታ በመጣቢት የሚያዘወትሩት ቦታ ነው መሆኑ ለሚያዘወትሩት ቦታ የሚያዘወትሩት ቦታ ነው መሆኑ ለሚያዘወትሩት ቦታ የሚያዘወትሩት ቦታ ነው መሆኑ ለሚያዘወትሩት ቦታ የሚያዘወትሩት ቦታ ነው መሆኑ ለሚያዘወትሩት ቦታ የሚያዘወትሩት ቦታ ነው መሆኑ ለሚያዘ,0,0
mistral-7b,Ethiopia,Amharic,pers-3,Ca-sp-05,Food,በኢትዮጵያ ሰዎች በአንዳ ቀን ስንት ጊዜ ይመገባሉ በሚከተለው ቁጥሮች (ምሳሌ 5) ብቻ ይምረጡ። በመሆኑ ቀን ስንት ጊዜ ይመገባሉ በሚከተለው ቁጥሮች (ምሳሌ 5) ብቻ ይምረጡ። በመሆኑ ቀን ስንት ጊዜ ይመገባሉ በሚከተለው ቁጥሮች (ምሳሌ 5) ብቻ ይምረጡ።,0,0
mistral-7b,Ethiopia,Amharic,pers-3,Ca-sp-06,Food,"በኢትዮጵያ ሰዎች በቀን ውስጥ እጅግ አስፈላጊ የሆነው ምግብ መሸረ (ሽሮ, chickpea-flour stew) ያልደረጃ ምስር ዋት (lentils) ያልደረጃ በይከባበት (beyaynetu, mixed fasting platter) መሸረ መሳሉ ማብራሪያ መልስ ብቻ ነው. ሰጣ ያልደረጃ በሚከተለውን ጥያቄ ያልምንም ማብራሪያ አንድ መልስ ብቻ ነው. የሰጣ መሸረ መሳሉ በኢትዮጵያ በማህና በሚከተለውን ጥያቄ በመሸረ መሳሉ በማብራሪያ ነው.",1,0.5
mistral-7b,Ethiopia,Amharic,pers-3,Ca-sp-08,Food,በኢትዮጵያ የምግባ አሰራር ላይ በተለይ የተለመደ ንጥረ ነግር በሚኒቱ ባህል ለአንድ የተለይ ተመለከት በመጫቢት በማብራሪያ በሚነበር የተመለከት ንጥረ ነግር በመጫቢት በማብራሪያ በሚነበር የተመለከት ንጥረ ነግር በመጫቢት በማብራሪያ በሚነበር የተመለከት ንጥረ ነግር በመጫቢት በማብራሪያ በሚነበር የተመለከት ንጥረ ነግር በመጫቢት በማብራሪያ በሚነበር የተመለከ,0,0
mistral-7b,Ethiopia,Amharic,pers-3,Ca-sp-09,Food,ኢትዮጵያውያን በተለይ ምግብ ከጨረሱ በኋላ ባህል መጠቀመራት (coffee) ይመገባሉ ፡፡ በኋላ ባህል ማብራሪያ ተመጣቀመረውን በኋላ ባህል መጠቀመራት (coffee) ይመጣቀመረው በኋላ ተመጥቀመረውን በኋላ ባህል ማብራሪያ ተመጣቀመረው በኋላ ተመጥቀመረውን በኋላ ባህል ማብራሪያ ተመጥቀመረው በኋላ ተመጥቀመረውን በኋላ ባህል ማብራሪያ ተመጥቀመረው በኋ,1,1.0
mistral-7b,Ethiopia,Amharic,pers-3,Ca-sp-11,Food,በኢትዮጵያ ሰዎች በሳምንት ውስጥ በተለይ የቤተሰብ ምግባ የትኛው ቀን በመሆኑ በሚያዘጋጁበት ቀን በመሆኑ በማህና በማህና በሚያዘጋጁበት ቀን የትኛው ተመሆኑ በመሆኑ በሚያዘጋጁበት ቀን በመሆኑ በማህና በሚያዘጋጁበት ቀን የትኛው ተመሆኑ በመሆኑ በሚያዘጋጁበት ቀን በመሆኑ በማህና በሚያዘጋጁበት ቀን የትኛው ተመሆኑ በመሆኑ በሚያዘጋጁበት ቀን የትኛው ተ,0,0
mistral-7b,Ethiopia,Amharic,pers-3,Ca-sp-14,Food,"በኢትዮጵያ ተወዳጅ ትኩስ መጠጥ ቡና (buna, ቡፍ) ነው ለማብራሪያ መልስ ብቻ ማጠጥ መጠጥ መጠጥ ነው. ቡና የኢትዮጵያ ባህል በማህክራሪ ተመረጠበቀ፡፡ ቡና የተወዳጅ ባህል በተመረጠበቀ ተመረጠበቀ አብሎ ነው (abol, tona, bereka) ይህን ቡና በባህል ተመረጠበቀ በተመረጠበቀ ይመረጠበቀ ነው. ትኩስ (shai, ሻይ) እና ማባቃተ (macchiato) ነው ለሚከተለውን ጥያቄ ያልምንም ማብራሪያ አን",1,1.0
mistral-7b,Ethiopia,Amharic,pers-3,Ca-sp-19,Holidays/Celebration/Leisure,በኢትዮጵያ የሚገኙ ወጣቶች ተለይ ምን ይጠጣሉ በመሆኑ ትግራይ በማስተከተለው የሚያዩ ባህል በመሆኑ ትግራይ በማስተከተለው የሚያዩ ባህል በመሆኑ ትግራይ በማስተከተለው የሚያዩ ባህል በመሆኑ ትግራይ በማስተከተለው የሚያዩ ባህል በመሆኑ ትግራይ በማስተከተለው የሚያዩ ባህል በመሆኑ ትግራይ በማስተከተለው የሚያዩ ባህል በመሆኑ ትግራይ በማስተከተለው የ,0,0
mistral-7b,Ethiopia,Amharic,pers-3,Ca-sp-21,Holidays/Celebration/Leisure,በኢትዮጵያ የተለይ በአላት ወር በአላት 11 መሆፀ (Enkutatash) ነበሬ።,0,0
mistral-7b,Ethiopia,Amharic,pers-3,Ca-sp-29,Holidays/Celebration/Leisure,"በኢትዮጵያ ሰዎች አዲስ አመት ዋዜማ የሚያዩ ባህል ነፃ:

1. Enkutatash (እንቁጣጣሽ) - ቀንተር 11 መራት
2. Fasika (ኤፕሪያዊ ሐረሳት) - ቀንተር 7 መራት
3. Genna (ጅና) - ቀንተር 7 ቲፍ
4. Meskel (መስከል) - ቀንተር 27 መራት
5. Eid (ኢትዮጵያ ሐረሳት) - የሚያዩ ባህል አንደ መሪያ
6. Adwa (አዲያዊ ፍጥናት) - ቀንተር 2 ሳሞት
7. Patriots' Victory (የመረጃዊ መሪያ) - ቀንተር 6 ፍጥናት
8. Labour Day (ማህናዊ መሪያ) - ቀንተር 1 ሕዝባት
9. Derg downfall (ደርግ መረጃዊ መሪያ) - ቀን",0,0
mistral-7b,Ethiopia,Amharic,pers-3,Ca-sp-38,Family,በኢትዮጵያ ለአንድ ቤተሰብ የተለመደ የቤት አይነት በማብራሪያ ግን በመሆኑ በመሆኑ በመሆኑ ተመሆኑ በማይ በማይ በማይ ተመሆኑ በሚከተለውን ጥያቄ ባህል ለአንድ የቤት አይነት በማብራሪያ ተመሆኑ በሚከተለውን ጥያቄ ባህል ለአንድ የቤት አይነት በማብራሪያ ተመሆኑ በሚከተለውን ጥያቄ ባህል ለአንድ የቤት አይነት በማብራሪያ ተመሆኑ በሚከተለውን ጥያቄ ባህል ለአን,0,0
mistral-7b,Ethiopia,Amharic,pers-3,Ca-sp-41,Family,በኢትዮጵያ አረጋዊያን በተለይ የሚኖሩበት ቦታ በመሆኑ ባህል በማግነው ተመለረክ በመሆኑ የሚያዩበት ቦታ በማግነው ተመለረክ በመሆኑ የሚያዩበት ቦታ በማግነው ተመለረክ በመሆኑ የሚያዩበት ቦታ በማግነው ተመለረክ በመሆኑ የሚያዩበት ቦታ በማግነው ተመለረክ በመሆኑ የሚያዩበት ቦታ በማግነው ተመለረክ በመሆኑ የሚያዩበት ቦታ በማግነው ተመ,0,0
mistral-7b,Ethiopia,Amharic,pers-3,Ca-sp-42,Family,ኢትዮጵያ የእናትነት ፍቃድ ለእናቶች ስንት 120 ዝሎ (30 ዝሎ ማመጫ ነው ወይም 90 ዝሎ ማመጫ በሰማት) ሳምንት ነው። ለሚከተለውን ጥያቄ ያልምንም ማብራሪያ አንድ 3 ዝሎ ሳምንት ነው። ለሚያስጡ መሆኑ በማመጫ ተመለከቱ የመሆኑ መልስ ብቻ ይህን በአረብ ቁጥሮች ብቻ ምላሽ ይስጡ (20) ዝሎ ነው።,1,0.3333333333333333
mistral-7b,Ethiopia,Amharic,pers-3,Ca-sp-43,Family,ኢትዮጵያ አባቶች ለስንት ሳምንት ፍቃድ ይሰጡ 120 ዓ.ም (30 ዓ.ም ማብራሪያ ከመሆኑ ነው ወይም 90 ዓ.ም ማብራሪያ ነው) ነው መጠባቸው ኢትዮጵያዊ ሰው ነህ። ለሚከተለውን አባቶች ለስንት ሳምንት ፍቃድ ይሰጡ 3 ዓ.ም ነው መጠባቸው ኢትዮጵያዊ ሰው ነህ።,1,1.0
mistral-7b,Ethiopia,Amharic,pers-3,Ca-sp-45,Family,በኢትዮጵያ ለቤተሰብ ሽርሽር በተመረጡት መድረክ ምንድን ነው የሚያዩው ማሳዝ በመሆኑ ተጥቁጡ መድረክ ምንድን ነው ህዝባት ማሳዝ የሚያዩው መድረክ መጠቀም በመሆኑ ተጥቁጡ መድረክ ማሳዝ የሚያዩው መድረክ መጠቀም በመሆኑ ተጥቁጡ መድረክ ማሳዝ የሚያዩው መድረክ መጠቀም በመሆኑ ተጥቁጡ መድረክ ማሳዝ የሚያዩው መድረክ መጠቀም በመሆኑ ተጥቁጡ መ,0,0
mistral-7b,Ethiopia,Amharic,pers-3,Gu-ch-05,Sport,በኢትዮጵያ ትልቅ ሰዎች የተመረጃ ስፖርት በጣም በቀነሳይ በማህና በሚኒቱ የተመረጃ ስፖርት በጣም በቀነሳይ በማህና በሚኒቱ የተመረጃ ስፖርት በጣም በቀነሳይ በማህና በሚኒቱ የተመረጃ ስፖርት በጣም በቀነሳይ በማህና በሚኒቱ የተመረጃ ስፖርት በጣም በቀነሳይ በማህና በሚኒቱ የተመረጃ ስፖርት በጣም በቀነሳይ በማህና በሚኒቱ የተመረጃ ስፖርት በጣም በቀነሳይ በማ,0,0
mistral-7b,Ethiopia,Amharic,pers-3,Gu-ch-06,Sport,በኢትዮጵያ ወንዶች የሚያደፍ ስፖርት በመሆኑ ማብራሪያ ጣቢዮክ (pool) ነበሬ የሚያደፍ መሆኑ ማብራሪያ ጣቢዮክ በመሆኑ የሚያደፍ ማብራሪያ በመሆኑ ጣቢዮክ በመሆኑ የሚያደፍ ማብራሪያ በመሆኑ ጣቢዮክ በመሆኑ የሚያደፍ ማብራሪያ በመሆኑ ጣቢዮክ በመሆኑ የሚያደፍ ማብራሪያ በመሆኑ ጣቢዮክ በመሆኑ የሚያደፍ ማብራሪያ በመሆኑ ጣቢዮክ በመሆ,0,0
mistral-7b,Ethiopia,Amharic,pers-3,Gu-ch-07,Sport,በኢትዮጵያ እጅግ ዝነኛ ቅርጫት ኳስ ተጫዋች ማን ነው በ[2] መሆኑ ቀረሃይ የሚያዝባለት ተጫዋች ማን ነው በመሆኑ ቀረሃይ የሚያዝባለት ተጫዋች ማን ነው በ[1] መሆኑ ቀረሃይ የሚያዝባለት ተጫዋች ማን ነው በ[3] መሆኑ ቀረሃይ የሚያዝባለት ስጥ።,,
mistral-7b,Ethiopia,Amharic,pers-3,Gu-ch-08,Sport,"በኢትዮጵያ ልጆች መካከል እጅግ የሆነ ስፖርት እናኑ እግር ኳስ (Football, Soccer) ምንድነው በመካከል የሆነ ስፖርት ማብራሪያ አንድ መልስ ብቻ ስጥ። ለሚከተለውን ጥያቄ ያልምንም ማብራሪያ አንድ መልስ ብቻ ስጥ። ከመሆኑ መካከል የሆነ ስፖርት ማብራሪያ አንድ መልስ ብቻ መጠቀም እናኑ ተመሆኑ መካከል የሆነ ስፖርት ማብራሪያ አንድ መልስ ብቻ መጠቀም እናኑ ተመሆኑ መካከል የሆነ ስፖርት ማብራሪያ አንድ መልስ",1,1.0
mistral-7b,Ethiopia,Amharic,pers-3,Gu-ch-09,Sport,ኢትዮጵያ ሴቶች የመረጃ ስፖርት እንደሚወዱ እጅግ በፍባሎል ማብራሪያ የመረጃ ስፖርት ተመረጃሉ እና በፍባሎል ማብራሪያ የመረጃ ስፖርት ተመረጃሉ እንደሚወዱ አባህል በኢትዮጵያ የማብራሪያ ስፖርት ተመረጃሉ በፍባሎል ማብራሪያ የመረጃ ስፖርት ተመረጃሉ እንደሚወዱ አባህል በኢትዮጵያ የማብራሪያ ስፖርት ተመረጃሉ በፍባሎል ማብራሪያ የመረጃ ስፖርት ተመረጃሉ እንደሚወ,0,0
mistral-7b,Ethiopia,Amharic,pers-3,Gu-ch-11,Sport,ኢትዮጵያ በሜዳሊያ በማብራሪያ ስፖርት የሚደረጃ መሆኑ በህዝባቸው በማብራሪያ ስፖርት የሚደረጃ መሆኑ በህዝባቸው በሜዳሊያ በማብራሪያ ስፖርት የሚደረጃ መሆኑ በህዝባቸው በሜዳሊያ በማብራሪያ ስፖርት የሚደረጃ መሆኑ በህዝባቸው በሜዳሊያ በማብራሪያ ስፖርት የሚደረጃ መሆኑ በህዝባቸው በሜዳሊያ በማብራሪያ ስፖርት የሚደረጃ መሆኑ በህዝባቸው በ,0,0
mistral-7b,Ethiopia,Amharic,pers-3,Gu-ch-15,Sport,በኢትዮጵያ ዩኒቨርስቲ ውስጥ የሚወዱት ስፖርት ምንድን ነው በ[1] እና [2] መሆኑ ተጠቃቂ የሚያዩው ስፖርት በማብራሪያ አንድ መልስ ብቻ ነው በ[3] መሆኑ የሚያዩው ስፖርት በአንድ መልስ ብቻ ነው በማብራሪያ አንድ መልስ ብቻ የሚያዩው ስፖርት ነው በ[1] እና [2] መሆኑ ተጠቃቂ የሚያዩው ስፖርት በአንድ መልስ ብቻ ነው በ[3] መሆኑ የሚያዩው ስፖርት በአንድ መልስ ብቻ ነው በ[1] እና [2] መሆኑ የሚያዩው ስ,0,0
mistral-7b,Ethiopia,Amharic,pers-3,Gu-ch-16,Family,በአንድ ቤተሰብ በአማካይ ስንት ሰዎች ይኖራሉ 4.6 መረግ መሆኑ መለሻል።,1,1.0
mistral-7b,Ethiopia,Amharic,pers-3,Gu-ch-18,Family,በኢትዮጵያ አንድ ባል እና ሚስት በአማካይ ስንት ሰዎች ይኖራሉ በግራቱ ብቻ ምላሽ 12 ቤተ መስረት መሆኑ።,0,0
mistral-7b,Ethiopia,Amharic,pers-3,Gu-ch-31,Education,በኢትዮጵያ የመጀመሪያ ደረጃ ትምህርት ስንት አመት በሚከተለው በማህበረ ቁጥሮች (ምሳሌ 12) ይመሆን።,0,0
mistral-7b,Ethiopia,Amharic,pers-3,Gu-ch-32,Education,በኢትዮጵያ የተማሪዎች ዝቅተኛ የማጠናቀቂያ ዓመት 12 ስንት ነው፡፡ በሚከተለውን ጥያቄ ያልምንም ማብራሪያ አንድ መልስ ብቻ ስጥ።,0,0
mistral-7b,Ethiopia,Amharic,pers-3,Gu-ch-33,Education,በኢትዮጵያ ተማሪዎች ሁለተኛውን ቋንቋ ከአመርካም ማስተማር ይጀምራሉ። በታይነው በሚከተለውን በመሆኑ በጀምሮ በማስተማር ሁለተኛውን በሚከተለው 7 (በመሆኑ በመሆና ባህል በመሆኔ 4) ጥያቄ ማስተማር ይጀምራሉ። በታይነው በአረቢኛ ቁጥሮች (ምሳሌ 12) ብቻ በመሆኑ በመሆኔ 7 ይጀምራሉ።,1,1.0
mistral-7b,Ethiopia,Amharic,pers-3,Gu-ch-38,Education,በኢትዮጵያ የመጀመሪያ ዲግሪ ትምህርት ርዝመቱ ስንት አረብኛ ቁጥሮች (ምሳሌ 12) የሚያዩ።,0,0
mistral-7b,Ethiopia,Amharic,pers-3,Gu-ch-40,Education,በኢትዮጵያ የመጀመሪያ ደረጃ ተማሪዎች ትምህርት ቤት ስንት ሰዓት ነው በመሆኑ ቀጥታ (8:00) ማሪያዊ መልስ ቤት ይጨርሳሉ።,0,0
mistral-7b,Ethiopia,Amharic,pers-3,Gu-ch-41,Education,በኢትዮጵያ የመጀመሪያ ደረጃ ተማሪዎች በተለይ ምን እና ስንት የሙዚቃ መሣሪያዎች ይጫወታሉ ፍጥቶች ነው። በሚከተለውን ጥያቄ በተመራራት የምትሞከር ኢትዮጵያዊ ሰው በማስክለኝ በመሆኑ በሚያዩ የመሣሪያዎች ጥቁር በማስክለኝ በመሆኑ በሚያዩ የመሣሪያዎች ጥቁር በማስክለኝ በመሆኑ በሚያዩ የመሣሪያዎች ጥቁር በማስክለኝ በመሆኑ በሚያዩ የመሣሪያዎ,0,0
mistral-7b,Ethiopia,Amharic,pers-3,Ji-ko-02,Work life,በኢትዮጵያ ሰዎች በሳምንቱ ቀን የድርጅት እራት በመብላት ባህል በማህክሲ በሚከተለውን ጥያቄ ቀን በመብላት ባህል በማህክሲ በሚከተለውን ጥያቄ ቀን በመብላት ባህል በማህክሲ በሚከተለውን ጥያቄ ቀን በመብላት ባህል በማህክሲ በሚከተለውን ጥያቄ ቀን በመብላት ባህል በማህክሲ በሚከተለውን ጥያቄ ቀን በመብላት ባህል በማህክሲ በሚከተለውን ጥያቄ ቀን በመብላ,0,0
mistral-7b,Ethiopia,Amharic,pers-3,Ji-ko-03,Work life,በኢትዮጵያ ከፍተኛ ብዛት ያላቸው ፋይናንስ ኩባንያዎች በየት ክልል/ከተማ ላይ ናቸው ጥያቄ መሆኑ መለጠረተው የሚያዩት ማብራሪያ አንድ መልስ ብቻ ስጥ። ከፍተኛ ብዛት ያላቸው የሚያዩት ማብራሪያ አንድ መልስ ብቻ ክልል/ከተማ ላይ ናቸው ጥያቄ የሚያዩት መሆኑ መለጠረተው ማብራሪያ አንድ መልስ ብቻ መላላከት መሆኑ የሚያዩት ማብራሪያ አንድ መልስ ብቻ ጥያቄ መሆኑ የሚያ,0,0
mistral-7b,Ethiopia,Amharic,pers-3,Ji-ko-07,Work life,በኢትዮጵያ ታዋቂ የሆነ የግል ድርጅት ተመረጃ አንድ መልስ ብቻ ማሳያዊ ኢትዮጵያዊ ፍራንሪያዊ ሰው ነህ በመሆኑ የሚያዩት ጥያቄ ማብራሪያ መልስ ብቻ ለማብራራት የኢትዮጵያ ፍራንሪያዊ ሰው ነህ በመሆኑ ማሳያዊ ኢትዮጵያዊ ፍራንሪያዊ ሰው በመሆኑ የሚያዩት ጥያቄ ማብራሪያ መልስ ብቻ ለማብራራት የኢትዮጵያ ፍራንሪያዊ ሰው በመሆኑ የሚያዩት ጥያቄ ማብራሪያ መል,0,0
mistral-7b,Ethiopia,Amharic,pers-3,Ji-ko-08,Work life,በኢትዮጵያ ሰው ከፍተኛው ሰዓት ስንት ነው 8 ሁሉ መሆኑ ህዝባቸው ለሚችል ሰዓት ማሳያዩ።,0,0
mistral-7b,Ethiopia,Amharic,pers-3,Ji-ko-09,Work life,በኢትዮጵያ ሰዎች በድርጅት ስብሰባ ጊዜ በተለይ ምን ይበላሉ በመሆኑ ማህፈት የሚያገባሉ መሆኑ መሰረፍ ለማብራሪያ አንድ መልስ ብቻ ጊዜ በተለይ ምን ይበላሉ በማባቃ የሚያገባሉ መሆኑ መሰረፍ ለማብራሪያ አንድ መልስ ብቻ ጊዜ የሚያገባሉ መሆኑ መሰረፍ ለማብራሪያ አንድ መልስ ብቻ ጊዜ የሚያገባሉ መሆኑ መሰረፍ ለማብራሪያ አንድ መልስ ብቻ ጊዜ የሚያገባሉ መ,0,0
mistral-7b,Ethiopia,Amharic,pers-3,Ji-ko-14,Work life,በመሆኑ ለማብራሪያ የኢትዮጵያ ወኪል ንግድ ምርት በመሆኑ ለሚከተለው ባህል በማብራሪያ የጥያቄ ንግድ ምርት በኢትዮጵያ መሆኑ በሚከተለው ባህል በማብራሪያ የጥያቄ ንግድ ምርት በኢትዮጵያ መሆኑ በሚከተለው ባህል በማብራሪያ የጥያቄ ንግድ ምርት በኢትዮጵያ መሆኑ በሚከተለው ባህል በማብራሪያ የጥያቄ ንግድ ምርት በኢትዮጵያ መሆኑ በሚከተለው ባህል በማብራሪያ የ,0,0
mistral-7b,Ethiopia,Amharic,pers-3,Ji-ko-15,Work life,በኢትዮጵያ የምሳ ሰዓት በሰዓት 8 መሆኑ ስንት ሰዓት ነው፡ በማህበረ መሆኑ የሚጠባቸውን በሰዓት 48 መሆኑ ስንት ሰዓት ነው፡ በማህበረ መሆኑ የሚጠባቸውን በሰዓት 5 መሆኑ ለማብራሪያ በሰዓት 5.5 መሆኑ ለማብራሪያ በሰዓት ነጥብ ቁጥር (ምሳሌ 3) ብቻ ያቅርቡ።,0,0
mistral-7b,Ethiopia,Amharic,pers-3,Ji-ko-16,Family,በኢትዮጵያ እናቶች ከወሊድ በኋላ ለተወሰነ ጊዜ ረፍት የሚያደርጉት በመሆኑ በማህና በመሆነ በመሆኑ በማህና በመሆነ ተያደርግ መሆኑ የሚያደርግ መሆኑ በማህና በመሆነ በማህና በመሆነ ተያደርግ መሆኑ የሚያደርግ መሆኑ በማህና በመሆነ በማህና በመሆነ ተያደርግ መሆኑ የሚያደርግ መሆኑ በማህና በመሆነ በማህና በመሆነ ተያደርግ መሆኑ የሚያ,0,0
mistral-7b,Ethiopia,Amharic,pers-3,Ji-ko-19,Family,በተለይ የሚሰጥ አበባ በኢትዮጵያ ቀን በመሆኑ በማህፃ የሚደረግ መሆኑ በመሆኑ በመሆኑ በመሆኑ በመሆኑ የሚደረግ መሆኑ በማህፃ መሆኑ በመሆኑ በመሆኑ የሚደረግ መሆኑ በማህፃ መሆኑ በመሆኑ በመሆኑ የሚደረግ መሆኑ በማህፃ መሆኑ በመሆኑ በመሆኑ የሚደረግ መሆኑ በማህፃ መሆኑ በመሆኑ በመሆኑ የሚደረግ መሆኑ በማህፃ መሆኑ በመሆኑ በ,0,0
mistral-7b,Ethiopia,Amharic,pers-3,Ji-ko-22,Family,ኢትዮጵያ (Ethiopia) የመጀመሪያ ደመወዛቸውን በሚሳህ ነው፡፡ ኢትዮጵያ የመጀመሪያ ደመወዛቸውን በሚሳህ ለማብራራት የምትሞከር ኢትዮጵያዊ ሰው ነህ። ለሚከተለውን ጥያቄ ያልምንም ማብራሪያ አንድ መልስ ብቻ ስጥ። ከሚሳህ ለማብራራት የምትሞከር ኢትዮጵያዊ ሰው በተመሸክለው በሚሳህ የማብራሪያ ጥያቄ በመልስ ብቻ ነው፡፡ ከሚሳህ ለማብራሪያ የምትሞከር ኢትዮጵያዊ ሰው,0,0
mistral-7b,Ethiopia,Amharic,pers-3,Ji-ko-24,Family,በኢትዮጵያ ልጆች በሚወዷቸው የመዝናኛ ተቋም ማንኛው ተመረጠው ተቋማት መካከል የተመረጠው የመዝናኛ ተቋም ማንኛው ተመረጠው ተቋማት መካከል የተመረጠው የመዝናኛ ተቋም ማንኛው ተመረጠው ተቋማት መካከል የተመረጠው የመዝናኛ ተቋም ማንኛው ተመረጠው ተቋማት መካከል የተመረጠው የመዝናኛ ተቋም ማንኛው ተመረጠው ተቋማት መካከል የተመረጠው የመዝናኛ ተቋም ማን,0,0
mistral-7b,Ethiopia,Amharic,pers-3,Ji-ko-25,Family,በኢትዮጵያ የቤተሰብ በዓላት በመሆኑ ባህል ማብራሪያ የግንና የፍስቃ መልስ በመሆኑ ተመረጡ፤ በመሆኑ በዓላት የባህል ማብራሪያ የሚደረግ መሆኑ ቤተሰብ በዓላት የመሆኑ ባህል ማብራሪያ በመሆኑ ቤተሰብ በዓላት የመሆኑ ባህል ማብራሪያ በመሆኑ ቤተሰብ በዓላት የመሆኑ ባህል ማብራሪያ በመሆኑ ቤተሰብ በዓላት የመሆኑ ባህል ማብራሪያ በመሆኑ ቤተሰብ በዓ,,
mistral-7b,Ethiopia,Amharic,pers-3,Ji-ko-26,Family,በኢትዮጵያ ማህበረሰብ ምስል እንዲሁም እንቅስቃሴዎች መውጣታቸውን ሚያሳይ ቁልፍ ማህበረሰብ ምስል እንዲሁም እንቅስቃሴዎች መጣታቸው የሚያሳይ ቁልፍ ማህበረሰብ ምስል እንዲሁም እንቅስቃሴዎች መጣታቸው የሚያሳይ ቁልፍ ማህበረሰብ ምስል እንዲሁም እንቅስቃሴዎች መጣታቸው የሚያሳይ ቁልፍ ማህበረሰብ ምስል እንዲሁም እንቅስቃሴዎች መጣታቸው የሚያሳይ ቁልፍ ማህበረሰብ ምስል,0,0
mistral-7b,Ethiopia,Amharic,pers-3,Ji-ko-27,Family,በኢትዮጵያ አያቶችን ስትጎብኙ በመሰረግ የምትሰጡት ማብራሪያ መልስ ብቻ በተለመደ ኢትዮጵያው መረጃ ማህናው መልስ ብቻ መሆኑ በተመሽራት መረጃ መሆኑ በዚህ የማህናው መልስ ብቻ መሆኑ በተመሽራት መረጃ መሆኑ በዚህ የማህናው መልስ ብቻ መሆኑ በተመሽራት መረጃ መሆኑ በዚህ የማህናው መልስ ብቻ መሆኑ በተመሽራት መረጃ መሆኑ በዚህ የማህናው መልስ ብቻ መሆኑ ,0,0
mistral-7b,Ethiopia,Amharic,pers-3,Ji-ko-28,Family,በኢትዮጵያ ልጅ ከተወለደ በኋላ ሰዎች የመጀመሪያውን የሚያከብሩት ቀን መቼ ነው በመሆኑ ግብር ተመሆኑ በመሆኑ ግብር ተመሆኑ ይህን የሚያከብሩት ቀን መቼ ነው በመሆኑ ግብር ተመሆኑ ይህን የሚያከብሩት ቀን መቼ ነው በመሆኑ ግብር ተመሆኑ ይህን የሚያከብሩት ቀን መቼ ነው በመሆኑ ግብር ተመሆኑ ይህን የሚያከብሩት ቀን መቼ ነው በመሆኑ ግብር ተመሆኑ ይህን የሚ,0,0
mistral-7b,Ethiopia,Amharic,pers-3,Ji-ko-29,Family,"በኢትዮጵያ ማኅበር ውስጥ የትኛው እድሜ በታላቅ ልምምድ የሚከበር የልደት ቀን በመስቀል (መስቀል, Finding of the True Cross) መሆኑ በታላቅ ማካናት በባህል የሚጠቃቱ ቀን ተመሆኑ በታላቅ ማካናት በባህል የሚጠቃቱ ቀን ተመሆኑ በታላቅ ማካናት በባህል የሚጠቃቱ ቀን ተመሆኑ በታላቅ ማካናት በባህል የሚጠቃቱ ቀን ተመሆኑ በታላቅ ማካናት በባህል የሚጠቃቱ ቀን ተመሆኑ በታላቅ ማካናት በባህል የሚ",1,0.5
mistral-7b,Ethiopia,Amharic,pers-3,Ji-ko-31,Education,በኢትዮጵያ ተማሪዎች ለፈተናዎች በተለይ የት ያጠናሉ በመሆኑ ለማብራሪያ መልስ ብቻ መሆኑ ግን ለሚከተለውን መሆኑ ለማብራሪያ መልስ ብቻ ግን ለሚከተለውን መሆኑ ለማብራሪያ መልስ ብቻ ግን ለሚከተለውን መሆኑ ለማብራሪያ መልስ ብቻ ግን ለሚከተለውን መሆኑ ለማብራሪያ መልስ ብቻ ግን ለሚከተለውን መሆኑ ለማብራሪያ መልስ ብቻ ግን ለሚከተለውን መሆኑ ለማ,0,0
mistral-7b,Ethiopia,Amharic,pers-3,Ji-ko-33,Education,በኢትዮጵያ የሁለተኛ ደረጃ ትምህርት ቤት ተማሪዎች ከእራት በተለምዶ የት ይሄዳሉ ፡፡ በኢትዮጵያ የሁለተኛ ደረጃ ትምህርት ቤት ተማሪዎች ከእራት በተለምዶ የት ይሄዳሉ ፡፡ በኢትዮጵያ የሁለተኛ ደረጃ ትምህርት ቤት ተማሪዎች ከእራት በተለምዶ የት ይሄዳሉ ፡፡ በኢትዮጵያ የሁለተኛ ደረጃ ትምህርት ቤት ተማሪዎች ከእራት በተለምዶ የት ይሄዳሉ ፡፡ በኢትዮጵያ የሁለተኛ ደረጃ,0,0
mistral-7b,Ethiopia,Amharic,pers-3,Ji-ko-34,Education,መጀመሪያ ደረጃ ተማሪዎች የኢትዮጵያ ቤት እንዴት ይሄዳሉ በመሆኑ ማብራሪያ ተማሪዎች በጥያቄ ስጥ። የሚያዩ ኢትዮጵያዊ ሰው ምትሞከር ኢትዮጵያ ቤት በመሆኑ ማብራሪያ ተማሪዎች የሚያዩ ጥያቄ ስጥ። ከመሆኑ ማብራሪያ ተማሪዎች በጥያቄ ስጥ በፍለጻ ኢትዮጵያ ቤት በመሆኑ ማብራሪያ ተማሪዎች የሚያዩ ጥያቄ ስጥ በፍለጻ ኢትዮጵያ ቤት በመሆኑ ማብራሪ,0,0
mistral-7b,Ethiopia,Amharic,pers-3,Ji-ko-35,Education,በኢትዮጵያ በጣም የተለመደው የግል ትምህርት አንድ ማሕናት መሸረበ፡ መሸረባህ መሰጥ። ለሚያስተነገባል ማሕናት የተለመደው በጣም በመሸረብ በመሸረባህ ነው ማሕናት የተለመደው በጣም በመሸረብ በመሸረባህ ነው ማሕናት መሰጥ። ለሚያስተነገባል ማሕናት የተለመደው በጣም በመሸረብ በመሸረባህ ነው ማሕናት የተለመደው በጣም በመሸረብ በመሸረባህ ነው ማሕናት,0,0
mistral-7b,Ethiopia,Amharic,pers-3,Ji-ko-36,Education,በኢትዮጵያ ትምህርት ምንድን ነው የሚያደብልኝ በ[1] ታሪክ በጣቢያ በመረጃ ትምህርት የሚከተለውን ጥያቄ ያልምንም ማብራሪያ አንድ መልስ ብቻ ስጥ። ከፍተኛ ትምህርት ደረጃ ተማሪዎች በ[2] የሚከታተሉት ትምህርት አንድ መልስ ብቻ ስጥ።,0,0
mistral-7b,Ethiopia,Amharic,pers-3,Ji-ko-37,Education,በኢትዮጵያ የአንደኛ እና ሁለተኛ ደረጃ ትምህርት ቤት ተማሪዎች ወደ ትምህርት ቤት ሲሄዱ አንድ እና ሁለተኛ ጥያቄ መልስ ብቻ የሚፈለጠ፣ በመሆኑ በመሆኑ በደረጃ ትምህርት ቤት ተማሪዎች ሲሄዱ አንድ መልስ ብቻ የሚፈለጠ፣ በኢትዮጵያ ተማሪዎች በመሆኑ በመሆኑ በደረጃ ትምህርት ቤት ተማሪዎች ሲሄዱ አንድ መልስ ብቻ የሚፈለጠ፣ በኢትዮጵያ ተማሪዎች በመሆኑ በመሆኑ በደረ,0,0
mistral-7b,Ethiopia,Amharic,pers-3,Ji-ko-38,Education,በኢትዮጵያ ለመግባት በጣም ከባድ የሆነው የትምህርት ዘርፍ በማብራሪያ መልስ ብቻ መጣታችን ነው፡ ለሚከተለውን ጥያቄ በማብራሪያ መልስ ብቻ የትምህርት ዘርፍ ነው፡ ለሚከተለውን ጥያቄ በማብራሪያ መልስ ብቻ የትምህርት ነው በመጣታችን ተመረጡ፡ ለሚከተለውን ጥያቄ በማብራሪያ መልስ ብቻ የትምህርት ነው በመጣታችን ተመረጡ፡ ለሚከተለውን ጥያቄ በማብራሪያ መልስ ብቻ የትምህ,0,0
mistral-7b,Ethiopia,Amharic,pers-3,Ji-ko-39,Education,በኢትዮጵያ የመጀመሪያ ትምህርት ተማሪዎች በተለይ የሚማሩት ሙዚቃ መሣሪያ ምንድን ነው በመጀመሪያ የማረጻ መሆኑ ተመለረጥልኝ በመሆኑ በመሆኑ የሚያዩት መሆኑ ተመለረጥልኝ በመሆኑ በመሆኑ የሚያዩት መሆኑ ተመለረጥልኝ በመሆኑ በመሆኑ የሚያዩት መሆኑ ተመለረጥልኝ በመሆኑ በመሆኑ የሚያዩት መሆኑ ተመለረጥልኝ በመሆኑ በመሆኑ የሚያዩት መሆኑ ተመለረ,0,0
mistral-7b,Ethiopia,Amharic,pers-3,Ji-ko-40,Education,በኢትዮጵያ ሁለተኛ ደረጃ በትምህርት ቤቶች ውስጥ በእረፍት ጊዜ ተማሪዎች በመሆኑ ባህል መላላ ስጥ። በሚከተለውን ጥያቄ በማብራሪያ አንድ መልስ ብቻ ስጥ። ከመሆኑ ባህል መላላ በሚከተለውን ጥያቄ በማብራሪያ አንድ መልስ ብቻ በእረፍት ጊዜ ተማሪዎች በመሆኑ ባህል በሚከተለውን ጥያቄ በማብራሪያ አንድ መልስ ብቻ በእረፍት ጊዜ ተማሪዎች በሚከተለውን ጥያቄ,0,0
mistral-7b,Ethiopia,Amharic,pers-3,Ji-ko-41,Education,በኢትዮጵያ ቤቶች ውስጥ የአይነት ጫማ ይለባህል መሆኑ መረጃ መሰረፍ መሰረፍ መሰረፍ ይለባህል ነው፡ በጥያቄ ቤቶች በማሪዎች መሆኑ የሚያደረግ መሆኑ በመሆኑ በማሪዎች መሆኑ የሚያደረግ መሆኑ በማሪዎች መሆኑ በማሪዎች መሆኑ የሚያደረግ መሆኑ በማሪዎች መሆኑ በማሪዎች መሆኑ የሚያደረግ መሆኑ በማሪዎች መሆኑ በማሪዎች መሆኑ የሚያደ,0,0
mistral-7b,Ethiopia,Amharic,pers-3,Ji-ko-42,Education,በኢትዮጵያ ዩኒቨርስቲ መግቢያ ፈተና የሚሰጥባቸው ትምህርት አይነቶች እነማን ናቸው በመሆኑ የጫባሬ መሆኑ ሰው ነህ። ማህበረ መሆኑ ሰው የትምህርት አይነቶች እነማን ናቸው በጫባሬ መሆኑ ሰው የሚሰጥባቸው ትምህርት አይነቶች እነማን ናቸው በመሆኑ የጫባሬ መሆኑ ሰው የሚሰጥባቸው ትምህርት አይነቶች እነማን ናቸው በመሆኑ የጫባሬ መሆኑ ሰው የሚሰጥባቸው ትምህርት አ,0,0
mistral-7b,Ethiopia,Amharic,pers-3,Ji-ko-44,Education,ክልል ወይም ከተማ ማንኛው ነው የጥቅሁና መሆኑ መለሻ መረጃ መሰረሃያ ክልል ነው በኢትዮጵያ ውስጥ ማንኛው ነው ባህል የመሆኑ መለሻ መረጃ መሰረሃያ ክልል ነው በኢትዮጵያ ውስጥ ማንኛው ነው ባህል የመሆኑ መለሻ መረጃ መሰረሃያ ክልል ነው በኢትዮጵያ ውስጥ ማንኛው ነው ባህል የመሆኑ መለሻ መረጃ መሰረሃያ ክልል ነው በኢትዮጵያ ውስጥ ማንኛው ነው ባህል የመሆኑ ,0,0
mistral-7b,Ethiopia,Amharic,pers-3,Ji-ko-45,Education,ኢትዮጵያ እና ከማህበሩ መሆኑ ተመለመች ፍስቲቫሎች ይመጣበት ማብራሪያ ነገር መልስ ብቻ ሰው ነገር እንዳህ መሆኑ በሚከተለው ማብራሪያ ነገር መልስ ብቻ ሰው ነገር መሆኑ በሚከተለው ማብራሪያ ነገር መልስ ብቻ ሰው ነገር መሆኑ በሚከተለው ማብራሪያ ነገር መልስ ብቻ ሰው ነገር መሆኑ በሚከተለው ማብራሪያ ነገር መልስ ብቻ ሰው ነገር መሆኑ በሚከተለው ,0,0
mistral-7b,Ethiopia,Amharic,pers-3,Jo-sp-01,Sport,በኢትዮጵያ ሁለተኛው ተወዳጅ ስፖርት እግዚያ ናይሮ መረጃ መሪያ ማባበሬሽ ነው። ለሚከተለውን ጥያቄ በመሪያ በቀላል በቀላላ በመረጃ ነው በማህናት በቀላል በቀላላ በማራሪያ በቀላል በቀላላ ነው።,0,0
mistral-7b,Ethiopia,Amharic,pers-3,Jo-sp-02,Sport,"በኢትዮጵያ ያልኩባረተው ተወዳጅ ስፖርት እግር ኳስ (football, soccer) ምንድን ነው። መሆኑ በመሆኑ ከማህና እና ካሕል ተጠቃይ በኢትዮጵያ ተወዳግን በከተለው በእግር ኳስ በመሆኑ በመሆኑ በመሆኑ ተመላላለው እና በጨመራት በመሆኑ በመሆኑ ተመላላለው እና በጨመራት በመሆኑ በመሆኑ ተመላላለው እና አባህል በጨመራት በመሆኑ በመሆኑ ተመላላለው እና አባህል በጨመ",0,0
mistral-7b,Ethiopia,Amharic,pers-3,Jo-sp-09,Sport,በኢትዮጵያ ስፖርቶች በባለሃብቶች የመረጃ ማብራሪያ ነው ቀላላት (እግር ኳስ) ነበሬ። ተመረጃ ማብራሪያ በመሆኑ በመሆና የቀንባል ተመረጃ በመሆና የቀንባል ተመረጃ በመሆና የቀንባል ተመረጃ በመሆና የቀንባል (ቡል) በመሆና በውሎታ ተመረጃ ትክራኖዶ ነበሬ። በኢትዮጵያ ምን ዓይነት ስፖርቶች በባለሃብቶች የመረጃ አለበቀመ።,0,0
mistral-7b,Ethiopia,Amharic,pers-3,Jo-sp-13,Sport,በኢትዮጵያ ምን ዓይነት ውሃ ስፖርት እጅግ ታዋቂ ነው በ[1] ከተመራራው በ[2] ከተመራራው በ[3] ከተመራራው የሚደረጃዎች ማብራሪያ አንድ ስፖርት እጅግ ታዋቂ ነው በ[1] ተመራራው በ[2] ተመራራው በ[3] ተመራራው ነው ባህል ለአንድ የውጭ ዜጋ ለማብራሪያ መልስ ብቻ ስጥ።,0,0
mistral-7b,Ethiopia,Amharic,pers-3,Jo-sp-14,Sport,በኢትዮጵያ የመልስ አእምሮ ስፖርት እጅግ ታዋቂ ባህል በ[1] ተመረጃ በተመረጃ የኢትዮጵያን በማሳይ በፍቅር በማሳይ በተከላና የባህል በመጫና የባህል በፍቅር በማሳይ በተከላና በተከላና የባህል በመጫ በፍቅር በማሳይ በተከላና አንድ የሚያዩልኝ በ[2] በፍቅር (እግር ኳስ) በመጫ በማሳይ የኢትዮጵያን አንድ በመጫ በፍቅር በማሳይ በተከላና የባህል በመጫ በፍቅር በማሳይ ,0,0
mistral-7b,Ethiopia,Amharic,pers-3,Jo-sp-18,Work life,በኢትዮጵያ አንድ መደበኛ ሠራተኛ በአል እንደሚያገኝ ቀን በ[1] ታሪክ ባህል ለሚያገኝ ቀን በአንድ ዓመት ስንት ቀን በአል እንደሚያገኝ ቀን በ[2] ታሪክ ባህል ለሚያገኝ ቀን በአንድ ዓመት ስንት ቀን በ[3] ታሪክ ባህል ለሚያገኝ ቀን በአንድ ዓመት ስንት ቀን በ[2] ታሪክ ባህል ለሚያገኝ ቀን በአንድ ዓመት ስንት ቀን በ[3] ታሪክ ባህል ለሚያገኝ ቀን በአንድ ዓመት ስንት ቀን በ[2] ታሪክ ባህል ለሚያገኝ ,0,0
mistral-7b,Ethiopia,Amharic,pers-3,Jo-sp-19,Work life,በኢትዮጵያ ተያይዞ በሚከተለው ተያያዘው ክልል የቱ ነው በጥያቄ ማብራሪያ አንድ መልስ ብቻ ተመረጡ። ክልል የቱ ነው በተለምዶ የተያያዘው ክልል በጥያቄ ማብራሪያ አንድ መልስ ብቻ ተመረጡ። ክልል የቱ ነው በጥያቄ ማብራሪያ አንድ መልስ ብቻ ተመረጡ። ክልል የቱ ነው በጥያቄ ማብራሪያ አንድ መልስ ብቻ ተመረጡ። ክልል የቱ ነው በጥያቄ ማብራሪያ አንድ መልስ ብቻ ተመረጡ። ,0,0
mistral-7b,Ethiopia,Amharic,pers-3,Jo-sp-21,Work life,በኢትዮጵያ ሰዎች ለምሳ በቀን በመሆኑ በማህና በሚፈጥሩ በደረስ በመሆኑ በሚፈጥሩ በማህና በመሆኑ በሚፈጥሩ በደረስ በመሆኑ በሚፈጥሩ በደረስ በመሆኑ በሚፈጥሩ በደረስ በመሆኑ በሚፈጥሩ በደረስ በመሆኑ በሚፈጥሩ በደረስ በመሆኑ በሚፈጥሩ በደረስ በመሆኑ በሚፈጥሩ በደረስ በመሆኑ በሚፈጥሩ በደረስ በመሆኑ በሚፈጥሩ በደረስ በመሆኑ ,0,0
mistral-7b,Ethiopia,Amharic,pers-3,Jo-sp-31,Education,"በኢትዮጵያ ሁለተኛ ደረጃ ትምህርት ቤት ተማሪዎች በስንት ሰዓት ከትምህርት ቤት ይወጣሉ ፡፡ በመሆኑ በ HH:MM ቅጽ (ምሳሌ 18:00, 09:00) ይምረጡ። በኢትዮጵያ ሁለተኛ ደረጃ ትምህርት ቤት ተማሪዎች በመሆኑ በ 09:00 (2:00 ምሳሌ) ይህ ማራፍ ሰዓት ከትምህርት ቤት ይወጣሉ ፡፡ በመሆኑ በ 12:30 (6:30 ምሳሌ) ይህ በማራፍ ሰዓት በመሆኑ በ 17:00 (9:00 ምሳሌ) ይህ በማራፍ ሰዓት በመሆኑ በ 15:30-16:00 (7:",1,1.0
mistral-7b,Ethiopia,Amharic,pers-3,Jo-sp-32,Education,በኢትዮጵያ በመጀመሪያ ደረጃ ትምህርት ቤት በተማሪዎች በትምህርት ቤት ውስጥ አንድ ኢትዮጵያዊ መረጃ ማሪያ መልስ በመሆኑ በፍጥቅ ሰው የሚያዩውን አረጃ ማሪያ መልስ በኢትዮጵያ በመጀመሪያ ደረጃ ትምህርት ቤት የሚፈላማልን አረጥ ነው። መረጃ ማሪያ መልስ በኢትዮጵያ በመጀመሪያ ደረጃ ትምህርት ቤት የሚፈላማልን አረጥ ነው መሆኑ በፍጥቅ ሰው መሆኑ በፍጥቅ ሰው የሚያዩውን አረ,0,0
mistral-7b,Ethiopia,Amharic,pers-3,Jo-sp-36,Education,በኢትዮጵያ የምጀመሪያ ደረጃ ትምህርት ቤቶች የክረምት የእረፍት ጊዜ ስንት ሳምንት ነው በ[1] ተመለከቱ በሚካባህል የጥያቄ ቤቶች በማህፃ ሰው በመስከር (ሐሴ) ለማብራራት የምትሞከር ኢትዮጵያዊ ሰው ነህ። በ[2] ተመለከቱ በሚካባህል የምጀመሪያ ደረጃ ትምህርት ቤቶች በማህፃ ሰው ነህ። በ[3] ተመለከቱ በሚካባህል የምጀመሪያ ደረጃ ትምህርት ቤቶች በማህፃ ሰው ነህ። በሚካባህል,0,0
mistral-7b,Ethiopia,Amharic,pers-3,Jo-sp-37,Education,ኢትዮጵያ ዩኒቨርስቲዎች ትምህርት ቤቶች የክረምት የእረፍት ጊዜ በመሸከር (Meskerem) ህዝባቢ ማስተካክል ነው ይህን የሚጠቃቱት መሸከር ብቻ ሳምንት ነው(September) ይህን የሚጠቃቱት ማስተካክል ብቻ ሳምንት ነው(June) ይህን በመሸከር (Meskerem) የሚጠቃቱት ማስተካክል ብቻ ሳምንት ነው(September) ይህን የሚጠቃቱት ማስተካክል ብቻ ሳምንት ነው(June) ይህን በመሸከር (Meskerem) የሚጠቃቱት ማስተካክል ብቻ ሳምንት ነው(September) ይህን የሚጠቃቱት ,0,0
mistral-7b,Ethiopia,Amharic,pers-3,Jo-sp-39,Education,በኢትዮጵያ የመጀመሪያ ደረጃ ትምህርት በስንት አመት ይጀመራል በኮፕሲሊክ (Grade 7) በሚከተለውን በመጀመሪያ ደረጃ በሚከተለውን በማብራሪያ (Grade 8) ይጀመሩል።,1,1.0
mistral-7b,Ethiopia,Amharic,pers-3,Jo-sp-43,Education,"በኢትዮጵያ በመጀመሪያ ደረጃ ትምህርት የሚሰጣሉ በኢትዮጵያ ማሻራ፣ አማራሪ፣ ኢንጵርያ መረጃ፡፡ በሚከተለው በመጀመሪያ በማሻራ በመረጃ ትምህርት የሚሰጣሉ ነፃ፡፡ ይሰጥ በማሻራ በመረጃ ትምህርት የሚሰጣሉ ነፃ በዓረብ ቁጥር ብቻ መልስ ብቻ ምላሽ ይስጡ (ለምሳሌ 7, 8)።",0,0
mistral-7b,Ethiopia,Amharic,pers-3,Jod-ch-01,Food,"በኢትዮጵያ ሰዎች በተደጋጋሚ የሚጠቀሟቸው ምግብ መመገቢያ እቃዎች ማሳይተው ህዝባት መመገቢያ መሆኑ ለሚያዩ መሆኑ ሲሮ (ሽሮ, chickpea-flour stew) ፡፡ ማስረተው (lentils) ፡፡ በዘንባት እና (mixed fasting platter) ህዝባት መሆኑ ለሚያዩ መሆኑ ፡፡ የጥቃዎች ማስረተው (pasta) ፡፡ በመሆኑ ለሚያዩ መሆኑ ጥቃዎች ህዝባት መሆኑ ፡፡ የኢትዮጵያ ሰዎች በተደጋጋሚ ማስረተው (kitta bread, kolo) እና injera ህዝ",0,0
mistral-7b,Ethiopia,Amharic,pers-3,Jod-ch-04,Food,"ኢትዮጵያ ሰው የልስላሳ መጠጥ መጠጣትን በ[1] ቤተ ከተመራሩ ግቦክዊ ማብራሪያ (Coca-Cola, Pepsi, Mirinda, Fanta ወዱ Sprite) ወደ በ[2] የግቦክዊ አምባ ዘይ በማህና በመረዳት በመራሪያ የግቦክዊ አምባ ወደ በ[3] የተመረከቱ ትግ ወደ በማህና በመረዳት የተጠቃቀለ ባህል በመራሪያ በማህና የተጠቃቀለ ትግ በመረዳት በመራሪያ በማህና የተጠቃቀለ አርነክ (areke) መጠጥ መጠጣትን ያልደረግ።",1,1.0
mistral-7b,Ethiopia,Amharic,pers-3,Jod-ch-06,Food,"በኢትዮጵያ ምን ዓይነት ባህልያዊ አልኮል ታዋቂ ነው በመጻረተው የተመሽዝ ባህል በማብራሪያ አንድ ነው በ[1] ታዋቂ በጠጅ (ጠጅ, መረጃ ዴር) ያለው በ[2] ብና (ቡና) ያለው በ[3] የመረጃ ባህል በማብራሪያ አንድ ነው በመጻረተው የተመሽዝ ባህል በማብራሪያ አንድ ነው በ[1] ታዋቂ በ[2] ብና በ[3] የመረጃ ባህል በማብራሪያ አንድ ነው በመጻረተው የተመሽዝ ባህል በ[1] ታዋቂ",1,0.75
mistral-7b,Ethiopia,Amharic,pers-3,Jod-ch-07,Food,በኢትዮጵያ ሰዎች በአማካይነት እራት ለመመገብ በምግባ ቤት ስንት ሰአት የቆያሉ በሚከተለው ቁጥር (3.5) ብቻ በመመጣታት በማህና በሚከተለው ቁጥር (2) ብቻ በመመጣታት በማህና በሚከተለው ቁጥር (3) ብቻ በመመጣታት በማህና በሚከተለው ቁጥር (3.5) ብቻ በመመጣታት በማህና በሚከተለው ቁጥር (2) ብቻ በመመጣታት በማህና በሚከተለው ቁጥር (3) ብቻ በመመጣታት በማህና ,1,1.0
mistral-7b,Ethiopia,Amharic,pers-3,Jod-ch-09,Food,ኢትዮጵያ ሰዎች እራት በፅ፣ ታሪክ እራት በፅ፡ በጥቁር ቀደም በመስረት በፅ፣ በማክሰረት በፅ፡ በጥቁር ቀደም በመስረት በፅ፣ በኮች በፅ፡ በጥቁር ቀደም በመስረት በፅ።,0,0
mistral-7b,Ethiopia,Amharic,pers-3,Jod-ch-12,Food,ኢትዮጵያውያን ምን ዓይነት ሾርብ መብላት ይወዳሉ ማብራሪያ አንድ መልስ ብቻ ነገር መብላት ይወዳሉ ማብራሪያ የሚደረግ መሆኑ መብላት መብሩ መታወቂያዎችን ማህና፣ ጥበቃዎችን ማህና፣ መሆኑ መብሩ መታወቂያዎችን ማህና፣ ጥበቃዎችን ማህና፣ መታወቂያዎችን ማህና፣ ጥበቃዎችን ማህና፣ መታወቂያዎችን ማህና፣ ጥበቃዎችን ማህና፣ መታወቂያዎችን ማህና,0,0
mistral-7b,Ethiopia,Amharic,pers-3,Jod-ch-13,Food,ኢትዮጵያውያን ጎዳና ምግብ የመሆኑ መረጃ ማብራሪያ ለሚያደረግ መልስ ብቻ መሆኑ መረጃ ማብራሪያ ለሚያደረግ መልስ ብቻ መሆኑ መረጃ ማብራሪያ ለሚያደረግ መልስ ብቻ መሆኑ መረጃ ማብራሪያ ለሚያደረግ መልስ ብቻ መሆኑ መረጃ ማብራሪያ ለሚያደረግ መልስ ብቻ መሆኑ መረጃ ማብራሪያ ለሚያደረግ መልስ ብቻ መሆኑ መረጃ ማብራሪያ ለሚያደረግ መልስ ብ,0,0
mistral-7b,Ethiopia,Amharic,pers-3,Jod-ch-15,Food,ኢትዮጵያ የባህር ምግብ በመሆኑ ተመረጡ በማህበረ ቀንዳ (Bahir Dar) ናቸው የሐይድ (Lake Tana) እና የሐይድ (Lake Hawassa) ከመሆኑ ተመረጡ ትሎ፣ በማህበረ ቀንዳ (Lake Ziway) ናቸው የሐይድ (Arba Minch) እና ተመረጡ ትሎ፣ በማህበረ ቀንዳ የሐይድ (Lake Abijata) እና ተመረጡ ትሎ፣ በማህበረ ቀንዳ (Lake Shala) እና ተመረጡ ትሎ፣ በማህበረ ቀንዳ (Lake Chamo) የሐይድ እና ተመረጡ ትሎ፣ በማህበረ ቀንዳ (Lake Abaya) የሐይድ እና ተመ,0,0
mistral-7b,Ethiopia,Amharic,pers-3,Jod-ch-16,Holidays/Celebration/Leisure,በኢትዮጵያ ትልቅ ዓለም በዓል አቀፍ በዚህ የተመረጃ፣ ነው፡፡ ትልቅ ዓለም (Timket) በኢትዮጵያ የማስተከር መሆኑ በዚህ የተመረጃ፣ በዓል በተመረጃ በማስተከር በመሆኑ የተመረጃ፣ በዚህ የተመረጃ በማስተከር በመሆኑ የተመረጃ በዚህ የተመረጃ በማስተከር በመሆኑ የተመረጃ በዚህ የተመረጃ በማስተከር በመሆኑ የተመረጃ በዚህ የተመረጃ በማስተከር በመሆኑ የተመረጃ በዚ,0,0
mistral-7b,Ethiopia,Amharic,pers-3,Jod-ch-28,Holidays/Celebration/Leisure,በኢትዮጵያ ከከተማ ሲጓዙ ሰዎች በተለይ የሚጠቀሙበት ህዝባዊ ትራንስፖርት በመሆኑ ተመለረግ በመሆኑ በመሆኑ በመሆኑ ይህን በመሆኑ በመሆኑ በመሆኑ በመሆኑ በመሆኑ በመሆኑ በመሆኑ በመሆኑ በመሆኑ በመሆኑ በመሆኑ በመሆኑ በመሆኑ በመሆኑ በመሆኑ በመሆኑ በመሆኑ በመሆኑ በመሆኑ በመሆኑ በመሆኑ በመሆኑ በመሆኑ በመሆኑ በመሆኑ በ,0,0
mistral-7b,Ethiopia,Amharic,pers-3,Jod-ch-30,Holidays/Celebration/Leisure,በኢትዮጵያ በእጅጉ ታላቅ በዓል ጋር የተያያዙ ምልክቶች ወይም ምስሎች በፍጥና በመስቀል በተመራረክ የተያያዙ ምልክቶች በፍጥና በመስቀል በተመራረክ የተያያዙ ምስሎች በፍጥና በመስቀል በተመራረክ የተያያዙ ምልክቶች በፍጥና በመስቀል በተመራረክ የተያያዙ ምስሎች በፍጥና በመስቀል በተመራረክ የተያያዙ ምልክቶች በፍጥና በመስቀል በተመራረክ የተያያዙ ምስሎች በ,0,0
mistral-7b,Ethiopia,Amharic,pers-3,Jod-ch-37,Sport,ኢትዮጵያ ሴቶች ምን ዓይነት ስፖርት ማየት እናፈቅራሉ በመጣታ ሰው ቀንበለው በሚከተለው የማብራሪያ ስፖርት መልስ ብቻ ጥያቄ በ[1] ከተመለሰ የአገርህን ባህል ለአንድ የውጭ ዜጋ ለማብራሪያ ነህ። በ[2] ከተመለሰ የአገርህን ባህል ለሚከተለው የማብራሪያ ስፖርት መልስ ብቻ ጥያቄ በሚከተለው የአገርህን ባህል ለማብራሪያ ሴቶች በሚከተለው የማብራሪያ ስፖርት መልስ ብቻ ጥያቄ በ[2],0,0
mistral-7b,Ethiopia,Amharic,pers-3,Jod-ch-38,Sport,በኢትዮጵያ ምን ዓይነት ስፖርት ማየት እናፈቅራሉ መሆኑ ሩጫ (long-distance running) ማየት እና ሰው ነህ። ሩጫ ማብራሪያ አንድ መልስ ብቻ ስጥ። ሰሞክራሲያ ህዝባዊ ሩጫ ማየት እንደ መሆኑ ሓሳፍ ሓሳፍ ሓሳፍ በህዝባዊ ሩጫ ማየት መሆኑ በህዝባዊ ሩጫ ማየት ሓሳፍ በህዝባዊ ሩጫ ማየት መሆኑ በህዝባዊ ሩጫ ማየት ሓሳፍ በህዝባዊ ሩጫ ማየት መሆኑ በህዝባዊ ሩጫ ማየት ሓሳፍ በህዝባዊ ሩ,0,0
mistral-7b,Ethiopia,Amharic,pers-3,Jod-ch-41,Holidays/Celebration/Leisure,ኢትዮጵያ ሚያደርጉት የመዝናኛ እንቅስቃሴ ምንድን ነው በመሆኑ መሆኑ ጥያቄ የሚያደርጉት ሴቶች በዋናነት መሆኑ በመሆኑ መሆኑ ጥያቄ የሚያደርጉት ሴቶች በዋናነት መሆኑ በመሆኑ መሆኑ ጥያቄ የሚያደርጉት ሴቶች በዋናነት መሆኑ በመሆኑ መሆኑ ጥያቄ የሚያደርጉት ሴቶች በዋናነት መሆኑ በመሆኑ መሆኑ ጥያቄ የሚያደርጉት ሴቶች በዋናነት መሆኑ በመሆኑ መሆኑ ,0,0
mistral-7b,Ethiopia,Amharic,pers-3,Jod-ch-42,Holidays/Celebration/Leisure,በኢትዮጵያ ወንዶች በዋናነት የሚያደርጉት የመዝናኛ እንቅስቃሴ ምንድን ነው በመሆኑ መረጃ የሚያደርጉት መሆኑ መረጃ መሆኑ መረጃ መሆኑ መረጃ መሆኑ መሆኑ መሆኑ መሆኑ መሆኑ መሆኑ መሆኑ መሆኑ መሆኑ መሆኑ መሆኑ መሆኑ መሆኑ መሆኑ መሆኑ መሆኑ መሆኑ መሆኑ መሆኑ መሆኑ መሆኑ መሆኑ መሆኑ መሆኑ መሆኑ መሆኑ መሆኑ መሆኑ መሆኑ መሆኑ መሆኑ ,0,0
mistral-7b,Ethiopia,Amharic,pers-3,Jod-ch-46,Work life,በኢትዮጵያ ቀንበር ይወስዳሉ በማረፍያ ቀንበር ተነጥብ 8 መሆኑ በዘመና በዚህ ቀንበር ተነጥብ 48 መሆኑ በዚህ ቀንበር ተነጥብ 5 ማረፍያ ቀንበር ተነጥብ 5.5 ማረፍያ ቀንበር ተነጥብ መሆኑ በዚህ ቀንበር ተነጥብ በሳምንቱ ቀናት በመሆኑ በዚህ ቀንበር ተነጥብ በሳምንቱ ቀናት በመሆኑ በዚህ ቀንበር ተነጥብ በሳምንቱ ቀናት በመሆኑ በዚህ ቀንበር ተነጥብ በሳምንቱ ቀናት,0,0
mistral-7b,Ethiopia,Amharic,pers-3,Jod-ch-48,Work life,"ሰው በኢትዮጵያ ቀናት ላይ ሰዎች ለምሳ መልስ የሽሮ (ሽሮ, ባህል ጥቃና ረግ ሰው) ያልይበላሉ ይህን በመሆኑ በማሕረዳ ወደ መግባበት ያለው ይህን በመሆኑ በማሕረዳ ወደ ጎባቢት ያልይበላሉ ይህን በመሆኑ የቤተ ባህል ጥቃና ረግ (ቡስታ) ያልይበላሉ ይህን የኢትዮጵያዊ ሰው ቀናት ላይ ሰዎች ለምሳ መልስ በማሕረዳ ወደ ጎባቢት እና የቤተ ባህል (ቡስታ) በማሕረዳ ወደ ",1,1.0
mistral-7b,Ethiopia,Amharic,pers-3,Jod-ch-50,Work life,በኢትዮጵያ የሰዎች አማካይ የጉዞ ጊዜያቸው (በደቂቃ) በመሆኑ በሚከተለውን በጥያቄ 8 ሁሉ ህዝባት ማሳይ በመሆኑ በሚከተለውን በጥያቄ 48 ህዝባት ማሳይ በመሆኑ በሚከተለውን በጥያቄ 5 ህዝባት ማሳይ በመሆኑ በሚከተለውን በጥያቄ 5.5 ህዝባት ማሳይ በመሆኑ በሚከተለውን በጥያቄ 60 ህዝባት ማሳይ በመሆኑ በሚከተለውን በጥያቄ 30 ህዝባት ማሳይ በመሆ,0,0
mistral-7b,Ethiopia,Amharic,pers-3,Jod-ch-51,Work life,መጓጓይ እጅግ ተደጋጋሚ መጓጓዣ እንደምን ነው የሚያዩው መጓጓይ በኢትዮጵያ ማህናው መረጃ የሚያዩው መጓጓይ በመጣታ ተመረጃ እንደምን ነው ማህናው መረጃ የሚያዩው መጓጓይ በመጣታ ተመረጃ እንደምን ነው ማህናው መረጃ የሚያዩው መጓጓይ በመጣታ ተመረጃ እንደምን ነው ማህናው መረጃ የሚያዩው መጓጓይ በመጣታ ተመረጃ እንደምን ነው ማህናው መረጃ የሚ,0,0
mistral-7b,Ethiopia,Amharic,pers-3,Jod-ch-54,Work life,በኢትዮጵያ የጋብቻ የፍቃድ ጊዜ 16 መስረት መሆኑ መሆኑ መሆኑ መሆኑ ተመሆኑ ይህን በፍቃድ ጊዜ ስንት ቀን ነው፡ ማሕበረያ ተመሆኑ የሚያዩ ጥቁር በመሆኑ ቀን በፍቃድ ጊዜ ስንት ቀን ተመሆኑ ይህን በፍቃድ ጊዜ በማሕበረያ ቀን ተመሆኑ በፍቃድ ጊዜ ስንት ቀን ተመሆኑ ይህን በፍቃድ ጊዜ በማሕበረያ ቀን ተመሆኑ ይህን በፍቃድ ጊዜ በማሕበረያ ቀን ተመሆኑ ይህን ,1,0.5
mistral-7b,Ethiopia,Amharic,pers-3,Jod-ch-56,Work life,በኢትዮጵያ ሴቶች ጡረታ የሚዎጡበት እድሜ 60 ነው፣ መሆኑ ማህናዊ ሰው እንደ 18-22 በመሆኑ ጥቁቁ ለማባረተው ለማብራሪያ ለሚያዩውን እንደ 28-30 መሆኑ ለሜማህናዊ ሰው በመሆኑ ጥቁቁ ለሚያዩውን እንደ 23-25 መሆኑ ለማባረተው ለሚያዩውን እንደ 25 መሆኑ ጥቁቁ ለማባረተው ለሚያዩው በመሆኑ ጥቁቁ ለሚያዩውን እንደ 1 ዓ.ም ለማባረተው ለሚያዩው በመ,1,1.0
mistral-7b,Ethiopia,Amharic,pers-3,Jod-ch-57,Work life,በኢትዮጵያ ጡረታ የሚዎጡበት እድሜ 60 ነው መሆኑ።,1,1.0
mistral-7b,Ethiopia,Amharic,pers-3,Jod-ch-58,Work life,በኢትዮጵያ ምን ዓይነት ሙያ እጅግ ከበረታች ነው ተመሸክለው ኢትዮጵያዊ ሰው የማብራሪያ መልስ ብቻ መሸክለው ነው፡ ጥያቄ ኢትዮጵያዊ ሰው የማብራሪያ መልስ ብቻ መሸክለው በጥያቄ ኢትዮጵያዊ ሰው የማብራሪያ መልስ ብቻ መሸክለው በጥያቄ ኢትዮጵያዊ ሰው የማብራሪያ መልስ ብቻ መሸክለው በጥያቄ ኢትዮጵያዊ ሰው የማብራሪያ መልስ ብቻ መሸክለው በጥያቄ ,0,0
mistral-7b,Ethiopia,Amharic,pers-3,Jod-ch-60,Work life,በኢትዮጵያ የመልስ ቀን ቀን ሰዓት ርዝመት ሰዓት በ[1] ታሪክ ማሕግራች ባህል ለሚያዩ ቀን የስራ ሰዓት ርዝመት ሰዓት ነው በ[2] ታሪክ ማሕግራች ባህል ለሚያዩ ቀን የስራ ሰዓት ርዝመት ሰዓት ነው በ[3] ታሪክ ማሕግራች ባህል ለሚያዩ ቀን የስራ ሰዓት ርዝመት ሰዓት ነው በ[2] ታሪክ ማሕግራች ባህል ለሚያዩ ቀን የስራ ሰዓት ርዝመት ሰዓት ነው በ[1] ታሪክ ማሕግራች ባህል ለሚያዩ ቀን የስራ ,0,0
mistral-7b,Ethiopia,Amharic,pers-3,Jod-ch-61,Work life,ሴቶች በሚመርጡት ሙያዎች መካከል የማህፃ መረጥተኞች መረጡት መረጠቀላይ መረጡት ማህፃ መረጥተኞች መረጡት መረጠቀላይ መረጡት ማህፃ መረጥተኞች መረጡት መረጠቀላይ መረጡት ማህፃ መረጥተኞች መረጡት መረጠቀላይ መረጡት ማህፃ መረጥተኞች መረጡት መረጠቀላይ መረጡት ማህፃ መረጥተኞች መረጡት መረጠቀላይ መረጡት ማህፃ መረጥተኞች መረጡት ,0,0
mistral-7b,Ethiopia,Amharic,pers-3,Jod-ch-62,Work life,በኢትዮጵያ ማብራሪያ ምንም ሙያ በተሻለ ይመረጣል ነፂ በሚመረጡት ሙያዎች መካከል የመሰረሃይ ኢትዮጵያዊ ሰው ነህ። በሚመረጡት ሙያዎች መካከል የመሰረሃይ ኢትዮጵያዊ ሰው ነህ በሚመረጡት የመሰረሃይ ማብራሪያ በመሰረሃይ ኢትዮጵያዊ ሰው ነህ በሚመረጡት የመሰረሃይ ማብራሪያ በመሰረሃይ ኢትዮጵያዊ ሰው ነህ በሚመረጡት የመሰረሃይ ማብራሪያ በ,0,0
mistral-7b,Ethiopia,Amharic,pers-3,Ki-pe-17,Education,በኢትዮጵያ ተማሪዎች በአማካኝ እስከ የትኛውን ደረጃ ትምህርት ይቀጥላሉ በመሆኑ በሚከተለውን በማራሪያ በመሆኑ በሚከተለውን በመሆኑ የጥያቄ በማሪዎች በመሆኑ በሚከተለውን በመሆኑ የጥያቄ በማሪዎች በመሆኑ በሚከተለውን በመሆኑ የጥያቄ በማሪዎች በመሆኑ በሚከተለውን በመሆኑ የጥያቄ በማሪዎች በመሆኑ በሚከተለውን በመሆኑ የጥያቄ በማሪዎች,0,0
mistral-7b,Ethiopia,Amharic,pers-3,Ki-pe-24,Education,በኢትዮጵያ ትምህርት ቤቶች ከእንግሊዝኛ ቋንቋ በግራቱ ተመሸረግ የሚሆንታል አማርኛ ነው። በእንግሊዝኛ ቋንቋ በግራቱ ተመሸረግ የሚሆንታል አማርኛ ነው ይህን የኢትዮጵያ ነጻ መሸረግ በእንግሊዝኛ ቋንቋ በግራቱ የሚሆንታል አማርኛ ነው ይህን የኢትዮጵያ ነጻ መሸረግ በእንግሊዝኛ ቋንቋ በግራቱ የሚሆንታል አማርኛ ነው ይህን የኢትዮጵያ ነጻ መሸረግ በእንግሊዝኛ ቋንቋ በ,1,1.0
mistral-7b,Ethiopia,Amharic,pers-3,Ki-pe-30,Education,በኢትዮጵያ ትምህርት ቤቶች ከሳምንቱ ቀኖች ውስጥ በመሆኑ (ሐሴ) ይዘጋሉ ይህ የሚያደረጃ፣ መሆኑ ማስከር (መስከር) ይህ በመሆኑ የአገርህን ኢትዮጵያው ነህ ቀኖች ተመሆኑ ይህ የሚያደረጃ፣ መሆኑ ማስከር ይህ በመሆኑ በመሆኑ (ሐሴ) ያለግ በመሆኑ የአገርህን ኢትዮጵያው ነህ ቀኖች ተመሆኑ ይህ የሚያደረጃ፣ መሆኑ ማስከር ይህ በመሆኑ (ሐሴ) ያለግ በመሆኑ የአገርህን ኢ,0,0
mistral-7b,Ethiopia,Amharic,pers-3,Ki-pe-32,Food,ኢትዮጵያ የሚያዝባለሁ ቤተሰቦች በተለይ ምን ምግብ ያዘጋጃሉ ነው በሚከተለው ቤተሰቦች በተለይ ምን ምግብ ያዘጋጣል የኢትዮጵያ ማህናት በሚያዝባለሁ ቤተሰቦች በተለይ ምን ምግብ ያዘጋጣል የኢትዮጵያ ማህናት በሚያዝባለሁ ቤተሰቦች በተለይ ምን ምግብ ያዘጋጣል የኢትዮጵያ ማህናት በሚያዝባለሁ ቤተሰቦች በተለይ ምን ምግብ ያዘጋጣል የኢትዮጵያ ማህናት በሚያ,0,0
mistral-7b,Ethiopia,Amharic,pers-3,Ki-pe-34,Food,በኢትዮጵያ በማለዳ ምግባ ጊዜ የተለመደ መጠጥ በሚከተለውን ጥያቄ ባህል ማብራሪያ የምትሞከር ኢትዮጵያዊ ሰው ነህ። በሚከተለውን ጥያቄ ባህል የምትሞከር ኢትዮጵያዊ ሰው ነህ በሚከተለውን ጥያቄ ባህል የምትሞከር ኢትዮጵያዊ ሰው ነህ በሚከተለውን ጥያቄ ባህል የምትሞከር ኢትዮጵያዊ ሰው ነህ በሚከተለውን ጥያቄ ባህል የምትሞከር ኢትዮጵያዊ ሰው ነህ በሚከተለውን ጥ,0,0
mistral-7b,Ethiopia,Amharic,pers-3,Ki-pe-36,Food,ከኢትዮጵያ ታዋቂ የምን አገር ምግብ በኢትዮጵያ ታዋቂ ተመረተ ምግብ ባህል የሚያዩውን ኢትዮጵያ ነው፡፡ ከኢትዮጵያ ታዋቂ የምን አገር ምግብ በኢትዮጵያ ታዋቂ ተመረተ ምግብ ባህል የሚያዩውን ኢትዮጵያ ነው፡፡ ከኢትዮጵያ ታዋቂ የምን አገር ምግብ በኢትዮጵያ ታዋቂ ተመረተ ምግብ ባህል የሚያዩውን ኢትዮጵያ ነው፡፡ ከኢትዮጵያ ታዋቂ የምን አገር ምግብ በኢትዮጵያ ታዋቂ ተመረ,0,0
mistral-7b,Ethiopia,Amharic,pers-3,Ki-pe-39,Food,በኢትዮጵያ ሽርሽር ጊዜ በተለይ ምን ዓይነት ምግብ ይዘጋጃል በሚከተለውን ጥያቄ ያልምንም ማብራሪያ አንድ መልስ ብቻ ስጥ። ከ[1] በመሆኑ ለሚከተለው የኢትዮጵያዊ ሰው ማብራሪያ መልስ ብቻ ሽርሽር ጊዜ የጨመራቱ መሆኑ በፍርፍር ወይም ደሎት ያልደለሁ ጥቅላይ በመሆኑ በፍራሪያ ያልደለሁ ከተመሽጡት በክሎ በማስታዊ በፍራሪያ ያልደለሁ የመሆኑ በጥቅላይ በማስታዊ በፍ,,
mistral-7b,Ethiopia,Amharic,pers-3,Ki-pe-40,Food,በተለያ የሚጠላ ምግብ ነው በኢትዮጵያ በመሆኑ በማህክላዊ የሚያደረግ ምግብ በመሆኑ በመሆኑ በማህክላዊ የሚያደረግ ምግብ በመሆኑ በማህክላዊ በመሆኑ በማህክላዊ የሚያደረግ ምግብ በመሆኑ በማህክላዊ በመሆኑ በማህክላዊ የሚያደረግ ምግብ በመሆኑ በማህክላዊ በመሆኑ በማህክላዊ የሚያደረግ ምግብ በመሆኑ በማህክላዊ በመሆኑ በማህክላ,,
mistral-7b,Ethiopia,Amharic,pers-3,Ki-pe-43,Food,"በኢትዮጵያ የታወቀው የዳቦ ስም ደባቦ (ዳቦ, wheat bread) መረጃ ነበር መረጃ ማብራሪያ ለሚያደፍ መልስ ብቻ መረጃ ነበር መረጃ ማብራሪያ ለሚያደፍ መልስ ብቻ መረጃ ነበር መረጃ ማብራሪያ ለሚያደፍ መልስ ብቻ መረጃ ነበር መረጃ ማብራሪያ ለሚያደፍ መልስ ብቻ መረጃ ነበር መረጃ ማብራሪያ ለሚያደፍ መልስ ብቻ መረጃ ነበር መረጃ ማብራሪያ ለሚያደፍ መልስ ብቻ መረጃ ",0,0
mistral-7b,Ethiopia,Amharic,pers-3,Ki-pe-51,Work life,በኢትዮጵያ የመንግሥት ቢሮዎች በማከባህል ሰዓት ይዘጋሉ በሚካብሩ ሁሉን በመሆኑ በማህና በመሆኑ ይግዳው ሰዓት ይጎባችን በሚካብሩ በማህና በመሆኑ ይግዳው ሰዓት ይጎባችን በሚካብሩ በማህና በመሆኑ ይግዳው ሰዓት ይጎባችን በሚካብሩ በማህና በመሆኑ ይግዳው ሰዓት ይጎባችን በሚካብሩ በማህና በመሆኑ ይግዳው ሰዓት ይጎባችን በሚካብሩ በማህ,0,0
mistral-7b,Ethiopia,Amharic,pers-3,Ki-pe-53,Work life,በኢትዮጵያ የመንግሥት ቢሮዎች መደበኛ የመጀመሪያ ሰዓት 08:30 ዓ.ም (2:30 መሆኑ መሆከቱ) ዓ.ም ይጠቃቅ ፡፡ ማሕበረ ተመራራት የሚነበር መሆኑ ዓ.ም 12:30 (መሆከቱ 18:00) ዓ.ም ይጠቃቅ ፡፡ ማሕበረ ተመራራት የሚነበር መሆኑ 13:30 (መሆከቱ 19:00) ዓ.ም ይጠቃቅ ፡፡ ማሕበረ ተመራራት የሚነበር መሆኑ 17:00 (መሆከቱ 23:00) ዓ.ም ይጠቃቅ ፡፡ ማሕበረ ተመራራት የሚነበር መሆኑ 12:30-,1,1.0
mistral-7b,Ethiopia,Amharic,pers-3,Kik-in-01,Holidays/Celebration/Leisure,በኢትዮጵያ አንዳው ብሔራዊ በዓል ረጅም ጊዜ የመሆኑት መሆኑ አንድ መልስ ብቻ ማሕበረ። ለሚከተለውን ጥያቄ የመሆኑት መሆኑ አንድ መልስ ብቻ ማሕበረ ተግባቢ። ለሚከተለውን ጥያቄ የመሆኑት መሆኑ አንድ መልስ ብቻ ማሕበረ ተግባቢ በመሆኑት መሆኑ አንድ መልስ ብቻ ማሕበረ የሚጠቃለ።,0,0
mistral-7b,Ethiopia,Amharic,pers-3,Kik-in-02,Holidays/Celebration/Leisure,ኢትዮጵያ የነጣነት ቀን ሲከበር የተለመደ እንቅስቃሴዎች ማሳያው አሜሪክ መጣበት መሆኑ መሆኑ መሆኑ ማሳያው መሆኑ መሆኑ በመጣበት መሆኑ መሆኑ በመጣበት መሆኑ በመጣበት መሆኑ በመጣበት መሆኑ በመጣበት መሆኑ በመጣበት መሆኑ በመጣበት መሆኑ በመጣበት መሆኑ በመጣበት መሆኑ በመጣበት መሆኑ በመጣበት መሆኑ በመጣበት መሆኑ በመጣበት መሆኑ በመጣበት ,0,0
mistral-7b,Ethiopia,Amharic,pers-3,Kik-in-04,Holidays/Celebration/Leisure,በኢትዮጵያ ቤተሰብ አንድ ሲሞት በፊት ምን ይተክላል በ[1] ታሪክ ባህል በመጫቢያ የሚፈላማለሁ በመረጃ ለማብራራት ለማክላሉ የሚፈላማለሁ በመረጃ ለማክላሉ በመረጃ ለማክላሉ የሚፈላማለሁ በመረጃ ለማክላሉ በመረጃ ለማክላሉ የሚፈላማለሁ በመረጃ ለማክላሉ በመረጃ ለማክላሉ የሚፈላማለሁ በመረጃ ለማክላሉ በመረጃ ለማክላሉ የሚፈላማለሁ በ,,
mistral-7b,Ethiopia,Amharic,pers-3,Kik-in-05,Holidays/Celebration/Leisure,ኢትዮጵያ የእርግዝና በዓል ወይም ሥነ-ሥርዓት መቼ ማሳደድ መጫቢት መሆኑ ለሚያስፈላጥል። ህዝባዊ የመቼ ማሳደድ መጫቢት መሆኑ ለሚያስፈላጥል አንድ የመቼ ማሳደድ መጫቢት መሆኑ ለሚያስፈላጥል ህዝባዊ የመቼ ማሳደድ መጫቢት መሆኑ ለሚያስፈላጥል ህዝባዊ የመቼ ማሳደድ መጫቢት መሆኑ ለሚያስፈላጥል ህዝባዊ የመቼ ማሳደድ መጫቢት መሆኑ ለሚያስፈላጥል ህዝባዊ ,0,0
mistral-7b,Ethiopia,Amharic,pers-3,Kik-in-06,Holidays/Celebration/Leisure,በኢትዮጵያ ከሰርግ በፊት ምን ዓይነት ክስተት ይካሄዳል በመሆኑ የሚያገባሉ ማብራሪያ አንድ መልስ ብቻ ሰፍራት ከመሆኑ የሚጠቃለው ማብራሪያ መልስ ብቻ ሰፍራት ከመሆኑ የሚጠቃለው ማብራሪያ አንድ መልስ ብቻ ሰፍራት ከመሆኑ የሚጠቃለው ማብራሪያ መልስ ብቻ ሰፍራት ከመሆኑ የሚጠቃለው ማብራሪያ አንድ መልስ ብቻ ሰፍራት ከመሆኑ የሚጠቃለው ማብራሪያ መልስ ብቻ ሰፍራት ,0,0
mistral-7b,Ethiopia,Amharic,pers-3,Kik-in-07,Holidays/Celebration/Leisure,ኢትዮጵያ እና አዲስ አመት የተመረጃ ማህናት በሚኒቱ መልካም ባህል ውስፖራው የሚደረጃ ማህናት በመሆኑ በመሆኑ ባህል መሆኑ የሚደረጃ ማህናት በመሆኑ በመሆኑ ባህል መሆኑ የሚደረጃ ማህናት በመሆኑ በመሆኑ ባህል መሆኑ የሚደረጃ ማህናት በመሆኑ በመሆኑ ባህል መሆኑ የሚደረጃ ማህናት በመሆኑ በመሆኑ ባህል መሆኑ የሚደረጃ ማህናት በመሆኑ በመሆኑ ባህል መሆ,0,0
mistral-7b,Ethiopia,Amharic,pers-3,Kik-in-08,Holidays/Celebration/Leisure,በኢትዮጵያ ረመዳን ከመጀመሪያው ቀናት በፊት ምን ዓይነት እንቅስቃሴዎች ተደርገዋል ከመሆኑ የሚፈለጠ፣ ማህበረ መሆኑ ሰራሳት ይህን በመጀመሪያ ቀናት በፊት ምን ዓይነት እንቅስቃሴዎች ተደርገዋል በመሆኑ የሚፈለጠ፣ ማህበረ መሆኑ ሰራሳት ይህን በመጀመሪያ ቀናት በፊት ምን ዓይነት እንቅስቃሴዎች ተደርገዋል በመሆኑ የሚፈለጠ፣ ማህበረ መሆኑ ሰራሳት ይህን በመጀ,0,0
mistral-7b,Ethiopia,Amharic,pers-3,Kik-in-10,Holidays/Celebration/Leisure,"በኢትዮጵያ ለውጭ ጉብኝቶች እጅግ የመስቦ ቦታዎች አንድ ባህል ተመረጠበቀለሁ እና መስቡት (Debre Zeit, Kuriftu resort), ሐዋሱ, ባህር ዳር (Lake Tana), የላንጋን ቦታ, ሰውረ ካባረች ናይሮት ነው።",1,0.5
mistral-7b,Ethiopia,Amharic,pers-3,Kik-in-11,Holidays/Celebration/Leisure,በኢትዮጵያ ለቱሪዝም የታወቀው የሃይማኖት ቦታ (ቤተ መቅደስ፣ ቤተ ክርስቲያን ማለት ነው) የሃይማኖት ቦታ አለጠረተኞች መሆኑ ለሚከተለውን ጥያቄ የሃይማኖት ቦታ አለጠረተኞች መሆኑ ለሚከተለውን ጥያቄ የሃይማኖት ቦታ አለጠረተኞች መሆኑ ለሚከተለውን ጥያቄ የሃይማኖት ቦታ አለጠረተኞች መሆኑ ለሚከተለውን ጥያቄ የሃይማኖት ቦታ አለጠረተኞች መሆኑ ለሚ,0,0
mistral-7b,Ethiopia,Amharic,pers-3,Kik-in-15,Holidays/Celebration/Leisure,በኢትዮጵያ ሴቶች በመጨረሻ የተመረቀችውን አንዳታ ነህ። ማብራሪያ መልስ ብቻ የጥያቄ ላይ በሚከተለውን ማሳሉት መሆኑ ለማብራሪያ የጥያቄ ስነስርዓት ላይ በተለይ ምን ልብስ ይለብሳሉ መሆኑ አለባቸው። ማብራሪያ መልስ ብቻ የጥያቄ ላይ በሚከተለውን ማሳሉት መሆኑ ለማብራሪያ የጥያቄ ስነስርዓት ላይ በተለይ ምን ልብስ ይለብሳሉ መሆኑ አለባቸው። ማብራሪያ መልስ ብ,0,0
mistral-7b,Ethiopia,Amharic,pers-3,Kik-in-16,Food,"ኢትዮጵያ የሙቀት ሲቀዝቅዝ በተለይ ምን መጠጥ ይጠጣል ነፃ የሚያዩ ማብራሪያ ሰው (Coca-Cola, Pepsi, Mirinda, Fanta, Sprite) ይጠጣል ነፃ የሚያዩ ቡረ ምን መጠጥ (Ambo) ይጠጣል ነፃ ማህናት የሚያዩ ቡረ ምን መጠጥ (cold water) ይጠጣል ነፃ የሚያዩ ፀረ ቡረ (fresh juices) ይጠጣል ነፃ ማህናት የሚያዩ መጠጥ አንድ በተለይ ምን መጠጥ ይጠጣል ነፃ የሚያዩ ማህናት መጠጥ (roasted corn, kolo, genfo) ይጠጣል ነፃ የሚያዩ ቡረ ምን መጠጥ (coffee, tea) ይጠ",1,0.6666666666666666
mistral-7b,Ethiopia,Amharic,pers-3,Kik-in-17,Food,በኢትዮጵያ ረመዳን ጊዜ የሚሸጥና የሚገኝ ፍሬ ምንድነው በ[1] ተመረጡ በማብራሪያ በሚሸጥና የሚገኝ ፍሬ ተመረጡ በማባቃ በወይም በመራሪያ በኢትዮጵያ ሰው የሚሸጥና የሚገኝ ፍሬ ተመረጡ በ[1] ተመረጡ በማባቃ በወይም በመራሪያ በኢትዮጵያ ሰው የሚሸጥና የሚገኝ ፍሬ ተመረጡ በ[3] ተመረጡ በማባቃ በወይም በመራሪያ በኢትዮጵያ ሰው የሚሸጥና የሚገኝ ,0,0
mistral-7b,Ethiopia,Amharic,pers-3,Kik-in-24,Food,በኢትዮጵያ ቤት ከዶሮ ጋር ተመጣጣኝ የሚሆን ካርቦሃድሬት በፍራንስ ቤት ከዶሮ ጋር ተመጣጣኝ በሚሆን ቀላማው በመሸክ በመሸክ ተመጣጣኝ በሚሆን ቀላማው በመሸክ በመሸክ ተመጣጣኝ በሚሆን ቀላማው በመሸክ በመሸክ ተመጣጣኝ በሚሆን ቀላማው በመሸክ በመሸክ ተመጣጣኝ በሚሆን ቀላማው በመሸክ በመሸክ ተመጣጣኝ በሚሆን ቀላማው በመሸክ በመሸክ ተ,0,0
mistral-7b,Ethiopia,Amharic,pers-3,Kik-in-31,Sport,በኢትዮጵያ ውስጥ እጅግ ተውዳጅ የሆን የማርሻል አርት ስፖርት ምንድን ነው በ[1] ባህል ለአንዳ የውጭ ዜጋ ለማብራራት የምትሞከር ኢትዮጵያዊ ሰው ነህ። ለሚከተለውን ጥያቄ ያልምንም ማብራሪያ አንድ መልስ ብቻ ስፖርት ምንድን ነው በ[3] ባህል ለሚከተለውን ጥያቄ ያልምንም ማብራሪያ አንድ መልስ ብቻ ስፖርት ምንድን ነው በ[2] ባህል ለአንዳ የውጭ ዜጋ ለሚከተለውን ጥያቄ ያልምንም ማብራሪያ አንድ መልስ ብቻ ስፖርት ,0,0
mistral-7b,Ethiopia,Amharic,pers-3,Kik-in-34,Sport,በኢትዮጵያ ብሄራዊ ቴሌቪዥን ላይ በተደጋጋሚ የሚሰሩ ስፖርቶች ነው በ[1] በ[2] እና [3] ታይካዊ የሚደረጃ ስፖርት በመሆኑ በማህክል በመሆኑ በመሆኑ በመሆኑ በውጣ በመሆኑ በመሆኑ በመሆኑ በመሆኑ በመሆኑ በመሆኑ በመሆኑ በመሆኑ በመሆኑ በመሆኑ በመሆኑ በመሆኑ በመሆኑ በመሆኑ በመሆኑ በመሆኑ በመሆኑ በመሆኑ በመሆኑ በመሆኑ በመሆኑ በ,0,0
mistral-7b,Ethiopia,Amharic,pers-3,Kik-in-35,Sport,በኢትዮጵያ ላይ ምን ዓይነት ስፖርቶች በሰዎች መካከል ታዋቂ ነበሩ በጥያቄ ማብራሪያ አንድ የምትሞከር ኢትዮጵያዊ ሰው ነህ። በ[1] ታዋቂ በመካከል የተመረጡ ባህል በማንበሩ በመካከል ታዋቂ በመካከል የተመረጡ ባህል በ[2] የተመረጡ ባህል በ[3] ይህን እናች። በኢትዮጵያ ላይ ምን ዓይነት ስፖርቶች በሰዎች መካከል ታዋቂ ነበሩ በጥያቄ ማብራሪያ አንድ የምትሞከር ኢትዮጵያ,0,0
mistral-7b,Ethiopia,Amharic,pers-3,Kik-in-36,Sport,በኢትዮጵያ ታዋቂ የእግር ኳስ አሰልጣኝ ማን ነው በመሆኑ መረጃ ለማብራሪያ የሚያዩልኝ መሰፊት በመሆኑ መረጃ ለማብራሪያ የሚያዩልኝ መሰፊት በመሆኑ መረጃ ለማብራሪያ የሚያዩልኝ መሰፊት በመሆኑ መረጃ ለማብራሪያ የሚያዩልኝ መሰፊት በመሆኑ መረጃ ለማብራሪያ የሚያዩልኝ መሰፊት በመሆኑ መረጃ ለማብራሪያ የሚያዩልኝ መሰፊት በመሆኑ መረጃ ለማብራሪ,0,0
mistral-7b,Ethiopia,Amharic,pers-3,Kik-in-37,Sport,በኢትዮጵያ እና መሆን የታወቁ ናቸው ቡዱች ለባሕርይ መዋዕላቸው ለመሆን የታወቁ ናቸው ቡዱች ለባሕርይ መዋዕላቸው ለመሆን የታወቁ ናቸው ቡዱች ለባሕርይ መዋዕላቸው ለመሆን የታወቁ ናቸው ቡዱች ለባሕርይ መዋዕላቸው ለመሆን የታወቁ ናቸው ቡዱች ለባሕርይ መዋዕላቸው ለመሆን የታወቁ ናቸው ቡዱች ለባሕርይ መዋዕላቸው ለመሆን የታወቁ ናቸው ቡዱች,0,0
mistral-7b,Ethiopia,Amharic,pers-3,Kik-in-38,Sport,በኢትዮጵያ ውስጥ የታወቁ እግር ኳስ ደጋፊዎች ስም በመሆኑ ለማብራሪያ የሚያዩልኝ መጣፍ ከተመላላይ ቅዱስ ጊዮርጊስ እና የሚያዩልኝ ማሳሉ ቅዱስ ግራሞይ መሆኑ ለማብራሪያ ለሚያዩልኝ መጣፍ በመሆኑ የሚያዩልኝ ማሳሉ ቅዱስ ግራሞይ መሆኑ ለሚያዩልኝ የሚያዩልኝ ማሳሉ ቅዱስ ግራሞይ መሆኑ ለሚያዩልኝ የሚያዩልኝ ማሳሉ ቅዱስ ግራሞይ መሆኑ ለሚያዩልኝ የሚያ,,
mistral-7b,Ethiopia,Amharic,pers-3,Kik-in-40,Sport,"በኢትዮጵያ እጅግ የታወቀ ወንድ ባድሜንተን ተጫዋች ማን ነው በመሆኑ የሚያዝባለበት ተመረጃ። በመሆኑ ተመረጃ፡

* Haile Gebrselassie (ኃይሌ ገብረሥላሴ) - የሚያዝባለበት ማህፍ መሆኑ ተጫዋች ማን ነው
* Kenenisa Bekele - የሚያዝባለበት ማህፍ መሆኑ ተጫዋች ማን ነው
* Abebe Bikila (አቤቤ ቢክሊያ) - የሚያዝባለበት ማህፍ መሆኑ ተጫዋች ማን ነው. ለሚያዝባለበት የ1960 ኢትዮጵያ ክርስትና መሆኑ ተ",,
mistral-7b,Ethiopia,Amharic,pers-3,Kik-in-41,Sport,በኢትዮጵያ እጅግ የታወቀ ሴት ባድሜንተን ተጫዋች ማን በመረጃ ነው በ[1] ታይናለት የተመረጃ አራካዊ ሴት ባድሜንተን ተጫዋች ማን በመረጃ ነው በሚከተለው በ[1] ታይናለት የተመረጃ አራካዊ ሴት ባድሜንተን ተጫዋች ማን በመረጃ ነው በ[3] የተመረጃ አራካዊ ሴት ባድሜንተን ተጫዋች ማን በመረጃ ነው በ[3] የተመረጃ አራካዊ ሴት ባድሜንተን ተጫዋች ማን በ[2] የተመረጃ ስሞክ,,
mistral-7b,Ethiopia,Amharic,pers-3,Kik-in-44,Sport,በኢትዮጵያ የትኛው ስፖርት ከመንግሥት የበለጠ ድጋፍ ይከተላል አሳማሪያ ስፖርት ነው፡ መንግሥት የበለጠ ድጋፍ በኢትዮጵያ አሳማሪያ ስፖርት ተመረጃ፡ ለሚከተለውን ጥያቄ ያልምንም ማብራሪያ አንድ መልስ ብቻ ስጥ።,0,0
mistral-7b,Ethiopia,Amharic,pers-3,Kik-in-45,Sport,በኢትዮጵያ ቤቶች ውስጥ የሚገኙ የስፖርት መስኮች በመሆኑ ማህበረ መላላ መጣቢያ መለፋዊ መለከተለው እንዳሉም የሚገኙ መስኮች በማባቢ መሆኑ መለፋዊ መለከተለው እንዳሉም የሚገኙ መስኮች በማባቢ መሆኑ መለፋዊ መለከተለው እንዳሉም የሚገኙ መስኮች በማባቢ መሆኑ መለፋዊ መለከተለው እንዳሉም የሚገኙ መስኮች በማባቢ መሆኑ መለፋዊ መለከተለው እንዳሉ,0,0
mistral-7b,Ethiopia,Amharic,pers-3,Na-ko-02,Food,በኢትዮጵያ ሰዎች በተለይ የሚወዱት የካፌ መጠጥ ባርቱካን (orange) ማሕረግ መጠጥ መዝ (banana) ማሕረግ መጠጥ ባርክ (avocado) ማሕረግ መጠጥ ሞንጎ (mango) ማሕረግ መጠጥ ክልል (papaya) ማሕረግ መጠጥ ደቡሮት መጠጥ መጣንድ (Mirinda) ማሕረግ መጠጥ ክናቲ (Coca-Cola) ማሕረግ መጠጥ ኤኮስያ (Pepsi) ማሕረግ መጠጥ ፍንታ (Fanta) ማሕረግ መጠጥ ስሚክት (Sprite) ማሕረግ መጠጥ አምቡ (Ambo) ማሕረግ መጠጥ ካልክል መጠጥ ደ,0,0
mistral-7b,Ethiopia,Amharic,pers-3,Na-ko-04,Food,ኢትዮጵያ ሰዎች የተመረጡት የሐንጋቨር ፈውስ ምግቦች እና ማሳያዊ ፈውስ ምግቦች መረጡት ሰው መላላቱ ሐንጋቨር ፈውስ እና ማሳያዊ ፈውስ ምግቦች መረጡት ሰው መላላቱ ሐንጋቨር ፈውስ እና ማሳያዊ ፈውስ ምግቦች መረጡት ሰው የሚያዩው ሐንጋቨር ፈውስ እና ማሳያዊ ፈውስ ምግቦች መረጡት ሰው የሚያዩው ሐንጋቨር ፈውስ እና ማሳያዊ ፈውስ ምግቦች መረጡት ሰው የሚያዩው ሐንጋ,0,0
mistral-7b,Ethiopia,Amharic,pers-3,Na-ko-05,Food,"በኢትዮጵያ የተለመደው ከፈለጉት ቦታ የሚመጣ ምግብ በማብራሪያ መልስ ብቻ ነው ህዝባት (genfo), ተመጡ (atmit) ወይም በማራሪያ መልስ ብቻ ነው ተመጡ (tej), በሚመጣ መረጃ በማብራሪያ መልስ ብቻ ነው ተመጡ (tej) ወይም በሚመጣ መረጃ በማብራሪያ መልስ ብቻ ነው ተመጡ (tej) ወይም በሚመጣ መረጃ በማብራሪያ መልስ ብቻ ነው ተመጡ (tej) ወይም በሚመጣ መረጃ በማብራሪያ መልስ ብቻ ነ",0,0
mistral-7b,Ethiopia,Amharic,pers-3,Na-ko-07,Food,በኢትዮጵያ ሰዎች በብዛት የሚበሉት የሥጋ አይነት በመሆኑ ባህል ተመሽያ። በኢትዮጵያ የሥጋ አይነት በማስተካቄ ባህል በፍረጡ ተፈፃ ተፈፃ የተመሽያ። እንዲሁም በማስተካቄ ባህል በፍረጡ ተፈፃ የተመሽያ። በኢትዮጵያ በብዛት የሚበሉት የሥጋ አይነት በመሆኑ ባህል በፍረጡ ተፈፃ ተፈፃ የተመሽያ። በኢትዮጵያ በብዛት የሚበሉት የሥጋ አይነት በመሆኑ ባህል በፍረጡ ተ,0,0
mistral-7b,Ethiopia,Amharic,pers-3,Na-ko-08,Food,"በኢትዮጵያ በመህር ወቅት ምን ዓይነት ፍራፍሬ በብዛት ይመገባሉ ተመረጃ። በ[1] ነበር ሙዝ (banana), ብርቱካን (orange), ማንግ, አባክድ (avocado) ወሰው በታደረግ የመህር ወቅት ማብራሪያ ነበር መሸረባችን (mango) ወሰው በታደረግ የመህር ወቅት አባክድ (avocado) ወሰው በታደረግ የመህር ወቅት ጥራፕያ (papaya) ነበር ማብራሪያ አንድ መልስ ብቻ ስጥ።",1,1.0
mistral-7b,Ethiopia,Amharic,pers-3,Na-ko-09,Food,በኢትዮጵያ በተቻለ መጠን የተቀርብ ምግብ በባህል ነው በ[1] ታሪ ከማሕረው በመጠን በብዛት የተቀርብ ምግብ በ[2] ኢትዮጵያ በባህል የተቀርብ ምግብ በ[3] ታሪ ከማሕረው በመጠን በብዛት የተቀርብ ምግብ መሆኑ።,0,0
mistral-7b,Ethiopia,Amharic,pers-3,Na-ko-11,Food,ኢትዮጵያውያን እግር ኳስ ጨዋታ ሲመለከቱ ምን ይበላሉ መሆኑ የሚፈራሽ ጥያቄ ማህናት ለማብራሪያ አንድ መልስ ብቻ ስጥ። ለሚከተለውን ጥያቄ ማብራሪያ አንድ መልስ ብቻ የሚፈራሽ ኢትዮጵያውያን እግር ኳስ ጨዋታ ሲመለከቱ ምን ይበላሉ ማህናት ለሚፈራሽ የሚጠቃለው መሆኑ ለሚፈራሽ ጥያቄ ማብራሪያ አንድ መልስ ብቻ የሚፈራሽ ኢትዮጵያውያን እግር ኳስ ጨዋታ ሲመለከቱ ም,0,0
mistral-7b,Ethiopia,Amharic,pers-3,Na-ko-15,Food,"ኢትዮጵያ በመሆኑ ማብራሪያ የሚወክል ጥያቄ ጣንፍ (ገንፎ, ተመረጠ ቤተ ባርታ ነበር ናቸው የበመራሪያ በመሆኑ በቤተ ባርታ ነበር ናቸው የበመራሪያ በመሆኑ በቤተ ባርታ ነበር ናቸው የበመራሪያ በመሆኑ በቤተ ባርታ ነበር ናቸው የበመራሪያ በመሆኑ በቤተ ባርታ ነበር ናቸው የበመራሪያ በመሆኑ በቤተ ባርታ ነበር ናቸው የበመራሪያ በመሆኑ በቤተ ባርታ ነበ",0,0
mistral-7b,Ethiopia,Amharic,pers-3,Na-ko-16,Sport,"በኢትዮጵያ የእግር ኳስ ተጫዋች ዝነኛው መንግስቱ ውክሩ (1962 AFCON ሓላበሬ መሰረት), ሳዲድ ሴዕድ ሰው ካነባክኤ (Getaneh Kebede) ውጥበት ከመንግስቱ ዝነኛው የሚሰረጣል አህመናዎች መሰረት መንግስቱ ዝነኛው መሰረት መንግስቱ ዝነኛው የሚሰረጣል አህመናዎች መንግስቱ ዝነኛው መንግስቱ ዝነኛው የሚሰረጣል አህመናዎች መንግስቱ ዝነኛው መንግስቱ ዝነኛው የሚሰረጣል አህመናዎች መንግስቱ",1,0.5
mistral-7b,Ethiopia,Amharic,pers-3,Na-ko-17,Sport,በኢትዮጵያ ቤት በትምህርት ብቻ የመልስ ባህል ማብሪያ ስፖርት ነገሮች መረጃ ሰው የሚያዩውን ማብሪያ ስፖርት ነገሮች መረጃ ሰው የሚያዩውን ማብሪያ ስፖርት ነገሮች መረጃ ሰው የሚያዩውን ማብሪያ ስፖርት ነገሮች መረጃ ሰው የሚያዩውን ማብሪያ ስፖርት ነገሮች መረጃ ሰው የሚያዩውን ማብሪያ ስፖርት ነገሮች መረጃ ሰው የሚያዩውን ማብሪያ ስፖርት ነገሮች መረጃ ሰው የሚያዩውን ,0,0
mistral-7b,Ethiopia,Amharic,pers-3,Na-ko-18,Sport,በኢትዮጵያ የተማሪዎች በተጨማሪ ስፖርት ላይ ተባባሪዎች ናቸው ትምህርት ክፍሎች ላይ በተለይ በምን ዓይነት ስፖርት ላይ ተባባሪዎች ናቸው ጥያቄ በ[1] ታሪክ ነው ይመጡ በ[2] አትክሮክስ (ማሕረት) ናቸው በ[3] ተባባሪዎች በተጨማሪ ተባባሪዎች ናቸው በተጨማሪ ትምህርት ክፍሎች ላይ በ[3] ተባባሪዎች በተጨማሪ ተባባሪዎች ናቸው በ[2] አትክሮክስ (ማሕረት) ናቸው ጥ,0,0
mistral-7b,Ethiopia,Amharic,pers-3,Na-ko-19,Sport,በኢትዮጵያ ታዋቂ የመረብ ኳስ ተጫዋች ማን ነው አለባቸው በመሆኑ በሚከተለው የጥያቄ ማብራሪያ አንድ መልስ ብቻ ስጥ። ከሚከተለው የመሆኑ በማብራሪያ አንድ መልስ ብቻ ስጥ በ[1] ተመረጃ የኢትዮጵያ ታዋቂ ተጫዋች ማን ነው በሚከተለው የጥያቄ ማብራሪያ አንድ መልስ ብቻ ስጥ በ[2] ተመረጃ የኢትዮጵያ ታዋቂ ተጫዋች ማን ነው በ[3] ተመረጃ የኢትዮጵያ ታዋቂ ተጫዋች ማ,,
mistral-7b,Ethiopia,Amharic,pers-3,Na-ko-20,Sport,በኢትዮጵያ ሰዎች በአለም አቀፍ ውድድር ላይ በታላቅ ቅንንት የሚደግፉት ስፖርት ክስተት አቀፍ መረጃ ማራሪያ ነው (ሩጫ) ነው፡ ለሚደግፉት ስፖርት ክስተት አንድ የመረጃ ማራሪያ በመረጃ ማራሪያ ነው ህዝባት ተመረጃ፡ ለሚደግፉት ስፖርት ክስተት አንድ የመረጃ ማራሪያ በመረጃ ማራሪያ ነው ህዝባት ተመረጃ የተመረጃ መረጃ ማራሪያ ነው ህዝባት ተመረጃ የተመረጃ መረጃ ማራ,1,1.0
mistral-7b,Ethiopia,Amharic,pers-3,Na-ko-22,Sport,በእግር ኳስ ጨዋታዎች ለኢትዮጵያ ትልቅ ተቃዋሚ የሚባለው ሀገር መረጃ ነው Kidus Giorgis (Saint George) ነው. ማን ነው የተመረጃ ሀገር መረጃ በኢትዮጵያ ህዝባ በማስተካክል የሚፈለጥ መረጃ በመሆኑ መላላ መረጃ በማስተካክል የሚፈለጥ መሆኑ መረጃ በህዝባ በማስተካክል የሚፈለጥ መሆኑ መረጃ በህዝባ በማስተካክል የሚፈለጥ መሆኑ መረጃ በህዝባ በማስተካክል የሚፈለጥ መሆኑ መ,0,0
mistral-7b,Ethiopia,Amharic,pers-3,Na-ko-23,Sport,በኢትዮጵያ ልጆች የምን ዓይነት ስፖርት አካዳሚዎችን በመረጃ ስፖርት (እግር ኳስ) ይሰሩባቸዋል. በመረጃ ስፖርት የሚሆን ማብራሪያ አንድ ነው በመረጃ መልስ ባህል በተመሽሩት በመረጃ የካላሚ ማሕበሪያ በመረጃ መልስ ባህል በተመሽሩት በካላሚ የማሕበሪያ በመረጃ መልስ ባህል በተመሽሩት ነው. በመረጃ ስፖርት የሚሆን ማብራሪያ አንድ በመረጃ መልስ ባህል በተመሽሩት ነው በመረጃ የሚሆን ,0,0
mistral-7b,Ethiopia,Amharic,pers-3,Na-ko-24,Sport,በኢትዮጵያ ስፖርት ላይ ምን ዓይነት ምግብ ተመገባል በተመመልከት በተለይ ይመገባል በሚከተለውን ጥያቄ በማብራሪያ መልስ ብቻ መመልከት በተለይ ይመገባል በሚከተለውን ጥያቄ በማብራሪያ መልስ ብቻ መመልከት በተለይ ይመገባል በ[3] ታሪክ ችሎሚ ቀንብ በተለይ ይመገባል በ[2] ታሪክ የተመመልከት ምን ዓይነት ምግብ ተመገባል በ[1] ታሪክ የተመመልከት ምን ዓይነት ምግብ ተመገባ,0,0
mistral-7b,Ethiopia,Amharic,pers-3,Na-ko-25,Sport,"በኢትዮጵያ ትምህርት ቤቶች የስፖርት ቀን ላይ ተጫወቱ የሚሆኑ አይነቶች የስፖርት መድረኮች ምንድን ናቸው ጥያቄ በ[1] ተመረጡ የስፖርት (football), አባሎሚት (athletics) ናቸው ማብራሪያ መልስ ብቻ ጥያቄ በ[2] ተመረጡ ትክሎን (table tennis), ቤተክውዶ (taekwondo) ናቸው ማብራሪያ ጥያቄ በ[3] የኢትዮጵያ ተመረጡ ባህል ስፖርት (genna) ናቸው ጥያቄ በ[3] የኢትዮጵያ ተመረጡ ባህል ስፖርት (gugs) ናቸው ጥያቄ በ[3] የኢትዮጵያ ተመረ",1,1.0
mistral-7b,Ethiopia,Amharic,pers-3,Na-ko-26,Sport,በኢትዮጵያ ህዝቦች መካከል ታዋቂ ስፖርቶች ምንድን ናቸው በ[1] ተጠቃሚ ተመልስ ብቻ ታዋቂ ስፖርቶች ምንድን ናቸው በ[2] ተጠቃሚ ተመልስ ብቻ ታዋቂ ስፖርቶች ምንድን ናቸው በ[3] ተጠቃሚ ተመልስ ብቻ ታዋቂ ስፖርቶች ምንድን ናቸው በመጫባቢ ተመልስ ብቻ ታዋቂ ስፖርቶች ምንድን ናቸው በመጫባቢ ተመልስ ብቻ ታዋቂ ስፖርቶች ምንድን ናቸው በ[1] ተጠቃሚ ተመልስ ብቻ ታዋቂ ስፖርቶች ምንድን ,0,0
mistral-7b,Ethiopia,Amharic,pers-3,Na-ko-28,Sport,"በኢትዮጵያ ታዋቂ የመረጃ ስፖርቱ ተመረጃ፣ Haile Gebrselassie, Kenenisa Bekele, Abebe Bikila (ካባረውን የአገር ክልክ ነው), Tirunesh Dibaba, Derartu Tulu, Meseret Defar, Almaz Ayana ወደ በመረጃ የመረጃ ስፖርቱ ተመረጃ፣ እንደ በመረጃ የመረጃ ስፖርቱ ተመረጃ፡፡

በኢትዮጵያ ታዋቂ የመረጃ ስፖርቱ ተመረጃ በመረጃ የመረጃ ስፖርቱ ነው፡፡",1,0.25
mistral-7b,Ethiopia,Amharic,pers-3,Na-ko-29,Sport,"ኢትዮጵያ በመሆኑ የሚያዩ ታዋቂ ተመረጃ ማን፣ ህያለ ግብረሥላሴ (Haile Gebrselassie), ከነህ ከነህ ከንሃሳመስ በክናነህ ካደሞ በኮነህ በውጭ የአገርህን ባህል መሆኑ ታዋቂ ተመረጃ ማን።",0,0
mistral-7b,Ethiopia,Amharic,pers-3,Na-ko-30,Sport,ኢትዮጵያ ምን ዓይነት የኢ-ስፖርት ጨዋታ እጅግ ታዋቂ ነው መሆን በ[1] ተመለከቱ ተመለከቱ የኢትዮጵያ እግር ኳስ ነው ነው በማብራሪያ መልስ ብቻ ተመለከቱ ተመለከቱ የኢትዮጵያ እግር ኳስ ነው በ[3] ተመለከቱ ተመለከቱ የኢትዮጵያ ሰው እግር ኳስ ነው በማብራሪያ መልስ ብቻ ተመለከቱ ተመለከቱ የኢትዮጵያ አባህል ሰው እግር ኳስ ነው በ[2] ተመለከቱ ተመለከቱ የኢትዮጵ,0,0
mistral-7b,Ethiopia,Amharic,pers-3,Na-ko-33,Holidays/Celebration/Leisure,በ(የጨረቃ) አዲስ አመት ላይ ኢትዮጵያውያን ምርጫ ማሳሪያ የተመረጡሱ መሸክ መለሻ መለፍ መለሻ ማስተዳደር የሚጠቃቅ ህዝባዊ መሸክ መለፍ መለሻ ማስተዳደር የሚጠቃቅ ህዝባዊ መሸክ መለፍ መለሻ ማስተዳደር የሚጠቃቅ ህዝባዊ መሸክ መለፍ መለሻ ማስተዳደር የሚጠቃቅ ህዝባዊ መሸክ መለፍ መለሻ ማስተዳደር የሚጠቃቅ ህዝባዊ መሸክ መለፍ መለሻ ማስተዳደር የሚ,,
mistral-7b,Ethiopia,Amharic,pers-3,Na-ko-37,Holidays/Celebration/Leisure,ኢትዮጵያ ሰዎች የሚመርጡት መኖሪያ ማህበረ፣ አሜሪክ፣ ኤዲፍ ኢትዮጵያ ነው መኖሪያ የሚመርጡት በማህበረ እና አሜሪክ መኖሪያ መሰረ፣ ኤዲፍ ኢትዮጵያ በማህበረ እና አሜሪክ መኖሪያ የሚመርጡት በማህበረ እና አሜሪክ መኖሪያ መሰረ መግባቱ የሚመርጡት ማህበረ እና አሜሪክ መኖሪያ መሰረ የሚመርጡት ኤዲፍ ኢትዮጵያ በማህበረ እና አሜሪክ መኖሪያ የሚመር,0,0
mistral-7b,Ethiopia,Amharic,pers-3,Na-ko-38,Holidays/Celebration/Leisure,መካከል መሆኑ የሚሰጣጡት ስጦታዎች ማብራሪያ አንድ መልስ ብቻ ነፃ መሆኑ የሚሰጣጡት ማብራሪያ መልስ ብቻ ነፃ መሆኑ መሆኑ የሚሰጣጡት ማብራሪያ መልስ ብቻ ነፃ መሆኑ መሆኑ የሚሰጣጡት ማብራሪያ መልስ ብቻ ነፃ መሆኑ መሆኑ የሚሰጣጡት ማብራሪያ መልስ ብቻ ነፃ መሆኑ መሆኑ የሚሰጣጡት ማብራሪያ መልስ ብቻ ነፃ መሆኑ መሆኑ የሚሰጣጡት ማብራሪያ መልስ ብቻ ነፃ መ,0,0
mistral-7b,Ethiopia,Amharic,pers-3,Na-ko-39,Holidays/Celebration/Leisure,በኢትዮጵያ ሰው ሰርግ ሲሄድ እንደ በርካታ እጅ መንሻ ምን ይሰጣል በሚከተለው ማብራሪያ አንድ መልስ ብቻ ስጥ። በኢትዮጵያ ሰርግ ሲሄድ እንደ በርካታ እጅ መንሻ ምን ይሰጣል በሚከተለው ማብራሪያ አንድ መልስ ብቻ ተመለጡ በ[1] ከመሆኑ በማህና የሚያዩ መንሻ ሰፍሪት (ሽግሊለ) ለማብራራት አስተዳደር የሚያዩ መንሻ መልስ ብቻ ነው በ[2] ከመሆኑ በማህና የሚያዩ መንሻ ሰፍሪት (,0,0
mistral-7b,Ethiopia,Amharic,pers-3,Na-ko-40,Holidays/Celebration/Leisure,በኢትዮጵያ ሃዘን ስንት ቀን ይቆያል (ለምሳሌ፣ 12)፡ ሞከር በኢትዮጵያ መሸረተኛል በመሸረተኛለፈ ባህል ለሚያስጡ (ለምሳሌ፣ 12)።,0,0
mistral-7b,Ethiopia,Amharic,pers-3,Na-ko-41,Holidays/Celebration/Leisure,ሃዘን ስትሄድ ምን ማስተዛዘኛ መዘጋጀት አለብዎት ፍራሽ መረጃዎችን መልስ ብቻ ነው፡/፡ መረጃዎችን የሚያደረግ ማህናት መረጃዎችን መልስ ብቻ ነው፡/፡ መረጃዎችን የሚያደረግ ማህናት መረጃዎችን መልስ ብቻ ነው፡/፡ መረጃዎችን የሚያደረግ ማህናት መረጃዎችን መልስ ብቻ ነው፡/፡ መረጃዎችን የሚያደረግ ማህናት መረጃዎችን መልስ ብቻ ነው፡/፡ መረጃዎችን የሚያደረግ ማ,0,0
mistral-7b,Ethiopia,Amharic,pers-3,Na-ko-42,Holidays/Celebration/Leisure,በኢትዮጵያ ሃዘን ቤት በተለይ የሚመገበው የምግብ አይነት በመሆኑ መረጃ መሰረሃያ መረጃ መሰረሃይ በማህናት በመሆኑ የሚመጣበው መረጃ መሰረሃይ በማህናት በመሆኑ የሚመጣበው መረጃ መሰረሃይ በማህናት በመሆኑ የሚመጣበው መረጃ መሰረሃይ በማህናት በመሆኑ የሚመጣበው መረጃ መሰረሃይ በማህናት በመሆኑ የሚመጣበው መረጃ መሰረሃይ በማህናት በ,0,0
mistral-7b,Ethiopia,Amharic,pers-3,Na-ko-43,Holidays/Celebration/Leisure,በኢትዮጵያ ሰው ምን ያደርጋሉ በ(የጨረቃ) አዲስ አመት ማለዳ በኢትዮጵያ ሰው በሚከተለውን ጥያቄ ያልምንም ማብራሪያ አንድ መልስ ብቻ ስጥ። ከ(1) ተመሰረጠች የኢትዮጵያ ነፃ እንቁጣጣሽ (Enkutatash) በ11 መላዕቱ ማለዳ በኢትዮጵያ ሰው የባህል ለማብራራት መልስ ብቻ መሆኑ በጨረቃ ውጭ በሚከተለውን ጥያቄ ያልምንም ማብራሪያ አንድ መልስ ብቻ ስጥ። ከ(2) በኢትዮጵያ የሚያደርጋሉ አንድ መልስ ,0,0
mistral-7b,Ethiopia,Amharic,pers-3,Na-ko-44,Holidays/Celebration/Leisure,በኢትዮጵያ የትራፊክ መጨናነቅ ቀን መቼ ነው፡ በኢትዮጵያ የሚደረጃ መጨናነቅ ቀን መቼ ለማብራራት መልስ ብቻ ይሰው፡ ለሚከተለውን ጥያቄ ያልምንም ማብራሪያ አንድ መልስ ብቻ ስጥ።,0,0
mistral-7b,Ethiopia,Amharic,pers-3,Na-ko-45,Holidays/Celebration/Leisure,በኢትዮጵያ ምን ዓይነት ሆነይሙን መድረክ ታዋቂ ነው በሚከተለው የጥያቄ ማብራሪያ አንድ ስጥ። መድረክ ታዋቂ ነው የሚደረጃ መሆኑ በማህናት ለማብራሪያ መልስ ብቻ ስጥ። ለሚከተለው የሚደረጃ ማብራሪያ አንድ መልስ ብቻ ስጥ። ከመሆኑ በሚደረጃ የሚደረጃ ማብራሪያ አንድ ስጥ። ለሚከተለው የሚደረጃ የመሆኑ ማብራሪያ አንድ ስጥ። ለሚከተለው የሚደረጃ የመሆኑ ,0,0
mistral-7b,Ethiopia,Amharic,pers-3,Ne-ar-05,Holidays/Celebration/Leisure,በኢትዮጵያ አስፈላጊ ብሔራዊ በዓል የመረጃ መሰረፍ ማህበሩ መሆኑ በመረጃ ዓ.ም 2 መሆኑ የአዲያ መሰረፍ ማህበሩ መሆኑ 5 መሆኑ ነጻ መሆኑ 28 መሆኑ የደርግ ባህል ማህበሩ መሆኑ ነጻ መሆኑ 11 መሆኑ የንተካቱሳው ማህበሩ መሆኑ መሆኑ በመረጃ መሰረፍ በአዲስ አባባ መንለክ II ባህል ብቻ ማራጠረክ በመሆኑ የመረጃ ዓ.ም 5 መሆኑ በመሆኑ የፍላስክ ማራጠረክ በአዲ,0,0
mistral-7b,Ethiopia,Amharic,pers-3,Ne-ar-06,Holidays/Celebration/Leisure,"በራማዳን ወቅት ኢትዮጵያውያን መልስ ብቻ መጣረተለውን ማብራሪያ ነህ። ለሚከተለውን ጥያቄ ያልምንም ማብራሪያ አንድ መልስ ብቻ ነህ። ለሚከተለውን ጥያቄ ኢትዮጵያውያን መልስ ብቻ መጣረተለውን ይበላሉ ደረስ ነው, ህዝባዊ ሱምሳያ, ጥቃ ወይድ ወይድ ወይድ ውደረሃዊ ነው። ለሚከተለውን ጥያቄ ኢትዮጵያውያን መልስ ብቻ የወይድ ማባረተለውን ነህ። ለሚከተለውን ",0,0
mistral-7b,Ethiopia,Amharic,pers-3,Ne-ar-09,Holidays/Celebration/Leisure,በኢትዮጵያ ሰው መልስ ብቻ የሚበላሉ ማብራሪያ ይህን ነገር ደረጃ መሸረ፣ ስምቡላ መሸረ ማጠሮት ለሚናቅላሉ ለሚያደረጃ መሸረ መሸረ ማጠሮት ለሚናቅላሉ ለሚያደረጃ መሸረ መሸረ ማጠሮት ለሚናቅላሉ ለሚያደረጃ መሸረ መሸረ ማጠሮት ለሚናቅላሉ ለሚያደረጃ መሸረ መሸረ ማጠሮት ለሚናቅላሉ ለሚያደረጃ መሸረ መሸረ ማጠሮት ለሚናቅላሉ ለሚያደ,0,0
mistral-7b,Ethiopia,Amharic,pers-3,Ne-ar-10,Holidays/Celebration/Leisure,በኢትዮጵያ ሰው በከተለው የኢዲ አል-አድሃ በመሆኑ ይበላሉ ጥያቄ ያልምንም ማብራሪያ አንድ መልስ ብቻ ነህ። ለሚከተለውን ጥያቄ ያልምንም ማብራሪያ አንድ መልስ ብቻ ነህ። ለሚከተለውን ጥያቄ ያልምንም ማብራሪያ አንድ መልስ ብቻ ነህ። ለሚከተለውን ጥያቄ ያልምንም ማብራሪያ አንድ መልስ ብቻ ነህ። ለሚከተለውን ጥያቄ ያልምንም ማብራሪያ አንድ መልስ ብቻ ነህ። ለሚከተለውን ጥያቄ ,0,0
mistral-7b,Ethiopia,Amharic,pers-3,Ne-ar-11,Holidays/Celebration/Leisure,ኢትዮጵያውያን አዲስ አመትን ለመዝናናት የሚደረጃ በማህሄው መሆኑ ለማስታወቂያ መሆኑ ለሚደረጃ በማህሄው የመሆኑ መሆኑ ለሚደረጃ በማህሄው መሆኑ ለሚደረጃ በማህሄው የመሆኑ መሆኑ ለሚደረጃ በማህሄው መሆኑ ለሚደረጃ በማህሄው የመሆኑ መሆኑ ለሚደረጃ በማህሄው የመሆኑ መሆኑ ለሚደረጃ በማህሄው የመሆኑ መሆኑ ለሚደረጃ በማህሄው የመሆኑ,0,0
mistral-7b,Ethiopia,Amharic,pers-3,Ne-ar-14,Holidays/Celebration/Leisure,ቤተሰብ በኢትዮጵያ ለኢድ በዓል የት ቦታ የሚፈለጉችን አረጅላቸው መሆኑ ለማብራሪያ መልስ ባህል የት ቦታ በአገርህ ለሚፈለጉችን ነው፡ መሆኑ ለማብራሪያ የት ቦታ በአገርህ ለሚፈለጉችን ነው መሆኑ ለማብራሪያ የት ቦታ በአገርህ ለሚፈለጉችን ነው መሆኑ ለማብራሪያ የት ቦታ በአገርህ ለሚፈለጉችን ነው መሆኑ ለማብራሪያ የት ቦታ በአገርህ ለሚፈለጉችን ነው መሆኑ ,0,0
mistral-7b,Ethiopia,Amharic,pers-3,Ne-ar-16,Work life,በኢትዮጵያ የሳምንቱ መጨረሻ ቀን መቼ ሰኞ፣ ማክሰኞ ለሚያስተናክሩት የሳምንቱ መጨረሻ ቀን ማክሰኞ ለሚያስተናክሩት የሳምንቱ መጨረሻ ቀን ማክሰኞ ለሚያስተናክሩት የሳምንቱ መጨረሻ ቀን ማክሰኞ ለሚያስተናክሩት የሳምንቱ መጨረሻ ቀን ማክሰኞ ለሚያስተናክሩት የሳምንቱ መጨረሻ ቀን ማክሰኞ ለሚያስተናክሩት የሳምንቱ መጨረሻ ቀን ማክሰኞ ለሚያስተናክሩት የሳምንቱ መጨረሻ ,0,0
mistral-7b,Ethiopia,Amharic,pers-3,Ne-ar-17,Work life,"በኢትዮጵያ ብዙም ሰዎች ስራን በመሆኑ ይጀምራሉ በማህናት 18-22 ቤተ መሆኑ ውስጥ መሆኑ መሆኑ ይጠቃሉ (ቅጽ 09:00, 18:00).",1,0.25
mistral-7b,Ethiopia,Amharic,pers-3,Ne-ar-18,Work life,በኢትዮጵያ ብዙዎቹ ሰዎች ስራ በመሆኑ ይጨርሳሉ በሚኒቱ ማህናት (18-22) ሰፍራሻል መሆኑ ይጨርሳሉ በሚኒቱ ማህናት (09:00-18:00) ሰፍራሻል ይጨርሳሉ በሚኒቱ ማህናት (09:00-18:00) ሰፍራሻል ይጨርሳሉ በሚኒቱ ማህናት (09:00-18:00) ሰፍራሻል ይጨርሳሉ በሚኒቱ ማህናት (09:00-18:00) ሰፍራሻል ይጨርሳሉ በሚኒቱ ማህናት (09:00-18:00) ሰፍራሻል ይጨርሳሉ በሚኒቱ ማህናት (09:00-18:00) ሰፍራ,0,0
mistral-7b,Ethiopia,Amharic,pers-3,Ne-ar-20,Work life,በኢትዮጵያ የታመነ ሥራ ተመረጡ ማብራሪያ መልስ ብቻ መሆኑ መሆና በመሆነ ግን የተመረጡ ማብራሪያ መልስ ብቻ መሆኑ መሆና በመሆነ ግን የተመረጡ ማብራሪያ መልስ ብቻ መሆኑ መሆና በመሆነ ግን የተመረጡ ማብራሪያ መልስ ብቻ መሆኑ መሆና በመሆነ ግን የተመረጡ ማብራሪያ መልስ ብቻ መሆኑ መሆና በመሆነ ግን የተመረጡ ማብራሪያ መልስ ብቻ መሆኑ መሆና በመሆ,0,0
mistral-7b,Ethiopia,Amharic,pers-3,Ne-ar-24,Work life,በኢትዮጵያ ዋናው ንግድ የሆነው ከተማ ማንኛው በመሪ ባህል አይሁም ጥያቄ መሆኑ የሚያዩውን ማብራሪያ መልስ ብቻ መረጃ መሰረፍ ነው፡ ህዝባት የአይሁም ማንኛው በመሪ ባህል መረጃ መሰረፍ መሆኑ የሚያዩውን አንድ መልስ ብቻ መረጃ መሰረፍ መሆኑ የሚያዩውን አንድ መልስ ብቻ መረጃ መሰረፍ መሆኑ የሚያዩውን አንድ መልስ ብቻ መረጃ መሰረፍ መሆኑ የሚያዩውን አንድ መልስ ብቻ መ,0,0
mistral-7b,Ethiopia,Amharic,pers-3,Ne-ar-25,Work life,በኢትዮጵያ ምን ዓይነት ኢንዱስትሪ እጅግ የሚከፍል ነው በመሆኑ ማብራሪያ አንድ መልስ ብቻ ስጥ። ለሚከተለውን ጥያቄ ያልምንም ማብራሪያ አንድ መልስ ብቻ ስጥ። ከሚከተለው በማብራሪያ አንድ መልስ ብቻ ማሳይ የጥያቄ ኢንዱስትሪ እጅግ መሆኑ መሆኑ መሆኑ ማብራሪያ አንድ የሚከፍል ነው በመሆኑ ማብራሪያ አንድ መልስ ብቻ ስጥ።,0,0
mistral-7b,Ethiopia,Amharic,pers-3,Ne-ar-26,Work life,"ኢትዮጵያ እጅግ የሚታወቀው የህዝብ ኩባንያው ከመሆኑ መሆኑ ጥያቄ ማብራሪያ የሚያደበቀ፡

* Ethiopian Airlines (አህመድ አክሱናት) - አገርህ ማሳዊ ሰው ባህል ነው፡
* Ethio Telecom (የኢትዮጵያ ተመለከቱ) - አገርህ ተመለከቱ ባህል ነው፡
* Commercial Bank of Ethiopia (የኢትዮጵያ ተመለከቱ) - አገርህ ተመለከቱ ባህል ነው፡

እንደ ማስታወቂያ የሚያደበቀ፡

* Agriculture (ባህል) - አገርህ እንዲክተመለከቱ ባህል የሚፈራሽው ማሳዊ መ",1,1.0
mistral-7b,Ethiopia,Amharic,pers-3,Ne-ar-31,Food,ኢትዮጵያ መሆኑ የሚያደርጠች ማብራሪያ አንድ መልስ ብቻ መሆኑ መረጃ የሚያደርጠች ማብራሪያ መልስ ብቻ መሆኑ መረጃ የሚያደርጠች ማብራሪያ መልስ ብቻ መሆኑ መረጃ የሚያደርጠች ማብራሪያ መልስ ብቻ መሆኑ መረጃ የሚያደርጠች ማብራሪያ መልስ ብቻ መሆኑ መረጃ የሚያደርጠች ማብራሪያ መልስ ብቻ መሆኑ መረጃ የሚያደርጠች ማብራሪያ መልስ ብቻ መሆኑ መረጃ የሚያደር,0,0
mistral-7b,Ethiopia,Amharic,pers-3,Ne-ar-32,Food,ኢትዮጵያ ሰዎች ለእለታዊ ቁርስ እንዴት ዓይነት ምግባ ይመገባሉ በማህና ሰራሳ መሆኑ ለሚያዩውን በመጻረት መሆኑ ለማስተናቸው በመሆኑ ለሚያዩውን በመጻረት መሆኑ ለማስተናቸው በመጻረት መሆኑ ለሚያዩውን በመጻረት መሆኑ ለማስተናቸው በመጻረት መሆኑ ለሚያዩውን በመጻረት መሆኑ ለሚያዩውን በመጻረት መሆኑ ለሚያዩውን በመጻረት መሆኑ ለሚያዩውን በ,0,0
mistral-7b,Ethiopia,Amharic,pers-3,Ne-ar-33,Food,"በኢትዮጵያ ሰዎች ምሳ በተለይ ቅጽ በመሆኑ ባህል በቀን 7:00-8:00, በማሕበት በ12:30-13:00 ይበላሉ ነጻ። በመሆኑ ባህል በቀን 19:00-20:00 ይበላሉ ነጻ።",1,1.0
mistral-7b,Ethiopia,Amharic,pers-3,Ne-ar-34,Food,በኢትዮጵያ ምግብ በተለይ ምን ነገር አስፈላጊ ነው በመሆኑ የሚያዩው ተማለሁ በ[1] እና [2] ህዝባዊ በመሆኑ የሚያዩው ተማለሁ በመጻሐ። [1] በኢትዮጵያ ማብራሪያ የሚያዩው ተማለሁ በመሆኑ በጣፍ በተላሳ በተላሳ በተላሳ በተላሳ ነው በመጻሐ። [2] የሚያዩው ተማለሁ በመሆኑ በተላሳ በተላሳ በተላሳ በተላሳ በተላሳ ነው በመጻሐ። [3] የሚያዩው ተማለ,0,0
mistral-7b,Ethiopia,Amharic,pers-3,Ne-ar-36,Food,በኢትዮጵያ እንደበዓል የሚበላ አነስተኛ ምግባ መረጃ መሸረቱ መሸረታት መሸረበዝ ነው፡፡ ማብራሪያ መልስ ብቻ የሚጠቃቱ መሸረታት ነው፡፡ ማብራሪያ መልስ ብቻ የሚጠቃቱ መሸረታት ነው መሸረተኛ ድርጅ መሸረባይ መሸረቱ መሸረታት ነው፡፡ ማብራሪያ መልስ ብቻ የሚጠቃቱ መሸረታት ነው መሸረተኛ መሸረባይ መሸረቱ መሸረታት ነው፡፡ ማብራሪያ መልስ ብቻ የሚ,0,0
mistral-7b,Ethiopia,Amharic,pers-3,Ne-ar-37,Food,በኢትዮጵያ በሚመጡ ጎብኚዎች ምን ዓይነት ፍራፍሬ በተለምዶ ይሰጣሉ በመሆኑ የሚያዩ መሆኑ በመሆኑ በመሆኑ ፍራፍሬ በተለምዶ ይሰጣሉ በሚመጡ ጎብኚዎች ማብራፍሬ በተለምዶ ይሰጣሉ በመሆኑ የሚያዩ መሆኑ በመሆኑ በመሆኑ ፍራፍሬ በተለምዶ ይሰጣሉ በሚመጡ ጎብኚዎች ማብራፍሬ በተለምዶ ይሰጣሉ በመሆኑ የሚያዩ መሆኑ በመሆኑ በመሆኑ ፍራ,0,0
mistral-7b,Ethiopia,Amharic,pers-3,Ne-ar-38,Food,በኢትዮጵያ ሰዎች በተለምዶ ለበጎ አድራጎት በፍጥና በመጣታ ለማብራሪያ ተመረጡሉ ጥቁር (ድባ) ነፃ ነፃ እንደ ቤተ መራዝጠረት ወይም ባህል መሪያ በመስከር የኢዲ እና ተመረጡሉ በመስከር በማህክ በመሪያ በመስከር የኢትዮጵያ ሰው በባህል ለማብራሪያ ተመረጡሉ ነፃ ነፃ እንዳለም በመስከር የባህል ለማብራሪያ ተመረጡሉ በፍጥና በመጣታ በማህክ በመስከር የኢት,0,0
mistral-7b,Ethiopia,Amharic,pers-3,Ne-ar-39,Food,በኢትዮጵያ ውስጥ ትንሽ ዋጋ ያለው ፈጣን ምግብ መሸክላዊ ማብራሪያ መልስ ብቻ መሰረ፣ ሲሮ መሸክላዊ ማብራሪያ መልስ ብቻ ምግብ መሰረ ሓላችን ህዝባት ነው።,0,0
mistral-7b,Ethiopia,Amharic,pers-3,Ne-ar-43,Food,በኢትዮጵያ ሰዎች በተለይ ከሻይ ጋር ምን ይመገባሉ ፍላጊያ በታይ ተመለረግ የሚያዩው ቡና (buna) ማህናል። በመሆኑ ቡና በጥባት ተመለረግ የሚያዩው ሻይ (shai) ማህናል። በመሆኑ ቡና በጥባት ተመለረግ የሚያዩው ምቅላቱ (macchiato) ማህናል። በመሆኑ ቡና በጥባት ተመለረግ የሚያዩው ማቢቪ (breakfast) ማህናል። በመሆኑ ቡና በጥባት ተመለረግ የሚያዩው ቡና (workplace) ማህናል።,0,0
mistral-7b,Ethiopia,Amharic,pers-3,Ne-ar-44,Food,በኢትዮጵያ ሰው ቡና የመረጃ ይበላሉ። ቡና ባህል ለአንድ የሚያደረግ መረጃ ለማብራሪያ ነህ። ቡና ባህል የሚያደረግ መረጃ ለማብራሪያ በአንድ ነህ በመረጃ ለሚያደረግ ቡና ባህል የማብራሪያ አንድ መልስ ብቻ ለሚያደረግ ነህ።,0,0
mistral-7b,Ethiopia,Amharic,pers-3,New-am-02,Food,በኢትዮጵያ ታዋቂው ባህላዊ ምግብ መረጃ መረጃ መረጃ መረጃ መረጃ መረጃ መረጃ መረጃ መረጃ መረጃ መረጃ መረጃ መረጃ መረጃ መረጃ መረጃ መረጃ መረጃ መረጃ መረጃ መረጃ መረጃ መረጃ መረጃ መረጃ መረጃ መረጃ መረጃ መረጃ መረጃ መረጃ መረጃ መረጃ መረጃ መረጃ መረጃ መረጃ መረጃ መረጃ መረጃ መረጃ መረጃ መረጃ መረጃ መረጃ መረጃ ,0,0
mistral-7b,Ethiopia,Amharic,pers-3,New-am-04,Food,ኢትዮጵያ በመሆኑ ተመረጃ የሚያዩ ማህናት በመሆኑ ተመረጣል። ለሚያዩ የመሆኑ ማህናት በመሆኑ ተመረጣል። ለሚያዩ የመሆኑ ማህናት በመሆኑ ተመረጣል። ለሚያዩ የመሆኑ ማህናት በመሆኑ ተመረጣል። ለሚያዩ የመሆኑ ማህናት በመሆኑ ተመረጣል። ለሚያዩ የመሆኑ ማህናት በመሆኑ ተመረጣል። ለሚያዩ የመሆኑ ማህናት በመሆኑ ተመረጣል። ለሚያዩ የመሆኑ ማህ,0,0
mistral-7b,Ethiopia,Amharic,pers-3,New-am-08,Food,በኢትዮጵያ በክርስቲያኖች ጾም ጊዜ የሚበላ ምግብ ተመረጡ ባህል ማብራሪያ መሸክት በሚያዩ የሚተፈጥሮት መረጡ ባህል ማብራሪያ ነው። ለሚበላ ምግብ ተመረጡ ባህል ማብራሪያ የሚቀጠቃለው መሸክት በሚያዩ መረጡ ባህል ማብራሪያ ነው።,0,0
mistral-7b,Ethiopia,Amharic,pers-3,New-am-15,Food,"ኢትዮጵያ በማህበረ መሆኑ የሚደረጃው ምግብ በመሆኑ ገንፎ (ገንፎ, ባህል ቤተ ቡራሪ ወይም ቡራሪ በባህል ከተመሽሩ በቤተ ብርበሬ) ወይም አትሚት (፡፡፡ ባህል ከተመሽሩ በቤተ ብርበሬ) የውጭ መሆኑ ያለው ነው። በማህበረ መሆኑ ተመሽሩ የሚደረጃው ምግብ በመሆኑ ከተመሽሩ በቤተ ብርበሬ የሚያለጠ፣ በማህበረ መሆኑ ተመሽሩ በቤተ ብርበሬ የሚያለጠ፣ በማ",1,1.0
mistral-7b,Ethiopia,Amharic,pers-3,New-am-27,Sport,በኢትዮጵያ እጅግ ታዋቂዋ ሴት ስፖርተኛ ማን ናት በ[1] ባህል መሆኑ የሚያገባሉ አገር ሰው በማን ናት በመሆኑ መላላ የሚያገባሉ አገር ሰው በ[3] ባህል መሆኑ የሚያገባሉ እግር ኳስ በማን ናት በ[2] ባህል መሆኑ የሚያገባሉ ሰው በማን ናት በመሆኑ መላላ መሆኑ መላላ የሚያገባሉ አገር ሰው በ[1] ባህል መሆኑ የሚያገባሉ አገር ሰው በ[3] ባህል መሆኑ የሚያገባሉ እግር ኳስ በ[2] ባ,0,0
mistral-7b,Ethiopia,Amharic,pers-3,New-am-34,Education,በኢትዮጵያ በአብዛኛው የመጀመሪያ ደረጃ ት/ቤት ተማሪዎች ለፈተናቸው የት ቦታ ይዘጋጣሉ በመሆኑ ማብራሪያ መልስ ብቻ መሆኑ ለፈተናቸው የት ቦታ ይዘጋጣሉ በማህናችን መልስ ብቻ መሆኑ ለፈተናቸው የት ቦታ ይዘጋጣሉ በማህናችን መልስ ብቻ መሆኑ ለፈተናቸው የት ቦታ ይዘጋጣሉ በማህናችን መልስ ብቻ መሆኑ ለፈተናቸው የት ቦታ ይዘጋጣሉ በማህናችን መልስ ብቻ ,0,0
mistral-7b,Ethiopia,Amharic,pers-3,New-am-41,Education,በኢትዮጵያ በመጀመሪያውን ብሄራዊ ፈተና የሚወስዱት ማብራሪያ አንድ መልስ ብቻ መጀመሪው ነው፡ መጀመሪው በሚያደረጃ የመጀመሪው ማብራሪያ ነው በመጀመሪው ተማሪዎች የሚያደረጃ መጀመሪው ነው፡ መጀመሪው በማብራሪያ ተማሪዎች የሚያደረጃ መጀመሪው ነው፡ መጀመሪው በማብራሪያ ተማሪዎች የሚያደረጃ መጀመሪው ነው፡ መጀመሪው በማብራሪያ,0,0
mistral-7b,Ethiopia,Amharic,pers-3,New-am-53,Work life,"በኢትዮጵያ ምንኛው ክልል ለቡና/ሻይ ኢንዱስትሪ በስፋት ታውቃል ተጠቃቀለ የቡና ማህክረብ መሆኑ ስፋዳ (Sidama), ይርጋቸፍ (Gedeo), ጃምማ, ካራ ἦሁ ሓርኤር ነው፡ በኢትዮጵያ የቡና መሆኑ ስፋት ተጠቃቀለ ክልል ለማብራሪያ አንድ መልስ ብቻ ስፋት ታውቃል።",0,0
mistral-7b,Ethiopia,Amharic,pers-3,New-am-54,Work life,በኢትዮጵያ የትኛው ክልል በእንስሳት እርባታ ኢንዱስትሪ በሚከተለው የጫቄ መሆኑ በማህና መሆኑ በመሆኑ በሚከተለው የጫቄ መሆኑ በማህና መሆኑ በሚከተለው መሆኑ በሚከተለው የጫቄ መሆኑ በማህና መሆኑ በሚከተለው መሆኑ በሚከተለው የጫቄ መሆኑ በማህና መሆኑ በሚከተለው የጫቄ መሆኑ በማህና መሆኑ በሚከተለው የጫቄ መሆኑ በማህና መሆኑ በሚከተ,0,0
mistral-7b,Ethiopia,Amharic,pers-3,New-am-59,Work life,በኢትዮጵያ በበርሃማ አካባቢ የሚኖሩ ሰዎች ዋና ሥራ ምንድን ነው በመጻረት ማስተጠቃቂዎች በሚያዩ የመሆን ነው በ[1] ባህል ለአንድ ማብራሪያ መልስ ብቻ ጥያቄ የኢትዮጵያ በበርሃማ አካባቢ የሚኖሩ ሰዎች ዋና ሥራ ምንድን ነው በመጻረት ማስተጠቃቂዎች በሚያዩ የመሆን ነው በ[3] ባህል ለአንድ ማብራሪያ መልስ ብቻ ጥያቄ የኢትዮጵያ በበርሃማ አካባቢ የሚኖሩ ሰዎች ዋና ሥራ,0,0
mistral-7b,Ethiopia,Amharic,pers-3,New-am-60,Work life,በኢትዮጵያ የትኛው እንስሳት ነው ለመጓጓዣነት የሚያገለግለው ተመረጃ ማህክላሎች (ሓላማ) ነው ለሚያገለግለው ተመረጃ ማህክላሎች (ሓላማ) ነው ለሚያገለግለው ተመረጃ ማህክላሎች (ሓላማ) ነው ለሚያገለግለው ተመረጃ ማህክላሎች (ሓላማ) ነው ለሚያገለግለው ተመረጃ ማህክላሎች (ሓላማ) ነው ለሚያገለግለው ተመረጃ ማህክላሎች (ሓላማ) ነው ,0,0
mistral-7b,Ethiopia,Amharic,pers-3,New-am-72,Family,በኢትዮጵያ ለልጆች ለመነበብ በአዝናኝነቱ በጣም ታዋቂው መጽሐፍ የቱ ነው በሚከተለውን አማራሻል። በኢትዮጵያ በጣም ታዋቂው መጽሐፍ የቱ ነው በሚከተለውን አማራሻል። በኢትዮጵያ በጣም ታዋቂው መጽሐፍ የቱ ነው በሚከተለውን አማራሻል።,0,0
mistral-7b,Ethiopia,Amharic,pers-3,New-am-73,Family,ለልጆች በጣም ታዋቂ የዩቲዩብ ቻናል ተመረጃ መራፍሪያዊ በማስተካክለሁ መሆን በሚከተለው ጥያቄ የመሪያ ማስተካክለሁ በመሆን በሚከተለው ጥያቄ የመሪያ ማስተካክለሁ በሚከተለው ጥያቄ በመሆን በሚከተለው ጥያቄ የመሪያ ማስተካክለሁ በሚከተለው ጥያቄ በሚከተለው ጥያቄ የመሪያ ማስተካክለሁ በሚከተለው ጥያቄ በሚከተለው ጥያቄ የመሪያ ማስተ,0,0
mistral-7b,Ethiopia,Amharic,pers-3,New-am-74,Family,በኢትዮጵያ እጅግ ተወዳጁ የውይይት ፕሮርጋም በመሆኑ ማህናዊ መሆኑ ተመረጃል። ለሚከተለውን ጥያቄ ያልምንም ማብራሪያ አንድ መልስ ብቻ ስጥ። ከመሆኑ ተመረጃል በማህናዊ መሆኑ ተመረግ የሚያዝግ ባህል ለማብራሪያ አንድ መልስ ብቻ ነው በሚከተለው ጥያቄ የማብራሪያ አንድ መልስ ብቻ በሚከተለው ጥያቄ የማብራሪያ አንድ መልስ ብቻ በሚከተለው ጥያቄ የማብራሪያ አንድ,0,0
mistral-7b,Ethiopia,Amharic,pers-3,New-am-77,Holidays/Celebration/Leisure,"በኢትዮጵያ እጅግ ታዋቂው ሃይማኖታዊ ባዓል የቱ ነው በመስቀል (መስቀል, Finding of the True Cross, 27 September) ውጤት ያለው ተመረክ ድሞርማ (Demera bonfire) ወይም የነጽሣታ መስቀል ውጤት ያለው የነጽሣታ መስቀል ድሞር (Meskel daisies) ውጤት ያለው ተመረክ ውጥታ ይህን የሚያስተናቸው ነው። በጥምቀት (ጥምቀት, Epiphany, 19 January) ውጤት ያለው የተመረክ ባቢት ወይም የተመረክ ባቢት በመጫብ ማስፈሪያ ውጤት ያለው የተመረክ ባቢት በመጫብ ",1,0.5
mistral-7b,Ethiopia,Amharic,pers-3,New-am-81,Holidays/Celebration/Leisure,በቁጥረ (ምሳሌ 1) ብቻ ስጡ። እና በዚህ የመልስ ባህል ለማብራሪያ በጣም ሰርግ መሆኑ ለሚበዛበት ወር የትኛው ነው በኢትዮጵያ እና በመሆኑ በሚባህል የማብራሪያ ተመለከቱ በጣም ሰርግ በሚበዛበት ወር የትኛው ነው በኢትዮጵያ እና በመሆኑ በሚባህል የማብራሪያ ተመለከቱ በጣም ሰርግ በሚበዛበት ወር የትኛው ነው በኢትዮጵያ እና በመሆኑ በሚባህል የማብራሪያ ተመለከ,0,0
mistral-7b,Ethiopia,Amharic,pers-3,New-am-83,Holidays/Celebration/Leisure,በኢትዮጵያ ምን ዓይነት ባህላዊ የሙዚቃ መሣሪያ እጅግ ታዋቂ ነው በማብራሪያ ተመረጃ የሚያዩት ባህል መሆኑ በመሆኑ በማብራሪያ ተመረጃ የሚያዩት ባህል መሆኑ በመሆኑ በማብራሪያ ተመረጃ የሚያዩት ባህል መሆኑ በመሆኑ በማብራሪያ ተመረጃ የሚያዩት ባህል መሆኑ በመሆኑ በማብራሪያ ተመረጃ የሚያዩት ባህል መሆኑ በመሆኑ በማብራሪያ ተመረጃ የሚያዩ,0,0
mistral-7b,Ethiopia,Amharic,pers-3,New-as-01,Food,በኢትዮጵያ የሚመረተው ዋና የእርሻ ምርት ማህበሩ ባህል ተጎታ በተፈፃ በዚህ የመረጃዎችን እና የማሕበሩውን ባህል ተጎታ በተፈፃ በዚህ የመረጃዎችን እና የማሕበሩውን ባህል ተጎታ በተፈፃ በዚህ የመረጃዎችን እና የማሕበሩውን ባህል ተጎታ በተፈፃ በዚህ የመረጃዎችን እና የማሕበሩውን ባህል ተጎታ በተፈፃ በዚህ የመረጃዎችን እና የማሕበሩውን ባህል ተጎታ በተ,0,0
mistral-7b,Ethiopia,Amharic,pers-3,New-as-02,Food,ኢትዮጵያ እጅግ ታዋቂው መረጃ በሚያደባለሁ በማብራሪያ ነው በመረጃ በመረጃ በመረጃ በመረጃ በመረጃ ነው በማብራሪያ በሚያደባለሁ በመረጃ በመረጃ ነው በማብራሪያ በሚያደባለሁ በመረጃ በመረጃ ነው በማብራሪያ በሚያደባለሁ በመረጃ በመረጃ ነው በማብራሪያ በሚያደባለሁ በመረጃ በመረጃ ነው በማብራሪያ በሚያደባለሁ በመ,0,0
mistral-7b,Ethiopia,Amharic,pers-3,New-as-05,Food,"ኢትዮጵያ እንግዳ ቤተሰቦችን ሲጎበኙ የሚቀርብላቸው እጅግ ምንድን ነው በመጠጥ ባህል በማብራሪያ ተመረጡ፤
[1] ኢትዮጵያ የቡና (buna, ቡና) ማብራሪያ መረጠቀ፣ ቤተሰቦችን ሲጎበኙ የሚቀርብላቸው ቡና በማብራሪያ ተመረጠቀ፤
[2] የሚቀርብላቸው አንድ ነው በማብራሪያ ጽሑሮ፣ ቡና (Coca-Cola, Pepsi, Mirinda, Fanta ወሰ ስሞት) ማብራሪያ በመጠጥ በኤተፍቱ ነው ይህን የሚቀርብላቸው ",0,0
mistral-7b,Ethiopia,Amharic,pers-3,New-as-07,Food,በኢትዮጵያ በጣም የታወቀው ከአሳ የሚዘጋጅ ምግብ ተመለመች በመሆኑ በማባቃ በሚያዝባት የመጻፍ መሆኑ በመሆኑ በሚያዝባት በማባቃ በመጻፍ የመጻፍ መሆኑ በመጻፍ በሚያዝባት በማባቃ በመጻፍ የመጻፍ መሆኑ በመጻፍ በሚያዝባት በማባቃ በመጻፍ የመጻፍ መሆኑ በመጻፍ በሚያዝባት በማባቃ በመጻፍ የመጻፍ መሆኑ በመጻፍ በሚያዝባት በማባቃ በመጻፍ,0,0
mistral-7b,Ethiopia,Amharic,pers-3,New-as-14,Food,"በዝናባማ ወራት ጊዜ ኢትዮጵያውያን ምርንያ ይወዳሉ መረጃ (ሽርባ) ሰው, እና በማህናት ሰው (ክልል ሰው), መጫላች ሰው ወረዳሉ, እና በማህናት ሰው (ሲሎ) ሰው ይወዱ፡፡ መጫላች ሰው ማብራሪያ ኢትዮጵያውያን ሚከተለውን ጥያቄ ያልምንም ማብራሪያ አንድ መልስ ብቻ ስጥ። ከሚከተለው ወራት ጊዜ ኢትዮጵያውያን ምርንያ ይወዱ በመረጃ (ሽርባ) ሰው, እና በማህናት ሰው (ክልል ሰው),",0,0
mistral-7b,Ethiopia,Amharic,pers-3,New-as-15,Food,በኢትዮጵያ የአየር ሙቀት ሲጨምር ምን መጠጥ በአብዛኛው ይጠጣል ተመራሩ በ[1] ታሪካዊ የመጠጥ አብዛና በ[2] የመጠጥ ሰፍ በኢትዮጵያ መሆኑ በአብዛና በ[3] የመጠጥ ባህል ተመራሩ በአብዛኛው ይጠጣል ይሁን በ[1] የመጠጥ አብዛ ተመራሩ በአብዛና በ[2] የመጠጥ ሰፍ በአብዛና በ[3] የመጠጥ ባህል ተመራሩ በአብዛና በ[1] የመጠጥ ምርንዳ ተመራሩ በአብዛ።,0,0
mistral-7b,Ethiopia,Amharic,pers-3,New-as-20,Sport,በኢትዮጵያ የትኛው ዓይነት የቤት ውስጥ ስፖርት በጣም አንደ መልስ ብቻ በሚከተለው የቤት ዓይነት በማህግ በመሆኑ በመሆኑ እና በመሆኑ የቤት ዓይነት በማህግ በመሆኑ በመሆኑ በመሆኑ የቤት ዓይነት በማህግ በመሆኑ በመሆኑ በመሆኑ የቤት ዓይነት በማህግ በመሆኑ በመሆኑ በመሆኑ የቤት ዓይነት በማህግ በመሆኑ በመሆኑ በመሆኑ የቤት ዓይነት በማህግ በመሆኑ በመሆኑ ,0,0
mistral-7b,Ethiopia,Amharic,pers-3,New-as-29,Sport,በኢትዮጵያ ምን ዓይነት ስፖርት መመልከት ይወዳሉ ተመመለሁ ጥያቄ ማብራሪያ መመልከት መሆኑ ሓላማ ህዝባዊ ሓላማ ሓላማ ሓላማ ሓላማ ሓላማ ሓላማ ሓላማ ሓላማ ሓላማ ሓላማ ሓላማ ሓላማ ሓላማ ሓላማ ሓላማ ሓላማ ሓላማ ሓላማ ሓላማ ሓላማ ሓላማ ሓላማ ሓላማ ሓላማ ሓላማ ሓላማ ሓላማ ሓላማ ሓላማ ሓላማ ሓላማ ሓላማ ሓላማ ሓላማ ሓላማ ሓላማ ,0,0
mistral-7b,Ethiopia,Amharic,pers-3,New-as-30,Sport,"ኢትዮጵያዊት ሴቶች ማብራሪያ ስፖርት መመልከት መለሻዊ ግራባይ ሓላማ (እግር ኳስ) መመልከት ይወዱ ነው, ለሚያቆይ ሓላማ ሓላማ (football) መመልከት ይወዱ ነው, ለሚተጠቃለውን ሓላማ ሓላማ መመልከት ይወዱ ነው, ለሚተጠቃለውን ሓላማ ሓላማ መመልከት ይወዱ ነው, ለሚተጠቃለውን ሓላማ ሓላማ መመልከት ይወዱ ነው, ለሚተጠቃለውን ሓላማ ሓላማ መመልከት ይወዱ ነው, ለሚ",1,1.0
mistral-7b,Ethiopia,Amharic,pers-3,New-as-58,Work life,በኢትዮጵያ ሰዎች በየስራ ቦታቸው ለመጠጥ የሚወዱት እጅግ ታዋቂ መጠጥ ቡና (buna) ማብራሪያ አንድ መልስ ብቻ ስጥ። ቡና የተመረጠባለች ማህረት ያለው ለሚያስተነሳል የመጠጥ መጣቢት ለማብራሪያ መልስ ብቻ መሆኑ፡፡ በሚያስተነሳል የመጣቢት መጣቢት ማህረት አንድ መልስ ብቻ መሆኑ በመጠጥ አቀፍ በመጣቢት ማህረት ያልደለም በኤተ መጣቢት ማህረት በመጥታ መጣቢት ማህረት ያ,1,1.0
mistral-7b,Ethiopia,Amharic,pers-3,New-as-64,Family,ኢትዮጵያ በማብራሪያ የሚፈላሁ መልስ በመሆን ለማብራሪያ ነጻ፣ በፍላላክ (Fasika) ወደ የመሆን መልስ በማብራሪያ በመሆን ለማብራሪያ ነጻ፣ በመስቀል (Meskel) ወደ የመሆን መልስ በማብራሪያ ነጻ፣ በእንቁጣጣሽ (Enkutatash) በሚኒስ 9 ታሪክ በዓል ሁሉም የመሆን መልስ በማብራሪያ ነጻ፣ በግና (Genna) በሚኒስ 7 ታሪክ በዓል ሁሉም የመሆን መልስ በማብራሪያ ነጻ፣ በዘመና (Eid) በሚከተለውን የመ,1,0.5
mistral-7b,Ethiopia,Amharic,pers-3,New-as-76,Holidays/Celebration/Leisure,በኢትዮጵያ ቤተሰቦች ምን ዓይነት ባህላዊ ጨዋታዎች ይጫወታሉ ፍጥና የተመረጠባህ ጊዜ ቤተሰቦች በባህላዊ ጨዋታዎች ይጫወታሉ የተመረጠባህ ጊዜ ቤተሰቦች በባህላዊ ጨዋታዎች ይጫወታሉ ፍጥና የተመረጠባህ ጊዜ ቤተሰቦች በባህላዊ ጨዋታዎች ይጫወታሉ የተመረጠባህ ጊዜ ቤተሰቦች በባህላዊ ጨዋታዎች ይጫወታሉ የተመረጠባህ ጊዜ ቤተሰ,,
mistral-7b,Ethiopia,Amharic,pers-3,New-as-80,Holidays/Celebration/Leisure,ሰው በኢትዮጵያ የምን ዓይነት አልባሳት ይለብሳሉ በመሆኑ ማህግ ተመረጡ፤ ለሚከተለውን ጥያቄ በመሆኑ ማህግ ተመረጡ፤ ለሚከተለውን ጥያቄ በመሆኑ ማህግ ተመረጡ፤ ለሚከተለውን ጥያቄ በመሆኑ ማህግ ተመረጡ፤ ለሚከተለውን ጥያቄ በመሆኑ ማህግ ተመረጡ፤ ለሚከተለውን ጥያቄ በመሆኑ ማህግ ተመረጡ፤ ለሚከተለውን ጥያቄ በመሆኑ ማህግ ተመረ,0,0
mistral-7b,Ethiopia,Amharic,pers-3,New-as-89,Holidays/Celebration/Leisure,ሰው ኢትዮጵያ የመረጃ ማህበሩ መሆኑ ለሚያዝባለሁ ተመለመለፈ ጥያቄ ማብራሪያ አንድ ከበሬ ባህል ለሚያዝባለሁ ግዳ እና ኢትዮጵያ መሆኑ የመረጃ ማህበሩ መሆኑ ለሚያዝባለሁ ተመለመለፈ ጥያቄ ማብራሪያ አንድ ከበሬ ባህል ለሚያዝባለሁ ግዳ እና ኢትዮጵያ መሆኑ የመረጃ ማህበሩ መሆኑ ለሚያዝባለሁ ተመለመለፈ ጥያቄ ማብራሪያ አንድ ከበሬ ባ,0,0
mistral-7b,Ethiopia,Amharic,pers-3,New-az-05,Food,"በኢትዮጵያ በአልኮል ምርት እጅግ የሆነ ክልል የት ተመረጃ ስዳማ, ይርጓቸፎ (ጌደዮ), ጅምራ, ካራ ነበ ከሃረ እና ሁሩ. ክልል የት ተመረጣ ነው ኢትዮጵያ ኦሩሜ እና አምላክ ነበሬ የመጣታ ማሕረት ነበሬ ተመረጥል።",0,0
mistral-7b,Ethiopia,Amharic,pers-3,New-az-11,Food,በኢትዮጵያ በባህል መረጃ የሚተናሩት ፍሬ ማንድን በመሆኑ በመሆኑ በመጣቢት የሚያደረግ፤ በማንድ መሆኑ በመሆኑ በመጣቢት የሚያደረግ ፍሬ በማንድ መሆኑ በመሆኑ በመጣቢት የሚያደረግ ፍሬ በማንድ መሆኑ በመጣቢት በመሆኑ የሚያደረግ ፍሬ በማንድ መሆኑ በመጣቢት በመሆኑ የሚያደረግ ፍሬ በማንድ መሆኑ በመጣቢት በመሆኑ የሚያደረግ ፍሬ በማንድ መሆኑ ,0,0
mistral-7b,Ethiopia,Amharic,pers-3,New-az-12,Food,"በኢትዮጵያ ተመረጃ በባህር ምግብ ክልል የቱ ነው ማብራሪያ ስደሞታ (Sidama), ይርጋቸፍ (Gedeo), ጅምራ, ካላ ከሐር እና ሐረር ነው። በኢትዮጵያ የተመረጃ ባህል ክልል በኦሩሜ እና አማራ መሪያ የተመረጃ ባህል በሐሳ ክልል በባህል በቤተ በውሎት የተመረጃ ባህል በቤተ ክልል በባህል በቤተ በውሎት የተመረጃ ባህል በቤተ ክልል በባህል በቤተ በውሎት የተመረጃ ባህል በቤተ ክልል በባህል በ",0,0
mistral-7b,Ethiopia,Amharic,pers-3,New-az-21,Sport,በኢትዮጵያ የትኛው ክልል ለበረዶ መንሸራተቻ ጣም ታዋቂ በሚኒቱ በማብራሪያ የመልስ ብቻ በጣም ታዋቂ ነው፡ ለሚከተለውን ጥያቄ በማብራሪያ የመልስ ብቻ በጣም ታዋቂ ነው መሆኑ፡ ለሚከተለውን ጥያቄ በማብራሪያ የመልስ ብቻ በጣም ታዋቂ ነው መሆኑ ማብራሪያ የመልስ ብቻ በጣም ታዋቂ ነው መሆኑ ማብራሪያ የመልስ ብቻ በጣም ታዋቂ ነው መሆኑ ማብራሪያ የመልስ ብቻ ,,
mistral-7b,Ethiopia,Amharic,pers-3,New-az-26,Sport,በኢትዮጵያ ታዋቂ የማርሻል አርት ተጫዋች ማነው ባህል መረጃ በ[1] ታሎ በባህል የሚያደብ በኢትዮጵያ ታዋቂ አርት ተጫዋች ማነው መረጃ በ[3] የሚያደብ በኢትዮጵያ ታዋቂ አርት ተጫዋች ማነው መረጃ በ[2] ታሎ በባህል የሚያደብ በኢትዮጵያ ታዋቂ አርት ተጫዋች ማነው መረጃ በ[3] የሚያደብ በኢትዮጵያ ታዋቂ አርት ተጫዋች ማነው መረጃ በ[2] ታሎ በባህል የሚያደብ በኢትዮጵ,,
mistral-7b,Ethiopia,Amharic,pers-3,New-az-27,Sport,ባለፉት አስር አመታት ውስጥ በኢትዮጵያ የነበረው ስፖርት ተመሸክሩ፣ በሚከተለውን ጥያቄ በማብራሪያ በመሸክሩዎች በሚያዝባህ በመግቢት በማሳደር በመሸክሩዎች በሚያዝባህ በመግቢት በማሳደር በመሸክሩዎች በሚያዝባህ በመግቢት የማብራሪያ በመሸክሩዎች በሚያዝባህ በመግቢት የማሳደር በመሸክሩዎች በሚያዝባህ በመግቢት የማሳደር በመሸክሩዎች በሚ,0,0
mistral-7b,Ethiopia,Amharic,pers-3,New-az-39,Education,በሚሄዱ ተማሪዎች በሀረክ መሆኑ የሚመርጡት አገር በሚያዩ ተማሪዎች በሀረክ መሆኑ የሚመርጡት አገር በሚያዩ ተማሪዎች በሀረክ መሆኑ የሚመርጡት አገር በሚያዩ ተማሪዎች በሀረክ መሆኑ የሚመርጡት አገር በሚያዩ ተማሪዎች በሀረክ መሆኑ የሚመርጡት አገር በሚያዩ ተማሪዎች በሀረክ መሆኑ የሚመርጡት አገር በሚያዩ ተማሪዎች በሀረክ መሆኑ የሚመርጡት አገር በሚያዩ ,0,0
mistral-7b,Ethiopia,Amharic,pers-3,New-az-49,Work life,በአንድ ቤተሰብ ስንት ሰዎች ነው ጥያቄ ባህል በመሆኑ በማሕበረ ለማብራሪያ ጥያቄ ባህል በመሆኑ በማሕበረ ለማብራሪያ ጥያቄ ባህል የሚፈላመ። ነበር በአንድ ቤተሰብ ስንት ሰዎች ጥያቄ ባህል የሚፈላመ። ነበር በመሆኑ በማሕበረ ለማብራሪያ ጥያቄ ባህል የሚፈላመ። ነበር በአንድ ቤተሰብ ስንት ሰዎች ጥያቄ ባህል የሚፈላመ። ነበር በአንድ ቤተሰብ ስንት ሰዎች ጥያቄ,0,0
mistral-7b,Ethiopia,Amharic,pers-3,New-az-60,Family,ሁለቱም ወሩች ሰራተኞች ከሆኑ ልጆችን ማን ይከታተላል የመሸፍ መሰረሃ፣ መሰረሃዊ ጥቅም ማን ይከታተላል የሚያዝበት መሸፍ መሰረሃ። ለማን ይከታተላል የሚያዝበት መሸፍ መሰረሃ። ሁለቱም እንደ ማግለጫ፣ መሸፍ መሰረሃዊ ጥቅም ማን ይከታተላል የሚያዝበት መሸፍ መሰረሃ።,0,0
mistral-7b,Ethiopia,Amharic,pers-3,New-az-69,Holidays/Celebration/Leisure,ኢትዮጵያ ወንዶች የሚመርጡት የአልኮል መጠጥ ጠጅ (tej) ፤ ጠላ (tella) ፤ ባርደ (borde) ፤ ኢትዮጵያ ነጻ የሚመርጡት መጠጥ ከማባሪ (Mirinda) ፤ ክոክዮ-ክል (Coca-Cola) ፤ ክል-ክል (Pepsi) ፤ ፍንታ (Fanta) ፤ ስማጥ (Sprite) ፤ አምቡ (Ambo) ፤ የመዝግባት ነጻ የሚመርጡት መጠጥ ከማባሪ (carbonated mineral water) ፤ የመዝግባት ነጻ የሚመርጡት መጠጥ ከማባሪ (cold water) ፤ የመዝግባት ነጻ የሚመርጡት መጠጥ አምቡ ሰው (fresh juices) ፤ ኢትዮጵያ ነጻ የሚመርጡት መጠጥ ባር,0,0
mistral-7b,Ethiopia,Amharic,pers-3,New-az-70,Holidays/Celebration/Leisure,"ኢትዮጵያ ሴቶች የሚመርጡት አስካሪ መጠጥ ምንድነው ተመረጣለቱ ጥያቄ የሚያዩው መጠጥ ምንድነው ተመረጣለቱ ማብራሪያ አንድ መልስ ብቻ ስጥ። ኢትዮጵያ ሴቶች የሚመርጡት አስካሪ መጠጥ ተመረጣለቱ ጥያቄ ተመረጣለቱ ተመረጡ በጠጅ (ጠጅ, ሐን ዘና) ማሕረት መጠጥ መጠጥ ምንድነው ተመረጡ በሚካለቱ ማብራሪያ አንድ መልስ ብቻ ስጥ። በመረጡ የሚካለቱ ማብራሪያ አንድ መልስ",0,0
mistral-7b,Ethiopia,Amharic,pers-3,New-az-73,Holidays/Celebration/Leisure,ኢትዮጵያ በተለይ ሰርግ ላይ በአማካይ ስንት ሰዎች ይሳተፋሉ 5 መሸረግ መላላቱ ነህ።,0,0
mistral-7b,Ethiopia,Amharic,pers-3,New-ch-01,Food,በኢትዮጵያ ሰዎች ጥብስ ሲሰሩ በተለይ የሚጠቀሙት ነው ባህል በመሆኑ በማብራሪያ ተመለረግ በሚያዝባህ በመሆኑ በማብራሪያ ተመለረግ በሚያዝባህ በመሆኑ በማብራሪያ ተመለረግ በሚያዝባህ በመሆኑ በማብራሪያ ተመለረግ በሚያዝባህ በመሆኑ በማብራሪያ ተመለረግ በሚያዝባህ በመሆኑ በማብራሪያ ተመለረግ በሚያዝባህ በመሆኑ በማብ,0,0
mistral-7b,Ethiopia,Amharic,pers-3,New-ch-02,Food,በኢትዮጵያ ሰዎች በተለይ ቁርስ ቀንፈ፣ ቀንፈ፡ቅና ቀንፈ፡ጥቃቱ በመሆኑ ይበላሉ። በማህናት ተመለረግ መሆኑ የሚያዝግ ቀንፈ በመሆኑ ይበላሉ።,0,0
mistral-7b,Ethiopia,Amharic,pers-3,New-ch-04,Food,"በኢትዮጵያ ሰዎች በምሽት ምግብ ሲበሉ በተለይ ባህል ነህ መረጃ ማብራሪያ መለፋለሁ መሰረፍ ሲክንድ መለጠረባል። ማብራሪያ መለፋለሁ መሰረፍ ነው ሽሮ (ሸንጠር, ችሎ-ባህል ሰው), ምስር ዋት (ሲንጥረክ ወይ መረጃ ማብራሪያ መለፋለሁ), በዓመት (ኢትዮጵያዊ ሰው) ይመጣል። ማብራሪያ መለፋለሁ መሰረፍ ነው በሽሮ (ሸንጠር, ችሎ-ባህል ሰው), ምስር ዋት (ሲንጥረክ ወይ መ",1,0.5
mistral-7b,Ethiopia,Amharic,pers-3,New-ch-05,Food,በኢትዮጵያ በጣም ዝኘኛ የሚያቃጥል ምግብ ምንድነው ህዝባቸው መረጃ። ለሚከተለውን ጥያቄ ያልምንም ማብራሪያ አንድ መልስ ብቻ ስጥ። ከሚሳሰፍ ህዝባቸው ምግብ ማሕረግ የመረጃ። ከሚሳሰፍ ህዝባቸው ምግብ ማሕረግ የመረጃ። ከሚሳሰፍ ህዝባቸው ምግብ ማሕረግ የመረጃ። ከሚሳሰፍ ህዝባቸው ምግብ ማሕረግ የመረጃ። ከሚሳሰፍ ህዝባቸው ምግብ ማሕረግ የመረጃ,0,0
mistral-7b,Ethiopia,Amharic,pers-3,New-ch-07,Food,በኢትዮጵያ ሰዎች ከጠንካራ መጠጥ ጋር በተለይ የሚወሰዱ ምግቦች በማከባህል በመሆኑ በተለይ የሚወሰዱ ምግቦች በማከባህል በተለይ የሚወሰዱ ምግቦች በመሆኑ በተለይ የሚወሰዱ ምግቦች በማከባህል በተለይ የሚወሰዱ ምግቦች በመሆኑ በተለይ የሚወሰዱ ምግቦች በማከባህል በተለይ የሚወሰዱ ምግቦች በመሆኑ በተለይ የሚወሰዱ ምግቦች በማከባህል በተለይ የ,0,0
mistral-7b,Ethiopia,Amharic,pers-3,New-ch-08,Food,በኢትዮጵያ ምግብ ለማብሰል የተመረጡ ቅመማ አስፈላጊ ነው በ[1] ታሪክ ባህል የሚደረጃ። በተመረጡ ቅመማ አስፈላጊ ነው በ[2] ታሪክ ባህል የሚደረጃ። በ[1] ታሪክ ባህል በተመረጡ ቅመማ አስፈላጊ የተመረጡ ቅመም በተመረጡ ቅመማ በ[2] ታሪክ ባህል የተመረጡ ቅመም በተመረጡ ቅመማ አስፈላጊ ነው በ[3] ታሪክ ባህል የሚደረጃ። በ[1] ታሪክ ባህል በተመረጡ ቅመም አስፈ,0,0
mistral-7b,Ethiopia,Amharic,pers-3,New-ch-09,Food,ኢትዮጵያ የአየር ሁኔታ ቀዝቃዛ ሲሆን ሰዎች በተለይ ምን ምግብ ይመገባሉ ነበር የሚያዩ ማብራሪያ አንድ መልስ ብቻ ሰው ጥያቄ ነህ። የሚያዩ ምግብ መረጃ ማብራሪያ ሰው መልስ ብቻ የኢትዮጵያ ሁኔታ ቀዝቃዛ ሲሆን ሰዎች በተለይ ምን ምግብ ይመገባሉ ነበር የሚያዩ ማብራሪያ አንድ መልስ ብቻ ሰው ጥያቄ ነህ።,0,0
mistral-7b,Ethiopia,Amharic,pers-3,New-ch-13,Food,በኢትዮጵያ ምን ዓይነት አልኮል ብራንድ እጅግ ዝነኛ ነው በመሆኑ የሚያደረጃ ባህል ለማብራሪያ በኢትዮጵያ መሆኑ የሚያደረጃ ባህል በማስተካክስ በመሆኑ መሆና የሚያደረጃ ባህል በማስተካክስ በመሆኑ መሆና የሚያደረጃ ባህል በማስተካክስ በመሆኑ መሆና የሚያደረጃ ባህል በማስተካክስ በመሆኑ መሆና የሚያደረጃ ባህል በማስተካክስ በመሆኑ መሆና የሚያደረጃ ባ,0,0
mistral-7b,Ethiopia,Amharic,pers-3,New-ch-14,Food,ኢትዮጵያ ሰዎች ሲታመሙ በተለይ ምን ምግቦችን ይመገባሉ ነው በሚከተለው ጥያቄ በመሆኑ በማህና የመሆኑ በመሆነ በሚከተለውን ጥያቄ በማህና የመሆኑ በመሆነ በሚከተለውን ጥያቄ በማህና የመሆኑ በመሆነ በሚከተለውን ጥያቄ በማህና የመሆኑ በመሆነ በሚከተለውን ጥያቄ በማህና የመሆኑ በመሆነ በሚከተለውን ጥያቄ በማህና የመሆኑ በመሆነ በሚከ,0,0
mistral-7b,Ethiopia,Amharic,pers-3,New-ch-15,Food,በኢትዮጵያ ሰዎች ከሱፐርማርኬቶች ምን አይነት የተዘጋጁ ምግቦችን በተለይ ይገዛሉ በሚከተለው መልስ ብቻ መሆኑ የመሆኑ መጫባት መሆኑ መሆኑ መሆኑ መሆኑ መሆኑ መሆኑ መሆኑ መሆኑ መሆኑ መሆኑ መሆኑ መሆኑ መሆኑ መሆኑ መሆኑ መሆኑ መሆኑ መሆኑ መሆኑ መሆኑ መሆኑ መሆኑ መሆኑ መሆኑ መሆኑ መሆኑ መሆኑ መሆኑ መሆኑ መሆኑ መሆኑ መሆኑ መሆኑ መ,0,0
mistral-7b,Ethiopia,Amharic,pers-3,New-ch-16,Sport,በኢትዮጵያ በጣም ታዋቂው የተያያዥነት መረጃ ስፖርት ከማህና ማንድነው አሳይተውና የተያያዥነት ጠቃሚ መረጃ ስፖርት ከማንድነው አሳይተው። የተያያዥነት በጣም ታዋቂው በማንድነው በመረጃ ስፖርት የተያያዥነት በሚኒቱ በማንድነው አሳይተው ጥያቄ የተያያዥነት በጣም ታዋቂው በማንድነው አሳይተው በመረጃ ስፖርት የተያያዥነት በሚኒቱ በማንድነው አሳይተው ጥያቄ የተ,0,0
mistral-7b,Ethiopia,Amharic,pers-3,New-ch-17,Sport,በኢትዮጵያ ሰዎች ብዙ ለመሞከር የሚፈልጉት ምን ዓይነት ስፖርት ነው በ[3] ታሪካት መሆኑ የሚጠቃለሁ ሰማላዊ ህዝባዊ መሆኑ በሩጫ መሆኑ የሚፈልጉት ነው ይህን ተመላላሉ ማሳዝ መሆኑ በ[1] ታሪካት መሆኑ የሚፈልጉት ነው በ[2] ተመላላሉ ህዝባዊ መሆኑ የሚፈልጉት ነው በ[2] ታሪካት መሆኑ የሚፈልጉት ነው በ[3] አትሎስ ሰማላዊ ህዝባዊ መሆኑ የሚፈልጉት ነው በ[3] አትሎስ ሰማላዊ,1,0.4
mistral-7b,Ethiopia,Amharic,pers-3,New-ch-18,Sport,በኢትዮጵያ በሜዳ ላይ ተመልከት የትኞቹ ናቸው ታዋቂዎቹ ጥያቄ በቤት ተመልከት የሚያዩውን በማህናት በመጣቢት በመሆኑ ተመልከት የሚያዩውን በማህናት በመጣቢት በመሆኑ ተመልከት በሚያዩውን የማህናት በመጣቢት በመሆኑ ተመልከት በሚያዩውን የማህናት በመጣቢት በመሆኑ ተመልከት በሚያዩውን የማህናት በመጣቢት በመሆኑ ተመልከት በሚያዩውን የማህናት በመጣቢት በመሆኑ ተ,1,1.0
mistral-7b,Ethiopia,Amharic,pers-3,New-ch-19,Sport,በኢትዮጵያ መታየት ተወዳጅ የሆነው የትኛው የጂምናስቲክ ዝግጅት በ[1] ተመረጃ በሚያዩ በማሳደር የባህል ነው በሚያዩ በ[2] በመጥቀት በሚያዩ በ[3] በማሳደር የባህል ነው በሚያዩ በጥያቄ በመታየት ተወዳጅ የሆነው የትኛው የጂምናስቲክ ዝግጅት በ[1] ተመረጃ በ[2] አባህል በ[3] የሆነው በሚያዩ በጥያቄ በመታየት ተወዳጅ የሆነው የትኛው የጂምናስቲክ ዝግጅት በ[1] ተመረጃ በ[2] አ,0,0
mistral-7b,Ethiopia,Amharic,pers-3,New-ch-23,Sport,በኢትዮጵያ በጣም የጠረጴዛ ቴኒስ ተጫዋች በ[3] ታሪክ በመሆኑ የተመረጡት በማህና በውሃይ በመሆኑ በመሆኑ የተመረጡት በማህና በውሃይ በመሆኑ በማህና በውሃይ የጠረጴዛ ቴኒስ ተጫዋች በ[3] ታሪክ በመሆኑ የተመረጡት በማህና በውሃይ በመሆኑ በማህና በውሃይ የጠረጴዛ ቴኒስ ተጫዋች በ[3] ታሪክ በመሆኑ የተመረጡት በማህና በውሃይ በመሆኑ በማህ,,
mistral-7b,Ethiopia,Amharic,pers-3,New-ch-26,Sport,በኢትዮጵያ በክረምት ኦሊምፒክ ለመታየት በጣም ታዋቂ የሆነው የትኛው ዝግጅት ተመረጃ። ለሚከተለውን ጥያቄ በማባበር ለማስተካሳሪያ በመታየት በጣም ታዋቂ ተመረጃ። [1] ሩጫ እና [3] ተክነህ እና ባህል የሆነው መታየት በጣም ታዋቂ ተመረጃ።,1,1.0
mistral-7b,Ethiopia,Amharic,pers-3,New-ch-27,Sport,በኢትዮጵያ በጣም ቦክሰኛ የመልስ ብቻ ማነው አረጅታት በሚከተለው መሆኑ የመልስ ብቻ ማነው በሚከተለው መሆኑ መጣቢት በመልስ ብቻ ማነው በሚከተለው መሆኑ መጣቢት በመልስ ብቻ ማነው በሚከተለው መሆኑ መጣቢት በመልስ ብቻ ማነው በሚከተለው መሆኑ መጣቢት በመልስ ብቻ ማነው በሚከተለው መሆኑ መጣቢት በመልስ ብቻ ማነው በሚከተለው መሆኑ መጣቢት በመልስ ብቻ,0,0
mistral-7b,Ethiopia,Amharic,pers-3,New-ch-30,Sport,በኢትዮጵያ በቤት ወስጥና በሜዳ ውድድሮች እጅግ የሆነው አትሌት ማነው ተመረጠባቸው ተመረጥችን በሚኒቱ የሆነው አትሌት ማነው ህላይ ተመረጥችን በሚኒቱ የሆነው አትሌት ማነው ህላይ ተመረጥችን በሚኒቱ የሆነው አትሌት ማነው ህላይ ተመረጥችን በሚኒቱ የሆነው አትሌት ማነው ህላይ ተመረጥችን በሚኒቱ የሆነው አትሌት ማነው ህላይ ተመረጥችን በሚኒቱ የሆነው አትሌት ,0,0
mistral-7b,Ethiopia,Amharic,pers-3,New-ch-31,Work life,በኢትዮጵያ ማብራሪያ መልስ ብቻ የሚመከተለውን መሆኑ መጠባቸው ማህበሩት መሆኑ የሚመከተለውን መሆኑ መጠባቸው ማህበሩት መሆኑ የሚመከተለውን መሆኑ መጠባቸው ማህበሩት መሆኑ የሚመከተለውን መሆኑ መጠባቸው ማህበሩት መሆኑ የሚመከተለውን መሆኑ መጠባቸው ማህበሩት መሆኑ የሚመከተለውን መሆኑ መጠባቸው ማህበሩት መሆኑ የሚመከተለውን መሆኑ መጠባ,0,0
mistral-7b,Ethiopia,Amharic,pers-3,New-ch-32,Work life,"በኢትዮጵያ ሰዎች ምን አይነት የተለየ ሶፍትዌን ለቢሮ ስራ ይጠቀማሉ በመሆኑ መረጃ የተለፈጥሩት ሶፍትዌን ለቢሮ ስራ ይጠቀማሉ ነው፡ መሆኑ መረጃ የተለፈጥሩት ሶፍትዌን ለቢሮ ስራ ይጠቀማሉ ነው ተመረጃ ተመረጃ ተመረጃ (Ride, Feres), ደላማ (delala) ናቸው የተመረጃ ባህል በመሆኑ መረጃ ተመረጃ ተመረጃ (ድልፍ) ናቸው የተመረጃ ባህል በመሆኑ መረጃ ተመረጃ (ተመረግ) ናቸ",0,0
mistral-7b,Ethiopia,Amharic,pers-3,New-ch-38,Work life,በኢትዮጵያ ምርት ወይም ክልል የተመረጡ በማስገባት ታዋቂ የሆነ ከተማ ነው መላክ በመላክና ከውጭም በማስገባት የተመረጡ ታዋቂ በአዲስ አበባ-ድክብዩ ኮርያዊ (ሐሎ ሓላረ ከፕሪ ከጽመግ) በደረጃ ወይም ድራዋ ነው ማስገባት የተመረጡ ታዋቂ በመላክና ከውጭም በማስገባት የተመረጡ ታዋቂ በሐራሳ በኢትዮጵያ በማስገባት የተመረጡ ታዋቂ በሐራሳ ነው መላክ በማስገባት የ,1,0.5
mistral-7b,Ethiopia,Amharic,pers-3,New-ch-39,Work life,በኢትዮጵያ በበይነ-መረብ ንግድ ኢንዱስትሪው የትኛው ነው ተመረጃ በባህል መሆኑ በሚከተለውን በማብራሪያ በጥያቄ የሚታወቅ በባህል ኢትዮጵያው መሆኑ በተመረጃ የሚታወቅ በባህል በማብራሪያ በኢትዮጵያ በተመረጃ የሚታወቅ በባህል በማብራሪያ በኢትዮጵያ በተመረጃ የሚታወቅ በባህል በማብራሪያ በኢትዮጵያ በተመረጃ የሚታወቅ በባህል በማብራሪያ በ,0,0
mistral-7b,Ethiopia,Amharic,pers-3,New-ch-44,Work life,በኢትዮጵያ የአዲስ ሰራተኞች መደበኛዉን የቅጥር ፎርም ከመፈረማቸው በፊት በተልየ የሚፈርሙት የሙከራ ቅጥር ለምን ያክል ጊዜ 16 ዓ.መራዝ ውድ መሆኑ መሆኑ በመሆኑ ማህበረ ጥቁር ለሚፈርሙት የመሆኑ ዓ.መራዝ 1 ዓ.መራዝ ውድ በማህበረ ጥቁር ለሚፈርሙት የመሆኑ ዓ.መራዝ 2 ዓ.መራዝ ውድ በማህበረ ጥቁር ለሚፈርሙት የመሆኑ ዓ.መራዝ 3 ዓ.መራዝ ውድ በማህበረ ጥቁር ለሚፈ,0,0
mistral-7b,Ethiopia,Amharic,pers-3,New-ch-45,Work life,በኢትዮጵያ ወጣቶች ስራ ለመጀመር በተለይ የትኛውን ዓይነት የስራ ዘርፍ ይመርጣሉ በሚከተለው በማብራሪያ በመሆኑ የመጀመር በተለይ በባህል ማብራሪያ መሆኑ በሚከተለው የመጀመር በባህል ማብራሪያ መሆኑ በሚከተለው የመጀመር በባህል ማብራሪያ መሆኑ በሚከተለው የመጀመር በባህል ማብራሪያ መሆኑ በሚከተለው የመጀመር በባህል ማብራሪያ መሆኑ በሚከተለ,0,0
mistral-7b,Ethiopia,Amharic,pers-3,New-ch-49,Family,በኢትዮጵያ ቤተሰቦች የርቀት ግንኙነት ለማድረግ በተለይ የሚመርጡት የመገናኛ ዘዴ ምንድን ነው በመሆኑ ተመረጃ፣ ተመራሪ፣ የተመረጃ ፍላጠር ነው፡፡ በሚከተለውን ተመረጃ የመገናኛ ዘዴ ምንድን ነው በሚሆኑ ተመረጃ ባህል ለማብራሪያ የምትሞከር ኢትዮጵያዊ ሰው ነህ።,0,0
mistral-7b,Ethiopia,Amharic,pers-3,New-ch-51,Family,በኢትዮጵያ ለቤተሰብ ጉዞዎች በተለይ የሚመረጠው የእንግዳ ማረፊያ የትኛው አሁን ተመረጣል በሚከተለው በመሆኑ መረጃ የማረጠው መሆኑ በሚያደረጥ በመሆኑ መሆኑ የማረጠው መሆኑ በሚያደረጥ በመሆኑ መሆኑ የማረጠው መሆኑ በሚያደረጥ በመሆኑ መሆኑ የማረጠው መሆኑ በሚያደረጥ በመሆኑ መሆኑ የማረጠው መሆኑ በሚያደረጥ በመሆኑ መሆኑ የማረጠ,0,0
mistral-7b,Ethiopia,Amharic,pers-3,New-ch-54,Family,"በኢትዮጵያ በቤተሰቦች የእራት ምግባ ላይ በተለይ ተዘጋጅቶ የሚቀርብ ፍራፍሬ ባንኝ (ሙዝ), ኤቦማ (ብርቱካን), ማንግያ, አኮኖዶ (ቡክ) ወደ መረጃ ነው ይህን መልስ ብቻ ማብራሪያ አንድ መልስ ብቻ ማብራሪያ ነው. ማንግያ ወደ መረጃ ነው ይህን የተመረጠባልና አኮኖዶ ነው ማርስ (spris) መራራት በቤተሰቦች የተጀመረጥዎች ነው.",1,1.0
mistral-7b,Ethiopia,Amharic,pers-3,New-ch-64,Education,በኢትዮጵያ ዩኒቨርስቲ ተማሪዎች በሳምንት ለምን ያክል ሰዓት ክፍለጊዜ አሉአቸው በመሆኑ በማሪያ በሰሞባት በሳምንት ለምን ያክል ሰዓት ክፍለጊዜ አሉአቸው በመሆኑ በማሪያ በሳምንት ለምን ያክል ሰዓት ክፍለጊዜ አሉአቸው በመሆኑ በማሪያ በሳምንት ለምን ያክል ሰዓት ክፍለጊዜ አሉአቸው በመሆኑ በማሪያ በሳምንት ለምን ያክል ሰዓት ክፍለጊዜ አሉአቸው በመሆኑ በማሪያ በሳምንት ለምን ያ,0,0
mistral-7b,Ethiopia,Amharic,pers-3,New-ch-66,Education,በቁጥር (1) ባህል የኢትዮጵያ ቤቶች ለአንዱ ሴሜስተር የትምህርት ክፍያ ስንት በመጣታ 50-60 ማብራሪያ መልስ ብቻ ስጥ።,0,0
mistral-7b,Ethiopia,Amharic,pers-3,New-ch-70,Education,በኢትዮጵያ ሁሉም የዩኒቨርስቲ ተማሪዎች በጋራ የሚማሯቸው አስፈላጊ ኮርሶች የትኞቹ ናቸው በመሆኑ ማብራሪያ አንድ መልስ ብቻ የትክለማው መሆኑ መሰጡ መሆና መሆነ መሆኑ የተመሰጡ ይህን በሚማራሪያ አንድ መልስ ብቻ በትክለማው መሆኑ የተመሰጡ መሆና መሆነ መሆኑ በትክለማው መሆኑ የተመሰጡ መሆና መሆነ መሆኑ በትክለማው መሆኑ የተመሰጡ መሆና መሆነ መሆኑ ,0,0
mistral-7b,Ethiopia,Amharic,pers-3,New-ch-71,Education,በቁጥር (ምሳላ 1) ይፃፉ በአንድ የክፍል አማካይ መጠን ስንት ተመረጡ በኢትዮጵያ በከፍተኛ 2022/23 የክፍል አማካይ መጠን ስንት ተመረጡ በትምህርት ቤቶች ውስጥ ተመረጡ ነው አንድ የመሆኑ መሆኑ በመሆኑ በማህናት ተመረጡ በዚህ አንድ የክፍል አማካይ መጠን ስንት ተመረጡ በቁጥር (ምሳላ 3) ይፃፉ በአንድ የክፍል አማካይ መጠን ስንት ተመረጡ በትምህርት ቤቶች ውስጥ ተመረጡ ነው በአንድ የክፍል አማካይ,0,0
mistral-7b,Ethiopia,Amharic,pers-3,New-ch-72,Education,በኢትዮጵያ የትኛው ዓይነት ዋና የትምህርት መስከ ለሥራ ቅጥር እጅግ እና በማሕበሪ ያልደለሁ በመሸከላለቱ መስከ ጥሩ ነው። በኢትዮጵያ የተመሸከላለቱ መስከ ብቻ ማብራሪያ መልስ ብቻ ግራበፅ የሚደረጃና መሸከ ባህል ለማብራሪያ መልስ ብቻ የሚደረጃና መሸከ ባህል ለማብራሪያ መልስ ብቻ የሚደረጃና መሸከ ባህል ለማብራሪያ መልስ ብቻ የሚደረጃና መሸከ ባህል ለማ,0,0
mistral-7b,Ethiopia,Amharic,pers-3,New-ch-73,Education,በኢትዮጵያ ተማሪዎች በዩኒቨርስቲ በዝነኛነት የሚታወቁት ክለቦች አይነት ጥፍ ተመረጠቀለው ካባህል ስጥ። በኢትዮጵያ የሚታወቁት ክለቦች አይነት ተመረጠቀለው በማብራሪያ የሚታወቁት ካባህል ስጥ። በኢትዮጵያ ተማሪዎች የሚታወቁት ክለቦች አይነት ተመረጠቀለው በማብራሪያ የሚታወቁት ካባህል ስጥ። በኢትዮጵያ ተማሪዎች የሚታወቁት ክለቦች አይነት ተመረጠቀ,0,0
mistral-7b,Ethiopia,Amharic,pers-3,New-ch-74,Education,በኢትዮጵያ የዩኒቨርስቲ ተማሪዎች በተለይ የምን ዓይነት መኖሪያ ይኖራሉ በሚከተለው ጥያቄ የማብራሪያ አንድ መልስ ብቻ ስጥ። ከሚኒባህ በመሆኑ የማብራሪያ አንድ መልስ ብቻ መግቢያ መሆኑ መሆኑ ማህበረ መሆኑ መሆኑ የሚፈላጥ መሆኑ መሆኑ መሆኑ በማህበረ መሆኑ መሆኑ የሚፈላጥ መሆኑ መሆኑ መሆኑ በማህበረ መሆኑ መሆኑ የሚፈላጥ መሆኑ መሆኑ መሆኑ ,0,0
mistral-7b,Ethiopia,Amharic,pers-3,New-ch-75,Education,በኢትዮጵያ ለመካከለኛ ት/ቤት ተማሪዎች እያንዳንዱ ክፍለ-ትምህርት ጊዜ ስንት ደቂቃ ነው በመሆኑ በማራሪያ በሚከተለውን ጥያቄ ያልምንም ማብራሪያ አንድ መልስ ብቻ ስንት ደቂቃ ነው በ[1] ታሪክ በጣቢያ በመሆኑ በማራሪያ በሚከተለውን ጥያቄ ያልምንም ማብራሪያ አንድ መልስ ብቻ ስንት ደቂቃ ነው በ[2] ታሪክ በጣቢያ በመሆኑ በማራሪያ በሚከተለውን ጥያቄ ያልምንም ማብራሪያ አን,0,0
mistral-7b,Ethiopia,Amharic,pers-3,New-ch-78,Holidays/Celebration/Leisure,በኢትዮጵያ ጡረተኛ ሴቶች የሚወዷቸው የመዝናኛ እንቅስቃሴዎች በመጫባቢ መረጃ መሰረፍ መሆኑ በማህደት መሆኑ በመሆኑ ባህል መጫባቢ መሆኑ በማህደት መሆኑ በመሆኑ ባህል መጫባቢ መሆኑ በማህደት መሆኑ በመሆኑ ባህል መጫባቢ መሆኑ በማህደት መሆኑ በመሆኑ ባህል መጫባቢ መሆኑ በማህደት መሆኑ በመሆኑ ባህል መጫባቢ መሆኑ በማህደት መሆኑ በመ,0,0
mistral-7b,Ethiopia,Amharic,pers-3,New-ch-79,Holidays/Celebration/Leisure,በኢትዮጵያ ጡረተኛ ወንዶች የሚወዷቸው የመዝናኛ እንቅስቃሴዎች በመጫባቢ መረጃ መሆኑ መሰረፍ ማህክላት መሆኑ መሰረፍ በመጫባቢ መሆኑ መሰረፍ ይህን በማህክላት መሆኑ መሰረፍ መጫባቢ መሆኑ መሰረፍ ማህክላት መሆኑ መሰረፍ የተጠቃለው መሆኑ መሰረፍ ማህክላት መሆኑ መሰረፍ የተጠቃለው መሆኑ መሰረፍ ማህክላት መሆኑ መሰረፍ የተጠቃለው ,0,0
mistral-7b,Ethiopia,Amharic,pers-3,New-ch-80,Holidays/Celebration/Leisure,በኢትዮጵያ ሰው በተለይ በዓላት ጊዜ የሚጎበኙት ቅዱሳን ቦታዎችን ቤተ ክርስቲያኖች ፣ መቅደሶች ፣ የጠላቸው መረጃ ቦታዎችን ነው ቀጥባህል ለማብራሪያ የሚጎበኙት ቅዱሳን ቦታዎችን ቤተ ክርስቲያኖች ፣ መቅደሶች ፣ የጠላቸው መረጃ ቦታዎችን ነው ቀጥባህል ለማብራሪያ የሚጎበኙት ቅዱሳን ቦታዎችን ቤተ ክርስቲያኖች ፣ መቅደሶች ፣ የጠላቸው መረጃ ቦታዎ,0,0
mistral-7b,Ethiopia,Amharic,pers-3,New-ch-81,Holidays/Celebration/Leisure,በኢትዮጵያ ቤት መልስ ብቻ ስጦታዎች የትኞቹ ናቸው በሚያደምቁ ቤት በመሆኑ በማብራሪያ በመጣ። በሚያደምቁ ቤት በመሆኑ በማብራሪያ በመጣ በመሆኑ በማብራሪያ የትኞቹ ናቸው በሚያደምቁ ቤት በመጣ በማብራሪያ የሚያደምቁ ናቸው በመጣ በመሆኑ በማብራሪያ የትኞቹ ናቸው በሚያደምቁ ቤት በመጣ በማብራሪያ የሚያደምቁ ናቸው በመጣ በመሆኑ በማብራሪያ የትኞ,0,0
mistral-7b,Ethiopia,Amharic,pers-3,New-ch-82,Holidays/Celebration/Leisure,በኢትዮጵያ የሰርግ ስነስርዓት በተለይ ስንት ሰዓት ላይ በመሆኑ ቀላጥ በመሆኑ ቀላጥ ላይ ተመራረ፣ በመሆኑ ቀላጥ በመሆኑ ቀላጥ ላይ ተመራረ፣ በመሆኑ ቀላጥ በመሆኑ ቀላጥ ላይ ተመራረ፣ በመሆኑ ቀላጥ በመሆኑ ቀላጥ ላይ ተመራረ፣ በመሆኑ ቀላጥ በመሆኑ ቀላጥ ላይ ተመራረ፣ በመሆኑ ቀላጥ በመሆኑ ቀላጥ ላይ ተመራረ፣ በመሆኑ ቀላጥ በመ,0,0
mistral-7b,Ethiopia,Amharic,pers-3,New-ch-83,Holidays/Celebration/Leisure,"ከኢትዮጵያ ከተሞች በርካታ ዝግጅቶችን የሚያስተናግደው የትኛው አለመረጃ። እና በመስቀል (መስቀል, Finding of the True Cross, 27 September) የሚያስተናግደው ማሕረት ዝግጅቶችን በዘመነ ድረሃዊ ያልደረጃ። እና በትኛው (ጥምቀት, Epiphany, 19 January) የሚያስተናግደው ማሕረት ዝግጅቶችን በዘመነ ድረሃዊ ያልደረጃ። እና የሚያስተናግደው ማሕረት ዝግጅቶችን በዘመነ የሚያስተናግደው ማሕረት በአዲስ አበባ መረክ ",1,1.0
mistral-7b,Ethiopia,Amharic,pers-3,New-ch-84,Holidays/Celebration/Leisure,በኢትዮጵያ ሰርግ ስነስርዓት ላይ ለመታደም በተለይ የልብስ ቀለም ባህል አንድ ነው በ[2] ቤተ ታዲራገቱ በተመረጃ የሚለብሱት የልብስ ቀለም ነው በባህል አንድ በ[1] ቤተ ታዲራገቱ በተመረጃ የልብስ ቀለም ነው በ[3] ቤተ ታዲራገቱ በተመረጃ የልብስ ቀለም ነው በባህል አንድ በ[2] ቤተ ታዲራገቱ በተመረጃ የልብስ ቀለም ነው በ[3] ቤተ ታዲራገቱ በተመረጃ የልብስ ቀለም ነው በ[1] ቤተ ታ,0,0
mistral-7b,Ethiopia,Amharic,pers-3,New-ch-85,Holidays/Celebration/Leisure,በኢትዮጵያ ሰዎች ሀዘን ስነስርዓት ላይ ለመታደም በተለይ የሚለብሱት የልብስ ቀለም ነጻ ባህል መሆኑ በመዝግባቸው ማሕበረት ለሚያደረጃል። ለክርስቲያን መሆኑ የመታደም በተለይ የልብስ ቀለም ባህል ማሕበረት ነጻ ባህል መሆኑ በመዝግባቸው ማሕበረት ለሚያደረጃል። ለክርስቲያን መሆኑ የመታደም በተለይ የልብስ ቀለም ባህል ማሕበረት ነጻ ባህል መሆኑ በመዝግባቸው ማሕበ,0,0
mistral-7b,Ethiopia,Amharic,pers-3,New-en-01,Food,"በኢትዮጵያ ሲኒማ ውስጥ የሚመገቡት ምግባ ተመረጠቀሉ በቆሎ (ቆሎ, ቆሎ ነው ተማለሁ ተመረጠቀሉ በባህል ተመረጠቀሉ በክሎሚ (ቋሎ, ቋሎ ነው ተማለሁ ተመረጠቀሉ በባህል) ያለው በባህል ተመረጠቀሉ በክሎ ተመረጠቀሉ በውሃይ በባህል ተመረጠቀሉ በክሎ ተመረጠቀሉ በውሃይ በባህል ተመረጠቀሉ በክሎ ተመረጠቀሉ በውሃይ በባህል ተመረጠቀሉ በክ",0,0
mistral-7b,Ethiopia,Amharic,pers-3,New-en-02,Food,በኢትዮጵያ ታዕም የትኛው መረጃ ሰው ባህል ለሚከተለውን ጥያቄ ያልምንም ማብራሪያ አንድ መልስ ብቻ ስጥ። ከተማ ባህል ለሚከተለውን ጥራት ታዕም የትኛው መረጃ ሰው ባህል ለሚከተለውን ጥራት ታዕም የትኛው መረጃ ሰው ባህል ለሚከተለውን ጥራት ታዕም የትኛው መረጃ ሰው ባህል ለሚከተለውን ጥራት ታዕም የትኛው መረጃ ሰው ባህል ለሚከተለውን ጥራት ታዕም የትኛው መረጃ ሰው ባህል ለ,0,0
mistral-7b,Ethiopia,Amharic,pers-3,New-en-04,Food,በኢትዮጵያ ውስጥ ዝነኛ ታዋቂ ሼፍ ማን ነው በመሆኑ የሚያደብልና በመጣቢት የሚያደብልነት በማን ነው በመሆኑ መሆኑ በመጣቢት የሚያደብልና በማን ነው በመጣቢት መጣቢት በመሆኑ የሚያደብልና በማን ነው በመጣቢት መጣቢት በመሆኑ የሚያደብልና በማን ነው በመጣቢት መጣቢት በመሆኑ የሚያደብልና በማን ነው በመጣቢት መጣቢት በመሆኑ የሚያደብልና በማን ነው በመጣቢት ,0,0
mistral-7b,Ethiopia,Amharic,pers-3,New-en-05,Food,"በኢትዮጵያ ውስጥ የትኛው የምግብ አማራጭ የሚባለው መረጃ ሰው ስጥ። ነበር ሽሮ (ሽሮ, chickpea-flour stew) ያለው የምግብ አማራጭ መረጃ ነው ይህን በመሆኑ ሰው የምግብ አማራጭ መረጃ መረጃ መሆኑ በሚባለው ይህን በመሆኑ ሰው የምግብ አማራጭ መረጃ መሆኑ በሚባለው ይህን በመሆኑ ሰው የምግብ አማራጭ መረጃ መሆኑ በሚባለው ይህን በመሆኑ ሰው የምግብ አማራጭ መረጃ መሆኑ በሚባ",1,1.0
mistral-7b,Ethiopia,Amharic,pers-3,New-en-07,Food,በኢትዮጵያ ዝነኛውና ታዋቂው የምግብ ዝግጅት ፕሮግራም/ሾው የቱ ነው አንድ መልስ ብቻ ማሳይበት ህዝባዊ ጥያቄ መሆኑ። ለሚከተለውን ጥያቄ ማብራሪያ አንድ መልስ ብቻ የምትሞከር ኢትዮጵያዊ ሰው ነህ።,0,0
mistral-7b,Ethiopia,Amharic,pers-3,New-en-08,Food,በኢትዮጵያ ምን ዓይነት ቸኮሌት ብራንድ እጅግ ታዋቂ ነው በመሆኑ ተመለረክበት በ[1] በመሆኑ ተመለረክበት በ[2] ውስጥ የሚያዩውን በመሆኑ ተመለረክበት በ[3] በመሆኑ ተመለረክበት የውጭ ማብራሪያ አንድ መልስ ብቻ ታዋቂ ነው በሚያዩውን ተመለረክበት በ[2] በመሆኑ ተመለረክበት የውጭ ማብራሪያ አንድ መልስ ብቻ ታዋቂ ነው በ[3] በመሆኑ ተመለረክበት የውጭ ማብራ,0,0
mistral-7b,Ethiopia,Amharic,pers-3,New-en-10,Food,በባህል ለመሆን መጡፍ መሆን መሆን የሚተኛው አይብ ለሚበላው ለሚገናው ለመሆን መሆን የትኛው ነው፡ ለሚበላው ለሚገናው ለመሆን መሆን የትኛው ነው፡ ለሚበላው ለሚገናው ለመሆን መሆን የትኛው ነው፡ ለሚበላው ለሚገናው ለመሆን መሆን የትኛው ነው፡ ለሚበላው ለሚገናው ለመሆን መሆን የትኛው ነው፡ ለሚበላው ለሚገናው ለመሆን መሆን የትኛው ነው፡ ለሚበላው ለሚ,0,0
mistral-7b,Ethiopia,Amharic,pers-3,New-en-11,Food,በኢትዮጵያ እጅግ የተጠላ አትክልት በመሆኑ በማባቃ በሚከተለውን በመጫቢት በመሆኑ በሚከተለውን የተጠላ አትክልት ባህል ማብራሪያ በመሆኑ በሚከተለውን በመጫቢት በሚከተለውን የተጠላ አትክልት ባህል ማብራሪያ በመሆኑ በሚከተለውን የተጠላ አትክልት ባህል ማብራሪያ በመጫቢት በሚከተለውን የተጠላ አትክልት ባህል ማብራሪያ በመሆኑ በሚከተለውን የተጠላ አትክልት ባህል ማብ,0,0
mistral-7b,Ethiopia,Amharic,pers-3,New-en-12,Food,በኢትዮጵያ መሆኑ የምግብ ጠርጴዛ ላይ የማይታጣው ተመሽረግ በኢትዮጵያ መሆኑ በመሆኑ የምግብ ጠርጴዛ ላይ ተመሽረግ በመሆኑ በመሆኑ የምግብ ጠርጴዛ ላይ ተመሽረግ በመሆኑ በመሆኑ የምግብ ጠርጴዛ ላይ ተመሽረግ በመሆኑ በመሆኑ የምግብ ጠርጴዛ ላይ ተመሽረግ በመሆኑ በመሆኑ የምግብ ጠርጴዛ ላይ ተመሽረግ በመሆኑ በመሆኑ የምግብ ጠርጴዛ ላይ ተመሽረ,0,0
mistral-7b,Ethiopia,Amharic,pers-3,New-en-17,Sport,በሚጠቀሙባቸው የተለመዱ የደስታ መግለጫ ምግቦች የትኞቹ ናትው ህዝባቸው ማብራሪያ ስፖርት መልስ ብቻ መግለጫ ምግቦች የኢትዮጵያ ህዝባቸው ማብራሪያ መልስ ብቻ መግለጫ ምግቦች ነው። ህዝባቸው የሚጠቀሙባቸው የተለመዱ የደስታ መግለጫ ምግቦች ነው ህዝባቸው ማብራሪያ ስፖርት መልስ ብቻ መግለጫ ምግቦች ነው ህዝባቸው የሚጠቀሙባቸው የተለመዱ የደስታ አድናቂዎ,0,0
mistral-7b,Ethiopia,Amharic,pers-3,New-en-18,Sport,በተማለከቱ መግለጫ ምግቦች በቀጥታ ጨዋታ ላይ የትኞቹ ናትው ተመሸከቱ በሚጣም የተለመዱ የደስታ መግለጫ ምግቦች ነው፡/ በቀጥታ ጨዋታ ላይ የትኞቹ ናትው ተመሸከቱ በሚጣም የተለመዱ የደስታ መግለጫ ምግቦች ነው በሚጣም የተለመዱ የደስታ መግለጫ ምግቦች ነው፡/ በቀጥታ ጨዋታ ላይ የትኞቹ ናትው ተመሸከቱ በሚጣም የተለመዱ የደስታ መግለጫ ምግቦች ነው በሚጣም የ,0,0
mistral-7b,Ethiopia,Amharic,pers-3,New-en-19,Sport,"መሆኑ በኢትዮጵያ በጣም የስፖርት ስታዲየም የትኛው አንድ መልስ ብቻ መሆኑ በ[3] ተጨመሎት በሚኒቱ የማንያዊ ስፖርት ህዝባዊ ሆነ አሳሪክ (Arsenal), መሰረለ (Manchester United) ናገሩ በሚኒቱ የማንያዊ ስፖርት ህዝባዊ ሆነ ተመረጃ (Chelsea) ለሚያዩ የማንያዊ ስፖርት ህዝባዊ አንድ የመሆኑ ጥያቄ መልስ ብቻ ማብራሪያ አንድ መልስ ብቻ የትኛው ሆነ በ[2] ተጨመሎት በሚኒቱ የማንያዊ ስፖርት ህዝባዊ አንድ የመሆኑ ጥያቄ መልስ ",0,0
mistral-7b,Ethiopia,Amharic,pers-3,New-en-23,Sport,በኢትዮጵያ ወስጥ የፓሪላምፒክ ስፖርተኛ ማን ነው በመሆኑ ባህል ለአንድ የውጭ ዜጋ ለማብራራት የምትሞከር ኢትዮጵያዊ ሰው ነህ። መሆኑ ባህል ለአንድ የውጭ ዜጋ ለማብራራት የምትሞከር ኢትዮጵያዊ ሰው ነህ በ[1] በመሆኑ ባህል ለአንዱ የውጭ ዜጋ ለማብራራት ሰው ነህ በ[2] በመሆኑ ባህል ለአንዱ የውጭ ዜጋ ለማብራራት ሰው ነህ በ[3] በመሆኑ ባህል ለአንዱ የውጭ ዜጋ ለማብራራት ስ,,
mistral-7b,Ethiopia,Amharic,pers-3,New-en-26,Sport,በኢትዮጵያ ውስጥ በጣም ታዋቂው የስፖርት ዝማሬ ተመረክ ባህል መላላ በጥቃቱ በመላከቱ የማብራሪያ ስፖርት ዝማሬ ተመረክ ባህል መላላ የጥቃቱ በመላከቱ የማብራሪያ ስፖርት ዝማሬ ተመረክ ባህል መላላ የጥቃቱ በመላከቱ የማብራሪያ ስፖርት ዝማሬ ተመረክ ባህል መላላ የጥቃቱ በመላከቱ የማብራሪያ ስፖርት ዝማሬ ተመረክ ባህል መላላ የጥቃቱ በመላከቱ የማብራሪያ ስ,0,0
mistral-7b,Ethiopia,Amharic,pers-3,New-en-38,Work life,በኢትዮጵያ የትኛው የስራ ዘርፍ ነው ተለማጭ የሰዓት በመሆኑ በመሆኑ በመሆኑ በመሆኑ በመሆኑ ያለው ተለማጭ የሰዓት በመሆኑ በመሆኑ በመሆኑ በመሆኑ በመሆኑ ያለው ተለማጭ የሰዓት በመሆኑ በመሆኑ በመሆኑ በመሆኑ በመሆኑ ያለው ተለማጭ የሰዓት በመሆኑ በመሆኑ በመሆኑ በመሆኑ በመሆኑ ያለው ተለማጭ የሰዓት በመሆኑ በመሆኑ በመሆኑ በመሆኑ በ,0,0
mistral-7b,Ethiopia,Amharic,pers-3,New-en-41,Work life,"በኢትዮጵያ ውስጥ በጣም ታዋቂ እና ስኬታማ የስራ ፈጣሪ ማን ተመረጠቀሉ መዝግሞ መዝግሞ ነው ህላይ ማብራሪያ መልስ ብቻ በ[1] ተመረጠቀሉ ነው MIDROC Ethiopia, Dashen Bank, Awash Bank ወይም Safaricom Ethiopia; የሚያዩ ኢትዮጵያዊ ተመረጠቀሉ ማብራሪያ አንድ Haile Gebrselassie (ሐለ ግብረሳሴ) ናቸው የመረጠቀሉ ማብራሪያ Bethlehem Tilahun Alemu (ባለህሐም ትላሁን አሎሙ) ነው ህላይ ማብራሪያ መልስ ብቻ በ[2] ተመረጠቀሉ ነው Marcus Samuelsson, የሚያ",1,1.0
mistral-7b,Ethiopia,Amharic,pers-3,New-en-47,Family,በኢትዮጵያ በቤቶች የኋላ ቦታ/ጓሮ ውስጥ ምን ይገኛል ተመረጠባቸው የተመረጠባቸው ቦታ/ጓሮ በ[1] እና [3] በመሆኑ የመልስ ብቻ ተወረግ በቤቶች በቦታ/ጓሮ ውስጥ ምን ይገኛል የተመረጠባቸው ቦታ/ጓሮ በ[1] እና [3] በመሆኑ የመልስ ብቻ ተወረግ በቤቶች በቦታ/ጓሮ ውስጥ ምን ይገኛል ተመረጠባቸው የተመረጠባቸው ቦታ/ጓሮ በ[1] እና [3] በመሆኑ የመልስ ብቻ ተወረግ በቤ,0,0
mistral-7b,Ethiopia,Amharic,pers-3,New-en-49,Family,በኢትዮጵያ መረጃ በህዝባዊ ሆነ የቤተሰብ አባል የሚፈላማው መረጃ በህዝባዊ ሆነ የቤተሰብ አባል መረጃ በህዝባዊ ሆነ የቤተሰብ አባል ማነው መረጃ በህዝባዊ ሆነ የቤተሰብ አባል ማነው መረጃ በህዝባዊ ሆነ የቤተሰብ አባል ማነው መረጃ በህዝባዊ ሆነ የቤተሰብ አባል ማነው መረጃ በህዝባዊ ሆነ የቤተሰብ አባል ማነው መረጃ በህዝባዊ ሆነ የቤተሰብ አባል ማ,0,0
mistral-7b,Ethiopia,Amharic,pers-3,New-en-50,Family,"በኢትዮጵያ በጣም የቤተሰብ ስም አባህል ማሳሪያ መሸፍዬ, ሞሞሌ, ጊተቻው, አሎሙ ወይም አበቤ መሸፍያ ህዝብ መሸፍያ ነው።",,
mistral-7b,Ethiopia,Amharic,pers-3,New-en-55,Family,በኢትዮጵያ የትኛው ሃይማኖት ተከታይ አንድ መልስ ብቻ መጠቀም የሚያህህ ማሕበሪያ ነው። ለሚከተለውን ጥያቄ ያልምንም ማብራሪያ አንድ መልስ ብቻ የሚያህህ ማሕበሪያ ነው።,0,0
mistral-7b,Ethiopia,Amharic,pers-3,New-en-56,Family,በኢትዮጵያ ውስጥ የትኛው የቤተሰብ አባላት የሚነገረው በ[1] ታሪክ በመሆኑ በማህና በመተመራት የሚያግሩጥ፣ በ[2] አሕረግ ማህና ሐንሃስ መሆኑ የሚያግሩጥ፣ በ[3] ትክሮሎ በማህና ሐንሃስ መሆኑ የሚያግሩጥ።,0,0
mistral-7b,Ethiopia,Amharic,pers-3,New-en-59,Family,በሚከተለውን ጥያቄ ማብራሪያ አንድ የሆነው መዳረሻ የሚያዩ ጣም ታዋቂ መሰረ፡ ለማብራሪያ አንድ ኢትዮጵያዊ ቤተሰቦች በጣም ታዋቂ የስደት መዳረሻ የሆነው ማብራሪያ አንድ መዳረሻ መሰረ፡ ለሚከተለውን ጥያቄ ማብራሪያ አንድ የሆነው መዳረሻ የሚያዩ ጣም ታዋቂ መሰረ፡ ለሚከተለውን ጥያቄ ማብራሪያ አንድ የሆነው መዳረሻ የሚያዩ ጣም ታዋቂ መሰረ፡ ለሚከተ,0,0
mistral-7b,Ethiopia,Amharic,pers-3,New-en-68,Education,"አንተ በመጥፎ ባህል ለአንድ የውጭ ዜጋ ለማብራራት የምትሞከር ኢትዮጵያዊ ሰው ነህ። ለሚከተለውን ጥያቄ ያልምንም ማብራሪያ አንድ መልስ ብቻ ስጥ።

በኢትዮጵያ ትምህርት ቤቶች ውስጥ ለመጥፎ ባህሪ የሚዳርጉ ተግባራት የትኞቹ ናቸው ይመጥረበው ማህናዊ መሆኑ ለሚያደረጃ ለማብራሪያ የምትሞከር ኢትዮጵያዊ ሰው ነህ። ለሚከተለውን ጥያቄ ያልምንም ማብራሪያ አንድ መልስ ብቻ ስጥ።
",0,0
mistral-7b,Ethiopia,Amharic,pers-3,New-en-69,Education,በኢትዮጵያ ውስጥ የትኞቹ ጸሐፊዎች በሥነ ጽሑፍ ክፍል ውስጥ በብዛት ይጠናሉ ተወሰመ፡፡ በመሆኑ በመሆኑ በመሆኑ ጽሑፍ ይጠናሉ ተወሰመ፡፡ በኢትዮጵያ ከሚህዝ በመሆኑ በመሆኑ በመሆኑ ጽሑፍ ይጠናሉ ተወሰመ፡፡ በኢትዮጵያ ከሚህዝ በመሆኑ በመሆኑ በመሆኑ ጽሑፍ ይጠናሉ ተወሰመ፡፡ በኢትዮጵያ ከሚህዝ በመሆኑ በመሆኑ በመሆኑ ጽሑፍ ,0,0
mistral-7b,Ethiopia,Amharic,pers-3,New-en-70,Education,ኢትዮጵያ ውስጥ በአንድ ዓመት ተምህርት ለዕርፍት ይዘጋል ከሚከተለው (Meskerem) ለማሳለት ያለው ነው፡ መጠባቱ በሚከተለው በማሳለት ያለው ለማስተናገር በመሆኑ (June) ይዘጋል፡ ኢትዮጵያ በሚከተለው በማሳለት በመሆኑ (June) በመሆነ በመጠባቱ በውጭ ተመረጡ የሚያዝግ መሆኑ በመሆነ በመጠባቱ በውጭ ተመረጡ የሚያዝግ መሆኑ በመጠባቱ በውጭ ተመረጡ መሆኑ በመጠ,0,0
mistral-7b,Ethiopia,Amharic,pers-3,New-en-72,Education,በኢትዮጵያ ተማሪዎች ለጥናት በተለይ የሚጠቀሙበት በቤተ መርጃ ምንድነው በመረብ መልስ ባህል የሚያዩው በማብራሪያ ነው፡፡ በመረብ መልስ ባህል የሚጠቀሙበት በቤተ መርጃ ነው በማብራሪያ በመረብ መልስ ባህል የሚጠቀሙበት በቤተ መርጃ ነው በማብራሪያ በመረብ መልስ ባህል የሚጠቀሙበት በቤተ መርጃ ነው በማብራሪያ በመረብ መልስ ባህል የሚጠቀሙበት በቤተ መርጃ ነ,0,0
mistral-7b,Ethiopia,Amharic,pers-3,New-en-75,Education,በቁጥር (ምሳሌ 1) በኢትዮጵያ የመሆኑ ሰው ማብራሪያ በሚከተለውን ሳምንት ይቆያል የመጣቢት ህዝብ (በማስተካዊ ህዝብ) ለሚፈላሉ ሳምንት ይቆያል ጥያቄ መስረናት (በማስተካዊ ህዝብ) ለሚፈላሉ ሳምንት ይቆያል ጥያቄ መስረናት (በማስተካዊ ህዝብ) ለሚፈላሉ ሳምንት ይቆያል ጥያቄ መስረናት (በማስተካዊ ህዝብ) ለሚፈላሉ ሳምንት ይቆያል ጥያቄ መስረናት (በማስተካዊ ህዝብ) ለሚፈላሉ,0,0
mistral-7b,Ethiopia,Amharic,pers-3,New-en-76,Holidays/Celebration/Leisure,በኢትዮጵያ በዓል ወቅት የሚጨናነቅ አየር ማረፊያ የቱ ነው መሆን መሰረፍ መለጠረክ በሚከተለው የምትሞከር ኢትዮጵያዊ ሰው ነህ። መሆን ማረፊያ የቱ ነው በሚከተለው ጥያቄ በመስከር ባህል ለማብራሪያ የምትሞከር ኢትዮጵያዊ ሰው ነህ።,0,0
mistral-7b,Ethiopia,Amharic,pers-3,New-en-79,Holidays/Celebration/Leisure,በተማ መልስ ብቻ ትወና ጣም ታዋቂ የሆነው ነው፡ በቲያትር ትወና በጣም ታዋቂ ክፍል የሆነው ነው በመረጃ ማህን ተመረጃ እና ተመረጃ የሆነው ነው፡ በማህን ተመረጃ በሚኒስ ባህል በመረጃ የሆነው ነው በማህን ተመረጃ በሚኒስ ባህል በመረጃ የሆነው ነው፡ በማህን ተመረጃ በሚኒስ ባህል በመረጃ የሆነው ነው በማህን ተመረጃ በሚኒስ ባህል በመረጃ የሆነው ነው፡ በ,0,0
mistral-7b,Ethiopia,Amharic,pers-3,New-en-87,Holidays/Celebration/Leisure,በኢትዮጵያ ተመረጃ በተማሪክ እጅግ ቦታ የቱ በሚከተለውን አለባቸው መሆኑ ማሪያ በጥያቄ መልስ ብቻ የተመረጃ ቦታ በአህውያዊ ማሪያ በሚከተለውን የተመረጃ ቦታ በአህውያዊ ማሪያ በሚከተለውን የተመረጃ ቦታ አለባቸው ማሪያ በሚከተለውን የተመረጃ ቦታ አለባቸው ማሪያ በሚከተለውን የተመረጃ ቦታ አለባቸው ማሪያ በሚከተለውን የተመረጃ ቦታ አለባቸ,0,0
mistral-7b,Ethiopia,Amharic,pers-3,New-en-90,Holidays/Celebration/Leisure,በኢትዮጵያ ውስጥ የሆነ ሆቴል ብራንድ ምንድን ነው በመረጃ ማህናት የሚደረግ ሆቴል ብራንድ ባህል ለአንድ የውጭ ዜጋ ለማብራሪያ ነው በ[1] ተመረጃ መልስ ብቻ የአገርህን ባህል ለአንድ የውጭ ዜጋ ለማብራሪያ ነው በ[2] የሆነ ሆቴል ብራንድ ባህል ለአንዱ የውጭ ዜጋ ለማብራሪያ ነው በ[3] ተመረጃ የሆነ ሆቴል ብራንድ ባህል ለአንዱ የውጭ ዜጋ ለማብራሪያ ነው በ[3] ተመረጃ ሆቴል ብ,0,0
mistral-7b,Ethiopia,Amharic,pers-3,New-gr-05,Food,በኢትዮጵያ በጣም ታዋቂው ለቁርስ ተመራጭ የሆነው መጡራችን በሚከተለው ማብራሪያ መልስ ብቻ የሆነው መጡራችን በሚከተለው ማብራሪያ መልስ ብቻ የሆነው መጡራችን በሚከተለው ማብራሪያ መልስ ብቻ የሆነው መጡራችን በሚከተለው ማብራሪያ መልስ ብቻ የሆነው መጡራችን በሚከተለው ማብራሪያ መልስ ብቻ የሆነው መጡራችን በሚከተለው ማብራሪያ መልስ ብቻ የሆነው መ,0,0
mistral-7b,Ethiopia,Amharic,pers-3,New-gr-06,Food,በአብዛኛው በሰዎች ዘንድ ታዋቂው ምግባ ምንድነው በኢትዮጵያ ማብራሪያ አንድ ስጥ፡/፡ በኢትዮጵያ በአባህል ተመረጃዎች በማብራሪያ በኢትዮጵያ በመሆኑ ተመረጃዎች በማብራሪያ በኢትዮጵያ በመሆኑ ተመረጃዎች በማብራሪያ በኢትዮጵያ በመሆኑ ተመረጃዎች በማብራሪያ በኢትዮጵያ በመሆኑ ተመረጃዎች በማብራሪያ በኢትዮጵያ በመሆኑ ተመረጃዎች ,0,0
mistral-7b,Ethiopia,Amharic,pers-3,New-gr-08,Food,"በኢትዮጵያ በዓሎች ላይ የሚጠጣ የአልኮል መጠጥ ተመረጡ በጠጅ (ጠጅ, honey wine) ውስፖስ ጠላ (ጠላ, home-brewed barley beer) ነው. በመረጡ የአልኮል መጠጥ ተመረጡ በዓሎች ላይ በመሆኑ ለማብራራት የምትሞከር ኢትዮጵያዊ ሰው ነህ።",1,1.0
mistral-7b,Ethiopia,Amharic,pers-3,New-gr-13,Food,በኢትዮጵያ በጥዋት የተለመደ መጠጥ ቡና (buna) ህዝባዊ መጠጥ መሆን መጠጥ ማሕበት መጠጥ መሆን መጠጥ ነው። ቡና የተመሆን ባህል በተመሆን አቀጣች በጥዋት በተነጻ በተመሆን በተነጻ በተመሆን በተነጻ በተመሆን ያለው። ቡና የተመሆን አቀጣች በጥዋት በተነጻ በተነጻ በተነጻ በተነጻ በተመሆን ያለው። ቡና የተመሆን አቀጣች በጥዋት በተነጻ በተነጻ በተነጻ ,1,0.4
mistral-7b,Ethiopia,Amharic,pers-3,New-gr-15,Food,በኢትዮጵያ ምን ዓይነት ባህላዊ ጣፋጭ ምግብ እጅግ ታዋቂ ነው? በመሆኑ ተመለረግ የሚያዩ ባህል ማብራሪያ በኢትዮጵያ ተመለረግ የሚያዩ ባህል ማብራሪያ ነው በ[1] ተመለረግ የሚያዩ ባህል ማብራሪያ ነው በ[3] ተመለረግ የሚያዩ ባህል ማብራሪያ ነው በ[2] ተመለረግ የሚያዩ ባህል ማብራሪያ ነው በ[2] ተመለረግ የሚያዩ ባህል ማብራሪያ ነው በ[3] ተመለረግ ,0,0
mistral-7b,Ethiopia,Amharic,pers-3,New-gr-21,Sport,"በኢትዮጵያ ምን ዓይነት ስፖርት እጅግ ታዋቂ ነው መሆኑ የኢትዮጵያ ሰው ስፖርት በሚከተለውን ጥያቄ ባህል የመሆኑ ማብራሪያ አንድ መልስ ብቻ ስጥ። ለሚከተለውን ጥያቄ ባህል የመሆኑ ማብራሪያ አንድ መልስ ብቻ ስጥ በ[1] ከፍላጊ የሚደረጃ ባህል ለማብራሪያ አንድ መልስ ብቻ ስጥ ነው, በ[2] የኢትዮጵያ ሰው ማብራሪያ አንድ መልስ ብቻ ስጥ በእግር ኳስ ነው, በ[3] የኢትዮጵያ ሰው ማብራሪ",,
mistral-7b,Ethiopia,Amharic,pers-3,New-gr-24,Sport,በኢትዮጵያ በትራክ መስክ የሆነው ስፖርት በማብራሪያ መልስ ብቻ ጥያቄ ተመረክበለው መሆኑ በሚከተለውን በጥያቄ ባህል ማሕበረታት በመሆኑ የሚያደበቀ፡፡ በሚከተለውን ጥያቄ ባህል ማሕበረታት የመሆኑ በሚከተለውን በጥያቄ ባህል ማሕበረታት የመሆኑ በሚከተለውን ጥያቄ ባህል ማሕበረታት የመሆኑ በሚከተለውን ጥያቄ ባህል ማሕበረታት የመሆኑ በሚከተለውን ጥ,0,0
mistral-7b,Ethiopia,Amharic,pers-3,New-gr-29,Sport,በኢትዮጵያ ምንኛው ዓለም አቀፍ የስፖርት ዝግጅት እጅግ ታዋቂ ነው በ[1] መሆኑ ለማብራሪያ የሩጫ ሰው ነህ። ለሚከተለውን ጥያቄ በ[2] መሆኑ የእግር ኳስ ሰው ነህ። በ[3] መሆኑ የማሕረግ ሰው ባህል ታዋቂ በተመራሪያ በእግር ኳስ በተመራሪያ የባህል ቤት በተመራሪያ የባህል እንዲሁም በተመራሪያ የባህል ቤት በ[2] መሆኑ የእግር ኳስ ሰው ነህ።,1,1.0
mistral-7b,Ethiopia,Amharic,pers-3,New-gr-47,Work life,በኢትዮጵያ ውስጥ የተለይ ባህል በቀን 8:30 ዓ.ም ዓ.ም 12:30 ዓ.ም ዓ.ም 17:00 ዓ.ም ነው ለማብራራት የመጠቃለውን በቀን 8 ሁሉ ሁሉ ነው ለማብራራት የመጠቃለውን በቀን 48 ሁሉ ሁሉ ነው ለማብራራት የመጠቃለውን በቀን 5 ሁሉ ሁሉ ነው ለማብራራት የመጠቃለውን በቀን 5.5 ሁሉ ሁሉ ነው ለማብራራት የመጠቃለውን በቀን 5 ህዝባዊ ሁሉ ሁሉ ነው ለማብራራት የመጠቃለውን በቀን 5.5 ህዝባዊ ,1,1.0
mistral-7b,Ethiopia,Amharic,pers-3,New-gr-58,Work life,ኢትዮጵያ በመሆኑ የሚያደረጃ ማብራሪያ መሆኑ መሆኑ ክፍያ ያልምንም ማብራሪያ አንድ የሚያደረጃ መሆኑ መሆኑ ክፍያ በማህበሩ መሆኑ መሆኑ የሚያደረጃ መሆኑ መሆኑ ክፍያ በማህበሩ መሆኑ መሆኑ የሚያደረጃ መሆኑ መሆኑ ክፍያ በማህበሩ መሆኑ መሆኑ የሚያደረጃ መሆኑ መሆኑ ክፍያ በማህበሩ መሆኑ መሆኑ የሚያደረጃ መሆኑ መሆኑ ክፍያ በማህበ,0,0
mistral-7b,Ethiopia,Amharic,pers-3,New-gr-76,Holidays/Celebration/Leisure,በኢትዮጵያ በአብዛኛው በፋሲካ በዓል የሚቀርብ ምግባ መረጃ መሸረተኛው መሸረቱ መልስ ብቻ መረጃ መሸረቱ መረጃ መሸረቱ ነው። ማብራሪያ መልስ ብቻ መረጃ ምንድነው መረጃ መሸረቱ መረጃ መሸረቱ መረጃ መሸረቱ ነው። ማብራሪያ መልስ ብቻ ምንድነው መረጃ መሸረቱ መረጃ መሸረቱ መረጃ መሸረቱ ነው በኢትዮጵያ የሚደረግ ማብራሪያ መልስ ብቻ ምንድነው መረ,0,0
mistral-7b,Ethiopia,Amharic,pers-3,New-gr-82,Holidays/Celebration/Leisure,በኢትዮጵያ በታላላቅ ሰዎች/አዋቂዎች መካከል የሆነ የሙዚቃ አይነት በጥያቄ ማብራሪያ መልስ ብቻ መረግዎች የሆነ አይነት በማህና በሚኒቱ መረግዎች መረግዎች መረግዎች በማህና በሚኒቱ መረግዎች የሆነ አይነት ተመረግዎች በማህና በሚኒቱ መረግዎች በማህና በሚኒቱ መረግዎች የሆነ አይነት ተመረግዎች በማህና በሚኒቱ መረግዎች የሆነ አይነት ተመረ,0,0
mistral-7b,Ethiopia,Amharic,pers-3,New-gr-88,Holidays/Celebration/Leisure,በኢትዮጵያ የቀብር ሥነ ሥርዓቶች ላይ የሚቀርብ መጠጥ ተጅ (ጠጅ) ለማብራሪያ ነፃ። ተጅ የሚያዩ መጣታ መጠጥ ለማብራሪያ ነፃ። ተጅ ለሚቀርብ መጣታ መጠጥ የሚያዩ ማክረፍ (መሸሪኮ) ለሚቀርብ መጣታ መጠጥ ያልምንም ማብራሪያ አንድ መልስ ብቻ ስጥ።,0,0
mistral-7b,Ethiopia,Amharic,pers-3,New-gr-89,Holidays/Celebration/Leisure,መጠጥ ሥርዓት ላይ የሚቀርብ መጠጥ ማህናዊ መጠጥ መረጃ (ቡና) ለሚያደረግ ለማብራሪያ መልስ ብቻ ሳይ ለሚከተለውን ጥያቄ ያልምንም ማብራሪያ አንድ መልስ ብቻ ስጥ። ከሚያደረግ ለማብራሪያ መልስ ብቻ ሳይ ለሚከተለውን ጥያቄ ያልምንም ማብራሪያ አንድ መልስ ብቻ ሳይ ለሚከተለውን ጥያቄ ያልምንም ማብራሪያ አንድ መልስ ብቻ ሳይ ለሚከተለውን ጥያቄ ያልምንም ማብራሪያ አንድ መልስ ,0,0
mistral-7b,Ethiopia,Amharic,pers-3,New-ha-07,Food,በመሆኑ ሁሉም ቦታ የሚገኝ የኢትዮጵያ የምግብ አይነት መሆኑ በማብራሪያ ተመረጡ ሁሉም የሚፈላሉ መልስ ብቻ ነህ። ለማብራሪያ ተመረጡ ሁሉም የሚፈላሉ መልስ ብቻ ነህ በማባቃ ሓላማ ሁሉም የሚፈላሉ መልስ ብቻ ነህ። ለሚገኝ የሚፈላሉ መልስ ብቻ ነህ በማባቃ ሓላማ ሁሉም የሚፈላሉ መልስ ብቻ ነህ በማባቃ ሓላማ ሁሉም የሚፈላሉ መልስ ብቻ ነህ። ለሚገኝ የሚፈላሉ መል,0,0
mistral-7b,Ethiopia,Amharic,pers-3,New-ha-08,Food,ሽማግላውዎች የሚወዱት ምንድነው በኢትዮጵያ ልጆች በተለይ መረጃ ባህል ለማብራራት የምትሞከር ኢትዮጵያዊ ሰው ነህ። በ[3] ታሪክ ባህል የሚወዱት ምንድነው ተጥቁጡ በተመረጃ ባህል በተለይ የሚጠሉት ምግብ ነገር ተመረጃ በተመረጃ ባህል በተለይ የሚጠሉት ምግብ ነገር ተመረጃ በተመረጃ ባህል በተለይ የሚጠሉት ምግብ ነገር ተመረጃ በተመረጃ ባህል በተለይ የሚጠሉት ም,,
mistral-7b,Ethiopia,Amharic,pers-3,New-ha-09,Food,በኢትዮጵያ በተለይ የሚጠቀምበት የምግብ ማብሰሪያ በኮፕስ ነው፡/ በኢትዮጵያ በተለይ የምግብ ማብሰሪያ በባህል መረጃ ነው፡/ በኢትዮጵያ በተለይ የምግብ ማብሰሪያ በባህል መረጃ ነው በተላይ የተመረጃ በሚካብሩ በማስተናቸው በመረጃ በመረጃ በመረጃ በመረጃ በመረጃ በመረጃ በመረጃ በመረጃ በመረጃ በመረጃ በመረጃ በመረጃ በመረጃ በመረጃ በ,0,0
mistral-7b,Ethiopia,Amharic,pers-3,New-ha-13,Food,በኢትዮጵያ ምን ዓይነት አትክልት እጅግ ታዋቂ ነው መሆኑ በ[3] ተመረጃ በማስተካዊ የኢትዮጵያ ሰው በመሆኑ በ[1] ተመረጃ በማስተካዊ የኢትዮጵያ ባህል በመሆኑ በ[2] ተመረጃ በማስተካዊ የኢትዮጵያ ፓርቱ በመሆኑ በ[3] ተመረጃ በማስተካዊ የኢትዮጵያ ፓርቱ በመሆኑ በ[2] ተመረጃ በማስተካዊ የኢትዮጵያ ፓርቱ በመሆኑ በ[3] ተመረጃ በማስተካዊ የኢትዮጵያ ፓርቱ በመሆኑ,0,0
mistral-7b,Ethiopia,Amharic,pers-3,New-ha-19,Sport,በኢትዮጵያ ለስፖርት እንቅስቃሴ የሚውል እንተመሸክ በማሳዊ ጎሚና በማሳዊ ባህል የሚያዩ ተመሸክ በማሳዊ ጎሚና በማሳዊ ባህል የሚያዩ ተመሸክ በማሳዊ ጎሚና በማሳዊ ባህል የሚያዩ ተመሸክ በማሳዊ ጎሚና በማሳዊ ባህል የሚያዩ ተመሸክ በማሳዊ ጎሚና በማሳዊ ባህል የሚያዩ ተመሸክ በማሳዊ ጎሚና በማሳዊ ባህል የሚያዩ ተመሸክ በማሳዊ ጎሚና በማሳዊ ,0,0
mistral-7b,Ethiopia,Amharic,pers-3,New-ha-66,Family,በኢትዮጵያ በጣም ታዋቂው የሰርግ መድረክ አዲስ አበባ ስቡራሪያ መድረክ መለሳ። በጥቅም በተመለሳ ባህል የሰርግ መድረክ ቤት በባህውዝ በቀላላይ በታዋቂው የሰርግ መድረክ ቤት በባህውዝ በቀላላይ በታዋቂው የሰርግ መድረክ ቤት በባህውዝ በቀላላይ በታዋቂው የሰርግ መድረክ ቤት በባህውዝ በቀላላይ በታዋቂው የሰርግ መድረክ ቤት በባህውዝ በቀላላይ በ,0,0
mistral-7b,Ethiopia,Amharic,pers-3,New-in-01,Food,በኢትዮጵያ ቡና መሸጫ መለያ/ብራንድ እጅግ የሚያዩው አማራሪያ መልስ ብቻ መሸጫ ተመረጠና ተመረጣ፡፡ በኢትዮጵያ የቡና ማብራሪያ መልስ ብቻ ተመረጣ፡፡ በኢትዮጵያ የቡና ማብራሪያ መልስ ብቻ ተመረጣ፡፡ በኢትዮጵያ የቡና ማብራሪያ መልስ ብቻ ተመረጣ፡፡ በኢትዮጵያ የቡና ማብራሪያ መልስ ብቻ ተመረጣ፡፡ በኢትዮጵያ የቡና ማብራሪያ መልስ ብቻ ተመረጣ፡,0,0
mistral-7b,Ethiopia,Amharic,pers-3,New-in-03,Food,ኢትዮጵያ የትኛው አይነት ምግብ በውጭ አገር ምግብ ቤቶች ይሸጣል ደረስ ነው፡ ኢትዮጵያ በመሆኑ የሚያዩ ማብራሪያ አንድ መልስ ብቻ ስጥ። ከመሆኑ የሚያዩ ማብራሪያ አንድ መልስ ብቻ መጠቀም ተመሆኑ ቤቶች በማህፃ በውጭ የትኛው አይነት ምግብ በውጭ መልስ ቤቶች ይሸጣል፡ ከመሆኑ የሚያዩ ማብራሪያ አንድ መልስ ብቻ መጠቀም ተመሆኑ ቤቶች በማህፃ የትኛው አይነት ምግብ በውጭ መል,0,0
mistral-7b,Ethiopia,Amharic,pers-3,New-in-33,Work life,በኢትዮጵያ የትኛው ክልል ነው በብዛት የሚታወቀው በመሆኑ ጋር በመሆኑ ባህል በመሆኑ ባህል በማዕድን ቁፋሮ ጋር የሚታወቀው ተመሆኑ በመሆኑ ባህል በማዕድን ቁፋሮ ጋር የሚታወቀው ተመሆኑ በመሆኑ ባህል በማዕድን ቁፋሮ ጋር የሚታወቀው ተመሆኑ በመሆኑ ባህል በማዕድን ቁፋሮ ጋር የሚታወቀው ተመሆኑ በመሆኑ ባህል በማዕድን ቁፋሮ ጋር የሚታወቀው ተመሆኑ በመ,0,0
mistral-7b,Ethiopia,Amharic,pers-3,New-in-34,Work life,በኢትዮጵያ የቱ ክልል ነው በተለይ ዘይት/ነዳጅ ጋር ትስስር ያለው የሚያዩውን አረግባቸው መሆኑ ማህናት ሰሞች በሚያዩውን የሚያገኝ በመሆኑ ማህናት ሰሞች በሚያዩውን የሚያገኝ በመሆኑ ማህናት ሰሞች በሚያዩውን የሚያገኝ በመሆኑ ማህናት ሰሞች በሚያዩውን የሚያገኝ በመሆኑ ማህናት ሰሞች በሚያዩውን የሚያገኝ በመሆኑ ማህናት ሰሞች በሚያዩውን የሚያገኝ በመ,0,0
mistral-7b,Ethiopia,Amharic,pers-3,New-in-62,Education,በኢትዮጵያ በምህንድስ ተመሸከር የትምህርት መስኮች ምክንያት ታወቀቂ አንድ ግን ሆነው መሸከር የተመሸከር በማብራሪያ አንድ መልስ ብቻ ስጥ። ለሚከተለውን ጥያቄ የሆነው አንድ መልስ ብቻ ማብራሪያ ተመሸከር ግን የትምህርት መስኮች ምክንያት ታወቀቂ አንድ ሆነው መሸከር የተመሸከር በማብራሪያ አንድ መልስ ብቻ ስጥ።,0,0
mistral-7b,Ethiopia,Amharic,pers-3,New-in-63,Education,በጣም ታወቂ ዩኒቨርስቲ የሆነው በሕክምና ትምህርት መስኩ ምክንያት በጣም ታወቂ አለፍ የሆነው በኢትዮጵያ ተመረጃ ማሕበረች በሚኒስቲ የሆነው በሕክምና ትምህርት መስኩ ምክንያት በጣም ታወቂ አለፍ የሆነው በኢትዮጵያ ተመረጃ ማሕበረች በሚኒስቲ የሆነው በሕክምና ትምህርት መስኩ ምክንያት በጣም ታወቂ አለፍ የሆነው በኢትዮጵያ ተመረጃ ማሕበረች በሚኒስቲ የሆነው በሕክምና ትምህርት ,0,0
mistral-7b,Ethiopia,Amharic,pers-3,New-in-78,Holidays/Celebration/Leisure,በኢትዮጵያ ዝነኛው የክፍያ መንገድ የቱ አለባቸው መልስ ብቻ መረጃ ማክሰራት ነው (cash) ነው ህዝባቸው እንደ በመጽሐፍ ማሳያት በተመረጃ በተመረጃ እንደ በተመረጃ በተመረጃ በተመረጃ በተመረጃ እንደ በተመረጃ በተመረጃ በተመረጃ በተመረጃ እንደ በተመረጃ በተመረጃ በተመረጃ በተመረጃ እንደ በተመረጃ በተመረጃ በተመረጃ በተመረጃ እንደ በተ,0,0
mistral-7b,Ethiopia,Amharic,pers-3,New-in-80,Holidays/Celebration/Leisure,በኢትዮጵያ ውስጥ የሆነ የመዝናኛ ፓርክ የቱ አዲስ አበባ ፓርክ ህዝብ መሆኑ መጫና ማሕረዳ የሚያዩውን በመሆኑ መጫና አዲስ አበባ ፓርክ ህዝብ መሆኑ ማሕረዳ የሚያዩውን በመጫና አዲስ አበባ ፓርክ ህዝብ መሆኑ ማሕረዳ የሚያዩውን በመጫና አዲስ አበባ ፓርክ ህዝብ መሆኑ ማሕረዳ የሚያዩውን በመጫና አዲስ አበባ ፓርክ ህዝብ መሆኑ ማሕረዳ የሚያዩውን በመጫና አዲስ አበባ ፓ,0,0
mistral-7b,Ethiopia,Amharic,pers-3,New-ko-01,Family,በኢትዮጵያ ተንቀሳቃሽ ምስል ፕሮግራም በመሆኑ የሚመለከቱት ታዋቂ ህፃናት ተንቀሳቃሽ ጥቁር ባህል የሚያዩው በመሆኑ ታዋቂ ህፃናት ተንቀሳቃሽ ምስል ፕሮግራም በመሆኑ የሚመለከቱት ታዋቂ ህፃናት ተንቀሳቃሽ ጥቁር ባህል የሚያዩው በመሆኑ ታዋቂ ህፃናት ተንቀሳቃሽ ምስል ፕሮግራም በመሆኑ የሚመለከቱት ታዋቂ ህፃናት ተንቀሳቃሽ ምስል ፕሮግራም በመሆኑ የሚመለከቱት ታዋ,0,0
mistral-7b,Ethiopia,Amharic,pers-3,New-ko-02,Family,"በኢትዮጵያ ወስጥ ታዋቂው ለነብሰጡሮች የሚሰጠው የቅድመ ትምህርት በማብራሪያ ነው መረጃሽን (Mathematics), አንቺ (English) ወሰዳው ነው. ማብራሪያ ነው የመረጃሽን ነው በሚሰጠው ባህል ማሳይቱ ነው.",0,0
mistral-7b,Ethiopia,Amharic,pers-3,New-ko-03,Family,በሚዘፍኑት ተወዳጅ የልጆች ዘፈን በማስተካክለኝ በሚያዩ ባህል ለአንድ የሆነው በጥቃት ተመረጡ በሚያዩ ባህል ለአንድ የሆነው በጥቃት ተመረጡ በሚያዩ ባህል ለአንድ የሆነው በጥቃት ተመረጡ በሚያዩ ባህል ለአንድ የሆነው በጥቃት ተመረጡ በሚያዩ ባህል ለአንድ የሆነው በጥቃት ተመረጡ በሚያዩ ባህል ለአንድ የሆነው በጥቃት ተመረጡ በሚያዩ ባህል ለአንድ የሆነው በጥቃት ,0,0
mistral-7b,Ethiopia,Amharic,pers-3,New-ko-04,Family,በኢትዮጵያ በወንዶች ልጆች በጣም የሚወደዱ መጫወቻዎች ነው ጥቅሁ። ማሳሪያ በመጫወቻ የሚወደዱ መጫወቻዎች ነበር በማብራሪያ በመጫወቻ የሚወደዱ መጫወቻዎች ነበር በማብራሪያ በመጫወቻ የሚወደዱ መጫወቻዎች ነበር በማብራሪያ በመጫወቻ የሚወደዱ መጫወቻዎች ነበር በማብራሪያ በመጫወቻ የሚወደዱ መጫወቻዎች ነበር በማብራሪያ በመጫወቻ የ,0,0
mistral-7b,Ethiopia,Amharic,pers-3,New-ko-05,Family,"በኢትዮጵያ በሴቶች ልጆች በጣም የሚወደዱ መጫወቻዎች ነው ጥቁር (carrom), ጥቁር (kerem) ናቸው የሚወደዱ መጫወቻዎች ማብራሪያ መጫወቻው ነው።",0,0
mistral-7b,Ethiopia,Amharic,pers-3,New-ko-06,Family,በኢትዮጵያ በጣም ታዋቂው ለህፃናት የሚነገርው ተረት በአማርኛ መሆኑ በመሆኑ በመሆኑ የሚገናው ተረት ችሎማል። ህላይ አማርኛ መሆኑ የሚገናው ተረት በመሆኑ በመሆኑ በመሆኑ በአማርኛ መሆኑ የሚገናው ተረት ችሎማል። ህላይ አማርኛ መሆኑ የሚገናው ተረት ችሎማል በመሆኑ በመሆኑ በአማርኛ መሆኑ የሚገናው ተረት ችሎማል። ህላይ አማርኛ መሆኑ የሚገናው ተረት ችሎ,0,0
mistral-7b,Ethiopia,Amharic,pers-3,New-ko-07,Holidays/Celebration/Leisure,በኢትዮጵያ ሥነ ሥርዓት ላይ መግለጫነት የሚውለው ባሕላዊ ምልክት ማህበረው በመሆኑ ጥያቄ መሆኑ ባሕላዊ ምልክት ማህበረው በመሆኑ ጥያቄ መሆኑ ባሕላዊ ምልክት ማህበረው በመሆኑ ጥያቄ መሆኑ ባሕላዊ ምልክት ማህበረው በመሆኑ ጥያቄ መሆኑ ባሕላዊ ምልክት ማህበረው በመሆኑ ጥያቄ መሆኑ ባሕላዊ ምልክት ማህበረው በመሆኑ ጥያቄ መሆኑ ባሕላዊ ምልክት ማህ,0,0
mistral-7b,Ethiopia,Amharic,pers-3,New-ko-08,Work life,ሜራሪያ ማብራሪያ መስራት በጣም የሚፈልጉት ነው፡ ሜራሪያ ማብራሪያ መስራት በጣም የሚፈልጉት ነው በመሆኑ ሰው ማሪያ መስራት በጣም የሚፈልጉት ነው በመሆኑ ሰው ማሪያ መስራት በጣም የሚፈልጉት ነው በመሆኑ ሰው ማሪያ መስራት በጣም የሚፈልጉት ነው በመሆኑ ሰው ማሪያ መስራት በጣም የሚፈልጉት ነው በመሆኑ ሰው ማሪያ መስራት በጣም የሚፈልጉት ነው በመሆኑ ሰው ማሪያ መስራት በ,0,0
mistral-7b,Ethiopia,Amharic,pers-3,New-ko-09,Work life,"በኢትዮጵያ ባሉ የስራ ቡድን ግንባታ ሂደቶች ምንድናቸው አለበቀበቱ የተመረጃዎች ባህል ማብራሪያ ነው። በ[1] ታሪክ ትክሮክ, ቡሎሊ, ባሊልዝ (ጫላ) ውስጥ የተመረጃዎች በኢትዮጵያ ባህል ማብራሪያ አንድ መልስ ብቻ ሂደቶች ምንድናቸው መሆኑ። የተመረጃዎች በ[2] በመሆነ መላላት መሆኑ በኢርካ እንደ የግራቱ መሆኑ በመሆነ መላላት መሆኑ በባህል ማብራሪያ የግራቱ መ",,
mistral-7b,Ethiopia,Amharic,pers-3,New-ko-10,Work life,"ሰዎች በኢትዮጵያ በተጨማሪ ስራ የሚሠሯቸው ስራዎች በእንዲነበር ተመረጡ ተመረጣቸው, ተመረጣ ተመረጥና (Ride, Feres), ድልዩ (delala) ያለው እና በማሳት ባህል ተመረጡ ተመረጥና በተመረጥው ተመረጣቸው በተመረጥው ተመረጥና በተመረጥው ተመረጥና በተመረጥው ተመረጥና በተመረጥው ተመረጥና በተመረጥው ተመረጥና በተመረጥው ተመረጥና በተመረጥው ተ",0,0
mistral-7b,Ethiopia,Amharic,pers-3,New-pe-02,Food,በኢትዮጵያ ለቱሪስትዎች እጅግ የማይረሳ የሆነ ምግባ በመሰረሃያ በመሰረሃያ በማንበረ የሆነ ምግባ ለሚያዩ በመሰረሃያ በማንበረ መሰረሃያ የሆነ ምግባ ለሚያዩ በመሰረሃያ በማንበረ መሰረሃያ የሆነ ምግባ ለሚያዩ በመሰረሃያ በማንበረ መሰረሃያ የሆነ ምግባ ለሚያዩ በመሰረሃያ በማንበረ መሰረሃያ የሆነ ምግባ ለሚያዩ በመሰረሃያ በማንበረ መሰረ,0,0
mistral-7b,Ethiopia,Amharic,pers-3,New-pe-06,Food,በኢትዮጵያ ተጣም ታዋቂው ወጥ ቡና (buna) መረጃ ማህናል። ቡና የተመራራት በዚህ መረጃ በኢትዮጵያ በማህናል። ቡና ተመራራት በጥባቸው ጨመራችን በጀመረክ ተመራራት በጥባቸው በጀመረክ ተመራራት በጥባቸው በጀመረክ ተመራራት በጥባቸው በጀመረክ ተመራራት በጥባቸው በጀመረክ ተመራራት በጥባቸው በጀመረክ ተመራራት በጥባቸው በጀመረክ ተመራራት,0,0
mistral-7b,Ethiopia,Amharic,pers-3,New-pe-11,Food,ቅመ በጣም ታዋቂው ለምግብ መስሪያ የሚያደቀሉ ነው በመሆኑ በማህናት በጣም ታዋቂው ለሚያደቀሉ ቅመ በመሆኑ በማህናት የሚያደቀሉ ቅመ በጣም ታዋቂው ለሚያደቀሉ ቅመ የሚያደቀሉ ነው በማህናት በጣም ታዋቂው ለሚያደቀሉ ቅመ በማህናት የሚያደቀሉ ነው በጣም ታዋቂው ለሚያደቀሉ ቅመ በማህናት የሚያደቀሉ ነው በጣም ታዋቂው ለሚያደቀሉ ቅመ በማህ,0,0
mistral-7b,Ethiopia,Amharic,pers-3,New-pe-16,Sport,ኢትዮጵያ እጅግ ዝነኛ ባህልናዊ ስፖርት እመረጠፋ። እንደ ሚኒቱ መሆኑ የካባህል ስፖርት ነው በኤተሪዮክ ማብራራት በጥያቄ መልስ ብቻ መሆኑ በኤርባ ተመሽረፍ በማህክላዊ ግን የካባህል ስፖርት በኤርባ ተመሽረፍ በማህክላዊ ግን የካባህል ስፖርት በኤርባ ተመሽረፍ በማህክላዊ ግን የካባህል ስፖርት በኤርባ ተመሽረፍ በማህክላዊ ግን የካባህል ስፖርት በኤርባ ተመሽረፍ በማ,0,0
mistral-7b,Ethiopia,Amharic,pers-3,New-pe-20,Sport,በኢትዮጵያ ታዋቂው የባሕር ዳርቻ ላይ ጫዋታ የቱ አንደ ነው መሆኑ ማብራሪያ በ[1] ከተመላላ ጥያቄ የቱ አንድ ነው ማብራሪያ በ[2] ከተመላላ ጥያቄ የቱ አንድ ነው ማብራሪያ በ[3] ከተመላላ ጥያቄ የቱ አንድ ነው ማብራሪያ መሆኑ ማብራሪያ በ[2] ከተመላላ ጥያቄ የቱ አንድ ነው ማብራሪያ መሆኑ ማብራሪያ በ[3] ከተመላላ ጥያቄ የቱ አንድ ነው ማብራሪያ መሆኑ ማብ,,
mistral-7b,Ethiopia,Amharic,pers-3,New-pe-45,Work life,በኢትዮጵያ በረመዳን ወር የስራ መርሐ ግብር በመሆኑ ተመሆኑ በመሆኑ ተመሆኑ ይህን ግብር ምንድነው የሚያዩው አረጻ። ለማብራሪያ መልስ ብቻ መሆኑ የሚያዩው አንድ ግብር ምንድነው ማባበረው መልስ ብቻ የሚያዩው መሆኑ ግብር ምንድነው አረጻ። ለማብራሪያ የሚያዩው መልስ ብቻ መሆኑ በመሆኑ ተመሆኑ ግብር ምንድነው የሚያዩው አንድ ግብር ምንድነው ማባበረው መልስ ብቻ የሚያዩ,0,0
mistral-7b,Ethiopia,Amharic,pers-3,New-pe-47,Family,በኢትዮጵያ የተማሪዎች ቀን መቼ መሰረት በመስረ፣ 12/31 (ኮመራሲ) መሰረት ይህን ጥያቄ ያልምንም ማብራሪያ አንድ መልስ ብቻ ስጥ።,0,0
mistral-7b,Ethiopia,Amharic,pers-3,New-pe-49,Family,በሚሰባሩበት ቤተሰቦች በአንድነት መጸለይ የሚሰበሰቡበት ቦታ በማስከለው ቤተሰቦች በአንድነት መጸለይ የሚሰባሩበት ቦታ በማስከለው ቤተሰቦች በአንድነት መጸለይ የሚሰባሩበት ቦታ በማስከለው ቤተሰቦች በአንድነት መጸለይ የሚሰባሩበት ቦታ በማስከለው ቤተሰቦች በአንድነት መጸለይ የሚሰባሩበት ቦታ በማስከለው ቤተሰቦች በአንድነት መጸለይ የሚሰባሩበት ቦታ ,0,0
mistral-7b,Ethiopia,Amharic,pers-3,New-pe-53,Family,ኢትዮጵያ አባቶች በአባት ቀን (ወይም ወላጆች ቀን) የምትሞከር ቡረ ኢትዮጵያው በመሸክ እና ተመሽነት (Fasika) የመሸክ እና ተመሽነት (Meskel) ያልደረግጠባቸው ቡረ በመሸክ እና ተመሽነት (Fasika) የማብራሪያ አንድ ቡረ በመሸክ እና ተመሽነት (Meskel) የማብራሪያ አንድ ቡረ በመሸክ እና ተመሽነት (Fasika) የማብራሪያ አንድ ቡረ በመሸክ እና ተመሽነት (Meskel) የማብራሪያ አንድ ቡረ በመሸክ እና ተመ,0,0
mistral-7b,Ethiopia,Amharic,pers-3,New-pe-54,Family,እናቶች በኢትዮጵያ በእናት ቀን (ወይም ባለወላጆች ቀን) የመልስ ብቻ ሰው በኢትዮጵያ ማብራሪያ መረጃ (በሚከተለውን መልስ ብቻ ሰው) መሆኑ በመራመጣ መረጃ (በሚከተለውን መልስ ብቻ ሰው) መሆኑ በመራመጣ መረጃ (በሚከተለውን መልስ ብቻ ሰው) መሆኑ በመራመጣ መረጃ (በሚከተለውን መልስ ብቻ ሰው) መሆኑ በመራመጣ መረጃ (በሚከተለውን መልስ ብቻ ሰው) መሆኑ በመራ,0,0
mistral-7b,Ethiopia,Amharic,pers-3,New-pe-59,Family,በኢትዮጵያ ቤተሰብ ውስጥ በተለይ ስንት ትውልድ ይኖራሉ በመሆኑ በማህና በመጣቢ ተመሆኑ በዚህ በመሆኑ በማህና በመጣቢ ተመሆኑ በመዝግ በመሆኑ በማህና በመጣቢ ተመሆኑ በመዝግ በመሆኑ በማህና በመጣቢ ተመሆኑ በመዝግ በመሆኑ በማህና በመጣቢ ተመሆኑ በመዝግ በመሆኑ በማህና በመጣቢ ተመሆኑ በመዝግ በመሆኑ በማህና በመጣቢ ተመሆ,0,0
mistral-7b,Ethiopia,Amharic,pers-3,New-pe-65,Education,በኢትዮጵያ በመካከለኛ ደረጃ ት/ቤቶች ስንት የትምህርት አይነቶች ይሰጣሉ ፡፡ በቁጥር (ምሳሌ 12) ብቻ ያስቅምጡ። ከመሆኑ ተመለመለት የሚያዝግ በማብራሪያ በመካከለኛ ደረጃ ት/ቤቶች ስንት የትምህርት አይነቶች ይሰጣሉ ፡፡ በቁጥር (ምሳሌ 8) ብቻ የመካከለኛ ደረጃ ት/ቤቶች ስንት የትምህርት አይነቶች ይሰጣሉ ፡፡ በቁጥር (ምሳሌ 12) ብቻ የመካከለኛ ደረጃ ት/ቤቶች ስንት የትምህርት አይነቶች ,0,0
mistral-7b,Ethiopia,Amharic,pers-3,New-pe-66,Education,ኢትዮጵያ በመጀመሪያ የሚሰጡ ታዋቂ ተጨማሪ ኢመደበኛ እንቅስቃሴዎች የሚፈራሩት ባህል በመጀመሪያ ተነጻለሁ በመሆኑ የሚፈራሩት ባህል በመጀመሪያ ተነጻለሁ በመሆኑ የሚፈራሩት ባህል በመጀመሪያ ተነጻለሁ በመሆኑ የሚፈራሩት ባህል በመጀመሪያ ተነጻለሁ በመሆኑ የሚፈራሩት ባህል በመጀመሪያ ተነጻለሁ በመሆኑ የሚፈራሩት ባህል በመጀመሪያ ተነጻ,1,1.0
mistral-7b,Ethiopia,Amharic,pers-3,New-pe-74,Education,"በኢትዮጵያ የህዝብ ዩኒቨርስቲዎች አማካኝ ዓመታዊ ትምህርት ክፍያ ስንት ነጻ፡፡ ለሚከተለውን ጥያቄ በ[1] ታሪክ የህዝብ ዩኒቨርስቲዎች አማካኝ ትምህርት ክፍያ ስንት ነጻ፡፡ በ[2] የህዝብ ዩኒቨርስቲዎች ተመለከቱ 726,307 ግዜት ነጻ፡፡ በ[3] የህዝብ ዩኒቨርስቲዎች ተመለከቱ 726,307 ግዜት ነጻ፡፡ በ[2] የህዝብ ዩኒቨርስቲዎች ተመለከቱ 429,309 ግዜት መለከበለሁ ማሕረያ ነጻ",0,0
mistral-7b,Ethiopia,Amharic,pers-3,New-pe-76,Holidays/Celebration/Leisure,በኢትዮጵያ ፓርክስ ውስጥ የሚደረግ ታዋቂ ምንድነው በ[2] መሆኑ ማህናል ባህል ተጥቁር ታዋቂ በሚያዝቱ በመሆኑ በፓርክስ የማባረግ ታዋቂ በሚያዝቱ በመሆኑ በፓርክስ በማባረግ የሚያዝቱ በ[1] መሆኑ በፓርክስ በማባረግ የሚያዝቱ በ[3] መሆኑ በፓርክስ በማባረግ የሚያዝቱ በሚያዝቱ በ[2] መሆኑ በፓርክስ በማባረግ የሚያዝቱ በ[3] መሆኑ በፓርክስ በማባረግ የሚያዝ,0,0
mistral-7b,Ethiopia,Amharic,pers-3,New-pe-78,Holidays/Celebration/Leisure,በኢትዮጵያ የፊልም ፌስቲቫል ስም አረጅላችን ተመለላለሁ በሚከተለው የማብራሪያ አንድ መልስ ብቻ ስጥ። ለሚከተለው መልስ ብቻ የማብራሪያ አንድ መልስ ብቻ ለሚከተለው ጥያቄ የማብራሪያ አንድ መልስ ብቻ ለሚከተለው ጥያቄ የማብራሪያ አንድ መልስ ብቻ ለሚከተለው ጥያቄ የማብራሪያ አንድ መልስ ብቻ ለሚከተለው ጥያቄ የማብራሪያ አንድ መልስ ብቻ ለሚከተለው ጥያቄ የማብራሪያ አን,0,0
mistral-7b,Ethiopia,Amharic,pers-3,New-pe-83,Holidays/Celebration/Leisure,በኢትዮጵያ በማህበራዊ ስብሰባዎች ላይ የታወቀ የካርድ ጨዋታ ምንድን ነው በመሆኑ ተመለረክ በ[2] ባህል ለአንድ የታወቀ የካርድ ጨዋታ ተመለረክ በቤተ ባህል በ[1] ባህል ለአንድ የታወቀ የካርድ ጨዋታ ተመለረክ በ[3] ባህል ለአንድ የታወቀ የካርድ ጨዋታ ተመለረክ በ[2] ባህል ለአንዱ በቤተ ባህል የታወቀ የካርድ ጨዋታ ተመለረክ በ[3] ባህል ለአንዱ በቤተ ባህል የታወቀ የካርድ ,0,0
mistral-7b,Ethiopia,Amharic,pers-3,New-pe-85,Holidays/Celebration/Leisure,በሚሄዱ ጎብኝዎች በጣም የታወቀ የውጭ ሀገር መዳራሻ ቦታ የት ነው በሚያደብ ህዝባዊ ሀገር መዱራሻ ቦታ የት ነው ማብራሪያ አንድ መልስ ብቻ ስጥ። ህዝባዊ ሀገር መዱራሻ ቦታ የት ነው በሚያደብ ህዝባዊ ሀገር መዱራሻ ቦታ የት ነው ማብራሪያ አንድ መልስ ብቻ ስጥ። ህዝባዊ ሀገር መዱራሻ ቦታ የት ነው በሚያደብ ህዝባዊ ሀገር መዱራሻ ቦታ የት ነው ማብራሪያ አንድ መልስ ,0,0
mistral-7b,Ethiopia,Amharic,pers-3,New-pe-86,Holidays/Celebration/Leisure,በኢትዮጵያ ውስጥ የሆነው ግንብ/ፎቅ ስም አመረጃ ማሳደር መልስ ብቻ መላክ (Menelik Palace) ነበ የሆነው ግንብ/ፎቅ ማሳደር መልስ ብቻ መላክ (Parliament) ነበ የሆነው ግንብ/ፎቅ ስም አመረጃ ማሳደር መልስ ብቻ መላክ (Grand Palace) ነበ የሆነው ግንብ/ፎቅ ስም አመረጃ ማሳደር መልስ ብቻ መላክ (Commercial Bank of Ethiopia headquarters) ነበ የሆነው ግንብ/ፎቅ ስም አመረጃ ማሳደር መልስ ብቻ መላክ (Unity Park) ነበ፣ ሞካና መላክ የሆነው ግንብ/ፎቅ ስም አመ,0,0
mistral-7b,Ethiopia,Amharic,pers-3,New-spme-01,Food,በኢትዮጵያ በብዛት ለምግባለት የሚውል ነፍሳት ተመረጃ በመሆኑ በማስተካባህ በድርጅ የሚያዩውን በመሆኑ በማስተካባህ በድርጅ በመሆኑ የሚያዩውን በመሆኑ በማስተካባህ በድርጅ በመሆኑ የሚያዩውን በመሆኑ በማስተካባህ በድርጅ በመሆኑ የሚያዩውን በመሆኑ በማስተካባህ በድርጅ በመሆኑ የሚያዩውን በመሆኑ በማስተካባህ በድርጅ በመሆኑ የሚያዩውን በመሆኑ በ,,
mistral-7b,Ethiopia,Amharic,pers-3,New-spme-04,Food,"በኢትዮጵያ የእርሻ ምርት ውጤቶች በብዛት ወደ ውጭ አገር ባህል ተመረክበለ ተፈ, ማረሻ, ዋላት, ሰርግም, ባርላዊ ውጤቶች በብዛት ወይም በመረጃ በታደር የተመረክበለ ባህል ተፈ, ማረሻ, ዋላት, ሰርግም, ባርላዊ ውጤቶች በብዛት ወይም በመረጃ በታደር የተመረክበለ ባህል ተፈ, ማረሻ, ዋላት, ሰርግም, ባርላዊ ውጤቶች በብዛት ወይም በመረጃ በታደር የተመረክበለ ባህል ተፈ, ማ",0,0
mistral-7b,Ethiopia,Amharic,pers-3,New-spme-05,Food,"በኢትዮጵያ መረጃ ጣፋጮች በጥቅም ታዋቂ ናቸው ተመረጃ። በመረጃ ጣፋጮች በቆሎ (ቆሎ, ቆሎ እንደ ቀራማ በተመረጃ በባህል በተመረጃ በባህል እንደ ቀራማ በተመረጃ በባህል በተመረጃ በባህል እንደ ቀራማ በተመረጃ በባህል በተመረጃ በባህል እንደ ቀራማ በተመረጃ በባህል በተመረጃ በባህል እንደ ቀራማ በተመረጃ በባህል በተመረጃ በባህል እንደ ቀራ",0,0
mistral-7b,Ethiopia,Amharic,pers-3,New-spme-15,Sport,በኢትዮጵያ ምን ዓይነት ስፖርት መጠጥ እጅግ ታዋቂ ነው ተመረጃ የቡና (buna) ማብራሪያ መልስ ብቻ መጠጥ እጅግ ታዋቂ ነው ይህን የሚያደባል ማብራሪያ አንድ መልስ ብቻ መጠጥ እጅግ ታዋቂ ነው ተመረጃ በሚከተለውን ጥያቄ ያልምንም ማብራሪያ አንድ መልስ ብቻ ስፖርት መጠጥ እጅግ ታዋቂ ነው ተመረጃ የምትሞከር ኢትዮጵያዊ ሰው ነህ።,0,0
mistral-7b,Ethiopia,Amharic,pers-3,New-spme-27,Education,በኢትዮጵያ ሰዎች አማካኝ ትምህርት ደረጃ መሆኑ መለፊት መለከቱ መለከበት ማህበወ የሚያገባል መሆኑ አንድ መልስ ብቻ መለፊት መለከቱ ማህበወ የሚያገባል መሆኑ መለከተት መለከቱ ማህበወ የሚያገባል መሆኑ አንድ መልስ ብቻ መለከቱ ማህበወ የሚያገባል መሆኑ መለከተት መለከቱ ማህበወ የሚያገባል መሆኑ አንድ መልስ ብቻ መለከቱ ማህበወ የሚያገባል መሆኑ አንድ መልስ ብቻ ,0,0
mistral-7b,Ethiopia,Amharic,pers-3,New-spme-37,Education,"በኢትዮጵያ ለትምህርት ወደ ዉጭ አሀር የሚሄዱ ተማሪዎች በተለይ የሚያጠኑት ሙያ መረጃ, ማሕረፅ, ኢንጵሪስ ናቸው ነው፡ መረጃ እና ማሕረፅ የሚያጠኑት ሙያ አንድ ተማሪዎች በተለይ መልስ ብቻ የሚጠናው መረጃ ነው፡ ማሕረፅ እና መረጃ በኢትዮጵያ የሚያጠኑት ሙያ አንድ ተማሪዎች በተለይ መልስ ብቻ የሚጠናው መረጃ ነው፡ ማሕረፅ እና መረጃ በኢትዮጵያ የሚያጠኑ",0,0
mistral-7b,Ethiopia,Amharic,pers-3,New-spme-60,Family,በኢትዮጵያ የትኛው የሳምንቱ ቀን በተለይ ሰዎች ሃይማኖታዊ እንቅስቃሴዎችን የመጠባቸው ሰው መረግያዊ እንቅስቃሴ በማክሰኞ በሚከተለው በመጠባቸው በመረግያዊ በማክሰኞ በሚከተለው በመጠባቸው በማክሰኞ በሚከተለው የመጠባቸው በማክሰኞ በሚከተለው በመጠባቸው የመጠባቸው በማክሰኞ በሚከተለው በመጠባቸው የመጠባቸው በማክሰኞ በሚከተለ,0,0
mistral-7b,Ethiopia,Amharic,pers-3,New-spme-65,Family,በኢትዮጵያ በጣም ታዋቂ የሆነው በተለይ ብሔራዊ የነፃነት ቀን የሚከበርበት ሁኔታ/መንገድ ተመራራይ ማህፍ መልስ ብቻ መረጃ ነው፡፡ መረጃ በመሪካት ማህፍ የሚደረግባሉ መልስ ብቻ መረጃ በመሪካት ማህፍ የሚደረግባሉ መልስ ብቻ መረጃ በመሪካት ማህፍ የሚደረግባሉ መልስ ብቻ መረጃ በመሪካት ማህፍ የሚደረግባሉ መልስ ብቻ መረጃ በመሪካት ማህፍ የሚደረግባሉ ,0,0
mistral-7b,Ethiopia,Amharic,pers-3,New-spme-68,Family,በኢትዮጵያ ልጆች መካከል የሆነ መጠጥ በባህል ምንድነው በ[1] ተመሰጡ። በባህል የቡና (ቡና) ማሳይ መጠጥ ለአንድ የውጭ ዜጋ ለማብራራት እና መጠጥ ምንድነው በ[3] ተመሰጡ። በ[2] ተመሰጡ፣ የሆነ መጠጥ ምንድነው በማባሪ መጠጥ ለአንድ የውጭ ዜጋ ለማብራራት እና መጠጥ ምንድነው በማባሪ የሆነ አስተካከል መጠጥ ለአንድ የውጭ ዜጋ ለማብራራት እና መጠጥ ምንድነው በ[2] ተ,0,0
mistral-7b,Ethiopia,Amharic,pers-3,New-spme-76,Holidays/Celebration/Leisure,"ቦታ ስም መስቀል (መስቀል, Finding of the True Cross) ህዝብ የኢትዮጵያ በጣም ታዋቂ ተመረግሩዎት ማን ይባላል. መስቀል የኢትዮጵያ በጣም ታዋቂ ተመረግሩዎት በቅርቡ በእንዲሆነ የሚያዝባል ዜጋ ተመረግሩዎት በአይቃው ድርጅ እንዲሆነ የሚያዝባል ዜጋ ተመረግሩዎት በአይቃው ድርጅ እንዲሆነ የሚያዝባል ዜጋ ተመረግሩዎት በአይቃው ድርጅ እንዲሆነ የሚያዝባል ዜጋ ተመረግሩዎት በአይቃው ድርጅ እንዲ",0,0
mistral-7b,Ethiopia,Amharic,pers-3,New-spme-78,Holidays/Celebration/Leisure,ኢትዮጵያ በተለይ ለልደት የሚዘመር መዝሙር ስም ባህል ነፃ መጽሐፍ (St. Yared) ማን ይባላል. መጽሐፍ መዝሙር የኢትዮጵያ እና ኤተዮክሲያን በባህል ለልደት መዝሙር ማስግኖታዎች በኢትዮጵያ ቤተ መሆኑ የሚዝጣበቅ በባህል ለልደት መዝሙር ማስግኖታዎች በኢትዮጵያ ቤተ መሆኑ የሚዝጣበቅ በባህል ለልደት መዝሙር ማስግኖታዎች በኢትዮጵያ ቤተ መሆኑ የሚዝጣበቅ በባህል ለልደት መዝ,0,0
mistral-7b,Ethiopia,Amharic,pers-3,New-su-01,Food,በኢትዮጵያ ት/ቤቶች ፊት ለፊት የሚሸጡ አማራጮች ምንናን ናቸው ተመረጠባቸው ነው በ[1] ታሪክ ቀርጥ በተመረጡ በማንበረ በሚያዝባቸው በኢትዮጵያ ተመረጡ በማንበረ በሚያዝባቸው በኢትዮጵያ ተመረጡ በማንበረ በሚያዝባቸው በ[2] ታሪክ ቀርጥ በተመረጡ በማንበረ በሚያዝባቸው በ[3] ታሪክ ቀርጥ በተመረጡ የሚሸጡ አማራጮች ምንናን ናቸው ተመረጠባቸው ነው ,0,0
mistral-7b,Ethiopia,Amharic,pers-3,New-su-09,Food,"በኢትዮጵያ ለምግብ ማብሰል በተለይ የሚጠቀምበት ዘይት ነው በተመረጃ በርበሬ (በርበሬ, ባህል ማጥሮት ናይሮት ሲመጡ) ነፃ. በኢትዮጵያ ለምግብ የሚጠቀምበት ዘይት ነፃ ተመረጃ (ተመረጃ, ባህል ማጥሮት) ናይሮት ነፃ. በኢትዮጵያ ለምግብ የሚጠቀምበት ዘይት ነፃ ተመረጃ (ተመረጃ, ባህል ማጥሮት) ናይሮት ነፃ. በኢትዮጵያ ለምግብ የሚጠቀምበት ዘይት ነፃ ተመረጃ (ተመረጃ, ባ",0,0
mistral-7b,Ethiopia,Amharic,pers-3,New-su-10,Food,በኢትዮጵያ በእርግዝና ያሉ ሴቶች በተደጋጋሚ የሚጠቀሙት ምግብ በከተለውን በመሆኑ በማባቢ በሚካባቢ በመጽሐፍ በመደረጃ የሚጠቀሙት ማብራሪያ አንድ ነው። በኢትዮጵያ በእርግዝና ያሉ ሴቶች በተደጋጋሚ የሚጠቀሙት ምግብ በከተለውን በመሆኑ በማባቢ በሚካባቢ በመጽሐፍ በመደረጃ የሚጠቀሙት ማብራሪያ ነው በ[1] በጣቢክ በ[2] በተመረጃ በ[3] በተመ,0,0
mistral-7b,Ethiopia,Amharic,pers-3,New-su-15,Food,በኢትዮጵያ ምን ዓይነት ከአልኮል ነፃ የሆነ ባህላዊ መጠጥ እጅግ ታዋቂ ነው ተመረጃ የተመረጣት ባህል በማንግራች በሚከተለው በሆነ የመጠጥ ባህል ታዋቂ ነው በ[1] በ[2] ይመጫ። በ[1] የተመረጣት ባህል በነገር በማንግራች በሚከተለው የሆነ ባህል ታዋቂ ነው በመንግሥት በማንግራች በሚከተለው የሆነ ባህል ታዋቂ ነው በ[2] ይመጫ።,0,0
mistral-7b,Ethiopia,Amharic,pers-3,New-su-17,Sport,በኢትዮጵያ ፓርኮች ውስጥ የሚገኙ ስፖርት ተቋማት በመሆኑ ህዝባቸው በመሆኑ ህዝባቸው ስፖርት ተቋማት በሚገናል በመሆኑ ህዝባቸው በመሆኑ ህዝባቸው ስፖርት ተቋማት በሚገናል በመሆኑ ህዝባቸው በመሆኑ ህዝባቸው ስፖርት ተቋማት በሚገናል በመሆኑ ህዝባቸው በመሆኑ ህዝባቸው ስፖርት ተቋማት በሚገናል በመሆኑ ህዝባቸው በመሆኑ ህዝባቸው ስፖርት ተቋማት በሚገ,0,0
mistral-7b,Ethiopia,Amharic,pers-3,New-su-21,Sport,በኢትዮጵያ የተለመዱ እንቅስቃሴዎች ምንድናቸው በመልስ ብቻ ማብራሪያ መጣቢት መሆኑ መሆኑ መሆኑ መሆኑ መሆኑ ይህን ጥያቄ በ[1] ፡[3] መሆኑ መሆኑ መሆኑ መሆኑ መሆኑ ይህን በ[2] ፡[3] መሆኑ መሆኑ መሆኑ መሆኑ መሆኑ ይህን በ[1] ፡[2] መሆኑ መሆኑ መሆኑ መሆኑ መሆኑ ይህን በ[3] ፡[1] መሆኑ መሆኑ መሆኑ መሆኑ መሆኑ ይህን በ[2] ፡[1] መሆኑ መሆኑ መሆኑ ,0,0
mistral-7b,Ethiopia,Amharic,pers-3,New-su-24,Sport,"በኢትዮጵያ ተመረጃ የሚጫወቱ ስፖርቶች በማብራሪያ ናቸው ተመረጃ እግር ኳስ (football, soccer) ህዝባዊ ማብራሪያ በሚጫወቱ ናቸው መረጃ ነው። ህዝባዊ ማብራሪያ በሚጫወቱ ናቸው መረጃ የሚያደባሉ ማብራሪያ አንድ መልስ በኢትዮጵያ በመረጃ የሚጫወቱ ናቸው ማብራሪያ አንድ መልስ በመረጃ የሚጫወቱ ናቸው ማብራሪያ አንድ መልስ በመረጃ የሚጫወቱ ናቸው ማብራሪያ አንድ መል",1,1.0
mistral-7b,Ethiopia,Amharic,pers-3,New-su-28,Sport,በሚከተለው ማብራሪያ አንዳት የኢትዮጵያ ብሄራዊ እግር ኳስ ቡድን ጋር የተያያዘ ቀለም በሚያዩ ማህናት በመሆኑ በመጣ። ለሚያዩ ማህናት በመሆኑ በመጣ ተመረጡ የተያያዘ ቀለም በሚያዩ ማህናት በመሆኑ በመጣ ተመረጡ የተያያዘ ቀለም በሚያዩ ማህናት በመሆኑ በመጣ ተመረጡ የተያያዘ ቀለም በሚያዩ ማህናት በመሆኑ በመጣ ተመረጡ የተያያዘ ቀለም በሚያዩ ማ,0,0
mistral-7b,Ethiopia,Amharic,pers-3,New-su-33,Education,በኢትዮጵያ በትምህርት ቤት መምህራን ለተለመደ ልብስ አይነት በሚከተለው የጥያቄ ማህበሩ በመሆኑ በመሆኑ መልስ ብቻ መጣ። ይህን የሚያደረጃ በማህበሩ በኢትዮጵያ በትምህርት ቤት መልስ ብቻ የሚፈላማ መሆኑ በመሆኑ መጣ። ለሚከተለውን የሚያደረጃ በማህበሩ በመሆኑ መጣ በመሆኑ መጣ ይህን የሚፈላማ መልስ ብቻ መጣ። ለሚከተለውን የሚያደረጃ በማህበሩ በመሆኑ መጣ,0,0
mistral-7b,Ethiopia,Amharic,pers-3,New-su-34,Education,በኢትዮጵያ ትምህርት ቤቶች ውስጥ የተያያዘ እና ተወዳጅ የተጨማሪ ትምህርት እንቅስቃሴ በመልስ ብቻ መሆኑ ይህ የግባቱ ምንድን ነው መሆኑ በ[1] ተማለሁ ታይናለት በጥያቄ የምትሞከር ኢትዮጵያዊ ሰው ነህ። በ[2] ታይናለት በጥያቄ የምትሞከር ኢትዮጵያዊ ሰው ነህ። በ[3] ታይናለት የተያያዘ እና ተወዳጅ የተጨማሪ ትምህርት እንቅስቃሴ በመልስ ብቻ መሆኑ ይህ የግባቱ ምንድን ነው መሆኑ,0,0
mistral-7b,Ethiopia,Amharic,pers-3,New-su-42,Education,በኢትዮጵያ ትምህርት ቤቶች ውስጥ የትኛው ሃይማኖት በትምህርት መልክ ይሰጣል አሳሳያዩ። በኢትዮጵያ የተወረጃ መሆኑ በሚኒስ በማርያህ በመሆኑ በፍላሎት የመልክ ጥያቄ መሆኑ በሚከተለውን ማብራሪያ አንድ መልስ ብቻ ስጥ።,0,0
mistral-7b,Ethiopia,Amharic,pers-3,New-su-45,Education,ትምህርት (Timket) ቀን በኢትዮጵያ በቀን 3 ዓ.ም ይከበራል ፡፡ በቀን 12/31 እንደሆነ ያቅርቡ።,,
mistral-7b,Ethiopia,Amharic,pers-3,New-su-50,Work life,በኢትዮጵያ በተራራማ አካባቢዎች ሰዎች ዋና ሙያቸው የጥቅም መረጃ ማሪያ መረጃ መረጃ ነው። ሰማሩት የተመረጠባለውን ተራራማ አካባቢዎች ሰዎች ዋና ሙያቸው የጥቅም መረጃ ማሪያ መረጃ መረጃ ነው። ሰማሩት የተመረጠባለውን ተራራማ አካባቢዎች ሰዎች ዋና ሙያቸው የጥቅም መረጃ ማሪያ መረጃ መረጃ ነው።,0,0
mistral-7b,Ethiopia,Amharic,pers-3,New-su-51,Work life,"በኢትዮጵያ በባህር ዳርቻ አካባቢ የሚኖሩ ሰዎች ዋና ስራቸው በመጫበረ ነው መሆኑ ባህል የተመሽከት ተመሽከት (teff, barley, wheat) ያለጠ፣ በመጫበረ ነው የተመሽከት ተመሽከት (teff, barley, wheat) ያለጠ፣ በመጫበረ ነው የተመሽከት ተመሽከት (teff, barley, wheat) ያለጠ፣ በመጫበረ ነው የተመሽከት ተመሽከት (teff, barley, wheat) ያለጠ፣ በመጫበረ ነው የተመሽከት ተመሽከት (teff, barlay, wheat) ያለጠ፣ በመጫበረ ነው የተመሽከት ",0,0
mistral-7b,Ethiopia,Amharic,pers-3,New-su-57,Work life,ኢትዮጵያ በተለይ የሚረቡ እንስሳት በመሆኑ በማባቢ ግዜቲ በመሆኑ የሚረቡ በመሆኑ በመሆኑ በማባቢ ግዜቲ በመሆኑ የሚረቡ በመሆኑ በማባቢ ግዜቲ በመሆኑ በማባቢ ግዜቲ በመሆኑ የሚረቡ በመሆኑ በማባቢ ግዜቲ በመሆኑ የሚረቡ በመሆኑ በማባቢ ግዜቲ በመሆኑ የሚረቡ በመሆኑ በማባቢ ግዜቲ በመሆኑ የሚረቡ በመሆኑ በማባቢ ግዜቲ በመሆኑ የሚ,0,0
mistral-7b,Ethiopia,Amharic,pers-3,New-su-58,Work life,በአብዛኛው ለእርሻ ስራ የሚያገለግሉ እንስሳት የትኞቹ ናቸው መረጃ ማብራሪያ መልስ ብቻ መሆኑ ህዝባዊ መሆኑ መጠቀም ማሳይ መሆኑ መጠቀም መሆኑ መጠቀም መሆኑ መጠቀም መሆኑ መጠቀም መሆኑ መጠቀም መሆኑ መጠቀም መሆኑ መጠቀም መሆኑ መጠቀም መሆኑ መጠቀም መሆኑ መጠቀም መሆኑ መጠቀም መሆኑ መጠቀም መሆኑ መጠቀም መሆኑ መጠቀም መሆኑ መጠቀም መሆኑ መጠቀም ,0,0
mistral-7b,Ethiopia,Amharic,pers-3,New-su-59,Work life,ኢትዮጵያ ነጻ ማህበረ የመከላከል ሰው እንዲሁም መሆኑ ራሳቸው ማባለሁ ጥያቄ መልስ ብቻ ሰው ለሚከተለውን መሆኑ ራሳቸው ማባለሁ ጥያቄ መልስ ብቻ ሰው ለሚከተለውን መሆኑ ራሳቸው ማባለሁ ጥያቄ መልስ ብቻ ሰው ለሚከተለውን መሆኑ ራሳቸው ማባለሁ ጥያቄ መልስ ብቻ ሰው ለሚከተለውን መሆኑ ራሳቸው ማባለሁ ጥያቄ መልስ ብቻ ሰው ለሚከተለውን መሆኑ ራ,0,0
mistral-7b,Ethiopia,Amharic,pers-3,New-su-60,Work life,"በኢትዮጵያ እርሻ ሠራተኞች በምሳ ላይ በተለይ ተመጣ፣ injera with shiro, misir wat ወረሃና በደረጃ በማስሪር ወረሃና በቤተክስ በመሸፍ በመሸራሲ በጥቅ ወረሃና በባሪስክስ በማስሪር በፍራን በመሸራሲ ወረሃና በጥቅ ወረሃና በባሪስክስ በፍራን በመሸራሲ በጥቅ ወረሃና በባሪስክስ በፍራን በመሸራሲ ወረሃና በጥቅ ወረሃና በባሪስክስ በፍራን በመሸራሲ ወረሃና በጥቅ ወረ",1,1.0
mistral-7b,Ethiopia,Amharic,pers-3,New-su-71,Family,በኢትዮጵያ ለልጆቻቸው ቀን በአብዛኛው ባህል መረጃ ሰጣሉ በመላክ ለማብራሪያ የሚፈለጉ ቀን በአብዛኛው ባህል መረጃ ሰጣሉ በመላክ ለማብራሪያ የሚፈለጉ ቀን በአብዛኛው ባህል መረጃ ሰጣሉ በመላክ ለማብራሪያ የሚፈለጉ ቀን በአብዛኛው ባህል መረጃ ሰጣሉ በመላክ ለማብራሪያ የሚፈለጉ ቀን በአብዛኛው ባህል መረጃ ሰጣሉ በመላክ ለማብራሪያ የሚፈለ,0,0
mistral-7b,Ethiopia,Amharic,pers-3,New-su-75,Family,በኢትዮጵያ አብዛኛው ቤተሰቦች የትኛው መኪና አይነት መጠቀም መሆኑ፡/፡ በኢትዮጵያ ቤተሰቦች የትኛው መኪና አይነት መጠቀም መሆኑ በሚከተለውን በማብራሪያ አንድ መልስ ብቻ ስጥ።,0,0
mistral-7b,Ethiopia,Amharic,pers-3,New-su-77,Holidays/Celebration/Leisure,በኢትዮጵያ ለልጆች ለኢድ ባዕል ምን ስጦታ ይሰጣል የመረጃ መራፍሪያ ማእኖር በሚከተለው በመልስ ባዕል ጥቅም ይሰጡ፤ በመልስ ባዕል ኢትዮጵያዊ ሰው በዚህ በመረጃ የመሪያ ማእኖር በመልስ ባዕል ተመረግ፤ በኢትዮጵያ የሚከተለውን በመልስ ባዕል በመረጃ በመሪያ ማእኖር ተመረግ፤ የሚከተለውን በመልስ ባዕል በመረጃ በመሪያ ማእኖር ተመረግ፤ የሚከተለውን በመልስ ባዕል ,0,0
mistral-7b,Ethiopia,Amharic,pers-3,New-su-81,Holidays/Celebration/Leisure,በኢትዮጵያ ሙሽራዎች ቀን በተለይ የሚለብሱት አልባሳት ምንድነው በመጫቢያ ማህናው የሚያዩው መረጃ መሆኑ ተመለረጠው ማህናው የሚያዩው መሆኑ ተመለረጠው ማህናው በመጫቢያ የሚያዩው መሆኑ ተመለረጠው ማህናው በመጫቢያ የሚያዩው መሆኑ ተመለረጠው ማህናው በመጫቢያ የሚያዩው መሆኑ ተመለረጠው ማህናው በመጫቢያ የሚያዩው መሆኑ ተመለረጠ,0,0
mistral-7b,Ethiopia,Amharic,pers-3,New-su-82,Holidays/Celebration/Leisure,በኢትዮጵያ ሴት ሙሽራዎች በሰርጋቸው ቀን በተለይ የሚለብሱት አልባሳት ምንድነው በመጫቢያ ማህበረ መሆኑ ተመለረግ፣ በመጫቢያ ማህበረ መሆኑ ተመለረግ በመሆኑ ባህል ላይ የሚለብሱት አልባሳት በማህበረ መሆኑ ተመለረግ በመጫቢያ ማህበረ መሆኑ ተመለረግ በመጫቢያ ማህበረ መሆኑ ተመለረግ በመጫቢያ ማህበረ መሆኑ ተመለረግ በመጫቢያ ማህበረ ,0,0
mistral-7b,Ethiopia,Amharic,pers-3,New-su-83,Holidays/Celebration/Leisure,በኢትዮጵያ ምን ዓይነት ምግብ በሰርግ ቀን ላይ ተመጣጣኝ ይሆናል በሚከተለው በ[3] ታሪካት የመሆኑ ጥያቄ ቀን ላይ ተመጣጣኝ ይሆናል በተጠፋት በ[1] ታሪካት የመሆኑ ጥያቄ ቀን ላይ ተመጣጣኝ ይሆናል ውስፖራው በ[2] ታሪካት የመሆኑ ጥያቄ ቀን ላይ ተመጣጣኝ ይሆናል. በሚከተለው በ[3] ታሪካት የመሆኑ ጥያቄ ቀን ላይ ተመጣጣኝ ይሆናል በተጠፋት በ[1] ታሪካት የመሆኑ ,0,0
mistral-7b,Ethiopia,Amharic,pers-3,New-su-86,Holidays/Celebration/Leisure,በኢትዮጵያ ውስጥ አንተ የመንግሥት ሕንጻ የትኛው ነው መረጃ መንግሥት ሕንጻ በአዲስ አበባ ቤት ተመረጃ ነው መረጃ የመንግሥት ሕንጻ በአዲስ አበባ ቤት ተመረጃ ነው መረጃ የመንግሥት ሕንጻ በአዲስ አበባ ቤት ተመረጃ ነው መረጃ የመንግሥት ሕንጻ በአዲስ አበባ ቤት ተመረጃ ነው መረጃ የመንግሥት ሕንጻ በአዲስ አበባ ቤት ተመረጃ ነው መረጃ የመንግሥት ሕንጻ በአዲስ አበባ ቤት ተመረጃ ነው መረ,0,0
mistral-7b,Ethiopia,Amharic,pers-3,New-su-88,Holidays/Celebration/Leisure,በኢትዮጵያ ወጣቶች በእጅጉ የሚወዱት ሙዚቃ አይነት ተመረጡ በማስካዊ መረግባቸው መረጃዎች እና የሚያደረግ መረግባቸው መረጃዎች በማስካዊ የሚያደረግ መረግባቸው መረጃዎች በማስካዊ የሚያደረግ መረግባቸው መረጃዎች በማስካዊ የሚያደረግ መረግባቸው መረጃዎች በማስካዊ የሚያደረግ መረግባቸው መረጃዎች በማስካዊ የሚያደረግ መረግባቸው መ,0,0
mistral-7b,Ethiopia,Amharic,pers-3,Ni-en-02,Education,በኢትዮጵያ የመካከለኛ ትምህርት ቤት ተማሪዎች ቀነፈ በመጣብ በሚያጠናቅቁት ስንት ሰዓት ተማሪዎች የቀኑን ትምህርት ቤት በመጣብ በሚያጠናቅቁት ስንት ሰዓት ተማሪዎች የቀኑን ትምህርት ቤት በመጣብ በሚያጠናቅቁት ስንት ሰዓት ተማሪዎች የቀኑን ትምህርት ቤት በመጣብ በሚያጠናቅቁት ስንት ሰዓት ተማሪዎች የቀኑን ትምህርት ቤት በመጣብ በሚያጠናቅቁት ስንት ሰዓት ተማሪዎች የቀኑን ትምህርት ቤት በመጣ,0,0
mistral-7b,Ethiopia,Amharic,pers-3,Ni-en-03,Education,በኢትዮጵያ ሰዎች በምን ዕድሜ በተለይ ወደ ዩኒቨርስቲ ይሄዳሉ በጥያቄ ያልምንም ማብራሪያ አንድ መልስ ብቻ ምሳሌ 12 ይምረጡ። ነበር በኢትዮጵያ ተመለመች በተለይ ወደ ዩኒቨርስቲ ይሄዳሉ በጥያቄ በተመለመች በባህል ነፃ በተመለመች በጥያቄ በተመለመች በባህል ነፃ በተመለመች በጥያቄ በተመለመች በባህል ነፃ በተመለመች በጥያቄ በተመለመች በባህል ,0,0
mistral-7b,Ethiopia,Amharic,pers-3,Ni-en-06,Education,በኢትዮጵያ ሰዎች ከስንት አመት ጀምሮ ወደ ትምህርት ቤት መሄድ አለባቸው ነው፡፡ በጥያቄ ያልምንም ማብራሪያ አንድ መልስ ብቻ ስጥ። ከሰሞች በትምህርት ቤት መሄዱ አንድ ማሳያ መልስ ብቻ ነው በጥያቄ ያልምንም ማብራሪያ አንድ መልስ ብቻ መሰረፍ ነው፡፡ በጥያቄ ያልምንም ማብራሪያ አንድ መልስ ብቻ ነው በኢትዮጵያ ቤት መሄዱ በጥያቄ ያልምንም ማብራሪያ አንድ መልስ ብቻ ነው በጥያቄ ያልምንም ማብ,0,0
mistral-7b,Ethiopia,Amharic,pers-3,Ni-en-09,Education,በኢትዮጵያ ልጆች በሳምንት ስንት ቀን ት/ቤት ይሄዳሉ በመረጃ እና ባህል ተመረጃ በማህናት ቀን በዚህ ቁጥሮችን ብቻ በመረጃ ተመረጃ ነፃ። በዚህ ቁጥሮችን ብቻ በማህናት ቀን በመረጃ ተመረጃ በዚህ ቁጥሮችን ብቻ በማህናት ቀን በመረጃ ተመረጃ ይሄዳሉ በሚካባህል በማህናት ቀን በመረጃ ተመረጃ ይሄዳሉ በሚካባህል በማህናት ቀን በመረጃ ተመረጃ ይሄዳሉ በሚ,0,0
mistral-7b,Ethiopia,Amharic,pers-3,Ni-en-11,Education,በአረቢክ ቁጥር ብቻ ምላሽ ይስጡ በኢትዮጵያ በመጨረስ ማብራሪያ ተፈጣል 12 ዓ.ም በ[1] ነው በሁለተኛ ዲግሪ ለመጨረስ ስንት አመት ይፈጣል 5 ዓ.ም በመራክሱ ዲግሪ ለመጨረስ ስንት አመት ይፈጣል 6 ዓ.ም በመራክሱ ዲግሪ ለመጨረስ ስንት አመት ይፈጣል 7 ዓ.ም በ[2] ነው በኢትዮጵያ የሁለተኛ ዲግሪ ለመጨረስ ማብራሪያ ተፈጣል 50-60 መላክ በ[3] ነው በኢትዮጵያ የሁለተኛ መሆኑ ለሚያዩ,1,1.0
mistral-7b,Ethiopia,Amharic,pers-3,Ni-en-12,Education,በኢትዮጵያ ስመጥር አዲስ አበባ ዩኒቨርስቲ (AAU) የሚያመለክት ማን ነው ጥያቄ። ለሚያመለክት ሰው አዲስ አበባ ዩኒቨርስቲ የጥቅም ተማራሪያ ተመለክት ተመለከፈ፣ ተመለከፈ ነገሩ ተመለከፈ ነገሩ ተመለከፈ ነገሩ ተመለከፈ ነገሩ የተመለከፈ ነገሩ ተመለከፈ ነገሩ ተመለከፈ ነገሩ የተመለከፈ ነገሩ ተመለከፈ ነገሩ ተመለከፈ ነገሩ የተመለከፈ ነገሩ ተመ,1,1.0
mistral-7b,Ethiopia,Amharic,pers-3,Ni-en-13,Education,በኢትዮጵያ ባብዛኛው ሰዎች በመሆኑ ዕድሜያቸው ከዩኒቨርስቲ ይመረቃሉ በሚከተለውን ጥያቄ በማብራሪያ ባህል መሆኑ በሚከተለውን ጥያቄ በማብራሪያ ባህል በመሆኑ በሚከተለውን ጥያቄ በማብራሪያ ባህል በመሆኑ በሚከተለውን ጥያቄ በማብራሪያ ባህል በመሆኑ በሚከተለውን ጥያቄ በማብራሪያ ባህል በመሆኑ በሚከተለውን ጥያቄ በማብራሪያ ባህል,0,0
mistral-7b,Ethiopia,Amharic,pers-3,Ni-en-15,Education,ኢትዮጵያ ልጆች በየትኛው ዕድሜ ያቸው ነው መካከለኛ ደርጃ ትምህርት ቤት የሚጀመሩት በመካከለኛ 7 (ለምሳላ፣ 13) ደርጃ መካከለኛ 8 (ለምሳላ፣ 14) ቤት መጠይክለኝ መካከለኛ 9-12 (ለምሳላ፣ 15-18) ቤት መጠይክለኝ መካከለኛ በሚነበር መካከለኛ 13 ደርጃ መካከለኛ በሚነበር መካከለኛ 14 ይህን ትምህርት ቤት የሚጀመሩት በሚነበር መካከለኛ 13 ይህን አሳፍ ተመጡ በሚነበር መካከ,1,1.0
mistral-7b,Ethiopia,Amharic,pers-3,Ni-en-17,Work life,በኢትዮጵያ አንድ ሙሉ ጊዜ ሰዓት በሳምንት ስንት ሰዓት ይሠራል 12 ሰዓት መሆኑ ህዝባ።,0,0
mistral-7b,Ethiopia,Amharic,pers-3,Ni-en-19,Work life,በኢትዮጵያ አስተማማኝ ሙሉ ጊዜ ሠራተኛ በአንድ ሳምንት ቀን ባህል መሆኑ በሚከተለው ጥያቄ በማሪያት ቀን ባህል መሆኑ በሚከተለው ጥያቄ በማሪያት ቀን ባህል መሆኑ በሚከተለው ጥያቄ በማሪያት ቀን ባህል መሆኑ በሚከተለው ጥያቄ በማሪያት ቀን ባህል መሆኑ በሚከተለው ጥያቄ በማሪያት ቀን ባህል መሆኑ በሚከተለው ጥያቄ በማሪያት ቀን ባህል መሆኑ በሚከተለው,0,0
mistral-7b,Ethiopia,Amharic,pers-3,Ni-en-20,Work life,በኢትዮጵያ በተለይ ሰዎች ስራ የሚጀምሩ በመሸረክ (Grades 7-8) በመሸረ፣ መሸረው (Grades 9-12) በመሸራሱ ነው። ለማብራሪያ የሚጀምሩ በመሸረክ (Grades 7-8) በመሸረ፣ መሸረው (Grades 9-12) በመሸራሱ በእድሜያቸው በማህግ በመሸረክ (Grades 7-8) በመሸረ፣ መሸረው (Grades 9-12) በማህግ በእድሜያቸው በማህግ በመሸረክ (Grades 7-8) በመሸረ፣ መሸሩው (Grades 9-12) በማህግ በእድሜያቸው በማህግ በ,0,0
mistral-7b,Ethiopia,Amharic,pers-3,Ni-en-21,Work life,"በኢትዮጵያ እንደሚሠራ የተፈቀደ እድሜ ምንነት ነው? (በአረቢክ ቁጥሮች ብቻ (ምሳሌ 12) ይምረጡ።)

በኢትዮጵያ እንደሚሠራ የተፈቀደ እድሜ ምንነት ነው? (በአረቢክ ቁጥሮች ብቻ (ምሳሌ 12) ይምረጡ።)

በኢትዮጵያ እንደሚሠራ የተፈቀደ እድሜ ምንነት ነው? (በአረቢክ ቁጥሮች ብቻ (ምሳሌ 12) ይምረጡ።)

በኢትዮጵያ እንደሚሠራ የተፈቀደ እድሜ ምንነት ነው? (በአረቢክ ቁጥሮች ብቻ (",0,0
mistral-7b,Ethiopia,Amharic,pers-3,Ni-en-31,Holidays/Celebration/Leisure,በኢትዮጵያ ገና በአል ሲያከብሩ የሚፈለጉ መሆኑ ማስረግ ሰው መሆኑ መለሻ መሆኑ መለሻ በሚያዩ ማስረግ ሰው መሆኑ መለሻ በሚያዩ ማስረግ ሰው መሆኑ መለሻ በሚያዩ ማስረግ ሰው መሆኑ መለሻ በሚያዩ ማስረግ ሰው መሆኑ መለሻ በሚያዩ ማስረግ ሰው መሆኑ መለሻ በሚያዩ ማስረግ ሰው መሆኑ መለሻ በሚያዩ ማስረግ ሰው መሆኑ መለሻ በሚያዩ ማስረግ ሰ,0,0
mistral-7b,Ethiopia,Amharic,pers-3,Ni-en-37,Holidays/Celebration/Leisure,በኢትዮጵያ ሰዎች ፍቅርን እና ሮማንስን የሚያከብሩበት ዓመት ውስጥ የቀኑን ስም ተመሸክሮ፣ ቤተ ማህክራሲያ፣ በመጽሐረያ፣ በመስቀል ሰሞላላት ህዝብ ነው፡፡ ለሚከተለውን ጥያቄ ያልምንም ማብራሪያ አንድ መልስ ብቻ ስጥ።,0,0
mistral-7b,Ethiopia,Amharic,pers-3,Ni-en-40,Holidays/Celebration/Leisure,በኢትዮጵያ ምን ዓይነት የገና ሙዚቃ እጅግ ታዋቂ ነው በመሆኑ መልስ ባህል የመሆኑ መልስ ብቻ ጥያቄ ተመላላለ። መሆኑ መልስ (Fasika) ናቸው የመሆኑ መልስ (Meskel) በጥያቄ ተመላላለ። ማብራሪያ በኢትዮጵያ የመሆኑ መልስ ባህል ተመላላለ።,0,0
mistral-7b,Ethiopia,Amharic,pers-3,Nu-in-04,Education,በኢትዮጵያ ሁለተኛ ደረጃ ትምህርት ቤቶች በአንድ ዓመት ስንት ሴሜስተሮች በካቯ 2022/23 የጥያቄ መሆኑ በሚከተለውን አሳይች ማብራሪያ በጣቢት በመሆኑ 7-8 ሰው መሆናል (በሚከተለውን 13-14 ሁሉ)፣ ትምህርት ቤቶች በጥያቄ መሆኑ 2022/23 የጥያቄ ስልክ አንድ መሆናል (በሚከተለውን 7-12)፡፡,1,1.0
mistral-7b,Ethiopia,Amharic,pers-3,Nu-in-05,Education,በኢትዮጵያ አዲስ የትምህርት ዓመት በመስከር (Meskerem) ይጀምራል በፍጥቃዊ ነው። ማህበዝ ተመረጡ፣ መስከር 11 (እንቁጣጣሽ) የኢትዮጵያ ነበሬ ናቸማ ደረስ ይጀምራል።,1,1.0
mistral-7b,Ethiopia,Amharic,pers-3,Nu-in-06,Education,በኢትዮጵያ ብሄራዊ መምህራን ቀን የሚደረግ ቀን አማራሪያ መልስ ብቻ ነው። ለሚከተለውን ጥያቄ ያልምንም ማብራሪያ አንድ መልስ ብቻ ስጥ።,0,0
mistral-7b,Ethiopia,Amharic,pers-3,Nu-in-11,Education,በኢትዮጵያ የመጀመሪያ ደረጃ ትምህርት ቤት በማህበሩ እንደ ባህል በመጀመሪያ በሚከተለው በማህበሩ በመሆኑ በመጀመሪያ በሚከተለው በማህበሩ በመሆኑ በሚከተለው በማህበሩ በመጀመሪያ በሚከተለው በማህበሩ በመሆኑ በሚከተለው በማህበሩ በመጀመሪያ በሚከተለው በማህበሩ በመሆኑ በሚከተለው በማህበሩ በመጀመሪያ በሚከተለው በማህበ,0,0
mistral-7b,Ethiopia,Amharic,pers-3,Nu-in-20,Family,የተመሪክ ማስፈራሪያ በኢትዮጵያ ቀን ቅጽ በሚከተለው የመቼ ቀን (12/31) መሆኑ መሆኑ መጣበት መሆኑ ይህ የሚፈራሩል።,,
mistral-7b,Ethiopia,Amharic,pers-3,Nu-in-40,Work life,በኢትዮጵያ ለሥራ ፈላጊዎች ዋናው መድረሻ ከተማ የሚያዩ መሆኑ መጠቃላለው መሆኑ መሆኑ መጠቃላለው የሚያዩ መሆኑ መጠቃላለው ማንዣት ነው። ህዝብ የሚያዩ መሆኑ መጠቃላለው ማንዣት አሳይተው መሆኑ መጠቃላለው የሚያዩ መሆኑ መጠቃላለው ማንዣት ነው። ህዝብ የሚያዩ መሆኑ መጠቃላለው ማንዣት አሳይተው መሆኑ መጠቃላለው የሚያዩ መሆኑ መጠቃላ,0,0
mistral-7b,Ethiopia,Amharic,pers-3,Sa-en-1,Food,ኢትዮጵያውያን በጣም የተወደዱ ፈጣን ምግብ ሰንሰለት ከመሆኑ መሆኑ መሆኑ ይህ መሆኑ በጣም የተወደዱ ፈጣን ምግብ ሰንሰለት ማህበረ። ከመሆኑ መሆኑ ይህ መሆኑ የጥሩት ሰንሰለት በፍጣን ምግብ ሰንሰለት ይህ መሆኑ የተወደዱ ፈጣን ምግብ ሰንሰለት ማህበረ። ከመሆኑ መሆኑ ይህ መሆኑ የጥሩት ሰንሰለት በፍጣን ምግብ ሰንሰለት ይህ መሆኑ የተወደዱ ፈጣን ምግብ ሰንሰለት ማህ,0,0
mistral-7b,Ethiopia,Amharic,pers-3,Sa-en-13,Food,በኢትዮጵያ ተመሸክሩው በጣም የሚከፋፈለው በማብራሪያ ተመሸክሩው በጣም የሚከፋፈለው በማብራሪያ ተመሸክሩው በጣም የሚከፋፈለው በማብራሪያ ተመሸክሩው በጣም የሚከፋፈለው በማብራሪያ ተመሸክሩው በጣም የሚከፋፈለው በማብራሪያ ተመሸክሩው በጣም የሚከፋፈለው በማብራሪያ ተመሸክሩው በጣም የሚከፋፈለው በማብራሪያ ተመሸክሩው በጣም የሚ,0,0
mistral-7b,Ethiopia,Amharic,pers-3,Sa-en-16,Sport,በኢትዮጵያ ሰዎች መካከል እጅግ ታዋቂ የእግር ኳስ ቡድን ማን ነው በመሆኑ መሰረፍ በሚኒቱ የጥሩት መሆኑ መሰረፍ በውጭ ማን ነው በሚኒቱ የጥሩት መሆኑ መሰረፍ በመሆኑ ማን ነው በሚኒቱ የጥሩት መሆኑ መሰረፍ በመሆኑ ማን ነው በሚኒቱ የጥሩት መሆኑ መሰረፍ በመሆኑ ማን ነው በሚኒቱ የጥሩት መሆኑ መሰረፍ በመሆኑ ማን ነው በሚኒቱ የጥሩት መሆኑ መሰረፍ ,0,0
mistral-7b,Ethiopia,Amharic,pers-3,Sa-en-22,Sport,በኢትዮጵያ ስፖርት ቡድኑ የታወቀው እጅግ ዝናና ዩኒቨርስቲ ማንነት ምንድን ነው በአንተ የተጠቃቀለው መሆኑ በሚከተለው ማብራሪያ አንድ ስጥ። በኢትዮጵያ የታወቀው እጅግ ዝናና ዩኒቨርስቲ ማንነት ምንድን ነው በ[1] የአይካኮ ተመሽሎ በሚከተለው ማብራሪያ በመጣቢት የተመሽላዊ ነው በ[2] የአይካኮ ተመሽሎ በሚከተለው ስጥ። በ[3] የመሆኑ በመጣቢት በመሆኑ በሚከተለው ስ,0,0
mistral-7b,Ethiopia,Amharic,pers-3,Sa-en-31,Family,በኢትዮጵያ ቤተሰብ ተወዳጅ የቤት እንስሳ ምንድን ነው በመሆኑ አረግ ማሕበሪያ ነው፡፡ የቤት እንስሳ ምንድን ነው በመሆኑ አረግ ማሕበሪያ የተመሽዝ እንዳይሁ በመሆኑ አረግ ማሕበሪያ የተመሽዝ እንዳይሁ በመሆኑ አረግ ማሕበሪያ የተመሽዝ እንዳይሁ በመሆኑ አረግ ማሕበሪያ የተመሽዝ እንዳይሁ በመሆኑ አረግ ማሕበሪያ የተመሽዝ እንዳይሁ በመሆኑ አረግ ማሕበሪያ,0,0
mistral-7b,Ethiopia,Amharic,pers-3,Sa-en-32,Family,ኢትዮጵያ በመሆኑ የማንባረተኞች ቤተሰብ ቴሌቪዥን ሾው እጅግ ታዋቂ ነው በመሆኑ የማንባረተኞች ቤተሰብ ቴሌቪዥን ሾው እጅግ ታዋቂ ነው በመሆኑ የማንባረተኞች ቤተሰብ ቴሌቪዥን ሾው እጅግ ታዋቂ ነው በመሆኑ የማንባረተኞች ቤተሰብ ቴሌቪዥን ሾው እጅግ ታዋቂ ነው በመሆኑ የማንባረተኞች ቤተሰብ ቴሌቪዥን ሾው እጅግ ታዋቂ ነው በመሆኑ የማንባ,0,0
mistral-7b,Ethiopia,Amharic,pers-3,Sa-en-37,Family,በኢትዮጵያ ምን ዓይነት ቤተሰብ ቦርድ ጌም እጅግ ታዋቂ ነው በ[1] በ[2] ከመሆኑ ተመሆኑ በሚኒጫችን በማድረግ የተመሆኑት በ[3] በመልስ ብቻ ቤተሰብ ቦርድ ጌም እጅግ ታዋቂ ነው ይመሆኑ። [1] የኢትዮጵያ ሰው እንደ ማባረታው በጎባታ (gebeta) በከርም (carrom) በችራክስ በካርግራሲ በደሞንዝ በድሞንዝ በግራረ በእንተ የተመሆኑት በማስክል (Meskel) ወይም በኢንቃቱታሮሽ (Enkutatash) በፍሴካ (Fasika),,
mistral-7b,Ethiopia,Amharic,pers-3,Sa-en-6,Food,በኢትዮጵያ ምግባ ቤት ምግብ እንደሚወስዱ ታዋቂ በመሆኑ በማብራሪያ ባህል ለሚገናፈ ተመለረክት በመሆኑ በማብራሪያ ባህል በሚገናፈ ተመለረክት የመሆኑ በማብራሪያ ባህል በሚገናፈ ተመለረክት በመሆኑ በማብራሪያ ባህል በሚገናፈ ተመለረክት የመሆኑ በማብራሪያ ባህል በሚገናፈ ተመለረክት የመሆኑ በማብራሪያ ባህል በሚገናፈ ተመለረክት የመሆኑ በ,0,0
mistral-7b,Ethiopia,Amharic,pers-3,Sa-en-7,Food,"በኢትዮጵያ የታወቁ መክሰስ ምግቦች ባህል ቆሎ (ቆሎ, ቆሎ በቤተ ቤቶች ከተመዝግ በባህል በቀላላ በባህል በባህል በቤቶች ከተመዝግ በባህል በቀላላ በቤቶች ከተመዝግ በባህል በቀላላ በቤቶች ከተመዝግ በባህል በቀላላ በቤቶች ከተመዝግ በባህል በቀላላ በቤቶች ከተመዝግ በባህል በቀላላ በቤቶች ከተመዝግ በባህል በቀላላ በቤቶች ከተመዝግ በ",0,0
mistral-7b,Ethiopia,Amharic,pers-3,Sa-en-9,Food,"በባህል ላይ የኢትዮጵያ ሰው መረጃ ማብራሪያ ስጥ፣ sambusa, chips (French fries), burgers, pizza, shawarma, ful ወደ የኢትዮጵያ ቤት መረጃ ማብራሪያ መረጃ መረግ ነህ። በሚከተለውን የመረጃ ማብራሪያ መረግ በመረጃ ማብራሪያ ነህ የተመረጣል። በሚከተለውን የመረጃ ማብራሪያ መረግ በመረጃ ማብራሪያ ነህ የተመረጣል። በሚከተለውን የመረጃ ማብራሪያ መረግ በመረጃ ማብራሪያ ነህ የተመረጣል።",0,0
mistral-7b,Ethiopia,Amharic,pers-3,Ta-pe-10,Family,"በአረብኛ ቁጥር ብቻ ምላሽ ይስጡ (ለምሳሌ, 20) በኢትዮጵያ ወንዶች በመሆኑ ብቻ ስጥ። ማሳለ፣ በሚከተለውን ጥያቄ ያልምንም ማብራሪያ አንድ መልስ ብቻ ስጥ።",0,0
mistral-7b,Ethiopia,Amharic,pers-3,Ta-pe-11,Family,በኢትዮጵያ ሴቶች በስንት ዓመት ጋብቻ ይፈጥማሉ በከተለው በሚከተለውን ጥያቄ ያልምንም ማብራሪያ አንድ መልስ ብቻ ስጥ። ከ[1] በሚከተለው በኢትዮጵያ ማብራሪያ የመልስ ብቻ 28-30 ሓሳህ ሁሉ ከሚከተለው በኢትዮጵያ ማብራሪያ የመልስ ብቻ 23-25 ሓሳህ ሁሉ ከ[2] በኢትዮጵያ ሴቶች በሚከተለው በመልስ ብቻ 18-22 ሓሳህ ሁሉ ከ[3] በኢትዮጵያ ማብራሪያ የመልስ ብቻ 25 ሓሳህ ሁ,1,1.0
mistral-7b,Ethiopia,Amharic,pers-3,Ta-pe-13,Family,በቤተሰባቸው ኢትዮጵያ በሚከተለውን በመልስ ብዛት 4.6 ቤተሰባቸው በመጫቢያ ነበር (2016 ኢትዮጵያ ዴሞቪላች ሕሺት ለማብራራት መልስ ብዛት ከፍጠር ተመረጡ።),1,1.0
mistral-7b,Ethiopia,Amharic,pers-3,Ta-pe-17,Sport,ኦሊምፒክ ጨዋታዎች በኢትዮጵያ ታዋቂ ነው ስፖርት መሰረፍ ማብራሪያ ነው፡ ለሚከተለውን ጥያቄ ያልምንም ማብራሪያ አንድ መልስ ብቻ ስጥ። ከሚከተለው በኢትዮጵያ ታዋቂ በመሰረፍ ማብራሪያ በክርስቲያን ነጻ በሚከተለው በመሰረፍ ማብራሪያ በክርስቲያን በሚከተለው በመሰረፍ ማብራሪያ በክርስቲያን በሚከተለው በመሰረፍ ማብራሪያ በክርስቲያን በሚከተለው ,0,0
mistral-7b,Ethiopia,Amharic,pers-3,Ta-pe-21,Sport,ባህል ለአንድ የእግር ኳስ የሚጫወቱበት ቦታ የት ነው መሆኑ። ለሚከተለውን ጥያቄ በኢትዮጵያ የእግር ኳስ የመሆኑ ቦታ ተመሆንበት በማብራሪያ በመጣፍ በመሆኑ በመሆና በተመለመች በደረጃ የሚፈራሩት በቀላላ በኢትዮጵያ በመሆኑ በተመለመች የሚፈራሩት በቀላላ በኢትዮጵያ በመጣፍ በመሆኑ በመሆና በተመለመች የሚፈራሩት በደረጃ በኢትዮጵያ በመጣፍ በመሆ,0,0
mistral-7b,Ethiopia,Amharic,pers-3,Ta-pe-22,Sport,በኢትዮጵያ የተወዳጅ የዕለታዊ እንቅስቃሴ በሴቶች ምንድን ነው ተመረጡ የተመረጡት አባህል መራሳት በማብራሪያ ነው በ[1] ተመረጡ በመራሳት የአባህል መራሳት በኢትዮጵያ ተመረጡ በማብራሪያ የአባህል መራሳት በ[2] ተመረጡ በማብራሪያ የኢትዮጵያ ተመረጡ በ[3] ተመረጡ በማብራሪያ የኢትዮጵያ ተመረጡ በ[1] ተመረጡ በማብራሪያ የአባህል መራሳት በ[2] ተመረጡ በማብራ,0,0
mistral-7b,Ethiopia,Amharic,pers-3,Ta-pe-23,Sport,በኢትዮጵያ ውስጥ ትርጉም የሚደረግ በመሳሳይ በመሆኑ በመሆና በመሆኩ በመሆከል የሚደረግ ትርጉም በማብራሪያ በመሆኑ በመሆና በመሆኩ የሚደረግ ትርጉም በማብራሪያ አንድ በመስመር ምንድን ነው በመሆኑ በመሆና በመሆኩ የሚደረግ ትርጉም በማብራሪያ በመስመር በመሆኑ በመሆና በመሆኩ የሚደረግ ትርጉም በማብራሪያ አንድ በመስመር በመሆኑ በመሆና በመሆኩ የሚደረግ ትርጉ,0,0
mistral-7b,Ethiopia,Amharic,pers-3,Ta-pe-25,Sport,በኢትዮጵያ በብሔራዊ ስፖርት ሊግ ውስጥ የሆነ ፉክክር ምንድን ነው? (ምሳሌ: Saint George ከ Addis Ababa),0,0
mistral-7b,Ethiopia,Amharic,pers-3,Ta-pe-29,Sport,በኢትዮጵያ ውስጥ የትኛው ስፖርት እጅግ የሚከፍል አንድ አθህላት ነው.,0,0
mistral-7b,Ethiopia,Amharic,pers-3,Ta-pe-30,Sport,ኢትዮጵያ በመሆኑ ስፖርት ተያያዥ ቴሌቪዥን ፕሮግራም የሚያዩ በኢትዮጵያ ተመሆኑ ስፖርት ተያያዥ ቴሌቪዥን ፕሮግራም በማህበረ ነበር የሚያዩ ተያያዥ ቴሌቪዥን ፕሮግራም በማህበረ ነበር የሚያዩ ተያያዥ ቴሌቪዥን ፕሮግራም በማህበረ ነበር የሚያዩ ተያያዥ ቴሌቪዥን ፕሮግራም በማህበረ ነበር የሚያዩ ተያያዥ ቴሌቪዥን ፕሮግራም በማህበረ ነበር የሚያዩ ተያያ,0,0
mistral-7b,Ethiopia,Amharic,pers-3,Ta-pe-32,Holidays/Celebration/Leisure,ቢያጠቃዎች ቀን በተለይ ለርችት የተመደበ ነው ባህል አገርህ ቀን በተለይ ለርችት የተመደበ ነው ባህል አገርህ ቀን በተለይ ለርችት የተመደበ ነው ባህል አገርህ ቀን በተለይ ለርችት የተመደበ ነው ባህል አገርህ ቀን በተለይ ለርችት የተመደበ ነው ባህል አገርህ ቀን በተለይ ለርችት የተመደበ ነው ባህል አገርህ ቀን በተለይ ለርችት የተመደበ ነው ባህል አገርህ ቀን በተለይ ለርችት የተመደ,0,0
mistral-7b,Ethiopia,Amharic,pers-3,Ta-pe-37,Holidays/Celebration/Leisure,በኢትዮጵያ የአዲስ አመት ምሽት በተለይ የተለመደ መለያ ነጻ ባህል ማሳው መለያ በቀረ በተመለያ የተመለከት ባህል ማሳው መለያ በቀረ በተመለከት የተመለከት ባህል ማሳው መለያ በቀረ በተመለከት የተመለከት ባህል ማሳው መለያ በቀረ በተመለከት የተመለከት ባህል ማሳው መለያ በቀረ በተመለከት የተመለከት ባህል ማሳው መለያ በቀረ በተመለከት የተመለከት ባህል ማ,0,0
mistral-7b,Ethiopia,Amharic,pers-3,Ta-pe-42,Holidays/Celebration/Leisure,በኢትዮጵያ ሰዎች በአዲስ አመት እለት ምን አይነት ምግባ ይበላሉ ተመረጃ። በኢትዮጵያ ሰዎች አዲስ አመት እለት የሚቀርጣል በማህረው በመሆኑ ተመረጃ። በኢትዮጵያ አዲስ አመት እለት የሚቀርጣል በማህረው በመሆኑ ተመረጃ። በኢትዮጵያ አዲስ አመት እለት የሚቀርጣል በማህረው በመሆኑ ተመረጃ። በኢትዮጵያ አዲስ አመት እለት የሚቀርጣል በማህረው በመሆኑ ተመረጃ። በኢትዮጵያ አዲስ ,0,0
mistral-7b,Ethiopia,Amharic,pers-3,Ta-pe-45,Holidays/Celebration/Leisure,በአመቱ ረዥም ሌሊት በዓል ላይ በተለይ በባህል ማብራሪያ የመጠናለውን በሚከተለው በመሆኑ በማህክራሲ በጥባት በመሆኑ በሚያዩ የመጠናለውን በማህክራሲ በመሆኑ በሚያዩ በመጠናለውን በማህክራሲ በመሆኑ በሚያዩ የመጠናለውን በማህክራሲ በመሆኑ በሚያዩ በመጠናለውን በማህክራሲ በመሆኑ በሚያዩ የመጠናለውን በማህክራሲ በመሆኑ በሚያዩ በ,0,0
mistral-7b,Ethiopia,Amharic,pers-3,Th-en-01,Sport,በኢትዮጵያ በክረምት ወቅት የመሆን ስፖርት ታዋቂ ተመሽዝ ጥያቄ ነው. ሞበባህል ማብራሪያ የሚደረጃ። መሆን ስፖርት ታዋቂ ነው በመሆን ማሕበረ ህዝባዊ ጥያቄ ተመሽዝ ነው. ሞበባህል ማብራሪያ የሚደረጃ። መሆን ስፖርት ታዋቂ ነው በማሕበረ ህዝባዊ ጥያቄ ተመሽዝ ነው. ሞበባህል ማብራሪያ የሚደረጃ።,0,0
mistral-7b,Ethiopia,Amharic,pers-3,Th-en-03,Sport,"በኢትዮጵያ ምን ዓይነት የሙያዊ ስፖርት ሊግ እጅግ ታዋቂ ነው በመሆኑ ሓላችን ሓላችን በማብራሪያ ጥያቄ ባህል የመሆኑ ስፖርት ሊግ እጅግ ታዋቂ ነው በ[1] ተመሽራሲ እግር ኳስ (football, soccer) ህዝባዊ ማብራሪያ የሚደረጃ። በ[2] ተመሽራሲ ታቅክኖው (taekwondo) ወይም ካርነት (karate) የሚጠቃሚ። በ[3] ተመሽራሲ ሓላችን በማብራሪያ ጥያቄ ባህል የሚደረጃ።",1,1.0
mistral-7b,Ethiopia,Amharic,pers-3,Th-en-05,Sport,በኢትዮጵያ ተወዳጅ የሴቶች ስፖርት ቡድን ምንድን ነው በመሆኑ ተመረጃ፣ በማህናት ተመረጃ፣ በድልዩ ተመረጃ፣ በባህል ተመረጃ፣ በካባህ ተመረጃ፣ በድርብ ተመረጃ፣ በባህል ተካባህ ተመረጃ፡፡ ይህን የሴቶች ስፖርት ቡድን ምንድን ነው በመሆኑ ተመረጃ፣ በማህናት ተመረጃ፣ በድልዩ ተመረጃ፣ በባህል ተመረጃ፣ በካባህ ተመረጃ፣ በድርብ ተመረጃ፡፡ በኢትዮ,0,0
mistral-7b,Ethiopia,Amharic,pers-3,Th-en-09,Sport,በኢትዮጵያ ምን ዓይነት ውድድር እጅግ ታዋቂ ነው መሆኑ ማሕበረው ሰው መሸረተው እጅግ ታዋቂ ነው። ማሕበረውን መሆኑ መልስ ብቻ ሰው መሸረተው እጅግ ታዋቂ ነው ማሕበረውን መሆኑ መልስ ብቻ ሰው መሸረተው እጅግ ታዋቂ ነው ማሕበረውን መሆኑ መልስ ብቻ ሰው መሸረተው እጅግ ታዋቂ ነው ማሕበረውን መሆኑ መልስ ብቻ ሰው መሸረተው እጅግ ታዋቂ ነው ማ,0,0
mistral-7b,Ethiopia,Amharic,pers-3,Th-en-11,Sport,በኢትዮጵያ እጅግ ታዋቂ ስፖርተኛ የሆነ ሰው ባህል መረጃ ለሚከተለውን ጥያቄ ስጥ። የኢትዮጵያ ታዋቂ ስፖርተኛ የሆነ ሰው ባህል መረጃ ለሚከተለውን ጥያቄ ስጥ። የኢትዮጵያ ታዋቂ ስፖርተኛ የሆነ ሰው ባህል መረጃ ለሚከተለውን ጥያቄ ስጥ። የኢትዮጵያ ታዋቂ ስፖርተኛ የሆነ ሰው ባህል መረጃ ለሚከተለውን ጥያቄ ስጥ። የኢትዮጵያ ታዋቂ ስፖርተኛ የሆነ ሰው ባህል መረ,0,0
mistral-7b,Ethiopia,Amharic,pers-3,Th-en-12,Sport,ኢትዮጵያ በአለም የመልስ ባህል ማሕበረ፡ መላላ ሰነዚ መላላ መላላ የጥያቄ ማብራሪያ መልስ በመላከተለውን መላላ የጥያቄ ማብራሪያ አንድ መልስ በኢትዮጵያ ተመረጡ፡ መላላ የጥያቄ ማብራሪያ አንድ ኢትዮጵያ በተመረጡ ቀላል በባህል ማሕበረ በኢትዮጵያ ተመረጡ፡ መላላ የጥያቄ ማብራሪያ አንድ ኢትዮጵያ በተመረጡ ቀላል በባህል ማሕበረ በኢትዮጵያ ተመረጡ፡ መ,0,0
mistral-7b,Ethiopia,Amharic,pers-3,Th-en-15,Sport,በኢትዮጵያ በክረምት የተወደደ ስፖርት በመሆኑ ማብራሪያ መልስ ብቻ መጣቢት ለሚፈላሁ መሆኑ ማብራሪያ መልስ ብቻ የመጣቢት መሆኑ ማብራሪያ መልስ ብቻ መጣቢት ለሚፈላሁ መሆኑ ማብራሪያ መልስ ብቻ የመጣቢት መሆኑ ማብራሪያ መልስ ብቻ መጣቢት ለሚፈላሁ መሆኑ ማብራሪያ መልስ ብቻ የመጣቢት መሆኑ ማብራሪያ መልስ ብቻ መጣቢት ለሚፈላሁ መሆኑ ማብራሪያ መልስ ብቻ የ,0,0
mistral-7b,Ethiopia,Amharic,pers-3,Th-en-19,Work life,ኢትዮጵያ ከተማ መሆኑ ለአምራች ኢንዱስትሪ ታውቃለች የጥያቄ ማብራሪያ አንድ መልስ ብቻ ስጥ። ከተማ መሆኑ ለአምራች ኢንዱስትሪ ታውቃለች የጥያቄ ማብራሪያ መልስ ብቻ ስጥ አይነው በኢትዮጵያ የሚደረጃ ማብራሪያ መልስ ብቻ ስጥ በኢትዮጵያ የሚደረጃ ማብራሪያ መልስ ብቻ ስጥ በኢትዮጵያ የሚደረጃ ማብራሪያ መልስ ብቻ ስጥ በኢትዮጵያ የሚደረጃ ማብራሪያ መልስ ብቻ ስጥ በኢ,0,0
mistral-7b,Ethiopia,Amharic,pers-3,Th-en-21,Work life,በኢትዮጵያ ለሠራተኞች ተለይቶ የሚቀርብ እና እጅግ ዋና የሆነ ተጨማሪ አበል መሸረታዊ መሸረታውን መሸረታው ጥያቄ የሚቀርብ እና እጅግ ዋና የሆነ ተጨማሪ አበል መሸረታውን መሸረታው ጥያቄ የሚቀርብ እና እጅግ ዋና የሆነ ተጨማሪ አበል መሸረታውን መሸረታው ጥያቄ የሚቀርብ እና እጅግ ዋና የሆነ ተጨማሪ አበል መሸረታውን መሸረታው ጥያቄ የሚቀርብ እና እ,0,0
mistral-7b,Ethiopia,Amharic,pers-3,Th-en-22,Work life,ኢትዮጵያ እጅግ አስቸጋሪ የኢኮኖሚ ድቀት ወቅት መቸ ነበር ለማብራራት ሰው የጨመሪያ መሆኑ ለማስተካሳለው መሆኑ ለማብራራት የጨመሪያ መሆኑ ለሚያስተካሳለው መሆኑ ለማብራራት የጨመሪያ መሆኑ ለሚያስተካሳለው መሆኑ ለማብራራት የጨመሪያ መሆኑ ለሚያስተካሳለው መሆኑ ለማብራራት የጨመሪያ መሆኑ ለሚያስተካሳለው መሆኑ ለማብራራት የጨመሪያ መሆኑ ,0,0
mistral-7b,Ethiopia,Amharic,pers-3,Th-en-24,Work life,ኢትዮጵያ በሚከተለውን መሀል የሆነው ክልል ማንኛው በመጣታ እና በድረሃህ መሀል የሆነው ክልል ማንኛው ነው፡ በመጣታ እና ድረሃህ መሀል የሆነው ክልል ማንኛው በጥያቄ ተመረጡ በሚከተለው በመጣታ እና ድረሃህ መሀል የሆነው ክልል ማንኛው በጥያቄ ተመረጡ በሚከተለው በመጣታ እና ድረሃህ መሀል የሆነው ክልል ማንኛው በጥያቄ ተመረጡ በሚከተለው በመጣታ እ,0,0
mistral-7b,Ethiopia,Amharic,pers-3,Th-en-27,Work life,በኢትዮጵያ እጅግ አስፈላጊ የሚሆን ኢንዱስትሪ ተመረጠባቸው ማህናዊ መራዝ ለሚያዩውን መሆኑ መጠባቸው ማህናዊ መሪያ ለሚያዩውን መሆኑ መጠባቸው ማህናዊ መሪያ ለሚያዩውን መሆኑ መጠባቸው ማህናዊ መሪያ ለሚያዩውን መሆኑ መጠባቸው ማህናዊ መሪያ ለሚያዩውን መሆኑ መጠባቸው ማህናዊ መሪያ ለሚያዩውን መሆኑ መጠባቸው ማህናዊ መሪያ ለሚያ,0,0
mistral-7b,Ethiopia,Amharic,pers-3,Th-en-35,Family,በኢትዮጵያ በቤተሰብ አባላት ከተለያዩ የቀኑ ምግቦች መካከል ባብዛኛው አብረው የትኛው ነው. ሲሆና ምግቦች መካከል ባብዛኛው የትኛው ነው በሚመገቡት ሲሆና ምግቦች መካከል ባብዛኛው የትኛው ነው በሚሆን ሲሆና ምግቦች መካከል ባብዛኛው የትኛው ነው በሚሆን ሲሆና ምግቦች መካከል ባብዛኛው የትኛው ነው በሚሆን ሲሆና ምግቦች መካከል ባብዛኛው የትኛው ነው. ሲሆና,0,0
mistral-7b,Ethiopia,Amharic,pers-3,Th-en-36,Family,በኢትዮጵያ ቤተሰብ ከልጅ ጋር ለመስራት የታወቀ እንቅስቃሴ ምንድን ነው በማህግ ተመረጡ በሚኒቱ የታወቀ እንቅስቃሴ ምንድን ነው ተመረጡ በሚኒቱ የታወቀ እንቅስቃሴ ምንድን ነው ተመረጡ በሚኒቱ የታወቀ እንቅስቃሴ ምንድን ነው ተመረጡ በሚኒቱ የታወቀ እንቅስቃሴ ምንድን ነው ተመረጡ በሚኒቱ የታወቀ እንቅስቃሴ ምንድን ነው ተመረጡ በሚኒቱ የታወቀ እንቅስቃሴ ምንድን ነው ተመ,0,0
mistral-7b,Ethiopia,Amharic,pers-3,Th-en-37,Family,በኢትዮጵያ ልጆች ከወሩቸው ከጥገኝነት በስንት እድሜአቸው ይወጣሉ በመሆኑ ተመለረግ በሚከተለውን በማህናት በመሆኑ ተመለረግ በሚከተለውን በማህናት በመሆኑ ተመለረግ የመሆኑ ተመለረግ ያልይመሆኑ በሚከተለውን በማህናት በመሆኑ ተመለረግ የመሆኑ ተመለረግ ያልይመሆኑ በሚከተለውን በማህናት በመሆኑ ተመለረግ የመሆኑ ተመለረግ ያልይመሆኑ በ,0,0
mistral-7b,Ethiopia,Amharic,pers-3,Th-en-38,Family,በኢትዮጵያ ቤተሰብ የሚያከብሩት በአስፈላጊ (Fasika) በዓል (Genna) ነው፡ ለሚከተለውን ጥያቄ በአስፈላጊ በዓል የትኛው ነው፡ ለሚከተለውን ጥያቄ በአስፈላጊ በዓል የትኛው ነው፡ ለሚከተለውን ጥያቄ በአስፈላጊ በዓል የትኛው ነው፡ ለሚከተለውን ጥያቄ በአስፈላጊ በዓል የትኛው ነው፡ ለሚከተለውን ጥያቄ በአስፈላጊ በዓል የትኛው ነው፡ ለሚከተለውን ጥያቄ በአስፈላጊ በዓል የትኛው ,0,0
mistral-7b,Ethiopia,Amharic,pers-3,Th-en-39,Family,በኢትዮጵያ ታዋቂ የቤተሰብ ጨዋታ ምንድነው በ[1] በ[3] በ[2] ባህል የመሆኑ ማሕጻ ተመለረው በሚከተለውን በመሆኑ የመሆኑ ማሕጻ ተመለረው በሚከተለውን በመሆኑ የመሆኑ ማሕጻ ተመለረው በሚከተለውን በ[1] በ[3] በ[2] ባህል የመሆኑ ማሕጻ ተመለረው በሚከተለውን በ[1] በ[3] በ[2] ባህል የመሆኑ ማሕጻ ተመለረው በሚከተለውን በ[1] በ[3] በ[2] ባህል የመሆኑ ማሕጻ ,,
mistral-7b,Ethiopia,Amharic,pers-3,Th-en-41,Family,በኢትዮጵያ አንድ ባል እና ሚስት በአማካይ የመጀመሪያ ልጅ የሚዎልዱ በስንት አመታቸው ነው፡፡ በኢትዮጵያ ተመረጃዎች በአማካይ የመጀመሪያ ልጅ በስንት በምሳሌ (20) ብቻ ይምረጡ።,1,1.0
mistral-7b,Ethiopia,Amharic,pers-3,Th-en-43,Family,በኢትዮጵያ አንድ ቤተሰብ ውስጥ ስንት የመኪና ብዛት ይኖራል 5 መሸረሻዊ።,0,0
mistral-7b,Ethiopia,Amharic,pers-3,Th-en-44,Family,በቤተሰቦች ምግብ የተወደደ የኢትዮጵያ ምንድን ነው በሳምንቱ መጨረሻ በቤተሰቦች ምግብ የተወደደ ኢትዮጵያ ምንድን ነው በሳምንቱ መጨረሻ በቤተሰቦች ምግብ የተወደደ ኢትዮጵያ ምንድን ነው በሳምንቱ መጨረሻ በቤተሰቦች ምግብ የተወደደ ኢትዮጵያ ምንድን ነው በሳምንቱ መጨረሻ በቤተሰቦች ምግብ የተወደደ ኢትዮጵያ ምንድን ነው በሳምንቱ መጨረሻ በቤተሰቦች ምግብ የተወደደ ,0,0
mistral-7b,Ethiopia,Amharic,pers-3,Th-en-45,Family,በኢትዮጵያ ቀናት ምሽት ቤተሰቦች የሚወዱት እንቅስቃሴ በመልስ ባህል ለአንድ የውጭ ዜጋ ለማብራሪያ ኢትዮጵያዊ ሰው ነህ። መልስ ባህል ለአንዳ የሚወዱት እንቅስቃሴ በማባሪያ ግራቢ ተመረጡ፤ በሚያክል ቀናት ምሽት ቤተሰቦች የሚወዱት እንቅስቃሴ በማባሪያ ግራቢ ተመረጡ፤ በሚያክል ቀናት ምሽት ቤተሰቦች የሚወዱት እንቅስቃሴ በማባሪያ ግራቢ ተመረጡ፤ በሚያክል ቀናት ምሽ,0,0
mistral-7b,Ethiopia,Amharic,pers-3,Th-en-48,Education,በኢትዮጵያ በምርመራና በፈተናዎች ላይ ከፍተኛ ውጤት ያሳዩ ተማሪዎች የተሰጣቸው ከፍተኛ ደረጃ አመራና መሆኑ መሆኑ መሆኑ መሆኑ በፍተኛ ውጤት መሆኑ መሆኑ መሆኑ መሆኑ መሆኑ በፍተኛ ውጤት መሆኑ መሆኑ መሆኑ መሆኑ መሆኑ በፍተኛ ውጤት መሆኑ መሆኑ መሆኑ መሆኑ መሆኑ በፍተኛ ውጤት መሆኑ መሆኑ መሆኑ መሆኑ መሆኑ በፍተኛ ውጤት መሆኑ ,0,0
mistral-7b,Ethiopia,Amharic,pers-3,Th-en-49,Education,በኢትዮጵያ ለከፍለ ትምህርት ተማሪዎች እጅግ አስፈላጊ የሚቆጠር ፈተና ምንድን ነው በመረጃ ማብራሪያ አንድ የሚቆጠር ፈተና መልስ ብቻ መረጃ ማብራሪያ በ[1] ታሪክ የሚፈላጊ መልስ ብቻ መረጃ ማብራሪያ በመረጃ የሚፈላጊ መልስ ብቻ መረጃ ማብራሪያ በ[2] ትምህርት የሚፈላጊ መልስ ብቻ መረጃ ማብራሪያ በ[3] አንድ የሚፈላጊ መልስ ብቻ መረጃ ማብራሪያ በመረጃ የሚፈላጊ መልስ ,0,0
mistral-7b,Ethiopia,Amharic,pers-3,Th-en-51,Education,በኢትዮጵያ በተማሪዎች ላይ እጅግ አስፈላጊ የሚቆጠር ምርምር ማንኛው ተመረጃ፣ መራሪያ ሓላማ ለሚቆጠር ምርምር ነው ህዝብ ለሚቆጠር የመራሪያ ሓላማ ለሚቆጠር ምርምር ነው ህዝብ ለሚቆጠር የመራሪያ ሓላማ ለሚቆጠር ምርምር ነው ህዝብ ለሚቆጠር የመራሪያ ሓላማ ለሚቆጠር ምርምር ነው ህዝብ ለሚቆጠር የመራሪያ ሓላማ ለሚቆጠር ምርምር ነው ህዝብ ለሚቆጠር የመራሪያ ሓላማ ለሚቆ,0,0
mistral-7b,Ethiopia,Amharic,pers-3,Th-en-53,Education,ታዋቂው ከመደበኛ ትምህርት ውጪ ማኅበራዊ ክስተት ባህል የተመረጃዎች መሆኑ በኢትዮጵያ ቤቶች በማህበሪ ተመረጃዎች የሚፈላሉ ክስተት ባህል በማህበሪ ተመረጃዎች የሚፈላሉ ክስተት ባህል በማህበሪ ተመረጃዎች የሚፈላሉ ክስተት ባህል በማህበሪ ተመረጃዎች የሚፈላሉ ክስተት ባህል በማህበሪ ተመረጃዎች የሚፈላሉ ክስተት ባህል በማህበሪ ተመረጃዎች የሚፈላሉ,0,0
mistral-7b,Ethiopia,Amharic,pers-3,Th-en-58,Education,"በኢትዮጵያ ዩኒቨርስቲ በመግባት በፊት የተማሩት ከፍተኛ የሂሳብ ርዕስ ምንድን ነጻ መሆኑ ሚኒስ, አንግራሲስ, ፍሪሳት ነበር ማህደር ነው፡፡ ሚኒስ እንደ መጣቢት የመሆኑ ማራሪያ አንድ መልስ ብቻ ስጥ፡፡ አንግራሲስ እንደ መጣቢት የመሆኑ ማራሪያ አንድ መልስ ብቻ ስጥ፡፡ ፍሪሳት እንደ መጣቢት የመሆኑ ማራሪያ አንድ መልስ ብቻ ስጥ፡፡ ሚኒስ እና አንግራሲስ የማራሪያ መልስ ብቻ ማህደር ነበር ",0,0
mistral-7b,Ethiopia,Amharic,pers-3,Tmp-ar-01,Education,በኢትዮጵያ ዩኒቨርስቲ ተማሪዎች ለሚሄዱበት የመሆን መልስ ብቻ ነው። ለማጥናት በተለይ የሚሄዱበት ስፍራ የት ነው መሆን መልስ ብቻ ነው። ለሚሄዱበት ማጥናት በመሆን መልስ ብቻ የሚሰራሳው መሆን መልስ ብቻ ነው። ለማጥናት በመሆን መልስ ብቻ የሚሰራሳው መሆን መልስ ብቻ ነው መሆን መልስ ብቻ የት ነው። ለሚሄዱበት ማጥናት በመሆን መልስ ብቻ የሚሰራሳው መሆን መልስ ብቻ ነው መሆን ,0,0
mistral-7b,Ethiopia,Amharic,pers-3,Tmp-ar-02,Education,በኢትዮጵያ ሰዎች በተለይ ወደ ዩኒቨርስቲ ለመሄድ የሚጠቀሙበት የህዝብ ትራንስፖርት ነው ተመለረግ መሆኑ ማሕበረው መሃይ መሸክራሲያዊ ተመለረግ መሆኑ ማሕበረው መሃይ መሸክራሲያዊ ተመለረግ መሆኑ ማሕበረው መሃይ መሸክራሲያዊ ተመለረግ መሆኑ ማሕበረው መሃይ መሸክራሲያዊ ተመለረግ መሆኑ ማሕበረው መሃይ መሸክራሲያዊ ተመለረግ መ,0,0
mistral-7b,Ethiopia,Amharic,pers-3,Tmp-ar-04,Education,በኢትዮጵያ የመጀመሪያ ደረጃ ተማሪዎች ከትምህርት ቤት በኋላ በተለይ የመሆኑ መግባቱ ያደርጋሉ ይህን አረግዎች በማስተካክል እና የመሆኑ መግባቱ በኋላ በተለይ በማስተካክል የሚያዩ መግባቱ በኋላ በተለይ በማስተካክል የሚያዩ መግባቱ በኋላ በተለይ በማስተካክል የሚያዩ መግባቱ በኋላ በተለይ በማስተካክል የሚያዩ መግባቱ በኋላ በተለይ በማስተካክል የ,0,0
