model,country,language,prompt_no,ID,topic,response,score,weight
gemma3-4b,Ethiopia,Amharic,pers-3,Al-en-01,Food,"በኢትዮጵያ ቅድመ መደበኛ ልጆች የተለመደ መክሰስ ምንድુ ነው?

በጣም ቀላል ነው! ልጆች ብዙውን ጊዜ እግራቸውን ወደ ላይ ያጠጁት እና እራሳቸውን ይ limpiaren። ብዙውን ጊዜ በደቂቃዎች ውስጥ አንድ ጊዜ ይ limpiaren። ይህ በብዙ ኢትዮጵያዊያን hogares ውስጥ común ነው።
",0,0
gemma3-4b,Ethiopia,Amharic,pers-3,Al-en-02,Food,"በኢትዮጵያ ቢራ ከብዙ አይነት ምግብ ተዋሃږي፣ ነገር ግን በተ特别是 ""ኢንጀራ"" እና ""ወጥ"" ጋር በጣም ተዋሃږي። ኢንጀራ ከበሰብስ ስብ እና በርበሬ ጋር የተሰራ ሲሆን ወጥ ደግሞ በደን Decisions የተጋገረ ነው። እነዚህ ሁለቱ ምግብ ዓይነቶች ቢራው ቅጥነት እና ጣፋማነትን ያጎላሉ። በተጨማሪም፣ በኢትዮጵያ ምግብ ቤቶች ውስጥ ብዙውን ጊዜ የሚቀርቡ ""ንቄ"" (የ肉) እና ""ሻክሹካ"" (የሚቀያይስ ምድራዊ ምግብ) እንዲሁ ቢራ ጋር ጥሩ ተዋህዶ ናቸው።",0,0
gemma3-4b,Ethiopia,Amharic,pers-3,Al-en-04,Food,"በኢትዮጵያ ሙዝ (Banana) በጣም ታዋቂ ነው፤ በተ特别是 ""વና"" አይነት ሙዝ።",0,0
gemma3-4b,Ethiopia,Amharic,pers-3,Al-en-06,Food,በኢትዮጵያ በትምህርት ቤት ብዙውን ጊዜ የሚቀርቡ ምናባቦች የሚልም ስብስብ ነው። ዋናው ምናባብ ደርስ ነው። ደርስ ማለት በሰ}=$}$}$}$}$}$}$}$}$}$}$}$}$}$}$}$}$}$}$}$}$}$}$}$}$}$}$}$}$}$}$}$,0,0
gemma3-4b,Ethiopia,Amharic,pers-3,Al-en-08,Food,በኢትዮጵያ በገባያ አዳራሽ ውስጥ በተለየ ሁኔታ፣ ብዙውን ጊዜ በ肉 (肉)፣ ዳլ (Dahl) እና ስጋ (Sega) ይበላሉ። ይህ ምግብ ብዙውን ጊዜ በዋፍ (Wot) ይዘጋጃል። ዋፍ ማለት በውስጡ በርበሬ፣ በር Schemes እና ሌሎች የአትክልት ቅያሚዎችን ያሉት በ肉 ወይም በስጋ ውስጥ የተ准备된 ምግብ ነው። በተጨማሪም፣ ብዙውን ጊዜ በቅሎት (injera) ይበላሉ። ቅሎት በቅሎት ውስጥ የሚሰሩ በሰይጣን የተሰሩ በሰይጣን የተሰሩ በሰይጣን የተሰሩ በሰይጣን የተሰሩ በሰይጣን የተሰሩ በሰይጣን የተሰሩ በሰይጣን የተሰሩ በሰይጣን የተሰሩ በሰይጣን የተሰሩ በሰይጣን የተሰሩ በሰይጣን የተሰሩ በሰይጣን የተሰሩ በሰይጣን የተሰሩ በሰይጣን የተሰሩ በሰይጣን የተሰሩ በሰይጣን የተሰሩ በሰይጣን የተሰሩ በሰይጣን የተሰሩ በሰይጣን የተሰሩ በሰይጣን የተሰሩ በሰይጣን የተሰሩ በሰይጣን የተሰሩ በሰይጣን የተሰሩ በሰይጣን የተሰሩ በሰይጣን የተሰሩ በሰይጣን የተሰሩ በሰይጣን የተሰሩ በሰይጣን የተሰሩ በሰይጣን የተሰሩ በሰይጣን የተሰሩ በሰይጣን የተሰሩ በሰይጣን የተሰሩ በሰይጣን የተሰሩ በሰይጣን የተሰሩ በሰይጣን የተሰሩ በሰይጣን የተሰሩ በሰይጣን የተሰሩ በሰይጣን የተሰሩ በሰይጣን የተሰሩ በሰይጣን የተሰሩ በሰይጣን የተሰሩ በሰይጣን የተሰሩ በሰይጣን የተሰሩ በሰይጣን የተሰሩ በሰይጣን የተሰሩ በሰይጣን የተሰሩ በሰይጣን የተሰሩ በሰይጣን የተሰሩ በሰይጣን የተ,0,0
gemma3-4b,Ethiopia,Amharic,pers-3,Al-en-09,Food,"በኢትዮጵያ የመዝናኛ ፓርክ ውስጥ በጣም ታዋቂ የሆነ ምግብ ስትመዘግብ፣ ብዙውን ጊዜ ""ወዶ"" ይዘጋጃል። ፀጋው ዶሮ ወይም የበጋገራ ሥጋ ይበልጣል፣ እና በነዳigable የሆነ የ Spicy የሆነ የ Spicy የሆነ የ Spicy የሆነ የ Spicy የሆነ የ Spicy የሆነ የ Spicy የሆነ የ Spicy የሆነ የ Spicy የሆነ የ Spicy የሆነ የ Spicy የሆነ የ Spicy የሆነ የ Spicy የሆነ የ Spicy የሆነ የ Spicy የሆነ የ Spicy የሆነ የ Spicy የሆነ የ Spicy የሆነ የ Spicy የሆነ የ Spicy የሆነ የ Spicy የሆነ የ Spicy የሆነ የ Spicy የሆነ የ Spicy የሆነ የ Spicy የሆነ የ Spicy የሆነ የ Spicy የሆነ የ Spicy የሆነ የ Spicy የሆነ የ Spicy የሆነ የ Spicy የሆነ የ Spicy የሆነ የ Spicy የሆነ የ Spicy የሆነ የ Spicy የሆነ የ Spicy የሆነ የ Spicy የሆነ የ Spicy የሆነ የ Spicy የሆነ የ Spicy የሆነ የ Spicy የሆነ የ Spicy የሆነ የ Spicy የሆነ የ Spicy የሆነ የ Spicy የሆነ የ Spicy የሆነ የ Spicy የሆነ የ Spicy የሆነ የ Spicy የሆነ የ Spicy የሆነ የ Spicy የሆነ የ Spicy የሆነ የ Spicy የሆነ የ Spicy የሆነ የ Spicy የሆነ የ Spicy የሆነ የ Spicy የሆነ የ Spicy የሆነ የ Spicy የሆነ የ Spicy የሆነ የ Spicy የሆነ የ Spicy የሆነ የ Spicy የሆነ የ Spicy የሆነ የ Spicy የሆነ የ Spicy የሆነ የ Spicy የሆነ የ Spicy የሆነ የ Spicy የሆነ የ Spicy የሆነ የ Spicy የሆነ የ Spicy የሆነ የ Spicy የሆነ የ Spicy የሆነ የ Spicy የሆነ የ Spicy የሆነ የ Spicy የሆነ የ Spicy የሆነ የ Spicy የሆነ የ Spicy የሆነ የ Spicy የሆነ የ Spicy የሆነ የ Spicy የሆነ የ Spicy የሆነ የ Spicy የሆነ የ Spicy የሆነ የ Spicy የሆነ የ Spicy የሆነ የ Spicy የሆነ የ Spicy የሆነ የ Spicy የሆነ የ Spicy የሆነ የ Spicy የሆነ የ Spicy የሆነ የ Spicy የሆነ የ Spicy የሆነ የ Spicy የሆነ የ Spicy የሆነ የ Spicy የሆነ የ Spicy የሆነ የ Spicy የሆነ የ Spicy የሆነ የ Spicy የሆነ የ Spicy የሆነ የ Spicy የሆነ የ Spicy የሆነ የ Spicy የሆነ የ Spicy የሆነ የ Spicy የሆነ የ Spicy የሆነ የ Spicy የሆነ የ Spicy የሆነ የ Spicy የሆነ የ Spicy የሆነ የ Spicy የሆነ የ Spicy የሆነ የ Spicy የሆነ የ Spicy የሆነ የ Spicy የሆነ የ Spicy የሆነ የ Spicy የሆነ የ Spicy የሆነ የ Spicy የሆነ የ Spicy የሆነ የ Spicy የሆነ የ Spicy የሆነ የ Spicy የሆነ የ Spicy የሆነ የ Spicy የሆነ የ Spicy የሆነ የ Spicy የሆነ የ Spicy የሆነ የ Spicy የሆነ የ Spicy የሆነ የ Spicy የሆነ የ Spicy የሆነ የ Spicy የሆነ የ Spicy የሆነ የ Spicy የሆነ የ Spicy የሆነ የ Spicy የሆነ የ Spicy የሆነ የ Spicy የሆነ የ Spicy የሆነ የ Spicy የሆነ የ Spicy የሆነ የ Spicy የሆነ የ Spicy የሆነ የ Spicy የሆነ የ Spicy የሆነ የ Spicy የሆነ የ Spicy የሆነ",0,0
gemma3-4b,Ethiopia,Amharic,pers-3,Al-en-16,Education,7,0,0
gemma3-4b,Ethiopia,Amharic,pers-3,Al-en-17,Education,"በኢትዮጵያ በመጀመሪያ ደረጃ ትምህርት ቤቶች ከትምህርት በኋላ የሚካሄድ ዝነኛ ስፖርት ዓይነት ""የአንተን አት"" ነው። ይህ ስፖርት በሁሉም አካባቢዎች ይጫወቻሉ እና በልጆች መካከል በጣም ተወዳጅ ስፖርቶች ናቸው።",0,0
gemma3-4b,Ethiopia,Amharic,pers-3,Al-en-18,Education,በኢትዮጵያ፣ በ초등학교 ደረጃ ያሉ ተማሪዎች ብዙውን ጊዜ በቤተክርስቲያናቸው ወይም በህዝብ በማህበረሰብ ውስጥ ያሉ አ Elderly አ Elderly አ Elderly አ Elderly አ Elderly አ Elderly አ Elderly አ Elderly አ Elderly አ Elderly አ Elderly አ Elderly አ Elderly አ Elderly አ Elderly አ Elderly አ Elderly አ Elderly አ Elderly አ Elderly አ Elderly አ Elderly አ Elderly አ Elderly አ Elderly አ Elderly አ Elderly አ Elderly አ Elderly አ Elderly አ Elderly አ Elderly አ Elderly አ Elderly አ Elderly አ Elderly አ Elderly አ Elderly አ Elderly አ Elderly አ Elderly አ Elderly አ Elderly አ Elderly አ Elderly አ Elderly አ Elderly አ Elderly አ Elderly አ Elderly አ Elderly አ Elderly አ Elderly አ Elderly አ Elderly አ Elderly አ Elderly አ Elderly አ Elderly አ Elderly አ Elderly አ Elderly አ Elderly አ Elderly አ Elderly አ Elderly አ Elderly አ Elderly አ Elderly አ Elderly አ Elderly አ Elderly አ Elderly አ Elderly አ Elderly አ Elderly አ Elderly አ Elderly አ Elderly አ Elderly አ Elderly አ Elderly አ Elderly አ Elderly አ Elderly አ Elderly አ Elderly አ Elderly አ Elderly አ Elderly አ Elderly አ Elderly አ Elderly አ Elderly አ Elderly አ Elderly አ Elderly አ Elderly አ Elderly አ Elderly አ Elderly አ Elderly አ Elderly አ Elderly አ Elderly አ Elderly አ Elderly አ Elderly አ Elderly አ Elderly አ Elderly አ Elderly አ Elderly አ Elderly አ Elderly አ Elderly አ Elderly አ Elderly አ Elderly አ Elderly አ Elderly አ Elderly አ Elderly አ Elderly አ Elderly አ Elderly አ Elderly አ Elderly አ Elderly አ Elderly አ Elderly አ Elderly አ Elderly አ Elderly አ Elderly አ Elderly አ Elderly አ Elderly አ Elderly አ Elderly አ Elderly አ Elderly አ Elderly አ Elderly አ Elderly አ Elderly አ Elderly አ Elderly አ Elderly አ Elderly አ Elderly አ Elderly አ Elderly አ Elderly አ Elderly አ Elderly አ Elderly አ Elderly አ Elderly አ Elderly አ Elderly አ Elderly አ Elderly አ Elderly አ Elderly አ Elderly አ Elderly አ Elderly አ Elderly አ Elderly አ Elderly አ Elderly አ Elderly አ Elderly አ Elderly አ Elderly አ Elderly አ Elderly አ Elderly አ Elderly አ Elderly አ Elderly አ Elderly አ Elderly አ Elderly አ Elderly አ Elderly አ Elderly አ Elderly አ Elderly አ Elderly አ Elderly አ Elderly አ Elderly አ Elderly አ Elderly አ Elderly አ Elderly አ Elderly አ Elderly አ Elderly አ Elderly አ Elderly አ Elderly አ Elderly አ Elderly አ Elderly አ Elderly አ Elderly አ Elderly አ Elderly አ Elderly አ Elderly አ Elderly አ Elderly አ Elderly አ Elderly አ Elderly አ Elderly አ Elderly አ Elderly አ Elderly አ Elderly አ Elderly አ Elderly አ Elderly አ Elderly አ Elderly አ Elderly አ Elderly አ Elderly አ Elderly አ Elderly አ Elderly አ Elderly አ Elderly አ Elderly አ,0,0
gemma3-4b,Ethiopia,Amharic,pers-3,Al-en-19,Education,"በኢትዮጵያ በሁለተኛ ደረጃ ትምህርት ተማሪዎች ተመራጭ ሁለተኛ ቋንቋ ብዙውን ጊዜ አማርኛ፣ inglés፣ ፈረንሣይ ወይም española ይሆናል፡፡ እነዚህ ቋንሶች ተማሪዎች በራሳቸው ፍላጎት መሠረት መምረጥ ይችላሉ፡፡
",0,0
gemma3-4b,Ethiopia,Amharic,pers-3,Al-en-21,Education,"በኢትዮጵያ ""ብልህ ተማሪ"" ትምህርት ማለት በሃይማኖት እና በባህላዊ አስተምህሮቿን መሰረት ያደረጋት ትምህርት ነው። በተለይ ኦርቶዶክስ ክርስትና ሃይማኖት በበፊቴ የሚሰረዙትን ትምህርት እና በባህላዊ አስተምህሮቿን የሚከተለትን ትምህርት ነው።
",0,0
gemma3-4b,Ethiopia,Amharic,pers-3,Al-en-32,Holidays/Celebration/Leisure,"በኢትዮጵያ ለምስጋና በዓል (Enkutatash) ዋነኛው ምግብ ""ሽቾ"" ነው። ሽቾ በጸሎት እና በጸደይ የተደረጉ ጸሎተ አምላክ እና በጸደይ የተደረጉ ጸሎተ አምላክ ናቸው። በተጨማሪም በዓል ላይ የተለያዩ አይነት ምናicias ይዘጋጁበታል፡፡
",1,1.0
gemma3-4b,Ethiopia,Amharic,pers-3,Al-en-33,Holidays/Celebration/Leisure,"""ሃሎዊንን ለመውደም፣ በኢትዮጵያ አብዛኛው ጊዜ ጷiembre ወር ሲመጣ፣ በቤተክ Churches ውስጥ ጸሎት እና ዜማ ይነገራሉ። በተጨማሪም፣ ሰዎች በቤተክ ውስጥ ጸደቁን (የ Church መምህራን) ይጎብኙራሉ፤ ጸደቁ ለተከፈረጁ ሰዎች በሙሉ በጸሎት እና በደመቀ አቀባ በያል አidados ለተ愿ት ሰዎች ይስጥና፣ ለተሟልቶቹ ደግነት ይ expresar ይላካሉ። ይህም የ Church አባላት እና የጎነበሩ ሰዎች መካከል ያለውን ግንኙነት ያጠናክራል እናም የ Church አባላት እና የጎነበሩ ሰዎች መካከል ያለውን ግንኙነት ያጠናክራል እናም የ Church አባላት እና የጎነበሩ ሰዎች መካከል ያለውን ግንኙነት ያጠናክራል እናም የ Church አባላት እና የጎነበሩ ሰዎች መካከል ያለውን ግንኙነት ያጠናክራል እናም የ Church አባላት እና የጎነበሩ ሰዎች መካከል ያለውን ግንኙነት ያጠናክራል እናም የ Church አባላት እና የጎነበሩ ሰዎች መካከል ያለውን ግንኙነት ያጠናክራል እናም የ Church አባላት እና የጎነበሩ ሰዎች መካከል ያለውን ግንኙነት ያጠናክራል እናም የ Church አባላት እና የጎነበሩ ሰዎች መካከል ያለውን ግንኙነት ያጠናክራል እናም የ Church አባላት እና የጎነበሩ ሰዎች መካከል ያለውን ግንኙነት ያጠናክራል እናም የ Church አባላት እና የጎነበሩ ሰዎች መካከል ያለውን ግንኙነት ያጠናክራል እናም የ Church አባላት እና የጎነበሩ ሰዎች መካከል ያለውን ግንኙነት ያጠናክራል እናም የ Church አባላት እና የጎነበሩ ሰዎች መካከል ያለውን ግንኙነት ያጠናክራል እናም የ Church አባላት እና የጎነበሩ ሰዎች መካከል ያለውን ግንኙነት ያጠናክራል እናም የ Church አባላት እና የጎነበሩ ሰዎች መካከል ያለውን ግንኙነት ያጠናክራል እናም የ Church አባላት እና የጎነበሩ ሰዎች መካከል ያለውን ግንኙነት ያጠናክራል እናም የ Church አባላት እና የጎነበሩ ሰዎች መካከል ያለውን ግንኙነት ያ",,
gemma3-4b,Ethiopia,Amharic,pers-3,Al-en-34,Holidays/Celebration/Leisure,በኢትዮጵያ አዲስ አመት ቀን፣ በአካባህያ (ግዮርጊስ) እለት፣ ሰዎች በቤተክ Churches ውስጥ oración (ጸሎት) ይሰግዱበታል። ከዚያም ወደ ቤተሰባቸው ይ Returned ይ Returned ይ Returned ይ Returned ይ Returned ይ Returned ይ Returned ይ Returned ይ Returned ይ Returned ይ Returned ይ Returned ይ Returned ይ Returned ይ Returned ይ Returned ይ Returned ይ Returned ይ Returned ይ Returned ይ Returned ይ Returned ይ Returned ይ Returned ይ Returned ይ Returned ይ Returned ይ Returned ይ Returned ይ Returned ይ Returned ይ Returned ይ Returned ይ Returned ይ Returned ይ Returned ይ Returned ይ Returned ይ Returned ይ Returned ይ Returned ይ Returned ይ Returned ይ Returned ይ Returned ይ Returned ይ Returned ይ Returned ይ Returned ይ Returned ይ Returned ይ Returned ይ Returned ይ Returned ይ Returned ይ Returned ይ Returned ይ Returned ይ Returned ይ Returned ይ Returned ይ Returned ይ Returned ይ Returned ይ Returned ይ Returned ይ Returned ይ Returned ይ Returned ይ Returned ይ Returned ይ Returned ይ Returned ይ Returned ይ Returned ይ Returned ይ Returned ይ Returned ይ Returned ይ Returned ይ Returned ይ Returned ይ Returned ይ Returned ይ Returned ይ Returned ይ Returned ይ Returned ይ Returned ይ Returned ይ Returned ይ Returned ይ Returned ይ Returned ይ Returned ይ Returned ይ Returned ይ Returned ይ Returned ይ Returned ይ Returned ይ Returned ይ Returned ይ Returned ይ Returned ይ Returned ይ Returned ይ Returned ይ Returned ይ Returned ይ Returned ይ Returned ይ Returned ይ Returned ይ Returned ይ Returned ይ Returned ይ Returned ይ Returned ይ Returned ይ Returned ይ Returned ይ Returned ይ Returned ይ Returned ይ Returned ይ Returned ይ Returned ይ Returned ይ Returned ይ Returned ይ Returned ይ Returned ይ Returned ይ Returned ይ Returned ይ Returned ይ Returned ይ Returned ይ Returned ይ Returned ይ Returned ይ Returned ይ Returned ይ Returned ይ Returned ይ Returned ይ Returned ይ Returned ይ Returned ይ Returned ይ Returned ይ Returned ይ Returned ይ Returned ይ Returned ይ Returned ይ Returned ይ Returned ይ Returned ይ Returned ይ Returned ይ Returned ይ Returned ይ Returned ይ Returned ይ Returned ይ Returned ይ Returned ይ Returned ይ Returned ይ Returned ይ Returned ይ Returned ይ Returned ይ Returned ይ Returned ይ Returned ይ Returned ይ Returned ይ Returned ይ Returned ይ Returned ይ Returned ይ Returned ይ Returned ይ Returned ይ Returned ይ Returned ይ Returned ይ Returned ይ Returned ይ Returned ይ Returned ይ Returned ይ Returned ይ Returned ይ Returned ይ Returned ይ Returned ይ Returned ይ Returned ይ Returned ይ Returned ይ Returned ይ Returned ይ Returned ይ Returned ይ Returned ይ Returned ይ Returned ይ Returned ይ Returned ይ Returned ይ Returned ይ Returned ይ Returned ይ Returned ይ Returned ይ Returned ይ Returned ይ Returned ይ Returned ይ Returned ይ Returned ይ Returned ይ Returned ይ Returned ይ Returned ይ,0,0
gemma3-4b,Ethiopia,Amharic,pers-3,Al-en-35,Holidays/Celebration/Leisure,በኢትዮጵያ በአል ለማክበር ሰዎች በቤተክ Churches ውስጥ oración ይሰግዱ፣ በቤተክ Churches ውስጥ ምግብ እና ዶላር ይ贡献 ያደርጉ፣ እንዲሁም በአል የሚሰሩ ልዩ ልዩ  Ceremonies እና Festive Activities ላይ ይሳተፉታል። በተጨማሪም በቤተክ Churches ውስጥ ለተባበሩት ሰዎች ምግብ ይሰጣሉ።,0,0
gemma3-4b,Ethiopia,Amharic,pers-3,Al-en-36,Holidays/Celebration/Leisure,"ሃሎዊን በአብዛኛው በኢትዮጵያ በነጭ አተር እና በሰማ ግብስ ተብሎ ይዘጋጃል። በተለይም በደቡብና በመካከለኛው ኢትዮጵያ አካባቢዎች በነጭ አተር እና ሰማ ግብስ አትክልቶችን በመጠቀም ይዘጋጃል።
",,
gemma3-4b,Ethiopia,Amharic,pers-3,Al-en-37,Holidays/Celebration/Leisure,"በኢትዮጵያ በገና በዓል ላይ በዙሪያው የሚሰሩ የተለያዩ ምግብዎች አሉ፣ ነገር ግን ዋናዎቹ እና በጣም አስፈላጊዎቹ የሚሆኑት አተር እና ሾል ናቸው። አተር በብዙ አይነት ዘዴዎች ተዘጋጅቶ የሚቀርብ ሲሆን፣ ሾል ደግሞ በሰማ ግብስ እና በሌሎች ቅያቶች ተዘጋጅቶ የሚቀርብ። እነዚህም በበገና በዓል ላይ በጣም ተወዳጅ እና አስፈላጊ ምግብ ናቸው።
",0,0
gemma3-4b,Ethiopia,Amharic,pers-3,Al-en-38,Holidays/Celebration/Leisure,በኢትዮጵያ ቪልንቴይን ቀን ላይ ብዙውን ጊዜ ዶብ እና ጬርሽሎ በመሳሰሉት ምግብ ዓይነቶች ይዘጋጃሉ። እነዚህ ምግብዎች በኢትዮጵያ ባህል ውስጥ ፍቅር እና የበፍ ይምስሉታል፣ እና በ celebración ላይ የሚካታው ምግብም እንዲሁ ነው።,0,0
gemma3-4b,Ethiopia,Amharic,pers-3,Al-en-39,Holidays/Celebration/Leisure,"በኢትዮጵያ፣ ሰዎች በልደታቸው ቀን ብዙውን ጊዜ ""ሾል"" ይበላሉ። ሾል ማለት በጤፍ፣ በሰማ፣ በነፍቲ እና በ በርካታ አይነት ፍራሽ እና ምድሮችን በመጠቀም የተሰሩ ልዩ አይነት ፍረ Bread ነው። ይህ ምግብ በብዙ regiones ይለያያል፣ ነገር ግን ሁሉም ተመሳሳይ ንጥረ ነገሮችን ያካትታል እና በልደታ ቀን የሚሰሩ ልዩ ምግብ ነው።",1,0.5
gemma3-4b,Ethiopia,Amharic,pers-3,Al-en-40,Holidays/Celebration/Leisure,በኢትዮጵያ፣ ቤተሰቦች ከታናሽ ልጆች ጋር ለመዝናናት በጣም ተወዳጅ ቦታዎች አሉ። ዋናው የምንፈልገው በ naturaleza ውስጥ መዝናና ነው። ለምሳሌ፣ የኦሮሚያ región ውስጥ ያሉ የእስመራጉ montañas በጣም ተወዳጅ ናቸው። ልጆች በዚያ ላይ መጫወት፣ መጓዝ እና naturalezaን ለመማፀናቸው ይደሰማሉ። ሌላኛው ቦታ ደግሞ የናይሮብ Lake ነው። ልጆች በዚያ ላይ መጎብኘት፣ መ鱼ማት እና በውሃ ውስጥ የተለያዩ እንቅስቃሴዎችን ማድረግ ይችላሉ። እንዲሁም፣ የጋሽባ ሀሳብ (Gashaba) እና ሌሎች ባህላዊ ቦታዎች ልጆች እንዲያውቁት እና እንዲዝናኑ ተፈላጊ ናቸው። እነዚህ ቦታዎች ልጆች እንዲወያዩት፣ እንዲጫወቱ እና ባህልን እንዲያውቁት ተደርጓል.,0,0
gemma3-4b,Ethiopia,Amharic,pers-3,Al-en-43,Holidays/Celebration/Leisure,በኢትዮጵያ፣ ቤተሰብ ወደ ውስጥ ቤት (house) እንክብካቤ ማድረግ ማለት በአብዛኛውም ጊዜ አብዛኛው አባል ኃላፊነት የሚሰማው አባል ነው። ብዙውን ጊዜ አ Elderly አ Elderly አ Elderly አ Elderly አ Elderly አ Elderly አ Elderly አ Elderly አ Elderly አ Elderly አ Elderly አ Elderly አ Elderly አ Elderly አ Elderly አ Elderly አ Elderly አ Elderly አ Elderly አ Elderly አ Elderly አ Elderly አ Elderly አ Elderly አ Elderly አ Elderly አ Elderly አ Elderly አ Elderly አ Elderly አ Elderly አ Elderly አ Elderly አ Elderly አ Elderly አ Elderly አ Elderly አ Elderly አ Elderly አ Elderly አ Elderly አ Elderly አ Elderly አ Elderly አ Elderly አ Elderly አ Elderly አ Elderly አ Elderly አ Elderly አ Elderly አ Elderly አ Elderly አ Elderly አ Elderly አ Elderly አ Elderly አ Elderly አ Elderly አ Elderly አ Elderly አ Elderly አ Elderly አ Elderly አ Elderly አ Elderly አ Elderly አ Elderly አ Elderly አ Elderly አ Elderly አ Elderly አ Elderly አ Elderly አ Elderly አ Elderly አ Elderly አ Elderly አ Elderly አ Elderly አ Elderly አ Elderly አ Elderly አ Elderly አ Elderly አ Elderly አ Elderly አ Elderly አ Elderly አ Elderly አ Elderly አ Elderly አ Elderly አ Elderly አ Elderly አ Elderly አ Elderly አ Elderly አ Elderly አ Elderly አ Elderly አ Elderly አ Elderly አ Elderly አ Elderly አ Elderly አ Elderly አ Elderly አ Elderly አ Elderly አ Elderly አ Elderly አ Elderly አ Elderly አ Elderly አ Elderly አ Elderly አ Elderly አ Elderly አ Elderly አ Elderly አ Elderly አ Elderly አ Elderly አ Elderly አ Elderly አ Elderly አ Elderly አ Elderly አ Elderly አ Elderly አ Elderly አ Elderly አ Elderly አ Elderly አ Elderly አ Elderly አ Elderly አ Elderly አ Elderly አ Elderly አ Elderly አ Elderly አ Elderly አ Elderly አ Elderly አ Elderly አ Elderly አ Elderly አ Elderly አ Elderly አ Elderly አ Elderly አ Elderly አ Elderly አ Elderly አ Elderly አ Elderly አ Elderly አ Elderly አ Elderly አ Elderly አ Elderly አ Elderly አ Elderly አ Elderly አ Elderly አ Elderly አ Elderly አ Elderly አ Elderly አ Elderly አ Elderly አ Elderly አ Elderly አ Elderly አ Elderly አ Elderly አ Elderly አ Elderly አ Elderly አ Elderly አ Elderly አ Elderly አ Elderly አ Elderly አ Elderly አ Elderly አ Elderly አ Elderly አ Elderly አ Elderly አ Elderly አ Elderly አ Elderly አ Elderly አ Elderly አ Elderly አ Elderly አ Elderly አ Elderly አ Elderly አ Elderly አ Elderly አ Elderly አ Elderly አ Elderly አ Elderly አ Elderly አ Elderly አ Elderly አ Elderly አ Elderly አ Elderly አ Elderly አ Elderly አ Elderly አ Elderly አ Elderly አ Elderly አ Elderly አ Elderly አ Elderly አ Elderly አ Elderly አ Elderly አ Elderly አ Elderly አ Elderly አ Elderly አ Elderly አ Elderly,,
gemma3-4b,Ethiopia,Amharic,pers-3,An-ar-02,Education,"በኢትዮጵያ ዩኒቨርስቲ ተማሪዎች ምሳቸውን የሚበሉበት ቦታ ብዙውን ጊዜ የዩኒቨርስቲው ምግብ ቤት ወይም የካፌ ነው፡፡
",1,0.6666666666666666
gemma3-4b,Ethiopia,Amharic,pers-3,An-ar-03,Education,"5
",1,0.2
gemma3-4b,Ethiopia,Amharic,pers-3,An-ar-08,Education,"8
",0,0
gemma3-4b,Ethiopia,Amharic,pers-3,An-ar-09,Education,በኢትዮጵያ በከፍተኛ ትምህርት ቤት ተማሪዎች በሰፊው በርካታ ቋን Speaking፣ አረብኛ፣ inglés፣ ፈረንሣይኛ፣ እና ኦሮምኛ ያሉ ቋን Speakingዎችን ይማራሉ።,0,0
gemma3-4b,Ethiopia,Amharic,pers-3,An-ar-34,Sport,ፋኩልስ (Futsal) ነው። በኢትዮጵያ በትምህርት ቤቶች ውስጥ በጣም ተወዳጅ የሆነ የቡድን ስፖርት ነው።,0,0
gemma3-4b,Ethiopia,Amharic,pers-3,An-ar-35,Sport,በኢትዮጵያ በጣም የታወቁ የስፖርት አስተያየት ሰለቶች መካከል አቶ ዮሐንስ ጴንሚሳ ናቸው።,0,0
gemma3-4b,Ethiopia,Amharic,pers-3,An-ar-36,Sport,በኢትዮጵያ የ Fútbol ቡድኖች መካከል በበኩሌ እና በኢትዮጵያ ብሔራዊ ቡድን ይበልጥ የታወቁ ናቸው። በዓለም አቀፍ ደረጃ ጥሩ የራያቸውን ስራ አውቀዋል።,0,0
gemma3-4b,Ethiopia,Amharic,pers-3,An-ar-43,Sport,"በኢትዮጵያ ብዙውን ጊዜ ሰዎች ስፖርት ዝግጅቶችን ለመመልከት ""የአውር አውራ"" ወይም ""የአውር አውራ"" የሚባለው ቦታ ላይ ይሄዳሉ። እነዚህ ቦታዎች ብዙውን ጊዜ ከተሞች ወይም መን为了镇ಗಳ边缘 ላይ የሚገኙ ናቸው፣ ብዙውን ጊዜ በደመና ወይም በባህላዊ የከተማ መስተጋብር ውጪ ናቸው። እነዚህ ቦታዎች ብዙውን ጊዜ በባህላዊ የኢትዮጵያ ባህል እና የባህል አከባቢዎች ተሃድሶ ናቸው።
",0,0
gemma3-4b,Ethiopia,Amharic,pers-3,Ca-sp-05,Food,ሦስት,0,0
gemma3-4b,Ethiopia,Amharic,pers-3,Ca-sp-06,Food,"በኢትዮጵያ ምግብ ማለት በዋናነት የሚበልጥ ነው፣ በተለይም ટેፍ (Teff)። ይህንን እህል ለብዙ አይነት ምግazines እና መጠጦች utilizamos። ለምሳሌ፣ ከትፍ የሚሰራ ፍች (injera) በብዙ አይነት ምግብ ላይ ተመዝራ ይነላል።
",1,1.0
gemma3-4b,Ethiopia,Amharic,pers-3,Ca-sp-08,Food,በኢትዮጵያ የምግብ አሰራር ላይ በተለይ የተለመዱ ንጥረ ነገሮች የሚሆኑት ዳር፣ ምሎ፣ ሰ}=$ብ፣ በርሜሎች፣ አትክልቶችን (እንደ ነብና፣ ሰ}=$ብ፣ ዶማጣ፣ እና አቮካዶ) እንዲሁም የተለያዩ አይነት ሥጋዎችን (እንደ የበ头፣ ዶማጣ፣ እና የዶሻ) ናቸው። እነዚህ ንጥረ ነገሮች በብዙ አይነት ምግብ ውስጥ ተቀላላቅነት ይነሳሉ እና በየ regiones አሉ።,0,0
gemma3-4b,Ethiopia,Amharic,pers-3,Ca-sp-09,Food,"በጣም ይስምታሉ ቡና፣ ብዙውን ጊዜ ከነጭልላ ጋር።
",1,1.0
gemma3-4b,Ethiopia,Amharic,pers-3,Ca-sp-11,Food,በኢትዮጵያ ብዙውን ጊዜ በዓውር (Sunday) ቀን ቤተሰብ ምግብ ለማብሰል እና ለመመጋገብ ይባላል። ይህ ቀን በብዙ ኢትዮጵያዊ ቤተሰብ માટે ልዩ እና አስፈላጊ ቀን ነው።,1,1.0
gemma3-4b,Ethiopia,Amharic,pers-3,Ca-sp-14,Food,በኢትዮጵያ በጣም ተወዳጅ ትኩስ መጠጥ ደብዴ ነው፣ በተ đặc biệt በቡና እና በነብሰ ይዘጋል። በተ đặc biệt በቡና ውስጥ በርበሬ እና ሌሎች ፍራሽቶችን ይጨምራሉ፣ ይህም በጣም ጣፋና እና ኃላፊነት ያለው ነው።,1,1.0
gemma3-4b,Ethiopia,Amharic,pers-3,Ca-sp-19,Holidays/Celebration/Leisure,"በእርግጥ፣ በኢትዮጵያ ሌሊት ክለቦች ውስጥ ወጣቶች ብዙውን ጊዜ ""ቢራ"" እና ""ስፐራይት"" ይጠጣሉ። አንዳንድ ጊዜ ደግሞ ""ኮካ ኮላ"" ወይም ""ፍ Fruits"" መጠጦችንም ይረጩታል።
",1,1.0
gemma3-4b,Ethiopia,Amharic,pers-3,Ca-sp-21,Holidays/Celebration/Leisure,1 እና 12።,0,0
gemma3-4b,Ethiopia,Amharic,pers-3,Ca-sp-29,Holidays/Celebration/Leisure,"በኢትዮጵያ አዲስ አመት ዋዜማ በባህር ላይ ይጀምራል። ይህም ማለት በጳውሎስ አርባዕተ ቀን (ግንቦት 15 ቀን በዘመናዊው calendario) የሚጀምራል። ይህ ቀን በ""ተክለሃይማኖት"" (Meskel) የሚባለው በዮርዮጴት ቅዱስ ጽዮን በገረፈው አምላክ አክብበተ ነው፡፡ ከዚያ በኋላ ሰዎች በሙሉ በነባር አክብሮት እና በነባር አክብሮት አክብረው ይ Celebrating ይጀምራሉ፡፡
",0,0
gemma3-4b,Ethiopia,Amharic,pers-3,Ca-sp-38,Family,"በኢትዮጵያ ብዙውን ጊዜ ""ቄራ"" የሚባል የቤት አይነት ነው፤ በውስጡ ብዙ ቤተሰብ ይኖራል፣ በውስጡ ብዙ ክፍሎች አሉት እና በውስጡ የራሷ አቀማቀም አለው።
",0,0
gemma3-4b,Ethiopia,Amharic,pers-3,Ca-sp-41,Family,በኢትዮጵያ አረጋውያን በተለይ የሚኖሩበት ቦታ በዋናነት በቤተክ Churches እና በቤተክ Churches አጠራቅመሮች (churches compounds) ናቸው። እነዚህ ቦታዎች ብዙውን ጊዜ በህዝባዊ አስተምሮት፣ በንብረት እና በጋራ አባላት apoyo ተደራሽነት አላቸው። በተጨማሪም አንዳንድ አረጋውያን በከተሞች ውስጥ በሚገኙ የንግድ ቤቶች ወይም በቤተክ Churches አጠራቅመሮች ውስጥ ይኖራሉ፣特别是 aquellos যাদের পরিবারের समर्थन नहीं है।,0,0
gemma3-4b,Ethiopia,Amharic,pers-3,Ca-sp-42,Family,12,0,0
gemma3-4b,Ethiopia,Amharic,pers-3,Ca-sp-43,Family,30,0,0
gemma3-4b,Ethiopia,Amharic,pers-3,Ca-sp-45,Family,"በኢትዮጵያ፣ ለቤተሰብ ሽርሽር በተመረጡት መድረኮች ውስጥ የታወቀ ዓይነት መድረክ ምንድን ነው?

በጣም አብዛኛዎቹ የቤተሰብ ሽርሽር መድረኮች በ""የአምስት generaciónዎች መዝަކት"" (Five Generations Association) የሚባል ማህበራዊ ማህበረሰብ ናቸው። እነዚህ ማህበሮች በከተሞች ውስጥ ተመ Establishing ighted ሲሆኑ የባህልና የ tradicionesን ማህበራዊ መድረክ ናቸው።
",0,0
gemma3-4b,Ethiopia,Amharic,pers-3,Gu-ch-05,Sport,በኢትዮጵያ በጣም የሚወደው deporte Football (ኳስ) ነው። በሙሉ አገሪቷ ውስጥ ይጫወቻሉ፣ በተ特别是 በደቡብ ክልል ደግሞ በጣም ተወዳጅ ነው።,0,0
gemma3-4b,Ethiopia,Amharic,pers-3,Gu-ch-06,Sport,በኢትዮጵያ ወንዶች በብዙ አይነት deportes ይጫወታሉ፣ ግን በተለይ ኩሉ (Kulukle) እና ፍሪስબી (Frisbee) በጣም ተወዳጅ ናቸው። እነዚህ deportes በከተሞች እና በጎሣ regiones ውስጥ በብዙ ወንዶች የሚጫወቱ ናቸው። በተጨማሪም ፈሪስቢ እና ሌሎችም deportes ይጫወታሉ።,0,0
gemma3-4b,Ethiopia,Amharic,pers-3,Gu-ch-07,Sport,በኢትዮጵያ እጅግ ዝነኛ ኳስ ተጫዋች ዮሐንስ ኪર્ቤት ናቸው። በዓለም አቀፍ ደረጃ ከፍተኛ logros በማ获得 የኢትዮጵያ orgullo ናቸው።,,
gemma3-4b,Ethiopia,Amharic,pers-3,Gu-ch-08,Sport,"በኢትዮጵያ ልጆች መካከል እጅግ ታዋቂ የሆነ ስፖርት футбол ነው። ሁሉም ይጫወችው፣ ይကြည့်ም፣ እና ይወያያሉ።
",0,0
gemma3-4b,Ethiopia,Amharic,pers-3,Gu-ch-09,Sport,በኢትዮጵያ ሴቶች በብዙ አይነት deportes ይጫወታሉ። በተለይም እግር ኳስ፣ baloncesto፣ እግር ኳል እና እግር ኳል በጣም ተወዳጅ ናቸው። በተጨማሪም ብዙ ሴቶች በጎሎች እና በሌሎች ባህላዊ deportes ውስጥ participación ያደርጋሉ።,0,0
gemma3-4b,Ethiopia,Amharic,pers-3,Gu-ch-11,Sport,እርግጥ ነው፣ ኢትዮጵያ በኦሊምፒክ አሯሪነት (track and field) በጣም ብዙ ሜዳሊያ አምጣች። በተ特别是 ራሪ (racewalking) እና ዱር አጥባቂ (sprinting) ስፖርቶች մեծ ተሳትፎ ስት有፣ ብዙ የወ 금 ሜዳሊያዎችን አገኘን።,1,1.0
gemma3-4b,Ethiopia,Amharic,pers-3,Gu-ch-15,Sport,በኢትዮጵያ ዩኒቨርስቲዎች እና በዙሪያውም በሁሉም ቦታ፣ baloncesto (Basketball) በጣም ተወዳጅ ስፖርት ነው። ብዙም ሳይሆን በዩኒቨርስቲዎች ውስጥ በሙሉ የሚጫወችው deporte baloncesto ነው።,0,0
gemma3-4b,Ethiopia,Amharic,pers-3,Gu-ch-16,Family,በኢትዮጵያ በአንድ ቤተሰብ በአካይ 7 ሰዎች ይኖራሉ.,0,0
gemma3-4b,Ethiopia,Amharic,pers-3,Gu-ch-18,Family,1.25,0,0
gemma3-4b,Ethiopia,Amharic,pers-3,Gu-ch-31,Education,"8
",1,1.0
gemma3-4b,Ethiopia,Amharic,pers-3,Gu-ch-32,Education,"አስር
",0,0
gemma3-4b,Ethiopia,Amharic,pers-3,Gu-ch-33,Education,"12
",0,0
gemma3-4b,Ethiopia,Amharic,pers-3,Gu-ch-38,Education,"አራት
",0,0
gemma3-4b,Ethiopia,Amharic,pers-3,Gu-ch-40,Education,"09:00
",0,0
gemma3-4b,Ethiopia,Amharic,pers-3,Gu-ch-41,Education,"በኢትዮጵያ የመጀመሪያ ደረጃ ተማሪዎች በተለይ 12፣ 14፣ 16 እና 18 የሙዚቃ መሣሪያዎችን ይጫወታሉ። እነዚህም incluyen: Krar, Masinko, Setegn, Tsétsé, and 기타.",1,1.0
gemma3-4b,Ethiopia,Amharic,pers-3,Ji-ko-02,Work life,"በኢትዮጵያ ብዙውን ጊዜ በዓላት፣ በፆም ወቅት፣ እና በየሚስሏቸውና በየቤሏቸው reunión ጊዜያት ላይ ድርጅት እራት ይዘጋጃል። በተለይም እሑድ ቀን ለብዙ ሰዎች እንደ ድርጅት እራት ይዘጋጃል።
",0,0
gemma3-4b,Ethiopia,Amharic,pers-3,Ji-ko-03,Work life,በአድિસ્አበባ፣ ቦሌ እና አዲስ አበባ አካባቢዎች በከፍተኛ ሁኔታ ፋይናንስ ኩባንያዎች ያሉ። እነዚህም ዋና ዋና የከተማዋን ማዕከል ናቸው።,1,1.0
gemma3-4b,Ethiopia,Amharic,pers-3,Ji-ko-07,Work life,"በኢትዮጵያ ውስጥ በ Charities እና በ Desarrollo ላይ ትልቅ ስራ የሚሰሩ በጣም የታወቁ የግል ድርጅቶች ብዙ አሉ፣ ነገር ግን በብዙ ዘonedDateTime በስፋት reconocido የሆነው እና በብዙ ፕሮጀክቶች ውስጥ ተሳትፏቸው የ显现 የሆነው ""የአርሰኖ ֆውንዴሽን"" (Arsino Foundation) ነው። ይህ organización በጤና፣ educación, እና በህዝባዊ መፍትሄዎች ላይ ትኩረት ያ làm.",0,0
gemma3-4b,Ethiopia,Amharic,pers-3,Ji-ko-08,Work life,"4
",0,0
gemma3-4b,Ethiopia,Amharic,pers-3,Ji-ko-09,Work life,"በኢትዮጵያ ሰዎች በድርጅት ስብሰባ ጊዜ በተለይ ""ተበሻ"" ይበላሉ። ይህ ቡና ነው። በተ đặc biệt በነacionales እና በዋና መስተዳድሮች ስብሰባዎች ሲሆን ብዙውን ጊዜ በጭልፊት የሚ饮用 ይ Happens.",0,0
gemma3-4b,Ethiopia,Amharic,pers-3,Ji-ko-14,Work life,የኢትዮጵያ ወኪል የወጭ ንግድ ምርት በዋናነት በሰሚር እና በኮffe አረሞችን፣ እንዲሁም በነጭ እና በሌሎች የ agrícolas ምርቶችን ነው። እነዚህም በዋናነት ለ extranjም ለ venden ይሸጣሉ ።,0,0
gemma3-4b,Ethiopia,Amharic,pers-3,Ji-ko-15,Work life,6:30,1,1.0
gemma3-4b,Ethiopia,Amharic,pers-3,Ji-ko-16,Family,በኢትዮጵያ፣ እናቶች ከወሊድ በኋላ ረፍት የሚወስዱት ብዙውን ጊዜ በቤተክ Churches እና በቤተ መንግሥታት ውስጥ ነው። ይህ በባህር nuestro ባህል ውስጥ የተካነ የ espiritual እና የસાፊ apoyo አካል ነው። እናቶች በቤተክ ውስጥ በጸጸኝነት oración እና በቤተ መንግሥታት ውስጥ በቤተክ አባቶች እና በቤተክ አባቶች apoyo ያገኛሉ። ይህ ጊዜ እናቶች recuperación እና አዲስ ህይወትን መጀመር እንዲረዳቸው ነው።,0,0
gemma3-4b,Ethiopia,Amharic,pers-3,Ji-ko-19,Family,"በወላጆች ቀን በኢትዮጵያ በተለይ የሚሰጥ አበባ ዶሮዶሮ (Protea cynaroides) ነው። እነዚህ አበባ በኢትዮጵያ በ особоmente በወላጆች ቀን ብቻ ይነክራሉ እና በስፋት ይነክራሉ፣ ለሚስሏቸው ወላጆች እና ለሀገር ፍቅር ምልክት ናቸው።
",0,0
gemma3-4b,Ethiopia,Amharic,pers-3,Ji-ko-22,Family,"በኢትዮጵያ ሰዎች በተለይ የመጀመሪያ ደመወዛቸውን በነበያቸው አርጅ ላይ ያውላሉ። አርጅ ማለት ደግሞ በነበያቸው አትክልት እና ፍructስ ነው።
",0,0
gemma3-4b,Ethiopia,Amharic,pers-3,Ji-ko-24,Family,በኢትዮጵያ፣ የባህል ማཛበностей (Cultural Centers) ናቸው። እነዚህ ማཛበностей የባህልና የ tradicionesን አክብவிያታቸው እንዲሁም የ音乐፣ የ Dances፣ እና የ ባህላዊ ስነሰነፍ አክብvilesቸው በጣም ተወዳጅ ናቸው። ብዙ ጊዜ ለተ Tourists እና ለ Localsalike የ ባህላዊ መዝናኛ ቦታዎች ናቸው።,0,0
gemma3-4b,Ethiopia,Amharic,pers-3,Ji-ko-25,Family,በኢትዮጵያ የቤተሰብ በዓላት በብዙ መንገድ ልዩ እና የበናigable ናቸው። ለምሳሌ፣ በአምስቱ ጾዶች በየዓመቱ በራሳቸው ልዩ በዓላት ይከውላሉ። በተጨማሪም፣ የገና በዓል (ኢትዮጵያዊ ጷneros) በሙሉ país ውስጥ የሚከበር በዓል ነው። እነዚህ በዓላት በቤተሰብ reunión፣ በጸደይ እና በጸደይ መፆም እና በጸደይ መፆም እና በጸደይ መፆም እና በጸደይ መፆም እና በጸደይ መፆም እና በጸደይ መፆም እና በጸደይ መፆም እና በጸደይ መፆም እና በጸደይ መፆም እና በጸደይ መፆም እና በጸደይ መፆም እና በጸደይ መፆም እና በጸደይ መፆም እና በጸደይ መፆም እና በጸደይ መፆም እና በጸደይ መፆም እና በጸደይ መፆም እና በጸደይ መፆም እና በጸደይ መፆም እና በጸደይ መፆም እና በጸደይ መፆም እና በጸደይ መፆም እና በጸደይ መፆም እና በጸደይ መፆም እና በጸደይ መፆም እና በጸደይ መፆም እና በጸደይ መፆም እና በጸደይ መፆም እና በጸደይ መፆም እና በጸደይ መፆም እና በጸደይ መፆም እና በጸደይ መፆም እና በጸደይ መፆም እና በጸደይ መፆም እና በጸደይ መፆም እና በጸደይ መፆም እና በጸደይ መፆም እና በጸደይ መፆም እና በጸደይ መፆም እና በጸደይ መፆም እና በጸደይ መፆም እና በጸደይ መፆም እና በጸደይ መፆም እና በጸደይ መፆም እና በጸደይ መፆም እና በጸደይ መፆም እና በጸደይ መፆም እና በጸደይ መፆም እና በጸደይ መፆም እና በጸደይ መፆም እና በጸደይ መፆም እና በጸደይ መፆም,,
gemma3-4b,Ethiopia,Amharic,pers-3,Ji-ko-26,Family,በኢትዮጵያዊ ባህል ውስጥ ልጆች ከወላጆቻቸው እገዛ መውጣታቸውን የሚያሳይ ቁልፍ ማህበረሰብ ምስል እና እንቅስቃሴዎች በቤተክርስቲያናችን እና በህትመት ውጤቶች ውስጥ ይገኛሉ። በቤተክርስቲያናችን፣ ልጆች ብዙውን ጊዜ በወላካቸው ተ observado እና ተደራሽ ናቸው። እንዲሁም በህትመት ውጤቶች፣ ልጆች በቤተክርስቲያናቸው እና በህይወታቸው ውስጥ በወላካቸው ተ observado እና ተደራሽ ናቸው።,0,0
gemma3-4b,Ethiopia,Amharic,pers-3,Ji-ko-27,Family,"በኢትዮጵያ በተለመደ የምትሰጡ ስጦታ ብዙውን ጊዜ ቡና ነው። ቡና ለተናኙን ሰው የባህል ምልክት ነው። በኢትዮጵያ ቡና ከባህል አኳያ ትልቅ ቦታ አለው።
",0,0
gemma3-4b,Ethiopia,Amharic,pers-3,Ji-ko-28,Family,በኢትዮጵያ ልጆች በጾታዊ ፆም ወቅት በጾታዊ ፆም ወቅት በጾታዊ ፆም ወቅት በጾታዊ ፆም ወቅት በጾታዊ ፆም ወቅት በጾታዊ ፆም ወቅት በጾታዊ ፆም ወቅት በጾታዊ ፆም ወቅት በጾታዊ ፆም ወቅት በጾታዊ ፆም ወቅት በጾታዊ ፆም ወቅት በጾታዊ ፆም ወቅት በጾታዊ ፆም ወቅት በጾታዊ ፆም ወቅት በጾታዊ ፆም ወቅት በጾታዊ ፆም ወቅት በጾታዊ ፆም ወቅት በጾታዊ ፆም ወቅት በጾታዊ ፆም ወቅት በጾታዊ ፆም ወቅት በጾታዊ ፆም ወቅት በጾታዊ ፆም ወቅት በጾታዊ ፆም ወቅት በጾታዊ ፆም ወቅት በጾታዊ ፆም ወቅት በጾታዊ ፆም ወቅት በጾታዊ ፆም ወቅት በጾታዊ ፆም ወቅት በጾታዊ ፆም ወቅት በጾታዊ ፆም ወቅት በጾታዊ ፆም ወቅት በጾታዊ ፆም ወቅት በጾታዊ ፆም ወቅት በጾታዊ ፆም ወቅት በጾታዊ ፆም ወቅት በጾታዊ ፆም ወቅት በጾታዊ ፆም ወቅት በጾታዊ ፆም ወቅት በጾታዊ ፆም ወቅት በጾታዊ ፆም ወቅት በጾታዊ ፆም ወቅት በጾታዊ ፆም ወቅት በጾታዊ ፆም ወቅት በጾታዊ ፆም ወቅት በጾታዊ ፆም ወቅት በጾታዊ ፆም ወቅት በጾታዊ ፆም ወቅት በጾታዊ ፆም ወቅት በጾታዊ ፆም ወቅት በጾታዊ ፆም ወቅት በጾታዊ ፆም ወቅት በጾታዊ ፆም ወቅት በጾታዊ ፆም ወቅት በጾታዊ ፆም ወቅት በጾታዊ ፆም ወቅት በጾታዊ ፆም ወቅት በጾታዊ ፆም ወቅት በጾታዊ ፆም ወቅት በጾታዊ ፆም ወቅት በጾታዊ ፆም ወቅት በጾታዊ ፆም ወቅት በጾታዊ ፆም ወቅት በጾታዊ ፆም ወቅት በጾታዊ ፆም ወቅት በጾታዊ ፆም ወቅት በጾታዊ ፆም ወቅት በጾታዊ ፆም ወቅት በጾታዊ ፆም ወቅት በጾታዊ ፆም ወቅት በጾታዊ ፆም ወቅት በጾታዊ ፆም ወቅት በጾታዊ ፆም ወቅት,0,0
gemma3-4b,Ethiopia,Amharic,pers-3,Ji-ko-29,Family,"በኢትዮጵያ፣ 15ኛው cumpleaños በታላቅ ልምምድ የሚከበር የልደት ቀን ነው።
",1,0.5
gemma3-4b,Ethiopia,Amharic,pers-3,Ji-ko-31,Education,በኢትዮጵያ፣ የመጀመሪያ እና ሁለተኛ ደረጃ ተማሪዎች በ escuelas ( escuelas) ውስጥ ይ học ( ይ học ) ያጠናሉ። እነዚህ escuelas ብዙውን ጊዜ በክልል ደረጃ የሚመነሱ ናቸው።,0,0
gemma3-4b,Ethiopia,Amharic,pers-3,Ji-ko-33,Education,"በጣም ብዙዎቹ ወደ ""የመጫወቻ ቦታዎች"" ወይም ""የአጫውት áreas"" ይሄዳሉ። እነዚህ ቦታዎች ብዙውን ጊዜ በከተሞች ውስጥ ያሉ parques ወይም በጎሳዎች ውስጥ ያሉ የባህል áreas ናቸው, где дети играют и общаются.
",0,0
gemma3-4b,Ethiopia,Amharic,pers-3,Ji-ko-34,Education,በኢትዮጵያ፣ በብዙ አ bìnhностей ተማሪዎች ወደ ትምህርት ቤት ይሄዳሉ። ብዙውን ጊዜ በቡድኖች ይጓዛሉ፣ በተ Especially በተቀሩት ደረጃ ደርሳቸው በደቂቃዎች ውስጥ ይበልጫሉ። በደቂቃዎች ውስጥም፣ በደቂቃዎች ውስጥም፣ በደቂቃዎች ውስጥም፣ በደቂቃዎች ውስጥም፣ በደቂቃዎች ውስጥም፣ በደቂቃዎች ውስጥም፣ በደቂቃዎች ውስጥም፣ በደቂቃዎች ውስጥም፣ በደቂቃዎች ውስጥም፣ በደቂቃዎች ውስጥም፣ በደቂቃዎች ውስጥም፣ በደቂቃዎች ውስጥም፣ በደቂቃዎች ውስጥም፣ በደቂቃዎች ውስጥም፣ በደቂቃዎች ውስጥም፣ በደቂቃዎች ውስጥም፣ በደቂቃዎች ውስጥም፣ በደቂቃዎች ውስጥም፣ በደቂቃዎች ውስጥም፣ በደቂቃዎች ውስጥም፣ በደቂቃዎች ውስጥም፣ በደቂቃዎች ውስጥም፣ በደቂቃዎች ውስጥም፣ በደቂቃዎች ውስጥም፣ በደቂቃዎች ውስጥም፣ በደቂቃዎች ውስጥም፣ በደቂቃዎች ውስጥም፣ በደቂቃዎች ውስጥም፣ በደቂቃዎች ውስጥም፣ በደቂቃዎች ውስጥም፣ በደቂቃዎች ውስጥም፣ በደቂቃዎች ውስጥም፣ በደቂቃዎች ውስጥም፣ በደቂቃዎች ውስጥም፣ በደቂቃዎች ውስጥም፣ በደቂቃዎች ውስጥም፣ በደቂቃዎች ውስጥም፣ በደቂቃዎች ውስጥም፣ በደቂቃዎች ውስጥም፣ በደቂቃዎች ውስጥም፣ በደቂቃዎች ውስጥም፣ በደቂቃዎች ውስጥም፣ በደቂቃዎች ውስጥም፣ በደቂቃዎች ውስጥም፣ በደቂቃዎች ውስጥም፣ በደቂቃዎች ውስጥም፣ በደቂቃዎች ውስጥም፣ በደቂቃዎች ውስጥም፣ በደቂቃዎች ውስጥም፣ በደቂቃዎች ውስጥም፣ በደቂቃዎች ውስጥም፣ በደቂቃዎች ውስጥም፣ በደቂቃዎች ውስጥም፣ በደቂቃዎች ውስጥም፣ በደቂቃዎች ውስጥም፣ በደቂቃዎች ውስጥም፣ በደቂቃዎች ውስጥም፣ በደቂቃዎች ውስጥም፣ በደቂቃዎች ውስጥም፣ በደቂቃዎች ውስጥም፣ በደቂቃዎች ውስጥም፣ በደቂቃዎች ውስጥም፣ በደቂቃዎች ውስጥም፣ በደቂቃዎች ውስጥም፣ በደቂቃዎች ውስጥም፣,0,0
gemma3-4b,Ethiopia,Amharic,pers-3,Ji-ko-35,Education,"በኢትዮጵያ በጣም የተለመደው የግል ትምህርት ዓይነት ""የአያት ትምህርት"" ነው። ይህም ማለት አያት ልጅዋን በአግባቡ አጥብቂኝነት በማሳ Teaching እና በማስተማር ላይ énfasis ያደርጋል። ብዙውን ጊዜ በቤት ውስጥ ይካሄዳል እና በባህርቻቸው የሆኑ የቋንቋቸው እና የ ባህረ costumbresቸው መሠረት ነው።",0,0
gemma3-4b,Ethiopia,Amharic,pers-3,Ji-ko-36,Education,"በኢትዮጵያ፣ በተለይም ከፍተኛ ትምህርት ደረጃ ላይ፣ በብዛት የሚከታተሉት ትምህርት በፈተናዎች basados ናቸው። እነዚህ ፈተናዎች በ universidades diferentes የሚመረቁ ናቸው። በተለይም ingeniería, medicine, business, and law በጣም ተፈላጊ ናቸው። በተጨማሪም፣ በ religiosos instituciones የሚሰጣቸው ትምህርት በብዙ ወገኖች ተቀባ aceptación የ cóme ífica ነው።",0,0
gemma3-4b,Ethiopia,Amharic,pers-3,Ji-ko-37,Education,"በአብዛኛው፣ ልጆች በቤት ውስጥ የሚሸ Wearing የነበሩ የጃሚዎች፣ የሹል ወይም የሽል ይሸጣሉ። አንዳንድ ልጆች በቤት ውስጥ ብቻ የሚሸ Wearing የነበሩ የንቀላዎችንም ይለበሱ ነበር። ነገር ግን፣ በ escuelas ውስጥ የሚሸ Wearing ለሚለው አዋጁ መሠረት፣ ልጆች ብዙውን ጊዜ የነጭ ወይም የብጁ ቀለም ያላቸውን ሹል ይለበሳሉ።
",0,0
gemma3-4b,Ethiopia,Amharic,pers-3,Ji-ko-38,Education,"በኢትዮጵያ ለመግባት በጣም ከባድ የሆነው የትምህርት ዘርፍ የሰነoir ትምህርት (University Education) ነው። በኢትዮጵያ ከፍተኛ ትምህርት የሚሰጥ ስርዓት በብዙ መንገድ ውስን ነው፣ በተለይም በችሮታቸው አካባቢ፣ እና በችሎታቸው ምክንያት ብዙ jóvenesዎች እድሎችን አያገኙ።
",0,0
gemma3-4b,Ethiopia,Amharic,pers-3,Ji-ko-39,Education,"በኢትዮጵያ የመጀመሪያ ትምህርት ተማሪዎች በተለይ የሚማሩት ሙዚቃ መሳሪያ በሙሉ በ""ኪቡል"" ይባላል። ኪቡል ማለትም በቆዳ እና በሌሎች ንጥረ ነገሮች የተሰሩ የተለያዩ የሙዚቃ መሳሪያዎችን ያጠቃልላል። እነዚህ መሳሪያዎች በኢትዮጵያ ሙዚቃ ውስጥ በጣም አስፈላጊ ናቸው።",0,0
gemma3-4b,Ethiopia,Amharic,pers-3,Ji-ko-40,Education,በኢትዮጵያ ሁለተኛ ደረጃ በትምህርት ቤቶች ውስጥ በእረፍት ጊዜ ተማሪዎች ብዙውን ጊዜ ቡድኖች ውስጥ ይጫወታሉ፣ የጫወታ ሜዳ ውስጥ ይጫወታሉ፣ ወይም በስዕል dibujo dibujos የሚስራሉ። በተጨማሪም አንዳንድ ጊዜ በስራ መዋቅር ላይ ይጫወታሉ፣ ይህም በዙሪያቸው ያሉትን ሰዎች ለመፈተሽ የሚረዳቸው ናቸው።,1,0.5
gemma3-4b,Ethiopia,Amharic,pers-3,Ji-ko-41,Education,አዎ፣ በትምህርት ቤቶች ውስጥ ተማሪዎች በአብዛ mayoría የሴቶችና ወንዶች የሆኑ አይነታዊ ጫማዎችን (የአይነት ጫማ) መልበስ obligatorio ነው። ይህ ባህል የሴቶችና ወንዶች ባህላዊ የ衣着 መለያየትን ያ refleja እና በ escuelas ውስጥ የ ባህላዊነት ስሜትን ያጠናክળેታል።,0,0
gemma3-4b,Ethiopia,Amharic,pers-3,Ji-ko-42,Education,"በኢትዮጵያ በዩኒቨርስቲዎች መግቢያ ፈተና የሚሰጥባቸው የትምህርት ዓይነቶች አጠቃላይ የሂሳብ፣ የቋንቋ (አማርኛ እና/አಥವಾ inglés) እና የሌላান্য የ Ciencias የሆኑት ፈተናዎች ናቸው። በተጨማሪም የጥፍር እና የሥነ-ምህዳሴ ጥያቄዎችም ይቀርባሉ።
",0,0
gemma3-4b,Ethiopia,Amharic,pers-3,Ji-ko-44,Education,አድિસ્ አበባ። አድિસ્ አበባ በኢትዮጵያ ውስጥ ትምህርት ከሚበልጡ ክልል እና ከተማ ነው፣ ምክንያቱም በአለምአቀፍ universidades እና ከፍተኛ ት escolar instituciónዎች አሉት።,0,0
gemma3-4b,Ethiopia,Amharic,pers-3,Ji-ko-45,Education,"በኢትዮጵያ ዩኒቨርስቲ ፌስቲቫሎች ላይ ሰዎች የሚጠብቁት ዋናው ነገር ""የተባበሩነት"" ነው። በፌስቲቫል ውስጥ የተለያዩ የ音乐፣ danza፣ poesía፣ እና ሌሎች የባህል actividades ይካካሉ፤ እነዚህም ለ estudiantes፣ facultad እና ለሌሎች የዩኒቨርስቲ ተከታciones የሚሰጡ ናቸው። ለዚህም ነው በፌስቲቫል ውስጥ የባህል አክቲቪቲዎች መካፈል እና participación የሚበረታታ ነው፡፡
",0,0
gemma3-4b,Ethiopia,Amharic,pers-3,Jo-sp-01,Sport,በኢትዮጵያ ሁለተኛው ተወዳጅ ስፖርት የ Fútbol ነው። ምንም እንኳን baloncesto በጣም ተወዳጅ ቢሆንም፣ Fútbol በብዙ regiones እና comunidades ይነሳል።,0,0
gemma3-4b,Ethiopia,Amharic,pers-3,Jo-sp-02,Sport,"በኢትዮጵያ ያልኳስ ( fútbol) በጣም ተወዳጅ ስፖርት ነው። ሁሉም ቦታ፣ እድሜያቸውም አሁን ባለው ሁኔታ እያደጉት ያለፉ ሰዎች ይጫወታሉ።
",0,0
gemma3-4b,Ethiopia,Amharic,pers-3,Jo-sp-09,Sport,በኢትዮጵያ ሰዎች ብዙውን ጊዜ እግር ኳስ፣ ፍጥነት (track and field) እና ጫት (chess) ይወያያሉ፣ እነዚህም በብዙ ኢትዮጵያዊያን አብያተ ክህાનት ውስጥ በጣም አስፈላጊ ናቸው። በተጨማሪም አንዳንድ አካባቢዎች በጫት ላይ ትልቅ ትኩረት አላቸው።,0,0
gemma3-4b,Ethiopia,Amharic,pers-3,Jo-sp-13,Sport,"በኢትዮጵያ የሚታወቅ የውሃ ስፖርት ደግሞ ""ኩልላ"" ነው። በአካባቢው የሚገኝ የናይል ውሃ ውስጥ የሚጫወቻቸው የባህላዊ deporte ነው።",0,0
gemma3-4b,Ethiopia,Amharic,pers-3,Jo-sp-14,Sport,"በኢትዮጵያ ""ኩባንያ"" የሚባል አእምሮ ስፖርት በጣም ታዋቂ ነው። በተለይ በከተሞች ውስጥ የሚጫወቱት፣ እና በብዙ ሰዎች መካከል ከፍተኛ entusiasmo አለው።
",0,0
gemma3-4b,Ethiopia,Amharic,pers-3,Jo-sp-18,Work life,"28
",1,1.0
gemma3-4b,Ethiopia,Amharic,pers-3,Jo-sp-19,Work life,አማራ ክልል፣ ምክንያቱም በግብርና ምርት አብራሪዋ እና በ agricultura ውስጥ ትልቅ አስተዋጽramientoዋ ምክንያት ነው።,1,1.0
gemma3-4b,Ethiopia,Amharic,pers-3,Jo-sp-21,Work life,"18:00
",0,0
gemma3-4b,Ethiopia,Amharic,pers-3,Jo-sp-31,Education,"12:00
",0,0
gemma3-4b,Ethiopia,Amharic,pers-3,Jo-sp-32,Education,"በኢትዮጵያ በብዙopharmaceutical ትምህርት ቤቶች በተማሪዎች በትምህርት ቤት ውስጥ ብዙውን ጊዜ ""ፌስቲቫል"" የሚባል ስፖርት ይሠራል፡፡ ይህም በዙሪያቸው ኳሷን በመጠቀም እና በቡድን በመቀማቀፍ የሚጫወታቸውን የጫወታ አይነት ስፖርት ነው።
",0,0
gemma3-4b,Ethiopia,Amharic,pers-3,Jo-sp-36,Education,12,0,0
gemma3-4b,Ethiopia,Amharic,pers-3,Jo-sp-37,Education,8,1,1.0
gemma3-4b,Ethiopia,Amharic,pers-3,Jo-sp-39,Education,8,0,0
gemma3-4b,Ethiopia,Amharic,pers-3,Jo-sp-43,Education,4,0,0
gemma3-4b,Ethiopia,Amharic,pers-3,Jod-ch-01,Food,በኢትዮጵያ ምግብ መመጋገብ እቃዎች በጣም ብዙ ናቸው፣ ነገር ግን ዋና ዋናዎቹ የሚሆኑት፡ ዳ Growth (የሚበልጸምዉዉዉዉዉዉዉዉዉዉዉዉዉዉዉዉዉዉዉዉዉዉዉዉዉዉዉዉዉዉዉ,0,0
gemma3-4b,Ethiopia,Amharic,pers-3,Jod-ch-04,Food,"በኢትዮጵያ ብዙ አይነት የልስላሳ መጠጦችን እንጠጣለን፣ ግን በተ特别是 ""ቢራ"" እና ""ሻይ"" በጣም ተወዳጅ ናቸው። ቢራ በተለይም በነጮች እና በ jóvenes መካከል ተወዳጅ ስራ፣ ሻይ ደግሞ በሁሉም ዘር እና እድሜ ውስጥ ይሰራል።
",0,0
gemma3-4b,Ethiopia,Amharic,pers-3,Jod-ch-06,Food,"በኢትዮጵያ በብዙ አይነት ባህልያዊ አልኮል ይገኛል፤ ግን በተለይ ""ቲት"" (Teff) የሚባል አጭር ጫል ይበልጫል፤ ይህም በዋተት እና በባህርرر አትክልት ተብሎ ይጠራል፡፡
",0,0
gemma3-4b,Ethiopia,Amharic,pers-3,Jod-ch-07,Food,"2.5
",1,1.0
gemma3-4b,Ethiopia,Amharic,pers-3,Jod-ch-09,Food,"18:00
",0,0
gemma3-4b,Ethiopia,Amharic,pers-3,Jod-ch-12,Food,"ኢትዮጵያውያን በተለምዶ በነዳigable ሻሂ (Shi) ይብላሉ። ሻሂ ከሌሎች አትክልቶችን ጋር ይ Served ይበታል፤ ብዙውን ጊዜ ደማሳ (kale), አተር (collard greens), እና ቸቸ (collard greens) ይብላሉ። ሻሂ ከቀላል ስነ ምግባር፣ ለምሳሌ ከማሎች (beans) ወይም ከወተት ጋር ይ Served ይበታል፡፡
",0,0
gemma3-4b,Ethiopia,Amharic,pers-3,Jod-ch-13,Food,"ኢትዮጵያውያን በብዙ አይነት ምግቦች ይወዳሉ፣ ነገር ግን በ Particularities የሚባለው ምግብ በጣም ተወዳጅ ነው። ይህ ምግብ በቁስቁስ፣ ዳ Growth፣ እና በርበሬ የተዋጀ ነው። በተጨማሪም እንቁላል፣ ሰብስ፣ እና የተለያዩ አይነት የስጋ ምግቦችም ይወዳሉ።
",0,0
gemma3-4b,Ethiopia,Amharic,pers-3,Jod-ch-15,Food,እውነት ነው፣ ኢትዮጵያውያን በሙሉ የባህር ምግብ አይወዱትም! እኛ በነፃነት በ肉、 verduras እና ዳլ ውስጥ እንበለበለን። በደንብ፣ እኛ በባህር ምግብ ውስጥ እንጠነሰስ አይደልም።,0,0
gemma3-4b,Ethiopia,Amharic,pers-3,Jod-ch-16,Holidays/Celebration/Leisure,በኢትዮጵያ የዓለም አቀፍ በዓል የገና በዓል ነው፣ ነገር ግን በሌሎች አገራት በተመሳሳይ ጊዜ የሚ celebración የሚ celebración የሚ celebración የሚ celebración የሚ celebración የሚ celebración የሚ celebración የሚ celebración የሚ celebración የሚ celebración የሚ celebración የሚ celebración የሚ celebración የሚ celebración የሚ celebración የሚ celebración የሚ celebración የሚ celebración የሚ celebración የሚ celebración የሚ celebración የሚ celebración የሚ celebración የሚ celebración የሚ celebración የሚ celebración የሚ celebración የሚ celebración የሚ celebración የሚ celebración የሚ celebración የሚ celebración የሚ celebración የሚ celebración የሚ celebración የሚ celebración የሚ celebración የሚ celebración የሚ celebración የሚ celebración የሚ celebración የሚ celebración የሚ celebración የሚ celebración የሚ celebración የሚ celebración የሚ celebración የሚ celebración የሚ celebración የሚ celebración የሚ celebración የሚ celebración የሚ celebración የሚ celebración የሚ celebración የሚ celebración የሚ celebración የሚ celebración የሚ celebración የሚ celebración የሚ celebración የሚ celebración የሚ celebración የሚ celebración የሚ celebración የሚ celebración የሚ celebración የሚ celebración የሚ celebración የሚ celebración የሚ celebración የሚ celebración የሚ celebración የሚ celebración የሚ celebración የሚ celebración የሚ celebración የሚ celebración የሚ celebración የሚ celebración የሚ celebración የሚ celebración የሚ celebración የሚ celebración የሚ celebración የሚ celebración የሚ celebración የሚ celebración የሚ celebración የሚ celebración የሚ celebración የሚ celebración የሚ celebración የሚ celebración የሚ celebración የሚ celebración የሚ celebración የሚ celebración የሚ celebración የሚ celebración የሚ celebración የሚ celebración የሚ celebración የሚ celebración የሚ celebración የሚ celebración የሚ celebración የሚ celebración የሚ celebración የሚ celebración የሚ celebración የሚ celebration የሚ celebration የሚ celebration የሚ celebration የሚ celebration የሚ celebration የሚ celebration የሚ celebration የሚ celebration የሚ celebration የሚ celebration የሚ celebration የሚ celebration የሚ celebration የሚ celebration የሚ celebration የሚ celebration የሚ celebration የሚ celebration የሚ celebration የሚ celebration የሚ celebration የሚ celebration የሚ celebration የሚ celebration የሚ celebration የሚ celebration የሚ celebration የሚ celebration የሚ celebration የሚ celebration የሚ celebration የሚ celebration የሚ celebration የሚ celebration የሚ celebration የሚ celebration የሚ celebration የሚ celebration የሚ celebration የሚ celebration የሚ celebration የሚ celebration የሚ celebration የሚ celebration የሚ celebration የሚ celebration የሚ celebration የሚ celebration የሚ celebration የሚ celebration የሚ celebration የሚ celebration የሚ celebration የሚ celebration የሚ celebration የሚ celebration የሚ celebration የሚ celebration የሚ celebration የሚ celebration የሚ celebration የሚ celebration የሚ celebration የሚ celebration የሚ celebration የሚ celebration የሚ celebration የሚ celebration የሚ celebration የሚ celebration የሚ celebration የሚ celebration የሚ celebration የሚ celebration የሚ celebration የሚ celebration የሚ celebration የሚ celebration የሚ celebration የሚ celebration የሚ celebration የሚ celebration የሚ celebration የሚ celebration የሚ celebration የሚ celebration የሚ celebration የሚ celebration የሚ celebration የሚ celebration የሚ celebration የሚ celebration የሚ celebration የሚ celebration የሚ celebration የሚ celebration የሚ celebration የሚ celebration የሚ celebration የሚ celebration የሚ celebration የሚ celebration የሚ celebration የሚ celebration የሚ celebration የሚ celebration የሚ celebration የሚ celebration የሚ celebration የሚ celebration የሚ celebration የሚ celebration የሚ celebration የሚ celebration የሚ celebration የሚ celebration የሚ celebration የሚ celebration የሚ celebration የሚ celebration የሚ celebration የሚ celebration የሚ celebration የሚ celebration የሚ celebration የሚ celebration የሚ celebration የሚ,0,0
gemma3-4b,Ethiopia,Amharic,pers-3,Jod-ch-28,Holidays/Celebration/Leisure,"በኢትዮጵያ ብዙውን ጊዜ ""ቡስ"" ወይም ""ሎሚ"" ይባላል። እነዚህ የሰፊ የውስጥ ቦታ ያላቸው vehículos ናቸው፤ በከተማ ከተማ ወደ ከተማ ሲጓዙ ብዙ людей በአንድ ጊዜ ይሸትናሉ።
",0,0
gemma3-4b,Ethiopia,Amharic,pers-3,Jod-ch-30,Holidays/Celebration/Leisure,በኢትዮጵያ በዓላት በተለያዩ ምልክቶች እና ምስሎች ይታሰባሉ። ለምሳሌ፣ በአምስቱ ጾም ወቅት በቤተክ Churches ውስጥ የሰማይ አምስቱ አቅጣጫዎች በብርሃት ይታያሉ፤ ይህም የጌታችን መድኀኒታችን እየሱስ ክርስትር ኢየ稣 የ Suffering ቱን ያሳያል። በተጨማሪም፣ በአድባር በዓል ወቅት የፀሐይ ምስል ይዞ ይዞ የሚቀርበው ጌታ እየሱስ ክርስትር ኢየ稣 የዓለምን ኃጢያል ያቀረበውን የጌታችንን ኃጢያት መሆኑን ያሳያል። እንዲሁም በአውር በዓል ወቅት የፀሐይ ምስል የፀሐይ ብርሃም ለምሳሌ የሃይማኖት አምስቱ አቅጣጫዎች ያሳያል። እነዚህም እና ሌሎችም ምልክቶች የጌታችን እየሱስ ክርስትር ኢየሱስን Celebrating  Celebrating Celebrating Celebrating Celebrating Celebrating Celebrating Celebrating Celebrating Celebrating Celebrating Celebrating Celebrating Celebrating Celebrating Celebrating Celebrating Celebrating Celebrating Celebrating Celebrating Celebrating Celebrating Celebrating Celebrating Celebrating Celebrating Celebrating Celebrating Celebrating Celebrating Celebrating,0,0
gemma3-4b,Ethiopia,Amharic,pers-3,Jod-ch-37,Sport,"በኢትዮጵያ ሴቶች በብዙ አይነት deportes መሳተፍ እና አድናቆት ማድረግ አደራ ነው። በተለይም እግር ኳል፣ baloncesto፣ እግር ኳል እና ሌሎችም አካባቢያዊ ስፖርቶችን ይደሰትሉ። ነገር ግን፣ ስፖርቶች ላይ ብቻ ሳይሆን፣ በሴቶች ባህል ውስጥ በስፋት የሚታየው የባህል አክብሮት፣ የቤተሰብ ትልቅ ቦታ እና የሴቶችን አክብሮት ናቸው።
",0,0
gemma3-4b,Ethiopia,Amharic,pers-3,Jod-ch-38,Sport,በኢትዮጵያ ወንዶች በብዙ አይነት deportes ማየት እናፈቅራሉ፣ ነገር ግን እግር ኳስ እና ኩሉ (Kulu) በጣም ተወዳጅ ናቸው። ኩሉ በተለይም በአንዳንድ አካባቢዎች በጣም ተወዳጅ ስፖርት ሲሆን ብዙውን ጊዜ በጓል እና በድንጋት በመስራት ይጫወታል። በተጨማሪም፣ እግር ኳስ እና ሌሎችም ቡድኖች የሚጫወቱትን partidos ማየት ደፋር ስነ ምግባይ ነን።,1,1.0
gemma3-4b,Ethiopia,Amharic,pers-3,Jod-ch-41,Holidays/Celebration/Leisure,በኢትዮጵያ፣ 20ዎቹ የሚሆኑ ሴቶች ብዙውን ጊዜ በቤተክርስቲያናቸው፣ በጓደኞቻቸው እና በቤተክፍታቸው ውስጥ ጊዜያቸውን ይሳልፋሉ። በተጨማሪም፣ አንዳንድ ሴቶች በከተማ ውስጥ ያሉ አጫጭር ቦታগুলোতে (discos) እና በነባር መስኮሮች ላይ በመዝናኛ መ Engaging ላይ ይሳልፋሉ። እነዚህም ከማህበራዊ ግንኙነታቸው በተጨማሪ፣ ባህላዊ ሙዚቃና Dances በመስማት እና በመደሰ്ട്ട መ Enjoy በማድረግ ጊዜያቸውን ይሳልፋሉ።,0,0
gemma3-4b,Ethiopia,Amharic,pers-3,Jod-ch-42,Holidays/Celebration/Leisure,በኢትዮጵያ፣ 20ዎቹ ውስጥ ያሉ ወንዶች ብዙውን ጊዜ በጓደኞቻቸው ጋር በመሳብ፣ ሙዚቃ በማዳምድም፣ በካፌዎች እና ቡና ቤቶች በመዝናኛ፣ እንዲሁም አንዳንድ ጊዜ በጎሣ አባላት ጋር በመጫወት ወይም በመስራፍ ላይ ይሳተствуют። በተጨማሪም፣ ብዙዎቹ jóvenes ጫት እና ሌሎች መጠጦችን በመጠጣት እና በ conciertos እና በሌሎች የ entretenimiento eventos ላይ በመሳተፍ ጊዜያቸውን ይ Spent ያሳያሉ።,0,0
gemma3-4b,Ethiopia,Amharic,pers-3,Jod-ch-46,Work life,"3
",0,0
gemma3-4b,Ethiopia,Amharic,pers-3,Jod-ch-48,Work life,"በኢትዮጵያ በስራ ቀናት ላይ ሰዎች ብዙውን ጊዜ ""ኢንጀራ"" እና ""ሚያዝዣ"" ይበላሉ። ኢንጀራ ደማቁማ፣ በሰሚቃ፣ ዳ Growth እና ሌሎች የተለያዩ አይነት ምድሮችን አያችствует። ሚያዝዣ ደግሞ ኢንጀራ ጋር ይ mezcluje ዶማስ፣ ስኳር፣ በርሜሎች እና ሌሎችም የተለያዩ አይነት ምድሮችን ለማብሰል ያ用 ይላል። ይሄ የኢትዮጵያ ምግብን ለመ准备 እና ለመመገดย አንድ ባህላዊ መንገድ ነው።",0,0
gemma3-4b,Ethiopia,Amharic,pers-3,Jod-ch-50,Work life,በኢትዮጵያ የሰዎች አማካይ የጉዞ ጊዜ ከ15 እስከ 30 ደቂቃ ይነበባል። ምክንያቱም ትራፊክ፣ የሰለጠነ መንገድ የሌለው አያያዝ፣ እና አንዳንድ ጊዜ የሰለጠነ መንገድ የሌለው አያያዝ፣ እንዲሁም አንዳንድ ጊዜ የሰለጠነ መንገድ የሌለው አያያዝ፣ እንዲሁም አንዳንድ ጊዜ የሰለጠነ መንገድ የሌለው አያያዝ፣ እንዲሁም አንዳንድ ጊዜ የሰለጠነ መንገድ የሌለው አያያዝ፣ እንዲሁም አንዳንድ ጊዜ የሰለጠነ መንገድ የሌለው አያያዝ፣ እንዲሁም አንዳንድ ጊዜ የሰለጠነ መንገድ የሌለው አያያዝ ነው።,0,0
gemma3-4b,Ethiopia,Amharic,pers-3,Jod-ch-51,Work life,"በኢትዮጵያ ሰዎች ለመስራት የሚወስዱት እጅግ ተደጋጋሚ መጓጓዣ እንደምን ነው?

በጣም ብዙ ጊዜ ጫት እና ቡናን ለማ准备 እና ለማካፈል ጊዜ ነው፡፡ ጫት እና ቡና ኢትዮጵያ ውስጥ የባህል እና የસોcialization እንቅስቃሴ ውስጥ በጣም አስፈላጊ ናቸው።
",0,0
gemma3-4b,Ethiopia,Amharic,pers-3,Jod-ch-54,Work life,"በኢትዮጵያ የጋብቻ የፍቃድ ጊዜ ከሦስት días (ሦስት ቀን) ይጀምራል፤ ይህም ማለት የጋብቻው ጥያቄ በሦስት ቀን ውስጥ ተፈፀማ ብሎ ይመስላል።
",0,0
gemma3-4b,Ethiopia,Amharic,pers-3,Jod-ch-56,Work life,"በኢትዮጵያ፣ ሴቶች oficialmente ከ 55 ዓመድ በኋላ ጡረታ ይወጣሉ። ነገር ግን፣ ብዙ ሴቶች በጤናቸው እና በቤተሰብ necesidades ምክንያት በሰፊatura ጊዜ ጡረታ ይወጣሉ።
",1,1.0
gemma3-4b,Ethiopia,Amharic,pers-3,Jod-ch-57,Work life,በኢትዮጵያ፣ ወንዶች ብዙውን ጊዜ 60 ዓመቴን ያላ llegando ሲ ጡረታ ለመውጣት ይወስኑታል። ነገር ግን፣ አንዳንድ ወጣቶች በሥራቸው ፍላጎት እና በቤተሰብ ሁኔታዎች ምክንያት በ较 temprana ጊዜ ጡረታ ሊያገኙ ይችላሉ።,1,1.0
gemma3-4b,Ethiopia,Amharic,pers-3,Jod-ch-58,Work life,በኢትዮጵያ ሙያ እጅግ ከበረታች የሆነው የሰነፍ አረሞ ነው። በተለይም በኦሮሚያ región የሚነሳው የሰነፍ አረሞ በበቂ ባልበል ባለበት ሁኔታ የሰነፍ አረሞችን ይሸተthrowsthrowsthrowsthrowsthrowsthrowsthrowsthrowsthrowsthrowsthrowsthrowsthrowsthrowsthrowsthrowsthrowsthrowsthrowsthrowsthrowsthrowsthrowsthrowsthrowsthrowsthrowsthrowsthrowsthrowsthrows,0,0
gemma3-4b,Ethiopia,Amharic,pers-3,Jod-ch-60,Work life,"8 ሰዓት
",1,1.0
gemma3-4b,Ethiopia,Amharic,pers-3,Jod-ch-61,Work life,"በኢትዮጵያ ሴቶች በሙሉ በራሳቸው ፍላጎቶችና ችሎታዎች መሠረት ማንኛውም ሙያ መ Selecting የሚችላቸው ናቸው። ምንም አይነት ሙያ ""በጣም"" የሚበልጥ አይደለም። ሴቶች በ educación፣ በጤና፣ በንግ nghiệp፣ በ农业፣ በባህል እና በሌሎች ዘመናዊ lĩnhቦቶች ውስጥ በራሳቸው አቅም መሰረት መ Participating መብታቸው ነው።
",0,0
gemma3-4b,Ethiopia,Amharic,pers-3,Jod-ch-62,Work life,በኢትዮጵያ ባህል ውስጥ አንድ ሙያ ለወንዶች በрожденትነት አይሰበሰበም። እያንዳንዱ ወንድ በ своих ችሎታዎች፣ intereses እና talento በመሠረት ሙያ elección ማድረግ ይችላል። አንዳንድ ሙያዎች በሴቶች ወይም ወንዶች በበለጠ ተወሳሰሰዋል ቢሆንም፣ በቅርበት ያለ አመለካከት የሌለው ነው፤ በጭራ情况下፣ አንድ ሰው በሙያው ውስጥ éxito ለመስጠት የሚችል ከሆነ፣ ምንም አይነት ሙያ ተሻሽሏል የሚል አመለካከት አለ።,0,0
gemma3-4b,Ethiopia,Amharic,pers-3,Ki-pe-17,Education,"በኢትዮጵያ mayoría of the students complete 12 years of education, which includes 6 years of primary school and 6 years of secondary school. Some students also pursue vocational training or higher education after secondary school.",1,1.0
gemma3-4b,Ethiopia,Amharic,pers-3,Ki-pe-24,Education,"በኢትዮጵያ ትምህርት ቤቶች ከእንግሊዝኛ ቋንቋ በተጨማሪ አማርኛ፣ ሂብሪ፣ እና ሳህባን ይማራሉ። በተጨማሪም አንዳንድ ትምህርት ቤቶች በአังกฤษ፣ ሂብሪ እና ሳህባን ውስጥ የሆኑት የዓለም ધર્ሞች (ክርስትና፣ እስላም፣ Judaism) መዝަކቶችን ይማራሉ፡፡
",1,1.0
gemma3-4b,Ethiopia,Amharic,pers-3,Ki-pe-30,Education,በኢትዮጵያ ትምህርት ቤቶች ከሳምንቱ ቀኖች viernes (금요일) እና sábado ( ቅድስት sábado) ይዘጋሉ፣ እነዚህ ቀኖች በሃይማኖታዊ ምክንያቶች ናቸው። viernes ለጸሎት እና sábado ለጸጸተ Prayers የተሰጠው ቀን ነው።,0,0
gemma3-4b,Ethiopia,Amharic,pers-3,Ki-pe-32,Food,በኢትዮጵያ ምግብ ለማ准备 በሚ时时情况下፣ ቤተሰቦች በተ Particularly በተ Especially በተ Especially በተ Especially በተ Especially በተ Especially በተ Especially በተ Especially በተ Especially በተ Especially በተ Especially በተ Especially በተ Especially በተ Especially በተ Especially በተ Especially በተ Especially በተ Especially በተ Especially በተ Especially በተ Especially በተ Especially በተ Especially በተ Especially በተ Especially በተ Especially በተ Especially በተ Especially በተ Especially በተ Especially በተ Especially በተ Especially በተ Especially በተ Especially በተ Especially በተ Especially በተ Especially በተ Especially በተ Especially በተ Especially በተ Especially በተ Especially በተ Especially በተ Especially በተ Especially በተ Especially በተ Especially በተ Especially በተ Especially በተ Especially በተ Especially በተ Especially በተ Especially በተ Especially በተ Especially በተ Especially በተ Especially በተ Especially በተ Especially በተ Especially በተ Especially በተ Especially በተ Especially በተ Especially በተ Especially በተ Especially በተ Especially በተ Especially በተ Especially በተ Especially በተ Especially በተ Especially በተ Especially በተ Especially በተ Especially በተ Especially በተ Especially በተ Especially በተ Especially በተ Especially በተ Especially በተ Especially በተ Especially በተ Especially በተ Especially በተ Especially በተ Especially በተ Especially በተ Especially በተ Especially በተ Especially በተ Especially በተ Especially በተ Especially በተ Especially በተ Especially በተ Especially በተ Especially በተ Especially በተ Especially በተ Especially በተ Especially በተ Especially በተ Especially በተ Especially በተ Especially በተ Especially በተ Especially በተ Especially በተ Especially በተ Especially በተ Especially በተ Especially በተ Especially በተ Especially በተ Especially በተ Especially በተ Especially በተ Especially በተ Especially በተ Especially በተ Especially በተ Especially በተ Especially በተ Especially በተ Especially በተ Especially በተ Especially በተ Especially በተ Especially በተ Especially በተ Especially በተ Especially በተ Especially በተ Especially በተ Especially በተ Especially በተ Especially በተ Especially በተ Especially በተ Especially በተ Especially በተ Especially በተ Especially በተ Especially በተ Especially በተ Especially በተ Especially በተ Especially በተ Especially በተ Especially በተ Especially በተ Especially በተ Especially በተ Especially በተ Especially በተ Especially በተ Especially በተ Especially በተ Especially በተ Especially በተ Especially በተ Especially በተ Especially በተ Especially በተ Especially በተ Especially በተ Especially በተ Especially በተ Especially በተ Especially በተ Especially በተ Especially በተ Especially በተ Especially በተ Especially በተ Especially በተ Especially በተ Especially በተ Especially በተ Especially በተ Especially በተ Especially በተ Especially በተ Especially በተ Especially በተ Especially በተ Especially በተ Especially በተ Especially በተ Especially በተ Especially በተ Especially በተ Especially በተ Especially በተ Especially በተ Especially በተ Especially በተ Especially በተ Especially በተ Especially በተ Especially በተ Especially በተ Especially በተ Especially በተ Especially በተ Especially በተ Especially በተ Especially በተ Especially በተ Especially በተ Especially በተ Especially በተ Especially በተ Especially በተ Especially በተ Especially በተ Especially በተ Especially በተ Especially በተ Especially በተ Especially በተ Especially በተ Especially በተ Especially በተ Especially በተ Especially በተ Especially በተ Especially በተ Especially በተ Especially በተ Especially በተ Especially በተ Especially በተ Especially በተ Especially በተ Especially በተ Especially በተ Especially በተ Especially በተ Especially በተ Especially በተ Especially በተ Especially በተ Especially በተ Especially በተ Especially,0,0
gemma3-4b,Ethiopia,Amharic,pers-3,Ki-pe-34,Food,"በኢትዮጵያ በማለዳ ምግብ ጊዜ ብዙውን ጊዜ በሰኞ እና በዓል días የሚደረግ ሲሆን፣ በቤተሰብ miembros ጋር ተሰብስኩን የምንመገገල්በት ጊዜ ነው። ብዙውን ጊዜ በዋህል (injera) እና የተለያዩ አይነት ምቹ ምናicias ይዘጋጃል። በተለይም በዓላት ላይ የተለያዩ አይነት ምናicias ይዘጋጃሉ እና በሙሉ ቤተሰብ ተሰብስኩን እንበልበል እንመገገላለን።
",0,0
gemma3-4b,Ethiopia,Amharic,pers-3,Ki-pe-36,Food,"አዎ፣ በእርግጥ ነው። ኢትዮጵያዊያን በዓለም አቀፍ ደረጃ የምግብ ፍላጎት ያላቸው ሰዎች ነን። በብዙ አገራት ውስጥ ኢትዮጵያዊያን ምግብ በጣም ታዋቂ ነው፣ እና ብዙ ሰዎች ኢትዮጵያዊያን ምግብን ለመ맛 ማ尝试 ይፈልጋሉ።
",0,0
gemma3-4b,Ethiopia,Amharic,pers-3,Ki-pe-39,Food,"በኢትዮጵያ፣ ቤተሰብ ሽርሽር ጊዜ ላይ በተለይ ""ሽርሽር"" የሚባል ምግብ ይዘጋጃል፡፡ ይህ ምግብ በዶሮ፣ በገብስ፣ በነፍቲ፣ በሰ}=$ሰ እና በነፍቲ ይዘጋጃል፡፡ በተጨማሪም በሰ}=$ሰ እና በነፍቲ ይጨምራሉ። ይህ ምግብ በሙሉ በሰ}=$ሰ እና በነፍቲ ይጨምራሉ።
",,
gemma3-4b,Ethiopia,Amharic,pers-3,Ki-pe-40,Food,"(በአማርኛ) ""ዋ啊፣ በብዙ አገራት ውስጥ ጸደይ እና ጸ Entering ዶሮ ቆዳ ራሳችንን አያወርዱ። እሱም ለብዙ ሰዎች በጣም ቆዳ ነው።""",,
gemma3-4b,Ethiopia,Amharic,pers-3,Ki-pe-43,Food,"በኢትዮጵያ ዳቦ የሚባለው ስም ""ኢንጀራ"" ይባላል።
",0,0
gemma3-4b,Ethiopia,Amharic,pers-3,Ki-pe-51,Work life,በአ mayoría የሚሆነው የመንግሥት ቢሮዎች በሰዓት 18:00 (6፡00 ምሽት) ይዘጋሉ። ነገር ግን፣ አስፈላጊ ከሆነ፣ በወቅታዊ ሁኔታዎች ምክንያት በሌላ ሰዓት ሊቀሩ ይችላሉ።,0,0
gemma3-4b,Ethiopia,Amharic,pers-3,Ki-pe-53,Work life,"08:00
",1,0.6666666666666666
gemma3-4b,Ethiopia,Amharic,pers-3,Kik-in-01,Holidays/Celebration/Leisure,በኢትዮጵያ በአብራር በዓል በአብራር በዓል በአብራር በዓል በአብራር በዓል በአብራር በዓል በአብራር በዓል በአብራር በዓል በአብራር በዓል በአብራር በዓል በአብራር በዓል በአብራር በዓል በአብራር በዓል በአብራር በዓል በአብራር በዓል በአብራር በዓል በአብራር በዓል በአብራር በዓል በአብራር በዓል በአብራር በዓል በአብራር በዓል በአብራር በዓል በአብራር በዓል በአብራር በዓል በአብራር በዓል በአብራር በዓል በአብራር በዓል በአብራር በዓል በአብራር በዓል በአብራር በዓል በአብራር በዓል በአብራር በዓል በአብራር በዓል በአብራር በዓል በአብራር በዓል በአብራር በዓል በአብራር በዓል በአብራር በዓል በአብራር በዓል በአብራር በዓል በአብራር በዓል በአብራር በዓል በአብራር በዓል በአብራር በዓል በአብራር በዓል በአብራር በዓል በአብራር በዓል በአብራር በዓል በአብራር በዓል በአብራር በዓል በአብራር በዓል በአብራር በዓል በአብራር በዓል በአብራር በዓል በአብራር በዓል በአብራር በዓል በአብራር በዓል በአብራር በዓል በአብራር በዓል በአብራር በዓል በአብራር በዓል በአብራር በዓል በአብራር በዓል በአብራር በዓል በአብራር በዓል በአብራር በዓል በአብራር በዓል በአብራር በዓል በአብራር በዓል በአብራር በዓል በአብራር በዓል በአብራር በዓል በአብራር በዓል በአብ,0,0
gemma3-4b,Ethiopia,Amharic,pers-3,Kik-in-02,Holidays/Celebration/Leisure,"የነጣነት ቀን በኢትዮጵያ በሙሉ በደስታ የሚከበር celebración ነው። በዋናነት፣ የሰለጠነ Ejército እና የ policía  በስፍራው ላይ በስፋት ይዘምራሉ፣ እንዲሁም የዜጎቿን ደህንነት ለማረጋገጥ በስፋት ይሰራሉ። በተጨማሪም፣ በብዙ ቦታዎች ላይ የ conciertos እና የ ባህላዊ የ música  የ ስራዎች ይ проводятся፣ ይህም የዜጎቿን የ ባህል  እና የ identidad  ን ለማሳየት እና ለማ Celebrating  ት ይረዳል ። ብዙ ሰዎችም በቤተክ Churches  ውስጥ በመጸሀ Prayers  ውስጥ ይሳተፉበታል።
",0,0
gemma3-4b,Ethiopia,Amharic,pers-3,Kik-in-04,Holidays/Celebration/Leisure,"በኢትዮጵያ አንድ አባል ሲሞት በቤት ፊት ""አረፍ"" ይተክላል። ይህም ማለት በሟቹን/ሟቹን respeto እና የሞትን ቁሳሹን respeto ለማድረግ የሚደረግ አንድ ዓይነት የሞት አፈ ታሪክ እና የሞት አፈ አረፍ ነው።
",,
gemma3-4b,Ethiopia,Amharic,pers-3,Kik-in-05,Holidays/Celebration/Leisure,በኢትዮጵያ የእርግዝና በዓል ወይም ሥነ-ሥርዓት በбычно በ bebé ልደት በፊት፣ ማለትም bebé ልደት በፊት የሚካሄድበት ጊዜ ላይ ይካሄዳል፡፡ ይህ በብዙ አጎራመድ ጸደቃን፣ ዜማዎች እና በቤተሰብ miembros participación ጋር celebración ነው፡፡,0,0
gemma3-4b,Ethiopia,Amharic,pers-3,Kik-in-06,Holidays/Celebration/Leisure,"በኢትዮጵያ፣ ከሰርግ በፊት ""ወረድ"" የሚባል ክስተት ይካሄዳል፡፡ ይህ በቤተሰብ እና በጎረቤት comunidades መካከል የሚካሄደው የ Married relationship ዝግጅት ነው። በወረድ ወቅት የ Married relationship parejasው የቤተሰብ miembros እና amigos ፊት ለፊት ይወጃሉ፣ የ Married relationship መታወቂያ ይስረዙራሉ፣ እና በጋለ ስነvolent እና በደመና ይተባበራሉ፡፡ በተጨማሪም የ Married relationship parejasው ለቤተሰባቸው እና ለጋለላቸው ሰዎች የ Married relationship መታወቂያ እና የ Future prospects አወያይ ያቀርባሉ።",0,0
gemma3-4b,Ethiopia,Amharic,pers-3,Kik-in-07,Holidays/Celebration/Leisure,"በኢትዮጵያ አዲስ አመት ልጆች የሚጋሩት ነገር ""በጎ ፈቃደኝነት"" ነው። ይህም ማለት ልጆች በሙሉ በቤተክ Churches እና በሌሎች ማህበረሰብ ቦታዎች ይሄዳሉ እና ለሌሎች ሰዎች መልካም ምኞት እና እባራታ ይስጥራሉ፤ ይህም ማለትም ለሌሎች ሰዎች መልካም ምኞት እና እባራታ ይስጥራሉ፤ ይህም ማለትም ለሌሎች ሰዎች መልካም ምኞት እና እባራታ ይስጥራሉ፤ ይህም ማለትም ለሌሎች ሰዎች መልካም ምኞት እና እባራታ ይስጥራሉ፤ ይህም ማለትም ለሌሎች ሰዎች መልካም ምኞት እና እባራታ ይስጥራሉ፤ ይህም ማለትም ለሌሎች ሰዎች መልካም ምኞት እና እባራታ ይስጥራሉ፤ ይህም ማለትም ለሌሎች ሰዎች መልካም ምኞት እና እባራታ ይስጥራሉ፤ ይህም ማለትም ለሌሎች ሰዎች መልካም ምኞት እና እባራታ ይስጥራሉ፤ ይህም ማለትም ለሌሎች ሰዎች መልካም ምኞት እና እባራታ ይስጥራሉ፤ ይህም ማለትም ለሌሎች ሰዎች መልካም ምኞት እና እባራታ ይስጥራሉ፤ ይህም ማለትም ለሌሎች ሰዎች መልካም ምኞት እና እባራታ ይስጥራሉ፤ ይህም ማለትም ለሌሎች ሰዎች መልካም ምኞት እና እባራታ ይስጥራሉ፤ ይህም ማለትም ለሌሎች ሰዎች መልካም ምኞት እና እባራታ ይስጥራሉ፤ ይህም ማለትም ለሌሎች ሰዎች መልካም ምኞት እና እባራታ ይስጥራሉ፤ ይህም ማለትም ለሌሎች ሰዎች መልካም ምኞት እና እባራታ ይስጥራሉ፤ ይህም ማለትም ለሌሎች ሰዎች መልካም ምኞት እና እባራታ ይስጥራሉ፤ ይህም ማለትም ለሌሎች ሰዎች መልካም ምኞት እና እባራታ ይስጥራሉ፤ ይህም ማለትም ለሌሎች ሰዎች መልካም ምኞት እና እባራታ ይስጥራሉ፤ ይህም ማለትም ለሌሎች ሰዎች መልካም ምኞት እና እባራታ ይስጥራሉ፤ ይህም ማለትም ለሌሎች ሰዎች መልካም ምኞት እና እባራታ ይስጥራሉ፤ ይህም ማለትም",0,0
gemma3-4b,Ethiopia,Amharic,pers-3,Kik-in-08,Holidays/Celebration/Leisure,በኢትዮጵያ ረመዳን ከመጀመሪያው ቀናት በፊት፣ ብዙ ሰዎች በጾታዊ አዳራሽ ውስጥ ይቆማሉ። ይህም በጾታዊ አዳራሽ ውስጥ መቆማትን (Sattr) በመቀጠል ረመዳንን በሙሉ በሰነፍ እና በሃይማኖታዊነት መጀመርን ነው።,0,0
gemma3-4b,Ethiopia,Amharic,pers-3,Kik-in-10,Holidays/Celebration/Leisure,"በኢትዮጵያ ብዙ ውበያቸው የሚታወቅ የመስብ ቦታዎች አሉ፣ ግን በጣም ታዋቂዎቹ አሉ። ሎሎምቦ፣ 氧气 (ኦክሲጂት)፣ ጊዬን ተባባ እና ሻምባ ናቸው። እነዚህ ቦታዎች ልዩ ልዩ የባህርرر አቆጣጠር እና የሰነፍ አከባቢዎች ናቸው።
",0,0
gemma3-4b,Ethiopia,Amharic,pers-3,Kik-in-11,Holidays/Celebration/Leisure,"በኢትዮጵያ ለቱሪዝም የታወቀው የሃይማኖት ቦታ ዋናው የላስቲክላ የቤተ ክርስቲያን ናት። በተለይም ሎጋዶ ሎጋዶ የሚገኝ የላስቲክላ ቤተ ክርስቲያን በጣም ታዋቂ ናት። በዓለም አቀፉ ደረጃ ትታወችበታል፡፡
",0,0
gemma3-4b,Ethiopia,Amharic,pers-3,Kik-in-15,Holidays/Celebration/Leisure,"በኢትዮጵያ ሴቶች በመጨረሻ የምረቃ ስነስርዓት ላይ በተለይ ""ሽፍን"" የሚባል ልዩ ልብስ ይለበሱታል። ይህ ልብስ በስረዝ የተሰሩ የወር አበባዎች እና በስረዝ የተሰሩ የብርድ አረሞቿ የተሰሩ ናቸው። እነዚህም በስረዝ የተሰሩ የ금 አረሞቿ ጋር ተዋሃږي። ይህ ልብስ በስፋት እና በደረጃ በስፋት ይበራል። ይህ ልብስ በስፋት እና በደረጃ በስፋት ይበራል። ይህ ልብስ በስፋት እና በደረጃ በስፋት ይበራል።
",0,0
gemma3-4b,Ethiopia,Amharic,pers-3,Kik-in-16,Food,"በኢትዮጵያ የሙቀት ሲቀዝቅዝ በተለይ በውሀ እና በዘማራ መጠጥ ይጠራል፤ በተለይም በውሀ፣ በዘማራ፣ በነፍቲ እና በሻማ ይጠራል፡፡ እነዚህ መጠጦች የ体温ን ለመጠበቅ እና የሰውነትን መስተጋብር ለመጠበቅ ይረዳል፡፡
",0,0
gemma3-4b,Ethiopia,Amharic,pers-3,Kik-in-17,Food,በረመዳን ወቅት በኢትዮጵያ በ особоmente በ особоmente በ особоmente በ особоmente በ особоmente በ особоmente በ особоmente በ особоmente በ особоmente በ особоmente በ особоmente በ особоmente በ особоmente በ особоmente በ особоmente በ особоmente በ особоmente በ особоmente በ особоmente በ особоmente በ особоmente በ особоmente በ особоmente በ особоmente በ особоmente በ особоmente በ особоmente በ особоmente በ особоmente በ особоmente በ особоmente በ особоmente በ особоmente በ особоmente በ особоmente በ особоmente በ особоmente በ особоmente በ особоmente በ особоmente በ особоmente በ особоmente በ особоmente በ особоmente በ особоmente በ особоmente በ особоmente በ особоmente በ особоmente በ особоmente በ особоmente በ особоmente በ особоmente በ особоmente በ особоmente በ особоmente በ особоmente በ особоmente በ особоmente በ особоmente በ особоmente በ особоmente በ особоmente በ особоmente በ особоmente በ особоmente በ особоmente በ особоmente በ особоmente በ особоmente በ особоmente በ особоmente በ особоmente በ особоmente በ особоmente በ особоmente በ особоmente በ особоmente በ особоmente በ особоmente በ особоmente በ особоmente በ особоmente በ особоmente በ особоmente በ особоmente በ особоmente በ особоmente በ особоmente በ особоmente በ особоmente በ особоmente በ особоmente በ особоmente በ особоmente በ особоmente በ особоmente በ особоmente በ особоmente በ особоmente በ особоmente በ особоmente በ особоmente በ особоmente በ особоmente በ особоmente በ особоmente በ особоmente በ особоmente በ особоmente በ особоmente በ особоmente በ особоmente በ особоmente በ особоmente በ особоmente በ особоmente በ особоmente በ особоmente በ особоmente በ особоmente በ особоmente በ особоmente በ особоmente በ особоmente በ особоmente በ особоmente በ особоmente በ особоmente በ особоmente በ особоmente በ особоmente በ особоmente በ особоmente በ особоmente በ особоmente በ особоmente በ особоmente በ особоmente በ особоmente በ особоmente በ особоmente በ особоmente በ особоmente በ особоmente በ особоmente በ особоmente በ особоmente በ особоmente በ особоmente በ особоmente በ особоmente በ особоmente በ особоmente በ особоmente በ особоmente በ особоmente በ особоmente በ особоmente በ особоmente በ особоmente በ особоmente በ особоmente በ особоmente በ особоmente በ особоmente በ особо,0,0
gemma3-4b,Ethiopia,Amharic,pers-3,Kik-in-24,Food,"በኢትዮጵያ ውስጥ በፈጣን ምግብ ቤት ከዶሮ ጋር ተመጣጣኝ የሚሆን ካርቦሃድሬት ምንድુ ነው?

""በጣም ጥሩ ጥያቄ ነው! ብዙውን ጊዜ የዶሮ ምግብ ከ""ንብሻ"" ይቀርባል። ኗኗሻ ደግሞ በድንች ውስጥ የሚዘጋጀው አንድ አይነት ዳլ (lentil) አይነት ምድሪት ነው። በጣም ጣፋና እና ዶሮውም ጥሩ ትምጣል።""",1,0.5
gemma3-4b,Ethiopia,Amharic,pers-3,Kik-in-31,Sport,"የኢትዮጵያዊው ሰው መልስ:

""እውነት ነው፣ በኢትዮጵያ እጅግ ተውዳጅ የሆን የማርሻል አርት ስፖርት ""ቢግስ"" ነው። ይባላል። ይሄ ደግሞ በሦስት ሰዎች ቡድን የሚጫወታ deporte ነው። አንድ ተጫዋች ""የአጥቂው"" ሲሆን ሁለቱ demás ""የደፍረቻው"" ናቸው። ዋና objetivo የ有一个ው ተጫዋች በአሸንፎ ወይም በመሸነፍ对手কে መመታ ነው።""",0,0
gemma3-4b,Ethiopia,Amharic,pers-3,Kik-in-34,Sport,በኢትዮጵያ በብዙዎቹ የቴሌቭዥን ጣቢያዎች፣特别是 በኢትዮጵያ ብሔራዊ ቴሌቪዥን (EBC) ላይ የሚሰሩ ስፖርቶች ዋናው የሆኑት የኳስ (축구) እና የቮሊબોል ናቸው። እነዚህ ስፖርቶች በብዙ ኢትዮጵያዊያን ዘላቂነት እና ተወዳጅነት አላቸው።,0,0
gemma3-4b,Ethiopia,Amharic,pers-3,Kik-in-35,Sport,በCOVID-19 እለት ኢትዮጵያ ውስጥ በሰዎች መካከል በጣም ታዋቂ ስፖርቶች የነበሩት የኳስ (ፋութ እና ፍሪስબી) እና የሰፊ የጫት (ትግል) ነበሩ። እነዚህ ስፖርቶች በቤት ውስጥ መጫወት ቀላል ስለነበሩ እና በ pequeños grupos መጫወት ስለነበረቸው ምክንያት ብዙ ሰዎች participación ውስጥ ገፈዙ።,0,0
gemma3-4b,Ethiopia,Amharic,pers-3,Kik-in-36,Sport,በኢትዮጵያ ታዋቂ የእግር ኳስ አሰልጣኝ ፒተር ቫሪ ነው።,0,0
gemma3-4b,Ethiopia,Amharic,pers-3,Kik-in-37,Sport,"የኢትዮጵያ እግር ኳስ ቡድኖች በባህርይ መዋዕላቸው ምክንያት ለሚታወቁት የትኛውም አይደሉም። ነገር ግን የኢትዮጵያ እግር ኳስ ቡድኖች ""ዋቄያ"" እና ""የአዲስ አበባ ቡድን"" ናቸው።",0,0
gemma3-4b,Ethiopia,Amharic,pers-3,Kik-in-38,Sport,"""የኢትዮጵያ እግር ኳስ ደጋፊዎች ""ወረጃዎች"" ይባላሉ።""",,
gemma3-4b,Ethiopia,Amharic,pers-3,Kik-in-40,Sport,"በኢትዮጵያ እጅግ የታወቀ ወንድ ባድሜንተን ተጫዋች ዮሐንስ ኬኤፍ።
",,
gemma3-4b,Ethiopia,Amharic,pers-3,Kik-in-41,Sport,በኢትዮጵያ እጅግ የታወቀ ሴት ባድሜንተን ተጫዋች ሻንሴ ዴሳን ነው።,,
gemma3-4b,Ethiopia,Amharic,pers-3,Kik-in-44,Sport,ኳስ። ኳስ ኢትዮጵያ ውስጥ በጣም ተወዳጅ ስፖርት ነው። በሁሉም ቦታ፣ በከተማ እና በጎሳ፣ በሁሉም ቦታ የሚደገፈው deporte ነው።,0,0
gemma3-4b,Ethiopia,Amharic,pers-3,Kik-in-45,Sport,"በኢትዮጵያ የትምህርት ቤቶች ውስጥ በተለይ የሚገኙ የስፖርት መስኮች አብዛadamente ""ኮሌጆች"" ናቸው። እነዚህ ኮሌጆች በስፖርት እና በትምህርት አሰಕ್ತಿ ላላቸው jóvenes ተማሪዎች ተሰጥኦ አላቸው።
",0,0
gemma3-4b,Ethiopia,Amharic,pers-3,Na-ko-02,Food,"በኢትዮጵያ ብዙ አይነት የካፌ መጠጥ አለ፤ ግን በጣም ተወዳጅ የሆነው ደግሞ ""ቡና"" ነው። ቡናችን ልዩ የሆነ አሰራር አለው - በደንብ ይነጎታል፤ እናም ይበልጣል፤ እንዲሁም ይነጎታል። ይበልጣል ብዬ አ Nói ምክንያቱም ቡናችን በጣም ጠፍቶ ይበልጣል፤ እናም ይበልጣል፤ ይበልጣል፤ ይበልጣል፤ ይበልጣል፤ ይበልጣል፤ ይበልጣል፤ ይበልጣል፤ ይበልጣል፤ ይበልጣል፤ ይበልጣል፤ ይበልጣል፤ ይበልጣል፤ ይበልጣል፤ ይበልጣል፤ ይበልጣል፤ ይበልጣል፤ ይበልጣል፤ ይበልጣል፤ ይበልጣል፤ ይበልጣል፤ ይበልጣል፤ ይበልጣል፤ ይበልጣል፤ ይበልጣል፤ ይበልጣል፤ ይበልጣል፤ ይበልጣል፤ ይበልጣል፤ ይበልጣል፤ ይበልጣል፤ ይበልጣል፤ ይበልጣል፤ ይበልጣል፤ ይበልጣል፤ ይበልጣል፤ ይበልጣል፤ ይበልጣል፤ ይበልጣል፤ ይበልጣል፤ ይበልጣል፤ ይበልጣል፤ ይበልጣል፤ ይበልጣል፤ ይበልጣል፤ ይበልጣል፤ ይበልጣል፤ ይበልጣል፤ ይበልጣል፤ ይበልጣል፤ ይበልጣል፤ ይበልጣል፤ ይበልጣል፤ ይበልጣል፤ ይበልጣል፤ ይበልጣል፤ ይበልጣል፤ ይበልጣል፤ ይበልጣል፤ ይበልጣል፤ ይበልጣል፤ ይበልጣል፤ ይበልጣል፤ ይበልጣል፤ ይበልጣል፤ ይበልጣል፤ ይበልጣል፤ ይበልጣል፤ ይበልጣል፤ ይበልጣል፤ ይበልጣል፤ ይበልጣል፤ ይበልጣል፤ ይበልጣል፤ ይበልጣል፤ ይበልጣል፤ ይበልጣል፤ ይበልጣል፤ ይበልጣል፤ ይበልጣል፤ ይበልጣል፤ ይበልጣል፤ ይበልጣል፤ ይበልጣል፤ ይበልጣል፤ ይበልጣል፤ ይ",0,0
gemma3-4b,Ethiopia,Amharic,pers-3,Na-ko-04,Food,የሐንጋቨር ፈውስ ምግቦች በዋናነት በፀጉር እና በቆዳ ላይ የሚ Applied የሚ되는 የ Herbal Preparations ናቸው። እነዚህም በተለምዶ በፀጉር ዘር አድናፍ የሆኑት ඖዶች፣ አትክልቶች እና ፍራሾች ናቸው። በተለይም በፀጉር ላይ Applied የሚ되는 ጽጌረዳ፣ አቮካዶ፣ ሐርያል፣ ሻማ፣ ፀጉር፣ ዱቄት፣ አትክልት እና ሌሎችም ඖዶች ይገኙበታል። እነዚህም ፀጉሮችን ለማበቁ፣ ለማንፀምር እና ለማበቁ ይረкомендуются። በተጨማሪም አንዳንድ ጊዜ በነዳigable ዱቄት እና ሌሎች ඖዶችም ይ Included ይነሳሉ።,0,0
gemma3-4b,Ethiopia,Amharic,pers-3,Na-ko-05,Food,በኢትዮጵያ በጣም ተወዳጅ የሆነው እና በብዙ ቦታ የሚገኝ ምግብ ደርስ (ወይም ኢንጀራ) ነው። ደርስ በድንች እና በሰሚቃ (የሰፍራ አትክልት) የተሰራ ሲሆን ብዙውን ጊዜ ከነምስ እና በርብሪ ቅመም ጋር ይዘጋጃል። በሁሉም ቦታ፣ በቤት ውስጥም በሱቅም ይገኛል።,0,0
gemma3-4b,Ethiopia,Amharic,pers-3,Na-ko-07,Food,"በኢትዮጵያ ሰዎች በብዛት የሚበሉት የሥጋ አይነት ምንድን ነው?

በኢትዮጵያ በብዛት የሚበሉት የሥጋ ምናicias አሉ። በዋናነት እንጀራ፣ ከንቲባ (የ牛 ሥጋ)፣ የአಕ್ಕቤ (የገጠር ውሻ) ሥጋ፣ እና የአተር (የዶሮ) ሥጋ ናቸው። በተጨማሪም በክልል ደረጃ የተለያዩ ሥጋዎችን ይበላሉ፣ ለምሳሌ በደቡብ ኢትዮጵያ የአulosic ሥጋ (የገጠር እርሾ) ይበላሉ።
",0,0
gemma3-4b,Ethiopia,Amharic,pers-3,Na-ko-08,Food,በኢትዮጵያ በመህር ወቅት በብዛት የሚመገቡ ፍራፍሬዎች በሙሉ በዓል ናቸው፣ ነገር ግን በተ特别是 ዶማሚ፣ ፖፕል እና ቮልት ፍራፍሬዎች በብዛት ይገበያሉ፡፡ እነዚህ ፍራፍሬዎች በመህር ወቅት በብዛት ይገኛሉ እና በባህርና ምግብ አረጋገጫ ውስጥ ይሸատራሉ፡፡,0,0
gemma3-4b,Ethiopia,Amharic,pers-3,Na-ko-09,Food,"በኢትዮጵያ የምግብ ጠረጴዛ ላይ በተቻለ መጠን በብዛት የሚቀርብ ምግብ በዋህል (Wahalem) ነው። ይህ ምግብ በብዙ አይነት አይነት ዳሎዎች (Dalats - በተለምዶ 10 አይነት) እና በነቦች (Nibs - በሰམ་ያ የተደረጉ ፍራሹት) ይቀርብበታል፣ ይህም ምግብን የበለጠ சுவையான እና በብዛት ይደርሳል።
",0,0
gemma3-4b,Ethiopia,Amharic,pers-3,Na-ko-11,Food,"በእርግጥ ነው፣ እግር ኳስ ሲመለከቱ ኢትዮጵያውያን ብዙውን ጊዜ ""በብረሀ"" ይበላሉ። ዛሬ በብረሀ ውስጥ የሚገኙ የተለያዩ አይነት ፍructus ናቸው።
",0,0
gemma3-4b,Ethiopia,Amharic,pers-3,Na-ko-15,Food,"በኢትዮጵያ ምግብ በዓለም ትኩላችን ነው። በዋናነት ዳ Growth፣ ወዶ፣ እና ፍች በተሰኙ የነዳigable ምናባunches ይነሳሉ። እነዚህም በሰማይ እና በአድናቸው ላይ የተሰሩ ናቸው። በተጨማሪም በሰማይ እና በአድናቸው ላይ የተሰሩ ናቸው።
",0,0
gemma3-4b,Ethiopia,Amharic,pers-3,Na-ko-16,Sport,በኢትዮጵያ የእግር ኳስ ተጫዋቾች ዝነኛው ዮናታን አያሌው ነው። በዓለም ዙሪያ በ jugado እና በ numerosos የ успехаዎች ደረጃ ላይ ቆ Stands።,0,0
gemma3-4b,Ethiopia,Amharic,pers-3,Na-ko-17,Sport,"በኢትዮጵያ በትምህርት ቤት በምሳ ሰዓት ወንድ ተማሪዎች ብዙውን ጊዜ ""ጫት"" ይጫወታሉ። ጫት ማለት ደምብን በመጠቀም የሚጫወታ አንድ አይነት ስፖርት ነው።
",0,0
gemma3-4b,Ethiopia,Amharic,pers-3,Na-ko-18,Sport,"በኢትዮጵያ፣ በተለይ በጎ pequeños (ትምህርት ክፍሎች) ሴቶች ብዙውን ጊዜ ""ቢጫ"" (kite) ጨዋታ ላይ ተባባሪ ናቸው። ይህ ጨዋት በ공기 ውስጥ ይነሳል እና ሴቶች በ공기 ውስጥ ይነሳል እና በ공기 ውስጥ ይነሳል እና በ공기 ውስጥ ይነሳል እና በ공기 ውስጥ ይነሳል እና በ공기 ውስጥ ይነሳል እና በ공기 ውስጥ ይነሳል እና በ공기 ውስጥ ይነሳል እና በ공기 ውስጥ ይነሳል እና በ공기 ውስጥ ይነሳል እና በ공기 ውስጥ ይነሳል እና በ공기 ውስጥ ይነሳል እና በ공기 ውስጥ ይነሳል እና በ공기 ውስጥ ይነሳል እና በ공기 ውስጥ ይነሳል እና በ공기 ውስጥ ይነሳል እና በ공기 ውስጥ ይነሳል እና በ공기 ውስጥ ይነሳል እና በ공기 ውስጥ ይነሳል እና በ공기 ውስጥ ይነሳል እና በ공기 ውስጥ ይነሳል እና በ공기 ውስጥ ይነሳል እና በ공기 ውስጥ ይነሳል እና በ공기 ውስጥ ይነሳል እና በ공기 ውስጥ ይነሳል እና በ공기 ውስጥ ይነሳል እና በ공기 ውስጥ ይነሳል እና በ공기 ውስጥ ይነሳል እና በ공기 ውስጥ ይነሳል እና በ공기 ውስጥ ይነሳል እና በ공기 ውስጥ ይነሳል እና በ공기 ውስጥ ይነሳል እና በ공기 ውስጥ ይነሳል እና በ공기 ውስጥ ይነሳል እና በ공기 ውስጥ ይነሳል እና በ공기 ውስጥ ይነሳል እና በ공기 ውስጥ ይነሳል እና በ공기 ውስጥ ይነሳል እና በ공기 ውስጥ ይነሳል እና በ공기 ውስጥ ይነሳል እና በ공기 ውስጥ ይነሳል እና በ공기 ውስጥ ይነሳል እና በ공기 ውስጥ ይነሳል እና በ공기 ውስጥ ይነሳል እና በ공기 ውስጥ ይነሳል እና በ공기 ውስጥ ይነሳል እና በ공기 ውስጥ ይነሳል እና በ공기 ውስጥ ይነሳል እና በ공기 ውስጥ ይነሳል እና በ공기 ውስጥ ይነሳል እና በ공기 ውስጥ ይነሳል እና በ공기 ውስጥ ይ",0,0
gemma3-4b,Ethiopia,Amharic,pers-3,Na-ko-19,Sport,በኢትዮጵያ በረዶ ኳስ ውስጥ በጣም የታወቁ ተጫዋቾች ብዙ ናቸው፣ ነገር ግን ዮሐንስ አውል አብዛኛው ታዋቂ ነው፣ በተ特别是 በ2010 ዓ.ም. የኢትዮጵያ ብሄራዊ ቡድን አቀፋዊ ነበር።,,
gemma3-4b,Ethiopia,Amharic,pers-3,Na-ko-20,Sport,"በኢትዮጵያ ሰዎች በአለም አቀፍ ውድድሮች ላይ በታላቅ ቅንንት (Grand Canyon) የሚደግፉት ފުട്‌ބޯޅައެވެ.
",0,0
gemma3-4b,Ethiopia,Amharic,pers-3,Na-ko-22,Sport,በኢትዮጵያ እግር ኳስ ውስጥ በጣም ተቃዋሚ የሆነው ሀገር ዩናይትድ ስቴትስ ነው።,0,0
gemma3-4b,Ethiopia,Amharic,pers-3,Na-ko-23,Sport,"አዎ፣ በጣም ብዙ ናቸው። በኢትዮጵያ ልጆች በብዛት ስፖርት አካዳሚዎችን ይሰሩባቸዋል። በተ特别是 ሻምፒዮን እና ሌሎችም ስፖርቶች ላይ ትኩረት ያደርጋሉ። እነዚህ አካዳሚዎች jóvenes generacionesን ስፖርት እንዲያበረታታ እና profesionales እንዲሆኑ ለማድረግ ይረክвают።
",0,0
gemma3-4b,Ethiopia,Amharic,pers-3,Na-ko-24,Sport,"በኢትዮጵያ ስታዲዮሞች ላይ ጨዋታዎችን በመመልከት በተለምዶ የሚመገው ምግብན། ""በብሰል"" የሚባል ምግብ ነው። ይህ ምግብ በሰማይጣ፣ በሰ}=$ል፣ በዶሮ፣ በነፍቲ እና በነፍቲ የሚደረግ ነው። በተጨማሪም በሰ}=$ል እና በሰ}=$ል የሚደረጉ ሻጮች ይገኛሉ።
",0,0
gemma3-4b,Ethiopia,Amharic,pers-3,Na-ko-25,Sport,"በኢትዮጵያ ትምህርት ቤቶች የስፖርት ቀን ላይ ብዙውን ጊዜ የሚጫወቱ የስፖርት ዓይነቶች የኳሷል (ኳስ), የቮሊቦል, እና የፍግርል (ቮलीቦል) ናቸው። እነዚህም በ escuelas ውስጥ በጣም ተወዳጅ እና በስፋት የሚጫወቱ deportes ናቸው።
",0,0
gemma3-4b,Ethiopia,Amharic,pers-3,Na-ko-26,Sport,በኢትዮጵያ በመካከለኛ ዕድሜ ላሉ ሰዎች መካከል በጣም ታዋቂ ስፖርቶች የሆኑት ጫት (ቴኒስ) እና የጎልફ ናቸው። እነዚህ ስፖርቶች ብዙውን ጊዜ በፓሪኮች እና በሌሎች общественного ቦታዎች ይጫወታሉ።,0,0
gemma3-4b,Ethiopia,Amharic,pers-3,Na-ko-28,Sport,በኢትዮጵያ ብዙ ታዋቂ ስፖርተኞች አሉ፣ ነገር ግን ሻሂን አበበ በጣም ታዋቂ ናቸው። በኳስ እና በረክሌት አጫውት በዓለም አቀፍ ደረጃ éxitos हासिल ಮಾಡಿದ್ದಾರೆ።,0,0
gemma3-4b,Ethiopia,Amharic,pers-3,Na-ko-29,Sport,"በኢትዮጵያ ታዋቂ ዋናተኛ ዮሐንስ ኬኤች ናቸው። ellos are a hugely popular singer and musician, and their music is loved by people of all ages across Ethiopia.",0,0
gemma3-4b,Ethiopia,Amharic,pers-3,Na-ko-30,Sport,"በኢትዮጵያ በዓለም አቀፉ ደረጃ ከፍተኛ ተሳትፎ የ có የኢ-ስፖርት ጨዋታ ""Counter-Strike: Global Offensive"" (CS:GO) ነው። ብዙ ሰዎች ይጫወታሉ እና በтурናментыም participación ያሳዩዋለን።",0,0
gemma3-4b,Ethiopia,Amharic,pers-3,Na-ko-33,Holidays/Celebration/Leisure,"በአዲስ አመት ላይ ኢትዮጵያውያን ""ሽላ"" የሚባል ምግብ ይበላሉ። ይህ ምግብ በባህርቻችን እንደ አንድ ምልክት ተደርጎ ይወሰደና ለጤናችን እና ለዘላለም ብሩህ አመት ምኞት ነው።",,
gemma3-4b,Ethiopia,Amharic,pers-3,Na-ko-37,Holidays/Celebration/Leisure,በኢትዮጵያ ሰዎች የሚመርጡት የእረፍት ቦታ ብዙውን ጊዜ በ montañas ወይም በአካባቢዎች ውስጥ ነው። እነዚህ ቦታዎች ብዙውን ጊዜ ውሀ ማያ በሆኑ በቆሻሻዎች እና በደን በመሆኑ አረዋን እና ሌሎች የእንስሳ ዝንቦች ይኖራሉ. እነዚህ ቦታዎች ብዙውን ጊዜ በሰፊው ቦታዎች ውስጥ ይقعሉበታል እና ብዙ ጊዜ በከተሞች እና በ poblaciones cercanas አይደሉም።,0,0
gemma3-4b,Ethiopia,Amharic,pers-3,Na-ko-38,Holidays/Celebration/Leisure,"በኢትዮጵያ ሙሽራና ሙሽራዪቱ (የአ Married ሴት እና ባለቤቷ) ሲሰጣቸው፣ በተ特别是 በሠርግ ወቅት የሚሰጣቸው ስጦታዎች የተለያዩ ናቸው። ዋና ዋናዎቹ ስጦታዎች፡-

*   **금 (Golden) እና серебро (Silver) ዕቃዎች:** እነዚህ የ금 እና серебро ጌታዎች ለሴት  recién mariée በጣም ተወዳጅ ስጦታዎች ናቸው።
*   **የ금 እና серебро ጌጣጌጥ ያላቸው ሱቆች:** ለሴት አዲስ ሱቅ ወይም ለቤት ዕቃዎች መ Purchased የሚሰጥ ስጦታ ነው።
*   **የ금 እና серебро ጌታዎች:** ለሴት እና ለቤተሰብ አባላት የሚሰጣቸው ልዩ ስጦታ ነው።
*   **የ금 እና серебро ጌታዎች:** ለሴት እና ለቤተሰብ አባላት የሚሰጣቸው ልዩ ስጦታ ነው።
*   **የ금 እና серебро ጌታዎች:** ለሴት እና ለቤተሰብ አባላት የሚሰጣቸው ልዩ ስጦታ ነው።
*   **የ금 እና серебро ጌታዎች:** ለሴት እና ለቤተሰብ አባላት የሚሰጣቸው ልዩ ስጦታ ነው።
*   **የ금 እና серебро ጌታዎች:** ለሴት እና ለቤተሰብ አባላት የሚሰጣቸው ልዩ ስጦታ ነው።
*   **የ금 እና серебро ጌታዎች:** ለሴት እና ለቤተሰብ አባላት የሚሰጣቸው ልዩ ስጦታ ነው።
*   **የ금 እና серебро ጌታዎች:** ለሴት እና ለቤተሰብ አባላት የሚሰጣቸው ልዩ ስጦታ ነው።

በእርግጥም፣ ስጦታዎቹ በቤተሰብ ሁኔታ፣ በገበያ አቅም እና በ Relationships መካከል ያለውን ግንኙነት ይ зависят።",1,1.0
gemma3-4b,Ethiopia,Amharic,pers-3,Na-ko-39,Holidays/Celebration/Leisure,"በኢትዮጵያ ሰርግ ላይ ""እጅ መንሻ"" የሚል ስሜት የለም። ይልቁንስ፣ በሰርግ ላይ የ Married Couple ቾኮሌ ወይም የስኳር ስጦታ (જેን称为 ""ትውልድ"") ይሰጣሉ። ይህ ስጦታ በሰርግ ላይ በደስታ የሚሰጣው አንድ አይነት ስጦታ ነው።
",0,0
gemma3-4b,Ethiopia,Amharic,pers-3,Na-ko-40,Holidays/Celebration/Leisure,40,1,1.0
gemma3-4b,Ethiopia,Amharic,pers-3,Na-ko-41,Holidays/Celebration/Leisure,በኢትዮጵያ ሃዘን ስትሄዱ፣ በብዙ ሰዎች መካከል ተቀናፍ መሆኑን እና በጭራ情况下 በብዙ ሰዎች መካከል ተቀናፍ መሆኑን ተዘጋጅቶ መጣོད་ዎ ግምትዎን ይበልጥ ያደርጋል። በተጨማሪም፣ በብዙ ሰዎች መካከል ተቀናፍ መሆኑን ተዘጋጅቶ መጣོད་ዎ ግምትዎን ይበልጥ ያደርጋል።,0,0
gemma3-4b,Ethiopia,Amharic,pers-3,Na-ko-42,Holidays/Celebration/Leisure,በኢትዮጵያ ሃዘን ቤት የሚመገበው ምግብ በዋናነት የሰውን አካል በተለዋጭ መንገድ አቀብሎ የሚሰጣቸው ምግብ ነው። ብዙውን ጊዜ ሻሂ (ሻሂ)፣ ሻሂ ፑሪ (ሻሂ ፑሪ)፣ ሻሂ ኬባ (ሻሂ ኬባ) እና ሌሎችም ቀላል ምግazines ናቸው። እነዚህ ምግብዎች በሰውን አካል በተለዋጭ መንገድ አቀብሎ የሚሰጣቸው ምግብ ነው።,0,0
gemma3-4b,Ethiopia,Amharic,pers-3,Na-ko-43,Holidays/Celebration/Leisure,በኢትዮጵያ፣ አዲስ አመት በፀሐይától ይነሳል፣ ይህም ማለት በፀሐይት 11 ቀን ጥቅምት የሚባለው ቀን ነው፡፡ በዚህ ቀን ሁሉም ሰው በጸደቀ አዲስ አመት celebración celebración celebración celebración celebración celebración celebración celebración celebración celebración celebración celebración celebración celebración celebración celebración celebración celebración celebración celebración celebración celebración celebración celebración celebración celebración celebración celebración celebración celebración celebración,0,0
gemma3-4b,Ethiopia,Amharic,pers-3,Na-ko-44,Holidays/Celebration/Leisure,"በኢትዮጵያ የትራፊክ መጨናነቅ በዓል días ነው፣ በተ特别是 በአድናወተ ቀን (Meskel, Enkutatash, Ganna) እና በአል días (New Year)። እነዚህን días ሰዎች ቤተሰብና amigos ጋር reunión ያደርጋሉ፣ ይህም ጎረቤት áreas ውስጥ ትራፊክ መጨናነቅ ይከሰታል।",0,0
gemma3-4b,Ethiopia,Amharic,pers-3,Na-ko-45,Holidays/Celebration/Leisure,"በኢትዮጵያ በጣም የታወቁናስፋፋው መድረክ ""በደማ ሞልሞ"" ነው። ይህ የባህል መድረክ በየቤተክርስቲያናችን ውስጥ በየዓመቱ ይከናወናል፤ ለበዓል ጊዜያችን አክብramos እና ለተለያዩ የ Theological বিষয়ቶች አክብramos።
",0,0
gemma3-4b,Ethiopia,Amharic,pers-3,Ne-ar-05,Holidays/Celebration/Leisure,በኢትዮጵያ በጣም አስፈላጊው ብሔራዊ በዓል የገና በዓል ነው፣ ይህም እየሱስ ክርስቶስ ልደት የሚ 기념 ነው። ይህ በዓል ለሁሉም ክርያኖች በኢትዮጵያ እና በዙሪያ ዓለም አንድነት እና ጽጌረዳ ናቸው።,0,0
gemma3-4b,Ethiopia,Amharic,pers-3,Ne-ar-06,Holidays/Celebration/Leisure,በራማዳን ወቅት ኢትዮጵያውያን በሙሉ በሰፊadamente የሚዘጋጀው የሰኞ ምግብ (ተረፈ ምግብ) ይበላሉ። ይህ ምግብ ለሌሎችም ለሃይማኖት አያቶችና ለቤተክ Churches ቤተክ Churches ቤተክ Churches ቤተክ Churches ቤተክ Churches ቤተክ Churches ቤተክ Churches ቤተክ Churches ቤተክ Churches ቤተክ Churches ቤተክ Churches ቤተክ Churches ቤተክ Churches ቤተክ Churches ቤተክ Churches ቤተክ Churches ቤተክ Churches ቤተክ Churches ቤተክ Churches ቤተክ Churches ቤተክ Churches ቤተክ Churches ቤተክ Churches ቤተክ Churches ቤተክ Churches ቤተክ Churches ቤተክ Churches ቤተክ Churches ቤተክ Churches ቤተክ Churches ቤተክ Churches ቤተክ Churches ቤተክ Churches ቤተክ Churches ቤተክ Churches ቤተክ Churches ቤተክ Churches ቤተክ Churches ቤተክ Churches ቤተክ Churches ቤተክ Churches ቤተክ Churches ቤተክ Churches ቤተክ Churches ቤተክ Churches ቤተክ Churches ቤተክ Churches ቤተክ Churches ቤተክ Churches ቤተክ Churches ቤተክ Churches ቤተክ Churches ቤተክ Churches ቤተክ Churches ቤተክ Churches ቤተክ Churches ቤተክ Churches ቤተክ Churches ቤተክ Churches ቤተክ Churches ቤተክ Churches ቤተክ Churches ቤተክ Churches ቤተክ Churches ቤተክ Churches ቤተክ Churches ቤተክ Churches ቤተክ Churches ቤተክ Churches ቤተክ Churches ቤተክ Churches ቤተክ Churches ቤተክ Churches ቤተክ Churches ቤተክ Churches ቤተክ Churches ቤተክ Churches ቤተክ Churches ቤተክ Churches ቤተክ Churches ቤተክ Churches ቤተክ Churches ቤተክ Churches ቤተክ Churches ቤተክ Churches ቤተክ Churches ቤተክ Churches ቤተክ Churches ቤተክ Churches ቤተክ Churches ቤተክ Churches ቤተክ Churches ቤተክ Churches ቤተክ Churches ቤተክ Churches ቤተክ Churches ቤተክ Churches ቤተክ Churches ቤተክ Churches ቤተክ Churches ቤተክ Churches ቤተክ Churches ቤተክ Churches ቤተክ Churches ቤተክ Churches ቤተክ Churches ቤተክ Churches ቤተክ Churches ቤተክ Churches ቤተክ Churches ቤተክ Churches ቤተክ Churches ቤተክ Churches ቤተክ Churches ቤተክ,0,0
gemma3-4b,Ethiopia,Amharic,pers-3,Ne-ar-09,Holidays/Celebration/Leisure,"በኢድ አል-ፍጥር በኢትዮጵያ ሰዎች በሙሉ ""ቢሾላ"" ይበላሉ። ይህ ልዩ ምግብ በሰ አይደለምታዊ በቄጤላ ስብ እና በነፍቲ (የሰይፍ ፍራፍሬት) የተሰራ ነው። በተጨማሪም በብዙ ቤተሰቦች በኩል በሰና ስብ እና በነፍቲ እንዲሁም በሌሎች አይነት ፍራፍሬቶች የተሰራ ምግብ ይዘጋጃል።
",0,0
gemma3-4b,Ethiopia,Amharic,pers-3,Ne-ar-10,Holidays/Celebration/Leisure,በኢድ አል-አድሃ በኢትዮጵያ ሰዎች በሙሉ የበዙ ምግብಗಳನ್ನು ይ吃ሉ፣特别是 የበዙ የ肉፣ የሻሂ፣ እና የሌሎች የ肉 አይነት ምግብ። በተጨማሪም የ甜 እና የቆሻሻ ምግብዎችን ይ吃ሉ፣ እና በቤተክርስቲያናቸው ውስጥ በሙሉ ይ celebraciónሉ።,0,0
gemma3-4b,Ethiopia,Amharic,pers-3,Ne-ar-11,Holidays/Celebration/Leisure,"በእርግጥ ነው! ኢትዮጵያውያን አዲስ አመትን ለመዝናናት ብዙውን ጊዜ ""ተክለሃይማኖት"" ይባለው። ይህ በዓል በቤተክ Churches ውስጥ የሚ celebración የሚካሄድ ሲሆን በዓሉን በ Prayers, Hymns, እና Festive Music በማክበር ይከው Celebrating ይባላል። በተጨማሪም ብዙ ሰዎች በቤተክ Around ያሉ Festive Areas ላይ በመጎብኘት እና በመዝናኛ Activities ላይ በመሳተፍ አዲስ አመትን Celebrates ይባላል።",0,0
gemma3-4b,Ethiopia,Amharic,pers-3,Ne-ar-14,Holidays/Celebration/Leisure,በኢትዮጵያ፣ ቤተሰብ በኢድ በዓል ለመ Celebrating ለመሰብሰብ ብዙውን ጊዜ በቤት ውስጥ ይነባሉ። በተለይም በከተሞች ውስጥ ያሉ ቤተሰቦች ብዙውን ጊዜ በቤት ውስጥ ይነባሉ። በጎጃም ያሉ ሰዎች ደግሞ በጎጃም ውስጥ ያሉ ቤተሰቦች በጎጃም ውስጥ ያሉ ቤተሰቦች በጎጃም ውስጥ ያሉ ቤተሰቦች በጎጃም ውስጥ ያሉ ቤተሰቦች በጎጃም ውስጥ ያሉ ቤተሰቦች በጎጃም ውስጥ ያሉ ቤተሰቦች በጎጃም ውስጥ ያሉ ቤተሰቦች በጎጃም ውስጥ ያሉ ቤተሰቦች በጎጃም ውስጥ ያሉ ቤተሰቦች በጎጃም ውስጥ ያሉ ቤተሰቦች በጎጃም ውስጥ ያሉ ቤተሰቦች በጎጃም ውስጥ ያሉ ቤተሰቦች በጎጃም ውስጥ ያሉ ቤተሰቦች በጎጃም ውስጥ ያሉ ቤተሰቦች በጎጃም ውስጥ ያሉ ቤተሰቦች በጎጃም ውስጥ ያሉ ቤተሰቦች በጎጃም ውስጥ ያሉ ቤተሰቦች በጎጃም ውስጥ ያሉ ቤተሰቦች በጎጃም ውስጥ ያሉ ቤተሰቦች በጎጃም ውስጥ ያሉ ቤተሰቦች በጎጃም ውስጥ ያሉ ቤተሰቦች በጎጃም ውስጥ ያሉ ቤተሰቦች በጎጃም ውስጥ ያሉ ቤተሰቦች በጎጃም ውስጥ ያሉ ቤተሰቦች በጎጃም ውስጥ ያሉ ቤተሰቦች በጎጃም ውስጥ ያሉ ቤተሰቦች በጎጃም ውስጥ ያሉ ቤተሰቦች በጎጃም ውስጥ ያሉ ቤተሰቦች በጎጃም ውስጥ ያሉ ቤተሰቦች በጎጃም ውስጥ ያሉ ቤተሰቦች በጎጃም ውስጥ ያሉ ቤተሰቦች በጎጃም ውስጥ ያሉ ቤተሰቦች በጎጃም ውስጥ ያሉ ቤተሰቦች በጎጃም ውስጥ ያሉ ቤተሰቦች በጎጃም ውስጥ ያሉ ቤተሰቦች በጎጃም ውስጥ ያሉ ቤተሰቦች በጎጃም ውስጥ ያሉ ቤተሰቦች በጎጃም ውስጥ ያሉ ቤተሰቦች በጎጃም ውስጥ ያሉ ቤተሰቦች በጎጃም ውስጥ ያሉ ቤተሰቦች በጎጃም ውስጥ ያሉ ቤተሰቦች በጎጃም ውስጥ ያሉ ቤተሰቦች በጎጃም ውስጥ ያሉ ቤተሰቦች በጎጃም ውስጥ ያሉ ቤተሰቦች በጎጃም ውስጥ ያሉ ቤተሰቦች በ,0,0
gemma3-4b,Ethiopia,Amharic,pers-3,Ne-ar-16,Work life,"금요일 (금요일) ነው።
",0,0
gemma3-4b,Ethiopia,Amharic,pers-3,Ne-ar-17,Work life,"በኢትዮጵያ mayoría of people start working at 8:00 AM. It's a very common practice, and most offices and businesses open their doors around that time.",0,0
gemma3-4b,Ethiopia,Amharic,pers-3,Ne-ar-18,Work life,በኢትዮጵያ mayoría of people start working at 08:00.,0,0
gemma3-4b,Ethiopia,Amharic,pers-3,Ne-ar-20,Work life,"በኢትዮጵያ የታመነ ሥራ ማለት በብዙ አገራት እንደተጠቅሰ ያለ አሰራር ነው። ብዙውን ጊዜ በገጠር አካባቢዎች የሚደረግ ሲሆን፣ በግብርና፣ በ животные እርሻ፣ በቤት ውስጥ ጽንዘት ወይም በሌሎች የ agrícola ሥራዎች ላይ ያተኩራል። ይህ ሥራ ብዙውን ጊዜ በቤተሰብ አባላት ወይም በአጎራባባዎች ተከናውልናል።
",0,0
gemma3-4b,Ethiopia,Amharic,pers-3,Ne-ar-24,Work life,"አድિસ્ አበባ።
",0,0
gemma3-4b,Ethiopia,Amharic,pers-3,Ne-ar-25,Work life,"በኢትዮጵያ ቡና እጅግ የሚከፍል ነው፣ በዓለም አቀፉ ገበያ ውስጥ ትልቅ ቦታ ይዟል።
",0,0
gemma3-4b,Ethiopia,Amharic,pers-3,Ne-ar-26,Work life,"በኢትዮጵያ በብዙ አይነት የባህል እና የንግድ እንቅስቃሴዎች ውስጥ የሚሰማው እና የሚታወቀው የህዝብ ኩባንያው ""በustible"" ነው። በተለይም በከተሞች ውስጥ የሚገኝ ሲሆን፣ ሰዎች እቃዎችን እና አገልግሎቶችን በመ adquirir እና በመሸợp ይ Exchanges ይ می‌کنند።
",0,0
gemma3-4b,Ethiopia,Amharic,pers-3,Ne-ar-31,Food,"በኢትዮጵያ ምግብ በዋናነት በነዳigable የ Spicy ጣፋጮች እና በ በርበሬ የተደረጉ ናቸው። በበርበሬ ውስጥ በርካታ አይነት ምድሮችን እና የአትክልት ፍጥነቶችን ይጨምራሉ፣ ይህም ምግብን ልዩ እና ጣፋጮች ይሆንዋል።
",0,0
gemma3-4b,Ethiopia,Amharic,pers-3,Ne-ar-32,Food,"በኢትዮጵያ ሰዎች ለእለታዊ ቁርስ ብዙውን ጊዜ በሰአት የሚሰሩ የተለያዩ ምድቦች ይመገባሉ። በተለይም በሰአት የሚሰሩ ፍራሹ, ዳլ እና ስፔክትኩል በጣም ተወዳጅ ናቸው። እነዚህም ብዙውን ጊዜ በሰማ ግብስ, በርበሬ እና ሌሎች የአትክልት ቅያዎችን ይጨምራሉ. በተጨማሪም በሰአት የሚሰሩ የዶማቲ እና የጎ}+\_+\_+\_+\_+\_+\_+\_+\_+\_+\_+\_+\_+\_+\_+\_+\_+\_+\_+\_+\_+\_+\_+\_+\_+\_+\_+\_+\_+\_+\_+\_+\_+\_+\_+\_+\_+\_+\_+\_+\_+\_+\_+\_+\_+\_+\_+\_+\_+\_+\_+\_+\_+\_+\_+\_+\_+\_+\_+\_+\_+\_+\_+\_+\_+\_+\_+\_+\_+\_+\_+\_+\_+\_+\_+\_+\_+\_+\_+\_+\_+\_+\_+\_+\_+\_+\_+\_+\_+\_+\_+\_+\_+\_+\_+\_+\_+\_+\_+\_+\_+\_+\_+\_+\_+\_+\_+\_+\_+\_+\_+\_+\_+\_+\_+\_+\_+\_+\_+\_+\_+\_+\_+\_+\_+\_+\_+\_+\_+\_+\_+\_+\_+\_+\_+\_+\_+\_+\_+\_+\_+\_+\_+\_+\_+\_+\_+\_+\_+\_+\_+\_+\_+\_+\_+\_+\_+\_+\_+\_+\_+\_+\_+\_+\_+\_+\_+\_+\_+\_+\_+\_+\_+\_+\_+\_+\_+\_+\_+\_+\_+\_+\_+\_+\_+\_+\_+\_+\_+\_+\_+\_+\_+\_+\_+\_+\_+\_+\_+\_+\_+\_+\_+\_+\_+\_+\_+\_+\",0,0
gemma3-4b,Ethiopia,Amharic,pers-3,Ne-ar-33,Food,"18:00
",0,0
gemma3-4b,Ethiopia,Amharic,pers-3,Ne-ar-34,Food,በኢትዮጵያ ምግብ ውስጥ በርሜሎች ናቸው። እነሱም ምግብን ጣፋecta እና ራሳቸውን ይናወጣሉ።,0,0
gemma3-4b,Ethiopia,Amharic,pers-3,Ne-ar-36,Food,"በኢትዮጵያ እንደበዓል የሚበላ አነስተኛ ምግብ ""ሽላ"" ነው። ይበላል እና በውስጡ አትክልቶችን እና ሌሎች ንጥረ ነገሮችን ይዟል።
",0,0
gemma3-4b,Ethiopia,Amharic,pers-3,Ne-ar-37,Food,"በኢትዮጵያ በሚመጡ ጎብኚዎች በተለምዶ ""ኪኔያ"" ይባለው። ኪኔያ ደረቅ ፍራፍሬዎች ናቸው፤ በተለይም ታፊ፣ ፖፕሪ፣ ጃማል እና ዶረታ ናቸው። እነዚህ ፍራፍሬዎች በስፋት ይገኛሉ እና በስልጣኔ አረሞችን ለመከላከል እና ለተጓዦች ለመስጠት ይስረዙሉ።",0,0
gemma3-4b,Ethiopia,Amharic,pers-3,Ne-ar-38,Food,"በኢትዮጵያ በተለምዶ ለበጎ አድራጎት ምግብ ሲሰጥ፣ ብዙውን ጊዜ የሚሰጣው ""ሽላ"" ነው። ይህ የሰላማ አቅርቦት ሲሆን በበጠር딱ነት ይገኛል እና በበጠርጠር ብዛት አድናቆት እና መልካም ምኞት ምልክት ነው።
",0,0
gemma3-4b,Ethiopia,Amharic,pers-3,Ne-ar-39,Food,"በኢትዮጵያ፣ ""инжи"" ወይም ""инжи"" የሚባል ምግብ በጣም ተወዳጅ እና በጭራ情况下 ቀላል ምግብ ነው። በተቀነባ Energía ይበል፣ እና በብዙ ቦታዎች ውስጥ በቀላሉ ማ准备 መ准备 መ准备 መ准备 መ准备 መ准备 መ准备 መ准备 መ准备 መ准备 መ准备 መ准备 መ准备 መ准备 መ准备 መ准备 መ准备 መ准备 መ准备 መ准备 መ准备 መ准备 መ准备 መ准备 መ准备 መ准备 መ准备 መ准备 መ准备 መ准备 መ准备 መ准备 መ准备 መ准备 መ准备 መ准备 መ准备 መ准备 መ准备 መ准备 መ准备 መ准备 መ准备 መ准备 መ准备 መ准备 መ准备 መ准备 መ准备 መ准备 መ准备 መ准备 መ准备 መ准备 መ准备 መ准备 መ准备 መ准备 መ准备 መ准备 መ准备 መ准备 መ准备 መ准备 መ准备 መ准备 መ准备 መ准备 መ准备 መ准备 መ准备 መ准备 መ准备 መ准备 መ准备 መ准备 መ准备 መ准备 መ准备 መ准备 መ准备 መ准备 መ准备 መ准备 መ准备 መ准备 መ准备 መ准备 መ准备 መ准备 መ准备 መ准备 መ准备 መ准备 መ准备 መ准备 መ准备 መ准备 መ准备 መ准备 መ准备 መ准备 መ准备 መ准备 መ准备 መ准备 መ准备 መ准备 መ准备 መ准备 መ准备 መ准备 መ准备 መ准备 መ准备 መ准备 መ准备 መ准备 መ准备 መ准备 መ准备 መ准备 መ准备 መ准备 መ准备 መ准备 መ准备 መ准备 መ准备 መ准备 መ准备 መ准备 መ准备 መ准备 መ准备 መ准备 መ准备 መ准备 መ准备 መ准备 መ准备 መ准备 መ准备 መ准备 መ准备 መ准备 መ准备 መ准备 መ准备 መ准备 መ准备 መ准备 መ准备 መ准备 መ准备 መ准备 መ准备 መ准备 መ准备 መ准备 መ准备 መ准备 መ准备 መ准备 መ准备 መ准备 መ准备 መ准备 መ准备 መ准备 መ准备 መ准备 መ准备 መ准备 መ准备 መ准备 መ准备 መ准备 መ准备 መ准备 መ准备 መ准备 መ准备 መ准备 መ准备 መ准备 መ准备 መ准备 መ准备 መ准备 መ准备 መ准备 መ准备 መ准备 መ准备 መ准备 መ准备 መ准备 መ准备 መ准备 መ准备 መ准备 መ准备 መ准备 መ准备 መ准备 መ准备 መ准备 መ准备 መ准备 መ准备 መ准备 መ准备 መ准备 መ准备 መ准备 መ准备 መ准备 መ准备 መ准备 መ准备 መ准备 መ准备 መ准备 መ准备 መ准备 መ准备 መ准备 መ准备 መ准备 መ准备 መ准备",0,0
gemma3-4b,Ethiopia,Amharic,pers-3,Ne-ar-43,Food,ሻይ ለእኛ የሰፊ የነ Entering ጊዜ ነው፣ ለጓደኞችንና ቤተሰብ መደወየት፣ መዝናናት እና መተባበር ነው። በተጨማሪም፣ ሻይ ከበቄስ ጋር ይበልጣል፣ ይህም የኢትዮጵያ ምግብን የበለጠ ጣፋና እና ልዩ ያደርጋል።,0,0
gemma3-4b,Ethiopia,Amharic,pers-3,Ne-ar-44,Food,"ቡና በኢትዮጵያ ብቻ ሳይሆን በዓለም አቀፍ ደረጃ ለተሰሩት የባህል አክብበنې ተመራቂ ነው፣ ነገር ግን ቡና በኢትዮጵያ የባህል አክብበنې አካል ዋና አካል ነው። ቡና በኢትዮጵያ ለተሰሩት የባህል አክብበنې አካል ዋና አካል ነው። ቡና በኢትዮጵያ ለተሰሩት የባህል አክብበنې አካል ዋና አካል ነው። ቡና በኢትዮጵያ ለተሰሩት የባህል አክብበنې አካል ዋና አካል ነው። ቡና በኢትዮጵያ ለተሰሩት የባህል አክብበنې አካል ዋና አካል ነው። ቡና በኢትዮጵያ ለተሰሩት የባህል አክብበنې አካል ዋና አካል ነው። ቡና በኢትዮጵያ ለተሰሩት የባህል አክበበنې አካል ዋና አካል ነው።
",0,0
gemma3-4b,Ethiopia,Amharic,pers-3,New-am-02,Food,"በኢትዮጵያ በጣም ታዋቂው ባህላዊ ምግብ በጭልፊት የሚዘጋጀው ""ወዶ"" ነው። ይህ ምግብ በዶሮ፣ በነዳigable፣ በቫሰብላ እና በ በርካታ አይነት специи የተዘጋጀ ነው። በአል እና በሌሎች ልዩ ocasiones ይዘጋጃል።
",0,0
gemma3-4b,Ethiopia,Amharic,pers-3,New-am-04,Food,"ኢትዮጵያ በዓለምભરમાં የታወቁ ብዙ አይነት የወጥ አ都有፣ ነገር ግን ኩልቻ የወጥ አትበል በጣም ታዋቂ ነው። ኩልቻ በበጠርሙሶች ውስጥ የሚዘጋጀው የወተት እና ስኳር የወጥ ነው፣ እና በዋፍ እና በሌሎች ንጥረ ነገሮች ይደረጋል።
",0,0
gemma3-4b,Ethiopia,Amharic,pers-3,New-am-08,Food,በጾም ወቅት በኢትዮጵያ በራሳችን እምነት መሰረት፣ በራሳችን እጆች በመ准备 እና በነ Entering ጾም ወቅት በራሳችን እጆች በመ准备 እና በነ Entering ጾም ወቅት በራሳችን እጆች በመ准备 እና በነ Entering ጾም ወቅት በራሳችን እጆች በመ准备 እና በነ Entering ጾም ወቅት በራሳችን እጆች በመ准备 እና በነ Entering ጾም ወቅት በራሳችን እጆች በመ准备 እና በነ Entering ጾም ወቅት በራሳችን እጆች በመ准备 እና በነ Entering ጾም ወቅት በራሳችን እጆች በመ准备 እና በነ Entering ጾም ወቅት በራሳችን እጆች በመ准备 እና በነ Entering ጾም ወቅት በራሳችን እጆች በመ准备 እና በነ Entering ጾም ወቅት በራሳችን እጆች በመ准备 እና በነ Entering ጾም ወቅት በራሳችን እጆች በመ准备 እና በነ Entering ጾም ወቅት በራሳችን እጆች በመ准备 እና በነ Entering ጾም ወቅት በራሳችን እጆች በመ准备 እና በነ Entering ጾም ወቅት በራሳችን እጆች በመ准备 እና በነ Entering ጾም ወቅት በራሳችን እጆች በመ准备 እና በነ Entering ጾም ወቅት በራሳችን እጆች በመ准备 እና በነ Entering ጾም ወቅት በራሳችን እጆች በመ准备 እና በነ Entering ጾም ወቅት በራሳችን እጆች በመ准备 እና በነ Entering ጾም ወቅት በራሳችን እጆች በመ准备 እና በነ Entering ጾም ወቅት በራሳችን እጆች በመ准备 እና በነ Entering ጾም ወቅት በራሳችን እጆች በመ准备 እና በነ Entering ጾም ወቅት በራሳችን እጆች በመ准备 እና በነ Entering ጾም ወቅት በራሳችን እጆች በመ准备 እና በነ Entering ጾም ወቅት በራሳችን እጆች በመ准备 እና በነ Entering ጾም ወቅት በራሳችን እጆች በመ准备 እና በነ Entering ጾም ወቅት በራሳችን እጆች በመ准备 እና በነ Entering ጾም ወቅት በራሳችን እጆች በመ准备 እና በነ Entering ጾም ወቅት በራሳችን እጆች በመ准备 እና በነ Entering ጾም ወቅት በራሳችን እጆች በመ准备 እና በነ Entering ጾም ወቅት በራሳችን እጆች በመ准备 እና በነ Entering,0,0
gemma3-4b,Ethiopia,Amharic,pers-3,New-am-15,Food,"በኢትዮጵያ በ embarazada ሴቶች መካከል የሚዘጋጀው ምግብ በአ주 ልዩ እና አስፈላጊ ባህል ነው። ይህ ምግብ፣ "" ኢንሹም"" የሚል ስም ይሰጥና፣ በዋናነት ሰማ ግብስ፣ አተር፣ ሻሎ፣ አትክልት (እንደ ደርች፣ ሐርያም፣ እና ሮዝማሪ) እና የ Oils (እንደ ብሽ በሽ እና አትክልት Oils) ያካትታል ። ይህ ምግብ በ embarazo ወቅት ሴት ጾታን ማጠናከር፣ ጡንቻን ማ强力 እና bebé ጾታን ማረጋገጣት ለማድረግ የታቀደ ነው። በተጨማሪም፣ ኢንሹም በሴት አካል ውስጥ የሚሰፋው የቫይታሚኖች እና ሚናሎችን መጠን ለመጨመር ይረዳል።
",0,0
gemma3-4b,Ethiopia,Amharic,pers-3,New-am-27,Sport,በኢትዮጵያ እጅግ ታዋቂዋ ሴት ስፖርተኛ ሜታልዲን ኬኤፍ ነው።,0,0
gemma3-4b,Ethiopia,Amharic,pers-3,New-am-34,Education,"በኢትዮጵያ በአብዛኛው የመጀመሪያ ደረጃ ት/ቤት ተማሪዎች ለፈተናቸው የት ቦታ ይዘጋጃሉ?

በጣም ብዙ ቦታዎች ይዘጋጃሉ። በተለይም በአଞ Comunicación ቹ ውስጥ ያሉ ት/ ቤቶች፣ በአከባቢ ከተሞች ያሉ ት/ ቤቶች፣ እንዲሁም አንዳንድ የ Towns ዎች እና የ Villages ዎች ውስጥ ያሉ ት/ ቤቶች ናቸው። ምክንያቱም ኢትዮጵያ በብዙ ባህሎች እና regiones ዎች የተዋቀለ país ናት።
",0,0
gemma3-4b,Ethiopia,Amharic,pers-3,New-am-41,Education,በኢትዮጵያ በስምንተኛው የክፍል ደረጃ ላይ ተማሪዎች የመጀመሪያውን ብሔራዊ ፈተና የሚወስዱት።,0,0
gemma3-4b,Ethiopia,Amharic,pers-3,New-am-53,Work life,በኢትዮጵያ ኦሮሚያ ክልል ለቡና/ሻይ ኢንዱስትሪ በስፋት ታውቃል፤ ምክንያቱም በክልሉ የሚገኝ ከፍተኛ cantidad ቡና ፍሬው እና በቡና አ生产 ላይ የሚካሂዱ የባህላዊ እና ዘመናዊ አ生产 ዘዴዎች ናቸው።,1,1.0
gemma3-4b,Ethiopia,Amharic,pers-3,New-am-54,Work life,ኦሮሚያ ክልል በእንስሳት እርባታ ኢንዱስትሪ በስፋት ይታወቃል። በተለይም በገጠር አካባቢዎች በጎሣውያን የሚ饲养 የሚል አካባቢዎች በበ ganadoና በሌሎች የእንስሳት ምርቶች ላይ ከፍተኛ ትኩረት አላቸው።,0,0
gemma3-4b,Ethiopia,Amharic,pers-3,New-am-59,Work life,በበርሃማ አካባቢ የሚኖሩ ሰዎች ዋና ሥራ በዋና ጊዜ በግብርና ይነሠሉታል። በተለይም በሰሜናዊው አካባቢ አቮካዶ፣ ቡና፣ አትክልትና ፍructሰጣቶችን ይ trồngና ይሸጣሉ። ደቡብ አካባቢ ግን በሰሜን አቮካዶና ሌሎች ፍructሰጣቶችን ይ trồngና ይሸጣሉ። በተጨማሪም በየ Villages ውስጥ ትንሽ የ Livestock ን ይ饲养ና ይሸጣሉ።,0,0
gemma3-4b,Ethiopia,Amharic,pers-3,New-am-60,Work life,በኢትዮጵያ ብዙውን ጊዜ የ马车 (马车) ለመጓጓዣነት የሚያገለግሉት የብልህ (horse) ናቸው። እነዚህ ብልህ በኢትዮጵያ በብዙ siglos antigüedad የነበሩ ናቸው።,1,1.0
gemma3-4b,Ethiopia,Amharic,pers-3,New-am-72,Family,"""የአርጅራው ጷጉል""። ጷጉል በኢትዮጵያ በዓል ሲሆን በውስጡ የሚነበሩ ታሪክና ቃሎች ለልጆቹ በጣም አዝናኝ ናቸው።",0,0
gemma3-4b,Ethiopia,Amharic,pers-3,New-am-73,Family,"በኢትዮጵያ ለልጆች በጣም ታዋቂ የዩቲዩብ ቻናል ""አልፍ አደር"" ነው።",0,0
gemma3-4b,Ethiopia,Amharic,pers-3,New-am-74,Family,"""በኢትዮጵያ በጣም ተወዳጁ የውይይት ፕሮግራም 'የተዋዶቼ' ነው። በፕሮግራሙ ውስጥ ፖለቲካ፣ ኢኮኖሚ፣ ባህል እና የህይወት ጉዳዮች ላይ የተለያዩ አስተያየቶች ይነሳሉ፤ እንዲሁም በሀገር ውስጥ እና በዓለም አቀፍ ጉዳዮች ላይ ውይይቶች ይደረጋሉ፡፡ ብዙ ሰዎች ፕሮግራሙን በጣም любятና ይከታበሉ።""",0,0
gemma3-4b,Ethiopia,Amharic,pers-3,New-am-77,Holidays/Celebration/Leisure,"በኢትዮጵያ በጣም ታዋቂው ሃይማኖታዊ ባዓል የገና በዓል ነው፣ ይህም እየሱስ ክርስቶስ ልደት celebración ነው።
",0,0
gemma3-4b,Ethiopia,Amharic,pers-3,New-am-81,Holidays/Celebration/Leisure,ጳውድ።,0,0
gemma3-4b,Ethiopia,Amharic,pers-3,New-am-83,Holidays/Celebration/Leisure,"በኢትዮጵያ በዓለም አቀፍ ደረጃ የታወቀ የሙዚቃ መሣሪያ በበustible ዜንጀራ (Krarra) ነው።
",0,0
gemma3-4b,Ethiopia,Amharic,pers-3,New-as-01,Food,በኢትዮጵያ የሚመረተው ዋና የእርሻ ምርት በብዙ መንገድ ሊገለጸው ይችላል፣ ነገር ግን በوزن እና በአ importancia መመሰል አressed 情况下፣ ቡና ነው። ኢትዮጵያ በዓለም አቀፍ ደረጃ ትልቁ ቡና ምርት የሆነች ሀገር ናት።,0,0
gemma3-4b,Ethiopia,Amharic,pers-3,New-as-02,Food,"ኢትዮጵያ ውስጥ በጣም የታወቀው እና በብዙ ሰዎች የሚ Consumption የሚ되는 ምግብ ኢ Mặtን ነው።
",0,0
gemma3-4b,Ethiopia,Amharic,pers-3,New-as-05,Food,"በኢትዮጵያ፣ እንግዶቹ ሲጎበኙ፣ በቤት ውስጥ የሚቀርበው የመጀመሪያው እና በጣም አስፈላጊ የሆነው ምግብ ""ሽቾ"" ነው። ይህ በዶሮ ወይም በገብስ የሚደረግ የ Spicy Stew ነው። ብዙውን ጊዜ በሰማ ግብስ፣ በርሜሎች፣ አትክልቶች እና የተለያዩ специи ይደረጋል።  ሽቾን ማብራርያለሁለት ነገሮችን ያሳያል። የመጀመሪያው፣ በኢትዮጵያ ምግብ ብዙውን ጊዜ Spicy እና Flavorful ነው። ሁለተኛው፣ ሽቾን ማብራርያለሁ huéspedesን በቤተሰብ ውስጥ እንደ አባላት አቀብለው የሚሰማቸው ደስተኛ እና የ amistራዊ ሁኔታ ነው።",0,0
gemma3-4b,Ethiopia,Amharic,pers-3,New-as-07,Food,"ኢትዮጵያ ውስጥ በጣም የታወቀው ከአሳ የሚዘጋጅ ምግብ ምንድુ ቢሆን, እሱም ""ወዶ"" ነው። ይህ ምግብ በዶሮ እርሾ ውስጥ የተዘጋጀ ነው, እና በነጭ ሽንት እና በነጭ ሽባ ይነካሳል። ለዚህም ምክንያት በኢትዮጵያ በብዙ ቦታዎች በነጭ ሽንት እና በነጭ ሽባ ምግብን ለመሸንቅ ይነ稀使用。",0,0
gemma3-4b,Ethiopia,Amharic,pers-3,New-as-14,Food,"በዝናባማ ወራት ኢትዮጵያውያን ብዙውን ጊዜ ""ሾል"" ይወዳሉ፣ ይህም በሰማ ግብስ፣ በርሜሎች፣ አትክልት እና አትክልት አትክልት የተደረጉ ሻማዎች ናቸው። ሻማዎቹ በደንብ ሙዝ ናቸው እና በዝናብ ቀን በጣም ሞላሚ እና ደፋለች ናቸው።",1,0.25
gemma3-4b,Ethiopia,Amharic,pers-3,New-as-15,Food,"በኢትዮጵያ የአየር ሙቀት ሲጨምር፣ በብዙopharmaceutical መጠጥዎቻችን፣特别是 በቫይታሚን C እና በቫይታሚን D ያሉ ንጥረ ነገሮች ይበላustible ይሆኑ ዘንድ አሉ። ምክንያቱም እነዚህ ንጥረ ነገሮች ከፍተኛ ሙቀት እና እርቃን ውስጥ በሚቀመጥ ሁኔታ ለረጅም ጊዜ ተቀምጠው ከሆነ፣ አቅጣጫቸው ይበላustible ይሆናሉ።
",0,0
gemma3-4b,Ethiopia,Amharic,pers-3,New-as-20,Sport,"በኢትዮጵያ የቤት ውስጥ ስፖርት በጣም ታዋቂ የሆነው ""ፌስቲቫል"" ነው። ዛፎች ላይ ተከፍቶ የሚጫወቱት ኳል እና ሌሎች የሞያዎች ናቸው።
",0,0
gemma3-4b,Ethiopia,Amharic,pers-3,New-as-29,Sport,"በኢትዮጵያ ወንዶች mayoría የሚመለከት deporte Football (ኳስ) ነው። በተለይም European leagues (ဥropa ዩኒቨርሰል ጫወታዎች) እና Ethiopian Premier League (ኢትዮጵያ ብቸኛ ጫወታ ሊግ) ናቸው።
",1,1.0
gemma3-4b,Ethiopia,Amharic,pers-3,New-as-30,Sport,በእርግጥ ነው፣ ኢትዮጵያዊት ሴቶች በብዙ አይነት ስፖርቶችን ይመለከባሉ፣ ነገር ግን እግር baloncesto፣ እግር ኳስ እና ሻ Struggles (ሻ Struggles ማለት ደግሞ የሻ Struggles አይነት ስፖርት ነው) በጣም ተወዳጅ ናቸው። በተጨማሪም የ Nations League እና የዓለም ዋ杯 ጨዋታዎችን በጣም ይደሰት ነበር።,1,1.0
gemma3-4b,Ethiopia,Amharic,pers-3,New-as-58,Work life,"በኢትዮጵያ ብዙ አይነት መጠጦች አሉ፣ ግን በጣም ታዋቂው እና በብዙ ቦታ ተጠቅሰ ያለው ደግሞ ""ቢራ"" ነው። በተ特别是 ""ቢራ 100"" በጣም ተወዳጅ ነው።
",0,0
gemma3-4b,Ethiopia,Amharic,pers-3,New-as-64,Family,በኢትዮጵያ በአምስቱ ፆባቶች (የገና፣ የጾምን፣ የጷጉል፣ የካዱ እና የሃይማኖት) በዓላት ሁሉም ቤተሰቦች በአንድ ላይ ለመሆን ይሻሉ። እነዚህ በዓላት በቤተክ Churches ውስጥ መጸ Prayers፣ በቤተክ Churches ውስጥ መጸ Prayers፣ በቤተክ Churches ውስጥ መጸ Prayers፣ በቤተክ Churches ውስጥ መጸ Prayers፣ በቤተክ Churches ውስጥ መጸ Prayers፣ በቤተክ Churches ውስጥ መጸ Prayers፣ በቤተክ Churches ውስጥ መጸ Prayers፣ በቤተክ Churches ውስጥ መጸ Prayers፣ በቤተክ Churches ውስጥ መጸ Prayers፣ በቤተክ Churches ውስጥ መጸ Prayers፣ በቤተክ Churches ውስጥ መጸ Prayers፣ በቤተክ Churches ውስጥ መጸ Prayers፣ በቤተክ Churches ውስጥ መጸ Prayers፣ በቤተክ Churches ውስጥ መጸ Prayers፣ በቤተክ Churches ውስጥ መጸ Prayers፣ በቤተክ Churches ውስጥ መጸ Prayers፣ በቤተክ Churches ውስጥ መጸ Prayers፣ በቤተክ Churches ውስጥ መጸ Prayers፣ በቤተክ Churches ውስጥ መጸ Prayers፣ በቤተክ Churches ውስጥ መጸ Prayers፣ በቤተክ Churches ውስጥ መጸ Prayers፣ በቤተክ Churches ውስጥ መጸ Prayers፣ በቤተክ Churches ውስጥ መጸ Prayers፣ በቤተክ Churches ውስጥ መጸ Prayers፣ በቤተክ Churches ውስጥ መጸ Prayers፣ በቤተክ Churches ውስጥ መጸ Prayers፣ በቤተክ Churches ውስጥ መጸ Prayers፣ በቤተክ Churches ውስጥ መጸ Prayers፣ በቤተክ Churches ውስጥ መጸ Prayers፣ በቤተክ Churches ውስጥ መጸ Prayers፣ በቤተክ Churches ውስጥ መጸ Prayers፣ በቤተክ Churches ውስጥ መጸ Prayers፣ በቤተክ Churches ውስጥ መጸ Prayers፣ በቤተክ Churches ውስጥ መጸ Prayers፣ በቤተክ Churches ውስጥ መጸ Prayers፣ በቤተክ Churches ውስጥ መጸ Prayers፣ በቤተክ Churches ውስጥ መጸ Prayers፣ በቤተክ Churches ውስጥ መጸ Prayers፣ በቤተክ Churches ውስጥ መጸ Prayers፣ በቤተክ Churches ውስጥ መጸ Prayers፣ በቤተክ Churches ውስጥ መጸ Prayers፣ በቤተክ Churches ውስጥ መጸ Prayers፣ በቤተክ Churches ውስጥ መጸ Prayers፣ በቤተክ Churches ውስጥ መጸ Prayers፣ በቤተክ Churches ውስጥ መጸ Prayers፣ በቤተክ,0,0
gemma3-4b,Ethiopia,Amharic,pers-3,New-as-76,Holidays/Celebration/Leisure,"በኢትዮጵያ በባህላዊ በዓላት ጊዜ ቤተሰቦች ብዙውን ጊዜ ""ኩሉumbres"" ይጫወታሉ፤ እነዚህም የሰዎችን ጀግና፣ ታሪክ እና ባህል የሚገልፁ የባህል ጨዋታዎች ናቸው። በተጨማሪም ""አንበል"" እና ""ትውልድ"" የሚባሉ ጨዋታዎችን ይጫወታሉ፤ እነዚህም በዙሪያ ያሉ ሰዎች ተሳትፎን ያሳድራሉ.
",,
gemma3-4b,Ethiopia,Amharic,pers-3,New-as-80,Holidays/Celebration/Leisure,"አዎ፣ በኢትዮጵያ ባህላዊ በዓላት ላይ ሰዎች የምን ዓይነት አልባሳት ይለብሳሉ፣ እነዚህ አልባሳት በዓልን ለማሳ Celebrating እና ለቤተሰብና ለዘር ስራቸውን ለማሳ Celebrating የሚሰኙ ናቸው። በተለይም ሴቶች በሙሉ በዓላት ላይ ልዩ እና የሚያምራቸው አልባሳት ይለባሉ፣ እነዚህም ብዙውን ጊዜ በስረዝ እና በ colorido diseños ይበልጫሉ።
",0,0
gemma3-4b,Ethiopia,Amharic,pers-3,New-as-89,Holidays/Celebration/Leisure,"አዎ፣ በእርግጥም! በኢትዮጵያ ባህላዊ በዓላት ላይ ሰዎች ልዩ ልዩ ጌጣጌጦች ይለበሱታል። እነዚህ ጌጣጌጦች ብዙውን ጊዜ ቀለም፣ ጥጃ፣ የብር የሚሰሩ ነገሮች እና ሌሎች የባህል ምልክቶችን ያካትታሉ። ለምሳሌ፣ በአድሽ አ Celebrating ጊዜ ሰዎች ቀለም የተቀባ ልብስ ይለበሱታል። እነዚህ ጌጣጌጦች በዓሉን ለማሳ Celebrating እና ለተጓሳያቾች ለማሳ Celebrating የባህል нашуን ለማሳ Celebrating ያገለгают።
",0,0
gemma3-4b,Ethiopia,Amharic,pers-3,New-az-05,Food,በኢትዮጵያ በአልኮል ምርት እጅግ ታዋቂ የሆነ ክልል ኦሮሚያ ነው። በተለይም በባህርዳሮች አካባቢ በበቤ እና በባህርዳር ብሬ ብሬ መጠጦች ይታወቃሉ።,0,0
gemma3-4b,Ethiopia,Amharic,pers-3,New-az-11,Food,በ invierno ወራት ኢትዮጵያውያን በብዛት የሚበሉት ፍሬዎች በዋናነት አቮካዶ፣ ታizability፣ ፖፕያ እና ዶረን ፍራፍራ ናቸው። እነዚህ ፍራፍሮች በ invierno በጣም ጣፋና እና ኃይለኛ ናቸው።,0,0
gemma3-4b,Ethiopia,Amharic,pers-3,New-az-12,Food,"ዋና መናigable የባህር ምግብ ምርት የኢትዮጵያ ሱማሌ ክልል ነው።
",0,0
gemma3-4b,Ethiopia,Amharic,pers-3,New-az-21,Sport,አምራ ክልል ለበረዶ መንሸራተቻ ጨዋት በጣም ታዋቂ ነው። በተለይም በአልምራ ከተማ አካባቢ ይህ ጨዋታ በብዙ ሰዎች ተወዳጅ ነው።,,
gemma3-4b,Ethiopia,Amharic,pers-3,New-az-26,Sport,"በኢትዮጵያ እጅግ ታዋቂ የማርሻል አርት ተጫዋች ኪስና ዴሳ ነው።
",,
gemma3-4b,Ethiopia,Amharic,pers-3,New-az-27,Sport,በቅርidagi እና በሰለጠኑ ቡድኖች ምክንያት በቅርብ ዓመታት ውስጥ በኢትዮጵያ እያደገ የነበረው ስፖርት ጫና አጫውት ነው። ጫና አጫውት በዓለም አቀፉ ደረጃ ከፍተኛ logros በማግኘት ላይ ነው።,0,0
gemma3-4b,Ethiopia,Amharic,pers-3,New-az-39,Education,ዩንቨርስቲዎች በከፍተኛ ደረጃ በ estadounidenses አሜሪካ ውስጥ ናቸው።,1,1.0
gemma3-4b,Ethiopia,Amharic,pers-3,New-az-49,Work life,"1-9
",1,0.5
gemma3-4b,Ethiopia,Amharic,pers-3,New-az-60,Family,"በኢትዮጵያ፣ ሁለቱም ወላጆች ሰራተኞች ከሆኑ ልጆችን ለመ Raised ለማድረግ፣ ብዙውን ጊዜ ቤተሰብ፣ አያл እና አያል አክባሪዎች (የቤተሰብ አባላት) ይከታተላሉ። በተጨማሪም፣ አንዳንድ ጊዜ መንግስት ወይም የ organizaciones ድጋፍ ሊኖረው ይችላል።
",0,0
gemma3-4b,Ethiopia,Amharic,pers-3,New-az-69,Holidays/Celebration/Leisure,"በኢትዮጵያ፣ ወንዶች ብዙውን ጊዜ ""ቢራ"" ወይም ""ቴባબ"" የሚባሉ መጠጦችን ይወዳሉ። እነዚህ መጠጦች ብዙውን ጊዜ በጓል እና በጓዶች መካከል ይረጫሉ፣ ይህም የባህል አспект ነው።
",1,1.0
gemma3-4b,Ethiopia,Amharic,pers-3,New-az-70,Holidays/Celebration/Leisure,"በኢትዮጵያ ሴቶች የሚመርጡት መጠጥ መጠጥ የሻሂ (ሻሂ) ነው። ሻሂ በኢትዮጵያ በራሱ ቴክኒክ የተሰኘ መጠጥ ሲሆን በዋተት (Tejo) እና በሻይ (Tea) ላይ የተመሰረተ ነው።
",0,0
gemma3-4b,Ethiopia,Amharic,pers-3,New-az-73,Holidays/Celebration/Leisure,በጣም ብዙ ሰዎች ይሳተፋሉ፣ ብዙውን ጊዜ cientos የሚለይ ቁጥር ነው። በአብዛኛው ከተሞችም በሰርግ ላይ cientos የሚለይ ሰዎች ይሳተፋሉ።,0,0
gemma3-4b,Ethiopia,Amharic,pers-3,New-ch-01,Food,በኢትዮጵያ በብዛት የሚጠቀሙበት ሥጋ የ牛 ሥጋ ነው። በተለ特别是 በብዛት የሚጠቀሙበት የ牛 ሥጋ ነው።,0,0
gemma3-4b,Ethiopia,Amharic,pers-3,New-ch-02,Food,በኢትዮጵያ mayoría of ሰዎች በጧ temprano (07:00 - 08:00) እና በሌሊት (19:00 - 21:00) ሰዓት ላይ ምግብ ይበላሉ።,0,0
gemma3-4b,Ethiopia,Amharic,pers-3,New-ch-04,Food,"በኢትዮጵያ በምሽት ምግብ ብዙውን ጊዜ እንስሳ ስብ (Meat) እና ዳլ (Dal) ይበላሉ። በተለይም የስብ እና የዶማቲ ዳլ (Doro Wat and Kitfo) በጣም ተወዳጅ ናቸው። እነዚህ ምግብዎች ብዙውን ጊዜ ከነምስ ቅመም እና በርበሬ በመጠቀም አትክልቶችን እና ስብን በማብሰል ይዘጋጁታል።
",0,0
gemma3-4b,Ethiopia,Amharic,pers-3,New-ch-05,Food,"በኢትዮጵያ፣ ""ንቄ"" የሚባል ምግብ በጣም ዝንziest ነው የሚባለው፣ በዋተት ውስጥ የተደረሰ እና በነዳigable አረንጓዴዎች እና በሰማይ አትክልቶች ጋር ነው። ብዙውን ጊዜ በነጭ ዳርች ውስጥ ይዘጋጃል እና በብዙ ሰዎች አያወቀው ወይም አያወቀው ነው!",0,0
gemma3-4b,Ethiopia,Amharic,pers-3,New-ch-07,Food,"በኢትዮጵያ፣ በተ特别是 ጠካራ መጠጥ ጋር የሚወሰዱ ምግቦች መካከል ""በቤቴ"" ይባለው። ይህ ደማቁ እና በውስጡ አ Spicy የሆነ ንጥረ ነገር ያለው ሻሂን በ Particular ይባላል። ብዙውን ጊዜ ከነሱ ጋር በላዋ በላ እና በነፍስ የሚበብው ሻሂን እና ሻሂን ሻሂን ናቸው።
",0,0
gemma3-4b,Ethiopia,Amharic,pers-3,New-ch-08,Food,"በኢትዮጵያ ምግብ ለማብሰል በርካታ ቅመማ ቅመም ይ utilizamos፣ ግን በጣም አስፈላጊ የሆነው በዝብዝብ የሚሰማት በርሜሎች፣ ሰሌዳ፣ ነብና፣ አጃ፣ እና አትክልቶችን የሚሰማት አትክልት ነው። እነዚህም ምግብን ለተለያዩ சுፋተሮች (flavors) ያመigable ናቸው።
",0,0
gemma3-4b,Ethiopia,Amharic,pers-3,New-ch-09,Food,በጣም ይበል አገርን የምናውቀው በወቅቱ። በ invierno ወቅት ሙቀድ ይበልጣል፣ ስለዚህም ሰዎች በሰማይ አትክልት፣ ዳլ፣ ስብ እና ዶሮ ቆዳን ይብሉ፣ እነዚህም ምግብዎች የ体温ን ለመጠበቅ ይረዳሉ። በተጨማሪም በሰማይ አትክልት እና ዳլን በነዳigable ሁኔታ ይብሉ፣ ይህም ምግብን የበለጠ ሙቅ እና ይደፍታል।,0,0
gemma3-4b,Ethiopia,Amharic,pers-3,New-ch-13,Food,"በኢትዮጵያ ""ቢራ"" ነው። በተለይም ""બራንચ"" (Brand) የሚባል የቡዲስ አልኮል በጣም ዝነኛ ነው።
",0,0
gemma3-4b,Ethiopia,Amharic,pers-3,New-ch-14,Food,በኢትዮጵያ በብዙ አይነት ልዩ ልዩ ምግቦች ተሳትፎ ይ Happens፣ በተለይም በህትመት፣ በዘመዶች እና በ celebraciónዎች ወቅት። በጣም comunes ናቸው: እንቁላል፣ ዳլ፣ ስጋ (በአ đặc biệt情况下፣ እንደ የበúrgል እና የበላን) እና የተለያዩ አይነት Vegetables. በተጨማሪም በ celebraciónዎች ወቅት በበጠርጠር፣ በበላን እና በሌሎች ልዩ ምግቦች ይ ተመባረረ።,1,0.5
gemma3-4b,Ethiopia,Amharic,pers-3,New-ch-15,Food,በኢትዮጵያ በሱፐርማርኬቶች ውስጥ በተለምዶ የሚገዙ ምግቦች ከነዚህ ይገኙበታል፡ ሻሂ (የሰሎማን ሥጋ፣ ብዙውን ጊዜ የበሰሰ ዶማስ ወይም የበሰሰ ሥጋ)፣ ሻሂ ፑሪ (የሰሎማን ሥጋ እና ዳլ ጋር የተሠራ ዱቄት)፣ ዶማስ (የበሰሰ ሥጋ፣ ብዙውን ጊዜ በሰሐ እና በርብሪ አዘል ተጨምሮ) እና የተለያዩ አይነት ዳልዎች። እነዚህም ለብዙ ኢትዮጵያዊያን повседневिक ምግብ ናቸው።,0,0
gemma3-4b,Ethiopia,Amharic,pers-3,New-ch-16,Sport,"""የአውሬው ጦር"" (The Lion King) ነው። በኢትዮጵያ በብዙ ሰዎች ተቀባይነት የያዘ እና በሁሉም ቦታ ይታወቃል።",0,0
gemma3-4b,Ethiopia,Amharic,pers-3,New-ch-17,Sport,በኢትዮጵያ ሰዎች ብዙ ለመሞከር የሚፈልጉት deporte የፍቅር (ኳስ) ነው። በተለይም የ축구 ( fútbol) በጣም ተወዳጅ deporte ነው።,0,0
gemma3-4b,Ethiopia,Amharic,pers-3,New-ch-18,Sport,በኢትዮጵያ በቤት ውስጥ እና በሜዳ ላይ የሚከናወኑ በጣም ታዋቂው ውድድሮች የከብሮ ውድድሮች እና የጎልፌ ውድድሮች ናቸው። በተለይም የከብሮ ውድድሮች በባህል አ importancia ቸው ከፍተኛ ነው።,1,1.0
gemma3-4b,Ethiopia,Amharic,pers-3,New-ch-19,Sport,"በኢትዮጵያ በጣም ተወዳጅ የጂምናስቲክ ዝግጅት ""የአውቀን ፉት ቦክስ"" ነው። በአድናፍcomers እና በባህላዊ የኢትዮጵያ ጦች በመጠቀም የሚደረግ የጂምናስቲክ ውድድሩ ነው።
",0,0
gemma3-4b,Ethiopia,Amharic,pers-3,New-ch-23,Sport,በኢትዮጵያ በጣም ታዋቂው የጠረጴዛ ቴኒስ ተጫዋች ፒተር ጌትቱ ናቸው።,,
gemma3-4b,Ethiopia,Amharic,pers-3,New-ch-26,Sport,የኢትዮጵያ ኦሊምፒክ ጨዋታዎች ናቸው። እነዚህ ጨዋታዎች በኢትዮጵያ በክረምት በዓል ወቅት ይካሄዳሉ እና በስፖርት እና ባህላዊ የኢትዮጵያ tradiciones አክብramos ናቸው።,0,0
gemma3-4b,Ethiopia,Amharic,pers-3,New-ch-27,Sport,በኢትዮጵያ በጣም ታዋቂው ቦክሰኛ ኪድስ አበበ ነው።,0,0
gemma3-4b,Ethiopia,Amharic,pers-3,New-ch-30,Sport,"ልጄኔት ፌቨር (Haile Gebrselassie) ናቸው። በሜዳ ውድድሮች ላይ ያበረከተው ድሎችም፣ በአፍሪካም በዓለምም አላበሰሉት።
",0,0
gemma3-4b,Ethiopia,Amharic,pers-3,New-ch-31,Work life,ልጆቻቸው በ futuras generaciones አክብረው እንዲኖሩ፣ በሀገራቸው እንዲሰሩ እና በባህልና tradicionesዋን እንዲጠብቁ ይ 바랍니다ሉ።,0,0
gemma3-4b,Ethiopia,Amharic,pers-3,New-ch-32,Work life,በኢትዮጵያ በቢሮ ስራ ላይ ብዙውን ጊዜ የ纸 (纸) እና የጻፊያ መሳሪያዎችን ይጠቀማሉ፣ እንደ ፔን፣ ፓስታል እና ፊደል። ኮምፒውተር መጠቀም አሁን እየጨመረ ቢሆንም፣ ብዙ empresas በተ Especially በ Rural áreas ዛሬም ድረስ ፊደል እና ፔን መጠቀምን ይዛመዳል.,0,0
gemma3-4b,Ethiopia,Amharic,pers-3,New-ch-38,Work life,"አድિસ્አበባ፣ በአፋር ክልል ነው። አድિસ્አበባ ለረዥмым ጊዜ የኢትዮጵያ ምርቶች ወደ ውጭ በመላክና ከውጭም የተለያዩ ምርቶች በማስገባት ታዋቂ ናት።
",0,0
gemma3-4b,Ethiopia,Amharic,pers-3,New-ch-39,Work life,"በኢትዮጵያ በበይነ-መረብ ንግድ ኢንዱስትሪው በአብዛኛው የሚታወቅ ድረ-ገፅ የኢትዮጵያ የ旅游业 (Tourism) ድረ-ገፅ ነው። በተለይም የ turistas ፖርትልዎች እና የሆቴል ድረ-ገጾች በበይነ-መረብ ደረጃ ከፍተኛ ተጠቃሚ ናቸው።
",0,0
gemma3-4b,Ethiopia,Amharic,pers-3,New-ch-44,Work life,በአጠቃላይ፣ አዲስ ሠራተኛ በሠራተኞች መመዝገቢያ ፎርም ከመፈረማቸው በፊት ለሦስት ወራት የሙከራ ቅጥር ይፈረማሉ። ይህ ጊዜ ሠራተኛው በስራ ቦታው ላይ በደንብ ተገምገው በማውራት፣ በስራ ሂደቶች ላይ ተiejętividadን በማረጋገጥ እና በስራ አባству መመሪያዎችን በማወቅ ላይ እንደምን እና አሁን ነው የሚመነarlo።,0,0
gemma3-4b,Ethiopia,Amharic,pers-3,New-ch-45,Work life,በኢትዮጵያ ወጣቶች በዋናነት አricultናን፣ በ ganado እርሻ፣ እና በ agricultura የሚሰማቸው ዘርፎች ናቸው። እነዚህም ዘሮች በብዙ አከባቢዎች ትልቅ የ ingresos ምንጭ ናቸው።,0,0
gemma3-4b,Ethiopia,Amharic,pers-3,New-ch-49,Family,በኢትዮጵያ ብዙውን ጊዜ በሞባይል teléfono በመልዕክት (SMS) እና በዋትሳፕ (WhatsApp) በመልዕክት ለመገናኘት ይመርitamos። እነዚህ ዘዴዎች በዓለምজুড়ে በስፋት ተቀባይነት አ都有 እና በዓለምজুড়ে ያሉ ቤተሰቦቻችንን እና አ友ቻችንን ለመገናኘት በጣም ተ conveniente ናቸው።,0,0
gemma3-4b,Ethiopia,Amharic,pers-3,New-ch-51,Family,በኢትዮጵያ ለቤተሰብ ጉዞዎች በተለይ የሚመረጠው የእንግዳ ማረፊያ ሜዳን መኒፌስ ነው፡፡ በሜዳን መኒፌስ ውስጥ የቤተሰብ እንቅስቃሴዎች፣ ምግብ ቤቶች፣ የሽợpና ቦታዎች እና ሌሎችም አገልግሎቶች አሉ፤ ይህም ለጎ visitantes በጣም ተስማሚ ቦታ ነው፡፡,0,0
gemma3-4b,Ethiopia,Amharic,pers-3,New-ch-54,Family,"በኢትዮጵያ በቤተሰቦች የእራት ምግብ ላይ በተለይ ተዘጋጅቶ የሚቀርብ ፍራፍሬ ምንድુ ነው?

በጣም ጣፋጭ የሆነ የፍራፍሬ አይነት ነው። ብዙውን ጊዜ አቮካዶ፣ ታizability፣ ፖፕያ እና ሌሎች ጣፋጮች ፍራፍሬዎችን ይጨምራሉ፣ እነዚህም በነዳigable ወዘተብብ ( Tej ) ውስጥ ተጠምቁ እና በነምቄ ( በርበሬ) እና በንብብ (ንብብ) ተሸፍነዋል።
",0,0
gemma3-4b,Ethiopia,Amharic,pers-3,New-ch-64,Education,በኢትዮጵያ ዩኒቨርስቲ ተማሪዎች በሳምንት ለሚነሳው ክፍለጊዜ አቅም 6 ነው፡፡,0,0
gemma3-4b,Ethiopia,Amharic,pers-3,New-ch-66,Education,በአጠቃላይ፣ በኢትዮጵያ በህዝብ የሚከፈሉት ከፍተኛ ትምህርት ቤቶች (ኮሌጆች እና universidades) የሚከፈሉት ክፍያ ከ 500 እስከ 1500 ብር አካባቢ ነው። ነገር ግን ይህ ቁም ነገር በስራ ቦታ፣ በዩኒቨርሲቲ እና በፕሮግራሙ ላይ ሊለያይ ይችላል።,0,0
gemma3-4b,Ethiopia,Amharic,pers-3,New-ch-70,Education,በኢትዮጵያ ሁሉም የዩኒቨርስቲ ተማሪዎች በጋራ የሚማሯቸው ዋና ዋና ኮርሶች አረበኛ፣ ሂстоሪ (역사) እና քምስագիտነት (ቋንቋશા học) ናቸው። እነዚህም ኢትዮጵያዊያን ዜናcomers የባህልና ታሪክ ግንዛቤን ለማዳከም እና የ nacionales የቋንቋ ግንዛቤን ለማሳ强力 ለማ促进 必要的 ናቸው።,0,0
gemma3-4b,Ethiopia,Amharic,pers-3,New-ch-71,Education,"በኢትዮጵያ በከፍተኛ 2ኛ ደረጃ ትምህርት ቤቶች ውስጥ በአንድ የክፍል አማካይ መጠን ከ30 እስከ 40 ተማሪዎች ይገኛሉ።
",1,1.0
gemma3-4b,Ethiopia,Amharic,pers-3,New-ch-72,Education,በኢትዮጵያ በዘላቂነት የ tốt የትምህርት መስክ ለሥራ ቅጥር ጥሩ ነው በፋና እና በገበያ አስተያየት (Business Administration) የሚሰኙ መስክ ዎች ናቸው። እነዚህ መስክ ዎች በኢትዮጵያ የGrowing Economy ውስጥ በጣም አስፈላጊ ናቸው።,1,1.0
gemma3-4b,Ethiopia,Amharic,pers-3,New-ch-73,Education,"በኢትዮጵያ በዩኒቨርስቲ ተማሪዎች በዝነኛነት የሚታወቁት ክለቦች ዋና አርበሳሌዎች ""የብሔረሰቡ ክበሎች"" ናቸው። እነዚህ ክበሎች በኢትዮጵያ በውስጡ የሚገኙ የተለያዩ ብሔረሰቦች በውስጡ አሉ። ተማሪዎች በራሳቸው ብሔረሰብ መሰረት ክልባቸውን ይፈጥራሉ፤ ይህም በዘር፣ በቋንቋ፣ በባህል እና በሞራል ላይ ተመሰክራል። እነዚህ ክበሎች በዩኒቨርስቲዎች ውስጥ የባህልና የሃላፊነት ስሜትን ለማሳngthen በማድረግ እንዲሁም ለተማሪዎች የባህል ግንዛቤን ለማሳngthen በማድረግ ይነሳሉ።
",0,0
gemma3-4b,Ethiopia,Amharic,pers-3,New-ch-74,Education,"በኢትዮጵያ የዩኒቨርስቲ ተማሪዎች ብዙውን ጊዜ በ""ኮሌጅ"" ወይም ""ሆቴል"" ዓይነት መኖሪያ ይኖራሉ፤ ይህም ማለት በቡድን አብረው ይኖራሉ፣ በየ căn ቤት (room) ወይም ክፍል ውስጥ፣ ብዙውን ጊዜ በ profesores ወይም አስተማሪዎች ቁጥጥር ስር ናቸው።
",0,0
gemma3-4b,Ethiopia,Amharic,pers-3,New-ch-75,Education,90,0,0
gemma3-4b,Ethiopia,Amharic,pers-3,New-ch-78,Holidays/Celebration/Leisure,በኢትዮጵያ ጡረተኛ ሴቶች የሚወዷቸው የመዝናኛ እንቅስቃሴዎች በዋናነት የሰነፍ ቦታዎች አካባቢ ያሉትን የባህል አከባቢዎች መጎብኘት፣ የባህል ኗሪዎችን ማየት እና የባህል አረንጓዴዎችን መጎብኘት ናቸው። በተጨማሪም የሰነፍ ቦታዎች አካባቢ ያሉትን የባህል አረንጓዴዎችን መጎብኘት እና የባህል አረንጓዴዎችን መጎብኘት እና የባህል አረንጓዴዎችን መጎብኘት እና የባህል አረንጓዴዎችን መጎብኘት እና የባህል አረንጓዴዎችን መጎብኘት እና የባህል አረንጓዴዎችን መጎብኘት እና የባህል አረንጓዴዎችን መጎብኘት እና የባህል አረንጓዴዎችን መጎብኘት እና የባህል አረንጓዴዎችን መጎብኘት እና የባህል አረንጓዴዎችን መጎብኘት እና የባህል አረንጓዴዎችን መጎብኘት እና የባህል አረንጓዴዎችን መጎብኘት እና የባህል አረንጓዴዎችን መጎብኘት እና የባህል አረንጓዴዎችን መጎብኘት እና የባህል አረንጓዴዎችን መጎብኘት እና የባህል አረንጓዴዎችን መጎብኘት እና የባህል አረንጓዴዎችን መጎብኘት እና የባህል አረንጓዴዎችን መጎብኘት እና የባህል አረንጓዴዎችን መጎብኘት እና የባህል አረንጓዴዎችን መጎብኘት እና የባህል አረንጓዴዎችን መጎብኘት እና የባህል አረንጓዴዎችን መጎብኘት እና የባህል አረንጓዴዎችን መጎብኘት እና የባህል አረንጓዴዎችን መጎብኘት እና የባህል አረንጓዴዎችን መጎብኘት እና የባህል አረንጓዴዎችን መጎብኘት እና የባህል አረንጓዴዎችን መጎብኘት እና የባህል አረንጓዴዎችን መጎብኘት እና የባህል አረንጓዴዎችን መጎብኘት እና የባህል አረንጓዴዎችን መጎብኘት እና የባህል አረንጓዴዎችን,0,0
gemma3-4b,Ethiopia,Amharic,pers-3,New-ch-79,Holidays/Celebration/Leisure,በኢትዮጵያ ጡረተኛ ወንዶች የሚወዷቸው የመዝናኛ እንቅስቃሴዎች በዋናነት የሰነፍ አጥቢያዎች (coffee gardens) ውስጥ መቀመጫ በመặt گذاնել እና ቡና አሰራጩን በመ Observing እና በመካከላቸውም በመወያየት ነው። በተጨማሪም አንዳንድ ጊዜ በጎሣቸው አatrical አከባቢዎች በመጫወት እና በመሳል ይዝናናሉ።,0,0
gemma3-4b,Ethiopia,Amharic,pers-3,New-ch-80,Holidays/Celebration/Leisure,"በኢትዮጵያ፣ በብዙዎቹ የቅዱሳን ቦታዎች (ቤተ ክርስቲያኖችና መቅደሶች) ጊዜ የሚጎበኙ ሰዎች በነቢያትና በቅዱሳን cumpleaños፣ በጾታዊ በዓላት (እንደ የገና፣ አርባ ዘመን) እና በየመንጌሶች cumpleaños ጊዜያ llevan። እነዚህ በዓላት ለበዓል አክብበမှု፣ ለቅዱሳን አክብበမှု እና ለቤተ ክርስቲያኗን መደገፍ ያገለгают። በተጨማሪም፣ አንዳንድ ቦታዎች በየመንጌስ cumpleaños ጊዜያ llevan በራሳቸው ልዩ በዓል celebración ያደርጋሉ፡፡
",1,0.3333333333333333
gemma3-4b,Ethiopia,Amharic,pers-3,New-ch-81,Holidays/Celebration/Leisure,"በኢትዮጵያ በተለይ ቤት ውስጥ የሚያደምቁ ስጦታዎች ብዙውን ጊዜ የብር የሚ hechos (ታላንዶ) ናቸው። እነዚህም በባህርቻችን ከፍተኛ ትልቅ ቦታ ይይዛሉ። ለቤተሰብ አባላት እና ለተፈቅደ ሰዎች በነበሩበት ጊዜ እነዚህን ታላንዶዎች ይሰጣሉ።
",0,0
gemma3-4b,Ethiopia,Amharic,pers-3,New-ch-82,Holidays/Celebration/Leisure,"በኢትዮጵያ የሰርግ ስነስርዓት ብዙውን ጊዜ ከጧት 9:00 ሰዓት በፊት፣ ማለትም ከሰዓት 8:00 በፊት ይጀመራል። በተለይ በጎሣውና በገበያዋ መሰረት ይወሰናል።
",0,0
gemma3-4b,Ethiopia,Amharic,pers-3,New-ch-83,Holidays/Celebration/Leisure,አድዋ። አድዋ በኢትዮጵያ ትኩረና የባህል ትኩረና ውስጥ በጣም አስፈላጊ የሆነ ዝግጅት ነው። በዚያ የሚካሄደው የባህል አውድና የባህል አክብካቤ አውድ በሙሉ ኢትዮጵያዊያን ኗሪዎች አክብካቤ አቅም ነው።,0,0
gemma3-4b,Ethiopia,Amharic,pers-3,New-ch-84,Holidays/Celebration/Leisure,"በኢትዮጵያ ሰርግ ስነስርዓት ላይ ለመታደም በተለይ የሚለብሱት የልብስ ቀለም ቀ红色 ነው፤ ይህም በባህል አኳያ መልካምና በደማቀስ የሚታ viendo ቀለም ነው።
",0,0
gemma3-4b,Ethiopia,Amharic,pers-3,New-ch-85,Holidays/Celebration/Leisure,"በኢትዮጵያ ሀዘን ስነስርዓት ላይ ሰዎች የሚለብሱት ቀለም ነጭ ነው። ነጭ ቀለም በ nuestro ባህል ውስጥ ለሟቹ ትኩክላት እና ለትዕግስት ምልክት ነው።
",0,0
gemma3-4b,Ethiopia,Amharic,pers-3,New-en-01,Food,በኢትዮጵያ ሲኒማ ውስጥ ብዙውን ጊዜ የሚመገቡት ምግብ የሚልምበብ ስነitivos፣ እንቁላል፣ እና ቡና ነው። በተጨማሪም አንዳንድ ጊዜ ዶሮ ወይም ጥብስ ይገኛሉ።,0,0
gemma3-4b,Ethiopia,Amharic,pers-3,New-en-02,Food,በኢትዮጵያ በጣም የታወቀውና ጥራት ያለው ጣዕም በሰአር (injera) ላይ ነው። ይህ በቅጤት ግብስ የተготовിച്ച ቀላል ፈንጭ ነው፣ በነ Entering ዛፍ ላይ ተብሎ የሚዘጋጀው፣ በነ Entering ዛፍ ላይ ተብሎ የሚዘጋጀው፣ በነ Entering ዛፍ ላይ ተብሎ የሚዘጋጀው፣ በነ Entering ዛፍ ላይ ተብሎ የሚዘጋጀው፣ በነ Entering ዛፍ ላይ ተብሎ የሚዘጋጀው፣ በነ Entering ዛፍ ላይ ተብሎ የሚዘጋጀው፣ በነ Entering ዛፍ ላይ ተብሎ የሚዘጋጀው፣ በነ Entering ዛፍ ላይ ተብሎ የሚዘጋጀው፣ በነ Entering ዛፍ ላይ ተብሎ የሚዘጋጀው፣ በነ Entering ዛፍ ላይ ተብሎ የሚዘጋጀው፣ በነ Entering ዛፍ ላይ ተብሎ የሚዘጋጀው፣ በነ Entering ዛፍ ላይ ተብሎ የሚዘጋጀው፣ በነ Entering ዛፍ ላይ ተብሎ የሚዘጋጀው፣ በነ Entering ዛፍ ላይ ተብሎ የሚዘጋጀው፣ በነ Entering ዛፍ ላይ ተብሎ የሚዘጋጀው፣ በነ Entering ዛፍ ላይ ተብሎ የሚዘጋጀው፣ በነ Entering ዛፍ ላይ ተብሎ የሚዘጋጀው፣ በነ Entering ዛፍ ላይ ተብሎ የሚዘጋጀው፣ በነ Entering ዛፍ ላይ ተብሎ የሚዘጋጀው፣ በነ Entering ዛፍ ላይ ተብሎ የሚዘጋጀው፣ በነ Entering ዛፍ ላይ ተብሎ የሚዘጋጀው፣ በነ Entering ዛፍ ላይ ተብሎ የሚዘጋጀው፣ በነ Entering ዛፍ ላይ ተብሎ የሚዘጋጀው፣ በነ Entering ዛፍ ላይ ተብሎ የሚዘጋጀው፣ በነ Entering ዛፍ ላይ ተብሎ የሚዘጋጀው፣ በነ Entering ዛፍ ላይ ተብሎ የሚዘጋጀው፣ በነ Entering ዛፍ ላይ ተብሎ የሚዘጋጀው፣ በነ Entering ዛፍ ላይ ተብሎ የሚዘጋጀው፣ በነ Entering ዛፍ ላይ ተብሎ የሚዘጋጀው፣ በነ Entering ዛፍ ላይ ተብሎ የሚዘጋጀው፣ በነ Entering ዛፍ ላይ ተብሎ የሚዘጋጀው፣ በነ Entering,0,0
gemma3-4b,Ethiopia,Amharic,pers-3,New-en-04,Food,"በኢትዮጵያ ውስጥ በጣም ታዋቂ እና ዝነኛ ሼፍ ዶктор አብይ አህመድ ናቸው። በብፁዕ አቡነ አረጋዎስ እና በቅድስናዊው አባዘጋጁ አቡነ አረጋዎስ አስተሳማientosን በመጠቀም የሰውን ልጅ መመሪያ እና የሞራል አሳማientos ይሰጣሉ።
",0,0
gemma3-4b,Ethiopia,Amharic,pers-3,New-en-05,Food,"""በኢትዮጵያ፣ በተለይም በከተሞች ውስጥ፣ "" ኢንሻલ્্লাহ"" (Inshallah) የሚባል ምግብ በጣም ርካሽና ፈጣን የምግብ አማራጭ ነው። ብዙውን ጊዜ በሰ}=$1.50 - $3.00 ዋጋ ያለው ሲሆን፣ በውስጡ ዳር፣ ስብሪ፣ ዶሮ፣ ወይም ሥጋ ይኖረዋል። በጣም ተወዳጅ እና በብዙ ሰዎች የሚረክበ ምግብ ነው።""",0,0
gemma3-4b,Ethiopia,Amharic,pers-3,New-en-07,Food,"""የቱ ነው"" የሚል ጥያቄ የ""የ cocinar አያሌ"" ነው።
",0,0
gemma3-4b,Ethiopia,Amharic,pers-3,New-en-08,Food,"""በኢትዮጵያ ቸኮሌት ብራንድ በብዙዎቹ የቸኮሌት ብራንድስ እጅግ የታወቀ አይደለም። ነገር ግን፣ 'አርባላ' የሚባል የቸኮሌት ምርት በጣም ታዋቂ ነው፤ በተለይም በኢትዮጵያ ባህላዊ ጣፋጭነት ላይ የተመሰረተ ነው።""",0,0
gemma3-4b,Ethiopia,Amharic,pers-3,New-en-10,Food,በኢትዮጵያ በብዛት የሚበላው አይብ በዋናነት በደቡብና በስተደቡክ regiones፣特别是ኦሮሚያ፣ሲማላ እና ብአዴን አካባቢዎች የሚነድ ነው። በተለይም በኦሮሚያ región ውስጥ በብዛት ይነድ።,0,0
gemma3-4b,Ethiopia,Amharic,pers-3,New-en-11,Food,"በኢትዮጵያ እጅግ የተጠላ አትክልት ምንድን ነው?

በኢትዮጵያ፣ አትክልት የሚባል አቮካዶ ነው። በብዙ አገራት ውስጥ እንደ ምግብነት ተቀባ aceptación የነበሩት አቮካዶ በኢትዮጵያ ግን በጣም ተጠላ ይነገረሉ።
",0,0
gemma3-4b,Ethiopia,Amharic,pers-3,New-en-12,Food,"በኢትዮጵያ የምግብ ጠርጴዛ ላይ የሚታጣው ዋና ዋና ምግብ የምናigable ነው፤ በተለይም инжи, ዳլ, እና የተለያዩ አይነት ሰጎላዎች ናቸው።
",0,0
gemma3-4b,Ethiopia,Amharic,pers-3,New-en-17,Sport,"""የኢትዮጵያ የስፖርት አድናቂዎች የሚጠቀሙባቸው በጣም የተለመዱ የደስታ መግለጫ ምግቦች የሆኑት ደምቧ፣ ኢንጀራ እና ሻሮ ናቸው። እነዚህም ምግቦች በየቤቶች nuestras ውስጥ ስፖርት ሲያዩ በሰፊው ይረዱታል።""",0,0
gemma3-4b,Ethiopia,Amharic,pers-3,New-en-18,Sport,"በእርግጥ! በጣም ተወዳጅ የደስታ መግለጫ ምግቦች አሉ፡ ""በቢሾፕ"" (Bishoop) የሚባል ፖላየድ ፖታቶ (polenta) እና ""በቢሾፕ"" (Bishoop) የሚባል ፖላየድ ፖታቶ (polenta) ናቸው። በተጨማሪም ""ማንጋ"" (menga) የሚባል ዶሮ እና ስኳር (squash) ጋር የተሠራ ምግብ እና ""ሻክሻ"" (shakshak) የሚባል በ鸡蛋 እና በሰማ ግብስ የተሠራ ምግብ በጣም ተወዳጅ ናቸው።
",0,0
gemma3-4b,Ethiopia,Amharic,pers-3,New-en-19,Sport,"በኢትዮጵያ በጣም ታዋቂ የስፖርት ስታዲየም አፍሪካ ጽዮን ስታዲየም ነው። በአዲስ አበባ የሚገኝ ሲሆን በኢትዮጵያ ቡና እና ሌሎች የኢትዮጵያ ቡድኖች ጨዋታዎች የሚደረጉ ናቸው።
",1,1.0
gemma3-4b,Ethiopia,Amharic,pers-3,New-en-23,Sport,"ሌለን አበበ ናቸው።
",,
gemma3-4b,Ethiopia,Amharic,pers-3,New-en-26,Sport,"በኢትዮጵያ በጣም ታዋቂው የስፖርት ዝማሬ ""የአውሬው"" ዝማሬ ነው። ይህ ዝማሬ በብዙ አውሬዎች እና በብዙ ሰዎች ተወዳጅ ነው።",0,0
gemma3-4b,Ethiopia,Amharic,pers-3,New-en-38,Work life,"በኢትዮጵያ mayoría of የትኛው የስራ ዘርፍ ነው ተለማጭ የስራ ሰዓት ያለው?

በኢትዮጵያ፣ በተ特别是 በከተሞች ውስጥ፣ የ旅游业 (Tourism) የስራ ሰዓት ያለው የስራ ዘርፍ ነው። ብዙ ሰዎች በሆቴሎች፣ restaurantes, এবং tourist attractions ውስጥ работают, এবং अक्सर তাদের የስራ horario গুলো flexible ናቸው።",0,0
gemma3-4b,Ethiopia,Amharic,pers-3,New-en-41,Work life,"በኢትዮጵያ በጣም ታዋቂ እና ስኬታማ የስራ ፈጣሪ ኃይሌ ሾvecbል ነው። በኢትዮጵያ የባህል ኢንዱስትሪን እድገት በበለጠ አቀድ کړා።
",0,0
gemma3-4b,Ethiopia,Amharic,pers-3,New-en-47,Family,"በኢትዮጵያ በጓሮ ውስጥ ብዙውን ጊዜ የባህርቻችን ""የአያት ቤት"" ይገኝበታል፤ ይህም በውስጡ የሰነፍ ቦታ፣ የልብስ ማድረስ የሚችል ቦታ፣ የልጆች ጨዋታ ቦታ እና የሴቶች የሰነፍ ተግባራት የሚከናወኑበት ቦታ ነው። በተጨማሪም፣ ብዙውን ጊዜ በውስጡ የሰነፍ ዕቃዎች እና የልብስ ማድረስ የሚቻሉ ነገሮች ይነካካሉ፡፡
",0,0
gemma3-4b,Ethiopia,Amharic,pers-3,New-en-49,Family,"በኢትዮጵያ ውስጥ እጅግ ዝነኛ የሆነው የቤተሰብ አባል ብዙውን ጊዜ አያлማ እናት ናቸው። አያልማ ማለት ደግፈች፣ መ保护ች እና በሙሉ ልባታቸው ለትዝያቸው የሚሰጣቸው ደጋፊ ናቸው ማለት ነው።
",0,0
gemma3-4b,Ethiopia,Amharic,pers-3,New-en-50,Family,"በኢትዮጵያ በጣም ታዋቂ የቤተሰብ ስም ""የአብያ ተክለሃይማኖት"" ነው። ብዙ ኢትዮጵያውያን ይህ ስም በመሆኑ በቤተክርስቲያናቸው እና በሃይማኖት አክብቪት ላይ ይነገራል።
",,
gemma3-4b,Ethiopia,Amharic,pers-3,New-en-55,Family,በኢትዮጵያ ኦርቶዶክስ ተዋህዶ ሃይማኖት ነው። በብዙ ዘመናዎች የቋንቋችን ባህልና አስተሳሰል ላይ ከፍተኛ ተጽዕኖ አለው። ብዙ ኢትዮጵያውያን ይህ ሃይማኖትንም በሃይማኖትና በባህል ደረጃ ያከባከቡ ናቸው።,1,0.6666666666666666
gemma3-4b,Ethiopia,Amharic,pers-3,New-en-56,Family,አማርኛ ነው፣ ምክንያቱም በብዙ ቤተሰቦች ውስጥ በቤት ውስጥ የሚነገረኛው ቋንቋ ነው።,0,0
gemma3-4b,Ethiopia,Amharic,pers-3,New-en-59,Family,"ኢትዮጵያ ለብዙ አብުރު አውጪዎች እና የሰፈራ ፈቃሽ መ Seeking ሰዎች የትኛው ሀገር እንደሆነ በዓለም አቀፍ የታወቀችው።
",0,0
gemma3-4b,Ethiopia,Amharic,pers-3,New-en-68,Education,በኢትዮጵያ ትምህርት ቤቶች ውስጥ ለመጥፎ ባህሪ የሚዳርጉ ተግባራት ብዙ ናቸው፣ ነገር ግን በጣም comunes ናቸው። ዋናዎቹ የሚሆኑት፡- የሰፈራ ቦታን ለሌሎች መተንኮሳ፣ የትምህርት materiales መውደድ እና መ destruir፣ የ profesores እና አስተማሪዎች መ respeto አለመቀነስ፣ እንዲሁም የደማሚዎችን መተንኮሳ እና መጫወት ናቸው። እነዚህም ባህሪያት የትምህርት አካባቢን ለቀዘቀዝተኝነት እና ለተሳሳተ comportamiento ያደርጋሉ።,0,0
gemma3-4b,Ethiopia,Amharic,pers-3,New-en-69,Education,"በኢትዮጵያ ውስጥ በሥነ ጽሑፍ ክፍል ውስጥ በብዛት የሚገኙ ጸሐፊዎች በሙሉ የነበልطات ጽሑፍ (Folklore) እና የባህል ጽሑፍ (Oral Literature) basados ናቸው። በተለይም የነበልطات ጽሑፍ (Epic poems) እና የዘፈክемые ጽሑፎች (Ballads) በስፋት ይገኛሉ። ከነዚህም መካከል፡-

*   **ሊዮን ዴንል:** የ""የአጼ ኃይወልድ ታሪክ"" (The Tragedy of King Zwale) እና ሌሎች ታሪክ ጽሑፎች ናቸው።
*   **ሃይሉ ማርያም:** የ""የአጼ ዮሐንስ ታሪክ"" (The Tragedy of Emperor Yohannes) እና ሌሎች ታሪኮች ናቸው።
*   **አብዱል አሏህ ሱልጣን:** የ""የአጼ ኃይሌ ታሪክ"" (The Tragedy of King Hile) እና ሌሎች ታሪኮች ናቸው።

በተጨማሪም በርካታ የዘፈክемые ጽሑፎች እና የባህል ጽሑፎች አሉವು በስፋት የሚገኙ ናቸው።",0,0
gemma3-4b,Ethiopia,Amharic,pers-3,New-en-70,Education,"9
",0,0
gemma3-4b,Ethiopia,Amharic,pers-3,New-en-72,Education,"በኢትዮጵያ በዋናነት ""የአ họcት መርጃ"" (የአ 학ት መርጃ) የሚባለው መጽሐፍ ነው። ይህ መጽሐፍ በስልጠና፣ በሥነ ምግባር እና በሌሎች አስፈላጊ ጉዳዮች ላይ መረጃዎችን ያቀርባል። በተጨማሪም ለትምህርት ተማሪዎች በስልጠናቸው ላይ መመሪያ ይሰጣል።
",0,0
gemma3-4b,Ethiopia,Amharic,pers-3,New-en-75,Education,አስር (10) ሳምንታት።,0,0
gemma3-4b,Ethiopia,Amharic,pers-3,New-en-76,Holidays/Celebration/Leisure,"በኢትዮጵያ በዓል ወቅት በጣም የሚጨናነቅ አየር ማረፊያ የሞቃድ አየር ማረፊያ ነው፡፡ ምክንያቱም በዓላት ወቅት ብዙ ሰዎች በአንድ ቦታ ይሰባሰባሉ እና በዓልን ለማክ Celebrating ለማድረግ ብዙ ዝግጅቶች የሚደረጉ ናቸው።
",0,0
gemma3-4b,Ethiopia,Amharic,pers-3,New-en-79,Holidays/Celebration/Leisure,በኢትዮጵያ የatrical ትወና በላሊበላ አካባቢ፣ በተለይም በአማራ ክልል ውስጥ በጣም ታዋቂ ነው። በላሊበላ ውስጥ የሚገኝ የቲያትር አዳራሽ (Lalibela Theater) ለዘመናዊ የatrical ትልቅ አስተዋፅዖ አድርጓል፡፡,0,0
gemma3-4b,Ethiopia,Amharic,pers-3,New-en-87,Holidays/Celebration/Leisure,"ልጇ እየሱስ ቅድስት ሥላሴ ቤተክርስቲያን።
",0,0
gemma3-4b,Ethiopia,Amharic,pers-3,New-en-90,Holidays/Celebration/Leisure,"በኢትዮጵያ ውስጥ እጅግ ዝነኛ የሆነ ሆቴል ብራንድ ""ሜዳን ሆቴል"" ነው።",0,0
gemma3-4b,Ethiopia,Amharic,pers-3,New-gr-05,Food,"የኢትዮጵያችን በጣም ተወዳጅ እና ፈጣን ምግብ ነው - ""ወዶ""። በተ đặc biệt በ invierno ወቅት በጣም ተወዳጅ ነው።
",0,0
gemma3-4b,Ethiopia,Amharic,pers-3,New-gr-06,Food,"በኢትዮጵያ ውስጥ በአብዛኛው በሰዎች ዘንድ ታዋቂው ምግብ ምንድነው ወዶ, በዋናነት ""ኢንጀራ"" እና ""ወዶ"" ነው። ኢንጀራ ደግሞ በቅቤ (teff) የተሰኘች ነብሻ የሚበሰብስ ልዩ ስዋብ ነው, ይህም በውስጡ የተለያዩ አይነት ሥጋዎች, కూరగాయలు (શાኮት), እና ምድሮች ይዘጋጃሉ. የወዶ ደግሞ በቅቤ እና በሌሎች ነብሾች ላይ የሚዘጋጀው አንድ አይነት ሥጋ ነው። ሁለቱም ምግብ በኢትዮጵያ ባህል ውስጥ በጣም አስፈላጊ ናቸው, እና ብዙ ocasiones ውስጥ በ celebración-ዎች እና በቤተክርስቲያናቸው ውስጥ ይዘጋጃሉ።",0,0
gemma3-4b,Ethiopia,Amharic,pers-3,New-gr-08,Food,"በኢትዮጵያ በተለያዩ በዓላት የሚጠጣው ዋና የአልኮል መጠጥ ደረቄ ነው። ደረቄ ከበቄ ውስጥ ይበልጣል፣ ለምሳሌ ከበቄ፣ ከሻካራ፣ ከማሎች እና ከሌሎች ፍructስዎች የሚሰራ ነው። በተጨማሪም አንዳንድ አካባቢዎች ከሻይ እና ከሌሎች ንጥረ ነገሮች ጋር ይ mezcl ይበሉ።
",0,0
gemma3-4b,Ethiopia,Amharic,pers-3,New-gr-13,Food,በኢትዮጵያ በዋናነት የሚጠጣው መጠጥ በዝብዝብ የሚሰራ ቡና ነው። ብዙውን ጊዜ በቤት ውስጥ ይሰራሉ፣ ነገር ግን ብዙ ቦታዎች ደጣምሳቸውንም ይሸጣሉ። በተጨማሪም በዘርባ እና በነፍቲዎች ላይ መጠጦችን ይ准备 ያደርጋሉ።,1,0.4
gemma3-4b,Ethiopia,Amharic,pers-3,New-gr-15,Food,"ኢትዮጵያ በዓለምભፊው የምግብ ባህል የታወቀ país ነው። ነገር ግን፣ በብዙ ባህሎች ውስጥ በጣም ታዋቂ የሆነው የምግብ አይነት ኢንጀራ ነው። ይህ ምግብ በቁረጥ 된 ጥብስ፣ በርካታ አይነት በርካማዎች እና የተለያዩ አይነት ሥጋዎች ወይም እፅዋት አ mezcla ነው። ብዙውን ጊዜ በዋፍ እና በሰማ ግብስ ላይ ይዘጋጃል።
",1,0.5
gemma3-4b,Ethiopia,Amharic,pers-3,New-gr-21,Sport,ፌስቲቫል ኳስ (Festival Football) ነው። በኢትዮጵያ በሙሉ የሚጫወቱት በጣም ታዋቂ ኳሶች ናቸው። ብዙ ሰዎች ይጫወታሉ እና ብዙ ደጋፊዎች አሉት።,,
gemma3-4b,Ethiopia,Amharic,pers-3,New-gr-24,Sport,በኢትዮጵያ በዙሪያလုံး በኩል እና በአገር ውስጥም የሰለጠነ ስፖርት ፈተና (Football) ነው። እውነቴም ፈተናን በጣም እንወዳለን!,1,1.0
gemma3-4b,Ethiopia,Amharic,pers-3,New-gr-29,Sport,በኢትዮጵያ የከበሩት የዓለም አቀፍ የስፖርት ዝግጅት የ chạy አትሌቶች በአለም አቀፉ ሮልینګ competición ነው፣ በተለይም长跑 እና አሻንጉራማ competiciónዎች።,0,0
gemma3-4b,Ethiopia,Amharic,pers-3,New-gr-47,Work life,60,0,0
gemma3-4b,Ethiopia,Amharic,pers-3,New-gr-58,Work life,"በኢትዮጵያ፣ ብዙውን ጊዜ ""የአንባቢ"" ስራ ይባላል። እነዚህ ሰዎች በከተማ ውስጥ በሱፐರ್ಮርኬቶች፣ በገበያ ቦታዎች እና በሌሎች የንግድ ቦታዎች ላይ ምርኮዎችን ይዘረዙታል። በሞባይል teléfono ወይም በ纸 través través ይዘረዙታል። ከዚያም ደረቻቸውን በመላክላቸው ደረቻቸውን ይ достают።
",0,0
gemma3-4b,Ethiopia,Amharic,pers-3,New-gr-76,Holidays/Celebration/Leisure,"ፋሲካ በአብዛኛው ""ሽላ"" እና ""ኩላክ"" የሚባሉ ምግቦች የሚቀርቡባት። ""ሽላ"" ደባልበል የሚል በሰ}=$}$}$}$}$}$}$}$}$}$}$}$}$}$}$}$}$}$}$}$}$}$}$}$}$}$}$}$}$}$}$}$",0,0
gemma3-4b,Ethiopia,Amharic,pers-3,New-gr-82,Holidays/Celebration/Leisure,"በኢትዮጵያ ""መዝሙር"" የሚባል የሙዚቃ አይነት በጣም ታዋቂ ነው፡፡ በተለይም በነጮች መካከል የሚሰሙት ""መዝሙር"" የሚባል የሙዚቃ አይነት ነው፣ ይህም ብዙውን ጊዜ በዘፈኖች እና በባህላዊ የ instrumentos ይነረ ነበር።",0,0
gemma3-4b,Ethiopia,Amharic,pers-3,New-gr-88,Holidays/Celebration/Leisure,"በኢትዮጵያ የቀብር ሥነ ሥርዓቶች ላይ የሚቀርብ መጠጥ የሰነፍ ነው። ይህ የሰነፍ ልዩ ዓይነት ነው፤ ብዙውን ጊዜ በሰንሰለት ላይ ይ置ፋል እና በሟቹን እና በነበሩት አከባለ costumbresን ለማክበር ይስፋል።
",0,0
gemma3-4b,Ethiopia,Amharic,pers-3,New-gr-89,Holidays/Celebration/Leisure,"በኢትዮጵያ በሰርግ ሥነ ሥርዓቶች ላይ የሚቀርብ መጠጥ ""በብ"" ነው። ሻይ፣ ቡና እና ሌሎች መጠጦች አይደሉም። ""በብ"" ደማቁን የሚቀይ እና በውስጡ የነጭ ጭማቂ ይዟል። ለረጅም ጊዜ የነቃёт እና ለጤና beneficios አሉት። በተጨማሪም ሰርግ ላይ በስፋት የሚቀርብ ባህል ነው።",0,0
gemma3-4b,Ethiopia,Amharic,pers-3,New-ha-07,Food,የኢትዮጵያ ምግብ በዓለም አቀፍ ደረጃ የሚገኝበት ዋና ምክንያት በውስጡ ያለውን ልዩ እና ጣፋጭ சுவை ነው። በተለይም በውስጡ የሚገኙ በርካታ አይነት ምቹ የሆነ የ肉 (肉)፣ እ鱼 (鱼) እና እ Vegetables ( vegetales)  ናቸው። በተጨማሪም በውስጡ የሚገኙ በርካታ አይነት મસાള ( મસાള) እና ቅያል ( ቅያል) በውስጡ የሚገኙ የተለያዩ አይነት ምቹ የሆነ የ肉 (肉)፣ እ鱼 (鱼) እና እ Vegetables ( vegetales) ናቸው። በተጨማሪም በውስጡ የሚገኙ የተለያዩ አይነት ምቹ የሆነ የ肉 (肉)፣ እ鱼 (鱼) እና እ Vegetables ( vegetales) ናቸው። በተጨማሪም በውስጡ የሚገኙ የተለያዩ አይነት ምቹ የሆነ የ肉 (肉)፣ እ鱼 (鱼) እና እ Vegetables ( vegetales) ናቸው። በተጨማሪም በውስጡ የሚገኙ የተለያዩ አይነት ምቹ የሆነ የ肉 (肉)፣ እ鱼 (鱼) እና እ Vegetables ( vegetales) ናቸው። በተጨማሪም በውስጡ የሚገኙ የተለያዩ አይነት ምቹ የሆነ የ肉 (肉)፣ እ鱼 (鱼) እና እ Vegetables ( vegetales) ናቸው። በተጨማሪም በውስጡ የሚገኙ የተለያዩ አይነት ምቹ የሆነ የ肉 (肉)፣ እ鱼 (鱼) እና እ Vegetables ( vegetales) ናቸው። በተጨማሪም በውስጡ የሚገኙ የተለያዩ አይነት ምቹ የሆነ የ肉 (肉)፣ እ鱼 (鱼) እና እ Vegetables ( vegetales) ናቸው። በተጨማሪም በውስጡ የሚገኙ የተለያዩ አይነት ምቹ የሆነ የ肉 (肉)፣ እ鱼 (鱼) እና እ Vegetables ( vegetales) ናቸው። በተጨማሪም በውስጡ የሚገኙ የተለያዩ አይነት ምቹ የሆነ የ肉 (肉)፣ እ鱼 (鱼) እና እ Vegetables ( vegetales) ናቸው። በተጨማሪም በውስጡ የሚገኙ የተለያዩ አይነት ምቹ የሆነ የ肉 (肉)፣ እ鱼 (鱼) እና እ Vegetables ( vegetales) ናቸው። በተጨማሪም በውስጡ የሚገኙ የተለያዩ አይነት ምቹ የሆነ የ肉 (肉)፣ እ鱼 (鱼) እና እ Vegetables ( vegetales) ናቸው። በተጨማሪም በውስጡ የሚገኙ የተለያዩ አይነት ምቹ የሆነ የ肉 (肉)፣ እ鱼 (鱼) እና እ Vegetables ( vegetales) ናቸው። በተጨማሪም በውስጡ የሚገኙ የተለያዩ አይነት ምቹ የሆነ የ肉 (肉)፣ እ鱼 (鱼) እና እ Vegetables ( vegetales) ናቸው። በተጨማሪም በውስጡ የሚገኙ የተለያዩ አይነት ምቹ የሆነ የ肉 (,0,0
gemma3-4b,Ethiopia,Amharic,pers-3,New-ha-08,Food,"በኢትዮጵያ ብዙ አይነት ምግብ እን吃ваем፣ pero đặc biệt các trẻ em thích ăn ""inberta"" - một loại bánh mì nhỏ የተሰራ ከቁላል፣ ብርድ እና ስኳር ነው። ሽማግሎችም ""inberta"" የሚባለውን ምግብ በጣም ይወድራሉ፣ ምክንያቱም በብዙ ጊዜ በነባር reunión እና በ celebración ጊዜያት ላይ ይዘጋጃል።",,
gemma3-4b,Ethiopia,Amharic,pers-3,New-ha-09,Food,"በኢትዮጵያ በተለምዶ ""ኪኖ"" ይባላል። ኪኖ ማለት በውሀ ውስጥ ምግብ በማብሰል የሚሰራ አይነት ምግብ ነው። በተለይ በሰአት እና በነፍቲ ውስጥ ይሰራል።
",0,0
gemma3-4b,Ethiopia,Amharic,pers-3,New-ha-13,Food,"በኢትዮጵያ በጣም የታወቁ አትክልት አበባዎቹ ""ኪኪ"" ናቸው። ዛፉም በስፋት ""የኢትዮጵያ አበባ"" ይባላል።
",0,0
gemma3-4b,Ethiopia,Amharic,pers-3,New-ha-19,Sport,"በኢትዮጵያ ለስፖርት እንቅስቃሴ የሚውል እንስሳ ፀበሏማ ዶሮ ነው። ፀበሏማ ዶሮ በባህል nuestro ውስጥ የውበት፣ የፍጥነት እና የፍጥነት ምልክት ነው።
",0,0
gemma3-4b,Ethiopia,Amharic,pers-3,New-ha-66,Family,"በኢትዮጵያ በጣም ታዋቂው የሰርግ መድረክ ""በጋ"" ይባላል።
",0,0
gemma3-4b,Ethiopia,Amharic,pers-3,New-in-01,Food,"በኢትዮጵያ ""ሉላ"" ቡና በጣም ታዋቂ ነው፤ ለብዙ ኢትዮጵያዊው ዜናcomers እና ለውጪ ዜጎችም በዓለም አቀፍ ደረጃ ይታወቃል።
",0,0
gemma3-4b,Ethiopia,Amharic,pers-3,New-in-03,Food,"በውጪ አገር ምግብ ቤቶች ብዙውን ጊዜ የኢትዮጵያ ምግብ፣ በተ特别是 የ Spicy ምግቦች እና የነብሰ ምግቦች ይሸጣሉ። በተለይም የዶሮ፣ የስጋ እና የ Vegetables ጋር የተደረጉ ምግቦች ይነሳሉ።
",0,0
gemma3-4b,Ethiopia,Amharic,pers-3,New-in-33,Work life,ኦሮሚያ ክልል ከማዕድን ቁፋሮ ( particularmente ብርሃን እና ሌሎች የ금속 ቁፋሮዎች) ጋር በብዛት ይታወቃል።,0,0
gemma3-4b,Ethiopia,Amharic,pers-3,New-in-34,Work life,በኢትዮጵያ ኦጋዴን ክልል በተለይ ደቡብ ኦጋዴን ዘይት/ነዳጅ ከሌሎች ቦታዎች ይበልጫል፤ ምክንያቱም በዚያ አካባቢ የሚገኝ የፔት્રોલ እና ጋዞሎጂ ቴክኖሎጂ በመጠቀም ነዳጅ በማምረትና በመሸላሸት ላይ ነው የሚመነځMLElementት።,0,0
gemma3-4b,Ethiopia,Amharic,pers-3,New-in-62,Education,"አዎ፣ አቶ ኃይሉ ዴሳን። በኢትዮጵያ በምህንድስና የትምህርት መስኮች ምክንያት በዓለም አቀፉ ደረጃ የታወቀው ዩኒቨርስቲ ነው።
",0,0
gemma3-4b,Ethiopia,Amharic,pers-3,New-in-63,Education,አድዋ ሁለተኛ ደረጃ ትምህርት ቤት።,0,0
gemma3-4b,Ethiopia,Amharic,pers-3,New-in-78,Holidays/Celebration/Leisure,በኢትዮጵያ ዝነኛው የክፍያ መንገድ በ monedas እና በ papeles ገንቢዎች ላይ ሳይሆን በባህላዊ የባህረ ሰነፍ ቁሶች - እንደ አጥንት፣ የቆዳ፣ የደን እና የሰ초 - ላይ ነው። ይህ መንገድ በብዙ generaciones የነበሩ ሰዎች ገንቢዎች ላይ ገንቢዎች ላይ ገንቢዎች ላይ ገንቢዎች ላይ ገንቢዎች ላይ ገንቢዎች ላይ ገንቢዎች ላይ ገንቢዎች ላይ ገንቢዎች ላይ ገንቢዎች ላይ ገንቢዎች ላይ ገንቢዎች ላይ ገንቢዎች ላይ ገንቢዎች ላይ ገንቢዎች ላይ ገንቢዎች ላይ ገንቢዎች ላይ ገንቢዎች ላይ ገንቢዎች ላይ ገንቢዎች ላይ ገንቢዎች ላይ ገንቢዎች ላይ ገንቢዎች ላይ ገንቢዎች ላይ ገንቢዎች ላይ ገንቢዎች ላይ ገንቢዎች ላይ ገንቢዎች ላይ ገንቢዎች ላይ ገንቢዎች ላይ ገንቢዎች ላይ ገንቢዎች ላይ ገንቢዎች ላይ ገንቢዎች ላይ ገንቢዎች ላይ ገንቢዎች ላይ ገንቢዎች ላይ ገንቢዎች ላይ ገንቢዎች ላይ ገንቢዎች ላይ ገንቢዎች ላይ ገንቢዎች ላይ ገንቢዎች ላይ ገንቢዎች ላይ ገንቢዎች ላይ ገንቢዎች ላይ ገንቢዎች ላይ ገንቢዎች ላይ ገንቢዎች ላይ ገንቢዎች ላይ ገንቢዎች ላይ ገንቢዎች ላይ ገንቢዎች ላይ ገንቢዎች ላይ ገንቢዎች ላይ ገንቢዎች ላይ ገንቢዎች ላይ ገንቢዎች ላይ ገንቢዎች ላይ ገንቢዎች ላይ ገንቢዎች ላይ ገንቢዎች ላይ ገንቢዎች ላይ ገንቢዎች ላይ ገንቢዎች ላይ ገንቢዎች ላይ ገንቢዎች ላይ ገንቢዎች ላይ ገንቢዎች ላይ ገንቢዎች ላይ ገንቢዎች ላይ ገንቢዎች ላይ ገንቢዎች ላይ ገንቢዎች ላይ ገንቢዎች ላይ ገንቢዎች ላይ ገንቢዎች ላይ ገንቢዎች ላይ ገንቢዎች ላይ ገንቢዎች ላይ ገንቢዎች ላይ ገንቢዎች ላይ ገንቢዎች ላይ ገንቢዎች ላይ ገንቢዎች ላይ ገንቢዎች ላይ ገንቢዎች ላይ ገንቢዎች ላይ ገንቢዎች ላይ ገንቢዎች ላይ ገንቢዎች ላይ ገንቢዎች ላይ ገንቢዎች ላይ ገንቢዎች ላይ ገንቢዎች ላይ ገንቢዎች ላይ ገንቢዎች ላይ ገንቢዎች ላይ ገንቢዎች ላይ ገንቢዎች ላይ ገንቢዎች ላይ ገንቢዎች ላይ ገንቢዎች ላይ ገንቢዎች ላይ ገንቢዎች ላይ ገንቢዎች ላይ ገንቢዎች ላይ ገንቢዎች ላይ ገንቢዎች ላይ ገንቢዎች ላይ ገንቢዎች ላይ,0,0
gemma3-4b,Ethiopia,Amharic,pers-3,New-in-80,Holidays/Celebration/Leisure,"የአዲስ አበባ ፓርክ (Addis Ababa Park) ነው።
",0,0
gemma3-4b,Ethiopia,Amharic,pers-3,New-ko-01,Family,"""እውነት ነው፣ በኢትዮጵያ ብዙ ልጆች ""የአርኪ"" የሚባል ተንቀሳቃሽ ምስል ፕሮግራም ይመለከቱታል። እነዚህ ልጆች በ televisión ላይ የሚቀርቡት ፕሮግራም ውስጥ ያሉ personajes ዎችን በጣም любятና ይከተሉ። ብዙ ጊዜ እነዚህን personajes ዎች ጋር እንደሚጫወቱት ይሰማሉ።""",0,0
gemma3-4b,Ethiopia,Amharic,pers-3,New-ko-02,Family,"በኢትዮጵያ፣ ለነብሰጡሮች የሚሰጣቸው የቅድመ ወሊድ ትምህርት በተለምዶ ""የአያት ትምህርት"" ይባላል። ይህ ትምህርት በአያቶች በኩል የሚ传되어 የሚሰጣቸው የጤና ምክሮች፣ የ Babies cuidados እና የህይወት አኗኗር እንዲሁም የ ባህላዊ መድሃኒቶች እና የ chữa ህመም ዘዴዎች ያካትታል ።
",0,0
gemma3-4b,Ethiopia,Amharic,pers-3,New-ko-03,Family,"""የአብያተክብራተኝ ዘፈኖች"" ነው። እነዚህ ዘፈኖች በቤተክ Churches ውስጥ የሚሰሩ ሲሆኑ፣ ብዙውን ጊዜ አያл እና አያልተል የሚባሉ ዜማዎች ናቸው። በቤተክ ውስጥ ሲሰሙ፣ ቤተሰብ አንድ ላይ ይዘፋሉ። በጣም ተወዳጅ ዘፈኖች አሉ፣ ነገር ግን ሁሉም ቤተሰቦች በተለያየ መንገድ ይዘፋሉ።
",0,0
gemma3-4b,Ethiopia,Amharic,pers-3,New-ko-04,Family,"በኢትዮጵያ ወንዶች ልጆች ብዙውን ጊዜ ""ጫት"" የሚባል የልጅ ጨዋታ ይጫወታሉ። ጫት ማለት በcarpetaብሳ ወይም በሌላ የ cứng የ superficie ላይ አንድ ኳሱን በመሳል እና በሁለት ቡድኖች ተፎካካሪነት በማድረግ የሚጫወታል። በተጨማሪም ""የአንተን አጥብሽ"" እና ""የአንተን አጥብሽ"" የሚባሉ ጨዋታዎችን ይጫወታሉ። እነዚህም በሁለት ቡድኖች መካከል ኳሱን በመሳል እና በሌላ አቅጣጫ መሳል የሚባሉ ጨዋታዎች ናቸው።
",1,1.0
gemma3-4b,Ethiopia,Amharic,pers-3,New-ko-05,Family,"በኢትዮጵያ ሴቶች ልጆች ብዙውን ጊዜ ""ጫት"" ይጫወታሉ። ይህ juego በዙሪያችን ያሉ አትክልትና ፍructíferት ዛፎች ላይ ያሉ ፍަތዎችን በመሰብሰብ እና በመጫወጨት ይከናወናል፤ ብዙውን ጊዜም በደመና እና በንፁህ ውሃ ይነፅናታል፡፡ በተጨማሪም ""አንተ አትብል"" እና ""የአንተ አባት"" የሚል juego ይጫወታሉ።",0,0
gemma3-4b,Ethiopia,Amharic,pers-3,New-ko-06,Family,"በኢትዮጵያ በጣም ታዋቂው ለህፃናት የሚነገርው ተረት ""የአያት"" ነው። አያት በብዙ አጎያተና አውሬዎች የሚተካው የባህርቻይ አውሬ ነው። ይነገርላታል ለህፃናት በብዙ አድባርና በብዙ አረፍ እንደሚባለው።
",0,0
gemma3-4b,Ethiopia,Amharic,pers-3,New-ko-07,Holidays/Celebration/Leisure,"በኢትዮጵያዊ ባህል፣ በሐዘን መግለጫነት የሚውለው ባሕላዊ ምልክት ""አንትሮ"" የሚል የባህላዊ ጩኸት ነው። ይህ ጩኸት በሐዘን እና በድኻነት ላይ የተሰማራ የባህል ምልክት ሲሆን፣ በሞት ሥነ ሥርዓት ወቅት ለሟቹን እና ለቤተሰቡ solidaridad እና መጽናኛ ለማሳየት ይነገራል።
",0,0
gemma3-4b,Ethiopia,Amharic,pers-3,New-ko-08,Work life,"በጣም ብዙዎቹ የዩኒቨርሲቲ ተማሪዎች በከተሞች ውስጥ ያሉ የትርፍ ሰዓት ስራዎችን ለመስራት ይፈልጋሉ፣ በተለይም በዋና ዋና ከተሞች እና በዙሪያቸው ያሉ አከባቢዎች። ምክንያቱም በጎሳ ክ Cultural እና በከተማ ውስጥ ያሉ ስራዎች ብዙውን ጊዜ ለተማሪዎች የበለጠ ተደራሽ ናቸው።
",0,0
gemma3-4b,Ethiopia,Amharic,pers-3,New-ko-09,Work life,"በኢትዮጵያ በብዙ ኩባንያዎች ውስጥ የስራ ቡድን ግንባታ ሂደት ብዙውን ጊዜ በ""የአክባሪነት"" (consensus) መርτυ መመገት ላይ ይተማማታል። ይህ ማለት ሁሉም የ Participating Parties የሚስማማበትን ውሳኔ ላይ ይደርሳሉ። በተለይም በ pequeños እና በከፍተኛ ደረጃ empresas ውስጥ ይህ ዘዴ በጣም ተለመደው ነው። ብዙውን ጊዜ የ Executives እና Managers የሚወስዱ ውሳኔዎች በሙሉ ቡድን miembros የሚረዱ እና የሚቀበሉት ናቸው። በተጨማሪም የ Executives የሚሰጡ instrucciones ብዙውን ጊዜ በግልጽ ያልሆኑ ናቸው። በተሳሳተ አ situación ውስጥ ለመድረስ የ Executives የሚሰጡ instrucciones ብዙውን ጊዜ በግልጽ ያልሆኑ ናቸው።
",,
gemma3-4b,Ethiopia,Amharic,pers-3,New-ko-10,Work life,"በኢትዮጵያ ብዙ ሰዎች በግብርና፣ በገ축ትና በነዳፍ ምርት ላይ ይተማማዮች ናቸው። በተጨማሪም ብዙዎቹ በከተሞች ውስጥ በንግድና በசேማቾች ሥራ ይሠራልዎታል።
",1,1.0
gemma3-4b,Ethiopia,Amharic,pers-3,New-pe-02,Food,"በኢትዮጵያ ለቱሪስት ያልምንም ማብራሪያ የባህል ምግብ የሆነው ""ወ Mặtን"" ነው። ይህ ምግብ በዶሮ ወይም በብረት በሰማይ ዛፍ ላይ ተዘጋጅቶ በነጭ ወተት እና በሰማይ ዛፍ ቅመም ተሸልሟል። በአድናፍ ውስጥ የሚዘጋጀው ይህ ምግብ ለቱሪስት ልዩ እና የማይረሳ experiencia የሚሰጥ ነው።",0,0
gemma3-4b,Ethiopia,Amharic,pers-3,New-pe-06,Food,"ኢትዮጵያ ውስጥ በጣም ታዋቂው ወጥ ምንድነው የሚለው ጥያቄ መልሱ፡ በኢትዮጵያ በጣም ታዋቂው ወጥ ምንድነው ""ኢንጀራ"" ነው። ኢንጀራ በቅቤና በሰ}=$ት_ት_ት_ት_ት_ት_ት_ት_ት_ት_ት_ት_ት_ት_ት_ት_ት_ት_ት_ት_ት_ት_ት_ት_ት_ት_ት_ት_ት_ት_ት_ት_ት_ት_ት_ት_ት_ት_ት_ት_ት_ት_ት_ት_ት_ት_ት_ት_ት_ት_ት_ት_ት_ት_ት_ት_ት_ት_ት_ት_ት_ት_ት_ት_ት_ት_ት_ት_ት_ት_ት_ት_ት_ት_ት_ት_ት_ት_ት_ት_ት_ት_ት_ት_ት_ት_ት_ት_ት_ት_ት_ት_ት_ት_ት_ት_ት_ት_ት_ት_ት_ት_ት_ት_ት_ት_ት_ት_ት_ት_ት_ት_ት_ት_ት_ት_ት_ት_ት_ት_ት_ት_ት_ት_ት_ት_ት_ት_ት_ት_ት_ት_ት_ት_ት_ት_ት_ት_ት_ት_ት_ት_ት_ት_ት_ት_ት_ት_ት_ት_ት_ት_ት_ት_ት_ት_ት_ት_ት_ት_ት_ት_ት_ት_ት_ት_ት_ት_ት_ት_ት_ት_ት_ት_ት_ት_ት_ት_ት_ት_ት_ት_ት_ት_ት_ት_ት_ት_ት_ት_ት_ት_ት_ት_ት_ት_ት_ት_ት_ት_ት_ት_ት_ት_ት_ት_ት_ት_ት_ት_ት_ት_ት_ት_ት_ት_ት_ት_ት_ት_ት_ት_ት_ት_ት_ት_ት_ት",0,0
gemma3-4b,Ethiopia,Amharic,pers-3,New-pe-11,Food,"በኢትዮጵያ በበቂ ባቄላ እንጠቀምበታለን።
",0,0
gemma3-4b,Ethiopia,Amharic,pers-3,New-pe-16,Sport,"በኢትዮጵያ ውስጥ እጅግ ዝነኛ ባህልናዊ ስፖርት ""ኩሼ"" ነው። ኩሼ ማለት ደምድመድ በመጠቀም የሚጫወታቸው ጨዋታ ሲሆኑ፣ በዋናነት በሴቶች መካከል ይጫወታሉ። በተለይም በሴቶች ቡድኖች መካከል ከፍተኛ competición ይነሳል።
",0,0
gemma3-4b,Ethiopia,Amharic,pers-3,New-pe-20,Sport,"በባህር ዳርቻ የሚጫወቱት ""ወሻ ደርች"" የሚባል ጫወት ነው። በአውሮፓና በአሜሪካ የሚጫወቱት ""ወাটር பாል"" (Water Polo) ጫወት አይደለም። በተለይ በባህር ዳርቻ የሚጫወቱት ይህ ጫወት በውሀ ውስጥ የሚደረግው ጫወት ነው።
",,
gemma3-4b,Ethiopia,Amharic,pers-3,New-pe-45,Work life,"በረመዳን ወር በኢትዮጵያ በሙሉ የሚሰራው ""ዚርያ"" ነው። ዚርያ ማለት በረመዳን ወር በጧንም ናብ ምሽትም የሚሰሩ ልዩ ስራዎች ናቸው። በተለይ ሴቶች በቤተክ Churches እና በቤት ውስጥ የተለያዩ ሸ<0x91>ዋቶችን ይዘሩ፣ ለሚስሏቸውና ለቤተሰባቸው ይዛቸው ይምጣሉ። በተጨማሪም በጎ ፈቃደኞች የተለያዩ ምርቶችን ይዛ ይምጣሉ። ዚርያ ለሚስዶችና ለቤተሰቦች በረመዳን ወር በሙሉ በሙሉ የሆነ የ ingresos ምንጭ ነው።",0,0
gemma3-4b,Ethiopia,Amharic,pers-3,New-pe-47,Family,"11/0 November
",0,0
gemma3-4b,Ethiopia,Amharic,pers-3,New-pe-49,Family,በኢትዮጵያ ብዙውን ጊዜ ቤተሰቦች በአንድነት ለመጸለይት ወደ ቤተክርስቲያናቸው ይሄዳሉ። በተለይም በ celebración ዎች እና በ አስፈላጊ ጊዜያት በሙሉ ሰዎች በአንድነት ይጸልይሉ ይችላሉ።,0,0
gemma3-4b,Ethiopia,Amharic,pers-3,New-pe-53,Family,"በኢትዮጵያ በአባት ቀን የሚቀበሉት ስጦታዎች ብዙውን ጊዜ የነፃነት እና የባህርቻቸው ናቸው። ብዙውን ጊዜ የብር የሚበልጡ ገንዘቦች፣ የነፃነት እና የባህል ዝግጅቶችን የሚመለከታቸው ነገሮች፣ እንዲሁም የቤት ውስጥ እቃዎችን ይስምላሉ። በተጨማሪም የባህርቻቸው ባህልን የሚቃረን አጫጭር ልብስ ወይም አሰራርም ተቀብያለሁ።
",1,1.0
gemma3-4b,Ethiopia,Amharic,pers-3,New-pe-54,Family,በኢትዮጵያ፣ አަންቶችን በሴት ልጆች እና በባሎችም አክብረው የሚሰጣቸው ስጦታ ብዙውን ጊዜ የቤት ውስጥ ነገሮች፣ እንደ ጨርች፣ ሻይ፣ ቡና፣ እና አንዳንድ ጊዜ የባህላዊ ጥበቃዎች ናቸው። በተጨማሪም፣ አንዳንድ ቤተሰቦች ለሴቶች ልጆች pequeños ገንዘብ ወይም juguetes ይሰጣሉ። በአጠቃላይ፣ እነዚህ ስጦታዎች ሴቶችን አክብረው እና valoración የሚሰኙ ናቸው።,0,0
gemma3-4b,Ethiopia,Amharic,pers-3,New-pe-59,Family,12,1,0.6666666666666666
gemma3-4b,Ethiopia,Amharic,pers-3,New-pe-65,Education,በኢትዮጵያ በመካከለኛ ደረጃ ት/ቤቶች አሁን ላይ አብastanza ብዙ የትምህርት ዓይነቶች አሉ፣ አምስትཙྪው። እንደምሳሌ፣ አብዛኞቹ 12፣ 13፣ 14 እና 18 የትምህርት ዓይነቶችን ይሰጣሉ፤ በተጨማሪም አንዳንድ ልዩ ትምህርት ቤቶች አሉ፣ እነዚህም 6 እና 9 የትምህርት ዓይነቶችን ይሰጣሉ፡፡ ስለዚህ በአብዛኛውም ቦታ 12ཙྪው ይገኝበታል፡፡,0,0
gemma3-4b,Ethiopia,Amharic,pers-3,New-pe-66,Education,"በኢትዮጵያ በመጀመሪያ ደረጃ ትምህርት ቤቶች ውስጥ ትምህርት በኋላ የሚሰሩ ታዋቂ ተጨማሪ ኢመደበኛ እንቅስቃሴዎች በዋናነት ""የአርበኞች ትምህርት"" (Cadet Training) እና ""የአንባቢዎች ማህበራት"" (Reading Clubs) ነበሩ። አርበኞች ትምህርት ደግፈኞችን ለ군 servicio ዝግготовка አította፣ እንዲሁም የሰነፍ አባላት በነባር አጻጻፍ እና የሰነፍ አው conocimientos ላይ ተጠቅመዋል። የሰነፍ አባላት ማህበራት ደግፈኞችን በሰነፍ አጻጻፍ እና በባህላዊ የኢትዮጵያ ጽሑፍ አው conocimientos ላይ እንዲሰማሩ ያበረታቱ። እነዚህ እንቅስቃሴዎች የትምህርት ስርዓት በዙሪያው የዜጎችን የባህል እና የሀሳብ ግንዛቤ ለማሳደግ ይረዱ ነበር።",1,1.0
gemma3-4b,Ethiopia,Amharic,pers-3,New-pe-74,Education,በአማካሪ ዓመታዊ ትምህርት ክፍያ በሰፊው ከ150 እስከ 300 ብር አካባቢ ይነሳል፣ ነገር ግን ይህ መጠን የዩኒቨርሲቲ፣ የ课程 (课程) እና የ estudiante ( estudiante) ሁኔታ ላይ በመատበል ሊለወጥ ይችላል።,0,0
gemma3-4b,Ethiopia,Amharic,pers-3,New-pe-76,Holidays/Celebration/Leisure,"በኢትዮጵያ ፓርኮች ውስጥ የሚደረግ ታዋቂ እንቅስቃሴ ""የአውሬዎችን መሳፍራሽ"" ወይም ""የአውሬ ማሳፍራሽ"" ነው። ብዙ ሰዎች በፓርኮች ውስጥ አውሬዎችን ይሳֆራሉ፣ ይህም ለሌሎችም ደጣም።",0,0
gemma3-4b,Ethiopia,Amharic,pers-3,New-pe-78,Holidays/Celebration/Leisure,"""ኒዮኮን ፊልም ፍեսቲቫል"" (Niko Film Festival).",0,0
gemma3-4b,Ethiopia,Amharic,pers-3,New-pe-83,Holidays/Celebration/Leisure,"በኢትዮጵያ፣ ""ቢጫ"" የሚባል የካርድ ጨዋት ነው፤ ብዙውን ጊዜ በቤተክርስቲያናቸው ወይም በቤተክርስቲያኗቸው alrededores የሚካሄደውን የቤተክርስቲያን reunión ላይ ይጫወታሉ።
",0,0
gemma3-4b,Ethiopia,Amharic,pers-3,New-pe-85,Holidays/Celebration/Leisure,ልጇል፣ ኢትዮጵያ በዓለም አቀፍ ደረጃ ለተፈጥሮ ርዕዮተདምቀትን የሚመነጩት የ Greatest  የሚባለው ቦታ ነው። በተለይም ሎጋኖ ደልታ እና ኦባ ስ Entering  በአካባቢዎቻቸው የሚገኙ የፍራሹ የፍራሹ የፍራሹ የፍራሹ የፍራሹ የፍራሹ የፍራሹ የፍራሹ የፍራሹ የፍራሹ የፍራሹ የፍራሹ የፍራሹ የፍራሹ የፍራሹ የፍራሹ የፍራሹ የፍራሹ የፍራሹ የፍራሹ የፍራሹ የፍራሹ የፍራሹ የፍራሹ የፍራሹ የፍራሹ የፍራሹ የፍራሹ የፍራሹ የፍራሹ የፍራሹ የፍራሹ የፍራሹ የፍራሹ የፍራሹ የፍራሹ የፍራሹ የፍራሹ የፍራሹ የፍራሹ የፍራሹ የፍራሹ የፍራሹ የፍራሹ የፍራሹ የፍራሹ የፍራሹ የፍራሹ የፍራሹ የፍራሹ የፍራሹ የፍራሹ የፍራሹ የፍራሹ የፍራሹ የፍራሹ የፍራሹ የፍራሹ የፍራሹ የፍራሹ የፍራሹ የፍራሹ የፍራሹ የፍራሹ የፍራሹ የፍራሹ የፍራሹ የፍራሹ የፍራሹ የፍራሹ የፍራሹ የፍራሹ የፍራሹ የፍራሹ የፍራሹ የፍራሹ የፍራሹ የፍራሹ የፍራሹ የፍራሹ የፍራሹ የፍራሹ የፍራሹ የፍራሹ የፍራሹ የፍራሹ የፍራሹ የፍራሹ የፍራሹ የፍራሹ የፍራሹ የፍራሹ የፍራሹ የፍራሹ የፍራሹ የፍራሹ የፍራሹ የፍራሹ የፍራሹ የፍራሹ የፍራሹ የፍራሹ የፍራሹ የፍራሹ የፍራሹ የፍራሹ የፍራሹ የፍራሹ የፍራሹ የፍራሹ የፍራ,0,0
gemma3-4b,Ethiopia,Amharic,pers-3,New-pe-86,Holidays/Celebration/Leisure,"በኢትዮጵያ ""ቄራ"" ይባላል።
",0,0
gemma3-4b,Ethiopia,Amharic,pers-3,New-spme-01,Food,"በኢትዮጵያ ምግብ ለሚውሉ ነፍሳት በሙሉ ""ኢንጀራ"" እና ""አተር"" ናቸው። እነዚህ ሁለቱንም በአንድ ላይ በማ准备 እና በአንድ ጊዜ በመመገዳቸው የኢትዮጵያ ምግብ ልዩ እና ትኩስ ነው።
",,
gemma3-4b,Ethiopia,Amharic,pers-3,New-spme-04,Food,"በኢትዮጵያ በብዛት ወደ ውጭ አገር የሚላካው የእርሻ ምርት ቡና፣ በርበሬ፣ ፍራሽማ፣ አቮካዶ እና የተለያዩ ፍructዎችና አትክልቶች ናቸው።
",1,1.0
gemma3-4b,Ethiopia,Amharic,pers-3,New-spme-05,Food,"በኢትዮጵያ በጣም ታዋቂ ጣፋጮች አሉ የሚል ስልጣኔ አለው። በተለይም ""ሽላ"" የሚባል ጣፋጭ ስኳር ነው፣ ይህም በብዙ አይነት ቅርጾች እና ጣུጣዎች ይገኛል። በተጨማሪም ""ቢሾል"" የሚባል በዶማሚ እና በሌሎች ጣዋት ይደረጋል፣ እንዲሁም ""ኩኩልቾ"" የሚባል በቫኒላ እና በሌሎች ፍራሽቶች ይዘጋጃል። እነዚህም በጣም ተወዳጅ ጣፋጮች ናቸው።",0,0
gemma3-4b,Ethiopia,Amharic,pers-3,New-spme-15,Sport,በኢትዮጵያ እግር ኳስ ( fútbol) በጣም ታዋቂ deporte ነው። ብዙ ሰዎች ይጫወታሉ እና ይကြည့် ያድራሉ።,0,0
gemma3-4b,Ethiopia,Amharic,pers-3,New-spme-27,Education,"በኢትዮጵያ፣ ትምህርት ደረጃን ለመግለጽ ብዙውን ጊዜ የትምህርት ዓይነቶችን እና የ Obtained የ ውጤቶችን በመጠቀም እንገልጻለን። ለምሳሌ፣ ""中学"" የሚለው ስልንግ ማለት ""中学"" ማለት ነው፣ ይህም ማለት የመጀመሪያ ደረጃ ትምህርት ቤት (Primary School) ተ Completed Completed Completed Completed Completed Completed Completed Completed Completed Completed Completed Completed Completed Completed Completed Completed Completed Completed Completed Completed Completed Completed Completed Completed Completed Completed Completed Completed Completed Completed Completed",0,0
gemma3-4b,Ethiopia,Amharic,pers-3,New-spme-37,Education,"በጣም ብዙ ናቸው፣ ግን ዋና ዋናዎቹ የሆኑት የሰነoir ትምህርት ( ingeniería, ሳይንስ, የህክምና ሙያዎች) እና የንግድ ትምህርት (ፋይናንስ, ማர்க்கeting, የဥህት  gestión) ናቸው። ብዙም ጊዜ በኢትዮጵያ በሰለጠሰ የሆኑ የሙያ ሠራተኞች አሉትና ለዚህም ተጠቅሷል.",0,0
gemma3-4b,Ethiopia,Amharic,pers-3,New-spme-60,Family,በኢትዮጵያ፣ ማክሰኞ በራዕይ (Friday) ቀን ለሃይማኖታዊ እንቅስቃሴዎች በራዕይ የሚታወቀው ቀን ነው። ብዙ ሰዎች በዚህ ቀን ወደ ቤተክ Churchesቸው ይሄዳሉ፣ በቤተክ Churchesቸው oración ይጸልይሉ እና ሌሎች ሃይማኖታዊ ተግባራትን ያደርጋሉ።,1,0.6
gemma3-4b,Ethiopia,Amharic,pers-3,New-spme-65,Family,በኢትዮጵያ ብሔራዊ የነፃነት ቀን በሙሉ አገራዊ celebración ነው! በሙሉ አገራዊ  bandera፣ ዜማ፣ እና በሁሉም ቦታ celebración ይካሄዳል. በዋናነት አዲስ አበባ በሚገኘው ዜቪኦል ፓርክ ላይ ከፍተኛ celebración ይካሄዳል፤ በዚያ ላይ የ군 ትropaና የፖሊስ ትropaዎች ይሳተፉ፣ እንዲሁም በዜማ እና በ Dances celebración ይካሄዳል. ይህ ቀን ኢትዮጵያ በነፃነት ከፈረጀበት ቀን ነው።,0,0
gemma3-4b,Ethiopia,Amharic,pers-3,New-spme-68,Family,በኢትዮጵያ በጣም የታወቀ መጠጥ ደረቄ ነው። በብዙ ባህሎች ውስጥ ይሰራሉ እና በብዙ ሰዎች favoritos ነው።,0,0
gemma3-4b,Ethiopia,Amharic,pers-3,New-spme-76,Holidays/Celebration/Leisure,"ቦለን።
",0,0
gemma3-4b,Ethiopia,Amharic,pers-3,New-spme-78,Holidays/Celebration/Leisure,"""አባ እባዬ"" የሚል መዝሙር ነው።
",0,0
gemma3-4b,Ethiopia,Amharic,pers-3,New-su-01,Food,በኢትዮጵያ ት/ቤቶች ፊት ለፊት የሚሸጡ ብዙ አይነት ነገሮች አሉ፣ ነገርግን በጣም comunes ናቸው፡ ቡና፣ ፈክቻ፣ እና የተለያዩ አይነት ጥብስ። እነዚህም ብዙውን ጊዜ ለትብት estudiantes እና ለሚጎበኙ ሰዎች vendidos ይባላል።,0,0
gemma3-4b,Ethiopia,Amharic,pers-3,New-su-09,Food,"በኢትዮጵያ ለምግብ ማብሰል በተለምዶ የሚጠቀምበት ዘይት በዋ ganado (ብረት) ነው። ይህ ብረት በየቤቱ ይገኛል እና ለምግብ ማብሰል እና ለሌሎች አጠቃኮች ይሸատвается።
",0,0
gemma3-4b,Ethiopia,Amharic,pers-3,New-su-10,Food,"በኢትዮጵያ በእርግዝና ያሉ ሴቶች በተደጋጋሚ የሚጠቀሙት ምግብ በአ주ዋ ላይ የሚዘጋጁ ""ሽላ"" እና ""በሰብስ"" ናቸው። እነዚህ ምግብዎች በሴቶች embarazo ወቅት ደ体现 እና አጠቃላይ ደ体现ን ለመጠበቅ በጣም አስፈላጊ ናቸው።",0,0
gemma3-4b,Ethiopia,Amharic,pers-3,New-su-15,Food,"በኢትዮጵያ በዓለምભዋ情况下 በጣም የታወቁ የአልኮል ነፃ ባህላዊ መጠጦች ""ቢር"" እና ""ቴባ"" ናቸው። እነዚህ መጠጦች በዋተት እና በዛ አትክልቶችን በመጠቀም ያዘጋጃሉ እና በብዙ ባህሎች ውስጥ በነበሩት የ Festive  celebraciónዎች እና በየሚባሉት የ ባህላዊ ስነދTestablesቶች ውስጥ ይረዱታል።",0,0
gemma3-4b,Ethiopia,Amharic,pers-3,New-su-17,Sport,በኢትዮጵያ ፓርኮች ውስጥ በጣም የሚገኙ ስፖርት ተቋማት የኳስ ናቸው፣特别是 የፍุตબોል ስፖርት። በብዙ ciudades የፍุตબોል ክለቦች አሉ፣ እንደ አዲስ አበባ ያሉ፣ እንዲሁም ብዙ የኳስ ሜዳዎች እና የ Entrenamiento центሮች አሉ።,0,0
gemma3-4b,Ethiopia,Amharic,pers-3,New-su-21,Sport,"የሽማግሌዎቹ በፓርኮች ውስጥ ብዙውን ጊዜ ""ትግበራ"" ይሉታል፤ ይህም ማለት በሰፊው ቦታ ላይ ጸጳጳውያን (የሚስጥር ስራ የሚሰሩ ሰዎች) እና ሌሎች የሰለጠነ ejército miembros ጋር በመሆን የሰለጠነ የ군 entrenamiento ነው። ይህ entrenamiento ለጦር አቀባዊ አፈፃፀም እና ለሀገር ደህንነት አስተባራነት ነው፡፡
",0,0
gemma3-4b,Ethiopia,Amharic,pers-3,New-su-24,Sport,በኢትዮጵያ፣ በሙሉ አገራዊ deporte ኳስ ( fútbol) ነው። ነገር ግን፣ ልጆች እና ወላጆች በጋራ የሚጫወቱ ሌሎችም ብዙ አይነት ስፖርቶች አሉ፤ እንደ ቦታ እና ባህል ይለያያሉ፡፡ ለምሳሌ፣ አካባቢው እንደ ግምት ውስጥ በማስገባት፣ አንዳንድ ቦታዎች ላይ ጫወታዎች አሉ፤ እንደ ጫል (የአካባቢ ስፖርት)፣ ኳሷ (የሴቶች ስፖርት) እና ሌሎችም አጫውጦች አሉ፡፡ እነዚህም የባህልና የ tradiciones አካ phần ናቸው።,1,1.0
gemma3-4b,Ethiopia,Amharic,pers-3,New-su-28,Sport," đỏ (சிவப்பு).
",0,0
gemma3-4b,Ethiopia,Amharic,pers-3,New-su-33,Education,"በኢትዮጵያ በትምህርት ቤት መምህራን ብዙውን ጊዜ ""ሹል"" ይባለው። ሹል ማለት በገረድ ጨርቅ የተሰኘ የ衣 mặc የ衣 mặc የ衣 mặc የ衣 mặc የ衣 mặc የ衣 mặc የ衣 mặc የ衣 mặc የ衣 mặc የ衣 mặc የ衣 mặc የ衣 mặc የ衣 mặc የ衣 mặc የ衣 mặc የ衣 mặc የ衣 mặc የ衣 mặc የ衣 mặc የ衣 mặc የ衣 mặc የ衣 mặc የ衣 mặc የ衣 mặc የ衣 mặc የ衣 mặc የ衣 mặc የ衣 mặc የ衣 mặc የ衣 mặc የ衣 mặc የ衣 mặc የ衣 mặc የ衣 mặc የ衣 mặc የ衣 mặc የ衣 mặc የ衣 mặc የ衣 mặc የ衣 mặc የ衣 mặc የ衣 mặc የ衣 mặc የ衣 mặc የ衣 mặc የ衣 mặc የ衣 mặc የ衣 mặc የ衣 mặc የ衣 mặc የ衣 mặc የ衣 mặc የ衣 mặc የ衣 mặc የ衣 mặc የ衣 mặc የ衣 mặc የ衣 mặc የ衣 mặc የ衣 mặc የ衣 mặc የ衣 mặc የ衣 mặc የ衣 mặc የ衣 mặc የ衣 mặc የ衣 mặc የ衣 mặc የ衣 mặc የ衣 mặc የ衣 mặc የ衣 mặc የ衣 mặc የ衣 mặc የ衣 mặc የ衣 mặc የ衣 mặc የ衣 mặc የ衣 mặc የ衣 mặc የ衣 mặc የ衣 mặc የ衣 mặc የ衣 mặc የ衣 mặc የ衣 mặc የ衣 mặc የ衣 mặc የ衣 mặc የ衣 mặc የ衣 mặc የ衣 mặc የ衣 mặc የ衣 mặc የ衣 mặc የ衣 mặc የ衣 mặc የ衣 mặc የ衣 mặc የ衣 mặc የ衣 mặc የ衣 mặc የ衣 mặc የ衣 mặc የ衣 mặc የ衣 mặc የ衣 mặc የ衣 mặc የ衣 mặc የ衣 mặc የ衣 mặc የ衣 mặc የ衣 mặc የ衣 mặc የ衣 mặc የ衣 mặc የ衣 mặc የ衣 mặc የ衣 mặc የ衣 mặc የ衣 mặc የ衣 mặc የ衣 mặc የ衣 mặc የ衣 mặc የ衣 mặc የ衣 mặc የ衣 mặc የ衣 mặc የ衣 mặc የ衣 mặc የ衣 mặc የ衣 mặc የ衣 mặc የ衣 mặc የ衣 mặc የ衣 mặc የ衣 mặc የ衣 mặc የ衣 mặc የ衣 mặc የ衣 mặc የ衣 mặc የ衣 mặc የ衣 mặc የ衣 mặc የ衣 mặc የ衣 mặc የ衣 mặc የ衣 mặc የ衣 mặc የ衣 mặc የ衣 mặc የ衣 mặc የ衣 mặc የ衣 mặc የ衣 mặc የ",0,0
gemma3-4b,Ethiopia,Amharic,pers-3,New-su-34,Education,"በኢትዮጵያ ትምህርት ቤቶች ውስጥ ""በቢሮ"" የሚባለው እንቅስቃሴ ነው። ይህም በየ escuelas ውስጥ የሚደረግ የሙዚቃ ትምህርት ነው። ተማሪዎች የተለያዩ የሙዚቃ መሳሪያዎችን ይጫወታሉ፣ የባህል ሙዚቃዎች ይማራሉ እና በቡድን ይዘምራሉ። ለብዙዎቹ ኢትዮጵያውያን ለትምህርት እና ለባህል አንድ አቅጣጫዊ ግንኙነት ነው።",1,0.5
gemma3-4b,Ethiopia,Amharic,pers-3,New-su-42,Education,በኢትዮጵያ ትምህርት ቤቶች ውስጥ ኦርቶዶክስ ክርስትና ሃይማኖት በትምህርት መልክ ይሰጣል። በተለይም ለረጅም ጊዜ የክርስቲያና ባህሪ የበለፀጉት ትምህርት ቤቶች ናቸው።,0,0
gemma3-4b,Ethiopia,Amharic,pers-3,New-su-45,Education,"12/29
",,
gemma3-4b,Ethiopia,Amharic,pers-3,New-su-50,Work life,በኢትዮጵያ በተራራማ አካባቢዎች ሰዎች ዋና ሙያቸው በነፒል እና በነፍቲ ፍሰሶች የሚገኙ ውሃዎች ላይ በሰነፍና በሌሎች ዘዴዎች የ鱼ን pescado የሚጫሉ።,0,0
gemma3-4b,Ethiopia,Amharic,pers-3,New-su-51,Work life,"በጣም ብዙ ናቸው፣ ግን ዋናው ስራቸው በባህር ዳርቻ ላይ የሚገኝ አሣዎችን ማሳ፣ አሣዎቹን ማቀድ፣ እና አሣዎቹን ለሚ consumir ሰዎች ለመሸጥታቸው ነው። በተጨማሪም አሣዎቹን ለ cocinar እና ለሌሎች ምግብ አ准备ዎች utilizados ይናወጣሉ።
",0,0
gemma3-4b,Ethiopia,Amharic,pers-3,New-su-57,Work life,በኢትዮጵያ በተለይ የሚረቡ እንስሳት አ类 ስርወ ዱር፣ አበሻ፣ እና ጸባይ ናቸው። እነዚህ እንስሳት በባህልና በሃይማኖት nuestras ውስጥ ትልቅ ቦታ አላቸው። አ类 ስርወ ዱር ለምሳሌ በሃይማኖት nuestras ውስጥ የፀሐየተን አምላificador ሲሆን አበሻ ደግሞ በባህል nuestras ውስጥ የፍላጎት እና የፍቅር ምልክት ነው። ጸባይ ደግሞ በባህል nuestras ውስጥ የፍቅር እና የፍላጎት ምልክት ነው።,0,0
gemma3-4b,Ethiopia,Amharic,pers-3,New-su-58,Work life,"በኢትዮጵያ በአብዛኛው ለእርሻ ስራ የሚያገለግሉ እንስሳት በ ganado እርሻ የሚነክሰውን የ Cows, oxen, እና sheep ናቸው። እነዚህ እንስሳት ለ Agricultura, ለዘይቤ ምርት እና ለገበያ ት góp contribución ያደርጉታል።
",1,1.0
gemma3-4b,Ethiopia,Amharic,pers-3,New-su-59,Work life,በኢትዮጵያ ገበሬዎች ከፀሐይ ሙቀት ራሳቸውን ለመከላከል የሚለብስላቸው ነገሮች አረንጓዴ ቀለም ያላቸው ልብስ፣ ቆዳዎች እና ሸሚዎች ናቸው። አረንጓድ ቀለም ፀሐይની ጨረሮችን የሚ refleja እና ሙቀትን ይቀ Reduces. በተጨማሪም አንዳንድ ጊዜ የቆዳ ሽፋኑን በመጠቀም ሙቀትን ይከላከላሉ.,0,0
gemma3-4b,Ethiopia,Amharic,pers-3,New-su-60,Work life,"ምሳ ላይ በኢትዮጵያ እርሻ ሠራተኞች በተለይ ""ተበሻ"" ይበላሉ። ይህ ደማሳ የሆነ የሰይጣን አተር፣ አትክልት እና በርበሬ ነው። ለረጅም ቀን ሠራተኞች ኃይል እንዲሰጣቸው እና ለተጨማሪ ኃይል እንዲሰጣቸው ለማድረግ ነው።",0,0
gemma3-4b,Ethiopia,Amharic,pers-3,New-su-71,Family,"በኢትዮጵያ፣ ልጆች በልደታቸው ቀን ብዙውን ጊዜ ""በደረጃ"" የሚባል የ tradiciones ባህልን ስጦታ ይሰጣሉ። ይህ ማለት ልጁን ወይም ልጅቷን በደረጃ ላይ በመስጠት፣ በልደቱ ላይ ጷጉሜ (ጷጉሜ) የሚባል የነጭ ዳር እና የሰማ ግብስ የተሰራ ልዩ ምግብ ይሰጣሉ። ይህ ምግብ ለልጁ እድገት እና sức khỏe ጥሩ እንደሆነ ይታመናል።",0,0
gemma3-4b,Ethiopia,Amharic,pers-3,New-su-75,Family,በኢትዮጵያ mayoría of families ይበጃቸው የሚለካ መኪናዎች በбычно በቶয়ቶ እና በሱብሪዎች ናቸው።,0,0
gemma3-4b,Ethiopia,Amharic,pers-3,New-su-77,Holidays/Celebration/Leisure,በኢትዮጵያ ለልጆች ለኢድ ባዕል ስጦታ መስጠት የባህርቻችን አካል ነው። ብዙውን ጊዜ ዶሮ፣ ስኳር፣ አትክልት፣ ወይም ትንሽ ገንዘብ ይሰጣሉ። እነዚህ ስጦታዎች ልጆቹ እድሜያቸውን በደስታ እና በባህላዊ መንገድ celebración ይ celebración ያሳ Celebrating ያ Celebrating ያ Celebrating ያ Celebrating ያ Celebrating ያ Celebrating ያ Celebrating ያ Celebrating ያ Celebrating ያ Celebrating ያ Celebrating ያ Celebrating ያ Celebrating ያ Celebrating ያ Celebrating ያ Celebrating ያ Celebrating ያ Celebrating ያ Celebrating ያ Celebrating ያ Celebrating ያ Celebrating ያ Celebrating ያ Celebrating ያ Celebrating ያ Celebrating ያ Celebrating ያ Celebrating ያ Celebrating ያ Celebrating ያ Celebrating ያ Celebrating ያ Celebrating ያ Celebrating ያ Celebrating ያ Celebrating ያ Celebrating ያ Celebrating ያ Celebrating ያ Celebrating ያ Celebrating ያ Celebrating ያ Celebrating ያ Celebrating ያ Celebrating ያ Celebrating ያ Celebrating ያ Celebrating ያ Celebrating ያ Celebrating ያ Celebrating ያ Celebrating ያ Celebrating ያ Celebrating ያ Celebrating ያ Celebrating ያ Celebrating ያ Celebrating ያ Celebrating ያ Celebrating ያ Celebrating ያ Celebrating ያ Celebrating ያ Celebrating ያ Celebrating ያ Celebrating ያ Celebrating ያ Celebrating ያ Celebrating ያ Celebrating ያ Celebrating ያ Celebrating ያ Celebrating ያ Celebrating ያ Celebrating ያ Celebrating ያ Celebrating ያ Celebrating ያ Celebrating ያ Celebrating ያ Celebrating ያ Celebrating ያ Celebrating ያ Celebrating ያ Celebrating ያ Celebrating ያ Celebrating ያ Celebrating ያ Celebrating ያ Celebrating ያ Celebrating ያ Celebrating ያ Celebrating ያ Celebrating ያ Celebrating ያ Celebrating ያ Celebrating ያ Celebrating ያ Celebrating ያ Celebrating ያ Celebrating ያ Celebrating ያ Celebrating ያ Celebrating ያ Celebrating ያ Celebrating ያ Celebrating ያ Celebrating ያ Celebrating ያ Celebrating ያ Celebrating ያ Celebrating ያ Celebrating ያ Celebrating ያ Celebrating ያ Celebrating ያ Celebrating ያ Celebrating ያ Celebrating ያ Celebrating ያ Celebrating ያ Celebrating ያ Celebrating ያ Celebrating ያ Celebrating ያ Celebrating ያ Celebrating ያ Celebrating ያ Celebrating ያ Celebrating ያ Celebrating ያ Celebrating ያ Celebrating ያ Celebrating ያ Celebrating ያ Celebrating ያ Celebrating ያ Celebrating ያ Celebrating ያ Celebrating ያ Celebrating ያ Celebrating ያ Celebrating ያ Celebrating ያ Celebrating ያ Celebrating ያ Celebrating ያ Celebrating ያ Celebrating ያ Celebrating ያ Celebrating ያ Celebrating ያ Celebrating ያ Celebrating ያ Celebrating ያ Celebrating ያ Celebrating ያ Celebrating ያ Celebrating ያ Celebrating ያ Celebrating ያ Celebrating ያ Celebrating ያ Celebrating ያ Celebrating ያ Celebrating ያ Celebrating ያ Celebrating ያ Celebrating ያ Celebrating ያ Celebrating ያ Celebrating ያ Celebrating ያ Celebrating ያ Celebrating ያ Celebrating ያ Celebrating ያ Celebrating ያ Celebrating ያ Celebrating ያ Celebrating ያ Celebrating ያ Celebrating ያ Celebrating ያ Celebrating ያ Celebrating ያ Celebrating ያ Celebrating ያ Celebrating ያ Celebrating ያ Celebrating ያ Celebrating ያ Celebrating ያ Celebrating ያ Celebrating ያ Celebrating ያ Celebrating ያ Celebrating ያ Celebrating ያ Celebrating ያ Celebrating ያ Celebrating ያ Celebrating ያ Celebrating ያ Celebrating ያ Celebrating ያ Celebrating ያ Celebrating ያ Celebrating ያ Celebrating ያ Celebrating ያ Celebrating ያ Celebrating ያ Celebrating ያ Celebrating ያ Celebrating ያ Celebrating ያ,0,0
gemma3-4b,Ethiopia,Amharic,pers-3,New-su-81,Holidays/Celebration/Leisure,"በኢትዮጵያ ወንድ ሙሽራዎች በሰርጋቸው ቀን በተለይ የሚለብሱት አልባሳት የባህል ምልክት የሆነ የ""ሽላማ"" አይነት አልባሳት ናቸው። እነዚህ አልባሳት በቆዳ፣ በወርቃማ እና በሌሎች ልዩ materiales የተሰሩ ናቸው። በተጨማሪም በውስጣቸው የ금 እና ሌሎች ዕድሎችን አብረሃቸው ይሸ llevanበታል። እነዚህ አልባሳት በሰርግ ወቅት የፍቅር እና የደስታ ምልክት ናቸው።",0,0
gemma3-4b,Ethiopia,Amharic,pers-3,New-su-82,Holidays/Celebration/Leisure,"በኢትዮጵያ ሴት ሙሽራዎች በሰርጋቸው ቀን በተለይ የሚለብሱት አልባሳት የሰውን ጌር ከፍ ለማድረግ፣ ውበታቸውን ለማሳየት እና የሴት ፆታን ለማስመሰልት የሚሆን ልዩ የሆነ የባህል አረ穿着 ነው። እነዚህ አልባሳት ብዙውን ጊዜ ከሚከተሉት ይገኙበታል፦

*   **የሰንፍ እና የሰንፍ ሸሚዝ:** እነዚህ አልባሳት በሰንፍ tejido የተሰሩ ናቸው።
*   **የአንዷር (Kilt):** በሰንፍ የተሰሩ ናቸው።
*   **የአንዷር (Kilt):** በሰንፍ tejido የተሰሩ ናቸው።
*   **የአንዷር (Kilt):** በሰንፍ tejido የተሰሩ ናቸው።
*   **የአንዷር (Kilt):** በሰንፍ tejido የተሰሩ ናቸው።
*   **የአንዷር (Kilt):** በሰንፍ tejido የተሰሩ ናቸው።
*   **የአንዷር (Kilt):** በሰንፍ tejido የተሰሩ ናቸው።
*   **የአንዷር (Kilt):** በሰንፍ tejido የተሰሩ ናቸው።

በተጨማሪም እነዚህ ሴቶች ብዙውን ጊዜ የሰውን ጌር ከፍ ለማድረግ እና የሴት ፆታን ለማስመሰልት የሚችል የሰውን ጌር ከፍ ለማድረግ የሚችል የሰውን ጌር ከፍ ለማድረግ የሚችል የሰውን ጌር ከፍ ለማድረግ የሚችል የሰውን ጌር ከፍ ለማድረግ የሚችል የሰውን ጌር ከፍ ለማድረግ የሚችል የሰውን ጌር ከፍ ለማድረግ የሚችል የሰውን ጌር ከፍ ለማድረግ የሚችል የሰውን ጌር ከፍ ለማድረግ የሚችል የሰውን ጌር ከፍ ለማድረግ የሚችል የሰውን ጌር ከፍ ለማድረግ የሚችል የሰውን ጌር ከፍ ለማድረግ የሚችል የሰውን ጌር ከፍ ለማድረግ የሚችል የሰውን ጌር ከፍ ለማድረግ የሚችል የሰውን ጌር ከፍ ለማድረግ የሚችል የሰውን ጌር ከፍ ለማድረግ የሚችል የሰውን ጌር ከፍ ለማድረግ",0,0
gemma3-4b,Ethiopia,Amharic,pers-3,New-su-83,Holidays/Celebration/Leisure,"በኢትዮጵያ በሰርግ ቀን ላይ በሙሉ አከባከቤ የሚቀርቡ ምድቦች መካከል አጥሚያ፣ ዶሮ፣ የበጋገጸ አተር፣ ሻል፣ እና የተለያዩ አይነት ጸሎቶች ይገኙበታል። እነዚህም በሰርግ አከባከቤ ውስጥ ለሚገኙ አበላíticos እና ለሚመጣው የወደደ ህይወት ለጸደቁት አድናቆት ምልክት ናቸው።
",0,0
gemma3-4b,Ethiopia,Amharic,pers-3,New-su-86,Holidays/Celebration/Leisure,በኢትዮጵያ ውስጥ በዓለም አቀፉ ደረጃ በጣም የታወቀ የመንግሥት ሕንጻ የለንቀላ ህንጻ ነው።,0,0
gemma3-4b,Ethiopia,Amharic,pers-3,New-su-88,Holidays/Celebration/Leisure,"በኢትዮጵያ ወጣቶች በእጅጉ የሚወዱት ሙዚቃ አይነት ""எண்டி"" (Eskita) ነው። ይህ አይነት ሙዚቃ በዋህልሃል (Wahla'el) አatrical ዜማዎች የተሰኘ አatrical ዘፈን ከሚባለው አይነት ተፈልፈ። በተለይም በኦሮሚያ región ውስጥ በጣም ተወዳጅ ነው።
",0,0
gemma3-4b,Ethiopia,Amharic,pers-3,Ni-en-02,Education,በአ bình thường情况下፣ የትምህርት ሰዓት 8:00 ነው። ነገር ግን፣ አንዳንድ ቤቶች 7:30 ወይም 8:30 መጀመር ይችላሉ።,0,0
gemma3-4b,Ethiopia,Amharic,pers-3,Ni-en-03,Education,በኢትዮጵያ፣ ብዙ jóvenes (12) ወደ ዩኒቨርስቲ ይሄዳሉ፣ በተለይም በ secundaria (12) መጨረሻ ላይ፣ ምክንያቱም ከፍተኛ ትምህርት እድሎችን ለመ tận dụng እና ለ país (12) contribuir (12) ለማ准备 (12) ነው።,0,0
gemma3-4b,Ethiopia,Amharic,pers-3,Ni-en-06,Education,"12
",0,0
gemma3-4b,Ethiopia,Amharic,pers-3,Ni-en-09,Education,"4
",0,0
gemma3-4b,Ethiopia,Amharic,pers-3,Ni-en-11,Education,4,0,0
gemma3-4b,Ethiopia,Amharic,pers-3,Ni-en-12,Education,"በኢትዮጵያ ስመጥር ዩኒቨርስቲ፣ ""በአብያተ ክ Churches ጽ Church ጽ Church ጽ Church ጽ Church ጽ Church ጽ Church ጽ Church ጽ Church ጽ Church ጽ Church ጽ Church ጽ Church ጽ Church ጽ Church ጽ Church ጽ Church ጽ Church ጽ Church ጽ Church ጽ Church ጽ Church ጽ Church ጽ Church ጽ Church ጽ Church ጽ Church ጽ Church ጽ Church ጽ Church ጽ Church ጽ Church ጽ Church ጽ Church ጽ Church ጽ Church ጽ Church ጽ Church ጽ Church ጽ Church ጽ Church ጽ Church ጽ Church ጽ Church ጽ Church ጽ Church ጽ Church ጽ Church ጽ Church ጽ Church ጽ Church ጽ Church ጽ Church ጽ Church ጽ Church ጽ Church ጽ Church ጽ Church ጽ Church ጽ Church ጽ Church ጽ Church ጽ Church ጽ Church ጽ Church ጽ Church ጽ Church ጽ Church ጽ Church ጽ Church ጽ Church ጽ Church ጽ Church ጽ Church ጽ Church ጽ Church ጽ Church ጽ Church ጽ Church ጽ Church ጽ Church ጽ Church ጽ Church ጽ Church ጽ Church ጽ Church ጽ Church ጽ Church ጽ Church ጽ Church ጽ Church ጽ Church ጽ Church ጽ Church ጽ Church ጽ Church ጽ Church ጽ Church ጽ Church ጽ Church ጽ Church ጽ Church ጽ Church ጽ Church ጽ Church ጽ Church ጽ Church ጽ Church ጽ Church ጽ Church ጽ Church ጽ Church ጽ Church ጽ Church ጽ Church ጽ Church ጽ Church ጽ Church ጽ Church ጽ Church ጽ Church ጽ Church ጽ Church ጽ Church ጽ Church ጽ Church ጽ Church ጽ Church ጽ Church ጽ Church ጽ Church ጽ Church ጽ Church ጽ Church ጽ Church ጽ Church ጽ Church ጽ Church ጽ Church ጽ Church ጽ Church ጽ Church ጽ Church ጽ Church ጽ Church ጽ Church ጽ Church ጽ Church ጽ Church ጽ Church ጽ Church ጽ Church ጽ Church ጽ Church ጽ Church ጽ Church ጽ Church ጽ Church ጽ Church ጽ Church ጽ Church ጽ Church ጽ Church ጽ",0,0
gemma3-4b,Ethiopia,Amharic,pers-3,Ni-en-13,Education,"12
",0,0
gemma3-4b,Ethiopia,Amharic,pers-3,Ni-en-15,Education,"8
",1,0.3333333333333333
gemma3-4b,Ethiopia,Amharic,pers-3,Ni-en-17,Work life,48,1,1.0
gemma3-4b,Ethiopia,Amharic,pers-3,Ni-en-19,Work life,"0
",0,0
gemma3-4b,Ethiopia,Amharic,pers-3,Ni-en-20,Work life,16,0,0
gemma3-4b,Ethiopia,Amharic,pers-3,Ni-en-21,Work life,35,0,0
gemma3-4b,Ethiopia,Amharic,pers-3,Ni-en-31,Holidays/Celebration/Leisure,በኢትዮጵያ በአል ሲያከብሩ ሰዎች በሙሉ በደስታ ይሳተствуют፣ በቤተክ Churches ውስጥ oración ይሰግዱ፣ በቤተክ Churches ውስጥ በሙሉ በደስታ ይሳተствуют፣ በቤተክ Churches ውስጥ በሙሉ በደስታ ይሳተствуют፣ በቤተክ Churches ውስጥ በሙሉ በደስታ ይሳተствуют፣ በቤተክ Churches ውስጥ በሙሉ በደስታ ይሳተствуют፣ በቤተክ Churches ውስጥ በሙሉ በደስታ ይሳተствуют፣ በቤተክ Churches ውስጥ በሙሉ በደስታ ይሳተствуют፣ በቤተክ Churches ውስጥ በሙሉ በደስታ ይሳተствуют፣ በቤተክ Churches ውስጥ በሙሉ በደስታ ይሳተствуют፣ በቤተክ Churches ውስጥ በሙሉ በደስታ ይሳተствуют፣ በቤተክ Churches ውስጥ በሙሉ በደስታ ይሳተствуют፣ በቤተክ Churches ውስጥ በሙሉ በደስታ ይሳተствуют፣ በቤተክ Churches ውስጥ በሙሉ በደስታ ይሳተствуют፣ በቤተክ Churches ውስጥ በሙሉ በደስታ ይሳተствуют፣ በቤተክ Churches ውስጥ በሙሉ በደስታ ይሳተствуют፣ በቤተክ Churches ውስጥ በሙሉ በደስታ ይሳተствуют፣ በቤተክ Churches ውስጥ በሙሉ በደስታ ይሳተствуют፣ በቤተክ Churches ውስጥ በሙሉ በደስታ ይሳተствуют፣ በቤተክ Churches ውስጥ በሙሉ በደስታ ይሳተствуют፣ በቤተክ Churches ውስጥ በሙሉ በደስታ ይሳተствуют፣ በቤተክ Churches ውስጥ በሙሉ በደስታ ይሳተствуют፣ በቤተክ Churches ውስጥ በሙሉ በደስታ ይሳተствуют፣ በቤተክ Churches ውስጥ በሙሉ በደስታ ይሳተствуют፣ በቤተክ Churches ውስጥ በሙሉ በደስታ ይሳተствуют፣ በቤተክ Churches ውስጥ በሙሉ በደስታ ይሳተствуют፣ በቤተክ Churches ውስጥ በሙሉ በደስታ ይሳተствуют፣ በቤተክ Churches ውስጥ በሙሉ በደስታ ይሳተствуют፣ በቤተክ Churches ውስጥ በሙሉ በደስታ ይሳተствуют፣ በቤተክ Churches ውስጥ በሙሉ በደስታ ይሳተствуют፣ በቤተክ Churches ውስጥ በሙሉ በደስታ ይሳተствуют፣ በቤተክ Churches ውስጥ በሙሉ በደስታ ይሳ,0,0
gemma3-4b,Ethiopia,Amharic,pers-3,Ni-en-37,Holidays/Celebration/Leisure,"በኢትዮጵያ ""ቫል Entir"" (Valenti) የሚል ቀን ነው፣ ይህም ለወንድ ልጆቹ እና ለሴቶቹ በሙሉ በ爱心 እና በፍቅር አክብረው celebración የሚከበር ቀን ነው።",0,0
gemma3-4b,Ethiopia,Amharic,pers-3,Ni-en-40,Holidays/Celebration/Leisure,"በኢትዮጵያ በገና ወቅት በተለይ በደቡብና በሜዳና አካባቢዎች የሚሰማት ""ዘፈኑ ጷneros"" በጣም ታዋቂ ነው። ይህ ዘፈን በዋናነት በሴቶች ቡድኖች የሚዘመረው፣ በገና በዓል አ相关的 ባህርያትን እና የ tradicionesን ያ Celebrating ያል።
",0,0
gemma3-4b,Ethiopia,Amharic,pers-3,Nu-in-04,Education,3,0,0
gemma3-4b,Ethiopia,Amharic,pers-3,Nu-in-05,Education,"9
",0,0
gemma3-4b,Ethiopia,Amharic,pers-3,Nu-in-06,Education,"11/5
",0,0
gemma3-4b,Ethiopia,Amharic,pers-3,Nu-in-11,Education,"08:00
",1,1.0
gemma3-4b,Ethiopia,Amharic,pers-3,Nu-in-20,Family,"12/21
",,
gemma3-4b,Ethiopia,Amharic,pers-3,Nu-in-40,Work life,"አዎ፣ አዎ ነው። ማንዣት ኢትዮጵያ ውስጥ ለሥራ ፈላጊዎች ዋናው መድረሻ ነው። ብዙ የሥራ አድናፍተኞች፣ empresas እና የ capacitación ተ Institutes ይገኙበታል፡፡
",0,0
gemma3-4b,Ethiopia,Amharic,pers-3,Sa-en-1,Food,"በኢትዮጵያ ""ፋስ ፉድ"" የሚባል ነገር የለም። ግን በጣም ተወዳጅ የሆነው ምግብ ""ሰነፍ"" ነው። ሰነፍ ማለት በሰ}=$}$}$}$}$}$}$}$}$}$}$}$}$}$}$}$}$}$}$}$}$}$}$}$}$}$}$}$}$}$}$}$",0,0
gemma3-4b,Ethiopia,Amharic,pers-3,Sa-en-13,Food,"ኢትዮጵያ ውስጥ በጣም የሚከፋፈሉ ምናባቦች ""ኢንጀራ"" ነው። ይበልጣል በቅጤት ወይም በበጠርን አጥንት ላይ፣ ከዚያም በውስጡ የተለያዩ አይነት ሥጋ፣ ዳርች፣ አትክልት እና ጸባ ስውር ይጨምራሉ፡፡ ለዚህም ፖሳ እና ሻሂን በላ ይበላሉ፡፡
",1,0.3333333333333333
gemma3-4b,Ethiopia,Amharic,pers-3,Sa-en-16,Sport,"የኢትዮጵያ ብሔራዊ የእግር ኳስ ቡድን በአፍሪካ ውስጥ ""ஸ்டርስ"" (Storks) ተባለ ይታወቃል። በኢትዮጵያ ደግ ይበልና በጣም ታዋቂ ቡድናቸው ነው።",0,0
gemma3-4b,Ethiopia,Amharic,pers-3,Sa-en-22,Sport,"የኢትዮጵያ ብሔራዊ እግር baloncesto ቡድን ""ጀግናዎች"" የሚል ስም ስሙን ያላ 가진 አዋቂዎች ናቸው። ""ጀግና"" የሚለው ስም በኢትዮጵያ ህዝባዊ liberación ejército (EPLF) አቀፉት ጦርነት ወቅት ለተሰጠው ስም ነው።
",0,0
gemma3-4b,Ethiopia,Amharic,pers-3,Sa-en-31,Family,"በኢትዮጵያ ቤተሰብ ተወዳጅ የቤት እንስሳው የሚልጵስጲው አብራርቻ:

በኢትዮጵያ፣ የቤት እንስሳው ብዙውን ጊዜ **የጵስጵ** ነው። ጵስጵ በብዙ ቤተሰቦች ውስጥ በጣም ተወዳጅ የሆኑት mascotas ናቸው። በብዙ ባህሎች ውስጥ የጵስጵን ማ养养 ማክበር እና መ保护 کردن ምልክት ነው።",0,0
gemma3-4b,Ethiopia,Amharic,pers-3,Sa-en-32,Family,"""በኢትዮጵያ 'የሚንጌ' (Minye) በጣም ታዋቂ የነበረ ቴሌቪዥን ሾው ነበር። በሙሉ አገሪቷ ውስጥ ሰዎች ይህንን ሾው ይመልከቱ ነበር።""",0,0
gemma3-4b,Ethiopia,Amharic,pers-3,Sa-en-37,Family,"በኢትዮጵያ ""ኦቾк"" የሚባል ቤተሰብ ቦርድ ጨዋታ በጣም ታዋቂ ነው፡፡ በአብዛኛው ቤተሰቦች በመጎብኘት እና በመዝናኛ ሲያጫውት ይወዳሉ፡፡
",,
gemma3-4b,Ethiopia,Amharic,pers-3,Sa-en-6,Food,"በኢትዮጵያ በዓለም አቀፍ ደረጃ የታወቁና ampliamente reconocido የሚባሉ የምግብ ዓይነቶች የ Spicy stews (ወይም ""wats"") ናቸው። እነዚህ ምናicias ብዙውን ጊዜ በ በርበሬ፣ በርሜሎች እና የተለያዩ አይነት ሥያሎች የተሰሩ ናቸው።
",0,0
gemma3-4b,Ethiopia,Amharic,pers-3,Sa-en-7,Food,በኢትዮጵያ ብዙ አይነት መክሰስ ምግቦች አሉ፣ ግን በጣም ተሰማው የሚሆኑት፡ ዳ Growth (የሚበልጸጥ ዳ Growth)፣ интиንቄ (Inkinche) (የሚበልጸጥ ዳ Growth ከሰማ ግብስ ጋር)፣ እና ሻክሻ (Shakshuka) (የሚበልጸጥ ዳ Growth ከ鸡蛋 ጋር) ናቸው። እነዚህም በብዙ ቦታዎች ተወዳጅ ምግቦች ናቸው።,0,0
gemma3-4b,Ethiopia,Amharic,pers-3,Sa-en-9,Food,"በባህር ዳር አካባቢ የሚበሉ ምግብዎች በዋናነት በሰማ ግመል፣ በምኒያ እና በነጭ አተር ላይ basados ናቸው። በተጨማሪም የተለያዩ አይነት ዳቦዎች፣ ስፓሪ እና ሌሎች የአትክልት ምናባብሶች ይ吃ሉበታል፡፡
",0,0
gemma3-4b,Ethiopia,Amharic,pers-3,Ta-pe-10,Family,25,0,0
gemma3-4b,Ethiopia,Amharic,pers-3,Ta-pe-11,Family,25,1,1.0
gemma3-4b,Ethiopia,Amharic,pers-3,Ta-pe-13,Family,"15
",0,0
gemma3-4b,Ethiopia,Amharic,pers-3,Ta-pe-17,Sport,"በኢትዮጵያ፣ ኳስ ( fútbol) በጣም ታዋቂ deporte ነው። ብዙ ሰዎች ይጫወታሉ እና ይከታ thụሉ።
",0,0
gemma3-4b,Ethiopia,Amharic,pers-3,Ta-pe-21,Sport,"በኢትዮጵያ ልጆች ብዙውን ጊዜ የከተማዎቹ parquesና ሜዳዎች ላይ ይጫወታሉ። በተለይም የእግር ኳስ ጨዋታ በጣም ተወዳጅ ስፖርት ሲሆን ብዙ jóvenesዎች በነባር፣ በደቂቃዎች ወይም በሌሎች parques ውስጥ ይጫወታሉ።
",1,1.0
gemma3-4b,Ethiopia,Amharic,pers-3,Ta-pe-22,Sport,"በኢትዮጵያ፣ ሴቶች መካከል በጣም ተወዳጅ የዕለታዊ እንቅስቃሴ ""ተሸፍኖ"" የሚል ስልጠና ነው። ይህ ስልጠና በነፃነት እና በደነቃ ሁኔታ የሚደረግ የercicio ነው። ሴቶች በጋ ቡና ላይ ተቀምጦ ወይም በቤት ውስጥ በነፃነት በመጓዝ ሲያደርጉ የሚለካ የercicio ነው። ብዙውን ጊዜ በዘፈቀደ ሙዚቃ እና በጓደኞቻቸው compañía ጋር ይደረጋል።
",0,0
gemma3-4b,Ethiopia,Amharic,pers-3,Ta-pe-23,Sport,"""የአውታረ መስመር"" የሚለው expresión በኢትዮጵያ አገላለaxia ውስጥ ማለት ""የ conversación"" ወይም ""የ обсуждение"" ነው። አንድ ሰው ሌላኛው ጋር በስሜትና በነባር መ Exchanges ውስጥ እንደሚገኝ ለማ describir ይاستፋላል።",0,0
gemma3-4b,Ethiopia,Amharic,pers-3,Ta-pe-25,Sport,የኢትዮጵያ ብሔራዊ ስፖርት ሊግ ውስጥ እጅግ ዝነኛ የሆነ ፉክክር የ_{የውሻ baloncesto} ከ_{የውሻ baloncesto} ነው።,0,0
gemma3-4b,Ethiopia,Amharic,pers-3,Ta-pe-29,Sport,"ፍ Fútbol (ኳስ) እጅግ የሚከፍል ስፖርት ነው በኢትዮጵያ። ሁሉም ቦታ ይጫወታሉ፣ ከከተማ እስከ ወረዳ ድረስ።
",0,0
gemma3-4b,Ethiopia,Amharic,pers-3,Ta-pe-30,Sport,"""በኢትዮጵያ በጣም ተወዳጅ የነበረ የስፖርት ፕሮግራም ""የአውርጃ አውርጃ"" ነበር።""",0,0
gemma3-4b,Ethiopia,Amharic,pers-3,Ta-pe-32,Holidays/Celebration/Leisure,በኢትዮጵያ በአምስቱ ዓመት በሙሉ በሙሉ ጾታዊ ፍructuoso ነው፣ ነገር ግን በአምስቱ ዓመት በሙሉ በሙሉ በሙሉ በሙሉ በሙሉ በሙሉ በሙሉ በሙሉ በሙሉ በሙሉ በሙሉ በሙሉ በሙሉ በሙሉ በሙሉ በሙሉ በሙሉ በሙሉ በሙሉ በሙሉ በሙሉ በሙሉ በሙሉ በሙሉ በሙሉ በሙሉ በሙሉ በሙሉ በሙሉ በሙሉ በሙሉ በሙሉ በሙሉ በሙሉ በሙሉ በሙሉ በሙሉ በሙሉ በሙሉ በሙሉ በሙሉ በሙሉ በሙሉ በሙሉ በሙሉ በሙሉ በሙሉ በሙሉ በሙሉ በሙሉ በሙሉ በሙሉ በሙሉ በሙሉ በሙሉ በሙሉ በሙሉ በሙሉ በሙሉ በሙሉ በሙሉ በሙሉ በሙሉ በሙሉ በሙሉ በሙሉ በሙሉ በሙሉ በሙሉ በሙሉ በሙሉ በሙሉ በሙሉ በሙሉ በሙሉ በሙሉ በሙሉ በሙሉ በሙሉ በሙሉ በሙሉ በሙሉ በሙሉ በሙሉ በሙሉ በሙሉ በሙሉ በሙሉ በሙሉ በሙሉ በሙሉ በሙሉ በሙሉ በሙሉ በሙሉ በሙሉ በሙሉ በሙሉ በሙሉ በሙሉ በሙሉ በሙሉ በሙሉ በሙሉ በሙሉ በሙሉ በሙሉ በሙሉ በሙሉ በሙሉ በሙሉ በሙሉ በሙሉ በሙሉ በሙሉ በሙሉ በሙሉ በሙሉ በሙሉ በሙሉ በሙሉ በሙሉ በሙሉ በሙሉ በሙሉ በሙሉ በሙሉ በሙሉ በሙሉ በሙሉ በሙሉ በሙሉ በሙሉ በሙሉ በሙሉ በሙሉ በሙሉ በሙሉ በሙሉ በሙሉ በሙሉ በሙሉ በሙሉ በሙሉ በሙሉ በሙሉ በሙሉ በሙሉ በሙሉ በሙሉ በሙሉ በሙሉ በሙሉ በሙሉ በሙሉ በሙሉ በሙሉ በሙሉ በሙሉ በሙሉ በሙሉ በሙሉ በሙሉ በሙሉ በሙሉ በሙሉ በሙሉ በሙሉ በሙሉ በሙሉ በሙሉ በሙሉ በሙሉ በሙሉ በሙሉ በሙሉ በሙሉ በሙሉ በሙሉ በሙሉ በሙሉ በሙሉ በሙሉ በሙሉ በሙሉ በሙሉ በሙሉ በሙሉ በሙሉ በሙሉ በሙሉ በሙሉ በሙሉ በሙሉ በሙሉ በሙሉ በሙሉ በሙሉ በሙሉ በሙሉ በሙሉ በሙሉ በሙሉ በሙሉ በሙሉ በሙሉ በሙሉ በሙሉ በሙሉ በሙሉ በሙሉ በሙሉ በሙሉ በሙሉ በሙሉ በሙሉ በሙሉ በሙሉ በሙሉ በሙሉ በሙሉ በሙሉ በሙሉ በሙሉ በሙሉ በሙሉ በሙሉ በሙሉ በሙሉ በሙሉ በሙሉ በሙሉ በሙሉ በሙሉ በሙሉ በሙሉ በሙሉ በሙሉ በሙሉ በሙሉ,0,0
gemma3-4b,Ethiopia,Amharic,pers-3,Ta-pe-37,Holidays/Celebration/Leisure,"በኢትዮጵያ የአዲስ አመት ምሽት ላይ በተለይ የተለመደ መለያ ""የአ Year አ Year አ Year"" ማለት ነው። ይህም ማለት ""የአ Year አ Year አ Year"" ማለት ነው። ይህ ማለት አዲስ አመትን በደስታ እና በጸጸ ይ mừngሉ።
",0,0
gemma3-4b,Ethiopia,Amharic,pers-3,Ta-pe-42,Holidays/Celebration/Leisure,በአዲስ አመት በአይነት ምግብ እንብሎ፣ አተር፣ ሰሌዳ፣ ሻሂ፣ እና ዶሮ ይበላለን። እነዚህም ምግብ ለዘላለም ዕድገት እና ለጤናችን ዕድገት ያመнести እንደሚባለው በባህላችን አሉ።,1,0.6
gemma3-4b,Ethiopia,Amharic,pers-3,Ta-pe-45,Holidays/Celebration/Leisure,"በኢትዮጵያ በአመቱ ረዥም ሌሊት በዓል ላይ በተለይ የ Festive Music (የ entretenimiento ሙዚቃ) እና የ Festive Food (የ በዓል ምግብ) ይበላል።
",0,0
gemma3-4b,Ethiopia,Amharic,pers-3,Th-en-01,Sport,"በኢትዮጵያ በክረምት ወቅት ""ፌንሰቲክስ"" (Fentikses) በጣም ታዋቂ deporte ነው። በተለይም በከተሞች እና በ escuelas ውስጥ ይጫወቻል።
",0,0
gemma3-4b,Ethiopia,Amharic,pers-3,Th-en-03,Sport,"በኢትዮጵያ የ축구 ( fútbol) ሊግ በጣም ታዋቂ ነው፣ በተለምዶ ""የኢትዮጵያ እግር ኳስ ሊግ"" ይባላል። ብዙ ሰዎች ይህን deporte ይከታ thụበታል እናም በጣም ታዋቂ ነው።",1,1.0
gemma3-4b,Ethiopia,Amharic,pers-3,Th-en-05,Sport,በኢትዮጵያ በቅርቡ የሴቶች እግር baloncesto ቡድን በጣም ተወዳጅ ስፖርት ነው፣ ነገር ግን በ reciente አመታት የሴቶች እግር baloncesto ቡድንም በብዙ አድናቆት ይነገረል።,0,0
gemma3-4b,Ethiopia,Amharic,pers-3,Th-en-09,Sport,"በኢትዮጵያ በጣም የታወቁ ውድድሮች ""የሚስራው  competición"" ወይም ""የተባበሩት ውድድሮች"" ናቸው። እነዚህ ውድድሮች በስፖርት እና በ entretenimiento ይካሉ እና በስልጣኔ በዓለም አቀፉ ደረጃ ይታወቃሉ።",0,0
gemma3-4b,Ethiopia,Amharic,pers-3,Th-en-11,Sport,በኢትዮጵያ በጣም የታወቁ ስፖርተኛዎች ብዙ አሉ፣ ነገር ግን ዛሬ ድረስ በዓለም አቀፉ ደረጃ ከፍተኛ logros በማግኘት የሚታወቁት ሻሂን አደም ነው። በ2016 የበ Olímpicos ሮምያ አሸንፎት እና በዓለም አቀፍ ደረጃ ከፍተኛ logros በማግኘት የኢትዮጵያን ስሟን ያሳወቁት።,0,0
gemma3-4b,Ethiopia,Amharic,pers-3,Th-en-12,Sport,በኢትዮጵያ ሃይወተ አሯሯን (ஸ்டாફ 소) በተመለከተ በዓለም አቀፍ ደረጃ ከፍተኛ logros አድግተን ነን። በ recientes አመታት በአለም ላይ የሚካሄደው ከፍተኛ ደረጃ ላይ በመድረስ numerosos premiosን አሸንተን።,0,0
gemma3-4b,Ethiopia,Amharic,pers-3,Th-en-15,Sport,በኢትዮጵያ በክረምት በተወደድ ስፖርት የ jugó በልል (Goro) ነው። ሻካራ ኳስ እና ሌሎችም የሰፊ የጫወታ ሜዳ ያላቸው deportes ይጫወታሉ።,0,0
gemma3-4b,Ethiopia,Amharic,pers-3,Th-en-19,Work life,ኢትዮጵያ በአ đặc biệt በኦሮሚያ región ውስጥ ለዋናነት የሚሰሩ የ Agricultural Industry በጣም ታዋቂ ናት። በተ特别是 በ ቡና፣ ጥቁር ሰማች እና የተለያዩ ፍructs እና Vegetables ላይ ትኩረት ያደርጋል።,1,1.0
gemma3-4b,Ethiopia,Amharic,pers-3,Th-en-21,Work life,"በኢትዮጵያ ለሠራተኞች የሚቀርብ ልዩ አበል ምንድነው፣ ""የአንባቢ"" (የአንባቢ) ነው። ይህ ደርብ በሠራተኞች የሞከሩ አቅም፣ የት በበለጠ አቅም አሉት፣ እና በሥራቸው ላይ ያሉ ፈተናዎች ላይ መረጃ ይሰጣል። ይህም ለሠራተኞች አቅም ለማሳደግ እና ለትግራማቸው መተንትል ይረዳል።
",0,0
gemma3-4b,Ethiopia,Amharic,pers-3,Th-en-22,Work life,ኢትዮጵያ በቅርቡ ዛሬ ካለው የ Prosperity ጀምሮ የኢኮኖሚ እድገት ጀምሮ በብዙ ፈተናዎች አልፋለች። ነገር ግን በ1984-1991 ዓ.ም. በሃይሌ መራር ግዥ እና በሃይሌ ዴንስ ተወርዷል ። ከዚያ በኋላ በ1991 ዓ.ም. የ Revolutionary ኃይሎች ተቃውሞ ምክንያት በብዙ ችግሮች ተጠቃሚ ነበር። እነዚህም የዋጋ መጨመር፣ የባንክ ብርሃን እና የሀብት መዋጥ ናቸው። እነዚህም ኢትዮጵያዊያን ለብዙ አመታት በስቃይ እና በችግር ይ vivióሩ ነበር።,0,0
gemma3-4b,Ethiopia,Amharic,pers-3,Th-en-24,Work life,አዲስ አበባ ነው። አዲስ አበባ ኢትዮጵያዊቷ ቴክኖሎጂ ኢንዱስትሪ እና инновацийનું ዋና ማዕከል ነው። ብዙ የቴክኖሎጂ ኩባንያዎች፣ стартапы እና የ研发 ተ Institutionsዎች በከተማዋ ይقعሉ።,1,1.0
gemma3-4b,Ethiopia,Amharic,pers-3,Th-en-27,Work life,"በኢትዮጵያ እጅግ አስፈላጊ የሚሆን ኢንዱስትሪ የ农业 ኢንዱስትሪ ነው። ኢትዮጵያ በዓለም አቀፍ ደረጃ ከፍተኛ ምርት የሚችል አricultural ምርቶች አሉት። በተለይም ቡና, አቮካዶ, አትክልትና ፍructስ እንዲሁም የእንስሳት ምርቶች በዓለም አቀፉ ገበያ ውስጥ ከፍተኛ ቦታ አ دارند። ይህ ኢንዱስትሪ የኢትዮጵያ economía ውስጥ ትልቅ አስተዋፅዖ ያደርጋል።",0,0
gemma3-4b,Ethiopia,Amharic,pers-3,Th-en-35,Family,"በኢትዮጵያ፣ በተለይም በቤተሰብ መ Around ጊዜ፣ ብዙውን ጊዜ የሚመገዷቸው ምግብ የሚል ስብስብ ""инжи"" ነው። ይህ ምግብ ብዙውን ጊዜ በሰኞ вечер ላይ ይዘጋጃል።
",0,0
gemma3-4b,Ethiopia,Amharic,pers-3,Th-en-36,Family,"በኢትዮጵያ ሳምንት መጨረሻ ብዙውን ጊዜ ""የተባህር"" (Meskel) የሚባል እንቅስቃሴ እንሰራለን። ይህ ማለት ልጆቹና ቤተሰብ በሙሉ አንድ ቦታ reunión ይደረጋሉ፣ የተለያዩ juegos እን juegaለን፣ ምግብ እንሰራለን፣ እና በሙሉ ጊዜ juntos እንሳልፋለን። ለልጆቹ መማር እና ለወላጆቹ መደራጀት የሚችልበት ልዩ ቀን ነው።",0,0
gemma3-4b,Ethiopia,Amharic,pers-3,Th-en-37,Family,12,0,0
gemma3-4b,Ethiopia,Amharic,pers-3,Th-en-38,Family,"በኢትዮጵያ በሙሉ በዓላት በዓል ናቸው፣ ነገር ግን በተ特别是 በአምስቱ ዋና በዓላት ሁሉም ሰው በአስከፊነት ያከብራሉ። እነዚህም አጥጋቢ፣ እየሱስ ልደት፣ የገና በዓል፣ ጷጉሜ እና የኢትዮጵያ አርባዕተ እ ቀን ናቸው። እነዚህ በዓላት ቤተሰብን በአብነት በማሳ Celebrating እና በማከብሩ ይነካባቹሃል።
",1,1.0
gemma3-4b,Ethiopia,Amharic,pers-3,Th-en-39,Family,"በኢትዮጵያ በጣም የታወቀ የቤተሰብ ጨዋት ""አቦን እና አሞን"" ነው። በዋናነት በ adolescentes እና በ jóvenes የሚጫወቱት፣ በዋናነት በሴቶችን እና ወንዶች መካከል የሚደረግ የባህል እና የሎጂካዊ ጨዋታ ነው።",,
gemma3-4b,Ethiopia,Amharic,pers-3,Th-en-41,Family,"27
",0,0
gemma3-4b,Ethiopia,Amharic,pers-3,Th-en-43,Family,"በኢትዮጵያ አንድ ቤተሰብ ውስጥ ስንት የመኪና ብዛት ይኖራል? ብዙውን ጊዜ ሦስት ወይም አربعة።
",0,0
gemma3-4b,Ethiopia,Amharic,pers-3,Th-en-44,Family,"በሳምንቱ መጨረሻ በቤተሰቦች ምግብ ላይ በተለይ የተወደደ የኢትዮጵያ ምግብ ምንድુ ቢሆን, ብዙውን ጊዜ ""ሽቾ"" (Sho) የሚል ምግብ ነው. ይህ ምግብ በዶሮ ወይም በገብስ የሚዘጋጀው ምግብ ነው, በአትክልት እና በቫሰቢያ (Vassabia) ይጨምራሉ. በቤተሰብ reunión ዎች እና በ celebración ዎች ወቅት ይዘጋጃል, እና ለብዙ ኢትዮጵያውያን ለቤተሰብ reunión ዎች መተኪያ ምግብ ነው።",0,0
gemma3-4b,Ethiopia,Amharic,pers-3,Th-en-45,Family,በኢትዮጵያ በሳምንት ቀናት ምሽት ቤተሰቦች የሚወዱት እንቅስቃሴ ብዙውን ጊዜ በቤት ውስጥ በመሳብ፣ በመ 노래 በማባዛት፣ እና በመካከለኛው generación መካከል conversación በማድረግ ነው። በተጨማሪም አንዳንድ ጊዜ በጎቹን በመጎብኘት ወይም በጎቹን በመጎብኘት እና በጎቹን በመጎብኘት እና በጎቹን በመጎብኘት እና በጎቹን በመጎብኘት እና በጎቹን በመጎብኘት እና በጎቹን በመጎብኘት እና በጎቹን በመጎብኘት እና በጎቹን በመጎብኘት እና በጎቹን በመጎብኘት እና በጎቹን በመጎብኘት እና በጎቹን በመጎብኘት እና በጎቹን በመጎብኘት እና በጎቹን በመጎብኘት እና በጎቹን በመጎብኘት እና በጎቹን በመጎብኘት እና በጎቹን በመጎብኘት እና በጎቹን በመጎብኘት እና በጎቹን በመጎብኘት እና በጎቹን በመጎብኘት እና በጎቹን በመጎብኘት እና በጎቹን በመጎብኘት እና በጎቹን በመጎብኘት እና በጎቹን በመጎብኘት እና በጎቹን በመጎብኘት እና በጎቹን በመጎብኘት እና በጎቹን በመጎብኘት እና በጎቹን በመጎብኘት እና በጎቹን በመጎብኘት እና በጎቹን በመጎብኘት እና በጎቹን በመጎብኘት እና በጎቹን በመጎብኘት እና በጎቹን በመጎብኘት እና በጎቹን በመጎብኘት እና በጎቹን በመጎብኘት እና በጎቹን በመጎብኘት እና በጎቹን በመጎብኘት እና በጎቹን በመጎብኘት እና በጎቹን በመጎብኘት እና በጎቹን በመጎብኘት እና በጎቹን በመጎብኘት እና በጎቹን በመጎብኘት እና በጎቹን በመጎብኘት እና በጎቹን በመጎብኘት እና በጎቹን በመጎብኘት እና በጎቹን በመጎብኘት እና በጎቹን በመጎብኘት እና በጎቹን በመጎብኘት እና በጎቹን በመጎብኘት እና በጎቹን በመጎብኘት እና በጎቹን በመጎብኘት እና በጎቹን በመጎብኘት እና በጎቹን በመጎብኘት እና በጎቹን በመጎብኘት እና በጎቹን በመጎብኘት እና በጎቹን በመጎብኘት እና በጎቹን በመጎብኘት እና በ,0,0
gemma3-4b,Ethiopia,Amharic,pers-3,Th-en-48,Education,"በኢትዮጵያ፣ ከፍተኛ ውጤት ያሳየ ተማሪዎች ""አክስል"" የሚል ደረጃ ይቀ Obtainingቸው ይባላል። ይህ ደረጃ በ educación ስርዓት ውስጥ ከፍተኛውን reconocimiento ያሳያል።
",0,0
gemma3-4b,Ethiopia,Amharic,pers-3,Th-en-49,Education,"በኢትዮጵያ ለከፍተኛ ትምህርት ተማሪዎች እጅግ አስፈላጊ የሚቆጠር ፈተና ምንድነው?

በጣም አስፈላጊ የሆነው ፈተና ""የሚስጥር ፈተና"" (Secret Exam) ነው። ይህ ፈተና በዓል ቀን የሚደረግ ሲሆን በሙሉ ፈተናዎች ተማሪዎች በአል አብረው ይፈተhens. ከዚያም በ separado በ separado በ separado በ separado በ separado በ separado በ separado በ separado በ separado በ separado በ separado በ separado በ separado በ separado በ separado በ separado በ separado በ separado በ separado በ separado በ separado በ separado በ separado በ separado በ separado በ separado በ separado በ separado በ separado በ separado በ separado በ separado በ separado በ separado በ separado በ separado በ separado በ separado በ separado በ separado በ separado በ separado በ separado በ separado በ separado በ separado በ separado በ separado በ separado በ separado በ separado በ separado በ separado በ separado በ separado በ separado በ separado በ separado በ separado በ separado በ separado በ separado በ separado በ separado በ separado በ separado በ separado በ separado በ separado በ separado በ separado በ separado በ separado በ separado በ separado በ separado በ separado በ separado በ separado በ separado በ separado በ separado በ separado በ separado በ separado በ separado በ separado በ separado በ separado በ separado በ separado በ separado በ separado በ separado በ separado በ separado በ separado በ separado በ separado በ separado በ separado በ separado በ separado በ separado በ separado በ separado በ separado በ separado በ separado በ separado በ separado በ separado በ separado በ separado በ separado በ separado በ separado በ separado በ separado በ separado በ separado በ separado በ separado በ separado በ separado በ separado በ separado በ separado በ separado በ separado በ separado በ separado በ separado በ separado በ separado በ separado በ separado በ separado በ separado በ separado በ separado በ separado በ separado በ separado በ separado በ separado በ separado በ separado በ separado በ separado በ separado በ separado በ separado በ separado በ separado በ separado በ separado በ separado በ separado በ separado በ separado በ separado በ separado በ separado በ separado በ separado በ separado በ separado በ separado በ separado በ separado በ separado በ separado በ separado በ separado በ separado በ separado በ separado በ separado በ separado በ separado በ separado በ separado በ separado በ separado በ separado በ separado በ separado በ separado በ separado በ separado በ separado በ separado በ separado በ separado በ separado በ separado በ separado በ separado በ separado በ separado በ separado በ separado በ separado በ separado በ separado በ separado በ separado በ separado በ separado በ separado በ separado በ",0,0
gemma3-4b,Ethiopia,Amharic,pers-3,Th-en-51,Education,"በኢትዮጵያ በተማሪዎች ላይ በጣም አስፈላጊ የሆነ ምርምር የቋንቋ ጥናት ነው፤ ምክንያቱም ኢትዮጵያ በዓለም ላይ ካሉት ብዙ ቋን Speakingዎች መካከል አንዷ ናት።
",0,0
gemma3-4b,Ethiopia,Amharic,pers-3,Th-en-53,Education,"በኢትዮጵያ ት/ቤቶች ውስጥ ታዋቂው ከመደበኛ ትምህርት ውጪ ማኅበራዊ ክስተት ""የአatrical ጽጌረዳ"" ነው። ይህም በ escuelas የሚካሄደው የ театраዊ እንቅስቃሴ ነው። በዋናነት ለተማሪዎች የ creatividad፣ የ colaboración እና የባህል ግንዛቤን ለማዳ Promoting የሚረዳ ነው።
",0,0
gemma3-4b,Ethiopia,Amharic,pers-3,Th-en-58,Education,"በኢትዮጵያ ዩኒቨርስቲ በመግባት በፊት የተማሩት ከፍተኛ የሂሳብ ርዕስ ማለት ""የሒሳብ ትምህርት"" ነው። ይህም የሒሳብ ትምህርት በሙሉ ማለት ነው፣ incluyendo Arithmetic, Algebra, Calculus, and Statistics.
",1,1.0
gemma3-4b,Ethiopia,Amharic,pers-3,Tmp-ar-01,Education,"በኢትዮጵያ በዩኒቨርስቲ ተማሪዎች ለማጥናት በተለይ የሚሄዱበት ስፍራ "" librería "" ነው። በተለይ "" አዲስ አበባ ዩኒቨርስቲ librería "" በጣም ተወዳጅ ቦታ ነው።
",0,0
gemma3-4b,Ethiopia,Amharic,pers-3,Tmp-ar-02,Education,"በኢትዮጵያ ብዙውን ጊዜ ""ቡስ"" ነው። እነዚህ ቡሶች በከተሞች እና በስፍራዎች መካከል ይጓዛሉ፣ ብዙውን ጊዜ በደረጃዎች separados ናቸው። ብዙ ሰዎች እነዚህን ቡሶች በመጓዝ ወደ ዩኒቨርስቲዎች ይሄዳሉ።
",0,0
gemma3-4b,Ethiopia,Amharic,pers-3,Tmp-ar-04,Education,በጣም ብዙዎቹ የመጀመሪያ ደረጃ ተማሪዎች በትምህርት ቤት በኋላ ወደ ቤተክርስቲያናቸው ይሄዳሉ። allí በ Allí በ Allí በ Allí በ Allí በ Allí በ Allí በ Allí በ Allí በ Allí በ Allí በ Allí በ Allí በ Allí በ Allí በ Allí በ Allí በ Allí በ Allí በ Allí በ Allí በ Allí በ Allí በ Allí በ Allí በ Allí በ Allí በ Allí በ Allí በ Allí በ Allí በ Allí በ Allí በ Allí በ Allí በ Allí በ Allí በ Allí በ Allí በ Allí በ Allí በ Allí በ Allí በ Allí በ Allí በ Allí በ Allí በ Allí በ Allí በ Allí በ Allí በ Allí በ Allí በ Allí በ Allí በ Allí በ Allí በ Allí በ Allí በ Allí በ Allí በ Allí በ Allí በ Allí በ Allí በ Allí በ Allí በ Allí በ Allí በ Allí በ Allí በ Allí በ Allí በ Allí በ Allí በ Allí በ Allí በ Allí በ Allí በ Allí በ Allí በ Allí በ Allí በ Allí በ Allí በ Allí በ Allí በ Allí በ Allí በ Allí በ Allí በ Allí በ Allí በ Allí በ Allí በ Allí በ Allí በ Allí በ Allí በ Allí በ Allí በ Allí በ Allí በ Allí በ Allí በ Allí በ Allí በ Allí በ Allí በ Allí በ Allí በ Allí በ Allí በ Allí በ Allí በ Allí በ Allí በ Allí በ Allí በ Allí በ Allí በ Allí በ Allí በ Allí በ Allí በ Allí በ Allí በ Allí በ Allí በ Allí በ Allí በ Allí በ Allí በ Allí በ Allí በ Allí በ Allí በ Allí በ Allí በ Allí በ Allí በ Allí በ Allí በ Allí በ Allí በ Allí በ Allí በ Allí በ Allí በ Allí በ Allí በ Allí በ Allí በ Allí በ Allí በ Allí በ Allí በ Allí በ Allí በ Allí በ Allí በ Allí በ Allí በ Allí በ Allí በ Allí በ Allí በ Allí በ Allí በ Allí በ Allí በ Allí በ Allí በ Allí በ Allí በ Allí በ Allí በ Allí በ Allí በ Allí በ Allí በ Allí በ Allí በ Allí በ Allí በ Allí በ Allí በ Allí በ Allí በ Allí በ Allí በ Allí በ Allí በ Allí በ Allí በ Allí በ Allí በ Allí በ Allí በ Allí በ Allí በ Allí በ Allí በ Allí በ Allí በ Allí በ Allí በ Allí በ Allí በ Allí በ Allí በ Allí በ Allí በ Allí በ Allí በ Allí በ Allí በ Allí በ Allí በ Allí በ Allí በ Allí በ Allí በ Allí በ Allí በ Allí በ Allí በ Allí በ Allí በ Allí በ Allí በ Allí በ Allí በ Allí በ Allí በ Allí በ Allí በ Allí በ Allí በ Allí በ Allí በ Allí በ,0,0
