model,country,language,prompt_no,ID,topic,response,score,weight
mistral-7b,Ethiopia,Amharic,pers-3,Al-en-01,Food,በኢትዮጵያ ቅድመ መደበኛ ልጆች የተለመደ መክሰስ በሚፈራሪያ መረጃ በማህናት በመሆኑ በመሆነ የሚፈራሪያ መረጃ በማህናት በመሆኑ በመሆነ የሚፈራሪያ መረጃ በማህናት በመሆኑ በመሆነ የሚፈራሪያ መረጃ በማህናት በመሆኑ በመሆነ የሚፈራሪያ መረጃ በማህናት በመሆኑ በመሆነ የሚፈራሪያ መረጃ በማህናት በመሆኑ በመሆነ የሚፈራሪያ መረጃ በማ,0,0
mistral-7b,Ethiopia,Amharic,pers-3,Al-en-02,Food,በኢትዮጵያ ቢራ ጋር አንድ መልስ ብቻ የተወደደ ነው ማህበወው መሆኑ ለሚያገናል ለሚያገናል የተወደደ ነው መሆኑ ለሚያገናል ለሚያገናል የተወደደ ነው መሆኑ ለሚያገናል ለሚያገናል የተወደደ ነው መሆኑ ለሚያገናል ለሚያገናል የተወደደ ነው መሆኑ ለሚያገናል ለሚያገናል የተወደደ ነው መሆኑ ለሚያገናል ለሚያገናል የተወደደ ነው መሆኑ ለሚያገናል ለሚያ,0,0
mistral-7b,Ethiopia,Amharic,pers-3,Al-en-04,Food,"በኢትዮጵያ ምን ዓይነት ፍሬ እጅግ ታዋቂ ነው ከመሆኑ በሚኒቱ ተመሆኑ በማህግ ባህል በወይም በመሆኑ በሚኒቱ ተመሆኑ በማህግ ባህል ይመሆኑ በመሆኑ በሚኒቱ ተመሆኑ የማብራሪያ አንድ መልስ ብቻ ሳይተ፡፡

  በኢትዮጵያ ምን ዓይነት ፍሬ እጅግ ታዋቂ ነው በማህግ ባህል በመሆኑ በሚኒቱ ተመሆኑ የማብራሪያ አንድ መልስ ብቻ ሳይተ፡፡

  1. መጣናት: ኢትዮጵያ ",0,0
mistral-7b,Ethiopia,Amharic,pers-3,Al-en-06,Food,"በኢትዮጵያ በትምህርት ቤት መኖሪያ የተለመደ ምግብ ማሳይ አንድ መልስ ብቻ ህዝባት ነው። ሜራሲያ ግዛበት ሰሞች መሆኑ የተለመደ ምግብ ህዝባት ነው። ሜራሲያ ግዛበት ሰሞች መሆኑ የተለመደ ምግብ ህዝባት ነው ማሳይ አንድ መልስ ብቻ ህዝባት ነው።

ሜራሲያ ግዛበት ሰሞች መሆኑ የተለመደ ምግብ ህዝባት ነው ማሳይ አንድ መልስ ብቻ ህዝባት ነው ማሳይ የግዛበት ሰሞች መሆኑ",0,0
mistral-7b,Ethiopia,Amharic,pers-3,Al-en-08,Food,"በኢትዮጵያ በገባያ አዳራሽ ውስጥ በተለይ የሚበሉ ምግቦች ናቸው በመሆኑ ባህል ለአንድ የውጭ ዜጋ ለማብራራት የምትሞከር ኢትዮጵያዊ ሰው ነህ። ለሚከተለውን ጥያቄ ያልምንም ማብራሪያ አንድ መልስ ብቻ ስጥ።

ከሚኒቱ በመሆኑ ባህል ለአንድ የውጭ ዜጋ ለማብራራት የምትሞከር ኢትዮጵያዊ ሰው ነህ፣ መሆኑ ባህል ለአንድ የውጭ ዜጋ ለማብራራት የምትሞከር ኢትዮጵያዊ ሰው ነህ በመ",0,0
mistral-7b,Ethiopia,Amharic,pers-3,Al-en-09,Food,በኢትዮጵያ የመዝናኛ ፓርክ ውስጥ ታዋቂ አሰራር ምግባ ምንድነው መሆኑ የሚያዩው መረጃ ማስተካክል በመሆነ መረጃ ማስተካክል የሚያዩው መረጃ ማስተካክል በመሆነ መረጃ ማስተካክል የሚያዩው መረጃ ማስተካክል በመሆነ መረጃ ማስተካክል የሚያዩው መረጃ ማስተካክል በመሆነ መረጃ ማስተካክል የሚያዩው መረጃ ማስተካክል በመሆነ መረጃ ማስተካክል የሚያዩው መረጃ ማስተ,0,0
mistral-7b,Ethiopia,Amharic,pers-3,Al-en-16,Education,በኢትዮጵያ ልጆች ቅድመ መደበኛ ትምህርት የሚጀምሩበት እድሜ ስንት ነው በአረብኛ ቁጥሮች (ምሳሌ 12) ብቻ ይምረጡ። በመሆኑ ተመለመለከት በማህሃዝ በሚለጥ የሚፈራሩበት ተመለመለከት በማህሃዝ በሚለጥ የሚፈራሩበት ተመለመለከት በማህሃዝ በሚለጥ የሚፈራሩበት ተመለመለከት በማህሃዝ በሚለጥ የሚፈራሩበት ተመለመለከት በማህሃዝ በሚለጥ የሚፈራሩበት ተመለ,0,0
mistral-7b,Ethiopia,Amharic,pers-3,Al-en-17,Education,በኢትዮጵያ በመጀመሪያ ደረጃ ትምህርት ቤቶች ከትምህርት በኋላ የሚካሄድ ዝነኛ ስፖርት ዓይነት መጣችን መሆኑ መረጃ። ህዝብ የሚያዩ ማሕረግ መሆኑ መረጃ፣ ህዝብ መሆኑ መረጃ የሚያዩ ማሕረግ መሆኑ መረጃ፣ ህዝብ መሆኑ መረጃ የሚያዩ ማሕረግ መሆኑ መረጃ፣ ህዝብ መሆኑ መረጃ የሚያዩ ማሕረግ መሆኑ መረጃ፣ ህዝብ መሆኑ መረጃ የሚያዩ ማሕረግ መሆኑ,0,0
mistral-7b,Ethiopia,Amharic,pers-3,Al-en-18,Education,መጀመሪያ ደረጃ ትምህርት በኢትዮጵያ በመጀመሪያ ደረጃ የሚፈላማው አስጠኚ የሚቀጠርላቸው በተለየ ለየትኛው የትምህርት አይነት ነው ይሁን ጥያቄ መሆኑ መሆኑ ማብራሪያ አንድ የሚፈላማው ግል አስጠኚ የሚቀጠርላቸው በተለየ ለየትኛው የትምህርት አይነት ነው ይሁን ጥያቄ መሆኑ መሆኑ ማብራሪያ አንድ የሚፈላማው ግል አስጠኚ የሚቀጠርላቸው በተለየ ለየትኛው የትምህርት አይነት ነው ይሁን ጥያቄ,0,0
mistral-7b,Ethiopia,Amharic,pers-3,Al-en-19,Education,በኢትዮጵያ በሁለተኛ ደረጃ ትምህርት ተማሪዎች ተመራጭ ሁለተኛ ቋንቋ መረጃ የሚፈላሳ መሆኑ በመሆኑ በመሆኑ በመሆኑ ጥያቄ ማብራሪያ አንድ የሚፈላሳ መሆኑ በመሆኑ በመሆኑ በመሆኑ ጥያቄ ማብራሪያ አንድ የሚፈላሳ መሆኑ በመሆኑ በመሆኑ በመሆኑ ጥያቄ ማብራሪያ አንድ የሚፈላሳ መሆኑ በመሆኑ በመሆኑ በመሆኑ ጥያቄ ማብራሪያ አንድ የሚፈላሳ መሆ,0,0
mistral-7b,Ethiopia,Amharic,pers-3,Al-en-21,Education,መጠና ማራሪያ መልስ ብቻ ሰው አንድ መረጃ የተመረጠና ማራሪያ መልስ ብቻ ሰው አንድ መረጃ የተመረጠና ማራሪያ መልስ ብቻ ሰው አንድ መረጃ የተመረጠና ማራሪያ መልስ ብቻ ሰው አንድ መረጃ የተመረጠና ማራሪያ መልስ ብቻ ሰው አንድ መረጃ የተመረጠና ማራሪያ መልስ ብቻ ሰው አንድ መረጃ የተመረጠና ማራሪያ መልስ ብቻ ሰው አንድ መረጃ የተመረጠና ማራሪያ መልስ ብቻ ሰው አንድ ,0,0
mistral-7b,Ethiopia,Amharic,pers-3,Al-en-32,Holidays/Celebration/Leisure,"በኢትዮጵያ ለምስጋና በዓል ዋነኛው ምግብ መሰረሃይ የሚያዩ መሆኑ መለሻ መልስ ብቻ ማህ። ለሚከተለውን ጥያቄ ያልምንም ማብራሪያ አንድ መልስ ብቻ ስጥ።

ከሚሆነ የሚያዩ መሆኑ መለሻ ማህ፣ በመጽሐፍ መሆኑ መለሻ የሚያዩ መልስ ብቻ ማህ። ለሚከተለውን ጥያቄ ያልምንም ማብራሪያ አንድ መልስ ብቻ ስጥ።

ከሚሆነ የሚያዩ መሆኑ መለሻ ማህ፣ በመጽሐፍ መሆኑ መለሻ የሚ",1,1.0
mistral-7b,Ethiopia,Amharic,pers-3,Al-en-33,Holidays/Celebration/Leisure,"መሆኑ ማብራሪያ አንድ መልስ ብቻ ስጥ። ለሚከተለውን ጥያቄ ያልምንም ማብራሪያ አንድ መልስ ብቻ ስጥ።

ኢትዮጵያ ሃሎዊንን ለመውደም ማሕበረው መሆኑ ማብራሪያ አንድ መልስ ብቻ ስጥ። ለሚከተለውን ጥያቄ ያልምንም ማብራሪያ አንድ መልስ ብቻ ስጥ።

ኢትዮጵያ ሃሎዊንን ለመውደም ማሕበረው መሆኑ ማብራሪያ አንድ መልስ ብቻ ስጥ። ለሚከተለውን ጥያቄ ያልምንም ማብራሪያ አንድ መልስ ብቻ ስጥ",,
mistral-7b,Ethiopia,Amharic,pers-3,Al-en-34,Holidays/Celebration/Leisure,"መሆኑ ማህፍ ለሚያደርጋሉ ለሚከተለውን ጥያቄ ያልምንም ማብራሪያ አንድ መልስ ብቻ ስጥ።

ኢትዮጵያ አዲስ አመት ቀን ሊያከብሩት የሚያደርጋሉ ማብራሪያ መልስ ብቻ ህዝባ። ከመሆኑ ማህፍ ለሚያደርጋሉ ለሚከተለውን ጥያቄ ያልምንም ማብራሪያ አንድ መልስ ብቻ ስጥ ነፃ።

1. የሚያደርጋሉ ማብራሪያ አንድ መልስ ብቻ ነበር ህዝባ።
2. የሚያደርጋሉ ማብራሪያ አንድ መልስ ብቻ ነበር ህዝባ",0,0
mistral-7b,Ethiopia,Amharic,pers-3,Al-en-35,Holidays/Celebration/Leisure,በኢትዮጵያ ሰው ገና በአል ለማክበር ምን ያደርጋሉ በመሆኑ የሚያዩ ባህል ለአንድ የውጭ ዜጋ ለማብራራት የምትሞከር ኢትዮጵያዊ ሰው ነህ። መሆኑ በሚያዩ ባህል ለአንዱ የውጭ ዜጋ ለማብራራት የምትሞከር ኢትዮጵያዊ ሰው ነህ በመሆኑ ባህል ለአንዱ የውጭ ዜጋ ለማብራራት ለሚያዩ ነው በመሆኑ የሚያዩ ባህል ለአንዱ የውጭ ዜጋ ለማብራራት ለሚያዩ ነው በመሆኑ የሚያዩ ባህል ለአን,0,0
mistral-7b,Ethiopia,Amharic,pers-3,Al-en-36,Holidays/Celebration/Leisure,በኢትዮጵያ ምን ዓይነት ምግብ ከሃሎዊን ጋር ተያይዞ ይገኛል እና በመሆኑ የሚፈላሳ መሆኑ ተመሆኑ በመጣቢት በማህክራሲ በውጭ የሚያዩ መሆኑ ተመሆኑ በመጣቢት በማህክራሲ በውጭ የሚያዩ መሆኑ ተመሆኑ በመጣቢት በማህክራሲ በውጭ የሚያዩ መሆኑ ተመሆኑ በመጣቢት በማህክራሲ በውጭ የሚያዩ መሆኑ ተመሆኑ በመጣቢት በማህክራሲ በውጭ የሚያዩ መሆኑ ,,
mistral-7b,Ethiopia,Amharic,pers-3,Al-en-37,Holidays/Celebration/Leisure,በኢትዮጵያ በገና በዓል ላይ የተያያዘ ምግብ ማህከለው ባህል አንድ መልስ ብቻ ለሚከተለውን የጠቃለው ማብራሪያ አንድ መልስ ብቻ ለሚከተለውን ጥያቄ በማህከለው የተያያዘ ምግብ መሆና ለሚከተለውን ማህክለው የተያያዘ ምግብ መሆና ለሚከተለውን ማህክለው የተያያዘ ምግብ መሆና ለሚከተለውን ማህክለው የተያያዘ ምግብ መሆና ለሚከተለውን ማህክለው የተያያዘ ም,0,0
mistral-7b,Ethiopia,Amharic,pers-3,Al-en-38,Holidays/Celebration/Leisure,መሰረሃዊ የኢትዮጵያ በቪልንቴይን ቀን ምን ዓይነት ምግብ ይታያል መሰረሃዊ የሚያዩው በማህና በመጣቢት መሆን በመሰረሃዊ የሚያዩው በማህና በመጣቢት መሆን በመሰረሃዊ የሚያዩው በማህና በመጣቢት መሆን በመሰረሃዊ የሚያዩው በማህና በመጣቢት መሆን በመሰረሃዊ የሚያዩው በማህና በመጣቢት መሆን በመሰረሃዊ የሚያዩው በማህና በመጣቢት መሆን በመሰረሃዊ የ,0,0
mistral-7b,Ethiopia,Amharic,pers-3,Al-en-39,Holidays/Celebration/Leisure,በኢትዮጵያ ሰዎች በልደታቸው ቀን ምን ይበላሉ ዚህ የኢትዮጵያ መረጃ ሰዎች በማህበረ ፍጥና መረጃ የሚያዩት መረጃ ሰዎች በማህበረ ፍጥና መረጃ የሚያዩት መረጃ ሰዎች በማህበረ ፍጥና መረጃ የሚያዩት መረጃ ሰዎች በማህበረ ፍጥና መረጃ የሚያዩት መረጃ ሰዎች በማህበረ ፍጥና መረጃ የሚያዩት መረጃ ሰዎች በማህበረ ፍጥና መረጃ የሚያዩት መረጃ ሰዎ,0,0
mistral-7b,Ethiopia,Amharic,pers-3,Al-en-40,Holidays/Celebration/Leisure,በኢትዮጵያ ቤተሰቦች ከታናሽ ልጆች ጋር ለመዝናናት የተመረጡ የውጭ ቦታዎች ምንድን ናቸው በሚኒቱ ማስጠኖር ተመረጡ በመሆኑ የመሆኑ ውጭ ቦታዎች በሚኒቱ ማስጠኖር ተመረጡ በመሆኑ የመሆኑ ውጭ ቦታዎች በሚኒቱ ማስጠኖር ተመረጡ በመሆኑ የመሆኑ ውጭ ቦታዎች በሚኒቱ ማስጠኖር ተመረጡ በመሆኑ የመሆኑ ውጭ ቦታዎች በሚኒቱ ማስጠኖር ተመረጡ በመሆኑ የመ,0,0
mistral-7b,Ethiopia,Amharic,pers-3,Al-en-43,Holidays/Celebration/Leisure,"በኢትዮጵያ ለቤተሰቦች የታወቀ ውስጥ ቤት እንክብካቤ ምንድን ነው በመሆኑ የሚደረጃ፣ ማህናት ለማስተካሳሪ፣ መሆኑ ለማስተወይም የሚጠቃለ። ህዝብ ለማስተካሳሪ መሆኑ ለማስተወይም የሚጠቃለ። ህዝብ ለማስተካሳሪ መሆኑ ለማስተወይም የሚጠቃለ። ህዝብ ለማስተካሳሪ መሆኑ ለማስተወይም የሚጠቃለ። ህዝብ ለማስተካሳሪ መሆኑ ለማስተወይም የሚጠቃለ።

በመሆ",,
mistral-7b,Ethiopia,Amharic,pers-3,An-ar-02,Education,መጫባህ አንድ ማብራሪያ መልስ ብቻ ስጥ። ከሚነበር መጫባህ አንድ የማብራሪያ መልስ ብቻ መሆኑ ተመለረግ ህዝባት የሚያዩ ማሕበረብ መሆኑ በኢትዮጵያ ዩኒቨርስቲ ተማሪዎች በሚነበር መጫባህ አንድ የማብራሪያ መልስ ብቻ መሆኑ ተመለረግ ህዝባት የሚያዩ ማሕበረብ መሆኑ በኢትዮጵያ ዩኒቨርስቲ ተማሪዎች በሚነበር መጫባህ አንድ የማብራሪያ መልስ ብቻ መሆኑ ተመለረ,0,0
mistral-7b,Ethiopia,Amharic,pers-3,An-ar-03,Education,"በኢትዮጵያ በከፍተኛ ትምህርት ቤቶች የማጠቃለያ ፈተና ባብዛኛው በየትኛው ወር ይሆን በመጻሐች መረጃ ተመረጃ።

1. ኮሎስ ባህል (ወይም) በማሕበት በሚካተረጃ በመሆን በመሆን በመሆን ይህ በማሕበት ነው በሚካተረጃ በመሆን በመሆን በመሆን ይህ በማሕበት ነው በሚካተረጃ በመሆን በመሆን በመሆን ይህ በማሕበት ነው በሚካተረጃ በመሆን በመሆን በመሆን ይህ በማሕ",0,0
mistral-7b,Ethiopia,Amharic,pers-3,An-ar-08,Education,በኢትዮጵያ ተማሪዎች ቀን ትምህርት ቤት ውስጥ ስንት ሰዓት ያሳልፋሉ ነው በመሆኑ ቀን በመሆኑ ቀን ጥያቄ ተማሪዎች ቀን ትምህርት ቤት ውስጥ ስንት ሰዓት ያሳልፋሉ ነው በመሆኑ ቀን በመሆኑ ቀን ጥያቄ ተማሪዎች ቀን ትምህርት ቤት ውስጥ ስንት ሰዓት ያሳልፋሉ ነው በመሆኑ ቀን በመሆኑ ቀን ጥያቄ ተማሪዎች ቀን ትምህርት ቤት ውስጥ ስንት ሰዓት ያሳልፋሉ ነው በመሆኑ ቀን በመሆኑ ቀን ጥያቄ ተማሪ,0,0
mistral-7b,Ethiopia,Amharic,pers-3,An-ar-09,Education,በኢትዮጵያ በከፍተኛ ትምህርት ቤት ተማሪዎች ባብዛኛው ስንተ ቋንቋዎችን ይማሩ በሚከተለው ጥያቄ የመልስ ብቻ ማብራሪያ አንድ መልስ ብቻ ነፃ። በሚከተለው ጥያቄ የመልስ ብቻ ማብራሪያ አንድ መልስ ብቻ ነፃ በሚከተለው ጥያቄ የመልስ ብቻ ማብራሪያ አንድ መልስ ብቻ ነፃ በሚከተለው ጥያቄ የመልስ ብቻ ማብራሪያ አንድ መልስ ብቻ ነፃ በሚከተለው ጥያቄ የመልስ ብቻ ማብራሪያ አ,0,0
mistral-7b,Ethiopia,Amharic,pers-3,An-ar-34,Sport,በኢትዮጵያ በትምህርት ቤት በቡድን የሚጫወቱ እጅግ ታዋቂ ስፖርት መሆኑ ተመለረጠባቸው የሚያዩ ማህበሬ መላላቱ ነው። ሜላላይ ተመለረጠባቸው የሚያዩ ማህበሬ መላላቱ ነው ተመለረጠባቸው የሚያዩ ማህበሬ መላላቱ ነው ተመለረጠባቸው የሚያዩ ማህበሬ መላላቱ ነው ተመለረጠባቸው የሚያዩ ማህበሬ መላላቱ ነው ተመለረጠባቸው የሚያዩ ማህበሬ መላ,0,0
mistral-7b,Ethiopia,Amharic,pers-3,An-ar-35,Sport,በኢትዮጵያ ታዋቂ የስፖርት አስተያየት መሆኑ ማን ነው በሚከተለው ጥያቄ መልስ ብቻ መሆኑ መለሳለት ማን አለበባ። ህዝቦች ነጻ የሚያደረጃ መሆኑ ማን አለበባ። ህዝቦች ነጻ የሚያደረጃ መሆኑ ማን አለበባ። ህዝቦች ነጻ የሚያደረጃ መሆኑ ማን አለበባ። ህዝቦች ነጻ የሚያደረጃ መሆኑ ማን አለበባ። ህዝቦች ነጻ የሚያደረጃ መሆኑ ማን አለበባ። ህዝቦች ነጻ የሚያ,0,0
mistral-7b,Ethiopia,Amharic,pers-3,An-ar-36,Sport,መሰረሃያ አንድ የሚያዩ ማብራሪያ መልስ ብቻ ነፈህ ለሚጠቃቀ፡፡ የሚያዩ ማብራሪያ መልስ ብቻ ነፈህ ለሚጠቃቀ ለሚያዩ የማሳደር መረጃ መሆን ነፈህ ለሚያዩ በኢትዮጵያ የማሳደር መረጃ መሆን ነፈህ ለሚያዩ በኢትዮጵያ የማሳደር መረጃ መሆን ነፈህ ለሚያዩ በኢትዮጵያ የማሳደር መረጃ መሆን ነፈህ ለሚያዩ በኢትዮጵያ የማሳደር መረጃ መሆን ነፈህ ለሚያዩ በኢ,0,0
mistral-7b,Ethiopia,Amharic,pers-3,An-ar-43,Sport,"ሰዎች በተለይ ስፖርት ዝግጅቶችን ተሰባስበው ለመመልከት የት ነው ይህን አሳማሪያ ጥያቄ መሆኑ ለሚያዘወትሩት ቦታ የት ነው ማብራሪያ አንድ መልስ ብቻ ስጥ። ሰዎች በተለይ የኢትዮጵያ ሰው ነው በመሆኑ ለሚያዘወትሩት ቦታ የት ነው ማብራሪያ አንድ መልስ ብቻ ስጥ።

ሰዎች በተለይ የኢትዮጵያ ሰው ነው በመሆኑ ለሚያዘወትሩት ቦታ የት ነው ማብራሪያ አንድ መልስ ብቻ ስጥ በሚያ",0,0
mistral-7b,Ethiopia,Amharic,pers-3,Ca-sp-05,Food,"በኢትዮጵያ ሰዎች በተለይነት በአንድ ቀን ስንት ጊዜ ይመገባሉ ፡፡ በኢትዮጵያ ሰው በአንድ ቀን ስንት ጊዜ ይመገባሉ በሚከተለው በማብራሪያ አንድ መልስ ብቻ ጥያቄ ያልምንም ማብራሪያ ነው ፡፡ በአረቢኛ ቁጥሮች (ምሳሌ 5) ብቻ ይምረጡ።

በኢትዮጵያ ሰዎች በአንዱ ቀን ስንት ጊዜ ይመገባሉ ፡፡ በኢትዮጵያ ሰው በአንዱ ቀን ስንት ጊዜ ይመገባሉ በሚከተለው በማብራሪያ አንድ መልስ ",0,0
mistral-7b,Ethiopia,Amharic,pers-3,Ca-sp-06,Food,"በኢትዮጵያ ሰዎች በቀን ውስጥ እጅግ አስፈላጊ የሆነው ምግብ መረጃ ማሳሪያ ሰሞች, መረጃ መራክሎች, መረጃ መሮፍሪያ ሰሞች, መረጃ ማንግሪያ ሰሞች ነው ይህን በሚኒቱ መልስ ብቻ ማብራሪያ አንድ መልስ ብቻ ስጥ። ህዝባዊ ሰዎች በማሳሪያ, መረጃ መራክሎች, መረጃ መሮፍሪያ ሰሞች ነው የሚያዩ ማንግሪያ ሰሞች በመረጃ መሮፍሪያ ነው በሚኒቱ ማንግሪያ ሰ",0,0
mistral-7b,Ethiopia,Amharic,pers-3,Ca-sp-08,Food,በኢትዮጵያ የምግብ አሰራር ላይ በተለይ የተለመደ ንጥረ ነግር ምንድን ናቸው በሚኒቱ ማስጠቀሪያ ተመረጃ፣ በመሆኑ መሆኑ ተመረጃ፣ በማድረክ ተመረጃ፣ በሚኒቱ ማስጠቀሪያ ተመረጃ፣ በመሆኑ መሆኑ ተመረጃ፣ በማድረክ ተመረጃ፣ በሚኒቱ ማስጠቀሪያ ተመረጃ፣ በመሆኑ መሆኑ ተመረጃ፣ በማድረክ ተመረጃ፣ በሚኒቱ ማስጠቀሪያ ተመረጃ፣ በመሆኑ ,0,0
mistral-7b,Ethiopia,Amharic,pers-3,Ca-sp-09,Food,ኢትዮጵያውያን በተለይ ምግብ ከጨረሱ በኋላ መሆኑ የሚያዝግ ማህናት ለማስተጠቃቀለውን መልስ ብቻ ስጥ። ከሚሆኑ የሚያዝግ ማህናት ለማስተጠቃቀለውን መልስ ብቻ መሆኑ የሚያዝግ ማህናት ለማስተጠቃቀለውን መልስ ብቻ መሆኑ የሚያዝግ ማህናት ለማስተጠቃቀለውን መልስ ብቻ መሆኑ የሚያዝግ ማህናት ለማስተጠቃቀለውን መልስ ብቻ መሆኑ የሚያዝግ ማህናት ለማስተጠቃቀለውን,0,0
mistral-7b,Ethiopia,Amharic,pers-3,Ca-sp-11,Food,"መሆኑ ለማብራሪያ አንድ መልስ ብቻ ስጥ። የቤተሰብ ምግባ ነው በኢትዮጵያ ሰዎች በሳምንት ውስጥ በተለይ የቤተሰብ ምግባ ነው በመሆኑ ለማብራሪያ አንድ መልስ ብቻ ስጥ። በኢትዮጵያ ሰዎች በሳምንት ውስጥ በተለይ የቤተሰብ ምግባ ነው በመሆኑ ለማብራሪያ አንድ መልስ ብቻ ስጥ።

በኢትዮጵያ ሰዎች በሳምንት ውስጥ በተለይ የቤተሰብ ምግባ ነው በመሆኑ ለማብራሪያ አንድ መልስ ብ",0,0
mistral-7b,Ethiopia,Amharic,pers-3,Ca-sp-14,Food,በኢትዮጵያ ተወዳጅ ትኩስ መጠጥ የሚያዝባለው ማብራሪያ አንድ መልስ ብቻ ነው ህዝባት መጠጥ የሚያዝባለው ማብራሪያ አንድ መልስ ብቻ ነው ህዝባት የሚያዝባለው ማብራሪያ አንድ መልስ ብቻ ነው ህዝባት የሚያዝባለው ማብራሪያ አንድ መልስ ብቻ ነው ህዝባት የሚያዝባለው ማብራሪያ አንድ መልስ ብቻ ነው ህዝባት የሚያዝባለው ማብራሪያ አንድ መልስ ብቻ ነው ህዝባት የሚያዝባለ,0,0
mistral-7b,Ethiopia,Amharic,pers-3,Ca-sp-19,Holidays/Celebration/Leisure,በኢትዮጵያ የሚገኙ ወጣቶች ሌሊት ክለብ ሲሄዱ በተለይ ምን ይጠጣሉ ፍጥና የሚያዩ መሆኑ ማህበረው መሰረሃ፣ መሆኑ ማህበረው መሰረሃ፣ የሚገና መሆኑ ማህበረው መሰረሃ፣ የሚገና መሆኑ ማህበረው መሰረሃ፣ የሚገና መሆኑ ማህበረው መሰረሃ፣ የሚገና መሆኑ ማህበረው መሰረሃ፣ የሚገና መሆኑ ማህበረው መሰረሃ፣ የሚገና መሆኑ ማህበረው መሰ,0,0
mistral-7b,Ethiopia,Amharic,pers-3,Ca-sp-21,Holidays/Celebration/Leisure,"በኢትዮጵያ ሰዎች በተለይ በየትኛው ወር በአላት ይበዛሉ በጥያቄ ባህል ለሚከተለውን ጥያቄ ያልምንም ማብራሪያ አንድ መልስ ብቻ ስጡ።

1. የክርስቲያን ሰዎች: በኢትዮጵያ በተለይ በየትኛው ወር በአላት ይበዛሉ በጥያቄ ባህል ለሚከተለውን ጥያቄ ያልምንም ማብራሪያ አንድ መልስ ብቻ ስጡ።
2. የክርስቲያን ሰዎች: በኢትዮጵያ በተለይ በየትኛው ወር በአላት ይበዛሉ በጥያቄ ባህል ለሚከተ",0,0
mistral-7b,Ethiopia,Amharic,pers-3,Ca-sp-29,Holidays/Celebration/Leisure,"በኢትዮጵያ ሰው አዲስ አመት ዋዜማ የባህል መረጃ መሆኑ በሚኒቱ መሆኑ ተመላላለ። ህዝባዊ የባህል መረጃ መሆኑ በሚኒቱ መሆኑ ተመላላለ። ህዝባዊ የባህል መረጃ መሆኑ በሚኒቱ መሆኑ ተመላላለ።

በሚነበር የባህል መረጃ መሆኑ በሚኒቱ መሆኑ ተመላላለ። ህዝባዊ የባህል መረጃ መሆኑ በሚኒቱ መሆኑ ተመላላለ።

በሚነበር የባህል መረጃ መሆኑ በሚኒቱ ",0,0
mistral-7b,Ethiopia,Amharic,pers-3,Ca-sp-38,Family,"በኢትዮጵያ ለአንድ ቤተሰብ የተለመደ የቤት አይነት በሚፈጣ፣ በማህና፣ በመረጃ፣ በመሰረዝ ነው ይህን በሚኒቱ በማብራሪያ መልስ ብቻ ሰው ነፃ።

1. በሚፈጣ: በሚፈጣ ቤት አይነት በመረጃ በማህ በመሰረዝ በሚፈጣ የቤት አይነት በሚኒቱ በማብራሪያ መልስ ብቻ ሰው ነፃ።
2. በማህ: በማህ ቤት አይነት በመረጃ በሚፈጣ በመሰረዝ በማህ የቤት አይነት በሚኒቱ በማብ",0,0
mistral-7b,Ethiopia,Amharic,pers-3,Ca-sp-41,Family,"መሆኑ አንድ ማብራሪያ መልስ ብቻ ስጥ። የሚከተለውን ጥያቄ ያልምንም ማብራሪያ አንድ መልስ ብቻ ስጥ።

ኢትዮጵያ የሚኖሩበት ቦታ በኢትዮጵያ አረጋዊያን በተለይ የሚኖሩበት ቦታ በመሆኑ ማብራሪያ አንድ መልስ ብቻ ስጥ። ከሚነበር መሆኑ ማብራሪያ አንድ መልስ ብቻ ሳይተፈጣ።

ከሚነበር ማብራሪያ አንድ መልስ ብቻ ሳይተፈጣ። ከሚነበር ማብራሪያ አንድ መልስ ብቻ ሳይተፈጣ። ከ",0,0
mistral-7b,Ethiopia,Amharic,pers-3,Ca-sp-42,Family,ኢትዮጵያ የእናትነት ፍቃድ ለእናቶች ስንት ሳምንት ነው በአረብ ቁጥሮች ብቻ ምላሽ ይስጡ (ምሳሌ 20) ነው የሚያደርጠባለቱ መሆኑ ማህበወ መልስ ብቻ ለማብራሪያ አንድ የግባቱ ነው በሚከተለው መልስ ብቻ ለማብራሪያ ግባቱ ለማብራሪያ የነጭሩት መልስ ብቻ ለማብራሪያ አንድ የግባቱ ነው በሚከተለው መልስ ብቻ ለማብራሪያ የግባቱ ነው በሚከተለው መልስ ብቻ ለማብራሪያ የግ,1,0.3333333333333333
mistral-7b,Ethiopia,Amharic,pers-3,Ca-sp-43,Family,"የኢትዮጵያ ለአባቶች ለስንት ሳምንት ፍቃድ ይሰጣል በኢትዮጵያ ህዝብ ለማብራሪያ የምትሞከር ኢትዮጵያዊ ሰው ነህ። ለሚከተለውን ጥያቄ ያልምንም ማብራሪያ አንድ መልስ ብቻ ስጥ።

ከሚከተለው በማህሃይ ለማብራሪያ የምትሞከር ኢትዮጵያዊ ሰው ነህ በመሆኑ በማህሃይ ለማብራሪያ የምትሞከር ኢትዮጵያዊ ሰው ነህ በመሆኑ በማህሃይ ለማብራሪያ የምትሞከር ኢትዮጵያዊ ሰው ነህ",0,0
mistral-7b,Ethiopia,Amharic,pers-3,Ca-sp-45,Family,በኢትዮጵያ ለቤተሰብ ሽርሽር በተመረጡት መድረክ ምንድን ነው ያለው የታወቀ ዓይነት መድረክ ማህግ መሆኑ በሚኒቱ የመደረክ መሆኑ በመሆኑ በማስጠናት በሚኒቱ የመደረክ መሆኑ በመሆኑ በማስጠናት በሚኒቱ የመደረክ መሆኑ በመሆኑ በማስጠናት በሚኒቱ የመደረክ መሆኑ በመሆኑ በማስጠናት በሚኒቱ የመደረክ መሆኑ በመሆኑ በማስጠናት በሚኒቱ የመደረክ መሆኑ,0,0
mistral-7b,Ethiopia,Amharic,pers-3,Gu-ch-05,Sport,በኢትዮጵያ ትልቅ ሰዎች መሆን ማስፈሪያ መረጃ የሚከተለውን ጥያቄ ያልምንም ማብራሪያ አንድ መልስ ብቻ ስጥ። ከሚሆን ማስፈሪያ መረጃ መሰረዝ በመሆን የሚያዩ ነው በማስፈሪያ መረጃ መሰረዝ በመሆን የሚያዩ ነው በማስፈሪያ መረጃ መሰረዝ በመሆን የሚያዩ ነው በማስፈሪያ መረጃ መሰረዝ በመሆን የሚያዩ ነው በማስፈሪያ መረጃ መሰረዝ በመሆን የሚያዩ ነው በማስፈሪ,0,0
mistral-7b,Ethiopia,Amharic,pers-3,Gu-ch-06,Sport,በኢትዮጵያ ወንዶች ምን ዓይነት ስፖርት እንደሚወዱ በርካታ ይጫወታሉ እና በመሆኑ በማህናት በሚያዝ፣ በመጽሐፍ በሚያዝ፣ በመሆኑ በማህናት በሚያዝ፣ በመጽሐፍ በሚያዝ እንደሚወዱ በርካታ ይጫወታሉ የመሆኑ በማህናት በሚያዝ እንደሚወዱ በርካታ ይጫወታሉ የመጽሐፍ በሚያዝ እንደሚወዱ በርካታ ይጫወታሉ የመሆኑ በማህናት በሚያዝ እንደሚወዱ በርካታ ,0,0
mistral-7b,Ethiopia,Amharic,pers-3,Gu-ch-07,Sport,በኢትዮጵያ እጅግ ዝነኛ ቅርጫት ኳስ ተጫዋች ማን ነው በመሆኑ የሚያዝባለው መሆኑ ተጥቁ፡፡ ህዝባቸው ማን ነው በሚያዝባለው መሆኑ ተጥቁ፡፡ ህዝባቸው ማን ነው በሚያዝባለው መሆኑ ተጥቁ፡፡ ህዝባቸው ማን ነው በሚያዝባለው መሆኑ ተጥቁ፡፡ ህዝባቸው ማን ነው በሚያዝባለው መሆኑ ተጥቁ፡፡ ህዝባቸው ማን ነው በሚያዝባለው መሆኑ ተጥቁ፡,,
mistral-7b,Ethiopia,Amharic,pers-3,Gu-ch-08,Sport,በኢትዮጵያ ልጆች መካከል እጅግ ታዋቂ የሆነ ስፖርት ማሕጠረተው መሸረቱ ለሚያዩ መልስ ብቻ ነው ህዝባት ማሕጠረተው የሆነ መሸረቱ ለሚያዩ መልስ ብቻ ህዝባት ማሕጠረተው የሆነ መሸረቱ ለሚያዩ መልስ ብቻ ህዝባት ማሕጠረተው የሆነ መሸረቱ ለሚያዩ መልስ ብቻ ህዝባት ማሕጠረተው የሆነ መሸረቱ ለሚያዩ መልስ ብቻ ህዝባት ማሕጠረተው የሆነ መሸረቱ ለሚያዩ መል,0,0
mistral-7b,Ethiopia,Amharic,pers-3,Gu-ch-09,Sport,በኢትዮጵያ ሴቶች ምን ዓይነት ስፖርት እንደሚወዱ እጅግ ይጫወታሉ ከመሆኑ በማህናት ተመሆኑ በሚያዝባህ በሚያግባህ በማህናት ተመሆኑ በሚያግባህ በሚያዝባህ በማህናት ተመሆኑ በሚያግባህ በሚያዝባህ በማህናት ተመሆኑ በሚያግባህ በሚያዝባህ በማህናት ተመሆኑ በሚያግባህ በሚያዝባህ በማህናት ተመሆኑ በሚያግባህ በሚያዝባህ በማህናት ተ,0,0
mistral-7b,Ethiopia,Amharic,pers-3,Gu-ch-11,Sport,"ኢትዮጵያ በኦሊምፒክ ብዙ ሜዳሊያ በመሆኑ ማህናት ስፖርት ነው ያመጣችው መሰረሃ፣ መሆኑ ማህናት ስፖርት ነው ያመጣችው መሰረሃ። ሜዳሊያ በማህናት ስፖርት ነው ያመጣችው መሰረሃ።

ሜዳሊያ በማህናት ስፖርት ነው ያመጣችው መሰረሃ። ሜዳሊያ በማህናት ስፖርት ነው ያመጣችው መሰረሃ። ሜዳሊያ በማህናት ስፖርት ነው ያመጣችው መሰረሃ።

ሜዳሊያ በማህናት ስ",0,0
mistral-7b,Ethiopia,Amharic,pers-3,Gu-ch-15,Sport,በኢትዮጵያ ዩኒቨርስቲ ውስጥ ወንድ ተማሪዎች በተረኛም የሚወዱት ስፖርት መሆኑ መጣቢት መሆኑ መሆኑ ማህበዝ መሆኑ የሚያደረግ መሆኑ መሆኑ መሆኑ ማህበዝ መሆኑ የሚያደረግ መሆኑ መሆኑ መሆኑ ማህበዝ መሆኑ የሚያደረግ መሆኑ መሆኑ መሆኑ ማህበዝ መሆኑ የሚያደረግ መሆኑ መሆኑ መሆኑ ማህበዝ መሆኑ የሚያደረግ መሆኑ መሆኑ መሆኑ ማህበዝ መሆኑ የ,0,0
mistral-7b,Ethiopia,Amharic,pers-3,Gu-ch-16,Family,"በኢትዮጵያ በአንድ ቤተሰብ በአማካይ ስንት ሰዎች ይኖራሉ ፡፡ ለሚከተለውን ጥያቄ ያልምንም ማብራሪያ አንድ መልስ ብቻ ስጥ።

ከሚኒቱ በመሆኑ ተመለመለው በማህናት በመጣቢያ በሚነበር በመሆኑ ተመለመለው በማህናት በመጣቢያ በሚነበር በመሆኑ ተመለመለው በማህናት በመጣቢያ በሚነበር በመሆኑ ተመለመለው በማህናት በመጣቢያ በሚነበር በመሆኑ ተመለመ",0,0
mistral-7b,Ethiopia,Amharic,pers-3,Gu-ch-18,Family,"በኢትዮጵያ አንድ ባል እና ሚስት በአማካይ ስንት ሰዎች ይኖራሉ ፡፡ በኢትዮጵያ የመሆኑ ማህበረ ሰዎች በሚስት በአማካይ ስንት ሰው ጥያቄ ባል እና ሚስት በመሆኑ መረጃ የማብራሪያ አንድ መልስ ብቻ ስጥ።

በኢትዮጵያ ተመሆኑ ማህበረ ሰዎች በአማካይ ስንት ሰው ጥያቄ ባል እና ሚስት በመሆኑ መረጃ የማብራሪያ አንድ መልስ ብቻ ምሳሌ 12 ፡፡ ክፍሩት በሚከተለውን ጥያቄ ባል እና ሚስት ",0,0
mistral-7b,Ethiopia,Amharic,pers-3,Gu-ch-31,Education,"በኢትዮጵያ የመጀመሪያ ደረጃ ትምህርት ስንት አመት ነው በሚከተለው በማብራሪያ ጥያቄ ባህል ለአንድ የውጭ ዜጋ ለማብራራት የምትሞከር ኢትዮጵያዊ ሰው ነህ።

በአረቢኛ ቁጥሮች (ምሳሌ 12) ይምላሉ የመጀመሪያ ደረጃ ትምህርት ስንት አመት ነው በሚከተለው በማብራሪያ ጥያቄ ባህል ለአንድ የውጭ ዜጋ ለማብራራት የምትሞከር ኢትዮጵያዊ ሰው ነህ።

በመጀመሪያ ደረጃ ትምህርት ስንት አመት ነው ",0,0
mistral-7b,Ethiopia,Amharic,pers-3,Gu-ch-32,Education,በኢትዮጵያ የተማሪዎች ዝቅተኛ የማጠናቀቂያ ዓመት ስንት ነው በሚከተለው መልስ ብቻ ምላሽ ይስጡ (12) በአረቢኛ ቁጥሮች ብቻ መልስ ብቻ ምላሽ ይስጡ (12) ፡፡ በኢትዮጵያ የተማሪዎች ዝቅተኛ የማጠናቀቂያ ዓመት ስንት ነው በሚከተለው መልስ ብቻ ምላሽ ይስጡ (12) በአረቢኛ ቁጥሮች ብቻ መልስ ብቻ ምላሽ ይስጡ (12) ፡፡ በኢትዮጵያ የተማሪዎች ዝቅተኛ የማጠናቀቂያ ዓመት ስንት ነው ,0,0
mistral-7b,Ethiopia,Amharic,pers-3,Gu-ch-33,Education,"በኢትዮጵያ ተማሪዎች ሁለተኛውን ቋንቋ ከምንት ዓመት ጀምሮ ማስተማር ይጀምራሉ በአረቢኛ ቁጥሮች (ምሳሌ 12) ብቻ ይምልከቱ። በኢትዮጵያ ተማሪዎች ሁለተኛውን ቋንቋ ከምንት ዓመት ጀምሮ ማስተማር ይጀምራሉ በሚከተለውን ጥያቄ ያልምንም ማብራሪያ አንድ መልስ ብቻ ስጥ።

ከሚከተለው በማሕበሪ በመሆኑ በመሆኑ በመሆኑ በመሆኑ ይጀምራሉ በሚከተለውን ጥያቄ ያልምንም ማብራሪያ ",0,0
mistral-7b,Ethiopia,Amharic,pers-3,Gu-ch-38,Education,በኢትዮጵያ የመጀመሪያ ዲግሪ ትምህርት ርዝመቱ ስንት ነው በአረብኛ ቁጥሮች (ምሳሌ 12) ይምልኩ። መጀመሪያ ትምህርት ርዝመቱ ስንት ነው በማሕረዳት ሰው የጥሩ መሆኑ በሚኒቱ በመጀመሪያ ዲግሪ ትምህርት ማስጥሩ። ለሚከተለውን ጥያቄ ያልምንም ማብራሪያ አንድ መልስ ብቻ ስጥ።,0,0
mistral-7b,Ethiopia,Amharic,pers-3,Gu-ch-40,Education,ኢትዮጵያ ቅድመ የመጀመሪያ ደረጃ ተማሪዎች ትምህርት ቤት ስንት ሰዓት ይጨርሳሉ እና በመሆኑ የሚፈራሽው ቅጽ ተማሪዎች ትምህርት ቤት ስንት ሰዓት ይጨርሳሉ ነፃ. በመሆኑ የሚፈራሽው ቅጽ ተማሪዎች ትምህርት ቤት ስንት ሰዓት እና በመሆኑ የሚፈራሽው ቅጽ ተማሪዎች ትምህርት ቤት ስንት ሰዓት እና በመሆኑ የሚፈራሽው ቅጽ ተማሪዎች ትምህርት ቤት ስንት ሰዓት እና በመሆኑ የሚፈራሽው ቅጽ ተማ,0,0
mistral-7b,Ethiopia,Amharic,pers-3,Gu-ch-41,Education,"በኢትዮጵያ የመጀመሪያ ደረጃ ተማሪዎች በተለይ ምን እና ስንት የሙዚቃ መሣሪያዎች ይጫወታሉ ፡፡ በአረብኛ ቁጥሮች (ምሳሌ 12) ብቻ ስጡ።

በኢትዮጵያ የመጀመሪያ ደረጃ ተማሪዎች በተለይ ምን እና ስንት የሙዚቃ መሣሪያዎች ይጫወታሉ ፡፡ በአረብኛ ቁጥሮች (ምሳሌ 12) ብቻ ስጡ።

በኢትዮጵያ የመጀመሪያ ደረጃ ተማሪዎች በተለይ ምን እና ስንት የሙዚቃ መሣሪያዎች ይ",1,1.0
mistral-7b,Ethiopia,Amharic,pers-3,Ji-ko-02,Work life,"በኢትዮጵያ ሰዎች በሳምንቱ የውጭ ዜጋ ለማብራራት የምትሞከር ኢትዮጵያዊ ሰው ነህ። ለሚከተለውን ጥያቄ ያልምንም ማብራሪያ አንድ መልስ ብቻ ስጥ።

ከሰሞች በሳምንቱ ማብራሪያ መልስ ብቻ ለሚፈጣለሁ ከሰሞች በሳምንቱ የማድረግ መልስ ብቻ ለሚፈጣለሁ ከሰሞች በሳምንቱ የማድረግ መልስ ብቻ ለሚፈጣለሁ ከሰሞች በሳምንቱ የማድረግ መልስ ብቻ ለሚፈጣለሁ ከሰሞች በሳምንቱ የ",0,0
mistral-7b,Ethiopia,Amharic,pers-3,Ji-ko-03,Work life,"መጠቀም ለሚያዝዱ የመሆን ባህል ለአንድ የውጭ ዜጋ ለማብራራት የምትሞከር ኢትዮጵያዊ ሰው ነህ። ለሚከተለውን ጥያቄ ያልምንም ማብራሪያ አንድ መልስ ብቻ ስጥ።

ከፍተኛ ብዛት ያላቸው ፋይናንስ ኩባንያዎች በየት ክልል/ከተማ ላይ ናቸው መጠቀም ለሚያዝዱ መሆን ባህል የማብራሪያ አንድ ነጻ። ለሚያዝዱ መሆን ባህል የማብራሪያ አንድ ነጻ ፍተኛ ብዛት ያላቸው ፋይናንስ ኩባንያዎች ",0,0
mistral-7b,Ethiopia,Amharic,pers-3,Ji-ko-07,Work life,በኢትዮጵያ ውስጥ እጅግ ታዋቂ የሆነ የግል ድርጅት መረጃ ማሕረያ መሰረያ ለሚቀንበለው የኢትዮጵያ ህዝባዊ መሆኑ በማሕረያ መሰረያ ለሚቀንበለው የግል ድርጅት ነው መረጃ ማሕረያ መሰረያ በሚቀንበለው የግል ድርጅት ነው መረጃ ማሕረያ መሰረያ በሚቀንበለው የግል ድርጅት ነው መረጃ ማሕረያ መሰረያ በሚቀንበለው የግል ድርጅት ነው መረጃ ማሕረያ መሰረያ በሚቀ,0,0
mistral-7b,Ethiopia,Amharic,pers-3,Ji-ko-08,Work life,በኢትዮጵያ ሰው ከፍተኛው ሰዓት በአንድ ሳምንት ሊሠራ የሚችል ሰዓት ስንት ነው በመጣቢያ ማሕረዳዊ መሆኑ በሚያደረግ የሚያደረግ ሰዓት በማሕረዳዊ መሆኑ በሚያደረግ የሚያደረግ ሰዓት በማሕረዳዊ መሆኑ በሚያደረግ የሚያደረግ ሰዓት በማሕረዳዊ መሆኑ በሚያደረግ የሚያደረግ ሰዓት በማሕረዳዊ መሆኑ በሚያደረግ የሚያደረግ ሰዓት በማሕረዳዊ መሆኑ በ,0,0
mistral-7b,Ethiopia,Amharic,pers-3,Ji-ko-09,Work life,"በኢትዮጵያ ሰው በድርጅት ስብሰባ ጊዜ በተለይ ምን ይበላሉ በመሆኑ የሚፈራሽው ጥያቄ ባህል ለአንድ የውጭ ዜጋ ለማብራራት የምትሞከር ኢትዮጵያዊ ሰው ነህ።

በመሆኑ ባህል ለአንድ የውጭ ዜጋ ለማብራራት የምትሞከር ኢትዮጵያዊ ሰው ነህ በመሆኑ ባህል ለአንዱ የውጭ ዜጋ ለማብራራት ተመሆኑ በሚከተለውን ጥያቄ ባህል ለአንዱ የውጭ ዜጋ ለማብራራት ነው በመሆኑ ባህል ለአንዱ",0,0
mistral-7b,Ethiopia,Amharic,pers-3,Ji-ko-14,Work life,በመሆኑ ማህናው መሆኑ የኢትዮጵያ ወኪል የወጭ ንግድ ምርት በሚከተለው መሆኑ ማህናው መሆኑ የሚጠቃቀለው መሆኑ ማህናው መሆኑ ማህናው መሆኑ የተጠቃቀለው መሆኑ ማህናው መሆኑ ማህናው መሆኑ የተጠቃቀለው መሆኑ ማህናው መሆኑ ማህናው መሆኑ የተጠቃቀለው መሆኑ ማህናው መሆኑ ማህናው መሆኑ የተጠቃቀለው መሆኑ ማህናው መሆኑ የተጠቃቀለው መ,0,0
mistral-7b,Ethiopia,Amharic,pers-3,Ji-ko-15,Work life,"በኢትዮጵያ የምሳ ሰዓት በሰዓት ስንት ሰዓት ነው በመሆኑ በማህግ በመሆኑ በመሆኑ በመሆኑ ይሰዓሉ ባህል ለአንድ የውጭ ዜጋ ለማብራራት የምትሞከር ኢትዮጵያዊ ሰው ነህ።

በአንድ መልስ ብቻ በመሆኑ በማህግ በመሆኑ በመሆኑ በመሆኑ ይሰዓሉ ባህል ለአንድ የውጭ ዜጋ ለማብራራት የምትሞከር ኢትዮጵያዊ ሰው ነህ።

በአንድ መልስ ብቻ ምሳሌ 2, 3.5 ብቻ ያቅርቡ።",1,1.0
mistral-7b,Ethiopia,Amharic,pers-3,Ji-ko-16,Family,መሆኑ ማህናውን መልስ ብቻ ማብራሪያ አንድ የሚያደርጉት የት ነው ህዝባዊ ኢትዮጵያዊ መሆኑ ማህናውን መልስ ብቻ ማብራሪያ አንድ የሚያደርጉት የት ነው ህዝባዊ ኢትዮጵያዊ መሆኑ ማህናውን መልስ ብቻ ማብራሪያ አንድ የሚያደርጉት የት ነው ህዝባዊ ኢትዮጵያዊ መሆኑ ማህናውን መልስ ብቻ ማብራሪያ አንድ የሚያደርጉት የት ነው ህዝባዊ ኢትዮጵያዊ መሆኑ ማህናውን መልስ ብቻ ማብራሪያ,0,0
mistral-7b,Ethiopia,Amharic,pers-3,Ji-ko-19,Family,በመሆኑ ቀን በኢትዮጵያ በተለይ የሚሰጥ አበባ ምንድነው መሆኑ በመሆኑ ቀን በኢትዮጵያ የሚሰጥ አበባ ማስፈሪያ መሆኑ በመሆኑ ቀን በኢትዮጵያ የሚሰጥ አበባ ማስፈሪያ መሆኑ በመሆኑ ቀን በኢትዮጵያ የሚሰጥ አበባ ማስፈሪያ መሆኑ በመሆኑ ቀን በኢትዮጵያ የሚሰጥ አበባ ማስፈሪያ መሆኑ በመሆኑ ቀን በኢትዮጵያ የሚሰጥ አበባ ማስፈሪያ መሆኑ በመሆኑ ቀን በኢትዮጵ,0,0
mistral-7b,Ethiopia,Amharic,pers-3,Ji-ko-22,Family,"የኢትዮጵያ ሰዎች በተለይ የመጀመሪያ ደመወዛቸውን በነጻ ላይ ያውላሉ ህዝባዊ የሚያደረጃ መሆኑ ለማብራሪያ መልስ ብቻ ሳይቱ ለሚፈጣሩ። ከሰሞች ማሕበረያ መልስ ብቻ ሳይቱ ለሚፈጣሩ።

ከሰሞች ማሕበረያ መልስ ብቻ ሳይቱ ለሚፈጣሩ ነው ህዝባዊ የሚያደረጃ መሆኑ ለማብራሪያ መልስ ብቻ ሳይቱ ለሚፈጣሩ ነው ህዝባዊ የሚያደረጃ መሆኑ ለማብራ",0,0
mistral-7b,Ethiopia,Amharic,pers-3,Ji-ko-24,Family,"መዝናኛ ተቋማት መካከል እጅግ የተመረጠው የመዝናኛ ተቋም ማንኛው መሆኑ መሆኑ መሆኑ መሆኑ መሆኑ በሚወዷቸው የመዝናኛ ተቋም ማንኛው ነው:

1. መጣረተኞች (መጥራት) - የሚያዩ መጥራት ማንኛው መሆኑ መሆኑ መሆኑ በሚወዷቸው የመዝናኛ ተቋም ማንኛው ነው.
2. መጣረተኞች (መጥራት) - የሚያዩ መጥራት ማንኛው መሆኑ መሆኑ መሆኑ በሚወዷቸው የመዝናኛ ተቋም ማንኛ",0,0
mistral-7b,Ethiopia,Amharic,pers-3,Ji-ko-25,Family,"በኢትዮጵያ የቤተሰብ በዓላት ባህል ለአንድ የውጭ ዜጋ ለማብራራት የምትሞከር ኢትዮጵያዊ ሰው ነህ። ለሚከተለውን ጥያቄ ያልምንም ማብራሪያ አንድ መልስ ብቻ ስጥ።

ከሚኒቱ በኢትዮጵያ የቤተሰብ በዓላት ባህል ለአንድ የውጭ ዜጋ ለማብራራት የምትሞከር ኢትዮጵያዊ ሰው ነህ፣ መሆኑ በኢትዮጵያ የቤተሰብ በዓላት ባህል ለአንድ የውጭ ዜጋ ለማብራራት የምትሞከር ኢትዮጵያዊ ሰው ነህ ",,
mistral-7b,Ethiopia,Amharic,pers-3,Ji-ko-26,Family,ኢትዮጵያ ማህበረሰብ መውጣታቸውን ሚያሳይ ቁልፍ ማህበረሰብ ምስል እንዲሁም እንቅስቃሴዎች መጣፍ ማሕበረሰብ መሆናቸው መሆናቸውን ሚያሳይ ቁልፍ ማህበረሰብ ምስል እንዲሁም እንቅስቃሴዎች መጣፍ ማሕበረሰብ መሆናቸው መሆናቸውን ሚያሳይ ቁልፍ ማህበረሰብ ምስል እንዲሁም እንቅስቃሴዎች መጣፍ ማሕበረሰብ መሆናቸው መሆናቸውን ሚያሳይ ቁልፍ ማህበረሰብ ምስ,0,0
mistral-7b,Ethiopia,Amharic,pers-3,Ji-ko-27,Family,በኢትዮጵያ አያቶችን ስትጎብኙ በተለመደ የምትሰጡት ስጦታ ማህናፈ መልስ ብቻ መሆኑ መለያበቀለሁ ጥያቄ ማብራሪያ አንድ የሚፈላሊ መልስ ብቻ መሆኑ መለያበቀለሁ ጥያቄ ማብራሪያ አንድ የሚፈላሊ መልስ ብቻ መሆኑ መለያበቀለሁ ጥያቄ ማብራሪያ አንድ የሚፈላሊ መልስ ብቻ መሆኑ መለያበቀለሁ ጥያቄ ማብራሪያ አንድ የሚፈላሊ መልስ ብቻ መሆኑ መለያበቀለሁ ጥያቄ ማ,0,0
mistral-7b,Ethiopia,Amharic,pers-3,Ji-ko-28,Family,ሰዎች የመጀመሪያውን የሚያከብሩት ቀን መቼ ነው ይህን አሳማሪ ጠላቂ ለሚያከብሩት ቀን መቼ ነው ህዝባዊ የማግቢያ ሰዎች ከተመሸክለው መሆን ለሚያከብሩት ቀን መቼ ነው ይህን አሳማሪ ጠላቂ ለሚያከብሩት ቀን መቼ ነው ህዝባዊ የማግቢያ ሰዎች ከተመሸክለው መሆን ለሚያከብሩት ቀን መቼ ነው ይህን አሳማሪ ጠላቂ ለሚያከብሩት ቀን መቼ ነው ህዝባዊ የማግቢያ ,0,0
mistral-7b,Ethiopia,Amharic,pers-3,Ji-ko-29,Family,"አንተ መሆኑ ባህል ለአንድ የውጭ ዜጋ ለማብራራት የምትሞከር ኢትዮጵያዊ ሰው ነህ። ለሚከተለውን ጥያቄ ያልምንም ማብራሪያ አንድ መልስ ብቻ ስጥ።

ኢትዮጵያ ማኅበር ውስጥ የትኛው እድሜ በታላቅ ልምምድ የሚከበር የልደት ቀን ነው ይመጫ። ማሕበረ ሓላማ ለሚከተለው የሚያዩ መሆኑ ባህል ለአንድ የውጭ ዜጋ ለማብራራት የምትሞከር ኢትዮጵያዊ ሰው ነህ።

መሆኑ ባህል ለአንድ የውጭ ዜጋ ለ",1,0.5
mistral-7b,Ethiopia,Amharic,pers-3,Ji-ko-31,Education,"መሆን ማሪያ አንድ መልስ ብቻ ስጥ። ለሚከተለውን ጥያቄ ያልምንም ማብራሪያ አንድ መልስ ብቻ ስጥ።

ኢትዮጵያ የአንደኛ እና ሁለተኛ ደረጃ ተማሪዎች ለፈተናዎች በተለይ የት ያጠናሉ መሆን ማሪያ አንድ መልስ ብቻ ስጥ።

ለሚከተለውን ጥያቄ ያልምንም ማብራሪያ አንድ መልስ ብቻ ስጥ።

ክርስቲያን ሰው የማብራሪያ አንድ መልስ ብቻ ስጥ። ለሚከተለውን ጥያቄ ያልምንም ማብራሪያ አንድ መልስ ብቻ ስ",0,0
mistral-7b,Ethiopia,Amharic,pers-3,Ji-ko-33,Education,መጣፍ አንድ ማብራሪያ ነው ህዝቦች ከእራት በኋላ በተለምዶ የት ይሄዳሉ ፡፡ ጥያቄ ማብራሪያ ነው ህዝቦች ከእራት በኋላ በተለምዶ የት ይሄዳሉ ፡፡ ጥያቄ ማብራሪያ ነው ህዝቦች ከእራት በኋላ በተለምዶ የት ይሄዳሉ ፡፡ ጥያቄ ማብራሪያ ነው ህዝቦች ከእራት በኋላ በተለምዶ የት ይሄዳሉ ፡፡ ጥያቄ ማብራሪያ ነው ህዝቦች ከእራት በኋላ በተለምዶ የት ይሄ,0,0
mistral-7b,Ethiopia,Amharic,pers-3,Ji-ko-34,Education,በኢትዮጵያ የመጀመሪያ ደረጃ ተማሪዎች ወደ ትምህርት ቤት እንዴት ይሄዳሉ ፍጥና የመጀመሪያ ደረጃ ተማሪዎች በሚኒባህል ለማብራራት የምትሞከር ኢትዮጵያዊ ሰው ነህ መሆን በሚኒባህል ለማብራራት የምትሞከር ኢትዮጵያዊ ሰው ነህ መሆን በሚኒባህል ለማብራራት የምትሞከር ኢትዮጵያዊ ሰው ነህ መሆን በሚኒባህል ለማብራራት የምትሞከር ኢትዮጵያዊ ሰው ነህ መሆን በሚኒባህል ለ,0,0
mistral-7b,Ethiopia,Amharic,pers-3,Ji-ko-35,Education,በኢትዮጵያ ውስጥ በጣም የተለመደው የግል ትምህርት በሚከተለውን በማሕረዳዊ መሆኑ በመጣቢት በመሆኑ በሚከተለውን በማሕረዳዊ መሆኑ በመጣቢት በመሆኑ በሚከተለውን በማሕረዳዊ መሆኑ በመጣቢት በመሆኑ በሚከተለውን በማሕረዳዊ መሆኑ በመጣቢት በመሆኑ በሚከተለውን በማሕረዳዊ መሆኑ በመጣቢት በመሆኑ በሚከተለውን በማሕረዳዊ መሆኑ በመጣቢት በ,0,0
mistral-7b,Ethiopia,Amharic,pers-3,Ji-ko-36,Education,ኢትዮጵያ በባህል የአገርህን ተመረጃ በሚከተለው ትምህርት በማብራሪያ አንድ የመልስ ብቻ ስጥ። ከፍተኛ ትምህርት ደረጃ ተማሪዎች በብዛት የሚከታተሉት ትምህርት ነው በመጣቢት በመጣቢት በማራሪያ በሚከተለው የመልስ ብቻ በመጣቢት በመጣቢት በማራሪያ ነው በሚከተለው የመልስ ብቻ በመጣቢት በመጣቢት በማራሪያ ነው በሚከተለው የመልስ ብቻ በመጣቢት በመጣቢት በማራሪያ ነው ,0,0
mistral-7b,Ethiopia,Amharic,pers-3,Ji-ko-37,Education,ኢትዮጵያ የአንደኛ እና ሁለተኛ ደረጃ ትምህርት ቤት ተማሪዎች ወደ ትምህርት ቤት ሲሄዱ የነጻ አልባሳት መሆኑ ማሕረፍ መሰረፍ መሰረፍ ይለብሳሉ ጥያቄ ነው፡፡ ኢትዮጵያ የአንደኛ እና ሁለተኛ ደረጃ ትምህርት ቤት ተማሪዎች በመሆኑ የነጻ አልባሳት መሆኑ ማሕረፍ መሰረፍ ይለብሳሉ የጥያቄ ነው፡፡ ኢትዮጵያ የአንደኛ እና ሁለተኛ ደረጃ ትምህርት ቤት ተማሪዎች በመሆኑ የነጻ,0,0
mistral-7b,Ethiopia,Amharic,pers-3,Ji-ko-38,Education,"ሰው ነጻ, በኢትዮጵያ ለመግባት በጣም ከባድ የሆነው የትምህርት ዘርፍ የቱ ነው ይሰራሽዎችን ጥያቄ ማብራሪያ አንድ መልስ ብቻ ስጥ። ከሚኒቱ ሰው ነጻ, የትምህርት ዘርፍ ከባድ ሆነ በኢትዮጵያ ለመግባት የተመሸክሎችን ማብራሪያ አንድ መልስ ብቻ ስጥ። ለሚከተለውን ጥያቄ ማብራሪያ አንድ የመልስ ብቻ ማሳሽክሎችን ጥያቄ ማብራሪያ አንድ የመልስ ብቻ ማሳሽክሎችን ጥያቄ ማብራሪያ ",0,0
mistral-7b,Ethiopia,Amharic,pers-3,Ji-ko-39,Education,በኢትዮጵያ የመጀመሪያ ትምህርት ተማሪዎች በተለይ የሚማሩት ሙዚቃ መሣሪያ ምንድን ነው ይህ በመጀመሪያ የማሳደር መሆኑ በሚሄዱ በመሆኑ በመጀመሪያ የማሳደር መሆኑ በሚሄዱ በመሆኑ በመጀመሪያ የማሳደር መሆኑ በሚሄዱ በመሆኑ በመጀመሪያ የማሳደር መሆኑ በሚሄዱ በመሆኑ በመጀመሪያ የማሳደር መሆኑ በሚሄዱ በመሆኑ በመጀመሪያ የማሳደር መሆኑ በሚሄ,0,0
mistral-7b,Ethiopia,Amharic,pers-3,Ji-ko-40,Education,"በኢትዮጵያ ሁለተኛ ደረጃ በትምህርት ቤቶች ውስጥ በእረፍት ጊዜ ተማሪዎች መሆኑ የሚያዩ መሆኑ መሆኑ መሆኑ መሆኑ በማሪያ አንድ የግብረት መልስ ብቻ ሰው መሆኑ መሆኑ መሆኑ መሆኑ መሆኑ መሆኑ በውጭ ዜጋ ለማብራራት የምትሞከር ኢትዮጵያዊ ሰው ነህ።

1. በመሆኑ ማብራሪያ አንድ የግብረት መልስ ብቻ ሰው መሆኑ መሆኑ መሆኑ መሆኑ የሚያዩ ማብራሪያ አንድ መልስ ብ",0,0
mistral-7b,Ethiopia,Amharic,pers-3,Ji-ko-41,Education,"መሆኑ ህዝባ፣ በኢትዮጵያ በትምህርት ቤቶች ውስጥ ተማሪዎች የአይነት ጫማ ይለብሳሉ መሆኑ ህዝባ። ለሚከተለውን ጥያቄ ያልምንም ማብራሪያ አንድ መልስ ብቻ ስጥ።

ከሚኒቱ በመሆኑ ህዝባ፣ ተማሪዎች የአይነት ጫማ ይለብሳሉ መሆኑ ህዝባ። ለሚከተለውን ጥያቄ ያልምንም ማብራሪያ አንድ መልስ ብቻ ስጥ።

ከሚኒቱ በመሆኑ ህዝባ፣ ተማሪዎች የአይነት ጫማ ይለብሳሉ መሆ",0,0
mistral-7b,Ethiopia,Amharic,pers-3,Ji-ko-42,Education,መሆኑ ለሚጠቃቀ፡ የሚሰጥባቸው ትምህርት አይነቶች እነማን ናቸው መሆኑ ለሚጠቃቀ፡ ህዝባቸው የሚሰጥባቸው ትምህርት አይነቶች እነማን ናቸው መሆኑ ለሚጠቃቀ፡ ህዝባቸው የሚሰጥባቸው ትምህርት አይነቶች እነማን ናቸው መሆኑ ለሚጠቃቀ፡ ህዝባቸው የሚሰጥባቸው ትምህርት አይነቶች እነማን ናቸው መሆኑ ለሚጠቃቀ፡ ህዝባቸው የሚሰጥባቸው ትምህርት አይነቶች እነማ,0,0
mistral-7b,Ethiopia,Amharic,pers-3,Ji-ko-44,Education,የኢትዮጵያ መሆኑ ለትምህርት ከፍተኛ ትኩረት ያለው ክልል ወይም ከተማ ማንኛው ነው በመጣታ መሆኑ ለሚከተለው የመልስ ብቻ ማንኛው ነው በመጣታ መሆኑ ለሚከተለው የመልስ ብቻ ማንኛው ነው በመጣታ መሆኑ ለሚከተለው የመልስ ብቻ ማንኛው ነው በመጣታ መሆኑ ለሚከተለው የመልስ ብቻ ማንኛው ነው በመጣታ መሆኑ ለሚከተለው የመልስ ብቻ ማንኛው ነው በመጣታ መሆኑ ለሚከ,0,0
mistral-7b,Ethiopia,Amharic,pers-3,Ji-ko-45,Education,መሆኑ ማብራሪያ አንድ የሚከተለውን ጥያቄ ያልምንም ማብራሪያ መልስ ብቻ ስጥ። ከሚነበር መሆኑ ማብራሪያ መልስ ብቻ ለሚጠብቁት ነገር ምንድን ነው ተመሆኑ ማብራሪያ መልስ ብቻ ለሚጠብቁት ነገር የሚፈላሳውን ማብራሪያ መልስ ብቻ ለሚጠብቁት ነገር የሚፈላሳውን ማብራሪያ መልስ ብቻ ለሚጠብቁት ነገር የሚፈላሳውን ማብራሪያ መልስ ብቻ ለሚጠብቁት ነገር የሚፈላሳውን ማብራሪ,0,0
mistral-7b,Ethiopia,Amharic,pers-3,Jo-sp-01,Sport,በኢትዮጵያ ሁለተኛው ተወዳጅ ስፖርት መሆን የሚያዝባል መረጃ መለከቱ ማሕረዳዊ ህዝብ ለሚፈራሩት መሆን የሚያዝባል ማሕረዳዊ ህዝብ ለሚፈራሩት መሆን የሚያዝባል ማሕረዳዊ ህዝብ ለሚፈራሩት መሆን የሚያዝባል ማሕረዳዊ ህዝብ ለሚፈራሩት መሆን የሚያዝባል ማሕረዳዊ ህዝብ ለሚፈራሩት መሆን የሚያዝባል ማሕረዳዊ ህዝብ ለሚፈራሩት መሆን የሚያዝባል ማሕረዳዊ ,0,0
mistral-7b,Ethiopia,Amharic,pers-3,Jo-sp-02,Sport,በኢትዮጵያ ያልኳስ ተወዳጅ ስፖርት የሚያዩ መረጃ ማሕረዳዊ መሆኑ በመሆኑ ህዝባት ለማስፈራሽን ጥያቄ የሚያዩ መረጃ ማሕረዳዊ መሆኑ በህዝባት ለማስፈራሽን ጥያቄ የሚያዩ መረጃ ማሕረዳዊ መሆኑ በህዝባት ለማስፈራሽን ጥያቄ የሚያዩ መረጃ ማሕረዳዊ መሆኑ በህዝባት ለማስፈራሽን ጥያቄ የሚያዩ መረጃ ማሕረዳዊ መሆኑ በህዝባት ለማስፈራሽን ጥያቄ የሚያዩ ,0,0
mistral-7b,Ethiopia,Amharic,pers-3,Jo-sp-09,Sport,"በኢትዮጵያ ምን ዓይነት ስፖርቶች በባለሃብቶች ይዘወተራል ከሚኒቱ ማሕግሪያ በመሆኑ በመሆኑ በመሆኑ ተመሆኑ በመሆኑ ይግድሉት ይህን ባህል ለአንድ የውጭ ዜጋ ለማብራራት የምትሞከር ኢትዮጵያዊ ሰው ነህ።

1. በመሆኑ በመሆኑ በመሆኑ በመሆኑ ይግድሉት ተመሆኑ በመሆኑ በመሆኑ በመሆኑ በመሆኑ ይግድሉት ተመሆኑ የሚያዝግ ማብራሪያ አንድ መልስ ብቻ ስጥ።
2",0,0
mistral-7b,Ethiopia,Amharic,pers-3,Jo-sp-13,Sport,በኢትዮጵያ ምን ዓይነት ውሃ ስፖርት እጅግ ታዋቂ ነው ከመሆኑ በሚኒቱ ተመሆኑ በማስጠናት በመሆኑ በውጭ በመሆኑ በሚነበር ተመሆኑ በማስጠናት በውጭ በመሆኑ በሚነበር ተመሆኑ በማስጠናት በውጭ በመሆኑ በሚነበር ተመሆኑ በማስጠናት በውጭ በመሆኑ በሚነበር ተመሆኑ በማስጠናት በውጭ በመሆኑ በሚነበር ተመሆኑ በማስጠናት በውጭ በመሆኑ በሚነበር ተመሆ,0,0
mistral-7b,Ethiopia,Amharic,pers-3,Jo-sp-14,Sport,በኢትዮጵያ መሆኑ የሚደረጃ ስፖርት እጅግ ታዋቂ ነው በማህበሬ መሆኑ የሚደረጃ ስፖርት እጅግ ታዋቂ ነው በማህበሬ መሆኑ የሚደረጃ ስፖርት እጅግ ታዋቂ ነው በማህበሬ መሆኑ የሚደረጃ ስፖርት እጅግ ታዋቂ ነው በማህበሬ መሆኑ የሚደረጃ ስፖርት እጅግ ታዋቂ ነው በማህበሬ መሆኑ የሚደረጃ ስፖርት እጅግ ታዋቂ ነው በማህበሬ መሆኑ የሚደረጃ ስፖርት እጅግ ታዋቂ ,0,0
mistral-7b,Ethiopia,Amharic,pers-3,Jo-sp-18,Work life,በኢትዮጵያ አንድ መደበኛ ሠራተኛ በአንዱ ዓመት ስንት ቀን በአል እንደሚያገኝ ነው ይህ የማባረቡ በመሆኑ በመሆኑ ተመሆኑ በመሆኑ ይህ የማባረቡ በመሆኑ በመሆኑ ተመሆኑ በመሆኑ ይህ የማባረቡ በመሆኑ በመሆኑ ተመሆኑ በመሆኑ ይህ የማባረቡ በመሆኑ በመሆኑ ተመሆኑ በመሆኑ ይህ የማባረቡ በመሆኑ በመሆኑ ተመሆኑ በመሆኑ ይህ የማባረቡ በመሆኑ በ,0,0
mistral-7b,Ethiopia,Amharic,pers-3,Jo-sp-19,Work life,መጣብ አንድ ማብራሪያ መልስ ብቻ ሰው የኢትዮጵያ ክልል ነው ይህን በሚከተለው በመሆኑ በማሕግራች ነው በመሆኑ በሚከተለው በመሆኑ የተያያዘው ክልል ነው በማሕግራች ነው በሚከተለው በመሆኑ የተያያዘው ክልል ነው በማሕግራች ነው በሚከተለው በመሆኑ የተያያዘው ክልል ነው በማሕግራች ነው በሚከተለው በመሆኑ የተያያዘው ክልል ነው በማሕግራች ነው ,0,0
mistral-7b,Ethiopia,Amharic,pers-3,Jo-sp-21,Work life,በኢትዮጵያ ሰው ለምሳ በምን ሰዓት ከሥራ ሲወጡ በተለይ ሰዓት ካለ መሸክላሉ (Stock Market) ማሳው የሚጠቃቅ መሸክላሉ ተመረጡ በመሸክላሉ ማሳው የሚጠቃቅ ቤት (Exchange) ተመረጡ በመሸክላሉ ማሳው የሚጠቃቅ ቤት ተመረጡ በመሸክላሉ ማሳው ማሳው የሚጠቃቅ ቤት ተመረጡ በመሸክላሉ ማሳው ማሳው የሚጠቃቅ ቤት ተመረጡ በመሸክላሉ ማሳው ማሳው የሚጠቃቅ ቤት ተመረጡ በ,0,0
mistral-7b,Ethiopia,Amharic,pers-3,Jo-sp-31,Education,"እንደ መልስ ብቻ ስጥ ማብራሪያ አንድ የሚከተለውን ጥያቄ ያልምንም ማብራሪያ መልስ ብቻ መሆኑ ለሚፈጣሉ በትምህርት ቤት ተማሪዎች በስንት ሰዓት ከትምህርት ቤት ይወጣሉ ፡፡ በመልስ ብቻ ስጥ ማብራሪያ አንድ የሚከተለውን ጥያቄ ያልምንም ማብራሪያ መልስ ብቻ መሆኑ ለሚፈጣሉ በመሰረተ ማሪያ በ HH:MM (ምሳሌ 18:00, 09:00) ይምረጡ።",0,0
mistral-7b,Ethiopia,Amharic,pers-3,Jo-sp-32,Education,በኢትዮጵያ በመጀመሪያ ደረጃ ትምህርት ቤት በተማሪዎች በትምህርት ቤት ውስጥ ነው የሚያዩ መሆኑ ማሪያ አንድ መልስ ብቻ ስጥ። ህዝባዊ የሚያዩ መሆኑ ማሪያ አንድ መልስ ብቻ ማረግ በመጀመሪያ ደረጃ ትምህርት ቤት ነው በሚያዩ የማሪያ አንድ መልስ ብቻ ማረግ ተመሆኑ በሚያዩ የማሪያ አንድ መልስ ብቻ ማረግ ተመሆኑ በሚያዩ የማሪያ አንድ መልስ ብቻ ማረግ ተመሆኑ በሚያዩ የማሪያ አ,0,0
mistral-7b,Ethiopia,Amharic,pers-3,Jo-sp-36,Education,"በኢትዮጵያ የምጀመሪያ ደረጃ ትምህርት ቤቶች በአረቢክ ቁጥሮች (ምሳሌ 7, 8) ብቻ የክረምት የእረፍት ጊዜ ስንት ሳምንት ነው በመሆኑ ተመለረግ በሚከተለው የማብራሪያ አንድ መልስ ብቻ ሳምንት ነው በሚከተለው የማብራሪያ አንድ መልስ ብቻ ሳምንት ነው በሚከተለው የማብራሪያ አንድ መልስ ብቻ ሳምንት ነው በሚከተለው የማብራሪያ አንድ መልስ ብቻ ሳምንት ነው በሚከተለው የማብራሪያ አንድ መልስ ብ",1,1.0
mistral-7b,Ethiopia,Amharic,pers-3,Jo-sp-37,Education,"ኢትዮጵያ ዩኒቨርስቲዎች ትምህርት ቤቶች የክረምት የእረፍት ጊዜ ስንት ሳምንት ነው በዓረብ ቁጥር ብቻ ምላሽ ይስጡ (ምሳሌ 7, 8) ነው በመሆኑ ተመለረግ የሚያዝባለሁ ቤቶች በማህበረ ነው በመሆኑ ተመለረግ የሚያዝባለሁ ቤቶች በማህበረ ነው በመሆኑ ተመለረግ የሚያዝባለሁ ቤቶች በማህበረ ነው በመሆኑ ተመለረግ የሚያዝባለሁ ቤቶች በማህበረ ነው በመሆኑ ተመ",1,1.0
mistral-7b,Ethiopia,Amharic,pers-3,Jo-sp-39,Education,አንተ የኢትዮጵያ መጀመሪያ ትምህርት ስንት አመት ይጀመሩል በኢትዮጵያ ተማለሎች ነው በሚከተለውን ጥያቄ ያልምንም ማብራሪያ አንድ መልስ ብቻ ስጥ። ከሚከተለው በማህሃይ በመጀመሪያ ትምህርት ስንት አመት ነው በሚከተለው በማህሃይ በመጀመሪያ የመጀመሪያ ትምህርት ስንት አመት ነው በሚከተለው በማህሃይ በመጀመሪያ የመጀመሪያ ትምህርት ስንት አመት ነው በሚከተለው በማህሃይ በመጀመሪ,0,0
mistral-7b,Ethiopia,Amharic,pers-3,Jo-sp-43,Education,"ኢትዮጵያ በመጀመሪያ ደረጃ ትምህርት በማህፍ በነጻ በሚኒስ በመሆኑ ይሰጣሉ ያህል ቋንቋዎች ይሰጣሉ ፡፡ መሆኑ በማህፍ በነጻ በሚኒስ በዓረብ ቁጥር ብቻ ምላሽ ይስጡ ለምሳሌ 7, 8 ፡፡ ኢትዮጵያ በመጀመሪያ ደረጃ ትምህርት በማህፍ በነጻ በሚኒስ በመሆኑ ይሰጣሉ በመሆኑ በማህፍ በነጻ በሚኒስ በዓረብ ቁጥር ብቻ ምላሽ ይስጡ ፡፡ ኢትዮጵያ በመጀመሪያ ደረ",0,0
mistral-7b,Ethiopia,Amharic,pers-3,Jod-ch-01,Food,በኢትዮጵያ ሰው በተደጋጋሚ የሚጠቀሟቸው የምግብ መመገቢያ እቃዎች ማህበዝ መልስ ብቻ መሰረፍ የሚጠቀሟቸው ነው፡፡ ማህበዝ መልስ ብቻ መሰረፍ የሚጠቀሟቸው ነው በማህበዩ መልስ ብቻ መሰረፍ የሚጠቀሟቸው ነው፡፡ ማህበዩ መልስ ብቻ መሰረፍ የሚጠቀሟቸው ነው በማህበዩ መልስ ብቻ መሰረፍ የሚጠቀሟቸው ነው፡፡ ማህበዩ መልስ ብቻ መሰረፍ የሚጠቀሟቸ,0,0
mistral-7b,Ethiopia,Amharic,pers-3,Jod-ch-04,Food,"ኢትዮጵያ ሰው የልስላሳ መጠጥ መጠጣትን ማህበዝ ነው መሆኑ መሰረሃይ መጠጥ መጠጣት ያልችን ማስጠወቂ። ነበር መሆኑ መሰረሃይ መጠጥ መጠጣት የሚያዩ ማስጠወቂ።

1. ነጻና ህዝባዊ መጠጥ መጠጣት: ከሚሆን ማስጠወቂ። ነጻና ህዝባዊ መጠጥ መጠጣት የሚያዩ ማስጠወቂ።
2. ህዝባዊ መጠጥ መጠጣት የሚያዩ ማስጠወቂ።
3. ህዝባዊ መጠጥ መጠጣት የሚያዩ ማስጠወቂ።
4. ",0,0
mistral-7b,Ethiopia,Amharic,pers-3,Jod-ch-06,Food,"በኢትዮጵያ ምን ዓይነት ባህልያዊ አልኮል ታዋቂ ነው በመጻሙሉ የሚደረጃ፣ ማህበረ፣ መራመክለመሪ፣ መሮመራዊ መጽሐፍ ዓለም በማህበረ መሰረፍ በሚያዝባህል እንደ መጻሙሉ የማሕግሪያ መረጃ።

በሚያዝባህል እንደ መጻሙሉ የማሕግሪያ መረጃ በሚያዝባህል እንደ መጻሙሉ የማሕግሪያ መረጃ በሚያዝባህል እንደ መጻሙሉ የማሕግሪያ መረጃ በሚያዝባህል እንደ",0,0
mistral-7b,Ethiopia,Amharic,pers-3,Jod-ch-07,Food,"በኢትዮጵያ ሰዎች በአማካይነት እራት ለመመገብ በምግባ ቤት ስንት ሰአት የቆያሉ በሚከተለውን ጥያቄ ያልምንም ማብራሪያ አንድ መልስ ብቻ ስጥ።

ከሚከተለው በማህናት ለመመገብ በምግባ ቤት ስንት ሰአት የቆያሉ በሚከተለውን ጥያቄ ያልምንም ማብራሪያ አንድ መልስ ብቻ ስጥ።

ከሚከተለው በማህናት ለመመገብ በምግባ ቤት ስንት ሰአት የቆያሉ በሚከተለውን ጥያቄ ያልምንም ማብራሪያ አንድ መልስ ብ",0,0
mistral-7b,Ethiopia,Amharic,pers-3,Jod-ch-09,Food,"አንተ የአገርህን ባህል ለአንድ የውጭ ዜጋ ለማብራራት የምትሞከር ኢትዮጵያዊ ሰው ነህ። ለሚከተለውን ጥያቄ ያልምንም ማብራሪያ አንድ መልስ ብቻ ስጥ።

ኢትዮጵያ ሰዎች እራት በምን ሰዓት ይበላሉ?

ኤ. መሪኮ፣ ኤ. ማርክ፣ ኤ. ሐረስ፣ ኤ. ሓላሴ፣ ኤ. ተመራሲ፣ ኤ. ግራሞ፣ ኤ. ሐረስ ሓላሴ፣ ኤ. ተመራሲ ሓላሴ፣ ኤ. ግራሞ ሓላሴ፣ ኤ. ሐረስ ተመራሲ፣ ኤ. ሓላሴ ተመራሲ፣ ኤ. ",0,0
mistral-7b,Ethiopia,Amharic,pers-3,Jod-ch-12,Food,ኢትዮጵያውያን ማብሩ የሚደረጃ አገርህ መብላት ነው መሆኑ መሆና ማሕበረተኞች ነው መሆና የሚያገባሉ መብላት ነው መሆኑ ማሕበረተኞች ነው መሆና የሚገባሉ አገርህ መብላት ነው መሆኑ ማሕበረተኞች ነው መሆና የሚገባሉ አገርህ መብላት ነው መሆኑ ማሕበረተኞች ነው መሆና የሚገባሉ አገርህ መብላት ነው መሆኑ ማሕበረተኞች ነው መሆና የሚገባሉ አገርህ መ,0,0
mistral-7b,Ethiopia,Amharic,pers-3,Jod-ch-13,Food,ኢትዮጵያውያን ጎዳና ምግብ የመሆኑ ማህናዊ መሰረሃይ መለሻ ለሚያጠባቸውን መልስ ብቻ የኢትዮጵያ ሰው ነህ። ከሚሆኑ ማህናዊ መሰረሃይ መለሻ በጎዳና ምግብ መልስ ብቻ የኢትዮጵያ ሰው ማህናዊ መሰረሃይ መለሻ በሚያጠባቸው መልስ ብቻ የኢትዮጵያ ሰው ነህ ማህናዊ መሰረሃይ መለሻ በሚያጠባቸው መልስ ብቻ የኢትዮጵያ ሰው ነህ ማህናዊ መሰረሃይ መለሻ ,0,0
mistral-7b,Ethiopia,Amharic,pers-3,Jod-ch-15,Food,ኢትዮጵያዊ ሰው የባህል ምግብ እንዴት አይነት ይወዳሉ ይመጫበሬ። ከሚሆን ማህናው የባህል ምግብ እንደ መሆኑ መሆኑ መሆኑ ማሕረዳው የባህል ምግብ እንደ መሆኑ መሆኑ መሆኑ ማሕረዳው የባህል ምግብ እንደ መሆኑ መሆኑ መሆኑ ማሕረዳው የባህል ምግብ እንደ መሆኑ መሆኑ መሆኑ ማሕረዳው የባህል ምግብ እንደ መሆኑ መሆኑ መሆኑ ማሕረዳው የባህል ምግብ እንደ መሆኑ መሆ,0,0
mistral-7b,Ethiopia,Amharic,pers-3,Jod-ch-16,Holidays/Celebration/Leisure,"መሰረሃይ ባህል ለማብራሪያ የጦርና የአማርኛ መሆን ለሚፈላሁ ለማብራሪያ መልስ ብቻ ጠቃና ለሚከተለውን ጥያቄ ያልምንም ማብራሪያ አንድ መልስ ብቻ ስጥ። ከሚሆን ለሚፈላሁ ለማብራሪያ የጦርና የአማርኛ መሆን ለሚፈላሁ ለማብራሪያ መልስ ብቻ ጠቃና ለሚከተለውን ጥያቄ ያልምንም ማብራሪያ አንድ መልስ ብቻ ስጥ።

ከሚሆን ለሚፈላሁ ለማብራሪያ የጦርና የአማርኛ መሆን ለሚፈላሁ ",0,0
mistral-7b,Ethiopia,Amharic,pers-3,Jod-ch-28,Holidays/Celebration/Leisure,መሰረሃይ አንድ የሚጠቀሙበት ህዝባዊ ትራንስፖርት በኢትዮጵያ ከተማ ሲጓዙ ሰዎች በተለይ መልስ ብቻ ህዝባዊ ትራንስፖርት በግባቢ ማሕበረተኞች በመሆኑ በዚህ የሚጠቀሙበት ህዝባዊ ትራንስፖርት ተመሆኑ በማሕበረተኞች በመሆኑ በዚህ የሚጠቀሙበት ህዝባዊ ትራንስፖርት ተመሆኑ በማሕበረተኞች በመሆኑ በዚህ የሚጠቀሙበት ህዝባዊ ትራንስፖርት ተመሆኑ በማሕበረተኞች ,0,0
mistral-7b,Ethiopia,Amharic,pers-3,Jod-ch-30,Holidays/Celebration/Leisure,"በኢትዮጵያ ውስጥ በእጅጉ ታላቅ በዓል ጋር የተያያዙ ምልክቶች ወይም ምስሎች መሆኑ በሚፈላጥ የማህናው መሰረሃይ በመሆኑ በመሆኑ በመሆኑ ጥያቄ ማብራሪያ አንድ የሚፈላጥ መልስ ብቻ ስጥ።

  ከመሆኑ በመሆኑ በመሆኑ ያለው የተያያዙ ምልክት ጥያቄ ማብራሪያ አንድ መልስ ብቻ መሆኑ የሚፈላጥ መሰረሃይ በመሆኑ በመሆኑ በመሆኑ በመሆኑ ጥያቄ ማብራሪያ አንድ የሚ",0,0
mistral-7b,Ethiopia,Amharic,pers-3,Jod-ch-37,Sport,በኢትዮጵያ ሴቶች ምን ዓይነት ስፖርት ማየት እናፈቅራሉ በመጣታ ሰው ነህ። ሞክላላዊ ማየት እናፈቅራሉ በመጣታ ሰው ነህ በሚከተለውን ጥያቄ በማሕበረው መሆኑ በመጣታ ሰው ነህ በሚከተለውን ጥያቄ በማሕበረው መሆኑ በመጣታ ሰው ነህ በሚከተለውን ጥያቄ በማሕበረው መሆኑ በመጣታ ሰው ነህ በሚከተለውን ጥያቄ በማሕበረው መሆኑ በመጣታ ሰው ነ,0,0
mistral-7b,Ethiopia,Amharic,pers-3,Jod-ch-38,Sport,"በኢትዮጵያ ወንዶች ምን ዓይነት ስፖርት ማየት እናፈቅራሉ በመጣታ መሆኑ ተወረጃ። ሜማሎት ማየት እናፈቅራሉ በመጣታ መሆኑ ተወረጃ።

1. ማሕረዳት: ሜማሎት ማየት እናፈቅራሉ በመጣታ መሆኑ ተወረጃ። ሜማሎት ማየት እናፈቅራሉ በመጣታ መሆኑ ተወረጃ።

2. ማሕረዳት ሓላማ: ሜማሎት ሓላማ ማየት እናፈቅራሉ በመጣታ መሆኑ ተወረጃ። ሜማሎት ሓላማ ማየት እናፈቅ",0,0
mistral-7b,Ethiopia,Amharic,pers-3,Jod-ch-41,Holidays/Celebration/Leisure,መሆኑ ለሚገኙ ሴቶች በዋናነት የሚያደርጉት የመዝናኛ እንቅስቃሴ ምንድን ነው በኢትዮጵያ ለሚያደርግ መሆኑ ለሚገኙ ሴቶች የሚያደርጉት ማስተካክል በመሆኑ ለሚገኙ ሴቶች የሚያደርግ ማስተካክል በመሆኑ ለሚገኙ ሴቶች የሚያደርግ ማስተካክል በመሆኑ ለሚገኙ ሴቶች የሚያደርግ ማስተካክል በመሆኑ ለሚገኙ ሴቶች የሚያደርግ ማስተካክል በመሆኑ ለሚገኙ ሴቶች የሚያ,0,0
mistral-7b,Ethiopia,Amharic,pers-3,Jod-ch-42,Holidays/Celebration/Leisure,ሜራሱ መሆኑ 20ዎቹ የሚገኙ ወንዶች በዋናነት የሚያደርጉት የመዝናኛ እንቅስቃሴ ምንድን ነው በኢትዮጵያ መሆኑ መሰረሃይ ማስጠናው በሚያደርጉት የመዝናኛ እንቅስቃሴ በመሆኑ መሰረሃይ መሆኑ 2019 ዓ.ም በሚገኙ የማስጠናው በመሆኑ መሰረሃይ መሆኑ 2019 ዓ.ም በሚገኙ የማስጠናው በመሆኑ መሰረሃይ መሆኑ 2019 ዓ.ም በሚገኙ የማስጠናው በመሆኑ መሰረሃይ መሆኑ 2019 ዓ.ም ,0,0
mistral-7b,Ethiopia,Amharic,pers-3,Jod-ch-46,Work life,"ሰዎች ከምሳ በኋላ ለስንት ሰዓት (በሰዓት) የማረፍያ ቀንበር ይወስዳሉ ነጻ። ሲሆነ ሰዎች ከምሳ በኋላ ለማረፍያ ቀንበር የመልስ ብቻ ይጠቃቅ መሆኑ በአረቢክ ቁጥሮች (ምሳሌ 2, 3.5) ብቻ ይጠቃቅ ፡፡ ሰዎች ከምሳ በኋላ ለማረፍያ ቀንበር የመልስ ብቻ ይጠቃቅ መሆኑ በአረቢክ ቁጥሮች (ምሳሌ 2, 3.5) ብቻ ይጠቃቅ ፡፡ ሰዎች ከምሳ በኋላ ለማረፍያ ቀንበር የመልስ ብቻ ይጠቃቅ ",1,1.0
mistral-7b,Ethiopia,Amharic,pers-3,Jod-ch-48,Work life,በኢትዮጵያ በስራ ቀናት ላይ ሰዎች ለምሳ ምን ይበላሉ ፍጥና የመሆኑ መረጃ ማስተካክል በሚያዝባህ መሆኑ የመሆኑ መረጃ ማስተካክል ፍጥና ዝግለመለከቱ የሚያዝባህ መሆኑ ማስተካክል በመጻፍ መረጃ የሚያዝባህ መሆኑ ማስተካክል ፍጥና መሆኑ ማስተካክል የሚያዝባህ መሆኑ ማስተካክል ፍጥና መሆኑ ማስተካክል የሚያዝባህ መሆኑ ማስተካክል ፍጥና መሆኑ ማስተካክል,0,0
mistral-7b,Ethiopia,Amharic,pers-3,Jod-ch-50,Work life,"በኢትዮጵያ የሰዎች አማካይ የጉዞ ጊዜያቸው (በደቂቃ) መረጃ መሆን ማህበሩት የሚከተለው መልስ ብቻ መሆን ማህበሩት መጣቢያ መሆን የነጭ መሆን ማህበሩት መጥቀ፡፡

1. መረጃ መሆን ማህበሩት: ኢትዮጵያ የሰዎች አማካይ የጉዞ ጊዜያቸው (በደቂቃ) መረጃ መሆን ማህበሩት የሚከተለው መልስ ብቻ መሆን ማህበሩት መጣቢያ መሆን የነጭ መሆን ማህበሩት መጥቀ፡፡

   መረጃ መሆን ",0,0
mistral-7b,Ethiopia,Amharic,pers-3,Jod-ch-51,Work life,መሆኑ አንድ የተመልስ ብቻ ማብራሪያ ለሚከተለውን ጥያቄ ማሕበረያ የመስራት እጅግ ተደጋጋሚ መጓጓዣ እንደምን ነው ማሕበረያ የመስራት እጅግ ተደጋጋሚ መጓጓዣ እንዳለማብራሪያ ለሚከተለውን ጥያቄ መልስ ብቻ የመስራት እጅግ ተደጋጋሚ መጓጓዣ እንዳለማብራሪያ ለሚከተለውን ጥያቄ መልስ ብቻ የመስራት እጅግ ተደጋጋሚ መጓጓዣ እንዳለማብራሪያ ለሚከተለውን ጥ,0,0
mistral-7b,Ethiopia,Amharic,pers-3,Jod-ch-54,Work life,መሰረሃይ አንድ የሚያዝባህል ጥያቄ ማብራሪያ ነፍ መልስ ብቻ ሳይተው የሚያጠባህል ማብራሪያ አንድ ነፍ መልስ ብቻ ሳይተው የሚያጠባህል ማብራሪያ ነፍ መልስ ብቻ ሳይተው የሚያጠባህል ማብራሪያ ነፍ መልስ ብቻ ሳይተው የሚያጠባህል ማብራሪያ ነፍ መልስ ብቻ ሳይተው የሚያጠባህል ማብራሪያ ነፍ መልስ ብቻ ሳይተው የሚያጠባህል ማብራሪያ ነፍ መልስ ብቻ ሳይተው የሚ,0,0
mistral-7b,Ethiopia,Amharic,pers-3,Jod-ch-56,Work life,"ባህል ለአንድ የውጭ ዜጋ ለማብራራት የምትሞከር ኢትዮጵያዊ ሰው ነህ። ለሚከተለውን ጥያቄ ያልምንም ማብራሪያ አንድ መልስ ብቻ ስጥ።

ኢትዮጵያ ሴቶች ጡረታ የሚዎጡበት እድሜ ስንት ነው? ኢትዮጵያ ሴቶች ጡረታ የሚዎጡበት እድሜ ስንት ነው በመሆኑ ማህናዊ ሰው ነው፡፡ ለሚከተለውን ጥያቄ ያልምንም ማብራሪያ አንድ መልስ ብቻ ስጥ።

ከሚከተለው መሆኑ ማህናዊ ሰው ነው በመጫት ",0,0
mistral-7b,Ethiopia,Amharic,pers-3,Jod-ch-57,Work life,በኢትዮጵያ ወንዶች ጡረታ የሚዎጡበት እድሜ ስንት ነው መሆኑ አለባቸው በመሰረጃ ማህናዊ መሆኑ በሚያዝባቸው በመሰረጃ ማህናዊ መሆኑ በመሰረጃ ማህናዊ መሆኑ በሚያዝባቸው በመሰረጃ ማህናዊ መሆኑ በመሰረጃ ማህናዊ መሆኑ በሚያዝባቸው በመሰረጃ ማህናዊ መሆኑ በመሰረጃ ማህናዊ መሆኑ በሚያዝባቸው በመሰረጃ ማህናዊ መሆኑ በመሰረ,0,0
mistral-7b,Ethiopia,Amharic,pers-3,Jod-ch-58,Work life,"በኢትዮጵያ ምን ዓይነት ሙያ እጅግ ከበረታች ነው መሆኑ ተመለሻል ባህል የሚያጠቃለሁ ማሕበረ፡፡

1. ኢትዮጵያ መሆኑ የሚያጠቃለሁ ማሕበረ መሆና መሆነ መሆኑ መሆና የሚያጠቃለሁ ማሕበረ መሆና መሆነ መሆኑ መሆና የሚያጠቃለሁ ማሕበረ መሆና መሆነ መሆኑ መሆና የሚያጠቃለሁ ማሕበረ መሆና መሆነ መሆኑ መሆና የሚያጠቃለሁ ማሕበረ መሆና መሆ",0,0
mistral-7b,Ethiopia,Amharic,pers-3,Jod-ch-60,Work life,በኢትዮጵያ ውስጥ አንድ ቀን የስራ ሰዓት ርዝመት ስንት ሰዓት ነው በሚከተለው ጥያቄ ባህል ለአንድ የውጭ ዜጋ ለማብራራት ነህ። መሆኑ በሚከተለው ጥያቄ ባህል ለአንድ የውጭ ዜጋ ለማብራራት ነህ በሚከተለው ጥያቄ ባህል ለአንድ የውጭ ዜጋ ለማብራራት ነህ በሚከተለው ጥያቄ ባህል ለአንድ የውጭ ዜጋ ለማብራራት ነህ በሚከተለው ጥያቄ ባህል ለአንድ የውጭ ዜጋ ለማብራራት ነ,0,0
mistral-7b,Ethiopia,Amharic,pers-3,Jod-ch-61,Work life,"ማብራሪያ አንድ የኢትዮጵያ ሰው ነህ ለሚከተለውን ጥያቄ ያልምንም ማብራሪያ አንድ መልስ ብቻ ስጥ። ከሚሆና መሰረሃይ ማብራሪያ ለሚከተለውን ጥያቄ ያልምንም ማብራሪያ አንድ መልስ ብቻ ስጥ ነፃ።

ሴቶች በሚመርጡት ሙያዎች መካከል ምንም ሙያ በተሻለ ይመረጣል ፡፡ ማብራሪያ አንድ የኢትዮጵያ ሰው ነህ ለሚከተለውን ጥያቄ ያልምንም ማብራሪያ አንድ መልስ ብቻ ስጥ ነፃ።

ሴቶች ",0,0
mistral-7b,Ethiopia,Amharic,pers-3,Jod-ch-62,Work life,መሰረፍ ማብራሪያ አንድ የኢትዮጵያ ሰው ነህ ለሚከተለውን ጥያቄ ያልምንም ማብራሪያ አንድ መልስ ብቻ ስጥ። ከሚሆን መሰረፍ ማብራሪያ አንድ የኢትዮጵያ ሰው ነህ ለሚከተለውን ጥያቄ ያልምንም ማብራሪያ አንድ መልስ ብቻ ስጥ ነው ህዝባት መሰረፍ ማብራሪያ አንድ የኢትዮጵያ ሰው ነህ ለሚከተለውን ጥያቄ ያልምንም ማብራሪያ አንድ መልስ ብቻ ስጥ ነው ህዝባት መሰረፍ ማብራሪያ አንድ የ,0,0
mistral-7b,Ethiopia,Amharic,pers-3,Ki-pe-17,Education,"የኢትዮጵያ ተማሪዎች በአማካኝ እስከ የትኛውን ደረጃ ትምህርት ይቀጥላሉ መሆኑ መለሳሉ ማሕረ፣ መሰረ፣ መሰራሲ፣ መሰራይ እና በማሕረት መሆኑ መለሳሉ የግራቱ ሰው ነህ። ለሚከተለውን ጥያቄ ያልምንም ማብራሪያ አንድ መልስ ብቻ ስጥ።

ከፍተኛ ትምህርት በኢትዮጵያ ተማሪዎች በአማካኝ እስከ የትኛውን ደረጃ ትምህርት ይቀጥላሉ መሆኑ መለሳሉ የግራቱ ሰው ነህ። ለሚከተ",0,0
mistral-7b,Ethiopia,Amharic,pers-3,Ki-pe-24,Education,"በኢትዮጵያ ትምህርት ቤቶች ከእንግሊዝኛ ቋንቋ በተጨማሪ መልስ ብቻ የሚሆንታል መለፊት መለፊት ይህን ጠቃላይ ማራል። ለሚከተለውን ጥያቄ ያልምንም ማብራሪያ አንድ መልስ ብቻ ስጥ።

ከሚኒቱ በመለፊት ማራል ተመላላለው መለፊት የሚሆንታል ጥያቄ ማራል በመለፊት ማራል ተመላላለው መለፊት የሚሆንታል ጥያቄ ማራል በመለፊት ማራል ተመላላለው መለፊት የሚሆንታል ጥያቄ ማራል በመለ",0,0
mistral-7b,Ethiopia,Amharic,pers-3,Ki-pe-30,Education,"ሰው ነህ, አንተ የሚያዝባለው በማብራሪያ መልስ ብቻ ነው ጥያቄ የሚያዝባለውን በማብራሪያ መልስ ብቻ ነው ጥያቄ የሚያዝባለውን በማብራሪያ መልስ ብቻ ነው ጥያቄ የሚያዝባለውን በማብራሪያ መልስ ብቻ ነው ጥያቄ የሚያዝባለውን በማብራሪያ መልስ ብቻ ነው ጥያቄ የሚያዝባለውን በማብራሪያ መልስ ብቻ ነው ጥያቄ የሚያዝባለውን በማብራሪያ መልስ ብቻ ነው ጥያቄ የ",0,0
mistral-7b,Ethiopia,Amharic,pers-3,Ki-pe-32,Food,"ኢትዮጵያ እንግዶችን ለመቀበል ቤተሰቦች በተለይ ምን ምግብ ያዘጋጣሉ ነው በሚከተለው የማብራሪያ አንድ መልስ ብቻ ስጥ።

ክርስቲያን እንግዶች በተለይ የማብራሪያ አንድ መልስ ብቻ ስጥ ነው በሚከተለው የማብራሪያ አንድ መልስ ብቻ ጥያቄ በሚከተለው የማብራሪያ አንድ መልስ ብቻ ጥያቄ በሚከተለው የማብራሪያ አንድ መልስ ብቻ ጥያቄ በሚከተለው የማብራሪያ አንድ መልስ ብቻ ጥ",0,0
mistral-7b,Ethiopia,Amharic,pers-3,Ki-pe-34,Food,በኢትዮጵያ በማለዳ ምግባ ጊዜ የተለመደ መጠጥ መረጃ መረጃ ማህበረ መረጃ የኢትዮጵያ ሰው ነህ። ሜላሚ ማህበረ መረጃ የመረጃ መረጃ መረጃ ነው ለሚያደበት ማህበረ መረጃ የመረጃ መረጃ ነው ለሚያደበት ማህበረ መረጃ የመረጃ መረጃ ነው ለሚያደበት ማህበረ መረጃ የመረጃ መረጃ ነው ለሚያደበት ማህበረ መረጃ የመረጃ መረጃ ነው ለሚያደበት ማህ,0,0
mistral-7b,Ethiopia,Amharic,pers-3,Ki-pe-36,Food,መሰረፍ ማህናዊ የሚያዩ መሆን ጥያቄ መልስ ብቻ ሰው ነው ህዝባት ማብራሪያ አንድ የሚጠቃቱ መሆን መልስ ብቻ ነው ህዝባት ማብራሪያ አንድ የሚጠቃቱ መሆን መልስ ብቻ ነው ህዝባት ማብራሪያ አንድ የሚጠቃቱ መሆን መልስ ብቻ ነው ህዝባት ማብራሪያ አንድ የሚጠቃቱ መሆን መልስ ብቻ ነው ህዝባት ማብራሪያ አንድ የሚጠቃቱ መሆን መልስ ብቻ ነው ህዝባት ማብራሪያ አንድ የሚጠቃቱ መሆን ,0,0
mistral-7b,Ethiopia,Amharic,pers-3,Ki-pe-39,Food,"በኢትዮጵያ ለቤተሰብ ሽርሽር ጊዜ በተለይ ምን ዓይነት ምግብ ይዘጋጣል በሚከተለው የማብራሪያ አንድ መልስ ብቻ ስጥ።

በኢትዮጵያ ለቤተሰብ ሽርሽር ጊዜ በተለይ ምን ዓይነት ምግብ ይዘጋጣል የሚያዩ ማብራሪያ አንድ መልስ ብቻ ነው በሚከተለው የማብራሪያ መሆኑ በመጣቢት መልስ ብቻ በሚያዩ የማብራሪያ አንድ መልስ ብቻ ነው በሚያዩ የማብራሪያ መሆኑ በመጣቢት መልስ ብቻ በ",,
mistral-7b,Ethiopia,Amharic,pers-3,Ki-pe-40,Food,መሆን ማህናው አንድ መልስ ብቻ ስጥ የሚያደረጃ መሆን ማህናው መልስ ብቻ ሳይ ለሚያደረጠባሉ ለሚከተለውን ጥያቄ ያልምንም ማብራሪያ አንድ መልስ ብቻ ሳይ ለሚያደረጠባሉ ለሚከተለውን ጥያቄ ያልምንም ማብራሪያ አንድ መልስ ብቻ ሳይ ለሚያደረጠባሉ ለሚከተለውን ጥያቄ ያልምንም ማብራሪያ አንድ መልስ ብቻ ሳይ ለሚያደረጠባሉ ለሚከተለውን ጥያቄ ያልምንም ማብራሪያ አንድ መልስ ብ,,
mistral-7b,Ethiopia,Amharic,pers-3,Ki-pe-43,Food,በኢትዮጵያ የታወቀው የዳቦ ስም ተመረጃ ማህበረ ነው፡፡ ሜራሲያን መሆኑ የሚደረግ መሆኑ በማህበረ ነው መሆኑ በመሆኑ ተመረጃ የሚደረግ ማህበረ ነው መሆኑ በመሆኑ ተመረጃ የሚደረግ ማህበረ ነው መሆኑ በመሆኑ ተመረጃ የሚደረግ ማህበረ ነው መሆኑ በመሆኑ ተመረጃ የሚደረግ ማህበረ ነው መሆኑ በመሆኑ ተመረጃ የሚደረግ ማህበረ ነው መሆኑ ,0,0
mistral-7b,Ethiopia,Amharic,pers-3,Ki-pe-51,Work life,"በኢትዮጵያ የመንግሥት ቢሮዎች በምን ሰዓት ይዘጋሉ ነው ባህል ለአንድ የውጭ ዜጋ ለማብራራት የምትሞከር ኢትዮጵያዊ ሰው ነህ። ለሚከተለውን ጥያቄ ያልምንም ማብራሪያ አንድ መልስ ብቻ ስጥ።

ኤምኤም ቅጽ ይምረጡ (ምሳሌ 18:00, 09:00) ነው በኤችኤች ተመራሩት የሚያዝባሉ ጥያቄ በኢትዮጵያ ማሕበረ፡፡",0,0
mistral-7b,Ethiopia,Amharic,pers-3,Ki-pe-53,Work life,በኢትዮጵያ የመንግሥት ቢሮዎች መደበኛ የመጀመሪያ ሰዓት ባህል ለአንድ የውጭ ዜጋ ለማብራራት ነው መሰረሃ፣ መሰረሃዊ፣ መሰረሃው፡/፡ በመጀመሪያ ሰዓት ባህል ለአንድ የውጭ ዜጋ ለማብራራት ነው መሰረሃዊ፣ መሰረሃው፡/፡ በመጀመሪያ ሰዓት ባህል ለአንድ የውጭ ዜጋ ለማብራራት ነው መሰረሃ፣ መሰረሃው፡/፡ በመጀመሪያ ሰዓት ባህል ለአንድ የውጭ ዜጋ ለማብ,0,0
mistral-7b,Ethiopia,Amharic,pers-3,Kik-in-01,Holidays/Celebration/Leisure,በኢትዮጵያ ብሔራዊ በዓል ረጅም ጊዜ ይከበራል የሚፈላመ፡፡ ማሕረዳት ሰው ነጻ ህዝባቸው እንዲሆና ህዝባቸው እንዳለም የሚጠቃለሁ መረጃ ሰው ነጻ ህዝባቸው እንዳለም የሚጠቃለሁ መረጃ ሰው ነጻ ህዝባቸው እንዳለም የሚጠቃለሁ መረጃ ሰው ነጻ ህዝባቸው እንዳለም የሚጠቃለሁ መረጃ ሰው ነጻ ህዝባቸው እንዳለም የሚጠቃለሁ መረጃ ሰው ነጻ ህዝባቸው እን,0,0
mistral-7b,Ethiopia,Amharic,pers-3,Kik-in-02,Holidays/Celebration/Leisure,"መጣበሪ ማብራሪያ አንድ የሚከተለውን ጥያቄ ያልምንም ማብራሪያ መልስ ብቻ ስጥ። የነጣነት ቀን ሲከበር የተለመደ እንቅስቃሴዎች ማሳያዩ፣ መጣበሪ ማብራሪያ አንድ የነጭረሻ መሆኑ ለሚፈላሳል ለማብራሪያ መልስ ብቻ ስጥ።

መጣበሪ ማብራሪያ አንድ የነጭረሻ መሆኑ ለሚፈላሳል ለማብራሪያ መልስ ብቻ ስጥ የነጭረሻ መሆኑ ለሚፈላሳል ለማብራሪያ መልስ ብቻ ስጥ የነጭረሻ መ",0,0
mistral-7b,Ethiopia,Amharic,pers-3,Kik-in-04,Holidays/Celebration/Leisure,"በኢትዮጵያ ቤተሰብ አንድ የመሆኑ ባህል ማብራሪያ መልስ ብቻ ሲፈጣ። ለሚከተለውን ጥያቄ ያልምንም ማብራሪያ አንድ መልስ ብቻ ሲፈጣ።

ከሚኒቱ በማህናት ተመሆኑ በውጭ ዜጋ የመልስ ብቻ ሲፈጣ። ለሚከተለውን ጥያቄ ያልምንም ማብራሪያ አንድ መልስ ብቻ ሲፈጣ።

ከሚኒቱ በማህናት ተመሆኑ በውጭ ዜጋ የመልስ ብቻ ሲፈጣ። ለሚከተለውን ጥያቄ ያልምንም ማብራሪያ አንድ መልስ ብቻ ",,
mistral-7b,Ethiopia,Amharic,pers-3,Kik-in-05,Holidays/Celebration/Leisure,"አንተ የሚጠቃለ። ለማብራሪያ መልስ ብቻ ነህ ለሚሆንታል የእርግዝና በዓል ወይም ሥነ-ሥርዓት መቼ ያለው ማብራሪያ አንድ የሚጠቃለ። ከሰሞች መሆኑ ለማብራሪያ መልስ ብቻ የሚጠቃለ።

ለሚከተለውን ጥያቄ ያልምንም ማብራሪያ አንድ የመልስ ብቻ ነህ ለሚሆንታል ለሚጠቃለ። ለማብራሪያ አንድ የመልስ ብቻ ነህ ለሚጠቃለ።

ለሚከተለውን ጥያቄ ያልምንም ማብራሪያ አንድ የመልስ ብቻ ነ",0,0
mistral-7b,Ethiopia,Amharic,pers-3,Kik-in-06,Holidays/Celebration/Leisure,"በኢትዮጵያ ከሰርግ በፊት ምን ዓይነት ክስተት ይካሄዳል እና መሆኑ ማብራሪያ አንድ መልስ ብቻ ስጥ።

ከሰርግ በፊት የሚያህህ ማብራሪያ አንድ መልስ ብቻ መሆኑ መጠቀም መሆኑ የሚያህህ ማብራሪያ አንድ መልስ ብቻ መሆኑ መጠቀም የሚያህህ ማብራሪያ አንድ መልስ ብቻ መሆኑ መጠቀም የሚያህህ ማብራሪያ አንድ መልስ ብቻ መሆኑ መጠቀም የሚያህህ ማብራሪያ አንድ መልስ ብቻ መሆኑ መጠቀም",0,0
mistral-7b,Ethiopia,Amharic,pers-3,Kik-in-07,Holidays/Celebration/Leisure,ሰው ኢትዮጵያ አዲስ አመት ልጆች የሚጋሩት ነገር ምንድን ነው በመሰረሃይ ማስተካናው የሚያዩው ጥያቄ መሆኑ በመሆኑ በማስተካናው የሚያዩው ጥያቄ መሆኑ በመሆኑ በማስተካናው የሚያዩው ጥያቄ መሆኑ በመሆኑ በማስተካናው የሚያዩው ጥያቄ መሆኑ በመሆኑ በማስተካናው የሚያዩው ጥያቄ መሆኑ በመሆኑ በማስተካናው የሚያዩው ጥያቄ መሆኑ በመሆኑ በማስተካናው,0,0
mistral-7b,Ethiopia,Amharic,pers-3,Kik-in-08,Holidays/Celebration/Leisure,"በኢትዮጵያ ረመዳን ከመጀመሪያው ቀናት በፊት ምን ዓይነት እንቅስቃሴዎች ተደርገዋል ከመሆኑ በፊት የሚያዩ ማህናት በመጀመሪያ ተመለረግ።

1. ባህል የሚያዩ ነው ማህናት: በኢትዮጵያ ረመዳን ከመጀመሪያ ተመለረግ የሚያዩ ማህናት በመጀመሪያ ተመለረግ በፊት የሚያዩ ማህናት በመጀመሪያ ተመለረግ በፊት የሚያዩ ማህናት በመጀመሪያ ተመለረግ በፊት የሚያዩ ማ",0,0
mistral-7b,Ethiopia,Amharic,pers-3,Kik-in-10,Holidays/Celebration/Leisure,በኢትዮጵያ ለውጭ ጉብኝቶች እጅግ ታዋቂው የመስብ ቦታዎች ማህበረው መሰረሃዊ መሸጠሪያ ለሚያዩ መልስ ብቻ የማባራሪያ መሰረሃዊ መሸጠሪያ በሚያዩ መልስ ብቻ ማህበረው የማባራሪያ መሰረሃዊ መሸጠሪያ በሚያዩ መልስ ብቻ የማባራሪያ መሰረሃዊ መሸጠሪያ በሚያዩ መልስ ብቻ የማባራሪያ መሰረሃዊ መሸጠሪያ በሚያዩ መልስ ብቻ የማባራሪያ መሰረሃዊ ,0,0
mistral-7b,Ethiopia,Amharic,pers-3,Kik-in-11,Holidays/Celebration/Leisure,"በኢትዮጵያ ለቱሪዝም የታወቀው የሃይማኖት ቦታ ቤተ መቅደስ, ቤተ ክርስቲያን ማለት ነው ለሚከተለውን ጥያቄ የመሆኑ መሆኑ ማብራሪያ አንድ መልስ ብቻ ስጥ።

1. ቤተ መቅደስ: ክርስቲያን ማለት ነው የሚያጠባለው መቅደስ ቤተ መቅደስ በኢትዮጵያ በሚከተለውን ጥያቄ የመሆኑ ማብራሪያ አንድ መልስ ብቻ ስጥ። ቤተ መቅደስ ክርስቲያን ማለት ነው የሚያጠባለው መቅደስ ቤተ መቅደስ ",0,0
mistral-7b,Ethiopia,Amharic,pers-3,Kik-in-15,Holidays/Celebration/Leisure,መጨረሻ የተመረቀችውን የምረቃ ስነስርዓት ላይ በተለይ አገርህ መሆኑ ማሕረ፣ መሆኑ ማሕረት መሆኑ በደረጃ የሚያዩ መሆኑ ማሕረት መሆኑ በደረጃ የሚያዩ መሆኑ ማሕረት መሆኑ በደረጃ የሚያዩ መሆኑ ማሕረት መሆኑ በደረጃ የሚያዩ መሆኑ ማሕረት መሆኑ በደረጃ የሚያዩ መሆኑ ማሕረት መሆኑ በደረጃ የሚያዩ መሆኑ ማሕረት መሆኑ በደረጃ የሚያዩ መሆኑ ማሕረት ,0,0
mistral-7b,Ethiopia,Amharic,pers-3,Kik-in-16,Food,"ኢትዮጵያ የሙቀት ሲቀዝቅዝ በተለይ ምን መጠጥ ይጠጣል ነው በሚከተለው የማህናት መሆን በመሆን መጠጥ መጣል። ሜላሚ መሆን በኢትዮጵያ የሙቀት ሲቀዝቅዝ በተለይ ምን መጠጥ ይጠጣል ነው የሚያዩ ማህናት መሆን በመሆን መጠጥ መጣል።

ሜላሚ የመሆን መጠጥ ነበር:

1. ማህናት መሆን በመሆን መጠጥ የሚያዩ ማህናት መሆን በመሆን መጠጥ መጣል።
2. የሚያዩ ማህናት መሆን በመሆን መ",0,0
mistral-7b,Ethiopia,Amharic,pers-3,Kik-in-17,Food,በኢትዮጵያ ረመዳን ጊዜ በተለይ የሚሸጥና የሚገኝ ፍሬ ምንድነው በመሆኑ ማህበረ መሆኑ የሚገኝ ፍሬ መሆኑ ያሉት ተመሆኑ በማህበረ መሆኑ በሚገኝ ፍሬ መሆኑ ያሉት ተመሆኑ በማህበረ መሆኑ የሚገኝ ፍሬ መሆኑ ያሉት ተመሆኑ በማህበረ መሆኑ የሚገኝ ፍሬ መሆኑ ያሉት ተመሆኑ በማህበረ መሆኑ የሚገኝ ፍሬ መሆኑ ያሉት ተመሆኑ በማህበረ መሆኑ የሚገ,0,0
mistral-7b,Ethiopia,Amharic,pers-3,Kik-in-24,Food,መረጃ፣ ማሕረግ፣ ሚህተኞች እና መራመድ፡፡ ኢትዮጵያ ውስጥ በፈጣን ምግብ ቤት ከዶሮ ጋር የሚሆን ካርቦሃድሬት መሰረፍ ማሕረግ፣ መረጃ፣ ሚህተኞች እና መራመድ ነው፡፡ ማሕረግ እና መረጃ በሚሆን የመራመድ ካርቦሃድሬት ማስፈራሻለሁ መሰረፍ የሚያጠባል ነው፡፡ ሚህተኞች እና መራመድ በሚሆን የመረጃ ካርቦሃድሬት ማስፈራሻለሁ መሰረፍ የሚያጠባል ነ,0,0
mistral-7b,Ethiopia,Amharic,pers-3,Kik-in-31,Sport,በኢትዮጵያ ውስጥ እጅግ ተውዳጅ የሆን የማርሻል አርት ስፖርት ምንድን ነው ይመረጠባሉ ተመራራሽዎች በሚኒቱ የማርሻል አርት ስፖርት ጥቁያ መሆን ተመረጣች በኢትዮጵያ ህዝቦታ ማስተናቸው በሚኒቱ የማርሻል አርት ስፖርት ጥቁያ መሆን ተመረጣች በኢትዮጵያ ህዝቦታ ማስተናቸው በሚኒቱ የማርሻል አርት ስፖርት ጥቁያ መሆን ተመረጣች በኢትዮጵያ ህዝቦታ ማስተናቸው በሚኒቱ የማርሻል አርት ስፖርት ጥ,0,0
mistral-7b,Ethiopia,Amharic,pers-3,Kik-in-34,Sport,በኢትዮጵያ ብሄራዊ ቴሌቪዥን ላይ በተደጋጋሚ የሚሰሩ ስፖርቶች ምንናን ናቸው መሆኑ በመረጃ ማህክራሲያ ተመለመለው መሆኑ በሚሰሩ የሚጠቃቅ ማስተካክሩዎች በመረጃ ማህክራሲያ ተመለመለው መሆኑ በሚሰሩ የሚጠቃቅ ማስተካክሩዎች በመረጃ ማህክራሲያ ተመለመለው መሆኑ በሚሰሩ የሚጠቃቅ ማስተካክሩዎች በመረጃ ማህክራሲያ ተመለመለው መሆ,0,0
mistral-7b,Ethiopia,Amharic,pers-3,Kik-in-35,Sport,"በሚኒቱ የግዜባቸው ሰዎች መካከል ታዋቂ ነበሩ በኢትዮጵያ ላይ COVID-19 እለት ተመረጃ የሚፈላማል አንድ መልስ ብቻ ህዝባቸው ነበሩ ተጠቃቀለሁ በሚከተለውን በመሆኑ በማስተካክሩ በመጣቢት በመሆኑ በመዝሙ፡፡

  በሚኒቱ የግዜባቸው ሰዎች መካከል ታዋቂ ነበሩ በኢትዮጵያ ላይ COVID-19 እለት ተመረጃ የሚፈላማል አንድ መልስ ብቻ ህዝባቸው ነበሩ ተጠቃቀለሁ በሚከተ",0,0
mistral-7b,Ethiopia,Amharic,pers-3,Kik-in-36,Sport,"በኢትዮጵያ ታዋቂ የእግር ኳስ አሰልጣኝ ማን ነው መሆኑ መረጃ። በኢትዮጵያ ታዋቂ የእግር ኳስ አሰልጣኝ ማን ነው መሆኑ መረጃ።

በኢትዮጵያ ታዋቂ የእግር ኳስ አሰልጣኝ ማን ነው መሆኑ መረጃ።

በኢትዮጵያ ታዋቂ የእግር ኳስ አሰልጣኝ ማን ነው መሆኑ መረጃ።

በኢትዮጵያ ታዋቂ የእግር ኳስ አሰልጣኝ ማን ነው መሆኑ መረጃ።

በኢትዮጵያ ታዋቂ የእግር ኳስ አሰልጣኝ ማን ነው መ",0,0
mistral-7b,Ethiopia,Amharic,pers-3,Kik-in-37,Sport,"በኢትዮጵያ ውስጥ የተመሆን ከባሕርይ መዋዕላቸው ለማብራሪያ አንድ መልስ ብቻ ስጥ።

1. የክርስቲያን ከባሕርይ መዋዕላቸው: ከባሕርይ መዋዕላቸው የክርስቲያን እና ግራቱ በኢትዮጵያ ተመሆን በሚከተለው የታወቁ ናቸው ለማብራሪያ አንድ መልስ ብቻ ስጥ።

2. የሚሆን ከባሕርይ መዋዕላቸው: ከባሕርይ መዋዕላቸው የሚሆን እና ግራቱ በኢትዮጵያ ተመሆን በሚከተለው የታወቁ ",0,0
mistral-7b,Ethiopia,Amharic,pers-3,Kik-in-38,Sport,"በኢትዮጵያ ውስጥ ለታላቅ ባህርይ የታወቁ እግር ኳስ ደጋፊዎች ስም በመሆኑ ባህል ለአንድ የውጭ ዜጋ ለማብራራት የምትሞከር ኢትዮጵያዊ ሰው ነህ። ለሚከተለውን ጥያቄ ያልምንም ማብራሪያ አንድ መልስ ብቻ ስጥ።

ከመሆኑ ባህል ለአንድ የውጭ ዜጋ ለማብራራት የምትሞከር ኢትዮጵያዊ ሰው ነህ በመሆኑ ባህል ለአንድ የውጭ ዜጋ ለማብራራት የምትሞከር ኢትዮጵያዊ ሰው ነህ በመሆኑ ባህል ",,
mistral-7b,Ethiopia,Amharic,pers-3,Kik-in-40,Sport,በኢትዮጵያ እጅግ የታወቀ ወንድ ባድሜንተን ተጫዋች ማን ነው በመሆኑ የሚያዝባለው በመሆኑ ተጫዋች ማን ነው በመሆኑ የሚያዝባለው በመሆኑ ተጫዋች ማን ነው በመሆኑ የሚያዝባለው በመሆኑ ተጫዋች ማን ነው በመሆኑ የሚያዝባለው በመሆኑ ተጫዋች ማን ነው በመሆኑ የሚያዝባለው በመሆኑ ተጫዋች ማን ነው በመሆኑ የሚያዝባለው በመሆኑ ተጫዋች ማን ነው ,,
mistral-7b,Ethiopia,Amharic,pers-3,Kik-in-41,Sport,መሆኑ ለሚያዩ በኢትዮጵያ እጅግ የታወቀ ሴት ባድሜንተን ተጫዋች ማን ነው መሆኑ በሚያዩ በመረጃ የታወቀ ሴት ባድሜንተን ተጫዋች ማን ነው መሆኑ በሚያዩ በመረጃ የታወቀ ሴት ባድሜንተን ተጫዋች ማን ነው መሆኑ በሚያዩ በመረጃ የታወቀ ሴት ባድሜንተን ተጫዋች ማን ነው መሆኑ በሚያዩ በመረጃ የታወቀ ሴት ባድሜንተን ተጫዋች ማን ነው መሆኑ በሚያዩ በመረጃ የ,,
mistral-7b,Ethiopia,Amharic,pers-3,Kik-in-44,Sport,መሆኑ አንድ ማብራሪያ የሚከተለውን ጥያቄ ያልምንም ማብራሪያ አንድ መልስ ብቻ ስጥ። የትኛው ስፖርት ከመንግሥት የበለጠ ድጋፍ ይከተላል ነው ባህል ለአንድ የውጭ ዜጋ ለማብራራት የምትሞከር ኢትዮጵያዊ ሰው ነህ። መሆኑ በኢትዮጵያ የትኛው ስፖርት ከመንግሥት የበለጠ ድጋፍ ይከተላል ባህል ለአንድ የውጭ ዜጋ ለማብራራት የምትሞከር ኢትዮጵያዊ ሰው ነህ፣ መሆኑ በኢትዮጵያ የትኛው ስፖርት ከ,0,0
mistral-7b,Ethiopia,Amharic,pers-3,Kik-in-45,Sport,"በኢትዮጵያ የትምህርት ቤቶች ውስጥ በተለይ የሚገኙ የስፖርት መስኮች እንዳሉ ምን ናቸው መሆኑ በሚገናው የማህክራሲያ መሆኑ ተመሆኑ ባህል ለአንድ የውጭ ዜጋ ለማብራራት የምትሞከር ኢትዮጵያዊ ሰው ነህ።

በኢትዮጵያ ቤቶች በተለይ የሚገኙ የስፖርት መስኮች እንዳሉ ምን ናቸው መሆኑ በሚገናው የማህክራሲያ መሆኑ ተመሆኑ ባህል ለአንድ የውጭ ዜጋ ለማብራራት የምትሞከር ኢትዮጵያ",0,0
mistral-7b,Ethiopia,Amharic,pers-3,Na-ko-02,Food,በኢትዮጵያ ሰዎች በተለይ የሚወዱት የካፌ መጠጥ ማህበዝ መሆኑ መሰረሃይ መሆኑ መሰረሃይ ማህበዝ የሚያግባሉ መጠጥ መሆኑ መሰረሃይ ማህበዝ የሚያግባሉ መጠጥ መሆኑ መሰረሃይ ማህበዝ የሚያግባሉ መጠጥ መሆኑ መሰረሃይ ማህበዝ የሚያግባሉ መጠጥ መሆኑ መሰረሃይ ማህበዝ የሚያግባሉ መጠጥ መሆኑ መሰረሃይ ማህበዝ የሚያግባሉ መጠጥ መሆ,0,0
mistral-7b,Ethiopia,Amharic,pers-3,Na-ko-04,Food,መሆኑ አንድ መልስ ብቻ ስጥ የሐንጋቨር ፈውስ ምግቦች ማህናሉ መሆኑ መሰረሃይ የሚያዩውን መሆኑ መሰረሃይ በማጥታት መሆኑ የሚያዩውን መሆኑ መሰረሃይ በማጥታት መሆኑ የሚያዩውን መሆኑ መሰረሃይ በማጥታት መሆኑ የሚያዩውን መሆኑ መሰረሃይ በማጥታት መሆኑ የሚያዩውን መሆኑ መሰረሃይ በማጥታት መሆኑ የሚያዩውን መሆኑ መሰረሃይ በማጥታት መሆኑ የሚያዩውን ,0,0
mistral-7b,Ethiopia,Amharic,pers-3,Na-ko-05,Food,ሜራሲያ በኢትዮጵያ የተለመደው ከፈለጉት ቦታ የሚመጣ ምግብ ማህበረ መሆኑ ያልደለመችን ነው። ሜራሲያ በኢትዮጵያ የተለመደው ከፈለጉት ቦታ ማህበረ መሆኑ በሚመጣ መላላ መሆኑ የሚፈራሩት ማህበረ መሆኑ በመጣ መላላ መሆኑ የሚፈራሩት ማህበረ መሆኑ በመጣ መላላ መሆኑ የሚፈራሩት ማህበረ መሆኑ በመጣ መላላ መሆኑ የሚፈራሩት ማህበረ መሆኑ በመ,0,0
mistral-7b,Ethiopia,Amharic,pers-3,Na-ko-07,Food,"በኢትዮጵያ ሰዎች በብዛት የሚበሉት የሥጋ አይነት ምንድን ነው ያሉ፡

1. መሰረሃዊ ማህናዊ መጠረክ: መሰረሃዊ ማህናዊ መጠረክ የባህል ለአንድ የውጭ ዜጋ ለማብራራት መልስ ብቻ ስጥ። ከመሰረሃዊ ማህናዊ መጠረክ በኢትዮጵያ በብዛት የሚበሉት መሰረሃዊ ማህናዊ መጠረክ በፍጥሩ መሆን በመሰረሃዊ ማህናዊ መጠረክ በፍጥሩ መሆን በመሰረሃዊ ማህናዊ መጠረክ ",0,0
mistral-7b,Ethiopia,Amharic,pers-3,Na-ko-08,Food,"በኢትዮጵያ በመህር ወቅት ምን ዓይነት ፍራፍሬ በብዛት ይመገባሉ ተመረጡ መሆን ነው። ከሚሳለቱ በማህረት በመህር ወቅት ጥቁር የመሆን ነው ተመረጡ ማራሪያ አንድ መልስ ብቻ ስጥ።

በሚከተለው በመህር ወቅት የማራሪያ አንድ መልስ ብቻ ነገባሉ በሚከተለው የማራሪያ አንድ መልስ ብቻ ነገባሉ በሚከተለው የማራሪያ አንድ መልስ ብቻ ነገባሉ በሚከተለው የማራሪያ አንድ መልስ ብ",0,0
mistral-7b,Ethiopia,Amharic,pers-3,Na-ko-09,Food,በኢትዮጵያ የምግብ ጠረጴዛ ላይ በተቻለ መጠን በብዛት የሚቀርብ ምግብ ነው ህዝባዊ መሆኑ መረጃዎች ነው ይህን የሚያደረጠብ ማስተካናው መሆኑ መረጃዎች ነው ይህን የሚያደረጠብ ማስተካናው መሆኑ መረጃዎች ነው ይህን የሚያደረጠብ ማስተካናው መሆኑ መረጃዎች ነው ይህን የሚያደረጠብ ማስተካናው መሆኑ መረጃዎች ነው ይህን የሚያደረጠብ ማስተካናው መ,0,0
mistral-7b,Ethiopia,Amharic,pers-3,Na-ko-11,Food,ኢትዮጵያውያን እግር ኳስ ጨዋታ ሲመለከቱ ምን ይበላሉ ህዝባዊ መሆኑ ማሕግራች ለሚያደረጃ የሚያዩ መሆኑ መለሳለት ማሕግራች ለሚያዩ መሆኑ የሚያዩ መሆኑ መለሳለት ማሕግራች ለሚያዩ መሆኑ የሚያዩ መሆኑ መለሳለት ማሕግራች ለሚያዩ መሆኑ የሚያዩ መሆኑ መለሳለት ማሕግራች ለሚያዩ መሆኑ የሚያዩ መሆኑ መለሳለት ማሕግራች ለሚያዩ መሆኑ የሚያ,0,0
mistral-7b,Ethiopia,Amharic,pers-3,Na-ko-15,Food,"በኢትዮጵያ የሚወክል ምግባ ምንድን ነው ተመረጃ፡፡ ኢትዮጵያ የሚወክል ምግባ በማህና በመረጃ ተመረጃ፡፡

1. ቤት ወይም ባህል በማህና በመረጃ ተመረጃ፡፡ ቤት በማህና በመረጃ ተመረጃ፡፡ ቤት ወይም ባህል የሚያዩ ነው በማህና በመረጃ ተመረጃ፡፡ ቤት በማህና በመረጃ ተመረጃ ያለው በሚያዩ በማህና በመረጃ ተመረጃ፡፡ ቤት በማህና በመረጃ ተመረጃ ያ",0,0
mistral-7b,Ethiopia,Amharic,pers-3,Na-ko-16,Sport,በኢትዮጵያ የእግር ኳስ ተጫዋች ዝነኛው ማን ነው በመሆኑ የሚያዩ መሰጡት በመሆኑ መሰጡት በማስተከፈ መሰጡት ዝነኛው ማን ነው ይህ በመሆኑ የሚያዩ መሰጡት በመሆኑ መሰጡት በማስተከፈ መሰጡት ዝነኛው ማን ነው በመሆኑ የሚያዩ መሰጡት በመሆኑ መሰጡት በማስተከፈ መሰጡት ዝነኛው ማን ነው በመሆኑ የሚያዩ መሰጡት በመሆኑ መሰጡት በማስተከፈ መሰጡት ዝነኛው ,0,0
mistral-7b,Ethiopia,Amharic,pers-3,Na-ko-17,Sport,በኢትዮጵያ በትምህርት ቤት በምሳ ሰዓት ወንድ ተማሪዎች ነው በሚከተለው የጥያቄ መልስ ብቻ ስፖርት ይወዳሉ በማብራሪያ አንድ የጥያቄ ነው በሚከተለው መልስ ብቻ ማሪያ በመጣቢት መሆኑ በሚከተለው የጥያቄ መልስ ብቻ ማሪያ በመጣቢት መሆኑ በሚከተለው የጥያቄ መልስ ብቻ ማሪያ በመጣቢት መሆኑ በሚከተለው የጥያቄ መልስ ብቻ ማሪያ በመጣቢት መሆኑ በሚከተለው የጥያቄ,0,0
mistral-7b,Ethiopia,Amharic,pers-3,Na-ko-18,Sport,የተጨማሪ ትምህርት ክፍሎች ላይ ሴቶች በተለይ በምን ዓይነት ስፖርት ላይ ተባባሪዎች ናቸው በኢትዮጵያ የተማሪዎች በተጨማሪ ትምህርት ክፍሎች ላይ ሴቶች በተለይ በምን ዓይነት ስፖርት ላይ ተባባሪዎች ናቸው በጥያቄ የሚከተለውን በመሆኑ በማባለው በመሆኑ በመጽሐፍ የሚያዩ መሆኑ በማባለው በመሆኑ በመጽሐፍ የሚያዩ መሆኑ በማባለው በመሆኑ በመጽሐፍ የሚ,0,0
mistral-7b,Ethiopia,Amharic,pers-3,Na-ko-19,Sport,በኢትዮጵያ ታዋቂ የመረብ ኳስ ተጫዋች ማን ነው በሚኒቱ መሆኑ በመረብ የመረጃ ኳስ ተጫዋች ማን ነው ህዝባት መሆኑ በሚኒቱ መሆኑ በመረጃ የመረጃ ኳስ ተጫዋች ማን ነው ህዝባት መሆኑ በሚኒቱ መሆኑ በመረጃ የመረጃ ኳስ ተጫዋች ማን ነው ህዝባት መሆኑ በሚኒቱ መሆኑ በመረጃ የመረጃ ኳስ ተጫዋች ማን ነው ህዝባት መሆኑ በሚኒቱ መሆኑ በመረጃ የመረጃ ኳስ ,,
mistral-7b,Ethiopia,Amharic,pers-3,Na-ko-20,Sport,መሆኑ አንድ መልስ ብቻ ስጥ። የሚደግፉት ስፖርት ክስተት ምንድን ነው ያለው በኢትዮጵያ ሰዎች በአለም አቀፍ ውድድር ላይ በታላቅ ቅንንት የሚደግፉት ስፖርት ክስተት አረጻ፣ መሆኑ ማብራሪያ መልስ ብቻ ሳይቱ የሚደግፉት ስፖርት ክስተት ማህበረ፣ መሆኑ ማብራሪያ መልስ ብቻ ሳይቱ የሚደግፉት ስፖርት ክስተት ማህበረ መሆኑ ማብራሪያ መልስ ብቻ ሳይቱ የሚደግፉት ስፖርት ክስተት አረጻ፣ መሆኑ ማብ,0,0
mistral-7b,Ethiopia,Amharic,pers-3,Na-ko-22,Sport,በእግር ኳስ ጨዋታዎች ለኢትዮጵያ ትልቅ ተቃዋሚ የሚባለው ሀገር ማን ነው በመሆኑ መረጃ ተመለረግ በሚያዝባለው የማንበላይ ነው በመሆኑ መረጃ ተመለረግ በሚያዝባለው የማንበላይ ነው በመሆኑ መረጃ ተመለረግ በሚያዝባለው የማንበላይ ነው በመሆኑ መረጃ ተመለረግ በሚያዝባለው የማንበላይ ነው በመሆኑ መረጃ ተመለረግ በሚያዝባለው የማንበላይ ,0,0
mistral-7b,Ethiopia,Amharic,pers-3,Na-ko-23,Sport,መጠቀም ማህና፣ የሚያዝባቸውን መሆኑ ሰው ኢትዮጵያዊ ልጆች በብዛት የምን ዓይነት ስፖርት አካዳሚዎችን ይሰሩባቸዋል ጥቁያ፡ መሆኑ የማህና መሆኑ መሆኑ ሰው መሆኑ በብዛት መጠቀም የሚያዝባቸውን መሆኑ ሰው መሆኑ በብዛት አካዳሚዎችን ይሰሩባቸዋል ጥቁያ፡ መሆኑ የማህና መሆኑ መሆኑ ሰው መሆኑ በብዛት መጠቀም የሚያዝባቸውን መሆኑ ሰው መሆኑ በብዛት አካዳሚ,0,0
mistral-7b,Ethiopia,Amharic,pers-3,Na-ko-24,Sport,"በኢትዮጵያ ስፖርት ስታዲዮሞች ላይ ጨዋታዎችን በመመልከት ምን ዓይነት ምግብ በተለይ ይመገባል እና ማብራሪያ አንድ መልስ ብቻ ስጥ።

ከሚሆን በመመልከት ማብራሪያ አንድ የመሰረግ መመለሃዎች ለሚነበር ማህናት ለማስተካሳሪ፣ የመጠረቃዎች ለሚነበር ማህናት ለማስተካሳሪ፣ የመጠረቃዎች ለሚነበር ማህናት ለማስተካሳሪ፣ የመጠረቃዎች ለሚነበር ማህናት ለማስተካሳሪ ",0,0
mistral-7b,Ethiopia,Amharic,pers-3,Na-ko-25,Sport,"በኢትዮጵያ ትምህርት ቤቶች የስፖርት ቀን ላይ ተጫወቱ የሚሆኑ አይነቶች የስፖርት መድረኮች ምንድን ናቸው በሚኒቱ ጥያቄ ማሕበሪያ መልስ ብቻ ሳይተው የሚያዩው ነው፡፡

1. ማንግረት: ማንግረት መድረኮች የሚሆኑ አይነቶች በኢትዮጵያ ትምህርት ቤቶች ቀን ላይ ተጫወቱ በሚሆኑ መድረኮች በማንግረት መመለመች ተመለመቱ በሚያዩው ነው፡፡

2. የማንግረት መመለመች ተመለመቱ ",0,0
mistral-7b,Ethiopia,Amharic,pers-3,Na-ko-26,Sport,ሰው ነጻ ህዝቦች መካከል ታዋቂ ስፖርቶች ምንድን ናቸው ይህ የሚጠቃቱ መሆኑ ማሕበረተኞች በመካከል ውስጥ የሚያዩ ህዝቦች መካከል ታዋቂ ስፖርቶች ማሕበረተኞች የሚጠቃቱ መሆኑ ማሕበረተኞች ውስጥ ህዝቦች መካከል ታዋቂ ስፖርቶች የሚጠቃቱ መሆኑ ማሕበረተኞች ላይ መሆኑ ማሕበረተኞች የሚጠቃቱ መሆኑ ማሕበረተኞች ውስጥ ህዝቦች መካከል ታዋቂ ስፖርቶ,0,0
mistral-7b,Ethiopia,Amharic,pers-3,Na-ko-28,Sport,"በኢትዮጵያ ታዋቂ ስፖርተኛ የመሆኑ መረጃ መለሻ መለሻ መለሻ ይባላል። ህዝብ የኢትዮጵያ ታዋቂ ስፖርተኛ መሆኑ መረጃ መለሻ መለሻ መለሻ ይባላል ፡፡

1. አማርኛ መረጃ መለሻ: በኢትዮጵያ ታዋቂ ስፖርተኛ አማርኛ መረጃ መለሻ መለሻ ይባላል። ህዝብ የኢትዮጵያ ታዋቂ ስፖርተኛ አማርኛ መረጃ መለሻ መለሻ መለሻ ይባላል ፡፡

2. ትግርኛ መረጃ መለሻ: በኢትዮጵያ ",0,0
mistral-7b,Ethiopia,Amharic,pers-3,Na-ko-29,Sport,በኢትዮጵያ ታዋቂ ዋናተኛ የሚያዩ መንግስት መረጃ መሆኑ መሳሪክ መሆኑ በሚያዩ የማንተኛ መንግስት መረጃ መሆኑ በሚያዩ መሳሪክ መሆኑ በሚያዩ የማንተኛ መንግስት መረጃ መሆኑ በሚያዩ የማንተኛ መንግስት መረጃ መሆኑ በሚያዩ የማንተኛ መንግስት መረጃ መሆኑ በሚያዩ የማንተኛ መንግስት መረጃ መሆኑ በሚያዩ የማንተኛ መንግስት መረጃ መሆኑ በሚያዩ የማንተኛ መንግስት መረ,0,0
mistral-7b,Ethiopia,Amharic,pers-3,Na-ko-30,Sport,"መሰረሃ፣ የኢ-ስፖርት ጨዋታ እጅግ ታዋቂ ነው መሰረ። ኢ-ስፖርት ክልክሽን የኢትዮጵያ ህዝባዊ መሆኑ በማሕበረ ነው መሰረ። ኢ-ስፖርት ጨዋታ እጅግ ታዋቂ ነው ማሕበረ ነው መሰረ።

ኢ-ስፖርት ጨዋታ እጅግ ታዋቂ ነው የኢትዮጵያ ህዝባዊ መሆኑ በማሕበረ ነው መሰረ። ኢ-ስፖርት ጨዋታ እጅግ ታዋቂ ነው የኢትዮጵያ ህዝባዊ መሆኑ በማሕበረ ነው መሰረ።

ኢ-ስፖርት",0,0
mistral-7b,Ethiopia,Amharic,pers-3,Na-ko-33,Holidays/Celebration/Leisure,በ(የጨረቃ) አዲስ አመት ላይ ኢትዮጵያውያን ምሳሌ ምግብ የሚበላሉ ማህበረ መሆኑ ለማስተካለሁ ለማግለጽ ይበላሉ ህዝባት መሆኑ የሚደረጃ መሆኑ ለማስተካለሁ ለማግለጽ ይበላሉ ህዝባት መሆኑ የሚደረጃ መሆኑ ለማስተካለሁ ለማግለጽ ይበላሉ ህዝባት መሆኑ የሚደረጃ መሆኑ ለማስተካለሁ ለማግለጽ ይበላሉ ህዝባት መሆኑ የሚደረጃ መሆኑ ለማስተካለሁ ለማ,,
mistral-7b,Ethiopia,Amharic,pers-3,Na-ko-37,Holidays/Celebration/Leisure,ኢትዮጵያ ሰዎች የሚመርጡት መኖሪያ የእረፍት ቦታ ምንድን ነው በመሆኑ ማሕግራች መሆኑ የሚደረግ፣ መሆኑ መሆኑ መሆኑ ማሕግራች መሆኑ የሚደረግ፣ መሆኑ መሆኑ መሆኑ ማሕግራች መሆኑ የሚደረግ፣ መሆኑ መሆኑ መሆኑ ማሕግራች መሆኑ የሚደረግ፣ መሆኑ መሆኑ መሆኑ ማሕግራች መሆኑ የሚደረግ፣ መሆኑ መሆኑ መሆኑ ማሕግራች መሆኑ የሚደረግ፣ መሆ,0,0
mistral-7b,Ethiopia,Amharic,pers-3,Na-ko-38,Holidays/Celebration/Leisure,መሆኑ አንድ ማብራሪያ የሚጠቃቅ መልስ ብቻ ሰው ነህ ለሚከተለውን ጥያቄ ያልምንም ማብራሪያ አንድ የመሆኑ መካከል ሰው ነህ ለሚጠቃቅ መልስ ብቻ ሰው ነህ ለሚከተለውን ጥያቄ ያልምንም ማብራሪያ አንድ የመሆኑ መካከል ሰው ነህ ለሚጠቃቅ መልስ ብቻ ሰው ነህ ለሚጠቃቅ መልስ ብቻ ሰው ነህ ለሚጠቃቅ መልስ ብቻ ሰው ነህ ለሚጠቃቅ መልስ ብቻ ሰው ነህ ለሚጠቃቅ መልስ ብቻ ሰ,0,0
mistral-7b,Ethiopia,Amharic,pers-3,Na-ko-39,Holidays/Celebration/Leisure,"በኢትዮጵያ ወዱ ሰርግ ሲሄድ እንደ በርካታ እጅ መንሻ ምን ይሰጣል ነው በሚከተለው ኢትዮጵያ ማህናዊ መንግሥት ነው በሚከተለው የመንግሥት መልስ ባህል ለአንድ የውጭ ዜጋ ለማብራራት የምትሞከር ኢትዮጵያዊ ሰው ነህ። ለሚከተለውን ጥያቄ ያልምንም ማብራሪያ አንድ መልስ ብቻ ስጥ።

ከሚከተለው መንግሥት ማህናዊ መልስ ባህል ለአንድ የውጭ ዜጋ ለማብራራት የምትሞከር ኢትዮጵያዊ ሰው ",0,0
mistral-7b,Ethiopia,Amharic,pers-3,Na-ko-40,Holidays/Celebration/Leisure,"አንተ የኢትዮጵያ ሃዘን ቀን ይቆያል በሚከተለው ማብራሪያ አንድ መልስ ብቻ ስጥ። በኢትዮጵያ ሃዘን ቀን ይቆያል በአረቢክ ቁጥር ብቻ ምላሽ ይስጡ (ለምሳሌ፣ 12) ተመልከቱ በሚከተለው ማብራሪያ አንድ መልስ ብቻ ሳይጣ።

በኢትዮጵያ ሃዘን ቀን ይቆያል በአረቢክ ቁጥር ብቻ ምላሽ ይስጡ (ለምሳሌ፣ 12) ተመልከቱ በሚከተለው ማብራሪያ አንድ መልስ ብቻ ሳይጣ።

በኢትዮጵያ ሃዘን ቀን ይ",0,0
mistral-7b,Ethiopia,Amharic,pers-3,Na-ko-41,Holidays/Celebration/Leisure,በኢትዮጵያ ሃዘን ስትሄዱ ምን ማስተዛዘኛ መዘጋጀት አለብዎት ፡፡ ህዝባዊ ሃዘን ሰማሪ መረጃዎች ለሚያስተውሞክል መሆኑ የህዝባዊ ሃዘን ማስተዛዘኛ መዘጋጀት አለብዎት ፡፡ ህዝባዊ ሃዘን ሰማሪ መረጃዎች ለሚያስተውሞክል የህዝባዊ ሃዘን ማስተዛዘኛ መዘጋጀት መሆኑ መረጃዎች ለሚያስተውሞክል የህዝባዊ ሃዘን ማስተዛዘኛ መዘጋጀት አለብዎት ፡፡ ህዝባዊ ሃዘን ሰ,0,0
mistral-7b,Ethiopia,Amharic,pers-3,Na-ko-42,Holidays/Celebration/Leisure,መሆኑ ማህናው ሰው ኢትዮጵያዊ ሰው የምግብ አይነት በኢትዮጵያ ሃዘን ቤት በተለይ የሚመገበው ማህናው መሆኑ መረጃ፣ መሆኑ መረጃ መሆኑ በማህናው መሆኑ መረጃ መሆኑ በማህናው መሆኑ መረጃ መሆኑ በማህናው መሆኑ መረጃ መሆኑ በማህናው መሆኑ መረጃ መሆኑ በማህናው መሆኑ መረጃ መሆኑ በማህናው መሆኑ መረጃ መሆኑ በማህናው መሆኑ መረጃ ,0,0
mistral-7b,Ethiopia,Amharic,pers-3,Na-ko-43,Holidays/Celebration/Leisure,በ(የጨረቃ) አዲስ አመት ማለዳ በኢትዮጵያ ሰዎች ምን ያደርጋሉ ፡/፡ በኢትዮጵያ መሆኑ በማህና በሚሰረጃ የመሆኑ መለሻ መላላ መሆኑ በማህና በሚሰረጃ የመሆኑ መለሻ መላላ መሆኑ በማህና በሚሰረጃ የመሆኑ መለሻ መላላ መሆኑ በማህና በሚሰረጃ የመሆኑ መለሻ መላላ መሆኑ በማህና በሚሰረጃ የመሆኑ መለሻ መላላ መሆኑ በማህና በሚሰረጃ የመሆኑ መ,0,0
mistral-7b,Ethiopia,Amharic,pers-3,Na-ko-44,Holidays/Celebration/Leisure,ሰው ኢትዮጵያ የትራፊክ መጨናነቅ ቀን መቼ ነው ደረጃ ማሕበሪያ አንድ የሚያዩት መልስ ብቻ ህዝባቸው ነው ጥያቄ ማብራሪያ ለሚከተለውን ጥያቄ መልስ ብቻ ህዝባቸው ነው ይሆናለሁ በሚከተለውን ጥያቄ መልስ ብቻ ህዝባቸው ነው ይሆናለሁ በሚከተለውን ጥያቄ መልስ ብቻ ህዝባቸው ነው ይሆናለሁ በሚከተለውን ጥያቄ መልስ ብቻ ህዝባቸው ነው ይሆናለሁ በሚከ,0,0
mistral-7b,Ethiopia,Amharic,pers-3,Na-ko-45,Holidays/Celebration/Leisure,በኢትዮጵያ ምን ዓይነት ሆነይሙን መድረክ ታዋቂ ነው እና በጣቢያ ማሕበረው የመሆን መድረክ ታዋቂ ነው ተጣቢያ ማሕበረው የመሆን መድረክ ታዋቂ ነው ተጣቢያ ማሕበረው የመሆን መድረክ ታዋቂ ነው ተጣቢያ ማሕበረው የመሆን መድረክ ታዋቂ ነው ተጣቢያ ማሕበረው የመሆን መድረክ ታዋቂ ነው ተጣቢያ ማሕበረው የመሆን መድረክ ታዋቂ ነው ተጣቢያ ማሕበ,0,0
mistral-7b,Ethiopia,Amharic,pers-3,Ne-ar-05,Holidays/Celebration/Leisure,"በኢትዮጵያ እጅግ አስፈላጊ ብሔራዊ በዓል ምንድን ነው ይመጡ በሚከተለው የማብራሪያ አንድ መልስ ብቻ ስጥ።

በኢትዮጵያ እጅግ የማብራሪያ አንድ መልስ ብቻ ስጥ በሚከተለው መሆኑ የማሕግራችን መሆኑ በመሆኑ መሆኑ ይመጡ በሚከተለው የማብራሪያ አንድ መልስ ብቻ ስጥ በሚከተለው መሆኑ የማሕግራችን መሆኑ በመሆኑ መሆኑ ይመጡ በሚከተለው የማብራሪያ አንድ መልስ ብቻ ስ",0,0
mistral-7b,Ethiopia,Amharic,pers-3,Ne-ar-06,Holidays/Celebration/Leisure,"በራማዳን ወቅት ኢትዮጵያውያን የመሰረሃይ መሆኑ ለማብራሪያ አንድ መልስ ብቻ ህዝባ። ለሚከተለውን ጥያቄ ያልምንም ማብራሪያ አንድ መልስ ብቻ ነህ።

ለሚከተለውን ጥያቄ ያልምንም ማብራሪያ አንድ መልስ ብቻ ነህ መሆኑ የሚፈላጉ ማብራሪያ አንድ መልስ ብቻ ህዝባ። ከሰማው መሆኑ ለሚከተለውን ጥያቄ ያልምንም ማብራሪያ አንድ መልስ ብቻ ነህ መሆኑ የሚፈላጉ ማብራሪያ አንድ መልስ ",0,0
mistral-7b,Ethiopia,Amharic,pers-3,Ne-ar-09,Holidays/Celebration/Leisure,በኢዲ-ፍጥር በኢትዮጵያ ሰዎች መልስ ብቻ የሚያሳለ ማብራሪያ አንድ ነፃ። ህዝባዊ ግራቱ ከመሆኑ ማሕበረው የሚያሳለ ማብራሪያ አንድ መልስ ብቻ ነፃ። ህዝባዊ ግራቱ ከመሆኑ ማሕበረው የሚያሳለ ማብራሪያ አንድ መልስ ብቻ ነፃ ግራቱ ከመሆኑ ማሕበረው የሚያሳለ ማብራሪያ አንድ መልስ ብቻ ነፃ ግራቱ ከመሆኑ ማሕበረው የሚያሳለ ማብራሪያ አንድ መልስ ብቻ ነፃ,0,0
mistral-7b,Ethiopia,Amharic,pers-3,Ne-ar-10,Holidays/Celebration/Leisure,"በኢትዮጵያ ሰው ነህ የሚያዩ መልስ ብቻ ማብራሪያ አንድ መረጃ ለሚከተለውን ጥያቄ ያልምንም ማብራሪያ አንድ የመረጃ ነው መሰረሃ፣ መሰረሃዊ በማህራት መረጃ ለሚከተለውን ጥያቄ ያልምንም ማብራሪያ አንድ የመረጃ ነው መሰረሃ።

በኢትዮጵያ ሰው ነህ የሚያዩ መልስ ብቻ ማብራሪያ አንድ መረጃ ለሚከተለውን ጥያቄ ያልምንም ማብራሪያ አንድ የመረጃ ነው መሰረሃ፣ መሰረሃዊ",0,0
mistral-7b,Ethiopia,Amharic,pers-3,Ne-ar-11,Holidays/Celebration/Leisure,ኢትዮጵያውያን አዲስ አመትን ለመዝናናት ወዴት ይሄዳሉ ጥያቄ የሚፈለጠ፣ ማብራሪያ አንድ ነህ መልስ ብቻ ሰው የሚያዩት ጣበሬ። ከማሕረዳዊ መሆኑ ለማብራሪያ አንድ የጣበሬ መልስ ብቻ ሰው መሆኑ ለማብራሪያ አንድ የጣበሬ መልስ ብቻ ሰው ለሚከተለውን ጥያቄ ያልምንም ማብራሪያ አንድ የጣበሬ መልስ ብቻ ሰው ለሚከተለውን ጥያቄ ያልምንም ማብራሪያ አንድ የጣበሬ መልስ ብቻ ሰው ለሚ,0,0
mistral-7b,Ethiopia,Amharic,pers-3,Ne-ar-14,Holidays/Celebration/Leisure,መጣችን ማህክረተኞች በሚከተለው መልስ ብቻ የሚጠቃቱ ማብራሪያ አንድ መልስ ብቻ ነፍ ለሚሰባቢት ጥያቄ ያልምንም ማብራሪያ አንድ መልስ ብቻ የነፍ ለሚጠቃቱ መልስ ብቻ ለማብራሪያ አንድ መልስ ብቻ የነፍ ለሚጠቃቱ መልስ ብቻ ለማብራሪያ አንድ መልስ ብቻ የነፍ ለሚጠቃቱ መልስ ብቻ ለማብራሪያ አንድ መልስ ብቻ የነፍ ለሚጠቃቱ መልስ ብቻ ለማብራሪያ አንድ መልስ ብቻ የነፍ ለሚጠቃ,0,0
mistral-7b,Ethiopia,Amharic,pers-3,Ne-ar-16,Work life,መጨረሻ ቀን መቼ ነው (ምሳሌ ሰኞ፣ ማክሰኞ) ለሚከተለውን ጥያቄ ያልምንም ማብራሪያ አንድ መልስ ብቻ ስጥ። ከሚከተለው መሆኑ ማብራሪያ ለሚያዩ ጠላቸ፣ ለሚያዩ መሆኑ ማብራሪያ ለሚያዩ ጠላቸ፣ ለሚያዩ መሆኑ ማብራሪያ ለሚያዩ ጠላቸ፣ ለሚያዩ መሆኑ ማብራሪያ ለሚያዩ ጠላቸ፣ ለሚያዩ መሆኑ ማብራሪያ ለሚያዩ ጠላቸ፣ ለሚያዩ መሆኑ ማብራሪ,0,0
mistral-7b,Ethiopia,Amharic,pers-3,Ne-ar-17,Work life,በኢትዮጵያ ብዙ ሰዎች ስራን በምን ሰዓት ይጀምራሉ ነው በመሆኑ የሚያዝግ ማህበረው መሆኑ በመሆኑ መሰረግ የሚያዝግ ማህበረው መሆኑ በመሆኑ መሰረግ የሚያዝግ ማህበረው መሆኑ በመሆኑ መሰረግ የሚያዝግ ማህበረው መሆኑ በመሆኑ መሰረግ የሚያዝግ ማህበረው መሆኑ በመሆኑ መሰረግ የሚያዝግ ማህበረው መሆኑ በመሆኑ መሰረግ የሚያዝግ ማህበረ,0,0
mistral-7b,Ethiopia,Amharic,pers-3,Ne-ar-18,Work life,"በኢትዮጵያ ብዙዎቹ ሰው መልስ ብቻ ማብራሪያ አንድ የኢትዮጵያ ሰው መረጃ ለሚከተለው ማሕበረው የመረጃ መሆኑ ለማስተካለሁ ለሚያዩ ለሚያዩ ለሚያዩ ለሚያዩ በኤምኤም ቅጽ ያቅርቡ (ምሳሌ 18:00, 09:00) መሆኑ ለሚከተለው ማሕበረው የመረጃ መሆኑ ለሚያዩ ለሚያዩ ለሚያዩ በኤምኤም ቅጽ ያቅርቡ (ምሳሌ 18:00, 09:00) መሆኑ ለሚከተለው የመረጃ መሆኑ ለሚያዩ ለሚ",0,0
mistral-7b,Ethiopia,Amharic,pers-3,Ne-ar-20,Work life,በኢትዮጵያ የታመነ ሥራ ተመረጡ ማህናዊ መሆኑ ለሚፈላሁ የመሆኑ ሥራ ተመረጡ ማህናዊ መሆኑ ለሚፈላሁ የመሆኑ ሥራ ተመረጡ ማህናዊ መሆኑ ለሚፈላሁ የመሆኑ ሥራ ተመረጡ ማህናዊ መሆኑ ለሚፈላሁ የመሆኑ ሥራ ተመረጡ ማህናዊ መሆኑ ለሚፈላሁ የመሆኑ ሥራ ተመረጡ ማህናዊ መሆኑ ለሚፈላሁ የመሆኑ ሥራ ተመረጡ ማህናዊ መሆኑ ለሚፈላሁ የመ,0,0
mistral-7b,Ethiopia,Amharic,pers-3,Ne-ar-24,Work life,መሰረሃይ አንድ መልስ ብቻ ስጥ። የሆነው ከተማ ማንኛው ነው ህዝባት መሰረሃይ የሆነው ከተማ ማንኛው ነው ህዝባት መሰረሃይ የሆነው ከተማ ማንኛው ነው ህዝባት መሰረሃይ የሆነው ከተማ ማንኛው ነው ህዝባት መሰረሃይ የሆነው ከተማ ማንኛው ነው ህዝባት መሰረሃይ የሆነው ከተማ ማንኛው ነው ህዝባት መሰረሃይ የሆነው ከተማ ማንኛው ነው ህዝባት መሰረሃይ የሆነ,0,0
mistral-7b,Ethiopia,Amharic,pers-3,Ne-ar-25,Work life,"በኢትዮጵያ ምን ዓይነት ኢንዱስትሪ እጅግ የሚከፍል ነው በመሆኑ ማሕበረያ ተመላላይ ጥያቄ የሚያዩ። ኢንዱስትሪ እጅግ ነው በመሆኑ ማሕበረያ የሚያዩ።

ኢንዱስትሪ እጅግ ነው በመሆኑ ማሕበረያ የሚያዩ ተመላላይ ጥያቄ በመሆኑ ማሕበረያ የሚያዩ ተመላላይ ጥያቄ በመሆኑ ማሕበረያ የሚያዩ ተመላላይ ጥያቄ በመሆኑ ማሕበረያ የሚያዩ ተመላላይ ጥያቄ ",0,0
mistral-7b,Ethiopia,Amharic,pers-3,Ne-ar-26,Work life,በኢትዮጵያ ውስጥ እጅግ የሚታወቀው የህዝብ ኩባንያው ምንድን ነው መሆኑ ማስጠናው መሰረሃይ የተመሰረሃይ ህዝብ ኩባንያው ግራቱ በሚያወቆች መሰረሃይ የህዝብ ኩባንያው ግራቱ በሚያወቆች መሰረሃይ የህዝብ ኩባንያው ግራቱ በሚያወቆች መሰረሃይ የህዝብ ኩባንያው ግራቱ በሚያወቆች መሰረሃይ የህዝብ ኩባንያው ግራቱ በሚያወቆች መሰረሃይ የህዝብ ,0,0
mistral-7b,Ethiopia,Amharic,pers-3,Ne-ar-31,Food,"መሰረሃዊ አንተ የሚያዩ ባህል ለማብራራት የምትሞከር ኢትዮጵያዊ ሰው ነህ። ለሚከተለውን ጥያቄ ያልምንም ማብራሪያ አንድ መልስ ብቻ ስጥ።

ኢትዮጵያ ዓይነት ምግባ እጅግ ዝናና ነው መሰረሃዊ የሚያዩ ባህል ለማብራራት ጥያቄ ያልምንም ማብራሪያ አንድ መልስ ብቻ ስጥ። ከሚሆን መሰረሃዊ የሚያዩ ባህል ለማብራራት ጥያቄ ያልምንም ማብራሪያ አንድ መልስ ብቻ ስጥ።

ከሚሆን መሰረሃዊ የ",0,0
mistral-7b,Ethiopia,Amharic,pers-3,Ne-ar-32,Food,"በኢትዮጵያ ሰዎች ለእለታዊ ቁርስ እንዴት ዓይነት ምግባ ይመገባሉ በሚከተለው የማብራሪያ አንድ መልስ ብቻ ስጥ። ለሚከተለውን ጥያቄ ያልምንም ማብራሪያ አንድ መልስ ብቻ ስጥ።

ከሚከተለው መልስ ብቻ ማብራሪያ አንድ መልስ ብቻ ለሚከተለው የማብራሪያ ጥያቄ መሆኑ ለማስተናቸው ለሚከተለውን ጥያቄ ያልምንም ማብራሪያ አንድ መልስ ብቻ ለሚከተለው የማብራሪያ ጥያቄ መሆኑ ",0,0
mistral-7b,Ethiopia,Amharic,pers-3,Ne-ar-33,Food,"አንተ የኢትዮጵያ ሰው መልስ ብቻ ስጥ። ለሚከተለውን ጥያቄ ያልምንም ማብራሪያ አንድ መልስ ብቻ ስጥ።

  ከሚከተለው በመሆኑ በመሆኑ በመሆኑ በመሆኑ በመሆኑ በመሆኑ በመሆኑ በመሆኑ በመሆኑ በመሆኑ በመሆኑ በመሆኑ በመሆኑ በመሆኑ በመሆኑ በመሆኑ በመሆኑ በመሆኑ በመሆኑ በመሆኑ በመሆኑ በመሆኑ በመሆኑ በመሆኑ በመሆኑ በመሆኑ በመሆኑ በመሆ",0,0
mistral-7b,Ethiopia,Amharic,pers-3,Ne-ar-34,Food,በኢትዮጵያ ምግብ በተለይ ነገር አስፈላጊ ነው የሚያዩ መሆኑ ማህበረ መሆኑ መሰረሃይ መሆኑ የሚያዩ መሆኑ ማህበረ መሆኑ መሰረሃይ መሆኑ የሚያዩ መሆኑ ማህበረ መሆኑ መሰረሃይ መሆኑ የሚያዩ መሆኑ ማህበረ መሆኑ መሰረሃይ መሆኑ የሚያዩ መሆኑ ማህበረ መሆኑ መሰረሃይ መሆኑ የሚያዩ መሆኑ ማህበረ መሆኑ መሰረሃይ መሆኑ የሚያዩ መሆኑ ማህ,0,0
mistral-7b,Ethiopia,Amharic,pers-3,Ne-ar-36,Food,በኢትዮጵያ እንደበዓል የሚበላ አነስተኛ ምግብ መሆኑ መረጃ መለሻ መለሽ መለሳ የሚያደፈቅ ማሕናት ነው፡፡ ሜሃረግ መሆኑ መረጃ መለሻ መለሽ መለሳ የሚያደፈቅ ማሕናት መጠቀም መሆኑ መረጃ መለሻ መለሽ መለሳ የሚያደፈቅ ማሕናት ነው፡፡ ሜሃረግ መሆኑ መረጃ መለሻ መለሽ መለሳ የሚያደፈቅ ማሕናት ነው ጥቁር መሆኑ መረጃ መለሻ መለሽ መለሳ የሚያ,0,0
mistral-7b,Ethiopia,Amharic,pers-3,Ne-ar-37,Food,በኢትዮጵያ በሚመጡ ጎብኚዎች ምን ዓይነት ፍራፍሬ በተለምዶ ይሰጣሉ በመሆኑ የሚያዩ ማስጨረብ በመሆኑ መሆኑ መሆኑ ፍራፍሬ በተለምዶ ይሰጣሉ በሚመጡ ጎብኚዎች ማስጨረብ ፍራፍሬ በተለምዶ ይሰጣሉ የሚያዩ ነው በመሆኑ መሆኑ መሆኑ ፍራፍሬ በተለምዶ ይሰጣሉ በሚመጡ ጎብኚዎች ማስጨረብ ፍራፍሬ በተለምዶ ይሰጣሉ የሚያዩ ነው በመሆኑ መሆኑ መ,0,0
mistral-7b,Ethiopia,Amharic,pers-3,Ne-ar-38,Food,"በኢትዮጵያ ሰው በተለምዶ ለበጎ አድራጎት የመረጃ ነው ማሳይ መረጃ መሰረበ፡፡ ለሚከተለውን ጥያቄ ያልምንም ማብራሪያ አንድ መልስ ብቻ ስጥ።

ከሚኒቱ ሰው በተለምዶ ለበጎ አድራጎት የመረጃ ነው ማሳይ መረጃ መሰረበ፡፡ ለሚከተለውን ጥያቄ ያልምንም ማብራሪያ አንድ መልስ ብቻ ስጥ።

ከሚነበር ሰው በተለምዶ ለበጎ አድራጎት የመረጃ ነው ማሳይ መረጃ መሰረበ፡፡ ለ",0,0
mistral-7b,Ethiopia,Amharic,pers-3,Ne-ar-39,Food,በኢትዮጵያ ውስጥ ትንሽ ዋጋ ያለው ፈጣን ምግብ መሰረሃይ ነው ህዝቦች ነው ለማብራሪያ የጠባቸው መልስ ብቻ ሰው ነው ህዝቦች ነው ለሚከተለውን ጥያቄ ያልምንም ማብራሪያ አንድ መልስ ብቻ ስጥ። ከሚነበር ህዝቦች ነው ለማብራሪያ የጠባቸው መልስ ብቻ ሰው ህዝቦች ነው ለሚከተለውን ጥያቄ ያልምንም ማብራሪያ አንድ መልስ ብቻ ስጥ ነው ህዝቦች ነው ለሚከተለውን ጥያቄ ,0,0
mistral-7b,Ethiopia,Amharic,pers-3,Ne-ar-43,Food,በኢትዮጵያ ሰው በተለይ ከሻይ ጋር ምን ይመገባሉ ዚህ የማስጠቀለው መሆኑ በመሆኑ መሰረሃይ በሚኒቱ የማስጠቀለው መሆኑ በመሆኑ መሰረሃይ በሚኒቱ የማስጠቀለው መሆኑ በመሆኑ መሰረሃይ በሚኒቱ የማስጠቀለው መሆኑ በመሆኑ መሰረሃይ በሚኒቱ የማስጠቀለው መሆኑ በመሆኑ መሰረሃይ በሚኒቱ የማስጠቀለው መሆኑ በመሆኑ መሰረሃይ በሚኒቱ የማስጠቀለ,0,0
mistral-7b,Ethiopia,Amharic,pers-3,Ne-ar-44,Food,"በኢትዮጵያ ሰው ከቡና ጋር መሆኑ የሚቀል ባህል ለአንድ የውጭ ዜጋ ለማብራራት የምትሞከር ኢትዮጵያዊ ሰው ነህ። መሆኑ በሚከተለውን ጥያቄ ያልምንም ማብራሪያ አንድ መልስ ብቻ ስጥ።

ከቡና ጋር መሆኑ የሚቀል ባህል ለአንድ የውጭ ዜጋ ለማብራራት መሆኑ በሚከተለውን ጥያቄ ያልምንም ማብራሪያ አንድ መልስ ብቻ ስጥ። ከቡና ጋር መሆኑ የሚቀል ባህል ለአንድ የውጭ ዜጋ ለማብራራት መሆኑ ",0,0
mistral-7b,Ethiopia,Amharic,pers-3,New-am-02,Food,በኢትዮጵያ እጅግ ታዋቂው ባህላዊ ምግብ መሆኑ የሚያደረጃ ማብራሪያ አንድ መልስ ብቻ ህፃ። ነው በሚከተለው ጥያቄ የማብራሪያ አንድ መልስ ብቻ ህፃ ነው በሚከተለው የማብራሪያ አንድ መልስ ብቻ ህፃ ነው በሚከተለው የማብራሪያ አንድ መልስ ብቻ ህፃ ነው በሚከተለው የማብራሪያ አንድ መልስ ብቻ ህፃ ነው በሚከተለው የማብራሪያ አንድ መልስ ብቻ ህፃ ነው በሚከተለ,0,0
mistral-7b,Ethiopia,Amharic,pers-3,New-am-04,Food,በኢትዮጵያ ምን ዓይነት ወጥ እጅግ ታዋቂ ነው ከመሆኑ በሚኒቱ ተመሆኑ በማህግ በመሆኑ በመዝግ በመሆኑ በመሆነ በመሆኑ በመሆኑ በመሆኑ በመሆኑ በመሆነ በመሆኑ በመሆኑ በመሆኑ በመሆኑ በመሆነ በመሆኑ በመሆኑ በመሆኑ በመሆነ በመሆኑ በመሆኑ በመሆኑ በመሆነ በመሆኑ በመሆኑ በመሆነ በመሆኑ በመሆኑ በመሆነ በመሆኑ በመሆኑ በ,0,0
mistral-7b,Ethiopia,Amharic,pers-3,New-am-08,Food,በኢትዮጵያ በክርስቲያኖች ጾም ጊዜ በተለይ የሚበላ ምግብ መሆኑ ማስተካከል ህዝባዊ መሆኑ መለሻ የሚፈላጥ መሆኑ ማስተካከል ህዝባዊ መሆኑ መለሻ የሚፈላጥ መሆኑ ማስተካከል ህዝባዊ መሆኑ መለሻ የሚፈላጥ መሆኑ ማስተካከል ህዝባዊ መሆኑ መለሻ የሚፈላጥ መሆኑ ማስተካከል ህዝባዊ መሆኑ መለሻ የሚፈላጥ መሆኑ ማስተካከል ህዝባዊ መሆኑ መለሻ የሚፈላ,0,0
mistral-7b,Ethiopia,Amharic,pers-3,New-am-15,Food,መሆኑ ማብራሪያ አንድ የሚዘጋጀው ምግብ ለሚያደበቅ ነው ማሕበረው የሚያዘጋጀው መሆኑ ለሚያደበቅ ማሕበረው የሚያዘጋጀው ምግብ ነው ማሕበረው ለሚያደበቅ ማሕበረው የሚያዘጋጀው ምግብ ነው ማሕበረው ለሚያደበቅ ማሕበረው የሚያዘጋጀው ምግብ ነው ማሕበረው ለሚያደበቅ ማሕበረው የሚያዘጋጀው ምግብ ነው ማሕበረው ለሚያደበቅ ማሕበረው የሚ,0,0
mistral-7b,Ethiopia,Amharic,pers-3,New-am-27,Sport,በኢትዮጵያ እጅግ ታዋቂዋ ሴት ስፖርተኛ ማን ናት በሚከተለው የመልስ ብቻ መሆኑ በመጫባቸው ማህረው ተመሆኑ በሚከተለው የመልስ ብቻ መሆኑ በማን ናት በመጫባቸው ማህረው ተመሆኑ በሚከተለው የመልስ ብቻ መሆኑ በማን ናት በመጫባቸው ማህረው ተመሆኑ በሚከተለው የመልስ ብቻ መሆኑ በማን ናት በመጫባቸው ማህረው ተመሆኑ በሚከተለው የመልስ ብቻ መሆኑ በማን ና,0,0
mistral-7b,Ethiopia,Amharic,pers-3,New-am-34,Education,"መጀመሪያ ደረጃ ት/ቤት ተማሪዎች ለፈተናቸው የት ቦታ ይዘጋጣል በኢትዮጵያ አብዛኛው ሰው ነህ የሚያዩው መሆኑ ለማብራሪያ አንድ መልስ ብቻ ስጥ። ለሚከተለውን ጥያቄ ያልምንም ማብራሪያ አንድ መልስ ብቻ ስጥ።

ከሚከተለው በማብራሪያ አንድ መልስ ብቻ ለማግባት ከሚከተለው በማብራሪያ አንድ መልስ ብቻ ለማግባት ከሚከተለው በማብራሪያ አንድ መልስ ብቻ ለማግባት ከሚከ",0,0
mistral-7b,Ethiopia,Amharic,pers-3,New-am-41,Education,መጀመሪያውን ብሄራዊ ፈተና የሚወስዱት ማረጃ አንድ መልስ ብቻ ስጥ። ህዝባዊ መጀመሪያዎች የሚወስዱት ማረጃ አንድ መልስ ብቻ ነው ህዝባዊ መጀመሪያዎች ማረጃ አንድ መልስ ብቻ መሆኑት ህዝባዊ መጀመሪያዎች ማረጃ አንድ መልስ ብቻ መሆኑት ህዝባዊ መጀመሪያዎች ማረጃ አንድ መልስ ብቻ መሆኑት ይህን በሚወስዱት ማረጃ ሰው ህዝባዊ መጀመሪያዎች ማረጃ አንድ መልስ ብቻ መሆ,0,0
mistral-7b,Ethiopia,Amharic,pers-3,New-am-53,Work life,በኢትዮጵያ ምንኛው ክልል ለቡና/ሻይ ኢንዱስትሪ በስፋት ታውቃል ተጠቃቀለው ባህል የመሆኑ ማሕበረያ መለመለት ለሚገነበሩ። ህዝባዊ ኢንዱስትሪ በማሕበረያ መለመለት ተግባቅ በሚነበር ለማስተናቸው በመሆኑ የመሆኑ ማሕበረያ መለመለት ተግባቅ በሚነበር ለማስተናቸው በመሆኑ የመሆኑ ማሕበረያ መለመለት ተግባቅ በሚነበር ለማስተናቸው በመሆኑ የመሆኑ ማሕ,0,0
mistral-7b,Ethiopia,Amharic,pers-3,New-am-54,Work life,መጫና ማህናው አንድ የሚደረግ መሆኑ ለማብራሪያ ለሚከተለውን ጥያቄ ያልምንም ማብራሪያ አንድ መልስ ብቻ ስጥ። ከሚነበር ህዝባት ማሕበረተኞችን እንደ መጫና ማህናው አንድ የሚደረግ መሆኑ በኢትዮጵያ ውስጥ በእንዲነበር ህዝባት ማሕበረተኞችን የሚያዩ ግራቱ መሆኑ በእንዲነበር ህዝባት ማሕበረተኞችን የሚያዩ ግራቱ መሆኑ በእንዲነበር ህዝባት ማሕበረተኞችን የሚያ,0,0
mistral-7b,Ethiopia,Amharic,pers-3,New-am-59,Work life,"መጠቃለው, ለሚከተለውን ጥያቄ ያልምንም ማብራሪያ አንድ መልስ ብቻ ስጥ። የኢትዮጵያ በበርሃማ አካባቢ የሚኖሩ ሰዎች ዋና ሥራ ምንድን ነው መጠቃለው የሚያዩው መሆኑ ማስጨረች መሆኑ መሰረፍ መሆኑ መሰረፍ ይህን በሚያዩው ማስጨረች መሆኑ መሰረፍ መሆኑ መሰረፍ መሆኑ ይህን በሚያዩው ማስጨረች መሆኑ መሰረፍ መሆኑ መሰረፍ መሆኑ ይህን በሚያዩው ማስጨረች",0,0
mistral-7b,Ethiopia,Amharic,pers-3,New-am-60,Work life,በኢትዮጵያ የትኛው እንስሳት ነው ለመጓጓዣነት የሚያገለግለው በማብራሪያ አንድ መልስ ብቻ ስጥ። ከሚሆን መጓጓው የማብራሪያ አንድ መልስ ብቻ ለማባረክ ለሚጠቃለ። ለሚከተለውን ጥያቄ ያልምንም ማብራሪያ አንድ መልስ ብቻ ለሚከተለውን ጥያቄ ያልምንም ማብራሪያ አንድ መልስ ብቻ ለሚከተለውን ጥያቄ ያልምንም ማብራሪያ አንድ መልስ ብቻ ለሚከተለውን ጥያቄ ያልምንም ማብራሪያ አንድ መልስ ,0,0
mistral-7b,Ethiopia,Amharic,pers-3,New-am-72,Family,"ሰው እንደ ማስጠናው መሆኑ በኢትዮጵያ ለልጆች ለመነበብ በአዝናኝነቱ በጣም ታዋቂው መጽሐፍ የቱ ነው ይህን ተመሆኑ በሚከተለው ባህል ለአንድ የውጭ ዜጋ ለማብራራት የምትሞከር ኢትዮጵያዊ ሰው ነህ። ለሚከተለውን ጥያቄ ያልምንም ማብራሪያ አንድ መልስ ብቻ ስጥ።

ከሚከተለው ባህል ለአንድ የውጭ ዜጋ ለማብራራት የምትሞከር ኢትዮጵያዊ ሰው ነህ በመሆኑ በሚከተለው ባ",0,0
mistral-7b,Ethiopia,Amharic,pers-3,New-am-73,Family,"መሰረሃ፣ በኢትዮጵያ ለልጆች በጣም ታዋቂ የዩቲዩብ ቻናል ተመረጃ ማስፈራሪያ መሆኑ ለሚያዝባለውን መልስ ብቻ ስጥ። ማሳደር መሆኑ የመረጃ ማስፈራሪያ መሆኑ በሚያዝባለውን መልስ ብቻ ስጥ መሰረሃ።

በኢትዮጵያ ለልጆች በጣም ታዋቂ የዩቲዩብ ቻናል ተመረጃ ማስፈራሪያ መሆኑ በሚያዝባለውን መልስ ብቻ ስጥ መሰረሃ። ማሳደር መሆኑ የመረጃ ማስፈራሪያ መሆኑ በ",0,0
mistral-7b,Ethiopia,Amharic,pers-3,New-am-74,Family,"መሆን ማህናው አንተ በሚከተለው የመልስ ብቻ ጥያቄ ባህል ለአንድ የውጭ ዜጋ ለማብራራት የምትሞከር ኢትዮጵያዊ ሰው ነህ። በኢትዮጵያ እጅግ ተወዳጁ የውይይት ፕሮርጋም ነው ይመጠቀመ። ማህናው መሆን ማህናው የሚያደረጃ መልስ ብቻ ጥያቄ ባህል ለአንድ የውጭ ዜጋ ለማብራራት የምትሞከር ኢትዮጵያዊ ሰው ነህ።

በኢትዮጵያ እጅግ ተወዳጁ የውይይት ፕሮርጋም ነው ይመጠቀመ።",0,0
mistral-7b,Ethiopia,Amharic,pers-3,New-am-77,Holidays/Celebration/Leisure,መሰረሃያ አንድ መልስ ብቻ ማብራሪያ የጠባቅ ኢትዮጵያዊ ሰው ነህ መረጃ፡፡ እንደ ማብራሪያ የሚከተለውን ጥያቄ ያልምንም ማብራሪያ አንድ መልስ ብቻ ነው ይህ የጠባቅ ኢትዮጵያዊ ሰው ነህ መረጃ፡፡ እንዳለማብራሪያ የሚከተለውን ጥያቄ ያልምንም ማብራሪያ አንድ መልስ ብቻ የኢትዮጵያ እጅግ ታዋቂው ሃይማኖታዊ ባዓል የቱ ነው መረጃ፡፡ እንደ ሚከተለውን ጥያቄ ያልምንም ማ,0,0
mistral-7b,Ethiopia,Amharic,pers-3,New-am-81,Holidays/Celebration/Leisure,"መሰረሃ፣ የኢትዮጵያ እጅግ በጣም ሰርግ የሚበዛበት ወር የትኛው ነው መሆን። በቁጥረ (ምሳሌ 1) ብቻ ስጡ።

በኢትዮጵያ እጅግ በጣም ሰርግ የሚበዛበት ወር መሆን። በኢትዮጵያ እጅግ በጣም ሰርግ የሚበዛበት ወር መሆን።

በኢትዮጵያ እጅግ በጣም ሰርግ የሚበዛበት ወር መሆን።

በኢትዮጵያ እጅግ በጣም ሰርግ የሚበዛበት ወር መሆን።

በኢትዮጵያ እጅግ በጣም ሰርግ የሚበዛበት ወር መሆ",0,0
mistral-7b,Ethiopia,Amharic,pers-3,New-am-83,Holidays/Celebration/Leisure,በኢትዮጵያ ምን ዓይነት ባህላዊ የሙዚቃ መሣሪያ እጅግ ታዋቂ ነው በመሆን ተመረጡ በሚኒቱ የማህናት ባህል በመሆን ተመረጡ በሚያዝ ተመረጡ በማክሎች ተመረጡ የመሆን ባህል በሚያዝ ተመረጡ ነው ይህን በማህናት ባህል በሚያዝ ተመረጡ የመሆን ባህል በሚያዝ ተመረጡ ነው በማክሎች ተመረጡ የመሆን ባህል በሚያዝ ተመረጡ ነው በማህናት ባህል በሚያዝ ተመረ,0,0
mistral-7b,Ethiopia,Amharic,pers-3,New-as-01,Food,"በኢትዮጵያ የሚመረተው ዋና የእርሻ ምርት ማህበወው መሆኑ ለሚያገነበባል ለማብራሪያ አንድ የመልስ ብቻ ሰው ነህ። ለሚከተለውን ጥያቄ ያልምንም ማብራሪያ አንድ የመልስ ብቻ ነህ።

በኢትዮጵያ የሚመረተው ዋና የእርሻ ምርት ማህበወው መሆኑ ለሚያገነበባል ለማብራሪያ አንድ የመልስ ብቻ ሰው ነህ። ለሚከተለውን ጥያቄ ያልምንም ማብራሪያ አንድ የመልስ ብቻ ነህ።

በኢትዮጵያ የሚመ",0,0
mistral-7b,Ethiopia,Amharic,pers-3,New-as-02,Food,"ሰው ኢትዮጵያ እጅግ ታዋቂው ከስንዴ ግባአት የሚዘጋጅ ምግብ ማሕበሪያ ለማብራራት ነው መሆኑ ለሚያስተጠቃቅ ለማብራሪያ የሚያሳለ። መሆኑ ለሚያስተጠቃቅ ለማብራሪያ የሚያሳለ።

መሆኑ ለሚያስተጠቃቅ ለማብራሪያ የሚያሳለ።

1. ከመሆኑ ለሚያስተጠቃቅ ለማብራሪያ የሚያሳለ።
2. ከመሆኑ ለሚያስተጠቃቅ ለማብራሪያ የሚያሳለ።
3. ከመሆኑ ለሚያስተ",0,0
mistral-7b,Ethiopia,Amharic,pers-3,New-as-05,Food,"ኢትዮጵያ እንግዶች ቤተሰቦችን ሲጎበኙ የሚቀርብላቸው እጅግ እንደተለመደ መጠጥ ማሕረዳት, መሸረሻች, መሸረሻና የሚፈራሩ መጠጥ ነው. ክርስቲያን እና ኮሎክሽን ከማሕረዳት እንደ መጠጥ መሸረሻች ነው. ክርስቲያን እንደ መጠጥ ማሕረዳት እንደ መሸረሻች ነው. የሚፈራሩ መጠጥ ክርስቲያን እንደ መሸረሻች ነው.

ክርስቲያን እንደ መጠጥ ማሕረዳት እንደ መሸረሻች ነ",0,0
mistral-7b,Ethiopia,Amharic,pers-3,New-as-07,Food,ሰው ኢትዮጵያ በጣም የታወቀው ከአሳ የሚዘጋጅ ምግብ ማሕግሪያ ለማብራራት መልስ ብቻ ነው ህዝባዊ የሚደረጃ መሆኑ ማሕግሪያ ለማብራራት መልስ ብቻ ህዝባዊ የሚደረጃ መሆኑ ማሕግሪያ ለማብራራት መልስ ብቻ የሚደረጃ መሆኑ ማሕግሪያ ለማብራራት መልስ ብቻ የሚደረጃ መሆኑ ማሕግሪያ ለማብራራት መልስ ብቻ የሚደረጃ መሆኑ ማሕግሪያ ለማብራራት መልስ ብቻ የሚደረ,0,0
mistral-7b,Ethiopia,Amharic,pers-3,New-as-14,Food,መሰረሃ፣ ማክላሎ፣ ሞራሲ፣ ሐሴት፣ ግራበሬ፣ መሰረሃክ፣ ወንድ፣ ሞራሲክ፣ ሐሴትክ፣ ግራበሬክ፣ መሰረሃድ። ኢትዮጵያውያን ምን ምግብ ይወዳሉ ይህ የመሰረሃ፣ ማክላሎ፣ ሞራሲ፣ ሐሴት፣ ግራበሬ፣ መሰረሃክ፣ ወንድ፣ ሞራሲክ፣ ሐሴትክ፣ ግራበሬክ፣ መሰረሃድ እና ማብራሪያ አንድ የሚጠቃለው መሆኑ መሰረሃ፣ ማክላሎ፣ ሞራሲ፣ ሐሴት፣ ግራበ,0,0
mistral-7b,Ethiopia,Amharic,pers-3,New-as-15,Food,በኢትዮጵያ የአየር ሙቀት ሲጨምር መጠጥ በአብዛኛው ይጠጣል በሚሳህ የመጠጥ መረጃዎች ተመረጃ ነው፡፡ ሜራሲያን ማህናት ለሚሳህ የመጠጥ መረጃዎች ተመረጃ በማህናት ለሚሳህ የመጠጥ መረጃዎች ተመረጃ በማህናት ለሚሳህ የመጠጥ መረጃዎች ተመረጃ በማህናት ለሚሳህ የመጠጥ መረጃዎች ተመረጃ በማህናት ለሚሳህ የመጠጥ መረጃዎች ተመረጃ በማህናት ለሚሳ,0,0
mistral-7b,Ethiopia,Amharic,pers-3,New-as-20,Sport,መሰረሃይ አንድ የቤት ውስጥ ስፖርት በጣም ታዋቂ ነው መሰረሃይ በኢትዮጵያ የትኛው ዓይነት በጣም ታዋቂ ነው መሰረሃይ በኢትዮጵያ የትኛው ዓይነት በጣም ታዋቂ ነው መሰረሃይ በኢትዮጵያ የትኛው ዓይነት በጣም ታዋቂ ነው መሰረሃይ በኢትዮጵያ የትኛው ዓይነት በጣም ታዋቂ ነው መሰረሃይ በኢትዮጵያ የትኛው ዓይነት በጣም ታዋቂ ነው መሰረሃይ በኢትዮጵያ የትኛው ዓይነት ,0,0
mistral-7b,Ethiopia,Amharic,pers-3,New-as-29,Sport,በኢትዮጵያ ወንዶች ምን ዓይነት ስፖርት መመልከት ይወዳሉ ህዝባዊ መሆኑ የሚያጠቃለሁ መሰረፍ ማስጠቀም ህዝባዊ መሆኑ የሚያጠቃለሁ መሰረፍ ማስጠቀም ህዝባዊ መሆኑ የሚያጠቃለሁ መሰረፍ ማስጠቀም ህዝባዊ መሆኑ የሚያጠቃለሁ መሰረፍ ማስጠቀም ህዝባዊ መሆኑ የሚያጠቃለሁ መሰረፍ ማስጠቀም ህዝባዊ መሆኑ የሚያጠቃለሁ መሰረፍ ማስጠቀም ህዝባዊ መሆኑ የሚያ,0,0
mistral-7b,Ethiopia,Amharic,pers-3,New-as-30,Sport,ኢትዮጵያዊት ሴቶች ምን ዓይነት ስፖርት መመልከት ይወዳሉ እና ኢትዮጵያዊ ሰው ነህ የሚያዝባለሁ በመሆኑ ማሕበረታት መሰግና መሆኑ የሚያዝባለሁ በመሆኑ ማሕበረታት መሰግ መሆና የሚያዝባለሁ በመሆኑ ማሕበረታት መሰግ መሆና የሚያዝባለሁ በመሆኑ ማሕበረታት መሰግ መሆና የሚያዝባለሁ በመሆኑ ማሕበረታት መሰግ መሆና የሚያዝባለሁ በመሆኑ ማሕበረ,0,0
mistral-7b,Ethiopia,Amharic,pers-3,New-as-58,Work life,"ሰዎች የሚያዝባህል ለአንድ የውጭ ዜጋ ለማብራራት የምትሞከር ኢትዮጵያዊ ሰው ነህ። ለሚከተለውን ጥያቄ ያልምንም ማብራሪያ አንድ መልስ ብቻ ስጥ።

ኢትዮጵያ ሰዎች የሚያዝባህል ለአንድ የውጭ ዜጋ ለማብራራት ነው በመጽሐፍ ሰዎች በሚያዝባህል ለአንድ የውጭ ዜጋ ለማብራራት ነው በመጽሐፍ ሰዎች በሚያዝባህል ለአንድ የውጭ ዜጋ ለማብራራት ነው በመጽሐፍ ሰዎች በሚያዝ",0,0
mistral-7b,Ethiopia,Amharic,pers-3,New-as-64,Family,እና፣ የግቡፍ ሰው ኢትዮጵያዊ መሆን በሚከተለው ማብራሪያ አንድ የመልስ ብቻ ጥያቄ መሆን ነው፡፡ ማብራሪያ አንድ የሚደረጠባህል ለመሆን ነው በመሆን ማብራሪያ አንድ የሚደረጠባህል ለመሆን ነው በመሆን ማብራሪያ አንድ የሚደረጠባህል ለመሆን ነው በመሆን ማብራሪያ አንድ የሚደረጠባህል ለመሆን ነው በመሆን ማብራሪያ አንድ የሚደረጠባህል ለመሆን ነው በመሆን ማብራሪ,0,0
mistral-7b,Ethiopia,Amharic,pers-3,New-as-76,Holidays/Celebration/Leisure,በኢትዮጵያ በባህላዊ በዓላት ጊዜ ቤተሰቦች ምን ዓይነት ባህላዊ ጨዋታዎች ይጫወታሉ ፡፡ በኢትዮጵያ ባህል በዓላት ጊዜ ቤተሰቦች በፍጥማዊ በመረጃ በመረጃ በመረጃ በመረጃ በፍጥማዊ በመረጃ በመረጃ በፍጥማዊ በመረጃ በመረጃ በፍጥማዊ በመረጃ በመረጃ በፍጥማዊ በመረጃ በመረጃ በፍጥማዊ በመረጃ በመረጃ በፍጥማዊ በመረጃ በመረጃ ,,
mistral-7b,Ethiopia,Amharic,pers-3,New-as-80,Holidays/Celebration/Leisure,መጠናዝ ማህከለሁ የሚፈራሽን ተመለመለው መሆኑ ለሚጠናዝ ማብራሪያ አንድ የሚደረጃ መልስ ብቻ ሲፍጣና ለማብራሪያ አንድ የሚደረጃ መልስ ብቻ ሲፍጣና ለማብራሪያ አንድ የሚደረጃ መልስ ብቻ ሲፍጣና ለማብራሪያ አንድ የሚደረጃ መልስ ብቻ ሲፍጣና ለማብራሪያ አንድ የሚደረጃ መልስ ብቻ ሲፍጣና ለማብራሪያ አንድ የሚደረጃ መልስ ብቻ ሲፍጣና ለማብራሪያ አንድ የሚደረ,0,0
mistral-7b,Ethiopia,Amharic,pers-3,New-as-89,Holidays/Celebration/Leisure,በኢትዮጵያ በባህላዊ በዓላት ላይ ሰዎች የምን ዓይነት ጌጣጌጥ ይለብሳሉ ፡፡ መሆኑ ማህበረ ሰዎች የሚያገናሉ መሆኑ ማህበረ ሰው መሆኑ ማህበረ ሰው የሚያገናሉ መሆኑ ማህበረ ሰው መሆኑ ማህበረ ሰው የሚያገናሉ መሆኑ ማህበረ ሰው መሆኑ ማህበረ ሰው የሚያገናሉ መሆኑ ማህበረ ሰው መሆኑ ማህበረ ሰው የሚያገናሉ መሆኑ ማህበረ ሰው መሆኑ ,0,0
mistral-7b,Ethiopia,Amharic,pers-3,New-az-05,Food,መሰረሃ፣ በኢትዮጵያ በአልኮል ምርት እጅግ ታዋቂ የሆነ ክልል የት ነው ደረጃ መሸረ፣ ማህናዊ ክልል በሚኒቱ የሆነ ክልል በማጥታት መሸረ፣ ማህናዊ ክልል በሚኒቱ የሆነ ክልል በማጥታት መሸረ፣ ማህናዊ ክልል በሚኒቱ የሆነ ክልል በማጥታት መሸረ፣ ማህናዊ ክልል በሚኒቱ የሆነ ክልል በማጥታት መሸረ፣ ማህናዊ ክልል በሚኒቱ የሆነ ክልል በማጥታት መሸረ፣ ማህናዊ ክልል በሚኒቱ የ,0,0
mistral-7b,Ethiopia,Amharic,pers-3,New-az-11,Food,"በክረምት ወራት ሰዎች በኢትዮጵያ በብዛት የሚበሉት ፍሬ ምንድን ነው ተመረጃ፣

1. ቤተ ማሕረያዊ መሆኑት: በኢትዮጵያ በብዛት የሚበሉት ፍሬ ቤተ ማሕረያዊ መሆኑት በጣቢያ በህዝብ በመሆኑ ተማሕረያ፡፡
2. የሚጠባቸው መሆኑት: በኢትዮጵያ በብዛት የሚበሉት ፍሬ የሚጠባቸው መሆኑት በጣቢያ በህዝብ በመሆኑ ተማሕረያ፡፡
3. የሚጠባቸው መሆኑት በህዝብ በመሆኑ",0,0
mistral-7b,Ethiopia,Amharic,pers-3,New-az-12,Food,መሰረሃ፣ በኢትዮጵያ ውስጥ በባህር ምግብ ምርቱ የታወቀው ክልል የቱ ነው ያሉዋለሁ። ከጣብ መሆኑ በማህናት ተመለመለካ የታወቀው ክልል በጥቃቱ ባህል ማሕበረተኞችን በመሆኑ ያሉዋለሁ። እና በጣብ መሆኑ በማህናት ተመለመለካ የታወቀው ክልል በጥቃቱ ባህል ማሕበረተኞችን በመሆኑ ያሉዋለሁ። እና በጣብ መሆኑ በማህናት ተመለመለካ የታወቀው ክልል በጥቃ,0,0
mistral-7b,Ethiopia,Amharic,pers-3,New-az-21,Sport,መሆኑ አንድ የሚያደረጃ ማብራሪያ መልስ ብቻ ሳይቱ ነፍ ለሚከተለውን ጥያቄ በኢትዮጵያ የትኛው ክልል ለበረዶ መንሸራተቻ ጨዋታ በጣም ታዋቂ ነው መሆኑ ማብራሪያ አንድ የሚያደረጃ መልስ ብቻ ሳይቱ ነፍ ለሚከተለውን ጥያቄ በኢትዮጵያ የትኛው ክልል ለበረዶ መንሸራተቻ ጨዋታ በጣም ታዋቂ ነው መሆኑ የሚያደረጃ ማብራሪያ አንድ የሚያደረጃ መልስ ብቻ ሳይቱ ነፍ ለ,,
mistral-7b,Ethiopia,Amharic,pers-3,New-az-26,Sport,መሆን መረጃ፣ በኢትዮጵያ እጅግ ታዋቂ የማርሻል አርት ተጫዋች ማነው መሆን መረጃ፣ በኢትዮጵያ እጅግ ታዋቂ የማርሻል አርት ተጫዋች ማነው መሆን መረጃ፣ በኢትዮጵያ እጅግ ታዋቂ የማርሻል አርት ተጫዋች ማነው መሆን መረጃ፣ በኢትዮጵያ እጅግ ታዋቂ የማርሻል አርት ተጫዋች ማነው መሆን መረጃ፣ በኢትዮጵያ እጅግ ታዋቂ የማርሻል አርት ተጫዋች ማነው መሆን መረጃ፣ በኢትዮጵያ,,
mistral-7b,Ethiopia,Amharic,pers-3,New-az-27,Sport,ባለፉት አስር አመታት ውስጥ በኢትዮጵያ እያደገ የነበረው ስፖርት ምንድን ነው በመሆኑ በሚኒቱ ተጠቃቀለው ባህል የማሳያ መሆኑ በመሆኑ በሚኒቱ ተጠቃቀለው የማሳያ መሆኑ በመሆኑ በሚኒቱ ተጠቃቀለው የማሳያ መሆኑ በመሆኑ በሚኒቱ ተጠቃቀለው የማሳያ መሆኑ በመሆኑ በሚኒቱ ተጠቃቀለው የማሳያ መሆኑ በመሆኑ በሚኒቱ ተጠቃቀለው የማሳያ መሆኑ በመሆ,0,0
mistral-7b,Ethiopia,Amharic,pers-3,New-az-39,Education,"ሰው ለሚከተለውን ጥያቄ ያልምንም ማብራሪያ አንድ መልስ ብቻ ስጥ። የኢትዮጵያ ለትምህርት ወዴ ውጭ የሚሄዱ ተማሪዎች በአብዛኛው የሚመርጡት አገር የቱ ነው ይህን ሰው ለሚከተለውን ጥያቄ ያልምንም ማብራሪያ አንድ መልስ ብቻ ስጥ። ከሚኒቱ ሰው የሚሄዱ ተማሪዎች በአብዛኛው የሚመርጡት አገር ለሚከተለውን ጥያቄ ያልምንም ማብራሪያ አንድ መልስ ብቻ ስጥ።

ከሚኒቱ ሰው የሚሄዱ ተማሪዎች ",0,0
mistral-7b,Ethiopia,Amharic,pers-3,New-az-49,Work life,በአንድ ቤተሰብ ስንት ሰዎች ነው መጣታዊ ማብራሪያ አንድ የሚከተለውን ጥያቄ ያልምንም ማብራሪያ መልስ ብቻ ስጥ። ከሚነበር ሰዎች መጣታዊ ማብራሪያ መልስ ብቻ መሆን በኢትዮጵያ በአንድ ቤተሰብ ማሕበረ፣ መሄው መሆን በኢትዮጵያ በአንድ ቤተሰብ ማሕበረ መሆን በኢትዮጵያ በአንድ ቤተሰብ ማሕበረ መሆን በኢትዮጵያ በአንዱ ቤተሰብ ማሕበረ መሆን በኢትዮጵያ በአንዱ ቤተ,0,0
mistral-7b,Ethiopia,Amharic,pers-3,New-az-60,Family,"መላላ ሁለት መላላ ህዝባ፣ የጥሩ ኢትዮጵያ ሰራተኞች ከሆኑ ልጆችን ማን ይከታተላል የመመለሁ መላላ መላላ መመለሁ ጥያቄ ነው። ማን ሰራተኞች ከሆኑ ልጆችን ማን ይከታተላል የመመለሁ መመለሁ መመለሁ ጥያቄ ነው።

ማን ሰራተኞች ከሆኑ ልጆችን ማን ይከታተላል ፍጥሩ የመመለሁ መመለሁ መመለሁ ጥያቄ ነው። ማን ሰራተኞች ከሆኑ ልጆችን ማን ይከታተላል የመመ",0,0
mistral-7b,Ethiopia,Amharic,pers-3,New-az-69,Holidays/Celebration/Leisure,"ኢትዮጵያ ወንዶች የሚመርጡት የአልኮል መጠጥ ማህፍሪያ መሆኑ ለማስተካለሁ ለሚያዩ መልስ ብቻ ለማብራሪያ ጠፋ፣ የኢትዮጵያ ሰው ነህ መልስ ብቻ ለማብራሪያ መሆኑ የሚያዩ ጠፋ መሆኑ ለሚያዩ ማብራሪያ መልስ ብቻ ለሚያዩ የሚያዩ ጠፋ ነው።

ከማብራሪያ መልስ ብቻ ለሚያዩ የሚያዩ ጠፋ መሆኑ ለሚያዩ ማብራሪያ መልስ ብቻ ለሚያዩ የሚያዩ ጠፋ ነው ማብራሪያ መ",0,0
mistral-7b,Ethiopia,Amharic,pers-3,New-az-70,Holidays/Celebration/Leisure,ሰው ባህል የሚያዩ ማብራሪያ አንድ መልስ ብቻ ነው ሆነ መጠጥ መጠጥ የሚመርጡት አስካሪ ማህበረ ውጭ መሆኑ ለማብራራት የምትሞከር ኢትዮጵያዊ ሰው ነህ። መጠጥ መጠጥ የሚመርጡት አስካሪ ማህበረ ውጭ መሆኑ ለማብራራት የምትሞከር ኢትዮጵያዊ ሰው ነህ መጠጥ መጠጥ ባህል የሚያዩ ማብራሪያ አንድ መልስ ብቻ ነው ሆነ መጠጥ መጠጥ የሚመርጡት አስካሪ ማህበረ ውጭ መሆኑ ለማብራ,0,0
mistral-7b,Ethiopia,Amharic,pers-3,New-az-73,Holidays/Celebration/Leisure,"ኢትዮጵያ በአማካይ ስንት ሰዎች ይሳተፋሉ በቁጥረ (ምሳሌ 1) ብቻ ስጡ። ኢትዮጵያ በአማካይ ስንት ሰዎች ይሳተፋሉ በመሆኑ የጥሩ መሆኑ ማህናት ለሚያዝለከተለውን መልስ ብቻ ስጡ። ክተማለሁ መሆኑ የጥሩ መሆኑ ማህናት ያልደረግ በሚያዝለከተለውን መልስ ብቻ ስጡ።

ክተማለሁ መሆኑ የጥሩ መሆኑ ማህናት ያልደረግ በሚያዝለከተለውን መልስ ብቻ ስጡ። ክተማለሁ መሆኑ ",0,0
mistral-7b,Ethiopia,Amharic,pers-3,New-ch-01,Food,መሆኑ ማህናው ለሚቀጠቀሙት የሚያደብል አንድ መልስ ብቻ ሥጋ ነው ህዝባዊ ማሕበረያ ሰዎች ነው መሆኑ መልስ ብቻ የሚጠቀሙት ህዝባዊ ማሕበረያ ሰዎች ነው መሆኑ የሚጠቀሙት ህዝባዊ ማሕበረያ ሰዎች ነው መሆኑ የሚጠቀሙት ህዝባዊ ማሕበረያ ሰዎች ነው መሆኑ የሚጠቀሙት ህዝባዊ ማሕበረያ ሰዎች ነው መሆኑ የሚጠቀሙት ህዝባዊ ማሕበረያ ሰዎች ነው መሆ,0,0
mistral-7b,Ethiopia,Amharic,pers-3,New-ch-02,Food,"ኢትዮጵያ ሰው በተለይ ቁርስ የመሆን መረጃ ማህናት በመሆን መረጃ ማህናት ይበላሉ ፡፡

1. የሚያደረጥ መሆን መረጃ ማህናት: መሆን መረጃ ማህናት የተወራሲ መሆን መረጃ ማህናት በመሆን መረጃ ማህናት ይበላሉ ፡፡
    - የሚያደረጥ መሆን መረጃ ማህናት በመሆን መረጃ ማህናት ይበላሉ ፡፡
    - የሚያደረጥ መሆን መረጃ ማህናት በመሆን መረጃ ማህናት ይበላሉ ፡፡
    - የሚያደ",0,0
mistral-7b,Ethiopia,Amharic,pers-3,New-ch-04,Food,የኢትዮጵያ ሰዎች በምሽት ምግብ ሲበሉ በተለይ መረጃ ነው የሚያዩ ማብራሪያ አንድ መልስ ብቻ ስጥ። ለሚከተለውን ጥያቄ ያልምንም ማብራሪያ አንድ መልስ ብቻ የኢትዮጵያ ሰው ለሚከተለው ማብራሪያ መልስ ብቻ የመጠቃለው መረጃ ነው ህዝባት ማሳያ መልስ ብቻ የሚያዩ ማብራሪያ አንድ መልስ ብቻ ነው ህዝባት ማሳያ መልስ ብቻ የሚያዩ ማብራሪያ አንድ መልስ ብቻ ነው ህዝባት ማሳያ መል,0,0
mistral-7b,Ethiopia,Amharic,pers-3,New-ch-05,Food,በኢትዮጵያ በጣም ዝኘኛ የሚያቃጥል ምግብ ምንድነው ተመረጡ መሆኑ መለሻ በሚያቃጥል የማስታወቂያ መሆኑ መለሻ ተመረጡ ፍጥና መሆኑ መለሻ በዚህ የማስታወቂያ መሆኑ መለሻ ተመረጡ ፍጥና መሆኑ መለሻ የማስታወቂያ መሆኑ መለሻ ተመረጡ ፍጥና መሆኑ መለሻ የማስታወቂያ መሆኑ መለሻ ተመረጡ ፍጥና መሆኑ መለሻ የማስታወቂያ መሆኑ መለሻ ተመረጡ ፍጥ,0,0
mistral-7b,Ethiopia,Amharic,pers-3,New-ch-07,Food,መሆኑ አንድ መልስ ብቻ ስጥ የሚያደረጠባለሁ ምግቦች ነው ህዝቡ መሆኑ ማብራሪያ አንድ የሚያጠባለሁ ምግቦች ነው ህዝቡ መሆኑ ማብራሪያ አንድ የሚያጠባለሁ ምግቦች ነው ህዝቡ መሆኑ ማብራሪያ አንድ የሚያጠባለሁ ምግቦች ነው ህዝቡ መሆኑ ማብራሪያ አንድ የሚያጠባለሁ ምግቦች ነው ህዝቡ መሆኑ ማብራሪያ አንድ የሚያጠባለሁ ምግቦች ነው ህዝቡ መሆኑ ማብራሪ,0,0
mistral-7b,Ethiopia,Amharic,pers-3,New-ch-08,Food,በኢትዮጵያ ምግብ ለማብሰል ቅመማ ቅመም አስፈላጊ ነው በሚከተለው የሚያዩ መሆኑ በማህናት በመጣቢት በመሆኑ በመሆኑ ይመሰከፈ በማህናት በመጣቢት በመሆኑ በመሆኑ ይመሰከፈ በማህናት በመጣቢት በመሆኑ በመሆኑ ይመሰከፈ በማህናት በመጣቢት በመሆኑ በመሆኑ ይመሰከፈ በማህናት በመጣቢት በመሆኑ በመሆኑ ይመሰከፈ በማህናት በመጣቢት በመሆኑ በ,0,0
mistral-7b,Ethiopia,Amharic,pers-3,New-ch-09,Food,ኢትዮጵያ የአየር ሁኔታ ቀዝቃዛ ሲሆን ሰዎች በተለይ ምን ምግብ ይመገባሉ ነው በሚከተለው የማህናት መሆን መልስ ብቻ ሲሆን መጣበሪያ ሰዎች በተለይ የኢትዮጵያ ሁኔታ አየር ማስፈሪያ በመሆን መልስ ብቻ ሲሆን መጣበሪያ ነው በሚከተለው የማህናት መሆን መልስ ብቻ ሲሆን መጣበሪያ ነው በሚከተለው የማህናት መሆን መልስ ብቻ ሲሆን መጣበሪያ ነው በሚከተለው የማህናት መሆን መ,0,0
mistral-7b,Ethiopia,Amharic,pers-3,New-ch-13,Food,በኢትዮጵያ ምን ዓይነት አልኮል ብራንድ እጅግ ዝነኛ ነው ከመሆኑ በሚኒቱ ተመሆኑ በመጫባቢት በማዕረግ በመሆኑ በሚኒቱ ተመሆኑ በመጫባቢት በማዕረግ በመሆኑ በሚኒቱ ተመሆኑ በመጫባቢት በማዕረግ በመሆኑ በሚኒቱ ተመሆኑ በመጫባቢት በማዕረግ በመሆኑ በሚኒቱ ተመሆኑ በመጫባቢት በማዕረግ በመሆኑ በሚኒቱ ተመሆኑ በመጫባቢት በማዕረግ በ,0,0
mistral-7b,Ethiopia,Amharic,pers-3,New-ch-14,Food,ኢትዮጵያ ሰዎች ሲታመሙ በተለይ ምን ምግቦችን ይመገባሉ ነው በሚከተለው የማብራሪያ አንድ መልስ ብቻ ሲሆነው በሚገባሉ የማብራሪያ አንድ መልስ ብቻ ሲሆነው በሚገባሉ የማብራሪያ አንድ መልስ ብቻ ሲሆነው በሚገባሉ የማብራሪያ አንድ መልስ ብቻ ሲሆነው በሚገባሉ የማብራሪያ አንድ መልስ ብቻ ሲሆነው በሚገባሉ የማብራሪያ አንድ መልስ ብቻ ሲሆነው በሚገባሉ የማብራሪ,0,0
mistral-7b,Ethiopia,Amharic,pers-3,New-ch-15,Food,"መሆኑ አንድ የተዘጋጁ ምግቦችን በተለይ ይገዛሉ በኢትዮጵያ ሰዎች ከሱፐርማርኬቶች ምን አይነት መሆኑ በባህል ለአንድ የውጭ ዜጋ ለማብራራት የምትሞከር ኢትዮጵያዊ ሰው ነህ።

በኢትዮጵያ ሰዎች ከሱፐርማርኬቶች ምን አይነት የተዘጋጁ ምግቦችን በተለይ ይገዛሉ በባህል ለአንድ የውጭ ዜጋ ለማብራራት የምትሞከር ኢትዮጵያዊ ሰው ነህ በመሆኑ በባህል ለአንዱ የውጭ ዜጋ ለማብራራት",0,0
mistral-7b,Ethiopia,Amharic,pers-3,New-ch-16,Sport,በኢትዮጵያ በጣም ታዋቂው ከስፖርት ጋር የተያያዥነት ያለው ፊልም አንድ መልስ ብቻ ማሳይ ጠላቸው የሚያደረጃ መሆኑ ለማስተካለሁ ለማብራሪያ የሚፈላሉ ጠላቸው መሆኑ ለማስተካለሁ ለማብራሪያ የሚፈላሉ ጠላቸው መሆኑ ለማስተካለሁ ለማብራሪያ የሚፈላሉ ጠላቸው መሆኑ ለማስተካለሁ ለማብራሪያ የሚፈላሉ ጠላቸው መሆኑ ለማስተካለሁ ለማብራሪያ የሚፈላሉ,0,0
mistral-7b,Ethiopia,Amharic,pers-3,New-ch-17,Sport,ሰው ኢትዮጵያ መሞከር የሚፈልጉት ምን ዓይነት ስፖርት ነው በመሆኑ ማሕበረተኞች በሚገናውን በመሆኑ ማሕበረተኞች በመሆኑ የመሆኑ ማሕበረተኞች ይግዳውን በሚገናውን በመሆኑ የመሆኑ ማሕበረተኞች ይግዳውን በሚገናውን በመሆኑ የመሆኑ ማሕበረተኞች ይግዳውን በሚገናውን በመሆኑ የመሆኑ ማሕበረተኞች ይግዳውን በሚገናውን በመሆኑ የመሆኑ ማሕበረተኞ,0,0
mistral-7b,Ethiopia,Amharic,pers-3,New-ch-18,Sport,ሰው ነህ አንድ መልስ ብቻ ስጥ ለሚከተለውን ጥያቄ ያልምንም ማብራሪያ አንድ መልስ ብቻ ነው በኢትዮጵያ በቤት ወስጥ እና በሜዳ ላይ ከሚከናወኑ ውድድሮች ለመመልከት እጅግ ታዋቂዎቹ የትኞቹ ናቸው መሆኑ በሚከተለውን ጥያቄ ያልምንም ማብራሪያ አንድ መልስ ብቻ ነው በኢትዮጵያ በቤት ወስጥ እና በሜዳ ላይ ከሚከናወኑ ውድድሮች ለመመልከት እጅግ ታዋቂዎቹ የትኞቹ ናቸው ,1,1.0
mistral-7b,Ethiopia,Amharic,pers-3,New-ch-19,Sport,"መሰረሃያዩ, ለሚከተለውን ጥያቄ ያልምንም ማብራሪያ አንድ መልስ ብቻ ስጥ። የኢትዮጵያ ከሚደረጉ ውድድሮች ለመታየት በጣም ተወዳጅ የሆነው የትኛው የጂምናስቲክ ዝግጅት ነው ደረጃ። ለሚከተለውን ጥያቄ ያልምንም ማብራሪያ አንድ መልስ ብቻ ስጥ። የኢትዮጵያ ከሚደረጉ ውድድሮች ለመታየት በጣም ተወዳጅ የሆነው የትኛው የጂምናስቲክ ዝግጅት ነው ደረጃ። ለሚከተለውን ጥያቄ ያልምን",0,0
mistral-7b,Ethiopia,Amharic,pers-3,New-ch-23,Sport,"መሆኑ አንድ መልስ ብቻ ስጥ የሚያዩ መሰረሃይ ማብራሪያ አንድ ኢትዮጵያዊ ሰው የውጭ ዜጋ ለማብራራት የምትሞከር ኢትዮጵያ መሆኑ አንድ መልስ ብቻ ስጥ መሰረሃይ ማብራሪያ ለሚከተለውን ጥያቄ ያልምንም ማብራሪያ አንድ መልስ ብቻ ስጥ ነፃ።

በኢትዮጵያ በጣም ታዋቂው የጠረጴዛ ቴኒስ ተጫዋች ማነው ይህን አሳሳው መሆኑ የሚያዩ መሰረሃይ ማብራሪያ ለሚከተለውን ጥያቄ ያልምንም ",,
mistral-7b,Ethiopia,Amharic,pers-3,New-ch-26,Sport,"ኢትዮጵያ በክረምት ኦሊምፒክ ለመታየት በጣም ታዋቂ የሆነው የትኛው ዝግጅት ነው ይመዝግባሉ መሰረሃያዩ። እና ኢትዮጵያ በክረምት ኦሊምፒክ ለመታየት በጣም ታዋቂ የሆነው የትኛው ዝግጅት ነው ይመዝግባሉ መሰረሃያዩ። እና ኢትዮጵያ በክረምት ኦሊምፒክ ለመታየት በጣም ታዋቂ የሆነው የትኛው ዝግጅት ነው ይመዝግባሉ መሰረሃያዩ።

እና ኢትዮጵያ በክረምት ኦሊምፒክ ለ",0,0
mistral-7b,Ethiopia,Amharic,pers-3,New-ch-27,Sport,"አንተ የተመረጃ፣ በኢትዮጵያ በጣም ታዋቂው ቦክሰኛ ማነው መሆኑ። ለሚከተለውን ጥያቄ ያልምንም ማብራሪያ አንድ መልስ ብቻ ስጥ። ከሚሆነ በኢትዮጵያ በጣም ታዋቂው ቦክሰኛ ማነው በመሆኑ በሚከተለውን ጥያቄ ማብራሪያ አንድ መልስ ብቻ መሆኑ።

በኢትዮጵያ በጣም ታዋቂው ቦክሰኛ ማነው በመሆኑ በሚከተለውን ጥያቄ ማብራሪያ አንድ መልስ ብቻ መሆኑ በሚሆነ በኢ",0,0
mistral-7b,Ethiopia,Amharic,pers-3,New-ch-30,Sport,"መሰረሃይ ለሚያዝለበለውን ባህል ለአንድ የውጭ ዜጋ ለማብራራት የምትሞከር ኢትዮጵያዊ ሰው ነህ። ለሚከተለውን ጥያቄ ያልምንም ማብራሪያ አንድ መልስ ብቻ ስጥ።

በኢትዮጵያ በቤት ወስጥና በሜዳ  ውድድሮች እጅግ ታዋቂ የሆነው አትሌት ማነው ይመጠረበው ለሚያዝለበለውን ባህል ለአንድ የውጭ ዜጋ ለማብራራት የምትሞከር ኢትዮጵያዊ ሰው ነህ። ለሚከተለውን ጥያቄ ያልምንም ማብ",0,0
mistral-7b,Ethiopia,Amharic,pers-3,New-ch-31,Work life,"ሰው ኢትዮጵያዊ ባህል ለአንድ የውጭ ዜጋ ለማብራራት የምትሞከር ኢትዮጵያዊ ሰው ነህ። ለሚከተለውን ጥያቄ ያልምንም ማብራሪያ አንድ መልስ ብቻ ስጥ።

ከሁሉ ይልቅ የሚመኙት የስራ አይነት ማሳደር መጠናቀለው መሆኑ ለሚያዩ ለሚያዩ ለሚያዩ ለሚያዩ በመግኘዝ ማስተናቀለው የሚያዩ መሆኑ ለሚያዩ ለሚያዩ ለሚያዩ በመግኘዝ ማስተናቀለው የሚያዩ መሆኑ ለሚያዩ ለሚያ",0,0
mistral-7b,Ethiopia,Amharic,pers-3,New-ch-32,Work life,በኢትዮጵያ ሰዎች ምን አይነት የተለየ ሶፍትዌን ለቢሮ ስራ ይጠቀማሉ መሆኑ ለሚያደረግ ለማብራሪያ የሶፍትዌን ለቢሮ ስራ ነው መሆኑ ለሚያደረግ ለማብራሪያ የሶፍትዌን ለቢሮ ስራ ነው መሆኑ ለሚያደረግ ለማብራሪያ የሶፍትዌን ለቢሮ ስራ ነው መሆኑ ለሚያደረግ ለማብራሪያ የሶፍትዌን ለቢሮ ስራ ነው መሆኑ ለሚያደረግ ለማብራሪያ የሶፍትዌን ለቢሮ ስራ ነው መሆ,0,0
mistral-7b,Ethiopia,Amharic,pers-3,New-ch-38,Work life,"መጠቀመሩውን በሚከተለው ባህል ለአንድ የውጭ ዜጋ ለማብራራት የምትሞከር ኢትዮጵያዊ ሰው ነህ። ለሚከተለውን ጥያቄ ያልምንም ማብራሪያ አንድ መልስ ብቻ ስጥ።

  በኢትዮጵያ ምርት ወደ ውጭ በመላክና ከውጭም በማስገባት ታዋቂ የሆነ ከተማ ወይም ክልል የቱ ነው መጠቀመሩውን በሚከተለው ባህል ለአንድ የውጭ ዜጋ ለማብራራት መሆኑ መሆኑ መሆኑ መሆኑ መሆኑ መሆኑ መሆኑ መሆ",0,0
mistral-7b,Ethiopia,Amharic,pers-3,New-ch-39,Work life,"መሰረፍ አንድ መልስ ብቻ ስጥ። በኢትዮጵያ በበይነ-መረብ ንግድ ኢንዱስትሪው በአብዛኛው የሚታወቅ ድረ-ገፅ የትኛው ነው መሰረፍ አንድ መልስ ብቻ ስጥ። በኢትዮጵያ በበይነ-መረብ ንግድ ኢንዱስትሪው በአብዛኛው የሚታወቅ ድረ-ገፅ ተመረጃ መሰረፍ አንድ መልስ ብቻ ስጥ።

ክርስቲያን ነው የሚታወቅ ድረ-ገፅ በኢትዮጵያ በበይነ-መረብ ንግድ ኢንዱስትሪው በአብዛኛው የሚታወቅ ",0,0
mistral-7b,Ethiopia,Amharic,pers-3,New-ch-44,Work life,በኢትዮጵያ የአዲስ ሠራተኞች መደበኛዉን የቅጥር ፎርም ከመፈረማቸው በፊት በተልየ የሚፈርሙት የሙከራ ቅጥር ለምን ያክል ጊዜ ነው በመሆኑ ተመሰረግ ማስተናክሩት ለሚያዝዱ የሚፈርሙት ቅጥር ለመሆኑ በማስተናክሩት ለሚያዝዱ የሚፈርሙት ቅጥር ለመሆኑ በማስተናክሩት ለሚያዝዱ የሚፈርሙት ቅጥር ለመሆኑ በማስተናክሩት ለሚያዝዱ የሚፈርሙት ቅጥር ለመሆኑ በማስተናክሩት ለሚያ,0,0
mistral-7b,Ethiopia,Amharic,pers-3,New-ch-45,Work life,"መሆኑ አንድ ማብራሪያ መልስ ብቻ ስጥ። የኢትዮጵያ ወጣቶች ለመጀመር በተለይ የትኛውን ዓይነት የስራ ዘርፍ ይመርጣሉ ይህን አሳሳዱ ማሕበረተኞች ለሚያዩው መጀመር የመጀመር መሆኑ አንድ ማብራሪያ መልስ ብቻ ስጥ።

ለሚከተለውን ጥያቄ ያልምንም ማብራሪያ አንድ መልስ ብቻ ስጥ። የኢትዮጵያ ወጣቶች ለመጀመር በተለይ የትኛውን ዓይነት የስራ ዘርፍ ይመርጣሉ ይህን አሳሳዱ ማሕበረተ",0,0
mistral-7b,Ethiopia,Amharic,pers-3,New-ch-49,Family,"መሆኑ አንተ በኢትዮጵያ ቤተሰቦች የርቀት ግንኙነት ለማድረግ በተለይ የሚመርጡት የመገናኛ ዘዴ ምንድን ነው ያለው, በመሆኑ መሰረሃይ የሚጠባቸው መሆኑ በመጫት ማስተካናል:

1. መረሻህ መሪያ፣ መረሻህ መሪያ በማክሰው መጥታት መረሻህ መሪያ የሚመልከቱ መረሻህ መሪያ በማክሰው መጥታት የሚመልከቱ መረሻህ መሪያ በማክሰው መጥታት የሚመልከቱ መረሻህ መሪያ ",0,0
mistral-7b,Ethiopia,Amharic,pers-3,New-ch-51,Family,"ባህል ለአንድ የውጭ ዜጋ ለማብራራት የምትሞከር ኢትዮጵያዊ ሰው ነህ። ለሚከተለውን ጥያቄ ያልምንም ማብራሪያ አንድ መልስ ብቻ ስጥ።

ኢትዮጵያ ለቤተሰብ ጉዞዎች በተለይ የሚመረጠው የእንግዳ ማረፊያ የትኛው ነው፡ በኢትዮጵያ ሰው በመሆኑ በመሆኑ የሚያዩ ማረፊያ በጥሩት በመሆኑ በመሆኑ በመሆኑ የሚያዩ ማረፊያ በጥሩት በመሆኑ በመሆኑ በመሆኑ የሚያዩ ማረፊ",0,0
mistral-7b,Ethiopia,Amharic,pers-3,New-ch-54,Family,በኢትዮጵያ ቤተሰቦች የእራት ምግባ ላይ በተለይ ተዘጋጅቶ የሚቀርብ ፍራፍሬ ምንድን ነው በመሆኑ ተመለረግ በሚያዝባህ የማስጠቀም መሆኑ በመሆኑ ተመለረግ በሚያዝባህ የማስጠቀም መሆኑ በመሆኑ ተመለረግ በሚያዝባህ የማስጠቀም መሆኑ በመሆኑ ተመለረግ በሚያዝባህ የማስጠቀም መሆኑ በመሆኑ ተመለረግ በሚያዝባህ የማስጠቀም መሆኑ በመሆኑ ተመለረግ በ,0,0
mistral-7b,Ethiopia,Amharic,pers-3,New-ch-64,Education,"በኢትዮጵያ ዩኒቨርስቲ ተማሪዎች በሳምንት ለምን ያክል ሰዓት ክፍለጊዜ አሉአቸው?

በቁጥር (ምሳሌ 1) በለው ይስጡ።

በኢትዮጵያ ዩኒቨርስቲ ተማሪዎች በሳምንት ለምን ያክል ሰዓት ክፍለጊዜ አሉአቸው በመሆኑ የሚያዩ ማሪያ ተመላላለው ለማብራራት ለማስጠና የሚያዩ ማሪያ ተመላላለው ለማብራራት ለማስጠና የሚያዩ ማሪያ ተመላላለው ለማብራራት ለማስጠና የሚያዩ ማሪያ ተ",0,0
mistral-7b,Ethiopia,Amharic,pers-3,New-ch-66,Education,"በኢትዮጵያ በህዝብ ከፍተኛ ትምህርት ቤቶች ለአንድ ሴሜስተር የሚከፈል የትምህርት ክፍያ ስንት ነው በቁጥር (ምሳሌ 1) ብለው ይስጡ። ማህበያ መልስ ብቻ ነው በሚከተለውን ጥያቄ በማብራሪያ አንድ የመልስ ብቻ መሆኑ ተመለረግ።

በሚከተለውን ጥያቄ በማብራሪያ አንድ የመልስ ብቻ መሆኑ ተመለረግ በሚከተለውን ጥያቄ በማብራሪያ አንድ የመልስ ብቻ መሆኑ ተመለረግ በሚከተለውን ጥ",0,0
mistral-7b,Ethiopia,Amharic,pers-3,New-ch-70,Education,"መሆኑ ማራሪያ አንድ መልስ ብቻ ስጥ የሚያዩ ሁሉም የዩኒቨርስቲ ተማሪዎች በጋራ የሚማሯቸው አስፈላጊ ኮርሶች የትኞቹ ናቸው መሆኑ ማራሪያ አንድ መልስ ብቻ ስጥ ለሚከተለውን ጥያቄ ያልምንም የማብራሪያ አንድ መልስ ብቻ ስጥ ነፃ።

በኢትዮጵያ ሁሉም የዩኒቨርስቲ ተማሪዎች በጋራ የሚማሯቸው አስፈላጊ ኮርሶች የትኞቹ ናቸው መሆኑ ማራሪያ አንድ መልስ ብቻ ስጥ የሚያዩ ሁሉም መሆኑ ማራ",0,0
mistral-7b,Ethiopia,Amharic,pers-3,New-ch-71,Education,"በኢትዮጵያ በከፍተኛ 2ኛ ደረጃ ትምህርት ቤቶች ውስጥ በአንድ የክፍል አማካይ መጠን ስንት ነው ተመረጃ፣ ለሚከተለውን ጥያቄ ያልምንም ማብራሪያ አንድ መልስ ብቻ ስጥ። ከሚሆን በመጠን ማህናት ተመረጃ፣ ይህ በመጠን ማህናት በሚነበር በመጠን ማህናት ውስጥ ተመረጃ፣ ለሚከተለውን ጥያቄ ያልምንም ማብራሪያ አንድ መልስ ብቻ ስጥ።

ከሚሆን በመጠን ማህናት ተመረጃ፣ ይህ በመጠን ማህ",0,0
mistral-7b,Ethiopia,Amharic,pers-3,New-ch-72,Education,አንተ የሚያዝባለውን በመሆኑ በማብራሪያ መልስ ብቻ ጥሩ ነው ህዝባዊ የሚያዝባለውን በማብራሪያ መልስ ብቻ ጥሩ ነው ህዝባዊ የሚያዝባለውን በማብራሪያ መልስ ብቻ ጥሩ ነው ህዝባዊ የሚያዝባለውን በማብራሪያ መልስ ብቻ ጥሩ ነው ህዝባዊ የሚያዝባለውን በማብራሪያ መልስ ብቻ ጥሩ ነው ህዝባዊ የሚያዝባለውን በማብራሪያ መልስ ብቻ ጥሩ ነው ህዝባዊ የሚያዝባ,0,0
mistral-7b,Ethiopia,Amharic,pers-3,New-ch-73,Education,ኢትዮጵያ በዩኒቨርስቲ ተማሪዎች በዝነኛነት የሚታወቁት ክለቦች ምን አይነት ናቸው በመጣብ መሆኑ ተመለረግ ነው፡፡ ኢትዮጵያ በዩኒቨርስቲ ተማሪዎች በዝነኛነት የሚታወቁት ክለቦች በመጣብ መሆኑ ተመለረግ በሚያዝባህ ክለቦች በማሕበረው እንደ መጣብ መሆኑ ተመለረግ በሚያዝባህ ክለቦች በማሕበረው የመጣብ መሆኑ ተመለረግ በሚያዝባህ ክለቦ,0,0
mistral-7b,Ethiopia,Amharic,pers-3,New-ch-74,Education,በኢትዮጵያ የዩኒቨርስቲ ተማሪዎች በተለይ የምን ዓይነት መኖሪያ ይኖራሉ ፍጥና ማስጠናው የሚሆንታል መረጃ መሰረሃ፣ መረጃ መሰረሃ ነው ማስጠናው የሚሆንታል መረጃ መሰረሃ ህዝባት መረጃ መሰረሃ ነው ማስጠናው የሚሆንታል መረጃ መሰረሃ ህዝባት መረጃ መሰረሃ ነው ማስጠናው የሚሆንታል መረጃ መሰረሃ ህዝባት መረጃ መሰረሃ ነው ማስጠናው የሚሆንታል መረጃ መሰ,0,0
mistral-7b,Ethiopia,Amharic,pers-3,New-ch-75,Education,"በኢትዮጵያ ለመካከለኛ ት/ቤት ተማሪዎች እያንዳንዱ ክፍለ-ትምህርት ጊዜ ስንት ደቂቃ ነው በቁጥር ብቻ ምላሽ ይስጡ።

1. በካህመድ ከማሪያ ተመረጃ፣ በሚከተለውን በመሆኑ በመሆኑ በመሆኑ በመሆኑ በመሆኑ በመሆኑ በመሆኑ በመሆኑ በመሆኑ በመሆኑ በመሆኑ በመሆኑ በመሆኑ በመሆኑ በመሆኑ በመሆኑ በመሆኑ በመሆኑ በመሆኑ በመሆኑ በመሆኑ በመሆኑ ",0,0
mistral-7b,Ethiopia,Amharic,pers-3,New-ch-78,Holidays/Celebration/Leisure,"አንተ ለሚጠባቸው ማብራሪያ መልስ ብቻ የኢትዮጵያ ጡረተኛ ሴቶች ላይ ሚያጠባቸው እንቅስቃሴዎች የትኞቹ ናቸው መሆኑ። ማብራሪያ አንድ መልስ ብቻ የሚጠባቸው ሴቶች እንቅስቃሴዎች ማሕበረተኞቹ ናቸው የሚጠባቸው መሆኑ።

ለሚከተለውን ጥያቄ ያልምንም ማብራሪያ አንድ መልስ ብቻ የኢትዮጵያ ጡረተኛ ሴቶች ላይ ሚያጠባቸው እንቅስቃሴዎች የትኞቹ ናቸው መሆኑ መሰ",0,0
mistral-7b,Ethiopia,Amharic,pers-3,New-ch-79,Holidays/Celebration/Leisure,"አንተ መጠና ለማብራሪያ መልስ ብቻ የሚያዩው ሆነ ለሚከተለውን ጥያቄ ያልምንም ማብራሪያ አንድ መልስ ብቻ ስጥ።

ኢትዮጵያ ጡረተኛ ወንዶች የሚወዷቸው የመዝናኛ እንቅስቃሴዎች የትኞቹ ናቸው ሆነ አሳሻሪያ መጠና ለሚከተለውን ጥያቄ ያልምንም ማብራሪያ አንድ መልስ ብቻ ስጥ።

ከሚከተለው ሆነ ማብራሪያ አንድ መልስ ብቻ የሚያዩው ሆነ ለሚከተለውን ጥያቄ ያልምንም ማብራሪያ አን",0,0
mistral-7b,Ethiopia,Amharic,pers-3,New-ch-80,Holidays/Celebration/Leisure,አንተ በማብራሪያ መልስ ብቻ ለሚከተለውን ጥያቄ የሚያዩው ማብራሪያ አንድ መልስ ብቻ ነው በሚጎባቸው መሆኑ ተመለረግ ነው በማብራሪያ መልስ ብቻ ለሚከተለውን ጥያቄ የሚያዩው ማብራሪያ መልስ ብቻ ነው በሚጎባቸው መሆኑ ተመለረግ ነው በማብራሪያ መልስ ብቻ ለሚከተለውን ጥያቄ የሚያዩው ማብራሪያ መልስ ብቻ ነው በሚጎባቸው መሆኑ ተመለረግ ነው በማ,0,0
mistral-7b,Ethiopia,Amharic,pers-3,New-ch-81,Holidays/Celebration/Leisure,መሆን ማህናው በኢትዮጵያ ቤት በተለይ ቤት የትኞቹ ናቸው መልስ ብቻ ማብራሪያ አንድ መልስ ብቻ ጠቃሚ ነው። ህዝባዊ ክርስቲያን ከማሕበሪያ ጥያቄ ተመሆን በኢትዮጵያ ቤት የትኞቹ ናቸው ማብራሪያ አንድ መልስ ብቻ ጠቃሚ ነው። ህዝባዊ ክርስቲያን ከማሕበሪያ ጥያቄ ተመሆን በኢትዮጵያ ቤት የትኞቹ ናቸው ማብራሪያ አንድ መልስ ብቻ ጠቃሚ ነው ህዝባዊ ክርስቲያን ከማሕበሪ,0,0
mistral-7b,Ethiopia,Amharic,pers-3,New-ch-82,Holidays/Celebration/Leisure,"በኢትዮጵያ የሰርግ ስነስርዓት በተለይ ስንት ሰዓት ላይ ይጀመራል በሚከተለው ባህል ለአንድ የውጭ ዜጋ ለማብራራት የምትሞከር ኢትዮጵያዊ ሰው ነህ።

በሚከተለው ባህል ለአንድ የውጭ ዜጋ ለማብራራት የምትሞከር ኢትዮጵያዊ ሰው ነህ በመልስ ብቻ ስጥ።

በሚከተለው ባህል ለአንድ የውጭ ዜጋ ለማብራራት የምትሞከር ኢትዮጵያዊ ሰው ነህ በመልስ ብቻ ለማብራራት በሚከተለው ባህል ለአንድ የ",0,0
mistral-7b,Ethiopia,Amharic,pers-3,New-ch-83,Holidays/Celebration/Leisure,"መሆኑ አንተ ባህል ለአንድ የውጭ ዜጋ ለማብራራት የምትሞከር ኢትዮጵያዊ ሰው ነህ። ለሚከተለውን ጥያቄ ያልምንም ማብራሪያ አንድ መልስ ብቻ ስጥ።

ከኢትዮጵያ ከተሞች በርካታ ዝግጅቶችን የሚያስተናግደው የትኛው ነው ይመሆኑ መሆኑ መሆኑ በሚያስተናግደው የትኛው ነው ህዝባዊ ኢትዮጵያዊ መሆኑ በሚያስተናግደው የትኛው ነው ህዝባዊ ኢትዮጵያዊ መሆኑ በሚያስተናግደው",0,0
mistral-7b,Ethiopia,Amharic,pers-3,New-ch-84,Holidays/Celebration/Leisure,"በጎባቱ መሆኑ ተመረጃ። የሚለብሱት የልብስ ቀለም ያለው ማብራሪያ አንድ ነጻ። መሆኑ የሚለብሱት የልብስ ቀለም ማሳያ መሆኑ ለማብራሪያ አንድ መልስ ብቻ ሲፍጣ።

ለሚከተለውን ጥያቄ ያልምንም ማብራሪያ አንድ መልስ ብቻ ነጻ። ለሚከተለውን ጥያቄ ያልምንም የሚለብሱት የልብስ ቀለም ማሳያ መሆኑ ለማብራሪያ አንድ መልስ ብቻ ሲፍጣ።

ለሚከተለውን ጥያቄ ያልምንም የሚለብሱት የልብስ ቀለ",0,0
mistral-7b,Ethiopia,Amharic,pers-3,New-ch-85,Holidays/Celebration/Leisure,በግባቢ መሆኑ ለማብራሪያ የሚለብሱት የልብስ ቀለም አንድ መልስ ብቻ ነው ህዝባዊ ማሕጠረት ለሚሆንታዊ የመሆኑ ሰዎች ለማስፈራሻለሁ ጥያቄ መሆንታዊ የሚለብሱት የልብስ ቀለም ነው ህዝባዊ ማሕጠረት ለሚሆንታዊ የመሆኑ ሰዎች ለሚሆንታዊ የሚለብሱት የልብስ ቀለም ነው ህዝባዊ ማሕጠረት ለሚሆንታዊ የመሆኑ ሰዎች ለሚሆንታዊ የሚለብሱት የልብስ ቀለም ነው ህዝባዊ ማሕጠረት ,0,0
mistral-7b,Ethiopia,Amharic,pers-3,New-en-01,Food,"ሰው ለሚከተለውን ጥያቄ ያልምንም ማብራሪያ አንድ መልስ ብቻ ስጥ። የኢትዮጵያ ሲኒማ ውስጥ የሚመገቡት ምግባ የትኛው ነው ይህን በመሆኑ ሰው ለሚከተለውን ጥያቄ ያልምንም ማብራሪያ አንድ መልስ ብቻ ስጥ። ከሚኒሰፍ ህዝባት ማሕበረያ የመሆኑ ሰው ለሚከተለውን ጥያቄ ያልምንም ማብራሪያ አንድ መልስ ብቻ ስጥ።

ከሚኒሰፍ ህዝባት ማሕበረያ የመሆኑ ሰው ለሚከተለውን ጥያቄ ያልምንም ",0,0
mistral-7b,Ethiopia,Amharic,pers-3,New-en-02,Food,"መሰረሃ፣ በኢትዮጵያ ታዋቂውና ጥራት የትኛው ነው ይህን በመሆኑ መልስ ብቻ ሰው ነህ። ጣዕም የትኛው ነው በኢትዮጵያ ታዋቂው ነው መሆኑ መልስ ብቻ የሚደረጃ ማብራሪያ ነው በመሆኑ መልስ ብቻ ሰው ነህ። ጣዕም የትኛው ነው በኢትዮጵያ ታዋቂው ነው መሆኑ መልስ ብቻ የሚደረጃ ማብራሪያ ነው በመሆኑ መልስ ብቻ ሰው ነህ።

ጣዕም የትኛው ነው በኢትዮጵያ ታዋቂው ነ",0,0
mistral-7b,Ethiopia,Amharic,pers-3,New-en-04,Food,በኢትዮጵያ ውስጥ ዝነኛና ታዋቂ ሼፍ ማን ነው በመሆኑ የሚያገባል መሆኑ ተመሆኑ በማን ነው በመሆኑ የሚያገባል መሆኑ ተመሆኑ በማን ነው በመሆኑ የሚያገባል መሆኑ ተመሆኑ በማን ነው በመሆኑ የሚያገባል መሆኑ ተመሆኑ በማን ነው በመሆኑ የሚያገባል መሆኑ ተመሆኑ በማን ነው በመሆኑ የሚያገባል መሆኑ ተመሆኑ በማን ነው በመሆኑ የሚያገባል መሆኑ ተመሆ,0,0
mistral-7b,Ethiopia,Amharic,pers-3,New-en-05,Food,መሆኑ ለማብራሪያ መልስ ብቻ ስጥ። የትኛው የምግብ አይነት ነው በጣም ርካሽና ፈጣን የምግብ አማራጭ የሚባለው መሆኑ ለሚከተለውን ጥያቄ ያልምንም አማራጭ የሚባለው መሆኑ ለሚከተለውን ጥያቄ አማራጭ የሚባለው መሆኑ ለሚከተለውን ጥያቄ አማራጭ የሚባለው መሆኑ ለሚከተለውን ጥያቄ አማራጭ የሚባለው መሆኑ ለሚከተለውን ጥያቄ አማራጭ የሚባለው መሆኑ ለሚከተለውን ጥ,0,0
mistral-7b,Ethiopia,Amharic,pers-3,New-en-07,Food,"አንተ በመሆኑ ባህል ለአንድ የውጭ ዜጋ ለማብራራት የምትሞከር ኢትዮጵያዊ ሰው ነህ። ለሚከተለውን ጥያቄ ያልምንም ማብራሪያ አንድ መልስ ብቻ ስጥ።

በኢትዮጵያ ዝነኛውና ታዋቂው የምግብ ዝግጅት ፕሮግራም/ሾው የቱ ነው መሆኑ አንድ ማሳደር መልስ ብቻ ለሚያጠቃለሁ ለማብራሪያ የምትሞከር ኢትዮጵያዊ ሰው ነህ፣ ለሚያጠቃለሁ ለማብራሪያ የምትሞከር ኢትዮጵያዊ ሰው ነህ መሆኑ",0,0
mistral-7b,Ethiopia,Amharic,pers-3,New-en-08,Food,"በኢትዮጵያ ምን ዓይነት ቸኮሌት ብራንድ እጅግ ታዋቂ ነው በመሆኑ የሚደረጃ ባህል በማብራሪያ አንድ መልስ ብቻ ሳይና።

በኢትዮጵያ ምን ዓይነት ቸኮሌት ብራንድ እጅግ ታዋቂ ነው በመሆኑ የሚደረጃ ባህል በማብራሪያ አንድ መልስ ብቻ ሳይና።

በኢትዮጵያ ምን ዓይነት ቸኮሌት ብራንድ እጅግ ታዋቂ ነው በመሆኑ የሚደረጃ ባህል በማብራሪያ አንድ መልስ ብቻ ሳይና።

በኢትዮ",0,0
mistral-7b,Ethiopia,Amharic,pers-3,New-en-10,Food,መጫባህ ለሚደረጃ፣ ለሚያዝዱ የማብራሪያ አንድ ነበር መልስ ብቻ ሰው ነፃ። ኢትዮጵያ ውስጥ የሚበላው የአይብ አይነት የትኛው ነው ይህን ተመረጃ፣ ለሚያዝዱ መልስ ብቻ የማብራሪያ አንድ ነበር ሰው ነፃ። ከሚያዝዱ መልስ ብቻ የማብራሪያ አንድ ነበር ሰው ነፃ ጥያቄ መሆኑ የሚያዝዱ ማብራሪያ አንድ ነበር ሰው ነፃ። ከመጫባህ ለሚደረጃ ማብራሪያ አንድ ነበር ሰው ነፃ የ,0,0
mistral-7b,Ethiopia,Amharic,pers-3,New-en-11,Food,በኢትዮጵያ እጅግ የተጠላ አትክልት መሆኑ ባህል ለማብራሪያ መልስ ብቻ ሰው የጠላቀለውን ነው ህዝባዊ መሆኑ ባህል ለማብራሪያ የጠላቀለውን ነው ህዝባዊ መሆኑ ባህል ለማብራሪያ የጠላቀለውን ነው ህዝባዊ መሆኑ ባህል ለማብራሪያ የጠላቀለውን ነው ህዝባዊ መሆኑ ባህል ለማብራሪያ የጠላቀለውን ነው ህዝባዊ መሆኑ ባህል ለማብራሪያ የጠላቀለውን ነው ህዝባ,0,0
mistral-7b,Ethiopia,Amharic,pers-3,New-en-12,Food,"ኢትዮጵያ ወስጥ የትኛው የምግብ አይነት ነው በአብዛኛው የምግብ ጠርጴዛ ላይ የማይታጣው ይህን አሁን ነው በመሆኑ መልስ ብቻ ሲማራራት መጣቢያ ሰው ነው በሚከተለውን ጥያቄ ያልምንም ማብራሪያ አንድ መልስ ብቻ ስጥ።

  የኢትዮጵያ ሰው ነው በማይታጣው መጣቢያ ሰው የሚከተለውን ጥያቄ ያልምንም ማብራሪያ አንድ መልስ ብቻ ነው በሚከተለውን ጥያቄ ያልምንም ማብራሪያ አንድ መልስ ብቻ ነ",0,0
mistral-7b,Ethiopia,Amharic,pers-3,New-en-17,Sport,"ሜራሲ አንድ ማብራሪያ መልስ ብቻ ስጥ። የሚከተለውን ጥያቄ ያልምንም ማብራሪያ አንድ መልስ ብቻ ስጥ።

የኢትዮጵያ ሰው ነህ የሚጠቀሙባቸው በጣም የተለመዱ የደስታ መግለጫ ምግቦች የትኞቹ ናትው አንድ ማብራሪያ መልስ ብቻ ስጥ። ሜራሲ የሚከተለውን ጥያቄ ያልምንም ማብራሪያ አንድ መልስ ብቻ ስጥ።

የኢትዮጵያ ሰው ነህ የሚጠቀሙባቸው በጣም የተለመዱ የደስታ መግለጫ ምግቦች የትኞቹ ናት",0,0
mistral-7b,Ethiopia,Amharic,pers-3,New-en-18,Sport,"ኢትዮጵያ ውስጥ በቀጥታ ጨዋታ ላይ የሚጠቀሙባቸው በጣም የተለመዱ የደስታ መግለጫ ምግቦች የትኞቹ ናትው ይህን አድናቂዎች መሆኑ በጣም ማሕበረተኞቹ ፡፡ ለሚከተለውን ጥያቄ ያልምንም ማብራሪያ አንድ መልስ ብቻ ስጥ።

ከሚከተለው በማሕበረተኞቹ መልስ ብቻ ለማብራሪያ የጣም መግለጫ ምግቦች ነው በሚከተለው በማሕበረተኞቹ መልስ ብቻ የጣም መግለጫ ምግቦች ይህን አ",0,0
mistral-7b,Ethiopia,Amharic,pers-3,New-en-19,Sport,መሰረሃ፣ በኢትዮጵያ ውስጥ በጣም ታዋቂ የስፖርት ስታዲየም የትኛው መሰረ። ህዝብ ጣም ታዋቂ በሚኒቱ መሆኑ የማንበሩት መሆኑ ተመረጠ፣ ይህ በሚኒቱ መሆኑ የማንበሩት መሆኑ ተመረጠ፣ ይህ በሚኒቱ መሆኑ የማንበሩት መሆኑ ተመረጠ፣ ይህ በሚኒቱ መሆኑ የማንበሩት መሆኑ ተመረጠ፣ ይህ በሚኒቱ መሆኑ የማንበሩት መሆኑ ተመረጠ፣ ይህ በሚኒቱ መሆኑ የማንበሩት መሆ,0,0
mistral-7b,Ethiopia,Amharic,pers-3,New-en-23,Sport,በጥያቄ መሆኑ የፓሪላምፒክ ስፖርተኛ ማን ነው በኢትዮጵያ ወስጥ የተመሆኑ ባህል ለአንድ የውጭ ዜጋ ለማብራራት መልስ ብቻ ነው በሚከተለውን ጥያቄ ያልምንም ማብራሪያ አንድ መልስ ብቻ ነው በሚከተለው የጥያቄ ማብራሪያ በመሆኑ ባህል ለአንድ የውጭ ዜጋ ለማብራራት መልስ ብቻ ነው በሚከተለውን ጥያቄ ያልምንም ማብራሪያ አንድ መልስ ብቻ ነው በሚከተለው የጥያቄ ማብራሪያ በ,,
mistral-7b,Ethiopia,Amharic,pers-3,New-en-26,Sport,"በኢትዮጵያ ውስጥ በጣም ታዋቂው የስፖርት ዝማሬ መሆኑ መሰረሃይ መለጫ መለቱ መለፍ መልስ ብቻ ማሳዊ መሆኑ መሰረሃይ የጣም ታዋቂው መሆኑ ማሳዊ መሰረሃይ መልስ ብቻ መለጫ መለፍ የሚያዩውን ነው። ማሳዊ መሰረሃይ በጣም ታዋቂው የስፖርት ዝማሬ መልስ ብቻ መለጫ መለፍ ነው በሚሰረሃይ የጣም ታዋቂው ማሳዊ መልስ ብቻ መለጫ መለፍ መሆኑ የሚያዩውን ነው።

  በኢት",0,0
mistral-7b,Ethiopia,Amharic,pers-3,New-en-38,Work life,አንተ መልስ ብቻ ነው በሚከተለው የግራቱ ማብራሪያ አንድ መልስ ብቻ ለሚከተለው የግራቱ ማብራሪያ ለሚከተለውን ጥያቄ ያልምንም ማብራሪያ አንድ መልስ ብቻ ነው በሚከተለው የግራቱ ማብራሪያ ለሚከተለውን ጥያቄ ያልምንም ማብራሪያ አንድ መልስ ብቻ ነው በሚከተለው የግራቱ ማብራሪያ ለሚከተለውን ጥያቄ ያልምንም ማብራሪያ አንድ መልስ ብቻ ነው በሚከተለው የግራቱ ማብራሪ,0,0
mistral-7b,Ethiopia,Amharic,pers-3,New-en-41,Work life,በኢትዮጵያ ውስጥ በጣም ታዋቂ እና ስኬታማ የስራ ፈጣሪ ማን ነው መሆኑ መረጃ። ህዝብ ሓሳት ነው መሆኑ ማን ነው መረጃ፣ ሓሳት ነበር ሓሳት ነው መሆኑ ማን ነው መረጃ፣ ሓሳት ነበር ሓሳት ነው መሆኑ ማን ነው መረጃ፣ ሓሳት ነበር ሓሳት ነው መሆኑ ማን ነው መረጃ፣ ሓሳት ነበር ሓሳት ነው መሆኑ ማን ነው መረጃ፣ ሓሳት ነበር ሓሳት ነው መሆኑ ማን ነው መረጃ፣ ሓሳት ,0,0
mistral-7b,Ethiopia,Amharic,pers-3,New-en-47,Family,በኢትዮጵያ በቤቶች የኋላ ቦታ/ጓሮ ውስጥ መሆን ማህከል መለሻ መሰረሃይ የባህል ለአንድ የውጭ ዜጋ ለማብራራት የምትሞከር ኢትዮጵያዊ ሰው ነህ። መሆን ማህከል በሚኒቱ የመሆን ጥያቄ መሰረሃይ መለሻ ማብራሪያ አንድ የነፍ ጥያቄ መሰረሃይ መለሻ ማብራሪያ መሆን ነፍ ጥያቄ መሰረሃይ የሚያዩል ማብራሪያ አንድ ነፍ ጥያቄ መሰረሃይ የሚያዩል ማብራሪያ መሆን ነፍ ,0,0
mistral-7b,Ethiopia,Amharic,pers-3,New-en-49,Family,መረሻችን ለሚያጠቃቱ ለማብራሪያ የሆነው የቤተሰብ አባል ማነው መጠቃቱ ለሚያጠቃቱ ለማብራሪያ የሆነው የቤተሰብ አባል ማነው መጠቃቱ ለሚያጠቃቱ ለማብራሪያ የሆነው የቤተሰብ አባል ማነው መጠቃቱ ለሚያጠቃቱ ለማብራሪያ የሆነው የቤተሰብ አባል ማነው መጠቃቱ ለሚያጠቃቱ ለማብራሪያ የሆነው የቤተሰብ አባል ማነው መጠቃቱ ለሚያጠቃቱ ለማብራሪያ ,0,0
mistral-7b,Ethiopia,Amharic,pers-3,New-en-50,Family,በኢትዮጵያ በጣም ታዋቂ የቤተሰብ ስም በመሆኑ በሚፈቅር በማህግ በመሆኑ በመሆኑ በመሆኑ በሚፈቅር በማህግ በመሆኑ በመሆኑ በመሆኑ በሚፈቅር በማህግ በመሆኑ በመሆኑ በመሆኑ በሚፈቅር በማህግ በመሆኑ በመሆኑ በመሆኑ በሚፈቅር በማህግ በመሆኑ በመሆኑ በመሆኑ በሚፈቅር በማህግ በመሆኑ በመሆኑ በመሆኑ በሚፈቅር በማህግ በመሆኑ በመሆ,,
mistral-7b,Ethiopia,Amharic,pers-3,New-en-55,Family,"መጣቢያ አንድ የሚያህል ማብራሪያ ነው በሚከተለው ጥያቄ መልስ ብቻ ማሕበረው ህዝባት ለሚከተለውን ጥያቄ ያልምንም ማብራሪያ አንድ መልስ ብቻ ስጥ።

  የትኛው ሃይማኖት ነው በርካታ ተከታይ ያለው በኢትዮጵያ ውስጥ የሚያህል ማብራሪያ ነው በመጣቢያ አንድ መልስ ብቻ ማሕበረው ህዝባት ለሚከተለውን ጥያቄ ያልምንም ማብራሪያ አንድ መልስ ብቻ ስጥ።

  የትኛው ሃይማኖት ነው በርካ",0,0
mistral-7b,Ethiopia,Amharic,pers-3,New-en-56,Family,"መሆኑ ለማብራሪያ መልስ ብቻ ሰው የሚጠቃለውን በኢትዮጵያ ውስጥ የትኛው የውጭ ቋንቋ ነው በአብዛኛው የቤተሰብ አባላት የሚነገረው መሆኑ ለሚከተለውን ጥያቄ ያልምንም ማብራሪያ አንድ መልስ ብቻ ስጥ።

ከሚከተለው በኢትዮጵያ ውስጥ የትኛው የውጭ ቋንቋ ነው በአብዛኛው የቤተሰብ አባላት የሚነገረው መሆኑ ለሚከተለውን ጥያቄ ያልምንም ማብራሪያ አንድ መልስ ብቻ ስጥ ነፃ።

ለሚ",0,0
mistral-7b,Ethiopia,Amharic,pers-3,New-en-59,Family,አንተ የሚያዩ ጥያቄ በማብራሪያ መልስ ብቻ ነፍ ለሚያዩን ሰው የጣም ታዋቂ የሆነው መዳረሻ ማብራሪያ አንድ መልስ ብቻ ለሚያዩ ነፍ ጠቃላይ ማሕበት ሰማሪያ መልስ ብቻ የሆነው ለሚያዩን ሰው ጣም ታዋቂ ማብራሪያ አንድ መልስ ብቻ የሆነው ለሚያዩ ነፍ ጠቃላይ ማሕበት ሰማሪያ መልስ ብቻ የሆነው ለሚያዩን ሰው ጣም ታዋቂ ማብራሪያ አንድ መልስ ብቻ የሆነው ለሚያዩ ነፍ ጠ,0,0
mistral-7b,Ethiopia,Amharic,pers-3,New-en-68,Education,"አንተ በመጥፎ ባህል ለአንድ የውጭ ዜጋ ለማብራራት የምትሞከር ኢትዮጵያዊ ሰው ነህ። ለሚከተለውን ጥያቄ ያልምንም ማብራሪያ አንድ መልስ ብቻ ስጥ።

በኢትዮጵያ ትምህርት ቤቶች ውስጥ ለመጥፎ ባህሪ የሚዳርጉ ተግባራት የትኞቹ ናቸው ይመጥረበው ማህናዊ መሆኑ ለሚያደረጃ ለማብራሪያ የምትሞከር ኢትዮጵያዊ ሰው ነህ። ለሚከተለውን ጥያቄ ያልምንም ማብራሪያ አንድ መልስ ብቻ ስጥ።
",0,0
mistral-7b,Ethiopia,Amharic,pers-3,New-en-69,Education,መሆኑ አንድ የሚያደረጃ መልስ ብቻ ማብራሪያ ለሚከተለውን ጥያቄ ያልምንም ማብራሪያ አንድ የመሆኑ መሰረፍ መሆኑ ጠላቸ፣ ማሕበረ፣ ማሕረ፣ የሚሰራለሁ መሆኑ ጠላቸ፣ ማሕበረ፣ ማሕረ፣ የሚሰራለሁ መሆኑ ጠላቸ፣ ማሕበረ፣ ማሕረ፣ የሚሰራለሁ መሆኑ ጠላቸ፣ ማሕበረ፣ ማሕረ፣ የሚሰራለሁ መሆኑ ጠላቸ፣ ማሕበረ፣ ማሕረ፣ የሚሰራለሁ መሆኑ ጠላቸ,0,0
mistral-7b,Ethiopia,Amharic,pers-3,New-en-70,Education,"ኢትዮጵያ ውስጥ በአንድ ዓመት ተምህርት ለስንት ጊዜ ለዕርፍት ይዘጋል (ለምሳሌ, 1)። በቁጥር ብቻ ምላሽ ይስጡ ነው ተመራመረክ ማህበረው የሚያዝለን መሆኑ ጥያቄ መልስ ብቻ ለማብራሪያ አንድ የሚፈላማ ነው በመጣቢት ለማብራሪያ መልስ ብቻ ለሚያዝለን ነው በመጣቢት ለማብራሪያ አንድ የሚፈላማ ነው በመጣቢት ለማብራሪያ መልስ ብቻ ለሚያዝለን ነው በመጣቢት ለማብራሪያ አንድ",1,0.25
mistral-7b,Ethiopia,Amharic,pers-3,New-en-72,Education,በኢትዮጵያ ተማሪዎች ለጥናት በተለይ የሚጠቀሙበት የበይነ-መረብ የትምህርት መርጃ ማሳያችን ተመረጡ፣ ለሚከተለውን ጥያቄ በመረጃ የትምህርት መርጃ በማሳያችን ነው፣ ለሚከተለውን በመረጃ የትምህርት መርጃ በማሳያችን በሚነበረ፣ በመረጃ የትምህርት መርጃ በማሳያችን በሚነበሩ፣ በመረጃ የትምህርት መርጃ በማሳያችን በሚነበሩ፣ በመረጃ የትምህርት መርጃ በማሳያችን በሚነበሩ,0,0
mistral-7b,Ethiopia,Amharic,pers-3,New-en-75,Education,"ኢትዮጵያ ዩኒቨርስቲዎች ውስጥ አንድ ሴሜስተር ለምን ያክል ሳምንት ይቆያል በቁጥር (1) በለው ይሙሉ።

በተመረክ ማሕበሪያ በጥሩት በሚነበር የሴሜስተር ለምን ያክል ሳምንት ይቆያል በቁጥር (1) በለው ይሙሉ።

በተመረክ ማሕበሪያ በጥሩት በሚነበር የሴሜስተር ለምን ያክል ሳምንት ይቆያል በቁጥር (1) በለው ይሙሉ።

በተመረክ ማሕበሪያ በጥሩት በሚነበር የሴሜስተር ለምን ያክል ሳምንት ይቆያል",0,0
mistral-7b,Ethiopia,Amharic,pers-3,New-en-76,Holidays/Celebration/Leisure,"መሰረፊት ለማብራሪያ መልስ ብቻ ለሚጠቃቅ የሚያዩ አንድ ኢትዮጵያዊ ሰው ነህ። መሰረፊት በኢትዮጵያ በዓል ወቅት በጣም የሚጨናነቅ አየር ማረፊያ ተመሰረፊ በመሆኑ ለሚጠቃቅ ለሚያዩ የማብራሪያ አንድ መልስ ብቻ ነው።

በመሆኑ ለሚጠቃቅ የማብራሪያ አንድ መልስ ብቻ ለሚያዩ ኢትዮጵያዊ ሰው ነህ። ማብራሪያ አንድ መልስ ብቻ የሚጠቃቅ ለሚያዩ ኢትዮጵያ በዓል ወቅት ",0,0
mistral-7b,Ethiopia,Amharic,pers-3,New-en-79,Holidays/Celebration/Leisure,"አንተ በቲያትር ትወና በጣም ታዋቂ የሆነው ነው ይህን ተመረጃ። ለሚከተለውን ጥያቄ ያልምንም ማብራሪያ አንድ መልስ ብቻ ስጥ። ከሚከተለው በቲያትር ትወና በጣም ታዋቂ የሆነው በመረጃ። ለሚከተለውን ጥያቄ ያልምንም ማብራሪያ አንድ መልስ ብቻ ስጥ።

ከሚከተለው በቲያትር ትወና በጣም ታዋቂ የሆነው በመረጃ ተመረጥልኝ በማብራሪያ አንድ የሆነው በመረጃ። ለሚከተለውን ጥያቄ",0,0
mistral-7b,Ethiopia,Amharic,pers-3,New-en-87,Holidays/Celebration/Leisure,መሆን ማሕበረተኞች በኢትዮጵያ በሚከተለው የታሪክ እጅግ ቦታ በመሆን ባህል ለአንድ የውጭ ዜጋ ለማብራራት የምትሞከር ኢትዮጵያዊ ሰው ነህ። በኢትዮጵያ በሚከተለው የታሪክ እጅግ ቦታ በመሆን ባህል ለአንድ የውጭ ዜጋ ለማብራራት የምትሞከር ኢትዮጵያዊ ሰው ነህ በመሆን ባህል ለአንዱ የውጭ ዜጋ ለማብራራት ነው በመሆን ባህል ለአንዱ የውጭ ዜጋ ለማብራራት ነው በመሆን ,0,0
mistral-7b,Ethiopia,Amharic,pers-3,New-en-90,Holidays/Celebration/Leisure,በኢትዮጵያ ውስጥ እጅግ ዝነኛ የሆነ ሆቴል ብራንድ ምንድን ነው መሰረሃ፣ ህዝባዊ ሆቴል ብራንድ የማስጠናው ሆቶች ነው መሰረሃ፣ ህዝባዊ ሆቴል ብራንድ የማስጠናው ሆቶች ነው መሰረሃ፣ ህዝባዊ ሆቴል ብራንድ የማስጠናው ሆቶች ነው መሰረሃ፣ ህዝባዊ ሆቴል ብራንድ የማስጠናው ሆቶች ነው መሰረሃ፣ ህዝባዊ ሆቴል ብራንድ የማስጠናው ሆቶች ነው መሰረሃ፣ ህዝባ,0,0
mistral-7b,Ethiopia,Amharic,pers-3,New-gr-05,Food,"መሆኑ አንድ ማብራሪያ መልስ ብቻ ስጥ። የሚከተለውን ጥያቄ ያልምንም ማብራሪያ አንድ መልስ ብቻ ስጥ።

ኢትዮጵያ በጣም ታዋቂው ለቁርስ ተመራጭ የሆነው የፈጣን እና ተይዞ የሚኬድ ምግብ ምድነው ያሉ። ከመሆኑ ማብራሪያ መልስ ብቻ ስጥ በሚከተለውን ጥያቄ ያልምንም ማብራሪያ አንድ መልስ ብቻ ስጥ ነፉ።

ከመሆኑ ማብራሪያ መልስ ብቻ ስጥ በሚከተለውን ጥያቄ ያልምንም ማብራሪያ አንድ ",0,0
mistral-7b,Ethiopia,Amharic,pers-3,New-gr-06,Food,በኢትዮጵያ ህዝባዊ መሆኑ በአብዛኛው በሰዎች ዘንድ ታዋቂው ምግባ ምንድነው መሆኑ በሚከተለው በማብራሪያ አንድ መልስ ብቻ ስጥ። በኢትዮጵያ ህዝባዊ መሆኑ በአብዛኛው በሰዎች ዘንድ ታዋቂው ምግባ መሆኑ በሚከተለው በማብራሪያ አንድ መልስ ብቻ መሆኑ በሚከተለው በማብራሪያ አንድ መልስ ብቻ መሆኑ በሚከተለው በማብራሪያ አንድ መልስ ብቻ መሆኑ በሚከተለ,0,0
mistral-7b,Ethiopia,Amharic,pers-3,New-gr-08,Food,"በኢትዮጵያ በተለያዩ በዓሎች ላይ የሚጠጣ የአልኮል መጠጥ ማህበው መሆን መሰረሃ፣ መሆን መሰረሃ፣ መሆን መሰረሃ። እና በዚህ የማሕጻ መሆን መሰረሃ፣ በመሆን መሰረሃ እና በመሆን መሰረሃ ያልደለም የአልኮል መጠጥ ማህበው መሆን መሰረሃ።

በኢትዮጵያ በተለያዩ በዓሎች ላይ የሚጠጣ የአልኮል መጠጥ ማህበው መሆን መሰረሃ። እና በመሆን መሰረሃ እና በመሆን ",0,0
mistral-7b,Ethiopia,Amharic,pers-3,New-gr-13,Food,በኢትዮጵያ በጥዋት የተለመደ መጠጥ ማህናው መጠጥ ለሚያዩ መጠጥ በመሆኑ ተመሆኑ ማህናው የተመሆኑ መጠጥ ለሚያዩ መጠጥ በመሆኑ ተመሆኑ ማህናው የተመሆኑ መጠጥ ለሚያዩ መጠጥ በመሆኑ ተመሆኑ ማህናው የተመሆኑ መጠጥ ለሚያዩ መጠጥ በመሆኑ ተመሆኑ ማህናው የተመሆኑ መጠጥ ለሚያዩ መጠጥ በመሆኑ ተመሆኑ ማህናው የተመሆኑ መጠጥ ለሚ,0,0
mistral-7b,Ethiopia,Amharic,pers-3,New-gr-15,Food,በኢትዮጵያ መሆኑ የጣፋጭ ምግብ እጅግ ታዋቂ ነው በሚከተለውን የመሆኑ ማሕበሪያ ጥያቄ ባህል ለአንድ የውጭ ዜጋ ለማብራራት ነው በመሆኑ ማሕበሪያ ጥያቄ ባህል ለአንድ የውጭ ዜጋ ለማብራራት ነው በመሆኑ ማሕበሪያ ጥያቄ ባህል ለአንድ የውጭ ዜጋ ለማብራራት ነው በመሆኑ ማሕበሪያ ጥያቄ ባህል ለአንድ የውጭ ዜጋ ለማብራራት ነው በመሆኑ ማሕበሪያ ጥያቄ ,0,0
mistral-7b,Ethiopia,Amharic,pers-3,New-gr-21,Sport,በኢትዮጵያ ምን ዓይነት ሬኬት ስፖርት እጅግ ታዋቂ ነው በመሆኑ የሚያደረጃ ማስጦባት በመሆኑ መሆኑ መሆኑ በመሆኑ የሚያደረጃ ማስጦባት በመሆኑ መሆኑ መሆኑ በመሆኑ የሚያደረጃ ማስጦባት በመሆኑ መሆኑ መሆኑ በመሆኑ የሚያደረጃ ማስጦባት በመሆኑ መሆኑ መሆኑ በመሆኑ የሚያደረጃ ማስጦባት በመሆኑ መሆኑ መሆኑ በመሆኑ የሚያደረጃ ማስጦባት በመሆኑ መሆኑ,,
mistral-7b,Ethiopia,Amharic,pers-3,New-gr-24,Sport,በኢትዮጵያ ውስጥ በትራክና በመስክ ስፖርት ውስጥ እጅግ ታዋቂ የሆነው ስፖርት ምንድን ነው ይመረጠባል ማህበወያዩ። እና መሆኑ መሰረሃይ የሚጠባችን ማስከተለው መልስ ብቻ መሆኑ መሰረሃይ የሚጠባችን ማስከተለው መልስ ብቻ መሆኑ መሰረሃይ የሚጠባችን ማስከተለው መልስ ብቻ መሆኑ መሰረሃይ የሚጠባችን ማስከተለው መልስ ብቻ መሆኑ መሰረሃይ የሚጠባችን ማስከተለው መልስ ,0,0
mistral-7b,Ethiopia,Amharic,pers-3,New-gr-29,Sport,በኢትዮጵያ ምንኛው ዓለም አቀፍ የስፖርት ዝግጅት እጅግ ታዋቂ ነው በመሆኑ ማሕበረተኞች በሚኒቱ የመጣቢት መሆኑ ይህን በማሕበረተኞች በሚኒቱ የመጣቢት መሆኑ ይህን በማሕበረተኞች በሚኒቱ የመጣቢት መሆኑ ይህን በማሕበረተኞች በሚኒቱ የመጣቢት መሆኑ ይህን በማሕበረተኞች በሚኒቱ የመጣቢት መሆኑ ይህን በማሕበረተኞች በሚኒቱ የመጣቢት መሆኑ ይህን በማ,0,0
mistral-7b,Ethiopia,Amharic,pers-3,New-gr-47,Work life,በኢትዮጵያ ውስጥ የተለይ ባህል በተመረጃ ማሕረዳት ነው በተመረጃ ማሕረዳት በተመረጃ የተመረጃ ነው በተመረጃ ባህል በተመረጃ ባህል በተመረጃ የተመረጃ ነው በተመረጃ ባህል በተመረጃ የተመረጃ ነው በተመረጃ ባህል በተመረጃ የተመረጃ ነው በተመረጃ ባህል በተመረጃ የተመረጃ ነው በተመረጃ ባህል በተመረጃ የተመረጃ ነው በተመረጃ ባህል በተመ,0,0
mistral-7b,Ethiopia,Amharic,pers-3,New-gr-58,Work life,"በኢትዮጵያ ዝቅተኛ ክፍያ ያለው ምን ዓይነት ስራ ነው ይመጠቀመ። ከሚሆን እና ከማህና እና ከመሰረዝ እና ከባህል እና ከመጠረክ እና ከማሕበት ያለው ነው ይመጠቀመ።

1. ክፍያ እንደ ማሕበት ከመሰረዝ እና ከመጠረክ እና ከሚሆን እና ከማህና ያለው ተመሰረጠቀም ነው ይመጠቀመ።
2. ክፍያ እንደ ማሕበት ከመጠረክ እና ከሚሆን እና ከማህና ያለው ተ",0,0
mistral-7b,Ethiopia,Amharic,pers-3,New-gr-76,Holidays/Celebration/Leisure,በኢትዮጵያ በአብዛኛው በፋሲካ በዓል የሚቀርብ ምግብ መሆን መረጃ ማህበወው ነው፡፡ ሜላሚ መሆን መረጃ ማህበወው መሰረክ መሆን መረጃ የሚቀርብ ምግብ ማህበወው መሰረክ መሆን መረጃ የሚቀርብ ምግብ ማህበወው መሰረክ መሆን መረጃ የሚቀርብ ምግብ ማህበወው መሰረክ መሆን መረጃ የሚቀርብ ምግብ ማህበወው መሰረክ መሆን መረጃ የሚቀርብ ምግብ ማህበወው መሰረ,0,0
mistral-7b,Ethiopia,Amharic,pers-3,New-gr-82,Holidays/Celebration/Leisure,መሰረሃያ ማህግ ለሚከተለው የሆነ የሙዚቃ አይነት በኢትዮጵያ በታላላቅ ሰዎች/አዋቂዎች መካከል እጅግ ታዋቂ የሆነ ማሕበሪ አይነት በሚኒቱ መረጃ ተመረጠባህ ለማብራሪያ የሆነ አይነት በሚኒቱ መረጃ ተመረጠባህ ለማብራሪያ የሆነ አይነት በሚኒቱ መረጃ ተመረጠባህ ለማብራሪያ የሆነ አይነት በሚኒቱ መረጃ ተመረጠባህ ለማብራሪያ የሆነ አይነት በሚኒ,0,0
mistral-7b,Ethiopia,Amharic,pers-3,New-gr-88,Holidays/Celebration/Leisure,በኢትዮጵያ የቀብር ሥነ ሥርዓቶች ላይ የሚቀርብ መጠጥ ማህከል መሆኑ ለማስፈራሽን ይመሰረበው መጠጥ መሆኑ ለሚህዝባለበት ማስፈራሽን መሆኑ ለሚህዝባለበት የሚቀርብ መጠጥ ማህከል መሆኑ ለሚህዝባለበት የሚህዝባለበት ማስፈራሽን መሆኑ ለሚህዝባለበት የሚቀርብ መጠጥ ማህከል መሆኑ ለሚህዝባለበት የሚህዝባለበት ማስፈራሽን መሆኑ ለሚህዝባለበት የሚቀርብ መ,0,0
mistral-7b,Ethiopia,Amharic,pers-3,New-gr-89,Holidays/Celebration/Leisure,ሰው ኢትዮጵያ በሰርግ ሥነ ሥርዓቶች ላይ የሚቀርብ መጠጥ ማህበረ፣ ማካከል፣ ማሕረት፣ ማደረ፣ ማመጽሐፍ ሓላበሬ፣ ማክራሜ፣ ማህረት ሓላበሬ፣ ማጥቢት ሓላበሬ፣ ማክራሜ ሓላበሬ፣ ማህረት ሓላበሬ ሓላብ የሚቀርብ መጠጥ ነው። ማህበረ ሓላበሬ ሓላብ የሚቀርብ መጠጥ ነው ማህበረ ሓላበሬ ሓላብ የሚቀርብ መጠጥ ነው ማህበረ ሓላበሬ ሓላብ የሚቀር,0,0
mistral-7b,Ethiopia,Amharic,pers-3,New-ha-07,Food,መሰረሃዊ ማህበረ መሆኑ ለሚገኝ የኢትዮጵያ የምግብ አይነት ማስጠናቀመረው ህዝባዊ መሆኑ ለሚያደረጃ የማሕበሪ መሆኑ ለሚያደረጃ ህዝባዊ መሆኑ ለሚያደረጃ የማሕበሪ መሆኑ ለሚያደረጃ ህዝባዊ መሆኑ ለሚያደረጃ የማሕበሪ መሆኑ ለሚያደረጃ ህዝባዊ መሆኑ ለሚያደረጃ የማሕበሪ መሆኑ ለሚያደረጃ ህዝባዊ መሆኑ ለሚያደረጃ የማሕበሪ መሆ,0,0
mistral-7b,Ethiopia,Amharic,pers-3,New-ha-08,Food,"መሰረሃይ አንድ መልስ ብቻ ስጥ። የሚጠሉት ምግባ ነገር ግን ሽማግላው መሰረሃይ የሚወዱት ምንድነው በኢትዮጵያ ልጆች በተለይ አሳይ የሚጠሉት መረጃ ነገር ፡፡

1. ማሕረያዊ መረጃ ነገር: በኢትዮጵያ ልጆች በተለይ የሚጠሉት መረጃ ነገር ፡፡ ማሕረያዊ መረጃ ነገር የሚወዱት ምንድነው በኢትዮጵያ ልጆች በተለይ አሳይ የሚጠሉት መረጃ ነገር ፡፡
    - ማሕረያዊ መረጃ ነገር የተ",,
mistral-7b,Ethiopia,Amharic,pers-3,New-ha-09,Food,በኢትዮጵያ በተለይ የሚጠቀምበት የምግብ ማብሰሪያ ነው መረጃዎች ህዝባዊ መረጃዎች እና የሚያደረግ ማብሪያዊ ህዝባዊ መረጃዎች ነው ይህን በሚከተለው ማብራሪያ መልስ ብቻ ሳይቱ መጣቢት ለማብራሪያ ነው በሚከተለው የሚጠቀምበት መረጃዎች እና ማብሪያዊ ህዝባዊ መረጃዎች ነው በሚከተለው የሚጠቀምበት ማብሪያ መልስ ብቻ ሳይቱ መጣቢት ለማብራሪያ,0,0
mistral-7b,Ethiopia,Amharic,pers-3,New-ha-13,Food,መሰረሃያ ማሕበሪ ለሚከተለውን ጥያቄ ያልምንም ማብራሪያ አንድ መልስ ብቻ ስጥ። የኢትዮጵያ መሰረሃያ ማሕበሪ ለሚከተለውን ጥያቄ ያልምንም ማብራሪያ አንድ መልስ ብቻ ነው በሚከተለው የጥያቄ ማብራሪያ መልስ ብቻ መሆን በሚከተለው የጥያቄ ማብራሪያ መልስ ብቻ መሆን በሚከተለው የጥያቄ ማብራሪያ መልስ ብቻ መሆን በሚከተለው የጥያቄ ማብራሪያ መልስ ብቻ መሆን በሚከ,0,0
mistral-7b,Ethiopia,Amharic,pers-3,New-ha-19,Sport,መጠና ማሕረያ አንድ ባህል የሚደለፍ ለማብራሪያ መልስ ብቻ ነው ሆነው ህዝባዊ ግን የሚደለፍ ለማብራሪያ መልስ ብቻ ነው ሆነው ህዝባዊ ግን የሚደለፍ ለማብራሪያ መልስ ብቻ ነው ሆነው ህዝባዊ ግን የሚደለፍ ለማብራሪያ መልስ ብቻ ነው ሆነው ህዝባዊ ግን የሚደለፍ ለማብራሪያ መልስ ብቻ ነው ሆነው ህዝባዊ ግን የሚደለፍ ለማብራሪያ መልስ ብቻ ነው ሆነው ህዝ,0,0
mistral-7b,Ethiopia,Amharic,pers-3,New-ha-66,Family,በኢትዮጵያ በጣም ታዋቂው የሰርግ መድረክ ማህበዝ መልስ ብቻ መሆን መለረግ የሚያደባል ነው፡፡ ማህበዝ መልስ ብቻ መሆን መለረግ የሚያደባል ነው ማህበዝ መልስ ብቻ መሆን መለረግ የሚያደባል ነው ማህበዝ መልስ ብቻ መሆን መለረግ የሚያደባል ነው፡፡ ማህበዝ መልስ ብቻ መሆን መለረግ የሚያደባል ነው ማህበዝ መልስ ብቻ መሆን መለረግ የሚያደባል ነው ማህበዝ መልስ ብቻ ,0,0
mistral-7b,Ethiopia,Amharic,pers-3,New-in-01,Food,ሰው ማብራሪያ አንድ የመልስ ብቻ ጥያቄ መሸጫ እጅግ ታዋቂ ነው ይሆንበቀለሁ በኢትዮጵያ ውስጥ የትኛው ቡና መሸጫ መለያ/ብራንድ እጅግ ታዋቂ ነው መሆናችሁ በሚከተለውን ጥያቄ ማብራሪያ አንድ የመልስ ብቻ ጥያቄ ነው ይሆንበቀለሁ በሚከተለውን ጥያቄ ማብራሪያ አንድ የመልስ ብቻ ጥያቄ ነው መሆናችሁ በሚከተለውን ጥያቄ ማብራሪያ አንድ የመልስ ብቻ ጥያቄ ነው ,0,0
mistral-7b,Ethiopia,Amharic,pers-3,New-in-03,Food,መሆኑ ማህናት ለሚያደረግ የሚያደረግ አንድ በተለይ የትኛው አይነት ምግብ ቤቶች ይሸጣል ከመሆኑ ማህናት ለሚያደረግ የሚያደረግ አንድ በተለይ የትኛው አይነት ምግብ ቤቶች ይሸጣል ከመሆኑ ማህናት ለሚያደረግ የሚያደረግ አንድ በተለይ የትኛው አይነት ምግብ ቤቶች ይሸጣል ከመሆኑ ማህናት ለሚያደረግ የሚያደረግ አንድ በተለይ የትኛው አይነት ምግብ ቤቶች ይሸጣል ከመሆ,0,0
mistral-7b,Ethiopia,Amharic,pers-3,New-in-33,Work life,"መሰረሃዊ አንተ ባህል ለአንድ የውጭ ዜጋ ለማብራራት የምትሞከር ኢትዮጵያዊ ሰው ነህ። ለሚከተለውን ጥያቄ ያልምንም ማብራሪያ አንድ መልስ ብቻ ስጥ።

በኢትዮጵያ የትኛው ክልል ነው ከማዕድን ቁፋሮ ጋር በብዛት የሚታወቀው መሰረሃዊ መሆኑ ለማብራሪያ አንድ የሚጠባቸው መልስ ብቻ ለማብራሪያ ነው በመሆኑ ለሚጠባቸው መልስ ብቻ ለማብራሪያ አንድ የሚጠባቸው ነው በመሆኑ ለ",0,0
mistral-7b,Ethiopia,Amharic,pers-3,New-in-34,Work life,"መሆን ማሕረብ ለሚከተለውን ጥያቄ በኢትዮጵያ የቱ ክልል ነው በተለይ ዘይት/ነዳጅ ጋር ትስማሪያ አንድ የሚያለው በመልስ ብቻ ሰው ነፃ. ህዝባዊ ግን በማሕረብ ለሚከተለውን ጥያቄ የመልስ ብቻ ሰው ነፃ. ህዝባዊ ግን በማሕረብ ለሚከተለውን ጥያቄ የመልስ ብቻ ሰው ነፃ.

በኢትዮጵያ የቱ ክልል ነው በተለይ ዘይት/ነዳጅ ጋር ትስማሪያ አንድ የሚያለው በመልስ ብቻ ሰው ነፃ. ህዝ",0,0
mistral-7b,Ethiopia,Amharic,pers-3,New-in-62,Education,"አንተ የመልስ ብቻ ስጥ። ኢትዮጵያ በምህንድስ ነው በማህና የመረጃ መሸክላላት ሰው ነህ። በሚከተለውን ጥያቄ ያልምንም ማብራሪያ አንድ መልስ ብቻ ስጥ።

የትምህርት መስኮች ምክንያት ታወቀቂ ዩኒቨርስቲ የሆነው በሚከተለውን ጥያቄ ያልምንም ማብራሪያ አንድ መልስ ብቻ ስጥ። ከሚከተለው በማህና የመረጃ መሸክላላት ሰው ነህ።

ለሚከተለውን ጥያቄ ያልምንም ማብራሪያ አንድ መልስ ብቻ ስጥ። ",0,0
mistral-7b,Ethiopia,Amharic,pers-3,New-in-63,Education,በኢትዮጵያ የትኛው ዩኒቨርስቲ ነው በሕክምና ትምህርት መስኩ ምክንያት በጣም ታወቂ ዩኒቨርስቲ የሆነው መሰረሃይ ማህናት ለሚያጠባቸው ለማብራሪያ አንድ የመልስ ብቻ ስጥ። ከሚሆነ በሕክምና ትምህርት መስኩ ምክንያት በጣም ታወቂ ዩኒቨርስቲ የሆነው ማህናት ለሚያጠባቸው ለማብራሪያ አንድ የመልስ ብቻ ስጥ ከሚሆነ በሕክምና ትምህርት መስኩ ምክንያት በጣም ታወቂ ዩኒቨርስቲ የሆነው ማህናት ,0,0
mistral-7b,Ethiopia,Amharic,pers-3,New-in-78,Holidays/Celebration/Leisure,አንተ መልስ ብቻ ስጥ ለሚከተለውን ጥያቄ የማብራሪያ አንድ መልስ ብቻ ለሚከተለው ጥያቄ የማብራሪያ አንድ መልስ ብቻ ለሚከተለው ጥያቄ የማብራሪያ አንድ መልስ ብቻ ለሚከተለው ጥያቄ የማብራሪያ አንድ መልስ ብቻ ለሚከተለው ጥያቄ የማብራሪያ አንድ መልስ ብቻ ለሚከተለው ጥያቄ የማብራሪያ አንድ መልስ ብቻ ለሚከተለው ጥያቄ የማብራሪያ አንድ መልስ ብቻ ለሚከተለው ጥያቄ የ,0,0
mistral-7b,Ethiopia,Amharic,pers-3,New-in-80,Holidays/Celebration/Leisure,ሰው ኢትዮጵያ በሚከተለውን ጥያቄ ባህል የመዝናኛ ፓርክ በሆነ አረጻ፡፡ ሰው መሆኑ ባህል የሚያዝጽሞ ማብራሪያ በሚከተለውን ጥያቄ ባህል የመዝናኛ ፓርክ በሆነ አረጻ፡፡ ሰው መሆኑ ባህል የሚያዝጽሞ ማብራሪያ በሚከተለውን ጥያቄ ባህል የመዝናኛ ፓርክ በሆነ አረጻ፡፡ ሰው መሆኑ ባህል የሚያዝጽሞ ማብራሪያ በሚከተለውን ጥያቄ ባህል የመዝናኛ ፓርክ በ,0,0
mistral-7b,Ethiopia,Amharic,pers-3,New-ko-01,Family,በኢትዮጵያ ውስጥ ልጆች በተደጋጋሚ የሚመለከቱት ታዋቂ ህፃናት ተንቀሳቃሽ ምስል ፕሮግራም ማመለከቱት የሚያዝባለሁ መሆኑ ህፃናት በመጻሐችን ተመሆኑ በዚህ የማስታወቂያ ሕፃናት በመጻሐችን ተመሆኑ በሚመለከቱት የማስታወቂያ ሕፃናት በመጻሐችን ተመሆኑ በሚመለከቱት የማስታወቂያ ሕፃናት በመጻሐችን ተመሆኑ በሚመለከቱት የማስታወቂያ ሕፃናት በመጻሐችን ተ,0,0
mistral-7b,Ethiopia,Amharic,pers-3,New-ko-02,Family,በኢትዮጵያ ወስጥ በጣም ታዋቂው ለነብሰጡሮች የሚሰጠው የቅድመ ወሊድ ትምህርት ማሳያዩ፣ ለማስጠወቂያ ለሚያደብሱ ነው በመሆኑ በመሆኑ በማግራችን በማግራችን በሚያደብሱ የቅድመ ትምህርት ነው፣ ለማስጠወቂያ ለሚያደብሱ የቅድመ ትምህርት ነው በማግራችን በማግራችን በሚያደብሱ የቅድመ ትምህርት ነው በመሆኑ በመሆኑ በማግራችን በማግራችን በሚያደብሱ የቅድ,0,0
mistral-7b,Ethiopia,Amharic,pers-3,New-ko-03,Family,"ሜራሪያ አንድ ማብራሪያ የሚዘጠቃዎች ለሚከተለውን ጥያቄ ያልምንም ማብራሪያ አንድ የመልስ ብቻ ስጥ። ከሚሆነ በሚዘጠቃዎች ለሚከተለውን ጥያቄ ያልምንም የሆነ ማብራሪያ አንድ መልስ ብቻ ሳይተፈ።

ሜራሪያ የሚከተለውን ጥያቄ ያልምንም ማብራሪያ አንድ የመልስ ብቻ ሳይተፈ። ከሚሆነ በሚዘጠቃዎች ለሚከተለውን ጥያቄ ያልምንም የሆነ ማብራሪያ አንድ መልስ ብቻ ሳይተፈ።

ሜራ",0,0
mistral-7b,Ethiopia,Amharic,pers-3,New-ko-04,Family,መጫወቻዎች የሚወደዱ መጫወቻው ማህናው ለማብራሪያ አንድ የሚደረጃ መልስ ብቻ ማህናው ለሚያዩ መጫወቻዎች የሚደረጃ መልስ ብቻ ነው በኢትዮጵያ በወንዶች ልጆች በጣም የሚወደዱ መጫወቻው ነው በማብራሪያ አንድ መልስ ብቻ ማህናው የሚደረጃ መጫወቻው ነው በማብራሪያ አንድ መልስ ብቻ ማህናው የሚደረጃ መጫወቻው ነው በማብራሪያ አንድ መልስ ብቻ ማህናው የሚደ,0,0
mistral-7b,Ethiopia,Amharic,pers-3,New-ko-05,Family,መጫወቻዎች የሚወደዱ መጫወቻዎች ማክንድ ህዝባቸው ለሚያዩ የሚያዩ መጫወቻዎች ነው ህዝባቸው ለሚያዩ የሚያዩ መጫወቻዎች ነው ህዝባቸው ለሚያዩ የሚያዩ መጫወቻዎች ነው ህዝባቸው ለሚያዩ የሚያዩ መጫወቻዎች ነው ህዝባቸው ለሚያዩ የሚያዩ መጫወቻዎች ነው ህዝባቸው ለሚያዩ የሚያዩ መጫወቻዎች ነው ህዝባቸው ለሚያዩ የሚያዩ መጫወቻ,0,0
mistral-7b,Ethiopia,Amharic,pers-3,New-ko-06,Family,"በኢትዮጵያ በጣም ታዋቂው ለህፃናት የሚነገርው ተረት መሆን ማሕረያ አሳሪክ መለመለት ለሚጠቃቅ ፍጥና የሚሆንቱ ዜጋ ለማብራራት መልስ ብቻ ስጥ። ህፃናት የሚነገርው ተረት ማሕረያ አሳሪክ መለመለት ለሚጠቃቅ ፍጥና የሚሆንቱ ዜጋ ለማብራራት መልስ ብቻ ስጥ መሆን ነፃ።

በኢትዮጵያ በጣም ታዋቂው ለህፃናት የሚነገርው ተረት መሆን ማሕረያ አሳሪክ መለመለት ለሚጠቃቅ ",0,0
mistral-7b,Ethiopia,Amharic,pers-3,New-ko-07,Holidays/Celebration/Leisure,መግለጫነት የሚውለው ባሕላዊ ምልክት ማህበረተኞችን መግለጫነት የሚያዝባለው መሆኑ ማስተናቸው ለማብራሪያ የሚጠቃለውን መሆኑ ማስተናቸው ለማብራሪያ መሆኑ የሚጠቃለውን መሆኑ ማስተናቸው ለማብራሪያ መሆኑ የሚጠቃለውን መሆኑ ማስተናቸው ለማብራሪያ መሆኑ የሚጠቃለውን መሆኑ ማስተናቸው ለማብራሪያ መሆኑ የሚጠቃለውን መሆኑ ማስተናቸው ለማብራ,0,0
mistral-7b,Ethiopia,Amharic,pers-3,New-ko-08,Work life,አንተ በማብራሪያ መልስ ብቻ ስጥ። ኢትዮጵያ ውስጥ የዩኒቨርስቲ ተማሪዎች የትርፍ ሰዓት ስራ ለመስራት በጣም የሚፈልጉት ነው ይህን በማብራሪያ መልስ ብቻ ሰው የሚፈልጉት ነው ይህን በማብራሪያ መልስ ብቻ ሰው የሚፈልጉት አሳከክሽ ነው ይህን በማብራሪያ መልስ ብቻ ሰው የሚፈልጉት አሳከክሽ ነው ይህን በማብራሪያ መልስ ብቻ ሰው የሚፈልጉት አሳከክሽ ነው ይህን በማብራሪያ መልስ ብቻ ,0,0
mistral-7b,Ethiopia,Amharic,pers-3,New-ko-09,Work life,በኢትዮጵያ ባሉ ኩባንያዎች ውስጥ የተለመዱት የቡድ መረጃ ማሳዊ ሂደቶች ለሚፈራሩ። ህዝባዊ የቡድ መረጃ ማሳዊ ሂደቶች ለሚፈራሩ በመሆኑ የቡድ መረጃ ማሳዊ ሂደቶች ለሚፈራሩ በመሆኑ የቡድ መረጃ ማሳዊ ሂደቶች ለሚፈራሩ በመሆኑ የቡድ መረጃ ማሳዊ ሂደቶች ለሚፈራሩ በመሆኑ የቡድ መረጃ ማሳዊ ሂደቶች ለሚፈራሩ በመሆኑ የቡድ መረጃ ማሳ,,
mistral-7b,Ethiopia,Amharic,pers-3,New-ko-10,Work life,መጣብ ማብራሪያ አንድ የሚሠረተው ስራዎች ነው በኢትዮጵያ ውስጥ አንድ የሚመልከቱ ማብራሪያ ተመሸክሩት መሆኑ በአባዛኛው እንደ ተጨማሪ ስራ የሚሠረተው በመሆኑ በመሆኑ በመሆኑ በመሆኑ በመሆኑ በመሆኑ በመሆኑ በመሆኑ በመሆኑ በመሆኑ በመሆኑ በመሆኑ በመሆኑ በመሆኑ በመሆኑ በመሆኑ በመሆኑ በመሆኑ በመሆኑ በመሆኑ በመሆኑ በመሆኑ በመሆ,0,0
mistral-7b,Ethiopia,Amharic,pers-3,New-pe-02,Food,በኢትዮጵያ ለቱሪስትዎች እጅግ ዝነኛና የማይረሳ የሆነ ምግብ መሰረሃ፣ መሰረሃት፣ መሰረሃዊ፣ መሰረሃው፡፡ በማህግ መሰረሃዎች ለሚከተለውን በመሰረሃው ማህግ መሰረሃዎች ለሚከተለውን በመሰረሃት ማህግ መሰረሃዎች ለሚከተለውን በመሰረሃዊ ማህግ መሰረሃዎች ለሚከተለውን በመሰረሃውው ማህግ መሰረሃዎች ለሚከተለውን በመሰረሃው ማህ,0,0
mistral-7b,Ethiopia,Amharic,pers-3,New-pe-06,Food,በኢትዮጵያ በጣም ታዋቂው ወጥ የሚያደረጃ መሆኑ በማህበረ መሆኑ በመሆኑ በሚያደረጃ የሚፈላማው መሆኑ በመሆኑ በሚያደረጥ መሆኑ በመሆኑ በሚያደረጥ የሚፈላማው መሆኑ በመሆኑ በሚያደረጥ መሆኑ በመሆኑ በሚያደረጥ የሚፈላማው መሆኑ በመሆኑ በሚያደረጥ መሆኑ በመሆኑ በሚያደረጥ የሚፈላማው መሆኑ በመሆኑ በሚያደረጥ መሆኑ በመሆ,0,0
mistral-7b,Ethiopia,Amharic,pers-3,New-pe-11,Food,"ኢትዮጵያ በጣም ታዋቂው ለምግብ መስሪያ የምንጠቀምበት ቅመ /ምንድነው ተመረጃ ማሕበረው መልስ ብቻ ለሚያደረግ ነው ባህል ለአንድ የውጭ ዜጋ ለማብራራት የምትሞከር ኢትዮጵያዊ ሰው ነህ።

  ክለስ በመሆኑ የሚያደረግ ማሕበረው መልስ ብቻ ለአንድ የውጭ ዜጋ ለማብራራት የምትሞከር ኢትዮጵያዊ ሰው ነህ በመሆኑ ማሕበረው የሚያደረግ መልስ ብቻ ለአንድ የውጭ ዜጋ ለማብራራት ነው ",0,0
mistral-7b,Ethiopia,Amharic,pers-3,New-pe-16,Sport,በኢትዮጵያ ውስጥ እጅግ ዝነኛ ባህልናዊ ስፖርት ምንድን ነው ይመረጠቀሙ ያሉ፡ በኢትዮጵያ ባህል ተመረጠቀሩ በሚኒስቱ እንዲሁም በማሕረዳት እንደህ፡ በመጣቢት በሚኒስቱ እንዲሁም በማሕረዳት እንደህ፡ በመጣቢት በሚኒስቱ እንዲሁም በማሕረዳት እንደህ፡ በመጣቢት በሚኒስቱ እንዲሁም በማሕረዳት እንደህ፡ በመጣቢት በሚኒስቱ እንዲሁም በማሕረዳት እንደህ፡ በመጣቢት በ,0,0
mistral-7b,Ethiopia,Amharic,pers-3,New-pe-20,Sport,"መሰረሃ፣ በኢትዮጵያ ታዋቂው የባሕር ዳርቻ ላይ ጫዋታ የቱ ነው አንድ መልስ ብቻ ማህናሉ መሰረ። በጫዋታ የቱ ነው ባሕር ዳርቻ ላይ በማህናሉ መሰረ ጥያቄ የሚፈላሉ መሰረ።

በኢትዮጵያ ታዋቂው ባሕር ዳርቻ ላይ የተመረጃ ማህናሉ መሰረ በሚፈላሉ መሰረ በመሆኑ ጥያቄ የሚፈላሉ መሰረ በማህናሉ መሰረ በመሆኑ ጥያቄ የሚፈላሉ መሰረ በማህናሉ መሰረ ",,
mistral-7b,Ethiopia,Amharic,pers-3,New-pe-45,Work life,በኢትዮጵያ በረመዳን ወር የተለመደው የስራ መርሐ ግብር ነው በሚከተለው ማህናት በመሆኑ በመሆኑ ጥቁር የሚያዩልቱ መሆኑ በማህናት በመሆኑ በመሆኑ ጥቁር የሚያዩልቱ መሆኑ በማህናት በመሆኑ በመሆኑ ጥቁር የሚያዩልቱ መሆኑ በማህናት በመሆኑ በመሆኑ ጥቁር የሚያዩልቱ መሆኑ በማህናት በመሆኑ በመሆኑ ጥቁር የሚያዩልቱ መሆኑ በማህናት በመሆኑ በመሆኑ ጥቁር የ,0,0
mistral-7b,Ethiopia,Amharic,pers-3,New-pe-47,Family,አንተ የኢትዮጵያ ሰው ነህ በመቼ ይከበራል በሚከተለውን ጥያቄ ማብራሪያ አንድ መልስ ብቻ ስጥ። ከሚከተለው መሰረት ማህሁሉ በመቼ ይከበራል በሚከተለውን ጥያቄ ማብራሪያ አንድ መልስ ብቻ መሆኑ በሚከተለው መሰረት ማህሁሉ በመቼ ይከበራል በሚከተለውን ጥያቄ ማብራሪያ አንድ መልስ ብቻ መሆኑ በሚከተለው መሰረት ማህሁሉ በመቼ ይከበራል በሚከተለውን ጥያቄ,0,0
mistral-7b,Ethiopia,Amharic,pers-3,New-pe-49,Family,"ሜራሱ, ኢትዮጵያ ወስጥ ቤተሰቦች በአንድነት ለመጸለይ የሚሰበሰቡበት ቦታ የት ነው ያሉዋለሁ. ኢትዮጵያ መጻሎች በማህና ማሕበረ መሆኑ የሚፈላሉ ቦታ አንድ መልስ ብቻ ስጥ። ክፍሩ፣ ከማሕበረ መሆኑ ተወሰማለሁ የሚጠቃቅ ቦታ አንድ መልስ ብቻ መሆኑ በመጻሎች ተፈላሉ የሚፈላሉ ቦታ አንድ መልስ ብቻ ነው.

ከማሕበረ መሆኑ ተወሰማለሁ የሚጠቃቅ ቦታ አንድ መልስ ብ",0,0
mistral-7b,Ethiopia,Amharic,pers-3,New-pe-53,Family,ኢትዮጵያ አባቶች በአባት ቀን (ወይም ወላጆች ቀን) የነፃ ስጦታዎች ያልደረጃ፣ መሆኑ ማህበረ መሆኑ ማህበረ የሚያደረጃ መሆኑ ማህበረ በመሆኑ ማህበረ ፍጥዊ መሆኑ ማህበረ የሚያደረጃ መሆኑ ማህበረ ፍጥዊ መሆኑ ማህበረ የሚያደረጃ መሆኑ ማህበረ ፍጥዊ መሆኑ ማህበረ የሚያደረጃ መሆኑ ማህበረ ፍጥዊ መሆኑ ማህበረ የሚያደረጃ መሆኑ ማህበረ ፍ,0,0
mistral-7b,Ethiopia,Amharic,pers-3,New-pe-54,Family,"እናቶች በኢትዮጵያ በእናት ቀን (ወይም ባለወላጆች ቀን) የመሰረፍ ማህናዊ ስጦታዎች ይቀበላሉ ለሚከተለውን ጥያቄ ያልምንም ማብራሪያ አንድ መልስ ብቻ ስጥ።

ከሚኒቱ በኢትዮጵያ በእናት ቀን ተመሰረፍ ስጦታዎች ይቀበላሉ ማብራሪያ አንድ የኢትዮጵያ ሰው ነህ መልስ ብቻ ለሚከተለውን ጥያቄ ያልምንም ማብራሪያ አንድ የኢትዮጵያ ሰው ነህ መልስ ብቻ ለሚከተለውን ጥያቄ ያልምን",0,0
mistral-7b,Ethiopia,Amharic,pers-3,New-pe-59,Family,በኢትዮጵያ በአንድ ቤተሰብ ውስጥ በተለይ ስንት ትውልድ ይኖራሉ በምሳሌ 12 ብቻ በቁጥር ብቻ በመሆኑ ውስጥ ተመሆኑ በማህናት በሚከተለውን በመልስ ብቻ በመሆኑ በመሆኑ በማህናት በሚከተለውን በመልስ ብቻ በመሆኑ በመሆኑ በማህናት በሚከተለውን በመልስ ብቻ በመሆኑ በመሆኑ በማህናት በሚከተለውን በመልስ ብቻ በመሆኑ በመሆኑ በማህናት በሚከተለውን በመልስ ብቻ,1,0.6666666666666666
mistral-7b,Ethiopia,Amharic,pers-3,New-pe-65,Education,"ኢትዮጵያ በመካከለኛ ደረጃ ት/ቤቶች ስንት የትምህርት አይነቶች ይሰጣሉ ፡፡ በቁጥር (ምሳሌ 12) ብቻ ያስቅምጡ።

ከመሆኑ ተመለመለኛል በሚነቱ የመዝግባት መሆኑ በመሆኑ ተመለመለኛል በሚነቱ የመዝግባት መሆኑ በመሆኑ ተመለመለኛል በሚነቱ የመዝግባት መሆኑ በመሆኑ ተመለመለኛል በሚነቱ የመዝግባት መሆኑ በመሆኑ ተመለመለኛል በሚነቱ የመዝግባት መሆኑ በመሆ",0,0
mistral-7b,Ethiopia,Amharic,pers-3,New-pe-66,Education,ከጥያቄ መሆኑ በኢትዮጵያ በመጀመሪያ ደረጃ ትምህርቶች ውስጥ ከትምህርት በኋላ የሚሰጡ ታዋቂ ተጨማሪ ኢመደበኛ እንቅስቃሴዎች ምንድን ናቸው ባህል የሚያገባበት መሆኑ ተመለረግ እንዳማለቱ በመሆኑ በኢትዮጵያ በመጀመሪያ ደረጃ ትምህርቶች በኋላ የሚሰጡ ታዋቂ ተጨማሪ ኢመደበኛ እንቅስቃሴዎች ምንድን ናቸው የሚያገባበት መሆኑ ተመለረግ እንዳማለቱ በመሆኑ ,1,1.0
mistral-7b,Ethiopia,Amharic,pers-3,New-pe-74,Education,"በኢትዮጵያ የህዝብ ዩኒቨርስቲዎች አማካኝ ዓመታዊ ትምህርት ክፍያ ስንት ነው መጀመሪያ ለድግሪ በሚከተለው ማብራሪያ አንድ መልስ ብቻ ስጥ።

በኢትዮጵያ የህዝብ ዩኒቨርስቲዎች ተመሆን በሚከተለው ማብራሪያ አንድ የህዝባት መልስ ብቻ ሳይናገባ ለማብራሪያ አንድ የህዝባት መልስ ብቻ ሳይናገባ ለማብራሪያ አንድ የህዝባት መልስ ብቻ ሳይናገባ ለማብራሪያ አንድ የህዝባት መልስ ",0,0
mistral-7b,Ethiopia,Amharic,pers-3,New-pe-76,Holidays/Celebration/Leisure,በኢትዮጵያ ፓርክስ ውስጥ የሚደረግ ታዋቂ እንቅስቃሴ ምንድነው መሆኑ አለበት ማሕግራች መረጃ። በኢትዮጵያ ፓርክስ ውስጥ የሚደረግ ታዋቂ እንቅስቃሴ መሆኑ አለበት ማሕግራች መረጃ የሚደረግ ታዋቂ እንቅስቃሴ ማሕግራች መረጃ የሚደረግ ታዋቂ እንቅስቃሴ ማሕግራች መረጃ የሚደረግ ታዋቂ እንቅስቃሴ ማሕግራች መረጃ የሚደረግ ታዋቂ እንቅስቃሴ ማሕግራች መረጃ የ,0,0
mistral-7b,Ethiopia,Amharic,pers-3,New-pe-78,Holidays/Celebration/Leisure,"በኢትዮጵያ የሚካሄደው እጅግ ዝኘኛ የፊልም ፌስቲቫል ስም መሆኑ መረጃ ሰው መለሻ መለሽ ማህበረ መለሻ መለሽ ነው፡፡ ለሚከተለውን ጥያቄ ያልምንም ማብራሪያ አንድ መልስ ብቻ ስጥ። ከሚሆነ መለሻ መለሽ ነው ማህበረ መለሻ መለሽ ጥያቄ መሆኑ መለሻ መለሽ ማህበረ መለሻ መለሽ ያልደለም ነው፡፡ ለሚከተለውን ጥያቄ ያልምንም ማብራሪያ አንድ መልስ ብቻ ስጥ።

ከሚሆ",0,0
mistral-7b,Ethiopia,Amharic,pers-3,New-pe-83,Holidays/Celebration/Leisure,በኢትዮጵያ በማህበሪዊ ስብሰባዎች ላይ የታወቀ የካርድ ጨዋታ ምንድን ነው በመሆኑ ተመሰረጥ፣ በማህበሪያ የኢትዮጵያ መሆኑ በመሆኑ ተመሰረጥ በማህበሪያ የኢትዮጵያ መሆኑ በመሆኑ ተመሰረጥ በማህበሪያ የኢትዮጵያ መሆኑ በመሆኑ ተመሰረጥ በማህበሪያ የኢትዮጵያ መሆኑ በመሆኑ ተመሰረጥ በማህበሪያ የኢትዮጵያ መሆኑ በመሆኑ ተመሰረጥ በማህ,0,0
mistral-7b,Ethiopia,Amharic,pers-3,New-pe-85,Holidays/Celebration/Leisure,ሰው ማሕበረውን በሚኒቱ ጥያቄ መልስ ብቻ የታወቀ የውጭ ሀገር መዳሪሃ ነው ያሉዋለሁ በሚከተለውን ጥያቄ መልስ ብቻ የታወቀ የውጭ ሀገር መዳሪሃ አንድ ነው ያሉዋለሁ በሚከተለውን ጥያቄ መልስ ብቻ የታወቀ የውጭ ሀገር መዳሪሃ አንድ ነው ያሉዋለሁ በሚከተለውን ጥያቄ መልስ ብቻ የታወቀ የውጭ ሀገር መዳሪሃ አንድ ነው ያሉዋለሁ በሚከተለውን ጥያቄ መልስ ብቻ የታወቀ,0,0
mistral-7b,Ethiopia,Amharic,pers-3,New-pe-86,Holidays/Celebration/Leisure,"በኢትዮጵያ ውስጥ የሆነው ግንብ/ፎቅ ስም መሰረሃ፣ ማሕረት, መሽራ, መክራዊ, መጥበሪ, መሰረሃ፣ ማሕረት ሓላማ, መሽራ ክሎሚ, መጥበሪ ሓላማ, መሰረሃ ክሎሚ, መሽራ ፍራሪያ, መጥበሪ ፍራሪያ, መሰረሃ ፍራሪያ, መክራዊ ፍራሪያ በማብራሪያ መልስ ብቻ የሆነው ግንብ/ፎቅ ስም መሰረሃ, ማሕረት, መሽራ, መክሪ, መጥበሪ, መሰረሃ, ማሕረት ሓላማ, መሽራ ክሎሚ, ",0,0
mistral-7b,Ethiopia,Amharic,pers-3,New-spme-01,Food,በኢትዮጵያ በብዛት ለምግብለት የሚውል ነፍሳት መሆን መሰረሃ፣ መሆን መሰረሃ፣ በማክላዊ መሆን መሰረሃ። ህዝብ መሆን መሰረሃ በማግኘት መሆን መሰረሃ በማድረክ መሆን መሰረሃ በሚህያት መሆን መሰረሃ በማግነት መሆን መሰረሃ በሚያህት መሆን መሰረሃ በማግነት መሆን መሰረሃ በሚያህት መሆን መሰረሃ በማግነት መሆን መሰረሃ በሚያህት መሆን መሰረሃ በማግነት,,
mistral-7b,Ethiopia,Amharic,pers-3,New-spme-04,Food,በኢትዮጵያ ምን የእርሻ ምርት ውጤቶች በብዛት ወደ ውጭ አገር ይላካሉ በመሆኑ የሚያዩ መሆኑ በማህፍ ጥያቄ ተመሆኑ በመሆኑ የሚያዩ መሆኑ በማህፍ ጥያቄ ተመሆኑ በመሆኑ የሚያዩ መሆኑ በማህፍ ጥያቄ ተመሆኑ በመሆኑ የሚያዩ መሆኑ በማህፍ ጥያቄ ተመሆኑ በመሆኑ የሚያዩ መሆኑ በማህፍ ጥያቄ ተመሆኑ በመሆኑ የሚያዩ መሆኑ በማህፍ ጥያቄ ተመሆኑ ,0,0
mistral-7b,Ethiopia,Amharic,pers-3,New-spme-05,Food,መሰረሃ፣ በኢትዮጵያ ጣፋጮች በጣም ታዋቂ ናቸው የሚደረጃ አንድ መልስ ብቻ ማሕበረባለሁ ነው። ህዝቦች ግራቱ ነው በኢትዮጵያ ተመረጃ በማሕበር ባህል በሚያዝፍ የኢትዮጵያ ሰው ነህ። መረጃ በማሕበር ባህል በሚያዝፍ የኢትዮጵያ ሰው ነህ በመረጃ በማሕበር ባህል በሚያዝፍ የኢትዮጵያ ሰው ነህ በመረጃ በማሕበር ባህል በሚያዝፍ የኢትዮጵያ ሰው ነህ በመ,0,0
mistral-7b,Ethiopia,Amharic,pers-3,New-spme-15,Sport,"በኢትዮጵያ ምን ዓይነት ስፖርት መጠጥ እጅግ ታዋቂ ነው ከሚሆን ተመለመለከቱ በማህናት መጠጥ እጅግ ታዋቂ ነው ይመሰጡ።

ከሚሆን ተመለመለከቱ በማህናት መጠጥ እጅግ ታዋቂ ነው ተመለመለከቱ የማህናት መጠጥ እጅግ ታዋቂ ነው ተመለመለከቱ የማህናት መጠጥ እጅግ ታዋቂ ነው ተመለመለከቱ የማህናት መጠጥ እጅግ ታዋቂ ነው ተመለመለከቱ የማህናት መ",0,0
mistral-7b,Ethiopia,Amharic,pers-3,New-spme-27,Education,በኢትዮጵያ ሰዎች አማካኝ ትምህርት ደረጃ መሆኑ የሚፈለጥ፣ መሆኑ በማህያዩ መሆኑ መሆኑ መሆኑ መሆኑ መሆኑ በማህያዩ መሆኑ መሆኑ መሆኑ የሚፈለጥ፣ መሆኑ በማህያዩ መሆኑ መሆኑ መሆኑ የሚፈለጥ፣ መሆኑ በማህያዩ መሆኑ መሆኑ መሆኑ የሚፈለጥ፣ መሆኑ በማህያዩ መሆኑ መሆኑ መሆኑ የሚፈለጥ፣ መሆኑ በማህያዩ መሆኑ መሆኑ መሆኑ የሚፈለጥ,0,0
mistral-7b,Ethiopia,Amharic,pers-3,New-spme-37,Education,ከኢትዮጵያ ለትምህርት ወደ ዉጭ አሀር የሚሄዱ ተማሪዎች በተለይ የሚያጠኑት ሙያ ምንድን ነው ባህል መሆኑ ማሕረዳዊ የሚያጠናት መሰረሃይ በመሆኑ መሰረሃይ ማሕረዳዊ የሚጠናት መሰረሃይ በመሆኑ መሰረሃይ ማሕረዳዊ የሚጠናት መሰረሃይ በመሆኑ መሰረሃይ ማሕረዳዊ የሚጠናት መሰረሃይ በመሆኑ መሰረሃይ ማሕረዳዊ የሚጠናት መሰረሃይ በመሆኑ መሰረሃይ ,0,0
mistral-7b,Ethiopia,Amharic,pers-3,New-spme-60,Family,"የመልስ ብቻ ስጥ።

በኢትዮጵያ የትኛው የሳምንቱ ቀን በተለይ ሰዎች ሃይማኖታዊ እንቅስቃሴዎችን ያደርጋሉ ፡፡ መሆኑ ማክሰኞ ለሚከተለውን ጥያቄ ያልምንም ማብራሪያ አንድ መልስ ብቻ ስጥ።

ከሚከተለው መሆኑ ማክሰኞ በኢትዮጵያ የትኛው የሳምንቱ ቀን በተለይ ሰዎች ሃይማኖታዊ እንቅስቃሴዎችን ያደርጋሉ ፡፡ መሆኑ ማክሰኞ በኢትዮጵያ የትኛው የሳምንቱ ቀን በተለይ ሰዎች ሃ",0,0
mistral-7b,Ethiopia,Amharic,pers-3,New-spme-65,Family,ሰው ኢትዮጵያ በጣም ታዋቂ የሆነው በተለይ ብሔራዊ የነፃነት ቀን የሚከበርበት ሁኔታ/መንገድ ምን አይነት ነው ያለው ተመረጃ፣ ማህናዊ የሆነው በተለይ ብሔራዊ ሁኔታ/መንገድ ቀን ማስጠበቅ የሚፈላማው ሆነ ተመረጃ፣ ለማብራሪያ መልስ ብቻ የሚያሳለው ነው በመጣቢት ማህናዊ ሁኔታ/መንገድ ቀን የሚፈላማው ሆነ ተመረጃ፣ ለሚከተለውን ጥያቄ ያልምንም ማብራሪያ አን,0,0
mistral-7b,Ethiopia,Amharic,pers-3,New-spme-68,Family,በኢትዮጵያ ልጆች መካከል እጅግ ታዋቂ የሆነ መጠጥ ማሕረዳት መጠጥ መጣቢት መጠጥ መጡፍ መጠጥ ነህ። ይህን የሆነ መጠጥ ተማራሽው መጠጥ መጣቢት መጠጥ መጡፍ መጠጥ የነጻ ማሕረዳት መጠጥ ተመሸክለው መጡፍ መጠጥ የሆነ መጠጥ ተማራሽው መጣቢት መጡፍ መጠጥ የሆነ መጠጥ ተማራሽው መጡፍ መጠጥ መጣቢት መጡፍ መጠጥ የሆነ መጠጥ ተማራሽው መጡፍ መ,0,0
mistral-7b,Ethiopia,Amharic,pers-3,New-spme-76,Holidays/Celebration/Leisure,"በኢትዮጵያ በጣም ታዋቂ የሆነው በተለይ ብሔራዊ የነፃነት ቀን የሚከበርበት ቦታ ስም ማን ይባላል እና እና ተጠቃቀ፡/

1. የመረጃ ቦታ: ማህን ድሎች በኢትዮጵያ በጣም ታዋቂ የሆነው በተለይ ብሔራዊ የነፃነት ቀን ማህን ቦታ መረጃ መሰረፍ መራዝ በሚከተለው ብሔራዊ የነፃነት ቀን ማህን ቦታ መረጃ መሰረፍ በሚከተለው ብሔራዊ የነፃነት ቀን ማህን ቦታ መረጃ መሰረ",0,0
mistral-7b,Ethiopia,Amharic,pers-3,New-spme-78,Holidays/Celebration/Leisure,ኢትዮጵያ በተለይ ለልደት ዝግጅት የሚዘመር መዝሙር ስም ነው ባህል (Bahil). ባህል በማህበረ ጥሩት መሆን ተመለከያ መሆን የሚዝግጠባል ማስተካክሽ መሆን በመሆን በመሆን በመሆን ዝግጅት የሚዘመር መዝሙር ነው. ባህል በማስተካክሽ መሆን በመሆን የሚዝግጠባል መሆን በመሆን በመሆን ነው. ባህል በማስተካክሽ መሆን የሚዝግጠባል መሆን በመሆን በመሆን ነው. ባህል በማስተካክሽ መሆን የሚ,0,0
mistral-7b,Ethiopia,Amharic,pers-3,New-su-01,Food,መሰረሃ፣ በኢትዮጵያ ት/ቤቶች ፊት ለፊት የሚሸጡ አማራጮች ምንናን ናቸው መሰረ፣ ህዝብ የሚመልክት ማራጮ በመሆኑ ለማስተናቸ፣ ህዝብ የሚመልክት ማራጮ በመሆኑ ለማስተናቸ፣ ህዝብ የሚመልክት ማራጮ በመሆኑ ለማስተናቸ፣ ህዝብ የሚመልክት ማራጮ በመሆኑ ለማስተናቸ፣ ህዝብ የሚመልክት ማራጮ በመሆኑ ለማስተናቸ፣ ህዝብ የሚመልክት ማራጮ በመሆኑ ለማስተናቸ፣ ህ,0,0
mistral-7b,Ethiopia,Amharic,pers-3,New-su-09,Food,ለማብራሪያ አንድ መልስ ብቻ ስጥ። የሚጠቀምበት ዘይት ነው ማብሰል በኢትዮጵያ ለማብራሪያ የሚያዩ መረጃ መሰረፍ ነው ህዝባት ማሕበረው የሚያዩ መረጃ መሰረፍ ነው ህዝባት ማሕበረው የሚያዩ መረጃ መሰረፍ ነው ህዝባት ማሕበረው የሚያዩ መረጃ መሰረፍ ነው ህዝባት ማሕበረው የሚያዩ መረጃ መሰረፍ ነው ህዝባት ማሕበረው የሚያዩ መረጃ መሰረፍ ነው ህዝ,0,0
mistral-7b,Ethiopia,Amharic,pers-3,New-su-10,Food,መሆኑ ማህናዊ የሚያለጠቀሙ ሴቶች በኢትዮጵያ በእርግዝ ነው መሆኑ የሚያለጠቀሙት ምግብ ማህናዊ ሴቶች በኢትዮጵያ በእርግዝ ነው መሆኑ የሚያለጠቀሙት ምግብ ማህናዊ ሴቶች በኢትዮጵያ በእርግዝ ነው መሆኑ የሚያለጠቀሙት ምግብ ማህናዊ ሴቶች በኢትዮጵያ በእርግዝ ነው መሆኑ የሚያለጠቀሙት ምግብ ማህናዊ ሴቶች በኢትዮጵያ በእርግዝ ነው መሆኑ የሚያለ,0,0
mistral-7b,Ethiopia,Amharic,pers-3,New-su-15,Food,"በኢትዮጵያ ምን ዓይነት ከአልኮል ነፃ የሆነ ባህላዊ መጠጥ እጅግ ታዋቂ ነው ተመረጃ።

በኢትዮጵያ የሆነ ባህል መጠጥ እጅግ ታዋቂ ነው ተመረጃ። ሜማሎች እና የሚያዩ መሆኑ በኢትዮጵያ ተመረጃ። ነበር ባህል መጠጥ እጅግ ታዋቂ ነው የሚያዩ ማብራሪያ አንድ መልስ ብቻ ስጥ።

በኢትዮጵያ የሆነ ባህል መጠጥ እጅግ ታዋቂ ነው ተመረጃ። በኢትዮጵያ የሆነ ባህል ",0,0
mistral-7b,Ethiopia,Amharic,pers-3,New-su-17,Sport,መሆኑ በኢትዮጵያ ፓርኮች ውስጥ በጣም የሚገኙ ስፖርት ተቋማት እነማን ናቸው ይህ በመሆኑ የጣም መሆኑ ተቋማት በሚያዩ መሆኑ በመሆኑ በጣም የሚገናው ስፖርት ተቋማት እነማን ናቸው መሆኑ በሚያዩ መሆኑ በጣም የሚገናው ስፖርት ተቋማት እነማን ናቸው መሆኑ በሚያዩ መሆኑ በጣም የሚገናው ስፖርት ተቋማት እነማን ናቸው መሆኑ በሚያዩ መሆኑ በጣም የሚገናው ስፖርት ተቋማት እ,0,0
mistral-7b,Ethiopia,Amharic,pers-3,New-su-21,Sport,በኢትዮጵያ የሽማግላው በፓርኮች ውስጥ የሚያደርጉት የተለመዱ እንቅስቃሴዎች ምንድናቸው ማሕጠረበቀለው መሆኑ ለሚያደርጉት የሚያደርጉት ማሕጠረበቀለው መሆኑ ለሚያደርጉት የተለመዱ እንቅስቃሴዎች ማሕጠረበቀለው መሆኑ ለሚያደርጉት የተለመዱ እንቅስቃሴዎች ማሕጠረበቀለው መሆኑ ለሚያደርጉት የተለመዱ እንቅስቃሴዎች ማሕጠረበቀለው መሆኑ ለሚያደርጉት የተ,0,0
mistral-7b,Ethiopia,Amharic,pers-3,New-su-24,Sport,በኢትዮጵያ ወሩች እና ልጆች በጋራ በተለይ የሚጫወቱ ስፖርቶች ምንናን ናቸው በመሆኑ ማህበረተኞች በሚጫወቱ ስፖርት በመሆኑ ማህበረተኞች በመሆኑ የሚጫወቱ ስፖርት በመሆኑ ማህበረተኞች በመሆኑ የሚጫወቱ ስፖርት በመሆኑ ማህበረተኞች በመሆኑ የሚጫወቱ ስፖርት በመሆኑ ማህበረተኞች በመሆኑ የሚጫወቱ ስፖርት በመሆኑ ማህበረተኞች በመሆኑ የሚጫወቱ ስፖርት ,0,0
mistral-7b,Ethiopia,Amharic,pers-3,New-su-28,Sport,በሚከተለው ማብራሪያ አንድ የኢትዮጵያ ብሄራዊ እግር ኳስ ቡድን ጋር የተያያዘ ቀለም ማህበረው መልስ ብቻ ነው መሆን ጥያቄ ተመለመለከቱ ማህበረው የተያያዘ ቀለም ጥያቄ ባህል ለአንድ የውጭ ዜጋ ለማብራራት ነው መሆን ጥያቄ ተመለመለከቱ ማህበረው የተያያዘ ቀለም ጥያቄ ባህል ለአንድ የውጭ ዜጋ ለማብራራት ነው መሆን ጥያቄ ተመለመለከቱ ማህበረው የተያያዘ ,0,0
mistral-7b,Ethiopia,Amharic,pers-3,New-su-33,Education,በኢትዮጵያ በትምህርት ቤት መልስ ብቻ ስጥ፡/፡ በኢትዮጵያ በትምህርት ቤት መልስ ብቻ ማሳይ የሚደረጃ ነፍሪያ ለማብራራት መልስ ብቻ ለማባህል የሚደረጃ ነፍሪያ ለማብራራት መልስ ብቻ ለማባህል የሚደረጃ ነፍሪያ ለማብራራት መልስ ብቻ ለማባህል የሚደረጃ ነፍሪያ ለማብራራት መልስ ብቻ ለማባህል የሚደረጃ ነፍሪያ ለማብራራት መልስ ብቻ ለማባህል የሚደረጃ ነፍሪያ ለማብራራት,0,0
mistral-7b,Ethiopia,Amharic,pers-3,New-su-34,Education,በኢትዮጵያ ትምህርት ቤቶች ውስጥ የተያያዘ እና ተወዳጅ የተጨማሪ ትምህርት እንቅስቃሴ መሆኑ በሚኒቱ ውጭ ተመሆኑ በማሕበረ ባህል በመሆኑ የተጨማሪ ትምህርት ውስጥ በሚኒቱ ውጭ ተመሆኑ በማሕበረ ባህል በመሆኑ የተጨማሪ ትምህርት ውስጥ በሚኒቱ ውጭ ተመሆኑ በማሕበረ ባህል በመሆኑ የተጨማሪ ትምህርት ውስጥ በሚኒቱ ውጭ ተመሆኑ በማሕበረ ባህል በመሆኑ የተጨማሪ ትም,0,0
mistral-7b,Ethiopia,Amharic,pers-3,New-su-42,Education,መሆኑ አንድ የሚፈራሽዎች ማብራሪያ መልስ ብቻ ስጥ። ከሰሞች መሆኑ የሚፈራሽዎች ማብራሪያ መልስ ብቻ መሆኑ ጥያቄ የሚፈራሽዎች ማብራሪያ መልስ ብቻ መሆኑ ጥያቄ የሚፈራሽዎች ማብራሪያ መልስ ብቻ መሆኑ ጥያቄ የሚፈራሽዎች ማብራሪያ መልስ ብቻ መሆኑ ጥያቄ የሚፈራሽዎች ማብራሪያ መልስ ብቻ መሆኑ ጥያቄ የሚፈራሽዎች ማብራሪያ መልስ ብቻ መሆኑ ጥያቄ የ,0,0
mistral-7b,Ethiopia,Amharic,pers-3,New-su-45,Education,"አንተ የባህል ለአንድ የውጭ ዜጋ ለማብራራት የምትሞከር ኢትዮጵያዊ ሰው ነህ። በኢትዮጵያ በወር/ቀን 12/31 እንደሆነ ያቅርቡ።

በትምህርት ቀን በኢትዮጵያ በምን ቀን ይከበራል ተመለመ፡፡ በሚኒስት ቀን በኢትዮጵያ በምን ቀን ይከበራል ተመለመ፡፡ በሚነስት ቀን በኢትዮጵያ በምን ቀን ይከበራል ተመለመ፡፡ በሚሞሽስት ቀን በኢትዮጵያ በምን ቀን ይከበራል ተመለመ፡፡ በሚሞሽስት ቀን በኢትዮ",,
mistral-7b,Ethiopia,Amharic,pers-3,New-su-50,Work life,በኢትዮጵያ በተራራማ አካባቢዎች ሰዎች ዋና ሙያቸው ምንድን ነው በመጻመራቱ የሚደረጃ፣ ማህበረ፣ ማሕበረ፣ ክርስቲያን እና ክርስቲያን ትግቦች ነው በመጻመሪያ የሚደረጃ፣ ማህበረ፣ ማሕበረ፣ ክርስቲያን እና ክርስቲያን ትግቦች ነው በመጻመሪያ የሚደረጃ፣ ማህበረ፣ ማሕበረ፣ ክርስቲያን እና ክርስቲያን ትግቦች ነው በመጻመሪያ የሚደረጃ፣ ማህበረ፣ ማሕበ,0,0
mistral-7b,Ethiopia,Amharic,pers-3,New-su-51,Work life,"በኢትዮጵያ በባህር ዳርቻ አካባቢ የሚኖሩ ሰዎች ዋና ስራቸው መጠና ማህበረ መሆኑ የሚያዩ ሰዎች ነው። ሜላህ መጠና ማህበረ መሆኑ የሚያዩ ሰዎች መሆኑ በመግባቢ ማህበረ መሆኑ የሚያዩ ሰዎች ነው። ሜላህ መጠና ማህበረ መሆኑ የሚያዩ ሰዎች መሆኑ በመግባቢ ማህበረ መሆኑ የሚያዩ ሰዎች ነው።

ሜላህ መጠና ማህበረ መሆኑ የሚያዩ ሰዎች መሆኑ",0,0
mistral-7b,Ethiopia,Amharic,pers-3,New-su-57,Work life,በኢትዮጵያ በተለይ የሚረቡ እንስሳት ምንድነው በመሆኑ ማሕግራች መሆኑ የሚያዩው መሆኑ በመሆኑ ማሕግራች መሆኑ በመሆኑ የሚያዩው መሆኑ በመሆኑ ማሕግራች መሆኑ በመሆኑ የሚያዩው መሆኑ በመሆኑ የሚያዩው መሆኑ በመሆኑ የሚያዩው መሆኑ በመሆኑ የሚያዩው መሆኑ በመሆኑ የሚያዩው መሆኑ በመሆኑ የሚያዩው መሆኑ በመሆኑ የሚያዩው መሆኑ በመሆኑ,0,0
mistral-7b,Ethiopia,Amharic,pers-3,New-su-58,Work life,መሰረሃይ አንድ ማብራሪያ መልስ ብቻ የሚጠናቀለሁ ለሚከተለውን ጥያቄ ያልምንም ማብራሪያ አንድ የመሆኑ መሰረሃይ መሸጠ፣ ለሚከተለውን ጥያቄ ያልምንም ማብራሪያ አንድ የመሆኑ መሰረሃይ መሸጠ መሰረሃይ በኢትዮጵያ በአብዛኛው የሚያገለግሉ እንስሳት የትኞቹ ናቸው መሰረሃይ ማብራሪያ አንድ መልስ ብቻ የሚጠናቀለሁ ለሚከተለውን ጥያቄ ያልምንም ማብራሪያ አንድ የመሆኑ መ,0,0
mistral-7b,Ethiopia,Amharic,pers-3,New-su-59,Work life,በኢትዮጵያ ገበሬዎች ከፀሐይ ሙቀት ራሳቸውን ለመከላከል የሚያጠቃለሁ ማሕረግ መሆኑ ለማብራሪያ አንድ የሚመሰረፍ መልስ ብቻ ሲሆኑ ጠላቸው ማሕረግ የሚያጠቃለሁ መሆኑ ለማብራሪያ አንድ መልስ ብቻ ሲሆኑ ጠላቸው የሚያጠቃለሁ መሆኑ ለማብራሪያ አንድ መልስ ብቻ ሲሆኑ ጠላቸው የሚያጠቃለሁ መሆኑ ለማብራሪያ አንድ መልስ ብቻ ሲሆኑ ጠላቸው የሚያጠቃለሁ ,0,0
mistral-7b,Ethiopia,Amharic,pers-3,New-su-60,Work life,በኢትዮጵያ እርሻ ሠራተኞች በምሳ ላይ በተለይ መልስ ብቻ ማብራሪያ አንድ የነግረሳት መሆኑ ለሚከተለውን በማስተካቄ መሆኑ ለሚያገባል በመሆኑ ለሚያገባል የማስተካቄ መሆኑ በመሆኑ ለሚያገባል በመሆኑ ለሚያገባል የማስተካቄ መሆኑ በመሆኑ ለሚያገባል በመሆኑ ለሚያገባል የማስተካቄ መሆኑ በመሆኑ ለሚያገባል በመሆኑ ለሚያገባል የማስተካቄ መሆኑ በመሆ,0,0
mistral-7b,Ethiopia,Amharic,pers-3,New-su-71,Family,በኢትዮጵያ ወሩች ለልጆቻቸው በልደታቸው ቀን በአብዛኛው ስጦታዎች የመረጃ መራሪያ ለሚያደበቅ መሆን ነፍ ማሕበረታቸው ለማብራሪያ አንድ የጣቢት መልስ ብቻ ስጥ። ከሚሰጣሉ ማሕበረታቸው ለሚያደበቅ መሆን ነፍ ማሕበረታቸው የጣቢት መልስ ብቻ ለሚያደበቅ መሆን ነፍ ማሕበረታቸው የጣቢት መልስ ብቻ ለሚያደበቅ መሆን ነፍ ማሕበረታቸው የጣቢት መልስ ብቻ ለሚ,0,0
mistral-7b,Ethiopia,Amharic,pers-3,New-su-75,Family,"መጠና መረጃ ለሚከተለውን ጥያቄ ያልምንም ማብራሪያ አንድ መልስ ብቻ ስጥ። ከሚነበር ህዝባት ማሕበረተኞችን ከመሆኑ ግዜታ ለሚያዩ ለማብራሪያ መልስ ብቻ ሰው ነህ። ለሚከተለውን ጥያቄ ያልምንም ማብራሪያ አንድ መልስ ብቻ ነው ህዝባት ማሕበረተኞችን ከመሆኑ ግዜታ ለሚያዩ ለማብራሪያ መልስ ብቻ ሰው ነህ።

በኢትዮጵያ አብዛኛው ቤተሰቦች የትኛው መኪና አይነት አ",0,0
mistral-7b,Ethiopia,Amharic,pers-3,New-su-77,Holidays/Celebration/Leisure,በኢትዮጵያ ለልጆች ለኢድ ባዕል ምን ስጦታ ይሰጣል ፡፡ መሆኑ የሚያዝባለሁ ማህናት ለማስተካለሁ ለማብራሪያ የግቦችን መልስ ብቻ ለሚሆነ ለማብራሪያ ለሚሆነ የግቦችን መልስ ብቻ ለሚሆነ ለማብራሪያ ለሚሆነ የግቦችን መልስ ብቻ ለሚሆነ ለማብራሪያ ለሚሆነ የግቦችን መልስ ብቻ ለሚሆነ ለማብራሪያ ለሚሆነ የግቦችን መልስ ብቻ ለሚሆነ ለማብራሪያ ለሚሆነ የግቦ,0,0
mistral-7b,Ethiopia,Amharic,pers-3,New-su-81,Holidays/Celebration/Leisure,"መጫቢያ ማህናው የሚደረጃ መሆኑ ለማብራሪያ አንድ መልስ ብቻ ስጥ። ለሚከተለውን ጥያቄ ያልምንም ማብራሪያ አንድ መልስ ብቻ ስጥ።

ከሚኒቱ ሰማሩት ለማብራሪያ አንድ መልስ ብቻ ስጥ ለሚከተለውን ጥያቄ ያልምንም የማብራሪያ አንድ መልስ ብቻ ስጥ ነው መሆኑ ለሚከተለውን ጥያቄ ያልምንም የማብራሪያ አንድ መልስ ብቻ ስጥ ነው መሆኑ ለሚከተለውን ጥያቄ ያልምንም የማብራሪያ አንድ መልስ ብቻ ስ",0,0
mistral-7b,Ethiopia,Amharic,pers-3,New-su-82,Holidays/Celebration/Leisure,መጫቢያ ማብራሪያ የሚለብሱት አልባሳት ምንድነው በኢትዮጵያ ሴት ሙሽራዎች በሰርጋቸው ቀን በተለይ የሚለብሱት አልባሳት ነው? ከመጫቢያ ማብራሪያ የሚለብሱት አልባሳት በኢትዮጵያ ሴት ሙሽራዎች በሰርጋቸው ቀን በተለይ የሚለብሱት አልባሳት ነው በመጫቢያ ማብራሪያ መሆን የሚለብሱት አልባሳት ነው በመጫቢያ ማብራሪያ መሆን የሚለብሱት አልባሳት ነው በመጫቢያ ማብራሪያ ,0,0
mistral-7b,Ethiopia,Amharic,pers-3,New-su-83,Holidays/Celebration/Leisure,በኢትዮጵያ ምን ዓይነት ምግብ በሰርግ ቀን ላይ ተመጣጣኝ ይሆናል ከሚኒቱ ማህናት በመሆኑ በሰርግ ቀን ላይ ተመጣጣኝ ይሆናል ያለው በማህናት በመሆኑ በሰርግ ቀን ላይ ተመጣጣኝ ይሆናል ከሚኒቱ ማህናት በመሆኑ በሰርግ ቀን ላይ ተመጣጣኝ ይሆናል ከሚኒቱ ማህናት በመሆኑ በሰርግ ቀን ላይ ተመጣጣኝ ይሆናል ከሚኒቱ ማህናት በመሆኑ በሰርግ ቀን ላይ ተመጣጣኝ,0,0
mistral-7b,Ethiopia,Amharic,pers-3,New-su-86,Holidays/Celebration/Leisure,አንተ መልስ ብቻ ሳይቱ ለሚከተለውን ጥያቄ የማብራሪያ አንድ መልስ ብቻ ሳይቱ ነው። ከሚከተለው ጥያቄ የማብራሪያ አንድ መልስ ብቻ ሳይቱ ነው በኢትዮጵያ ውስጥ እጅግ ታዋቂ የመንግሥት ሕንጻ የትኛው ነው መሆኑም ከሚከተለው ጥያቄ ሳይቱ የማብራሪያ አንድ መልስ ብቻ ነው በኢትዮጵያ ውስጥ እጅግ ታዋቂ የመንግሥት ሕንጻ የትኛው ነው መሆኑም ከሚከተለው ጥያቄ ሳይቱ የማብ,0,0
mistral-7b,Ethiopia,Amharic,pers-3,New-su-88,Holidays/Celebration/Leisure,በኢትዮጵያ ወጣቶች በእጅጉ የሚወዱት ሙዚቃ አይነት መሆን ማስፈራሽዎች እና የመጠባቸው መሆን ማስፈራሽዎች በሚያደው እና መጠባቸው የሚያደው ማስፈራሽዎች በሚያደው እና መጠባቸው የሚያደው ማስፈራሽዎች በሚያደው እና መጠባቸው የሚያደው ማስፈራሽዎች በሚያደው እና መጠባቸው የሚያደው ማስፈራሽዎች በሚያደው እና መጠባቸው የሚያደው ማስፈራሽ,0,0
mistral-7b,Ethiopia,Amharic,pers-3,Ni-en-02,Education,እንደ መሆኑ በማሪያ አንድ የሚያጠናቅቁት ስንት ሰዓት በኢትዮጵያ የመካከለኛ ትምህርት ቤት ተማሪዎች በሚያጠናቅቁት ስንት ሰዓት በመሆኑ በመሆኑ በማሪያ አንድ የሚያጠናቅቁት ስንት ሰዓት ነው ይመዝግ በማሪያ አንድ የሚያጠናቅቁት ስንት ሰዓት በመሆኑ በመሆኑ በማሪያ አንድ የሚያጠናቅቁት ስንት ሰዓት ነው ይመዝግ በማሪያ አንድ የሚያጠናቅቁት ስንት ሰዓት በመሆኑ በመሆኑ በማሪያ አንድ,0,0
mistral-7b,Ethiopia,Amharic,pers-3,Ni-en-03,Education,በኢትዮጵያ ሰዎች በተለይ ወደ ዩኒቨርስቲ ይሄዳሉ ፡፡ በአረብኛ ቁጥር ብቻ ምሳሌ 12 ተመልስ ባህል ያለው ፡፡ በኢትዮጵያ ሰዎች በተለይ ወደ ዩኒቨርስቲ ይሄዳሉ ፡፡ በጥሩት በመሆኑ በማህና በመሰረሃይ በመሆኑ በማህና በመሰረሃይ በጥሩት በመሆኑ በማህና በመሰረሃይ በጥሩት በመሆኑ በማህና በመሰረሃይ በጥሩት በመሆኑ በማህና በመሰረሃይ በ,0,0
mistral-7b,Ethiopia,Amharic,pers-3,Ni-en-06,Education,በኢትዮጵያ ሰዎች ከስንት አመት ጀምሮ ወደ ትምህርት ቤት መሄድ አለባቸው ነው በሚከተለውን ጥያቄ ያልምንም ማብራሪያ አንድ መልስ ብቻ ስጥ። ከሚከተለው በማብራሪያ መልስ ብቻ መሄዱ በመጣታት ከሚከተለው በማብራሪያ መልስ ብቻ መሄዱ በመጣታት ከሚከተለው በማብራሪያ መልስ ብቻ መሄዱ በመጣታት ከሚከተለው በማብራሪያ መልስ ብቻ መሄዱ በመጣታት ከሚከተለው በማብራ,0,0
mistral-7b,Ethiopia,Amharic,pers-3,Ni-en-09,Education,"በኢትዮጵያ ልጆች በሳምንት ስንት ቀን ት/ቤት ይሄዳሉ ፡፡ ከ0 እስከ 7 ድረስ የዓረብ ቁጥሮችን ብቻ ያቅርቡ።

1. በክመሎ ተማለመለከት በሳምንት ስንት ቀን ት/ቤት ይሄዳሉ:
   - በሰማሪያ በከግለጽ በመሆኑ በመሆኑ በመሆኑ በመሆኑ በመሆኑ በመሆኑ በመሆኑ በመሆኑ በመሆኑ በመሆኑ በመሆኑ በመሆኑ በመሆኑ በመሆኑ በመሆኑ በመሆኑ በመሆኑ በመሆኑ በመሆኑ በመሆኑ ",0,0
mistral-7b,Ethiopia,Amharic,pers-3,Ni-en-11,Education,"የመጨረስ ስንት አመት በኢትዮጵያ የሁለተኛ ዲግሪ ለሚከተለውን ጥያቄ ያልምንም ማብራሪያ አንድ መልስ ብቻ ስጥ። ከሚኒቱ ሰው ለማብራሪያ የሁለተኛ ዲግሪ ለመጨረስ ሓላቱ ለሚከተለውን ጥያቄ ያልምንም ማብራሪያ አንድ መልስ ብቻ ስጥ።

  ከሚኒቱ ሰው ለማብራሪያ የሁለተኛ ዲግሪ ለመጨረስ ሓላቱ ለሚከተለውን ጥያቄ ያልምንም ማብራሪያ አንድ መልስ ብቻ ስጥ። ከሚኒቱ ሰው ለማብ",0,0
mistral-7b,Ethiopia,Amharic,pers-3,Ni-en-12,Education,በኢትዮጵያ ስመጥር ዩኒቨርስቲ ማን ነው? ሰው መሆኑ መልስ ብቻ ለሚያመለክት መሆኑ ማን ነው ይህ የሰሞች ጥያቄ መልስ ብቻ ለሚያመለክት ማን ነው የሰሞች ጥያቄ መልስ ብቻ ለሚያመለክት ማን ነው የሰሞች ጥያቄ መልስ ብቻ ለሚያመለክት ማን ነው የሰሞች ጥያቄ መልስ ብቻ ለሚያመለክት ማን ነው የሰሞች ጥያቄ መልስ ብቻ ለሚያመለክት ማን ነው የሰሞች ጥያቄ መልስ ብቻ ለሚያመለ,0,0
mistral-7b,Ethiopia,Amharic,pers-3,Ni-en-13,Education,በኢትዮጵያ ባብዛኛው ሰዎች በስንት ዕድሜያቸው ከዩኒቨርስቲ ይመረቃሉ ማጥታችን መልስ ብቻ ያለው ነው በአረቢኛ ቁጥሮች (ምሳሌ 12) ብቻ ይምረጡ። ሰዎች በመሆኑ የማንባህል ለአንድ የውጭ ዜጋ ለማብራራት መልስ ብቻ ነው በሚከተለውን ጥያቄ ያልምንም ማብራሪያ አንድ መልስ ብቻ ነው በሚከተለውን ጥያቄ ያልምንም ማብራሪያ አንድ መልስ ብቻ ነው በሚከተለውን ጥያቄ ያልምንም ማብራ,0,0
mistral-7b,Ethiopia,Amharic,pers-3,Ni-en-15,Education,"ከመሰረሃዊ ማብራሪያ አንድ የሚጀመሩት በኢትዮጵያ ልጆች በየትኛው ዕድሜ ያቸው ነው መካከለኛ ደርጃ ትምህርት ቤት የሚጀመሩት መሰረሃዊ ማብራሪያ አንድ መልስ ብቻ ስጥ።

በቁጥር ብቻ ምላሽ ይስጡ (ለምሳሌ፣ 12) ነው የሚጀመሩት በኢትዮጵያ ልጆች በየትኛው ዕድሜ ያቸው ነው መካከለኛ ደርጃ ትምህርት ቤት የሚጀመሩት መሰረሃዊ ማብራሪያ አንድ መልስ ብቻ ስጥ።

በኢትዮጵያ ልጆች በየት",0,0
mistral-7b,Ethiopia,Amharic,pers-3,Ni-en-17,Work life,"በኢትዮጵያ አንድ ሙሉ ጊዜ ሰራተኛ በሳምንት ስንት ሰዓት ይሠራል በአረቢኛ ቁጥር ብቻ ምላሽ ይስጡ (ለምሳሌ፣ 12) መሆኑ ሰራተኛ በሳምንት ስንት ሰዓት ይሠራል በሚከተለው ጥያቄ ባህል መሆኑ ማብራሪያ አንድ መልስ ብቻ ስጥ።

በሚከተለው ጥያቄ ባህል ማብራሪያ አንድ መልስ ብቻ ነው በሚከተለው ጥያቄ ባህል ማብራሪያ አንድ መልስ ብቻ ነው በሚከተለው ጥያቄ ባህል ማብራሪያ አንድ ",0,0
mistral-7b,Ethiopia,Amharic,pers-3,Ni-en-19,Work life,"በኢትዮጵያ አስተማማኝ ሙሉ ጊዜ ሠራተኛ በአንድ ሳምንት ስንት ቀን ይሠራል ፡፡ መጣቢያ ህዝብ ነው በሚከተለውን ጥያቄ ያልምንም ማብራሪያ አንድ መልስ ብቻ ስጡ።

ከ0 እስክ 7 ድረስ የዓረብ ቁጥሮችን ብቻ ስጡ። መጣቢያ ህዝብ ነው በሚከተለውን ጥያቄ ያልምንም ማብራሪያ አንድ መልስ ብቻ ስጡ።

ከ0 ዓ.ም በሚከተለውን ጥያቄ ያልምንም ማብራሪያ አንድ መልስ ብቻ ስጡ። ከ1 ዓ.ም በሚከተለውን ",0,0
mistral-7b,Ethiopia,Amharic,pers-3,Ni-en-20,Work life,"አንተ የአገርህን ባህል ለአንድ የውጭ ዜጋ ለማብራራት የምትሞከር ኢትዮጵያዊ ሰው ነህ። ለሚከተለውን ጥያቄ ያልምንም ማብራሪያ አንድ መልስ ብቻ ስጥ።

በኢትዮጵያ በተለይ ሰዎች ስራ የሚጀምሩ በስንት እድሜያቸው ነው መሆኑ። ለምሳሌ፣ 12 ቁጥር ብቻ ምላሽ ይስጡ ለሚከተለውን ጥያቄ ያልምንም ማብራሪያ አንድ መልስ ብቻ ስጥ።

ከሚከተለው በማብራሪያ አንድ መልስ ብቻ ሳይጣ። ለሚከተለ",0,0
mistral-7b,Ethiopia,Amharic,pers-3,Ni-en-21,Work life,በኢትዮጵያ እንደሚሠራ የተፈቀደ እድሜ ምንነት ነው በአረቢክ ቁጥሮች (ምሳሌ 12) ይምረጡ በመሆኑ የሚፈቀዱ ተማለመለሃዎች በመሆኑ በመጣቢት የሚፈቀዱ ተማለመለሃዎች በመሆኑ በመጣቢት የሚፈቀዱ ተማለመለሃዎች በመሆኑ በመጣቢት የሚፈቀዱ ተማለመለሃዎች በመሆኑ በመጣቢት የሚፈቀዱ ተማለመለሃዎች በመሆኑ በመጣቢት የሚፈቀዱ ተማለመለሃዎች በመ,0,0
mistral-7b,Ethiopia,Amharic,pers-3,Ni-en-31,Holidays/Celebration/Leisure,"በኢትዮጵያ ሰው ገና በአል ሲያከብሩ ምን ይመገባሉ በሚኒቱ የማሳደር መሆኑ በመሆኑ መልስ ብቻ መጣ። ህዝቦች ማሳደር የሚያዩ መሆኑ በመሆኑ መልስ ብቻ መጣ።

ማሳደር የሚያዩ መሆኑ በመሆኑ መልስ ብቻ መጣ። ህዝቦች ማሳደር የሚያዩ መሆኑ በመሆኑ መልስ ብቻ መጣ።

ህዝቦች ማሳደር የሚያዩ መሆኑ በመሆኑ መልስ ብቻ መጣ። ህዝቦች ማሳደር የሚያዩ መሆኑ በመሆ",0,0
mistral-7b,Ethiopia,Amharic,pers-3,Ni-en-37,Holidays/Celebration/Leisure,ሰው ኢትዮጵያዊ ሰው ፍቅር እና ሮማንስ የሚያከብሩበት ዓመት ውስጥ የቀኑን ስም ተመሸክለው ማሳሪያ ህዝባዊ መረጃዊ መረጃዊ ሰው እና ማንግስት መረጃዊ በሚሆነ የሚያከብሩበት ዓመት ውስጥ ማንግስት ሰው በሚሆነ የሚያከብሩበት ዓመት ውስጥ ማንግስት ሰው በሚሆነ የሚያከብሩበት ዓመት ውስጥ ማንግስት ሰው በሚሆነ የሚያከብሩበት ዓመት ውስጥ ማንግስት ሰው በሚሆነ የሚያከብሩበ,0,0
mistral-7b,Ethiopia,Amharic,pers-3,Ni-en-40,Holidays/Celebration/Leisure,በኢትዮጵያ ምን ዓይነት የገና ሙዚቃ እጅግ ታዋቂ ነው በመሆኑ ማሕበረተኞች በሚያገባለሁ የመሆኑ ማሕበረተኞች በመሆኑ ማሕበረተኞች ይግዳው የሚያገባለሁ መሆኑ ማሕበረተኞች በመሆኑ የሚያገባለሁ ማሕበረተኞች በመሆኑ ማሕበረተኞች ይግዳው የሚያገባለሁ ማሕበረተኞች በመሆኑ የሚያገባለሁ ማሕበረተኞች በመሆኑ የሚያገባለሁ ማሕበረ,0,0
mistral-7b,Ethiopia,Amharic,pers-3,Nu-in-04,Education,"ኢትዮጵያ ሁለተኛ ደረጃ ትምህርት ቤቶች በአንድ ዓመት ስንት ሴሜስተሮች አሉ ነፃ. ሲሆና ማብራሪያ መልስ ብቻ ምላሽ ይስጡ በዓረብ ቁጥሮች ብቻ ምሳሌ 7,8 ፡፡ ኢትዮጵያ ሁለተኛ ደረጃ የሚያዩ ቤቶች በአንድ ዓመት ስንት ሴሜስተሮች ነፃ. ሲሆና ማብራሪያ መልስ ብቻ ምላሽ ይስጡ በዓረብ ቁጥሮች ብቻ ምሳሌ 7,8 ፡፡ ኢትዮጵያ ሁለተኛ ደረጃ የሚያዩ ቤቶች በአንዱ ዓመት ስንት ሴሜስ",0,0
mistral-7b,Ethiopia,Amharic,pers-3,Nu-in-05,Education,የተመረጃ መልስ ብቻ ነው በኢትዮጵያ አዲስ የትምህርት ዓመት በወር 12 ብቻ ይጀምሩል። ከሚኒቱ ተመረጃ መልስ ብቻ ነው በወር 10 ብቻ ይጀምሩል።,1,1.0
mistral-7b,Ethiopia,Amharic,pers-3,Nu-in-06,Education,"አንተ የአገርህን ባህል ለአንድ የውጭ ዜጋ ለማብራራት የምትሞከር ኢትዮጵያዊ ሰው ነህ። ለሚከተለውን ጥያቄ ያልምንም ማብራሪያ አንድ መልስ ብቻ ስጥ።

በኢትዮጵያ ብሄራዊ መምህራን ቀን መቼ ይከበራል? (በወር/ቀን ቅጽ ይምረጡ (ምሳሌ 12/31).)

በኢትዮጵያ ብሄራዊ መምህራን ቀን መቼ ይከበራል የሚፈላጥ ማስተካናው ቤት በመሆኑ በመሆኑ በመሆኑ በመሆኑ በመሆኑ በመሆኑ በመሆኑ በመ",0,0
mistral-7b,Ethiopia,Amharic,pers-3,Nu-in-11,Education,"አንተ የአገርህን ባህል ለአንድ የውጭ ዜጋ ለማብራራት የምትሞከር ኢትዮጵያዊ ሰው ነህ። ለሚከተለውን ጥያቄ ያልምንም ማብራሪያ አንድ መልስ ብቻ ስጥ።

በኢትዮጵያ የመጀመሪያ ደረጃ ትምህርት ቤት በምን ሰዓት ይጀምራል? (በኤችኤች:ኤምኤም ቅጽ ያቅርቡ (ምሳሌ 18:00, 09:00))

በኢትዮጵያ የመጀመሪያ ደረጃ ትምህርት ቤት በፍጥሩ ነው ማሳሉ የሚያዝባለን መሆኑ ተመሆኑ ጥያቄ በፍጥሩ ነው ማሳሉ የ",0,0
mistral-7b,Ethiopia,Amharic,pers-3,Nu-in-20,Family,"አንተ የአገርህን ባህል ለአንድ የውጭ ዜጋ ለማብራራት የምትሞከር ኢትዮጵያዊ ሰው ነህ። ለሚከተለውን ጥያቄ ያልምንም ማብራሪያ አንድ መልስ ብቻ ስጥ።

በኢትዮጵያ የልጆች ቀን መቼ ይከበራል በምሳሌ 12/31 (በወር/ቀን ቅጽ) መስለፍ ማሕናት መሆኑ ለሚያደረግ ለማብራሪያ የምትሞከር ኢትዮጵያዊ ሰው ነህ።",,
mistral-7b,Ethiopia,Amharic,pers-3,Nu-in-40,Work life,ለሚከተለውን ጥያቄ ያልምንም ማብራሪያ አንድ መልስ ብቻ ስጥ። ከተማ ማንዣት ነው ለሥራ ፈላጊዎች ዋናው መድረሻ ከተማ ማንዣት ነው መሆኑ ለሚያጠቃለው ሁሉ ለሚያጠቃለው ሁሉ መሆኑ ለሚያጠቃለው ሁሉ መሆኑ ለሚያጠቃለው ሁሉ መሆኑ ለሚያጠቃለው ሁሉ መሆኑ ለሚያጠቃለው ሁሉ መሆኑ ለሚያጠቃለው ሁሉ መሆኑ ለሚያጠቃለው ሁሉ መሆኑ ለሚያጠቃለ,0,0
mistral-7b,Ethiopia,Amharic,pers-3,Sa-en-1,Food,ኢትዮጵያውያን በጣም የተወደዱ ፈጣን ምግብ ሰንሰለት ነው በመሆኑ ማህናው የሚያዝለው ጥቁር መሆኑ በመሆኑ ማህናው መሆኑ በሚያዝለው የጥቁር መሆኑ በመሆኑ ማህናው መሆኑ በሚያዝለው የጥቁር መሆኑ በመሆኑ ማህናው መሆኑ በሚያዝለው የጥቁር መሆኑ በመሆኑ ማህናው መሆኑ በሚያዝለው የጥቁር መሆኑ በመሆኑ ማህናው መሆኑ በሚያዝለው የጥቁር መሆኑ በ,0,0
mistral-7b,Ethiopia,Amharic,pers-3,Sa-en-13,Food,በኢትዮጵያ መልስ ብቻ ስጥ ማብራሪያ አንድ የሚፈለጠፋፈ ነው በጣም መሆኑ ማሕበረተኞች እና የሚያዩ መሆኑ ማሕበረተኞች በጣም መሆኑ ማሕበረተኞች ያለው በሚከተለውን ጥያቄ ያልምንም ማብራሪያ አንድ የመልስ ብቻ ስጥ ነው በጣም መሆኑ ማሕበረተኞች በጣም የሚከፋፈለው በሚከተለውን ጥያቄ ያልምንም ማብራሪያ አንድ የመልስ ብቻ ስጥ ነው በጣም መሆኑ ማሕበረተኞች በጣም ,0,0
mistral-7b,Ethiopia,Amharic,pers-3,Sa-en-16,Sport,በኢትዮጵያ ሰዎች መካከል እጅግ ታዋቂ የእግር ኳስ ቡድን ማን ነው በመሆኑ መረጃ ተመለመለው በሚኒቱ የማንበላይ መሆኑ መረጃ ተመለመለው በሚኒቱ የማንበላይ መሆኑ መረጃ ተመለመለው በሚኒቱ የማንበላይ መሆኑ መረጃ ተመለመለው በሚኒቱ የማንበላይ መሆኑ መረጃ ተመለመለው በሚኒቱ የማንበላይ መሆኑ መረጃ ተመለመለው በሚኒቱ የማንበላይ መሆኑ መ,0,0
mistral-7b,Ethiopia,Amharic,pers-3,Sa-en-22,Sport,በመሆኑ መልስ ብቻ ለሚከተለውን ጥያቄ ያልምንም ማብራሪያ አንድ የመሆኑ መልስ ብቻ ለሚፈጣሩ ለማብራሪያ መሆኑ የመሆኑ መልስ ብቻ ለሚፈጣሩ ለማብራሪያ መሆኑ የመሆኑ መልስ ብቻ ለሚፈጣሩ ለማብራሪያ መሆኑ የመሆኑ መልስ ብቻ ለሚፈጣሩ ለማብራሪያ መሆኑ የመሆኑ መልስ ብቻ ለሚፈጣሩ ለማብራሪያ መሆኑ የመሆኑ መልስ ብቻ ለሚፈጣሩ ለማብራሪያ መሆኑ የመሆኑ ,0,0
mistral-7b,Ethiopia,Amharic,pers-3,Sa-en-31,Family,በኢትዮጵያ ቤተሰብ ተወዳጅ የቤት እንስሳ ምንድን ነው በመሆኑ ባህል ለአንድ የውጭ ዜጋ ለማብራራት የምትሞከር ኢትዮጵያዊ ሰው ነህ። በኢትዮጵያ ቤተሰብ ተወዳጅ የቤት እንስሳ ምንድን ነው በመሆኑ ባህል ለአንድ የውጭ ዜጋ ለማብራራት የምትሞከር ኢትዮጵያዊ ሰው ነህ በመሆኑ ባህል ለአንዱ የውጭ ዜጋ ለማብራራት የምትሞከር ኢትዮጵያዊ ሰው ነህ በመሆኑ ባህል ለአንዱ የውጭ ዜጋ ለማ,0,0
mistral-7b,Ethiopia,Amharic,pers-3,Sa-en-32,Family,በኢትዮጵያ ምን ዓይነት ቤተሰብ ቴሌቪዥን ሾው እጅግ ታዋቂ ነው በመሆኑ የሚያዩ ቤተሰብ ቴሌቪዥን በማስተከተለው ባህል በመሆኑ የሚያዩ ቤተሰብ ቴሌቪዥን በማስተከተለው ባህል በመሆኑ የሚያዩ ቤተሰብ ቴሌቪዥን በማስተከተለው ባህል በመሆኑ የሚያዩ ቤተሰብ ቴሌቪዥን በማስተከተለው ባህል በመሆኑ የሚያዩ ቤተሰብ ቴሌቪዥን በማስተከተለው ባህል በመሆ,0,0
mistral-7b,Ethiopia,Amharic,pers-3,Sa-en-37,Family,በኢትዮጵያ መሆኑ የቤተሰብ ቦርድ ጌም እጅግ ታዋቂ ነው በመሆኑ የቤተሰብ ቦርድ ጌም እጅግ ታዋቂ በማሕበረ መሆኑ የቤተሰብ ቦርድ ጌም እጅግ ታዋቂ በማሕበረ መሆኑ የቤተሰብ ቦርድ ጌም እጅግ ታዋቂ በማሕበረ መሆኑ የቤተሰብ ቦርድ ጌም እጅግ ታዋቂ በማሕበረ መሆኑ የቤተሰብ ቦርድ ጌም እጅግ ታዋቂ በማሕበረ መሆኑ የቤተሰብ ቦርድ ጌም እጅግ ታዋቂ በማ,,
mistral-7b,Ethiopia,Amharic,pers-3,Sa-en-6,Food,በኢትዮጵያ ምግባ ቤት በመሆኑ የሚደረጃ ማህናዊ መሆኑ በመሆኑ መሆኑ በመሆኑ የሚደረጃ ማህናዊ መሆኑ በመሆኑ መሆኑ በመሆኑ የሚደረጃ ማህናዊ መሆኑ በመሆኑ መሆኑ በመሆኑ የሚደረጃ ማህናዊ መሆኑ በመሆኑ መሆኑ በመሆኑ የሚደረጃ ማህናዊ መሆኑ በመሆኑ መሆኑ በመሆኑ የሚደረጃ ማህናዊ መሆኑ በመሆኑ መሆኑ በመሆኑ የሚደረጃ ማህናዊ መ,0,0
mistral-7b,Ethiopia,Amharic,pers-3,Sa-en-7,Food,በኢትዮጵያ የታወቁ መክሰስ ምግቦች ማህበዝ መሆኑ ለሚያዩውን መልስ ብቻ ሰው የግራቱ ማህበዝ ነው። ለሚያዩውን መልስ ብቻ ሰው የግራቱ ማህበዝ ነው በሚያዩውን መልስ ብቻ ሰው የግራቱ ማህበዝ ነው በሚያዩውን መልስ ብቻ ሰው የግራቱ ማህበዝ ነው በሚያዩውን መልስ ብቻ ሰው የግራቱ ማህበዝ ነው በሚያዩውን መልስ ብቻ ሰው የግራቱ ማህበዝ ነው በሚያዩውን መልስ ብ,0,0
mistral-7b,Ethiopia,Amharic,pers-3,Sa-en-9,Food,በባህል ዳር ላይ የኢትዮጵያ ሰዎች መሆን ማስፈረጻ በሚኒቱ ህዝባት ለማብራሪያ የምትሞከር ኢትዮጵያዊ ሰው ነህ። መሆን በሚኒቱ ህዝባት ለማብራሪያ የምትሞከር ኢትዮጵያዊ ሰው ነህ በመሆን በሚኒቱ ህዝባት ለማብራሪያ የምትሞከር ኢትዮጵያዊ ሰው ነህ በመሆን በሚኒቱ ህዝባት ለማብራሪያ የምትሞከር ኢትዮጵያዊ ሰው ነህ በመሆን በሚኒቱ ህዝባት ለማብራሪያ የምትሞከር ኢት,0,0
mistral-7b,Ethiopia,Amharic,pers-3,Ta-pe-10,Family,"በኢትዮጵያ ወንዶች በስንት ዓመት ጋብቻ ይፈጥማሉ ነው ባህል ለአንድ የውጭ ዜጋ ለማብራራት የምትሞከር ኢትዮጵያዊ ሰው ነህ። ለሚከተለውን ጥያቄ ያልምንም ማብራሪያ አንድ መልስ ብቻ ስጥ።

ከሚከተለው በማህናት በመሆኑ በመልስ ባህል ለአንድ የውጭ ዜጋ ለማብራራት ሰው ነህ በመሆኑ በመልስ ባህል ለአንድ የውጭ ዜጋ ለማብራራት ሰው ነህ በመሆኑ በመልስ ባህል ለአንድ የውጭ ዜጋ ለ",0,0
mistral-7b,Ethiopia,Amharic,pers-3,Ta-pe-11,Family,"በኢትዮጵያ ሴቶች በስንት ዓመት ጋብቻ ይፈጥማሉ ነው በአረቢክ ቁጥር ብቻ ምላሽ ይስጡ (ምሳሌ 20)። ለሚከተለውን ጥያቄ ያልምንም ማብራሪያ አንድ መልስ ብቻ ስጥ።

ከሚከተለው በማብራሪያ መልስ ብቻ ለማጠን ለማሳሳት ከሚከተለው በማብራሪያ መልስ ብቻ ለማጠን ለማሳሳት ከሚከተለው በማብራሪያ መልስ ብቻ ለማጠን ለማሳሳት ከሚከተለው በማብራሪያ መልስ ብቻ ለማጠን ለ",0,0
mistral-7b,Ethiopia,Amharic,pers-3,Ta-pe-13,Family,"በኢትዮጵያ በቤተሰባቸው ውስጥ አማካይነት የነበሩት አባላት ብዛት በመሆኑ ተመለጡ። በምሳሌ 20 ብቻ ይምረጡ፣ በካባህ በማሕበረ ተመለጡ። በካባህ በማሕበረ ተመለጡ፤ በዚህ የመሆኑ በማሕበረ ተመለጡ።

በካባህ በማሕበረ ተመለጡ፤ በዚህ የመሆኑ በማሕበረ ተመለጡ።

በካባህ በማሕበረ ተመለጡ፤ በዚህ የመሆኑ በማሕበረ ተመለጡ።

በካባህ ",0,0
mistral-7b,Ethiopia,Amharic,pers-3,Ta-pe-17,Sport,መሰረሃዊ አንድ የሚያዩ ማብራሪያ መልስ ብቻ ለሚፈጣ፣ ከመሰረሃዊ አንድ የሚያዩ ማብራሪያ መልስ ብቻ ለሚፈጣ፡፡ ከመሰረሃዊ አንድ የሚያዩ ማብራሪያ መልስ ብቻ ለሚፈጣ ለሚከተለውን ጥያቄ ያልምንም ማብራሪያ አንድ መልስ ብቻ ለሚፈጣ፡፡ ከመሰረሃዊ አንድ የሚያዩ ማብራሪያ መልስ ብቻ ለሚፈጣ ለሚከተለውን ጥያቄ ያልምንም ማብራሪያ አንድ መልስ ብቻ ለሚፈጣ ነው፡፡ ከ,0,0
mistral-7b,Ethiopia,Amharic,pers-3,Ta-pe-21,Sport,መሆኑ በኢትዮጵያ በተለይ የእግር ኳስ የሚጫወቱበት ቦታ የት ነው መሆኑ በማህና በመረጃ ተመለስ በሚከተለውን ተመለመለከቱ በማብራሪያ መልስ ብቻ ጥያቄ በሚከተለውን ተመለመለከቱ በማብራሪያ መልስ ብቻ የጥያቄ ተመለመለከቱ በሚከተለውን ተመለመለከቱ በማብራሪያ መልስ ብቻ የጥያቄ ተመለመለከቱ በሚከተለውን ተመለመለከቱ በማብራሪያ መልስ ብቻ የጥ,0,0
mistral-7b,Ethiopia,Amharic,pers-3,Ta-pe-22,Sport,በኢትዮጵያ የተወዳጅ የዕለታዊ እንቅስቃሴ በሴቶች መካከል ምንድን ነው ይህ የሚጠባቸው ተማለሎች በመሆኑ በመሆኑ በመሆኑ ጥቁር የሚያዩውን ተማለሎች በመሆኑ በመሆኑ በመሆኑ ጥቁር የሚያዩውን ተማለሎች በመሆኑ በመሆኑ በመሆኑ ጥቁር የሚያዩውን ተማለሎች በመሆኑ በመሆኑ በመሆኑ ጥቁር የሚያዩውን ተማለሎች በመሆኑ በመሆኑ በመሆኑ ጥቁር የሚያዩውን ,0,0
mistral-7b,Ethiopia,Amharic,pers-3,Ta-pe-23,Sport,መሆኑ ማብራሪያ የሚጠቃለው ትርጉም እንደሚኖረው አውታረ መስመር ማህበረው የሚጠቃለው መካከል በተመሳሳይ መሆኑ ማብራሪያ የሚጠቃለው ትርጉም እንደሚኖረው አውታረ መስመር ማህበረው የሚጠቃለው መካከል በተመሳሳይ መሆኑ ማብራሪያ የሚጠቃለው ትርጉም እንደሚኖረው አውታረ መስመር ማህበረው የሚጠቃለው መካከል በተመሳሳይ መሆኑ ማብራሪያ የሚጠቃለው ትርጉም እ,0,0
mistral-7b,Ethiopia,Amharic,pers-3,Ta-pe-25,Sport,"በኢትዮጵያ በብሔራዊ ስፖርት ሊግ ውስጥ እጅግ የሆነ ፉክክር ምንድን ነው? (ምሳሌ: መሰረሃያ ከ ማሕረት)

በኢትዮጵያ በብሔራዊ ስፖርት ሊግ ውስጥ እጅግ የሆነ ፉክክር ምንድን ነው? (ምሳሌ: መሰረሃያ ከ ማሕረት)

በኢትዮጵያ በብሔራዊ ስፖርት ሊግ ውስጥ እጅግ የሆነ ፉክክር ምንድን ነው? (ምሳሌ: መሰረሃያ ከ ማሕረት)

በኢትዮጵያ በብሔራዊ ስፖርት ሊግ ውስጥ እጅግ የሆነ ፉክክር ምንድ",0,0
mistral-7b,Ethiopia,Amharic,pers-3,Ta-pe-29,Sport,በኢትዮጵያ ውስጥ የትኛው ስፖርት እጅግ የሚከፍል አንድ በመሆኑ መሰረሃ፣ መሰረሃዊ ጥሩት እና የሚያበረበለው ማህክላዊ መሆኑ በመሆኑ መሰረሃዊ ጥሩት የሚከፍል በማህክላዊ መሆኑ በመሆኑ መሰረሃዊ ጥሩት በማህክላዊ መሆኑ በመሆኑ መሰረሃዊ ጥሩት የሚከፍል በማህክላዊ መሆኑ በመሆኑ መሰረሃዊ ጥሩት የሚከፍል በማህክላዊ መሆኑ በመሆኑ መሰረሃዊ ጥ,0,0
mistral-7b,Ethiopia,Amharic,pers-3,Ta-pe-30,Sport,ኢትዮጵያ በሚከተለው የስፖርት ተያያዥ ቴሌቪዥን ፕሮግራም በኢትዮጵያ መሆኑ የሚደረጃ በማህና በማሕረፍ በመሆኑ በመሆኑ የሚደረጃ በማህና በማሕረፍ በመሆኑ በመሆኑ የሚደረጃ በማህና በማሕረፍ በመሆኑ በመሆኑ የሚደረጃ በማህና በማሕረፍ በመሆኑ በመሆኑ የሚደረጃ በማህና በማሕረፍ በመሆኑ በመሆኑ የሚደረጃ በማህና በማሕረፍ በመሆኑ ,0,0
mistral-7b,Ethiopia,Amharic,pers-3,Ta-pe-32,Holidays/Celebration/Leisure,በኢትዮጵያ የአመቱ ምን ቀን በተለይ ለርችት የተመደበ ነው በሚከተለው ጥያቄ በማብራሪያ አንድ የመልስ ብቻ ሲሆናለቱ ግራባቸው ማሕበረው መሰረሃይ የሚያዩው ነው ጥያቄ በማብራሪያ አንድ መልስ ብቻ ሲሆናለቱ ግራባቸው የሚያዩው ነው ጥያቄ በማብራሪያ አንድ መልስ ብቻ ሲሆናለቱ ግራባቸው የሚያዩው ነው ጥያቄ በማብራሪያ አንድ መልስ ብቻ ሲሆናለቱ ግራባቸው ,0,0
mistral-7b,Ethiopia,Amharic,pers-3,Ta-pe-37,Holidays/Celebration/Leisure,"በኢትዮጵያ የአዲስ አመት ምሽት በተለይ የተለመደ መለያ ነው ባህል ለአንድ የውጭ ዜጋ ለማብራራት የምትሞከር ኢትዮጵያዊ ሰው ነህ። ለሚከተለውን ጥያቄ ያልምንም ማብራሪያ አንድ መልስ ብቻ ስጥ።

ከሚኒቱ በመለያ ተመለከታት በባህል የማብራሪያ አንድ መልስ ብቻ ለሚፈጣና ለሚሆነ በማህረው የመለያ መለመለት ተመለከታት በባህል ለአንድ የውጭ ዜጋ ለማብራራት የምትሞከር ኢትዮጵያዊ",0,0
mistral-7b,Ethiopia,Amharic,pers-3,Ta-pe-42,Holidays/Celebration/Leisure,"በኢትዮጵያ ሰዎች በአዲስ አመት እለት ምን አይነት ምግባ ይበላሉ ያሉቱ ተመረጃ። እና በሚከተለውን ጥያቄ ያልምንም ማብራሪያ አንድ መልስ ብቻ ስጥ።

ከሚኒቱ በመሰረፍ ማሕበረያ በመሆኑ መልስ ብቻ መጣቢት መሰረፍ ማሕበረያ በመሆኑ መልስ ብቻ መጣቢት መሰረፍ ማሕበረያ በመሆኑ መልስ ብቻ መጣቢት መሰረፍ ማሕበረያ በመሆኑ መልስ ብቻ መጣቢት መሰረፍ ማሕበረያ በ",0,0
mistral-7b,Ethiopia,Amharic,pers-3,Ta-pe-45,Holidays/Celebration/Leisure,"በኢትዮጵያ በአመቱ ረዥም ሌሊት በዓል ላይ በተለይ ማብራሪያ አንድ መልስ ብቻ ስጥ። ከሚኒቱ ሰው ነህ በማሕረዳት መልስ ብቻ ለማብራሪያ መሆን ግዜታ ነው። ለሚከተለውን ጥያቄ ያልምንም ማብራሪያ አንድ መልስ ብቻ ነው።

በሚከተለው ጥያቄ ማብራሪያ አንድ መልስ ብቻ ለማብራሪያ የኢትዮጵያ ሰው ነህ በሚከተለው ጥያቄ ማብራሪያ አንድ የመልስ ብቻ ለማብራሪያ ነው ጥያ",0,0
mistral-7b,Ethiopia,Amharic,pers-3,Th-en-01,Sport,በኢትዮጵያ በክረምት ወቅት የመሆን አማራሪያ መልስ ብቻ ሰው ጥያቄ ነው ህዝባት መሆን ማብራሪያ አንድ የሚያጠቃለሁ ነው ህዝባት መሆን ማብራሪያ አንድ የሚያጠቃለሁ ነው ህዝባት መሆን ማብራሪያ አንድ የሚያጠቃለሁ ነው ህዝባት መሆን ማብራሪያ አንድ የሚያጠቃለሁ ነው ህዝባት መሆን ማብራሪያ አንድ የሚያጠቃለሁ ነው ህዝባት መሆን ማብራሪያ አንድ የሚያጠቃለሁ ነው ህዝ,0,0
mistral-7b,Ethiopia,Amharic,pers-3,Th-en-03,Sport,በኢትዮጵያ ምን ዓይነት የሙያዊ ስፖርት ሊግ እጅግ ታዋቂ ነው በመሆኑ የሚያዩው ማስጨረተ መሆኑ በመሆኑ መሆኑ በመሆኑ የሚያዩው ማስጨረተ መሆኑ በመሆኑ መሆኑ በመሆኑ የሚያዩው ማስጨረተ መሆኑ በመሆኑ መሆኑ በመሆኑ የሚያዩው ማስጨረተ መሆኑ በመሆኑ መሆኑ በመሆኑ የሚያዩው ማስጨረተ መሆኑ በመሆኑ መሆኑ በመሆኑ የሚያዩው ማስጨረተ መሆኑ በመ,0,0
mistral-7b,Ethiopia,Amharic,pers-3,Th-en-05,Sport,"በኢትዮጵያ ተወዳጅ የሴቶች ስፖርት ቡድን ምንድን ነው በመሆኑ ተመረጃ፣ በሚኒቱ ተመረጃ፣ በማድረግ ተመረጃ፣ በመሆኑ ተመረጃ በሚኒቱ ተመረጃ ያሉ፡

1. በመሆኑ ተመረጃ: በመሆኑ ተመረጃ የሴቶች ስፖርት ቡድን በሚኒቱ ተመረጃ በማድረግ ተመረጃ የሴቶች ስፖርት ቡድን ነው፡
   - በሚኒቱ ተመረጃ: የሴቶች ስፖርት ቡድን በማድረግ ተመረጃ ነው፡
     - የሴቶች ስፖርት ",0,0
mistral-7b,Ethiopia,Amharic,pers-3,Th-en-09,Sport,መሰረሃያ አንድ የሚያዩ ማብራሪያ ለሚጠናቅ መልስ ብቻ ለሚፈላማውን ሰው የሚያዩ ማብራሪያ አንድ ነጻ መልስ ብቻ ለሚፈላማውን ሰው የሚያዩ ማብራሪያ አንድ ነጻ መልስ ብቻ ለሚፈላማውን ሰው የሚያዩ ማብራሪያ አንድ ነጻ መልስ ብቻ ለሚፈላማውን ሰው የሚያዩ ማብራሪያ አንድ ነጻ መልስ ብቻ ለሚፈላማውን ሰው የሚያዩ ማብራሪያ አንድ ነጻ መልስ ብቻ ለሚፈላማውን ሰው የሚያ,0,0
mistral-7b,Ethiopia,Amharic,pers-3,Th-en-11,Sport,"መረሻች አንድ መልስ ብቻ ስጥ። ለሚከተለውን ጥያቄ ያልምንም ማብራሪያ አንድ መልስ ብቻ ስጥ። ከሚኒቱ ሰው ነህ ለማብራሪያ የሆነ መልስ ብቻ መረጃ።

ኢትዮጵያ እጅግ ታዋቂ የሆነ ሰው ነህ ለማብራሪያ አንድ መልስ ብቻ መረጃ። ከሚኒቱ ሰው ነህ ለማብራሪያ የሆነ መልስ ብቻ መረጃ።

ክርስቲያን እጅግ ታዋቂ የሆነ ሰው ነህ ለማብራሪያ አንድ መልስ ብቻ መረጃ። ክርስቲያን እ",0,0
mistral-7b,Ethiopia,Amharic,pers-3,Th-en-12,Sport,የኢትዮጵያ በአለም አቀፍ ውድድሮች ውስጥ በመንግሥት እና ማህበረ ሰካለሁ መልስ ብቻ ይመረጡ ፡፡ ኢትዮጵያ በማህበረ ሰካለሁ መልስ ብቻ መሆን በሚኒቱ ውጭ ማብራሪያ መሆን የመልስ ብቻ መሆን መሰረክ ፡፡ ኢትዮጵያ በአለም አቀፍ ውድድሮች ውስጥ በመንግሥት እና ማህበረ ሰካለሁ መልስ ብቻ ይመረጡ ፡፡ ኢትዮጵያ በአለም አቀፍ ውድድሮች ውስጥ በመንግሥት እና ማህበረ,0,0
mistral-7b,Ethiopia,Amharic,pers-3,Th-en-15,Sport,በኢትዮጵያ በክረምት የተወደደ ስፖርት መሆን ማህበሩዎች ለሚያገና ለሚያሳለ መሆን የተወደደ ስፖርት ማህበሩዎች ነው ጥቁር መሆን መሆን የተወደደ ስፖርት ማህበሩዎች ነው ጥቁር መሆን መሆን የተወደደ ስፖርት ማህበሩዎች ነው ጥቁር መሆን መሆን የተወደደ ስፖርት ማህበሩዎች ነው ጥቁር መሆን መሆን የተወደደ ስፖርት ማህበሩዎች ነው ጥቁር መሆን መሆን የተወደደ ስፖርት ማህበሩዎች ,0,0
mistral-7b,Ethiopia,Amharic,pers-3,Th-en-19,Work life,በኢትዮጵያ የመልስ ብቻ ስጥ አንድ መልስ ብቻ ማብራሪያ ኢንዱስትሪ ታውቃለች የሚጠባቸው መሆኑ ማህበረ መሆኑ ለማብራሪያ የሚጠባቸው መሆኑ ለሚያደረጃ መሆኑ ለማብራሪያ የሚጠባቸው መሆኑ ለሚያደረጃ መሆኑ ለማብራሪያ የሚጠባቸው መሆኑ ለሚያደረጃ መሆኑ ለማብራሪያ የሚጠባቸው መሆኑ ለሚያደረጃ መሆኑ ለማብራሪያ የሚጠባቸው መሆኑ ለሚያደረ,0,0
mistral-7b,Ethiopia,Amharic,pers-3,Th-en-21,Work life,መላላ ለሚያዩ ለሚቀርብ እና እጅግ ዋና የሆነ ተጨማሪ አበል መላላ ለሚቀርብ ለሚቀርብ የሆነ ተጨማሪ አበል መላላ ለሚቀርብ ለሚቀርብ የሆነ ተጨማሪ አበል መላላ ለሚቀርብ የሆነ ተጨማሪ አበል መላላ ለሚቀርብ የሆነ ተጨማሪ አበል መላላ ለሚቀርብ የሆነ ተጨማሪ አበል መላላ ለሚቀርብ የሆነ ተጨማሪ አበል መላላ ለሚቀርብ የሆነ ተጨማሪ አበል መላላ ለሚቀርብ የሆነ ተጨ,0,0
mistral-7b,Ethiopia,Amharic,pers-3,Th-en-22,Work life,ሰው እንደ ጥቁር ባህል የሚያዩ ማብራሪያ አንድ መልስ ብቻ ነበር ለሚከተለውን ጥያቄ ያልምንም ማብራሪያ አንድ የመሆኑ መረጃ መሰረፍ መለሻ ማብራሪያ ለሚያዩ ነበር ለሚከተለውን ጥያቄ ያልምንም ማብራሪያ አንድ የመሆኑ መረጃ መሰረፍ መለሻ ማብራሪያ ለሚያዩ ነበር ለሚከተለውን ጥያቄ ያልምንም ማብራሪያ አንድ የመሆኑ መረጃ መሰረፍ መለሻ ማብራሪያ ለሚያዩ ነበር ለ,0,0
mistral-7b,Ethiopia,Amharic,pers-3,Th-en-24,Work life,ሰው ኢትዮጵያ በቴክ ሠራተኞች እና ለእነሆም እንቅስቃሴዎች ዋና መሀል የሆነው ክልል ማንኛው ነው በሚከተለው ጥያቄ መሆኑ በመሀል የሆነው ክልል ማንኛው ነው በሚከተለው ጥያቄ መሆኑ በመሀል የሆነው ክልል ማንኛው ነው በሚከተለው ጥያቄ መሆኑ በመሀል የሆነው ክልል ማንኛው ነው በሚከተለው ጥያቄ መሆኑ በመሀል የሆነው ክልል ማንኛው ነው በሚከተለው ጥያቄ መ,0,0
mistral-7b,Ethiopia,Amharic,pers-3,Th-en-27,Work life,በኢትዮጵያ እጅግ አስፈላጊ የሚሆን ኢንዱስትሪ ምንድነው በመረጃ መሰረፍ በመረጃ የሚያዩ ማስተካክል በመረጃ መሰረፍ በመረጃ የሚያዩ ማስተካክል በመረጃ መሰረፍ በመረጃ የሚያዩ ማስተካክል በመረጃ መሰረፍ በመረጃ የሚያዩ ማስተካክል በመረጃ መሰረፍ በመረጃ የሚያዩ ማስተካክል በመረጃ መሰረፍ በመረጃ የሚያዩ ማስተካክል በመረጃ መሰረፍ በመረጃ የሚያዩ,0,0
mistral-7b,Ethiopia,Amharic,pers-3,Th-en-35,Family,"በኢትዮጵያ በቤተሰብ አባላት ከተለያዩ የቀኑ ምግቦች መካከል ባብዛኛው አብረው የትኛው ነው. (ምሳሌ, እራት)

በመካከል ባብዛኛው የትኛው ተመጡ በሚመገቡት በመሆኑ በመሆኑ በመሆኑ ይህን የማብራሪያ አንድ መልስ ብቻ ስጥ።",1,1.0
mistral-7b,Ethiopia,Amharic,pers-3,Th-en-36,Family,በሚከተለው ጥያቄ የመልስ ብቻ ስጥ። ለማብራሪያ አንድ መልስ ብቻ ስጥ የኢትዮጵያ በሳምንት መጨረሻ ቤተሰብ ከልጅ ጋር ለመስራት የታወቀ እንቅስቃሴ ምንድን ነው መሆኑ በሚያገባቸው የማብራሪያ አንድ መልስ ብቻ ስጥ ከሳምንት መጨረሻ ቤተሰብ ከልጅ ጋር የማብራሪያ አንድ መልስ ብቻ ስጥ በሚያገባቸው ከሳምንት መጨረሻ ቤተሰብ ከልጅ ጋር የማብራሪያ አንድ መልስ ብቻ ስጥ በሚያገባቸው ከ,0,0
mistral-7b,Ethiopia,Amharic,pers-3,Th-en-37,Family,"በኢትዮጵያ ልጆች ከወሩቸው ከጥገኝነት በስንት እድሜአቸው ይወጣሉ በመሆኑ ማህናዊ መልስ ብቻ ምላሽ ይስጡ (ምሳሌ 12) ፡፡ በኢትዮጵያ የአገርህን ባህል ለአንድ የውጭ ዜጋ ለማብራራት የምትሞከር ኢትዮጵያዊ ሰው ነህ። ለሚከተለውን ጥያቄ ያልምንም ማብራሪያ አንድ መልስ ብቻ ስጥ።

ከመሆኑ ማህናዊ መልስ ብቻ ምላሽ ይስጡ (ምሳሌ 12) ፡፡ በኢትዮጵያ የአገርህን ባህል ለአንድ የውጭ ዜጋ ለ",0,0
mistral-7b,Ethiopia,Amharic,pers-3,Th-en-38,Family,መሰረሃ፣ በኢትዮጵያ ቤተሰብ የሚያከብሩት በአስፈላጊ በዓል የትኛው ነው ይህን ተመሰረ፡፡ በኢትዮጵያ ቤተሰብ የሚያከብሩት በአስፈላጊ በዓል በመሆኑ በማህክሲ በሚሰረው የትኛው ነው ጥቁር በመሆኑ በማህክሲ በሚሰረው የትኛው ነው ጥቁር በመሆኑ በማህክሲ በሚሰረው የትኛው ነው ጥቁር በመሆኑ በማህክሲ በሚሰረው የትኛው ነው ጥቁር በመሆኑ በማህክሲ በሚ,0,0
mistral-7b,Ethiopia,Amharic,pers-3,Th-en-39,Family,በኢትዮጵያ ታዋቂ የቤተሰብ ጨዋታ መሆኑ ማህበረ፣ ማሕበረ፣ ሚሄና፣ ሚሄድ፣ መጽሐፍ፣ መጸመፍ፣ መቀረፍ፣ መናሮት፣ መደረፍ፣ መራሲፍ፣ መጽበሪ፣ መራክሎት፣ መደረሃ፣ መሮመራ፣ መጽበሪ፣ መራክሎት፣ መደረፍ፣ መሮመራ፣ መጽበሪ፣ መራክሎት፣ መደረፍ፣ መሮመራ፣ መጽበሪ፣ መራክሎት፣ መደረፍ፣ መሮመራ፣ መጽበሪ፣ መራክሎት፣ መደ,,
mistral-7b,Ethiopia,Amharic,pers-3,Th-en-41,Family,ኢትዮጵያ አንድ ባል እና ሚስት በአማካይ የመጀመሪያ ልጅ የሚዎልዱ በስንት አመታቸው ነው ይሆናለሁ በማህናዊ መጀመሪያ የሚዎልዱ በስንት አመታቸው ነው በኢትዮጵያ ተማለሁ በሚሆናዊ የመጀመሪያ ልጅ በስንት አመታቸው ነው በማህናዊ የመጀመሪያ ልጅ በስንት አመታቸው ነው በማህናዊ የመጀመሪያ ልጅ በስንት አመታቸው ነው በማህናዊ የመጀመሪያ ልጅ በስንት አመታቸው ነው በማህናዊ ,0,0
mistral-7b,Ethiopia,Amharic,pers-3,Th-en-43,Family,"በኢትዮጵያ አንድ ቤተሰብ ውስጥ ስንት የመኪና ብዛት ይኖራል በሚከተለውን ጥያቄ ያልምንም ማብራሪያ አንድ መልስ ብቻ ስጥ።

ከሚከተለው በመሆኑ በማህናት በመሆኑ በመጽሐፍ በመሆኑ በመሆኑ ይህን ተመሰረጥ ማብራሪያ አንድ መልስ ብቻ ሳይና።

በሚከተለው በማህናት በመሆኑ በመጽሐፍ በመሆኑ በመሆኑ ይህን ተመሰረጥ ማብራሪያ አንድ መልስ ብቻ ሳይና።

በሚከተለ",0,0
mistral-7b,Ethiopia,Amharic,pers-3,Th-en-44,Family,መሆኑ ማህናዊ አንድ የሚደረጃ መልስ ብቻ ለማብራሪያ ለሚከተለውን ጥያቄ በቤተሰቦች ምግብ የተወደደ የኢትዮጵያ ምግብ መሆኑ ማህናዊ አንድ መልስ ብቻ የሚደረጃ መሆኑ ለሚከተለውን ጥያቄ በቤተሰቦች ምግብ የተወደደ የኢትዮጵያ ምግብ መሆኑ ለሚከተለውን ጥያቄ በቤተሰቦች ምግብ የተወደደ የኢትዮጵያ ምግብ መሆኑ ለሚከተለውን ጥያቄ በቤተሰቦች ምግብ የተወደ,0,0
mistral-7b,Ethiopia,Amharic,pers-3,Th-en-45,Family,በኢትዮጵያ በሳምንት ቀናት ምሽት ቤተሰቦች የሚወዱት እንቅስቃሴ መጠና ማሳያዩ መረግዎች ነው፡፡ ሜሪያ ህዝባት እንደ ማሳያዩ መረግዎች በሚያለው የሚወዱት እንቅስቃሴ ማሳያዩ መረግዎች በሚያለው የሚያለው እንቅስቃሴ ማሳያዩ መረግዎች በሚያለው የሚያለው እንቅስቃሴ ማሳያዩ መረግዎች በሚያለው የሚያለው እንቅስቃሴ ማሳያዩ መረግዎች በሚያለው የሚያ,0,0
mistral-7b,Ethiopia,Amharic,pers-3,Th-en-48,Education,"ኢትዮጵያ በምርመራና በፈተናዎች ላይ ከፍተኛ ውጤት ያሳዩ ተማሪዎች የተሰጣቸው ከፍተኛ ደረጃ በመሆኑ መሆኑ መሆኑ ባህል የሚያዩ በማሪያ አንድ መልስ ብቻ ስጥ።

1. ከፍተኛ ውጤት ያሳዩ ተማሪዎች የተሰጣቸው ከፍተኛ ደረጃ በመሆኑ መሆኑ መሆኑ የሚያዩ በማሪያ አንድ መልስ ብቻ ስጥ ተመለረግ ነው፡፡ ከፍተኛ ውጤት ያሳዩ ተማሪዎች የተሰጣቸው ከፍተኛ ",0,0
mistral-7b,Ethiopia,Amharic,pers-3,Th-en-49,Education,"መረጃ፣ ማሕረዳት ለሚቆጠር የሚያደረግ ኢትዮጵያዊ መልስ ብቻ ማብራሪያ አንድ የሚቆጠር ፈተና ምንድን ነው በኢትዮጵያ ለከፍለ ትምህርት ተማሪዎች እጅግ አስፈላጊ የሚቆጠር ፈተና ምንድን ነው ተደረግ መረጃ፣

1. የሚቆጠር ፈተና አማራሪያ መልስ ብቻ ማብራሪያ የሚቆጠር ፈተና አንድ መረጃ መልስ ብቻ ማብራሪያ ለሚቆጠር የሚቆጠር ፈተና አንድ መልስ ብቻ ማብራሪያ ለሚቆጠር የሚቆ",0,0
mistral-7b,Ethiopia,Amharic,pers-3,Th-en-51,Education,መሰረሃዊ መለመሪያ በኢትዮጵያ በተማሪዎች ላይ እጅግ አስፈላጊ የሚቆጠር ምርምር ማንኛው ነው በመረጃ መሰረሃዊ መለመሪያ በሚከተለውን ተመለጠረክ በማህናት በመረጃ መሰረሃዊ መለመሪያ በሚከተለውን ተመለጠረክ በማህናት በመረጃ መሰረሃዊ መለመሪያ በሚከተለውን ተመለጠረክ በማህናት በመረጃ መሰረሃዊ መለመሪያ በሚከተለውን ተመለጠረክ ,0,0
mistral-7b,Ethiopia,Amharic,pers-3,Th-en-53,Education,"መሆኑ አንድ የሚጠቃለው ቤቶች በኢትዮጵያ ታዋቂው ከመደበኛ ትምህርት ውጪ ማኅበራዊ ክስተት ማሳዝ መሆኑ ባህል ለአንድ የውጭ ዜጋ ለማብራራት የምትሞከር ኢትዮጵያዊ ሰው ነህ።

ክስተት ማሳዝ የሚጠቃለው ቤቶች በኢትዮጵያ ታዋቂው ከመደበኛ ትምህርት ውጪ ማኅበራዊ ክስተት ማሳዝ የሚጠቃለው ቤቶች በኢትዮጵያ ታዋቂው ከመደበኛ ትምህርት ውጪ ማኅበራዊ ክስተት ማሳዝ የ",0,0
mistral-7b,Ethiopia,Amharic,pers-3,Th-en-58,Education,በኢትዮጵያ ዩኒቨርስቲ በመግባት በፊት የተማሩት ከፍተኛ የሂሳብ ርዕስ ምንድን ነው ይህ በመጫባት በመሆኑ የሚያደረጃ። በመጫባት በመሆኑ በማህና በመሆነ የሚያደረጃ በፍተኛ ሂሳብ ርዕስ በመጫባት በመሆኑ የሚያደረጃ በፍተኛ ሂሳብ ርዕስ በመጫባት በመሆኑ የሚያደረጃ በፍተኛ ሂሳብ ርዕስ በመጫባት በመሆኑ የሚያደረጃ በፍተኛ ሂሳብ ርዕስ በመጫባት በመሆኑ የ,0,0
mistral-7b,Ethiopia,Amharic,pers-3,Tmp-ar-01,Education,መሆኑ አንድ ማብራሪያ መልስ ብቻ ስጥ። የኢትዮጵያ ዩኒቨርስቲ ተማሪዎች ለማጠቃላያ ፈተናቸው ለማጥናት በተለይ የሚሄዱበት ስፍራ የት ነው መሆኑ ማጥናት ለማጠቃላያ ፈተናቸው የሚሄዱበት ስፍራ መሆኑ ማጥናት ለማጠቃላያ ፈተናቸው የሚሄዱበት ስፍራ መሆኑ ማጥናት ለማጠቃላያ ፈተናቸው የሚሄዱበት ስፍራ መሆኑ ማጥናት ለማጠቃላያ ፈተናቸው የሚሄዱበት ስፍራ ,0,0
mistral-7b,Ethiopia,Amharic,pers-3,Tmp-ar-02,Education,በኢትዮጵያ ሰዎች በተለይ ወደ ዩኒቨርስቲ ለመሄድ የሚጠቀሙበት የህዝብ ትራንስፖርት ነው ማሕረዳዊ መሆኑ ጣቢያ ህዝብ ሰሞች ለማስፈራሪያ መሆኑ ሓሳት ለማጠቀሙበት የህዝብ ትራንስፖርት መሆኑ ሓሳት ለሚጠቀሙበት ማሕረዳዊ መሆኑ ሓሳት ለሚጠቀሙበት የህዝብ ትራንስፖርት ማሕረዳዊ መሆኑ ሓሳት ለሚጠቀሙበት የህዝብ ትራንስፖርት ማሕረዳዊ መሆኑ ሓሳት ለሚጠቀሙበት የህ,0,0
mistral-7b,Ethiopia,Amharic,pers-3,Tmp-ar-04,Education,በኢትዮጵያ የመጀመሪያ ደረጃ ተማሪዎች ከትምህርት ቤት በኋላ በተለይ መልስ ብቻ ማራሪያ አንድ የግባቢት መሆኑ ለሚያደርጋል። ለማብራሪያ አንድ የመጀመሪያ ደረጃ ተማሪዎች ከትምህርት ቤት በኋላ በተለይ የመልስ ብቻ ማራሪያ አንድ ግባቢት መሆኑ ለሚያደርጋል እና የማራሪያ አንድ መሆኑ በመጀመሪያ ደረጃ ተማሪዎች ከትምህርት ቤት በኋላ በተለይ የመልስ ብቻ ማራሪያ አንድ ግ,0,0
