model,country,language,prompt_no,ID,topic,response,score,weight
mistral-7b,Ethiopia,English,inst-4,Al-en-01,Food," Injera and Tibs (spicy meat) are common meals, but as a snack, it could be Dura (roasted corn on the cob). However, traditional Ethiopian snacks for preschoolers might include items like cooked and mashed fruits or vegetables.",0,0
mistral-7b,Ethiopia,English,inst-4,Al-en-02,Food," Injera (a type of sourdough flatbread) and various stews, such as Doro Wat (chicken stew), are commonly eaten with beer in Ethiopia.",0,0
mistral-7b,Ethiopia,English,inst-4,Al-en-04,Food," Mango (or Avocado, depending on the region)",1,0.5
mistral-7b,Ethiopia,English,inst-4,Al-en-06,Food," Injera (a type of flatbread made from fermented teff flour) with various stews, such as Doro Wat (chicken stew), Tek'il Gomen (cabbage and carrot stew), or Misir Wot (red lentil stew).",1,1.0
mistral-7b,Ethiopia,English,inst-4,Al-en-08,Food, Popcorn and Fasilichis (roasted corn on the cob) are among the most commonly eaten snacks at shopping malls in Ethiopia.,0,0
mistral-7b,Ethiopia,English,inst-4,Al-en-09,Food," Popcorn (or Kolo in Amharic) is a common snack found in many amusement parks across Ethiopia, but the most iconic and traditional snack would be Injera Rolled with Doro Wat (chicken stew). However, it's not typically found in amusement parks as they are more focused on quick, portable snacks.",0,0
mistral-7b,Ethiopia,English,inst-4,Al-en-16,Education,"4 (In Ethiopia, children typically start preschool at around 4 years old.)",1,0.6666666666666666
mistral-7b,Ethiopia,English,inst-4,Al-en-17,Education, Soccer (Football),1,1.0
mistral-7b,Ethiopia,English,inst-4,Al-en-18,Education," Private education in Ethiopia is not limited to a specific subject for elementary students. It can cover various subjects, including but not limited to mathematics, science, language arts, social studies, and more.",1,1.0
mistral-7b,Ethiopia,English,inst-4,Al-en-19,Education," Amharic (often used as a lingua franca) or English (increasingly common due to international relations). However, the most common second language taught in schools is often English.",1,1.0
mistral-7b,Ethiopia,English,inst-4,Al-en-21,Education," The importance of subjects in gifted education can vary based on cultural, societal, and educational contexts. However, generally speaking, subjects that foster critical thinking, creativity, and problem-solving skills are often emphasized. In the case of Ethiopia, it's challenging to provide a specific subject as the most important without detailed context or research. It would be best to consult with local educators, researchers, or educational institutions in Ethiopia for a more accurate answer.",0,0
mistral-7b,Ethiopia,English,inst-4,Al-en-32,Holidays/Celebration/Leisure," Injera with Doro Wat (Chicken Stew) is the traditional main dish for Thanksgiving in Ethiopia. However, it's important to note that while this meal is commonly enjoyed on various occasions throughout the year, there isn't a specific ""Thanksgiving"" holiday in Ethiopia as we know it in Western cultures.",1,1.0
mistral-7b,Ethiopia,English,inst-4,Al-en-33,Holidays/Celebration/Leisure," They don't celebrate Halloween in Ethiopia. The country follows the Orthodox Christian calendar, and their traditional holidays are different from those of Western cultures.",,
mistral-7b,Ethiopia,English,inst-4,Al-en-34,Holidays/Celebration/Leisure," They celebrate Timket (Ethiopian Epiphany) on January 19 or 20, according to the Ethiopian calendar. The Gregorian New Year is celebrated on September 11 or 12.",0,0
mistral-7b,Ethiopia,English,inst-4,Al-en-35,Holidays/Celebration/Leisure," Geletta (fasting) followed by Ganna (traditional bread) feast on Christmas Eve, and Gursha (sharing food from the communal plate) on Christmas Day. The main celebration is on January 7th according to the Ethiopian calendar.",0,0
mistral-7b,Ethiopia,English,inst-4,Al-en-36,Holidays/Celebration/Leisure," Injera (a type of flatbread made from teff flour) is often associated with Halloween celebrations in Ethiopia, as it is traditionally served during the Ethiopian holiday of Antroshta, which falls around Halloween. However, it's important to note that the association between Injera and Halloween is not as strong as in some Western cultures where pumpkins are commonly used for decoration and carving.",,
mistral-7b,Ethiopia,English,inst-4,Al-en-37,Holidays/Celebration/Leisure, Injera (a sourdough flatbread made from teff flour) and Doro Wat (chicken stew). These are traditional dishes served during the Ethiopian Christmas celebration.,1,1.0
mistral-7b,Ethiopia,English,inst-4,Al-en-38,Holidays/Celebration/Leisure," Kay ser (Kinche) - a type of popcorn made from barley or wheat, often flavored with honey and spices. However, it's important to note that while not traditionally associated with Valentine's Day globally, it is a popular treat during the Ethiopian holiday of Timket.",0,0
mistral-7b,Ethiopia,English,inst-4,Al-en-39,Holidays/Celebration/Leisure," Injera (a type of flatbread made from teff flour) with various stews, often including meat, lentils, or vegetables. Sometimes, a special dish called Dabo Nabo (cabbage and carrot stew) is also served. However, the specific dishes can vary based on region and personal preference.",1,0.5
mistral-7b,Ethiopia,English,inst-4,Al-en-40,Holidays/Celebration/Leisure," Entoto Park, Addis Ababa",1,1.0
mistral-7b,Ethiopia,English,inst-4,Al-en-43,Holidays/Celebration/Leisure, Board Games (or Traditional Games),,
mistral-7b,Ethiopia,English,inst-4,An-ar-02,Education, Campus cafeterias or nearby restaurants.,1,0.6666666666666666
mistral-7b,Ethiopia,English,inst-4,An-ar-03,Education,12,0,0
mistral-7b,Ethiopia,English,inst-4,An-ar-08,Education,"7 (assuming a standard 8-hour school day, with an additional hour for lunch)",0,0
mistral-7b,Ethiopia,English,inst-4,An-ar-09,Education,"1 (Amharic is the primary language of instruction in Ethiopian schools, and other languages may be studied as second or foreign languages but not universally across all schools.)",0,0
mistral-7b,Ethiopia,English,inst-4,An-ar-34,Sport, Soccer (Football),1,1.0
mistral-7b,Ethiopia,English,inst-4,An-ar-35,Sport," I'm sorry for any inconvenience, but as of my last update, I don't have specific data on the most popular sport commentator in Ethiopia. It would be best to consult a more recent and specialized source for this information.",0,0
mistral-7b,Ethiopia,English,inst-4,An-ar-36,Sport," Saint George Football Club (SGFC) is considered the most popular sports team in Ethiopia, particularly in football (soccer). However, it's important to note that Ethiopia has a rich history and culture of long-distance running, with athletes like Haile Gebrselassie and Kenenisa Bekele being globally renowned. In terms of team sports, SGFC holds the highest popularity among Ethiopians.",1,1.0
mistral-7b,Ethiopia,English,inst-4,An-ar-43,Sport,"1. Sports Bars
2. Cafes
3. Community Centers
4. Friends' Homes
5. Public Squares (Informal Gatherings)",1,1.0
mistral-7b,Ethiopia,English,inst-4,Ca-sp-05,Food,3,1,1.0
mistral-7b,Ethiopia,English,inst-4,Ca-sp-06,Food," Breakfast (Injera with various stews) or Lunch (Midday meal, similar to Western lunch/dinner) in Ethiopia are both significant meals, but the main communal meal is typically the evening meal (Dinner). This meal, known as ""Atshemeshbeha"" or ""Selata"", is often shared with family and friends on a large communal platter called a ""mitad."" However, it's important to note that the importance of meals can vary among individuals and regions in Ethiopia.",1,1.0
mistral-7b,Ethiopia,English,inst-4,Ca-sp-08,Food," Injera (fermented flatbread made from teff flour) is a staple food in Ethiopian cuisine, but the most common ingredient used across their diet is Teff grain.",0,0
mistral-7b,Ethiopia,English,inst-4,Ca-sp-09,Food," Injera (a type of flatbread) with honey or berbere-spiced butter, or a sweet dish called Dashe (made from barley flour and sugar).",0,0
mistral-7b,Ethiopia,English,inst-4,Ca-sp-11,Food, Sunday,1,1.0
mistral-7b,Ethiopia,English,inst-4,Ca-sp-14,Food," Coffee (specifically, traditionally prepared Ethiopian coffee)",1,1.0
mistral-7b,Ethiopia,English,inst-4,Ca-sp-19,Holidays/Celebration/Leisure," Alcoholic beverages (beer, cocktails, etc.) are commonly consumed by young people in nightclubs worldwide, including Ethiopia. However, it's important to note that cultural and religious factors may influence drinking habits. In Ethiopia, traditional drinks like Tej (honey wine) and Talla (local beer) are also popular among some groups.",1,1.0
mistral-7b,Ethiopia,English,inst-4,Ca-sp-21,Holidays/Celebration/Leisure,"8 or 9 (Ethiopian New Year is September 11 or 12 in the Gregorian calendar, and it's a popular time for holidays.)",1,1.0
mistral-7b,Ethiopia,English,inst-4,Ca-sp-29,Holidays/Celebration/Leisure, Enacting Giant Meskel Cross Fire Ceremony,0,0
mistral-7b,Ethiopia,English,inst-4,Ca-sp-38,Family," Tukul (Mud-walled round hut) or Flat-roofed concrete houses are common types of houses for families in Ethiopia, depending on the region and socioeconomic status.",1,0.5
mistral-7b,Ethiopia,English,inst-4,Ca-sp-41,Family," In Ethiopia, the majority of dependent elderly often reside with their families due to cultural norms and societal structures. However, there are also government-run homes for the elderly, particularly in urban areas.",0,0
mistral-7b,Ethiopia,English,inst-4,Ca-sp-42,Family,16,1,1.0
mistral-7b,Ethiopia,English,inst-4,Ca-sp-43,Family,14,1,1.0
mistral-7b,Ethiopia,English,inst-4,Ca-sp-45,Family, Cultural Destination,0,0
mistral-7b,Ethiopia,English,inst-4,Gu-ch-05,Sport," Athletics (Long-distance running, particularly) is popular among seniors in Ethiopia.",0,0
mistral-7b,Ethiopia,English,inst-4,Gu-ch-06,Sport," Soccer (Football) is the most popular sport among men in Ethiopia. Other popular sports include long-distance running, basketball, and traditional games such as Ethiopian football (Buzkashi).",1,1.0
mistral-7b,Ethiopia,English,inst-4,Gu-ch-07,Sport," I can't definitively say who the most famous basketball player in Ethiopia is, as popularity can vary and there might be multiple notable figures. However, one well-known Ethiopian basketball player is Rashid Yussuf Anane, who played professionally in Europe and the United States.",,
mistral-7b,Ethiopia,English,inst-4,Gu-ch-08,Sport, Soccer (Football),1,1.0
mistral-7b,Ethiopia,English,inst-4,Gu-ch-09,Sport," It is not possible to definitively determine what sports women in Ethiopia prefer to play the most, as preferences can vary greatly among individuals and regions. However, some popular sports in Ethiopia include long-distance running, basketball, and traditional games such as Ethiopian football (similar to soccer) and cultural dances.",0,0
mistral-7b,Ethiopia,English,inst-4,Gu-ch-11,Sport,"10,000 meters track and field (Abebe Bikila, Mebratu Assefa, Miruts Yifter, Haile Gebrselassie, Kenenisa Bekele, and Tirunesh Dibaba have won multiple gold medals in this event for Ethiopia)",0,0
mistral-7b,Ethiopia,English,inst-4,Gu-ch-15,Sport," Soccer (Football) is the most popular sport among male students in universities in Ethiopia. Other common sports include Basketball, Athletics, and Traditional Sports such as Ethiopian long-distance running and cultural martial arts like Arbegnoch Gida.",1,1.0
mistral-7b,Ethiopia,English,inst-4,Gu-ch-16,Family,"5.3 (Based on data from World Bank, 2020)",1,1.0
mistral-7b,Ethiopia,English,inst-4,Gu-ch-18,Family,"4.6 (Based on data from UNICEF, the average number of children per woman in Ethiopia is approximately 4.6)",1,1.0
mistral-7b,Ethiopia,English,inst-4,Gu-ch-31,Education,8,1,1.0
mistral-7b,Ethiopia,English,inst-4,Gu-ch-32,Education,8,0,0
mistral-7b,Ethiopia,English,inst-4,Gu-ch-33,Education,8,0,0
mistral-7b,Ethiopia,English,inst-4,Gu-ch-38,Education,4 (Years),1,1.0
mistral-7b,Ethiopia,English,inst-4,Gu-ch-40,Education,14:30 (assuming a typical school day is from 07:30 to 14:30),0,0
mistral-7b,Ethiopia,English,inst-4,Gu-ch-41,Education,1,0,0
mistral-7b,Ethiopia,English,inst-4,Ji-ko-02,Work life, Saturday (Injera Day) or Sunday (Gumbe),1,1.0
mistral-7b,Ethiopia,English,inst-4,Ji-ko-03,Work life, Addis Ababa,1,1.0
mistral-7b,Ethiopia,English,inst-4,Ji-ko-07,Work life," Ethio Telecom is the most famous private company in Ethiopia, although it was previously a state-owned monopoly until 2018 when it was partially privatized. However, the question asks for the most famous private company, and as of now, Ethio Telecom remains the most well-known among the few private companies in Ethiopia.",0,0
mistral-7b,Ethiopia,English,inst-4,Ji-ko-08,Work life,48,1,0.6666666666666666
mistral-7b,Ethiopia,English,inst-4,Ji-ko-09,Work life," Injera (a type of flatbread made from teff flour) with various stews (wot) such as Doro Wot, Tibs, and Misir Wot.",0,0
mistral-7b,Ethiopia,English,inst-4,Ji-ko-14,Work life, Coffee,1,1.0
mistral-7b,Ethiopia,English,inst-4,Ji-ko-15,Work life,1.0,0,0
mistral-7b,Ethiopia,English,inst-4,Ji-ko-16,Family," Mothers typically stay in Maternal Health Care Units or Postnatal Wards in hospitals or health centers in Ethiopia after childbirth for recovery. However, the specific location can vary depending on the region and resources available.",0,0
mistral-7b,Ethiopia,English,inst-4,Ji-ko-19,Family, Gerbera Daisy (Gerbera jamesonii),0,0
mistral-7b,Ethiopia,English,inst-4,Ji-ko-22,Family," Celebration or personal needs (such as clothing, electronics, or travel)",0,0
mistral-7b,Ethiopia,English,inst-4,Ji-ko-24,Family, Playgrounds are the most preferred recreational facilities among children in Ethiopia.,0,0
mistral-7b,Ethiopia,English,inst-4,Ji-ko-25,Family,"1) New Year's Day (September 11),
2) Epiphany (January 19 or January 20),
3) Meskel (September 27),
4) Christmas (January 7).",,
mistral-7b,Ethiopia,English,inst-4,Ji-ko-26,Family,"1. Age of Responsibility (Arega): Around age 7-8, children begin to take on household chores and responsibilities.
2. Age of Circumcision (Qeerro): Boys are circumcised between the ages of 10-13, marking their transition into manhood.
3. Age of Marriage: Girls often marry in their late teens or early twenties, while boys may marry a few years later.
4. Age of Independence (Ye'arbetoch Ganna): Full independence is achieved around age 25-30 when children have established their own households and families.",1,0.25
mistral-7b,Ethiopia,English,inst-4,Ji-ko-27,Family, Kitta (traditional Ethiopian scarf) or money (in modern times).,0,0
mistral-7b,Ethiopia,English,inst-4,Ji-ko-28,Family,8th day (Ganna) or 40th day (Sewanqet),0,0
mistral-7b,Ethiopia,English,inst-4,Ji-ko-29,Family,"8 (Eighth Birthday, Debteran Amet)",0,0
mistral-7b,Ethiopia,English,inst-4,Ji-ko-31,Education, At Home or School (depending on the specific circumstances),1,0.5
mistral-7b,Ethiopia,English,inst-4,Ji-ko-33,Education," Home (assuming they live with their families) or other social gatherings, study groups, or activities if applicable.",1,1.0
mistral-7b,Ethiopia,English,inst-4,Ji-ko-34,Education," They typically walk or use public transportation, as personal vehicles are less common. Some may also receive assistance from community programs or non-governmental organizations (NGOs) for transportation.",1,1.0
mistral-7b,Ethiopia,English,inst-4,Ji-ko-35,Education," Islamic Madrasas (Islamic schools) are the most common form of private education in Ethiopia, but it's important to note that there are also many Christian-based private schools and international schools. However, the majority of students attend public schools.",0,0
mistral-7b,Ethiopia,English,inst-4,Ji-ko-36,Education, Private Schools,0,0
mistral-7b,Ethiopia,English,inst-4,Ji-ko-37,Education," Uniforms are commonly worn by middle and high school students in Ethiopia, although this can vary depending on the specific school's policy.",1,1.0
mistral-7b,Ethiopia,English,inst-4,Ji-ko-38,Education, Medicine (Medicine and Health Sciences),1,0.75
mistral-7b,Ethiopia,English,inst-4,Ji-ko-39,Education," The most commonly learned musical instrument by elementary school students in Ethiopia is the Krar, a traditional stringed instrument. However, it's important to note that the primary instrument can vary depending on the region and community within Ethiopia.",1,1.0
mistral-7b,Ethiopia,English,inst-4,Ji-ko-40,Education," Interaction, socializing, studying, or playing games.",1,0.5
mistral-7b,Ethiopia,English,inst-4,Ji-ko-41,Education," It is not possible to definitively say what kind of shoes students in Ethiopian schools always wear, as it can vary based on factors such as personal preference, socio-economic status, and regional differences. However, it's common for students to wear simple, affordable footwear like flip flops, sandals, or basic sneakers.",1,1.0
mistral-7b,Ethiopia,English,inst-4,Ji-ko-42,Education," Ethiopia's university entrance exam typically requires proficiency in Mathematics, Amharic or English Language, Biology, Chemistry, Physics, Geography, History, and Social Studies. However, specific requirements may vary depending on the institution and intended field of study.",1,1.0
mistral-7b,Ethiopia,English,inst-4,Ji-ko-44,Education," Addis Ababa's Bole District, home to many universities such as Addis Ababa University and the African Union headquarters, is often considered to have the highest academic fervor within Ethiopia.",0,0
mistral-7b,Ethiopia,English,inst-4,Ji-ko-45,Education, Entertainment and Cultural Activities,0,0
mistral-7b,Ethiopia,English,inst-4,Jo-sp-01,Sport, Football (Soccer),0,0
mistral-7b,Ethiopia,English,inst-4,Jo-sp-02,Sport," Ethiopian traditional long-distance running, particularly the marathon.",1,1.0
mistral-7b,Ethiopia,English,inst-4,Jo-sp-09,Sport, Athletics (Long-distance running),0,0
mistral-7b,Ethiopia,English,inst-4,Jo-sp-13,Sport, There is no widely recognized water sport that is particularly popular in Ethiopia due to its landlocked geographical location.,0,0
mistral-7b,Ethiopia,English,inst-4,Jo-sp-14,Sport," Chess is not traditionally considered a ""mental sport"" in Ethiopia. The most popular traditional sports are long-distance running, particularly in international competitions, and cultural sports such as Araro (a traditional wrestling style) and Goma (a traditional ball game). However, if we consider board games like Adugna (Ethiopian chess) or T'uz (similar to checkers), they are popular mental activities but not necessarily considered ""sports"" in the same way as running or wrestling.",1,0.5
mistral-7b,Ethiopia,English,inst-4,Jo-sp-18,Work life,12,0,0
mistral-7b,Ethiopia,English,inst-4,Jo-sp-19,Work life, Tigray Region,0,0
mistral-7b,Ethiopia,English,inst-4,Jo-sp-21,Work life,"12:30 (assuming a standard working day of 8 hours, with a lunch break from 12:00 to 13:30)",1,1.0
mistral-7b,Ethiopia,English,inst-4,Jo-sp-31,Education,"15:30 (assuming a typical school day of 7 hours and 30 minutes, starting at 07:00)",1,1.0
mistral-7b,Ethiopia,English,inst-4,Jo-sp-32,Education," Soccer (Football) is commonly practiced by elementary school students in Ethiopia. However, it's essential to note that physical education programs may vary across schools and regions.",0,0
mistral-7b,Ethiopia,English,inst-4,Jo-sp-36,Education,12 (Twelve weeks),0,0
mistral-7b,Ethiopia,English,inst-4,Jo-sp-37,Education,"12 (Assuming the summer vacation lasts for approximately 12 weeks in Ethiopian universities, but it's best to verify this information as local practices may vary.)",0,0
mistral-7b,Ethiopia,English,inst-4,Jo-sp-39,Education,6,0,0
mistral-7b,Ethiopia,English,inst-4,Jo-sp-43,Education,1 (One),0,0
mistral-7b,Ethiopia,English,inst-4,Jod-ch-01,Food," Injera and Washbasin (not an eating utensil, but often used in the dining process) are commonly used in Ethiopia. The injera is a large, sourdough flatbread that serves as both plate and utensil for scooping up food, while the washbasin is used for washing hands before meals.",1,1.0
mistral-7b,Ethiopia,English,inst-4,Jod-ch-04,Food," Coca-Cola (or other cola brands) are popular in Ethiopia, but traditional drinks such as Tej (honey wine) and Tela (traditional beer) are also common.",1,0.75
mistral-7b,Ethiopia,English,inst-4,Jod-ch-06,Food, Tej (Honey Wine) or Abyssinian Mead,1,0.75
mistral-7b,Ethiopia,English,inst-4,Jod-ch-07,Food,3.0,0,0
mistral-7b,Ethiopia,English,inst-4,Jod-ch-09,Food,20:00,1,1.0
mistral-7b,Ethiopia,English,inst-4,Jod-ch-12,Food," Misir Wot (Red Lentil Soup) or Kay Wot (Pepper Stew) are popular in Ethiopia, but the national dish is a stew called Doro Wat. However, the question asked for a soup specifically and Doro Wat is more of a stew. So, the answer would be Red Lentil Soup (Misir Wot) or Pepper Stew (Kay Wot).",0,0
mistral-7b,Ethiopia,English,inst-4,Jod-ch-13,Food, Injera (a type of flatbread made from teff flour) with various stews (wot) is popular Ethiopian street food.,0,0
mistral-7b,Ethiopia,English,inst-4,Jod-ch-15,Food," Fish (particularly Nile Perch) is commonly consumed in Ethiopian cuisine, but it's not traditionally known for its seafood consumption as it is a landlocked country.",1,1.0
mistral-7b,Ethiopia,English,inst-4,Jod-ch-16,Holidays/Celebration/Leisure, Ethiopian Orthodox Timket (Epiphany),0,0
mistral-7b,Ethiopia,English,inst-4,Jod-ch-28,Holidays/Celebration/Leisure, Bus,1,1.0
mistral-7b,Ethiopia,English,inst-4,Jod-ch-30,Holidays/Celebration/Leisure," Timket (Epiphany), the most important festival in Ethiopia, is characterized by colorful processions of clergy and faithful carrying decorated tabots (replicas of the Ark of the Covenant) and crosses. The festivities also include the blessing of water.",0,0
mistral-7b,Ethiopia,English,inst-4,Jod-ch-37,Sport," Soccer (Football) is the most popular sport among women in Ethiopia, followed by long-distance running and basketball.",1,1.0
mistral-7b,Ethiopia,English,inst-4,Jod-ch-38,Sport, Soccer (Football) is the most popular sport among men in Ethiopia.,1,1.0
mistral-7b,Ethiopia,English,inst-4,Jod-ch-41,Holidays/Celebration/Leisure," Socializing with friends, attending cultural events, or participating in traditional activities such as coffee ceremonies are common leisure activities for females in their 20s in Ethiopia. However, it's important to note that individual preferences and circumstances can vary greatly.",0,0
mistral-7b,Ethiopia,English,inst-4,Jod-ch-42,Holidays/Celebration/Leisure, Soccer (Football),1,1.0
mistral-7b,Ethiopia,English,inst-4,Jod-ch-46,Work life,1.0,1,1.0
mistral-7b,Ethiopia,English,inst-4,Jod-ch-48,Work life, Injera with various stews (Wot) is commonly eaten for lunch during weekdays in Ethiopia.,0,0
mistral-7b,Ethiopia,English,inst-4,Jod-ch-50,Work life,"36 (This value is an estimate based on World Bank data from 2019, which reported a median travel time of 36 minutes one-way for commuters in Ethiopia.)",0,0
mistral-7b,Ethiopia,English,inst-4,Jod-ch-51,Work life," Walking or Public Transportation (buses, minibuses, or shared taxis) are the most common modes of transport for commuters in Ethiopia, as personal vehicle ownership is relatively low.",1,1.0
mistral-7b,Ethiopia,English,inst-4,Jod-ch-54,Work life,85,0,0
mistral-7b,Ethiopia,English,inst-4,Jod-ch-56,Work life,60,1,1.0
mistral-7b,Ethiopia,English,inst-4,Jod-ch-57,Work life,60,1,1.0
mistral-7b,Ethiopia,English,inst-4,Jod-ch-58,Work life, Teachers are highly respected in Ethiopia.,0,0
mistral-7b,Ethiopia,English,inst-4,Jod-ch-60,Work life,"9 (assuming a standard working day from 8 am to 5 pm, which is common in many countries but not officially regulated in Ethiopia)",1,1.0
mistral-7b,Ethiopia,English,inst-4,Jod-ch-61,Work life," I'm sorry for any inconvenience, but it's important to clarify that I don't have real-time data or the ability to conduct surveys. The information I provide is based on publicly available data as of my last update. According to the World Bank's 2018 report, the most common occupation among women in Ethiopia is Agriculture, Forestry, and Fishing. However, it's crucial to note that this can vary depending on the specific region and timeframe. For the most accurate information, I would recommend checking the latest reports from reliable sources such as the World Bank or the United Nations.",0,0
mistral-7b,Ethiopia,English,inst-4,Jod-ch-62,Work life, Agriculture,0,0
mistral-7b,Ethiopia,English,inst-4,Ki-pe-17,Education,"12 years (up to secondary or high school level) is typical for students in Ethiopia, although some may continue with higher education beyond that.",1,1.0
mistral-7b,Ethiopia,English,inst-4,Ki-pe-24,Education, Amharic,1,1.0
mistral-7b,Ethiopia,English,inst-4,Ki-pe-30,Education," Weekends (Saturday and Sunday) and national holidays. However, specifics may vary depending on the region or school type.",1,1.0
mistral-7b,Ethiopia,English,inst-4,Ki-pe-32,Food, Injera (a sourdough flatbread made from teff flour) with various stews (wot) and salads (tibs or gomen).,1,0.25
mistral-7b,Ethiopia,English,inst-4,Ki-pe-34,Food," Injera and Teff Wine (Tej) or Coffee (Buna Dabo Naw) are common during breakfast in Ethiopia, but the most traditional drink is coffee.",1,0.6
mistral-7b,Ethiopia,English,inst-4,Ki-pe-36,Food, Italy (Pizza and Pasta are quite popular),0,0
mistral-7b,Ethiopia,English,inst-4,Ki-pe-39,Food," Injera (a sourdough flatbread made from teff flour) with various stews (wot) such as doro wot (chicken and hard-boiled egg stew), tibs (spiced sautéed meat), or misir wot (red lentil stew).",,
mistral-7b,Ethiopia,English,inst-4,Ki-pe-40,Food," Inethiopia, the food known as ""Khat"" is not typically considered a food by the rest of the world. Khat is a plant whose leaves are chewed for their stimulant effects rather than eaten as food. However, it's important to note that cultural perceptions and practices can vary greatly, and what might be considered disgusting in one culture may not be so in another.",,
mistral-7b,Ethiopia,English,inst-4,Ki-pe-43,Food, Injera,0,0
mistral-7b,Ethiopia,English,inst-4,Ki-pe-51,Work life,12:00 (assuming they follow a typical lunch break schedule),0,0
mistral-7b,Ethiopia,English,inst-4,Ki-pe-53,Work life,08:30 (assuming offices typically open at 8:30 AM),1,1.0
mistral-7b,Ethiopia,English,inst-4,Kik-in-01,Holidays/Celebration/Leisure, Enkutatash (Ethiopian New Year),0,0
mistral-7b,Ethiopia,English,inst-4,Kik-in-02,Holidays/Celebration/Leisure,"1. Parades, flag-raising ceremonies, speeches by political leaders, cultural performances, and national music concerts are common activities on Ethiopia's Independence Day.",0,0
mistral-7b,Ethiopia,English,inst-4,Kik-in-04,Holidays/Celebration/Leisure," Mourning tent (or shrine) called ""tsoma geda"" or ""chechebsa"".",,
mistral-7b,Ethiopia,English,inst-4,Kik-in-05,Holidays/Celebration/Leisure, Debre Tsion (Finding of the Cross) - 7 months into pregnancy,0,0
mistral-7b,Ethiopia,English,inst-4,Kik-in-06,Holidays/Celebration/Leisure," Betrothal (or ""Gambelana"" in Amharic) ceremony.",0,0
mistral-7b,Ethiopia,English,inst-4,Kik-in-07,Holidays/Celebration/Leisure," Dabo Naw, a type of flatbread.",0,0
mistral-7b,Ethiopia,English,inst-4,Kik-in-08,Holidays/Celebration/Leisure," In Ethiopia, activities typically done before Ramadan include cleaning homes (Keder Kemihun), buying new clothes, and visiting family and friends to ask for forgiveness (Tsoma Ganna).",1,1.0
mistral-7b,Ethiopia,English,inst-4,Kik-in-10,Holidays/Celebration/Leisure, Lalibela Rock-Hewn Churches,1,1.0
mistral-7b,Ethiopia,English,inst-4,Kik-in-11,Holidays/Celebration/Leisure, Lalibela Rock-Hewn Churches,1,0.8
mistral-7b,Ethiopia,English,inst-4,Kik-in-15,Holidays/Celebration/Leisure," Traditional Ethiopian clothing, often a long robe called a ""shemma"" or a ""habesha netela"", is commonly worn by women at graduation ceremonies in Ethiopia. However, Western-style attire is also common among younger generations and urban populations.",1,1.0
mistral-7b,Ethiopia,English,inst-4,Kik-in-16,Food," Tej (Honey Wine) or Abyssinian tea (also known as Khati) are popular drinks in Ethiopia, but during cold weather, it's more likely to be Tej. However, if you meant a hot drink, the answer would be Abyssinian tea.",1,0.6666666666666666
mistral-7b,Ethiopia,English,inst-4,Kik-in-17,Food," Mango (or Dura in Amharic) is more commonly sold and found during Ramadan in Ethiopia. However, it's important to note that the availability of fruits can vary depending on the region and local harvest seasons.",0,0
mistral-7b,Ethiopia,English,inst-4,Kik-in-24,Food," Injera (a type of flatbread made from fermented teff flour) is often served with chicken in Ethiopian fast food restaurants, but it's not technically a carbohydrate. It's a staple food made primarily from teff flour, which is high in complex carbohydrates.",0,0
mistral-7b,Ethiopia,English,inst-4,Kik-in-31,Sport," Ethiopia does not have a widely recognized martial art sport that is globally famous. However, traditional Ethiopian martial arts such as Dorze stick fighting and Gezha are practiced locally.",0,0
mistral-7b,Ethiopia,English,inst-4,Kik-in-34,Sport," Soccer, Athletics (Track & Field), Basketball, and Long-distance running events.",1,1.0
mistral-7b,Ethiopia,English,inst-4,Kik-in-35,Sport," Athletics (Running) and Soccer remained popular among people from Ethiopia during the COVID-19 pandemic, as they could be practiced with social distancing measures in place.",1,1.0
mistral-7b,Ethiopia,English,inst-4,Kik-in-36,Sport," Mehari Tadassse is considered one of the most popular soccer coaches in Ethiopia. He has coached various Ethiopian clubs, including Saint George and Ethiopia Bunna, and led the national team during the 2014 African Nations Championship. However, it's important to note that popularity can be subjective and may vary among different groups of people.",0,0
mistral-7b,Ethiopia,English,inst-4,Kik-in-37,Sport, Saint George SC vs Coffee SC,1,1.0
mistral-7b,Ethiopia,English,inst-4,Kik-in-38,Sport, Saint George (Arba Minch Ketema) vs Dedebit (Dedebit FC),,
mistral-7b,Ethiopia,English,inst-4,Kik-in-40,Sport," I don't have real-time data access, so I can't definitively say who the most famous male badminton player in Ethiopia currently is. However, one of the well-known players from Ethiopia is Derek Wannoch, a former professional badminton player who represented Ethiopia internationally.",,
mistral-7b,Ethiopia,English,inst-4,Kik-in-41,Sport," I don't have real-time data, but as of my last update, there isn't a well-known professional female badminton player from Ethiopia. However, this doesn't mean that there aren't talented players in the country. It could be that they are not yet internationally recognized.",,
mistral-7b,Ethiopia,English,inst-4,Kik-in-44,Sport, Athletics (or Track and Field),1,0.6666666666666666
mistral-7b,Ethiopia,English,inst-4,Kik-in-45,Sport,"1. Football (Soccer) Fields
2. Basketball Courts
3. Track and Field Facilities
4. Tennis Courts (Occasionally)
5. Swimming Pools (Rare)",1,1.0
mistral-7b,Ethiopia,English,inst-4,Na-ko-02,Food, Coffee (Ethiopian coffee),0,0
mistral-7b,Ethiopia,English,inst-4,Na-ko-04,Food," Injera (a type of sourdough flatbread) with stewed meat or vegetables, often consumed in Ethiopian cuisine. However, it's important to note that individual preferences may vary and this is a generalization.",0,0
mistral-7b,Ethiopia,English,inst-4,Na-ko-05,Food, Injera (Ethiopian flatbread) with various stews (Wot) and salads (Tibs or Gomen).,0,0
mistral-7b,Ethiopia,English,inst-4,Na-ko-07,Food," Injera-covered beef or lamb (or sometimes chicken) is commonly consumed in Ethiopia, but the staple food is actually injera, a sour flatbread made from teff flour. The meat is typically served on top of this bread. However, the question asks for the type of meat consumed most by people from Ethiopia, and that would be beef or lamb.",1,1.0
mistral-7b,Ethiopia,English,inst-4,Na-ko-08,Food," Pomegranate (or Granadilla in Amharic, the official language of Ethiopia) is commonly eaten during the autumn season. However, it's important to note that the specific fruits consumed can vary based on regional climate and agricultural practices.",0,0
mistral-7b,Ethiopia,English,inst-4,Na-ko-09,Food, Injera (Ethiopian flatbread),1,0.3333333333333333
mistral-7b,Ethiopia,English,inst-4,Na-ko-11,Food," Injera (a type of flatbread) and various Ethiopian dishes such as Tibs, Wot, or Kitfo are commonly eaten during social gatherings like watching a soccer game in Ethiopia. However, the specific dish can vary among individuals.",0,0
mistral-7b,Ethiopia,English,inst-4,Na-ko-15,Food," Injera (a type of sourdough flatbread made from teff flour) is a staple food in Ethiopia, often used to scoop up various dishes such as stews and salads.",1,1.0
mistral-7b,Ethiopia,English,inst-4,Na-ko-16,Sport, Muhsen Eidet is considered one of the most famous soccer players in Ethiopia.,0,0
mistral-7b,Ethiopia,English,inst-4,Na-ko-17,Sport," Soccer (Football) is commonly enjoyed by male students during lunchtime at school in Ethiopia. Other popular sports may include traditional games such as Kolo, a form of stick-and-ball game, and Chelle, a type of hopscotch. However, soccer is the most widely played sport during lunch breaks.",1,1.0
mistral-7b,Ethiopia,English,inst-4,Na-ko-18,Sport," I'm sorry for any inconvenience, but it seems there isn't specific data available that indicates the most common sport girls participate in during physical education classes in Ethiopia. Physical education curriculums can vary greatly depending on various factors such as region, school, and teacher preferences. It would be best to consult a reliable source for the most accurate information.",0,0
mistral-7b,Ethiopia,English,inst-4,Na-ko-19,Sport," I'm sorry for any inconvenience, but as of my last update, I don't have specific information about the most popular volleyball player in Ethiopia. It would be best to consult a more recent and specialized source for this information.",,
mistral-7b,Ethiopia,English,inst-4,Na-ko-20,Sport, Long Distance Running (Athletics),1,1.0
mistral-7b,Ethiopia,English,inst-4,Na-ko-22,Sport, Egypt,1,1.0
mistral-7b,Ethiopia,English,inst-4,Na-ko-23,Sport, Soccer (Football) Academies are attended the most by children in Ethiopia.,1,1.0
mistral-7b,Ethiopia,English,inst-4,Na-ko-24,Sport, Injera (a type of flatbread made from fermented teff flour) is commonly eaten in Ethiopian sports stadiums during games.,0,0
mistral-7b,Ethiopia,English,inst-4,Na-ko-25,Sport," Athletics (Track & Field), Basketball, Soccer, and Traditional Ethiopian Sports like Arber (a form of wrestling) and Kolo (a traditional ball game).",1,1.0
mistral-7b,Ethiopia,English,inst-4,Na-ko-26,Sport, Soccer (Football) and Long Distance Running,1,0.3333333333333333
mistral-7b,Ethiopia,English,inst-4,Na-ko-28,Sport," I don't have real-time data or specific information about individual athletes from Ethiopia, especially in winter sports. However, it's important to note that Ethiopia is not traditionally known for winter sports due to its geographical location. The country has a rich history in long-distance running and athletics.",0,0
mistral-7b,Ethiopia,English,inst-4,Na-ko-29,Sport," Rashid Yussuf Al-Kashmawi, not an Ethiopian, is the most famous swimmer in Ethiopia as he holds the national records for swimming. The most famous Ethiopian swimmer globally might be Abebe Yohannes, who represented Ethiopia at the 2016 Summer Olympics.",0,0
mistral-7b,Ethiopia,English,inst-4,Na-ko-30,Sport," I'm sorry for any inconvenience, but as of my last update, there isn't specific data available to determine the most popular eSport game in Ethiopia. However, it's known that games like League of Legends, Dota 2, and Counter-Strike: Global Offensive are quite popular worldwide in the eSports scene. It would be interesting to find more information about the eSports landscape in Ethiopia!",0,0
mistral-7b,Ethiopia,English,inst-4,Na-ko-33,Holidays/Celebration/Leisure," Injera (a sourdough flatbread made from teff flour) is a common food eaten during the Ethiopian New Year, which is based on the lunisolar calendar. However, it's important to note that there isn't a specific Lunar New Year celebration in Ethiopia as we understand it in East Asian cultures. The Ethiopian New Year, Enkutatash, falls on September 11th or 12th (on the Gregorian calendar) and is celebrated with various traditional foods and customs.",,
mistral-7b,Ethiopia,English,inst-4,Na-ko-37,Holidays/Celebration/Leisure," Egypt (or Red Sea Resorts) is often a popular choice among Ethiopians for domestic vacations, given its proximity and cultural connections. However, it's important to note that preferences can vary greatly among individuals.",0,0
mistral-7b,Ethiopia,English,inst-4,Na-ko-38,Holidays/Celebration/Leisure, Gold jewelry or cattle,1,1.0
mistral-7b,Ethiopia,English,inst-4,Na-ko-39,Holidays/Celebration/Leisure," A traditional scarf called ""Mesob"" or ""Tihi""",0,0
mistral-7b,Ethiopia,English,inst-4,Na-ko-40,Holidays/Celebration/Leisure,3 (Three days),1,0.3333333333333333
mistral-7b,Ethiopia,English,inst-4,Na-ko-41,Holidays/Celebration/Leisure," Kisir (a traditional Ethiopian dish made from chopped vegetables, spices, and injera) or money to help with funeral expenses.",1,1.0
mistral-7b,Ethiopia,English,inst-4,Na-ko-42,Holidays/Celebration/Leisure," Injera (a sourdough flatbread made from teff flour) and various stews, such as Doro Wat (chicken stew), are commonly served at funerals in Ethiopia.",1,0.5
mistral-7b,Ethiopia,English,inst-4,Na-ko-43,Holidays/Celebration/Leisure," They perform traditional rituals, offer prayers, clean their homes, wear new clothes, and exchange gifts.",0,0
mistral-7b,Ethiopia,English,inst-4,Na-ko-44,Holidays/Celebration/Leisure," Addis Ababa's New Year (Enkutatash), September 11",0,0
mistral-7b,Ethiopia,English,inst-4,Na-ko-45,Holidays/Celebration/Leisure," Simien Mountains National Park is not typically considered a honeymoon destination in Ethiopia. More common honeymoon destinations include Lalibela, Axum, Gondar, and the coastal city of Dire Dawa. These places offer historical sites, scenic beauty, and romantic accommodations. However, if you're interested in wildlife and nature, Simien Mountains National Park can be a unique choice for a honeymoon.",0,0
mistral-7b,Ethiopia,English,inst-4,Ne-ar-05,Holidays/Celebration/Leisure, Ethiopian New Year (Enkutatash),0,0
mistral-7b,Ethiopia,English,inst-4,Ne-ar-06,Holidays/Celebration/Leisure," In Ethiopia, during Ramadan, people often break their fast with a traditional dish called Dura Wot (spicy lentil stew) or Kitfo (minced raw beef). They also enjoy Injera (sourdough flatbread), which is a staple in Ethiopian cuisine. These dishes are typically accompanied by various vegetables, legumes, and spices.",0,0
mistral-7b,Ethiopia,English,inst-4,Ne-ar-09,Holidays/Celebration/Leisure," In Ethiopia, it is traditional to celebrate Eid ul Fitr with a feast called ""Dinq"" or ""Tsoma Atsom"". The meal often includes Injera (a sourdough flatbread), Tibs (spiced meat dishes), Kitfo (minced raw beef), Doro Wat (chicken stew), and various vegetable dishes. However, the specific dishes may vary regionally.",1,1.0
mistral-7b,Ethiopia,English,inst-4,Ne-ar-10,Holidays/Celebration/Leisure," In Ethiopia, during Eid ul Adha, people traditionally eat Injera (a type of flatbread made from teff flour) with Doro Wat (chicken stew), Kitfo (minced raw beef), and Kay Wot (lamb or beef in a berbere spice sauce). However, the main dish is usually a sacrificial animal, which is shared among family and friends.",1,0.75
mistral-7b,Ethiopia,English,inst-4,Ne-ar-11,Holidays/Celebration/Leisure," Ethiopians celebrate their New Year (Enkutatash) on September 11, according to the Ethiopian calendar, so they don't typically travel to other countries for this celebration. However, if there are Ethiopian communities abroad, they might celebrate locally on that date.",0,0
mistral-7b,Ethiopia,English,inst-4,Ne-ar-14,Holidays/Celebration/Leisure, Home or local mosque/community center.,1,1.0
mistral-7b,Ethiopia,English,inst-4,Ne-ar-16,Work life, Saturday and Sunday,1,1.0
mistral-7b,Ethiopia,English,inst-4,Ne-ar-17,Work life,07:30 (assuming the standard working hours start at 7:30 AM in Ethiopia),0,0
mistral-7b,Ethiopia,English,inst-4,Ne-ar-18,Work life,17:00 (assuming a typical working day ends at 5 PM local time in Ethiopia),1,0.25
mistral-7b,Ethiopia,English,inst-4,Ne-ar-20,Work life," Teacher, Healthcare Worker, Civil Servant, Agriculture, Construction are some of the secure jobs in Ethiopia.",1,1.0
mistral-7b,Ethiopia,English,inst-4,Ne-ar-24,Work life, Addis Ababa,0,0
mistral-7b,Ethiopia,English,inst-4,Ne-ar-25,Work life, Telecommunications,0,0
mistral-7b,Ethiopia,English,inst-4,Ne-ar-26,Work life, Ethio Telecom,1,1.0
mistral-7b,Ethiopia,English,inst-4,Ne-ar-31,Food, Injera with various stews (Wot),0,0
mistral-7b,Ethiopia,English,inst-4,Ne-ar-32,Food," Injera and Wot (a type of flatbread with stew) are common for breakfast in Ethiopia. However, it's also common to find dishes like scrambled eggs, coffee, and bread as well.",0,0
mistral-7b,Ethiopia,English,inst-4,Ne-ar-33,Food,12:00 (noon) or 13:00 (1 PM),1,1.0
mistral-7b,Ethiopia,English,inst-4,Ne-ar-34,Food, Injera (a sourdough flatbread made from teff flour) is typically indispensable in meals in Ethiopia.,1,1.0
mistral-7b,Ethiopia,English,inst-4,Ne-ar-36,Food, Injera with various stews (Wot),0,0
mistral-7b,Ethiopia,English,inst-4,Ne-ar-37,Food," Honey (not a fruit, but honey from the honey moon flower is commonly offered)",0,0
mistral-7b,Ethiopia,English,inst-4,Ne-ar-38,Food, Injera (a type of flatbread made from teff flour) is often given as charity in Ethiopia.,1,0.5
mistral-7b,Ethiopia,English,inst-4,Ne-ar-39,Food," The cost of fast food can vary greatly depending on location, so it's hard to definitively say what the cheapest fast food is in Ethiopia for everyone. However, a common and affordable street food in Ethiopia is Injera with Wot, which is a traditional dish made from fermented teff flour and served with various stews. The price can be as low as 10 Birr (approximately $0.28 USD) for a full meal at roadside eateries.",0,0
mistral-7b,Ethiopia,English,inst-4,Ne-ar-43,Food," Injera (a type of flatbread made from teff flour) is commonly eaten with tea in Ethiopia. However, it's important to note that the specific accompaniments can vary based on region and personal preference.",1,1.0
mistral-7b,Ethiopia,English,inst-4,Ne-ar-44,Food," Injera (a type of flatbread) is often eaten with coffee in Ethiopia, not necessarily a specific item. However, it's important to note that the traditional Ethiopian coffee ceremony involves serving coffee with popcorn or roasted corn kernels, known as nibs, and sometimes other snacks.",1,0.6666666666666666
mistral-7b,Ethiopia,English,inst-4,New-am-02,Food, Injera with various stews (Wot),1,0.3333333333333333
mistral-7b,Ethiopia,English,inst-4,New-am-04,Food," Mitmita (Spicy Berbere Sauce) or Awaze (Hot Pepper Sauce) are commonly used as dipping sauces in Ethiopia, but the most popular one would be Injera Flour with Niter Kibbeh (spiced clarified butter). However, this is not exactly a dipping sauce.",0,0
mistral-7b,Ethiopia,English,inst-4,New-am-08,Food," Injera (a sourdough flatbread made from teff flour) with various stews, typically vegetarian or vegan, are the foods most often consumed during Christian fasting in Ethiopia.",0,0
mistral-7b,Ethiopia,English,inst-4,New-am-15,Food," Injera (a type of flatbread made from teff flour) is traditionally served during childbirth celebrations in Ethiopia. However, it's important to note that the specific foods consumed can vary based on region and personal preference.",0,0
mistral-7b,Ethiopia,English,inst-4,New-am-27,Sport," It is not possible to definitively determine who the most popular female sports person in Ethiopia is, as popularity can vary greatly and is subjective. However, some notable Ethiopian female athletes include Genzebe Dibaba (middle-distance runner), Tirunesh Dibaba (long-distance runner), and Emebet Anteneh (basketball player).",0,0
mistral-7b,Ethiopia,English,inst-4,New-am-34,Education, At home or school. (The question does not specify a particular location within the school.),1,1.0
mistral-7b,Ethiopia,English,inst-4,New-am-41,Education,8th Grade (Grade 8),1,1.0
mistral-7b,Ethiopia,English,inst-4,New-am-53,Work life, Harar (or Harari) Region,0,0
mistral-7b,Ethiopia,English,inst-4,New-am-54,Work life, Afar Region,1,1.0
mistral-7b,Ethiopia,English,inst-4,New-am-59,Work life," Pastoralism (herding livestock) is a common occupation among people living in deserts in Ethiopia, as agriculture is often limited due to the arid conditions. However, some also engage in trading and small-scale farming where possible.",0,0
mistral-7b,Ethiopia,English,inst-4,New-am-60,Work life, Donkey,1,0.6666666666666666
mistral-7b,Ethiopia,English,inst-4,New-am-72,Family," I don't have real-time data or specific knowledge about the most popular comic books for children in Ethiopia. However, it would be interesting to research and find out!",0,0
mistral-7b,Ethiopia,English,inst-4,New-am-73,Family," I cannot definitively say which is the most popular YouTube channel for children in Ethiopia as it can vary based on various factors such as time, region, and personal preferences. However, some of the channels that are known to have a significant following among children in Ethiopia include ""EthioComic,"" ""Kids TV,"" and ""Teddy Time."" It's best to check current data for the most accurate information.",1,1.0
mistral-7b,Ethiopia,English,inst-4,New-am-74,Family," Etihopian Broadcasting Corporation's (EBC) ""Ye Negot Helena"" (Your Evening with Me) is one of the most popular talk shows in Ethiopia. However, it's always best to check the current trends as popularity can change over time.",0,0
mistral-7b,Ethiopia,English,inst-4,New-am-77,Holidays/Celebration/Leisure, Ethiopian Christmas (Ganna),0,0
mistral-7b,Ethiopia,English,inst-4,New-am-81,Holidays/Celebration/Leisure,12 (December),0,0
mistral-7b,Ethiopia,English,inst-4,New-am-83,Holidays/Celebration/Leisure, Krar or Masenko (depending on the region),0,0
mistral-7b,Ethiopia,English,inst-4,New-as-01,Food, Coffee,0,0
mistral-7b,Ethiopia,English,inst-4,New-as-02,Food, Injera (Ethiopian flatbread made from fermented teff flour),1,1.0
mistral-7b,Ethiopia,English,inst-4,New-as-05,Food, Coffee (traditionally prepared using a Jebena pot),0,0
mistral-7b,Ethiopia,English,inst-4,New-as-07,Food," Doro Wat (Chicken Stew) is more popular than traditional fish dishes in Ethiopia. However, one of the traditional fish dishes is Tibs Tilapia (Spicy Fried Fish).",0,0
mistral-7b,Ethiopia,English,inst-4,New-as-14,Food, Injera with Tibs or Wot (spicy stew),0,0
mistral-7b,Ethiopia,English,inst-4,New-as-15,Food," Tej (Honey Wine) or Ayran (Yogurt Drink) are popular choices, but during hot weather, Ethiopians often prefer a cold beverage called ""Talla"" which is water flavored with lemon or ginger.",1,1.0
mistral-7b,Ethiopia,English,inst-4,New-as-20,Sport," Indoor sports are not traditionally popular in Ethiopia. The country is known for outdoor sports such as long-distance running, particularly in marathons and track events.",0,0
mistral-7b,Ethiopia,English,inst-4,New-as-29,Sport, Soccer (Football),1,1.0
mistral-7b,Ethiopia,English,inst-4,New-as-30,Sport, Soccer (Football),1,1.0
mistral-7b,Ethiopia,English,inst-4,New-as-58,Work life," Coffee (specifically, traditionally prepared Ethiopian coffee)",1,1.0
mistral-7b,Ethiopia,English,inst-4,New-as-64,Family, Ethiopian New Year (Enkutatash),1,0.5
mistral-7b,Ethiopia,English,inst-4,New-as-76,Holidays/Celebration/Leisure," Goma, Genna, and Asekrach Mela are some traditional games families play during holidays in Ethiopia.",,
mistral-7b,Ethiopia,English,inst-4,New-as-80,Holidays/Celebration/Leisure," Ethiopian traditional attire for festivals often includes the Debre Tsion, a long white robe with embroidery, and the Shamma, a woven cloth wrapped around the waist. For women, there's the Habesha Netela, a large rectangular piece of cloth draped in various styles. However, regional differences may lead to variations in clothing style.",1,1.0
mistral-7b,Ethiopia,English,inst-4,New-as-89,Holidays/Celebration/Leisure," Tibs (traditional food), Mesob (round basket), Dabo Nesh (traditional Ethiopian clothing) and Tizit (Ethiopian scarf). However, the question asks for festival accessories specifically, so the answer would be: Mesob (round basket) and Tizit (Ethiopian scarf).",0,0
mistral-7b,Ethiopia,English,inst-4,New-az-05,Food, Gojam Region,0,0
mistral-7b,Ethiopia,English,inst-4,New-az-11,Food," Mango (or Durian, depending on regions)",1,1.0
mistral-7b,Ethiopia,English,inst-4,New-az-12,Food," There is no sea in Ethiopia, so it does not have a region known for seafood.",0,0
mistral-7b,Ethiopia,English,inst-4,New-az-21,Sport, There is no skiing destination in Ethiopia due to its tropical climate.,,
mistral-7b,Ethiopia,English,inst-4,New-az-26,Sport," I'm sorry for any inconvenience, but as of my last update, it's difficult to definitively identify the most popular martial arts player in Ethiopia due to a lack of comprehensive data and professional martial arts leagues in the country. However, Haile Gebrselassie, a former world-class long-distance runner from Ethiopia, has also shown interest in martial arts and is well-known globally.",,
mistral-7b,Ethiopia,English,inst-4,New-az-27,Sport, Athletics (or Track and Field),1,1.0
mistral-7b,Ethiopia,English,inst-4,New-az-39,Education, United States,0,0
mistral-7b,Ethiopia,English,inst-4,New-az-49,Work life,"3.5 (This is an approximation, as it takes into account children and adults who may contribute to the household income or chores.)",1,0.5
mistral-7b,Ethiopia,English,inst-4,New-az-60,Family, Daycare or extended family members often take care of kids in Ethiopia when both parents are working.,1,0.3333333333333333
mistral-7b,Ethiopia,English,inst-4,New-az-69,Holidays/Celebration/Leisure," Tej (Honey Wine) is traditionally popular among Ethiopian men, but beer (Talla) is also widely consumed.",1,1.0
mistral-7b,Ethiopia,English,inst-4,New-az-70,Holidays/Celebration/Leisure," Tej (Honey Wine) is traditionally popular among Ethiopian women, but drinking habits can vary greatly among individuals.",1,1.0
mistral-7b,Ethiopia,English,inst-4,New-az-73,Holidays/Celebration/Leisure,200-300 (Approximately),1,1.0
mistral-7b,Ethiopia,English,inst-4,New-ch-01,Food, Injera-covered vegetarian dishes are typically eaten during barbecues in Ethiopia. They do not traditionally consume barbecued meat.,0,0
mistral-7b,Ethiopia,English,inst-4,New-ch-02,Food,07:00,0,0
mistral-7b,Ethiopia,English,inst-4,New-ch-04,Food," Injera (flatbread made from teff flour) with various stews such as Doro Wat (chicken stew), Misir Wat (red lentil stew), and Gomen Wat (collard greens stew). Additionally, snacks like Kibbeh (spiced meatballs) or Kitfo (minced raw beef) can also be consumed.",1,0.5
mistral-7b,Ethiopia,English,inst-4,New-ch-05,Food," Berbere Dish (often served with Doro Wat, a chicken stew)",1,0.5
mistral-7b,Ethiopia,English,inst-4,New-ch-07,Food," Injera (Ethiopian sourdough flatbread) is commonly paired with hard liquor in Ethiopia. However, it's important to note that the specific types of hard liquor consumed may vary regionally.",0,0
mistral-7b,Ethiopia,English,inst-4,New-ch-08,Food, Berbere,0,0
mistral-7b,Ethiopia,English,inst-4,New-ch-09,Food," Injera (a type of flatbread made from teff flour) with various stews, such as Doro Wat (chicken stew), Kitfo (minced raw beef), and Misir Wot (spicy lentils). These dishes are often served at room temperature or warm.",0,0
mistral-7b,Ethiopia,English,inst-4,New-ch-13,Food," Harar Beer (or Harar Brewery) is one of the most popular alcohol brands in Ethiopia, particularly known for its beer. However, it's important to note that the alcohol industry in Ethiopia is dominated by traditional home-brewed beverages like tej (honey wine), talla (grape or fruit wine), and tella (beer made from barley).",0,0
mistral-7b,Ethiopia,English,inst-4,New-ch-14,Food," Injera (a sourdough flatbread made from teff flour) with various stews such as Doro Wat (chicken stew), Misir Wot (red lentil stew), and Kay Wat (beef stew). Ginger tea (known as ""Hiwot Tesfa"" or ""Bishibishimo"") is also commonly consumed. These foods are believed to help with digestion and boost the immune system during illness. However, individual dietary habits may vary.",0,0
mistral-7b,Ethiopia,English,inst-4,New-ch-15,Food," Injera, a type of flatbread made from teff flour, is commonly purchased at supermarkets in Ethiopia. Additionally, various types of stews (wot) such as doro wot (chicken stew), misir wot (red lentil stew), and kitfo (spiced raw beef) are also popular ready-to-eat foods found at supermarkets or local markets in Ethiopia.",1,0.3333333333333333
mistral-7b,Ethiopia,English,inst-4,New-ch-16,Sport," I'm sorry for any inconvenience, but it seems there isn't a universally recognized ""most famous sports-related movie"" in Ethiopia as the country's film industry and viewing preferences are quite different from those of Western countries. However, one could mention ""Difaa Huwiyatak"" (Your Honor), an Ethiopian sports drama that gained significant popularity within the region.",0,0
mistral-7b,Ethiopia,English,inst-4,New-ch-17,Sport," Bungee Jumping is not an extreme sport that people generally wish to try the most in Ethiopia. The most popular extreme sports in Ethiopia are long-distance running, particularly marathons and ultramarathons, due to the country's rich history of long-distance running and the annual hosting of events like the Great Ethiopian Run and the Rock 'n' Roll Marathon.",1,0.4
mistral-7b,Ethiopia,English,inst-4,New-ch-18,Sport,"10,000 meters race (Track Event)",1,1.0
mistral-7b,Ethiopia,English,inst-4,New-ch-19,Sport, Artistic Gymnastics (All-around),0,0
mistral-7b,Ethiopia,English,inst-4,New-ch-23,Sport," I can't definitively say who the most famous table tennis player from Ethiopia is, as my knowledge cutoff is 2021 and I don't have real-time data. However, some notable Ethiopian table tennis players include Endale Hawaryat and Getachew Kassu. You may want to look up more recent information for the most accurate answer.",,
mistral-7b,Ethiopia,English,inst-4,New-ch-26,Sport, Long Distance Cross-Country Skiing (There are no Winter Olympics participants from Ethiopia due to lack of snowy terrain.),0,0
mistral-7b,Ethiopia,English,inst-4,New-ch-27,Sport," There isn't a widely recognized famous professional boxer from Ethiopia at this time, as boxing is not particularly popular or developed there compared to other sports like long-distance running and football (soccer). However, Haile Gebrselassie, an Ethiopian long-distance runner, has achieved global fame in the sporting world.",0,0
mistral-7b,Ethiopia,English,inst-4,New-ch-30,Sport, Haile Gebrselassie,0,0
mistral-7b,Ethiopia,English,inst-4,New-ch-31,Work life," It is not accurate to state that parents in Ethiopia most hope their children will pursue a specific job, as career aspirations can vary greatly among individuals and families. However, it's worth noting that many parents may encourage their children to pursue stable and well-paying careers, such as medicine, engineering, or business, due to the economic opportunities they offer.",0,0
mistral-7b,Ethiopia,English,inst-4,New-ch-32,Work life," Microsoft Office, Google Workspace (G Suite) are commonly used office software in Ethiopia, similar to many other countries. However, local preferences and affordability may lead to variations in usage.",1,1.0
mistral-7b,Ethiopia,English,inst-4,New-ch-38,Work life," Addis Ababa, Dire Dawa, Bahir Dar, Mekelle, and Hawassa are some of the cities known for import and export activities in Ethiopia. Additionally, the Tigray region, Amhara region, Oromia region, and Southern Nations, Nationalities, and Peoples' Region (SNNPR) are important regions for trade in Ethiopia.",1,1.0
mistral-7b,Ethiopia,English,inst-4,New-ch-39,Work life," Jumia (or Jumia Market) is a popular e-commerce platform in Ethiopia, although there are other local and international platforms as well.",0,0
mistral-7b,Ethiopia,English,inst-4,New-ch-44,Work life,3 months (as per the Labor Proclamation No. 611/2007 of Ethiopia),0,0
mistral-7b,Ethiopia,English,inst-4,New-ch-45,Work life," Technology, Retail, Agriculture, and Services (including hospitality and education) are common industries where young people often start businesses in Ethiopia.",0,0
mistral-7b,Ethiopia,English,inst-4,New-ch-49,Family," Mobile Phones (SMS, Calls)",1,1.0
mistral-7b,Ethiopia,English,inst-4,New-ch-51,Family, Hotel or Lodge,0,0
mistral-7b,Ethiopia,English,inst-4,New-ch-54,Family," Injera (fermented flatbread made from teff flour) is not exactly a fruit, but it's a staple food in Ethiopian cuisine that is often served during family dinners. The main dish is usually a variety of stews (wot) made with vegetables, meat, or legumes. However, if you meant the fruit that is most commonly eaten during meals, it would be berries like kosso (Averrhoa carambola), known as Ethiopian tangerine, or mango.",0,0
mistral-7b,Ethiopia,English,inst-4,New-ch-64,Education,"12 (This is an approximation, as the number of class hours can vary depending on the specific institution and program.)",1,0.5
mistral-7b,Ethiopia,English,inst-4,New-ch-66,Education,"0 (In Ethiopia, public high school education is free of charge.)",0,0
mistral-7b,Ethiopia,English,inst-4,New-ch-70,Education," In Ethiopia, all university students typically have courses in Amharic language, Ethics, and History of Ethiopia in common. However, the specifics may vary depending on the university and the course of study.",0,0
mistral-7b,Ethiopia,English,inst-4,New-ch-71,Education," I'm sorry for any inconvenience, but as of my last update, I don't have specific data on the average class size in high schools in Ethiopia. It would be best to consult a reliable source such as UNESCO or the Ethiopian Ministry of Education for the most accurate information.",0,0
mistral-7b,Ethiopia,English,inst-4,New-ch-72,Education," It's difficult to pinpoint one specific major as the most conducive to employment in Ethiopia, as it depends on various factors such as industry trends, economic conditions, and personal skills. However, fields like Engineering, Health Sciences, Business Administration, and Information Technology are often cited as having good job prospects due to their relevance to Ethiopia's current development priorities.",1,1.0
mistral-7b,Ethiopia,English,inst-4,New-ch-73,Education," It is not possible to definitively determine the most popular type of club among university students in Ethiopia as it can vary based on individual interests, cultural influences, and regional differences. However, some common types of clubs that may be found at universities in Ethiopia include academic clubs (such as those focused on specific fields of study), sports clubs, cultural clubs, and social clubs.",0,0
mistral-7b,Ethiopia,English,inst-4,New-ch-74,Education," Dormitories, Apartments, Homestays, or Rented Houses",1,1.0
mistral-7b,Ethiopia,English,inst-4,New-ch-75,Education,"45 (Assuming a standard 45-minute class period, which is common in many educational systems but not confirmed for Ethiopia specifically.)",1,0.25
mistral-7b,Ethiopia,English,inst-4,New-ch-78,Holidays/Celebration/Leisure," It is not possible to definitively state what leisure activities all retired women in Ethiopia like, as preferences can vary greatly among individuals. However, some common leisure activities for retired women in Ethiopia may include socializing with friends and family, gardening, knitting or other handicrafts, reading, attending religious events, and participating in community activities.",0,0
mistral-7b,Ethiopia,English,inst-4,New-ch-79,Holidays/Celebration/Leisure," It is not possible to definitively state what all retired men in Ethiopia like as interests can vary greatly among individuals. However, some common leisure activities among older adults in Ethiopia might include socializing with friends and family, traditional games such as board games or card games, reading, gardening, attending cultural events, and participating in religious activities. Some may also enjoy hobbies like crafting, painting, or music.",0,0
mistral-7b,Ethiopia,English,inst-4,New-ch-80,Holidays/Celebration/Leisure," Ethiopian Orthodox Christmas (January 7) and Timket (Epiphany, usually in late January or early February).",1,0.3333333333333333
mistral-7b,Ethiopia,English,inst-4,New-ch-81,Holidays/Celebration/Leisure," In Ethiopia, traditional housewarming gifts often include items such as coffee ceremonial sets (dabo nawash), incense, traditional clothing, and household essentials like salt, oil, and honey. It's also customary to bring a small amount of money for the family to use for their new home.",0,0
mistral-7b,Ethiopia,English,inst-4,New-ch-82,Holidays/Celebration/Leisure,"16:00 (in the afternoon) is a common starting time for weddings in Ethiopia. However, it's essential to note that wedding times can vary based on specific traditions and families within the country.",0,0
mistral-7b,Ethiopia,English,inst-4,New-ch-83,Holidays/Celebration/Leisure, Addis Ababa,1,1.0
mistral-7b,Ethiopia,English,inst-4,New-ch-84,Holidays/Celebration/Leisure, White or Gold,1,1.0
mistral-7b,Ethiopia,English,inst-4,New-ch-85,Holidays/Celebration/Leisure, White or off-white,0,0
mistral-7b,Ethiopia,English,inst-4,New-en-01,Food," Popcorn (or sometimes peanuts) can be eaten in cinemas worldwide, including Ethiopia. However, the traditional snack in Ethiopian cinemas is Kolo, a roasted cornmeal snack.",1,1.0
mistral-7b,Ethiopia,English,inst-4,New-en-02,Food," I'm sorry for any inconvenience, but as of my last update, specific data about the most popular chip or crisp flavor in Ethiopia was not readily available. It would be best to consult a local or regional survey for the most accurate information.",0,0
mistral-7b,Ethiopia,English,inst-4,New-en-04,Food," Yigeremu Alemayehu, also known as Chef Yigi, is a well-known celebrity chef in Ethiopia.",0,0
mistral-7b,Ethiopia,English,inst-4,New-en-05,Food, Injera (Ethiopian flatbread) with various stews (Wot).,0,0
mistral-7b,Ethiopia,English,inst-4,New-en-07,Food,"1. Kitchen Cabinet (Ethiopian Kitchen)
2. Cooking with Aster
3. Ethiopian MasterChef
4. Taste of Ethiopia
5. My Ethiopian Table
6. Ethiopian Food Safari
7. Ethiopian Home Cooking
8. Ethiopian Street Food
9. Ethiopian Cuisine Uncovered
10. Ethiopian Chef Challenge",0,0
mistral-7b,Ethiopia,English,inst-4,New-en-08,Food, Ferrero Rocher is not the most popular chocolate brand in Ethiopia. The most popular chocolate brands in Ethiopia are Cadbury and Nestle.,0,0
mistral-7b,Ethiopia,English,inst-4,New-en-10,Food, Labaneh (or Labena),0,0
mistral-7b,Ethiopia,English,inst-4,New-en-11,Food, Cabbage (This information was obtained from a survey conducted by the Ethiopian Ministry of Agriculture),0,0
mistral-7b,Ethiopia,English,inst-4,New-en-12,Food, Injera (Ethiopian flatbread),1,1.0
mistral-7b,Ethiopia,English,inst-4,New-en-17,Sport, Dorombetoch Ganna (horn) and Scarves,0,0
mistral-7b,Ethiopia,English,inst-4,New-en-18,Sport," Scarf or flag (to show support for their team), water, snacks, and sometimes an umbrella (for rain). However, it's important to note that the specific items can vary depending on the culture and the venue.",0,0
mistral-7b,Ethiopia,English,inst-4,New-en-19,Sport, Addis Ababa Stadium (also known as Bahir Dar Stadium when hosting international matches),1,1.0
mistral-7b,Ethiopia,English,inst-4,New-en-23,Sport," Tirunesh Dibaba (mistake, she's an able-bodied athlete)
Correct Answer: Yohannes Medhin (He is a well-known Paralympian from Ethiopia)",,
mistral-7b,Ethiopia,English,inst-4,New-en-26,Sport," ""Birhanu Nega, Birhanu Nega, Yihun Wegena, Yihun Wegena"" (which translates to ""Birhanu Nega, Birhanu Nega, Hero of the Nation, Hero of the Nation"") is a popular chant in Ethiopia, often associated with football matches. However, it's important to note that this chant is more of a political slogan than a sporting one, as Birhanu Nega is a prominent Ethiopian politician. The most recognized sports-related chant in Ethiopia would be ""Wegerat, Wegerat"" (which translates to ""Victory, Victory""), used during various sports events.",0,0
mistral-7b,Ethiopia,English,inst-4,New-en-38,Work life,"1. Information Technology (IT)
2. Telecommunications
3. Business Process Outsourcing (BPO)
4. Call Centers
5. Media and Advertising",0,0
mistral-7b,Ethiopia,English,inst-4,New-en-41,Work life," Mohammed Al-Amoudi, although he was born in Ethiopia, his business success is primarily associated with Sweden. The most well-known Ethiopian entrepreneur is probably Melaku Belay.",0,0
mistral-7b,Ethiopia,English,inst-4,New-en-47,Family," Variety of plants, vegetables, and possibly animals such as chickens or goats.",1,1.0
mistral-7b,Ethiopia,English,inst-4,New-en-49,Family," The Solomonic Dynasty, also known as the House of Solomon, is historically considered one of the most important royal families in Ethiopia. However, if you're referring to a contemporary influential family, it would be difficult to definitively say due to privacy concerns and the nature of public figures in Ethiopia.",0,0
mistral-7b,Ethiopia,English,inst-4,New-en-50,Family," Mujeeb (This is incorrect as I made an error. The most common family name in Ethiopia is ""Mekonnen"" or ""Teshome"". My apologies for the confusion.)",,
mistral-7b,Ethiopia,English,inst-4,New-en-55,Family, Orthodox Christianity,1,1.0
mistral-7b,Ethiopia,English,inst-4,New-en-56,Family," Amharic, while not technically foreign to Ethiopia, is the most widely spoken language among families in addition to Oromo, Somali, and Tigrinya. However, Arabic is also commonly heard due to its historical significance and the presence of Muslim communities.",1,0.6666666666666666
mistral-7b,Ethiopia,English,inst-4,New-en-59,Family, United States,0,0
mistral-7b,Ethiopia,English,inst-4,New-en-68,Education," In Ethiopia, consequences for bad behavior in schools can include detention, suspension, expulsion, community service, or counseling, depending on the severity of the misconduct.",0,0
mistral-7b,Ethiopia,English,inst-4,New-en-69,Education," Haile Selassie, Tsegaye Gabre-Medhin, and Mahber Gebremedhin are among the commonly studied writers in Ethiopian literature classes. However, it's important to note that the specific authors may vary depending on the curriculum and institution.",0,0
mistral-7b,Ethiopia,English,inst-4,New-en-70,Education,2,1,1.0
mistral-7b,Ethiopia,English,inst-4,New-en-72,Education," It is difficult to definitively state which specific online resource students in Ethiopia universally use, as it can vary greatly depending on factors such as location, subject matter, and individual preferences. However, some popular platforms for educational resources globally, including in Ethiopia, are Khan Academy, Coursera, edX, and Google Classroom. Additionally, local online resources like the Ethiopian e-Learning Portal (e-learning.edu.et) may also be utilized.",1,0.5
mistral-7b,Ethiopia,English,inst-4,New-en-75,Education,"14 (This is an approximation, as the exact number can vary depending on the university and academic calendar.)",0,0
mistral-7b,Ethiopia,English,inst-4,New-en-76,Holidays/Celebration/Leisure, Bole International Airport (ADD),1,1.0
mistral-7b,Ethiopia,English,inst-4,New-en-79,Holidays/Celebration/Leisure, Tigray,0,0
mistral-7b,Ethiopia,English,inst-4,New-en-87,Holidays/Celebration/Leisure, Lalibela Rock-Hewn Churches,0,0
mistral-7b,Ethiopia,English,inst-4,New-en-90,Holidays/Celebration/Leisure," I'm sorry for any inconvenience, but as a text-based AI model, I don't have real-time data or browsing capabilities to provide specific, up-to-date information about the most famous hotel brand in Ethiopia. However, some well-known hotel chains with presence in Ethiopia include Sheraton, Hilton, and InterContinental Hotels Group (IHG). It's best to verify this information from a reliable source or travel website for the most accurate answer.",1,1.0
mistral-7b,Ethiopia,English,inst-4,New-gr-05,Food," Injera with Tibs (spicy minced meat) or Ful (Fava Beans) is a common grab-and-go breakfast option in Ethiopia. However, it's important to note that the specific choice can vary greatly depending on the region and personal preference.",0,0
mistral-7b,Ethiopia,English,inst-4,New-gr-06,Food," Injera (a type of flatbread made from teff flour) with various stews, such as Doro Wat (chicken stew), are popular among young people in Ethiopia. However, it's important to note that food preferences can vary greatly among individuals and regions.",0,0
mistral-7b,Ethiopia,English,inst-4,New-gr-08,Food, Tej (Honey Wine),0,0
mistral-7b,Ethiopia,English,inst-4,New-gr-13,Food," Coffee (specifically, traditionally prepared Ethiopian coffee called ""Bunna"")",1,0.4
mistral-7b,Ethiopia,English,inst-4,New-gr-15,Food, Injera with Honey or Berbere-spiced Teff Pudding (Abyssinian Spice Cake),0,0
mistral-7b,Ethiopia,English,inst-4,New-gr-21,Sport, Tennis is not the most popular racket sport in Ethiopia. The most popular racket sport there is Table Tennis (Ping Pong).,,
mistral-7b,Ethiopia,English,inst-4,New-gr-24,Sport," Long-Distance Running (specifically, Middle and Long Distance Races)",1,1.0
mistral-7b,Ethiopia,English,inst-4,New-gr-29,Sport, Africa Cup of Nations (AFCON) or Athletics (Track & Field),1,0.6666666666666666
mistral-7b,Ethiopia,English,inst-4,New-gr-47,Work life,"15 (This is a common break duration, but it can vary based on specific workplace policies or cultural practices.)",1,1.0
mistral-7b,Ethiopia,English,inst-4,New-gr-58,Work life, Teacher,0,0
mistral-7b,Ethiopia,English,inst-4,New-gr-76,Holidays/Celebration/Leisure," Injera (a sourdough flatbread made from teff flour) with various stews, such as Doro Wat (chicken stew), Kitfo (minced raw beef), and Atakilt Wat (stewed cabbage, carrots, and potatoes). These dishes are traditionally served on a large platter called a mesob.",1,0.5
mistral-7b,Ethiopia,English,inst-4,New-gr-82,Holidays/Celebration/Leisure," I'm sorry for any inconvenience, but it appears that specific data about the most popular music genre among the elderly population in Ethiopia isn't readily available. It would be best to consult a reliable source or conduct research on this topic.",0,0
mistral-7b,Ethiopia,English,inst-4,New-gr-88,Holidays/Celebration/Leisure, Tej (Honey Wine),0,0
mistral-7b,Ethiopia,English,inst-4,New-gr-89,Holidays/Celebration/Leisure, Tej (Honey Wine),1,0.6666666666666666
mistral-7b,Ethiopia,English,inst-4,New-ha-07,Food, Injera (Ethiopian flatbread),1,1.0
mistral-7b,Ethiopia,English,inst-4,New-ha-08,Food," Injera (fermented sourdough flatbread) with dishes containing bitter greens or spicy sauces, such as collard greens (Gomen) and kitfo (spiced raw beef), are often disliked by children but enjoyed by the elderly in Ethiopia.",,
mistral-7b,Ethiopia,English,inst-4,New-ha-09,Food, Injera Pan (or Mesob),0,0
mistral-7b,Ethiopia,English,inst-4,New-ha-13,Food," Enset (Ensete ventricosum, or false banana) is the most popular vegetable in Ethiopia, particularly in the form of its staple food, Injera made from Teff flour. However, it's important to note that the term ""vegetable"" might not be the best fit for Enset as it's more accurately described as a root or stem storage organ.",0,0
mistral-7b,Ethiopia,English,inst-4,New-ha-19,Sport, Gelada Baboon,0,0
mistral-7b,Ethiopia,English,inst-4,New-ha-66,Family," I'm sorry for any inconvenience, but as a text-based AI model, I don't have real-time data or browsing capabilities to determine the most popular wedding venue in Ethiopia. However, some well-known venues include the Sheraton Addis Ababa, Hyatt Regency Addis Ababa, and the Hilton Addis Ababa. For more accurate information, I would recommend checking recent reviews and ratings online or consulting a local event planner.",0,0
mistral-7b,Ethiopia,English,inst-4,New-in-01,Food," Tomoca Coffee (or Tomocha, depending on the source) is one of the most popular coffee shop brands in Ethiopia. It was established in 1953 and is known for its high-quality coffee and traditional ambiance. However, it's important to note that there are many local coffee shops across Ethiopia, each with their unique charm and offerings.",0,0
mistral-7b,Ethiopia,English,inst-4,New-in-03,Food, Injera (Ethiopian flatbread),1,1.0
mistral-7b,Ethiopia,English,inst-4,New-in-33,Work life, Tigray Region,0,0
mistral-7b,Ethiopia,English,inst-4,New-in-34,Work life, Tigray Region,0,0
mistral-7b,Ethiopia,English,inst-4,New-in-62,Education," Addis Ababa University, specifically its College of Engineering.",0,0
mistral-7b,Ethiopia,English,inst-4,New-in-63,Education, Addis Ababa University (AAU),0,0
mistral-7b,Ethiopia,English,inst-4,New-in-78,Holidays/Celebration/Leisure," Cash (Ethiopian Birr) is the most commonly used payment method in Ethiopia, as credit cards and online banking are not widely available due to low internet penetration and limited access to banking services. Mobile money transfer systems like M-Birr and Zelle have gained popularity but still do not cover a large portion of the population.",1,1.0
mistral-7b,Ethiopia,English,inst-4,New-in-80,Holidays/Celebration/Leisure, There isn't a well-known theme park in Ethiopia at this time.,0,0
mistral-7b,Ethiopia,English,inst-4,New-ko-01,Family," I don't have real-time data or personal experiences, but based on general knowledge, it seems that Cartoon Network's ""Tom and Jerry"" and Disney's ""Mickey Mouse"" are among the most popular children's animations in Ethiopia. However, for a definitive answer, it would be best to consult recent surveys or studies conducted in Ethiopia regarding this topic.",1,1.0
mistral-7b,Ethiopia,English,inst-4,New-ko-02,Family, Antenatal Care Clinic Visits,0,0
mistral-7b,Ethiopia,English,inst-4,New-ko-03,Family," ""Netsanet Yematsion"" (Netty Nezzer Hoye) is one of the most popular children's songs in Ethiopia that families often sing together. However, it's important to note that music preferences can vary greatly among different regions and communities within a country.",0,0
mistral-7b,Ethiopia,English,inst-4,New-ko-04,Family," It is difficult to definitively state which toys are most popular among boys in Ethiopia as it can vary based on factors such as location, socio-economic status, and cultural influences. However, some common toys among children in Ethiopia include traditional games like marbles, tops, and board games, as well as soccer balls and toy cars. Additionally, electronic devices such as smartphones and tablets have become increasingly popular among urban youth.",1,1.0
mistral-7b,Ethiopia,English,inst-4,New-ko-05,Family," Dolls and Traditional Games (e.g., board games, skipping ropes)",0,0
mistral-7b,Ethiopia,English,inst-4,New-ko-06,Family," The most popular Ethiopian folk tale for children is ""Ekuburi Kibre Kidus"" or ""The Story of Abiata Shumet and Sewunet Woldai."" It's a story about two friends who embark on an adventure to find the source of the Blue Nile.",0,0
mistral-7b,Ethiopia,English,inst-4,New-ko-07,Holidays/Celebration/Leisure, Kussie (Crocus) flower,0,0
mistral-7b,Ethiopia,English,inst-4,New-ko-08,Work life," It is not possible to definitively state where university students in Ethiopia tend to work part-time the most, as this can vary greatly depending on factors such as location, field of study, and individual circumstances. However, common part-time jobs for students in Ethiopia may include teaching assistantships, research positions, retail or service industry jobs, and freelance work related to their field of study.",1,0.5
mistral-7b,Ethiopia,English,inst-4,New-ko-09,Work life,"1. Group Problem Solving Sessions
2. Role-Playing Exercises
3. Collaborative Projects
4. Ice Breaker Games
5. Team Lunch or Dinners
6. Sports Activities (e.g., soccer, volleyball)
7. Workshops and Training Sessions
8. Charity Events and Volunteering
9. Brainstorming Sessions
10. Scavenger Hunts and Treasure Hunts",,
mistral-7b,Ethiopia,English,inst-4,New-ko-10,Work life," Farming, trading, transportation services, construction work, tutoring, and various forms of artisanship (e.g., weaving, pottery) are among the most common side jobs in Ethiopia.",0,0
mistral-7b,Ethiopia,English,inst-4,New-pe-02,Food, Injera (Ethiopian sourdough flatbread),1,0.3333333333333333
mistral-7b,Ethiopia,English,inst-4,New-pe-06,Food, Doro Wat,0,0
mistral-7b,Ethiopia,English,inst-4,New-pe-11,Food, Berbere,0,0
mistral-7b,Ethiopia,English,inst-4,New-pe-16,Sport," Long-distance running, particularly in marathons and long-distance track events, is highly esteemed in Ethiopia. However, the traditional sport that is most unique to Ethiopia is the Ethiopian coffee ceremony. It's not a competitive sport but an integral part of Ethiopian culture and social life.",0,0
mistral-7b,Ethiopia,English,inst-4,New-pe-20,Sport," Beach Volleyball is not traditionally popular in Ethiopia, as it's more common in coastal regions. Instead, sports like long-distance running, traditional Ethiopian ball games such as Kolo or Demosa, and soccer are more prevalent.",,
mistral-7b,Ethiopia,English,inst-4,New-pe-45,Work life," Fasting from dawn to dusk, with reduced working hours during the day and extended hours at night.",0,0
mistral-7b,Ethiopia,English,inst-4,New-pe-47,Family,09/01 (September 1st),0,0
mistral-7b,Ethiopia,English,inst-4,New-pe-49,Family, Debtera or Church at home (depending on tradition),1,1.0
mistral-7b,Ethiopia,English,inst-4,New-pe-53,Family," Traditionally, Ethiopian fathers receive a special bread called Injera on Father's Day. However, modern celebrations may also include gifts such as clothing, electronics, or tools.",0,0
mistral-7b,Ethiopia,English,inst-4,New-pe-54,Family," Flowers, especially gerbera daisies, and traditional hand-woven cloth called ""netela"" or ""shemma.""",0,0
mistral-7b,Ethiopia,English,inst-4,New-pe-59,Family,"3.5 (This is an approximation as it's common for extended families to share households, but not always all generations at once.)",1,1.0
mistral-7b,Ethiopia,English,inst-4,New-pe-65,Education,"8 (Subjects may vary, but typically include Mathematics, Science, Amharic, English, Social Studies, Geography, History, and Religious Education.)",0,0
mistral-7b,Ethiopia,English,inst-4,New-pe-66,Education," I'm sorry for any inconvenience, but as a text-based AI model, I don't have real-time data collection capabilities to provide specific and up-to-date information about the most popular after-school curriculars in elementary schools in Ethiopia. However, based on general knowledge, it is likely that activities such as language learning (English, Amharic), mathematics tutoring, computer skills training, and arts & crafts are common. For accurate and detailed information, I would recommend consulting a reliable source like UNESCO or the Ministry of Education in Ethiopia.",0,0
mistral-7b,Ethiopia,English,inst-4,New-pe-74,Education," The data on the average annual tuition fee for public universities in Ethiopia can vary, but it's generally around 1,000 to 3,000 Birr per year.",0,0
mistral-7b,Ethiopia,English,inst-4,New-pe-76,Holidays/Celebration/Leisure, Picnicking or Outdoor Gatherings,0,0
mistral-7b,Ethiopia,English,inst-4,New-pe-78,Holidays/Celebration/Leisure, Ethiopian International Film Festival (EIFF),0,0
mistral-7b,Ethiopia,English,inst-4,New-pe-83,Holidays/Celebration/Leisure, Gurame (or Aduwash) is the popular card game played during social gatherings in Ethiopia.,1,1.0
mistral-7b,Ethiopia,English,inst-4,New-pe-85,Holidays/Celebration/Leisure, Dubai (United Arab Emirates),1,1.0
mistral-7b,Ethiopia,English,inst-4,New-pe-86,Holidays/Celebration/Leisure," The most famous tower in Ethiopia is the Church of St. Mary of Zion, which houses the original Lalibela Cross and is traditionally believed to be the final resting place of the Biblical Ark of the Covenant. However, it's important to note that this structure isn't typically referred to as a tower but rather a church with a tall central tower.",0,0
mistral-7b,Ethiopia,English,inst-4,New-spme-01,Food," Locust Bean Ant (Termaathoracus colossus) or Dereessaa in Amharic, not locusts as commonly misperceived. The confusion arises due to the similarity of their names and the fact that they are both found in Ethiopia. However, the edible insect referred to in this question is a type of ant native to Ethiopia, which is harvested for food.",,
mistral-7b,Ethiopia,English,inst-4,New-spme-04,Food, Coffee,1,1.0
mistral-7b,Ethiopia,English,inst-4,New-spme-05,Food," Injera with Tibs, Dabo Nabo (Cabbage and Carrot stew), Kay Wot (Chicken stew) and Honey Wot (Spicy honey dish) are not sweets, but they are popular dishes in Ethiopia. The most popular sweets in Ethiopia include:
1. Dura Wot (Carrot Pudding)
2. Misho Korma (Popcorn pudding)
3. Yedere Kolo (Sesame seed cookie)
4. Taita (Fried dough balls)
5. Kita K'utu (Coffee and butter popcorn)",1,0.5
mistral-7b,Ethiopia,English,inst-4,New-spme-15,Sport," Brukina Soda (not a sports drink, but the most popular carbonated beverage in Ethiopia)
The correct answer for a sports drink would be Pocari Sweat, which is quite popular in Ethiopia. However, as per your request, I provided the most popular non-sports drink instead.",0,0
mistral-7b,Ethiopia,English,inst-4,New-spme-27,Education, Primary or Incomplete Secondary Education (based on UNESCO data from 2018),0,0
mistral-7b,Ethiopia,English,inst-4,New-spme-37,Education, Engineering,1,1.0
mistral-7b,Ethiopia,English,inst-4,New-spme-60,Family, Sunday,1,1.0
mistral-7b,Ethiopia,English,inst-4,New-spme-65,Family," Enqutatash (Ethiopian New Year) is celebrated on September 11, marking the end of the Italian occupation and Ethiopia's independence. However, if you meant the celebration that corresponds more closely to Western Independence Days like the 4th of July in the U.S., there isn't a specific holiday in Ethiopia that directly corresponds to this.",0,0
mistral-7b,Ethiopia,English,inst-4,New-spme-68,Family," Tea (Atole or Jebena) is commonly consumed by children in Ethiopia, but the most popular beverage among children is likely to be Sugarcane Juice (Tere Mure). However, soft drinks like Coca-Cola and Fanta are also quite popular.",1,1.0
mistral-7b,Ethiopia,English,inst-4,New-spme-76,Holidays/Celebration/Leisure, Addis Ababa,0,0
mistral-7b,Ethiopia,English,inst-4,New-spme-78,Holidays/Celebration/Leisure," Hatika Ewushetawi (Happy Birthday) in Amharic, which translates to ""You have lived a year"" in English. However, it's important to note that this version of the song is not universally recognized outside of Ethiopia.",1,1.0
mistral-7b,Ethiopia,English,inst-4,New-su-01,Food, Injera rolls (Kitcha) and popcorn are commonly sold in front of schools in Ethiopia.,0,0
mistral-7b,Ethiopia,English,inst-4,New-su-09,Food," Niter Kibbeh (clarified butter) or vegetable oil, depending on preference.",1,0.6666666666666666
mistral-7b,Ethiopia,English,inst-4,New-su-10,Food, Injera (a type of flatbread made from teff flour) is commonly consumed by pregnant women in Ethiopia.,1,1.0
mistral-7b,Ethiopia,English,inst-4,New-su-15,Food," Tej (Honey Wine) or Ti Panner (Butter Milk) are traditional drinks in Ethiopia, but the most popular non-alcoholic drink is Ti Panner (Butter Milk).",0,0
mistral-7b,Ethiopia,English,inst-4,New-su-17,Sport," In Ethiopian parks, you can typically find facilities for football (soccer) fields, basketball courts, and sometimes running tracks. Other common facilities may include playgrounds for children, open spaces for various activities, and possibly swimming pools or tennis courts in larger parks. However, the specific facilities may vary depending on the park's size and location.",1,0.5
mistral-7b,Ethiopia,English,inst-4,New-su-21,Sport,"1. Socializing, Exercising (Walking, Jogging), Picnicking, Reading, Playing Traditional Games (e.g., board games, checkers), and Bird Watching.",1,1.0
mistral-7b,Ethiopia,English,inst-4,New-su-24,Sport," Soccer (Football) is a common sport that parents and children often play together in Ethiopia. Other popular sports include traditional games such as Kolo, a form of hopscotch, and Goma, a game similar to hacky sack.",1,1.0
mistral-7b,Ethiopia,English,inst-4,New-su-28,Sport," Green (and yellow) - The Ethiopian national soccer team's official colors are green and yellow, as represented in their jersey design.",1,1.0
mistral-7b,Ethiopia,English,inst-4,New-su-33,Education," There isn't a universally enforced dress code for all school teachers in Ethiopia. However, it's common for teachers to wear business casual or traditional attire, such as a shirt and trousers for men, and a dress or traditional Ethiopian clothing (such as the Habesha Shemma) for women.",0,0
mistral-7b,Ethiopia,English,inst-4,New-su-34,Education, Choir or Traditional Music Club (depending on the school's focus),1,0.5
mistral-7b,Ethiopia,English,inst-4,New-su-42,Education, Ethiopian Orthodox Christianity,1,1.0
mistral-7b,Ethiopia,English,inst-4,New-su-45,Education,09/09,,
mistral-7b,Ethiopia,English,inst-4,New-su-50,Work life, Agriculture,1,0.5
mistral-7b,Ethiopia,English,inst-4,New-su-51,Work life, Fishing is the main occupation of people in coastal areas in Ethiopia.,1,1.0
mistral-7b,Ethiopia,English,inst-4,New-su-57,Work life, Cattle,1,0.75
mistral-7b,Ethiopia,English,inst-4,New-su-58,Work life," Cattle, Goats, Sheep, and Asses (donkeys)",1,0.2
mistral-7b,Ethiopia,English,inst-4,New-su-59,Work life, Cotton clothing or traditional loincloths (Shamma) are commonly worn by farmers in Ethiopia for protection against heat while farming.,0,0
mistral-7b,Ethiopia,English,inst-4,New-su-60,Work life," Injera (a type of flatbread made from teff flour) with various stews, such as tibs, doro wot, or misir wot. However, the exact meal can vary based on region and personal preference.",1,1.0
mistral-7b,Ethiopia,English,inst-4,New-su-71,Family," Traditional Ethiopian gifts for children on their birthday may include clothing, toys, books, and sometimes small electronic devices or jewelry. However, it's also common for families to celebrate with a large family gathering, traditional food, and cultural activities.",1,1.0
mistral-7b,Ethiopia,English,inst-4,New-su-75,Family," Most families in Ethiopia generally own motorcycles or minibuses, rather than cars due to affordability reasons. Cars are less common.",0,0
mistral-7b,Ethiopia,English,inst-4,New-su-77,Holidays/Celebration/Leisure," Dolls or small toys, along with traditional sweets like honey, dates, and popcorn.",1,0.5
mistral-7b,Ethiopia,English,inst-4,New-su-81,Holidays/Celebration/Leisure, Traditional Ethiopian Shamma (white cotton robe) or Western suit.,0,0
mistral-7b,Ethiopia,English,inst-4,New-su-82,Holidays/Celebration/Leisure, Traditional Ethiopian brides typically wear a white or gold Geleb (traditional dress) with a Shamma (shawl). The Geleb is adorned with intricate embroidery and beadwork.,0,0
mistral-7b,Ethiopia,English,inst-4,New-su-83,Holidays/Celebration/Leisure, Injera (Ethiopian flatbread) with various stews (wot).,0,0
mistral-7b,Ethiopia,English,inst-4,New-su-86,Holidays/Celebration/Leisure," Addis Ababa's Palace (Menelik II Palace) or the African Union Commission Headquarters (Maison de l'AUB/HQCC) are often considered the most famous government buildings in Ethiopia. However, if you're referring to the most iconic and recognized, it would be the African Union Commission Headquarters.",0,0
mistral-7b,Ethiopia,English,inst-4,New-su-88,Holidays/Celebration/Leisure, Hip Hop/Rap,1,1.0
mistral-7b,Ethiopia,English,inst-4,Ni-en-02,Education,14:30 (assuming a typical school day is from 07:30 to 14:30),0,0
mistral-7b,Ethiopia,English,inst-4,Ni-en-03,Education,18,1,0.5
mistral-7b,Ethiopia,English,inst-4,Ni-en-06,Education,"8 (Primary education is compulsory from Grade 1 to Grade 8, which typically starts at the age of 6 or 7 and ends at around 13 or 14 years old.)",1,1.0
mistral-7b,Ethiopia,English,inst-4,Ni-en-09,Education,5,1,1.0
mistral-7b,Ethiopia,English,inst-4,Ni-en-11,Education,2 (usually 2 years for a full-time program),1,1.0
mistral-7b,Ethiopia,English,inst-4,Ni-en-12,Education, Addis Ababa University,1,1.0
mistral-7b,Ethiopia,English,inst-4,Ni-en-13,Education,"23 (This is an approximation, as graduation ages can vary widely depending on individual circumstances and educational system.)",1,1.0
mistral-7b,Ethiopia,English,inst-4,Ni-en-15,Education,14,1,1.0
mistral-7b,Ethiopia,English,inst-4,Ni-en-17,Work life,48,1,1.0
mistral-7b,Ethiopia,English,inst-4,Ni-en-19,Work life,5,1,1.0
mistral-7b,Ethiopia,English,inst-4,Ni-en-20,Work life,15,0,0
mistral-7b,Ethiopia,English,inst-4,Ni-en-21,Work life,15,0,0
mistral-7b,Ethiopia,English,inst-4,Ni-en-31,Holidays/Celebration/Leisure," Injera (a type of flatbread) with Doro Wat (chicken stew). However, it's important to note that the specific dishes can vary regionally and among individual families.",1,0.25
mistral-7b,Ethiopia,English,inst-4,Ni-en-37,Holidays/Celebration/Leisure, Koshe Feker (Ethiopian Valentine's Day),1,1.0
mistral-7b,Ethiopia,English,inst-4,Ni-en-40,Holidays/Celebration/Leisure," ""Natsnetch Admas"" (New Year of Princes) is the most popular Christmas song in Ethiopia, although it's celebrated on January 7 according to the Ethiopian Orthodox Tewahedo Church calendar.",0,0
mistral-7b,Ethiopia,English,inst-4,Nu-in-04,Education,2 (دوينة),1,1.0
mistral-7b,Ethiopia,English,inst-4,Nu-in-05,Education,9,0,0
mistral-7b,Ethiopia,English,inst-4,Nu-in-06,Education,09/10 (September 10th),0,0
mistral-7b,Ethiopia,English,inst-4,Nu-in-11,Education,"07:30 (assuming standard school hours, this can vary depending on the specific region or school)",0,0
mistral-7b,Ethiopia,English,inst-4,Nu-in-20,Family,09/27 (September 27),,
mistral-7b,Ethiopia,English,inst-4,Nu-in-40,Work life, Addis Ababa,1,1.0
mistral-7b,Ethiopia,English,inst-4,Sa-en-1,Food," None (As of now, Ethiopia does not have a widely recognized fast-food chain similar to those in Western countries.)",0,0
mistral-7b,Ethiopia,English,inst-4,Sa-en-13,Food, Injera (Ethiopian sourdough flatbread),1,1.0
mistral-7b,Ethiopia,English,inst-4,Sa-en-16,Sport," Saint George Soccer Club (Ethiopia) or Saint George SC, commonly known as Gezzachew Yeka, is the most popular soccer team in Ethiopia. It's based in Addis Ababa and has won numerous Ethiopian Premier League titles.",1,1.0
mistral-7b,Ethiopia,English,inst-4,Sa-en-22,Sport, Addis Ababa University (AAU),1,0.5
mistral-7b,Ethiopia,English,inst-4,Sa-en-31,Family," Dog (or Kishu Inu, a traditional Ethiopian breed)",1,0.8
mistral-7b,Ethiopia,English,inst-4,Sa-en-32,Family," I'm sorry for any inconvenience, but as a text-based AI model, I don't have real-time data or browsing capabilities to provide the most up-to-date information. However, according to various sources, one of the popular family TV shows in Ethiopia is ""Ye Kelalu"" (The Neighbors). It's a sitcom that airs on Ethiopian Broadcasting Corporation (EBC) and has gained significant popularity among Ethiopian audiences. For the most accurate and current information, I would recommend checking out recent TV ratings or conducting a survey in Ethiopia.",0,0
mistral-7b,Ethiopia,English,inst-4,Sa-en-37,Family," I'm sorry for any inconvenience, but as of my last update, specific data about the most popular family board game in Ethiopia isn't readily available. It would be best to consult a local or regional source for the most accurate information. Some common family board games are popular worldwide, such as Chess, Scrabble, Monopoly, and Trivial Pursuit, but their popularity can vary greatly from one region to another.",,
mistral-7b,Ethiopia,English,inst-4,Sa-en-6,Food, Injera and Wot (Ethiopian stew),0,0
mistral-7b,Ethiopia,English,inst-4,Sa-en-7,Food," Injera, Tibs, Kitfo, Doro Wat, and Ful are some popular snacks in Ethiopia.",0,0
mistral-7b,Ethiopia,English,inst-4,Sa-en-9,Food," People from Ethiopia typically don't have specific traditional dishes associated with beach activities as their culture is landlocked and doesn't have coastal regions. However, they might enjoy similar activities like picnics or barbecues, but with local foods such as Injera (a type of flatbread), Tibs (spiced meat dishes), Kitfo (minced raw beef), or Misir Wot (red lentil stew).",1,0.25
mistral-7b,Ethiopia,English,inst-4,Ta-pe-10,Family,"25.6 (According to a study by the United Nations, the median age for men at first marriage in Ethiopia is approximately 25.6 years old.)",0,0
mistral-7b,Ethiopia,English,inst-4,Ta-pe-11,Family,"23.6 (This is the average age of marriage for women in Ethiopia, according to a 2016 UN report.)",0,0
mistral-7b,Ethiopia,English,inst-4,Ta-pe-13,Family,5.6 (This is an approximation based on various sources suggesting an average of around 5-7 members per household in rural Ethiopia and 4-5 members in urban areas during the mid-20th century.),1,1.0
mistral-7b,Ethiopia,English,inst-4,Ta-pe-17,Sport, Athletics (Track and Field),1,1.0
mistral-7b,Ethiopia,English,inst-4,Ta-pe-21,Sport, Schools or open fields.,1,1.0
mistral-7b,Ethiopia,English,inst-4,Ta-pe-22,Sport," Jogging (or running) is a popular form of daily exercise among many women in Ethiopia, particularly in cities like Addis Ababa. However, it's important to note that traditional exercises such as the Goma Arari (a type of jumping rope) and Eskista (traditional dance) are also widely practiced. The answer provided is a generalization, as individual preferences may vary.",0,0
mistral-7b,Ethiopia,English,inst-4,Ta-pe-23,Sport," Jogging (or Running) is a popular daily exercise among men in Ethiopia, particularly in the capital city Addis Ababa. However, it's important to note that traditional exercises like Goma (a form of wrestling) and cultural dances are also common.",0,0
mistral-7b,Ethiopia,English,inst-4,Ta-pe-25,Sport, Saint George SC vs Coffee SC,1,1.0
mistral-7b,Ethiopia,English,inst-4,Ta-pe-29,Sport, Football (Soccer),1,1.0
mistral-7b,Ethiopia,English,inst-4,Ta-pe-30,Sport, Ethiopian Sports News (EBS) or Efete Hizan (የኢትዮጵያ ስፈተ ሕዝን) is the most popular sports-related TV program in Ethiopia. It airs on Ethiopian Broadcasting Corporation (EBC).,0,0
mistral-7b,Ethiopia,English,inst-4,Ta-pe-32,Holidays/Celebration/Leisure," Enkutatash (Ethiopian New Year) is celebrated on August 29 or 30, depending on the traditional calendar used, and it often includes firework displays. However, it's important to note that not every year has fireworks due to cultural and religious reasons.",1,1.0
mistral-7b,Ethiopia,English,inst-4,Ta-pe-37,Holidays/Celebration/Leisure,12-hour cross (or Gudas Nasa),0,0
mistral-7b,Ethiopia,English,inst-4,Ta-pe-42,Holidays/Celebration/Leisure," Injera (a type of flatbread made from teff flour) with various stews, such as Doro Wat (chicken stew), Tibs (spiced meat dishes), and Misir Wot (red lentil stew). These are traditionally eaten on Enkutatash, the Ethiopian New Year.",1,1.0
mistral-7b,Ethiopia,English,inst-4,Ta-pe-45,Holidays/Celebration/Leisure," Injera (a type of flatbread made from teff flour) with Doro Wat (chicken stew). This meal is traditionally served during the Ethiopian celebration of the longest night of the year, known as Ganna or Enkutatash.",1,1.0
mistral-7b,Ethiopia,English,inst-4,Th-en-01,Sport, Athletics (Track and Field),1,1.0
mistral-7b,Ethiopia,English,inst-4,Th-en-03,Sport, Ethiopian Football Federation (EFF) or Ethiopian Premier League (EPL) for football (soccer).,1,1.0
mistral-7b,Ethiopia,English,inst-4,Th-en-05,Sport," I'm sorry for any inconvenience, but as of my last update, I don't have specific data on the most popular women's sports team in Ethiopia. It would be best to consult a more recent and specialized source for this information.",0,0
mistral-7b,Ethiopia,English,inst-4,Th-en-09,Sport," Ethiopian Premier League Cup (EPLC) or Ethiopian Super Cup (ESC) (There might be multiple tournaments, but these are the most recognized ones.)",0,0
mistral-7b,Ethiopia,English,inst-4,Th-en-11,Sport, Haile Gebrselassie,0,0
mistral-7b,Ethiopia,English,inst-4,Th-en-12,Sport, Athletics (Track and Field),1,1.0
mistral-7b,Ethiopia,English,inst-4,Th-en-15,Sport, There is no significant winter sports culture in Ethiopia due to its tropical climate.,0,0
mistral-7b,Ethiopia,English,inst-4,Th-en-19,Work life," Addis Ababa (or Hawassa, which is an emerging industrial hub)",1,0.5
mistral-7b,Ethiopia,English,inst-4,Th-en-21,Work life, Cash Bonus or Performance-Based Rewards,1,0.5
mistral-7b,Ethiopia,English,inst-4,Th-en-22,Work life, The Great Famine (1984-1985) or Derg era (1974-1991) due to political instability and subsequent famine.,0,0
mistral-7b,Ethiopia,English,inst-4,Th-en-24,Work life, Addis Ababa,1,1.0
mistral-7b,Ethiopia,English,inst-4,Th-en-27,Work life, Agriculture,0,0
mistral-7b,Ethiopia,English,inst-4,Th-en-35,Family, Dinner (or what is traditionally known as Injera and Wot),1,1.0
mistral-7b,Ethiopia,English,inst-4,Th-en-36,Family, Visiting historical sites or going for a picnic at local parks are popular family activities in Ethiopia on weekends.,0,0
mistral-7b,Ethiopia,English,inst-4,Th-en-37,Family,18,1,0.5
mistral-7b,Ethiopia,English,inst-4,Th-en-38,Family, Ethiopian Orthodox Timket (Epiphany),0,0
mistral-7b,Ethiopia,English,inst-4,Th-en-39,Family, Goma (or Mancala) is a popular family game in Ethiopia.,,
mistral-7b,Ethiopia,English,inst-4,Th-en-41,Family,"25.6 (Source: World Bank data, 2019)",1,1.0
mistral-7b,Ethiopia,English,inst-4,Th-en-43,Family,"0.5 (Approximately, as car ownership is relatively low due to economic reasons and infrastructure limitations.)",0,0
mistral-7b,Ethiopia,English,inst-4,Th-en-44,Family, Injera with Wot (stew) is Ethiopia's most popular food for family meals on weekends.,0,0
mistral-7b,Ethiopia,English,inst-4,Th-en-45,Family," I don't have real-time data or personal experiences, so I can't definitively say what the most popular weekday evening family activity is in Ethiopia. However, it's common for families around the world to gather for dinner and share stories, which could be a popular activity in Ethiopia as well.",0,0
mistral-7b,Ethiopia,English,inst-4,Th-en-48,Education,10 (Grade A) or 5 (Grade Excellent) depending on the grading system used in Ethiopian schools.,0,0
mistral-7b,Ethiopia,English,inst-4,Th-en-49,Education," Ethiopian General Certificate of Secondary Education (EGCSE) or Grade 12 National Exam (Tigrigna: መብረፍ ኤግላክ መለሰፍ መለሰፍ ሓርነት, Amharic: መብረፍ ኤግላክ መለሰፍ ሓርነት)",0,0
mistral-7b,Ethiopia,English,inst-4,Th-en-51,Education, Education System Specifics Prevent Me From Providing an Answer. It's best to consult local resources or educational institutions in Ethiopia for accurate information regarding their priorities.,0,0
mistral-7b,Ethiopia,English,inst-4,Th-en-53,Education," I don't have real-time data or personal experiences, so I can't definitively say what the most popular extracurricular social event at schools in Ethiopia is. However, it's common for students to participate in cultural events, sports activities, and academic clubs based on available resources and local traditions.",0,0
mistral-7b,Ethiopia,English,inst-4,Th-en-58,Education," Calculus or Advanced Mathematics Analysis (depending on the school) may be considered the most advanced math subject learned before university in Ethiopia, but it varies among schools and curricula.",1,1.0
mistral-7b,Ethiopia,English,inst-4,Tmp-ar-01,Education, Libraries or designated study areas on campus.,1,1.0
mistral-7b,Ethiopia,English,inst-4,Tmp-ar-02,Education," Bus (or Matatu, which is a type of minibus popular in East Africa)",1,1.0
mistral-7b,Ethiopia,English,inst-4,Tmp-ar-04,Education," After school, elementary students in Ethiopia typically go home or to a community center for additional study, play, or engage in activities such as sports or clubs. Some may also work part-time jobs or help with household chores.",1,1.0
