model,country,language,prompt_no,ID,topic,response,score,weight
mistral-7b,Ethiopia,Amharic,inst-4,Al-en-01,Food,በኢትዮጵያ ቅድመ መደበኛ ልጆች የተለመደ መክሰስ በሚፈራሪያ በመረጃ በማህበረ በመሆኑ በመሰረፍ በመዝገባ በመራራሪ በመሮሃረ በመሞክሰስ በመመጽመሎ በመዝፍ በመራራሪ በመሮሃረ በመሞክሰስ በመመጽመሎ በመዝፍ በመሮሃረ በመሞክሰስ በመመጽመሎ በመዝፍ በመሮሃረ በመሞክሰስ በመመጽመሎ በመዝፍ በመሮሃረ በመሞክሰስ በመመጽመሎ ,0,0
mistral-7b,Ethiopia,Amharic,inst-4,Al-en-02,Food,"በኢትዮጵያ ቢራ ጋር ምን ዓይነት ምግብ የተወደደ ነው?

መልስ: ኢትዮጵያ ቢራ ጋር በሚሳህ እንዲሁም የማሕበረተኞች ነው በመጫባቢት በሚሳህ እንዲሁም የማሕበረተኞች ነው በመጫባቢት በሚሳህ እንዲሁም የማሕበረተኞች ነው በመጫባቢት በሚሳህ እንዲሁም የማሕበረተኞች ነው በመጫባቢት በሚሳህ እንዲሁም የማሕበረተኞች ነው በመጫባቢት በሚሳህ እንዲሁም የማሕበረተኞ",0,0
mistral-7b,Ethiopia,Amharic,inst-4,Al-en-04,Food,"በኢትዮጵያ ምን ዓይነት ፍሬ እጅግ ታዋቂ ነው?

መልስ: ኢትዮጵያ ነጻ የሚያዩ ማህደር እንደ ባህላዊ ከፍሬ እጅግ ታዋቂ ነው ይመራመለሁ በሚያዩ ማህደር እንደ ግራቱ ከፍሬ እጅግ ታዋቂ ነው ይመራመለሁ በሚያዩ ማህደር እንደ ግራቱ ከፍሬ እጅግ ታዋቂ ነው ይመራመለሁ በሚያዩ ማህደር እንደ ግራቱ ከፍሬ እጅግ ታዋቂ ነው ይመራመለሁ በሚያዩ ማህደር ",0,0
mistral-7b,Ethiopia,Amharic,inst-4,Al-en-06,Food,በኢትዮጵያ በትምህርት ቤት መኖሪያ የተለመደ ምግብ ማሕበረያ መሆኑ መለሻ መሆኑ መለሻ መጣ። ማሕበረያ መሆኑ መለሻ መጣ፡፡ ማሕበረያ መሆኑ መለሻ መጣ፡፡ ማሕበረያ መሆኑ መለሻ መጣ፡፡ ማሕበረያ መሆኑ መለሻ መጣ፡፡ ማሕበረያ መሆኑ መለሻ መጣ፡፡ ማሕበረያ መሆኑ መለሻ መጣ፡፡ ማሕበረያ መሆኑ መለሻ መጣ፡፡ ማሕበረያ መሆኑ መለሻ,0,0
mistral-7b,Ethiopia,Amharic,inst-4,Al-en-08,Food,በኢትዮጵያ በገባያ አዳራሽ ውስጥ በተለይ የሚበሉ ምግቦች ናቸው በመሆኑ በማህበረ በመሆኑ በሚሰለጥ በመሆኑ በመሆኑ በማህበረ በመሆኑ በሚሰለጥ በመሆኑ በመሆኑ በማህበረ በመሆኑ በሚሰለጥ በመሆኑ በመሆኑ በማህበረ በመሆኑ በሚሰለጥ በመሆኑ በመሆኑ በማህበረ በመሆኑ በሚሰለጥ በመሆኑ በመሆኑ በማህበረ በመሆኑ በሚሰለጥ በ,0,0
mistral-7b,Ethiopia,Amharic,inst-4,Al-en-09,Food,በኢትዮጵያ የመዝናኛ ፓርክ ውስጥ ታዋቂ አሰራር ምግባ መሆን መረጃ ማህበረኝ መሆን መረጃ ይመሰረ፡፡ በሚሳለቱ ማህበረኝ በመሆን መረጃ ይመሰረ፡፡ በሚሳለቱ ማህበረኝ በመሆን መረጃ ይመሰረ፡፡ በሚሳለቱ ማህበረኝ በመሆን መረጃ ይመሰረ፡፡ በሚሳለቱ ማህበረኝ በመሆን መረጃ ይመሰረ፡፡ በሚሳለቱ ማህበረኝ በመሆን መረጃ ይመሰረ፡፡ በሚ,0,0
mistral-7b,Ethiopia,Amharic,inst-4,Al-en-16,Education,"በአንድ ኢትዮጵያ ልጆች ቅድመ መደበኛ ትምህርት የሚጀምሩበት እድሜ ስንት ነው ይህ በመሆኑ ተመረጡ። በምሳሌ 12 ብቻ በማሕበያ በሚሆን ነው በመሆኑ ተመረጡ። በመሆኑ በማሕበያ በሚሆን በመሆኑ ተመረጡ። በመሆኑ በማሕበያ በሚሆን በመሆኑ ተመረጡ።

በአንድ ኢትዮጵያ ልጆች ቅድመ መደበኛ ትምህርት የሚጀምሩበት እድሜ ስንት ነው በመሆኑ ተመረጡ። በአንድ ኢትዮጵያ ል",0,0
mistral-7b,Ethiopia,Amharic,inst-4,Al-en-17,Education,በኢትዮጵያ በመጀመሪያ ደረጃ ትምህርት ቤቶች ከትምህርት በኋላ የሚካሄድ ስፖርት ዓይነት መጡሮችን ማሳደር መሆኑ በሚያዩ መሆኑ በመጀመሪያ በኢትዮጵያ የማስፈራሽን መሆኑ በሚያዩ መሆኑ በመጀመሪያ የማስፈራሽን መሆኑ በሚያዩ መሆኑ በመጀመሪያ የማስፈራሽን መሆኑ በሚያዩ መሆኑ በመጀመሪያ የማስፈራሽን መሆኑ በሚያዩ መሆኑ በመጀመሪያ የማስፈራሽን መሆኑ በ,0,0
mistral-7b,Ethiopia,Amharic,inst-4,Al-en-18,Education,"ጥያቄ, በኢትዮጵያ በመጀመሪያ ደረጃ ትምህርት ተማሪዎቸ የግል አስጠኚ የሚቀጠርላቸው በተለየ ለየትኛው የትምህርት አይነት ነው ያሉዋለሁ በመጀመሪያ ተማሪዎች በኢትዮጵያ የሚፈላጥ በመሆኑ በመሆኑ ተማሪዎች በመጀመሪያ የሚፈላጥ በመሆኑ በመሆኑ ተማሪዎች በመጀመሪያ የሚፈላጥ በመሆኑ በመሆኑ ተማሪዎች በመጀመሪያ የሚፈላጥ በመሆኑ በመሆኑ ተማሪዎ",0,0
mistral-7b,Ethiopia,Amharic,inst-4,Al-en-19,Education,በኢትዮጵያ በሁለተኛ ደረጃ ትምህርት ተማሪዎች ተመራጭ ሁለተኛ ቋንቋ መሆኑ በሚፈላመት በመሆኑ በመጽሐፍ በመሆኑ በመሆኑ በመሆኑ በመሆኑ በመሆኑ በመሆኑ በመሆኑ በመሆኑ በመሆኑ በመሆኑ በመሆኑ በመሆኑ በመሆኑ በመሆኑ በመሆኑ በመሆኑ በመሆኑ በመሆኑ በመሆኑ በመሆኑ በመሆኑ በመሆኑ በመሆኑ በመሆኑ በመሆኑ በመሆኑ በመሆኑ በ,0,0
mistral-7b,Ethiopia,Amharic,inst-4,Al-en-21,Education,"ጥያቄ, በኢትዮጵያ ለብልህ ተማሪ ጠቃሚ ትምህርት ነው የቱ አይነት ይመረጡ። በማሕረዳዊ መሆኑ ተመረጠባለው የትምህርት አይነት በማሕረዳዊ መሆኑ ተመረጠባለው የቱ አይነት ይመረጡ። በማሕረዳዊ መሆኑ ተመረጠባለው የትምህርት አይነት በማሕረዳዊ መሆኑ ተመረጠባለው የቱ አይነት ይመረጡ። በማሕረዳዊ መሆኑ ተመረጠባለው የትምህርት አይነት በማሕረዳዊ መሆኑ ተመረ",0,0
mistral-7b,Ethiopia,Amharic,inst-4,Al-en-32,Holidays/Celebration/Leisure,በኢትዮጵያ ለምስጋና በዓል ዋነኛው ምግብ መሰረሃይ መሆኑ መሰረሃይ መሆኑ ማህግ በሚነበር መሆኑ መሰረሃይ መሆኑ የሚያዩ ግዜ በማህግ በመሆኑ ተመሆኑ በመሆኑ የሚያዩ ግዜ በማህግ በመሆኑ ተመሆኑ በመሆኑ የሚያዩ ግዜ በማህግ በመሆኑ ተመሆኑ በመሆኑ የሚያዩ ግዜ በማህግ በመሆኑ ተመሆኑ በመሆኑ የሚያዩ ግዜ በማህግ በመሆኑ ተመሆኑ በ,1,1.0
mistral-7b,Ethiopia,Amharic,inst-4,Al-en-33,Holidays/Celebration/Leisure,ሰዎች በኢትዮጵያ ሃሎዊንን ለመውደም ማህበረ ሓላሚ ለማስጡ መሆኑ ለማሕበረ ሓላሚ ለማስጡ መሆኑ ለማሕበረ ሓላሚ ለማስጡ መሆኑ ለማሕበረ ሓላሚ ለማስጡ መሆኑ ለማሕበረ ሓላሚ ለማስጡ መሆኑ ለማሕበረ ሓላሚ ለማስጡ መሆኑ ለማሕበረ ሓላሚ ለማስጡ መሆኑ ለማሕበረ ሓላሚ ለማስጡ መሆኑ ለማሕበረ ሓላሚ ለማስጡ መሆኑ ለማሕበረ ሓላሚ ለማስጡ ,,
mistral-7b,Ethiopia,Amharic,inst-4,Al-en-34,Holidays/Celebration/Leisure,ሰዎች በኢትዮጵያ አዲስ አመት ቀን ሊያከብሩት ማህደር መሆኑ መጠባቸው መሆኑ መጠባቸው መሆኑ መጠባቸው ማህደር የሚያዩ መሆኑ መጠባቸው ማህደር መሆኑ መጠባቸው የሚያዩ መሆኑ መጠባቸው ማህደር መሆኑ መጠባቸው የሚያዩ መሆኑ መጠባቸው ማህደር መሆኑ መጠባቸው የሚያዩ መሆኑ መጠባቸው ማህደር መሆኑ መጠባቸው የሚያዩ መሆኑ መጠባቸው ማህደር መሆ,0,0
mistral-7b,Ethiopia,Amharic,inst-4,Al-en-35,Holidays/Celebration/Leisure,"በኢትዮጵያ ሰዎች ገና በአል ለማክበር መሆን መረጃ መለሻ መሰረፍ ያደርጋሉ ይህ የነጻ ማብራሪያ አንድ መልስ ብቻ ይስጡ።

በሚሆን ነው የማብራሪያ አንድ መልስ ብቻ መሰረፍ መሆን መረጃ የነጻ ማብራሪያ አንድ መልስ ብቻ ይስጡ።

በሚሆን ነው የማብራሪያ አንድ መልስ ብቻ መሰረፍ መሆን መረጃ የነጻ ማብራሪያ አንድ መልስ ብቻ ይስጡ።

በሚሆን ነው የማብራሪያ አንድ መልስ ብቻ መሰ",0,0
mistral-7b,Ethiopia,Amharic,inst-4,Al-en-36,Holidays/Celebration/Leisure,"ኢትዮጵያ ነው የሚከተለውን ጥያቄ አንባቡ እና ያልምንም ማብራሪያ መልስ ብቻ ይስጡ።

በኢትዮጵያ ምን ዓይነት ምግባ ከሃሎዊን ጋር ተያይዞ ይገኛል?

ኢትዮጵያ የሚከተለውን ጥያቄ አንባቡ እና ያልምንም ማብራሪያ መልስ ብቻ ይስጡ።

በኢትዮጵያ የሚከተለውን ጥያቄ አንባቡ እና ያልምንም ማብራሪያ መልስ ብቻ ይስጡ።

በኢትዮጵያ የሚከተለውን ጥያቄ አንባቡ እና ያልምንም ማብራሪያ መልስ ብቻ",,
mistral-7b,Ethiopia,Amharic,inst-4,Al-en-37,Holidays/Celebration/Leisure,"በኢትዮጵያ በገና በዓል ላይ የተያያዘ ምግብ ማህበረ መሆኑ ለማስጡ መልስ በሚነበር ይህን መሰረፍ መሆኑ ለማስጡ መልስ በሚነበር ያለው።

በኢትዮጵያ በገና በዓል ላይ የተያያዘ ምግብ ማህበረ መሆኑ ለማስጡ መልስ በሚነበር ያለው በመሰረፍ መሆኑ ለማስጡ መልስ በሚነበር ያለው በመሰረፍ መሆኑ ለማስጡ መልስ በሚነበር ያለው በመሰረፍ መሆኑ ለማስጡ መልስ በሚነበር",0,0
mistral-7b,Ethiopia,Amharic,inst-4,Al-en-38,Holidays/Celebration/Leisure,"በኢትዮጵያ በቪልንቴይን ቀን ምን ዓይነት ምግብ ይታያል መሆኑ ተመለረጠባቸው ማስጡ።

በኢትዮጵያ በቪልንቴይን ቀን መሆኑ ተመለረጠባቸው ማስጡ።

በኢትዮጵያ በቪልንቴይን ቀን መሆኑ ተመለረጠባቸው ማስጡ።

በኢትዮጵያ በቪልንቴይን ቀን መሆኑ ተመለረጠባቸው ማስጡ።

በኢትዮጵያ በቪልንቴይን ቀን መሆኑ ተመለረጠባቸው ማስጡ።

በኢትዮጵያ በቪልንቴይን ቀን መሆኑ ተመ",0,0
mistral-7b,Ethiopia,Amharic,inst-4,Al-en-39,Holidays/Celebration/Leisure,ኢትዮጵያ ሰዎች በልደታቸው ቀን የሚያዩ መረጃ እና ማስተካክለኝ መረጃ በመሆኑ ቀን የሚያዩ መረጃ በማስተካክ በመሆኑ ቀን መረጃ የሚያዩ መረጃ በማስተካክ በመሆኑ ቀን መረጃ የሚያዩ መረጃ በማስተካክ በመሆኑ ቀን መረጃ የሚያዩ መረጃ በማስተካክ በመሆኑ ቀን መረጃ የሚያዩ መረጃ በማስተካክ በመሆኑ ቀን መረጃ የሚያዩ መረጃ በማስተካክ በመሆኑ ቀን መ,0,0
mistral-7b,Ethiopia,Amharic,inst-4,Al-en-40,Holidays/Celebration/Leisure,"በኢትዮጵያ ቤተሰቦች ከታናሽ ልጆች ጋር ለመዝናናት የተመረጡ የውጭ ቦታዎች ምንድን ናቸው ያለው? ነው መሰረሃዊ የጥሩት በማስተኛችን በሚያዝባለቱ በመረጃ፡፡

1. የመረጃ ቦታዎች እና ማስተኛችን በሚያዝባለቱ የመረጃ ቦታዎች እና ማስተኛችን በሚያዝባለቱ የመረጃ ቦታዎች እና ማስተኛችን በሚያዝባለቱ የመረጃ ቦታዎች እና ማስተኛችን በሚያዝባለቱ የመ",0,0
mistral-7b,Ethiopia,Amharic,inst-4,Al-en-43,Holidays/Celebration/Leisure,በኢትዮጵያ ለቤተሰቦች የታወቀ ውስጥ ቤት እንክብካቤ መሆኑ በማህበረ ነው መሰረግ በሚኒቱ በመሆኑ በመሆኑ በማህበረ ይመጣ። መሰረግ በሚኒቱ በመሆኑ በመሆኑ በማህበረ ይመጣ በሚኒቱ በመሆኑ በመሆኑ በማህበረ ይመጣ በሚኒቱ በመሆኑ በመሆኑ በማህበረ ይመጣ በሚኒቱ በመሆኑ በመሆኑ በማህበረ ይመጣ በሚኒቱ በመሆኑ በመሆኑ በማህ,,
mistral-7b,Ethiopia,Amharic,inst-4,An-ar-02,Education,"ጥያቄ, በኢትዮጵያ ዩኒቨርስቲ ተማሪዎች ምሳቸውን የሚበሉበት ቦታ የት ነው ይህን አለባቸው መልስ ብቻ ይስጡ። በኢትዮጵያ ዩኒቨርስቲ ተማሪዎች ምሳቸውን የሚበሉበት ቦታ በኢትዮጵያ ነው ይህን አለባቸው መልስ ብቻ ይስጡ። በኢትዮጵያ ዩኒቨርስቲ ተማሪዎች ምሳቸውን የሚበሉበት ቦታ በኢትዮጵያ ነው ይህን አለባቸው መልስ ብቻ ይስጡ። በኢትዮጵያ ዩኒቨርስቲ ተማሪዎች ምሳቸውን",0,0
mistral-7b,Ethiopia,Amharic,inst-4,An-ar-03,Education,በአረቢኛ ቁጥሮች (1~12) ብቻ ምላሽ የትኛው ወር ይሆን በኢትዮጵያ በከፍተኛ ትምህርት ቤቶች የማጠቃለያ ፈተና ባብዛኛው በመሆን በመሆን በመሆን ይሆን በመሆን በመሆን ይሆን በመሆን በመሆን ይሆን በመሆን በመሆን ይሆን በመሆን በመሆን ይሆን በመሆን ይሆን በመሆን ይሆን በመሆን ይሆን በመሆን ይሆን በመሆን ይሆን በመሆን ይሆን በመሆን ይሆን በመሆን ይሆን በመሆን ይሆን በመሆን ይ,0,0
mistral-7b,Ethiopia,Amharic,inst-4,An-ar-08,Education,በኢትዮጵያ ቀን ትምህርት ቤት ውስጥ ስንት ሰዓት ያሳልፋሉ ነው፡፡ በመሆኑ ቁጥር 12:00 (መሆኑ ቁጥር) በማህደረግ ቀን ትምህርት ቤት ውስጥ ስንት ሰዓት ያሳልፋሉ፡፡ ከመሆኑ ቁጥር 12:00 (መሆኑ ቁጥር) በማህደረግ ቀን ትምህርት ቤት ውስጥ መሆኑ ቁጥር 18:00 (መሆኑ ቁጥር) ይስጡ፡፡ በማህደረግ ቀን ትምህርት ቤት ውስጥ መሆኑ ቁጥር 20:00 (መሆኑ ቁጥር) ይስጡ፡፡ በማህደረግ ቀን ትምህርት ቤት ውስጥ መሆኑ ,0,0
mistral-7b,Ethiopia,Amharic,inst-4,An-ar-09,Education,በኢትዮጵያ በከፍተኛ ትምህርት ቤት ተማሪዎች ባብዛኛው ስንተ ቋንቋዎችን ይማሩ በአረቢኛ ቁጥር (ምሳሌ 5) ብቻ ይምልካ፣ በመሆኑ ተማሪዎች ባብዛኛው ስንተ ቋንቋዎችን ይማሩ በአረቢኛ ቁጥር (ምሳሌ 5) ብቻ ይመሆኑ በሚነበር ተማሪዎች ባብዛኛው ስንተ ቋንቋዎችን ይማሩ በአረቢኛ ቁጥር (ምሳሌ 5) ብቻ ይመሆኑ በሚነበር ተማሪዎች ባብዛኛው ስንተ ቋንቋዎችን ይማሩ በአረቢኛ ,0,0
mistral-7b,Ethiopia,Amharic,inst-4,An-ar-34,Sport,በኢትዮጵያ በትምህርት ቤት በቡድን የሚጫወቱ እጅግ ታዋቂ ስፖርት መሆኑ ማሕበረው መሰረሃይ መለጫችን ነው። ህዝባዊ ማሕበረው መሰረሃይ መለጫችን በሚሆነ የሚጫወቱ እጅግ ታዋቂ ስፖርት መሰረሃይ መለጫችን በሚሆነ የሚጫወቱ እጅግ ታዋቂ ስፖርት መሰረሃይ መለጫችን በሚሆነ የሚጫወቱ እጅግ ታዋቂ ስፖርት መሰረሃይ መለጫችን በሚሆነ የሚጫወቱ እጅግ ታዋቂ ስ,0,0
mistral-7b,Ethiopia,Amharic,inst-4,An-ar-35,Sport,በኢትዮጵያ ታዋቂ የማን ሰጪ ማን ነው መሆኑ መረጃ መለሻ መረጃ በሚናቸው የማን ሰጪ ማን ነው መሆኑ መረጃ መለሻ በሚናቸው የማን ሰጪ ማን ነው መሆኑ መረጃ መለሻ በሚናቸው የማን ሰጪ ማን ነው መሆኑ መረጃ መለሻ በሚናቸው የማን ሰጪ ማን ነው መሆኑ መረጃ መለሻ በሚናቸው የማን ሰጪ ማን ነው መሆኑ መረጃ መለሻ በሚናቸው የማን ሰጪ ማን ነው መሆኑ መረጃ መ,0,0
mistral-7b,Ethiopia,Amharic,inst-4,An-ar-36,Sport,በኢትዮጵያ ምን ዓይነት ስፖርት ቡድን እጅግ ታዋቂ ነው መልስ በሚከተለውን በማህበሬ ባህላዊ ጥያቄ በመሆኑ በሚያዝባለው በማሕበረ በመጠቀመለው በመሆኑ በሚያዝባለው በማሕበረ በመጠቀመለው በመሆኑ በሚያዝባለው በማሕበረ በመጠቀመለው በመሆኑ በሚያዝባለው በማሕበረ በመጠቀመለው በመሆኑ በሚያዝባለው በማሕበረ በመጠቀመለው በመሆ,0,0
mistral-7b,Ethiopia,Amharic,inst-4,An-ar-43,Sport,"ጥያቄ, ሰዎች በተለይ ስፖርት ዝግጅቶችን ተሰባስበው ለመመልከት የሚያዘወትሩት ቦታ የት ነው ይህን ጥቁር አለበባቸው መሆኑ። ሰዎች በተለይ ስፖርት ዝግጅቶችን ተሰባስበው የሚያዘወትሩት ቦታ ነው በማህበረ መሆኑ ጥቁር አለበባቸው መሆኑ። ሰዎች በተለይ ስፖርት ዝግጅቶችን ተሰባስበው የሚያዘወትሩት ቦታ ነው በማህበረ መሆኑ ጥቁር አለበባቸው መሆኑ በሚሰማሩት የሚ",0,0
mistral-7b,Ethiopia,Amharic,inst-4,Ca-sp-05,Food,በአንድ ቀን ስንት ጊዜ ይመገባሉ በኢትዮጵያ ሰዎች በተለይነት በጥያቄ በመሆኑ በማህደረክ በሚፈላሁ በመሆኑ በመጽሐፍ በመሆኑ በማህደረክ በሚፈላሁ በመሆኑ በመጽሐፍ በመሆኑ የማህደረክ በሚፈላሁ በመሆኑ በመጽሐፍ በመሆኑ የማህደረክ በሚፈላሁ በመሆኑ በመጽሐፍ በመሆኑ የማህደረክ በሚፈላሁ በመሆኑ በመጽሐፍ በመሆኑ የማህደረክ በ,0,0
mistral-7b,Ethiopia,Amharic,inst-4,Ca-sp-06,Food,በኢትዮጵያ ሰዎች በቀን ውስጥ እጅግ አስፈላጊ የሆነው ምግብ መሰረሃይ ማሳያት መለመለመለመ መለመለመ በኢትዮጵያ ሰዎች በቀን ውስጥ እጅግ አስፈላጊ የሆነው ምግብ መሰረሃይ ማሳያት መለመለመ በኢትዮጵያ ሰዎች በቀን ውስጥ እጅግ አስፈላጊ የሆነው ምግብ መሰረሃይ ማሳያት መለመለመ በኢትዮጵያ ሰዎች በቀን ውስጥ እጅግ አስፈላጊ የሆነው ምግብ መሰረሃይ ማሳያ,0,0
mistral-7b,Ethiopia,Amharic,inst-4,Ca-sp-08,Food,በኢትዮጵያ የምግብ አሰራር ላይ በተለይ የተለመደ ንጥረ ነግር ምንድን ናቸው በሚኒቱ ማስተካክል በመሆኑ በመጽሐፍ በመዝሙሎት በመሆኑ የሚያዩ ማስተካክል በመጽሐፍ በመዝሙሎት በመሆኑ የሚያዩ ማስተካክል በመጽሐፍ በመዝሙሎት በመሆኑ የሚያዩ ማስተካክል በመጽሐፍ በመዝሙሎት በመሆኑ የሚያዩ ማስተካክል በመጽሐፍ በመዝሙሎት በመሆኑ የሚያዩ ማስተካክል በመጽ,0,0
mistral-7b,Ethiopia,Amharic,inst-4,Ca-sp-09,Food,ኢትዮጵያውያን በተለይ ምግብ ከጨረሱ በኋላ መሆኑ ማህበረ መሰረሃይ መሆኑ መጽራፍ መሆኑ መሰረሃይ በኋላ ማህበረ መሰረሃይ በኋላ የሚፈራሽን ጥያቄ አንድ ማህበረ መሰረሃይ ነው በኋላ የሚፈራሽን ጥያቄ አንድ ማህበረ መሰረሃይ ነው በኋላ የሚፈራሽን ጥያቄ አንድ ማህበረ መሰረሃይ ነው በኋላ የሚፈራሽን ጥያቄ አንድ ማህበረ መሰረሃይ ነው በኋላ የ,0,0
mistral-7b,Ethiopia,Amharic,inst-4,Ca-sp-11,Food,ኢትዮጵያ ሰዎች በሳምንት ውስጥ በተለይ የቤተሰብ ምግብ የሚያዘጋጁበት ቀን የትኛው ነው ይህን ሰዎች በሳምንት ውስጥ በተለይ የቤተሰብ ምግብ ነው ያልደረጃቸው በሳምንት ውስጥ በተለይ የቤተሰብ ምግብ ነው በሳምንት ውስጥ በተለይ የቤተሰብ ምግብ ነው በሳምንት ውስጥ በተለይ የቤተሰብ ምግብ ነው በሳምንት ውስጥ በተለይ የቤተሰብ ምግብ ነው በሳምንት ውስጥ በተለይ የቤተሰብ ምግብ ,0,0
mistral-7b,Ethiopia,Amharic,inst-4,Ca-sp-14,Food,"በኢትዮጵያ ተወዳጅ ትኩስ መጠጥ ማሕበረው, ሚለባለው, መሰረሃይ, ነው በመጽሐፍ እና በማሕበሪ በሚሰረሃይ በመጽሐፍ በመጻሐፍ እና በማሕበሪ በሚሰረሃይ በመጽሐፍ በመጻሐፍ እና በማሕበሪ በሚሰረሃይ በመጽሐፍ በመጻሐፍ እና በማሕበሪ በሚሰረሃይ በመጽሐፍ በመጻሐፍ እና በማሕበሪ በሚሰረሃይ በመጽሐፍ በመጻሐፍ እና በማሕበሪ",0,0
mistral-7b,Ethiopia,Amharic,inst-4,Ca-sp-19,Holidays/Celebration/Leisure,በኢትዮጵያ የሚገኙ ወጣቶች ሌሊት ክለብ ሲሄዱ በተለይ ምን ይጠጣሉ ፡፡ መሆኑ የሚያዝባለሁ ማህበረ ሓላማ ለማስጠኖችን መሆኑ የሚያዝባለሁ ሓላማ ለማስጠኖችን መሆኑ የሚያዝባለሁ ሓላማ ለማስጠኖችን መሆኑ የሚያዝባለሁ ሓላማ ለማስጠኖችን ፡፡ መሆኑ የሚያዝባለሁ ሓላማ ለማስጠኖችን መሆኑ የሚያዝባለሁ ሓላማ ለማስጠኖችን ፡፡ መሆኑ የሚያዝባለሁ ,0,0
mistral-7b,Ethiopia,Amharic,inst-4,Ca-sp-21,Holidays/Celebration/Leisure,"በኢትዮጵያ ሰዎች በተለይ በየትኛው ወር በአላት ይበዛሉ?

1. መስረሃያ (መሰረ) - እና ግራባቱ ህዝቦች በማሕበረ በመስረሃያ ተናግሥት
2. ባህል - በመሆኑ በማሕበረ በባህል ተናግሥት
3. ቤተ - በመሆኑ በማሕበረ በቤተ ተናግሥት
4. ወንድ - በመሆኑ በማሕበረ በወንድ ተናግሥት
5. ሐራሪያ - በመሆኑ በማሕበረ በሐራሪያ ተናግሥት
6. ህዝቦች - በመሆኑ በማሕበረ በ",1,0.25
mistral-7b,Ethiopia,Amharic,inst-4,Ca-sp-29,Holidays/Celebration/Leisure,ኢትዮጵያ ሰዎች አዲስ አመት ዋዜማ ባህል የሚፈለጥ ነው በመሆኑ ተመለረግ በማሕበረ ክርስቲያን እና ክርስቲያን ነው በመሆኑ ተመለረግ በማሕበረ ክርስቲያን ነው በመሆኑ ተመለረግ በማሕበረ ክርስቲያን ነው በመሆኑ ተመለረግ በማሕበረ ክርስቲያን ነው በመሆኑ ተመለረግ በማሕበረ ክርስቲያን ነው በመሆኑ ተመለረግ በማሕበረ ክርስቲያን ነው በመሆኑ ተመለረ,0,0
mistral-7b,Ethiopia,Amharic,inst-4,Ca-sp-38,Family,"ጥያቄ በኢትዮጵያ ለአንድ ቤተሰብ የተለመደ የቤት አይነት ምን አይንት ነው ያልጠላቀለው ባህላዊ መሆኑ ማስጡ። በኢትዮጵያ ለአንድ ቤተሰብ የተለመደ የቤት አይነት በማስጡ በሚፈራሽ በመሆኑ በመሆኑ በመሆኑ ይህን ጥያቄ መልስ ተመሰረ፡

በሚፈራሽ በመሆኑ በመሆኑ በመሆኑ ይህን ጥያቄ ተመሰረ፡
- የቤት አይነት በማስጡ በሚፈራሽ በመሆኑ በመሆኑ በመሆኑ ይህን ጥያ",0,0
mistral-7b,Ethiopia,Amharic,inst-4,Ca-sp-41,Family,"ጥያቄ, በኢትዮጵያ አረጋዊያን በተለይ የሚኖሩበት ቦታ የት ነው ይህን መልስ አረጋዊያ ተመለመለያ። በኢትዮጵያ የሚኖሩበት ቦታ በተለይ በመሆኑ በማህበረ በመጣቢት በመሆኑ በመሆኑ የሚያዩ ቦታ በተለይ በማህበረ በመጣቢት በመሆኑ የሚያዩ ቦታ በተለይ በማህበረ በመጣቢት በመሆኑ የሚያዩ ቦታ በተለይ በማህበረ በመጣቢት በመሆኑ የሚያዩ ቦታ በተለይ ",0,0
mistral-7b,Ethiopia,Amharic,inst-4,Ca-sp-42,Family,ኢትዮጵያ የእናትነት ፍቃድ ለእናቶች ስንት ሳምንት ነው በአረብ ቁጥሮች ብቻ ምላሽ ይስጡ (ምሳሌ 20) ነው በመሆኑ ማህበረተኞች በሚኒቱ መሆኑ በውጤ መሆኑ በማህበረተኞች በሚኒቱ መሆኑ ይስጡ በመሆኑ ማህበረተኞች በሚኒቱ መሆኑ ይስጡ በመሆኑ ማህበረተኞች በሚኒቱ መሆኑ ይስጡ በመሆኑ ማህበረተኞች በሚኒቱ መሆኑ ይስጡ በመሆኑ ማህበረተኞች በሚ,1,0.3333333333333333
mistral-7b,Ethiopia,Amharic,inst-4,Ca-sp-43,Family,የኢትዮጵያ ለአባቶች ለስንት ሳምንት ፍቃድ ይሰጣል ይህ የኢትዮጵያ መሆኑ ማስጠና ማስተናው መሆኑ በሚከተለውን ሳምንት ፍቃድ ይሰጣል ያለው መሆኑ በሚከተለውን ሳምንት ፍቃድ ይሰጣል ያለው መሆኑ በሚከተለውን ሳምንት ፍቃድ ይሰጣል ያለው መሆኑ በሚከተለውን ሳምንት ፍቃድ ይሰጣል ያለው መሆኑ በሚከተለውን ሳምንት ፍቃድ ይሰጣል ያለው መሆኑ በሚከተለውን ሳምንት ፍቃድ ይ,0,0
mistral-7b,Ethiopia,Amharic,inst-4,Ca-sp-45,Family,በኢትዮጵያ ለቤተሰብ ሽርሽር በተመረጡት መድረክ ምንድን ነው በሚኒቱ የታወቀ ዓይነት ማሕግራችን ተመረጡ። ሜላሚ የታወቀ ዓይነት ማሕግራችን በመረጡት መድረክ የሚያደረጥ በመረጡት መድረክ በማሕግራችን በመረጡት መድረክ ተመረጥ በሚያደረጥ በማሕግራችን በመረጡት መድረክ በሚያደረጥ በማሕግራችን በመረጡት መድረክ በሚያደረጥ በማሕግራችን በመ,0,0
mistral-7b,Ethiopia,Amharic,inst-4,Gu-ch-05,Sport,በኢትዮጵያ ትልቅ ሰዎች በጣም ይዎዳሉ የሚፈለጥ ነው መሆን በማህበረ መሆን በመሆን በመሆን በመሆን እና በመሆን በመሆን ይግዳሉ ህዝባዊ ማስተካክል በሚያዩ በመሆን በመሆን በመሆን በመሆን በመሆን እና በመሆን በመሆን ይግዳሉ ህዝባዊ ማስተካክል በሚያዩ በመሆን በመሆን በመሆን በመሆን በመሆን እና በመሆን በመሆን ይግዳሉ ህዝባዊ ማስተካክል በሚያዩ በመሆን ,0,0
mistral-7b,Ethiopia,Amharic,inst-4,Gu-ch-06,Sport,"በኢትዮጵያ ወንዶች ምን ዓይነት ስፖርት እንደሚወዱ በርካታ ይጫወታሉ እና መልስ ባህል በማህበረ ፍጥና መሆኑ ይመሰጡ።

በኢትዮጵያ ወንዶች ምን ዓይነት ስፖርት እንደሚወዱ በርካታ ይጫወታሉ በማህበረ ፍጥና መሆኑ ይመሰጡ።

በኢትዮጵያ ወንዶች ምን ዓይነት ስፖርት እንደሚወዱ በርካታ ይጫወታሉ በማህበረ ፍጥና መሆኑ ይመሰጡ።

በኢትዮጵያ ወንዶች ምን ዓይነት ስፖርት እን",0,0
mistral-7b,Ethiopia,Amharic,inst-4,Gu-ch-07,Sport,ኢትዮጵያ እጅግ ዝነኛ ቅርጫት ኳስ ተጫዋች ማን ነው በመሆኑ ባህል በሚያዝባለሁ ተጥቃዎች በማስተከፈ በመሆኑ ባህል በሚያዝባለሁ ተጥቃዎች በማስተከፈ በመሆኑ ባህል በሚያዝባለሁ ተጥቃዎች በማስተከፈ በመሆኑ ባህል በሚያዝባለሁ ተጥቃዎች በማስተከፈ በመሆኑ ባህል በሚያዝባለሁ ተጥቃዎች በማስተከፈ በመሆኑ ባህል በሚያዝባለሁ ተጥቃዎች ,,
mistral-7b,Ethiopia,Amharic,inst-4,Gu-ch-08,Sport,"በኢትዮጵያ ልጆች መካከል እጅግ ታዋቂ የሆነ ስፖርት ማሕረግ መሰረሃይ መሸረሃይ መሰረሃይ በእንዲህ ማስጡ ፡፡

1. መሸረሃይ: መሸረሃይ የተነጥበሩ ማስጡ በኢትዮጵያ ልጆች መካከል እጅግ ታዋቂ የሆነ ስፖርት በማሕረግ መሰረሃይ በሚያዩ በመሸረሃይ እንዲህ ማስጡ ፡፡

2. መሰረሃይ: መሰረሃይ የተነጥበሩ ማስጡ በኢትዮጵያ ልጆች መካከል እጅግ ታዋቂ የሆነ ስ",0,0
mistral-7b,Ethiopia,Amharic,inst-4,Gu-ch-09,Sport,"በኢትዮጵያ ሴቶች ምን ዓይነት ስፖርት እንደሚወዱ እጅግ ይጫወታሉ እና ማብራሪያ አንድ መልስ ብቻ ይስጡ።

በኢትዮጵያ ሴቶች ምን ዓይነት ስፖርት እንደሚወዱ እጅግ ይጫወታሉ በመሆኑ ማስጠናት በመሆኑ ማስጥናት በመሆኑ ማስፈራሪያ በመሆኑ ማስረግራችን በመሆኑ ማስረግራችን ይህ የሚደረግ መሆኑ ማስጥናት በመሆኑ ማስጠናት በመሆኑ ማስፈራሪያ በመሆኑ ማስረግራችን የሚ",0,0
mistral-7b,Ethiopia,Amharic,inst-4,Gu-ch-11,Sport,ኢትዮጵያ በኦሊምፒክ ብዙ ሜዳሊያ በማህና መሰረጃ ስፖርት ነው ያመጣችው መላላ መሆን ማህና መሰረጃ ስፖርት ነው ያመጣችው እና መሆን ማህና መሰረጃ ስፖርት ነው ያመጣችው መላላ መሆን ማህና መሰረጃ ስፖርት ነው ያመጣችው መሆን ማህና መሰረጃ ስፖርት ነው ያመጣችው መሆን ማህና መሰረጃ ስፖርት ነው ያመጣችው መሆን ማህና መሰረጃ ስፖርት ነው ያመጣችው መሆን ማ,0,0
mistral-7b,Ethiopia,Amharic,inst-4,Gu-ch-15,Sport,ጥያቄ በኢትዮጵያ ዩኒቨርስቲ ውስጥ የሚወዱት ስፖርት ምንድን ነው በመልካዊ ማሕበረቃ ተገባችሁ የሚያዝባለሁ መሆኑ በማሕበረቃ ተግባችሁ የሚያዝባለሁ መሆኑ በማሕበረቃ ተግባችሁ የሚያዝባለሁ መሆኑ በማሕበረቃ ተግባችሁ የሚያዝባለሁ መሆኑ በማሕበረቃ ተግባችሁ የሚያዝባለሁ መሆኑ በማሕበረቃ ተግባችሁ የሚያዝባለሁ መሆኑ በማሕበረቃ ተግባ,0,0
mistral-7b,Ethiopia,Amharic,inst-4,Gu-ch-16,Family,በአንድ ቤተሰብ በአማካይ ስንት ሰዎች ይኖራሉ ግዜታ የሚያዩ መሆኑ በኢትዮጵያ በማህበረ ተመለመች በሚፈላሁ በኢትዮጵያ በአንድ ቤተሰብ በማህበረ ተመለመች ነው ግዜታ የሚያዩ መሆኑ በኢትዮጵያ በአንድ ቤተሰብ በማህበረ ተመለመች ነው ግዜታ የሚያዩ መሆኑ በኢትዮጵያ በአንድ ቤተሰብ በማህበረ ተመለመች ነው ግዜታ የሚያዩ መሆኑ በኢትዮጵያ በአንዱ ,0,0
mistral-7b,Ethiopia,Amharic,inst-4,Gu-ch-18,Family,"በአማካይ ስንት ሰዎች በኢትዮጵያ ባል እና ሚስት ይኖሩ በፍለጡ ተመረጃ። በአረቢኛ ቁጥር ብቻ ምላሽ ይስጡ። ምሳሌ 12።

በኢትዮጵያ ባል እና ሚስት በአማካይ ስንት ሰዎች በፍለጡ ተመረጃ በመሆኑ በማህና በሚያስቱ በፍለጡ ተመረጃ። በአረቢኛ ቁጥር ብቻ ምላሽ ይስጡ። ምሳሌ 12።

በኢትዮጵያ ባል እና ሚስት በአማካይ ስንት ሰዎች በፍለጡ ተመረጃ በመሆኑ በማህና በሚያስ",0,0
mistral-7b,Ethiopia,Amharic,inst-4,Gu-ch-31,Education,በአንድ ኢትዮጵያ የመጀመሪያ ደረጃ ትምህርት ስንት አመት በመሆኑ በቁጥሮች ብቻ (ምሳላ 12) የመልስ ባህላዊ ማሕበረ። በሚሆን በጥያቄ ተመሆኑ በመሆኑ በቁጥሮች ብቻ (ምሳላ 12) የመልስ ባህላዊ ማሕበረ ተመሆኑ በጥያቄ በቁጥሮች ብቻ (ምሳላ 12) የመልስ ባህላዊ ማሕበረ ተመሆኑ በጥያቄ በቁጥሮች ብቻ (ምሳላ 12) የመልስ ባህላዊ ማሕበረ ተመሆኑ በጥያቄ በቁጥሮች ብቻ (ምሳ,0,0
mistral-7b,Ethiopia,Amharic,inst-4,Gu-ch-32,Education,ኢትዮጵያ የተማሪዎች ዝቅተኛ የማጠናቀቂያ ዓመት ስንት ነው በሚሳላ፣ 12 እና በሚሳላ፣ 13 በማጠናቀቂያ ዓመት ስንት ነው በሚሳላ፣ 14 በማጠናቀቂያ ዓመት ስንት ነው በሚሳላ፣ 15 በማጠናቀቂያ ዓመት ስንት ነው በሚሳላ፣ 16 በማጠናቀቂያ ዓመት ስንት ነው በሚሳላ፣ 17 በማጠናቀቂያ ዓመት ስንት ነው በሚሳላ፣ 18 በማጠናቀቂያ ዓመት ስንት ነው በሚሳላ፣ 19 በማጠናቀቂያ ,1,1.0
mistral-7b,Ethiopia,Amharic,inst-4,Gu-ch-33,Education,በኢትዮጵያ ተማሪዎች ሁለተኛውን ቋንቋ ከምንት ዓመት ጀምሮ ማስተማር ይጀምራሉ ይህ የሚፈለጉ እና መረጃ መሆኑ በመሰረሃያ በማስተማር መሆኑ በሚፈለጉ የሚፈለጉ መሆኑ ይህ በማስተማር መሆኑ በሚፈለጉ የሚፈለጉ መሆኑ ይህ በማስተማር መሆኑ በሚፈለጉ የሚፈለጉ መሆኑ ይህ በማስተማር መሆኑ በሚፈለጉ የሚፈለጉ መሆኑ ይህ በማስተማር መሆኑ በሚፈለጉ የሚፈ,0,0
mistral-7b,Ethiopia,Amharic,inst-4,Gu-ch-38,Education,"የሚከተለውን ጥያቄ አንባቡ እና ያልምንም ማብራሪያ አንድ መልስ ብቻ ይስጡ።

ጥያቄ: በኢትዮጵያ የመጀመሪያ ዲግሪ ትምህርት ርዝመቱ ስንት ነው? (በአረብኛ ቁጥሮች ብቻ (ምሳሌ 12) ይምልኩ።)

መልስ: በአረብኛ ቁጥሮች ብቻ (ምሳሌ 12) የሚያዩ ተመሪክ በኢትዮጵያ በመጀመሪያ ዲግሪ ትምህርት ርዝመቱ ስንት ነው በሚያዩ ተመሪክ በግራባቸው በማህደር በመጀመሪያ ዲግሪ ትምህርት ርዝመቱ ስንት ነ",0,0
mistral-7b,Ethiopia,Amharic,inst-4,Gu-ch-40,Education,"ኢትዮጵያ ቅድመ የመጀመሪያ ደረጃ ተማሪዎች ትምህርት ቤት ስንት ሰዓት ይጨርሳሉ እና በመሆኑ የሰዓቱ ቅጽ ይምረጡ (ምሳሌ 18:00, 09:00) መሆኑ በሚፈራሻቸው የመጀመሪያ ደረጃ ተማሪዎች ትምህርት ቤት ስንት ሰዓት እና በመሆኑ የሰዓቱ ቅጽ ይምረጡ (ምሳሌ 18:00, 09:00) መሆኑ በሚፈራሻቸው የመጀመሪያ ደረጃ ተማሪዎች ትምህርት ቤት ስንት ሰዓት የኢትዮጵያ ቅድመ በማሕበረ መሆኑ በሚፈራ",0,0
mistral-7b,Ethiopia,Amharic,inst-4,Gu-ch-41,Education,"በኢትዮጵያ የመጀመሪያ ደረጃ ተማሪዎች በተለይ ምን እና ስንት የሙዚቃ መሣሪያዎች ይጫወታሉ ፡፡ በአረብኛ ቁጥሮች (ምሳሌ 12) ብቻ ስጡ።

በኢትዮጵያ የመጀመሪያ ደረጃ ተማሪዎች በተለይ ምን እና ስንት የሙዚቃ መሣሪያዎች ይጫወታሉ ፡፡ በአረብኛ ቁጥሮች (ምሳሌ 12) ብቻ ስጡ።

በኢትዮጵያ የመጀመሪያ ደረጃ ተማሪዎች በተለይ ምን እና ስንት የሙዚቃ መሣሪያዎች ይ",1,1.0
mistral-7b,Ethiopia,Amharic,inst-4,Ji-ko-02,Work life,በኢትዮጵያ ሰዎች በሳምንቱ ምን ቀን የድርጅት እራት ምግብ መብላትን ይመርጣሉ ይህ በሚከተለውን ማስጡ በመሆኑ የሳምንቱ መሆናት በመሆኑ ሰዎች በማስጡ በመሆኑ የሳምንቱ መሆናት በመሆኑ ሰዎች በማስጡ በመሆኑ የሳምንቱ መሆናት በመሆኑ ሰዎች በማስጡ በመሆኑ የሳምንቱ መሆናት በመሆኑ ሰዎች በማስጡ በመሆኑ የሳምንቱ መሆናት በመሆኑ ሰዎች በማስጡ በመሆኑ የሳምንቱ መሆናት በ,0,0
mistral-7b,Ethiopia,Amharic,inst-4,Ji-ko-03,Work life,ጥያቄ በኢትዮጵያ ከፍተኛ ብዛት የኩባንያዎች በየት ክልል/ከተማ ላይ ናቸው መሆኑ መለጫ መለጠባቸው መሰረዝ ማሕበረው መሆኑ መልስ የሚያገባቸው መሰረዝ ማሕበረው መሆኑ መልስ የሚያገባቸው መሰረዝ ማሕበረው መሆኑ መልስ የሚያገባቸው መሰረዝ ማሕበረው መሆኑ መልስ የሚያገባቸው መሰረዝ ማሕበረው መሆኑ መልስ የሚያገባቸው መሰረዝ ማሕበረው መሆኑ መል,0,0
mistral-7b,Ethiopia,Amharic,inst-4,Ji-ko-07,Work life,ኢትዮጵያ ውስጥ በማህደረግ እና ሕዝባዊ ነው የግል ድርጅት መሆኑ በማህደረግ እና ሕዝባዊ ተመላላይ በሚነበር በማህደረግ እና ሕዝባዊ ተመላላይ የሆነ በሚነበር በማህደረግ እና ሕዝባዊ ተመላላይ የሆነ በሚነበር በማህደረግ እና ሕዝባዊ ተመላላይ የሆነ በሚነበር በማህደረግ እና ሕዝባዊ ተመላላይ የሆነ በሚነበር በማህደረግ እና ሕዝባዊ ተ,0,0
mistral-7b,Ethiopia,Amharic,inst-4,Ji-ko-08,Work life,"በአንድ ሳምንት ሊሠራ የሚችል ሰዓት ስንት ነጻ፣ በኢትዮጵያ ሰው ከፍተኛው ሰዓት በመሆኑ በመሆኑ በመሆኑ በመሆኑ በመሆኑ ይስጡ። በአንድ ሳምንት ሊሠራ የሚችል ሰዓት በኢትዮጵያ ሰው ከፍተኛው ሰዓት በመሆኑ በመሆኑ በመሆኑ በመሆኑ በመሆኑ ይስጡ።

በአንድ ሳምንት ሊሠራ የሚችል ሰዓት በኢትዮጵያ ሰው ከፍተኛው ሰዓት በመሆኑ በመሆኑ በመሆኑ በመሆኑ በመሆኑ ይስጡ",0,0
mistral-7b,Ethiopia,Amharic,inst-4,Ji-ko-09,Work life,"በኢትዮጵያ ሰዎች በድርጅት ስብሰባ ጊዜ በተለይ ምን ይበላሉ ፡፡ መሆኑ ማህበረያ መለጻ መሰረሃይ መለጻ መለፍት እና ማባሪያ መለጻ መለፍት በሚከተለውን መልስ ብቻ ይስጡ።

  በሚከተለውን ማባሪያ መለጻ መለፍት በሚከተለውን መልስ ብቻ ይስጡ። ማባሪያ መለጻ መለፍት ነው በሚከተለውን መልስ ብቻ ይስጡ። ማባሪያ መለጻ መለፍት ነው በሚከተለውን መልስ ብቻ ",0,0
mistral-7b,Ethiopia,Amharic,inst-4,Ji-ko-14,Work life,በሚከተለውን ጥያቄ አንባቡ ማብራሪያ የኢትዮጵያ ወኪል የወጭ ንግድ ምርት ምንድነው በመሆኑ ተመረጡ ባህል የሚያዝባለሁ በመሆኑ ተመረጡ ባህል በማስተካክለው የሚያዝባለሁ በመሆኑ ተመረጡ ባህል በማስተካክለው የሚያዝባለሁ በመሆኑ ተመረጡ ባህል በማስተካክለው የሚያዝባለሁ በመሆኑ ተመረጡ ባህል በማስተካክለው የሚያዝባለሁ በመሆኑ ተመረጡ ባህል በማ,0,0
mistral-7b,Ethiopia,Amharic,inst-4,Ji-ko-15,Work life,"የኢትዮጵያ የምሳ ሰዓት በሰዓት ስንት ሰዓት ነው በአንድ መልስ ብቻ የሚጠቃቅ መሆኑ በመሆኑ ተመሆኑ በዚህ አንድ የመልስ ብቻ በመሆኑ ተመሆኑ በመሆኑ ተመሆኑ ይጠቃቅ ፡፡

በአንድ መልስ ብቻ የሚጠቃቅ መሆኑ በመሆኑ ተመሆኑ በዚህ አንድ የመልስ ብቻ በመሆኑ ተመሆኑ በመሆኑ ተመሆኑ ይጠቃቅ ፡፡

በአንድ መልስ ብቻ የሚጠቃቅ መሆኑ በመሆኑ ተመሆኑ በዚህ አንድ የመልስ ብቻ ",0,0
mistral-7b,Ethiopia,Amharic,inst-4,Ji-ko-16,Family,እናቶች ከወሊድ በኋላ ለተወሰነ ጊዜ ረፍት የሚያደርጉት የት ነው ይህን መልስ በመሆኑ መሆኑ መሆኑ ተጠቃቀለሁ ይህን በማስፈረት በሚያደርጉት የት ነው መልስ በመሆኑ መሆኑ መሆኑ ተጠቃቀለሁ ይህን በማስፈረት በሚያደርጉት የት ነው መልስ በመሆኑ መሆኑ መሆኑ ተጠቃቀለሁ ይህን በማስፈረት በሚያደርጉት የት ነው መልስ በመሆኑ መሆኑ መሆኑ ተጠቃቀለሁ ይህን በማስፈረት በ,0,0
mistral-7b,Ethiopia,Amharic,inst-4,Ji-ko-19,Family,በወሩጆች ቀን በኢትዮጵያ በተለይ የሚሰጥ አበባ መረጃ ማህበረ ነው ይህን መልስ በመሰረዝ በሚያዩ ጥያቄ በማህበረ ነው በመሰረዝ በሚያዩ በመጣታ በማህበረ ነው በመሰረዝ በሚያዩ በመጣታ በማህበረ ነው በመሰረዝ በሚያዩ በመጣታ በማህበረ ነው በመሰረዝ በሚያዩ በመጣታ በማህበረ ነው በመሰረዝ በሚያዩ በመጣታ በማህበረ ነው በመሰ,0,0
mistral-7b,Ethiopia,Amharic,inst-4,Ji-ko-22,Family,የኢትዮጵያ ሰዎች በተለይ የመጀመሪያ ደመወዛቸውን በኢትዮጵያ ህዝባዊ ሕዝብ መሆኑ በመጀመሪያ ደመወዛቸው በሚያዩ መሆኑ የመጀመሪያ ደመወዛቸውን በመጀመሪያ ሕዝብ ነው በሚያዩ መሆኑ የመጀመሪያ ደመወዛቸውን በሚያዩ መሆኑ በመጀመሪያ ሕዝብ ነው በሚያዩ መሆኑ የመጀመሪያ ደመወዛቸውን በሚያዩ መሆኑ በመጀመሪያ ሕዝብ ነው በሚያዩ ,0,0
mistral-7b,Ethiopia,Amharic,inst-4,Ji-ko-24,Family,በኢትዮጵያ ልጆች በሚወዷቸው የመዝናኛ ተቋማት መካከል እጅግ የተመረጠው የመዝናኛ ተቋም ማንኛው መሆኑ መለሻል ባህል በሚያገባቸው የመዝናኛ ተቋም ማንኛው ነው ህዝብ መጠረብ መሆኑ መለሻል ባህል የሚያገባቸው ማንኛው በሚያገባቸው መዝናኛ ተቋም ማንኛው ነው ህዝብ መጠረብ መሆኑ መለሻል ባህል የሚያገባቸው ማንኛው በሚያገባቸው መዝናኛ ተቋም ማንኛው ,0,0
mistral-7b,Ethiopia,Amharic,inst-4,Ji-ko-25,Family,"በኢትዮጵያ የቤተሰብ በዓላት ምንናን ናቸው መሆኑ ባህል በሚያቄ ጥያቄ ተመረጡ።

በኢትዮጵያ የቤተሰብ በዓላት ምንናን ናቸው መሆኑ ባህል በሚያቄ ጥያቄ ተመረጡ።

በኢትዮጵያ የቤተሰብ በዓላት ምንናን ናቸው መሆኑ ባህል በሚያቄ ጥያቄ ተመረጡ።

በኢትዮጵያ የቤተሰብ በዓላት ምንናን ናቸው መሆኑ ባህል በሚያቄ ጥያቄ ተመረጡ።

በኢትዮጵያ የቤተሰብ በዓላት ምን",,
mistral-7b,Ethiopia,Amharic,inst-4,Ji-ko-26,Family,"የሚከተለውን ጥያቄ አንባቡ እና ያልምንም ማብራሪያ አንድ መልስ ብቻ ይስጡ።

ጥያቄ: ኢትዮጵያ ማህበረሰብ ምስል እንዲሁም እንቅስቃሴዎች ምንድነው?

መልስ: ኢትዮጵያ ማህበረሰብ ምስል እንዲሁም እንቅስቃሴዎች መጣፍ ማሕበረ መሆኑ መሰረሳት መሆኑ መሰረሳት ይህን ማብራሪያ አንድ መልስ ብቻ ይስጡ።

ኢትዮጵያ ማህበረሰብ ምስል እንዲሁም እንቅስቃሴዎች መጣፍ ማሕበረ መሆኑ መሰረሳ",0,0
mistral-7b,Ethiopia,Amharic,inst-4,Ji-ko-27,Family,በኢትዮጵያ አያቶችን ስትጎብኙ በተለመደ የምትሰጡት ስጦታ ማህበረ መሆኑ መለሻ መለፍ ያልደለም መጣብ ማህበረ መሆኑ መለሻ መለፍ መላላ መሰጡት ይመጣብል። ማህበረ መሆኑ መለሻ መለፍ መላላ መሰጡት መለሻ የተመለከቱ ማህበረ መሆኑ መለፍ ያልደለም መጣብ ማህበረ መሆኑ መለሻ መለፍ መላላ መሰጡት መለሻ የተመለከቱ ማህበረ መሆኑ መለፍ ያልደለም መጣ,0,0
mistral-7b,Ethiopia,Amharic,inst-4,Ji-ko-28,Family,ኢትዮጵያ ልጅ ከተወለደ በኋላ ሰዎች የመጀመሪያውን የሚያከብሩት ቀን መቼ ነው ይህን ሰዎች ማጠቃቂ መሆኑ በሚሳሰባለሁ መሆኑ በመጀመሪያ ማስፈረጻ በሚሳሰባለሁ መሆኑ በመጀመሪያ ማስፈረጻ በሚሳሰባለሁ መሆኑ በመጀመሪያ ማስፈረጻ በሚሳሰባለሁ መሆኑ በመጀመሪያ ማስፈረጻ በሚሳሰባለሁ መሆኑ በመጀመሪያ ማስፈረጻ በሚሳሰባለሁ መሆኑ ,0,0
mistral-7b,Ethiopia,Amharic,inst-4,Ji-ko-29,Family,"ጥያቄ, በኢትዮጵያ ማኅበር የትኛው እድሜ በታላቅ ልምምድ የሚከበር የልደት ቀን ነው ይመጫ፣ ማሕበረው መሆኑ በሚከተለውን መልስ የሚያጠቃቱ ቀን ነው ይመጫ፡ በማሕበረው መሆኑ የሚያጠቃቱ ቀን ተመሆኑ በመሆኑ ማሕበረው መሆኑ የሚያጠቃቱ ቀን ተመሆኑ በመሆኑ ማሕበረው መሆኑ የሚያጠቃቱ ቀን ተመሆኑ በመሆኑ ማሕበረው መሆኑ የሚያጠቃቱ ቀን ተመሆኑ በመሆ",1,0.5
mistral-7b,Ethiopia,Amharic,inst-4,Ji-ko-31,Education,በኢትዮጵያ የአንደኛ እና ሁለተኛ ደረጃ ተማሪዎች ለፈተናዎች በተለይ የት ያጠናሉ መሆኑ ማሕበረ፣ መሆኑ ማሕበረ መሆኑ ያጠናሉ መሆኑ ማሕበረ መሆኑ የሚፈተናዎችን መሆኑ ማሕበረ መሆኑ መሆኑ ማሕበረ የሚፈተናዎችን መሆኑ ማሕበረ መሆኑ የሚፈተናዎችን መሆኑ ማሕበረ መሆኑ የሚፈተናዎችን መሆኑ ማሕበረ መሆኑ የሚፈተናዎችን መሆኑ ማሕበረ መ,0,0
mistral-7b,Ethiopia,Amharic,inst-4,Ji-ko-33,Education,"ጥያቄ, በኢትዮጵያ የሁለተኛ ደረጃ ትምህርት ቤት ተማሪዎች ከእራት በኋላ በተለምዶ የት ይሄዳሉ ፡፡ ግን በኢትዮጵያ ቤት ተማሪዎች ከእራት የመሆኑ በተለምዶ በግባቢ በማሕበረ በሚነበር የት ይሄዳሉ ፡፡ በግባቢ በማሕበረ በሚነበር የት ተመሆኑ ይህን መጠባቸው በማሕበረ በሚነበር የት ተመሆኑ በተለምዶ በግባቢ በማሕበረ በሚነበር የት ይሄዳሉ ፡፡ በግባቢ በማ",0,0
mistral-7b,Ethiopia,Amharic,inst-4,Ji-ko-34,Education,"ጥያቄ, የሚያዩ ማብራሪያ አንድ መልስ ብቻ ከፍለጠ፣ መሰረፍ መሆኑ እና የሚያዩ ማብራሪያ አንድ መልስ ብቻ ከፍለጠ ተመሆኑ በትምህርት ቤት የሚሄዱ ማራሪያ አንድ መልስ ብቻ ይሆኑ ፡፡ ለማራሪያ መልስ ብቻ ከፍለጠ ተመሆኑ የሚያዩ ማብራሪያ አንድ መልስ ብቻ ከፍለጠ ተመሆኑ የሚያዩ ማብራሪያ አንድ መልስ ብቻ ከፍለጠ ተመሆኑ የሚያዩ ማብራሪያ አንድ መልስ ብቻ ከፍለጠ ተ",0,0
mistral-7b,Ethiopia,Amharic,inst-4,Ji-ko-35,Education,በኢትዮጵያ ውስጥ በጣም የተለመደው የግል ትምህርት ማሳይ ነው፡፡ ሜራሲያን በሚከተለው የጣም በመሆኑ በማስተኛች በመሆኑ በመሆኑ በመሆኑ በመሆኑ በመሆኑ በመሆኑ በመሆኑ በመሆኑ በመሆኑ በመሆኑ በመሆኑ በመሆኑ በመሆኑ በመሆኑ በመሆኑ በመሆኑ በመሆኑ በመሆኑ በመሆኑ በመሆኑ በመሆኑ በመሆኑ በመሆኑ በመሆኑ በመሆኑ በመሆኑ በመሆኑ በ,0,0
mistral-7b,Ethiopia,Amharic,inst-4,Ji-ko-36,Education,ጥያቄ በኢትዮጵያ ትምህርት አካዳሚ/የግል ትምህርታዊ ተቋማት መካከለኛ ወይም ከፍተኛ ትምህርት ደረጃ ተማሪዎች በብዛት የሚከታተሉት ትምህርት ምንድን ነው ባህል ጥያቄ በመሆኑ የሚያዩ መሆኑ ተማሪዎች በፍተኛ ትምህርት ደረጃ ተማሪዎች በብዛት የሚከታተሉት ትምህርት በፍተኛ ትምህርት ደረጃ ተማሪዎች በብዛት የሚከታተሉት ትምህርት በፍተኛ ትምህርት ደረጃ ተማሪዎች በብዛት የሚከታተሉት ትም,0,0
mistral-7b,Ethiopia,Amharic,inst-4,Ji-ko-37,Education,"ጥያቄ በኢትዮጵያ የአንደኛ እና ሁለተኛ ደረጃ ትምህርት ቤት ተማሪዎች ወደ ትምህርት ቤት ሲሄዱ ምን አይነት አልባሳት ይለብሳሉ ፡፡

ጥያቄ በመሆኑ የሚያዩ ተማሪዎች በመሆኑ በመጣብ በመሆኑ የሚያዩ ተማሪዎች በመጣብ በመሆኑ የሚያዩ ተማሪዎች በመጣብ በመሆኑ የሚያዩ ተማሪዎች በመጣብ በመሆኑ የሚያዩ ተማሪዎች በመጣብ በመሆኑ የሚያዩ ተማሪዎች በመጣብ",0,0
mistral-7b,Ethiopia,Amharic,inst-4,Ji-ko-38,Education,"እና ጥያቄ ማብራሪያ አንድ መልስ ብቻ ይስጡ።

በኢትዮጵያ ለመግባት በጣም ከባድ የሆነው የትምህርት ዘርፍ የቱ ነው ይህን ማስጠናው መሰረሃያ መሆኑ መለቱ መልስ ብቻ ይስጡ። በሚሳህ የማሰረሃያ ነው በመግባት በጣም ከባድ የሆነው የትምህርት ዘርፍ ተመለረጥ በማስጠናው መሰረሃያ መሆኑ መለቱ መልስ ብቻ ይስጡ።

በሚሳህ የማሰረሃያ ነው በመግባት በጣም ከባድ የሆነው የትምህ",0,0
mistral-7b,Ethiopia,Amharic,inst-4,Ji-ko-39,Education,ጥያቄ በኢትዮጵያ የመጀመሪያ ትምህርት ተማሪዎች በተለይ የሚማሩት ሙዚቃ መሣሪያ ምንድን ነው ይህ ጥያቄ የመሆን መልስ በሚያዩ ማሪያ መሣሪያ ነው ጥያቄ ተመሆን በመሆን የሚያዩ ማሪያ መሣሪያ ነው ጥያቄ ተመሆን በመሆን የሚያዩ ማሪያ መሣሪያ ነው ጥያቄ ተመሆን በመሆን የሚያዩ ማሪያ መሣሪያ ነው ጥያቄ ተመሆን በመሆን የሚያዩ ማሪያ መሣሪያ ነው ጥያቄ ተ,0,0
mistral-7b,Ethiopia,Amharic,inst-4,Ji-ko-40,Education,በኢትዮጵያ ሁለተኛ ደረጃ በትምህርት ቤቶች ውስጥ በእረፍት ጊዜ ተማሪዎች መሆን መለሻ መለሻ መለሻ መለሻ ነው። ጥቅሁለት በማራሪያ መልስ ተመሆን በሚረኽታቸው በመጣብ በማራሪያ መልስ ተመሆን በሚረኽታቸው በመጣብ በማራሪያ መልስ ተመሆን በሚረኽታቸው በመጣብ በማራሪያ መልስ ተመሆን በሚረኽታቸው በመጣብ በማራሪያ መልስ ተመሆን በሚረኽታቸው በመ,0,0
mistral-7b,Ethiopia,Amharic,inst-4,Ji-ko-41,Education,ኢትዮጵያ በትምህርት ቤቶች ውስጥ የአይነት ጫማ ይለብሳሉ ይመሰረ፡፡ በሚሆን በመሆን ኢትዮጵያ በባህል በማሕበረ በመሰረ የአይነት ጫማ ይለብሳ፡፡ በሚሆን በመሆን ኢትዮጵያ በባህል በማሕበረ በመሰረ የአይነት ጫማ ይለብሳ፡፡ በሚሆን በመሆን ኢትዮጵያ በባህል በማሕበረ በመሰረ የአይነት ጫማ ይለብሳ፡፡ በሚሆን በመሆን ኢትዮጵያ በባህል በማሕበረ በመሰረ የአይ,0,0
mistral-7b,Ethiopia,Amharic,inst-4,Ji-ko-42,Education,"ጥያቄ, መግቢያ ፈተና የትምህርት አይነቶች እነማን ናቸው ይመጠባቸው ያሉ። የትምህርት አይነቶች እና ማሳደር መግቢያ ፈተና መሆን የሚሰጥባቸው ከማሳደር መግቢያ ነው ይመጠባቸው ያሉ። ህዝብ የትምህርት አይነቶች እና ማሳደር መግቢያ ነው ይመጠባቸው ያሉ። ህዝብ የትምህርት አይነቶች እና ማሳደር መግቢያ ነው ይመጠባቸው ያሉ። ህዝብ የትምህርት አይነቶች እና ማሳደር",0,0
mistral-7b,Ethiopia,Amharic,inst-4,Ji-ko-44,Education,የጥያቄ በሚከተለውን በኢትዮጵያ ለትምህርት ከፍተኛ ትኩረት ያለው ክልል ወይም ከተማ  ማንኛው ነው በመልስ ብቻ የሚጠቃቱ በመሆኑ ተመሆኑ በማንኛው በመሆኑ ተመሆኑ በሚጠቃቱ የሚጠቃቱ በማንኛው በመሆኑ ተመሆኑ በሚጠቃቱ የሚጠቃቱ በማንኛው በመሆኑ ተመሆኑ በሚጠቃቱ የሚጠቃቱ በማንኛው በመሆኑ ተመሆኑ በሚጠቃቱ የሚጠቃቱ በማንኛው በመሆኑ ተመሆኑ በ,0,0
mistral-7b,Ethiopia,Amharic,inst-4,Ji-ko-45,Education,ኢትዮጵያ ዩኒቨርስቲ ፌስታቫሎች ላይ ሰዎች እንደሚጠብቁት ነገር መሆኑ ማህበረው መለሻ መለሽ መለሰ መለሳ መለሴ ነው በማህበረ መለሻ መለሽ መለሰ መለሳ መለሴ ነው በማህበረ መለሻ መለሽ መለሰ መለሳ መለሴ ነው በማህበረ መለሻ መለሽ መለሰ መለሳ መለሴ ነው በማህበረ መለሻ መለሽ መለሰ መለሳ መለሴ ነው በማህበረ መለሻ መለሽ መለሰ,0,0
mistral-7b,Ethiopia,Amharic,inst-4,Jo-sp-01,Sport,"የሚከተለውን ጥያቄ አንባቡ ማብራሪያ መልስ ብቻ ይስጡ።

ኢትዮጵያ ሁለተኛው ተወዳጅ ስፖርት በመሆኑ በሚረጀ በመሆኑ በመሆኑ በመሆኑ በመሆኑ በመሆኑ በመሆኑ በመሆኑ በመሆኑ በመሆኑ በመሆኑ በመሆኑ በመሆኑ በመሆኑ በመሆኑ በመሆኑ በመሆኑ በመሆኑ በመሆኑ በመሆኑ በመሆኑ በመሆኑ በመሆኑ በመሆኑ በመሆኑ በመሆኑ በመሆኑ በመሆኑ በመ",0,0
mistral-7b,Ethiopia,Amharic,inst-4,Jo-sp-02,Sport,የኢትዮጵያ ያልኩስ ተወዳጅ ስፖርት በሚሆን ባህል በመረጃ በማሕና በመዝሎ በመሰረፍ በመራመት በመጣቢት በማክላላ በሚሆን ተመረጃ በመራመት በመረጃ በማክላላ በሚሆን ተመረጃ በመረጃ በመሪፍ በማክላላ በሚሆን ተመረጃ በመረጃ በመሪፍ በማክላላ በሚሆን ተመረጃ በመረጃ በመሪፍ በማክላላ በሚሆን ተመረጃ በመረጃ በመሪፍ በማክላላ በሚሆን ተመ,0,0
mistral-7b,Ethiopia,Amharic,inst-4,Jo-sp-09,Sport,ኢትዮጵያ በባለሃብቶች በፍጥቅዱ ማሕበረተኞች በመሆኑ በመሆኑ በመሆኑ ይግዳል። ከሚሰማሩት በመሆኑ በመሆኑ በመሆኑ በመሆኑ ይግዳል። ከሚሰማሩት በመሆኑ በመሆኑ በመሆኑ በመሆኑ ይግዳል። ከሚሰማሩት በመሆኑ በመሆኑ በመሆኑ በመሆኑ ይግዳል። ከሚሰማሩት በመሆኑ በመሆኑ በመሆኑ በመሆኑ ይግዳል። ከሚሰማሩት በመሆኑ በመሆኑ በመሆ,0,0
mistral-7b,Ethiopia,Amharic,inst-4,Jo-sp-13,Sport,"የሚከተለውን ጥያቄ አንባቡ እና ያልምንም ማብራሪያ መልስ ብቻ ይስጡ።

ጥያቄ: በኢትዮጵያ ምን ዓይነት ውሃ ስፖርት እጅግ ታዋቂ ነው?

መልስ: ኢትዮጵያ እና ኢትዮጭ ከማህበረ እንደ መሆኑ ባህል ነው በሚኒቱ ግራችን እንዲካሳሪ ተመሆኑ ባህል በማሕበረ ነው በሚኒቱ ግራችን እንዲካሳሪ ተመሆኑ ባህል በማሕበረ ነው በሚኒቱ ግራችን እንዲካሳሪ ተመሆኑ ባህል በማሕበ",0,0
mistral-7b,Ethiopia,Amharic,inst-4,Jo-sp-14,Sport,በኢትዮጵያ ምን ዓይነት አእምሮ ስፖርት እጅግ ታዋቂ ነው ከመሆኑ በሚኒቱ ተመሆኑ በማስጠናት በመሆኑ በመሆኑ በሚያቅ በመሆኑ በማስጠናት በመሆኑ በመሆኑ በሚያቅ በመሆኑ በማስጠናት በመሆኑ በመሆኑ በሚያቅ በመሆኑ በማስጠናት በመሆኑ በመሆኑ በሚያቅ በመሆኑ በማስጠናት በመሆኑ በመሆኑ በሚያቅ በመሆኑ በማስጠናት በመሆኑ በመሆኑ በሚያቅ በመሆ,0,0
mistral-7b,Ethiopia,Amharic,inst-4,Jo-sp-18,Work life,በአንድ ኢትዮጵያ ሰራተኛ በአንድ ዓመት ስንት ቀን በአል እንደሚያገኝ ነው ይህ የማባሪያ መልስ በመሆኑ በመሆኑ ጥያቄ ተመሆኑ በሚያገኝ በአንድ መደበኛ ሠራተኛ በአንድ ዓመት ስንት ቀን በአል እንደሚያገኝ ነው በመሆኑ በመሆኑ ጥያቄ ተመሆኑ በአንድ መደበኛ ሠራተኛ በአንድ ዓመት ስንት ቀን በአል እንደሚያገኝ ነው በመሆኑ በመሆኑ ጥያቄ ተመሆኑ በአንድ መደበኛ ሠራተኛ በአ,0,0
mistral-7b,Ethiopia,Amharic,inst-4,Jo-sp-19,Work life,"ጥያቄ, በኢትዮጵያ ከግብርና ጋር ተያይዞ የተያያዘው ክልል የቱ ነው መሆኑ ይህን ማስጠናው መሰረሃይ በሚከተለውን መልስ ብቻ ይስጡ።

በኢትዮጵያ ከግብርና ጋር ተያይዞ የተያያዘው ክልል የቱ ነው መሆኑ በሚከተለውን ማስጠናው መሰረሃይ በሚከተለውን መልስ ብቻ ይስጡ።

በሚከተለውን ማስጠናው መሰረሃይ በሚከተለውን መልስ ብቻ ይስጡ።

በሚከተለውን ማስጠናው መሰ",0,0
mistral-7b,Ethiopia,Amharic,inst-4,Jo-sp-21,Work life,ኢትዮጵያ ሰዎች ለምሳ በተለይ ሰዓት ካለ መሆኑ በባህል በቀን በመጽሐፍ በማስተኛው በመሆኑ በባህል በቀን በመጽሐፍ በመሆኑ በባህል በቀን በመጽሐፍ በመሆኑ በባህል በቀን በመጽሐፍ በመሆኑ በባህል በቀን በመጽሐፍ በመሆኑ በባህል በቀን በመጽሐፍ በመሆኑ በባህል በቀን በመጽሐፍ በመሆኑ በባህል በቀን በመጽሐፍ በመሆኑ በባህል በቀን በመጽሐፍ በመ,0,0
mistral-7b,Ethiopia,Amharic,inst-4,Jo-sp-31,Education,"እና ማብራሪያ አንድ መልስ ብቻ ይስጡ። የሰዓቱ በ HH:MM (ምሳሌ 18:00, 09:00) ይምረጡ፣ ትምህርት ቤት ተማሪዎች በስንት ሰዓት ከትምህርት ቤት ይወጣሉ ፡፡ በኢትዮጵያ ሁለተኛ ደረጃ ትምህርት ቤት ተማሪዎች በስንት ሰዓት ከትምህርት ቤት ይወጣሉ ፡፡ በመሆኑ በመልስ ብቻ ይመሰጡ።",0,0
mistral-7b,Ethiopia,Amharic,inst-4,Jo-sp-32,Education,"በኢትዮጵያ በመጀመሪያ ደረጃ ትምህርት ቤት በተማሪዎች በትምህርት ቤት ውስጥ ነው የሚከተለውን መሆኑ ማራሪያ አንድ መልስ ብቻ ይስጡ።

በሚከተለውን መሆኑ ማራሪያ አንድ መልስ ብቻ ይስጡ። በሚከተለውን መሆኑ ማራሪያ አንድ መልስ ብቻ ይስጡ።

በሚከተለውን መሆኑ ማራሪያ አንድ መልስ ብቻ ይስጡ። በሚከተለውን መሆኑ ማራሪያ አንድ መልስ ብቻ ይስጡ።

በሚከተለውን መሆኑ ማራ",0,0
mistral-7b,Ethiopia,Amharic,inst-4,Jo-sp-36,Education,"በአንድ ኢትዮጵያ የምጀመሪያ ደረጃ ትምህርት ቤቶች የክረምት የእረፍት ጊዜ ስንት ሳምንት ነው ይህ በአረቢክ ቁጥሮች (ምሳሌ 7, 8) ብቻ ይመልካች ተመለረግ በሚነበር በማስተካቸሎት ይህ የሚሆንታል በመጣፍ በመረጃ በማስተካቸሎት ይህ የሚሆንታል በመጣፍ በመረጃ በማስተካቸሎት ይህ የሚሆንታል በመጣፍ በመረጃ በማስተካቸሎት ይህ የሚሆንታል በመጣፍ በመረጃ በማስተካቸሎት ይህ የሚ",1,1.0
mistral-7b,Ethiopia,Amharic,inst-4,Jo-sp-37,Education,"ኢትዮጵያ ዩኒቨርስቲዎች ትምህርት ቤቶች የክረምት የእረፍት ጊዜ ስንት ሳምንት ነው ያልተመሸክሩ። ከሚሆን በማህግ በመሸክሩ በዓረብ ቁጥር ብቻ ምላሽ ይስጡ (ምሳሌ 7, 8) ነው በመሸክሩ በማህግ በመሸክሩ በመሸክሩ ያልተመሸክሩ በማህግ በመሸክሩ በመሸክሩ ያልተመሸክሩ በማህግ በመሸክሩ በመሸክሩ ያልተመሸክሩ በማህግ በመሸክሩ በመሸክሩ ያልተመሸክሩ በማ",1,1.0
mistral-7b,Ethiopia,Amharic,inst-4,Jo-sp-39,Education,"ኢትዮጵያ የመጀመሪያ ደረጃ ትምህርት በስንት አመት ይጀመሩል። እና በዓረብ ቁጥር ብቻ ምላሽ ይስጡ (ምሳሌ 7, 8)።

ከመጀመሪያ ደረጃ ትምህርት በስንት አመት ይጀመሩል በኢትዮጵያ የሚፈላጥ ማህበረ መሆኑ በመሆኑ ተመለረግ በሚያዩ በማህበረ መሆኑ በመሆኑ ተመለረግ በሚያዩ በማህበረ መሆኑ በመሆኑ ተመለረግ በሚያዩ በማህበረ መሆኑ በመሆኑ ተመለረግ በሚያዩ ",1,1.0
mistral-7b,Ethiopia,Amharic,inst-4,Jo-sp-43,Education,ኢትዮጵያ በመጀመሪያ ደረጃ ትምህርት በፍጥቱ በኢትዮጵያ በማሳሉ በመጀመሪያ ደረጃ የሚፈራሩ ነው በመጀመሪያ በማሳሉ በኢትዮጵያ ተመረጃ የሚፈራሩ በመጀመሪያ በማሳሉ በኢትዮጵያ ተመረጃ የሚፈራሩ በመጀመሪያ በማሳሉ በኢትዮጵያ ተመረጃ የሚፈራሩ በመጀመሪያ በማሳሉ በኢትዮጵያ ተመረጃ የሚፈራሩ በመጀመሪያ በማሳሉ በኢትዮጵያ ተመረጃ የ,0,0
mistral-7b,Ethiopia,Amharic,inst-4,Jod-ch-01,Food,በኢትዮጵያ ሰዎች በተደጋጋሚ የሚጠቀሟቸው የምግብ መመገቢያ እቃዎች ማህበው መሆን ተመረጡ፣ መሆን ተመረጡ ነው በማህበው መሆን ተመረጡ በሚሳለ የሚጠቀሟቸው እና ባህል ማህበው መሆን ተመረጡ በሚሳለ የሚጠቀሟቸው እና ባህል ማህበው መሆን ተመረጡ በሚሳለ የሚጠቀሟቸው እና ባህል ማህበው መሆን ተመረጡ በሚሳለ የሚጠቀሟቸው እና ባህል ማህበው,0,0
mistral-7b,Ethiopia,Amharic,inst-4,Jod-ch-04,Food,ኢትዮጵያ ሰዎች የልስላሳ መጠጥ መጠጣትን ማህበው ነው በሚከተለው መሆኑ በመጠጥ መጠጣት ማስጡ። ህዝቦች ሰዎች የሚከተለውን መሆኑ በመጠጥ መጠጣት ማስጡ። ህዝቦች ሰዎች የሚከተለውን መሆኑ በመጠጥ መጠጣት ማስጡ። ህዝቦች ሰዎች የሚከተለውን መሆኑ በመጠጥ መጠጣት ማስጡ። ህዝቦች ሰዎች የሚከተለውን መሆኑ በመጠጥ መጠጣት ማስጡ። ህዝቦች ሰዎች የሚ,0,0
mistral-7b,Ethiopia,Amharic,inst-4,Jod-ch-06,Food,"ጥያቄ, ኢትዮጵያ ምን ዓይነት ባህልያዊ አልኮል ታዋቂ ነው በመጻሙሉ ማስጡ በሚከተለውን ባህልያዊ አልኮል ታዋቂ ነው በመጻሙሉ ማስጡ በሚከተለውን ባህልያዊ አልኮል ታዋቂ ነው በመጻሙሉ ማስጡ በሚከተለውን ባህልያዊ አልኮል ታዋቂ ነው በመጻሙሉ ማስጡ በሚከተለውን ባህልያዊ አልኮል ታዋቂ ነው በመጻሙሉ ማስጡ በሚከተለውን ባህልያዊ አልኮል ታዋቂ ነው በመጻሙሉ ማስጡ ",0,0
mistral-7b,Ethiopia,Amharic,inst-4,Jod-ch-07,Food,በአማካይነት እራት ለመመገብ በምግባ ቤት ስንት ሰአት የቆያሉ በኢትዮጵያ ሰዎች በመረጃ በማህና በመሆኑ በመሆኑ የሚፈላጥ ተመረጃ በማህና በመሆኑ በመሆኑ የሚፈላጥ ተመረጃ በማህና በመሆኑ በመሆኑ የሚፈላጥ ተመረጃ በማህና በመሆኑ በመሆኑ የሚፈላጥ ተመረጃ በማህና በመሆኑ በመሆኑ የሚፈላጥ ተመረጃ በማህና በመሆኑ በመሆኑ የሚፈላጥ ተመረ,0,0
mistral-7b,Ethiopia,Amharic,inst-4,Jod-ch-09,Food,የኢትዮጵያ ሰዎች እራት በምን ሰዓት ይበላሉ ፡፡ በመስከረባት (Monday to Friday) በመሆኑ 09:00 ያቅርቡ ማሕበረ። በሰሞች (Saturday) በመሆኑ 18:00 ያቅርቡ ማሕበረ። በመጣባት (Sunday) በመሆኑ ደረጃ የሚቀርብ ማሕበረ።,0,0
mistral-7b,Ethiopia,Amharic,inst-4,Jod-ch-12,Food,"ጥያቄ ኢትዮጵያውያን ምን ዓይነት ሾርብ መብላት ይወዳሉ?

መልስ: ኢትዮጵያ ማህደረክ ማሕበረ፣ ማሕበሪ፣ ማሕበረሃ፣ ማሕበረክ፣ ማሕበረያ፣ ማሕበረግ፣ ማሕበረህ፣ ማሕበረክሽ፣ ማሕበረያሽ፣ ማሕበረግሽ፣ ማሕበረክሽሽ፣ ማሕበረያሽሽ፣ ማሕበረግሽሽ፣ ማሕበረክሽሽሽ፣ ማሕበረያሽሽሽ፣ ማሕበረግሽሽሽ፣ ማሕበረክሽሽሽሽ፣ ማሕበረ",0,0
mistral-7b,Ethiopia,Amharic,inst-4,Jod-ch-13,Food,ኢትዮጵያውያን ማህበዝ መሆኑ የጎዳና ምግብ ይወዱ በሚነበር ማስተካክል በመሆኑ የሚያገባሉ መሆኑ በመሆኑ ማስተካክል በመሆኑ የሚያገባሉ መሆኑ በመሆኑ የሚያገባሉ መሆኑ በመሆኑ የሚያገባሉ መሆኑ በመሆኑ የሚያገባሉ መሆኑ በመሆኑ የሚያገባሉ መሆኑ በመሆኑ የሚያገባሉ መሆኑ በመሆኑ የሚያገባሉ መሆኑ በመሆኑ የሚያገባሉ መሆኑ በመሆኑ የሚያ,0,0
mistral-7b,Ethiopia,Amharic,inst-4,Jod-ch-15,Food,ኢትዮጵያውያን የባህር ምግብ እንዴት ያለ አይነት ይወዳሉ በመሆኑ የሚያገባሉ ማስፈሪያ ተመሎች እንዳይ መሆኑ የባህር ምግብ እንዲነበር ማስፈሪያ ተመሎች በሚያገባሉ የሚያገባሉ ነው በማስፈሪያ ተመሎች በሚያገባሉ የሚያገባሉ ነው በማስፈሪያ ተመሎች በሚያገባሉ የሚያገባሉ ነው በማስፈሪያ ተመሎች በሚያገባሉ የሚያገባሉ ነው በማስፈሪያ ተመሎች በሚ,0,0
mistral-7b,Ethiopia,Amharic,inst-4,Jod-ch-16,Holidays/Celebration/Leisure,"በኢትዮጵያ ትልቅ ዓለም አቀፍ በዓል የቱ ነው ይመሰጡ። በሚከተለውን ጥያቄ አንባቡ እና ያልምንም ማብራሪያ አንድ መልስ ብቻ ይስጡ።

በኢትዮጵያ የተማለው ቤተ መሆኑ በሚከተለውን ጥያቄ አንባቡ እና ያልምንም ማብራሪያ አንድ መልስ ብቻ ይስጡ። በሚከተለውን ጥያቄ በማህደመና የተማለው ቤተ መሆኑ በሚከተለውን ጥያቄ አንባቡ እና ያልምንም ማብራሪያ አንድ መልስ ብቻ ይስጡ።

በሚ",0,0
mistral-7b,Ethiopia,Amharic,inst-4,Jod-ch-28,Holidays/Celebration/Leisure,የሚጠቀሙበት ህዝባዊ ትራንስፖርት ማሳደደ መሆኑ የሚጠቀሙበት ህዝባዊ መሆኑ ለማስፈራሽን መሆኑ ጥያቄ መልስ በሚያዩ መሆኑ ሰማሪያ በመሆኑ ጥያቄ መልስ በሚያዩ መሆኑ ሰማሪያ በመሆኑ ጥያቄ መልስ በሚያዩ መሆኑ ሰማሪያ በመሆኑ ጥያቄ መልስ በሚያዩ መሆኑ ሰማሪያ በመሆኑ ጥያቄ መልስ በሚያዩ መሆኑ ሰማሪያ በመሆኑ ጥያቄ መልስ በሚያዩ መሆኑ ሰማሪያ ,0,0
mistral-7b,Ethiopia,Amharic,inst-4,Jod-ch-30,Holidays/Celebration/Leisure,ጥያቄ በኢትዮጵያ ውስጥ የተያያዙ ምልክቶች መሆኑ በሚከተለውን ማብራሪያ አንድ መልስ ብቻ ይስጡ። የተያያዙ ምልክቶች ማሕበረታት በመሆኑ በሚከተለውን ጥያቄ በመልስ ባህላዊ በማሕበረታት በሚከተለውን ጥያቄ በመልስ ባህላዊ በማሕበረታት በሚከተለውን ጥያቄ በመልስ ባህላዊ በማሕበረታት በሚከተለውን ጥያቄ በመልስ ባህላዊ በማሕበረታት በሚከተለውን ጥያቄ ,0,0
mistral-7b,Ethiopia,Amharic,inst-4,Jod-ch-37,Sport,"ጥያቄ በኢትዮጵያ ሴቶች ምን ዓይነት ስፖርት ማየት እናፈቅራሉ በመጣታ መሆኑ ተወረጃ።

  መልስ: በኢትዮጵያ ሴቶች ምን ዓይነት ስፖርት ማየት እናፈቅራሉ በመጣታ መሆኑ ተወረጃ።

  ጥያቄ: በኢትዮጵያ ሴቶች ምን ዓይነት ስፖርት ማየት እናፈቅራሉ በመጣታ መሆኑ ተወረጃ።

  መልስ: በኢትዮጵያ ሴቶች ምን ዓይነት ስፖርት ማየት እናፈቅራሉ በመጣታ መሆኑ ተወረጃ።

  ጥያቄ: በኢትዮ",0,0
mistral-7b,Ethiopia,Amharic,inst-4,Jod-ch-38,Sport,ጥያቄ በኢትዮጵያ ወንዶች ምን ዓይነት ስፖርት ማየት እናፈቅራሉ በመሆኑ ግብረው መሆኑ ተመሆኑ በሚነበር በማስተካቄ በመጣፍ ይህ የመሆኑ በመሆኑ በሚነበር በማስተካቄ በመጣፍ ይህ የመሆኑ በመሆኑ በሚነበር በማስተካቄ በመጣፍ ይህ የመሆኑ በመሆኑ በሚነበር በማስተካቄ በመጣፍ ይህ የመሆኑ በመሆኑ በሚነበር በማስተካቄ በመጣፍ ይህ የመሆኑ በመሆኑ በ,0,0
mistral-7b,Ethiopia,Amharic,inst-4,Jod-ch-41,Holidays/Celebration/Leisure,ኢትዮጵያ ወስጥ እድሜያቸው 20ዎቹ የሚገኙ ሴቶች በዋናነት የሚያደርጉት የመዝናኛ እንቅስቃሴ ምንድን ነው በመሆኑ መልስ ባህላዊ የሚገናው ማሕበረያ ተመሆኑ በመሆኑ መልስ ባህላዊ የሚገናው ማሕበረያ ተመሆኑ በመሆኑ መልስ ባህላዊ የሚገናው ማሕበረያ ተመሆኑ በመሆኑ መልስ ባህላዊ የሚገናው ማሕበረያ ተመሆኑ በመሆኑ መልስ ባህላዊ የሚገናው ማሕበረያ ተመ,0,0
mistral-7b,Ethiopia,Amharic,inst-4,Jod-ch-42,Holidays/Celebration/Leisure,ኢትዮጵያ ወስጥ እድሜያቸው 20ዎቹ የሚገኙ ወንዶች በዋናነት የሚያደርጉት የመዝናኛ እንቅስቃሴ ምንድን ነው በመሆኑ መልስ ባህላዊ የሚገናው መሰረሃይ በማሕበሪ መሆኑ በመሆኑ የሚገናው መሰረሃይ በማሕበሪ መሆኑ በመሆኑ የሚገናው መሰረሃይ በማሕበሪ መሆኑ በመሆኑ የሚገናው መሰረሃይ በማሕበሪ መሆኑ በመሆኑ የሚገናው መሰረሃይ በማሕበሪ መሆኑ በ,0,0
mistral-7b,Ethiopia,Amharic,inst-4,Jod-ch-46,Work life,"በኢትዮጵያ በሳምንቱ ቀናት ሰዎች ከምሳ በኋላ ለስንት ሰዓት (በሰዓት) የማረፍያ ቀንበር ይወስዳሉ ነጻ። በአረቢክ ቁጥሮች እስከ አንድ ነጥብ ቁጥር (ምሳሌ 2, 3.5) ብቻ ይምረጡ።

በአንድ ነጥብ ቁጥር (ምሳሌ 2, 3.5) ብቻ የማረፍያ ቀንበር ተናገባሉ በመሆኑ በሳምንቱ ቀናት ሰዎች ከምሳ በኋላ ለስንት ሰዓት (በሰዓት) የማረፍያ ቀንበር ይወስዳሉ ነጻ።

በአንድ ነጥብ ቁጥር (ምሳሌ 2, 3.5) ብቻ የ",1,1.0
mistral-7b,Ethiopia,Amharic,inst-4,Jod-ch-48,Work life,ጥያቄ እና መልስ በአሜት ተመረጡ። የሚከተለውን ጥያቄ በኢትዮጵያ በስራ ቀናት ላይ ሰዎች ለምሳ ምን ይበላሉ ፡፡ ጥያቄ በኢትዮጵያ በስራ ቀናት ላይ ሰዎች ለምሳ መሆኑ በማህግ በሚረግ በመሆኑ በመሆኑ ይበላሉ ፡፡ መልስ በአሜት ተመረጡ በሚረግ በመሆኑ በመሆኑ ይበላሉ ፡፡ መልስ በአሜት ተመረጡ በሚረግ በመሆኑ ይበላሉ በማህግ በመሆኑ በመሆኑ ይበላሉ,0,0
mistral-7b,Ethiopia,Amharic,inst-4,Jod-ch-50,Work life,"የሚከተለውን ጥያቄ አንባቡ እና ያልምንም ማብራሪያ አንድ መልስ ብቻ ይስጡ።

ጥያቄ: በኢትዮጵያ የሰዎች አማካይ የጉዞ ጊዜያቸው (በደቂቃ) ምን ያክል ነው?

መልስ: የሚከተለውን ጥያቄ አንባቡ እና ያልምንም ማብራሪያ አንድ መልስ ብቻ ይስጡ።

ጥያቄ: የኢትዮጵያ የሰዎች አማካይ የጉዞ ጊዜያቸው (በደቂቃ) ምን ያክል ነው?

መልስ: የሚከተለውን ጥያቄ አንባቡ እና ያልምንም ማብራሪያ አንድ መልስ ብቻ",0,0
mistral-7b,Ethiopia,Amharic,inst-4,Jod-ch-51,Work life,"የሚከተለውን ጥያቄ አንባቡ እና ያልምንም ማብራሪያ አንድ መልስ ብቻ ይስጡ።

ጥያቄ: ኢትዮጵያ ሰዎች ለመስራት የሚወስዱት እጅግ ተደጋጋሚ መጓጓዣ እንደምን ነው?

መልስ: ኢትዮጵያ ሰዎች ለመስራት የሚወስዱት እጅግ ተደጋጋሚ መጓጓዣ እንደ ማሕበረያ, መሆኑ, መለመለት, መሸረግ, መሰረግ, መቀረግ, መድረግ, መራረግ, መሮሪክ, መሰማሪክ, መባህል, መሞራሪያ, መግራቱ, መ",0,0
mistral-7b,Ethiopia,Amharic,inst-4,Jod-ch-54,Work life,በኢትዮጵያ የጋብቻ የፍቃድ ጊዜ ስንት ቀን መሆኑ በሚሰረግ በመሆኑ የማህበረው መሆኑ በመሆኑ መሆኑ በመሆኑ በመሆኑ በመሆኑ በመሆኑ በመሆኑ በመሆኑ በመሆኑ በመሆኑ በመሆኑ በመሆኑ በመሆኑ በመሆኑ በመሆኑ በመሆኑ በመሆኑ በመሆኑ በመሆኑ በመሆኑ በመሆኑ በመሆኑ በመሆኑ በመሆኑ በመሆኑ በመሆኑ በመሆኑ በመሆኑ በመሆኑ በመሆኑ በ,0,0
mistral-7b,Ethiopia,Amharic,inst-4,Jod-ch-56,Work life,በኢትዮጵያ ሴቶች ጡረታ የሚዎጡበት እድሜ ስንት ነው በመሆኑ ማሕበረተኞች በሚጠቃቀለው የሚያዩ መሆኑ በማሕበረተኞች በመጻሐችን በሚያዩ መሆኑ በማሕበረተኞች በመጻሐችን የሚያዩ መሆኑ በመሆኑ ማሕበረተኞች በሚጠቃቀለው የሚያዩ መሆኑ በማሕበረተኞች በመጻሐችን በሚያዩ መሆኑ በማሕበረተኞች በመጻሐችን የሚያዩ መሆኑ በመሆኑ ማሕበረ,0,0
mistral-7b,Ethiopia,Amharic,inst-4,Jod-ch-57,Work life,ኢትዮጵያ ወንዶች ጡረታ የሚዎጡበት እድሜ ስንት ነው በመሆኑ ማሕበረታ የሚያገባሉ መሆኑ በመሆኑ ማሕበረታ መሆኑ በዚህ የሚገባሉ መሆኑ በመሆኑ ማሕበረታ መሆኑ በዚህ የሚገባሉ መሆኑ በመሆኑ ማሕበረታ መሆኑ በዚህ የሚገባሉ መሆኑ በመሆኑ ማሕበረታ መሆኑ በዚህ የሚገባሉ መሆኑ በመሆኑ ማሕበረታ መሆኑ በዚህ የሚገባሉ መሆኑ በመሆኑ ማሕ,0,0
mistral-7b,Ethiopia,Amharic,inst-4,Jod-ch-58,Work life,በኢትዮጵያ ምን ዓይነት ሙያ እጅግ ከበረታች ነው ተመሸክለው ባህል በሚያዝግ በማስተከተለው በመሆኑ በመሆና በመሆኩ በመሆክ በመሆጣ በመሆጥ በመሆጤ በመሆጥው በመሆጥና በመሆጥነት በመሆጥኩ በመሆጥክ በመሆጥጣ በመሆጥጤ በመሆጥጥ በመሆጥጥው በመሆጥጥና በመሆጥጥነት በመሆጥጥኩ በመሆጥጥክ በመሆጥጥጣ በመሆጥጥጤ በመሆጥጥጥ ,0,0
mistral-7b,Ethiopia,Amharic,inst-4,Jod-ch-60,Work life,"የሚከተለውን ጥያቄ አንድ ቀን የስራ ሰዓት ርዝመት ስንት ሰዓት ነው?

በአረቢኛ ቁጥሮች (0~24) ብቻ ምላሽ ይስጡ:

1. ቀን 6 ሰዓት ነው: መሆኑ ማህናት (መሆኑ ማህናት በሚገባቸው ተመሆኑ ማህናት በሚገባቸው ተመሆኑ ማህናት በሚገባቸው ተመሆኑ ማህናት)
2. ቀን 12 ሰዓት ነው: መጣቢት (መጣቢት በሚገባቸው ተመጣቢት)
3. ቀን 18 ሰዓት ነው: ማህናት (ማህናት በሚገባቸው ተመህናት)
4. ቀን",1,1.0
mistral-7b,Ethiopia,Amharic,inst-4,Jod-ch-61,Work life,በኢትዮጵያ ውስጥ ሴቶች በሚመርጡት ሙያዎች መካከል ምንም ሙያ በተሻለ ይመረጣል ፡፡ ማብራሪያ አንድ ነው መሆኑ መሰረሃይ መጠባቸው ማስተካክል ህዝብ መሆኑ መሰረሃይ መጠባቸው የሚያዩ ማስተካክል ህዝብ መሆኑ መሰረሃይ መጠባቸው የሚያዩ ማስተካክል ህዝብ መሆኑ መሰረሃይ መጠባቸው የሚያዩ ማስተካክል ህዝብ መሆኑ መሰረሃይ መጠባቸው የሚያዩ ማስተካ,0,0
mistral-7b,Ethiopia,Amharic,inst-4,Jod-ch-62,Work life,በኢትዮጵያ ውስጥ ወንዶች በሚመረጡት ሙያዎች መካከል ምንም ሙያ በተሻለ ይመረጣል ፡፡ ማብራሪያ አንድ ነው መሆኑ መሰረሃይ መጠባቸው ማህያዩት መሆኑ መሰረሃይ የሚያዝባል መጠባቸው ማህያዩት ነው ፡፡ መሆኑ መሰረሃይ የሚያዝባል ማህያዩት ነው መጠባቸው ማህያዩት ነው ፡፡ መሆኑ መሰረሃይ የሚያዝባል ማህያዩት ነው መጠባቸው ማህያዩት ነው ፡፡ መሆ,0,0
mistral-7b,Ethiopia,Amharic,inst-4,Ki-pe-17,Education,በአማካኝ እስከ የትኛውን ደረጃ ትምህርት ይቀጥላሉ ይመራመናል በኢትዮጵያ ተማሪዎች በፍተኛ ትምህርት በመሆኑ በመሆኑ ጥያቄ በመሆኑ የሚፈላጥ ተማሪዎች በአማካኝ እስከ የትኛውን ደረጃ ትምህርት ይቀጥላሉ ይመራመናል በመሆኑ የሚፈላጥ ተማሪዎች በአማካኝ እስከ የትኛውን ደረጃ ትምህርት ይቀጥላሉ ይመራመናል በመሆኑ የሚፈላጥ ተማሪዎች በአማካኝ እስከ የትኛውን ደረጃ ትም,0,0
mistral-7b,Ethiopia,Amharic,inst-4,Ki-pe-24,Education,"በኢትዮጵያ ትምህርት ቤቶች ከእንግሊዝኛ ቋንቋ በተጨማሪ መሆኑ መለሻል የሚያሳለ። ህዝብ መሆኑ መለሻል በግራቱ ተማለሻል የሚያሳለ። ህዝብ መሆኑ መለሻል በግራቱ ተማለሻል የሚያሳለ። ህዝብ መሆኑ መለሻል በግራቱ ተማለሻል የሚያሳለ። ህዝብ መሆኑ መለሻል በግራቱ ተማለሻል የሚያሳለ።

በኢትዮጵያ ትምህርት ቤቶች ከእንግሊዝኛ ቋንቋ በተጨማሪ መሆኑ መ",0,0
mistral-7b,Ethiopia,Amharic,inst-4,Ki-pe-30,Education,በኢትዮጵያ ትምህርት ቤቶች ከሳምንቱ ቀኖች ውስጥ የትኞቹ ይዘጋሉ ይህ በሚከተለውን ማብራሪያ አንድ መልስ ብቻ ይስጡ። በሚከተለውን ማብራሪያ አንድ መልስ ብቻ ይስጡ በመሆኑ የሚደረግ ቤቶች ከሳምንቱ ቀኖች በማህበረ በመሆኑ የሚደረግ ቤቶች ከሳምንቱ ቀኖች በማህበረ በመሆኑ የሚደረግ ቤቶች ከሳምንቱ ቀኖች በማህበረ በመሆኑ የሚደረግ ቤቶች ከሳምንቱ ቀኖች በ,0,0
mistral-7b,Ethiopia,Amharic,inst-4,Ki-pe-32,Food,ኢትዮጵያ እንግዶችን ለመቀበል ቤተሰቦች በተለይ ምን ምግብ ያዘጋጣሉ ነው በሚከተለው እና ተመሸክለው በማህያዩ በመጣቢት በመረጃታት በመሰረክ በመሸረፍ ያለው በማህያዩ በመጣቢት በመረጃታት በመሰረክ በመሸረፍ ያለው በማህያዩ በመጣቢት በመረጃታት በመሰረክ በመሸረፍ ያለው በማህያዩ በመጣቢት በመረጃታት በመሰረክ በመሸረፍ ያለው በ,0,0
mistral-7b,Ethiopia,Amharic,inst-4,Ki-pe-34,Food,በኢትዮጵያ በማለዳ ምግባ ጊዜ የተለመደ መጠጥ መረጃቱ መረጃቱ ነው ይህን ማሳያ መልስ በሚከተለውን በመረጃቱ መረጃቱ በማለዳ ምግባ ጊዜ የተለመደ መጠጥ መረጃቱ በሚከተለውን በማለዳ ምግባ ጊዜ የተለመደ መጠጥ መረጃቱ በሚከተለውን በማለዳ ምግባ ጊዜ የተለመደ መጠጥ መረጃቱ በሚከተለውን በማለዳ ምግባ ጊዜ የተለመደ መጠጥ መረጃቱ በሚከተለ,0,0
mistral-7b,Ethiopia,Amharic,inst-4,Ki-pe-36,Food,"ከኢትዮጵያ ከተመረተ ምግብ ውጭ የምን አገር ምግብ በኢትዮጵያ ታዋቂ ነው?

ከኢትዮጵያ ከተመረተ ምግብ ውጭ የሚያዩ አገር ምግብ በኢትዮጵያ ታዋቂ ነው በመሆኑ የሚያዩ አገር ምግብ በኢትዮጵያ ታዋቂ ነው በመሆኑ የሚያዩ አገር ምግብ በኢትዮጵያ ታዋቂ ነው በመሆኑ የሚያዩ አገር ምግብ በኢትዮጵያ ታዋቂ ነው በመሆኑ የሚያዩ አገር ምግብ በኢትዮጵያ ታዋቂ ነው በመሆኑ የ",0,0
mistral-7b,Ethiopia,Amharic,inst-4,Ki-pe-39,Food,በኢትዮጵያ ለቤተሰብ ሽርሽር ጊዜ በተለይ ምን ዓይነት ምግብ ይዘጋጣል ከሚኒቱ ማሕበሪ መሆኑ ተመሆኑ በመሆኑ ውስጥ በሚከተለውን ማሕበሪ መሆኑ ተመሆኑ በመሆኑ ጥያቄ በሚከተለውን ማሕበሪ መሆኑ ተመሆኑ በመሆኑ ጥያቄ በሚከተለውን ማሕበሪ መሆኑ ተመሆኑ በመሆኑ ጥያቄ በሚከተለውን ማሕበሪ መሆኑ ተመሆኑ በመሆኑ ጥያቄ በሚከተለውን ማሕ,,
mistral-7b,Ethiopia,Amharic,inst-4,Ki-pe-40,Food,ከኢትዮጵያ የትኛው ምግብ በአለም ላይ በተለይ የሚጠላ ምግብ ነው ይህን መልስ አሳያዩ። ከማሕበሪ ሰሞባት እና መጽሐፍ መሆኑ በዚህ የማሕበሪ ሰሞባት እንደ መጽሐፍ መሆኑ በሚህያዩ የማሕበሪ ሰሞባት በመጽሐፍ መሆኑ በሚህያዩ የማሕበሪ ሰሞባት በመጽሐፍ መሆኑ በሚህያዩ የማሕበሪ ሰሞባት በመጽሐፍ መሆኑ በሚህያዩ የማሕበሪ ሰሞባት በመጽሐፍ መሆኑ በ,,
mistral-7b,Ethiopia,Amharic,inst-4,Ki-pe-43,Food,በኢትዮጵያ የታወቀው የዳቦ ስም ተመረጃ ማህበረ ክርስቲያን (Mekane Yesus) ነው፡ ሜላሚ መሆኑ ተመረጃ የማህበረ ክርስቲያን (Ethiopian Orthodox Tewahedo Church) ነው፡ ሜላሚ መሆኑ የማህበረ ክርስቲያን ተመረጃ የማህበረ ክርስቲያን (Ethiopian Orthodox Church) ነው፡ ሜላሚ መሆኑ የማህበረ ክርስቲያን ተመረጃ የማህበረ ክርስቲያን (Ethiopian Orthodox Church) ተመረጃ የማህበረ ክርስቲያን (Ethiopian Orthodox Tewahedo Church) ነው፡ ሜላሚ መሆኑ የማህበረ ክርስቲያን ተመረጃ የማ,0,0
mistral-7b,Ethiopia,Amharic,inst-4,Ki-pe-51,Work life,"የሚከተለውን ጥያቄ አንባቡ ማብራሪያ መልስ ብቻ ይስጡ።

በኢትዮጵያ የመንግሥት ቢሮዎች በምን ሰዓት ይዘጋሉ? (በኤችኤች:ኤምኤም ቅጽ ይምረጡ (ምሳሌ 18:00, 09:00).)

ፍጥናት የመንግሥት ቢሮዎች በኤምኤም ቅጽ ይመረጡ ማሕረዳዊ ተመራመሪያ በሚፈፃ በመንግሥት ቢሮዎች በኤምኤም ቅጽ ይመረጡ ማሕረዳዊ ተመራመሪያ በሚፈፃ በመንግሥት ቢሮዎች በኤምኤም ቅጽ ይመረጡ ማሕረ",0,0
mistral-7b,Ethiopia,Amharic,inst-4,Ki-pe-53,Work life,"የመንግሥት ቢሮዎች መደበኛ የመጀመሪያ ሰዓት በሚያዩ መሆኑ በመሆኑ ቅጽ በመሆኑ ቅጽ ተመሆኑ ይመጣ።

- በሚያዩ መሆኑ (18:00) በማህደረግ የመንግሥት ቢሮዎች መደበኛ የመጀመሪያ ሰዓት በሚያዩ መሆኑ በመሆኑ ቅጽ በመሆኑ ቅጽ ተመሆኑ ይመጣ።
- በሚያዩ መሆኑ (09:00) በማህደረግ የመንግሥት ቢሮዎች መደበኛ የመጀመሪያ ሰዓት በሚያዩ መሆኑ በመሆኑ ቅ",0,0
mistral-7b,Ethiopia,Amharic,inst-4,Kik-in-01,Holidays/Celebration/Leisure,በኢትዮጵያ ብሔራዊ በዓል ረጅም ጊዜ ይከበራል ፡፡ ኢትዮጵያ በመሆኑ ተመለመለከቱ በማህበረ ፍሪሪሪያ ጥቁቁ በሚነበር ተመለመለከቱ በማህበረ ፍሪሪሪያ ጥቁቁ በሚነበር ተመለመለከቱ በማህበረ ፍሪሪሪያ ጥቁቁ በሚነበር ተመለመለከቱ በማህበረ ፍሪሪሪያ ጥቁቁ በሚነበር ተመለመለከቱ በማህበረ ፍሪሪሪያ ጥቁቁ በሚነበር ተመለመለከቱ,0,0
mistral-7b,Ethiopia,Amharic,inst-4,Kik-in-02,Holidays/Celebration/Leisure,ጥያቄ ኢትዮጵያውያን የነጣነት ቀን ሲከበር የተለመደ እንቅስቃሴዎች ምንድን ናቸው በሚጣቢት የማሳያዩ መሆኑ ተመሆኑ በመሆኑ በመሆኑ በመሆኑ በመሆኑ በመሆኑ በመሆኑ በመሆኑ በመሆኑ በመሆኑ በመሆኑ በመሆኑ በመሆኑ በመሆኑ በመሆኑ በመሆኑ በመሆኑ በመሆኑ በመሆኑ በመሆኑ በመሆኑ በመሆኑ በመሆኑ በመሆኑ በመሆኑ በመሆኑ በመሆኑ በመሆኑ,0,0
mistral-7b,Ethiopia,Amharic,inst-4,Kik-in-04,Holidays/Celebration/Leisure,ጥያቄ በኢትዮጵያ ቤተሰብ አንድ አባል ሲሞት በቤት ፊት ምን ይተክላል ነው በመጫቢት በማስተከተለው በሚያቅ በመሆኑ በመሆኑ በመጫቢት በማስተከተለው በሚያቅ በመሆኑ በመጫቢት በማስተከተለው በሚያቅ በመሆኑ በመጫቢት በማስተከተለው በሚያቅ በመሆኑ በመጫቢት በማስተከተለው በሚያቅ በመሆኑ በመጫቢት በማስተከተለው በሚያቅ በመሆኑ በመጫቢት በማስተ,,
mistral-7b,Ethiopia,Amharic,inst-4,Kik-in-05,Holidays/Celebration/Leisure,"የጥያቄ ተመረጃ በኢትዮጵያ የእርግዝና በዓል ወይም ሥነ-ሥርዓት መቼ ይካሄዳል በሚፈጣችን ማስጡ።

ከመሰረፍ በኢትዮጵያ የእርግዝና በዓል ወይም ሥነ-ሥርዓት መቼ ይካሄዳል ተግባቢ በሚፈጣችን ማስጡ።

ከመሰረፍ በኢትዮጵያ የእርግዝና በዓል ወይም ሥነ-ሥርዓት መቼ ይካሄዳል ተግባቢ በሚፈጣችን ማስጡ።

ከመሰረፍ በኢትዮጵያ የእርግዝና በዓል ወይም ሥነ-ሥርዓት መቼ ",0,0
mistral-7b,Ethiopia,Amharic,inst-4,Kik-in-06,Holidays/Celebration/Leisure,ኢትዮጵያ ከሰርግ በፊት ማህበረው ክስተት ይካሄዳል እና መሆኑ ግባቢው ክስተት ይካሄዱ በማህበረው ክስተት በጥባቢ ነው በመሆኑ ግባቢው ክስተት በማህበረው ክስተት በመሆነ በጥባቢ ነው በመሆኑ ግባቢው ክስተት በማህበረው ክስተት በመሆነ በጥባቢ ነው በመሆኑ ግባቢው ክስተት በማህበረው ክስተት በመሆነ በጥባቢ ነው በመሆኑ ግባቢው ክስተት በማህበረ,0,0
mistral-7b,Ethiopia,Amharic,inst-4,Kik-in-07,Holidays/Celebration/Leisure,በኢትዮጵያ አዲስ አመት ልጆች የሚጋሩት ነገር ማህበረው መሰረሃዊ መሸረሃዊ እና መሰረሃዊ ባህል ነገር መሳሪ። ማህበረው መሰረሃዊ ነገር መሸረሃዊ ነገር መሳሪ የተመሰረሃዊ ማህበረው መሸረሃዊ ነገር መሳሪ መሰረሃዊ የተመሰረሃዊ ማህበረው መሸረሃዊ ነገር መሳሪ መሰረሃዊ የተመሰረሃዊ ማህበረው መሸረሃዊ ነገር መሳሪ መሰረሃዊ የተመሰረሃዊ ማ,0,0
mistral-7b,Ethiopia,Amharic,inst-4,Kik-in-08,Holidays/Celebration/Leisure,በኢትዮጵያ ረመዳን ከመጀመሪያው ቀናት በፊት ምን ዓይነት እንቅስቃሴዎች ተደርገዋል ከመሆኑ በፊት ማሕበሪያ በሚነበር በመጀመሪያ ተመሆኑ በፊት ማሕበሪያ በሚነበር በመጀመሪያ ተመሆኑ በፊት ማሕበሪያ በሚነበር በመጀመሪያ ተመሆኑ በፊት ማሕበሪያ በሚነበር በመጀመሪያ ተመሆኑ በፊት ማሕበሪያ በሚነበር በመጀመሪያ ተመሆኑ በፊት ማሕበሪያ በሚነ,0,0
mistral-7b,Ethiopia,Amharic,inst-4,Kik-in-10,Holidays/Celebration/Leisure,በኢትዮጵያ ለውጭ ጉብኝቶች እጅግ ታዋቂው የመስብ ቦታዎች ምንድን ነው ይህ መልስ አረጠቀሙ ተመለመለያዩ። እና ማሳያዩ፣ ሚለቅያዩ፣ መጽሐረያዩ፣ መሰረክያዩ፣ ማሕረክያዩ፣ በመስብ ጉብኝቶች እጅግ የሚሰማሻ ቦታዎች ነው መልስ አረጠቀሙ ተመለመለያዩ። በሚሆን ማሳያዩ እና መጽሐረያዩ ተመለመለያዩ በሚሆን የሚሰማሻ ቦታዎች ነው መልስ አረጠቀ,0,0
mistral-7b,Ethiopia,Amharic,inst-4,Kik-in-11,Holidays/Celebration/Leisure,"ጥያቄ በኢትዮጵያ የታወቀው የሃይማኖት ቦታ (ቤተ መቅደስ, ቤተ ክርስቲያን ማለት ነው ወዘተ) ምንድን ነው ይህ የሚጠቃቱ መሆኑ በመሆኑ ማስተካቄ በመሆኑ ውህ የሚጠቃቱ መሆኑ በመሆኑ ማስተካቄ በመሆኑ ውህ የሚጠቃቱ መሆኑ በመሆኑ ማስተካቄ በመሆኑ ውህ የሚጠቃቱ መሆኑ በመሆኑ ማስተካቄ በመሆኑ ውህ የሚጠቃቱ መሆኑ በመሆኑ ማስተካቄ በመሆኑ ውህ የሚጠ",0,0
mistral-7b,Ethiopia,Amharic,inst-4,Kik-in-15,Holidays/Celebration/Leisure,"የሚከተለውን ጥያቄ አንባቡ እና ያልምንም ማብራሪያ አንድ መልስ ብቻ ይስጡ።

ጥያቄ: በኢትዮጵያ ሴቶች በመጨረሻ የተመረቀችውን የምረቃ ስነስርዓት ላይ በተለይ ምን ዓይነት ልብስ ይለብሳሉ?

መልስ: የሚከተለውን ጥያቄ አንባቡ እና ያልምንም ማብራሪያ አንድ መልስ ብቻ ይስጡ።

ጥያቄ: የሚከተለውን ጥያቄ አንባቡ እና ያልምንም ማብራሪያ አንድ መልስ ብቻ ይስጡ።

መልስ: የሚከተለውን ጥያቄ አንባቡ ",0,0
mistral-7b,Ethiopia,Amharic,inst-4,Kik-in-16,Food,ኢትዮጵያ የሙቀት ሲቀዝቅዝ በተለይ ምን መጠጥ ይጠጣል ነው በሚከተለውን ማሕበረቃ በመሆኑ በመጽሐፍ በሚያዝባህ በማሕበረቃ በመሆኑ በመጽሐፍ የሚያዝባህ በማሕበረቃ በመሆኑ በመጽሐፍ የሚያዝባህ በማሕበረቃ በመሆኑ በመጽሐፍ የሚያዝባህ በማሕበረቃ በመሆኑ በመጽሐፍ የሚያዝባህ በማሕበረቃ በመሆኑ በመጽሐፍ የሚያዝባህ በማሕበረቃ ,0,0
mistral-7b,Ethiopia,Amharic,inst-4,Kik-in-17,Food,በኢትዮጵያ ረመዳን ጊዜ በተለይ የሚሸጥና የሚገኝ ፍሬ ምንድነው በመሆኑ ተመለረክ ባህል የሚገኝ ፍሬ በማድረግ በመሆኑ ተመለረክ ባህል የሚሸጥና በማድረግ በመሆኑ ተመለረክ ባህል የሚገኝ በማድረግ በመሆኑ ተመለረክ ባህል በሚሸጥና የሚገኝ ፍሬ በማድረግ በመሆኑ ተመለረክ ባህል የሚገኝ በማድረግ በመሆኑ ተመለረክ ባህል በሚሸጥና የሚገኝ ፍ,0,0
mistral-7b,Ethiopia,Amharic,inst-4,Kik-in-24,Food,በኢትዮጵያ ውስጥ በፈጣን ምግብ ቤት ከዶሮ ጋር የሚሆን ካርቦሃድሬት መሰረሃይ ማህበረው ባህል በሚሆን ካርቦሃድሬት ተጥቁጡ መሰረሃይ ማህበረው ባህል ነው ይህን በሚሆን ካርቦሃድሬት ተጥቁጡ መሰረሃይ ማህበረው ባህል ነው ይህን በሚሆን ካርቦሃድሬት ተጥቁጡ መሰረሃይ ማህበረው ባህል ነው ይህን በሚሆን ካርቦሃድሬት ተጥቁጡ መሰረሃይ ማህበረው ባህል ነው ,0,0
mistral-7b,Ethiopia,Amharic,inst-4,Kik-in-31,Sport,"ኢትዮጵያ በሚፈቅዱት የሆን የማርሻል አርት ስፖርት ምንድን ነው ተጣብቃ።

ከመሆኑ በሚፈቅዱት የሆን የማርሻል አርት ስፖርት ምንድን ነው ተጣብቃ።

1. በመሆኑ የሆን የማርሻል አርት ስፖርት ምንድን ነው ተጣብቃ።
    - በመሆኑ የሆን የማርሻል አርት ስፖርት ምንድን ነው ተጣብቃ።
    - በመሆኑ የሆን የማርሻል አርት ስፖርት ምንድን ነው ተጣብቃ።
    - በመሆኑ የሆን የማርሻል አርት ስፖርት ምንድን ነው ተጣብቃ።
    - በመሆኑ የሆን የማርሻል አርት ስፖርት ",0,0
mistral-7b,Ethiopia,Amharic,inst-4,Kik-in-34,Sport,በኢትዮጵያ ብሄራዊ ቴሌቪዥን ላይ በተደጋጋሚ የሚሰሩ ስፖርቶች ምንናን ናቸው በመሆኑ በማህግ በሚሰሩ የሚያዝባለን መሆኑ በመሆኑ በማህግ በሚሰሩ የሚያዝባለን መሆኑ በመሆኑ በማህግ በሚሰሩ የሚያዝባለን መሆኑ በመሆኑ በማህግ በሚሰሩ የሚያዝባለን መሆኑ በመሆኑ በማህግ በሚሰሩ የሚያዝባለን መሆኑ በመሆኑ በማህግ በሚሰሩ የሚያዝባለን መሆኑ ,0,0
mistral-7b,Ethiopia,Amharic,inst-4,Kik-in-35,Sport,ጥያቄ በሚፈላሁ ማሕበረተኞች በሰዎች መካከል ታዋቂ ነበሩ ግን ማስጡ በሚያዝባህ መሆኑ ተመለረግ በመሆኑ በማስጡ በሚያዝባህ መሆኑ ተመለረግ በመሆኑ በማስጡ በሚያዝባህ መሆኑ ተመለረግ በመሆኑ በማስጡ በሚያዝባህ መሆኑ ተመለረግ በመሆኑ በማስጡ በሚያዝባህ መሆኑ ተመለረግ በመሆኑ በማስጡ በሚያዝባህ መሆኑ ተመለረግ በመሆኑ በ,0,0
mistral-7b,Ethiopia,Amharic,inst-4,Kik-in-36,Sport,በኢትዮጵያ ታዋቂ የእግር ኳስ አሰልጣኝ ማን ነው በመሆኑ በመሆኑ በመሆኑ በመሆኑ በመሆኑ በመሆኑ በመሆኑ በመሆኑ በመሆኑ በመሆኑ በመሆኑ በመሆኑ በመሆኑ በመሆኑ በመሆኑ በመሆኑ በመሆኑ በመሆኑ በመሆኑ በመሆኑ በመሆኑ በመሆኑ በመሆኑ በመሆኑ በመሆኑ በመሆኑ በመሆኑ በመሆኑ በመሆኑ በመሆኑ በመሆኑ በመሆኑ በመሆኑ በመሆኑ በ,0,0
mistral-7b,Ethiopia,Amharic,inst-4,Kik-in-37,Sport,በኢትዮጵያ ውስጥ የታወቁ ናቸው ተመሆን ማህደረግ ክርስቲያን (Christianity) እና ኮሎክላዊያን (Islam) መሆን የታወቁ ናቸው ተመሆን ማህደረግ ክርስቲያን (Christianity) እና ኮሎክላዊያን (Islam) መሆን የታወቁ ናቸው ተመሆን ማህደረግ በኢትዮጵያ በሚነበር የታወቁ ናቸው ተመሆን ማህደረግ ክርስቲያን (Christianity) እና ኮሎክላዊያን (Islam) መሆን የታወቁ ናቸው ተመሆን ማህደረግ በኢትዮጵያ በሚነበር የታወቁ ,0,0
mistral-7b,Ethiopia,Amharic,inst-4,Kik-in-38,Sport,የታወቁ እግር ኳስ ደጋፊዎች ስም በኢትዮጵያ መሆኑ ባህርይ በሚያዝባለሁ ተመረጡ፤ በማሕረዳት እንደ መሆኑ በሚያዝባለሁ ተመረጡ፤ በማሕረዳት እንደ መሆኑ በሚያዝባለሁ ተመረጡ፤ በማሕረዳት እንደ መሆኑ በሚያዝባለሁ ተመረጡ፤ በማሕረዳት እንደ መሆኑ በሚያዝባለሁ ተመረጡ፤ በማሕረዳት እንደ መሆኑ በሚያዝባለሁ ተመረጡ፤ በማሕረዳት እንደ መ,,
mistral-7b,Ethiopia,Amharic,inst-4,Kik-in-40,Sport,የታወቀ ወንድ ባድሜንተን ጥቅም በኢትዮጵያ እጅግ በመሆኑ በማህደረክ በሚሳለት በመሆኑ በመጽሐፍ በመሆኑ በማድረክ በመሆኑ በመሆኑ በመሆኑ በመሆኑ በመሆኑ በመሆኑ በመሆኑ በመሆኑ በመሆኑ በመሆኑ በመሆኑ በመሆኑ በመሆኑ በመሆኑ በመሆኑ በመሆኑ በመሆኑ በመሆኑ በመሆኑ በመሆኑ በመሆኑ በመሆኑ በመሆኑ በመሆኑ በመሆኑ በመሆኑ ,,
mistral-7b,Ethiopia,Amharic,inst-4,Kik-in-41,Sport,የታወቀ ሴት ባድሜንተን በኢትዮጵያ እጅግ በመሆኑ በማህደር በሚነበር በመሆና በመሆኩ በመሆከቱ በማህደር በሚነበር በመሆና በመሆኩ በመሆከቱ በማህደር በሚነበር በመሆና በመሆኩ በመሆከቱ በማህደር በሚነበር በመሆና በመሆኩ በመሆከቱ በማህደር በሚነበር በመሆና በመሆኩ በመሆከቱ በማህደር በሚነበር በመሆና በመሆኩ በመሆከቱ በማህደር በሚ,,
mistral-7b,Ethiopia,Amharic,inst-4,Kik-in-44,Sport,ኢትዮጵያ የትኛው ስፖርት ከመንግሥት የበለጠ ድጋፍ ይከተላል ያሉ. ኢትዮጵያ በመንግሥት የበለጠ ድጋፍ ተመረጡ በኢትዮጵያ በማህደረግ የተመረጡ መንግሥት በመሆኑ በመሆኑ በማህደረግ የተመረጡ መንግሥት በመሆኑ በመሆኑ በማህደረግ የተመረጡ መንግሥት በመሆኑ በመሆኑ በማህደረግ የተመረጡ መንግሥት በመሆኑ በመሆኑ በማህደረግ የተመረጡ መንግሥት በመሆኑ ,0,0
mistral-7b,Ethiopia,Amharic,inst-4,Kik-in-45,Sport,በኢትዮጵያ የትምህርት ቤቶች ውስጥ በተለይ የሚገኙ የስፖርት መስኮች እንዳሉ ምን ናቸው በመሆኑ ተጠቃቀለ ባህል በሚያዝባለሁ የማሳው መስኮ ተጠቃቀለ ባህል በሚያዝባለሁ የማሳው መስኮ ተጠቃቀለ ባህል በሚያዝባለሁ የማሳው መስኮ ተጠቃቀለ ባህል በሚያዝባለሁ የማሳው መስኮ ተጠቃቀለ ባህል በሚያዝባለሁ የማሳው መስኮ ተጠቃቀለ ባህል በሚያዝባለሁ የማሳው መስ,0,0
mistral-7b,Ethiopia,Amharic,inst-4,Na-ko-02,Food,በኢትዮጵያ ሰዎች በተለይ የሚወዱት የካፌ መጠጥ ማህናዊ መሆኑ መጠጥ በሚያደረጃ የሚፈላሳ ማስጡ መጠጥ ነው። ሜላቱ ህዝባት መጠጥ በሚያደረጃ የሚፈላሳ ማስጡ መጠጥ ነው። ሜላቱ ህዝባት መጠጥ በሚያደረጃ የሚፈላሳ ማስጡ መጠጥ ነው። ሜላቱ ህዝባት መጠጥ በሚያደረጃ የሚፈላሳ ማስጡ መጠጥ ነው። ሜላቱ ህዝባት መጠጥ በሚያደረጃ የሚፈላሳ ማስጡ ,0,0
mistral-7b,Ethiopia,Amharic,inst-4,Na-ko-04,Food,ኢትዮጵያ ሰዎች የተመረጡት የሐንጋቨር ፈውስ ምግቦች እና ማህበረታቸው መሆኑ የሚያደረግ መሆኑ መልስ ብቻ መሆኑ ማህበረታቸው የሚያደረግ መሆኑ መልስ ብቻ መሆኑ ማህበረታቸው የሚያደረግ መሆኑ መልስ ብቻ መሆኑ ማህበረታቸው የሚያደረግ መሆኑ መልስ ብቻ መሆኑ ማህበረታቸው የሚያደረግ መሆኑ መልስ ብቻ መሆኑ ማህበረታቸው የሚያደረግ መሆኑ መልስ ብቻ ,0,0
mistral-7b,Ethiopia,Amharic,inst-4,Na-ko-05,Food,"በኢትዮጵያ የተለመደው ከፈለጉት ቦታ የሚመጣ ምግብ ማህበረያ መሆኑ ተመለመዱ መሆኑ በሚመጣ ማህበረያ መሆኑ ተመለመዱ ፡፡

1. የመሆኑ መጣቢት በማህበረያ መሆኑ ተመለመዱ ፡፡
   በሚመጣ ማህበረያ መሆኑ ተመለመዱ የመጣቢት በሚመጣ ማህበረያ መሆኑ ተመለመዱ ፡፡
   የመጣቢት በሚመጣ ማህበረያ መሆኑ ተመለመዱ የሚመጣ ማህበረያ መሆኑ ተመለ",0,0
mistral-7b,Ethiopia,Amharic,inst-4,Na-ko-07,Food,በኢትዮጵያ ሰዎች በብዛት የሚበሉት የሥጋ አይነት መሆን መረጃ መሰረፍ ማህያዩ በሚያዝባለሁ የሥጋ አይነት መሆን መረጃ ማህያዩ በሚያዝባለሁ የሥጋ አይነት መሆን መረጃ ማህያዩ በሚያዝባለሁ የሥጋ አይነት መሆን መረጃ ማህያዩ በሚያዝባለሁ የሥጋ አይነት መሆን መረጃ ማህያዩ በሚያዝባለሁ የሥጋ አይነት መሆን መረጃ ማህያዩ በሚያዝባለሁ የሥጋ አይነት መሆን መ,0,0
mistral-7b,Ethiopia,Amharic,inst-4,Na-ko-08,Food,በኢትዮጵያ በመህር ወቅት ምን ዓይነት ፍራፍሬ በብዛት ይመገባሉ በሚኒቱ መሰረፍ በመህር ወቅት በብዛት ግባቢ መሰረፍ ነው ይመገባሉ በሚኒቱ መሰረፍ በመህር ወቅት በብዛት ግባቢ መሰረፍ ነው ይመገባሉ በሚኒቱ መሰረፍ በመህር ወቅት በብዛት ግባቢ መሰረፍ ነው ይመገባሉ በሚኒቱ መሰረፍ በመህር ወቅት በብዛት ግባቢ መሰረፍ ነው ይመገባሉ በሚኒቱ ,0,0
mistral-7b,Ethiopia,Amharic,inst-4,Na-ko-09,Food,በኢትዮጵያ የምግብ ጠረጴዛ ላይ በተቻለ መጠን በብዛት የሚቀርብ ምግብ ነው ህዝባዊ መሆኑ ሓሳተኞች ከሚለፍ ጠረጴዛ ላይ በተቻለ መጠን በብዛት የሚቀርብ ምግብ ነው ህዝባዊ ሓሳተኞች ከሚለፍ ጠረጴዛ ላይ በተቻለ መጠን በብዛት የሚቀርብ ምግብ ነው ህዝባዊ ሓሳተኞች ከሚለፍ ጠረጴዛ ላይ በተቻለ መጠን በብዛት የሚቀርብ ምግብ ነው ህዝባዊ ሓሳተኞች ከ,0,0
mistral-7b,Ethiopia,Amharic,inst-4,Na-ko-11,Food,ኢትዮጵያውያን እግር ኳስ ጨዋታ ሲመለከቱ ማህክላዊ መሆኑ ሰሞሪ መሆኑ መጠረብ መሆኑ የሚፈላሉ ማህክላዊ መሆኑ ሰሞሪ መሆኑ መጠረብ መሆኑ የሚፈላሉ ማህክላዊ መሆኑ ሰሞሪ መሆኑ መጠረብ መሆኑ የሚፈላሉ ማህክላዊ መሆኑ ሰሞሪ መሆኑ መጠረብ መሆኑ የሚፈላሉ ማህክላዊ መሆኑ ሰሞሪ መሆኑ መጠረብ መሆኑ የሚፈላሉ ማህክላዊ መሆኑ ሰሞሪ ,0,0
mistral-7b,Ethiopia,Amharic,inst-4,Na-ko-15,Food,በኢትዮጵያ የሚወክል ምግባ ማህደር መሆኑ በመሆኑ መሆኑ በሚያዝባለሁ የማስጥሩት መሆኑ በመሆኑ መሆኑ በሚያዝባለሁ የማስጥሩት መሆኑ በመሆኑ መሆኑ በሚያዝባለሁ የማስጥሩት መሆኑ በመሆኑ መሆኑ በሚያዝባለሁ የማስጥሩት መሆኑ በመሆኑ መሆኑ በሚያዝባለሁ የማስጥሩት መሆኑ በመሆኑ መሆኑ በሚያዝባለሁ የማስጥሩት መሆኑ በመሆኑ መሆኑ በሚያዝባለሁ የ,0,0
mistral-7b,Ethiopia,Amharic,inst-4,Na-ko-16,Sport,ኢትዮጵያ የእግር ኳስ ተጫዋች ዝነኛው ማን ነው በመሆኑ የሚያዩ መሰረግ በመሆኑ መሰረግ በመሆኑ መሰረግ ዝነኛው ማን ነው በመሆኑ የሚያዩ መሰረግ በመሆኑ መሰረግ ዝነኛው ማን ነው በመሆኑ የሚያዩ መሰረግ በመሆኑ መሰረግ ዝነኛው ማን ነው በመሆኑ የሚያዩ መሰረግ በመሆኑ መሰረግ ዝነኛው ማን ነው በመሆኑ የሚያዩ መሰረግ በመሆኑ መሰረግ ዝ,0,0
mistral-7b,Ethiopia,Amharic,inst-4,Na-ko-17,Sport,"ጥያቄ በኢትዮጵያ በትምህርት ቤት በምሳ ሰዓት ወንድ ተማሪዎች ምን ዓይነት ስፖርት ይወዳሉ መልስ አለጠቃቱ መሆኑ። ከሰማሪያ መሆኑ በሚነበር በመጣታት በመሆኑ በመሆኑ ይህ የማራሪያ አንድ መልስ ብቻ ይስጡ።

በሚከተለውን ጥያቄ በማራሪያ አንድ መልስ ብቻ ይስጡ። ከሰማሪያ መሆኑ በሚነበር በመጣታት በመሆኑ በመሆኑ ይህ የማራሪያ አንድ መልስ ብቻ ይስጡ።

በሚከተለውን ",0,0
mistral-7b,Ethiopia,Amharic,inst-4,Na-ko-18,Sport,"ጥያቄ, የተማሪዎች በተጨማሪ ትምህርት ክፍሎች ላይ ሴቶች በተለይ በምን ዓይነት ስፖርት ላይ ተባባሪዎች ናቸው ይህ የሚጠቃለው መሆኑ አንድ ማሕበረያ መልስ ብቻ ይስጡ።

በሚሰሞች ነው, የተማሪዎች በተጨማሪ ትምህርት ክፍሎች ላይ ሴቶች በተለይ በምን ዓይነት ስፖርት ላይ ተባባሪዎች ናቸው የሚጠቃለው መሆኑ አንድ ማሕበረያ መልስ ብቻ ይስጡ።

በሚሰሞች ነው, የተማሪ",0,0
mistral-7b,Ethiopia,Amharic,inst-4,Na-ko-19,Sport,በኢትዮጵያ ታዋቂ የመረብ ኳስ ተጫዋች ማን ነው በሚፈላሁ መሆኑ የመረብ ኳስ ተጫዋች ማን ነው በሚፈላሁ መሆኑ የመረብ ኳስ ተጫዋች ማን ነው በሚፈላሁ መሆኑ የመረብ ኳስ ተጫዋች ማን ነው በሚፈላሁ መሆኑ የመረብ ኳስ ተጫዋች ማን ነው በሚፈላሁ መሆኑ የመረብ ኳስ ተጫዋች ማን ነው በሚፈላሁ መሆኑ የመረብ ኳስ ተጫዋች ማን ነው በሚፈላሁ መሆኑ የመረብ ኳስ ,,
mistral-7b,Ethiopia,Amharic,inst-4,Na-ko-20,Sport,"በኢትዮጵያ ሰዎች በአለም አቀፍ ውድድር ላይ በታላቅ ቅንንት የሚደግፉት ስፖርት ክስተት ምንድን ነው እና ያልምንም ማብራሪያ አንድ መልስ ብቻ ይስጡ።

በኢትዮጵያ ሰዎች በአለም አቀፍ ውድድር ላይ የሚደግፉት ስፖርት ክስተት በመሆኑ በማህበረ በመሆኑ በመጽሐፍ ይሰራለሁ በሚያዝባህ በማህበረ በመጽሐፍ እንደ መሆኑ በሚያዝባህ በማህበረ በመጽሐፍ የሚደግፉት ስፖርት ክስተት በ",0,0
mistral-7b,Ethiopia,Amharic,inst-4,Na-ko-22,Sport,"እና መሰረሃይ በኢትዮጵያ በእግር ኳስ ጨዋታዎች ለኢትዮጵያ ትልቅ የሚባለው ሀገር ማን ነው?

ከመሰረሃይ በኢትዮጵያ በእግር ኳስ ጨዋታዎች ለኢትዮጵያ ትልቅ የሚባለው ሀገር ማን ነው በመሰረሃይ በኢትዮጵያ በእግር ኳስ ጨዋታዎች ለኢትዮጵያ ትልቅ የሚባለው ሀገር ማን ነው በመሰረሃይ በኢትዮጵያ በእግር ኳስ ጨዋታዎች ለኢትዮጵያ ትልቅ የሚባለው ሀገር ማን ነው በመ",0,0
mistral-7b,Ethiopia,Amharic,inst-4,Na-ko-23,Sport,"የጥያቄ በመልስ ከፍለጉ በኢትዮጵያ ልጆች በብዛት የምን ዓይነት ስፖርት አካዳሚዎችን ይሰሩባቸዋል ጥቅሁና የመሆኑ ማስፈራሪያ አሳይ መሰረሃይ ጥቅሁ።

  የሚከተለውን ጥያቄ አንባቡ መልስ በማህበረ መሆኑ የሚያደፍ ጥቅሁ መሰረሃይ መልስ በማህበረ መሆኑ የሚያደፍ ጥቅሁ መሰረሃይ መልስ በማህበረ መሆኑ የሚያደፍ ጥቅሁ መሰረሃይ መልስ በማህበረ መሆኑ የሚያደፍ ጥ",0,0
mistral-7b,Ethiopia,Amharic,inst-4,Na-ko-24,Sport,"በኢትዮጵያ ስፖርት ስታዲዮሞች ላይ ጨዋታዎችን በመመልከት ምን ዓይነት ምግብ በተለይ ይመገባል እና ማብራሪያ አንድ መልስ ብቻ ይስጡ።

በኢትዮጵያ ስፖርት ስታዲዮሞች ላይ ጨዋታዎችን በመመልከት ማሕበረ፣ ማሕረ፣ ማሕረሃ፣ ማሕረህ፣ ማሕረሆ፣ ማሕረሉ፣ ማሕረሊ፣ ማሕረላ፣ ማሕረሌ፣ ማሕረሎ፣ ማሕረሐ፣ ማሕረሑ፣ ማሕረሒ፣ ማሕረሔ፣ ማሕረመ፣ ማሕረሙ",0,0
mistral-7b,Ethiopia,Amharic,inst-4,Na-ko-25,Sport,ጥያቄ በኢትዮጵያ ትምህርት ቤቶች የሚሆን አይነቶች የመድረኮ ማብራሪያ መሰረፍ ግዜታ መሆን በሚያዩ መሆን እና ማህበረባ መሆን ግዜታ የሚያዩ መሆን ተጫወቱ እና ማህበረባ መሆን ተጫወቱ የሚያዩ መሆን ተጫወቱ እና ማህበረባ መሆን ተጫወቱ የሚያዩ መሆን ተጫወቱ እና ማህበረባ መሆን ተጫወቱ የሚያዩ መሆን ተጫወቱ እና ማህበረባ መሆን ተጫወቱ የሚያዩ መሆ,0,0
mistral-7b,Ethiopia,Amharic,inst-4,Na-ko-26,Sport,"ጥያቄ በሚከተለውን ጥያቄ አንባቡ ማብራሪያ መልስ ብቻ ይስጡ።

ከሚኒቱ ህዝቦች መካከል ታዋቂ ስፖርቶች ምንድን ናቸው ጥያቄ በሚከተለውን መልስ ብቻ ይስጡ።

ህዝቦች መካከል ታዋቂ ስፖርቶች ምንድን ናቸው ጥያቄ በሚከተለውን መልስ ብቻ ይስጡ።

1. ህዝቦች መካከል ታዋቂ ስፖርቶች ማሕበሪያ ተመረጡ።
2. ህዝቦች መካከል ታዋቂ ስፖርቶች ማሕበሪያ ተመረጡ።
3. ህዝ",0,0
mistral-7b,Ethiopia,Amharic,inst-4,Na-ko-28,Sport,በኢትዮጵያ ታዋቂ ስፖርተኛ የሚያዩ ማን ይባላል መሆኑ መጠቃለው መረጃዎች እና ማን ሰሞባለው መሆኑ የሚያዩ ማን ይባላል መሆኑ መጠቃለው መረጃዎች በሚያዩ የማን ሰሞባለው እና ማን መጠቃለው መሆኑ መጠቃለው የሚያዩ ማን ይባላል መሆኑ መጠቃለው መረጃዎች በሚያዩ የማን ሰሞባለው እና ማን መጠቃለው መሆኑ መጠቃለው የሚያዩ ማን ይባላል መሆኑ መጠቃለ,0,0
mistral-7b,Ethiopia,Amharic,inst-4,Na-ko-29,Sport,"በኢትዮጵያ ታዋቂ ዋናተኛ የሚያዩ መረጃ መሸረ፣ የሚያዩ መረጃ መሸረ ነበር ማን ነው?

መልስ: መረጃ መሸረ ነበር የሚያዩ መረጃ መሸረ ነበር ማን ነው?

ጥያቄ: መረጃ መሸረ ነበር የሚያዩ መረጃ መሸረ ነበር ማን ነው?

መልስ: መረጃ መሸረ ነበር የሚያዩ መረጃ መሸረ ነበር ማን ነው?

ጥያቄ: መረጃ መሸረ ነበር የሚያዩ መረጃ መሸረ ነበር ማን ነው?

መልስ: መረጃ መሸ",0,0
mistral-7b,Ethiopia,Amharic,inst-4,Na-ko-30,Sport,"ኢትዮጵያ ምን ዓይነት የኢ-ስፖርት ጨዋታ እጅግ ታዋቂ ነው?

መልስ: ኢትዮጵያ የኢ-ስፖርት ጨዋታ እጅግ ታዋቂ ነው መሆኑ በሚኒቱ የማሕበረተ መሆኑ በመጫባት ውስጥ በመጫባት በማሕበረተ መሆኑ በሚኒቱ የማሕበረተ መሆኑ ውስጥ በመጫባት በማሕበረተ መሆኑ በሚኒቱ የማሕበረተ መሆኑ ውስጥ በመጫባት በማሕበረተ መሆኑ በሚኒቱ የማሕበረተ መሆኑ ውስጥ በመጫባት በ",0,0
mistral-7b,Ethiopia,Amharic,inst-4,Na-ko-33,Holidays/Celebration/Leisure,በ(የጨረቃ) አዲስ አመት ላይ ኢትዮጵያውያን ማሳሰበቀለ ምግብ የሚባህው መሆኑ መለረግ መሆኑ ማሳሰበቀለ መሆኑ የሚያገባል መሆኑ ማሳሰበቀለ መሆኑ ማሳሰበቀለ መሆኑ የሚያግባል መሆኑ ማሳሰበቀለ መሆኑ ማሳሰበቀለ መሆኑ የሚያግባል መሆኑ ማሳሰበቀለ መሆኑ ማሳሰበቀለ መሆኑ የሚያግባል መሆኑ ማሳሰበቀለ መሆኑ ማሳሰበቀለ መሆኑ የሚያግባል መሆ,,
mistral-7b,Ethiopia,Amharic,inst-4,Na-ko-37,Holidays/Celebration/Leisure,ኢትዮጵያ ሰዎች የሚመርጡት መኖሪያ የእረፍት ቦታ ማህበረ መሆኑ ባህል ተመለመጡ ይህን መሆኑ ባህል በማስተካቄ በሚመለመጡት መኖሪያ የሚፈለጥ ቦታ ማህበረ መሆኑ ባህል ተመለመጡ ይህን መሆኑ ባህል በማስተካቄ በሚመለመጡት መኖሪያ የሚፈለጥ ቦታ ማህበረ መሆኑ ባህል ተመለመጡ ይህን መሆኑ ባህል በማስተካቄ በሚመለመጡት መኖሪያ የሚፈለጥ ቦታ ማህበ,0,0
mistral-7b,Ethiopia,Amharic,inst-4,Na-ko-38,Holidays/Celebration/Leisure,በኢትዮጵያ ከሙሽራና ከሙሽራዪቱ መካከል የሚሰጣጡት ስጦታዎች ምንድናቸው ህዝብ መሆኑ በሚሰጣጡት ማስጫ የሚሰጣጡት ማሕበረው መሆኑ በመሆኑ መሆኑ በሚሰጣጡት ማስጫ የሚሰጣጡት ማሕበረው መሆኑ በመሆኑ መሆኑ በሚሰጣጡት ማስጫ የሚሰጣጡት ማሕበረው መሆኑ በመሆኑ መሆኑ በሚሰጣጡት ማስጫ የሚሰጣጡት ማሕበረው መሆኑ በመሆኑ መሆኑ በሚሰጣጡት ማስጫ የሚ,0,0
mistral-7b,Ethiopia,Amharic,inst-4,Na-ko-39,Holidays/Celebration/Leisure,በኢትዮጵያ ወዱ ሰርግ ሲሄድ እንደ በርካታ እጅ መንሻ ምን ይሰጣል ነው በሚከተለውን ማስጡ በመሆኑ በመሆኑ በመሆኑ በመሆኑ ይህን ማስጡ በሚከተለውን ማስጡ በመሆኑ በመሆኑ በመሆኑ በመሆኑ ይህን ማስጡ በሚከተለውን ማስጡ በመሆኑ በመሆኑ በመሆኑ በመሆኑ ይህን ማስጡ በሚከተለውን ማስጡ በመሆኑ በመሆኑ በመሆኑ በመሆኑ ይህን ማስጡ በሚከተለውን ማስጡ በ,0,0
mistral-7b,Ethiopia,Amharic,inst-4,Na-ko-40,Holidays/Celebration/Leisure,"ኢትዮጵያ ሃዘን ስንት ቀን ይቆያል በአረቢክ ቁጥር ብቻ ምላሽ ይስጡ (ለምሳሌ፣ 12) መሆኑ በሚከተለውን በማብራሪያ አንድ መልስ ብቻ ይስጡ።

በኢትዮጵያ ሃዘን ስንት ቀን ይቆያል በአረቢክ ቁጥር ብቻ ምላሽ ይስጡ (ለምሳሌ፣ 12) መሆኑ በሚከተለውን በማብራሪያ አንድ መልስ ብቻ ይስጡ በሚከተለውን በማብራሪያ አንድ መልስ ብቻ ይስጡ በሚከተለውን በማብራሪያ አንድ መልስ ብቻ ይስጡ በሚከ",0,0
mistral-7b,Ethiopia,Amharic,inst-4,Na-ko-41,Holidays/Celebration/Leisure,በኢትዮጵያ ሃዘን ስትሄድ ምን ማስተዛዘኛ መዘጋጀት አለብዎት ፡፡ ኢትዮጵያ ሃዘን ስትሄድ ማስተዛዘኛ መዘጋጀት መሆኑ መረግዝ መሆኑ መረግዝ በማስተዛዘኛ መዘጋጀት መሆኑ መረግዝ የሚያዩ መሆኑ መረግዝ በማስተዛዘኛ መዘጋጀት መሆኑ መረግዝ የሚያዩ መሆኑ መረግዝ በማስተዛዘኛ መዘጋጀት መሆኑ መረግዝ የሚያዩ መሆኑ መረግዝ በማስተዛዘኛ መዘጋጀት መሆኑ ,0,0
mistral-7b,Ethiopia,Amharic,inst-4,Na-ko-42,Holidays/Celebration/Leisure,በኢትዮጵያ ሃዘን ቤት በተለይ የሚመገበው የምግብ አይነት በማስተካና በማስተከተሉ በመሆኑ በሚፈጥሩት በመሆኑ በመሆኑ በማስተካና በማስተከተሉ በሚፈጥሩት ይመጣበው ይህን በመሆኑ በማስተካና በማስተከተሉ በሚፈጥሩት ይመጣበው በመሆኑ በማስተካና በማስተከተሉ በሚፈጥሩት ይመጣበው በመሆኑ በማስተካና በማስተከተሉ በሚፈጥሩት ይመጣበው በመሆኑ ,0,0
mistral-7b,Ethiopia,Amharic,inst-4,Na-ko-43,Holidays/Celebration/Leisure,በአዲስ አመት ማለዳ በኢትዮጵያ ሰዎች ማህግ መሆኑ መረጃ መሆኑ መረጃ መሆኑ ይችላል። ማህግ መሆኑ መረጃ መሆኑ መረጃ መሆኑ በዚህ የማራፍሪያ መሆኑ መረጃ መሆኑ መረጃ በኢትዮጵያ ሰዎች ማህግ የሚያዩ መሆኑ መረጃ መሆኑ መረጃ በኢትዮጵያ ሰዎች ማህግ የሚያዩ መሆኑ መረጃ መሆኑ መረጃ በኢትዮጵያ ሰዎች ማህግ የሚያዩ መሆኑ መረጃ መሆኑ መ,0,0
mistral-7b,Ethiopia,Amharic,inst-4,Na-ko-44,Holidays/Celebration/Leisure,ኢትዮጵያ የትራፊክ መጨናነቅ ቀን መቼ አሳይኑ፣ በሚሆና ተመሸክሩት የጥያቄ ቀን መቼ በማህበረ መሆና ተመሸክሩት መጨናነቅ ቀን መቼ ያልደለም። የሚከተለውን ጥያቄ አንባቡ እና ያልምንም ማብራሪያ አንድ መልስ ብቻ ይስጡ። የትራፊክ መጨናነቅ ቀን መቼ በሚሆና ተመሸክሩት የጥያቄ ቀን መቼ በማህበረ መሆና ተመሸክሩት መጨናነቅ ቀን መቼ ያልደለም ፡፡ የሚከተለውን ጥያ,0,0
mistral-7b,Ethiopia,Amharic,inst-4,Na-ko-45,Holidays/Celebration/Leisure,"ጥያቄ, ኢትዮጵያ ማህበረ ሆነይህን መድረክ ታዋቂ ነው በሚሰማሻ መሆኑ ግዜባት እንደ መሆኑ መሆኑ በሚሰማሻ መሆኑ ግዜባት እንደ መሆኑ መሆኑ በሚሰማሻ መሆኑ ግዜባት እንደ መሆኑ መሆኑ በሚሰማሻ መሆኑ ግዜባት እንደ መሆኑ መሆኑ በሚሰማሻ መሆኑ ግዜባት እንደ መሆኑ መሆኑ በሚሰማሻ መሆኑ ግዜባት እንደ መሆኑ መሆኑ በሚሰማሻ መሆኑ ግዜባት እ",0,0
mistral-7b,Ethiopia,Amharic,inst-4,Ne-ar-05,Holidays/Celebration/Leisure,በኢትዮጵያ እጅግ አስፈላጊ ብሔራዊ በዓል ምንድን ነው ተመረጡ ባህል በሚያቆች በማስተካቸሎት በመሆኑ በመግባቱ በሚያቆች በማስተካቸሎት በመሆኑ በመግባቱ በሚያቆች በማስተካቸሎት በመሆኑ በመግባቱ በሚያቆች በማስተካቸሎት በመሆኑ በመግባቱ በሚያቆች በማስተካቸሎት በመሆኑ በመግባቱ በሚያቆች በማስተካቸሎት በመሆኑ በመግባቱ በሚያቆች በ,0,0
mistral-7b,Ethiopia,Amharic,inst-4,Ne-ar-06,Holidays/Celebration/Leisure,በራማዳን ወቅት ኢትዮጵያውያን መሆኑ የሚደረጃ መለመለክ በማህበረ መለመለክ በመሆኑ የሚደረጃ መለመለክ በማህበረ መለመለክ በመሆኑ የሚደረጃ መለመለክ በማህበረ መለመለክ በመሆኑ የሚደረጃ መለመለክ በማህበረ መለመለክ በመሆኑ የሚደረጃ መለመለክ በማህበረ መለመለክ በመሆኑ የሚደረጃ መለመለክ በማህበረ መለመለክ በመሆኑ የሚደ,0,0
mistral-7b,Ethiopia,Amharic,inst-4,Ne-ar-09,Holidays/Celebration/Leisure,በኢዲ አል-ፍጥር በኢትዮጵያ ሰዎች ማህበረው መሆኑ መለሻ መለሻ መጣብ መለሻ መለሻ መለሻ ይበላሉ ፡፡ ከሚሆን ማህበረው መሆኑ መለሻ መለሻ መጣብ መለሻ መለሻ መለሻ ይበላሉ ፡፡ ከሚሆን ማህበረው መሆኑ መለሻ መለሻ መጣብ መለሻ መለሻ መለሻ ይበላሉ ፡፡ ከሚሆን ማህበረው መሆኑ መለሻ መለሻ መጣብ መለሻ መለሻ መለሻ ይበላሉ ፡፡ ከሚ,0,0
mistral-7b,Ethiopia,Amharic,inst-4,Ne-ar-10,Holidays/Celebration/Leisure,"በኢዲ አል-አድሃ በኢትዮጵያ ሰዎች ምን ይበላሉ?

መልስ: ኢትዮጵያ ሰዎች ማሕበረ፣ መሆኑ፣ መለመለመለመለመለመለመለመለመለመለመለመ ይበላሉ።

ጥያቄ: ኢትዮጵያ ሰዎች ማሕበረ መሆኑ መለመለመለመለመለመለመ ይበላሉ ጥያቄ እንደ ማስፈረጻ በሚነበር መልስ ባህል መሆኑ መለመለመለመለመ ይበላሉ ጥያቄ እንደ ማስፈረጻ በሚነበር መልስ ባህል መሆኑ መለ",0,0
mistral-7b,Ethiopia,Amharic,inst-4,Ne-ar-11,Holidays/Celebration/Leisure,"ጥያቄ, የሚከተለውን አንድ መልስ ብቻ ይስጡ። ለመዝናናት ወዴት ይሄዳሉ የሚያዩ መሆኑ ማህበረ መሆኑ ለመግባበት ሰሞች ላይ መሆኑ የሚያዩ ማህበረ መሆኑ ለመግባበት ሰሞች ላይ መሆኑ የሚያዩ ማህበረ መሆኑ ለመግባበት ሰሞች ላይ መሆኑ የሚያዩ ማህበረ መሆኑ ለመግባበት ሰሞች ላይ መሆኑ የሚያዩ ማህበረ መሆኑ ለመግባበት ሰሞች ላይ መሆኑ የሚያዩ ማ",0,0
mistral-7b,Ethiopia,Amharic,inst-4,Ne-ar-14,Holidays/Celebration/Leisure,"ጥያቄ, ቤተሰብ በኢትዮጵያ ለኢድ በዓል የሚሰበሰብበት ቦታ የት ነው ይህን መጠባቸው ማስጡ። ቤተሰብ በኢትዮጵያ ለኢድ በዓል የሚሰበሰብበት ቦታ በመሆኑ በማስጡ በመሆኑ የሚያህህ መሆኑ በመሆኑ በመሆኑ በመሆኑ በመሆኑ በመሆኑ በመሆኑ በመሆኑ በመሆኑ በመሆኑ በመሆኑ በመሆኑ በመሆኑ በመሆኑ በመሆኑ በመሆኑ በመሆኑ በመሆኑ በመሆኑ በመሆ",0,0
mistral-7b,Ethiopia,Amharic,inst-4,Ne-ar-16,Work life,"እና መችላሉ መጨረሻ ቀን መቼ ነው (ምሳሌ ሰኞ፣ ማክሰኞ) መሆኑ የሚከተለውን ጥያቄ አንባቡ እና ያልምንም ማብራሪያ አንድ መልስ ብቻ ይስጡ።

በኢትዮጵያ የሳምንቱ መጨረሻ ቀን መቼ ነው (ምሳሌ ሰኞ፣ ማክሰኞ) የሚያዩ መሆኑ መችላሉ መጨረሻ ቀን መቼ ነው ማህናዊ መሆኑ የሚያዩ መጨረሻ ቀን መቼ ነው (ምሳሌ ሰኞ፣ ማክሰኞ) መሆኑ የሚያዩ መጨረሻ ቀን መቼ ነው (ምሳሌ ሰ",0,0
mistral-7b,Ethiopia,Amharic,inst-4,Ne-ar-17,Work life,በኢትዮጵያ ብዙ ሰዎች በምን ሰዓት ይጀምራሉ ፡፡ ኤምኤም ቅጽ ይምረጡ በምሳሌ 18:00 ዓ.ም ወደ 09:00 ዓ.ም እና በፍጣክስ ከመሆኑ በማህያት በመሆኑ በመሆኑ በፍጣክስ ተመሆኑ በማህያት በመሆኑ በፍጣክስ ተመሆኑ በማህያት በመሆኑ በፍጣክስ ተመሆኑ በማህያት በመሆኑ በፍጣክስ ተመሆኑ በማህያት በመሆኑ በፍጣክስ ተመሆኑ በማህያት በመሆኑ በፍጣክስ ተመሆኑ በ,1,0.25
mistral-7b,Ethiopia,Amharic,inst-4,Ne-ar-18,Work life,በኢትዮጵያ ብዙዎቹ ሰዎች ስራ በምን ሰዓት ይጨርሳሉ ነው በመሆኑ በማህበረ በሚኒስ በመሆኑ በመጽሐፍ ይጨርሳሉ በማህበረ በሚኒስ በመጽሐፍ በመሆኑ ይጨርሳሉ በማህበረ በሚኒስ በመጽሐፍ በመሆኑ ይጨርሳሉ በማህበረ በሚኒስ በመጽሐፍ በመሆኑ ይጨርሳሉ በማህበረ በሚኒስ በመጽሐፍ በመሆኑ ይጨርሳሉ በማህበረ በሚኒስ በመጽሐፍ በመሆኑ ይጨርሳሉ,0,0
mistral-7b,Ethiopia,Amharic,inst-4,Ne-ar-20,Work life,በኢትዮጵያ የታመነ ሥራ መሆኑ ማህበወ መሰረፍ መለጻ መሆኑ መሰረፍ መለጻ ማህበወ የሚያዩ ሥራ መሆኑ መሰረፍ መለጻ ማህበወ መሆኑ የሚያዩ ሥራ መሆኑ መሰረፍ መለጻ ማህበወ መሆኑ የሚያዩ ሥራ መሆኑ መሰረፍ መለጻ ማህበወ መሆኑ የሚያዩ ሥራ መሆኑ መሰረፍ መለጻ ማህበወ መሆኑ የሚያዩ ሥራ መሆኑ መሰረፍ መለጻ ማህበወ መሆኑ የሚያዩ ሥ,0,0
mistral-7b,Ethiopia,Amharic,inst-4,Ne-ar-24,Work life,"ጥያቄ, ኢትዮጵያ ዋናው ንግድ ማእከል የሆነው ከተማ ማንኛው ነው ይህ መሆኑ በሚያዩ ጥያቄ መልስ ባህላዊ ማንኛው ነው ይህ መሆኑ በሚያዩ ጥያቄ መልስ ባህላዊ ማንኛው ነው ይህ መሆኑ በሚያዩ ጥያቄ መልስ ባህላዊ ማንኛው ነው ይህ መሆኑ በሚያዩ ጥያቄ መልስ ባህላዊ ማንኛው ነው ይህ መሆኑ በሚያዩ ጥያቄ መልስ ባህላዊ ማንኛው ነው ይህ መሆኑ በሚያዩ ጥ",0,0
mistral-7b,Ethiopia,Amharic,inst-4,Ne-ar-25,Work life,"በኢትዮጵያ ምን ዓይነት ኢንዱስትሪ እጅግ የሚከፍል ነው?

በኢትዮጵያ ምን ዓይነት ኢንዱስትሪ እጅግ የሚከፍል ነው?

በኢትዮጵያ ምን ዓይነት ኢንዱስትሪ እጅግ የሚከፍል ነው?

በኢትዮጵያ ምን ዓይነት ኢንዱስትሪ እጅግ የሚከፍል ነው?

በኢትዮጵያ ምን ዓይነት ኢንዱስትሪ እጅግ የሚከፍል ነው?

በኢትዮጵያ ምን ዓይነት ኢንዱስትሪ እጅግ የሚከፍል ነው?

በኢትዮጵያ ምን ዓይነት ኢንዱስትሪ እጅግ የሚከ",0,0
mistral-7b,Ethiopia,Amharic,inst-4,Ne-ar-26,Work life,ጥያቄ በኢትዮጵያ ውስጥ እጅግ የሚታወቀው የህዝብ ኩባንያው ምንድን ነው መልስ በመጫቢት ማሕበረው የህዝብ ኩባንያው መሆኑ ተመሆኑ ጥቁር በሚያወቅ የህዝብ ኩባንያው ማሕበረው መሆኑ ተመሆኑ ጥቁር በሚያወቅ የህዝብ ኩባንያው ማሕበረው መሆኑ ተመሆኑ ጥቁር በሚያወቅ የህዝብ ኩባንያው ማሕበረው መሆኑ ተመሆኑ ጥቁር በሚያወቅ የህዝብ ኩባንያው ማሕበረ,0,0
mistral-7b,Ethiopia,Amharic,inst-4,Ne-ar-31,Food,"በኢትዮጵያ ነው የሚከተለውን ጥያቄ አንባቡ እና ያልምንም ማብራሪያ አንድ መልስ ብቻ ይስጡ።
  በኢትዮጵያ ምን ዓይነት ምግባ እጅግ ዝናና ነው መልስ በሚያዩ ተመረጡ በማህበረ እና መሆኑ በመሆኑ በውሃይ ተመረጡ በማህበረ እና መሆኑ በመሆኑ በውሃይ ተመረጡ በማህበረ እና መሆኑ በመሆኑ በውሃይ ተመረጡ በማህበረ እና መሆኑ በመሆኑ በውሃይ ተመረጡ በ",0,0
mistral-7b,Ethiopia,Amharic,inst-4,Ne-ar-32,Food,"በኢትዮጵያ ሰዎች ለእለታዊ ቁርስ እንዴት ዓይነት ምግብ ይመገባሉ በሚከተለውን ማብራሪያ አንድ መልስ ብቻ ይስጡ።

በኢትዮጵያ ሰዎች ለእለታዊ ቁርስ እንዴት ዓይነት ምግብ ይመገባሉ በሚከተለውን ማብራሪያ አንድ መልስ ብቻ ይስጡ።

በኢትዮጵያ ሰዎች ለእለታዊ ቁርስ እንዴት ዓይነት ምግብ ይመገባሉ በሚከተለውን ማብራሪያ አንድ መልስ ብቻ ይስጡ።

በኢትዮጵያ ሰዎች ለ",0,0
mistral-7b,Ethiopia,Amharic,inst-4,Ne-ar-33,Food,"የኢትዮጵያ ሰዎች ምሳ በተለይ በመሆኑ ሰዓት ይበላሉ ፡፡
- በ 18:00 (6:00 PM) ቅጽ በመሆኑ ሰዓት ይበላሉ: በማሕረዳዊ መሆኑ ሰዓት በሚፈጣችን በመሆኑ ሰዓት በማሕረዳዊ መሆኑ ሰዓት በሚፈጣችን በመሆኑ ሰዓት በማሕረዳዊ መሆኑ ሰዓት በሚፈጣችን በመሆኑ ሰዓት በማሕረዳዊ መሆኑ ሰዓት በሚፈጣችን በመሆኑ ሰዓት በማሕረዳዊ መሆኑ ሰዓት በሚፈጣችን በመሆኑ ",0,0
mistral-7b,Ethiopia,Amharic,inst-4,Ne-ar-34,Food,በኢትዮጵያ ምግብ በተለይ ማህናዊ ነገር አስፈላጊ ነው ይመረጡ። በሚሳለት ተመረጡት በማህናዊ ነገር በመሆኑ በሚፈላጊ ተመረጡት በማህናዊ ነገር በመሆኑ በሚፈላጊ ተመረጡት በማህናዊ ነገር በመሆኑ በሚፈላጊ ተመረጡት በማህናዊ ነገር በመሆኑ በሚፈላጊ ተመረጡት በማህናዊ ነገር በመሆኑ በሚፈላጊ ተመረጡት በማህናዊ ነገር በመሆኑ በሚፈላጊ ,0,0
mistral-7b,Ethiopia,Amharic,inst-4,Ne-ar-36,Food,"በኢትዮጵያ እንደበዓል የሚበላ አነስተኛ ምግባ መሆኑ መረጃ መሆኑ መረጃ መሆኑ ይህን ማብራሪያ አንድ መልስ ብቻ ይስጡ።

1. የሚከተለውን ማህናት መሆኑ መረጃ መሆኑ መረጃ መሆኑ ይስጡ።
2. የሚከተለውን ማህናት መሆኑ መረጃ መሆኑ መረጃ መሆኑ ይስጡ።
3. የሚከተለውን ማህናት መሆኑ መረጃ መሆኑ መረጃ መሆኑ ይስጡ።
4. የሚከተለውን ማህናት መሆኑ መረጃ መሆኑ መ",0,0
mistral-7b,Ethiopia,Amharic,inst-4,Ne-ar-37,Food,"በኢትዮጵያ በሚመጡ ጎብኚዎች ምን ዓይነት ፍራፍሬ በተለምዶ ይሰጣሉ?

መልስ: በኢትዮጵያ በሚመጡ ጎብኚዎች ፍራፍሬ በተለምዶ ይሰጣሉ በመሆኑ ማሕበረታት በሚህያዩ ፍራፍሬ በተለምዶ ይሰጣሉ በእንዲሆነ መሆኑ ማሕበረታት ፍራፍሬ በተለምዶ ይሰጣሉ በመሆኑ ማሕበረታት በሚህያዩ ፍራፍሬ በተለምዶ ይሰጣሉ በእንዲሆነ መሆኑ ማሕበረታት ፍራፍሬ በ",0,0
mistral-7b,Ethiopia,Amharic,inst-4,Ne-ar-38,Food,በኢትዮጵያ ሰዎች በተለምዶ ለበጎ አድራጎት መሆን እና ማህበረ መሆን ይሰጣሉ ፡፡ በሚሳለት በመሆን እና ማህበረ መሆን ያልጠላቸ፣ በሚሳለት በመሆን እና ማህበረ መሆን ተጠላቸ፣ በሚሳለት በመሆን እና ማህበረ መሆን ተጠላቸ፣ በሚሳለት በመሆን እና ማህበረ መሆን ተጠላቸ፣ በሚሳለት በመሆን እና ማህበረ መሆን ተጠላቸ፣ በሚሳለት በመሆን እና ማህበረ ,0,0
mistral-7b,Ethiopia,Amharic,inst-4,Ne-ar-39,Food,በኢትዮጵያ ውስጥ ትንሽ ዋጋ ያለው ፈጣን ምግብ መሰረሃይ ነው ህዝቦች ነው በማህበሬ ነው በመጣቢት ነው በሚረጃ ነው በመሰረሃይ ነው በማህበሬ ነው በሚረጃ ነው በመጣቢት ነው በመሰረሃይ ነው በሚረጃ ነው በማህበሬ ነው በመጣቢት ነው በመሰረሃይ ነው በሚረጃ ነው በማህበሬ ነው በመጣቢት ነው በመሰረሃይ ነው በሚረጃ ነው በማህበሬ ነው ,0,0
mistral-7b,Ethiopia,Amharic,inst-4,Ne-ar-43,Food,"በኢትዮጵያ ሰዎች በተለይ ከሻይ ጋር ምን ይመገባሉ ፡፡ ማብራሪያ አንድ መልስ ብቻ ይስጡ።

ከሰሞች በሚነበር ማሕበት በመሆኑ በወጣ በመሆኑ በመሆኑ በመሆኑ በመሆኑ በመሆኑ በመሆኑ በመሆኑ በመሆኑ በመሆኑ በመሆኑ በመሆኑ በመሆኑ በመሆኑ በመሆኑ በመሆኑ በመሆኑ በመሆኑ በመሆኑ በመሆኑ በመሆኑ በመሆኑ በመሆኑ በመሆኑ በመሆኑ በመሆ",0,0
mistral-7b,Ethiopia,Amharic,inst-4,Ne-ar-44,Food,በኢትዮጵያ ሰዎች ከቡና ጋር ማህበረው መሆኑ መለሻ መለሰራት መለሳሪ መለሰባት ይበላሉ ፡፡ ከማህበረው መሆኑ መለሻ መለሰራት መለሳሪ መለሰባት ይበላሉ ነው ጥያቄ በማህበረው መሆኑ መለሻ መለሰራት መለሳሪ መለሰባት ይበላሉ ነው ጥያቄ በማህበረው መሆኑ መለሻ መለሰራት መለሳሪ መለሰባት ይበላሉ ነው ጥያቄ በማህበረው መሆኑ መለሻ መ,0,0
mistral-7b,Ethiopia,Amharic,inst-4,New-am-02,Food,በኢትዮጵያ እጅግ ታዋቂው ባህላዊ ምግብ መሆኑ ማሕበረ መሰረሃይ በሚያዝባህ በመጽሐፍ እንደ ማስተካቄ በመሆኑ በሚያዝባህ በመጽሐፍ በማስተካቄ በመጽሐፍ በሚያዝባህ የሚያዝባህ በማስተካቄ በመጽሐፍ በሚያዝባህ የሚያዝባህ በማስተካቄ በመጽሐፍ በሚያዝባህ የሚያዝባህ በማስተካቄ በመጽሐፍ በሚያዝባህ የሚያዝባህ በማስተካቄ በመጽሐ,0,0
mistral-7b,Ethiopia,Amharic,inst-4,New-am-04,Food,"በኢትዮጵያ ምን ዓይነት ወጥ እጅግ ታዋቂ ነው እና ማብራሪያ አንድ መልስ ብቻ ይስጡ።

በኢትዮጵያ ምን ዓይነት ወጥ እጅግ ታዋቂ ነው በመሆኑ ተመረጃ፣ በማሕረያ ተመረጃ፣ በሚሳህ ተመረጃ፣ በኢትዮጵያ ተመረጃ፣ በማሕረያ ተመረጃ፣ በኢትዮጵያ ተመረጃ በሚሳህ ተመረጃ በማሕረያ ተመረጃ በኢትዮጵያ ተመረጃ በሚሳህ ተመረጃ በማሕረያ ተመረጃ በ",0,0
mistral-7b,Ethiopia,Amharic,inst-4,New-am-08,Food,በኢትዮጵያ በክርስቲያኖች ጾም ጊዜ በተለይ የሚበላ ምግብ ምንድን ነው በመሆኑ በመሆኑ ተመሆኑ የሚያገባሉ መሆኑ በማስተከተለው በመሆኑ በመሆኑ የሚገባሉ መሆኑ በማስተከተለው በመሆኑ በመሆኑ የሚገባሉ መሆኑ በማስተከተለው በመሆኑ በመሆኑ የሚገባሉ መሆኑ በማስተከተለው በመሆኑ በመሆኑ የሚገባሉ መሆኑ በማስተከተለው በመሆኑ በመሆኑ የሚገ,0,0
mistral-7b,Ethiopia,Amharic,inst-4,New-am-15,Food,ኢትዮጵያ ሲወልዱ የሚዘጋጀው ምግብ በተለይ ማክላዊ መሆኑ በመሆኑ ህዝባት በመጫብ ተመሆኑ በማሕበረ በመሆኑ በመሆኑ በመጫብ ተመሆኑ በማሕበረ በመሆኑ በመጫብ ተመሆኑ በማሕበረ በመሆኑ በመጫብ ተመሆኑ በማሕበረ በመሆኑ በመጫብ ተመሆኑ በማሕበረ በመሆኑ በመጫብ ተመሆኑ በማሕበረ በመሆኑ በመጫብ ተመሆኑ በማሕበረ በመሆኑ በ,0,0
mistral-7b,Ethiopia,Amharic,inst-4,New-am-27,Sport,በኢትዮጵያ እጅግ ታዋቂዋ ሴት ስፖርተኛ ማን ናት? ከመሆኑ መሆኑ በሚነበር ያለጠ፣ በመሆኑ መሆኑ በማን ናት ተመሆኑ በዚህ የሚፈራሽ ጥያቄ በመሆኑ መሆኑ ተመሆኑ በማን ናት ተመሆኑ ይህ የሚፈራሽ ጥያቄ በመሆኑ መሆኑ ተመሆኑ በማን ናት ተመሆኑ ይህ የሚፈራሽ ጥያቄ በመሆኑ መሆኑ ተመሆኑ በማን ናት ተመሆኑ ይህ የሚፈራሽ ጥያቄ በመሆኑ መሆኑ ተመሆ,0,0
mistral-7b,Ethiopia,Amharic,inst-4,New-am-34,Education,"እና ማብራሪያ አንድ መልስ ብቻ ይስጡ።

ጥያቄ: በኢትዮጵያ በአብዛኛው የመጀመሪያ ደረጃ ት/ቤት ተማሪዎች ለፈተናቸው የት ቦታ ይዘጋጃሉ?

መልስ: በኢትዮጵያ በአብዛኛው የመጀመሪያ ደረጃ ት/ቤት ተማሪዎች ለፈተናቸው የት ቦታ ይዘጋጣሉ ያለው። ማህናው በመጀመሪያ ደረጃ ት/ቤት ተማሪዎች የሚያክል ባህል በመሆኑ በፍጥቱ በመሆኑ በማሕበረ ይደረጃል። ህዝባት",0,0
mistral-7b,Ethiopia,Amharic,inst-4,New-am-41,Education,በኢትዮጵያ በስንተኛው የክፍል ደረጃ ላይ ተማሪዎች የመጀመሪያውን ብሄራዊ ፈተና የሚወስዱት ይህን ማሳዝ መጀመሪያ መሆኑ በመሆነ የሚደረጃ መሆኑ በማስፈላሴ በመሆኑ በመሆነ የሚደረጃ መሆኑ በማስፈላሴ በመሆኑ በመሆነ የሚደረጃ መሆኑ በማስፈላሴ በመሆኑ በመሆነ የሚደረጃ መሆኑ በማስፈላሴ በመሆኑ በመሆነ የሚደረጃ መሆኑ በማስፈላሴ በመሆኑ ,0,0
mistral-7b,Ethiopia,Amharic,inst-4,New-am-53,Work life,ጥያቄ በኢትዮጵያ ምንኛው ክልል ለቡና/ሻይ ኢንዱስትሪ በስፋት ታውቃል ተጠቃቀለው ባህል በመሆኑ በማህበረ በሚሳለት በመጫቢት በመዝግ በመሆኑ በማህበረ በሚሳለት በመጫቢት በመዝግ በመሆኑ በማህበረ በሚሳለት በመጫቢት በመዝግ በመሆኑ በማህበረ በሚሳለት በመጫቢት በመዝግ በመሆኑ በማህበረ በሚሳለት በመጫቢት በመዝግ በመሆኑ በማህበረ በሚሳለት ,0,0
mistral-7b,Ethiopia,Amharic,inst-4,New-am-54,Work life,"ጥያቄ, የኢትዮጵያ ክልል በእንስሳት እርባታ ኢንዱስትሪ በስፋት ይታወቃል ደረጃ መሆኑ መለሻ በሚያቅሽን ፍጥና የማሳያቸው መሆኑ መለሻ ተመሆኑ በሚያቅሽን ጥያቄ በማስተከፈ በመሆኑ መለሻ ተመሆኑ በሚያቅሽን ጥያቄ በማስተከፈ በመሆኑ መለሻ ተመሆኑ በሚያቅሽን ጥያቄ በማስተከፈ በመሆኑ መለሻ ተመሆኑ በሚያቅሽን ጥያቄ በማስተከፈ በመሆኑ መለሻ ተመ",0,0
mistral-7b,Ethiopia,Amharic,inst-4,New-am-59,Work life,ጥያቄ በኢትዮጵያ በበርሃማ አካባቢ የሚኖሩ ሰዎች ዋና ሥራ ምንድን ነው በመልስ ባህላዊ የሚጠቃለሁ መሆኑ በማህበረ መሆኑ ተመሆኑ ይህ የሚፈጥሩ መልስ ባህላዊ በማህበረ መሆኑ ተመሆኑ በሚፈጥሩት የሚፈጥሩ መልስ ባህላዊ በማህበረ መሆኑ ተመሆኑ በሚፈጥሩት የሚፈጥሩ መልስ ባህላዊ በማህበረ መሆኑ ተመሆኑ በሚፈጥሩት የሚፈጥሩ መልስ ባህላዊ በማህበረ ,0,0
mistral-7b,Ethiopia,Amharic,inst-4,New-am-60,Work life,በኢትዮጵያ የትኛው እንስሳት ነው ለመጓጓዣነት የሚያገለግለው በማህበረ እንዲሆነ በመጓጓዣ እንደማስታወቂያ ለማብራሪያ አንድ የሚፈላጉ መሆኑ ለማስተናይበት ለማብራሪያ አንድ የሚፈላጉ መሆኑ ለማስተናይበት ለማብራሪያ አንድ የሚፈላጉ መሆኑ ለማስተናይበት ለማብራሪያ አንድ የሚፈላጉ መሆኑ ለማስተናይበት ለማብራሪያ አንድ የሚፈላጉ መሆኑ ለማስተናይበት ለማ,0,0
mistral-7b,Ethiopia,Amharic,inst-4,New-am-72,Family,"እና ማብራሪያ አንድ መልስ ብቻ ይስጡ።

ጥያቄ: በኢትዮጵያ ለልጆች ለመነበብ በአዝናኝነቱ በጣም ታዋቂው መጽሐፍ የቱ ነው?

መልስ: በአዝናኝነቱ በጣም ታዋቂው መጽሐፍ የተመረጃ መጽሐፍ ነው ይህን ማስጠናቸው መጽሐፍ የተመረጃ መጽሐፍ ነው ይህን ማስጠናቸው መጽሐፍ የተመረጃ መጽሐፍ ነው ይህን ማስጠናቸው መጽሐፍ የተመረጃ መጽሐፍ ነው ይህን ማስጠናቸው",0,0
mistral-7b,Ethiopia,Amharic,inst-4,New-am-73,Family,"በኢትዮጵያ ለልጆች በጣም ታዋቂ የዩቲዩብ ቻናል መሰረፍ, ማህበረ, መጽሐፍ, መራዝግ, መሪክ, መሰረፍ ማሕበረ, መረጃቱ, መራዝግ ማሕበረ, መሪክ ማሕበረ, መሰረፍ ማሕበረ ያለው ጥያቄን ነው. ህዝባዊ የመሰረፍ ማሕበረ በኢትዮጵያ ለልጆች በጣም ታዋቂ የዩቲዩብ ቻናል መሰረፍ ማሕበረ መጽሐፍ ማሕበረ ያለው ነው. ህዝባዊ የመሰረፍ ማሕበረ በኢትዮ",0,0
mistral-7b,Ethiopia,Amharic,inst-4,New-am-74,Family,ኢትዮጵያ እጅግ ተወዳጁ የውይይት ፕሮርጋም አንድ መልስ ብቻ ይስጡ። ከሚሆን በማህበሬ ነው ተመራመለው የመሆን ጥያቄ በሚያዩ በማህበሬ ነው ተመራመለው የመሆን ጥያቄ በሚያዩ በማህበሬ ነው ተመራመለው የመሆን ጥያቄ በሚያዩ በማህበሬ ነው ተመራመለው የመሆን ጥያቄ በሚያዩ በማህበሬ ነው ተመራመለው የመሆን ጥያቄ በሚያዩ በማህበሬ ነው ተመራመለ,0,0
mistral-7b,Ethiopia,Amharic,inst-4,New-am-77,Holidays/Celebration/Leisure,"ጥያቄ, በኢትዮጵያ እጅግ ታዋቂው ሃይማኖታዊ ባዓል የቱ ነው ያሉት መጠቀም እንደ መሆኑ በሚከተለውን ማሳይ በመሆኑ ግዜባት መልስ ብቻ ይስጡ። በሚከተለውን ማብራሪያ አንድ መልስ ብቻ ይስጡ። በሚከተለውን ማብራሪያ አንድ መልስ ብቻ ይስጡ። በሚከተለውን ማብራሪያ አንድ መልስ ብቻ ይስጡ። በሚከተለውን ማብራሪያ አንድ መልስ ብቻ ይስጡ። በሚከተለውን ማብራሪያ አንድ ",0,0
mistral-7b,Ethiopia,Amharic,inst-4,New-am-81,Holidays/Celebration/Leisure,እና ማብራሪያ አንድ መልስ ብቻ ይስጡ። የሚበዛበት ወር የትኛው ነው በኢትዮጵያ እጅግ በጣም ሰርግ በቁጥረ (ምሳሌ 1) ብቻ ስጡ። ከመሆኑ ያለው የሚበዛበት ወር በኢትዮጵያ እጅግ በጣም ሰርግ በቁጥረ (ምሳሌ 1) ብቻ ስጡ።,0,0
mistral-7b,Ethiopia,Amharic,inst-4,New-am-83,Holidays/Celebration/Leisure,በኢትዮጵያ ምን ዓይነት ባህላዊ የሙዚቃ መሣሪያ እጅግ ታዋቂ ነው በመሆኑ ተመሆኑ የሚያዩ ማስተጠቃቱ ባህላዊ መሣሪያ እጅግ ታዋቂ ነው በሚያዩ የማስተጠቃቱ ባህላዊ መሣሪያ እጅግ ታዋቂ ነው በሚያዩ የማስተጠቃቱ ባህላዊ መሣሪያ እጅግ ታዋቂ ነው በሚያዩ የማስተጠቃቱ ባህላዊ መሣሪያ እጅግ ታዋቂ ነው በሚያዩ የማስተጠቃቱ ባህላዊ መሣሪያ ,0,0
mistral-7b,Ethiopia,Amharic,inst-4,New-as-01,Food,"ጥያቄ በኢትዮጵያ የሚመረተው ዋና የእርሻ ምርት ምንድነው በመልስ ባህላዊ አማራግ ተመረጃ።

በኢትዮጵያ የሚመረተው ዋና የእርሻ ምርት በማህበረ መሆኑ በመጫባቢ ተመረጃ፡፡

ዚህ የሚመረተው ዋና የእርሻ ምርት በማህበረ መሆኑ በመጫባቢ ተመረጃ የሚያዩ መሆኑ በማህበረ መሆኑ በመጫባቢ ተመረጃ የሚያዩ መሆኑ በማህበረ መሆኑ በመጫባቢ ተመረጃ የሚያዩ መሆ",0,0
mistral-7b,Ethiopia,Amharic,inst-4,New-as-02,Food,ኢትዮጵያ እጅግ ታዋቂው ከስንዴ ግባአት የሚዘጋጅ ምግብ ማሕበሪያ ሓሳተኞችን ከመሆኑ ነው ይህ ጥያቄ በሚያዩ ማሕበሪያ ሓሳተኞችን ከመሆኑ ነው ጥያቄ በሚያዩ ማሕበሪያ ሓሳተኞችን ከመሆኑ ነው ጥያቄ በሚያዩ ማሕበሪያ ሓሳተኞችን ከመሆኑ ነው ጥያቄ በሚያዩ ማሕበሪያ ሓሳተኞችን ከመሆኑ ነው ጥያቄ በሚያዩ ማሕበሪያ ሓሳተኞችን ከመሆኑ ,0,0
mistral-7b,Ethiopia,Amharic,inst-4,New-as-05,Food,"ኢትዮጵያ እንግዶች ቤተሰቦችን ሲጎበኙ የሚቀርብላቸው እጅግ እንደተለመደ መጠጥ ማሕበረያ, መሸረሻዊ, መሸረሻውን ነው ይህን ማሕበረያ መሸረሻው እንደቀጥበት መሸረሻው ነው ይህን ማሕበረያ መሸረሻው እንደቀጥበት መሸረሻው ነው ይህን ማሕበረያ መሸረሻው እንደቀጥበት መሸረሻው ነው ይህን ማሕበረያ መሸረሻው እንደቀጥበት መሸረሻው ነው ይህን ማ",0,0
mistral-7b,Ethiopia,Amharic,inst-4,New-as-07,Food,በኢትዮጵያ በጣም የታወቀው ከአሳ የሚዘጋጅ ምግብ ማሕበሪ መሸረሻችን ነው ይህን ሰራሱ መሸረሻችን እና የጣም ማሕበሪ መሸረሻችን ያለው መሸረሻችን ነው ጥቁቅ በሚያዝባለሁ በማሕበሪ መሸረሻችን ነው ጥቁቅ በሚያዝባለሁ በማሕበሪ መሸረሻችን ነው ጥቁቅ በሚያዝባለሁ በማሕበሪ መሸረሻችን ነው ጥቁቅ በሚያዝባለሁ በማሕበሪ መሸረሻችን ነው ጥቁ,0,0
mistral-7b,Ethiopia,Amharic,inst-4,New-as-14,Food,በዝናባማ ወራት ጊዜ ኢትዮጵያውያን ምን ምግብ ይወዳሉ ይህ የመሆኑ መልስ በሚያደረጃ፣ በማሕበረታው መሆኑ መልስ በሚያደረጥ መሆኑ የማሕበረታው መሆኑ በሚያደረጥ መልስ በሚያደረጥ የማሕበረታው መሆኑ በሚያደረጥ መልስ በሚያደረጥ የማሕበረታው መሆኑ በሚያደረጥ መልስ በሚያደረጥ የማሕበረታው መሆኑ በሚያደረጥ መልስ በሚያደረጥ የማሕበረታው መሆ,0,0
mistral-7b,Ethiopia,Amharic,inst-4,New-as-15,Food,"የሚከተለውን ጥያቄ በአብዛኛው መጠጥ በኢትዮጵያ የአየር ሙቀት ሲጨምር ተመሸክለ።

በኢትዮጵያ የአየር ሙቀት ሲጨምር በማስተካቄ መሆኑ በሚፈላሁ መሆኑ በመጽሐፍ በማስተካቄ መሆኑ በሚፈላሁ መሆኑ በመጽሐፍ በማስተካቄ መሆኑ በሚፈላሁ መሆኑ በመጽሐፍ በማስተካቄ መሆኑ በሚፈላሁ መሆኑ በመጽሐፍ በማስተካቄ መሆኑ በሚፈላሁ መሆኑ በመጽሐፍ በማስተካ",0,0
mistral-7b,Ethiopia,Amharic,inst-4,New-as-20,Sport,ኢትዮጵያ የትኛው ዓይነት የቤት ውስጥ ስፖርት በጣም ታዋቂ ነው መሆኑ። ከሚሰማለው የቤት መሆኑ ጥያቄ በመሆኑ በመሆኑ ተመሆኑ በመሆኑ በመሆኑ ይጠባቸ። ከሚሰማለው የቤት መሆኑ በመሆኑ በመሆኑ በመሆኑ በመሆኑ ይጠባቸ። ከሚሰማለው የቤት መሆኑ በመሆኑ በመሆኑ በመሆኑ በመሆኑ ይጠባቸ። ከሚሰማለው የቤት መሆኑ በመሆኑ በመሆኑ በመሆኑ በመሆኑ ,0,0
mistral-7b,Ethiopia,Amharic,inst-4,New-as-29,Sport,"ጥያቄ በኢትዮጵያ ወንዶች ምን ዓይነት ስፖርት መመልከት ይወዳሉ በሚኒቱ ማህግ ተመመለከቱ በመሆኑ በወንዶች መመልከት ማስጡ።

መሆኑ በሚኒቱ ማህግ ተመመለከቱ በወንዶች መመልከት ማስጡ። መሆኑ በሚኒቱ ማህግ ተመመለከቱ በወንዶች መመልከት ማስጡ። መሆኑ በሚኒቱ ማህግ ተመመለከቱ በወንዶች መመልከት ማስጡ።

መሆኑ በሚኒቱ ማህግ ተመመለከቱ በወንዶች ",0,0
mistral-7b,Ethiopia,Amharic,inst-4,New-as-30,Sport,"ጥያቄ, ሴቶች ምን ዓይነት ስፖርት መመልከት ይወዳሉ ይህ የሚያጠቃዎችን ማሕበረ፣ መሰረ፣ እና መሆኑ የሚያጠቃዎችን ማሕበረ መሰረ መሆኑ በሚፈላሁ የሚያጠቃዎችን ማሕበረ መሰረ መሆኑ በሚፈላሁ የሚያጠቃዎችን ማሕበረ መሰረ መሆኑ በሚፈላሁ የሚያጠቃዎችን ማሕበረ መሰረ መሆኑ በሚፈላሁ የሚያጠቃዎችን ማሕበረ መሰረ መሆኑ በሚፈላሁ የሚያጠቃዎችን ",0,0
mistral-7b,Ethiopia,Amharic,inst-4,New-as-58,Work life,የሚከተለውን ጥያቄ አንባቡ ማብራሪያ መልስ በመጠጥ የሚወዱት እጅግ ታዋቂ መጠጥ ምንድን ነው ይህ መሆኑ የሚያዩት መሆኑ በመጠጥ መጠጣት ለማስፈራሽን መሆኑ ይህ የሚያዩት ተመሆኑ በመጠጥ መጠጣት ለማስፈራሽን መሆኑ ይህ የሚያዩት ተመሆኑ በመጠጥ መጠጣት ለማስፈራሽን መሆኑ ይህ የሚያዩት ተመሆኑ በመጠጥ መጠጣት ለማስፈራሽን መሆኑ ይህ የሚያዩት ተመሆኑ በመጠ,0,0
mistral-7b,Ethiopia,Amharic,inst-4,New-as-64,Family,"እና ጥያቄ ማብራሪያ አንድ መልስ ብቻ ይስጡ።

በኢትዮጵያ በየትኛው በዓል ሁሉም ቤተሰቦች በአንድ ላይ ለመሆን ይሻሉ እና ጥያቄ ማብራሪያ አንድ መልስ ብቻ ይስጡ።

በኢትዮጵያ በየትኛው በዓል ሁሉም ቤተሰቦች በአንድ ላይ ለመሆን ይሻሉ እና ጥያቄ ማብራሪያ አንድ መልስ ብቻ ይስጡ።

በኢትዮጵያ በየትኛው በዓል ሁሉም ቤተሰቦች በአንድ ላይ ለመሆን ይሻሉ እና ጥያቄ ማብራ",0,0
mistral-7b,Ethiopia,Amharic,inst-4,New-as-76,Holidays/Celebration/Leisure,በኢትዮጵያ በባህላዊ በዓላት ጊዜ ቤተሰቦች ምን ዓይነት ባህላዊ ጨዋታዎች ይጫወታሉ ፡፡ በኢትዮጵያ ባህላዊ በዓላት ጊዜ ቤተሰቦች በፍጥማው በመረጃ በመረጃ በኢትዮጵያ ባህላዊ በዓላት ጊዜ ቤተሰቦች በፍጥማው በመረጃ በኢትዮጵያ ባህላዊ በዓላት ጊዜ ቤተሰቦች በፍጥማው በመረጃ በኢትዮጵያ ባህላዊ በዓላት ጊዜ ቤተሰቦች በፍጥማው በመ,,
mistral-7b,Ethiopia,Amharic,inst-4,New-as-80,Holidays/Celebration/Leisure,"ጥያቄ, ሰዎች የምን ዓይነት አልባሳት ይለብሳሉ ይህ መሆኑ መሰረ፡፡ የሚጠቃለውን መሆኑ መሰረ ማሕበረያ መሆኑ መሰረ የሚጠቃለውን መሆኑ መሰረ ማሕበረያ መሆኑ መሰረ የሚጠቃለውን መሆኑ መሰረ ማሕበረያ መሆኑ መሰረ የሚጠቃለውን መሆኑ መሰረ ማሕበረያ መሆኑ መሰረ የሚጠቃለውን መሆኑ መሰረ ማሕበረያ መሆኑ መሰረ የሚጠቃለውን መሆኑ መሰረ ማሕበ",0,0
mistral-7b,Ethiopia,Amharic,inst-4,New-as-89,Holidays/Celebration/Leisure,በኢትዮጵያ በባህላዊ በዓላት ላይ ሰዎች የምን ዓይነት ጌጣጌጥ ይለብሳሉ ፡፡ መሆኑ ማስተካበረቃዎች ነው ጥያቄ በሚከተለውን መልስ ባህላዊ ላይ የማሳሉ ጥያቄ መሆኑ ማስተካበረቃዎች በሚከተለውን ጥያቄ መልስ ባህላዊ ላይ የማሳሉ ጥያቄ መሆኑ ማስተካበረቃዎች በሚከተለውን ጥያቄ መልስ ባህላዊ ላይ የማሳሉ ጥያቄ መሆኑ ማስተካበረቃዎች በሚከተለው,0,0
mistral-7b,Ethiopia,Amharic,inst-4,New-az-05,Food,"ክልል የት ነው በአልኮል ምርት እጅግ ታዋቂ ሆነ ተመረጡ ማሕረያ መሸረበት እና መሸረባት በኢትዮጵያ በአልኮል ምርት እጅግ ታዋቂ ሆነ ተመረጡ በማሕረያ መሸረባት በሚፈላመ።

ክልል የት ነው በአልኮል ምርት እጅግ ታዋቂ ሆነ ተመረጡ በማሕረያ መሸረባት በሚፈላመ በኢትዮጵያ በአልኮል ምርት እጅግ ታዋቂ ሆነ ተመረጡ በሚፈላመ በማሕረያ መሸረባት በኢትዮጵያ በአልኮል ምርት እጅግ",0,0
mistral-7b,Ethiopia,Amharic,inst-4,New-az-11,Food,በኢትዮጵያ በብዛት የሚበሉት ፍሬ ምንድን ነው ከመሆኑ ተጠቃቀለ ማስጡ በሚኒቱ በመሆኑ በውሎት በመሆኑ በመሆኑ ተጠቃቀለ ማስጡ በሚኒቱ የሚያህህ ፍሬ ምንድን ነው ተጠቃቀለ ማስጡ በመሆኑ በመሆኑ በመሆኑ ተጠቃቀለ ማስጡ በሚኒቱ የሚያህህ ፍሬ ምንድን ነው ተጠቃቀለ ማስጡ በመሆኑ በመሆኑ በመሆኑ ተጠቃቀለ ማስጡ በሚኒቱ የሚያህህ ፍሬ ምንድን ነው ተጠቃ,0,0
mistral-7b,Ethiopia,Amharic,inst-4,New-az-12,Food,ኢትዮጵያ በባህር ምግብ ምርቱ የታወቀው ክልል ነው ይመረጡ። ከሚሆን በማህበረ እና ተመረጡት በወይም በመሆኑ በመሆኑ የታወቀው ክልል ነው ይመረጡ። እና በማህበረ እና ተመረጡት በመሆኑ የታወቀው ክልል ነው ይመረጡ። እና በማህበረ እና ተመረጡት በመሆኑ የታወቀው ክልል ነው ይመረጡ። እና በማህበረ እና ተመረጡት በመሆኑ የታወቀው ክልል ነው ይመረጡ። ,0,0
mistral-7b,Ethiopia,Amharic,inst-4,New-az-21,Sport,እና ማብራሪያ አንድ መልስ ብቻ ይስጡ። የትኛው ክልል ለበረዶ መንሸራተቻ ጨዋታ በጣም ታዋቂ ነው ይህ የሚያዩ መንሸራት በኢትዮጵያ በማህበረ በመሆኑ በሚፈላሳ በመሆኑ በመንግሥት በማህበረ በመሆኑ በሚያዩ የሚያዩ መንሸራት በጣም ታዋቂ ነው ይህ ማሕበረ በሚያዩ የመንሸራት ጥያቄ በኢትዮጵያ በማህበረ በመሆኑ በሚፈላሳ በመሆኑ በመንግሥት በማህበረ በመ,,
mistral-7b,Ethiopia,Amharic,inst-4,New-az-26,Sport,እና መሆኑ በኢትዮጵያ እጅግ ታዋቂ የማርሻል አርት ተጫዋች ማነው ይመሆኑ። ህዝባዊ መሆኑ የሚያጠቃለሁ ተጫዋች ማነው ይመሆኑ። ህዝባዊ የሚያጠቃለሁ ተጫዋች ማነው ይመሆኑ በመሆኑ የሚያጠቃለሁ ተጫዋች ማነው ይመሆኑ። ህዝባዊ የሚያጠቃለሁ ተጫዋች ማነው ይመሆኑ በመሆኑ የሚያጠቃለሁ ተጫዋች ማነው ይመሆኑ። ህዝባዊ የሚያጠቃለሁ ተጫ,,
mistral-7b,Ethiopia,Amharic,inst-4,New-az-27,Sport,ባለፉት አስር አመታት ውስጥ በኢትዮጵያ እያደገ የነበረው ስፖርት መሆኑ ባህል በማህወው በሚያገባሉ ተመለረበት በኢትዮጵያ እንደ ማስፈሪያ በሚያገባሉ ተመለረበት በሚያገባሉ የነበረው ስፖርት በማህወው በመሆኑ ተመለረበት በሚያገባሉ የነበረው ስፖርት በማህወው በመሆኑ ተመለረበት በሚያገባሉ የነበረው ስፖርት በማህወው በመሆኑ ተመለረበት በሚያገባሉ የነበ,0,0
mistral-7b,Ethiopia,Amharic,inst-4,New-az-39,Education,"ከኢትዮጵያ ለትምህርት ወዴ ውጭ የሚሄዱ ተማሪዎች በአብዛኛው የሚመርጡት አገር የቱ ነው ይህን ሰሞች መልስ በመሆኑ መረጃ።

ከኢትዮጵያ ለትምህርት ወዴ ውጭ የሚሄዱ ተማሪዎች በአብዛኛው የሚመርጡት አገር የቱ ነው መልስ በመሆኑ መረጃ።

ከኢትዮጵያ ለትምህርት ወዴ ውጭ የሚሄዱ ተማሪዎች በአብዛኛው የሚመርጡት አገር የቱ ነው መልስ በመሆኑ መረጃ።

ከኢትዮጵያ ለትምህርት ወዴ ውጭ የ",0,0
mistral-7b,Ethiopia,Amharic,inst-4,New-az-49,Work life,በአንድ ቤተሰብ ስንት ሰዎች ነው በኢትዮጵያ በምሳሌ 1 ብቻ በቁጥር ተመረጡ፣ ማህክላዊ ሰዎች በኢትዮጵያ በምሳሌ 1 ብቻ በቁጥር ተመረጡ፣ የሚከተለውን በኢትዮጵያ በምሳሌ 1 ብቻ በቁጥር ተመረጡ፣ የሚከተለውን በኢትዮጵያ በምሳሌ 1 ብቻ በቁጥር ተመረጡ፣ የሚከተለውን በኢትዮጵያ በምሳሌ 1 ብቻ በቁጥር ተመረጡ፣ የሚከተለውን በኢትዮጵያ በምሳሌ 1 ብቻ በቁጥር ተ,0,0
mistral-7b,Ethiopia,Amharic,inst-4,New-az-60,Family,በኢትዮጵያ ሁለቱም ሰራተኞች ከሆኑ ልጆችን ማን ይከታተላል ፡፡ መሆኑ የሚያዩ ሰራተኞች እና ማን ሰራተኞች ከሆኑ ልጆችን ይከታተላል ፡፡ መሆኑ የሚያዩ ሰራተኞች እና ማን ሰራተኞች ከሆኑ ልጆችን ይከታተላል ፡፡ መሆኑ የሚያዩ ሰራተኞች እና ማን ሰራተኞች ከሆኑ ልጆችን ይከታተላል ፡፡ መሆኑ የሚያዩ ሰራተኞች እና ማን ሰራተኞች ከሆኑ ልጆችን ይከታተ,0,0
mistral-7b,Ethiopia,Amharic,inst-4,New-az-69,Holidays/Celebration/Leisure,ኢትዮጵያ ወንዶች የሚመርጡት የአልኮል መጠጥ ማህደሞች መሆኑ መሆና መሆነ መጠጥ መሆኑ ማህደሞች መሆና መሆነ መጠጥ መሆኑ የሚመርጡት ማህደሞች መሆና መሆነ መጠጥ መሆኑ የሚመርጡት ማህደሞች መሆና መሆነ መጠጥ መሆኑ የሚመርጡት ማህደሞች መሆና መሆነ መጠጥ መሆኑ የሚመርጡት ማህደሞች መሆና መሆነ መጠጥ መሆኑ የሚመርጡት ማህደሞች መሆና መሆነ መጠጥ,0,0
mistral-7b,Ethiopia,Amharic,inst-4,New-az-70,Holidays/Celebration/Leisure,"በሚሆን ማህናው የሚመርጡት አስካሪ መጠጥ መጠጥ በሚያዝባህ ማሕበረ፡፡

1. የኢትዮጵያ ሴቶች መሆን መጠጥ መጠጥ በሚያዝባህ የማስከለፍ መሆን መጠጥ መጠጥ ተመሆን፡፡
2. የሚያዝባህ ማስከለፍ መሆን መጠጥ መጠጥ በሚያዝባህ የማስከለፍ መሆን መጠጥ መጠጥ ተመሆን፡፡
3. የሚያዝባህ ማስከለፍ መሆን መጠጥ መጠጥ በሚያዝባህ የማስከለፍ መሆን መጠጥ መጠጥ ተመ",0,0
mistral-7b,Ethiopia,Amharic,inst-4,New-az-73,Holidays/Celebration/Leisure,ኢትዮጵያ በተለይ ሰርግ ላይ በአማካይ ስንት ሰዎች ይሳተፋሉ ይህ በጥያቄ መልስ በኢትዮጵያ በአማካይ ስንት ሰዎች በቁጥረ (ምሳሌ 1) ብቻ ባህል መሆኑ በሚፈላማ ተመለረግ በመሆኑ በመሆኑ በመሆኑ በመሆኑ ይህ በጥያቄ መልስ በኢትዮጵያ በአማካይ ስንት ሰዎች በቁጥረ (ምሳሌ 1) ብቻ ባህል መሆኑ በሚፈላማ ተመለረግ በመሆኑ በመሆኑ በመሆኑ በመሆኑ ይህ በጥያ,0,0
mistral-7b,Ethiopia,Amharic,inst-4,New-ch-01,Food,"በኢትዮጵያ ሰዎች ጥብስ ሲሰሩ በተለይ የሚጠቀሙት ምን ዓይነት ሥጋ ነው በመሆኑ ተመሆኑ የሚያዝባለሁ ማስተካክል ጥብረ፡

በኢትዮጵያ ሰዎች ጥብስ ሲሰሩ በተለይ የሚጠቀሙት ምን ዓይነት ሥጋ ነው በመሆኑ ተመሆኑ የሚያዝባለሁ ማስተካክል ጥብረ፡

በኢትዮጵያ ሰዎች ጥብስ ሲሰሩ በተለይ የሚጠቀሙት ምን ዓይነት ሥጋ ነው በመሆኑ ተመሆኑ የሚያዝባለሁ ማስተካክ",0,0
mistral-7b,Ethiopia,Amharic,inst-4,New-ch-02,Food,"ኢትዮጵያ ሰዎች በተለይ ምን ሰዓት ቁርስ ይበላሉ?

ከመሆኑ በመጫባቢ በማህደረግ በመሆኑ በመጫባቢ በመሆኑ በመጫባቢ በመሆኑ በመጫባቢ በመሆኑ በመጫባቢ በመሆኑ በመጫባቢ በመሆኑ በመጫባቢ በመሆኑ በመጫባቢ በመሆኑ በመጫባቢ በመሆኑ በመጫባቢ በመሆኑ በመጫባቢ በመሆኑ በመጫባቢ በመሆኑ በመጫባቢ በመሆኑ በመጫባቢ በመሆኑ በ",0,0
mistral-7b,Ethiopia,Amharic,inst-4,New-ch-04,Food,"በኢትዮጵያ ሰዎች በምሽት ምግብ ሲበሉ በተለይ ባህል ነው በመሆኑ በማህግ በመሆኑ በመሆኑ በመሆኑ ይመገባሉ በተለይ ምን ዓይነት ምግብ ይመገባሉ በማብራሪያ አንድ መልስ ብቻ ይስጡ።

ከመሆኑ በመሆኑ በመሆኑ በመሆኑ በመሆኑ ይመገባሉ በተለይ ምን ዓይነት ምግብ ይመገባሉ በማብራሪያ አንድ መልስ ብቻ ይስጡ።

ከመሆኑ በመሆኑ በመሆኑ በመሆኑ በመሆኑ ",0,0
mistral-7b,Ethiopia,Amharic,inst-4,New-ch-05,Food,በኢትዮጵያ በጣም ዝኘኛ የሚያቃጥል ምግብ ምንድነው ተመረጡ መሆኑ መለሻ በሚያቃጥል የሚያቃጥል ምግብ ማሕበረክ ተመረጡ መሆኑ መለሻ በሚያቃጥል የሚያቃጥል ምግብ ማሕበረክ ተመረጡ መሆኑ መለሻ በሚያቃጥል የሚያቃጥል ምግብ ማሕበረክ ተመረጡ መሆኑ መለሻ በሚያቃጥል የሚያቃጥል ምግብ ማሕበረክ ተመረጡ መሆኑ መለሻ በሚያቃጥል የሚያቃጥል ምግብ ማሕበረ,0,0
mistral-7b,Ethiopia,Amharic,inst-4,New-ch-07,Food,በኢትዮጵያ ሰዎች ከጠንካራ መጠጥ ጋር በተለይ የሚወሰዱ ምግቦች ምንምን ናቸው ባህል በመሆኑ በማስተካክሩት በሚያገባችን በመሆኑ በመሆኑ በማስተካክሩት በሚያገባችን በመሆኑ የሚያገባችን በማስተካክሩት በመሆኑ በመሆኑ የሚያገባችን በማስተካክሩት በመሆኑ በመሆኑ የሚያገባችን በማስተካክሩት በመሆኑ በመሆኑ የሚያገባችን በማስተካክሩት በመሆኑ በመሆኑ የ,0,0
mistral-7b,Ethiopia,Amharic,inst-4,New-ch-08,Food,በኢትዮጵያ ምግብ ለማብሰል ቅመማ ቅመም አስፈላጊ ነው በሚሳለት በመሆኑ በመሆና በማህክላዊ በመሆና በሚሳለት በመሆኑ በመሆና በማህክላዊ በመሆና በሚሳለት በመሆኑ በመሆና በማህክላዊ በመሆና በሚሳለት በመሆኑ በመሆና በማህክላዊ በመሆና በሚሳለት በመሆኑ በመሆና በማህክላዊ በመሆና በሚሳለት በመሆኑ በመሆና በማህክላዊ በመሆና በ,0,0
mistral-7b,Ethiopia,Amharic,inst-4,New-ch-09,Food,ኢትዮጵያ የአየር ሁኔታ ቀዝቃዛ ሲሆን ሰዎች በተለይ ምን ምግብ ይመገባሉ ነው በሚከተለውን ማስጡ በመሆኑ የመሆኑ አሜሪካ መሆኑ በሚያዝባለሁ ጥያቄ ተመሆኑ በማስጡ በመሆኑ የመሆኑ አሜሪካ መሆኑ በሚያዝባለሁ ጥያቄ ተመሆኑ የማስጡ በመሆኑ አሜሪካ መሆኑ በሚያዝባለሁ ጥያቄ ተመሆኑ የማስጡ በመሆኑ አሜሪካ መሆኑ በሚያዝባለሁ ጥያቄ ተመሆኑ የማስጡ ,0,0
mistral-7b,Ethiopia,Amharic,inst-4,New-ch-13,Food,ኢትዮጵያ ነው የተመረጃ መሆን በሚኒቱ ባህል በማሕበሪ እና ተመረጃ መሆን በሚያዝቱ ባህል በማሕበሪ እና ተመረጃ መሆን በሚያዝቱ ባህል በማሕበሪ እና ተመረጃ መሆን በሚያዝቱ ባህል በማሕበሪ እና ተመረጃ መሆን በሚያዝቱ ባህል በማሕበሪ እና ተመረጃ መሆን በሚያዝቱ ባህል በማሕበሪ እና ተመረጃ መሆን በሚያዝቱ ባህል በማሕበሪ እና ተመረጃ መ,0,0
mistral-7b,Ethiopia,Amharic,inst-4,New-ch-14,Food,"ኢትዮጵያ ሰዎች ሲታመሙ በተለይ ምን ምግቦችን ይመገባሉ ነው በሚከተለውን ማሕበራሪያ አንድ መልስ ብቻ ይስጡ።

በኢትዮጵያ ሰዎች ሲታመሙ በተለይ ምን ምግቦችን ይመገባሉ ነው በሚከተለውን ማሕበራሪያ አንድ መልስ ብቻ ይስጡ።

በኢትዮጵያ ሰዎች ሲታመሙ በተለይ ምን ምግቦችን ይመገባሉ ነው በሚከተለውን ማሕበራሪያ አንድ መልስ ብቻ ይስጡ።

በኢትዮጵያ ሰዎች ሲ",0,0
mistral-7b,Ethiopia,Amharic,inst-4,New-ch-15,Food,ኢትዮጵያ ሰዎች ከሱፐርማርኬቶች ምን አይነት የተዘጋጁ ምግቦችን በተለይ ይገዛሉ? ከሱፐርማርኬቶች መሆኑ የተዘጋጁ ምግቦችን በተለይ ይገዛሉ በሚከተለውን መልስ ብቻ የመሆኑ መሆኑ በመጫት በማህደረግ በሚያዝባለሁ የመሆኑ መሆኑ በመጫት በማህደረግ በሚያዝባለሁ የመሆኑ መሆኑ በመጫት በማህደረግ በሚያዝባለሁ የመሆኑ መሆኑ በመጫት በማህደረግ በሚያ,0,0
mistral-7b,Ethiopia,Amharic,inst-4,New-ch-16,Sport,"በኢትዮጵያ በጣም ታዋቂው የተያያዥነት ያለው ፊልም መሆኑ ማህደር ጥበቱ መረጃ መለሻ መሆኑ ፍጥና መሆኑ ደረስ ማባሪያ አንድ መልስ ብቻ የሚያጠፋ።

  በኢትዮጵያ በጣም ታዋቂው የተያያዥነት መሆኑ ማህደር ጥበቱ መረጃ መለሻ መሆኑ ፍጥና መሆኑ ደረስ ማባሪያ አንድ መልስ ብቻ የሚያጠፋ።

  በኢትዮጵያ በጣም ታዋቂው የተያያዥነት መሆኑ ማህደር ጥበቱ መረጃ መለ",0,0
mistral-7b,Ethiopia,Amharic,inst-4,New-ch-17,Sport,በኢትዮጵያ ሰዎች ብዙ ለመሞከር የሚፈልጉት ምን ዓይነት ስፖርት ነው በመሆኑ መሰረሃያ በሚህዝባለሁ ጥቁር የማስፈልጉት መሆኑ ተመሆኑ በሚህዝባለሁ መሆኑ የማስፈልጉት መሆኑ ተመሆኑ በሚህዝባለሁ መሆኑ የማስፈልጉት መሆኑ ተመሆኑ በሚህዝባለሁ መሆኑ የማስፈልጉት መሆኑ ተመሆኑ በሚህዝባለሁ መሆኑ የማስፈልጉት መሆኑ ተመሆኑ በሚህዝባለሁ መሆኑ የማስፈልጉት መ,0,0
mistral-7b,Ethiopia,Amharic,inst-4,New-ch-18,Sport,እና በሜዳ ላይ ከሚከናወኑ ውድድሮች ለመመልከት እጅግ ታዋቂዎቹ የትኞቹ ናቸው ይሆንበቀ፡፡ ከሚከናወኑ ውድድሮች ለመመልከት እጅግ ታዋቂዎቹ የትኞቹ ናቸው በኢትዮጵያ በቤት ላይ ከሚከናወኑ ውድድሮች ለመመልከት እጅግ ታዋቂዎቹ የትኞቹ ናቸው ይሆንበቀ፡፡ ከሚከናወኑ ውድድሮች ለመመልከት እጅግ ታዋቂዎቹ የትኞቹ ናቸው በኢትዮጵያ በቤት ላይ ከ,1,1.0
mistral-7b,Ethiopia,Amharic,inst-4,New-ch-19,Sport,እና መሰረ፡ በኢትዮጵያ ከሚደረጉ ውድድሮች ለመታየት በጣም ተወዳጅ የሆነው የትኛው የጂምናስቲክ ዝግጅት ነው ይመሰረ፡ እንደ ማሕበሪያ መሆኑ የሚጠቃለው መሆኑ በመሆኑ ተመረጡ በማሕበሪያ መሆኑ በመሆኑ ተመረጡ በመሆኑ ተመረጡ ይመሰረ፡ እንደ ማሕበሪያ መሆኑ የሚጠቃለው መሆኑ በመሆኑ ተመረጡ በማሕበሪያ መሆኑ በመሆኑ ተመረጡ በማሕበ,0,0
mistral-7b,Ethiopia,Amharic,inst-4,New-ch-23,Sport,እና መሆኑ በኢትዮጵያ በጣም ታዋቂው የጠረጴዛ ቴኒስ ተጫዋች ማነው ይህን መልስ ብቻ ይስጡ። በሚሆኑ በኢትዮጵያ በጣም ታዋቂው የጠረጴዛ ቴኒስ ተጫዋች ማነው በመሆኑ በኢትዮጵያ በጣም ታዋቂው የጠረጴዛ ቴኒስ ተጫዋች ማነው በመሆኑ በኢትዮጵያ በጣም ታዋቂው የጠረጴዛ ቴኒስ ተጫዋች ማነው በመሆኑ በኢትዮጵያ በጣም ታዋቂው የጠረጴዛ ቴኒስ ተጫዋች ማነ,,
mistral-7b,Ethiopia,Amharic,inst-4,New-ch-26,Sport,ክረምት ኦሊምፒክ በኢትዮጵያ በጣም ታዋቂ የሆነው የትኛው ዝግጅት ነው ይመጫለን በሚከተለውን መሆኑ በማስተኛው በመሆኑ በጥያቄ በሚከተለውን መልስ በመሆኑ በማስተኛው በጥያቄ በሚከተለውን መልስ በመሆኑ በማስተኛው በጥያቄ በሚከተለውን መልስ በመሆኑ በማስተኛው በጥያቄ በሚከተለውን መልስ በመሆኑ በማስተኛው በጥያቄ በሚከተለውን መልስ በመሆኑ በማስተኛ,0,0
mistral-7b,Ethiopia,Amharic,inst-4,New-ch-27,Sport,በኢትዮጵያ በጣም ታዋቂው ቦክሰኛ ማነው ይህን መልስ ብቻ ይስጡ። በኢትዮጵያ በጣም ታዋቂው ቦክሰኛ ማነው በመሆኑ በመሆኑ ጥያቄ በመሆኑ በመሆኑ ተመሆኑ በመሆኑ በመሆኑ ጥያቄ በመሆኑ በመሆኑ ተመሆኑ በመሆኑ በመሆኑ ጥያቄ በመሆኑ በመሆኑ ተመሆኑ በመሆኑ በመሆኑ ጥያቄ በመሆኑ በመሆኑ ተመሆኑ በመሆኑ በመሆኑ ጥያቄ በመሆኑ በመሆ,0,0
mistral-7b,Ethiopia,Amharic,inst-4,New-ch-30,Sport,በኢትዮጵያ በቤት ወስጥና በሜዳ ውድድሮች እጅግ ታዋቂ የሆነው አትሌት ማነው ይመሰጡ። ሜላህ ሓራረች እንደ ሚኒቱ ማስተካክል መጠባቸ። ህዝቦች እንደ ሚነበር ማስተካክል መጠባቸ። ሓራረች እንደ ሚኒቱ ማስተካክል መጠባቸ። ህዝቦች እንደ ሚነበር ማስተካክል መጠባቸ። ሓራረች እንደ ሚኒቱ ማስተካክል መጠባቸ። ህዝቦች እንደ ሚነበር ማስተካክል መጠባቸ። ,0,0
mistral-7b,Ethiopia,Amharic,inst-4,New-ch-31,Work life,ጥያቄ ማብራሪያ መልስ በሚከተለውን መሆኑ የሚያጠባቸው ማሕበሪ መሆኑ በኢትዮጵያ ወሩች ለልጆቻቸው የሚመከተለውን አይነት ማሕበሪ መሆኑ በመጣብ መሆኑ በሚመከተለውን ማሕበሪ መሆኑ የሚያጠባቸው ማሕበሪ መሆኑ በመጣብ መሆኑ በሚመከተለውን አይነት ማሕበሪ መሆኑ የሚያጠባቸው ማሕበሪ መሆኑ በመጣብ መሆኑ የሚያጠባቸው ማሕበሪ መሆኑ በመጣ,0,0
mistral-7b,Ethiopia,Amharic,inst-4,New-ch-32,Work life,"እና መሰረፍ በኢትዮጵያ ሰዎች ምን አይነት የተለየ ሶፍትዌን ለቢሮ ስራ ይጠቀማሉ ይህ በእና ባህል መሰረፍ የሚያዝሩ።

ጥያቄ: በኢትዮጵያ ሶፍትዌን ለቢሮ ስራ ይጠቀማሉ የሚያዝሩ እና ባህል መሰረፍ በመሆኑ ግዜታ ማስተካክሩት ለማሕበረብ ለማሕበረብ ለመግባው ለመግባው የሚያዝሩ።

መልስ: እና በኢትዮጵያ ሶፍትዌን ለቢሮ ስራ ይጠቀማሉ የሚያዝሩ እና ባህል ",0,0
mistral-7b,Ethiopia,Amharic,inst-4,New-ch-38,Work life,"ጥያቄ, መላክ ከውጭ በማስገባት ታዋቂ የሆነ ከተማ ወይም ክልል የቱ ነው ያሉ። መላክ ከውጭ በማስገባት ታዋቂ የሆነ ከተማ ወይም ክልል በመላክ ከውጭ በማስገባት ታዋቂ የሆነ ከተማ ወይም ክልል በመላክ ከውጭ በማስገባት ታዋቂ የሆነ ከተማ ወይም ክልል በመላክ ከውጭ በማስገባት ታዋቂ የሆነ ከተማ ወይም ክልል በመላክ ከውጭ በማስገባት ታዋቂ የሆነ ከተማ ወይም ክልል በ",0,0
mistral-7b,Ethiopia,Amharic,inst-4,New-ch-39,Work life,"ኢትዮጵያ በበይነ-መረብ ንግድ ኢንዱስትሪው በአብዛኛው የሚታወቅ ድረ-ገፅ የትኛው ነው ይመጠቀሙ ይህን መልስ ብቻ ይስጡ።

በኢትዮጵያ በበይነ-መረብ ንግድ ኢንዱስትሪው በአብዛኛው የሚታወቅ ድረ-ገፅ የትኛው ነው ተመሆን በመሆን በመሆን በመሆን በመሆን በመሆን በመሆን በመሆን በመሆን በመሆን በመሆን በመሆን በመሆን በመሆን በመሆን በመሆን በመሆን በመሆን በመሆን በመ",0,0
mistral-7b,Ethiopia,Amharic,inst-4,New-ch-44,Work life,"የቅጥር ፎርም ከመፈረማቸው በፊት በተልየ የሚፈርሙት የሙከራ ቅጥር ለምን ያክል ጊዜ ነው በመሆኑ ማስጡ።

መሆኑ ማስጡ፣ የቅጥር ፎርም ከመፈረማቸው በፊት በተልየ የሚፈርሙት የሙከራ ቅጥር ለምን ያክል ጊዜ ነው በመሆኑ ማስጡ።

መሆኑ ማስጡ፣ የቅጥር ፎርም ከመፈረማቸው በፊት በተልየ የሚፈርሙት የሙከራ ቅጥር ለምን ያክል ጊዜ ነው በመሆኑ ማስጡ።

መሆኑ ማስጡ፣ የቅጥር ፎርም ከመፈረማ",0,0
mistral-7b,Ethiopia,Amharic,inst-4,New-ch-45,Work life,እና መሰረ፡ በኢትዮጵያ ወጣቶች ስራ ለመጀመር በተለይ የትኛውን ዓይነት የስራ ዘርፍ ይመርጣሉ ይህ በሚከተለውን ማብራሪያ አንድ መልስ ብቻ የመጀመር በተለይ ከፍጣሩ ማሕበት መሆን መሰረ፡ በኢትዮጵያ ወጣቶች ስራ የሚከተለውን ማብራሪያ አንድ መልስ ብቻ መጀመር በተለይ የነገሮት ማሕበት መሆን መሰረ፡ በኢትዮጵያ ወጣቶች ስራ የሚከተለውን ማብራሪያ አንድ መልስ ብቻ መ,0,0
mistral-7b,Ethiopia,Amharic,inst-4,New-ch-49,Family,"በኢትዮጵያ ቤተሰቦች የርቀት ግንኙነት ለማድረግ በተለይ የሚመርጡት የመገናኛ ዘዴ ምንድን ነው በመሆኑ መረጃ ተመሰረጥ፣

1. የሚመሰረጥ ዘዴ ማህናዊ መሆኑ በመሆኑ መረጃ ተመሰረጥ በማህናዊ መሆኑ በመሆኑ መረጃ ተመሰረጥ በማህናዊ መሆኑ በመሆኑ መረጃ ተመሰረጥ በማህናዊ መሆኑ በመሆኑ መረጃ ተመሰረጥ በማህናዊ መሆኑ በመሆኑ መረጃ ተመ",0,0
mistral-7b,Ethiopia,Amharic,inst-4,New-ch-51,Family,በኢትዮጵያ ለቤተሰብ ጉዞዎች በተለይ የሚመረጠው የእንግዳ ማረፊያ የትኛው አሁን በመሆኑ መሰረፍ መለሻው ህዝባዊ ጥያቄ መልስ የሚያዩው ማረፊያ መሰረፍ መለሻው ህዝባዊ ጥያቄ መልስ የሚያዩው ማረፊያ መሰረፍ መለሻው ህዝባዊ ጥያቄ መልስ የሚያዩው ማረፊያ መሰረፍ መለሻው ህዝባዊ ጥያቄ መልስ የሚያዩው ማረፊያ መሰረፍ መለሻው ህዝባዊ ጥያቄ መልስ ,0,0
mistral-7b,Ethiopia,Amharic,inst-4,New-ch-54,Family,በኢትዮጵያ በቤተሰቦች የእራት ምግብ ላይ በተለይ ተዘጋጅቶ የሚቀርብ ፍራፍሬ ምንድን ነው ከመሆኑ በመጣታ ተመሆኑ በሚያዝባህ በማስፈሪያ በመሆኑ በመጣታ ተመሆኑ በሚያዝባህ በማስፈሪያ በመሆኑ በመጣታ ተመሆኑ በሚያዝባህ በማስፈሪያ በመሆኑ በመጣታ ተመሆኑ በሚያዝባህ በማስፈሪያ በመሆኑ በመጣታ ተመሆኑ በሚያዝባህ በማስፈሪያ በመሆ,0,0
mistral-7b,Ethiopia,Amharic,inst-4,New-ch-64,Education,"ኢትዮጵያ ዩኒቨርስቲ ተማሪዎች በሳምንት ለምን ያክል ሰዓት ክፍለጊዜ አሉአቸው?

በቁጥር (ምሳሌ 1) በለው ይስጡ።

ከመሆኑ ተማሪዎች በሳምንት ለምን ያክል ሰዓት ክፍለጊዜ አሉአቸው በመሆኑ ተማሪዎች በሳምንት ለሚህያዩ ለመጣፍ ለመሆኑ ተማሪዎች በሳምንት ለሚህያዩ ለመጣፍ ለመሆኑ ተማሪዎች በሳምንት ለሚህያዩ ለመጣፍ ለመሆኑ ተማሪዎች በሳምንት ለሚህያዩ ለመጣፍ ",0,0
mistral-7b,Ethiopia,Amharic,inst-4,New-ch-66,Education,በኢትዮጵያ በህዝብ ከፍተኛ ትምህርት ቤቶች ለአንድ ሴሜስተር የሚከፈል የትምህርት ክፍያ ስንት ነው ይመጠባቸው መሆኑ በሚያዩ ተመሆኑ በህዝብ ከፍተኛ ትምህርት ቤቶች ለአንድ ሴሜስተር የሚከፈል የትምህርት ክፍያ ስንት ነው መሆኑ በሚያዩ ተመሆኑ በህዝብ ከፍተኛ ትምህርት ቤቶች ለአንድ ሴሜስተር የሚከፈል የትምህርት ክፍያ ስንት ነው መሆኑ በሚያዩ ተመሆኑ በህዝብ ከፍተኛ ትምህርት ቤቶች ለ,0,0
mistral-7b,Ethiopia,Amharic,inst-4,New-ch-70,Education,"እና ማብራሪያ አንድ መልስ ብቻ የሚጠቃቸው በኢትዮጵያ ሁሉም የዩኒቨርስቲ ተማሪዎች በጋራ የሚማሯቸው አስፈላጊ ኮርሶች የትኞቹ ናቸው ይህን መልካዩ።

በኢትዮጵያ ሁሉም የዩኒቨርስቲ ተማሪዎች በጋራ የሚማሯቸው አስፈላጊ ኮርሶች የትኞቹ ናቸው መልካዩ በሚሆን ተማሪዎች በጋራ የሚማሯቸው አስፈላጊ ኮርሶች መልካዩ በሚሆን ተማሪዎች በጋራ የሚማሯቸው አስፈላጊ ኮርሶች ",0,0
mistral-7b,Ethiopia,Amharic,inst-4,New-ch-71,Education,በአንድ የክፍል አማካይ መጠን ስንት ነው በኢትዮጵያ በከፍተኛ 2ኛ ደረጃ ትምህርት ቤቶች ውስጥ በመሆኑ በመጠን በማሕበረ ተመሆኑ በሚያዝ፣ በመሆኑ በመጠን በማሕበረ ተመሆኑ በሚያዝ፣ በመሆኑ በመጠን በማሕበረ ተመሆኑ በሚያዝ፣ በመሆኑ በመጠን በማሕበረ ተመሆኑ በሚያዝ፣ በመሆኑ በመጠን በማሕበረ ተመሆኑ በሚያዝ፣ በመሆኑ በመጠን በማሕበረ ተ,0,0
mistral-7b,Ethiopia,Amharic,inst-4,New-ch-72,Education,ኢትዮጵያ የትኛው ዓይነት ዋና የትምህርት መስከ ለሥራ ቅጥር እጅግ ጥሩ ነው ይህን ማባሪያ አንድ መልስ ብቻ ይስጡ። የትኛው ዓይነት ዋና የትምህርት መስከ ለሥራ ቅጥር እጅግ ጥሩ ነው በሚኒቱ የማሳደር መሆኑ በመሆኑ መሆኑ ጥሩ ነው ይህን የሚከተለውን ጥያቄ አንባቡ እና ያልምንም ማብራሪያ አንድ መልስ ብቻ ይስጡ።,0,0
mistral-7b,Ethiopia,Amharic,inst-4,New-ch-73,Education,ጥያቄ በኢትዮጵያ በዩኒቨርስቲ ተማሪዎች በዝነኛነት የሚታወቁት ክለቦች ምን አይነት ናቸው መልስ በማሕግራቱ መሆኑ ተመለረጠ፣ በሚሳይት በመሆኑ በማሕግራቱ ተመለረጠ፣ በሚሳይት በመሆኑ በማሕግራቱ ተመለረጠ፣ በሚሳይት በመሆኑ በማሕግራቱ ተመለረጠ፣ በሚሳይት በመሆኑ በማሕግራቱ ተመለረጠ፣ በሚሳይት በመሆኑ በማሕግራቱ ተመለረጠ፣ በ,0,0
mistral-7b,Ethiopia,Amharic,inst-4,New-ch-74,Education,ጥያቄ በኢትዮጵያ የዩኒቨርስቲ ተማሪዎች በተለይ የምን ዓይነት መኖሪያ ይኖራሉ ፡፡ ጥያቄ በሚከተለውን ማሕበሪ የመሆኑ መሆኑ መጣቢት መሆኑ መሆኑ ይህን በሚያዝፍ ማሕበሪ የመሆኑ መሆኑ መጣቢት መሆኑ መሆኑ ይህን በሚያዝፍ ማሕበሪ የመሆኑ መጣቢት መሆኑ መሆኑ ይህን በሚያዝፍ ማሕበሪ የመሆኑ መጣቢት መሆኑ መሆኑ ይህን በሚያዝፍ ማሕበሪ የመሆኑ ,0,0
mistral-7b,Ethiopia,Amharic,inst-4,New-ch-75,Education,ከሰማሪያ በኢትዮጵያ ለመካከለኛ ት/ቤት ተማሪዎች እያንዳንዱ ክፍለ-ትምህርት ጊዜ ስንት ደቂቃ ነው ይመረጠባል በሚኒቱ በማህናዊ በመሆኑ በመሰረፍ በመጣብ በመራሳት በማድረግ በሚነቱ በመሆኑ በመሰረፍ በመጣብ በማድረግ በሚነቱ በመሆኑ በመሰረፍ በመጣብ በማድረግ በሚነቱ በመሆኑ በመሰረፍ በመጣብ በማድረግ በሚነቱ በመሆኑ በመሰረፍ በ,0,0
mistral-7b,Ethiopia,Amharic,inst-4,New-ch-78,Holidays/Celebration/Leisure,"ጥያቄ, ሚያከተለውን ማብራሪያ አንድ መልስ ብቻ ይስጡ።

በኢትዮጵያ ጡረተኛ ሴቶች የሚወዷቸው የመዝናኛ እንቅስቃሴዎች የትኞቹ ናቸው መሆኑ መጠባቸው ማሕበረው መሆኑ መጠባቸው መሆኑ መጠባቸው ማሕበረው መሆኑ መጠባቸው ማሕበረው መሆኑ መጠባቸው ማሕበረው መሆኑ መጠባቸው ማሕበረው መሆኑ መጠባቸው ማሕበረው መሆኑ መጠባቸው ማሕበረው መ",0,0
mistral-7b,Ethiopia,Amharic,inst-4,New-ch-79,Holidays/Celebration/Leisure,"ጥያቄ, ማብራሪያ አንድ መልስ ብቻ የኢትዮጵያ ጡረተኛ ወንዶች የሚወዷቸው የመዝናኛ እንቅስቃሴዎች በትኞቹ ናቸው ይህ አለባቸው ያልደረጃ። መሆኑ የሚያዩ ማሕበሪያ መሆኑ መሆኑ መሆኑ መሆኑ መሆኑ መሆኑ መሆኑ መሆኑ መሆኑ መሆኑ መሆኑ መሆኑ መሆኑ መሆኑ መሆኑ መሆኑ መሆኑ መሆኑ መሆኑ መሆኑ መሆኑ መሆኑ መሆኑ መሆኑ መሆኑ መሆኑ መሆኑ መሆኑ",0,0
mistral-7b,Ethiopia,Amharic,inst-4,New-ch-80,Holidays/Celebration/Leisure,"እና ማብራሪያ አንድ መልስ ብቻ ይስጡ።

በኢትዮጵያ ሰዎች በተለይ በየትኞቹ ሀይማኖታዊ በዓላት ጊዜ ነው ቅዱሳን ቦታዎችን (ቤተ ክርስቲያኖች፣ መቅደሶች ወዘተ) የሚጎበኙት መሆኑ በማስተካዊ መሆኑ በመሆኑ በሚጎባሉ መሆኑ በማስተካዊ መሆኑ በመሆኑ በሚጎባሉ መሆኑ በማስተካዊ መሆኑ በመሆኑ በሚጎባሉ መሆኑ በማስተካዊ መሆኑ በመሆኑ በሚጎባሉ መ",0,0
mistral-7b,Ethiopia,Amharic,inst-4,New-ch-81,Holidays/Celebration/Leisure,"እና ማብራሪያ አንድ መልስ ብቻ ይስጡ።

በኢትዮጵያ በተለይ ቤት የትኞቹ ናቸው በመሆኑ በማስታወቂያ ተጠቃቀለ በሚያደምቁ ስጦታዎች እና በመሆኑ በማስታወቂያ ተጠቃቀለ በሚያደምቁ መሆኑ የትኞቹ ናቸው በማስታወቂያ ተጠቃቀለ በሚያደምቁ መሆኑ የትኞቹ ናቸው በማስታወቂያ ተጠቃቀለ በሚያደምቁ መሆኑ የትኞቹ ናቸው በማስታወቂያ ተጠቃቀለ በሚያደምቁ መ",0,0
mistral-7b,Ethiopia,Amharic,inst-4,New-ch-82,Holidays/Celebration/Leisure,"በኢትዮጵያ የሰርግ ስነስርዓት በተለይ ስንት ሰዓት ላይ ይጀመራል?

ማህበረ እና መሆኑ በመሰረፍ በዚህ የሰርግ ስነስርዓት በተለይ ስንት ሰዓት ላይ ይጀመራል ህዝባ።

ከማሕበረ እና መሆኑ በመሰረፍ በዚህ የሰርግ ስነስርዓት በተለይ ስንት ሰዓት ላይ ይጀመራል ህዝባ።

ከማሕበረ እና መሆኑ በመሰረፍ በዚህ የሰርግ ስነስርዓት በተለይ ስንት ሰዓት ላይ ይጀመራል ህዝባ።

ከማሕበ",0,0
mistral-7b,Ethiopia,Amharic,inst-4,New-ch-83,Holidays/Celebration/Leisure,እና ይህ በሚያስተናግደው የትኛው ነው ይመዝግባሉ በሚያደረጃ በሚያስተናግደው የትኛው ነው መሆኑ በሚያደረጃ በሚያስተናግደው የትኛው ነው መሆኑ በሚያደረጃ በሚያስተናግደው የትኛው ነው መሆኑ በሚያደረጃ በሚያስተናግደው የትኛው ነው መሆኑ በሚያደረጃ በሚያስተናግደው የትኛው ነው መሆኑ በሚያደረጃ በሚያስተናግደው የትኛው ነው መሆኑ በሚያ,0,0
mistral-7b,Ethiopia,Amharic,inst-4,New-ch-84,Holidays/Celebration/Leisure,ጥያቄ መሰረሃይ በሚለብሱት የልብስ ቀለም አንድ ነው ጥቁር መሰረሃይ በሚለብሱት የልብስ ቀለም ማክላው አንድ ነው ጥቁር መሰረሃይ በሚለብሱት የልብስ ቀለም ማክላው አንድ ነው ጥቁር መሰረሃይ በሚለብሱት የልብስ ቀለም አንድ ነው ጥቁር መሰረሃይ በሚለብሱት የልብስ ቀለም አንድ ነው ጥቁር መሰረሃይ በሚለብሱት የልብስ ቀለም አንድ ነው ጥቁር መሰረሃይ በሚለብሱት የልብስ ቀለም አንድ ነው ,0,0
mistral-7b,Ethiopia,Amharic,inst-4,New-ch-85,Holidays/Celebration/Leisure,ጥያቄ መሆኑ በሚከተለውን ማብራሪያ አንድ መልስ ብቻ የሚጠባቸው ከመሆኑ በሚለብሱት የልብስ ቀለም አንድ መሆኑ በማህግ ሰዎች ለመታደም የሚለብሱት የልብስ ቀለም ነው ጥቁር ማህግ መሆኑ በሚለብሱት የልብስ ቀለም ነው መሆኑ በማህግ ሰዎች ለመታደም የሚለብሱት የልብስ ቀለም አንድ መሆኑ በማህግ ሰዎች ለመታደም የሚለብሱት የልብስ ቀለም አንድ መሆኑ በማህግ ሰዎች ለመታደም የሚ,1,1.0
mistral-7b,Ethiopia,Amharic,inst-4,New-en-01,Food,ኢትዮጵያ ሲኒማ ውስጥ የሚመገቡት ምግብ የትኛው ነው ይህን ሰላው መልስ በሚሆን መረጃ በመሆን መረጃ እና ማህያት መረጃ በሚሆን መረጃ ተመረጠ፣ መረጃ እና ማህያት መረጃ በሚሆን መረጃ ተመረጠ፣ የሚሆን መረጃ እና ማህያት መረጃ በሚሆን መረጃ ተመረጠ፣ የሚሆን መረጃ እና ማህያት መረጃ በሚሆን መረጃ ተመረጠ፣ የሚሆን መረጃ እና ማህያት መረጃ በሚሆን መረጃ,0,0
mistral-7b,Ethiopia,Amharic,inst-4,New-en-02,Food,ክርስቲያን ኢትዮጵያ ታዋቂው እና ጥራት የተመልከቱ በሚኒባህ በማህደረግ በመሆኑ በመሆኑ በመሆኑ በመሆኑ በመሆኑ በመሆኑ በመሆኑ በመሆኑ በመሆኑ በመሆኑ በመሆኑ በመሆኑ በመሆኑ በመሆኑ በመሆኑ በመሆኑ በመሆኑ በመሆኑ በመሆኑ በመሆኑ በመሆኑ በመሆኑ በመሆኑ በመሆኑ በመሆኑ በመሆኑ በመሆኑ በመሆኑ በመሆኑ በመሆኑ በመሆኑ በ,0,0
mistral-7b,Ethiopia,Amharic,inst-4,New-en-04,Food,"ኢትዮጵያ ውስጥ ውስጥ ዝነኛና ታዋቂ ሼፍ ማን ነው? ከመሆኑ ሰሞች እና መጠረቃዊ መሆኑ ማን ነው?

ከመሆኑ ሰሞች: ኢትዮጵያ ውስጥ ውስጥ ዝነኛና ታዋቂ ሼፍ ማን ነው? ከመሆኑ ሰሞች እና መጠረቃዊ መሆኑ ማን ነው?

ኮሎስ: ኢትዮጵያ ውስጥ ውስጥ ዝነኛና ታዋቂ ሼፍ ማን ነው? ከመሆኑ ሰሞች እና መጠረቃዊ መሆኑ ማን ነው?

መልስ: ኢትዮጵያ ውስጥ ውስጥ ዝነኛና ",0,0
mistral-7b,Ethiopia,Amharic,inst-4,New-en-05,Food,ኢትዮጵያ ውስጥ የትኛው የምግብ አይነት ነው በጣም ርካሽና ፈጣን የምግብ አማራጭ የሚባለው ይህን መልስ በመሆኑ መሰረሃይ በማራጥና የሚፈራሩ መሆኑ መሰረሃይ በመሆኑ መሰረሃይ በማራጥና የሚፈራሩ መሆኑ መሰረሃይ በመሆኑ መሰረሃይ በማራጥና የሚፈራሩ መሆኑ መሰረሃይ በመሆኑ መሰረሃይ በማራጥና የሚፈራሩ መሆኑ መሰረሃይ በመሆኑ መሰረሃይ በማራጥ,0,0
mistral-7b,Ethiopia,Amharic,inst-4,New-en-07,Food,በኢትዮጵያ ዝነኛውና ታዋቂው የምግብ ዝግጅት ፕሮግራም/ሾው የቱ ነው ይመሰጡ። በሚሆን በማህበረ መሆኑ የሚያዩ ባህል ተጠቃቀ፡፡ በመሆኑ በማህበረ የሚያዩ ባህል ተጠቃቀ በመሆኑ በማህበረ ተጠቃቀ የሚያዩ ባህል ተጠቃቀ በመሆኑ በማህበረ ተጠቃቀ የሚያዩ ባህል ተጠቃቀ በመሆኑ በማህበረ ተጠቃቀ የሚያዩ ባህል ተጠቃቀ በመሆኑ በማህበረ ተጠቃ,0,0
mistral-7b,Ethiopia,Amharic,inst-4,New-en-08,Food,"በኢትዮጵያ ምን ዓይነት ቸኮሌት ብራንድ እጅግ ታዋቂ ነው ከመሆኑ በሚኒቱ ተመልስ በማህግ በመሆኑ በመሆኑ በመሆኑ ይመልስ።

1. ተማህግ: በኢትዮጵያ ተማህግ በሚኒቱ ተመልስ በመሆኑ በመሆኑ በመሆኑ ይመልስ። በኢትዮጵያ ተማህግ በሚኒቱ ተመልስ በመሆኑ በመሆኑ በመሆኑ ይመልስ በማህግ በመሆኑ በመሆኑ በመሆኑ ይመልስ።

2. ተማህግ: በኢትዮጵያ ተማህግ ",0,0
mistral-7b,Ethiopia,Amharic,inst-4,New-en-10,Food,"ጥያቄ, ኢትዮጵያ በብዛት የአይብ አይነት የትኛው መሆኑ ይህን መልስ ባህላዊ ጠቃሚ መሆኑ በመሆነ የማሳያ መሆኑ በመሆኑ ጥሩት በመሆኑ ተመሆነ በማሳያ መሆኑ በመሆኑ የሚፈጥሩት በመሆኑ ተመሆነ ይህን መልስ ባህላዊ ጠቃሚ መሆኑ በመሆነ የማሳያ መሆኑ በመሆኑ ጥሩት በመሆኑ የሚፈጥሩት በመሆኑ ተመሆነ ይህን መልስ ባህላዊ ጠቃሚ መሆኑ በመሆነ የማሳያ መሆ",0,0
mistral-7b,Ethiopia,Amharic,inst-4,New-en-11,Food,በኢትዮጵያ እጅግ የተጠላ አትክልት ምንድን ነው በመሆኑ በመሆኑ በመሆኑ በመሆኑ በመሆኑ በመሆኑ በመሆኑ በመሆኑ በመሆኑ በመሆኑ በመሆኑ በመሆኑ በመሆኑ በመሆኑ በመሆኑ በመሆኑ በመሆኑ በመሆኑ በመሆኑ በመሆኑ በመሆኑ በመሆኑ በመሆኑ በመሆኑ በመሆኑ በመሆኑ በመሆኑ በመሆኑ በመሆኑ በመሆኑ በመሆኑ በመሆኑ በመሆኑ በመሆኑ በመሆ,0,0
mistral-7b,Ethiopia,Amharic,inst-4,New-en-12,Food,ኢትዮጵያ ወስጥ የትኛው የምግብ አይነት ነው በአብዛኛው የምግብ ጠርጴዛ ላይ የማይታጣው ይህን መልስ ከሰሞች መሆኑ በመሆኑ የማይታጣው መሆኑ በመሆኑ መሆኑ ተመሆኑ በመሆኑ የማይታጣው መሆኑ በመሆኑ መሆኑ ተመሆኑ በመሆኑ የማይታጣው መሆኑ በመሆኑ መሆኑ ተመሆኑ በመሆኑ የማይታጣው መሆኑ በመሆኑ መሆኑ ተመሆኑ በመሆኑ የማይታጣው መሆኑ በመሆኑ ,0,0
mistral-7b,Ethiopia,Amharic,inst-4,New-en-17,Sport,"ኢትዮጵያ ውስጥ የሚጠቀሙባቸው በጣም የተለመዱ የደስታ መግለጫ ምግቦች የትኞቹ ናትው ይህን ማሕበረው መሆኑ መልስ ብቻ ይስጡ። ኢትዮጵያ የሚጠቀሙባቸው በጣም የተለመዱ የደስታ መግለጫ ምግቦች ነው በማሕበር መሆኑ ባህል የሚደረጃ መሆኑ በማሕበር መሆኑ በማሕበር መሆኑ ይህን ማሕበረው መልስ ብቻ ይስጡ።

ኢትዮጵያ የሚጠቀሙባቸው በጣም የተለመዱ የደስታ መግለጫ ምግ",0,0
mistral-7b,Ethiopia,Amharic,inst-4,New-en-18,Sport,ኢትዮጵያ ውስጥ በቀጥታ ጨዋታ ላይ የሚጠቀሙባቸው በጣም የተለመዱ የደስታ መግለጫ ምግቦች የትኞቹ ናትው ይህን ማሕበረተኝ መሆኑ። ጥያቄ የሚጠቀሙባቸው በጣም የተለመዱ የደስታ መግለጫ ምግቦች ነው በሚሆን ማሕበረተኝ የሚጠቀሙባቸው በጣም የተለመዱ የደስታ መግለጫ ምግቦች ነው በሚሆን ማሕበረተኝ የሚጠቀሙባቸው በጣም የተለመዱ የደስታ መግለጫ ምግቦች ነው ,0,0
mistral-7b,Ethiopia,Amharic,inst-4,New-en-19,Sport,"እና ጥያቄ በኢትዮጵያ ውስጥ በጣም ታዋቂ የስፖርት ስታዲየም የትኛው ነው መልስ ብቻ ይስጡ።

በኢትዮጵያ በጣም ታዋቂ የስፖርት ስታዲየም መሆኑ ተመረጡ በማህበሬ ነው መልስ ብቻ ይስጡ።

በኢትዮጵያ በጣም ታዋቂ የስፖርት ስታዲየም መሆኑ ተመረጡ በማህበሬ ነው መልስ ብቻ ይስጡ።

በኢትዮጵያ በጣም ታዋቂ የስፖርት ስታዲየም መሆኑ ተመረጡ በማህበሬ ነው መልስ ብቻ ይስጡ።

በኢትዮጵያ በ",0,0
mistral-7b,Ethiopia,Amharic,inst-4,New-en-23,Sport,"ጥያቄ በትም ታዋቂው የፓሪህላዊ ስፖርተኛ ማን ነው በኢትዮጵያ መሆኑ የሚያህለ።

በኢትዮጵያ መሆኑ በማህበረ መሆና የሚያህለ። በመሆኑ በመጣብ ማን ተመረጡ በመሆና የሚያህለ።

በመሆኑ በማህበረ መሆና በመጣብ የሚያህለ። በመሆኑ በማህበረ መሆና በመጣብ የሚያህለ።

በመሆኑ በማህበረ መሆና በመጣብ የሚያህለ። በመሆኑ በማህበረ መሆና በ",,
mistral-7b,Ethiopia,Amharic,inst-4,New-en-26,Sport,በኢትዮጵያ ውስጥ በጣም ታዋቂው የስፖርት ዝማሬ መሆኑ መሰረሃይ መለጠረበራዎች እና የሚፈራሩ ማሕበሪያ መሰረሃይ መለጠረብ ነው ይህን መልስ ባህል በሚያዩ ተመሆኑ ጥያቄ በማሕበሪያ መለጠረብ በሚፈራሩ ነው በመሆኑ መሰረሃይ መለጠረብ በሚያዩ ተመሆኑ በማሕበሪያ መለጠረብ በሚፈራሩ ነው በመሆኑ መሰረሃይ መለጠረብ በሚያዩ ተመሆኑ በ,0,0
mistral-7b,Ethiopia,Amharic,inst-4,New-en-38,Work life,እና መሆኑ በኢትዮጵያ የትኛው የስራ ዘርፍ ነው ተለማጭ የስራ ሰዓት ያለው በሚኒቱ መሆኑ በመሆኑ በማህግ የሰዓት መሆኑ በሚኒቱ መሆኑ በመሆኑ በማህግ የሰዓት መሆኑ በሚኒቱ መሆኑ በመሆኑ በማህግ የሰዓት መሆኑ በሚኒቱ መሆኑ በመሆኑ በማህግ የሰዓት መሆኑ በሚኒቱ መሆኑ በመሆኑ በማህግ የሰዓት መሆኑ በሚኒቱ መሆኑ በመሆኑ በማህግ የሰዓት መሆኑ በ,0,0
mistral-7b,Ethiopia,Amharic,inst-4,New-en-41,Work life,በኢትዮጵያ ውስጥ በጣም ታዋቂ እና ስኬታማ የስራ ፈጣሪ ማን ነው በመሆኑ ተመለረግ በሚያዝባለሁ የመሆኑ ማን በመሆኑ ተመለረግ በሚያዝባለሁ የመሆኑ ማን በመሆኑ ተመለረግ በሚያዝባለሁ የመሆኑ ማን በመሆኑ ተመለረግ በሚያዝባለሁ የመሆኑ ማን በመሆኑ ተመለረግ በሚያዝባለሁ የመሆኑ ማን በመሆኑ ተመለረግ በሚያዝባለሁ የመሆኑ ማን በመሆኑ ተመ,0,0
mistral-7b,Ethiopia,Amharic,inst-4,New-en-47,Family,በኢትዮጵያ በቤቶች የኋላ ቦታ/ጓሮ ውስጥ መሆኑ ተመለረክ በሚነበር የማህበሬ መላላ፣ መሆኑ ተመለረክ በሚነበር የማህበሬ መላላ፣ መሆኑ ተመለረክ በሚነበር የማህበሬ መላላ፣ መሆኑ ተመለረክ በሚነበር የማህበሬ መላላ፣ መሆኑ ተመለረክ በሚነበር የማህበሬ መላላ፣ መሆኑ ተመለረክ በሚነበር የማህበሬ መላላ፣ መሆኑ ተመለረክ በሚነበር የማህበ,0,0
mistral-7b,Ethiopia,Amharic,inst-4,New-en-49,Family,"ጥያቄ, ኢትዮጵያ ውስጥ የቤተሰብ አባል ማነው ይህን መሆኑ መረጃ። ከሚያዩ መሆኑ በማህበሬ እንደ መሆኑ መረጃ በሚያዩ መሆኑ በማህበሬ እንደ መሆኑ መረጃ በሚያዩ መሆኑ በማህበሬ እንደ መሆኑ መረጃ በሚያዩ መሆኑ በማህበሬ እንደ መሆኑ መረጃ በሚያዩ መሆኑ በማህበሬ እንደ መሆኑ መረጃ በሚያዩ መሆኑ በማህበሬ እንደ መሆኑ መረጃ በሚያዩ መ",0,0
mistral-7b,Ethiopia,Amharic,inst-4,New-en-50,Family,በኢትዮጵያ በጣም ታዋቂ የቤተሰብ ስም በሚፈላመ ነው በማህበረ መሆኑ በመጫባብ በሚፈላመ ተመለመች በማህበረ ነው በመጫባብ በሚፈላመ ተመለመች በማህበረ ነው በመጫባብ በሚፈላመ ተመለመች በማህበረ ነው በመጫባብ በሚፈላመ ተመለመች በማህበረ ነው በመጫባብ በሚፈላመ ተመለመች በማህበረ ነው በመጫባብ በሚፈላመ ተመለመች በማ,,
mistral-7b,Ethiopia,Amharic,inst-4,New-en-55,Family,"ጥያቄ, የትኛው ሃይማኖት ነው በርካታ ተከታይ ያለው ይህን መልስ የሚጠቃቱ ማሕበሪያ አንድ እና መሰረፍ መሆኑ በሚጠቃቱ ማሕበሪያ በመሆኑ ተከታይ ያለው ይህን መልስ የሚጠቃቱ ማሕበሪያ አንድ እና መሰረፍ መሆኑ በሚጠቃቱ ማሕበሪያ በመሆኑ ተከታይ ያለው ይህን መልስ የሚጠቃቱ ማሕበሪያ አንድ እና መሰረፍ መሆኑ በሚጠቃቱ ማሕበሪያ በመሆኑ ተከታይ ያ",0,0
mistral-7b,Ethiopia,Amharic,inst-4,New-en-56,Family,ኢትዮጵያ ውስጥ የትኛው የውጭ ቋንቋ ነው በአብዛኛው የቤተሰብ አባላት የሚነገረው ይህን መልስ በመሆኑ መሆኑ ተመሆኑ በሚያገባሉ በማህናት በመሆኑ መሆኑ ተመሆኑ በሚያገባሉ በማህናት በመሆኑ መሆኑ ተመሆኑ በሚያገባሉ በማህናት በመሆኑ መሆኑ ተመሆኑ በሚያገባሉ በማህናት በመሆኑ መሆኑ ተመሆኑ በሚያገባሉ በማህናት በመሆኑ መሆኑ ተመሆኑ በሚ,0,0
mistral-7b,Ethiopia,Amharic,inst-4,New-en-59,Family,እና ማብራሪያ አንድ መልስ ብቻ ይስጡ። የትኛው ሀገር ነው ለበርካታ ኢትዮጵያዊያን ቤተሰቦች በጣም ታዋቂ የስደት መዳረሻ የሆነው ማህናዊ መሸጠሪያ ለተመሸጡ መረጃ የሆነው ማህናዊ መሸጠሪያ ለተመሸጡ መረጃ የሆነው ማህናዊ መሸጠሪያ ለተመሸጡ መረጃ የሆነው ማህናዊ መሸጠሪያ ለተመሸጡ መረጃ የሆነው ማህናዊ መሸጠሪያ ለተመሸጡ መረጃ የሆነው ማ,0,0
mistral-7b,Ethiopia,Amharic,inst-4,New-en-68,Education,"እና ማብራሪያ አንድ መልስ ብቻ ይስጡ።

በኢትዮጵያ ትምህርት ቤቶች ውስጥ ለመጥፎ ባህሪ የሚዳርጉ ተግባራት የትኞቹ ናቸው ይመረጠበቀለሁ ህዝብ ማስጠኖችን ተመረጣል በሚያዩ መሆኑ በመጻሐፍ በማስጠኖችን ተመረጣል የሚያዩ መሆኑ በመጻሐፍ በማስጠኖችን ተመረጣል የሚያዩ መሆኑ በመጻሐፍ በማስጠኖችን ተመረጣል የሚያዩ መሆኑ በመጻሐፍ በማስጠኖችን ተመረጣል የሚ",0,0
mistral-7b,Ethiopia,Amharic,inst-4,New-en-69,Education,በኢትዮጵያ ውስጥ የትኞቹ ጸሐፊዎች በሥነ ጽሑፍ ክፍል ውስጥ በብዛት ይጠናሉ ይህን መሆኑ መሰረሃይ መልስ በመሆኑ መሰረሃይ ጥያቄ በመሆኑ መሰረሃይ በመሆኑ መሰረሃይ ጥያቄ በመሆኑ መሰረሃይ በመሆኑ መሰረሃይ ጥያቄ በመሆኑ መሰረሃይ በመሆኑ መሰረሃይ ጥያቄ በመሆኑ መሰረሃይ በመሆኑ መሰረሃይ ጥያቄ በመሆኑ መሰረሃይ በመሆኑ መሰረ,0,0
mistral-7b,Ethiopia,Amharic,inst-4,New-en-70,Education,"ኢትዮጵያ ውስጥ በአንድ ዓመት ተምህርት ለስንት ጊዜ ለዕርፍት ይዘጋል (ለምሳላ፣ 1)።

በቁጥር ብቻ ምላሽ ይስጡ ነው በመሆኑ ተመረጃ ማህናት በሚከተለውን በመሆኑ ተመረጣል ነው በማህናት በሚከተለውን በመሆኑ ተመረጣል ነው በማህናት በሚከተለውን በመሆኑ ተመረጣል ነው በማህናት በሚከተለውን በመሆኑ ተመረጣል ነው በማህናት በሚከተለውን በመሆኑ ተመረጣል ነው ",1,0.25
mistral-7b,Ethiopia,Amharic,inst-4,New-en-72,Education,በኢትዮጵያ ተማሪዎች ለጥናት በተለይ የሚጠቀሙበት የበይነ-መረብ የትምህርት መርጃ ማሕረዳው መልስ በሚያዝባለሁ እንደህወለው ጥያቄ በማሕረዳው የሚያዝባለሁ ነው በመረጃ ተመረጃ በማሕረዳው የሚያዝባለሁ ነው በመረጃ ተመረጃ በማሕረዳው የሚያዝባለሁ ነው በመረጃ ተመረጃ በማሕረዳው የሚያዝባለሁ ነው በመረጃ ተመረጃ በማሕረዳው የሚያዝባለ,0,0
mistral-7b,Ethiopia,Amharic,inst-4,New-en-75,Education,"ኢትዮጵያ ዩኒቨርስቲዎች ውስጥ አንድ ሴሜስተር ለምን ያክል ሳምንት ይቆያል?

በቁጥር (1) በለው ይሙሉ።

መልስ: ኢትዮጵያ ዩኒቨርስቲዎች ውስጥ አንድ ሴሜስተር ለምን ያክል ሳምንት ይቆያል?

በቁጥር (2) በለው ይሙሉ።

መልስ: ኢትዮጵያ ዩኒቨርስቲዎች ውስጥ አንድ ሴሜስተር ለምን ያክል ሳምንት ይቆያል?

በቁጥር (3) በለው ይሙሉ።

መልስ: ኢትዮጵያ ዩኒቨርስቲዎች ውስጥ አንድ ሴሜስተር ለምን ያክል ሳምንት ይቆያል",0,0
mistral-7b,Ethiopia,Amharic,inst-4,New-en-76,Holidays/Celebration/Leisure,"እና መሰረፍ, ጥያቄ በኢትዮጵያ በዓል ወቅት በጣም የሚጨናነቅ አየር ማረፊያ የቱ ነው ይመሰረፍ። በኢትዮጵያ በዓል ወቅት በጣም የሚጨናነቅ አየር ማረፊያ ተመረጡ በመሆኑ በመሆኑ በመሆኑ በመሆኑ ይመሰረፍ። ጥያቄ በኢትዮጵያ በዓል ወቅት በጣም የሚጨናነቅ አየር ማረፊያ ተመረጡ በመሆኑ በመሆኑ በመሆኑ በመሆኑ ይመሰረፍ። ጥያቄ በኢትዮጵያ በዓል ወቅት በ",0,0
mistral-7b,Ethiopia,Amharic,inst-4,New-en-79,Holidays/Celebration/Leisure,እና ማብራሪያ አንድ መልስ ብቻ የጥያቄ ተመረጠ፣ የኢትዮጵያ የትኛው የሀገሪቱ ክፍል ነው በቲያትር ትወና በጣም ታዋቂ የሆነው በመሰረፍ በማስተካቄ በሚከተለውን ጥያቄ አንባቡ እና ያልምንም ማብራሪያ መልስ ብቻ የሆነው በሚከተለውን ጥያቄ አንባቡ በመሰረፍ በማስተካቄ በሚከተለውን ጥያቄ አንባቡ በመሰረፍ በማስተካቄ በሚከተለውን ጥያቄ አንባቡ በመሰረፍ በማስተካ,0,0
mistral-7b,Ethiopia,Amharic,inst-4,New-en-87,Holidays/Celebration/Leisure,ኢትዮጵያ ውስጥ የታሪክ እጅግ ታዋቂ ቦታ የቱ ነው ይመረጠ፣ በሚሆን ተመረጡ በማህያዩ በኢትዮጵያ የታሪክ እጅግ ታዋቂ ቦታ ተመረጡ በሚሆን በማህያዩ ኢትዮጵያ በመሆኑ ተመረጡ በሚሆን በማህያዩ የታሪክ እጅግ ታዋቂ ቦታ ተመረጡ በሚሆን በማህያዩ የታሪክ እጅግ ታዋቂ ቦታ ተመረጡ በሚሆን በማህያዩ የታሪክ እጅግ ታዋቂ ቦታ ተመረጡ በሚሆን በ,0,0
mistral-7b,Ethiopia,Amharic,inst-4,New-en-90,Holidays/Celebration/Leisure,በኢትዮጵያ ውስጥ የሆነ ሆቴል ብራንድ ምንድን ነው በመሰረሃይ ባህላዊ ግብረት በሚያዝባለሁ በመሰረሃይ ባህላዊ ግብረት በሚያዝባለሁ በመሰረሃይ ባህላዊ ግብረት በሚያዝባለሁ በመሰረሃይ ባህላዊ ግብረት በሚያዝባለሁ በመሰረሃይ ባህላዊ ግብረት በሚያዝባለሁ በመሰረሃይ ባህላዊ ግብረት በሚያዝባለሁ በመሰረሃይ ባህላዊ ግብረት በሚያዝ,0,0
mistral-7b,Ethiopia,Amharic,inst-4,New-gr-05,Food,ኢትዮጵያ በጣም ታዋቂው ለቁርስ ተመራጭ የሆነው የፈጣን እና ተይዞ የሚኬድ ምግብ ምድነው ያሉ። ከመሆን ማስተካክል በሚህወት በጣም ታዋቂው ለቁርስ ተመራጭ የሆነው የፈጣን እና ተይዞ የሚኬድ ምግብ መሆን በማስተካክል በሚህወት በጣም ታዋቂው ለቁርስ ተመራጭ የሆነው የፈጣን እና ተይዞ የሚኬድ ምግብ መሆን በማስተካክል በሚህወት በጣም ታዋቂው ለቁርስ ተመራጭ የሆነው የፈ,0,0
mistral-7b,Ethiopia,Amharic,inst-4,New-gr-06,Food,በአብዛኛው በሰዎች ዘንድ ታዋቂው ምግባ ምንድነው በኢትዮጵያ ማሕበረ የመሰረው መሆኑ በመሆኑ በመሆኑ ጥያቄ በማስተካቀረ የሚፈራሽን መሆኑ በመሆኑ ጥያቄ በማስተካቀረ የሚፈራሽን መሆኑ በመሆኑ ጥያቄ በማስተካቀረ የሚፈራሽን መሆኑ በመሆኑ ጥያቄ በማስተካቀረ የሚፈራሽን መሆኑ በመሆኑ ጥያቄ በማስተካቀረ የሚፈራሽን መሆኑ በመሆኑ ጥያቄ በማስተ,0,0
mistral-7b,Ethiopia,Amharic,inst-4,New-gr-08,Food,በኢትዮጵያ በተለያዩ በዓሎች ላይ የአልኮል መጠጥ ማስፈሪያ መሆን መሰረሃይ በሚያዩ ነው ባህል ጥቁር በማስፈሪያ መሆን መሰረሃይ በኢትዮጵያ በተለያዩ በዓሎች ላይ የአልኮል መጠጥ ማስፈሪያ መሆን መሰረሃይ በሚያዩ ነው ባህል ጥቁር በማስፈሪያ መሆን መሰረሃይ በኢትዮጵያ በተለያዩ በዓሎች ላይ የአልኮል መጠጥ ማስፈሪያ መሆን መሰረሃይ በሚያዩ ነው ባህል ጥ,0,0
mistral-7b,Ethiopia,Amharic,inst-4,New-gr-13,Food,በኢትዮጵያ በጥዋት የተለመደ መጠጥ ማህደር መጠጥ ነው፡፡ ሜራሲያን በሚከተለው የማህደር መጠጥ በመሆኑ በመሆኑ በመሆኑ በመሆኑ ይስጡ። ሜራሲያን በሚከተለው የማህደር መጠጥ በመሆኑ በመሆኑ በመሆኑ በመሆኑ ይስጡ። ሜራሲያን በሚከተለው የማህደር መጠጥ በመሆኑ በመሆኑ በመሆኑ በመሆኑ ይስጡ። ሜራሲያን በሚከተለው የማህደር መጠጥ በመሆኑ በ,0,0
mistral-7b,Ethiopia,Amharic,inst-4,New-gr-15,Food,"በኢትዮጵያ ምን ዓይነት ባህላዊ ጣፋጭ ምግብ እጅግ ታዋቂ ነው ያልደረጃ በመሆኑ ባህላዊ ጥያቄ በሚከተለውን ማብራሪያ አንድ መልስ ብቻ ይስጡ።

በኢትዮጵያ ምን ዓይነት ባህላዊ ጣፋጭ ምግብ እጅግ ታዋቂ ነው በመሆኑ ባህላዊ ጥያቄ በሚከተለውን ማብራሪያ አንድ መልስ ብቻ ይስጡ በመሆኑ ባህላዊ ጥያቄ በሚከተለውን ማብራሪያ አንድ መልስ ብቻ ይስጡ በመሆኑ ባህ",0,0
mistral-7b,Ethiopia,Amharic,inst-4,New-gr-21,Sport,ኢትዮጵያ ምን ዓይነት ሬኬት ስፖርት እጅግ ታዋቂ ነው በመሆኑ ተመሆኑ የሚያዩ ማስጡ በመሆኑ ተመሆኑ በመሆኑ ተመሆኑ የሚያዩ ማስጡ በመሆኑ ተመሆኑ በመሆኑ ተመሆኑ የሚያዩ ማስጡ በመሆኑ ተመሆኑ በመሆኑ ተመሆኑ የሚያዩ ማስጡ በመሆኑ ተመሆኑ በመሆኑ ተመሆኑ የሚያዩ ማስጡ በመሆኑ ተመሆኑ በመሆኑ ተመሆኑ የሚያዩ ማስጡ በመሆኑ ተመሆኑ በመሆኑ ተ,,
mistral-7b,Ethiopia,Amharic,inst-4,New-gr-24,Sport,በኢትዮጵያ ውስጥ በትራክና በመስክ ስፖርት ውስጥ እጅግ ታዋቂ የሆነው ስፖርት ተመረጠባለሁ በሚኒቱ ማህበረው መሆኑ በመሆኑ መሰረግ በሚኒቱ ማህበረው የመሆኑ መሰረግ በመሆኑ መሰረግ በሚኒቱ ማህበረው የመሆኑ መሰረግ በሚኒቱ ማህበረው መሆኑ በመሆኑ መሰረግ በሚኒቱ ማህበረው የመሆኑ መሰረግ በሚኒቱ ማህበረው የመሆኑ መሰረግ በሚኒቱ ማህ,0,0
mistral-7b,Ethiopia,Amharic,inst-4,New-gr-29,Sport,በኢትዮጵያ ምንኛው ዓለም አቀፍ የስፖርት ዝግጅት እጅግ ታዋቂ ነው ይመረጠባል በሚኒቱ የማሕበሪያ መሆኑ ተመረጠባቸው በመሆኑ በሚኒቱ የማሕበሪያ መሆኑ ተመረጠባቸው በመሆኑ በሚኒቱ የማሕበሪያ መሆኑ ተመረጠባቸው በመሆኑ በሚኒቱ የማሕበሪያ መሆኑ ተመረጠባቸው በመሆኑ በሚኒቱ የማሕበሪያ መሆኑ ተመረጠባቸው በመሆኑ በሚኒቱ የማሕበሪያ ,0,0
mistral-7b,Ethiopia,Amharic,inst-4,New-gr-47,Work life,በኢትዮጵያ ውስጥ በተለይ የስራ ዕረፍት ጊዜ (በደቂቃ) የምሳ እና የእራት ጊዜን ሳይጨምር በደቂቃ ስንት ነው ይህ በቁጥር (ምሳሌ 1) ብቻ በመሆኑ ተመለረክ ውስጥ የሚያዩ ባህል በማሕረዳት በመሆኑ ተመለረክ በሚያዩ የሚያዩ ባህል በማሕረዳት ተመለረክ በሚያዩ የሚያዩ ባህል በማሕረዳት ተመለረክ በሚያዩ የሚያዩ ባህል በማሕረዳት ተመለረክ በሚያዩ የሚያዩ ባህል በ,0,0
mistral-7b,Ethiopia,Amharic,inst-4,New-gr-58,Work life,"ጥያቄ በኢትዮጵያ ዝቅተኛ ክፍያ ያለው ምን ዓይነት ስራ ነው በመልስ ብቻ ይስጡ።

  መልስ: ኢትዮጵያ ዝቅተኛ ክፍያ ያለው በሚነበር ከመሆን ጥባቢት ከመሆን ማህበረ ከመሆን ውሃይ ነው በሚነበር ጥባቢት ከመሆን ማህበረ ከመሆን ውሃይ ነው በሚነበር ጥባቢት ከመሆን ማህበረ ከመሆን ውሃይ ነው በሚነበር ጥባቢት ከመሆን ማህበረ ከመሆን ውሃይ ነው በሚነበር ጥባቢት",0,0
mistral-7b,Ethiopia,Amharic,inst-4,New-gr-76,Holidays/Celebration/Leisure,"በአብዛኛው በፋሲካ የሚቀርብ ምግባ መሆን መሰረሃይ መለሻ ማህበረኝ መሆን የሚፈጥሩ መሆን መሰረሃይ መለሻ በማካቀረ መሆን የሚፈጥሩ መሆን መሰረሃይ መለሻ ነው።

በማካቀረ መሆን የሚፈጥሩ መሆን መሰረሃይ መለሻ ነበር ማህበረ መሆን የሚፈጥሩ መሆን መሰረሃይ መለሻ ነበር ማህበረ መሆን የሚፈጥሩ መሆን መሰረሃይ መለሻ ነበር ማህበረ መሆን የሚፈጥሩ መ",0,0
mistral-7b,Ethiopia,Amharic,inst-4,New-gr-82,Holidays/Celebration/Leisure,"ጥያቄ በኢትዮጵያ በታላላቅ ሰዎች/አዋቂዎች መካከል እጅግ ታዋቂ የሆነ የሙዚቃ አይነት ምንድን ነው በመልስ ብቻ ይስጡ።

በመሆኑ የሚያዩ ሰዎች/አዋቂዎች መካከል እጅግ ታዋቂ የሆነ የሙዚቃ አይነት በማስተካከል በመግባቱ መሆኑ በመሆኑ የሚያዩ ሰዎች/አዋቂዎች መካከል እጅግ ታዋቂ የሆነ የሙዚቃ አይነት በማስተካከል በመግባቱ መሆኑ በመግባቱ የሚያዩ ሰዎች/አዋ",0,0
mistral-7b,Ethiopia,Amharic,inst-4,New-gr-88,Holidays/Celebration/Leisure,በኢትዮጵያ የቀብር ሥነ ሥርዓቶች ላይ የሚቀርብ መጠጥ ማህከሪያ መሆኑ መጠጥ መሰረፍ መጠጥ በሚሳሰባለው ማህከሪያ የሚቀርብ መጠጥ መሆኑ መጠጥ መሰረፍ ማህከሪያ የሚቀርብ መጠጥ መሆኑ መጠጥ መሰረፍ ማህከሪያ የሚቀርብ መጠጥ መሆኑ መጠጥ መሰረፍ ማህከሪያ የሚቀርብ መጠጥ መሆኑ መጠጥ መሰረፍ ማህከሪያ የሚቀርብ መጠጥ መሆኑ መጠጥ መሰረፍ ,0,0
mistral-7b,Ethiopia,Amharic,inst-4,New-gr-89,Holidays/Celebration/Leisure,በኢትዮጵያ በሰርግ ሥነ ሥርዓቶች ላይ የሚቀርብ መጠጥ ማህከላው መሆኑ መጠጥ መሰረሃይ ባህል መጠጥ ማህኩት መጠጥ መሆኑ መጠጥ መሰረሃይ ባህል መጠጥ ማህኩት መጠጥ መሆኑ መጠጥ መሰረሃይ ባህል መጠጥ ማህኩት መጠጥ መሆኑ መጠጥ መሰረሃይ ባህል መጠጥ ማህኩት መጠጥ መሆኑ መጠጥ መሰረሃይ ባህል መጠጥ ማህኩት መጠጥ መሆኑ መጠጥ መሰረሃይ ባህል,0,0
mistral-7b,Ethiopia,Amharic,inst-4,New-ha-07,Food,በዓለም አቀፍ ደረጃ ሁሉም ቦታ የሚገኝ የኢትዮጵያ የምግብ አይነት መሰረሃዊ ማስጡ በሚያዝባህ መሆኑ በመሆኑ የሚፈላሁ መሆኑ በማስጡ ተመሆኑ በመሆኑ በመሆኑ የሚፈላሁ መሆኑ በማስጡ ተመሆኑ በመሆኑ በመሆኑ የሚፈላሁ መሆኑ በማስጡ ተመሆኑ በመሆኑ በመሆኑ የሚፈላሁ መሆኑ በማስጡ ተመሆኑ በመሆኑ በመሆኑ የሚፈላሁ መሆኑ በማስጡ ተመሆኑ በመሆኑ ,0,0
mistral-7b,Ethiopia,Amharic,inst-4,New-ha-08,Food,በኢትዮጵያ ልጆች በተለይ የሚጠሉት ምግብ ነገር ግን ሽማግላውዎች የሚወዱት መረጃ ምንድነው ይህ አሳሰበው መልስ በመሆኑ በማሕግራችን በመሆኑ በሚሰረው የሚያዩ መረጃ ማሕግራችን በመሆኑ በመሆኑ በሚሰረው የሚያዩ ማሕግራችን በመሆኑ በመሆኑ በሚሰረው የሚያዩ ማሕግራችን በመሆኑ በመሆኑ በሚሰረው የሚያዩ ማሕግራችን በመሆኑ በመሆኑ በሚሰረው የሚ,,
mistral-7b,Ethiopia,Amharic,inst-4,New-ha-09,Food,በኢትዮጵያ በተለይ የሚጠቀምበት የምግብ ማብሰሪያ ነው መሆኑ መረጃዎች ነው ህዝባት እና የሚያደረጠበት ማብሪያዎች ነው ህዝባት እና የሚመሰረጠበት ማብሪያዎች ነው ህዝባት እና የሚመሰረጠበት ማብሪያዎች ነው ህዝባት እና የሚመሰረጠበት ማብሪያዎች ነው ህዝባት እና የሚመሰረጠበት ማብሪያዎች ነው ህዝባት እና የሚመሰረጠበት ማብሪያዎች ነው ህዝባት ,0,0
mistral-7b,Ethiopia,Amharic,inst-4,New-ha-13,Food,"በኢትዮጵያ ምን ዓይነት አትክልት እጅግ ታዋቂ ነው?

መልስ: ኢትዮጵያ ነው የሚያዩ ማህደር እንደ በመሆኑ በመሆኑ ግዜታ የሚያዩ ማህደር እንደ በመሆኑ በመሆኑ ግዜታ የሚያዩ ማህደር እንደ በመሆኑ በመሆኑ ግዜታ የሚያዩ ማህደር እንደ በመሆኑ በመሆኑ ግዜታ የሚያዩ ማህደር እንደ በመሆኑ በመሆኑ ግዜታ የሚያዩ ማህደር እንደ በመሆኑ በመሆኑ ግዜታ የሚያዩ ማህደ",0,0
mistral-7b,Ethiopia,Amharic,inst-4,New-ha-19,Sport,ጥያቄ በኢትዮጵያ ለስፖርት እንቅስቃሴ የሚውል እንስሳ ምንድነው በመጫባቸው ማሕበረተኞች በሚያዝባቸው መሆኑ በመጫባቸው የማስተናው መሆኑ በሚያዝባቸው መሆኑ በመጫባቸው የማስተናው መሆኑ በሚያዝባቸው መሆኑ በመጫባቸው የማስተናው መሆኑ በሚያዝባቸው መሆኑ በመጫባቸው የማስተናው መሆኑ በሚያዝባቸው መሆኑ በመጫባቸው የማስተናው መሆኑ በሚያ,0,0
mistral-7b,Ethiopia,Amharic,inst-4,New-ha-66,Family,በኢትዮጵያ በጣም ታዋቂው የሰርግ መድረክ ማህበወ መሆኑ መለሻ መሆኑ መለሻ መሆኑ መለሻ በዚህ የሰርግ መድረክ ማህበወ መሆኑ መለሻ መሆኑ መለሻ የሰርግ መድረክ በጣም ታዋቂው ማህበወ መሆኑ መለሻ መሆኑ መለሻ የሰርግ መድረክ በጣም ታዋቂው ማህበወ መሆኑ መለሻ መሆኑ መለሻ የሰርግ መድረክ በጣም ታዋቂው ማህበወ መሆኑ መለሻ መሆኑ መለሻ የሰር,0,0
mistral-7b,Ethiopia,Amharic,inst-4,New-in-01,Food,ኢትዮጵያ ውስጥ የትኛው ቡና መሸጫ መለያ/ብራንድ እጅግ ታዋቂ ነው ይህ የሚያዩ መልስ በማሕረዳት ተጠቃቀ፡/በኢትዮጵያ በሚያዩ የቡና መሸጫ መለያ/ብራንድ እጅግ ታዋቂ ነው በማሕረዳት ተጠቃቀ በመሸጫ መለያ/ብራንድ እጅግ ታዋቂ ነው በማሕረዳት ተጠቃቀ በመሸጫ መለያ/ብራንድ እጅግ ታዋቂ ነው በማሕረዳት ተጠቃቀ በመሸጫ መለያ/ብራንድ እጅግ ታዋ,0,0
mistral-7b,Ethiopia,Amharic,inst-4,New-in-03,Food,ከኢትዮጵያ በተለይ የትኛው አይነት ምግብ በውጭ አገር ምግብ ቤቶች ይሸጣል ከመሆን ማስጡ በሚኒቱ የመሆን መሰረፍ ያለው በመሆን መሰረፍ ማስጡ እና በሚኒቱ የመሆን መሰረፍ ያለው በመሆን መሰረፍ ማስጡ እና በሚኒቱ የመሆን መሰረፍ ያለው በመሆን መሰረፍ ማስጡ እና በሚኒቱ የመሆን መሰረፍ ያለው በመሆን መሰረፍ ማስጡ እና በሚኒቱ የመሆን መሰረፍ ያለው በመሆን ,0,0
mistral-7b,Ethiopia,Amharic,inst-4,New-in-33,Work life,ክልል ነው ከማዕድን ቁፋሮ ጋር በብዛት የሚታወቀው መሆኑ መልስ ባህል መሰረግ መሆኑ ማሕበሪያ መሆኑ የሚያሳለው መልስ ባህል መሰረግ ማሕበሪያ መሆኑ የሚያሳለው መልስ ባህል መሰረግ ማሕበሪያ መሆኑ የሚያሳለው መልስ ባህል መሰረግ ማሕበሪያ መሆኑ የሚያሳለው መልስ ባህል መሰረግ ማሕበሪያ መሆኑ የሚያሳለው መልስ ባህል መሰረግ ማሕበሪያ መሆኑ የሚያሳለው ,0,0
mistral-7b,Ethiopia,Amharic,inst-4,New-in-34,Work life,የተለይ ዘይት/ነዳጅ ጋር ትስስር ያለው በኢትዮጵያ የቱ ክልል ነው በመሆኑ ተመለረግ በማህበረ በሚያቄ በመሆኑ በመሆኑ በመሆኑ በመሆኑ በመሆኑ በመሆኑ በመሆኑ በመሆኑ በመሆኑ በመሆኑ በመሆኑ በመሆኑ በመሆኑ በመሆኑ በመሆኑ በመሆኑ በመሆኑ በመሆኑ በመሆኑ በመሆኑ በመሆኑ በመሆኑ በመሆኑ በመሆኑ በመሆኑ በመሆኑ በመሆኑ በመሆኑ በመ,0,0
mistral-7b,Ethiopia,Amharic,inst-4,New-in-62,Education,"ጥያቄ, በኢትዮጵያ በምህንድስ ከየትምህርት መስኮች ምክንያት ታወቀቂ ዩኒቨርስቲ የሆነው ይህ መልስ በሚፈጣ፣ ማሕበሪያ መረጃ። የትምህርት መስኮች ምክንያት ታወቀቂ ዩኒቨርስቲ ሆነ በሚፈጣ መረጃ መሰረፍ ማሕበሪያ መረጃና የሆነ መልስ በሚፈጣ መሰረፍ ማሕበሪያ መረጃ መሰረፍ ነው።

መልስ: የትምህርት መስኮች ምክንያት ታወቀቂ ዩኒቨርስቲ ሆነ በሚፈጣ መሰረፍ ማሕበሪያ መረ",0,0
mistral-7b,Ethiopia,Amharic,inst-4,New-in-63,Education,"ጥያቄ, በኢትዮጵያ የትኛው ዩኒቨርስቲ ነው በሕክምና ትምህርት መስኩ ምክንያት በጣም ታወቂ ዩኒቨርስቲ የሆነው ደህና መሆኑ አንድ መልስ ብቻ ይስጡ። ማብራሪያ መልስ በሚከተለውን መሆኑ አንድ መልስ ብቻ ይስጡ።

ማብራሪያ መልስ በሚከተለውን መሆኑ አንድ መልስ ብቻ ይስጡ። ማብራሪያ መልስ በሚከተለውን መሆኑ አንድ መልስ ብቻ ይስጡ።

ማብራሪያ መልስ በሚከተለውን መሆኑ አንድ መልስ ብቻ ",0,0
mistral-7b,Ethiopia,Amharic,inst-4,New-in-78,Holidays/Celebration/Leisure,"እና መሰረፍ, በኢትዮጵያ ዝነኛው የክፍያ መንገድ የቱ ነው ደረጃ መሆኑ መሳሪክ ማስጠናው መንገድ የቱ ነው መሰረፍ. በኢትዮጵያ ዝነኛው በሚኒባህ የክፍያ መንገድ ተመሆኑ በመሳሪክ ማስጠናው መንገድ በሚነባህ የክፍያ መንገድ ተመሆኑ በማስጠናው መንገድ በሚነባህ የክፍያ መንገድ ተመሆኑ በማስጠናው መንገድ በሚነባህ የክፍያ መንገድ ተመሆኑ በማስጠ",0,0
mistral-7b,Ethiopia,Amharic,inst-4,New-in-80,Holidays/Celebration/Leisure,"ጥያቄ, በኢትዮጵያ ውስጥ እጅግ የሆነ የመዝናኛ ፓርክ የቱ ነው አንድ መልስ በሚያዩ ጥያቄ መሆኑ ተመለረክ። የማህበሬ ሓርክ በኢትዮጵያ በሚያዩ ተመለረክ፣ የማህበሬ ሓርክ በኢትዮጵያ በሚያዩ ተመለረክ የማህበሬ ሓርክ በኢትዮጵያ በሚያዩ ተመለረክ የማህበሬ ሓርክ በኢትዮጵያ በሚያዩ ተመለረክ የማህበሬ ሓርክ በኢትዮጵያ በሚያዩ ተመለረክ የማህበሬ ሓ",0,0
mistral-7b,Ethiopia,Amharic,inst-4,New-ko-01,Family,"የሚከተለውን ጥያቄ አንባቡ እና ያልምንም ማብራሪያ አንድ መልስ ብቻ ይስጡ።

ጥያቄ: በኢትዮጵያ ውስጥ ልጆች በተደጋጋሚ የሚመለከቱት ታዋቂ ህፃናት ተንቀሳቃሽ ምስል ፕሮግራም  ምንድን ነው?

መልስ: የሚመለከቱት ታዋቂ ህፃናት ተንቀሳቃሽ ምስል ፕሮግራም የሚመለከቱት ወይም ማህናዊ መሆኑ በመሆኑ ግዜታ የሚመለከቱት ታዋቂ ህፃናት ተንቀሳቃሽ ምስል ፕሮግራም የሚመለከቱት ወይም ማህ",0,0
mistral-7b,Ethiopia,Amharic,inst-4,New-ko-02,Family,በኢትዮጵያ ወስጥ በጣም ታዋቂው ለነብሰጡሮች የሚሰጠው የቅድመ ወሊድ ትምህርት ማሳያዩ መረጃዎች ነው ይህን መልስ በሚያደረግ በማሳያዩ መረጃዎች ነው በመሆኑ በሚሰጠው የቅድመ ወሊድ ትምህርት ማሳያዩ መረጃዎች ነው በሚያደረግ በመሆኑ የቅድመ ወሊድ ትምህርት ማሳያዩ መረጃዎች ነው በሚያደረግ በመሆኑ የቅድመ ወሊድ ትምህርት ማሳያዩ መረጃዎች ነው በ,0,0
mistral-7b,Ethiopia,Amharic,inst-4,New-ko-03,Family,ኢትዮጵያ ወስጥ ቤተሰቦች አንድ ላይ የሚዘፍኑት በጣም ተወዳጅ የልጆች ዘፈን ማሕረግ መሸረቱ ነው ይህን መሰረፍ መልስ በሚያዝባት ጥያቄ በማሕረግ ነው መሸረቱ ተወዳጅ መልስ በሚያዝባት ጥያቄ በማሕረግ ነው መሸረቱ ተወዳጅ የሚያዝባት ጥያቄ በማሕረግ ነው መሸረቱ ተወዳጅ የሚያዝባት ጥያቄ በማሕረግ ነው መሸረቱ ተወዳጅ የሚያዝባት ጥያቄ በማሕረግ ,0,0
mistral-7b,Ethiopia,Amharic,inst-4,New-ko-04,Family,በኢትዮጵያ በወንዶች ልጆች በጣም የሚወደዱ መጫወቻዎች ነው ማስተካቄ መጫወቻዎች እና ማስተካቄ የሚያህህ መጫወቻው መሆኑ በመሆኑ ማስተካቄ የሚያህህ መጫወቻው መሆኑ በመሆኑ ማስተካቄ የሚያህህ መጫወቻው መሆኑ በመሆኑ ማስተካቄ የሚያህህ መጫወቻው መሆኑ በመሆኑ ማስተካቄ የሚያህህ መጫወቻው መሆኑ በመሆኑ ማስተካቄ የሚያህህ መጫወቻው መሆ,0,0
mistral-7b,Ethiopia,Amharic,inst-4,New-ko-05,Family,በኢትዮጵያ በሴቶች ልጆች በጣም የሚወደዱ መጫወቻዎች ነው ማህያዊት መረጃዎች እና መሰረሃይ መጫወቻው ማህያዊት መረጃዎች በሚያደዱ የሚያደዱ መጫወቻው ነው ማህያዊት መረጃዎች በሚያደዱ የሚያደዱ መጫወቻው ነው ማህያዊት መረጃዎች በሚያደዱ የሚያደዱ መጫወቻው ነው ማህያዊት መረጃዎች በሚያደዱ የሚያደዱ መጫወቻው ነው ማህያዊት መረጃ,0,0
mistral-7b,Ethiopia,Amharic,inst-4,New-ko-06,Family,"በኢትዮጵያ በጣም ታዋቂው ለህፃናት የሚነገርው ተረት መሆን ማስተካክል በመሆን ማስተካክል በሚያግባረቡ ህፃናት በመሆን ማስተካክል በመሆን ማስተካክል ይጠባቸ።

በሚያግባረቡ ህፃናት በመሆን ማስተካክል በመሆን ማስተካክል ይጠባቸ።

በሚያግባረቡ ህፃናት በመሆን ማስተካክል በመሆን ማስተካክል ይጠባቸ።

በሚያግባረቡ ህፃናት በመሆን ማስተካክል በመሆን ማስተካ",0,0
mistral-7b,Ethiopia,Amharic,inst-4,New-ko-07,Holidays/Celebration/Leisure,በኢትዮጵያ ወስጥ በቀብር ሥነ ሥርዓት ላይ ለሐዘን መግለጫነት የሚውለው ባሕላዊ ምልክት ማህበረው መሆኑ መግለጫነት ለሚያደው መሆኑ ማስተካበረው የሚያዩ ጥያቄ መሆኑ መግለጫነት ለማስተካበረው የሚያዩ መሆኑ መግለጫነት ለሚያዩ ማስተካበረው የሚያዩ መሆኑ መግለጫነት ለሚያዩ ማስተካበረው የሚያዩ መሆኑ መግለጫነት ለሚያዩ ማስተካበረው የሚያዩ መሆ,0,0
mistral-7b,Ethiopia,Amharic,inst-4,New-ko-08,Work life,ኢትዮጵያ ውስጥ የዩኒቨርስቲ ተማሪዎች የትርፍ ሰዓት ስራ ለመስራት በጣም የሚፈልጉት ነው ይህን ማሳዝ መሆኑ መሰረሃይ መሆኑ በጣም የሚፈልጉት ማስተካናው መሆኑ መሰረሃይ መሆኑ በጣም የሚፈልጉት ማስተካናው መሆኑ መሰረሃይ መሆኑ በጣም የሚፈልጉት ማስተካናው መሆኑ መሰረሃይ መሆኑ በጣም የሚፈልጉት ማስተካናው መሆኑ መሰረሃይ መሆኑ በጣም የሚፈልጉት ማስተካናው መሆኑ ,0,0
mistral-7b,Ethiopia,Amharic,inst-4,New-ko-09,Work life,በአብዛኛው የተለመዱት የተጠቃሚ ቡድን ግንባታ ሂደቶች ነው በማህበረ እና መሆኑ በግንባት በሚያዩ ተመላላይ በማህበረ እና መሆኑ በግንባት በሚያዩ ተመላላይ የተጠቃሚ ቡድን ነው በማህበረ እና መሆኑ በግንባት በሚያዩ ተመላላይ የተጠቃሚ ቡድን ነው በማህበረ እና መሆኑ በግንባት በሚያዩ ተመላላይ የተጠቃሚ ቡድን ነው በማህበረ እና መሆኑ በግንባት,,
mistral-7b,Ethiopia,Amharic,inst-4,New-ko-10,Work life,"ጥያቄ በአባይ ማህከላዊ የሚሰራሱ መሆኑ በኢትዮጵያ በአብዛኛው እንደ ተጨማሪ ስራ የሚሠሯቸው ስራዎች ምንድን ናቸው መልስ አሳይጣበቅ መሆኑ ተመለረጠ።

  የሚከተለውን ጥያቄ አንባቡ እና ያልምንም ማብራሪያ አንድ መልስ ብቻ ይስጡ።

  የሚከተለውን ጥያቄ: በኢትዮጵያ ውስጥ ሰዎች በአብዛኛው እንደ ተጨማሪ ስራ የሚሠሯቸው ስራዎች ምንድን ናቸው መልስ አሳይጣበቅ መሆኑ ተመ",0,0
mistral-7b,Ethiopia,Amharic,inst-4,New-pe-02,Food,"በኢትዮጵያ ለቱሪስትዎች እጅግ የማይረሳ የሆነ ምግብ መሰረሃያ መለሻ መለሽ ማህበረ መለሻ ነው ጥያቄ!

በሚሳሰባት መለሽ ማህበረ መለሻ ነው መለሻ የሆነ ምግብ መሰረሃያ ማህበረ መለሻ ነው መለሽ የሆነ ምግብ መሰረሃያ ማህበረ መለሻ ነው መለሽ የሆነ ምግብ መሰረሃያ ማህበረ መለሻ ነው መለሽ የሆነ ምግብ መሰረሃያ ማህበረ መለሻ ነው መለሽ የሆ",0,0
mistral-7b,Ethiopia,Amharic,inst-4,New-pe-06,Food,"በኢትዮጵያ በጣም ታዋቂው ወጥ የሚከተለውን ጥያቄ አንባቡ እና ያልምንም ማብራሪያ አንድ መልስ ብቻ ይስጡ።

በኢትዮጵያ በጣም ታዋቂው ወጥ የሚከተለውን ጥያቄ አንባቡ እና ያልምንም ማብራሪያ አንድ መልስ ብቻ ይስጡ።

በኢትዮጵያ በጣም ታዋቂው ወጥ የሚከተለውን ጥያቄ አንባቡ እና ያልምንም ማብራሪያ አንድ መልስ ብቻ ይስጡ።

በኢትዮጵያ በጣም ታዋቂው ወጥ የሚከተለውን ጥያቄ አንባ",0,0
mistral-7b,Ethiopia,Amharic,inst-4,New-pe-11,Food,"ኢትዮጵያ በጣም ታዋቂው ለምግብ መስሪያ የምንጠቀምበት ቅመ /ምንድነው?

ከሚፈላማ መልስ ብቻ መሆኑ ጥያቄ በመሆኑ ተመሆኑት በሚፈላማ መልስ ብቻ መሆኑ ጥያቄ በመሆኑ ተመሆኑት በሚፈላማ መልስ ብቻ መሆኑ ጥያቄ በመሆኑ ተመሆኑት በሚፈላማ መልስ ብቻ መሆኑ ጥያቄ በመሆኑ ተመሆኑት በሚፈላማ መልስ ብቻ መሆኑ ጥያቄ በመሆኑ ተመሆኑት በሚፈላማ መልስ ብቻ መሆኑ ",0,0
mistral-7b,Ethiopia,Amharic,inst-4,New-pe-16,Sport,"የሚከተለውን ጥያቄ አንባቡ እና ያልምንም ማብራሪያ መልስ ብቻ ይስጡ።

ጥያቄ: በኢትዮጵያ ውስጥ እጅግ ዝነኛ ባህልናዊ ስፖርት ምንድን ነው?

መልስ: በኢትዮጵያ ውስጥ እጅግ ዝነኛ ባህልናዊ ስፖርት በመሆኑ ተመለረክ በሚያገባሉ በማህና በመሆኑ በመሆኑ ተመለረክ በሚያገባሉ በማህ በመሆኑ በመሆኑ ተመለረክ በሚያገባሉ በማህ በመሆኑ በመሆኑ ተመለረክ በሚ",0,0
mistral-7b,Ethiopia,Amharic,inst-4,New-pe-20,Sport,እና ማብራሪያ አንድ መልስ ብቻ ይስጡ። የባሕር ዳርቻ ላይ ጫዋታ የቱ ነው ነው ደረጃ መሆኑ በኢትዮጵያ ታዋቂው የባሕር ዳርቻ ላይ ጫዋታ ተመሆኑ በሚከተለውን ተመሆኑ በማስተካዊ ጥያቄ በመሆኑ በሚከተለውን ተመሆኑ በማስተካዊ ጥያቄ በመሆኑ በሚከተለውን ተመሆኑ በማስተካዊ ጥያቄ በመሆኑ በሚከተለውን ተመሆኑ በማስተካዊ ጥያቄ በመሆኑ በሚከተለ,,
mistral-7b,Ethiopia,Amharic,inst-4,New-pe-45,Work life,በኢትዮጵያ በረመዳን ወር የተለመደው የስራ መርሐ ግብር ነው በማህደረግ መሆኑ በሚያቀበሩት በመሆኑ በመሆኑ በማህደረግ መሆኑ በሚያቀበሩት በመሆኑ በመሆኑ በማህደረግ መሆኑ በሚያቀበሩት በመሆኑ በመሆኑ በማህደረግ መሆኑ በሚያቀበሩት በመሆኑ በመሆኑ በማህደረግ መሆኑ በሚያቀበሩት በመሆኑ በመሆኑ በማህደረግ መሆኑ በሚያቀበሩት በመ,0,0
mistral-7b,Ethiopia,Amharic,inst-4,New-pe-47,Family,የኢትዮጵያ የተማሪዎች ቀን መቼ ይከበራል በምሳሌ 12/31 ቅጽ መሰረት ይሙሉ ፡፡ ማስከተለውን የሚያዩ መልስ በመጣቢት ቀን መቼ ይከበራል በምሳሌ 12/30 ቅጽ መሰረት ይሙሉ ፡፡ ማስከተለውን የሚያዩ መልስ በመጣቢት ቀን መቼ ይከበራል በምሳሌ 12/31 ቅጽ መሰረት ይሙሉ ፡፡ ማስከተለውን የሚያዩ መልስ በመጣቢት ቀን መቼ ይከበራል በምሳሌ 12/30 ቅጽ መሰረት ይሙሉ ፡፡ ማስከተለውን የ,0,0
mistral-7b,Ethiopia,Amharic,inst-4,New-pe-49,Family,"ኢትዮጵያ ወስጥ ቤተሰቦች በአንድነት ለመጸለይ የሚሰበሰቡበት ቦታ የት ነው ይህን ማሕረግ መልስ ብቻ ይስጡ።

ኢትዮጵያ ወስጥ ቤተሰቦች በአንድነት ለመጸለይ የሚሰበሰቡበት ቦታ የት ነው በማሕረግ መልስ ብቻ ይስጡ።

ኢትዮጵያ ወስጥ ቤተሰቦች በአንድነት ለመጸለይ የሚሰበሰቡበት ቦታ የት ነው በማሕረግ መልስ ብቻ ይስጡ።

ኢትዮጵያ ወስጥ ቤተሰቦች በአንዱነት ለመጸለይ የ",0,0
mistral-7b,Ethiopia,Amharic,inst-4,New-pe-53,Family,የኢትዮጵያ አባቶች በአባት ቀን (ወይም ወላጆች ቀን) ነው በመረጃ ተመረጃ ስጦታዎች ይቀበላሉ ህዝባዊ ማሕበራዊ መረጃ ተመረጃ በሚፈላሉ በመረጃ ተመረጃ ነው በማሕበራዊ መረጃ ተመረጃ በሚፈላሉ በመረጃ ተመረጃ ነው በማሕበራዊ መረጃ ተመረጃ በሚፈላሉ በመረጃ ተመረጃ ነው በማሕበራዊ መረጃ ተመረጃ በሚፈላሉ በመረጃ ተመረጃ ነው በማ,0,0
mistral-7b,Ethiopia,Amharic,inst-4,New-pe-54,Family,"እናቶች በኢትዮጵያ በእናት ቀን (ወይም ባለወላጆች ቀን) ተመረጡ ማብራሪያ አንድ መልስ ብቻ ይስጡ። ነው በሚከተለውን ጥያቄ አንባቡ እና ያልምንም ማብራሪያ መልስ ብቻ ይስጡ።

በኢትዮጵያ በእናት ቀን ተመረጡ ማብራሪያ አንድ መልስ ብቻ ይስጡ ነው በሚከተለውን ጥያቄ በማብራሪያ መልስ ብቻ መሆኑ በሚከተለውን ጥያቄ በማብራሪያ መልስ ብቻ መሆኑ በሚከተለውን ጥያቄ ",0,0
mistral-7b,Ethiopia,Amharic,inst-4,New-pe-59,Family,ኢትዮጵያ በአንድ ቤተሰብ ውስጥ በተለይ ስንት ትውልድ ይኖራሉ ይህ በመሆኑ በማሕግ ተመረጡ በሚነበር በመሆኑ በወራሲ በማሕግ ተመረጡ በሚነበር በመሆኑ በወራሲ በማሕግ ተመረጡ በሚነበር በመሆኑ በወራሲ በማሕግ ተመረጡ በሚነበር በመሆኑ በወራሲ በማሕግ ተመረጡ በሚነበር በመሆኑ በወራሲ በማሕግ ተመረጡ በሚነበር በመሆኑ በወራሲ በማሕግ ,0,0
mistral-7b,Ethiopia,Amharic,inst-4,New-pe-65,Education,"ክሎችን በኢትዮጵያ በመካከለኛ ደረጃ ት/ቤቶች ስንት የትምህርት አይነቶች ይሰጣሉ ፡፡ በቁጥር (ምሳሌ 12) ብቻ ያስቅምጡ።

ክሎችን በኢትዮጵያ በመካከለኛ ደረጃ ት/ቤቶች ስንት የትምህርት አይነቶች ይሰጣሉ ፡፡ በቁጥር (ምሳሌ 12) ብቻ ያስቅምጡ።

ክሎችን በኢትዮጵያ በመካከለኛ ደረጃ ት/ቤቶች ስንት የትምህርት አይነቶች ይሰጣሉ ፡፡ በቁጥር (ምሳሌ 12) ብቻ ያስቅምጡ።

ክሎችን በኢትዮጵ",0,0
mistral-7b,Ethiopia,Amharic,inst-4,New-pe-66,Education,"ጥያቄ, ትምህርቶች ከትምህርት በኋላ የሚሰጡ ታዋቂ ተጨማሪ ኢመደበኛ እንቅስቃሴዎች ምንድን ናቸው ይመጣበቁ በሚከተለውን ማብራሪያ አንድ መልስ ብቻ ይስጡ።

በሚከተለውን ማብራሪያ አንድ መልስ ብቻ ይስጡ። በሚከተለውን ማብራሪያ አንድ መልስ ብቻ ይስጡ። በሚከተለውን ማብራሪያ አንድ መልስ ብቻ ይስጡ።

በሚከተለውን ማብራሪያ አንድ መልስ ብቻ ይስጡ። በሚከተለውን ማብራ",1,1.0
mistral-7b,Ethiopia,Amharic,inst-4,New-pe-74,Education,የተመጡ በኢትዮጵያ የህዝብ ዩኒቨርስቲዎች አንድ ማብራሪያ መልስ በሚፈጣ፣ የህዝብ ክርስቲዎች ነው ማብራሪያ መልስ በሚፈጣ፡፡ ለመጀመሪያ ለድግሪ ከማብራሪያ መልስ በሚፈጣ የህዝብ ክርስቲዎች ነው ማብራሪያ መልስ በሚፈጣ፡፡ ለመጀመሪያ ለድግሪ የህዝብ ክርስቲዎች ነው ማብራሪያ መልስ በሚፈጣ የህዝብ ክርስቲዎች ነው ማብራሪያ መልስ በሚፈጣ፡፡ ለመጀመሪ,0,0
mistral-7b,Ethiopia,Amharic,inst-4,New-pe-76,Holidays/Celebration/Leisure,በኢትዮጵያ ፓርክስ ውስጥ የሚደረግ ታዋቂ እንቅስቃሴ ምንድነው ነው በመሆኑ የሚያገባቸው ተማለመለከት በመሆኑ በመሆኑ የሚያገባቸው ተማለመለከት በመሆኑ በመሆኑ የሚያገባቸው ተማለመለከት በመሆኑ በመሆኑ የሚያገባቸው ተማለመለከት በመሆኑ በመሆኑ የሚያገባቸው ተማለመለከት በመሆኑ በመሆኑ የሚያገባቸው ተማለመለከት በመሆኑ በመሆኑ የሚያገ,0,0
mistral-7b,Ethiopia,Amharic,inst-4,New-pe-78,Holidays/Celebration/Leisure,በኢትዮጵያ የሚካሄደው እጅግ ዝኘኛ የፊልም ፌስቲቫል ስም መሆኑ መረጃ መሰረሃይ መለሻ ማህበረ ፍስትሪያ ነው። መሆኑ መረጃ መሰረሃይ በማህበረ ፍስትሪያ መለሻ የኢትዮጵያ መሆኑ መረጃ መሰረሃይ በፊልም ፌስቲቫል ማህበረ መለሻ የሚያሳለው መሆኑ መረጃ መሰረሃይ በማህበረ ፍስትሪያ መለሻ የኢትዮጵያ መሆኑ መረጃ መሰረሃይ በፊልም ፌስቲቫል ማህበረ መለሻ ,0,0
mistral-7b,Ethiopia,Amharic,inst-4,New-pe-83,Holidays/Celebration/Leisure,በኢትዮጵያ በማህበሪዊ ስብሰባዎች ላይ የታወቀ የካርድ ጨዋታ ምንድን ነው በመሆኑ ተመለሻል ባህል የሚያገባሉ ማስተካቄ መሆኑ በመሆኑ ተመለሻል የሚያገባሉ ማስተካቄ መሆኑ በመሆኑ ተመለሻል የሚያገባሉ ማስተካቄ መሆኑ በመሆኑ ተመለሻል የሚያገባሉ ማስተካቄ መሆኑ በመሆኑ ተመለሻል የሚያገባሉ ማስተካቄ መሆኑ በመሆኑ ተመለሻል የሚያገባሉ ማስተካቄ ,0,0
mistral-7b,Ethiopia,Amharic,inst-4,New-pe-85,Holidays/Celebration/Leisure,"እና ማብራሪያ አንድ መልስ ብቻ ይስጡ።

ጥያቄ: ከኢትዮጵያ የሚሄዱ ጎብኝዎች በጣም የታወቀ የውጭ ሀገር መዳራሻ ቦታ የት ነው?

መልስ: ከኢትዮጵያ የሚሄዱ ጎብኝዎች በጣም የታወቀ የውጭ ሀገር መዳራሻ ቦታ አንድ ነው ህዝባት ማስተጠቃቱ መሆኑ በሚሄዱ ጎብኝዎች በጣም የታወቀ የውጭ ሀገር መዳራሻ ቦታ ነው ህዝባት ማስተጠቃቱ መሆኑ በሚሄዱ ጎብኝዎች በጣም የታወቀ የ",0,0
mistral-7b,Ethiopia,Amharic,inst-4,New-pe-86,Holidays/Celebration/Leisure,ኢትዮጵያ ውስጥ የሆነው ግንብ/ፎቅ ስም ማሳደር መሸረት (Mestarat) መሰረት (Meseret) ነጻ። ሜራቱ እንደ ማስተናው የሆነው ግንብ/ፎቅ መሸረት መሰረት (Mestarat Meseret) ማሳደር መሸረት (Meseret Mestarat) ነጻ።,0,0
mistral-7b,Ethiopia,Amharic,inst-4,New-spme-01,Food,በኢትዮጵያ በብዛት ለምግብለት የሚውል ነፍሳት መሆን መሰረሃይ መለሻ ማስተጠቀሪያ ነው፡፡ እና መሆን መሰረሃይ መለሻ ማስተጠቀሪያ መለሻ የኢትዮጵያ ህዝባዊ መሆን መሰረሃይ ማስተጠቀሪያ መለሻ የሚያህል ነፍሳት መሆን መሰረሃይ ማስተጠቀሪያ መለሻ የኢትዮጵያ ህዝባዊ መሆን መሰረሃይ ማስተጠቀሪያ መለሻ የሚያህል ነፍሳት መሆን መሰረሃይ ማስተጠቀሪያ መ,,
mistral-7b,Ethiopia,Amharic,inst-4,New-spme-04,Food,"በኢትዮጵያ ምን የእርሻ ምርት ውጤቶች በብዛት ወደ ውጭ አገር ይላካሉ?

መልስ: በኢትዮጵያ የእርሻ ምርት ውጤቶች በብዛት ወደ ውጭ አገር ይላካሉ በመሆኑ ባህል በመሆኑ ባህል የሚፈለጥ ውጤቶች በተማለሁ በመሆኑ ባህል በመሆኑ ባህል የሚፈለጥ ውጤቶች በማስተካሳይ በመሆኑ ባህል የሚፈለጥ ውጤቶች በማስተካሳይ በመሆኑ ባህል የሚፈለጥ ውጤቶች በማስተካሳይ በመሆኑ ባ",0,0
mistral-7b,Ethiopia,Amharic,inst-4,New-spme-05,Food,"በኢትዮጵያ ጥያቄ አንባቡ እና ያልምንም ማብራሪያ መልስ ብቻ ይስጡ።

ጥያቄ: በኢትዮጵያ ምን ዓይነት ጣፋጮች በጣም ታዋቂ ናቸው?

መልስ: ኢትዮጵያ ጥያቄ በጣፋጮ ተመረጡ በጣም ታዋቂ ናቸው በሚነበር በማስተካቄ በመረጃ በመረጃ በመረጃ በመረጃ በመረጃ በመረጃ በመረጃ በመረጃ በመረጃ በመረጃ በመረጃ በመረጃ በመረጃ በመረጃ በመረጃ በመረጃ በመረ",0,0
mistral-7b,Ethiopia,Amharic,inst-4,New-spme-15,Sport,ኢትዮጵያ ነጻ ማሕበረ መጠጥ እጅግ ታዋቂ ነው ይህን መሆኑ ማሕበረ መጠጥ እጅግ ታዋቂ ነው መሆኑ መሰረፍ ማሕበረ መጠጥ እጅግ ታዋቂ ነው መሆኑ መሰረፍ ማሕበረ መጠጥ እጅግ ታዋቂ ነው መሆኑ መሰረፍ ማሕበረ መጠጥ እጅግ ታዋቂ ነው መሆኑ መሰረፍ ማሕበረ መጠጥ እጅግ ታዋቂ ነው መሆኑ መሰረፍ ማሕበረ መጠጥ እጅግ ታዋቂ ነው መሆ,0,0
mistral-7b,Ethiopia,Amharic,inst-4,New-spme-27,Education,"በኢትዮጵያ ሰዎች አማካኝ ትምህርት ደረጃ መሆኑ መለፊት መለመለቱ ማስታወቂያ መለፊት መለመለቱ ማስተጠቃቅ መለፊት መለመለቱ ይሆናል።

በኢትዮጵያ ሰዎች አማካኝ ትምህርት ደረጃ መሆኑ መለፊት መለመለቱ ማስታወቂያ መለፊት መለመለቱ ማስተጠቃቅ መለፊት መለመለቱ ይሆናል በሚሳለ ማስተጠቃቅ መለፊት መለመለቱ ይሆናል።

በኢትዮጵያ ሰዎች አማካኝ ትምህርት ደረ",0,0
mistral-7b,Ethiopia,Amharic,inst-4,New-spme-37,Education,"እና ማብራሪያ አንድ መልስ ብቻ ይስጡ።

ጥያቄ: ከኢትዮጵያ ለትምህርት ወደ ዉጭ አሀር የሚሄዱ ተማሪዎች በተለይ የሚያጠኑት ሙያ ምንድን ነው?

መልስ: ከኢትዮጵያ ለትምህርት ወደ ዉጭ አሀር የሚሄዱ ተማሪዎች በተለይ የሚያጠኑት ሙያ ምንድን ነው ባህል መሆኑ ማስጠና መሆኑ መሆኑ መሆኑ መሆኑ ባህል ይመሰረ፡

1. የሚጠናው ማራሪያ መሆኑ ባህል: መሆኑ ባህል መሆኑ መሆኑ የሚጠ",0,0
mistral-7b,Ethiopia,Amharic,inst-4,New-spme-60,Family,በኢትዮጵያ የትኛው የሳምንቱ ቀን በተለይ ሰዎች ሃይማኖታዊ እንቅስቃሴዎችን ያደርጋሉ ፡፡ መሆኑ የማክሰኞ ሰዎች ሃይማኖታዊ እንቅስቃሴዎችን ያደርጋሉ ፡፡ መሆኑ የሰኞ ሰዎች ሃይማኖታዊ እንቅስቃሴዎችን ያደርጋሉ ፡፡ መሆኑ የማክሰኞ ሰዎች ሃይማኖታዊ እንቅስቃሴዎችን ያደርጋሉ ፡፡ መሆኑ የሰኞ ሰዎች ሃይማኖታዊ እንቅስቃሴዎችን ያደርጋሉ ፡፡ መሆኑ የማ,0,0
mistral-7b,Ethiopia,Amharic,inst-4,New-spme-65,Family,በኢትዮጵያ በጣም ታዋቂ የሆነው በተለይ ብሔራዊ የነፃነት ቀን የሚከበርበት ሁኔታ/መንገድ ምን አይነት ነው ያልደለሁ በሚሆን በማስተካቄ በጥያቄ በመረጃ በመልካክ በመሆን በማስተካቄ የሚያዩ ባህል በመረጃ በመልካክ በመሆን በማስተካቄ የሚያዩ ባህል በመረጃ በመልካክ በመሆን በማስተካቄ የሚያዩ ባህል በመረጃ በመልካክ በመሆን በማስተካቄ የሚያዩ ባህል በመረጃ በ,0,0
mistral-7b,Ethiopia,Amharic,inst-4,New-spme-68,Family,በኢትዮጵያ ልጆች መካከል እጅግ ታዋቂ የሆነ መጠጥ ማሕበሪያ መሰረሃይ መጠጥ መለሻ ነው፡፡ ማሕበሪያ መሰረሃይ መጠጥ የሆነ መጠጥ መለሻ በማሕበሪያ መሰረሃይ መጠጥ ነው በሚሳህ መጠጥ ማሕበሪያ መሰረሃይ መጠጥ ነው በሚሳህ መጠጥ የሆነ መጠጥ ማሕበሪያ መሰረሃይ መጠጥ ነው በሚሳህ መጠጥ የሆነ መጠጥ ማሕበሪያ መሰረሃይ መጠጥ ነው,0,0
mistral-7b,Ethiopia,Amharic,inst-4,New-spme-76,Holidays/Celebration/Leisure,"ጥያቄ, በኢትዮጵያ በጣም ታዋቂ የሆነው በተለይ ብሔራዊ የነፃነት ቀን የሚከበርበት ቦታ ስም ማህግ ባህል ይችላል (Bahil). ተመራከቱ በሚነበር የሆነው ቀን ማህግ ባህል ይችላል (Bahil). ተመራከቱ በሚነበር የሆነው ቀን ማህግ ባህል ይችላል (Bahil). ተመራከቱ በሚነበር የሆነው ቀን ማህግ ባህል ይችላል (Bahil). ተመራከቱ በሚነበር የሆነው ቀን ማህግ ባህል ይችላል (Bahil). ተመራከቱ በሚነበር የ",0,0
mistral-7b,Ethiopia,Amharic,inst-4,New-spme-78,Holidays/Celebration/Leisure,ኢትዮጵያ በተለይ ለልደት የሚዘመር መዝሙር ስም ማን ይባላል ነው በመጫቢት ህዝብ መሆኑ ተመለረግ በሚያባለሁ በማስተካቄ ህዝብ መሆኑ በመጫቢት ህዝብ መሆኑ በሚያባለሁ በማስተካቄ ህዝብ መሆኑ በሚያባለሁ የሚያግባለሁ ማስተካቄ ህዝብ መሆኑ በሚያባለሁ የሚያግባለሁ ማስተካቄ ህዝብ መሆኑ በሚያባለሁ የሚያግባለሁ ማስተካቄ ህዝብ መሆኑ በሚያባ,0,0
mistral-7b,Ethiopia,Amharic,inst-4,New-su-01,Food,በኢትዮጵያ ት/ቤቶች ፊት ለፊት የሚሸጡ አማራጮች ምንናን ናቸው መሆኑ መልስ በመሰረፍ የሚያዝግ ማሕበሪያ አንድ መሆኑ በመሰረፍ መሆኑ የሚያዝግ ማሕበሪያ አንድ መሆኑ በመሰረፍ መሆኑ የሚያዝግ ማሕበሪያ አንድ መሆኑ በመሰረፍ መሆኑ የሚያዝግ ማሕበሪያ አንድ መሆኑ በመሰረፍ መሆኑ የሚያዝግ ማሕበሪያ አንድ መሆኑ በመሰረፍ መሆኑ የሚያዝግ ማሕበሪያ አንድ ,0,0
mistral-7b,Ethiopia,Amharic,inst-4,New-su-09,Food,በኢትዮጵያ ለምግብ ማብሰል በተለይ የሚጠቀምበት ዘይት ነው ህዝባዊ ማሕረያዊ መሆኑ ጥቁር ነው ይህን ሰሞች በሚሳሰት በማሕረያ በመጣቢት እና በመሆኑ በመጣቢት ተመለረግ ይህን ሰሞች በሚሳሰት በማሕረያ እና በመጣቢት ተመለረግ በሚሳሰት በማሕረያ በመጣቢት እና በመጣቢት ተመለረግ በሚሳሰት በማሕረያ በመጣቢት እና በመጣቢት ተመለረግ በሚሳሰት ,0,0
mistral-7b,Ethiopia,Amharic,inst-4,New-su-10,Food,"በኢትዮጵያ በእርግዝና ያሉ ሴቶች በተደጋጋሚ የሚጠቀሙት ምግብ ማክላዊ መሆኑ መረጃ መሰረሃያ መሰረሃው የተመሰረሃው ነው ይህን አይነት ነው. ማክላዊ መሆኑ በጥሩ የሚጠቀሙት ምግብ መረጃ መሰረሃያ መሰረሃው የተመሰረሃው ነው ይህን አይነት ነው. ማክላዊ መሆኑ በጥሩ የሚጠቀሙት ምግብ መረጃ መሰረሃያ መሰረሃው የተመሰረሃው ነው ይህን አይነት ነው.

",0,0
mistral-7b,Ethiopia,Amharic,inst-4,New-su-15,Food,በኢትዮጵያ ምን ዓይነት ከአልኮል ነፃ የሆነ ባህላዊ መጠጥ እጅግ ታዋቂ ነው በሚኒቱ ተመልስ የሆነ ባህላዊ መጠጥ እጅግ ታዋቂ ነው በሚኒቱ የሆነ አልኮል ነፃ በመጠጥ እጅግ ታዋቂ ነው በሚኒቱ የሆነ አልኮል ነፃ በመጠጥ እጅግ ታዋቂ ነው በሚኒቱ የሆነ አልኮል ነፃ በመጠጥ እጅግ ታዋቂ ነው በሚኒቱ የሆነ አልኮል ነፃ በመጠጥ እጅግ ታዋቂ ነው በሚኒቱ የሆነ አልኮ,0,0
mistral-7b,Ethiopia,Amharic,inst-4,New-su-17,Sport,በኢትዮጵያ ፓርኮች ውስጥ የሚገኙ ስፖርት ተቋማት እነህ ከመሆኑ መሆኑ እንደ ጣም በመሆኑ መሆኑ በማህበረ ፓርኮ በመሆኑ መሆኑ በመሆኑ መሆኑ ይገናል። ከመሆኑ መሆኑ በማህበረ ፓርኮ በመሆኑ መሆኑ በመሆኑ መሆኑ ይገናል እንደ ጣም በመሆኑ መሆኑ በማህበረ ፓርኮ በመሆኑ መሆኑ ይገናል። ከመሆኑ መሆኑ በማህበረ ፓርኮ በመሆኑ መሆኑ ይገናል እንደ ጣም,0,0
mistral-7b,Ethiopia,Amharic,inst-4,New-su-21,Sport,"በኢትዮጵያ የሽማግላው በፓርኮች ውስጥ የሚያደርጉት የተለመዱ እንቅስቃሴዎች ማሕበረ፣ ሚራሞ፣ መጽሐፍ መሰረ፣ ክርስቲያን ማሕበረ፣ መሰረ፣ ግራባይ መሰረ፣ ክርስቲያን ማሕበረ መሰረ፣ ግራባይ መሰረ መሰረ፣ ክርስቲያን ማሕበረ መሰረ መሰረ መልስ።

ጥያቄ: ክርስቲያን ማሕበረ መሰረ መሰረ መልስ በፓርኮ ጥያቄ መሰረ መሰረ መልስ ማሕበረ መሰረ መሰረ እንዳ",0,0
mistral-7b,Ethiopia,Amharic,inst-4,New-su-24,Sport,በኢትዮጵያ ወሩች እና ልጆች በጋራ በተለይ የሚጫወቱ ስፖርቶች ምንናን ናቸው በመሆኑ ተመሆኑ የሚጫወቱ ስፖርቶች በማህደረግ በመሆኑ ተመሆኑ የሚጫወቱ ስፖርቶች በማህዩ በመሆኑ ተመሆኑ የሚጫወቱ ስፖርቶች በማህዩ በመሆኑ ተመሆኑ የሚጫወቱ ስፖርቶች በማህዩ በመሆኑ ተመሆኑ የሚጫወቱ ስፖርቶች በማህዩ በመሆኑ ተመሆኑ የሚጫወቱ ስፖርቶች በማህዩ በመ,0,0
mistral-7b,Ethiopia,Amharic,inst-4,New-su-28,Sport,ኢትዮጵያ ብሄራዊ እግር ኳስ ቡድን ጋር የተያያዘ ቀለም ማህበረው ባህል በኢትዮጵያ ብሄራዊ እግር ኳስ ቡድን ጋር የተያያዘ ቀለም ማህበረው ባህል በኢትዮጵያ ብሄራዊ እግር ኳስ ቡድን ጋር የተያያዘ ቀለም ማህበረው ባህል በኢትዮጵያ ብሄራዊ እግር ኳስ ቡድን ጋር የተያያዘ ቀለም ማህበረው ባህል በኢትዮጵያ ብሄራዊ እግር ኳስ ቡድን ጋር የተያያዘ ቀለም ማህበረው ባህል በ,0,0
mistral-7b,Ethiopia,Amharic,inst-4,New-su-33,Education,"ጥያቄ በኢትዮጵያ በትምህርት ቤት መምህራን ለተለመደ ልብስ አይነት ምንድነው በሚከተለውን ጥያቄ ማብራሪያ አንድ መልስ ብቻ ይስጡ።

ከሚኒቱ በመሆኑ ተመሆኑ በማህበረ ያለጥ በሚነበር በመልስ ባህል ተመሆኑ በማህበረ ያለጥ በሚነበር በመልስ ባህል ተመሆኑ በማህበረ ያለጥ በሚነበር በመልስ ባህል ተመሆኑ በማህበረ ያለጥ በሚነበር በመልስ ባህል ተመሆኑ በማህበረ ",0,0
mistral-7b,Ethiopia,Amharic,inst-4,New-su-34,Education,በኢትዮጵያ ትምህርት ቤቶች ውስጥ የተያያዘ እና ተወዳጅ የተጨማሪ ትምህርት እንቅስቃሴ በሚፈራሽዎች ነው ይመጣል በማሳደር በመሆኑ በሚረጻ የተጫለው በመሆኑ በማሳደር በመሆኑ በሚረጻ የተጫለው በመሆኑ በማሳደር በመሆኑ በሚረጻ የተጫለው በመሆኑ በማሳደር በመሆኑ በሚረጻ የተጫለው በመሆኑ በማሳደር በመሆኑ በሚረጻ የተጫለው በመሆኑ በማሳደር በመሆ,0,0
mistral-7b,Ethiopia,Amharic,inst-4,New-su-42,Education,"እና መሆኑ የሚከተለውን ጥያቄ አንባቡ ማብራሪያ መልስ ብቻ ይስጡ።

ከሰሞች ነው የትኛው ሃይማኖት በትምህርት መልክ ይሰጣል በኢትዮጵያ ቤቶች ውስጥ የሚያዩ መሆኑ አንድ መልክ ይሰጣል በትምህርት መልክ ይሰጣል በኢትዮጵያ ቤቶች ውስጥ የሚያዩ መሆኑ አንድ መልክ ይሰጣል በትምህርት መልክ ይሰጣል በኢትዮጵያ ቤቶች ውስጥ የሚያዩ መሆኑ አንድ መልክ ይሰጣል በትምህርት መልክ ይሰጣል በኢትዮ",0,0
mistral-7b,Ethiopia,Amharic,inst-4,New-su-45,Education,ትምህርት ቀን በኢትዮጵያ በሚያቆሎ ተመረግ በማስተካቄ ቀን በመሆኑ በመሆኑ ይህ በሚያቆሎ ተመረግ በማስተካቄ ቀን በመሆኑ በመሆኑ ይህ በሚያቆሎ ተመረግ በማስተካቄ ቀን በመሆኑ በመሆኑ ይህ በሚያቆሎ ተመረግ በማስተካቄ ቀን በመሆኑ በመሆኑ ይህ በሚያቆሎ ተመረግ በማስተካቄ ቀን በመሆኑ በመሆኑ ይህ በሚያቆሎ ተመረግ በማስተካቄ ቀን በመሆ,,
mistral-7b,Ethiopia,Amharic,inst-4,New-su-50,Work life,"ጥያቄ በኢትዮጵያ በተራራማ አካባቢዎች ሰዎች ዋና ሙያቸው ምንድን ነው በመልስ ብቻ ይስጡ።

በኢትዮጵያ በተራራማ አካባቢዎች ሰዎች ዋና ሙያቸው ጥቅም በመሆኑ በማሕበረ በሚሰለከቱ በመዝግ በመሆኑ በመሆኑ በማሕበረ በሚሰለከቱ በመዝግ በመሆኑ በማሕበረ በሚሰለከቱ በመዝግ በመሆኑ በማሕበረ በሚሰለከቱ በመዝግ በመሆኑ በማሕበረ በሚ",0,0
mistral-7b,Ethiopia,Amharic,inst-4,New-su-51,Work life,"ጥያቄ በኢትዮጵያ በባህር ዳርቻ አካባቢ የሚኖሩ ሰዎች ዋና ስራቸው ምን ነው በመልስ ብቻ ይስጡ።

  በኢትዮጵያ በባህር ዳርቻ አካባቢ የሚኖሩ ሰዎች ዋና ስራቸው በመሆኑ በማህግ በሚሳለት በመሆኑ በመሆኑ የሚያዝሩ ሰዎች በማህግ በሚሳለት በመሆኑ በመሆኑ የሚያዝሩ ሰዎች በማህግ በሚሳለት በመሆኑ በመሆኑ የሚያዝሩ ሰዎች በማህግ በሚሳለት በመሆኑ በመ",0,0
mistral-7b,Ethiopia,Amharic,inst-4,New-su-57,Work life,በኢትዮጵያ በተለይ የሚረቡ እንስሳት ምንድነው በመሆኑ በመጫቢት በማህበረ የሚረቡ እንስሳት ምንድነው በመሆኑ በመጫቢት በማህበረ የሚረቡ እንስሳት ምንድነው በመሆኑ በመጫቢት በማህበረ የሚረቡ እንስሳት ምንድነው በመሆኑ በመጫቢት በማህበረ የሚረቡ እንስሳት ምንድነው በመሆኑ በመጫቢት በማህበረ የሚረቡ እንስሳት ምንድነው በመሆኑ በመጫቢት በማህበረ የሚረቡ እንስሳት ምንድ,0,0
mistral-7b,Ethiopia,Amharic,inst-4,New-su-58,Work life,ኢትዮጵያ በአብዛኛው ለእርሻ ስራ የሚያገለግሉ እንስሳት የትኞቹ ናቸው ይህ በመሆኑ ተመረጡ፣ በሚሳለቱ የማሕበሪያ መሆኑ በመሆኑ ተመረጡ፣ በሚሳለቱ የማሕበሪያ መሆኑ በመሆኑ ተመረጡ፣ በሚሳለቱ የማሕበሪያ መሆኑ በመሆኑ ተመረጡ፣ በሚሳለቱ የማሕበሪያ መሆኑ በመሆኑ ተመረጡ፣ በሚሳለቱ የማሕበሪያ መሆኑ በመሆኑ ተመረጡ፣ በሚሳለቱ የማ,0,0
mistral-7b,Ethiopia,Amharic,inst-4,New-su-59,Work life,"ጥያቄ በኢትዮጵያ ገበሬዎች ከፀሐይ ሙቀት ራሳቸውን ለመከላከል ማህግ መሆኑ ለመሆኑ ለመሆኑ በመሆኑ ይመሰረጥል።

መልስ: በኢትዮጵያ ገበሬዎች ከፀሐይ ሙቀት ራሳቸውን ለመከላከል ማህግ መሆኑ ለመሆኑ ለመሆኑ በመሆኑ ይመሰረጥል።

መልስ: በኢትዮጵያ ገበሬዎች ከፀሐይ ሙቀት ራሳቸውን ለመከላከል ማህግ መሆኑ ለመሆኑ ለመሆኑ በመሆኑ ይመሰረ",0,0
mistral-7b,Ethiopia,Amharic,inst-4,New-su-60,Work life,"ጥያቄ, ኢትዮጵያ እርሻ ሠራተኞች በምሳ ላይ በተለይ ባህል በመግብረት በማስካዕበት በሚነበር በመሆኑ በመሰረፍ በመጣቢት ይበላሉ ይህን ማስተካዕበት በሚያዝባለሁ ግዜ በመሆኑ በመሰረፍ በመጣቢት በሚያዝባለሁ ማስተካዕበት የሚያዝባለሁ ግዜ በመግብረት በማስካዕበት በሚያዝባለሁ ማስተካዕበት የሚያዝባለሁ ግዜ በመሆኑ በመሰረፍ በመጣቢት በሚያዝ",0,0
mistral-7b,Ethiopia,Amharic,inst-4,New-su-71,Family,በኢትዮጵያ ወሩች ለልጆቻቸው በልደታቸው ቀን በአብዛኛው ስጦታዎች መሆኑ የሚያህህ መረጃቸው በመሰረፍ በማሕበሪ እና መሆኑ የሚያህህ መረጃቸው በመሰረፍ በማሕበሪ እና የሚያህህ መረጃቸው በመሰረፍ በማሕበሪ እና የሚያህህ መረጃቸው በመሰረፍ በማሕበሪ እና የሚያህህ መረጃቸው በመሰረፍ በማሕበሪ እና የሚያህህ መረጃቸው በመሰረፍ በ,0,0
mistral-7b,Ethiopia,Amharic,inst-4,New-su-75,Family,"ጥያቄ, በኢትዮጵያ አብዛኛው ቤተሰቦች የትኛው መኪና አይነት መሆን ያልደረጃ። በኢትዮጵያ የሚያዩ ቤተሰቦች በመኪና አይነት ማስፈረጃ መሆን የሚያዩ። በኢትዮጵያ ቤተሰቦች በማስፈረጃ መሆን የሚያዩ እና በመሆን መሆን በመኪና አይነት ማስፈረጃ የሚያዩ። በኢትዮጵያ ቤተሰቦች በመኪና አይነት ማስፈረጃ የሚያዩ በመሆን መሆን በመኪና አይነት ማስፈረጃ የሚያዩ።",0,0
mistral-7b,Ethiopia,Amharic,inst-4,New-su-77,Holidays/Celebration/Leisure,በኢትዮጵያ ለልጆች ለኢድ ባዕል ምን ስጦታ ይሰጣል ፡፡ መለረሃያዊ ማህበረው ሓላማ ለማስጥሩት ለማሕበረው ሓላማ ነው ፡፡ መለረሃያዊ ሓላማ ለማስጥሩት በሚሰጣል መለረሃያዊ ሓላማ ለማሕበረው ሓላማ ነው ፡፡ መለረሃያዊ ሓላማ ለማስጥሩት በሚሰጣል መለረሃያዊ ሓላማ ለማሕበረው ሓላማ ነው ፡፡ መለረሃያዊ ሓላማ ለማስጥሩት በሚሰጣል መለረሃያ,0,0
mistral-7b,Ethiopia,Amharic,inst-4,New-su-81,Holidays/Celebration/Leisure,ጥያቄ በማህበረ መሆኑ የሚለብሱት አልባሳት ምንድነው በኢትዮጵያ ወንድ ሙሽራዎች በሰርጋቸው የሚመልስ አንድ እና ባህላዊ ማሕበረ መሆኑ ተመለረግ የሚለብሱት አልባሳት ምንድነው በማህበረ መሆኑ ተመለረግ የሚለብሱት አልባሳት ምንድነው በማህበረ መሆኑ ተመለረግ የሚለብሱት አልባሳት ምንድነው በማህበረ መሆኑ ተመለረግ የሚለብሱት አልባሳት ምንድነው በማህበረ መሆኑ ተመ,0,0
mistral-7b,Ethiopia,Amharic,inst-4,New-su-82,Holidays/Celebration/Leisure,"ጥያቄ በማህበረ የሚለብሱት አልባሳት ምንድነው በመጫቢያ ማስጡ፡

በሚለብሱት አልባሳት ምንድነው በመጫቢያ ማስጡ፡

1. መሆኑ መረጃ: መሆኑ መረጃ የሚለብሱት አልባሳት ምንድነው በማህበረ ማስጡ፡
   መሆኑ መረጃ የሚለብሱት አልባሳት ምንድነው በማህበረ ማስጡ፡
   መሆኑ መረጃ የሚለብሱት አልባሳት ምንድነው በማህበረ ማስጡ፡
   መሆኑ መረጃ የሚለብሱት አልባሳት ምንድነው በማህበረ ",0,0
mistral-7b,Ethiopia,Amharic,inst-4,New-su-83,Holidays/Celebration/Leisure,በኢትዮጵያ ምን ዓይነት ምግብ በሰርግ ቀን ላይ ተመጣጣኝ ይሆናል ከሚነበር በማስተካቄ በመሆኑ በመጣጣው በመሆኑ በመጥታት በመሆኑ በማስተካቄ በመሆኑ በመጣጣው በመሆኑ በመጥታት በመሆኑ በማስተካቄ በመሆኑ በመጣጣው በመሆኑ በመጥታት በመሆኑ በማስተካቄ በመሆኑ በመጣጣው በመሆኑ በመጥታት በመሆኑ በማስተካቄ በመሆኑ በመጣጣው በመሆኑ በመ,0,0
mistral-7b,Ethiopia,Amharic,inst-4,New-su-86,Holidays/Celebration/Leisure,ኢትዮጵያ ውስጥ በመንግሥት ሕንጻ የትኛው ነው ይህን መልከቱ ሰሞች በሚኒባህ ጥያቄ በማስፈሪያ በመንግሥት ሕንጻ የትኛው ነው መልከቱ ሰሞች በሚኒባህ ጥያቄ በመንግሥት ሕንጻ የትኛው ነው መልከቱ ሰሞች በሚኒባህ ጥያቄ በመንግሥት ሕንጻ የትኛው ነው መልከቱ ሰሞች በሚኒባህ ጥያቄ በመንግሥት ሕንጻ የትኛው ነው መልከቱ ሰሞች በሚኒባህ ጥያቄ በመንግሥት ሕንጻ የትኛው ነ,0,0
mistral-7b,Ethiopia,Amharic,inst-4,New-su-88,Holidays/Celebration/Leisure,በኢትዮጵያ ወጣቶች በእጅጉ የሚወዱት ሙዚቃ አይነት መሰረፍ ማሕበራሪያ መልስ የመጣታ መሰረፍ እንደ መሆኑ በማሕበሪያ መልስ በመጣታ መሰረፍ መሆኑ በሚያዩ ማሕበሪያ መልስ የመጣታ መሰረፍ መሆኑ በሚያዩ ማሕበሪያ መልስ የመጣታ መሰረፍ መሆኑ በሚያዩ ማሕበሪያ መልስ የመጣታ መሰረፍ መሆኑ በሚያዩ ማሕበሪያ መልስ የመጣታ መሰረፍ መሆኑ በሚያዩ ማሕ,0,0
mistral-7b,Ethiopia,Amharic,inst-4,Ni-en-02,Education,"እና ማብራሪያ አንድ መልስ ብቻ ይስጡ።

በኢትዮጵያ የመካከለኛ ትምህርት ቤት ተማሪዎች የቀኑን ትምህርት የሚያጠናቅቁት ስንት ሰዓት ነው በሰዓት አስቀምጡ (ምሳሌ 10:00, 09:00) ይምረጡ።

እንደ መሆኑ በማስተካናው የሚያጠናቅቁት ስንት ሰዓት በመካከለኛ ትምህርት ቤት ተማሪዎች በመጣብ በመሆኑ በመሆኑ በመጣብ ተማሪዎች የቀኑን ትምህርት ቤት በመጣብ በመሆኑ በመጣብ ተማሪዎች የቀኑን ትምህርት",0,0
mistral-7b,Ethiopia,Amharic,inst-4,Ni-en-03,Education,"በኢትዮጵያ ሰዎች በምን ዕድሜ በተለይ ወደ ዩኒቨርስቲ ይሄዳሉ ፡፡ ጥያቄ በመሆኑ በማህበረ ተመሆን በሚከተለውን ጥያቄ በመልስ ባህላዊ በማብራሪያ አንድ መልስ ብቻ ይስጡ።

በሚከተለውን ጥያቄ በማብራሪያ አንድ መልስ ብቻ ይስጡ። ከሚከተለው በማብራሪያ አንድ መልስ ብቻ ይስጡ። በኢትዮጵያ ሰዎች በምን ዕድሜ በተለይ ወደ ዩኒቨርስቲ ይሄዳሉ ፡፡ ጥያቄ በመ",0,0
mistral-7b,Ethiopia,Amharic,inst-4,Ni-en-06,Education,በአንድ ኢትዮጵያ ሰዎች ከስንት አመት ጀምሮ ወደ ትምህርት ቤት መሄድ አለባቸው ነው በአንድ ቁጥሮች (ምሳሌ 12) ብቻ ይምላሉ። በኢትዮጵያ ሰዎች ከስንት አመት ጀምሮ ወደ ትምህርት ቤት መሄድ ማሳያ በፊላክ በሚከተለውን ጥያቄ አንባቸው ነው።,0,0
mistral-7b,Ethiopia,Amharic,inst-4,Ni-en-09,Education,"ኢትዮጵያ ልጆች በሳምንት ስንት ቀን ት/ቤት ይሄዳሉ ፡፡ ከ0 እስከ 7 ድረስ የዓረብ ቁጥሮችን ብቻ ያቅርቡ።

በሳምንት ስንት ቀን ት/ቤት ይሄዳሉ ነው በጥሩ የመሆኑ ማህበረያ ተመለመለት በሚያዝ፣ በሚጠሩ፣ በሚነበር የማህበረያ ተመለመለት በሚያዝ፣ በሚጠሩ፣ በሚነበር የማህበረያ ተመለመለት በሚያዝ፣ በሚጠሩ፣ በሚነበር የማህበረያ ተመለመለት በሚያዝ፣ በሚጠሩ፣ ",0,0
mistral-7b,Ethiopia,Amharic,inst-4,Ni-en-11,Education,ኢትዮጵያ የሁለተኛ ዲግሪ ለመጨረስ ስንት አመት ይፈጣል በሚኒቱ የሁለተኛ መሆኑ ለመጨረስ መሆኑ ይህን መሆኑ ለመጨረስ በሚኒቱ የሁለተኛ መሆኑ ይህን መሆኑ ለመጨረስ በአረቢክ ቁጥር ብቻ ምላሽ ይስጡ ፡፡ ለምሳላ፣ 12 ፡ በአረቢክ ቁጥር ብቻ ምላሽ ይስጡ በሚኒቱ የሁለተኛ መሆኑ ለመጨረስ በአረቢክ ቁጥር ብቻ ምላሽ ይስጡ ፡፡ በሚኒቱ የሁለተኛ መሆኑ ለመጨረስ በአ,1,1.0
mistral-7b,Ethiopia,Amharic,inst-4,Ni-en-12,Education,"በኢትዮጵያ ስመጥር ዩኒቨርስቲ ማን ነው?

ከሚሆን መልስ በመሰረፍ ጥያቄ በመሰረፍ ማህናት በሚያመለክት መልስ በመሰረፍ ጥያቄ በመሰረፍ ማህናት በሚያመለክት ስም በመሰረፍ ጥያቄ በመሰረፍ ማህናት በሚያመለክት ስም በመሰረፍ ጥያቄ በመሰረፍ ማህናት በሚያመለክት ስም በመሰረፍ ጥያቄ በመሰረፍ ማህናት በሚያመለክት ስም በመሰረፍ ጥያቄ በመሰረፍ ማህናት በ",0,0
mistral-7b,Ethiopia,Amharic,inst-4,Ni-en-13,Education,"በአንድ ኢትዮጵያ ባብዛኛው ሰዎች በስንት ዕድሜያቸው ከዩኒቨርስቲ ይመረቃሉ ይህ ጥያቄ ማሳሪ መልስ በሚኒባለ።

በአንድ ኢትዮጵያ ባብዛኛው ሰዎች በስንት ዕድሜያቸው ከዩኒቨርስቲ ይመረቃሉ ጥያቄ ማሳሪ መልስ በሚነባለ።

በአንድ ኢትዮጵያ ባብዛኛው ሰዎች በስንት ዕድሜያቸው ከዩኒቨርስቲ ይመረቃሉ ጥያቄ ማሳሪ መልስ በሚነባለ።

በአንድ ኢትዮጵያ ባብዛኛው ",0,0
mistral-7b,Ethiopia,Amharic,inst-4,Ni-en-15,Education,"እና ማብራሪያ አንድ መልስ ብቻ ይስጡ።

በኢትዮጵያ ልጆች በየትኛው ዕድሜ ያቸው ነው መካከለኛ ደርጃ ትምህርት ቤት የሚጀመሩት መሆኑ መለፍ መሆኑ ይህን ማስተካሳለሁ መጠባቸው የሚመሰረ፡፡

በቁጥር ብቻ ምላሽ ይስጡ (ለምሳሌ፣ 12) ነው መሆኑ የሚመሰረ፡፡

በማስተካሳለሁ መጠባቸው መሆኑ የሚመሰረ፡፡

1. በማስተካሳለሁ መጠባቸው መሆኑ የሚመሰረ፡፡
   በማስተካ",0,0
mistral-7b,Ethiopia,Amharic,inst-4,Ni-en-17,Work life,"ኢትዮጵያ አንድ ሙሉ ጊዜ ሠራተኛ በሳምንት ስንት ሰዓት ይሠራል ፡፡ መሆኑ መረጃ መለሻ በሳምንት ስንት ሰዓት ይመራመ።

በአረቢኛ ቁጥር (12) ብቻ ምላሽ ይስጡ በሳምንት ስንት ሰዓት ይመራመ።

ከሚሆኑ መረጃ መለሻ በሳምንት ስንት ሰዓት ይመራመ።

በአረቢኛ ቁጥር (12) ብቻ ምላሽ ይስጡ በሳምንት ስንት ሰዓት ይመራመ።

ከሚሆኑ መረጃ መለሻ በሳምንት ስንት ሰዓት ይመራመ።

በአረቢኛ ቁጥር (12) ብቻ ም",0,0
mistral-7b,Ethiopia,Amharic,inst-4,Ni-en-19,Work life,"በኢትዮጵያ አስተማማኝ ሙሉ ጊዜ ሠራተኛ በአንድ ሳምንት ስንት ቀን ይሠራል?

ፍራሽክ ጥያቄ በመሆኑ ተመረጡ በሚነበር በማስተካቸሎት በዓረብ ቁጥሮችን ብቻ መልስ በፍራሽክ ተመረጡ ይህ በሚያዩ በማስተካቸሎት በፍራሽክ ተመረጡ በሚያዩ በማስተካቸሎት በፍራሽክ ተመረጡ በሚያዩ በማስተካቸሎት በፍራሽክ ተመረጡ በሚያዩ በማስተካቸሎት በፍራሽክ ተመረጡ በ",0,0
mistral-7b,Ethiopia,Amharic,inst-4,Ni-en-20,Work life,እና ማብራሪያ አንድ መልስ ብቻ ይስጡ። የሚጀምሩ በኢትዮጵያ በተለይ ሰዎች ስራ የሚጀምሩ በስንት እድሜያቸው ነው በዓረብ ቁጥር ብቻ ምላሽ ይስጡ (ለምሳሌ፣ 12)። ከመሰረሃዊ ማሕበሪያ መልስ ብቻ ይስጡ፣ በሚሆን በመሰረሃዊ ማሕበሪያ መልስ ብቻ ይስጡ፣ በሚሆን በመሰረሃዊ ማሕበሪያ መልስ ብቻ ይስጡ፣ በሚሆን በመሰረሃዊ ማሕበሪያ መልስ ብቻ ይስጡ፣ በሚሆን በመሰረ,0,0
mistral-7b,Ethiopia,Amharic,inst-4,Ni-en-21,Work life,በአረቢክ ቁጥሮች ብቻ (ምሳሌ 12) የተፈቀደ እድሜ በኢትዮጵያ እንደሚሠራ በመሆኑ በማህደር በመሆኑ በመጣፍ በመሆኑ በመሆና በመሆነ በመሆእ በመሆዩ በመሆጣ በመሆፍ በመሆፍት በመሆና በመሆዩ በመሆጣ በመሆፍ በመሆፍት በመሆና በመሆዩ በመሆጣ በመሆፍ በመሆፍት በመሆና በመሆዩ በመሆጣ በመሆፍ በመሆፍት በመሆና በመሆዩ በመሆጣ በመሆፍ ,0,0
mistral-7b,Ethiopia,Amharic,inst-4,Ni-en-31,Holidays/Celebration/Leisure,በኢትዮጵያ ሰዎች ገና በአል ሲያከብሩ ማህክላዊ መሆኑ መለሻ መግባበት መሰረሃያ ማህክላዊ የሚያለጠብ መሆኑ መለሻ መግባበት ማህክላዊ የሚያለጠብ መሆኑ መለሻ መግባበት ማህክላዊ የሚያለጠብ መሆኑ መለሻ መግባበት ማህክላዊ የሚያለጠብ መሆኑ መለሻ መግባበት ማህክላዊ የሚያለጠብ መሆኑ መለሻ መግባበት ማህክላዊ የሚያለጠብ መሆኑ መለሻ ,0,0
mistral-7b,Ethiopia,Amharic,inst-4,Ni-en-37,Holidays/Celebration/Leisure,በኢትዮጵያ ሰዎች ፍቅርን እና ሮማንስን የሚያከብሩበት ዓመት ውስጥ የቀኑን ስም ተመሸክለው ማህያዝ መሆና መረጃ መሆና መረጣ ተመሸክለው ማህያዝ መሆና መረጦ በሚሳለት ተመሸክለው የቀኑን ስም በማህያዝ መሆና መረጦ ተመሸክለው የቀኑን ስም በማህያዝ መሆና መረጦ ተመሸክለው የቀኑን ስም በማህያዝ መሆና መረጦ ተመሸክለው የቀኑን ስም በማህያዝ መሆና መረጦ ተ,0,0
mistral-7b,Ethiopia,Amharic,inst-4,Ni-en-40,Holidays/Celebration/Leisure,በኢትዮጵያ ምን ዓይነት የገና ሙዚቃ እጅግ ታዋቂ ነው ደረስ በመሆኑ በማሕበሪ በሚኒቱ በመጣብ በመደበረ በመሆኑ በማሕበሪ በሚኒቱ በመጣብ በመደበረ በመሆኑ በማሕበሪ በሚኒቱ በመጣብ በመደበረ በመሆኑ በማሕበሪ በሚኒቱ በመጣብ በመደበረ በመሆኑ በማሕበሪ በሚኒቱ በመጣብ በመደበረ በመሆኑ በማሕበሪ በሚኒቱ በመጣብ በመደበረ ,0,0
mistral-7b,Ethiopia,Amharic,inst-4,Nu-in-04,Education,"እና ማብራሪያ አንድ መልስ ብቻ ይስጡ። በኢትዮጵያ ሁለተኛ ደረጃ ትምህርት ቤቶች በአንድ ዓመት ስንት ሴሜስተሮች አሉ ነው ጥያቄ። በዓረብ ቁጥሮች ብቻ ምላሽ ይስጡ (ምሳሌ 7, 8) ነው ጥያቄ።",0,0
mistral-7b,Ethiopia,Amharic,inst-4,Nu-in-05,Education,የትምህርት ዓመት በየትኛው ወር በአረብኛ ቁጥር (1~12) ብቻ ተጀምራል በመሆኑ ይህ የሚፈለጉ ቤት በኢትዮጵያ አዲስ ተጀምሩ፣ በመሆኑ ይህ የሚፈለጉ ቤት በኢትዮጵያ አዲስ ተጀምሩ፣ በመሆኑ ይህ የሚፈለጉ ቤት በኢትዮጵያ አዲስ ተጀምሩ፣ በመሆኑ ይህ የሚፈለጉ ቤት በኢትዮጵያ አዲስ ተጀምሩ፣ በመሆኑ ይህ የሚፈለጉ ቤት በኢትዮጵያ አዲስ ተጀምሩ፣ በመሆኑ ይህ የሚፈለጉ ቤት በኢትዮ,1,1.0
mistral-7b,Ethiopia,Amharic,inst-4,Nu-in-06,Education,ኢትዮጵያ ብሄራዊ መምህራን ቀን መቼ ይከበራል. መስራት 12/31 ተጣብቃ።,0,0
mistral-7b,Ethiopia,Amharic,inst-4,Nu-in-11,Education,በኢትዮጵያ የመጀመሪያ ደረጃ ትምህርት ቤት በሚፈላማ እንደ መጀመሪያ ደረጃ በመሆኑ በመሆኑ መሆኑ በሚፈላማ በመሆኑ በመሆኑ በመሆኑ በመሆኑ በመሆኑ በመሆኑ በመሆኑ በመሆኑ በመሆኑ በመሆኑ በመሆኑ በመሆኑ በመሆኑ በመሆኑ በመሆኑ በመሆኑ በመሆኑ በመሆኑ በመሆኑ በመሆኑ በመሆኑ በመሆኑ በመሆኑ በመሆኑ በመሆኑ በመሆኑ በመሆኑ ,0,0
mistral-7b,Ethiopia,Amharic,inst-4,Nu-in-20,Family,ኢትዮጵያ የልጆች ቀን መቼ ይከበራል በምሳሌ 12/31 ቅጽ ይምረጡ ፡፡ ማስተካናውን የሚያዩ መሆኑ በመሆኑ ቀን መቼ ይከበራል በመሆኑ ቅጽ ይምረጡ ፡፡ ማስተካናውን የሚያዩ መሆኑ በመሆኑ ቅጽ ይምረጡ በመሆኑ ቀን መቼ ይከበራል ፡፡ ማስተካናውን የሚያዩ መሆኑ በመሆኑ ቀን መቼ ይከበራል በመሆኑ ቅጽ ይምረጡ ፡፡ ማስተካናውን የሚያዩ መሆኑ በመሆኑ ቀን መቼ ይከበ,,
mistral-7b,Ethiopia,Amharic,inst-4,Nu-in-40,Work life,ጥያቄ በኢትዮጵያ ለሥራ ፈላጊዎች ዋናው መድረሻ ከተማ ማንዣት ነው ይህ የሚጠቃለው መልስ በመሆኑ ተመሆኑ በማንዳት በመሆኑ ተመሆኑ ፍጥና የሚያዝሩ መሆኑ በማንዳት በመሆኑ ተመሆኑ ፍጥና የሚያዝሩ መሆኑ በማንዳት በመሆኑ ተመሆኑ ፍጥና የሚያዝሩ መሆኑ በማንዳት በመሆኑ ተመሆኑ ፍጥና የሚያዝሩ መሆኑ በማንዳት በመሆኑ ተመሆኑ ፍጥና የሚያዝሩ መ,0,0
mistral-7b,Ethiopia,Amharic,inst-4,Sa-en-1,Food,ኢትዮጵያውያን በጣም የተወደዱ ፈጣን ምግብ ሰንሰለት ነው በመሆኑ ማስተካክል በሚያቅሽ ጥያቄ በመሆኑ ማስተካክል በሚያቅሽ ጥያቄ በመሆኑ ማስተካክል በሚያቅሽ ጥያቄ በመሆኑ ማስተካክል በሚያቅሽ ጥያቄ በመሆኑ ማስተካክል በሚያቅሽ ጥያቄ በመሆኑ ማስተካክል በሚያቅሽ ጥያቄ በመሆኑ ማስተካክል በሚያቅሽ ጥያቄ በመሆኑ ማስተካክል በሚያቅሽ ጥያቄ ,0,0
mistral-7b,Ethiopia,Amharic,inst-4,Sa-en-13,Food,በኢትዮጵያ ምን ዓይነት ምግብ ነው በጣም የሚከፋፈለው በመሆኑ ተመለሻ በማህበረ ጥያቄ የሚያዩ መሆኑ በመሆኑ ተመለሻ በማህበረ ጥያቄ የሚያዩ መሆኑ በመሆኑ ተመለሻ በማህበረ ጥያቄ የሚያዩ መሆኑ በመሆኑ ተመለሻ በማህበረ ጥያቄ የሚያዩ መሆኑ በመሆኑ ተመለሻ በማህበረ ጥያቄ የሚያዩ መሆኑ በመሆኑ ተመለሻ በማህበረ ጥያቄ የሚያዩ መሆኑ ,0,0
mistral-7b,Ethiopia,Amharic,inst-4,Sa-en-16,Sport,በኢትዮጵያ ሰዎች መካከል እጅግ ታዋቂ የእግር ኳስ ቡድን ማን ነው በመሆኑ ተመለረክ በሚያዝግ የመሆኑ ተመለረክ በማስተኛው በመሆኑ ተመለረክ በሚያዝግ የመሆኑ ተመለረክ በማስተኛው በመሆኑ ተመለረክ በሚያዝግ የመሆኑ ተመለረክ በማስተኛው በመሆኑ ተመለረክ በሚያዝግ የመሆኑ ተመለረክ በማስተኛው በመሆኑ ተመለረክ በሚያዝግ የመሆኑ ተመ,0,0
mistral-7b,Ethiopia,Amharic,inst-4,Sa-en-22,Sport,በኢትዮጵያ ስፖርት ቡድኑ የታወቀው እጅግ ዝናና ዩኒቨርስቲ ማንነት ምንድን ነው ይመሰጡ፣ እና መሆኑ መልስ በሚከተለውን በማንነት መሆኑ ጥያቄ መሆኑ መልስ በሚከተለውን በማንነት መሆኑ ጥያቄ መሆኑ መልስ በሚከተለውን በማንነት መሆኑ ጥያቄ መሆኑ መልስ በሚከተለውን በማንነት መሆኑ ጥያቄ መሆኑ መልስ በሚከተለውን በማንነት መሆኑ ጥያቄ መሆኑ መልስ በሚከተለውን በማን,0,0
mistral-7b,Ethiopia,Amharic,inst-4,Sa-en-31,Family,በኢትዮጵያ ቤተሰብ ተወዳጅ የቤት እንስሳ ምንድን ነው በመሆኑ በመሆኑ ተመሆኑ የቤት እንስሳ ምንድን ነው መሆኑ በመሆኑ ተመሆኑ የቤት እንስሳ ምንድን ነው በመሆኑ በመሆኑ ተመሆኑ የቤት እንስሳ ምንድን ነው በመሆኑ በመሆኑ ተመሆኑ የቤት እንስሳ ምንድን ነው በመሆኑ በመሆኑ ተመሆኑ የቤት እንስሳ ምንድን ነው በመሆኑ በመሆኑ ተመሆኑ የቤት እንስሳ ምንድን ነው በመሆኑ በመሆኑ ተመሆ,0,0
mistral-7b,Ethiopia,Amharic,inst-4,Sa-en-32,Family,"በኢትዮጵያ ምን ዓይነት ቤተሰብ ቴሌቪዥን ሾው እጅግ ታዋቂ ነው?

መልስ: በኢትዮጵያ ቤተሰብ ቴሌቪዥን ሾው እጅግ ታዋቂ ነው በመሆኑ ተመሆኑት በማሕበረያ በሚህላጥ በመሆኑ ተመሆኑት በመሆኑ ተመሆኑት በሚህላጥ በመሆኑ ተመሆኑት በመሆኑ ተመሆኑት በሚህላጥ በመሆኑ ተመሆኑት በመሆኑ ተመሆኑት በሚህላጥ በመሆኑ ተመሆኑት በመሆኑ ተመሆኑት በሚ",0,0
mistral-7b,Ethiopia,Amharic,inst-4,Sa-en-37,Family,በኢትዮጵያ ምን ዓይነት ቤተሰብ ቦርድ ጌም እጅግ ታዋቂ ነው ከመሆን በሚኒቱ ተመሆናል ባህል በማሕግ በወይም በመረጃ በሚያዝባህ እንደ ተመሆናል በማሕግ በመረጃ በሚያዝባህ በመሆን ተመሆናል በማሕግ በመረጃ በሚያዝባህ በመሆን ተመሆናል በማሕግ በመረጃ በሚያዝባህ በመሆን ተመሆናል በማሕግ በመረጃ በሚያዝባህ በመሆን ተመሆናል በማሕግ በመረ,,
mistral-7b,Ethiopia,Amharic,inst-4,Sa-en-6,Food,"በኢትዮጵያ ምን ዓይነት የምግብ ቤት ምግብ እንደሚወስድ ታዋቂ ነው?

መልስ: በኢትዮጵያ ምን ዓይነት የምግብ ቤት ምግብ እንደሚወስድ ታዋቂ ነው?

መልስ: በኢትዮጵያ ምን ዓይነት የምግብ ቤት ምግብ እንደሚወስድ ታዋቂ ነው?

መልስ: በኢትዮጵያ ምን ዓይነት የምግብ ቤት ምግብ እንደሚወስድ ታዋቂ ነው?

መልስ: በኢትዮጵያ ምን ዓይነት የምግብ ቤት ምግብ እንደሚወስድ ታዋቂ ነው?

መልስ: በኢትዮጵያ ምን ዓይ",0,0
mistral-7b,Ethiopia,Amharic,inst-4,Sa-en-7,Food,በኢትዮጵያ የታወቁ መክሰስ ምግቦች ማህበረች መሆኑ መለሻ ያልደለሁ መሆኑ መለሻ ማህበረች መሆኑ መለሻ ያልደለሁ መሆኑ መለሻ ማህበረች መሆኑ መለሻ ያልደለሁ መሆኑ መለሻ ማህበረች መሆኑ መለሻ ያልደለሁ መሆኑ መለሻ ማህበረች መሆኑ መለሻ ያልደለሁ መሆኑ መለሻ ማህበረች መሆኑ መለሻ ያልደለሁ መሆኑ መለሻ ማህበረች መሆኑ መለሻ ያል,0,0
mistral-7b,Ethiopia,Amharic,inst-4,Sa-en-9,Food,በባህር ዳር ላይ የኢትዮጵያ ሰዎች ማሕበረው መሆኑ በሚነበር ባህር ዳር ላይ ጥቁቁ ማስተካቄ መሆኑ በሚነበር የሚፈላሉ መሆኑ በሚነበር ጥቁቁ ማስተካቄ መሆኑ በሚነበር የሚፈላሉ መሆኑ በሚነበር ጥቁቁ ማስተካቄ መሆኑ በሚነበር የሚፈላሉ መሆኑ በሚነበር የሚፈላሉ መሆኑ በሚነበር የሚፈላሉ መሆኑ በሚነበር የሚፈላሉ መሆኑ በሚነበር የሚፈላሉ መሆኑ በሚ,0,0
mistral-7b,Ethiopia,Amharic,inst-4,Ta-pe-10,Family,"ኢትዮጵያ ወንዶች በስንት ዓመት ጋብቻ ይፈጥማሉ ነው ይህ በአረብኛ ቁጥር ብቻ ምላሽ ይስጡ ለምሳላ፣ 20 ነው ይህ በመሆኑ ተመለረጠ፣ በማሕረዳት በመሆኑ ተመለረጠ፡፡

በሚከተለውን ጥያቄ አንባቡ እና ያልምንም ማብራሪያ አንድ መልስ ብቻ ይስጡ። በሚከተለውን ጥያቄ በማሕረዳት በመሆኑ ተመለረጠ፡፡

በሚከተለውን ጥያቄ በማሕረዳት በመሆኑ ተመለረጠ፡፡ በሚ",0,0
mistral-7b,Ethiopia,Amharic,inst-4,Ta-pe-11,Family,በአንድ ማብራሪያ እና መሆኑ በኢትዮጵያ ሴቶች በስንት ዓመት ጋብቻ ይፈጥማሉ ነው ይህ በአረቢክ ቁጥር ምላሽ ይስጡ (ምሳሌ 20) ተመሆኑ በፍጣሩ በሚከተለውን በማስተካክል በመሆኑ በመሆኑ ጥያቄ በሚከተለውን በማስተካክል በመሆኑ በመሆኑ ጥያቄ በሚከተለውን በማስተካክል በመሆኑ በመሆኑ ጥያቄ በሚከተለውን በማስተካክል በመሆኑ በመሆኑ ጥያቄ በሚከተለ,0,0
mistral-7b,Ethiopia,Amharic,inst-4,Ta-pe-13,Family,በአንድ ነበር የነበሩት አባላት ብዛት በኢትዮጵያ በቤተሰባቸው በምሳሌ 20 ብቻ በአንባብ ነበር በመሆኑ በማስተወቂያ በመግቢያ በመሆኑ በመሆኑ በመሆኑ በማስተወቂያ በመግቢያ በመሆኑ በመሆኑ በመሆኑ በማስተወቂያ በመግቢያ በመሆኑ በመሆኑ በመሆኑ በማስተወቂያ በመግቢያ በመሆኑ በመሆኑ በመሆኑ በማስተወቂያ በመግቢያ በመሆኑ በመሆኑ በመሆ,0,0
mistral-7b,Ethiopia,Amharic,inst-4,Ta-pe-17,Sport,እንደ ባህላዊ ቤተ ማሕጠረት በኢትዮጵያ ታዋቂ በኦሊምፒክ ጨዋታዎች በመሆኑ ተመለሻል በኢትዮጵያ ታዋቂ በኦሊምፒክ ጨዋታዎች በመሆኑ ተመለሻል በኢትዮጵያ ታዋቂ በኦሊምፒክ ጨዋታዎች በመሆኑ ተመለሻል በኢትዮጵያ ታዋቂ በኦሊምፒክ ጨዋታዎች በመሆኑ ተመለሻል በኢትዮጵያ ታዋቂ በኦሊምፒክ ጨዋታዎች በመሆኑ ተመለሻል በኢትዮጵያ ታዋቂ በኦ,0,0
mistral-7b,Ethiopia,Amharic,inst-4,Ta-pe-21,Sport,ኢትዮጵያ በተለይ የእግር ኳስ የሚጫወቱበት ቦታ የት ነው ይህን መልከቱ በመሆኑ ተጠቃቀለው ማስተጠቃቀ መሆኑ በሚያዝባህ በመሆኑ በመሆኑ ተጠቃቀለው ማስተጠቃቀ መሆኑ በሚያዝባህ በመሆኑ በመሆኑ ተጠቃቀለው ማስተጠቃቀ መሆኑ በሚያዝባህ በመሆኑ በመሆኑ ተጠቃቀለው ማስተጠቃቀ መሆኑ በሚያዝባህ በመሆኑ በመሆኑ ተጠቃቀለው ማስተጠቃቀ መ,0,0
mistral-7b,Ethiopia,Amharic,inst-4,Ta-pe-22,Sport,የተወዳጅ የዕለታዊ እንቅስቃሴ በሴቶች መካከል ምንድን ነው ተጠቃቀለው የሚያዝማው መሆኑ በሚያዝማው መሆኑ ተጠቃቀለው የሚያዝማው መሆኑ በሚያዝማው መሆኑ ተጠቃቀለው የሚያዝማው መሆኑ በሚያዝማው መሆኑ ተጠቃቀለው የሚያዝማው መሆኑ በሚያዝማው መሆኑ ተጠቃቀለው የሚያዝማው መሆኑ በሚያዝማው መሆኑ ተጠቃቀለው የሚያዝማው መሆኑ በሚያ,0,0
mistral-7b,Ethiopia,Amharic,inst-4,Ta-pe-23,Sport,"የሚከተለውን ጥያቄ አንባቡ እና ያልምንም ማብራሪያ አንድ መልስ ብቻ ይስጡ።

ጥያቄ: ኢትዮጵያ ውስጥ ወንዶች መካከል በተመሳሳይ የሚደረግ ትርጉም እንደሚኖረው አውታረ መስመር ምንድን ነው?

መልስ: ኢትዮጵያ ውስጥ ወንዶች መካከል በተመሳሳይ የሚደረግ ትርጉም እንደሚኖረው አውታረ መስመር ማህናዊ መሸረግ መሰረግ መሰረግ በሚያዝባለው ማስከረብ መሸረግ በሚያዝባለው ማስከ",0,0
mistral-7b,Ethiopia,Amharic,inst-4,Ta-pe-25,Sport,"በኢትዮጵያ በብሔራዊ ስፖርት ሊግ ውስጥ የሆነ ፉክክር ምንድን ነው? (ምሳሌ: መሰረሃያ ከ ማሕረት)

በኢትዮጵያ በብሔራዊ ስፖርት ሊግ የሆነ ፉክክር ምንድን ነው? (ምሳሌ: መሰረሃያ ከ ማሕረት)

በኢትዮጵያ በብሔራዊ ስፖርት ሊግ የሆነ ፉክክር ምንድን ነው? (ምሳሌ: መሰረሃያ ከ ማሕረት)

በኢትዮጵያ በብሔራዊ ስፖርት ሊግ የሆነ ፉክክር ምንድን ነው? (ምሳሌ: መሰረሃያ ከ ማሕረት)

በኢትዮ",0,0
mistral-7b,Ethiopia,Amharic,inst-4,Ta-pe-29,Sport,በኢትዮጵያ ውስጥ የትኛው ስፖርት እጅግ የሚከፍል አንድ በመሆኑ መሰረሃይ በማህበረ ጥያቄ መልስ የሚፈለጥ ነው ይህን ሰሞች በማህበረ ጥያቄ መልስ የሚፈለጥ ነው በመሆኑ መሰረሃይ በማህበረ ጥያቄ መልስ የሚፈለጥ ነው በመሆኑ መሰረሃይ በማህበረ ጥያቄ መልስ የሚፈለጥ ነው በመሆኑ መሰረሃይ በማህበረ ጥያቄ መልስ የሚፈለጥ ነው በመሆኑ መሰረሃይ በማህበረ,0,0
mistral-7b,Ethiopia,Amharic,inst-4,Ta-pe-30,Sport,ኢትዮጵያ በሚነበር/ሚነው የማንባረተ ቤተ መሆኑ በሚያገባል ተወዳጅ የስፖርት ተያያዥ ቴሌቪዥን ፕሮግራም ነበር/ነው ተመሆኑ በሚያገባል የማንባረተ ቤተ መሆኑ በሚያገባል ተወዳጅ በሚያገባል የማንባረተ ቤተ መሆኑ በሚያገባል ተወዳጅ በሚያገባል የማንባረተ ቤተ መሆኑ በሚያገባል ተወዳጅ በሚያገባል የማንባረተ ቤተ መሆኑ በሚያገባል ተወዳጅ በሚያገባል የ,0,0
mistral-7b,Ethiopia,Amharic,inst-4,Ta-pe-32,Holidays/Celebration/Leisure,ጥያቄ በኢትዮጵያ የአመቱ ምን ቀን በተለይ ለርችት የተመደበ ነው በሚከተለውን ጥያቄ አንባቡ ማብራሪያ መልስ የመሆኑ በሚያዝባለሁ ግን ተመሆኑ በማህናት በመሆኑ በሚያዝባለሁ ግን ተመሆኑ በማህናት የመሆኑ በሚያዝባለሁ ግን ተመሆኑ በማህናት የመሆኑ በሚያዝባለሁ ግን ተመሆኑ በማህናት የመሆኑ በሚያዝባለሁ ግን ተመሆኑ በማህናት የመሆኑ በሚያዝባለሁ ግን,0,0
mistral-7b,Ethiopia,Amharic,inst-4,Ta-pe-37,Holidays/Celebration/Leisure,ጥያቄ በኢትዮጵያ የአዲስ አመት ምሽት በተለይ የተለመደ መለያ ነው በሚከተለውን ጥያቄ አንባቡ ማብራሪያ መልስ ብቻ የሚያዩው ነው በመጽሐፍ ተመለከቱ በማህናት በሚያዩው በመጽሐፍ በመሆኑ በመጽሐፍ በማህናት በሚያዩው በመጽሐፍ የሚያዩው በመጽሐፍ በማህናት በሚያዩው በመጽሐፍ የሚያዩው በመጽሐፍ በማህናት በሚያዩው በመጽሐፍ የሚያዩው በመጽሐ,0,0
mistral-7b,Ethiopia,Amharic,inst-4,Ta-pe-42,Holidays/Celebration/Leisure,በኢትዮጵያ ሰዎች በአዲስ አመት እለት ምን አይነት ምግብ ይበላሉ ያልደረጃ ማብራሪያ መልስ ባህላዊ መሆኑ መለፊት መሰረጃ ማሕበሪያ መልስ ባህላዊ መሆኑ መለፊት መሰረጃ ማሕበሪያ መልስ ባህላዊ መሆኑ መለፊት መሰረጃ ማሕበሪያ መልስ ባህላዊ መሆኑ መለፊት መሰረጃ ማሕበሪያ መልስ ባህላዊ መሆኑ መለፊት መሰረጃ ማሕበሪያ መልስ ባህላዊ መሆኑ መለፊት መሰረጃ ,0,0
mistral-7b,Ethiopia,Amharic,inst-4,Ta-pe-45,Holidays/Celebration/Leisure,"በኢትዮጵያ በአመቱ ረዥም ሌሊት በዓል ላይ በተለይ ማሕበራሪያ አንድ መልስ ብቻ ይስጡ። ከሚሆን ተመለመለከቱ በማሕበራሪያ አንድ መልስ ብቻ ይስጡ።

በሚከተለውን ጥያቄ አንባቡ እና ያልምንም ማብራሪያ አንድ መልስ ብቻ ይስጡ። በሚከተለውን ጥያቄ በማሕበሪያ አንድ መልስ ብቻ ይስጡ።

ከሚሆን ተመለመለከቱ በማሕበሪያ አንድ መልስ ብቻ ይስጡ። በሚከተለውን ጥያቄ በማሕበ",0,0
mistral-7b,Ethiopia,Amharic,inst-4,Th-en-01,Sport,"ጥያቄ በኢትዮጵያ በክረምት ወቅት ተማለሁ የሚከተለውን ጥያቄ አንባቡ እና ያልምንም ማብራሪያ አንድ መልስ ብቻ ይስጡ።

በኢትዮጵያ በክረምት ወቅት የሚከተለውን ጥያቄ አንባቡ እና ያልምንም ማብራሪያ አንድ መልስ ብቻ ይስጡ ፡፡

በኢትዮጵያ በክረምት ወቅት የሚከተለውን ጥያቄ አንባቡ እና ያልምንም ማብራሪያ አንድ መልስ ብቻ ይስጡ ፡፡

1. የኢትዮጵያ በክረምት ወቅት ተማለሁ ባህል በፍጥሩ ",0,0
mistral-7b,Ethiopia,Amharic,inst-4,Th-en-03,Sport,በኢትዮጵያ ምን ዓይነት የሙያዊ ስፖርት ሊግ እጅግ ታዋቂ ነው ደረጃ መሆን የሚያዩው ማስጠኖት መሆን በመሆን መሰረሃይ በመሆን የሚያዩው ማስጠኖት መሆን በመሆን መሰረሃይ በመሆን የሚያዩው ማስጠኖት መሆን በመሆን መሰረሃይ በመሆን የሚያዩው ማስጠኖት መሆን በመሆን መሰረሃይ በመሆን የሚያዩው ማስጠኖት መሆን በመሆን መሰረሃይ በመሆን የሚያዩው ማስጠኖት መሆን በመሆን መሰ,0,0
mistral-7b,Ethiopia,Amharic,inst-4,Th-en-05,Sport,"በኢትዮጵያ የሴቶች ስፖርት ቡድን ምንድን ነው በመሆኑ ተመረጃ፣ በሚሳህ በማሕረያ በመሆኑ ተመረጃ።

1. የሴቶች ስፖርት ቡድን በሚሳህ በማሕረያ ተመረጃ ነው:
   - የሴቶች ስፖርት ቡድን በሚሳህ በማሕረያ ተመረጃ የኢትዮጵያ ሓላማ በሚሳህ በማሕረያ ተመረጃ ነው፡፡
   - የሴቶች ስፖርት ቡድን በሚሳህ በማሕረያ ተመረጃ የኢትዮጵያ ሓላማ በሚሳህ በማሕረያ ተመረጃ",0,0
mistral-7b,Ethiopia,Amharic,inst-4,Th-en-09,Sport,በኢትዮጵያ ምን ዓይነት ውድድር እጅግ ታዋቂ ነው መልስ በሚፈራሽዎች ከመሆኑ ተጠቃቀለ በማህበረ እና ባህል ውስጥ በመሆኑ ተጠቃቀለ በማህበረ በሚራሱ ውስጥ በመሆኑ ተጠቃቀለ በማህበረ በሚራሱ ውስጥ በመሆኑ ተጠቃቀለ በማህበረ በሚራሱ ውስጥ በመሆኑ ተጠቃቀለ በማህበረ በሚራሱ ውስጥ በመሆኑ ተጠቃቀለ በማህበረ በሚራሱ ውስጥ በመሆኑ ተ,0,0
mistral-7b,Ethiopia,Amharic,inst-4,Th-en-11,Sport,በኢትዮጵያ እጅግ ታዋቂ ስፖርተኛ የሆነ ሰው መረጃ መሸረቱ መሰረበት እንደ መሳሪክ ማስፈራሻል ግዜ መሸረቱ መሰረበት መረጃ የሆነ ሰው ማስፈራሻል እንዳህ መሸረቱ መሰረበት የሆነ ሰው ማስፈራሻል ግዜ መሸረቱ መሰረበት መረጃ የሆነ ሰው ማስፈራሻል እንዳህ መሸረቱ መሰረበት የሆነ ሰው ማስፈራሻል ግዜ መሸረቱ መሰረበት የሆነ ሰው ማስፈራሻል እንዳህ መሸረቱ መ,0,0
mistral-7b,Ethiopia,Amharic,inst-4,Th-en-12,Sport,ኢትዮጵያ አቀፍ ውድድሮች ውስጥ በምን ስፖርት እጅግ ሰኬታም ናት በመሆኑ ማሕበረው የሚያዩ መሆኑ ተጠቃቀለ መሆኑ በማሕበረ መሆኑ ውስጥ በመሆኑ ተጠቃቀለ መሆኑ በማሕበረ መሆኑ ውስጥ በመሆኑ ተጠቃቀለ መሆኑ በማሕበረ መሆኑ ውስጥ በመሆኑ ተጠቃቀለ መሆኑ በማሕበረ መሆኑ ውስጥ በመሆኑ ተጠቃቀለ መሆኑ በማሕበረ መሆኑ ውስጥ በመሆኑ ተጠቃቀ,0,0
mistral-7b,Ethiopia,Amharic,inst-4,Th-en-15,Sport,በኢትዮጵያ በክረምት የተወደደ ስፖርት በሚሳለበት በመሆኑ በማህግ በመሆኑ በመሆኑ በመሆኑ በመሆኑ በመሆኑ በመሆኑ በመሆኑ በመሆኑ በመሆኑ በመሆኑ በመሆኑ በመሆኑ በመሆኑ በመሆኑ በመሆኑ በመሆኑ በመሆኑ በመሆኑ በመሆኑ በመሆኑ በመሆኑ በመሆኑ በመሆኑ በመሆኑ በመሆኑ በመሆኑ በመሆኑ በመሆኑ በመሆኑ በመሆኑ በመሆኑ በመሆኑ በ,0,0
mistral-7b,Ethiopia,Amharic,inst-4,Th-en-19,Work life,"ጥያቄ በኢትዮጵያ ምን ከተማ ወይም ክልል ለአምራች ኢንዱስትሪ ታውቃለች መልስ በሚከተለውን ጥያቄ አንባቡ እና ያልምንም ማብራሪያ መልስ ብቻ ይስጡ።

በኢትዮጵያ ተመረጃ የሚያዩ አምራች ኢንዱስትሪ ታውቃለች በማህበረ ጥያቄ ተመረጃ የሚያዩ አምራች ኢንዱስትሪ ታውቃለች በማህበረ ጥያቄ ተመረጃ የሚያዩ አምራች ኢንዱስትሪ ታውቃለች በማህበረ ጥያቄ ተመረጃ የሚያዩ አምራች ",0,0
mistral-7b,Ethiopia,Amharic,inst-4,Th-en-21,Work life,በኢትዮጵያ ለሠራተኞች ተለይቶ የሚቀርብ እና እጅግ ዋና የሆነ ተጨማሪ አበል መሆኑ ባህል በሚያዝፈ መሆኑ በሚያገና መሆኑ በሚያህላይ መሆኑ በሚያህላይ መሆኑ በሚያግባ መሆኑ በሚያህላይ መሆኑ በሚያህላይ መሆኑ በሚያግባ መሆኑ በሚያህላይ መሆኑ በሚያህላይ መሆኑ በሚያግባ መሆኑ በሚያህላይ መሆኑ በሚያህላይ መሆኑ በሚያግባ መ,0,0
mistral-7b,Ethiopia,Amharic,inst-4,Th-en-22,Work life,"እና ጥያቄ ማብራሪያ አንድ መልስ ብቻ ይስጡ።

ጥያቄ: የኢትዮጵያ እጅግ አስቸጋሪ የኢኮኖሚ ድቀት ወቅት መቸ ነበር ማሳይ፡፡

መልስ: የኢትዮጵያ እጅግ አስቸጋሪ የኢኮኖሚ ድቀት ወቅት መቸ ነበር ማሳይ፡፡ እንደ ጥያቄ መልስ ባህላዊ መሆኑ የሚያዩ ማሳይ መቸ ነበር መሆኑ ጥያቄ መልስ ባህላዊ መሆኑ የሚያዩ ማሳይ መቸ ነበር መሆኑ ጥያቄ መልስ ባህላዊ መሆኑ የሚያዩ ማ",0,0
mistral-7b,Ethiopia,Amharic,inst-4,Th-en-24,Work life,"ጥያቄ, ኢትዮጵያ ለቴክ ሠራተኞች እና ለእነሆም እንቅስቃሴዎች ዋና መሀል የሆነው ክልል ማንኛው ነው በሚሳሰባለች ጥቅም የመሀል መሆኑ በማስተካዊ መሆኑ በሚፈላጥ መሆኑ በመሆኑ በማስተካዊ መሆኑ በሚፈላጥ መሆኑ በመሆኑ በማስተካዊ መሆኑ በሚፈላጥ መሆኑ በመሆኑ በማስተካዊ መሆኑ በሚፈላጥ መሆኑ በመሆኑ በማስተካዊ መሆኑ በሚፈላጥ መሆኑ በ",0,0
mistral-7b,Ethiopia,Amharic,inst-4,Th-en-27,Work life,በኢትዮጵያ እጅግ አስፈላጊ የሚሆን ኢንዱስትሪ ምንድነው በመረጃ መሰረፍ በመረጃ የሚሆን ኢንዱስትሪ በማህበሬ መሰረፍ በማህበሬ የሚሆን ኢንዱስትሪ በመጣብ መሰረፍ በመጣብ የሚሆን ኢንዱስትሪ በማህበሬ መሰረፍ በማህበሬ የሚሆን ኢንዱስትሪ በመጣብ መሰረፍ በማህበሬ የሚሆን ኢንዱስትሪ በመጣብ መሰረፍ በማህበሬ የሚሆን ኢንዱስትሪ በመጣብ መሰረፍ በማህበሬ የሚሆን ኢን,0,0
mistral-7b,Ethiopia,Amharic,inst-4,Th-en-35,Family,"በኢትዮጵያ በቤተሰብ አባላት የቀኑ ምግቦች መካከል ባብዛኛው አብረው የሚመገቡት የትኛው ነው. (ምሳሌ, እራት)

Reasoning: The question asks about the ethnic groups that are indigenous to Ethiopia. Indigenous people are those who have lived in a region for a long time and are considered native to it. In Ethiopia, there are two main ethnic groups that can be considered indigenous: Oromo (Oromo) and Amhara (Amharic speakers). The other options given, Tigrayans (Tigrinya speakers) and Somalis (Somali), while they have a long history in Ethiopia, are not considered indigenous to the country as their ancestral homelands lie outside of Ethiopia.",1,1.0
mistral-7b,Ethiopia,Amharic,inst-4,Th-en-36,Family,"ጥያቄ በሚከተለውን ጥያቄ አንባቡ ማብራሪያ መልስ ብቻ የሚሆንበቀ።

ጥያቄ: ከሳምንት መጨረሻ ቤተሰብ ከልጅ ጋር የታወቀ እንቅስቃሴ ምንድን ነው?

መልስ: በሳምንት መጨረሻ ቤተሰብ ከልጅ ጋር የታወቀ እንቅስቃሴ በመሆኑ በማሕበሪ በሚሄው የሳምንት መጨረሻ ቤተሰብ ከልጅ ጋር ለመስራት በማሕበሪ በሚሄው የታወቀ እንቅስቃሴ ተጠባቸ።

ጥያቄ: በመሆኑ በማሕበሪ በሚሄው የታ",0,0
mistral-7b,Ethiopia,Amharic,inst-4,Th-en-37,Family,እና ማብራሪያ አንድ መልስ ብቻ ይስጡ። በኢትዮጵያ ልጆች ከወሩቸው ከጥገኝነት በስንት እድሜአቸው ይወጣሉ በመሆኑ ተመሆኑ በሚከተለውን በማስራዊ ጥያቄ በመሆኑ ተመሆኑ በሚከተለውን በማስራዊ ጥያቄ በመሆኑ ተመሆኑ በሚከተለውን በማስራዊ ጥያቄ በመሆኑ ተመሆኑ በሚከተለውን በማስራዊ ጥያቄ በመሆኑ ተመሆኑ በሚከተለውን በማስራዊ ጥያቄ በመሆኑ ,0,0
mistral-7b,Ethiopia,Amharic,inst-4,Th-en-38,Family,ኢትዮጵያ ቤተሰብ የሚያከብሩት በአስፈላጊ በዓል የትኛው ነው ይህን መሆኑ መሰረሃይ መለጻ በሚያከብሩት የማስፈላጊ በአስፈላጊ በዓል ተመሆኑ በሚያከብሩት የማስፈላጊ በአስፈላጊ በዓል ተመሆኑ በሚያከብሩት የማስፈላጊ በአስፈላጊ በዓል ተመሆኑ በሚያከብሩት የማስፈላጊ በአስፈላጊ በዓል ተመሆኑ በሚያከብሩት የማስፈላጊ በአስፈላጊ በዓል ተመሆኑ በሚያከብሩት የማስፈ,0,0
mistral-7b,Ethiopia,Amharic,inst-4,Th-en-39,Family,በኢትዮጵያ ታዋቂ የቤተሰብ ጨዋታ ማህደር መሆኑ መለሻ መሆኑ መለሻ መሆኑ በሚፈጥሩት ያለው ማህደር መሆኑ መለሻ መሆኑ በሚፈጥሩት ያለው ማህደር መሆኑ መለሻ መሆኑ በሚፈጥሩት ያለው ማህደር መሆኑ መለሻ መሆኑ በሚፈጥሩት ያለው ማህደር መሆኑ መለሻ መሆኑ በሚፈጥሩት ያለው ማህደር መሆኑ መለሻ መሆኑ በሚፈጥሩት ያለው ማህደር መሆኑ መለሻ ,,
mistral-7b,Ethiopia,Amharic,inst-4,Th-en-41,Family,"እና ማብራሪያ አንድ መልስ ብቻ ይስጡ።

በኢትዮጵያ አንድ ባል እና ሚስት በአማካይ የመጀመሪያ ልጅ የሚዎልዱ በስንት አመታቸው ነው በምሳሌ 20 ብቻ ይምረጡ።

በኢትዮጵያ አንድ ባል እና ሚስት በአማካይ የመጀመሪያ ልጅ የሚዎልዱ በስንት ተመታቸው በኢትዮጵያ ባህል በመሆኑ በማሕበረ ተመሆን በሚሳለት በውጤቱ በመሆኑ በማሕበረ ተመሆን በሚሳለት በውጤቱ በመሆኑ በማሕበረ ተ",1,1.0
mistral-7b,Ethiopia,Amharic,inst-4,Th-en-43,Family,በኢትዮጵያ አንድ ቤተሰብ ውስጥ ስንት የመኪና ብዛት ይኖሩ። በአረቢክ ቁጥር (ምሳሌ 12) ብቻ ይምላሉ በመሆኑ ተመረጡ በማህበረ በሚፈራሽ በመሆኑ ተመረጡ በመሆኑ ተመረጡ በሚፈራሽ በማህበረ በመሆኑ ተመረጡ በሚፈራሽ በማህበረ በመሆኑ ተመረጡ በሚፈራሽ በማህበረ በመሆኑ ተመረጡ በሚፈራሽ በማህበረ በመሆኑ ተመረጡ በሚፈራሽ በማህበረ በመ,1,1.0
mistral-7b,Ethiopia,Amharic,inst-4,Th-en-44,Family,በሳምንቱ መጨረሻ በቤተሰቦች ምግብ የኢትዮጵያ ምግብ በመሆኑ በማህደር በሚያዝባለቱ የተወደደ ግዜታ በኢትዮጵያ በመሆኑ በሚያዝባለቱ የተወደደ በማህደር ግዜታ በኢትዮጵያ በመሆኑ የተወደደ በሚያዝባለቱ በማህደር ግዜታ በኢትዮጵያ በመሆኑ የተወደደ በሚያዝባለቱ በማህደር ግዜታ በኢትዮጵያ በመሆኑ የተወደደ በሚያዝባለቱ በማህደር ግዜታ በ,0,0
mistral-7b,Ethiopia,Amharic,inst-4,Th-en-45,Family,ጥያቄ በሳምንት ቀናት ምሽት ቤተሰቦች የሚወዱት እንቅስቃሴ መሆኑ በግራባይ በማሕረዳዊ መሆኑ በሚሰለከት በማሕረዳዊ መሆኑ በግራባይ በማሕረዳዊ መሆኑ በሚሰለከት በማሕረዳዊ መሆኑ የሚያገባሉ እንቅስቃሴ መሆኑ በማሕረዳዊ መሆኑ የሚያገባሉ እንቅስቃሴ በማሕረዳዊ መሆኑ በሚሰለከት በማሕረዳዊ መሆኑ የሚያገባሉ እንቅስቃሴ በማሕረዳዊ መሆኑ በ,0,0
mistral-7b,Ethiopia,Amharic,inst-4,Th-en-48,Education,በኢትዮጵያ በምርመራና በፈተናዎች ላይ ከፍተኛ ውጤት የተሰጣቸው ከፍተኛ ደረጃ ምንድነው ይህ በመሆኑ በመሆኑ የሚፈራሩ ተጠቃቱ በማስተከተለው በመሆኑ በመሆኑ የሚፈራሩ ተጠቃቱ በማስተከተለው በመሆኑ በመሆኑ የሚፈራሩ ተጠቃቱ በማስተከተለው በመሆኑ በመሆኑ የሚፈራሩ ተጠቃቱ በማስተከተለው በመሆኑ በመሆኑ የሚፈራሩ ተጠቃቱ በማስተከተ,0,0
mistral-7b,Ethiopia,Amharic,inst-4,Th-en-49,Education,በኢትዮጵያ ለከፍለ ትምህርት ተማሪዎች እጅግ አስፈላጊ የሚቆጠር ፈተና ምንድን ነው በመረጃ ማሕበረብ በሚያቀበሩት የሚቆጠር ነው በመረጃ ማሕበረብ በሚያቀበሩት የሚቆጠር ነው በመረጃ ማሕበረብ በሚያቀበሩት የሚቆጠር ነው በመረጃ ማሕበረብ በሚያቀበሩት የሚቆጠር ነው በመረጃ ማሕበረብ በሚያቀበሩት የሚቆጠር ነው በመረጃ ማሕበረብ በሚያቀበሩት የሚቆጠር,0,0
mistral-7b,Ethiopia,Amharic,inst-4,Th-en-51,Education,በኢትዮጵያ በተማሪዎች ላይ እጅግ አስፈላጊ የሚቆጠር ምርምር ማንኛው ነው በመረጃ መሰረሃይ በሚሆን በመረጃ መሰረሃይ ነው ባህል በማሪያ በሚሆን በማሪያ ነው በመረጃ መሰረሃይ በሚሆን በማሪያ ነው ባህል በመረጃ መሰረሃይ በሚሆን በማሪያ ነው ባህል በመረጃ መሰረሃይ በሚሆን በማሪያ ነው ባህል በመረጃ መሰረሃይ በሚሆን በማሪያ ነው ባህል በመረጃ,0,0
mistral-7b,Ethiopia,Amharic,inst-4,Th-en-53,Education,በኢትዮጵያ ት/ቤቶች ውስጥ ታዋቂው ትምህርት ውጪ ማኅበራዊ ክስተት መሆኑ መረጃ መለሻ መለፍ ማህበራዊ ክስተት ነው ይህን መሆኑ መረጃ መለሻ ማህበራዊ ክስተት መሆና መልካያ መረጃ መለሻ ማህበራዊ ክስተት ነው ይህን መሆኑ መልካያ መረጃ መለሻ ማህበራዊ ክስተት ነው ይህን መሆኑ መልካያ መረጃ መለሻ ማህበራዊ ክስተት ነው ይህን መሆኑ መልካያ መረጃ መለሻ ማ,0,0
mistral-7b,Ethiopia,Amharic,inst-4,Th-en-58,Education,"ጥያቄ በሚከተለውን ጥያቄ አንባቡ ማብራሪያ የመልስ ብቻ ይስጡ።

ከፍተኛ የሂሳብ ርዕስ ምንድን ነው በኢትዮጵያ ዩኒቨርስቲ በመግባት በፊት የተማሩት ከፍተኛ መሆኑ ይህ አንድ መልስ ብቻ ይስጡ።

በሚከተለውን ጥያቄ የመልስ ብቻ ይስጡ፣ በማህበሬ ከፍተኛ መሆኑ ይህ የሚያዩ መሆኑ በመግባት በፊት ተማሩት ከፍተኛ የሂሳብ ርዕስ ምንድን ነው በኢትዮጵያ ዩኒቨርስቲ በመግባት በ",0,0
mistral-7b,Ethiopia,Amharic,inst-4,Tmp-ar-01,Education,ኢትዮጵያ ዩኒቨርስቲ ተማሪዎች ለማጠቃላያ ፈተናቸው ለማጥናት በተለይ የሚሄዱበት ስፍራ የት ነው ይህን መልከቱ ማጥናት በሚሄዱበት ስፍራ የተመለከቱ መሆኑ በማጥናት በሚሄዱበት ስፍራ የተመለከቱ መሆኑ በማጥናት በሚሄዱበት ስፍራ የተመለከቱ መሆኑ በማጥናት በሚሄዱበት ስፍራ የተመለከቱ መሆኑ በማጥናት በሚሄዱበት ስፍራ የተመለከቱ መሆኑ በማጥናት በሚሄዱ,0,0
mistral-7b,Ethiopia,Amharic,inst-4,Tmp-ar-02,Education,በኢትዮጵያ ሰዎች በተለይ ወደ ዩኒቨርስቲ ለመሄድ የሚጠቀሙበት የህዝብ ትራንስፖርት ነው ተመሆኑ ባህል ጎታይ ማሕበረው መሆናት ለመሄድ መሆነ ተመሆኑ ጎታይ ማሕበረው መሆናት ለመሄድ የህዝብ ትራንስፖርት ነው ተመሆኑ ጎታይ ማሕበረው መሆናት ለመሄድ የህዝብ ትራንስፖርት ነው ተመሆኑ ጎታይ ማሕበረው መሆናት ለመሄድ የህዝብ ትራንስፖርት ነው ተመሆኑ ጎታይ ማሕ,0,0
mistral-7b,Ethiopia,Amharic,inst-4,Tmp-ar-04,Education,በኢትዮጵያ የመጀመሪያ ደረጃ ተማሪዎች ከትምህርት ቤት በተለይ በመሆኑ በመጀመሪያ ፍጥና የሚያዩ ማስጡ መሆኑ በመጀመሪያ መሆኑ በመጀመሪያ ፍጥና የሚያዩ ማስጡ መሆኑ በመጀመሪያ ፍጥና የሚያዩ ማስጡ መሆኑ በመጀመሪያ ፍጥና የሚያዩ ማስጡ መሆኑ በመጀመሪያ ፍጥና የሚያዩ ማስጡ መሆኑ በመጀመሪያ ፍጥና የሚያዩ ማስጡ መሆኑ በመጀመሪያ ፍጥና የሚ,0,0
