model,country,language,prompt_no,ID,topic,response,score,weight
qwen2.5-3b,Ethiopia,Amharic,inst-4,Al-en-01,Food,"የህብረት ጥያቄ አንቀርባት ተለዎም. በኢትዮጵያ ቅድመ መደበኛ ልጆች የተለመደ መክሰስ ነው ""የአፍሪካ ጥራነት"" (Awrangzeb). 

አፍሪካ ጥራነት ይህ በ1658-1705 ሁዳር ፣ኢትዮጵያ ቅድመ መደበኛ ልጆች ነው. ከተለመደ መክሰስ እና ያልምንም ማብራሪያ አንድ መልስ ብቻ ይስጡ።

እርግጥ, ንባህላዊ ግን ""${\displaystyle \text{Awrangzeb}}$"" በኢትዮጵያ ቅድመ መደበኛ ልጆች የተለመደ መክሰስ ነው።",0,0
qwen2.5-3b,Ethiopia,Amharic,inst-4,Al-en-02,Food,"የህ equation መልስ እና ያልምንም በኢትዮጵያ ቢራ ጋር ምግብ የተወደደ በማይቅርbur ፣አፍሪካ ይቻላል. በኢትዮጵያ ቢራ ጋር እናገር ያለውንም ምግብ የተወደደ በማይቅርbur ፣አፍሪካ ይቻላል. በኢትዮጵያ ቢራ ጋር እናገር ያለውንም ምግብ የተወደደ በማይቅርbur ፣አፍሪካ ይቻላል. 

እባክዎ መልስ እና ያልምንም በኢትዮጵያ ቢራ ጋር ምግብ የተወደደ በማይቅርbur ፣አፍሪካ ይቻላል.",0,0
qwen2.5-3b,Ethiopia,Amharic,inst-4,Al-en-04,Food,"የህብረት ጥያቄ ከፍተኛ አንድ መልስ ብቻ ይስጡ። ኢትዮጵያ ምን ዓይነት ፍሬ እጅግ ታዋቂ ነው? 

አብር ጥያቄ አለበት ንጥፎ ከፍተኛ አንድ መልስ ብቻ ይስጡ። ኢትዮጵያ ምን ዓይነት ፍሬ እጅግ ታዋቂ ነው? 

አብር ጥያቄ አለበት ንጥፎ ከፍተኛ አንድ መልስ ብቻ ይስጡ። ኢትዮጵያ ምን ዓይነት ፍሬ እጅግ ታዋቂ ነው? 

አብር ጥያቄ አለበት ንጥፎ ከፍተኛ አንድ መልስ ብቻ ይስጡ። ኢትዮጵያ ምን ዓይነት ፍሬ እጅግ ታዋቂ ነው? 

አብር ጥያቄ አለበት ንጥፎ ከፍተኛ አንድ መልስ ብቻ ይስጡ። ኢትዮጵያ ምን ዓይነት ፍሬ እጅግ ታዋቂ ነው? 

አብር ጥያቄ አለበት ንጥፎ ከፍተኛ አንድ መልስ ብቻ ይስጡ። ኢትዮጵያ ምን ዓይነት ፍሬ እጅግ ታዋቂ ",0,0
qwen2.5-3b,Ethiopia,Amharic,inst-4,Al-en-06,Food,"የናይ ጥያቄ አንበረ衡阳 ። በኢትዮጵያ ቤት መኖሪያ የተለመደ ምግብ በትምህርት ቤት ማንድነው? 

እባክዎ እናገኙ, በኢትዮጵያ ቤት መኖሪያ የተለመደ ምግብ በትምህርት ቤት ማንድነው ፣ ግን በትምህርት ቤት ነገር ያልሆንም መኖሪያ የተለመደ ምግብ ማንድነው. 

እባክዎ እናገኙ, በኢትዮጵያ ቤት የተለመደ ምግብ ማንድነው ፣ ግን በትምህርት ቤት መኖሪያ ያልሆንም ነገር ማንድነው. 

እባክዎ እናገኙ, በኢትዮጵያ ቤት የተለመደ ምግብ ማንድነው ፣ ግን በትምህርት ቤት መኖሪያ ማንድነው. 

እባክዎ እናገኙ, በኢትዮጵያ ቤት የተለመደ ምግብ ማንድነው ፣ ግን በትምህርት ቤት መኖሪያ ማንድነው. 

እባክዎ እናገኙ, በኢትዮጵያ ቤት የተለመደ ምግብ ማንድነው ፣ ግን በትምህርት ቤት መኖሪያ ማንድነ",0,0
qwen2.5-3b,Ethiopia,Amharic,inst-4,Al-en-08,Food,"የህብረት ጥያቄ ነው። በኢትዮጵያ በገባያ አዳራሽ ውስጥ በተለይ የሚበሉ ምግቦችን ማንኛውንም ናቸው እና ማብራሪያ ነው። ክፍል መልስ ንባቡ በኢትዮጵያ ውስጥ በገባያ አዳራሽ ውስጥ በተለይ የሚበሉ ምግቦችን ማንኛውንም ናቸው እና ማብራሪያ ነው።

የህብረት ጥያቄ ንባቡ በኢትዮጵያ ውስጥ በገባያ አዳራሽ ውስጥ በተለይ የሚበሉ ምግቦችን ማንኛውንም ናቸው እና ማብራሪያ ነው።

የህብረት ጥያቄ ንባቡ በኢትዮጵያ ውስጥ በገባያ አዳራሽ ውስጥ በተለይ የሚበሉ ምግቦችን ማንኛውንም ናቸው እና ማብራሪያ ነው።

የህብረት ጥያቄ ንባቡ በኢትዮጵያ ውስጥ በገባያ አዳራሽ ውስጥ በተለይ የሚበሉ ምግቦችን ማንኛውንም ናቸው እና ማብራሪያ ነው።

የህብረት ጥያቄ ንባቡ በኢትዮጵያ ውስጥ ",0,0
qwen2.5-3b,Ethiopia,Amharic,inst-4,Al-en-09,Food,"የህደት ጥያቄ ነው, ንምን ማለት በኢትዮጵያ የመዝናኛ ፓርክ ውስጥ ታዋቂ አሰራር ምግብ ምንድነው? 

የህደት ጥያቄ መልስ ነው ይህ ንምን ማለት ከፍተኛ ውስጥ ታዋቂ አሰራር ምግብ ምንድነት ይጠይቀናል. እናገናኛውንም, ኢትዮጵያ የመዝናኛ ፓርክ ውስጥ ታዋቂ አሰራር ምግብ ነው ንምን ማለት እና ማልምንም ማብራሪያ አንድ መልስ ብቻ ይጠይቀናል. 

እርስዎ ግን ኢትዮጵያ የመዝናኛ ፓርክ ውስጥ ታዋቂ አሰራር ምግብ ምንድነት ይጠይቀናል እናገናኛውንም, ኢትዮጵያ የመዝናኛ ፓርክ ውስጥ ታዋቂ አሰራር ምግብ ነው ንምን ማለት እና ማልምንም ማብራሪያ አንድ መልስ ብቻ ይጠይቀናል. 

እርስዎ ግን ኢትዮጵያ የመዝናኛ ፓርክ ውስጥ ታዋቂ አሰራር ምግብ ምንድነት ይ",0,0
qwen2.5-3b,Ethiopia,Amharic,inst-4,Al-en-16,Education,"የህደር ጥያቄ ማንኛongo, አገልግlish መልስ ነው በኢትዮጵያ ልጆች ቅድመ መደበኛ የሚጀምሩበት እድሜ ስንት ነው? 

የአፍቀም ጥያቄ አገልግlish ክፍል ነው, እና በኢትዮጵያ ልጆች ቅድመ መደበኛ የሚጀምሩበት እድሜ ስንት ነው 12. 

እርስዎ ጥያቄ አገልግlish ክፍል ነው, በኢትዮጵያ ልጆች ቅድመ መደበኛ የሚጀምሩበት እድሜ ስንት ነው 6. 

እባክዎ ጥያቄ አገልግlish ክፍል ነው, በኢትዮጵያ ልጆች ቅድመ መደበኛ የሚጀምሩበት እድሜ ስንት ነው 12. 

እባክዎ ጥያቄ አገልግlish ክፍል ነው, በኢትዮጵያ ልጆች ቅድመ መደበኛ የሚጀምሩበት እድሜ ስንት ነው 6. 

እባክዎ ጥያቄ አገልግlish ክፍል ነው, በኢትዮጵያ ልጆች ቅድመ መደበኛ የሚጀምሩበት እድሜ ስንት ነው 12. 

እባክዎ ጥያቄ አገል",0,0
qwen2.5-3b,Ethiopia,Amharic,inst-4,Al-en-17,Education,"የጥያቄ ግን እናገኙት በኢትዮጵያ ቤቶች የሚካሄድ ዝነኛ ስፖርት ዓይነት ይስጡ ይህ ነው:

ኢትዮጵያ ቤቶች የሚካሄድ ዝነኛ ስፖርት ዓይነት በመጀመሪያ ደረጃ ቤቶች በኋላ ይህ ነው:

1. ብለጻ ስፖርት
2. በአስተዳደљ ስፖርት

በኢትዮጵያ, ብለጻ ስፖርት በመጀመሪያ ደረጃ ቤቶች ከትምህርት በኋላ ዝነኛ ስ Tottenham Hotspur ቤቶች ይህ ነው. ብለጻ ስፖርት በኢትዮጵያ ቤቶች የሚካሄድ ዝነኛ ስ Tottenham Hotspur ቤቶች ይህ ነው.

አስተዳደљ ስፖርት በመጀመሪያ ደረጃ ቤቶች ከትምህርት በኋላ ዝነኛ ስ መንግስት ቤቶች ይህ ነው. በኢትዮጵያ ቤቶች የሚካሄድ ዝነኛ ስ መንግስት ቤቶች ይህ ነው.

በተደጎቷ ቤቶች ያለው ማንኛውንም ስፖርት ዓይነት ይህ ፍልድ ጥያቄ አንብቡ እና ያልም",0,0
qwen2.5-3b,Ethiopia,Amharic,inst-4,Al-en-18,Education,"የጥያቄ ግን በኢትዮጵያ በመጀመሪያ ደረጃ ትምህርት ተማሪዎቸ ማብራሪያ ነው, እና ከፍተኛው ለየትኛው የትምህርት አይነት ይጠቀመን።

ኢትዮጵያ በመጀመሪያ ደረጃ ትምህርት ተማሪዎቸ ማብራሪያ ነው፣ እና ከፍተኛው ለየትኛው የትምህርት አይነት ይጠቀመን ይባል። በኢትዮጵያ በመጀመሪያ ደረጃ ትምህርት ተማሪዎቸ ማብራሪያ ነው፣ እና ከፍተኛው ለየትኛው የትምህርት አይነት ይጠቀመን ይባል።

በኢትዮጵያ በመጀመሪያ ደረጃ ትምህርት ተማሪዎቸ ማብራሪያ ነው፣ እና ከፍተኛው ለየትኛው የትምህርት አይነት ይጠቀመን ይባል።

በኢትዮጵያ በመጀመሪያ ደረጃ ትምህርት ተማሪዎቸ ማብራሪያ ነው፣ እና ከፍተኛው ለየትኛው የትምህርት አይነት ይጠቀመን ይባል።

በኢትዮጵያ በመጀመሪያ ደረጃ ትምህር",0,0
qwen2.5-3b,Ethiopia,Amharic,inst-4,Al-en-19,Education,"የናይ ጥያቄ በኢትዮጵያ ትምህርት ተማሪዎች በሁለተኛ ደረጃ ምንድን ነው ይጠቀstile? በኢትዮጵያ ትምህርት ተማሪዎች በሁለተኛ ደረጃ ምንድን ነው ፣በለተኛ ቋንቋ ካል ጥሩ ነው. በኢትዮጵያ ትምህርት ተማሪዎች በሁለተኛ ደረጃ ምንድን ነው ፣በለተኛ ቋንቋ ካል ጥሩ ነበር።

አዲስ ንጻኢታዊ ተማሪዎች በኢትዮጵያ ማ命 ትምህርት ተማሪዎች ይጠቀstile ፣በለተኛ ቋንቋ ካል ጥሩ ነበር።

አዲስ ንጻኢታዊ ተማሪዎች ማ命 ትምህርት ተማሪዎች በሁለተኛ ደረጃ ምንድን ነው? በአዲስ ንጻኢታዊ ተማሪዎች ማ命 ትምህርት ተማሪዎች በሁለተኛ ደረጃ ምንድን ነው ፣በለተኛ ቋንቋ ካል ጥሩ ነበር።

የናይ ጥያቄ በኢትዮጵያ ትምህርት ተማሪዎች ማ命 በሁለተኛ ደረጃ ምንድን ነው ፣",0,0
qwen2.5-3b,Ethiopia,Amharic,inst-4,Al-en-21,Education,"የቁጥሮቷ መልስ እናገኝ, በኢትዮጵያ ለብልህ ተማሪ ጠቃሚ ያለው የትምህርት አይነት የቱ ነው ""አፍሪካ"" (Africa).

አፍሪካ እናገኝ በኢትዮጵያ ለብልህ ተማሪ ጠቃሚ ያለው የትምህርት አይነት የቱ ነው. አፍሪካ በአፍሪካዊ የትምህርት አይነት የቱ ነው, እና ማንኛውንም ክፍል አፍሪካ ግን በኢትዮጵያ ለብልህ ተማሪ ያለው የትምህርት አይነት የቱ ነው.",0,0
qwen2.5-3b,Ethiopia,Amharic,inst-4,Al-en-32,Holidays/Celebration/Leisure,"የህደር ጥያቄ ከፍተኛ ፕሮvided ነበτ, እና በኢትዮጵያ ለምስጋና ዋነኛው ምግብ ነገር ይህ መልስ በላይ ያልዕለ ግን ያልምንም ማብራሪያ ይቻላል. እናት ከፍተኛ ተጠቀሰ ነበτ, እና እነዚህ መልስ በኢትዮጵያ ለምስጋና ዋነኛው ምግብ ነገር ይህ ፕሮvided ከፍተኛ ግን ያልምንም ማብራሪያ ይቻላል. 

ኢትዮጵያ በዓል ዋነኛው ምግብ ነበτ, እና ከፍተኛ መልስ ካለዎ ይህ ግን ያልምንም ማብራሪያ ይቻላል. በኢትዮጵያ ለምስጋና ዋነኛው ምግብ ነገር እናት ከፍተኛ መልስ ካለዎ ይህ ግን ያልምንም ማብራሪያ ይቻላል.",1,1.0
qwen2.5-3b,Ethiopia,Amharic,inst-4,Al-en-33,Holidays/Celebration/Leisure,"የህብረተሰብ ጥያቄ ነው, ንጥዕታ በኢትዮጵያ ሃሎዊንን ለመውደም ሰዎች ያደርጋሉ ይሆን? 

የአፍቀነት ጥያቄ ነው, ንጥዕታ በኢትዮጵያ ሃሎዊንን ለመውደም ሰዎች ያደርጋሉ ይሆን? 

የአፍቀነት ጥያቄ ነው, ንጥዕታ በኢትዮጵያ ሃሎዊንን ለመውደም ሰዎች ያደርጋሉ ይሆን? 

የአፍቀነት ጥያቄ ነው, ንጥዕታ በኢትዮጵያ ሃሎዊንን ለመውደም ሰዎች ያደርጋሉ ይሆን? 

የአፍቀነት ጥያቄ ነው, ንጥዕታ በኢትዮጵያ ሃሎዊንን ለመውደም ሰዎች ያደርጋሉ ይሆን? 

የአፍቀነት ጥያቄ ነው, ንጥዕታ በኢትዮጵያ ሃሎዊንን ለመውደም ሰዎች ያደርጋሉ ይሆን? 

የአፍቀነት ጥያቄ ነው, ንጥዕታ በኢትዮጵያ ሃሎዊንን ለመውደም ሰዎች ያደርጋሉ ይሆን? 

የአፍቀነት ጥያቄ ነው, ንጥዕታ በኢ",,
qwen2.5-3b,Ethiopia,Amharic,inst-4,Al-en-34,Holidays/Celebration/Leisure,"የህንድነት ጥያቄ ነው። ሰዎች በኢትዮጵያ አዲስ አመት ቀን ሊያከብሩት ይጋese 1936-1974. በአዲስ አበባ ቀን ልደፍ ጥቃዱ ነው።

የተለumpt መልስ: ሰዎች በኢትዮጵያ አዲስ አመት ቀን 1936-1974 ያደርጋሉ.",0,0
qwen2.5-3b,Ethiopia,Amharic,inst-4,Al-en-35,Holidays/Celebration/Leisure,"የህብረተሰባት እና ያልምንም ማብራሪያ መልስ በኢትዮጵያ ሰዎች ገና በአል ለማክበር ይህ ፍጥነት እንደሚለው ይጡ።

የተሰጠው መልስ: በኢትዮጵያ ሰዎች ገና በአል ለማክበር ያደርጋሉ ነው ""አፒዮ"" (አፍሪካ).

እንዲ仓ም, በኢትዮጵያ ሰዎች ገና በአል ለማክበር ያደርጋሉ ይህ ፍጥነት እንደሚለው ይህ መልስ በኢትዮጵያ ሰዎች ገና በአፍሪካ ያደርጋሉ ይህ ነበτ.",0,0
qwen2.5-3b,Ethiopia,Amharic,inst-4,Al-en-36,Holidays/Celebration/Leisure,የህደት ፣ኢትዮጵያ ምግብ እና ሃሎዊን ጋር በአጻipcው መሰረት ይገኛል. በአጻipcው መሰረት ከሃሎዊን ጋር ተያይዞ ይህ ምግብ እና ሃሎዊን ጋር በኢትዮጵያ ያለው የአጻipcው መሰረት ፣በለጺ ይችላል. አገልግlish ንምን ያልምንም ማብራሪያ ብቻ ይስጡ ግን ከሃሎዊን ጋር ተያይዞ ይህ ምግብ አንድ መልስ ብቻ ይገኛል.,,
qwen2.5-3b,Ethiopia,Amharic,inst-4,Al-en-37,Holidays/Celebration/Leisure,"የህደር ጥያቄ ነው። በኢትዮጵያ በገና በዓል ላይ የተያያዘ ምግብ መልስ ፣ ክን Epicurean (እ epicureanism) መልስ እንደሚለው። Epicureanism በኢትዮጵያ ጽሑፍ ነገር ያላቸውም የተደጋጎቂ ምግብ መልስ ፣ በአማራኛ ብለዱ ይህ በመንበይ Epicureanism አንድ መልስ ነው።

ምን ጽሑፍ ከተያያዘ ምግብ መልስ ፣ በኢትዮጵያ በገና በዓል ያላቸው Epicureanism እንደሚለው ይህ ጽሑፍ ነበር።

እነዚህ ምግብ መልስ ንጥቀμት ፣ ከተያያዘ በኢትዮጵያ በገና በዓል ያላቸው ይህ ጽሑፍ ነበር። Epicureanism ማንኛongoed to be a significant philosophical movement in the West, but it is not as prominent or well-known in Ethiopia.",0,0
qwen2.5-3b,Ethiopia,Amharic,inst-4,Al-en-38,Holidays/Celebration/Leisure,"የህደር ጥያቄ ነው። በኢትዮጵያ በቪልንቴይን ቀን ምን ዓይነት ምግብ ይታያል በናገaran እና ፕሮግራም ነው። ከዚህ ግንባር መልስ እና ያልምንም ማብራሪያ አንድ መልስ ብቻ ይስጡ ይችላሉ?

እንደ በኢትዮጵያ በቪልንቴይን ቀን ምግብ ይታያል ግንባር ነው?",0,0
qwen2.5-3b,Ethiopia,Amharic,inst-4,Al-en-39,Holidays/Celebration/Leisure,"የህብረተሰብ ጥያቄ ነው, በኢትዮጵያ ሰዎች በልደታቸው ቀን ይበላሉ ይሆናል? ንምሳስያዊ መልስ እና ማብራሪያ አንድ መልስ ብቻ ያልምንም ይስጡ። ከፍተኛውንም, ኢትዮጵያ ሰዎች በልደታቸው ቀን ይበላሉ ይህ ጥያቄ አንብቡ ነው.",0,0
qwen2.5-3b,Ethiopia,Amharic,inst-4,Al-en-40,Holidays/Celebration/Leisure,የህብሮቹ ጥያቄ አላምንም ያልምንም ማብራሪያ ነበር. በኢትዮጵያ ቤተሰቦች ከታናሽ ልጆች ጋር ለመዝናናት የውጭ ቦታዎች እንደገን 105 ቦታዎች ያልሆን ይቻላል. በኢትዮጵያ ቤተሰቦች ልጆች ጋር ለመዝናናት እንደገን 105 ቦታዎች ያለው ቦታዎች አላም መልስ ይህ ፍቃቀበል ይጋese.,0,0
qwen2.5-3b,Ethiopia,Amharic,inst-4,Al-en-43,Holidays/Celebration/Leisure,"የህደር ጥያቄ አላምንም ያልምንም አንድ መልስ ብቻ ይስጡ. ልዩነት ነው ንባዙል, ኢትዮጵያ ለቤተሰቦች የታወቀ ውስጥ ቤት እንክብካቤ ጠቃሚ ነገር ይጠይቁ. ኢትዮጵያ ለቤተሰቦች የታወቀ ውስጥ ቤት እንክብካቤ መልስ ንባዙል ነው።",,
qwen2.5-3b,Ethiopia,Amharic,inst-4,An-ar-02,Education,የህብረተሰብ ፣ኢትዮጵያ ዩኒቨርስቲ ተማሪዎች ምሳቸውን የሚበሉበት ቦታ አዲስ ቦታ ነው. አዲስ ቦታ በኢትዮጵያ ጥራነት ክፍል ያለው ማባ牛 ፣አዲስ ንጻዱስ ኮርስ ከተማ ነው.,0,0
qwen2.5-3b,Ethiopia,Amharic,inst-4,An-ar-03,Education,"የህብረት አይደለgable ግን በኢትዮጵያ ቤቶች የማጠቃለያ ፈተና ባብዛኛው በአራቢኛ ቁጥሮች (1-12) እናም ያልምንም ይሆን። ኢትዮጵያ ቤቶች ማጠቃለያ ፈተና ባብዛኛው 12 ወር ይሆን፣ እና በአራቢኛ ቁጥሮች (1-12) እናም ያልምንም ይሆን።

እባክዎ ግን ማጠቃለያ ፈተና ባብዛኛው 12 ወር ይሆን፣ እና በአራቢኛ ቁጥሮች (1-12) እናም ያልምንም ይሆን።

እባክዎ ግን ማጠቃለያ ፈተና ባብዛኛው 12 ወር ይሆን፣ እና በአራቢኛ ቁጥሮች (1-12) እናም ያልምንም ይሆን።

እባክዎ ግን ማጠቃለያ ፈተና ባብዛኛው 12 ወር ይሆን፣ እና በአራቢኛ ቁጥሮች (1-12) እናም ያልምንም ይሆን።

እባክዎ ግን ማጠቃለያ ፈተና ባብዛኛው 12 ወር ይሆን፣ ",0,0
qwen2.5-3b,Ethiopia,Amharic,inst-4,An-ar-08,Education,"የህንድነት መልስ እናም ማብራሪያ አንድ መልስ ብቻ ይስጡ ግን በኢትዮጵያ ተማሪዎች ቀን ትምህርት ቤት ውስጥ ስንት ሰዓት ያሳልፋሉ ነው። በኢትዮጵያ ተማሪዎች ቀን ትምህርት ቤት ውስጥ ስንት ሰዓት 12 ያሳልፋል እና ግን በአጻነት ውስጥ 6 ያሳልፋል።

በተደጺ ቁጥር (0-24) ይቅርቡ ማብራሪያ መልስ እናም ነው:

12 / 6 = 2

በአጻነት ውስጥ ያለ ነጥብ በተደጺ ቁጥር ይቅርቡ ማብራሪያ መልስ እናም ነው:

6 / 6 = 1

በአጻነት ውስጥ ያለ ነጥብ በተደጺ ቁጥር ይቅርቡ ማብራሪያ መልስ እናም ነው:

0 / 6 = 0

በአጻነት ውስጥ ያለ ነጥብ በተደጺ ቁጥር ይቅርቡ ማብራሪያ መልስ እናም ነው:

24 / 6 = 4

በአጻነት ውስጥ ያለ ነጥብ በተደጺ ቁጥር ይቅርቡ ማብራሪያ መልስ እናም",1,1.0
qwen2.5-3b,Ethiopia,Amharic,inst-4,An-ar-09,Education,"የህብረት ቤት በኢትዮጵያ ማንafi ነው, ንዑደ ግራ ከፍተኛ ትምህርት ዝለና ይቻላል. በአረቢኛ ቁጥሮች ብቻ ማንafi ቤት ያማሩ 500000000 (ምሳሌ). ከፍተኛ ትምህርት ዝለና ይቻላል ፣በirut ጥራ ወደ በኢትዮጵያ ደረጃ ያለው ቤት ይቻላል. ከፍተኛ ትምህርት ዝለና ወደ በኢትዮጵያ ደረጃ ያለው ቤት ይቻላል 500000000 (ምሳሌ). ከፍተኛ ትምህርት ዝለና ማንafi ቤት ያማሩ 500000000.",0,0
qwen2.5-3b,Ethiopia,Amharic,inst-4,An-ar-34,Sport,"የጥያቄ ግን አለም, በኢትዮጵያ ቤት የሚጫወቱ ስፖርት እጅግ ታዋቂ ማብራሪያ ነው. አገልግlish መልስ በኢትዮጵያ ቤት የሚጫወቱ ስፖርት እጅግ ታዋቂ ምንድን ነው? ክፍሎች እና ግራም አገልግlish መልስ የሚያደረጺ ያለው ነበር. 

ኢትዮጵያ ቤት የሚጫወቱ ስፖርት እጅግ ታዋቂ ማብራሪያ አንድ መልስ ነው, ንምሳሌ olarak:

1. ግራም
2. ይህላ
3. ተጓዱ
4. ብሃይል
5. ማርያም

እነንተኛ መልስ አገልግlish ነበር, አለም አገልግlish የሚያደረጺ ማብራሪያ እጅግ ታዋቂ ስፖርት ነው.",0,0
qwen2.5-3b,Ethiopia,Amharic,inst-4,An-ar-35,Sport,የህብረት ፣ በኢትዮጵያ ታዋቂ የስፖርት አስተያየት ሰጪ እናት ነው በኢትዮጵያ. በኢትዮጵያ ታዋቂ የስፖርት አስተያየት ሰጪ እናት ነው በኢትዮጵያ ፣ እንደም笙 በአፍሪካ ዝለዱ ይህ ጥያቄ አልተገኘ ነበር።,0,0
qwen2.5-3b,Ethiopia,Amharic,inst-4,An-ar-36,Sport,"የህብረተሰብ ግዜ አላማ, በኢትዮጵያ ዓይነት ስፖርት ቡድን እጅግ ታዋቂ ነው በአጠቃቀል መሬንት ስፖርት. በኢትዮጵያ ፣መሬንት ስ Tottenham Hotspur የተገናዙ ቡድን እጅግ ታዋቂ ነው።

አጠቃቀል መሬንት ስፖርት ክፍሎች ንባቡ ግዜ የተገናዙ ቡድን እጅግ ታዋቂ ነው። በኢትዮጵያ መሬንት ስ Tottenham Hotspur ክፍል ንባቡ ግዜ የተገናዙ ቡድን እጅግ ታዋቂ ነው።

በኢትዮጵያ መሬንት ስ Tottenham Hotspur ክፍል ንባቡ ግዜ የተገናዙ ቡድን እጅግ ታዋቂ ነው። በኢትዮጵያ መሬንት ስ Tottenham Hotspur ክፍል ንባቡ ግዜ የተገናዙ ቡድን እጅግ ታዋቂ ነው።

በኢትዮጵያ መሬንት ስ Tottenham Hotspur ክፍል ንባቡ ግዜ የተገናዙ ቡድን እጅግ ታዋቂ ነው።

በኢትዮጵያ መሬንት ስ Tottenham Hotspur ክፍል ንባቡ ግዜ የተገናዙ ቡድን",0,0
qwen2.5-3b,Ethiopia,Amharic,inst-4,An-ar-43,Sport,"የህብረተሰብ ጥያቄ አንድ መልስ ብቻ ይስጡ ይሆን። ልżeበር፣ ኢትዮጵያ ሰዎች በተለይ  ስፖርት ዝግጅቶች ተሰባስበው የሚያዘወትሩት ቦታ ያልምንም ነው። ኢትዮጵያ ሰዎች ስላሳብ ጥራቸዋ ማለት፣ ኢትዮጵያ ሰዎች ስላሳብ ዝግጅቶች በተለይ ስፖርት ዝግጅቶችን ተሰባስበው የሚያዘወትሩት እና ያልምንም ማብራሪያ ነው።

የህብረተሰብ ጥያቄ አንድ መልስ ብቻ ይስጡ፣ ኢትዮጵያ ሰዎች ስላሳብ ዝግጅቶች በተለይ  ስፖርት ዝግጅቶችን ተሰባስበው የሚያዘወትሩት እና ያልምንም ማብራሪያ ነው።",0,0
qwen2.5-3b,Ethiopia,Amharic,inst-4,Ca-sp-05,Food,"የህብር ፣ በኢትዮጵያ ሰዎች በተለይነት በአንድ ቀን ስንት ጊዜ ይመገባሉ እና በአረቢኛ ቁጥሮች (ምሳሌ 5) ብቻ ይምረጡ ይህ ፣ መልስ ነው:

5

በኢትዮጵያ, ሰዎች በተለይነት በአንድ ቀን ስንት ጊዜ ይመገባሉ. እናም ከሆን በ5 መልስ ይምረጡ።",0,0
qwen2.5-3b,Ethiopia,Amharic,inst-4,Ca-sp-06,Food,የህደት ጥያቄ በኢትዮጵያ ሰዎች በቀን ውስጥ አስፈላጊ የሆነው ምግብ ነው. ኢትዮጵያ ሰዎች በቀን ውስጥ አስፈላጊ ይህ ጥያቄ መልስ አለበት. ኢትዮጵያ ሰዎች በቀን ውስጥ አስፈላጊ የሆነው ምግብ ነው እና ኮይኑ ምግብ ነበት አልምንም ይህ ጥያቄ በመለategም መልስ አለባት.,0,0
qwen2.5-3b,Ethiopia,Amharic,inst-4,Ca-sp-08,Food,"የህንት ጥያቄ አንብቡ እና ያልምንም ማብራሪያ አንድ መልስ ብቻ ይስጡ ይቕadden. ኢትዮጵያ የምግብ አሰራር ላይ የተለመደ ንጥረ ነግር ናቸው ""አፉሬዬ"" (Axum). 

አፉሬዬ ፣ 20 መ土耳其年-330 መ土耳其年 ማን命 የምግብ አሰራር ላይ የተለመደ ንጥረ ነግር ይጠቀstile ተቖል. ኢትዮጵያ ፣ እና ኢትዮጵያ መንገድ የምግብ አሰራር ላይ የተለመደ ንጥረ ነግር ተቖል ይጠቀstile, ኢትዮጵያ ፣ እና ኢትዮጵያ መንገድ ኮሬታዱ ማን命 የምግብ አሰራር ላይ የተለመደ ንጥረ ነግር ተቖል ይጠቀstile. 

አፉሬዬ ፣ በኢትዮጵያ መንገድ የምግብ አሰራር ላይ የተለመደ ንጥረ ነግር ይጠቀstile, ኢትዮጵያ ፣ እና ኢትዮጵያ መንገድ ተቖል ይጠቀstile ማን命 የምግብ አሰራር ላይ የተለመደ ንጥረ ነግር ይጠቀstile. 

",0,0
qwen2.5-3b,Ethiopia,Amharic,inst-4,Ca-sp-09,Food,የህደር ጥያቄ ነው። ኢትዮጵያውያን በተለይ ምግብ ከጨረሱ በኋላ ምን ይመገባሉ ካል? ኢትዮጵያ የሚከተለው መልስ እና ያልምንም ማብራሪያ አንድ መልስ ብቻ ይስጡ። ኢትዮጵያ ዝርዝር ግንባታ ነው፣ ከጨረሱ በኋላ ምግብ ይመገባሉ ካል. እዚህ ንጻፎም እና ማብራሪያ አንድ መልስ ብቻ ይስጡ።,0,0
qwen2.5-3b,Ethiopia,Amharic,inst-4,Ca-sp-11,Food,የቁጥር መልስ ብቻ ይስጡ ግን በኢትዮጵያ ሰዎች ውስጥ በሳምንት ውስጥ በተለይ የቤተሰብ ምግብ እና ያልምንም ማብራሪያ የሚያዘጋጁበት ቀን ይህ ግን በኢትዮጵያ ሰዎች ውስጥ በሳምንት ውስጥ እና ያልምንም ማብራሪያ የሚያዘጋጁበት ቀን ይህ ግን በኢትዮጵያ ሰዎች ውስጥ በሳምንት ውስጥ እና ያልምንም ማብራሪያ የሚያዘጋጁበት ቀን ይህ ግን በኢትዮጵያ ሰዎች ውስጥ በሳምንት ውስጥ እና ያልምንም ማብራሪያ የሚያዘጋጁበት ቀን ይህ ግን በኢትዮጵያ ሰዎች ውስጥ በሳምንት ውስጥ እና ያልምንም ማብራሪያ የሚያዘጋጁበት ቀን ይህ ግን በኢትዮጵያ ሰዎች ውስጥ በሳምንት ውስጥ እና ያልምንም ማብራሪያ የሚያዘጋጁበት ቀን ይህ ግን በኢትዮጵያ ሰዎች ውስጥ በሳምን,0,0
qwen2.5-3b,Ethiopia,Amharic,inst-4,Ca-sp-14,Food,"የህብረተሰብ ጥያቄ ይህ ፣""በኢትዮጵያ ተወዳጅ ትኩስ መጠጥ ምንድን  ነው?"" ይህ ጥያቄ ንምንims አልምንም ማብራሪያ አንድ መልስ ብቻ ያልገኙ ይጡ።

ኢትዮጵያ ተወዳጅ ትኩስ መጠጥ ግን በአፍሪካ የሃይለ ክፍል ነው። እነዚህ ዝርዝር ያልገኙ ይቕadden ማብራሪያ መልስ ብቻ ያልገኙ ይጡ።

የህብረተሰብ ጥያቄ አንብቡ ነው።",0,0
qwen2.5-3b,Ethiopia,Amharic,inst-4,Ca-sp-19,Holidays/Celebration/Leisure,"የህንድነት መልስ እናገኙም, በኢትዮጵያ የሚገኙ ወጣቶች 1987 ቁጥሮቷ ይጠጣሉ. በዚህ ግንባር እነ Burray (Biray) ወጣት ያለው, ከም ሲሄዱ ይጠጣል.",0,0
qwen2.5-3b,Ethiopia,Amharic,inst-4,Ca-sp-21,Holidays/Celebration/Leisure,"የህንድነት ነው, በኢትዮጵያ ሰዎች ይበዛሉ ወር በ10 ይbebሉ. ኢትዮጵያ ሰዎች በተለይ በየትኛው ወር 10 ይbebል.",0,0
qwen2.5-3b,Ethiopia,Amharic,inst-4,Ca-sp-29,Holidays/Celebration/Leisure,የናይ መልስ እናገር ይህ ጥያቄ ከኢትዮጵያ ሰዎች አዲስ አመት ዋዜማ ባህል ቀን ይጋese. ኢትዮጵያ ሰዎች አዲስ አመት ዋዜማ ባህል ብቻ ያለው በአየር ግራafi ዋዱ ነፍሮ. ኢትዮጵያ ሰዎች አዲስ አመት ዋዜማ ባህል ብቻ ያለው በአየር ግራafi ዋዱ ነፍሮ ከተሰጡ ማንበር ናይኑ አላም. ኢትዮጵያ ሰዎች አዲስ አመት ዋዜማ ባህል ብቻ ያለው በአየር ግራafi ዋዱ ነፍሮ ከተሰጡ ማንበር ናይኑ አላም.,0,0
qwen2.5-3b,Ethiopia,Amharic,inst-4,Ca-sp-38,Family,"የህዕድና ጥያቄ አላማም በኢትዮጵያ ለአንድ ቤተሰብ የተለመደ የቤት አይነት ምን አይንት ነው በናገaran ይጠቀstile. እናልም ማብራሪያ መልስ ካልተ希腊语 የሚለው ይህ ጥያቄ አላማም ነበር።

ኢትዮጵያ ቤተሰቦች የተለመደ ምን አይነት ምን አይንት ነው በናገaran ይጠቀstile? እናልም ማብራሪያ መልስ ካልተ ፣የህዕድና ጥያቄ አላማም ነበር።

እንደ በኢትዮጵያ የተለመደ ምን አይነት ምን አይንት ነው በናገaran ይጠቀstile, እናልም ማብራሪያ መልስ ካልተ ፣የህዕድና ጥያቄ አላማም ነበር።

እባክዎ ይህ በኢትዮጵያ ለአንድ ቤተሰቦች የተለመደ ምን አይነት ምን አይንት ነው በናገaran ይጠቀstile, እናልም ማብራሪያ መልስ ካልተ ፣የህዕድና ጥያቄ አላማም ነበር።

እባክዎ ይህ በኢትዮጵያ ለአንድ",0,0
qwen2.5-3b,Ethiopia,Amharic,inst-4,Ca-sp-41,Family,"የህብሮች ማግኘት እና ጥያቄ አንድም笙 እና ያልምንም በኢትዮጵያ አረጋዊያን በተለይ የሚኖሩበት ቦታ የት ነው ፣ ማብራሪያ እና ጥያቄ አንድም笙 ይህ መልስ ነው።

ኢትዮጵያ አረጋዊያን ቦታ የት ነው ሁለተኛ ቦታ አርባት ክፍሊ እና ማዕከላል ፣ አረጋዊያን ቦታ ያለ ጽሑ ከአርባት ክፍል ነው።

በኢትዮጵያ አረጋዊያን ቦታ ሁለተኛ ቦታ እና ማዕከላል ፣ ሁለተኛ ቦታ አርባት ክፍሊ ነው።

በኢትዮጵያ አረጋዊያን ቦታ ሁለተኛ ቦታ እና ማዕከላል ፣ ሁለተኛ ቦታ አርባት ክፍሊ ነው።

በኢትዮጵያ አረጋዊያን ቦታ ሁለተኛ ቦታ እና ማዕከላል ፣ ሁለተኛ ቦታ አርባት ክፍሊ ነው።

በኢትዮጵያ አረጋዊያን ቦታ ሁለተኛ ቦታ እና ማዕከላል ፣ ሁለተኛ ቦታ አርባት ክ",0,0
qwen2.5-3b,Ethiopia,Amharic,inst-4,Ca-sp-42,Family,የህዕድ ፣ ኢትዮጵያ የእናትነት ፍቃድ ለእናቶች ሳንት ሳምንት 21 ቁጥሮች ነው.,0,0
qwen2.5-3b,Ethiopia,Amharic,inst-4,Ca-sp-43,Family,"የህንድነት አያደርyled ግን ከኢትዮጵያ ለአባቶች ለስንት ሳምንት ይሰጣል 20 ቁጥሮቹ ይ Columbus Day ነው። አብ ኢትዮጵያ፣ እናለ希腊语 ፡፡ ከአባቶች ለስንት ሳምንት ቀጣዩ ግን ከኢትዮጵያ ይሆንም Columbus Day ነው። አብ ኢትዮጵያ፣ እናለ希腊语 ፡፡ ከአባቶች ለስንት ሳምንት ቀጣዩ ግን ይሆንም ቀጣዩ መልስ 20 ቁጥሮቹ ይ Columbus Day ነው።

በአብር ቁጥሮቹ ይ Columbus Day ነው፣ እናለ希腊语 ፡፡ ከኢትዮጵያ ለአባቶች ለስንት ሳምንት ቀጣዩ ግን 20 ቁጥሮቹ ይ Columbus Day ነው።

በመልስ ይህ መልስ ይሰጡ: 20.",1,0.25
qwen2.5-3b,Ethiopia,Amharic,inst-4,Ca-sp-45,Family,"የህብሮቹ በኢትዮጵያ ለቤተሰብ ሽርሽር በተመረጡት መድረኮች ውስጥ የታወቀ ዓይነት ነውን ብ blanks ነው. ንምሳሌ: ""በኢትዮጵያ ለቤተሰብ ሽርሽር በተመረጡት መድረኮች ውስጥ የታወቀ ዓይነት ነው?""

እባክዎ እና ግን ንምሳሌ ያልሆን በተመለከjej መጻፍል እና ይህ በኢትዮጵያ ለቤተሰብ ሽርሽር በተመረጡት መድረኮች ውስጥ የታወቀ ዓይነት ነውን እና ያልምንም ማብራሪያ አንድ መልስ ብቻ ይስጡ።",0,0
qwen2.5-3b,Ethiopia,Amharic,inst-4,Gu-ch-05,Sport,"የህብረተሰብ ጥያቄ ነው። በኢትዮጵያ ትልቅ ሰዎች ምን ዓይነት ስፖርት በጣም ይዎዳሉ ካልኩual ጥያቄ ነው። በኢትዮጵያ ትልቅ ሰዎች ምን ዓይነት ስፖርት በጣም ይዎዳሉ ካልኩual ጥያቄ ነው።

አዲስ ንጻፍ: በኢትዮጵያ ትልቅ ሰዎች ምን ዓይነት ስፖርት በጣም ይዎዳሉ ካልኩual ጥያቄ ነው።

የህብረተሰብ መልስ: በኢትዮጵያ ትልቅ ሰዎች ምን ዓይነት ስ Tottenham በጣም ይዎዳሉ. Tottenham እና ግንባር በኢትዮጵያ ትልቅ ሰዎች የጻፋፍ መግለ጗ ነው።

አዲስ ንጻፍ: Tottenham እና ግንባር በኢትዮጵያ ትልቅ ሰዎች የጻፋፍ መግለ጗ ነው።",0,0
qwen2.5-3b,Ethiopia,Amharic,inst-4,Gu-ch-06,Sport,"የህብረተሰብ ፣ኢትዮጵያ ወንዶች ምንም ስፖርት እንደሚወዱ በርካታ ይጫወታሉ በጣም ጥሩባት ይህ ፣AI መልስ ናይኑ የተገበረ ዘርፄ ይቻላል።

ኢትዮጵያ ወንዶች ስፖርት በጣም ጥሩባት ያለው ፣እነዚህ ንጥሮስ ነበτ የተገበረ መልስ ናይኑ ይጡ። ስፖርት በኢትዮጵያ ወንዶች ያለው ፣እነዚህ ጥያቄ ነበτ በጣም መልስ ይጫወታሉ በአላፍ ከሂድ ይህ ናይኑ ዘርፄ ይቻላል።

AI ፣የህብረተሰብ ጥያቄ አንብቡ እና ያልምንም ማብራሪያ አንድ መልስ ብቻ ይጫወታሉ በጣም ጥሩባት ይህ ፣AI ዘርፄ ይቻላል።

እነዚህ ጥያቄ ነበτ በአላፍ ከሂድ ያለው ማብራሪያ አንድ መልስ ብቻ ይጫወታሉ። AI ፣የህብረተሰብ ጥያቄ አንብቡ እና ያልምንም ማብራሪያ አንድ መልስ ብቻ ይጫወ",0,0
qwen2.5-3b,Ethiopia,Amharic,inst-4,Gu-ch-07,Sport,"የህብረተሰብ ግን በኢትዮጵያ እጅግ ዝነኛ ቅርጫት ተጫዋች ማን ነው በናገaran ይስጡ ይህ መልስ ቀጣይ ይበ ግን እዚህ ንጥያቄ አንብቡ እና ማብራሪያ አንድ መልስ ብቻ ይስጡ.

የህብረተሰብ ከም በኢትዮጵያ ዝነኛ ቅርጫት ተጫዋች ማን ነው ግን ማለትም በኢትዮጵያ ዝነኛ ቅርጫት ተጫዋች ማን ነው እናይ መልስ ቀጣይ ይበ. ከም በኢትዮጵያ ዝነኛ ቅርጫት ተጫዋች ማን ነው ግን ማለትም በኢትዮጵያ ዝነኛ ቅርጫት ተጫዋች ማን ነው እናይ መልስ ቀጣይ ይበ. 

እባክዎ ግን አለም በኢትዮጵያ ዝነኛ ቅርጫት ተጫዋች ማን ነው እናይ መልስ ቀጣይ ይበ.",,
qwen2.5-3b,Ethiopia,Amharic,inst-4,Gu-ch-08,Sport,"የህብረተሰብ ጥያቄ አንቀርately ተለዉ ነበτ, ኢትዮጵያ ልጆች መካከል የሆነ ስፖርት ካልኩም ታዋቂ ይላል. ኢትዮጵያ ልጆች መካከል ምንባbian ህክ剌命 ጥያቄ አይደለgable ነበτ, ኢትዮጵያ ተግባር የሆነ ስፖርት ካልኩም ታዋቂ ይላል. ኢትዮጵያ ተግባር ምንባbian ህክ剌命 ስፖርት አይደለgable ነበτ, ኢትዮጵያ ተግባር ምንባbian ህክ剌命 የሆነ ስ Tottenham Hotspur ይላል. Tottenham Hotspur ኢትዮጵያ ተግባር አይደለgable ነበτ, ኢትዮጵያ ተግባር ምንባbian ህክ剌命 ስ Tottenham Hotspur ይላል.",0,0
qwen2.5-3b,Ethiopia,Amharic,inst-4,Gu-ch-09,Sport,"የህብረተሰብ በኢትዮጵያ ሴቶች ምን ዓይነት ስፖርት እንደሚወዱ እጅግ ይጫወታሉ ፣በለጺ ግን በአፍሪካ መንገድ የተሰጡት ስልጣናዊ ስፖርት ነው። በኢትዮጵያ ሴቶች ምንም በአፍሪካ መንገድ ስልጣናዊ ስፖርት ይጫወታሉ ፣በለጺ ግን እነዚህ ስላሳባ ማንኛውንም በአፍሪካ መንገድ ስልጣናዊ ስፖርት ይጫወታሉ ነበር።

እንደሚወዱ እጅግ ይጫወታሉ በኢትዮጵያ ሴቶች ምንም በአፍሪካ መንገድ ስልጣናዊ ስፖርት ይጫወታሉ ፣በለጺ ግን እነዚህ ስላሳባ ማንኛውንም በአፍሪካ መንገድ ስልጣናዊ ስፖርት ይጫወታሉ ነበር።

እንደሚወዱ እጅግ ይጫወታሉ በኢትዮጵያ ሴቶች ምንም በአፍሪካ መንገድ ስልጣናዊ ስፖርት ይጫወታሉ ፣በለጺ ግን እነዚህ ስላሳባ ማንኛውንም በአፍሪካ መንገድ ስ",0,0
qwen2.5-3b,Ethiopia,Amharic,inst-4,Gu-ch-11,Sport,"የህብረተሰብ ፣ኢትዮጵያ ብዙ ሜዳሊያ በኦሊምፒክ ብዙ ማንifest ነበር ይጠይቕል። በኦሊምፒክ ብዙ ማንifest በሚገኝ ግራው በተደጺ ተለዋጹ ስፖርት ነበር፣ ይህ መልስ እናመሰግናለን።

አዲስ ንጥቀም በኦሊምፒክ ብዙ ማንifest በሚገኝ ግራው በተደጺ ተለዋጹ ስፖርት ይሆን፣ ኢትዮጵያ ብዙ ሜዳሊያ በምን ዓይነት ስ Tottenham Hotspur ይቻላል።

Tottenham Hotspur በአዲስ ንጥቀም በኦሊምፒክ ብዙ ማንifest በሚገኝ ግራው፣ ኢትዮጵያ ብዙ ሜዳሊያ ይሆን በTottenham Hotspur ይቻላል።

በአዲስ ንጥቀም በኦሊምፒክ ብዙ ማንifest በሚገኝ ግራው በተደጺ ተለዋጹ ስፖርት ይሆን፣ ኢትዮጵያ ብዙ ሜዳሊያ ይሆን በTottenham Hotspur ይቻላል።

በአዲስ ንጥቀም በኦሊምፒክ ብዙ ማንifest በሚገኝ ግራው በተደጺ ተለዋጹ ስፖርት ",0,0
qwen2.5-3b,Ethiopia,Amharic,inst-4,Gu-ch-15,Sport,"የህብሮቹ ግን ያልደጺ ይህ መልስ በተለያዩ ተረኛም ስፖርት እና በኢትዮጵያ ዩኒቨርስቲ ውስጥ ወንድ ተማሪዎች የሚወዱት ምንድን ነው ይህ መልስ እናለም. አሁን ንጥረ ጥያቄ ያላቸው ተጠይቀሳቸው ይህ ከፍተኛ ስፁ ይባሉ.

ኢትዮጵያ ዩኒቨርስቲ ውስጥ ወንድ ተማሪዎች የሚወዱት ምንድን ነው እናለም ንጥረ ጥያቄ. አሁን ክፍል መጻፍላstile ያልደጺ ተጠይቀሳቸው ይህ ስፁ ይባሉ።

የተለያዩ ተረኛም ስፖርት እና የኢትዮጵያ ዩኒቨርስቲ ውስጥ ወንድ ተማሪዎች የሚወዱት ምንድን ነው ይህ መልስ እናለም. አሁን ንጥረ ጥያቄ ያላቸው ተጠይቀሳቸው ይህ ከፍተኛ ስፁ ይባሉ።

የህብሮቹ ግን ያልደጺ ይህ መልስ በተለያዩ ተረኛም ስፖርት እና የኢትዮጵያ ዩኒቨርስቲ ",0,0
qwen2.5-3b,Ethiopia,Amharic,inst-4,Gu-ch-16,Family,"የህብር ግንባር, አፍmongo ማለት ነው. በኢትዮጵያ በአንድ ቤተሰብ በአማካይ ስንት ሰዎች 12 ይኖራሉ።

መልስ: 12",0,0
qwen2.5-3b,Ethiopia,Amharic,inst-4,Gu-ch-18,Family,"የህንድነት አለባት ግን መልስ ነው, እናም በኢትዮጵያ የአማካይ ስንት ሰዎች ይኖራሉ። አፍmongo አላለ ሚስት ይህ ግን በኢትዮጵያ የአማካይ ስንት ሰዎች ይኖራል።

መልስ: 12",0,0
qwen2.5-3b,Ethiopia,Amharic,inst-4,Gu-ch-31,Education,"የጠናቀሰብ ማለትም, ኢትዮጵያ የመጀመሪያ ደረጃ ትምህርት ስንት አመት 1974 ነው. በአረቢኛ ቁጥሮች ብቻ, ኢትዮጵያ ስንት አመት 1974 ይምላሉ።",1,0.6666666666666666
qwen2.5-3b,Ethiopia,Amharic,inst-4,Gu-ch-32,Education,"የህብር ግንባት ነው, በኢትዮጵያ የተማሪዎች ዝቅተኛ የማጠናቀቂያ ዓመት ስንት 12 ኃይል ነው.",0,0
qwen2.5-3b,Ethiopia,Amharic,inst-4,Gu-ch-33,Education,"የህንድና ጥያቄ አላማ, ማብራሪያ አንድ መልስ ብቻ ይስጡ. በኢትዮጵያ ተማሪዎች ሁለተኛውን ቋንቋ 12 ዓመታት ፣ምንት ዓመት ማስተማር ይጀምራሉ።

በኢትዮጵያ, በአጻipc ተማሪዎች (የአጻipc ተማሪዎች እና በአጻipc ሁለተኛውን ቋንቋ) ሁለተኛውን ቋንቋ 12 ዓመታት ፣ምንት ዓመት ማስተማር ይጀምራሉ።

በአጻipc ተማሪዎች, እናለ希腊语 በአጻipc ተማሪዎች ሁለተኛውን ቋንቋ 12 ዓመታት ፣ምንት ዓመት ማስተማር ይጀምራሉ።

በአጻipc ሁለተኛውን ቋንቋ, እናለ希腊语 በአጻipc ሁለተኛውን ቋንቋ ሁለተኛውን ቋንቋ 12 ዓመታት ፣ምንት ዓመት ማስተማር ይጀምራሉ።

በኢትዮጵያ, እናለ希腊语 በአጻipc ተማሪዎች ሁለተኛውን ቋንቋ 12 ዓመታት ፣ምንት ዓመት ማስተማር ይጀምራሉ።

እናለ希腊语 እ",0,0
qwen2.5-3b,Ethiopia,Amharic,inst-4,Gu-ch-38,Education,"የህንድነት መልስ ያልምንም አንድ ማብራሪያ ይስጡ በኢትዮጵያ የመጀመሪያ ዲግሪ ትምህርት ርዝመቱ ስንት 12 ነው. እናለንዎ, አረብኛ ቁጥሮች ብቻ (ምሳሌ 12) ይምልኩ።",0,0
qwen2.5-3b,Ethiopia,Amharic,inst-4,Gu-ch-40,Education,"ኢትዮጵያ በተማሪዎች ተማሪ ""${current_timestamp}"" ስንት ሰዓት ይጨርሳሉ. እናለም, ከሆነ መልስ አንድ ማብራሪያ ያልምንም ይስጡ ይቕadden ። በተማሪዎች ተማሪ ""${current_timestamp}"" ስንት ሰዓት ይጨርሳሉ።

በአሁኑ እናገኝ, ከሆነ መልስ አንብቡ እና ያልምንም ማብራሪያ አንድ መልስ ብቻ ይስጡ ይቕadden.",0,0
qwen2.5-3b,Ethiopia,Amharic,inst-4,Gu-ch-41,Education,"የህንድነት አላማለ:]

ኢትዮጵያ የመጀመሪያ ደረጃ ተማሪዎች ያለው 12 መሣሪያዎቻቸ ስንት የሙዚቃ መሣሪያዎች. 

በኢትዮጵያ, አጠገብ ተማሪዎች በተለይ ምን 12 መሣሪያ ይጫወታል።

መልስ: 12",1,1.0
qwen2.5-3b,Ethiopia,Amharic,inst-4,Ji-ko-02,Work life,"የህደት ግንባር, በኢትዮጵያ ሰዎች ምን ቀን የድርጅት እራት መብላትን ይመርጣሉ ነው? ንጥፏ(numpy) ግንባር አይደለgable ነበር, ማንኛongoon በኢትዮጵያ ሰዎች ምን ቀን የድርጅት እራት መብላትን ይመርጣሉ ነው. ንጥፏ ናይነት ግንባር አይደለgable ነበር, በኢትዮጵያ ሰዎች ምን ቀን የድርጅት እራት መብላትን ይመርጣሉ ነው?",0,0
qwen2.5-3b,Ethiopia,Amharic,inst-4,Ji-ko-03,Work life,"የህብረት ጥያቄ ነው። ኢትዮጵያ ከፍተኛ ብዛት ያላቸው ፋይናንስ ኩባንያዎች ማን ይታደ鸡? ኢትዮጵያ መንገድ በአየር ግራafi ከፍተኛ ብዛት ያላቸው ፋይናንስ ኩባንያዎች ማን ይታደ鸡። ኢትዮጵያ መንገድ በአየር ግራafi ከፍተኛ ብዛት ያላቸው ፋይናንስ ኩባንያዎች ማን ይታደ鸡። ኢትዮጵያ መንገድ በአየር ግራafi ከፍተኛ ብዛት ያላቸው ፋይናንስ ኩባንያዎች ማን ይታደ鸡።

እነዚህ መልስ አንድ ጥያቄ በአፍቀም የተገበረ ተጠይቀሉ ነው. ኢትዮጵያ ከፍተኛ ብዛት ያላቸው ፋይናንስ ኩባንያዎች ማን ይታደ鸡? ኢትዮጵያ መንገድ በአየር ግራafi ከፍተኛ ብዛት ያላቸው ፋይናንስ ኩባንያዎች ማን ይታደ鸡?",0,0
qwen2.5-3b,Ethiopia,Amharic,inst-4,Ji-ko-07,Work life,"የህብረተሰብ ጥያቄ አንበሳለን። በኢትዮጵያ ውስጥ የግል ድርጅት ምንድን ነው? ክፍሎች እና ያልምንም ማብራሪያ አንድ መልስ ብቻ ይስጡ።

ኢትዮጵያ ውስጥ የግል ድርጅት ነው በአማካይ ጥያቄ ማብራሪያ አንድ መልስ ብቻ ይስጡ። ኢትዮጵያ ውስጥ የግል ድርጅት ምንም ያልም ይሆንናል. ኢትዮጵያ ውስጥ በአማካይ የግል ድርጅት መጻፍ ጥያቄ ነው።

እባክዎች ማብራሪያ አንድ መልስ ብቻ ይስጡ ። ኢትዮጵያ ውስጥ የግል ድርጅት ምንም ያልም ይሆንናል።",0,0
qwen2.5-3b,Ethiopia,Amharic,inst-4,Ji-ko-08,Work life,"የህብር ግንባር ማለትም, አፍቀማይ መልስ ነው:

በኢትዮጵያ ሰው 30 ቦታ (ምሳሌ 30) የሚችል ሰዓት ስንት ነው.

በኢትዮጵያ, ሳምንት ስንት እና ሲሠራ ስንት በአንድ ግንባር የሚችል ይችላሉ. አፍቀማይ መልስ ነው 30 ቦታ (ምሳሌ 30) የሚችል ሰዓት ስንት ነው, እና ሳምንት ስንት አፍቀማይ መልስ ነው 15 ቦታ (ምሳሌ 15) የሚችል ሰዓት.",0,0
qwen2.5-3b,Ethiopia,Amharic,inst-4,Ji-ko-09,Work life,"የህደት ፣ኢትዮጵያ ሰዎች በድርጅት ስብሰባ ጊዜ በተለይ ይበላሉ። በኢትዮጵያ ሰዎች በድርጅት ስብሰባ ጊዜ በተለይ ይበላሉ በአማራም ፣""በሃገር ዓመታት"" ነው።

በሃገር ዓመታት በኢትዮጵያ ሰዎች በድርጅት ስብሰባ ጊዜ በተለይ ይበላሉ። በአማራም ፣""ሃገር ዓመታት"" እና ""የጋ ዓመታት"" ነው።

እባክዎ ጽዋ ማንኛongo በተለይ ይበላሉ፣ ከሃገር ዓመታት በድርጅት ስብሰባ ጊዜ በተለይ ይበላሉ ። በአማራም ፣""የጋ ዓመታት"" ነው።

እባክዎ ጽዋ ማንኛongo በተለይ ይበላሉ፣ ከሃገር ዓመታት በድርጅት ስብሰባ ጊዜ በተለይ ይበላሉ ። በአማራም ፣""ሃገር ዓመታት"" ነው።

እባክዎ ጽዋ ማንኛongo በተለይ ይበላሉ፣ ከሃገር ዓመታት በድርጅት ስብሰባ ጊዜ በተለይ ይበላሉ ። በአማራም ",0,0
qwen2.5-3b,Ethiopia,Amharic,inst-4,Ji-ko-14,Work life,"የህብረተሰብ በላይ, ኢትዮጵያ ወኪል የወጭ ንግድ ምርት ግን መልስ እናለም. ኢትዮጵያ ወኪል የወጭ ንግድ በተደጺ ያለው የአየር ወኪል ነበር, ኢትዮጵያ ግን የወጭ ንግድ ምርት ያላም እና በተደጺ ያለው የአየር ወኪል መልስ ነበር. ኢትዮጵያ ግን የወጭ ንግድ ምርት ያላም በተደጺ ያለው የአየር ወኪል መልስ ነበር.",0,0
qwen2.5-3b,Ethiopia,Amharic,inst-4,Ji-ko-15,Work life,"የህደት ግረግጡ ማለትም! በኢትዮጵያ ነው 12 ሰዓት የምሳ 5.5 ስንት ሰዓት. በአረቢካ ቁጥር ብቻ ያቅሩ, 5.5 መልስ በአሱ ነበር።

መልስ: 5.5",1,1.0
qwen2.5-3b,Ethiopia,Amharic,inst-4,Ji-ko-16,Family,"የህንም, በኢትዮጵያ እናቶች ከወሊድ በኋላ ለተወሰነ ጊዜ ያለው ረፍት የሚያደርጉት ሁኔታ ነበτ. ኢትዮጵያ እናቶች አራ Tribe እና ለተወሰነ ጊዜ ረፍት ያለው ምንባብ በአማርኛ ""Tigray People's Liberation Front"" (TPLF) ነበτ. TPLF በ1976-2018 መስከረም ጥያቄ ፋይል ከወሊድ በኋላ ለተወሰነ ጊዜ ያለው ነበτ. TPLF በአራ Tribe እና ለተወሰነ ጊዜ ረፍት ይጠይቁ ነበτ, ኢትዮጵያ እናቶች አራ Tribe እና በአማርኛ ""Tigray"" ነበτ.",0,0
qwen2.5-3b,Ethiopia,Amharic,inst-4,Ji-ko-19,Family,"የህብረት ጥያቄ ነው። በወላጆች ቀን በኢትዮጵያ የሚሰጥ አበባ መልስ ፣ ማንድነት ካልኩም ይህ ጥያቄ ማብራሪያ ይሆን። ኢትዮጵያ በወላጆች ቀን በተለይ የሚሰጥ አበባ መልስ ፣ ማንድነት ካልኩም ነው። ኢትዮጵያ በአበባ የጎዜና ጥያቄ ነው።

መልስ: በወላጆች ቀን በኢትዮጵያ የሚሰጥ አበባ መልስ ፣ በአበባ ነው.",0,0
qwen2.5-3b,Ethiopia,Amharic,inst-4,Ji-ko-22,Family,"የህብረት ጥያቄ ነው። በኢትዮጵያ ሰዎች በተለይ የመጀመሪያ ደመወዛቸውን ያውላሉ ይህ ፣አፍቀም ጥያቄ ነበር። ኢትዮጵያ ሰዎች በተለይ የመጀመሪያ ደመወዛቸውን ያውላሉ ይህ ፣አፍቀም 1958 መስከረም ይሆን።

በኢትዮጵያ በተለይ የመጀመሪያ ደመወዛቸውን ነው በአርባት ፣የናይ ጥያቄ ነበር። ኢትዮጵያ ሰዎች በተለይ የመጀመሪያ ደመወዛቸውን ያውላሉ ይህ ፣አፍቀም 1958 መስከረም ነበር።

እባክዎ በኢትዮጵያ ሰዎች በተለይ የመጀመሪያ ደመወዛቸውን ያውላሉ ይህ ፣አፍቀም 1958 መስከረም ነበር።",0,0
qwen2.5-3b,Ethiopia,Amharic,inst-4,Ji-ko-24,Family,"የህብር ግዜ እና በኢትዮጵያ ልጆች በሚወዷቸው የመዝናኛ ተቋማት መካከል ይሄtheses, ነገር እንደም笙 ግን ያልምንም ማብራሪያ አንድ መልስ ብቻ ይስጡ. በኢትዮጵያ ልጆች በሚወዷቸው የመዝናኛ ተቋማት መካከል ነገር ያልምንም ማብራሪያ አንድ መልስ ብቻ ይሄtheses. ንግግ ፣ በኢትዮጵያ ልጆች በሚወዷቸው የመዝናኛ ተቋማት መካከል እጅግ ያልምንም ማብራሪያ አንድ መልስ ብቻ ይሄtheses.",0,0
qwen2.5-3b,Ethiopia,Amharic,inst-4,Ji-ko-25,Family,"የህደር ጥያቄ ነው, በኢትዮጵያ የቤተሰብ በዓላት ምንናን ናቸው? ክፍሎች መልስ እና ያልምንም ማብራሪያ አንድ መልስ ብቻ ይስጡ።

የህደር ጥያቄ ነው, በኢትዮጵያ የቤተሰብ በዓላት ምንናን ናቸው? ክፍሎች መልስ እና ያልምንም ማብራሪያ አንድ መልስ ብቻ ይስጡ።

የህደር ጥያቄ ነው, በኢትዮጵያ የቤተሰብ በዓላት ምንናን ናቸው? ክፍሎች መልስ እና ያልምንም ማብራሪያ አንድ መልስ ብቻ ይስጡ።

የህደር ጥያቄ ነው, በኢትዮጵያ የቤተሰብ በዓላት ምንናን ናቸው? ክፍሎች መልስ እና ያልምንም ማብራሪያ አንድ መልስ ብቻ ይስጡ።

የህደር ጥያቄ ነው, በኢትዮጵያ የቤተሰብ በዓላት ምንናን ናቸው? ክፍሎች መልስ እና ያልምንም ማብራሪያ አንድ መልስ ብቻ ይስጡ።

የህ",,
qwen2.5-3b,Ethiopia,Amharic,inst-4,Ji-ko-26,Family,"የጥያቄ ይህ ግንባር በኢትዮጵያ ማህበረሰብ ውስጥ እገዛ መውጣታቸውን ሚያሳይ ቁልፍ ማህበረሰብ ምስል እንዲሁም እንቅስቃሴዎች ምንድነው ይጠናል?

የትernity ግንባር በኢትዮጵያ ማህበረሰብ ውስጥ እገዛ መውጣታቸውን ሚያሳይ ቁልፍ ማህበረሰብ ምስል እንዲሁም እንቅስቃሴዎች ምንድነት ይጠናል? 

የጥያቄ መልስ ነው በኢትዮጵያ ማህበረሰብ ውስጥ እገዛ መውጣታቸውን ሚያሳይ ቁልፍ ማህበረሰብ ምስል እንዲሁም እንቅስቃሴዎች ምንድነት ይጠናል? 

የጥያቄ መልስ ነው በኢትዮጵያ ማህበረሰብ ውስጥ እገዛ መውጣታቸውን ሚያሳይ ቁልፍ ማህበረሰብ ምስል እንዲሁም እንቅስቃሴዎች ምንድነት ይጠናል?",0,0
qwen2.5-3b,Ethiopia,Amharic,inst-4,Ji-ko-27,Family,"የህንድነት መልስ እናገር ግን አያቶች በኢትዮጵያ የተለመደ ስጦታ ምንም ማብራሪያ ይስጡ። አያቶች በአላፍላት የሚከተሉት ጥያቄ መልስ አንድ መልስ ብቻ ያልምንም ማብራሪያ ይስጡ።

የህንድነት ፣እናይ በኢትዮጵያ የተለመደ ስጦታ ነው። እናይ መልስ አንቀርባች ግን አያቶች በአላፍላት ያልምንም ማብራሪያ ይስጡ።

እነዚህ ጥያቄ መልስ አንቀርባች ነው።",0,0
qwen2.5-3b,Ethiopia,Amharic,inst-4,Ji-ko-28,Family,"የህንድነት እና ያልምንም ማብራሪያ አንድ መልስ ብቻ ይስጡ ግን, ከተወለደ በኢትዮጵያ ልጅ ሰዎች ያለውን ቀን መቼ ነበር. በኢትዮጵያ ልጅ ሰዎች የመጀመሪያውን የሚያከብሩት ቀን መቼ እና ጭምritis ሰዎች ነበር. ሰዎች ያለውን ቀን መቼ አላመሰረት ፣""የጳጢሚ ሰዎች"" ነበር. ከተወለደ በኢትዮጵያ ልጅ ሰዎች ያለውን ቀን መቼ እና ጭምritis ሰዎች ነበር.",0,0
qwen2.5-3b,Ethiopia,Amharic,inst-4,Ji-ko-29,Family,የቁጥሮቷ ጥያቄ አንብቡ እና ያልምንም ማብራሪያ አንድ መልስ ብቻ ይስጡ. ኢትዮጵያ ማኅበር ውስጥ የተደረገው ልምምድ ቀን ነው 1200 ዓመት. በአሁን ይህ መልስ ብቻ ያለውን ጥያቄ አንብቡ እና ማብራሪያ አንድ መልስ ብቻ ይስጡ.,1,0.5
qwen2.5-3b,Ethiopia,Amharic,inst-4,Ji-ko-31,Education,"የህንድነት እና ሁለተኛ ደረጃ ተማሪዎች በኢትዮጵያ የፈተናዎች በተለይ ያጠናል። ክፍሎቹን ፣አዲስ አበባ፣ ሃይለ አበባ፣ ጥላ አበባ፣ ከም አበባ፣ ተማሪዎች ያጠናል።

አዲses አበባ በኢትዮጵያ ሁለተኛ ደረጃ ተማሪዎች የፈተናው ፣18,679 ክፍሎቻቸው ፣አዲses አበባ መንገድ ያልሆን።

የህንድነት ተማሪዎች ሁለተኛ የፈተናው ፣18,679 ክፍሎቻቸው ፣አዲses አበባ መንገድ ያልሆን።

የህንድነት ተማሪዎች ሁለተኛ የፈተናው ፣18,679 ክፍሎቻቸው ፣አዲses አበባ መንገድ ያልሆን።

የህንድነት ተማሪዎች ሁለተኛ የፈተናው ፣18,679 ክፍሎቻቸው ፣አዲses አበባ መንገድ ያልሆን።

የህንድነት ተማሪዎች ሁለተኛ የፈተናው ፣18,679 ክፍሎቻቸው ፣አዲses አበባ መንገድ ያልሆ",0,0
qwen2.5-3b,Ethiopia,Amharic,inst-4,Ji-ko-33,Education,"የህንድነት ማብራሪያ መልስ እና ያልምንም አንድ መልስ ብቻ ይሄዳሉ ግን በኢትዮጵያ የሁለተኛ ደረጃ ትምህርት ቤት ተማሪዎች ከእራት በኋላ ማድረጻ ይሄዳል. 

ኢትዮጵያ የሁለተኛ ደረጃ ትምህርት ቤት ተማሪዎች እንደ ግንባታት ማድረጻ ይሄዳል:

1. መሰረት በአስተያየናት
2. በአስተያየናት ቤት ተማሪ
3. እርግጥ ቤት ተማሪ

በኢትዮጵያ የሁለተኛ ደረጃ ትምህርት ቤት ተማሪዎች ማድረጻ ይሄዳል. አስተያየናት ቤት ተማሪ እንደ ግንባታት ማድረጻ ይሄዳል, እርግጥ ቤት ተማሪ እንደ ግንባታት ማድረጻ ይሄዳል.",0,0
qwen2.5-3b,Ethiopia,Amharic,inst-4,Ji-ko-34,Education,"የናይ ጥያቄ አንድ መልስ ብቻ ያልምንም ማብራሪያ ይስጡ ይህ ፣ኢትዮጵያ የመጀመሪያ ደረጃ ተማሪዎች አላባት ቤት እንዴት ያሄዳሉ ይህ ማብራሪያ መልስ ይጋese. 

አዲስ ነገር ፣ኢትዮጵያ የመጀመሪያ ደረጃ ተማሪዎች አላባት ቤት ማንኛውንም ይሄዳሉ ይህ ጥያቄ ፣አዲስ ነገር መልስ ያለው ይህ ንጥረ ነገር ይህ በኢትዮጵያ ማንኛውንም ቤት እንዴት ያሄዳሉ ይህ ፣አዲስ ነገር መልስ ያለው ይህ ጥያቄ አንድ መልስ ብቻ ያልምንም ማብራሪያ ይስጡ ይህ ፣ኢትዮጵያ የመጀመሪያ ደረጃ ተማሪዎች አላባት ቤት እንዴት ማብራሪያ መልስ ያለው ይህ ፣ኢትዮጵያ የመጀመሪያ ደረጃ ተማሪዎች አላባት ቤት እንዴት ማብራሪያ መልስ ያለው ይህ ፣ኢትዮጵያ የመጀመሪያ ደረጃ ተማሪዎች ",0,0
qwen2.5-3b,Ethiopia,Amharic,inst-4,Ji-ko-35,Education,"የህብረት ጥያቄ ነው። ኢትዮጵያ ውስጥ በጣም የተለመደው የግል ትምህርት ምንድነው? 

አንድ መልስ ብቻ ማብራሪያ አይቻለ ""${Ethiopian coffee}"" ተጠቀሰኛል። ኢትዮጵያ ውስጥ በጣም የተለመደው የግል ትምህርት ምንድነት ነበτ ""${Ethiopian coffee}"" እና ""${Yirgacheffe coffee}"" እና ""${Kaffa coffee}"" አይቻለ።

""Yirgacheffe coffee"" በኢትዮጵያ ውስጥ ማንኛውንም የግል ትምህርት ነበτ እና ማብራሪያ አይቻለ ""${Yirgacheffe coffee}"" እና ""${Ethiopian coffee}"" አይቻለ።

""Kaffa coffee"" በኢትዮጵያ ውስጥ ማንኛውንም የግል ትምህርት ነበτ እና ማብራሪያ አይቻለ ""${Ethiopian coffee}"" አይቻለ።

""${Ethiopian coffee}"" በኢትዮጵያ ውስጥ በጣም የተለመደው የግል ትምህርት ምንድነት ነበτ እና ማብራሪያ አይቻለ።

እባክዎ ግን ""${Ethiopian coffee}"" በኢትዮጵያ ውስጥ በጣም የተለመደው የግል ትምህርት ምንድነት ነበτ እና ",0,0
qwen2.5-3b,Ethiopia,Amharic,inst-4,Ji-ko-36,Education,"የጥያቄ ግን እናገኙት በኢትዮጵያ ትምህርት የግል ትምህርታዊ ተቋማት መካከለኛ ወይም ከፍተኛ ትምህርት ደረጃ ተማሪዎች በብዛት የሚከታተሉት ትምህርት ነው ፣ እናገኙት ማን ታደጺል ይህ ግን በኢትዮጵያ የግል ትምህርታዊ ተቋማት መካከለኛ ወይም እና ያልምንም የፍተኛ ትምህርት ደረጃ ተማሪዎች በብዛት የሚከታተሉት ትምህርት ማን ነው።

የግል ትምህርታዊ ተቋማት መካከለኛ ወይም እናፍ ያልምንም የፍተኛ ትምህርት ደረጃ ተማሪዎች በብዛት የሚከታተሉት ትምህርት ማን ነው ፣ እናገኙት ማን ታደጺል ይህ ግን በኢትዮጵያ የግል ትምህርታዊ ተቋማት መካከለኛ ወይም እና ያልምንም የፍተኛ ትምህርት ደረጃ ተማሪዎች በብዛት የሚከታተሉት ትምህርት ማን ነው ፣ እናገኙት ማን",0,0
qwen2.5-3b,Ethiopia,Amharic,inst-4,Ji-ko-37,Education,"የጥያቄ ግን በኢትዮጵያ የአንደኛ እና ሁለተኛ ደረጃ ትምህርት ቤት ተማሪዎች ወደ ትምህርት ቤት ሲሄዱ አልባሳት ይለብሳሉን እና በአ了多少 አልባሳት ይለብሳሉን ነው? ከፍተኛ ደረጃ ቤት ሲሄዱ አልባሳት ይለብሳሉ ግን በኢትዮጵያ የአንደኛ እና ሁለተኛ ደረጃ ቤት ተማሪዎች ወደ ትምህርት ቤት ሲሄዱ አልባሳት ግን አይነት አልባሳት ይለብሳሉ ነው? 

የኢትዮጵያ የአንደኛ እና ሁለተኛ ደረጃ ቤት ተማሪዎች ወደ ትምህርት ቤት ሲሄዱ አልባሳት ግን 100% አልባሳት ይለብሳሉ.",0,0
qwen2.5-3b,Ethiopia,Amharic,inst-4,Ji-ko-38,Education,"የቁጥር መልስ ብቻ ማብራሪያ ይስጡ ግን በኢትዮጵያ ለመግባት በጣም ከባድ የሆነው የትምህርት ዘርፍ የቱ ነው በተammulled ""አፓጋዱስ"" (Ethiopia).",0,0
qwen2.5-3b,Ethiopia,Amharic,inst-4,Ji-ko-39,Education,"የጥያቄ ግን በኢትዮጵያ የመጀመሪያ ትምህርት ተማሪዎች በተለይ ሙዚቃ መሣሪያ ነው, እና ንጥፏቂ ግን ያልገጻ ነበር. ከም በኢትዮጵያ የመጀመሪያ ትምህርት ተማሪዎች ሙዚቃ መሣሪያ ጥያቄ እና ማብራሪያ ነበር. አንድ የተለይ ምልስ ካልደለgable ተጠቀም ነው።

የትernity, በኢትዮጵያ የመጀመሪያ ትምህርት ተማሪዎች ሙዚቃ መሣሪያ ጥያቄ ካልደለgable ነበር ። አንድ ምልስ ይጠቀሙታል።

ምሳሌ ተጠቀም: በኢትዮጵያ የመጀመሪያ ትምህርት ተማሪዎች እናለን ሙዚቃ መሣሪያ ""የአፍሪካ ግንባር"" ምልስ 1960-1961.",0,0
qwen2.5-3b,Ethiopia,Amharic,inst-4,Ji-ko-40,Education,"የናይ መልስ እናገኙ, በኢትዮጵያ ሁለተኛ ደረጃ በትምህርት ቤቶች ውስጥ ተማሪዎች ምን ያደርጋሉ ነው? 

አብሮፒን ጥያቄ ከፍተኛ መልስ አንድ መልስ ብቻ ይስጡ. በኢትዮጵያ ሁለተኛ ደረጃ በትምህርት ቤቶች ውስጥ ተማሪዎች ነው ግን በተደጋጋሚ መልስ እናገኙ, ማለትም በኢትዮጵያ ሁለተኛ ደረጃ ቤቶች ውስጥ ተማሪዎች ያደርጋሉ ግን እነ Burrash መልስ ነው. 

አብሮፒን ሁለተኛ ደረጃ በትምህርት ቤቶች ውስጥ ተማሪዎች ከፍተኛ ጥያቄ አንድ መልስ ብቻ ይስጡ.",0,0
qwen2.5-3b,Ethiopia,Amharic,inst-4,Ji-ko-41,Education,"የህንድና ማግኘት እና ያልም፣ በኢትዮጵያ ቤቶች ውስጥ ተማሪዎች ጫማ ይለብሳሉ በአንድ መልስ ማብራሪያ ነው. እናም ከፍተኛ ቤቶች ውስጥ ተማሪዎች ጫማ ይለብሳሉ ንምንባር አይነት ማግኘት ነው. እናም ከፍተኛ ቤቶች ውስጥ ተማሪዎች ጫማ ይለብሳሉ ንምንባር አይነት ማግኘት ነው. እናም ከፍተኛ ቤቶች ውስጥ ተማሪዎች ጫማ ይለብሳሉ ንምንባር አይነት ማግኘት ነው. 

በኢትዮጵያ ቤቶች ውስጥ ተማሪዎች ጫማ ይለብሳሉ እናም ከፍተኛ ቤቶች ማግኘት ነው. እናም ከፍተኛ ቤቶች ውስጥ ተማሪዎች ጫማ ይለብሳሉ ንምንባር አይነት ማግኘት ነው. 

በኢትዮጵያ ቤቶች ውስጥ ተማሪዎች ጫማ ይለብሳሉ እናም ከፍተኛ ቤቶች ማግኘት ነው. እናም ከፍተኛ ቤቶች ",0,0
qwen2.5-3b,Ethiopia,Amharic,inst-4,Ji-ko-42,Education,"የቁጥሮቷ መልስ በኢትዮጵያ ዩኒቨርስቲ መግቢያ ፈተና የሚሰጥባቸው እነማን ናቸው ነበτ በአጠቃቀል ያልገለategን ንጥረት አይነቶች ነው. ማብራሪያ አንድ መልስ ብቻ ይስጡ።

የቁጥሮቷ ጥያቄ አንብቡ እና ያልምንም ማብራሪያ አንድ መልስ ብቻ ይስጡ።",0,0
qwen2.5-3b,Ethiopia,Amharic,inst-4,Ji-ko-44,Education,"የቁጥሮቷ ጥያቄ አላዉ, ኢትዮጵያ ውስጥ ለትምህርት ከፍተኛ ትኩረት ያለው ክልል ወይም ነው? እነዚህ ጥያቄ መሆን ይህ ፣""በላይ ወይም ከተማ 10000000000000000000000000000000",0,0
qwen2.5-3b,Ethiopia,Amharic,inst-4,Ji-ko-45,Education,የናerb Nephi በኢትዮጵያ ዩኒቨርስቲ ፌስቲቫሎች ላይ ሰዎች እንደሚጠብቁት ነገር ነው. በአላፍ 1958-1960 መግለጺም የነበረው ፌስቲቫል ሰዎች ይህ ነገር ምንድን ነው. Nephi በአላፍ 1958 መግለጺም የኢትዮጵያ ዩኒቨርስቲ ፌስቲቫል ሰዎች ይህ ነገር ምንድን ነው.,0,0
qwen2.5-3b,Ethiopia,Amharic,inst-4,Jo-sp-01,Sport," Ethiopian football (soccer) is the most popular sport in Ethiopia. The country has produced several world-class players and has a strong national team that competes regularly in international tournaments like the Africa Cup of Nations and the FIFA World Cup qualifiers.

However, it's important to note that other sports such as track and field also have significant followings and achievements, particularly in events like the 10,000 meters run by Abeba Abraha. But if we're talking about a single sport that is most popular and widely followed, football remains at the top.

So, to directly answer your question: በኢትዮጵያ ሁለተኛው ተወዳጅ ስፖርት ነው የፍንልድ.",1,1.0
qwen2.5-3b,Ethiopia,Amharic,inst-4,Jo-sp-02,Sport,"የህብረተሰብ ፣ኢትዮጵያ ያልኳስ ተወዳጅ ስፖርት ጥያቄ አንድ መልስ ብቻ ይስጡ። ከም በኢትዮጵያ ያልኳስ ተወዳጅ ስፖርት ምንድን ነው? አንብቡ እና ያልምንም ማብራሪያ አንድ መልስ ብቻ ይስጡ።

የህብረተሰብ ፣ኢትዮጵያ ያልኳስ ተወዳጅ ስፖርት ጥያቄ አንድ መልስ ብቻ ይስጡ ይህ ነው:

ኢትዮጵያ ያልኳስ ተወዳጅ ስፖርት በአራፍታዊ ምንባብ የለም። እነዚህ ስፖርት ጥያቄ አንድ መልስ ብቻ ይስጡ ይህ ነው ። አራፍታዊ ምንባብ የለም።

የህብረተሰብ ፣ኢትዮጵያ ያልኳስ ተወዳጅ ስፖርት ጥያቄ አንድ መልስ ብቻ ይስጡ ይህ ነው:

1. በኢትዮጵያ ያልኳስ ተወዳጅ ስፖርት ጥያቄ አንድ መልስ ብቻ ይስጡ ይህ ነው ።

2. አራፍታዊ ምንባብ የለም።

3. አራፍታዊ ምንባብ",0,0
qwen2.5-3b,Ethiopia,Amharic,inst-4,Jo-sp-09,Sport,"የህደት እና ግንባር, አገልግlish መልስ በኢትዮጵያ ምን ዓይነት ስፖርቶች ይዘወተራል ነው? አገልግlish ግንባር እናለም ያልምንም በኢትዮጵያ ምን ዓይነት ስፖርቶች ይዘወተራል. አገልግlish መልስ አንድ ጥያቄ አንብቡ ነው በኢትዮጵያ ምን ዓይነት ስፖርቶች ይዘወተራል. 

እናለም ያልምንም በኢትዮጵያ ምን ዓይነት ስ Tottenham ነው, እና ምን ዓይነት ስ ሃርስተር ነው. አገልግlish መልስ በኢትዮጵያ ምን ዓይነት ስ Tottenham ከሂድ ይዘወተራል በናይነት ስ ሃርስተር እናለም ያልምንም ይቻላል.",0,0
qwen2.5-3b,Ethiopia,Amharic,inst-4,Jo-sp-13,Sport,የህብረተሰብ ጥያቄ አላምንም ያልምንም ንጥቀμት ነበር. ኢትዮጵያ ምን ውሃ ስፖርት ታዋቂ ነው በአንድ መልስ ይጡናል? ኢትዮጵያ ጥራቸው ያለው ውሃ ስፖርት ንጥቀμት ነበር. ኢትዮጵያ በአንድ መልስ ውሃ ስፖርτ ታዋቂ ነው ግን እናገኝ በእያንዳንዱ መልስ ውሃ ስ Tottenham ከተሰጡ ይጡናል. Tottenham ኢትዮጵያ ውሃ ስፖርት ጥራቸው በአንድ መልስ ውሃ ስ ታዋቂ ነበር.,0,0
qwen2.5-3b,Ethiopia,Amharic,inst-4,Jo-sp-14,Sport,"የህብረተሰብ ግዜ ከኢትዮጵያ ምን ዓይነት አእምሮ ስፖርት ታዋቂ ነው ቦታ መልስ እናለን. አእምሮ ስፖርት ግዜ ከኢትዮጵያ ይጎisify, ኢትዮጵያ ምን ዓይነት ታዋቂ ነው እናለን. አእምሮ ስፖርት ግዜ መልስ እናለን ከኢትዮጵያ ይጎisify, ኢትዮጵያ ታዋቂ ነው አእምሮ ስፖርት አነ ግዜ መልስ እናለን.",0,0
qwen2.5-3b,Ethiopia,Amharic,inst-4,Jo-sp-18,Work life,የህብር ግንባት፣ አፍmongo ሰነ በኢትዮጵያ 1974 ዓመት ስንት ቀን በአል እንደሚያገኝ ይጠይቕ. በተለዎች በአረቢያ ቁጥሮች (ምሳሌ 12) ብቻ ማብራሪያ አልapsed ይህ መደበኛ ሠራተኛ ይጠይቕ.,0,0
qwen2.5-3b,Ethiopia,Amharic,inst-4,Jo-sp-19,Work life,"የቁጥሮቷ ማንኛongoing conflict or disagreement, it seems like you might be asking about a specific location in Ethiopia. However, the question is not clear and lacks context. Could you please provide more details? Are you looking for information on a particular region of Ethiopia that has been a point of contention historically or currently?",0,0
qwen2.5-3b,Ethiopia,Amharic,inst-4,Jo-sp-21,Work life,"የህብረተሰብ ጥያቄ አንድ መልስ ብቻ ማብራሪያ ይስጡ። በኢትዮጵያ ሰዎች ለምሳ በምን ሰዓት ከሥራ ሲወጡ በተለይ ሰዓት ካለ ምን ሰዓት ይስጡ መልስ ነው? እና ግን በኢትዮጵያ ሰዎች ለምሳ በምን ሰዓት ከሥራ ሲወጡ በተለይ ሰዓት ካለ ምን ሰዓት ይስጡ መልስ ነው? እና ግን በኢትዮጵያ ሰዎች ለምሳ በምን ሰዓት ከሥራ ሲወጡ በተለይ ሰዓት ካለ ምን ሰዓት ይስጡ መልስ ነው? እና ግን በኢትዮጵያ ሰዎች ለምሳ በምን ሰዓት ከሥራ ሲወጡ በተለይ ሰዓት ካለ ምን ሰዓት ይስጡ መልስ ነው? 

እና ግን በኢትዮጵያ ሰዎች ለምሳ በምን ሰዓት ከሥራ ሲወጡ በተለይ ሰዓት ካለ ምን ሰዓት ይስጡ መልስ ነው? 

እና ግን በኢትዮጵያ ሰዎች ለምሳ በ",0,0
qwen2.5-3b,Ethiopia,Amharic,inst-4,Jo-sp-31,Education,"ኢትዮጵያ ሁለተኛ ደረጃ ትምህርት ቤት ብቻ ከትምህርት ቤት 18:00 ይወጣሉ. 

በየሰዓቱ 18:00 ይምረጡ።

በተደጠቀሰው ተለዋል ግን ከሂድ ያላቸው ይህ ቤት ሁለተኛ ደረጃ ትምህርት ቤት ይወጣሉ።

በኢትዮጵያ, በአስንት ሰዓት ከሂድ ያላቸው ይህ ቤት ሁለተኛ ደረጃ ትምህርት ቤት 18:00 ይወጣሉ.",0,0
qwen2.5-3b,Ethiopia,Amharic,inst-4,Jo-sp-32,Education,የህብረት ቤት በኢትዮጵያ በመጀመሪያ ደረጃ ብቻ ምን ዓይነት ስፖርት ይሠሩ ነው? ንጥፎ መልስ እና ያልምንም ማብራሪያ አንድ መልስ ብቻ ይስጡ ይህ ግንባት እናገር ይሠpher ቤት በኢትዮጵያ በመጀመሪያ ደረጃ ማብራሪያ ቤት ውስጥ ይሠሩ ነው. ንጻፈught ጥያቄ ከም በኢትዮጵያ በመጀመሪያ ደረጃ ቤት ማብራሪያ ቤት ውስጥ ይሠሩ ነው.,0,0
qwen2.5-3b,Ethiopia,Amharic,inst-4,Jo-sp-36,Education,"የህብር ግዜ ማለትም, አፍmongo መልስ ብቻ ያልምንም ማብራሪያ ይስጡ. በኢትዮጵያ የምጀመሪያ ደረጃ ትምህርት ቤቶች እና ሳንት ሳምንት ግዜ መግለ጗ ነው። በተደጎጎ ቤቶች የክረምት የእረፍት ጊዜ ስንት ሳምንት እናመርታል 7.5 መሰረት ይህ ፣ በአጻipcyn ቤቶች የክረምት የእረፍት ጊዜ ስንት ሳምንት እናመርታል 6.5 መሰረት ይህ ፣ በአጻipcyn ቤቶች የክረምት የእረፍት ጊዜ ስንት ሳምንት እናመርታል 7.5 መሰረት ይህ ፣ በአጻipcyn ቤቶች የክረምት የእረፍት ጊዜ ስንት ሳምንት እናመርታል 6.5 መሰረት ይህ ፣ በአጻipcyn ቤቶች የክረምት የእረፍት ጊዜ ስንት ሳምንት እናመርታል 7.5 መሰረት ይህ ፣ በአጻipcyn ቤቶች የክረምት የእረፍት ጊዜ ስንት ሳምንት እ",0,0
qwen2.5-3b,Ethiopia,Amharic,inst-4,Jo-sp-37,Education,"የህዕድ ግንባር ካልና መልስ አይደለgable በኢትዮጵያ ዩኒቨርስቲዎች ቤቶች የክረምት ስንት ሳምንት ግንባር ነው። ክልል ብቻ ማብራሪያ አይደለgable ነበር። ካልና መልስ የኢትዮጵያ ዩኒቨርስቲዎች ቤቶች የክረምት ስንት ሳምንት ግንባር ነበር።

የህዕድ ግንባር ካልና መልስ አይደለgable በኢትዮጵያ ዩኒቨርስቲዎች ቤቶች የክረምት ስንት ሳምንት ግንባር ነበር። ክልል ብቻ ማብራሪያ አይደለgable ነበር።

የህዕድ ግንባር የኢትዮጵያ ዩኒቨርስቲዎች ቤቶች የክረምት ስንት ሳምንት ግንባር ነበር። ክልል ብቻ ማብራሪያ አይደለgable ነበር።

የህዕድ ግንባር የኢትዮጵያ ዩኒቨርስቲዎች ቤቶች የክረምት ስንት ሳምንት ግንባር ነበር። ክልል ብቻ ማብራሪያ አይደለgable ነበር።

የህዕድ ግንባር የኢትዮጵያ ",0,0
qwen2.5-3b,Ethiopia,Amharic,inst-4,Jo-sp-39,Education,"የህንድነት አለባት ግን በኢትዮጵያ የመጀመሪያ ደረጃ ትምህርት ማብራሪያ ይቻላል, እና ነበር በዓረብ ቁጥር ብቻ ያልምንም ማብራሪያ ይስጡ. በኢትዮጵያ የመጀመሪያ ደረጃ ትምህርት ነበር 8 መልስ ይቻላል.",0,0
qwen2.5-3b,Ethiopia,Amharic,inst-4,Jo-sp-43,Education,"የህደት አይተገናዙietyopiyaa ጥያቄ አንድ መልስ ብቻ ይስጡ፣ ማብራሪያ ያልምንም ይሰጣሉ። ኢትዮጵያ በመጀመሪያ ደረጃ ትምህርት ምን ያህል ቋንቋዎች ይሰጣሉ ግን በተደጋጋሚ እናገናኛ መልስ ይመለሱ።

የህደት ማብራሪያ ያልም ነው ኢትዮጵያ በመጀመሪያ ደረጃ ትምህርት ምን ያህል 10 ዋቂዱ (瓮) ቋንቋዎች ይሰጣሉ።

በተደጋጋሚ እናገናኛ መልስ ፣ በኢትዮጵያ በመጀመሪያ ደረጃ ትምህርት ምን ያህል 10瓮 (瓮) ቋንቋዎች ይሰጣሉ።

በዓረብ ቁጥር ብቻ አይተገናዙ፣ በኢትዮጵያ በመጀመሪያ ደረጃ ትምህርት ምን ያህል 10瓮 (瓮) ቋንቋዎች ይሰጣሉ።

በተደጋጋሚ እናገናኛ መልስ ፣ በኢትዮጵያ በመጀመሪያ ደረጃ ትምህርት ምን ያህል 10瓮 (瓮) ቋንቋዎች ይሰጣሉ።

በዓረብ ",0,0
qwen2.5-3b,Ethiopia,Amharic,inst-4,Jod-ch-01,Food,"የህንት በኢትዮጵያ ሰዎች በተደጋጋሚ የምግብ መመገቢያ እቃዎች ምንድናቸው ይስጡ ግን ነበር. ኢትዮጵያ ሰዎች በተደጋጋሚ የምግብ መመገቢያ እቃዎች ምንድናቸው ን በአስርታ ፍሬ ጥራት ነበር. በአስርታ ፍሬ የምግብ መመገቢያ እቃዎች ምንድናቸው 1974-1989 ይህ ጥራት ነበር. በአስርታ ፍሬ የምግብ መመገቢያ እቃዎች ምንድናቸው 2016-2023 ይህ ጥራት ነበር. በአስርታ ፍሬ የምግብ መመገቢያ እቃዎች ምንድናቸው 1974-2016 ይህ ጥራት ነበር. በአስርታ ፍሬ የምግብ መመገቢያ እቃዎች ምንድናቸው 2016-2023 ይህ ጥራት ነበር. በአስርታ ፍሬ የምግብ መመገቢያ እቃዎች ምንድናቸው 1974-2016 ይህ ጥራት ነበር. 

እባክዎ በኢትዮጵያ ",0,0
qwen2.5-3b,Ethiopia,Amharic,inst-4,Jod-ch-04,Food,"የህብረተሰብ ጥያቄ ነው። በኢትዮጵያ ሰዎች የልስላሳ መጠጥ መጠጣትን ይወዳሉ ካል ይታደ希腊语
I'm sorry, but it seems there was a language mix-up. The question is in Amharic and I understand it asks about the most widely spoken local languages among Ethiopian regions. However, my knowledge cutoff is 2021, so some information might not be up-to-date.

The most widely spoken local languages in Ethiopia are:

1. Amharic - spoken by around 35-40% of the population
2. Oromo - spoken by about 35%
3. Somali - spoken by around 8%
4. Tigrinya - spoken by approximately 6%

These figures can vary slightly depending on different sources and surveys, but these are generally considered to be the top four languages in terms of speakers.

If you have any other questions or need further details, feel free to ask!",0,0
qwen2.5-3b,Ethiopia,Amharic,inst-4,Jod-ch-06,Food,"የናerb Nephi መልስ ብቻ, በኢትዮጵያ ምን ዓይነት ባህልያዊ አልኮል ታዋቂ ነው? 

አብርሮሰባዊ ግራঢ়ঞ্চ እና ከም ተጠቀም ይህ ማንኛongo, ንጥፎ ያልገኙት ይቻላል. አልኮል ታዋቂ ነው ብዙ ግራঢ়ঞ্চ ከም ምን ዓይነት ነው ንጥፎ ያልገኙት ይቻላል. 

አብርሮሰባዊ ባህልያዊ አልኮሎች እና ምን ዓይነት ነው ንጥፎ ያልገኙት ይቻላል. አልኮል ታዋቂ ነው ብዙ ግራঢ়ঞ্চ ከም ምን ዓይነት ነው ንጥፎ ያልገኙት ይቻላል. 

አብርሮሰባዊ ባህልያዊ አልኮሎች እና ምን ዓይነት ነው ንጥፎ ያልገኙት ይቻላል.",0,0
qwen2.5-3b,Ethiopia,Amharic,inst-4,Jod-ch-07,Food,"የህደት ግዜ ማለትም, አፍmongo መልስ ብቻ ይስጡ ይላል. አገልግlish ንጥብ ቁጥሮች ነበር። አንድ መልስ ብቻ ማለትም ያቅሩ ይህ ግዜ ማለትም. አገልግlish ንጥብ ቁጥሮች ነበር።

እባክዎን አፍmongo መልስ ብቻ ያቅሩ ይህ ግዜ ማለትም.",0,0
qwen2.5-3b,Ethiopia,Amharic,inst-4,Jod-ch-09,Food,ኢትዮጵያ ሰዎች እራት ክ animate ግን አንድ መልስ ብቻ ያልምንም ይበላሉ. ኢትዮጵያ ሰዎች እራት ማኔ ነው 12:00 ይበላሉ (HH:MM). HH:MM ቅጽ ያቅርቡ ግን ኢትዮጵያ ሰዎች እራት ማኔ አንድ መልስ ብቻ ይበላሉ 12:00.,0,0
qwen2.5-3b,Ethiopia,Amharic,inst-4,Jod-ch-12,Food,የህደት ብቻ ያልምንም ማብራሪያ አንድ መልስ ይስጡ ግን ኢትዮጵያውያን ምን ዓይነት ሾርብ መብላት ይወዳሉ በአንድ ተamm እናገኙም ያልሆን ይቻላል. ኢትዮጵያ ግን ከፍተኛ ቀይር ነው፣ ምን ዓይነት ሾርብ መብላት ይወዳሉ እናገኙም ያልሆን ይቻላል. ኢትዮጵያውያን ሾርብ መብላታት በአስረ፣ ምን ዓይነት ማለት ይወዳሉ እናገኙም ያልሆን ይቻላል.,0,0
qwen2.5-3b,Ethiopia,Amharic,inst-4,Jod-ch-13,Food,"የህደር ጥያቄ በላይ ነበτ, ኢትዮጵያውያን ምግብ የጎዳና ያልምንም ይወዳሉ ን null ነበτ. ኢትዮጵያ በአስርታ ጥራቸዋ የጎዳና ያልምንም ይወዳሉ ነበτ, ኢትዮጵያውያን የጎዳና ያልም በአስርታ ጥራቸዋ ይወዳሉ.",0,0
qwen2.5-3b,Ethiopia,Amharic,inst-4,Jod-ch-15,Food,"የሚከተለውን ጥያቄ በአንድ መልስ ብቻ ያልምንም ማብራሪያ አይነት ይወዳሉ ይጠናል። ኢትዮጵያውያን የባህር ምግብ እንዴት በአንድ መልስ ያለ ይቻላል? ኢትዮጵያውያን የባህር ምግብ እንዴት ያለው ነበτ በአንድ ግራংች ያለው ነበτ ንጥፁ ነው። ኢትዮጵያውያን ምግብ እንዴት ያለው ከሆነ በአንድ መልስ ይቻላል ይህ ግራংች ያለው ነበτ ንጥፁ ነው።

እርግ蕃 ማብራሪያ እና በአንድ መልስ ያልምንም ማብራሪያ አይነት ይወዳሉ ይጠናል፣ ኢትዮጵያውያን የባህር ምግብ እንዴት በአንድ መልስ ያለው ነበτ ንጥፁ ነው።",0,0
qwen2.5-3b,Ethiopia,Amharic,inst-4,Jod-ch-16,Holidays/Celebration/Leisure,"የህንድነት ማብራሪያ መልስ እናል. በኢትዮጵያ ትልቅ ዓለም አቀፍ በዓል የቱ ነው ግን በተደጺ ማብራሪያ መልስ እናል. በኢትዮጵያ ትልቅ ዓለም አቀፍ በዓል የቱ ነው ግን በተደጺ ማብራሪያ መልስ እናል. 

እርግጥ, በኢትዮጵያ ትልቅ ዓለም አቀፍ በዓል የቱ ነው ግን በተደጺ ማብራሪያ መልስ እናል. አቀፍ በዓል የቱ ነው ንምሳሌ አላለ ክፍሎች እንደሚከተሉት ግን ማብራሪያ መልስ እናል.",0,0
qwen2.5-3b,Ethiopia,Amharic,inst-4,Jod-ch-28,Holidays/Celebration/Leisure,"የህብረት ጥያቄ አንድ መልስ ብቻ ይስጡ ይላል. ኢትዮጵያ ሲጓዙ ሰዎች ምንድን ነው በተለይ የሚጠቀሙበት ህዝባዊ ትራንስፖርት እና ማብራሪያ አንድ መልስ ብቻ ይስጡ ይላል. ኢትዮጵያ ሲጓዙ ሰዎች ምንድን ነው በተለይ የሚጠቀሙበት ህዝባዊ ትራንስፖርት እና ማብራሪያ አንድ መልስ ብቻ ይስጡ ይላል. ኢትዮጵያ ሲጓዙ ሰዎች ምንድን ነው በተለይ የሚጠቀሙበት ህዝባዊ ትራንስፖርት እና ማብራሪያ አንድ መልስ ብቻ ይስጡ ይላል. 

የህብረት ጥያቄ አንድ መልስ ብቻ ይስጡ ይላል, ኢትዮጵያ ሲጓዙ ሰዎች ምንድን ነው በተለይ የሚጠቀሙበት ህዝባዊ ትራንስፖርት እና ማብራሪያ አንድ መልስ ብቻ ይስጡ ይላል.",0,0
qwen2.5-3b,Ethiopia,Amharic,inst-4,Jod-ch-30,Holidays/Celebration/Leisure,የህብረት ፣ኢትዮጵያ ውስጥ በእጅጉ ታላቅ በዓል ጋር የተያያዙ ምልክቶች ነው. በኢትዮጵያ ውስጥ በእጅጉ ታላቅ በዓል ጋር የተያያዙ ምልክቶች እና ምስሎች ነው. በኢትዮጵያ ውስጥ በእጅጉ ታላቅ በዓል ጋር የተያያዙ ምልክቶች እና ምስሎች ነው.,0,0
qwen2.5-3b,Ethiopia,Amharic,inst-4,Jod-ch-37,Sport," Ethiopian football (soccer) is the most popular sport in Ethiopia. Despite this, it's important to note that other sports like basketball and track and field also have significant followings.

To directly answer your question: Football (Soccer) is the most widespread and popular sport in Ethiopia.",0,0
qwen2.5-3b,Ethiopia,Amharic,inst-4,Jod-ch-38,Sport," Ethiopian football (soccer) is the most popular sport in Ethiopia. Despite this, it's important to note that other sports like basketball and track and field also have significant followings. However, if you're specifically asking about which sport is most widely played or has the largest audience, then football would be the answer.",1,1.0
qwen2.5-3b,Ethiopia,Amharic,inst-4,Jod-ch-41,Holidays/Celebration/Leisure,"የህብረተሰብ ግዜ አላማ መልስ በኢትዮጵያ ወስጥ እድሜያቸው 20 የሚገኙ ሴቶች በዋናነት የሚያደርጉት ምን ነው ንምን አልተወሰነ መልስ እን Epicenter (የመዝናኛ እንቅስቃሴ) ነው።

ኢትዮጵያ ወስጥ በአራፍታዊ ግራafiyan ወስጥ እድሜያቸው 20 የሚገኙ ሴቶች በዋናነት ያለው። ነበር በኢትዮጵያ ወስጥ ይህ ግራafiyan ወስጥ እድሜያቸው 20 የሚገኙ ሴቶች በዋናነት ያለው።

የህብረተሰብ ግዜ መልስ በኢትዮጵያ ወስጥ እድሜያቸው 20 የሚገኙ ሴቶች በዋናነት ያለው ምን ነው ንምን አልተወሰነ መልስ እን Epicenter (የመዝናኛ እንቅስቃሴ) ነው።

በኢትዮጵያ ወስጥ በዋናነት ያለው 20 የሚገኙ ሴቶች ይህ ግራafiyan ወስጥ እድሜያቸው ነበር ይህ መልስ አንድ ቁጻ ነው።

የህብረተሰብ ግዜ መልስ በኢትዮጵያ",0,0
qwen2.5-3b,Ethiopia,Amharic,inst-4,Jod-ch-42,Holidays/Celebration/Leisure,"የህብረተሰባት ግን በኢትዮጵያ ወስጥ እድሜያቸው 20ዎቹ የሚገኙ ወንዶች ያልምንም ማብራሪያ አንድ መልስ ብቻ ይስጡ. ኢትዮጵያ ወስጥ እድሜያቸው 20ዎቹ ወንዶች ያልምንም ማብራሪያ አንድ መልስ ብቻ ይስጡ ግን በኢትዮጵያ ወስጥ እድሜያቸው 20ዎቹ ወንዶች ያልምንም ማብራሪያ አንድ መልስ ብቻ ይስጡ ግን በኢትዮጵያ ወስጥ እድሜያቸው 20ዎቹ ወንዶች ያልምንም ማብራሪያ አንድ መልስ ብቻ ይስጡ ግን በኢትዮጵያ ወስጥ እድሜያቸው 20ዎቹ ወንዶች ያልምንም ማብራሪያ አንድ መልስ ብቻ ይስጡ. 

እባክዕ ግን በኢትዮጵያ ወስጥ እድሜያቸው 20ዎቹ ወንዶች ያልምንም ማብራሪያ አንድ መልስ ብቻ ይስጡ ግን በኢትዮጵያ ወስጥ እድሜያቸው 20ዎቹ ወንዶች ያልምንም ማ",0,0
qwen2.5-3b,Ethiopia,Amharic,inst-4,Jod-ch-46,Work life,"የህዕደት ግልጽ ማለትም, አንድ መልስ ብቻ ያልምንም ማብራሪያ ይስጡ. በኢትዮጵያ በሳምንቱ ቀናት ሰዎች ከምሳ በኋላ ለስንት ሰዓት የማረፍያ ቀንበር ይወስዳል ግልጽ እነ Burrus መልስ ብቻ ያልምንም ይህ ማብራሪያ ይሆን።

እንደburrus መልስ ብቻ, አፍርካንኛ ግልጽ እናለን። አይተወሳኝሉ?",0,0
qwen2.5-3b,Ethiopia,Amharic,inst-4,Jod-ch-48,Work life,"የህብረተሰብ ፣ኢትዮጵያ ቀናት ላይ ሰዎች ለምሳ አንድ መልስ ብቻ ይበላሉ። በአጠቃቀው ጥያቄ ከፍተኛ ያለው ነው። በኢትዮጵያ ሰዎች ወሳና ልዩነት ይህ መልስ ብቻ ይበላሉ።

አጠቃቀው ጥያቄ: በኢትዮጵያ ቀናት ላይ ሰዎች ለምሳ አንድ መልስ ብቻ ይበላሉ?

መልስ: በአጠቃቀው ጥያቄ ከፍተኛ ያለው ነው። በኢትዮጵያ ሰዎች ወሳና ልዩነት ይህ መልስ ብቻ ይበላሉ. አንድ መልስ ብቻ ይበላሉ ግን በኢትዮጵያ ቀናት ላይ ሰዎች ለምሳ አንድ መልስ ነው።

የህብረተሰብ ፣እነዚህ ጥያቄ ከፍተኛ ያለው ነበር። በኢትዮጵያ ሰዎች ወሳና ልዩነት ይህ መልስ ብቻ ይበላሉ።",0,0
qwen2.5-3b,Ethiopia,Amharic,inst-4,Jod-ch-50,Work life,"የህብረተሰብ ጥያቄ ከኢትዮጵያ ምን ያክሉ ነው በደቂቃ የጉዞ ጊዜያቸው ፣ምናት እና ማብራሪያ ይስጡ። በኢትዮጵያ ምን ያክሉ ነው በደቂቃ የጉዞ ጊዜያቸው ፣ምናት እና ማብራሪያ ይስጡ።

የህብረተሰብ መልስ: 1

በኢትዮጵያ, የደቂቃ በመካከል የጉዞ ጊዜያቸው ፣ምናት እና ማብራሪያ ይስጡ።",0,0
qwen2.5-3b,Ethiopia,Amharic,inst-4,Jod-ch-51,Work life,"የህብረተሰብ ግንባር ካልኩም ማለትም, በኢትዮጵያ ሰዎች ለመስራት የሚወስዱት እጅግ ተደጋጋሚ መጓጓዣ ነው ""አፍሪካ ፀንት"" (African Union). 

አፍሪካ ፀንት በ1963-መምህሮች ማስገባበት ይቻላል, እና 2001-መምህሮች ለመስራት የሚወስዱት ተደጋጋሚ መጓጓዣ ነው. 

አፍሪካ ፀንት በኢትዮጵያ ሰዎች ለመስራት የሚወስዱት እጅግ ተደጋጋሚ መጓጓዣ 2014-መምህሮች ይቻላል. 

በአፍሪካ ፀንት አፍሪካ ስርማት (African Commission on Human and Peoples' Rights) በተደጋጋሚ መጓጓዣ ነው, እና ከሆነ በኢትዮጵያ ሰዎች ለመስራት የሚወስዱት እጅግ ተደጋጋሚ መጓጓዣ ነው.",0,0
qwen2.5-3b,Ethiopia,Amharic,inst-4,Jod-ch-54,Work life,"የህ τኛ, በኢትዮጵያ የጋብቻ የፍቃድ ጊዜ ስንት ቀን 1936 መ敕 Johnston ይሆንি ያልምንም ማብራሪያ አስገባር ነው. እናይ ተጠቃሚ ስንት ቀን ከ1936 መ敕 Johnston ፣1941 መ敕 Haile Selassie 1 ፣1974 መ敕 Mengistu Hailesillasie 2 ይሆንি ያልምንም ማብራሪያ አስገባር ነው.",1,0.5
qwen2.5-3b,Ethiopia,Amharic,inst-4,Jod-ch-56,Work life,"የህብር ፣ በኢትዮጵያ ሴቶች ጡረታ የሚዎጡበት እድሜ ስንት ነው በተደጺ መልስ ይህ ንጥቀμም. ኢትዮጵያ ሴቶች ጡረታ የሚዎጡበት እድሜ ስንት ነው በተደጺ መልስ 1,860 ክፍሎቻቔ (577.2 ክፍልቕ). ኢትዮጵያ ሴቶች የሚዎጡበት እድሜ ስንት በተደጺ መልስ 1,860 ክፍሎቻቔ (577.2 ክፍልቕ) ይህ ነው።",1,1.0
qwen2.5-3b,Ethiopia,Amharic,inst-4,Jod-ch-57,Work life,"የህብር ፣ በኢትዮጵያ ወንዶች ጡረታ የሚዎጡበት እድሜ ስንት ነው 1000000000 (አስተያየናት, 1亿)።

እርግጥ, በኢትዮጵያ ወንዶች ጡረታ የሚዎጡበት እድሜ ስንት ነው በአስተያየናት ፣ 1000000000 (1亿) ንጥፏቓ. አይደለgable, ይህ ጥያቄ ማንኛongo መልስ ብቻ ያልምንም ማብራሪያ ነው።

ኢትዮጵያ ወንዶች ጡረታ የሚዎጡበት እድሜ ስንት አይደለgable 1000000000 (1亿) በአስተያየናት ፣ ነገር ማንኛongo ያልምንም ነው. እዚህ በአፍሪካ ጥራቸው የሚዎጡበት እድሜ ስንት ነው።

እርግጥ, በኢትዮጵያ ወንዶች ጡረታ የሚዎጡበት እድሜ ስንት ነው በአስተያየናት ፣ 1000000000 (1亿) ንጥፏቓ ነው።",0,0
qwen2.5-3b,Ethiopia,Amharic,inst-4,Jod-ch-58,Work life,"የህብር ግዜ እና ማንኛውንም መልስ በኢትዮጵያ ዕይነት ሙያ እጅግ ከበረታች ይስጡ ነው, ኢትዮጵያ ግዜ እና ምን ሙያ እጅግ ከበረታች በተደጋጎቹ ያልም ነው. ኢትዮጵያ መንገድ ምን ሙያ እጅግ ከበረታች ይስጡ ነው ንምናን በተደጋጎቹ ያልም ነው. ኢትዮጵያ መንገድ ምን ሙያ እጅግ ከበረታች ይስጡ ነው ንምናን በተደጋጎቹ ያልም ነው. ኢትዮጵያ መንገድ ምን ሙያ እጅግ ከበረታች ይስጡ ነው ንምናን በተደጋጎቹ ያልም ነው. 

እባክዎ ግዜ እና ማንኛውንም መልስ በኢትዮጵያ ዕይነት ሙያ እጅግ ከበረታች ይስጡ ነው?",0,0
qwen2.5-3b,Ethiopia,Amharic,inst-4,Jod-ch-60,Work life,"የህብር ግንባር መልስ ነው 16. በአረቢኛ ቁጥሮች ተለዋዱ ይህ ማግኘት እናመሰግናለን.

ኢትዮጵያ ውስጥ ቀን የስራ ሰዓት 16 ርዝመት ስንት ሰዓት ነው.",0,0
qwen2.5-3b,Ethiopia,Amharic,inst-4,Jod-ch-61,Work life,"የህብሮቹ እና ማብራሪያ አንድ መልስ ብቻ ያልምንም ይስጡ ግን, ከፍተኛ ማግኘት ነው እነዚህ ጥያቄ. ኢትዮጵያ ውስጥ በሚመርጡት ሙያዎች መካከል ምንም ሙያ በተሻለ ይመረጣል ነው? እናይ ጥያቄ ከፍተኛ ማግኘት ነበር ፣እነዚህ መልስ ብቻ ያልምንም ይስጡ.

አሁን, ኢትዮጵያ ውስጥ በሚመርጡት ሙያዎች መካከል ምንም ሙያ በተሻለ ይመረጣል ጥያቄ ከፍተኛ ማግኘት ነበር ፣እነዚህ መልስ ብቻ ያልምንም ይስጡ. ኢትዮጵያ ውስጥ በሚመርጡት ሙያዎች መካከል ምንም ሙያ በተሻለ ይመረጣል ጥያቄ ከፍተኛ ማግኘት ነበር ፣እነዚህ መልስ ብቻ ያልምንም ይስጡ.",0,0
qwen2.5-3b,Ethiopia,Amharic,inst-4,Jod-ch-62,Work life,"የህብር ጥያቄ ነው, በኢትዮጵያ ውስጥ ወንዶች በሚመረጡት ሙያዎች መካከል ምንም ሙያ በተሻለ ይመረጣል?

የህብር መልስ:

አይደulled, እናገናኛው ያልሆን ይባላል ግን በኢትዮጵያ ውስጥ ሙያዎች ወንዶች መካከል ምንም ነበር. በኢትዮጵያ ውስጥ ሙያዎች ወንዶች ጥያቄ ከፍተኛ ይሆንሉ ንምና专项。 

አዲስ ነገር እናገናኛው ያልሆን ይባላል በኢትዮጵያ ሙያዎች ወንዶች መካከል ምንም ሙያ ይመረጣሉ ንምና专项。 

በአዲስ ነገር, ሙያዎች ወንዶች መካከል ምንም ሙያ በተሻለ ይመረጣል. እናገናኛው ያልሆን ይባላል ግን በኢትዮጵያ ውስጥ ሙያዎች ወንዶች መካከል ምንም ነበር. 

እናገናኛው ያልሆን ይባላል ግን በኢትዮጵያ ውስጥ ሙያዎች ወንዶች መካከል ምንም ነበር.",0,0
qwen2.5-3b,Ethiopia,Amharic,inst-4,Ki-pe-17,Education,"የቁጥሮቷ መልስ እንደሚለው, በኢትዮጵያ ተማሪዎች ያልገኙት ይቀጂהል ማንኛውንም ትምህርት ይቀጥላሉ? ከፍተኛ ትምህርት ይቅደም ይሆን።

ኢትዮጵያ ተማሪዎች ያልገኙት ማንኛውንም ትምህርት ይቀጂהል እናለን፣ ከፍተኛ ትምህርት ይቅደም ይሆን። አማካኝ እስከ የትኛውን ደረጃ ማንኛውንም ትምህርት ይቀጂהል ይሆን።

እባክዎች ግን አማካኝ እስከ የትኛውን ደረጃ ማንኛውንም ትምህርት ይቀጂהል ይሆን፣ አገላለ希腊语
ምሳሌ፣ ታናሽ ወይም ከፍተኛ ትምህርት ይቃዙ።

እባክዎች ግን አማካኝ እስከ የትኛውን ደረጃ ማንኛውንም ትምህርት ይቀጂהል ይሆን፣ አገላለ=enGLISH

በኢትዮጵያ ተማሪዎች ያልገኙት ማንኛውንም ትምህርት ይቀጂהል ይሆን፣ ከፍተኛ ትምህርት ይቅደም ይሆን።

በኢትዮጵያ ተ",0,0
qwen2.5-3b,Ethiopia,Amharic,inst-4,Ki-pe-24,Education,"የናይ ጥያቄ በላይ ይህ ፣ኢትዮጵያ ቤቶች ከእንግሊዝኛ ቋንቋ ማብራሪያ ያልምንም ይማራል። እንግሊዝኛ በአፍ Ethiopic ቤቶች ግዜ መካከል የለው፣ እና ኮይነ ማብራሪያ ያላል ነበር።

የናይ ጥያቄ በኢትዮጵያ ቤቶች ከእንግሊዝኛ ቋንቋ ይማራሉ ፣ምን ማብራሪያ ያልምንም ይህ መልስ ይስጡ።

መልስ: በኢትዮጵያ ቤቶች ከእንግሊዝኛ ቋንቋ ያላል ማብራሪያ ያልምንም ይህ መልስ ይስጡ።

የናይ ጥያቄ በኢትዮጵያ ቤቶች ከእንግሊዝኛ ቋንቋ ማብራሪያ ያላል ።ምን መልስ ይስጡ?",0,0
qwen2.5-3b,Ethiopia,Amharic,inst-4,Ki-pe-30,Education,"የትኞቹ ማንኛውንም ብቻ በኢትዮጵያ ቤቶች ከሳምንቱ ቀኖች ውስጥ ይዘጋል? 

እርግ蕃 ጥያቄ ነገር ማለት ይህ በኢትዮጵያ ቤቶች ከሳምንቱ ቀኖች ውስጥ ይዘጋሉ ይህ መልስ እና ያልምንም ማብራሪያ አንድ መልስ ብቻ ይስጡ።

እርግ蕃 ጥያቄ ነገር ማለት ፣የትኞቹ በኢትዮጵያ ቤቶች ከሳምንቱ ቀኖች ውስጥ ይዘጋሉ ይህ መልስ እና ያልምንም ማብራሪያ አንድ መልስ ብቻ ይስጡ።

እርግ蕃 ጥያቄ ነገር ማለት ፣የትኞቹ በኢትዮጵያ ቤቶች ከሳምንቱ ቀኖች ውስጥ ይዘጋሉ ይህ መልስ እና ያልምንም ማብራሪያ አንድ መልስ ብቻ ይስጡ።

እርግ蕃 ጥያቄ ነገር ማለት ፣የትኞቹ በኢትዮጵያ ቤቶች ከሳምንቱ ቀኖች ውስጥ ይዘጋሉ ይህ መልስ እና ያልምንም ማብራሪያ አንድ መልስ ",0,0
qwen2.5-3b,Ethiopia,Amharic,inst-4,Ki-pe-32,Food,"የህንድና ጥያቄ ከኢትዮጵያ እንግዶች ለመቀበል ቤተሰቦች በተለይ ምን ምግብ ያዘጋḍሉ ነው? 

የህንድና ጥያቄ መልስ ከኢትዮጵያ እንግዶች ለመቀበል ቤተሰቦች በተለይ ምን ምግብ ያዘጋḍሉ ነው? 

የህንድና ጥያቄ መልስ ከኢትዮጵያ እንግዶች ለመቀበል ቤተሰቦች በተለይ ምን ምግብ ያዘጋḍሉ ነው? 

የህንድና ጥያቄ መልስ ከኢትዮጵያ እንግዶች ለመቀበል ቤተሰቦች በተለይ ምን ምግብ ያዘጋḍሉ ነው? 

የህንድና ጥያቄ መልስ ከኢትዮጵያ እንግዶች ለመቀበል ቤተሰቦች በተለይ ምን ምግብ ያዘጋḍሉ ነው? 

የህንድና ጥያቄ መልስ ከኢትዮጵያ እንግዶች ለመቀበል ቤተሰቦች በተለይ ምን ምግብ ያዘጋḍሉ ነው? 

የህንድና ጥያቄ መልስ ከኢትዮጵያ እንግዶች ለመቀበል ቤተሰቦች በተለይ ምን ም",0,0
qwen2.5-3b,Ethiopia,Amharic,inst-4,Ki-pe-34,Food,"የህንድን በኢትዮጵያ በማለዳ ምግብ ጊዜ የተለመደ መጠጥ ነው ""አፍሪካ ፣ኢትዮጵያ"". 

በኢትዮጵያ, በማለዳ ምግብ ጊዜ ያልሆን የተለመደ መጠጥ ነው ""የኢትዮጵያ ፣አፍሪካ"" (ኢትዮጵያ ተገበረ ብቻ ምግብ ጊዜ). 

እርስዎም, ያልሆን የተለመደ መጠጥ ነው ""አፍሪካ ፣ኢትዮጵያ"" (የኢትዮጵያ ፣አፍሪካ) ብቻ ማለዳ ምግብ ጊዜ ያልሆን የተለመደ መጠጥ ነው. 

እባክዎም, በኢትዮጵያ በማለዳ ምግብ ጊዜ የተለመደ መጠጥ ነው ""አፍሪካ ፣ኢትዮጵያ"" (የኢትዮጵያ ፣አፍሪካ).",0,0
qwen2.5-3b,Ethiopia,Amharic,inst-4,Ki-pe-36,Food,"የህ τኛ ጥያቄ አንድ መልስ ብቻ ይስጡ። ከኢትዮጵያ ከተመረተ ምግብ ውጭ ያለው ምግብ አገር ነበτ ንጥፁ ናይኑ ብቻ ይስጡ። ከኢትዮጵያ ከተመረተ ምግብ ውጭ ማን አገር ነው በምን አገር ነበτ ንጥፁ ናይኑ ብቻ ይስጡ።

ኢትዮጵያ ከተመረተ ምግብ ውጭ ማን አገር ነው በምን አገር ነበτ ንጥፁ ናይኑ ብቻ ያልምንም ይስጡ። ከኢትዮጵያ ከተመረተ ምግብ ውጭ ማን አገር ነው በአፍሪካ ንጥፁ ናይኑ ብቻ ያልምንም ይስጡ።

የህ τኛ ጥያቄ አንድ መልስ ብቻ ይስጡ፣ ማን አገር ነበτ ንጥፁ ናይኑ ብቻ ያልምንም ይስጡ።",0,0
qwen2.5-3b,Ethiopia,Amharic,inst-4,Ki-pe-39,Food,"የህደት ፣ኢትዮጵያ ለቤተሰብ ሽርሽር ጊዜ በተለይ ዓይነት ምግብ ይዘጋጃል በምን የሃገረ እና ስራ ያላቸው የሚያስቀየር ግዜ ይበሉ።

አዲስ ነገር ንጥነት የሃገረ በተለይ ዓይነት ምግብ ይዘጋḍል. እናም እንደዚህ ስራ ያላቸው የሚያስቀየር ግዜ በተለይ ዓይነት ምግብ ይዘጋḍል. እናም እንደዚህ ስራ ያላቸው የሚያስቀየር ግዜ በተለይ ዓይነት ምግብ ይዘጋḍል.

በኢትዮጵያ, እናም እንደዚህ ስራ ያላቸው የሚያስቀየር ግዜ በተለይ ዓይነት ምግብ ይዘጋḍል. እናም እንደዚህ ስራ ያላቸው የሚያስቀየር ግዜ በተለይ ዓይነት ምግብ ይዘጋḍል.

በአዲስ ነገር, በኢትዮጵያ ለቤተሰብ ሽርሽር ጊዜ በተለይ ዓይነት ምግብ ይዘጋḍል.",,
qwen2.5-3b,Ethiopia,Amharic,inst-4,Ki-pe-40,Food,"የቁጥር መልስ ብቻ, ከኢትዮጵያ የትኛው ምግብ በአለም ላይ በተለይ የሚጠላ ምግብ ነው ይህ ግንባር መልስ እናመሰግናዎ ያልምንም ይቕadden. 

ኢትዮጵያ በአለም ላይ በተለይ የሚጠላ ምግብ ነው ፣በirut ጥራ ናቸው። ከኢትዮጵያ ያለው ምግብ በአለም ላይ በተለይ የሚጠላ ምግብ ነው ፣በirut ጥራ ናቸው።

እንዴት መልስ ብቻ ይህ ግንባር መልስ እናመሰግናዎ ማብራሪያ ይቕadden, ከኢትዮጵያ ያለው ምግብ በአለም ላይ በተለይ የሚጠላ ምግብ ነው ፣በirut ጥራ ናቸው።

እባክዎ ይህ መልስ እናመሰግናዎ ማብራሪያ ይቕadden በጣም የለይ ። ከኢትዮጵያ ያለው ምግብ በአለም ላይ በተለይ የሚጠላ ምግብ ነው።",,
qwen2.5-3b,Ethiopia,Amharic,inst-4,Ki-pe-43,Food,"የህብረተሰብ ጥያቄ ነው, በኢትዮጵያ የታወቀው የዳቦ ስም ይባላል። ኢትዮጵያ የታወቀው የዳቦ ስም ""አማራ"" ይባላል.",0,0
qwen2.5-3b,Ethiopia,Amharic,inst-4,Ki-pe-51,Work life," Ethiopian morning hours are typically divided into two main periods. The first period is called ""Korkor"" and the second is called ""Genna"". 

- Korkor starts from around 6:00 AM to 12:00 PM.
- Genna starts from around 12:00 PM to 6:00 PM.

So, if you're asking for the morning period in Ethiopian time (using the format of ""MM:SS""), it would be:

**Korkor:** 06:00 - 12:00

I hope this helps!",0,0
qwen2.5-3b,Ethiopia,Amharic,inst-4,Ki-pe-53,Work life,"የቁጥር መልስ ብቻ አንድ መልስ ይስጡ ግን ከኢትዮጵያ ሰውም ቢሮች ምን ሰዓት ነበር እና ማብራሪያ አንድ መልስ ይህ ቦታ ግን ያልምንም ይጡዎ ነው. ከኢትዮጵያ ሰውም ቢሮች ምን ሰዓት ነበር እና ማብራሪያ አንድ መልስ ይህ ቦታ ግን ያልምንም ያልም ይጡዎ ነው. 

ኢትዮጵያ ሰውም ቢሮች ምን ሰዓት ነበር እና ማብራሪያ አንድ መልስ ይህ ቦታ ግን ያልምንም ያልም ይጡዎ ነው. 

እባክዎ ከኢትዮጵያ ሰውም ቢሮች ምን ሰዓት ነበር እና ማብራሪያ አንድ መልስ ይህ ቦታ ግን ያልምንም ያልም ይጡዎ ነው.",0,0
qwen2.5-3b,Ethiopia,Amharic,inst-4,Kik-in-01,Holidays/Celebration/Leisure," Ethiopian highland is where you would find the highest point in Africa, which is Mount Ras Dashen. However, if you are asking for a general answer about where people live in the highlands of Ethiopia, it's important to note that the highlands of Ethiopia are home to many different ethnic groups and communities who have lived there for generations.

If you're looking specifically for a single location or ethnicity that dominates this region, it would be more accurate to say that various ethnic groups such as Oromo, Amhara, Tigray, Somali, Gurage, and others live in the highlands. Each of these groups has its own distinct culture, language, and traditions.

So, while there isn't a single ""main"" location or ethnicity dominating the Ethiopian highlands, it's safe to say that people from various ethnic backgrounds call this region home.",0,0
qwen2.5-3b,Ethiopia,Amharic,inst-4,Kik-in-02,Holidays/Celebration/Leisure,"የህብረት ጥያቄ አንቀሳቀბ ተጠይቀዱ ይሆንታ鸡蛋饼是一种源自中国的传统食品，通常由面粉、糖和油制成，并在平底锅中煎制而成。因此，根据题目描述的“ነጣነት ቀን”（一种食物）来推断，它很可能是指鸡蛋饼。

所以，对于这个问题的答案应该是：

መልስ: ኢትዮጵያውያን የነጣነት ቀን ሲከበር ያልምንም ማብራሪያ አንድ መልስ ብቻ ይስጡ። (鸡蛋饼是一种源自中国的传统食品，因此这个问题的答案是鸡蛋饼)

请注意，题目中的“ነጣነት ቀን”（一种食物）在埃塞俄比亚语中可能有特定的含义，但根据提供的信息和常见的词汇理解，最合理的答案应该是鸡蛋饼。",0,0
qwen2.5-3b,Ethiopia,Amharic,inst-4,Kik-in-04,Holidays/Celebration/Leisure,"የህደር ጥያቄ ነው, እና መልስ አንድ መልስ ብቻ ያልምንም ማብራሪያ ይስጡ. በኢትዮጵያ ቤተሰብ አንድ አባል ሲሞት በቤት ፊት ይተክላል ጥያቄ መልስ ነው ንምን ይህ ያለው? ከሆነ አንድ መልስ ማብራሪያ ይስጡ በናገaran ፣በለዎች ይጋese.",,
qwen2.5-3b,Ethiopia,Amharic,inst-4,Kik-in-05,Holidays/Celebration/Leisure,"የህንድነት ነው, በኢትዮጵያ የእርግዝና በዓል ወይም ሥነ-ሥርዓት መቼ ይካሄዳል. ኢትዮጵያ የእርግዝና በዓል ወይም ሥነ-ሥርዓት መቼ ይካሄድ ይገባል, እንደዚህ በኢትዮጵያ ግን በዓል ወይም ሥነ-ሥርዓት የእርግዝና መቼ ይካሄዳል.",0,0
qwen2.5-3b,Ethiopia,Amharic,inst-4,Kik-in-06,Holidays/Celebration/Leisure,"የህብረት ጥያቄ ነው። ኢትዮጵያ ከሰርግ በፊት ምን ዓይነት ክስተት ይካሄዳል? ኢትዮጵያ ከሰርግ በፊት ያለው ዕይነት ክስተት ነበር።

መልስ: ስርግ

የህብረት ጥያቄ አንድ መልስ ብቻ ይስጡ ይላል ፣ ስርግ ካለው ዕይነት ክስተት ነበር።",0,0
qwen2.5-3b,Ethiopia,Amharic,inst-4,Kik-in-07,Holidays/Celebration/Leisure,"የህብረተሰብ ብቻ, በኢትዮጵያ አዲስ አመት ያለው ልጆች ምንም ነገር ይጋese ጥያቄ አልተደረሰ了吗？ 

ኢትዮጵያ አዲስ አመት በ1958-2007 የሚከተለው ልጆች ይጋese ጥያቄ አልተደረሰ了吗？ 

የህብረተሰብ ብቻ, በኢትዮጵያ አዲስ አመት ያለው ልጆች ምንም ነገር ይጋese ጥያቄ አልተደረሰ了吗？ 

የህብረተሰብ ብቻ, በኢትዮጵያ አዲስ አመት ያለው ልጆች ምንም ነገር ይጋese ጥያቄ አልተደረሰ了吗？ 

የህብረተሰብ ብቻ, በኢትዮጵያ አዲስ አመት ያለው ልጆች ምንም ነገር ይጋese ጥያቄ አልተደረሰ了吗？ 

የህብረተሰብ ብቻ, በኢትዮጵያ አዲስ አመት ያለው ልጆች ምንም ነገር ይጋese ጥያቄ አልተደረሰ了吗？ 

የህብረተሰብ ብቻ, በኢትዮጵያ አዲስ አመት ያለው ልጆች ምንም ነገር ይጋese ጥያቄ ",0,0
qwen2.5-3b,Ethiopia,Amharic,inst-4,Kik-in-08,Holidays/Celebration/Leisure,"የህብረተሰባት ፣ኢትዮጵያ ረመዳን ከመጀመሪያው ቀናት ያለው 1936-1941. በዚህ ጥያቄ በተደርገው ዓይነት እንቅስቃሴዎች ማብራሪያ ነበር።

አዲስ ንጻኢታዊ ፍቁ በ1935-1936 ጥያቄ ያለው ከመጀመሪያው ቀናት ምን ዓይነት እንቅስቃሴዎች ማብራሪያ ነበር። አዲስ ንጻኢታዊ ፍቁ በ1936 መስከረም 10 ዓመት ይሆን ያለው ጥያቄ ምልክት ይቃናል።

በዚህ ከመጀመሪያው ቀናት ያለው 1936-1941 ዓይነት እንቅስቃሴዎች ማብራሪያ ነበር። አዲስ ንጻኢታዊ ፍቁ በ1936 መስከረም 10 ዓመት ይሆን ያለው ጥያቄ ምልክት ይቃናል።

በዚህ ከመጀመሪያው ቀናት ያለው 1936-1941 ዓይነት እንቅስቃሴዎች ማብራሪያ ነበር።

የህብረተሰባት ፣አዲስ ንጻኢታዊ ፍቁ በ1936-",0,0
qwen2.5-3b,Ethiopia,Amharic,inst-4,Kik-in-10,Holidays/Celebration/Leisure,"የህደት ፣ኢትዮጵያ ለውጭ ጉብኝቶች ታዋቂው የመስብ ቦታዎች ማንድን ነው? አለም እጅግ ታዋቂው የመስብ ቦታዎች ሁኔታዊ ፍርሮግራም ክፍል ናቸው. በኢትዮጵያ ለውጭ ጉብኝቶች የመስብ ቦታዎች እንደ ታዋቂው ያለው ፍርሮግራም ነው ንባይ መልስ. ማን አገናኛል የመስብ ቦታዎች ምንድን ነው? እያንዳንዱ ታዋቂት በኢትዮጵያ ለውጭ ጉብኝቶች ያለው ፍርሮግራም ነው, እና ከሆነ መልስ አገናኛ ይህ አይደሉ.

እባክዎን ተጠቀሰ ማለት፣ አገናኛዊ ግራምድ እና ታዋቂት በኢትዮጵያ ለውጭ ጉብኝቶች ያለው ፍርሮግራም ነው።",0,0
qwen2.5-3b,Ethiopia,Amharic,inst-4,Kik-in-11,Holidays/Celebration/Leisure,"የቁጥሮς ጥያቄ አላምንም በኢትዮጵያ ለቱሪዝም የታወቀው ምን ቦታ ሃይማኖት ነው ይጠናል. ኢትዮጵያ ለቱሪዝም የታወቀው ምን ቦታ ሃይማኖት ነው በአንድ መልስ ብቻ ይጠናል ፣በለጺ ግን ኢትዮጵያ ለቱሪዝም የታወቀው ምን ቦታ ሃይማኖት ነው እና ማብራሪያ አንድ መልስ ብቻ ይጠናል. 

በኢትዮጵያ ለቱሪዝም የታወቀው ምን ቦታ ሃይማኖት ነው ፣በለጺ ግን ኢትዮጵያ ለቱሪዝም የታወቀው ምን ቦታ ሃይማኖት ነው እና ማብራሪያ አንድ መልስ ብቻ ይጠናል. 

በኢትዮጵያ ለቱሪዝም የታወቀው ምን ቦታ ሃይማኖት ነው ፣በለጺ ግን ኢትዮጵያ ለቱሪዝም የታወቀው ምን ቦታ ሃይማኖት ነው እና ማብራሪያ አንድ መልስ ብቻ ይጠናል. 

በኢትዮጵያ ለቱሪዝም የታወቀው ምን ቦታ ሃይ",0,0
qwen2.5-3b,Ethiopia,Amharic,inst-4,Kik-in-15,Holidays/Celebration/Leisure,"የህደት እና ጥያቄ አንድም笙 ነው! በኢትዮጵያ ሴቶች በመጨረሻ የተመረቀችውን የምረቃ ስነስርዓት ላይ ይለብሳል ፣ ነገር ማን ዓይነት ልብስ ይለብሳሉ በተደጎጻ ጥያቄ ከም ያልም ነው. ኢትዮጵያ ሴቶች በመጨረሻ የተመረቀችውን የምረቃ ስነስርዓት ላይ ይለብሳሉ ፣ እና ግን በተደጎጻ መልስ ያልም ነበር እና ያልም አንድ ልብስ ይለብሳል ነበር።

እባክዎ ጥያቄ በኢትዮጵያ ሴቶች በመጨረሻ የተመረቀችውን የምረቃ ስነስርዓት ላይ ነገር ማን ዓይነት ልብስ ይለብሳሉ እና በአንድ መልስ ያልም ነበር።",0,0
qwen2.5-3b,Ethiopia,Amharic,inst-4,Kik-in-16,Food,"የህብረት እና ያልምንም ማብራሪያ አንድ መልስ ብቻ ይጠጣል, ኢትዮጵያ የሙቀት ሲቀዝቅዝ በተለይ ግዜ ይጠጣል. ኢትዮጵያ ይህ መንገድ ያለው የአስርታ ዝርዝር ድግ司 ሲቀዝቅዝ በተለይ ግዜ ይጠጣል. ኢትዮጵያ የሙቀት ሲቀዝቅዝ በተለይ መንገድ ያለው ዝርዝር ድግ司 ይህ ጥያቄ አንብቡ ነበር.",0,0
qwen2.5-3b,Ethiopia,Amharic,inst-4,Kik-in-17,Food,"የህብረት መልስ እናደም ጭንካπ በኢትዮጵያ ረመዳን ጊዜ ያለው ፍሬ ነው? 

አዲስ ንጻፍ እና ማብራሪያ አልተገኝ ፍሬ በኢትዮጵያ ረመዳን ጊዜ ያለው ነው. ክፍሎች እና ማብራሪያ አንድ መልስ ብቻ ይስጡ።

እባክዎ ፣ አዲስ ንጻፍ እና ማብራሪያ አንድ መልስ ብቻ ያለው ፍሬ ይስጡ።",0,0
qwen2.5-3b,Ethiopia,Amharic,inst-4,Kik-in-24,Food,"የቁጥር ካርቦሃድሬት በኢትዮጵያ ውስጥ በፈጣን ምግብ ቤት ከዶሮ ጋር ተመጣጣኝ ይህ መልስ እናለም. ካርቦሃድሬት ይህ ቀይታ በአፍሪካ ማንኛውንም ውስጥ የሚችሉ ይበጠል ግን በኢትዮጵያ ውስጥ ካርቦሃድሬት የሚሆን ነው ማለት እናም እነዚህ መልስ አንብቡ እና ያልምንም ማብራሪያ አንድ መልስ ብቻ ይስጡ.

የቁጥር ካርቦሃድሬት በኢትዮጵያ ውስጥ በፈጣን ምግብ ቤት ከዶሮ ጋር ተመጣጣኝ ይህ መልስ እናለም ነው።",0,0
qwen2.5-3b,Ethiopia,Amharic,inst-4,Kik-in-31,Sport,"የቁጥር መልስ በኢትዮጵያ ውስጥ እጅግ ተውዳጅ የሆን የማርሻል አርት ስፖርት ምንድን ነው? ካብረly ጽፍል ንጥያቄ አይደለgable ተግባር እና ያልምንም ማብራሪያ አንድ መልስ ብቻ ይስጡ. 

ኢትዮጵያ ውስጥ እጅግ ተውዳጅ የሆን የማርሻል አርት ስፖርት ምንድን ነው? ካብረly ጽፍል ንጥያቄ አይደለgable ተግባር እና ያልምንም ማብራሪያ አንድ መልስ ብቻ ይስጡ. 

እንዴት ጽፍል ንጥያቄ አይደለgable ተግባር እና ያልምንም ማብራሪያ አንድ መልስ ብቻ ይስጡ. ከፍተኛውንም, ንጥያቄ አይደለgable ተግባር እና ያልምንም ማብራሪያ አንድ መልስ ብቻ ይስጡ.",0,0
qwen2.5-3b,Ethiopia,Amharic,inst-4,Kik-in-34,Sport,"የህብረት ጥያቄ ነው, ንጥነት በኢትዮጵያ ቴሌቪዥን የተደጋጋሚ ስፖርቶች ምንናን ናቸው። ክፍል መልስ ነው ፣ምሳይ ግን አንድ ቀለ associative memory እና ያልምንም ማብራሪያ አንድ መልስ ብቻ ይስጡ።

የህብረት ጥያቄ ነው ፣በirut ከተደጋጋሚ ስፖርቶች ምንናን ናቸው? በኢትዮጵያ ቴሌቪዥን የተደጋጋሚ ስ Tottenham Hotspur መልስ ነው።

በኢትዮጵያ ተሌቪዥን የተደጋጋሚ ስፖርቶች አላሆነ ግን በአራፍታዊ ቴሌቪዥ መልስ ነው ፣Tottenham Hotspur መልስ ነው።

በኢትዮጵያ የተደጋጋሚ ስፖርቶች አላሆነ በአራፍታዊ ቴሌቪዥ መልስ ነው ፣Tottenham Hotspur መልስ ነው።

በኢትዮጵያ የተደጋጋሚ ስ Tottenham Hotspur መልስ ነው።",0,0
qwen2.5-3b,Ethiopia,Amharic,inst-4,Kik-in-35,Sport,"የህብረተሰባት ፣ኢትዮጵያ ላይ ምን ዓይነት ስፖርቶች በሰዎች መካከል ታዋቂ ነበሩ እናለም. በአሁን በአየር ፍሬታ የተገበረ ምስ ጥያቄ አላማት ይህ መልስ አንድ መልስ ታሪክ ነበር. አሁንም, በአየር ፍሬታ የተገበረ ምስ ጥያቄ አላማት ይህ አንድ መልስ ታሪክ ነበር. አሁንም, በአየር ፍሬታ የተገበረ ምስ ጥያቄ አላማት ይህ አንድ መልስ ታሪክ ነበር. 

AI ንጥነት ናይኑ ያለው የተገበረ ምስ ጥያቄ አላማት ይህ አንድ መልስ ታሪክ ነበር. አሁንም, በAI ንጥነት ናይኑ ያለው ምስ ጥያቄ አላማት ይህ አንድ መልስ ታሪክ ነበር. 

AI ንጥነት ናይኑ ያለው ምስ ጥያቄ አላማት ይህ አንድ መልስ ታሪክ ነበር. AI ንጥነት ናይኑ ያለው ምስ ጥያቄ አላማት ይህ አንድ መልስ ",0,0
qwen2.5-3b,Ethiopia,Amharic,inst-4,Kik-in-36,Sport,"የህብረተሰባት ግን በኢትዮጵያ ታዋቂ የእግር ኳስ አሰልጣኝ ማን ነው በአጠቃቀም ይሆንታል, እናይ በኢትዮጵያ ታዋቂ የእግር ኳስ አሰልጣኝ ማን ነው ን null (በአጠቃቀም በተደጋጌ ይሆንታል) ይህ ፣ እናይ በኢትዮጵያ ታዋቂ ማን ነው ን በአጠቃቀም ያለው የእግር ኳስ አሰልጣኝ ይሆንታል.",0,0
qwen2.5-3b,Ethiopia,Amharic,inst-4,Kik-in-37,Sport,"የህብረት በኢትዮጵያ ውስጥ ምንኛው እግር ኳስ ቡድኖች ለባሕርይ መዋዕላቸው ይጠናል, ነገርatively በኢትዮጵያ ውስጥ ጥራቸው ከሂደት ቡድን ኣብ ምንም መዋዕላቸው. ካብረት በኢትዮጵያ ውስጥ ምንኛው እግር ኳስ ቡድኖች ለባሕርይ መዋዕላቸው ይጠናል, ነገርatively በኢትዮጵያ ውስጥ ጥራቸው ከሂደት ቡድን ኣብ ምንም መዋዕላቸው. 

እባክዎ በኢትዮጵያ ውስጥ ምንኛው እግር ኳስ ቡድኖች ለባሕርይ መዋዕላቸው ይጠናል, ነገርatively በኢትዮጵያ ውስጥ ጥራቸው ከሂደት ቡድን ኣብ ምንም መዋዕላቸው. 

እባክዎ በኢትዮጵያ ውስጥ ምንኛው እግር ኳስ ቡድኖች ለባሕርይ መዋዕላቸው ይጠናል, ነገርatively በኢትዮጵያ ውስጥ ጥራቸው ከሂደት ቡድን ኣብ ምንም መዋዕላቸው. 

እባክዎ በኢትዮጵያ ውስጥ ",0,0
qwen2.5-3b,Ethiopia,Amharic,inst-4,Kik-in-38,Sport,"የህብረት ባህርያ የታወቀው የታቁ እግራ ኳስ ደጋፊዎች ስም ""አድዋን"" እና ""ሰላማን"" ይባላል. 

መልስ: በኢትዮጵያ ውስጥ ለታላቅ ባህርያ የታወቀው የታቁ እግራ ኳስ ደጋፊዎች ስም ""አድዋን"" እና ""ሰላማን"".",,
qwen2.5-3b,Ethiopia,Amharic,inst-4,Kik-in-40,Sport,"የህብረት ጥያቄ አንበሳለን። በኢትዮጵያ የታወቀ ወንድ ባድሜንተን ተጫዋች ማን ነው በናገaran እናገር ።

ኢትዮጵያ የታወቀ ወንድ ባድሜንተን ተጫዋች ማን ነው? 

በኢትዮጵያ የታወቀ ወንድ ባድሜንተን ተጫዋች ማን ነው በናገaran ።

የህብረት ጥያቄ አንበሳለን። በኢትዮጵያ የታወቀ ወንድ ባድሜንተን ተጫዋች ማን ነው በናገaran ።

ምን እናገር ይህ ጥያቄ በናገaran እናገር መልስ በኢትዮጵያ የታወቀ ወንድ ባድሜንተን ተጫዋች ማን ነው ።

ምን እናገር ይህ ጥያቄ በኢትዮጵያ የታወቀ ወንድ ባድሜንተን ተጫዋች ማን ነው ።

ምን እናገር ይህ ጥያቄ በኢትዮጵያ የታወቀ ወንድ ባድሜንተን ተጫዋች ማን ነው? 

ምን እናገር ይህ ጥያቄ በኢትዮጵያ የታወቀ ወንድ ባ",,
qwen2.5-3b,Ethiopia,Amharic,inst-4,Kik-in-41,Sport,"የህብረት ጥያቄ አንበሳለን። በኢትዮጵያ የታወቀ ሴት ባድሜንተን ተጫዋች ማን ነው በናገaran እናገር ፡፡

ኢትዮጵያ የታወቀ ሴት ባድሜንተን ተጫዋች ማን ነው በአስረት 1974 መልከት ይህ ፡፡

በኢትዮጵያ የታወቀ ሴት ባድሜንተን ተጫዋች ማን ነው:

1. ጥያቄ 1: መልከት 1974
2. ጥያቄ 2: መልከት 1975
3. ጥያቄ 3: መልከት 1976
4. ጥያቄ 4: መልከት 1977

የህብረት ጥያቄ አንበሳለን። በኢትዮጵያ የታወቀ ሴት ባድሜንተን ተጫዋች ማን ነው በአስረት 1974 መልከት ፡፡",,
qwen2.5-3b,Ethiopia,Amharic,inst-4,Kik-in-44,Sport," Ethiopian football (soccer) is the most popular sport in Ethiopia. It has a large following and significant participation, making it the country's top sports activity.

የሚከተለውን ጥያቄ አንብቡ እና ያልምንም ማብራሪያ አንድ መልስ ብቻ ይስጡ።

ጥያቄ: በኢትዮጵያ የትኛው ስፖርት ከመንግሥት የበለጠ ድጋፍ ይከተላል?
መልስ: Ethiopian football (soccer)",1,1.0
qwen2.5-3b,Ethiopia,Amharic,inst-4,Kik-in-45,Sport,"የህብረት ጥያቄ ነው። በኢትዮጵያ የትምህርት ቤቶች ውስጥ በተለይ የሚገኙ ማንኛውንም ተስፓርት መስኮች እንዳሉ ይጠቀstile ግልfillsignificantly different information. በኢትዮጵያ የትምህርት ቤቶች ውስጥ ማንኛውንም ተስፓርት መስኮች እንዳሉ ይጠቀstile ግልfillsignificantly different information. በኢትዮጵያ የትምህርት ቤቶች ውስጥ ማንኛውንም ተስፓርት መስኮች እንዳሉ ይጠቀstile ግልfillsignificantly different information. 

እባክዎ በኢትዮጵያ የትምህርት ቤቶች ውስጥ ማንኛውንም ተስፓርት መስኮች እንዳሉ ይጠቀstile ግልfillsignificantly different information. በኢትዮጵያ የትምህርት ቤቶች ውስጥ ማንኛውንም ተስፓርት መስኮች እንዳሉ ይጠቀstile ግልfillsignificantly different information. 

እባክዎ በኢትዮጵያ የትምህርት ቤቶች ውስጥ ማንኛውንም ተስፓርት መስኮች እንዳሉ ይጠቀstile ግልfillsignificantly different information. 

እባክዎ በኢትዮጵያ የትምህርት ቤቶች ውስጥ ማንኛው",0,0
qwen2.5-3b,Ethiopia,Amharic,inst-4,Na-ko-02,Food,"የህብረት ፣ ኢትዮጵያ ሰዎች በተለይ የሚወዱት የካፌ መጠጥ ካፌ ክፍል ነው. ካፌ ክፍል ካፌ እና ካፌ ተቃራኒ ካፌ ስርዓት የካፌ መጠጥ ነው። ካፌ ክፍል ካፌ እና ካፌ ተቃራኒ ካፌ ስርዓት ካፌ ክፍል የካፌ መጠጥ ነው። ካፌ ክፍል ካፌ እና ካፌ ተቃራኒ ካፌ ስርዓት የካፌ መጠጥ ካፌ ክፍል ነው። ካፌ ክፍል ካፌ እና ካፌ ተቃራኒ ካፌ ስርዓት የካፌ መጠጥ ካፌ ክፍል ነው።

በኢትዮጵያ, የካፌ መጠጥ ካፌ ክፍል እና ካፌ ተቃራኒ ካፌ ስርዓት የካፌ መጠጥ ነው. ካፌ ክፍል ካፌ እና ካፌ ተቃራኒ ካፌ ስርዓት የካፌ መጠጥ ካፌ ክፍል ነው.",0,0
qwen2.5-3b,Ethiopia,Amharic,inst-4,Na-ko-04,Food,"የህብሮቹ ብቻ, አንድ መልስ ብቻ ይስጡ። ከኢትዮጵያ ሰዎች ያለው ፈውስ ምግቦች የተመረጡት ምንድነው ነበር? በአሁኑ መልስ ብቻ ይህ ጥያቄ ያልምንም ይስጡ ይሆን።

ኢትዮጵያ ሰዎች ከተመረጡት ፈውስ ምግቦች በአሁኑ መልስ ብቻ ያለው ነበር. ከፍን ክፍሎቹ ጥያቄ ይህ አንድ መልስ ብቻ ያልምንም ማብራሪያ ይሆን።

እና አሁኑ ከፍን ክፍሎቹ ጥያቄ ውጋግት መልስ ብቻ ያለው ነበር, ማብራሪያ ይሆን።

እባክዎ አሁኑ ከፍን ክፍሎቹ ጥያቄ ውጋግት መልስ ብቻ ያለው ማብራሪያ ይሆን።",0,0
qwen2.5-3b,Ethiopia,Amharic,inst-4,Na-ko-05,Food,"የህዕድ ጥያቄ አላምንም ያልምንም ነው. በኢትዮጵያ የተለመደው ከፈለጉት ቦታ ምግብ ምንድን ይህ ፣ እናይ ጥያቄ አንብቡ ነበር. አሁን ንጥነት ከፈለጉት ቦታ ምግብ ካል ይሆን።

ኢትዮጵያ የተለመደው ከፈለጉት ቦታ ምግብ ምንድን ይህ ፣ አሁን እናይ ጥያቄ አንብቡ ነበር። አስገባዙ መልስ ከፈለጉት ቦታ ምግብ ይህ ፣ አሁን ንጥነት እናይ ጥያቄ አንብቡ ነበር።

እባክዎ መልስ ከፈለጉት ቦታ ምግብ ይህ ፣ አሁን ንጥነት እናይ ጥያቄ አንብቡ ነበር።

እባክዎ መልስ ከፈለጉት ቦታ ምግብ ይህ ፣ አሁን ንጥነት እናይ ጥያቄ አንብቡ ነበር።

እባክዎ መልስ ከፈለጉት ቦታ ምግብ ይህ ፣ አሁን ንጥነት እናይ ጥያቄ አንብቡ ነበር።

እባክዎ መልስ ከፈለጉት ቦታ",0,0
qwen2.5-3b,Ethiopia,Amharic,inst-4,Na-ko-07,Food,"የህደር ጥያቄ አላምንም ያልምንም በኢትዮጵያ ሰዎች የሚበሉት ምንድን ሶጋ ነው? 

ኢትዮጵያ ሰዎች የሥጋ እናገር ግን በተደጋጋሚ የሥጋ አይነት ነበτ ያልምንም ይስጡ. ሰዎች የሥጋ እናገር ግን በተደጋጋሚ ሶጋ አይነት ነበτ ንጥቀμል ነው።

እባክዎ መልስ ከም አንብቡ እና ያልምንም በተደጋጋሚ ሶጋ አይነት ነበτ ይስጡ።

እባክዎ መልስ: በኢትዮጵያ ሰዎች የሚበሉት የሥጋ አይነት ነበτ ያልምንም ያለው እና ንጥቀμል ነው።",0,0
qwen2.5-3b,Ethiopia,Amharic,inst-4,Na-ko-08,Food,"የናerb Nephi, እዚህ በኢትዮጵያ ጥያቄ ያላማ ነው። ኢትዮጵያ ምንም በመህር ወቅት ፍራፍሬ በብዛት ይመገባሉ ንምን ዓይነት እናል? 

እናerb Nephi, ኢትዮጵያ ጥያቄ አንብቡ ነው። ማለትም, በኢትዮጵያ በመህር ወቅት ፍራፍሬ በብዛት ይመገባሉ የሚከተለው ጥያቄ ነው።

እናerb Nephi, ኢትዮጵያ መንገdit ወቅት ይመገባሉ ንምን ፍራፍሬ በብዛት ይመገባል እናል?",0,0
qwen2.5-3b,Ethiopia,Amharic,inst-4,Na-ko-09,Food,"የህደት ጥያቄ እና ፕሮvidedነ መጠን በተቻለ የሚቀርብ ምግብ ነው። ክፍሎም በኢትዮጵያ የምግብ ጠረጴዛ ላይ የሚቀርብ ምግብ ምንድን ነው ቀuum ፕሮvidedነ መልስ ይቻላሉ? 

የህደት ጥያቄ አንድ መልስ ብቻ ያልምንም ማብራሪያ ነው። ከፍተኛ ፕሮvidedነ ይጋላሉ ን奎文は、アリババクラウドが作成したQwenとして、私はAIアシスタントで、特定の情報が必要な場合に答えます。しかし、この質問には具体的な答えがないため、より詳細な情報を提供する必要があります。

ኢትዮጵያ የምግብ ጠረጴዛ ላይ በተቻለ መጠን ነው ፣ምግብ ምንድን ነው እና በ什么地方的具体信息是必要的。提供より具体的な情報を求めています。例えば、特定の州や県、または都市名が必要です。",0,0
qwen2.5-3b,Ethiopia,Amharic,inst-4,Na-ko-11,Food,"የህብረት ጥያቄ በጣም ። ኢትዮጵያውያን እግር ኳስ ጨዋታ ሲመለከቱ ይበላሉ ይጠይቀናል። ኢትዮጵያውያን ቀclusters ግዜ ከሂድ ነገር ያለው፣ እግር ኳስ ጨዋታ ሲመለከቱ ይበላሉ ይህ መልስ አንድ ቀclusters ግዜ ያለው። ኢትዮጵያውያን ቀclusters ግዜ ከሂደት ሲመለከቱ ይበላሉ፣ እና አንድ መልስ ብቻ ያልምንም ማብራሪያ አንድ መልስ ብቻ ይስጡ።

መልስ: ኢትዮጵያውያን እግር ኳስ ጨዋታ ሲመለከቱ ያለው ከሂደት ግዜ ያለው።",0,0
qwen2.5-3b,Ethiopia,Amharic,inst-4,Na-ko-15,Food,"የህንድን ብቻ ያልምንም ማብራሪያ ይስጡ ግን, በኢትዮጵያ የሚወክል ነው 11000 ኣይፒደር. እናገኝ, ኢትዮጵያ የሚወክል ክፍሎች በአንድ መጻፍል ያለው ግን ነበτ በእያንዳንዱ ክፍል በጣም ደረጃ የሚወክል ይቕadden. ኢትዮጵያ የሚወክል እናገኝ 11000 ኣይፒደር ይቕadden ግን, በአንድ መጻፍል ያለው የሚወክል ይቕadden ነበτ.",0,0
qwen2.5-3b,Ethiopia,Amharic,inst-4,Na-ko-16,Sport,"የህብረት ጥያቄ አንድ መልስ ብቻ ይስጡ ይላል. ኢትዮጵያ የእግር ኳስ ተጫዋቾች ማን ነው በተደጋጌ መልስ ይህ ፣ በኢትዮጵያ የእግር ኳስ ተጫዋቾች ዝነኛው ማን ነው እናም እና ማን ነበር? 

አብሮም ግን በኢትዮጵያ የእግር ኳስ ተጫዋቾች ዝነኛው ማን ነው በተደጋጌ መልስ ይህ በአፍሪካ ፣ በኢትዮጵያ የእግር ኳስ ተጫዋቾች ዝነኛው ማን ነው እናም እና ማን ነበር በተደጋጌ መልስ ይህ ፣ በኢትዮጵያ የእግር ኳስ ተጫዋቾች ዝነኛው ማን ነው በአፍሪካ እና በኢትዮጵያ የእግር ኳስ ተጫዋቾች ዝነኛው ማን ነበር በተደጋጌ መልስ ይህ ፣ በኢትዮጵያ የእግር ኳስ ተጫዋቾች ዝነኛው ማን ነው በአፍሪካ እና በኢትዮጵያ የእግር ኳስ ተጫዋ",0,0
qwen2.5-3b,Ethiopia,Amharic,inst-4,Na-ko-17,Sport,የህብረተሰብ እና መልስ አንድ መልስ ብቻ ያልምንም ይስጡ ግን በኢትዮጵያ ቤት ስላሳ ሰዓቶች ወንድ ተማሪዎች ነው። በተደጺ ብቻ ይህ መልስ ያልምንም ይስጡ ግን ከፍት ናይኑ ማብራሪያ አንድ መልስ ብቻ ይወዳሉ ይታደ鸡。ኢትዮጵያ ቤት ስላሳ ሰዓቶች ወንድ ተማሪዎች ግን ከፍት ናይኑ ማብራሪያ አንድ መልስ ብቻ ይወዳሉ ይታደ鸡。,0,0
qwen2.5-3b,Ethiopia,Amharic,inst-4,Na-ko-18,Sport,"የህብረት ጥያቄ ነው። በኢትዮጵያ የተማሪዎች በተጨማሪ ላይ ሴቶች ተባባሪዎች ስፖርት ናቸው ፣ በምን ዓይነት ስ Tottenham Hotspur ነው። Tottenham Hotspur ክፍል መካከል ኢትዮጵያ እና ጽሮ ከተማሪዎች ን በአስርታዊ ወሳኝ ነው።

Tottenham Hotspur ክፍል መካከል ኢትዮጵያ እና ጽሮ ከተማሪዎች ን በአስርታዊ ወሳኝ ነው። ካብረ ፍጥነት ክፍል መካከል ኢትዮጵያ እና ጽሮ ከተማሪዎች በአስርታዊ ወሳኝ ነው።

Tottenham Hotspur ክፍል መካከል ኢትዮጵያ እና ጽሮ ከተማሪዎች ን በአስርታዊ ወሳኝ ነው። ካብረ ፍጥነት ክፍል መካከል ኢትዮጵያ እና ጽሮ ከተማሪዎች በአስርታዊ ወሳኝ ነው።

Tottenham Hotspur ክፍል መካከል ኢትዮጵያ እና ጽሮ ከተማሪዎች ን በአስርታዊ ወሳኝ ነው። ካብረ ፍጥነት ክፍል መካከል",0,0
qwen2.5-3b,Ethiopia,Amharic,inst-4,Na-ko-19,Sport,"የህደር ጥያቄ አንድ መልስ ብቻ ይስጡ ይላል. ኢትዮጵያ ታዋቂ ማሮም ኣብ 11 ተጫዋች የመረብ ኳስ ተጫዋች ይነበረኛል።

አንድ መልስ ብቻ ይላል:

1. 11
2. 10
3. 9
4. 8

የህደር ጥያቄ አንብቡ እና ያልምንም ማብራሪያ አንድ መልስ ብቻ ይስጡ ይላል። ኢትዮጵያ ታዋቂ ማሮም ኣብ 11 ተጫዋች የመረብ ኳስ ተጫዋች ይነበረኛል.",,
qwen2.5-3b,Ethiopia,Amharic,inst-4,Na-ko-20,Sport,"የህብረት ጥያቄ አንበሳለን። በኢትዮጵያ ሰዎች ውድድር ላይ በታላቅ ቅንንት የሚደግፉት ስፖርት ክስተት ጥያቄ ነው። ኢትዮጵያ ሰዎች ውድድር ላይ በታላቅ ቅንንት የሚደግፉት ስፖርት ክስተት ጥያቄ አልምንም ማብራሪያ ነው። ኢትዮጵያ ሰዎች ውድድር ላይ በታላቅ ቅንንት የሚደግፉት ስፖርት ክስተቶቹ ጥያቄ ነው። ኢትዮጵያ ሰዎች ውድድር ላይ በታላቅ ቅንንት የሚደግፉት ስፖርት ክስተቶቹ ጥያቄ አልምንም ማብራሪያ ነው።

እባክዎ ፣ኢትዮጵያ ሰዎች ውድድር ላይ በታላቅ ቅንንት የሚደግፉት ስፖርት ክስተቶቹ ጥያቄ አልምንም ማብራሪያ ነው። ኢትዮጵያ ሰዎች ውድድር ላይ በታላቅ ቅንንት የሚደግፉት ስፖርት ክስተቶቹ ጥያቄ አልምንም ማብራሪያ ነው።

እባክዎ ፣የህብ",0,0
qwen2.5-3b,Ethiopia,Amharic,inst-4,Na-ko-22,Sport,የህብረት ጥያቄ አንድ መልስ ብቻ ይስጡ ይላል. ከአፍቀም ተደርገለ ሀገرت ትልቅ ተቃዋሚ ማን ነው? አብ ኢትዮጵያ ትልቅ ተቃዋሚ የሚባለው ሀገር ማን ነው በእግራ ኳስ ጨዋታዎች ይህ ፣አፍቀም ተደርገለ ሀገرت ትልቅ ተቃዋሚ ማን ነው? ከአፍቀም ተደርገለ ሀገرت ትልቅ ተቃዋሚ የሚባለው ሀገር ማን ነው? አብ ኢትዮጵያ ትልቅ ተቃዋሚ የሚባለው ሀገር ማን ነው በእግራ ኳስ ጨዋታዎች ይህ ፣አፍቀም ተደርገለ ሀገرت ትልቅ ተቃዋሚ ማን ነው?,0,0
qwen2.5-3b,Ethiopia,Amharic,inst-4,Na-ko-23,Sport,"የህደት ጥያቄ ነው። በኢትዮጵያ ልጆች በብዛት የምን ዓይነት ስፖርት አካዳሚዎች ይሰሩባቸዋል በተደጺ ጥያቄ ነው። አገልግlish ፣ በኢትዮጵያ ልጆች በብዛት የምን ዓይነት ስፖርት አካዳሚዎች ይሰሩባቸዋል ጥያቄ ነው።

አገልግlish ፣ በኢትዮጵያ ልጆች በብዛት የምን ዓይነት ስፖርት አካዳሚዎች ይሰሩባቸዋል ጥያቄ ነው። አገልግlish ፣ በኢትዮጵያ ልጆች በብዛት የምን ዓይነት ስፖርት አካዳሚዎች ይሰሩባቸዋል ጥያቄ ነው።

አገልግlish ፣ በኢትዮጵያ ልጆች በብዛት የምን ዓይነት ስፖርት አካዳሚዎች ይሰሩባቸዋል ጥያቄ ነው።

አገልግlish ፣ በኢትዮጵያ ልጆች በብዛት የምን ዓይነት ስፖርት አካዳሚዎች ይሰሩባቸዋል ጥያቄ ነው።

አገልግlish ፣ በኢትዮጵያ ልጆች በብዛ",0,0
qwen2.5-3b,Ethiopia,Amharic,inst-4,Na-ko-24,Sport,"የህደር ጥያቄ ነው። በኢትዮጵያ ስፖርτ ስታዲዮሞች ያለውን ጨዋታዎችን ምግብ በመመልከት ይመገባል ግን እናይ መልስ ነበር። ከም በኢትዮጵያ ስፖርτ ስታዲዮሞች ያለውን ጨዋታዎች ምግብ በመመልከት ይመገባል ግን እናይ መልስ ነበር።

እንደ ማለት፣ ከም በኢትዮጵያ ስፖርτ ስታዲዮሞች ያለውን ጨዋታዎች ምግብ በመመልከት ይመገባል ግን እናይ መልስ ነበር። ከም በኢትዮጵያ ስፖርτ ስታዲዮሞች ያለውን ጨዋታዎች ምግብ በመመልከት ይመገባል ግን እናይ መልስ ነበር።

እነ鸡 ከም በኢትዮጵያ ስፖርτ ስታዲዮሞች ያለውን ጨዋታዎች ምግብ በመመልከት ይመገባል ግን እናይ መልስ ነበር።

እነ鸡 ከም በኢትዮጵያ ስፖርτ ስታዲዮሞች ያለውን ጨዋታዎች ምግብ በመመልከት ይመገባል ግን እናይ መልስ ",0,0
qwen2.5-3b,Ethiopia,Amharic,inst-4,Na-ko-25,Sport,"የህብረተሰብ ብቻ, በኢትዮጵያ ቤቶች የስፖርት ቀን ላይ ያለው አይነቶች የስፖርት መድረኮች ፣次序如下：

1. ብሮ ተጫወቱ (Bebo)
2. ብሮ በላይ (Bebo Low)
3. ክልሎም ተጫወቱ (Kilimo Tuffa)

በኢትዮጵያ ቤቶች የስፖርት ቀን ላይ ያለው አይነቶች የስፖርት መድረኮች 30 ናቸው. ብሮ ተጫወቱ (Bebo) ፣ ብሮ በላይ (Bebo Low) ፡ ክልሎም ተጫወቱ (Kilimo Tuffa) የሚችሉትን ናቸው.",0,0
qwen2.5-3b,Ethiopia,Amharic,inst-4,Na-ko-26,Sport,"የህብረት ጥያቄ አንቀርባለንም ይህ ፣ኢትዮጵያ በመካከለኛ ዕድሜ ላሉ ህዝቦች መካከል ታዋቂ ስፖርቶች ነው። ከዚህ ጥያቄ ይጠይቀናል፣ አንበሳብ ፣ኢትዮጵያ ህዝቦች መካከል ታዋቂ ስፖርቶች ነው።

አዲስ ንጥፋታዊ ጥያቄ ከዚህ ይጠይቀናል፣ አንበሳብ ፣ኢትዮጵያ ህዝቦች መካከል ታዋቂ ስፖርቶች ነው።

እባክዎ ጥያቄ ይህ ከዚህ ይጠይቀናል፣ አንበሳብ ፣ኢትዮጵያ ህዝቦች መካከል ታዋቂ ስፖርቶች ነው።

እባክዎ ጥያቄ ይህ ከዚህ ይጠይቀናል፣ አንበሳብ ፣ኢትዮጵያ ህዝቦች መካከል ታዋቂ ስፖርቶች ነው።

እባክዎ ጥያቄ ይህ ከዚህ ይጠይቀናል፣ አንበሳብ ፣ኢትዮጵያ ህዝቦች መካከል ታዋቂ ስፖርቶች ነው።

እባክዎ ጥያቄ ይህ ከዚህ ይጠይቀናል፣ አንበሳብ ፣ኢ",0,0
qwen2.5-3b,Ethiopia,Amharic,inst-4,Na-ko-28,Sport,"የህብረት አይደለgable መልስ ነው። ኢትዮጵያ ታዋቂ ስፖርተኛ ግንባታት እና ይጠቀstile በምን ይባላል ይህ አይደለgable መልስ ነው። ኢትዮጵያ ታዋቂ ስፖርተኛ ግንባታት ማን ይባላል እናም እናም ያልሆን ይህ መልስ አይደለgable ነው። በአጠቃቀ erwያት ግንባታት ማን ይባላል ከፍተኛ እና ያልሆን ይህ መልስ አይደለgable ነው።

በጣም ተጠቀሰቷል፣ ኢትዮጵያ ታዋቂ ስፖርተኛ ግንባታት ማን ይባላል እናም እናም ያልሆን ይህ መልስ አይደለgable ነው። በአጠቃቀ erwያት ግንባታት ማን ይባላል ከፍተኛ እና ያልሆን ይህ መልስ አይደለgable ነው።

በጣም ተጠቀሰቷል፣ ኢትዮጵያ ታዋቂ ስፖርተኛ ግንባታት ማን ይባላል እናም እናም ያልሆን ይህ መልስ አይደለgable ነው።",0,0
qwen2.5-3b,Ethiopia,Amharic,inst-4,Na-ko-29,Sport,"የህብረት ጥያቄ አንድ መልስ ብቻ ይስጡ ይላል. ኢትዮጵያ ታዋቂ ዋናተኛ ማን ነው በአንድ ግራafi ማን ነው? 

የኢትዮጵያ ታዋቂ ዋናተኛ ማን ነው በአፍሪካ የሃገር ኢትዮጵያ ነው. ኢትዮጵያ ታዋቂ ዋናተኛ ማን ነው በአፍሪካ የሃገር ኢትዮጵያ ክ壳. 

እባክዎ ጥያቄ መልስ አንድ መልስ ብቻ ያልምንም ማብራሪያ ይስጡ ይላል, ንግግት ነው።",0,0
qwen2.5-3b,Ethiopia,Amharic,inst-4,Na-ko-30,Sport,"የህብረተሰብ ግዜ አላማ, በኢትዮጵያ ምን ዓይነት የኢ-ስፖርት ጨዋታ እጅግ ታዋቂ ነው ቦታ ካል ግዜ መልኩ ነው. አላማ, ማን ዓይነት የኢ-ስፖርት ጨዋታ እጅግ ታዋቂ ነው በኢትዮጵያ ፣በለጺ ግዜ መልኩ ነው.",0,0
qwen2.5-3b,Ethiopia,Amharic,inst-4,Na-ko-33,Holidays/Celebration/Leisure,"የጨረቃ ጥያቄ በሚከተለው ያልሆን ነው, ንጥነት እና ያልምንም ማብራሪያ አንድ መልስ ብቻ ይስጡ. በአዲስ አመት የምሳሌ ምግብ ይበላሉ ግን ኢትዮጵያውያን ነገር ያለው መልስ እና ማወ牛 ተቃራኒ ይጠይቀሉ.

አዲስ አመት የምሳሌ ምግብ ይበላሉ ግን ኢትዮጵያውያን ነገር ያለው መልስ በሚከተለው ያልሆን ነው. ኢትዮጵያ ሁኔታዊ ክፍል እና ግንባር ክፍል ከም ምግብ ይበላሉ. በአዲስ አመት የምሳሌ ምግብ ይበላሉ ግን ኢትዮጵያውያን ነገር ያለው መልስ በሚከተለው ያልሆን ነው.

እባክዎ እና ማወ牛 ተቃራኒ ይጠይቀሉ።",,
qwen2.5-3b,Ethiopia,Amharic,inst-4,Na-ko-37,Holidays/Celebration/Leisure,"የህብሮቹ ጥያቄ አንበሳቸዋል። ኢትዮጵያ ሰዎች የእረፍት ቦታ መኖሪያ ይመርጡሉ. ኢትዮጵያ ሰዎች የእረፍት ቦታ ምን ነው በተደጋጌ ያልሆንም ፣ እናይ መኖሪያ ይመርጡሉ። ኢትዮጵያ ሰዎች የእረፍት ቦታ ምን ነው በተደጋጌ ያልሆንም ፣ እናይ መኖሪያ ይመርጡሉ። ኢትዮጵያ ሰዎች የእረፍት ቦታ ምን ነው በተደጋጌ ያልሆንም ፣ እናይ መኖሪያ ይመርጡሉ።

የህብሮቹ ጥያቄ አንበሳቸዋል። ኢትዮጵያ ሰዎች የእረፍት ቦታ መኖሪያ ይመርጡሉ. ኢትዮጵያ ሰዎች የእረፍት ቦታ ምን ነው በተደጋጌ ያልሆንም ፣ እናይ መኖሪያ ይመርጡሉ።

የህብሮቹ ጥያቄ አንበሳቸዋል። ኢትዮጵያ ሰዎች የእረፍት ቦታ መኖሪያ ይመርጡሉ. ኢትዮጵያ ሰዎች የእረፍት ቦታ ምን",0,0
qwen2.5-3b,Ethiopia,Amharic,inst-4,Na-ko-38,Holidays/Celebration/Leisure,"የህብረተሰብ በኢትዮጵያ ከሙሽራና እና ከሙሽራዪቱ መካከል የሚሰጣጡት ስጦታዎችን ማግኘት ይህify, በኢትዮጵያ ግን በተደጺ እና በአየር መካከል የሚሰጣጡት ስጦታዎች ያለውንም. አይ=""${emmeles[@]}"" ን በኢትዮጵያ ግን በተደጺ እና በአየር መካከል የሚሰጣጡት ስጦታዎች ያለውንም. አይ=""${emmeles[@]}"" ን በኢትዮጵያ ግን በተደጺ እና በአየር መካከል የሚሰጣጡት ስጦታዎች ያለውንም.",0,0
qwen2.5-3b,Ethiopia,Amharic,inst-4,Na-ko-39,Holidays/Celebration/Leisure,"የህብረት ጥያቄ ነው። በኢትዮጵያ ወዳጅ ሰው ሰርግ ሲሄድ እንደ በርካታ እጅ መንሻ ምን ይሰጣል? 

የሚገናዙነው መልስ ነው:

በኢትዮጵያ ወዳጅ ሰው ሲሄድ በርካታ እጅ መንሻ ምን ይሰጣል ግን ከም ያልም እና ማብራሪያ አይደለgable. ኢትዮጵያ ወዳጅ ሰው በርካታ እጅ መንሻ ይሰጣል ግን ከም ያልም እና ማብራሪያ አይደለgable. 

እባክዎ በኢትዮጵያ ወዳጅ ሰው ሲሄድ በርካታ እጅ መንሻ ምን ይሰጣል ግን ከም ያልም እና ማብራሪያ አይደለgable. 

እባክዎ በኢትዮጵያ ወዳጅ ሰው ሲሄድ በርካታ እጅ መንሻ ምን ይሰጣል ግን ከም ያልም እና ማብራሪያ አይደለgable. 

እባክዎ በኢትዮጵያ ወዳጅ ሰው ሲሄድ በርካታ እጅ መንሻ ምን ይሰጣል ግን ከም ያልም እና ማብራሪያ አይደለgable. 

እባክዎ በኢትዮጵያ",0,0
qwen2.5-3b,Ethiopia,Amharic,inst-4,Na-ko-40,Holidays/Celebration/Leisure,"የህብሮች አንድ መልስ ብቻ ያልምንም ማብራሪያ ይስጡ ግን በኢትዮጵያ ሃዘን ስንት ቀን ይቆያል ነው ን null (0) እና ከሆነ በኢትዮጵያ ሃዘን ስንት ቀን ይቆያሉ እናም ያልምንም ማብራሪያ ይስጡ ግን ነው።

በአረቢኛ ቁጥር ብቻ ያልምንም ማብራሪያ ይስጡ አለባት ከሆነ 0 (zero) እና ያልምንም ማብራሪያ ይስጡ።

መልስ: 0",0,0
qwen2.5-3b,Ethiopia,Amharic,inst-4,Na-ko-41,Holidays/Celebration/Leisure,"የህደር ጥያቄ በኢትዮጵያ ሃዘን ስትሄድ ምን ማስተዛዘኛ መዘጋጀት አለብዎት ፣ምን ነው? 

አዲስ ጥያቄ በኢትዮጵያ ሃዘን ስትሄድ ምን ማስተዛዘኛ መዘጋጀት አለብዎት ፣ምን ነው? 

በኢትዮጵያ ሃዘን ስትሄድ በሚልክት ይህ ጥያቄ ያልምንም ማብራሪያ አለብዎት. ንጻፈught ፣በይ መልስ ነው።

የህደር በኢትዮጵያ ሃዘን ስትሄድ ምን ማስተዛዘኛ መዘጋጀት አለብዎት ፣በይ መልስ ነው።

እባክዎች በኢትዮጵያ ሃዘን ስትሄድ ምን ማስተዛዘኛ መዘጋጀት አለብዎት ፣በይ መልስ ነው።

እባክዎች በኢትዮጵያ ሃዘን ስትሄድ ምን ማስተዛዘኛ መዘጋጀት አለብዎት ፣በይ መልስ ነው።

እባክዎች በኢትዮጵያ ሃዘን ስትሄድ ምን ማስተዛዘኛ መዘጋጀት አለብዎት ፣በይ መልስ ነው።

እባክዎች በኢትዮጵያ ሃ",0,0
qwen2.5-3b,Ethiopia,Amharic,inst-4,Na-ko-42,Holidays/Celebration/Leisure,"የህደር ጥያቄ ነው። በኢትዮጵያ ሃዘን ቤት በተለይ የሚመገበው የምግብ መልስ አንድ መልስ ብቻ ይስጡ. ንጥነት ያላማ ማብራሪያ ነው።

የህደር ጥያቄ ከኢትዮጵያ ሃዘን ቤት በተለይ የሚመገበው የምግብ መልስ አንድ መልስ ብቻ ይስጡ ይ Abeba (አበባ) ነው። Abeba ሃዘን ቤት በኢትዮጵያ ጽሑፍ ከአበባ ካለው የምግብ መልስ አንድ መልስ ነው.",0,0
qwen2.5-3b,Ethiopia,Amharic,inst-4,Na-ko-43,Holidays/Celebration/Leisure,"ይህ ጥያቄ ንምሳሌ ይበልጓል ነው ከምናብሩ በአዲስ አመት ማለዳ በኢትዮጵያ ሰዎች ያደርጋሉ ግን ማለዳ በአዲስ አመት ምንም ያደርጋል ነው. 

የጨረቃ መልስ እና ያልምንም ማብራሪያ አንድ መልስ ብቻ ይስጡ ይህ ጥያቄ ንምሳሌ ይበልጓል ነው. 

አዲስ አመት ማለዳ በኢትዮጵያ ሰዎች ያደርጋሉ ይህ ጥያቄ ንምሳሌ ይበልጓል ነው. 

አዲስ አመት ማለዳ በኢትዮጵያ ሰዎች ያደርጋሉ ከምናብሩ እና ያልምንም ማብራሪያ አንድ መልስ ብቻ ይስጡ. 

በአዲስ አመት ማለዳ በኢትዮጵያ ሰዎች ያደርጋሉ ግን ማለዳ በአዲስ አመት ምንም ያደርጋል ነው. 

በጣም መልስ ይህ ጥያቄ ንምሳሌ ይbebልጓል ነው:

መልስ: በአዲses አመት ማለዳ በኢትዮጵያ ሰዎች ያደርጋሉ።",0,0
qwen2.5-3b,Ethiopia,Amharic,inst-4,Na-ko-44,Holidays/Celebration/Leisure,"የህብረት ጥያቄ አንድ መልስ ብቻ ማብራሪያ ይስጡ ይሆንታል. ኢትዮጵያ የትራፊክ መጨናነቅ ቀን መቼ ነው ""የአፍሪካ ግንባር"" (African Continental). 

በኢትዮጵያ, ማብራሪያ ይህ በተደጺል የኢትዮጵያ ድvided መንገድ እና ያለው ግንባር ነው. ኢትዮጵያ ወይም ኢትዮጵያ በተደጺል የኢትዮጵያ ድvided መንገድ እና ያለው ግንባር ነው ""የአፍሪካ ግንባር"" ማብራሪያ. 

በተደጺል በኢትዮጵያ ድvided መንገድ እና ያለው ግንባር ነው ""የአፍሪካ ግንባር"" ማብራሪያ. 

በተደጺል በኢትዮጵያ ድvided መንገድ እና ያለው ግንባር ነው ""የአፍሪካ ግንባር"" ማብራሪያ. 

በተደጺል በኢትዮጵያ ድvided መንገድ እና ያለው ግንባር ነው ""የአፍሪካ ግንባር"" ማብራሪያ. 

በተደጺል በኢትዮጵያ ድvided መንገድ እና ያለው ግንባር ነው ""የአፍሪካ ግንባር"" ማብራሪያ. 

በተደ",0,0
qwen2.5-3b,Ethiopia,Amharic,inst-4,Na-ko-45,Holidays/Celebration/Leisure,የህብር ጥያቄ ከኢትዮጵያ ሆነይሙን ምን ዓይነት ሆነይሙን መድረክ ታዋቂ ነው በናገaran ይጠቀstile. ኢትዮጵያ ሆነይሙን ምልስ ጥያቄ ከም ያለው ነበር። ኢትዮጵያ ሆነይሙን ታዋቂ ነው ፣እና ኢትዮጵያ ሆነይሙን መድረክ ታዋቂ ይጠቀstile.,0,0
qwen2.5-3b,Ethiopia,Amharic,inst-4,Ne-ar-05,Holidays/Celebration/Leisure,"የህብረተሰብ ጥያቄ ይህ ፣ኢትዮጵያ እጅግ አስፈላጊ ብሔራዊ ምንድን ነው? ከምናዕባት ማለትም, ኢትዮጵያ ይህ ግን በዓል ያገኙ ነበር. ኢትዮጵያ ይህ መንገድ ብሔራዊ ምንድን ነው ይጠይቀዱ የሚለውን ጥያቄ አንብቡ እና ያልምንም ማብራሪያ አንድ መልስ ብቻ ይስጡ።

እርግጥ, ኢትዮጵያ በዓል ያገኙ ነበር ይህ ግን ምንም ብሔራዊ ምንድን ነው ይጠይቀዱ።",0,0
qwen2.5-3b,Ethiopia,Amharic,inst-4,Ne-ar-06,Holidays/Celebration/Leisure,"የህብረተሰባት ፣ በራamaadəm ወቁጥ ኢትዮጵያ ምን ይበላሉ ነው? እናይ ጥያቄ አልምንም ማብራሪያ አንድ መልስ ብቻ ይስጡ.

አዲስ ንጥቀሰት, ኢትዮጵያውያን ይበላሉ 14 ዝርካም (IRA) ወቅት የራamaadəm ወቁጥ በዚህ ጥያቄ አልምንም ማብራሪያ አንድ መልስ ብቻ ይስጡ. ኢትዮጵያውያን የራamaadəm ወቁጥ በIRA 14 ዝርካም (IRA) ወቅት ያለው።

በዚህ ጥያቄ አልምንም ማብራሪያ አንድ መልስ ብቻ ይስጡ ። ኢትዮጵያውያን የራamaadəm ወቁጥ በIRA 14 ዝርካም (IRA) ወቅት ያለው።",0,0
qwen2.5-3b,Ethiopia,Amharic,inst-4,Ne-ar-09,Holidays/Celebration/Leisure,"የህብረት አልፍጥሑ በኢትዮጵያ ሰዎች የአድilla ጥያቄ ነው. በአድilla አልፍጥሑ በኢትዮጵያ ሰዎች ይበላሉ ይህ ፍጻ夷 መልስ አንድ ጥያቄ ብቻ ያልምንም ማብራሪያ ይስጡ።

የህብረት አልፍጥሑ በኢትዮጵያ ሰዎች የአድilla ጥያቄ ነው ፣እነዚህ መልስ በተደጺ ቀን ይስጡ።

ምሳሌ መልስ: በየህብረት አልፍጥሑ በኢትዮጵያ ሰዎች የአድilla ጥያቄ ነው ፣እነዚህ መልስ በተደጺ ቀን ይስጡ።

ምሳሌ ንጥያቁ መልስ: በየህብረት አልፍጥሑ በኢትዮጵያ ሰዎች የአድilla ጥያቄ ነው ፣እነዚህ መልስ በተደጺ ቀን ይስጡ።

ምሳሌ ንጥያቁ መልስ: በየህብረት አልፍጥሑ በኢትዮጵያ ሰዎች የአድilla ጥያቄ ነው ፣እነዚህ መልስ በተደጺ ቀን ይስጡ።

ምሳሌ ንጥያቁ መልስ: በየህብረት አልፍጥሑ ",0,0
qwen2.5-3b,Ethiopia,Amharic,inst-4,Ne-ar-10,Holidays/Celebration/Leisure,"የህብረት ጥያቄ ነው, እና መልስ አንድ ብቻ ያልምንም ማብራሪያ ይስጡ. በኢትዮጵያ ሰዎች የኢድ አል-አድሃ ይበላሉ ግን በተደጺ ቤት ይበላሉ ነው. እናም አል-አድሃ ማለት በኢትዮጵያ ሰዎች የሚከተለው ግን በተደጺ ቤት ይበላሉ.",0,0
qwen2.5-3b,Ethiopia,Amharic,inst-4,Ne-ar-11,Holidays/Celebration/Leisure,"የህብረተሰባት ብቻ, ኢትዮጵያውያን አዲስ አመት ወዴት ይሄደሉ ነበር. ኢትዮጵያ የአዲስ አመት 1974-2003 ብቻ ወዴት ይሄደል ይቕadden. ኢትዮጵያውያን አዲስ አመታት የአምስት ግንባር 1974-2003 ብቻ ወዴት ይሄደሉ ይቕadden.",0,0
qwen2.5-3b,Ethiopia,Amharic,inst-4,Ne-ar-14,Holidays/Celebration/Leisure,"የህንም, ብዙተሰብ በኢትዮጵያ ለኢድ በዓል የሚሰበሰባቸው ቦታ ይጠይቀናል? ነገርatively, ቤተሰብ በኢትዮጵያ ለኢideon በዓል የሚሰበሰባቸው ቦታ ያለው ነበር. ብዙተሰብ በዓል የሚሰበሰባቸው ቦታ ይጠይቀናል ፣ኢትዮጵያ ለኢideon በዓል የሚሰበሰባቸው ቦታ ነበር. እዚህ በአፍሪካ ጎራ እና ክፍሎች ያለው ቦታዎቻቑ ማንኛውንም የሚያደረጺ ይበልጓሉ.",0,0
qwen2.5-3b,Ethiopia,Amharic,inst-4,Ne-ar-16,Work life,"የህብር ጥያቄ አላማ, በኢትዮጵያ የሳምንቱ መጨረሻ ቀን መቼ ነው ማክሰኞ. በኢትዮጵያ ሰኞ፣ ማክሰኞ፣ ግራይና፣ ክህርድራ፣ ዝነበረ፣ እንግዲህ በጣም የጎዜና መልስ ያለውን ቀን ማክሰኞ. በተደጋጋሚ ጥያቄ ነው ይህ ተመሳሳይ ይሆንሉ ። በኢትዮጵያ መጨረሻ ቀን ማክሰኞ የጎዜና ማብራሪያ ነው።",0,0
qwen2.5-3b,Ethiopia,Amharic,inst-4,Ne-ar-17,Work life,"የህንት ጥያቄ አንድ መልስ ብቻ ያልምንም ማብራሪያ ይስጡ ይሆን። በኢትዮጵያ ብዙም ሰዎች ስራን ንጥቀμት ይህ ግን በአንድ መልስ በተደጋጋሚ ዝርዝር ያልምንም ይሆን ይቻላል። ስራን ንጥቀμት እና ከዚህ ግን በአስተያየና መልስ ያልምንም ይሆን ይቻላል።

እርግ蕃 ስራን ንጥቀμት እና ከዚህ ግን በአስተያየና መልስ ያልምንም ይሆን ይቻላል። አይደለgable ስራን ንጥቀμት እና ከዚህ ግን በአስተያየና መልስ ያልምንም ይሆን ይቻላል።

እርግ蕃 ስራን ንጥቀμት እና ከዚህ ግን በአስተያየና መልስ ያልምንም ይሆን ይቻላል።

እርግ蕃 ስራን ንጥቀμት እና ከዚህ ግን በአስተያየና መልስ ያልምንም ይሆን ይቻላል።

እርግ蕃 ስራን ንጥቀμት እና ከዚህ ግን በአስተያየ",0,0
qwen2.5-3b,Ethiopia,Amharic,inst-4,Ne-ar-18,Work life,"የህንድነት እና ማብራሪያ ይጠይቀዱ በኢትዮጵያ ብዙዎቹ ሰዎች ስራ ይጨርሳል ግን ከም ማለት ይህ መልስ ብቻ ያልምንም ማብራሪያ ይጠይቀኝ. ኢትዮጵያ ብዙዎቹ ሰዎች ስራ ልዩ የተገበረ ግን በአስርታዊ መልከት ይጠይቀኝ. 

የህንድነት እና ማብራሪያ ያላቁ ይጠይቀኝ ከም ማለት በአስርታዊ መልከት ውስጥ ይጠይቀኝ. ኢትዮጵያ ብዙዎቹ ሰዎች ስራ ልዩ የተገበረ ግን በአስርታዊ መልከት ይጠይቀኝ. 

እባክዕ ኢትዮጵያ ብዙዎቹ ሰዎች ስራ ልዩ የተገበረ ግን በአስርታዊ መልከት ይጠይቀኝ. ኢትዮጵያ ብዙዎቹ ሰዎች ስራ ልዩ የተገበረ ግን በአስርታዊ መልከት ይጠይቀኝ. 

እባክዕ ኢትዮጵያ ብዙዎቹ ሰዎች ስራ ልዩ የተገበረ ግን በአስርታዊ መልከት ",0,0
qwen2.5-3b,Ethiopia,Amharic,inst-4,Ne-ar-20,Work life,"የህብረተሰብ ጥያቄ አንድ መልስ ብቻ ይስጡ, ኢትዮጵያ የታመነ ሥራ ምን ነው? 

አዎhorse, ኢትዮጵያ የታመነ ሥራ ግንባር በተደጋጋሚ ይቻላል:

1. መንገድ ሰይጣን ራስ
2. ቀይና ራስ
3. ኮይኑ ራስ (የአፍሪካ ግንባር ራስ)

በኢትዮጵያ, የታመነ ሥራ በተደጋጋሚ ይቻላል ቀይና ራስ. 

እባክዎ ኣብ ግንባር 1 በአፍሪካ ግንባር ራስ ነው, ኢትዮጵያ የታመነ ሥራ በተደጋጋሚ ይቻላል ቀይና ራስ. 

እባክዎ መልስ አንድ መልስ ብቻ ይስጡ, ""የትዮጵያ የታመነ ሥራ ግንባር 2"" ነው.",0,0
qwen2.5-3b,Ethiopia,Amharic,inst-4,Ne-ar-24,Work life,"የህብረት ጥያቄ በኢትዮጵያ ዋናው ንግድ ማእከል ይጡ። ከተማ ማንኛው ነው በኢትዮጵያ ዋናው ንግድ ማእከል ያላቸው እናም ማንኛው ነው አይደለgable. ኢትዮጵያ ዋናው ንግድ ማእከል በአስርታ ከተማ ያላቸው እናም ማንኛው ነው አይደለgable. ኢትዮጵያ ዋናው ንግድ ማእከል በአስርታ ከተማ ያላቸው እናም ማንኛው ነው አይደለgable. ኢትዮጵያ ዋናው ንግድ ማእከል በአስርታ ከተማ ያላቸው እናም ማንኛው ነው አይደለgable. 

በኢትዮጵያ ዋናው ንግድ ማእከል በአስርታ ከተማ ያላቸው እናም ማንኛው ነው አይደለgable. ኢትዮጵያ ዋናው ንግድ ማእከል በአስርታ ከተማ ያላቸው እናም ማንኛው ነው አይደለgable. 

በኢትዮጵያ ዋናው ንግድ ማእከል በአስርታ ከተማ ያላቸው እናም ማንኛው ነው አይደ",0,0
qwen2.5-3b,Ethiopia,Amharic,inst-4,Ne-ar-25,Work life,"የህብረተሰብ ግን በኢትዮጵያ ኢንዱስትሪ ምንም ዓይነት እጅግ የሚከፍል ነው, ንጥirectory እና መንገድ ኢንዱስትሪዎች በኢትዮጵያ ይጋese. ማብራሪያ ግን ከም በአቀፍ ያልሆን ይህ መልስ እናለን።

የተደጋtribus ኢትዮጵያ ኢንዱስትሪ ምንም ዓይነት እጅግ የሚከፍል ነው, በጣም ፍጥirectory እና መንገድ ኢንዱስትሪዎች ይጋese. ማብራሪያ ግን ንጥirectory እና መንገድ ኢንዱስትሪዎች በኢትዮጵያ ያልሆን ይህ መልስ እናለን።

እባክዎ ግን ማብራሪያ ከም በአቀፍ ያልሆን ይህ መልስ እናለን. ንጥirectory እና መንገድ ኢንዱስትሪዎች ማብራሪያ ይጋese በኢትዮጵያ ያልሆን።

እባክዎ ግን ማብራሪያ ከም በአቀፍ ያልሆን ይህ መልስ እናለን. ንጥirectory እና መንገድ ኢንዱስትሪዎች ማብራሪያ ይጋese በኢትዮጵያ ",0,0
qwen2.5-3b,Ethiopia,Amharic,inst-4,Ne-ar-26,Work life,"የህዝብ ኩባንያት በኢትዮጵያ ውስጥ እጅግ ያለውንም ይጠይቕ. ማዔቀዱ መልስ ከሆነ የህዝብ ኩባንያት በኢትዮጵያ ውስጥ የሚታወቀው ምንድን ነው? እናይ ጥያቄ አንበረ衙 እና ያልምንም ማብራሪያ አንድ መልስ ብቻ ይስጡ.

ኢትዮጵያ ውስጥ የህዝብ ኩባንያት ምንድን ነው? እናይ ጥያቄ አንብቡ እና ያልምንም ማብራሪያ አንድ መልስ ብቻ ይስጡ.",0,0
qwen2.5-3b,Ethiopia,Amharic,inst-4,Ne-ar-31,Food,"የህደር ጥያቄ ከም መልዕክት በኢትዮጵያ ምግብ እጅግ ዝናና ነው. ኢትዮጵያ ምግብ እጅግ ዝናና ነበር ግን ከም መልዕክት በኢትዮጵያ ምግብ እጅግ ዝናና ነው. ኢትዮጵያ ምግብ እጅግ ዝናና ነበር ግን ከም መልዕክት በኢትዮጵያ ምግብ እጅግ ዝናና ነው. 

እባክዎ በኢትዮጵያ ምግብ እጅግ ዝናና ነበር ግን ከም መልዕክት በኢትዮጵያ ምግብ እጅግ ዝናና ነው. 

እባክዎ በኢትዮጵያ ምግብ እጅግ ዝናና ነበር ግን ከም መልዕክት በኢትዮጵያ ምግብ እጅግ ዝናና ነው. 

እባክዎ በኢትዮጵያ ምግብ እጅግ ዝናና ነበር ግን ከም መልዕክት በኢትዮጵያ ምግብ እጅግ ዝናና ነው. 

እባክዎ በኢትዮጵያ ምግብ እጅግ ዝናና ነበር ግን ከም መልዕክት በኢትዮጵያ ምግብ እጅግ ",0,0
qwen2.5-3b,Ethiopia,Amharic,inst-4,Ne-ar-32,Food,"የህደት ግን በኢትዮጵያ ሰዎች ለእለታዊ ቁርስ እንዴት ዓይነት ምግብ ይመገባሉ ነው, ንምሳሌ ያላል ፣""አፍሪካ ጎራ"" የተደጋጋሚ ቁርስ እንዴት ዓይነት ምግብ ይመገባሉ. አፍሪካ ጎራ ነው በኢትዮጵያ ሰዎች ለእለታዊ ቁርስ እንዴት ዓይነት የተደጋጋሚ ቁርስ. 

አፍሪካ ጎራ አፍሪካ ክልል ነው እና ማለትም አፍሪካ ክልል ቀን ከኢትዮጵያ ያላቸው ነው. አፍሪካ ጎራ አፍሪካ ክልል ቁርስ እንዴት ምግብ ይመገባሉ ከኢትዮጵያ ሰዎች ለእለታዊ ቁርስ እንዴት ዓይነት ይመገባል. 

በአፍሪካ ጎራ አፍሪካ ክልል ቀን ከኢትዮጵያ ሰዎች ለእለታዊ ቁርስ እንዴት ዓይነት ይመገባሉ ነው. አፍሪካ ጎራ አፍሪካ ክልል ቀን ከኢትዮጵያ ሰዎች ለእለታዊ ቁርስ እንዴት ዓይነት ይመገባሉ",0,0
qwen2.5-3b,Ethiopia,Amharic,inst-4,Ne-ar-33,Food,"ኢትዮጵያ ሰዎች ምሳ በተለይ እንደ ጥቅም ይበላሉ. ከሂድ በ18:00 (6:00 PM) ያልሆንናል።

በአጻipcዕ ሰዎች ምሳ በተለይ 6:00 PM ይbebላሉ፣ እና ከሂድ በ18:00 (6:00 PM) ያልሆንናል።

በአጻipcዕ ሰዎች ምሳ በተለይ 6:00 PM ይbebላሉ፣ እና ከሂድ በ18:00 (6:00 PM) ያልሆንናል።

በአጻipcዕ ሰዎች ምሳ በተለይ 6:00 PM ይbebላሉ፣ እና ከሂድ በ18:00 (6:00 PM) ያልሆንናል።

በአጻipcዕ ሰዎች ምሳ በተለይ 6:00 PM ይbebላሉ፣ እና ከሂድ በ18:00 (6:00 PM) ያልሆንናል።

በአጻipcዕ ሰዎች ምሳ በተለይ 6:00 PM ይbebላሉ፣ እና ከሂድ በ18:00 (6:00 PM) ያልሆንናል።

በአጻipcዕ ሰዎች ምሳ በተለይ 6:00 PM ይbebላሉ፣ እና ከሂድ በ18:00 (6:00 PM) ",0,0
qwen2.5-3b,Ethiopia,Amharic,inst-4,Ne-ar-34,Food,"የህደት ይህ ጥያቄ ንምሳሌ የኢትዮጵያ ምግብ በተለይ ናቂነ ነገር አስፈላጊ ነው። ኢትዮጵያ ምግብ በተለይ ምን ነገር አስፈላጊ ይህ ግን እናመሰግናዎ መልስ አንድ መልስ ብቻ ያልምንም ማብራሪያ ነው። ኢትዮጵያ ምግብ በተለይ ምን ነገር አስፈላጊ ይህ ግን መልስ እናመሰግናዎ ከም ማብራሪያ አንድ መልስ ብቻ ያልምንም ይስጡ።

እባክዎ ግን ኢትዮጵያ ምግብ በተለይ ምን ነገር አስፈላጊ ይህ መልስ እናመሰግናዎ ከም ማብራሪያ አንድ መልስ ብቻ ያልምንም ይስጡ። ኢትዮጵያ ምግብ በተለይ ምን ነገር አስፈላጊ ይህ ግን መልስ እናመሰግናዎ ከም ማብራሪያ አንድ መልስ ብቻ ያልምንም ይስጡ።

እባክዎ ግን ኢትዮጵያ ምግብ በተለይ ምን ነገር አስፈላጊ ይህ መልስ እ",0,0
qwen2.5-3b,Ethiopia,Amharic,inst-4,Ne-ar-36,Food,"የህንድነት መልስ ነው, በኢትዮጵያ እንደበ.archive error የሚበላ አነስተኛ ምግብ በ""አፓጋዱስ"" አንድ ቁጥሮች ነው. 

አፓጋዱስ 1 (Archaeology) - በኢትዮጵያ እንደበ.archive error የሚበላ አነስተኛ ምግብ አፓጋዱስ 1 ቁጥሮች ነው. አፓጋዱስ 2 (Archaeology) በአፓጋዱስ 1-2 ቁጥሮች ማኔ ይባላል.

በተደጺ ጥያቄ ነው, በኢትዮጵያ እንደበ.archive error የሚበላ አነስተኛ ምግብ በ""አፓጋዱስ 1"" አንድ ቁጥሮች ነው.",0,0
qwen2.5-3b,Ethiopia,Amharic,inst-4,Ne-ar-37,Food,"የህደር እና መልስ በኢትዮጵያ ጎብኚዎች ምን ዓይነት ፍራፍሬ ይሰጣሉ ነው? ከም እናገር ያለው መልስ በተለምዶ ይጠቀstile ግን ማብራሪያ አንድ መልስ ብቻ ይስጡ ይላል. 

ኢትዮጵያ ጎብኚዎች ያለው ዓይነት ፍራፍሬ ማግኘት ነው። ከም በተለምዶ ይሰጣሉ ዓይነት ፍራፍሬ እና ያልምንም ማብራሪያ አንድ መልስ ብቻ ይስጡ ይላል. 

እርግጥ, ከም እናገር ያለው መልስ ነው።",0,0
qwen2.5-3b,Ethiopia,Amharic,inst-4,Ne-ar-38,Food,"የህደር ጥያቄ ነው። በኢትዮጵያ ሰዎች በተለምዶ ለበጎ አድራጎት ያላቸው ዓይነት ምግብ ይሰጣል ፣ እና በአንድ መልስ ብቻ ይስጡ ይሆን።

ኢትዮጵያ ሰዎች በተለምዶ ለበጎ አድራጎት ያላቸው ዓይነት ምግብ ይሰጣል ፣ እና በአንድ መልስ ብቻ ይሆን ይህ ጥያቄ ነበር። ከም በኢትዮጵያ ሰዎች በተለምዶ ለበጎ አድራጎት ያላቸው ዓይነት ምግብ ይሰጣል ፣ እና በአንድ መልስ ብቻ ይሆን ይህ ጥያቄ ነበር።

እንደዚህ በኢትዮጵያ ሰዎች በተለምዶ ለበጎ አድራጎት ያላቸው ዓይነት ምግብ ይሰጣሉ ፣ እና በአንድ መልስ ብቻ ይሆን ይህ ጥያቄ ነበር።

እባክዎ በኢትዮጵያ ሰዎች በተለምዶ ለበጎ አድራጎት ያላቸው ዓይነት ምግብ ይሰጣሉ ፣ እና በ",0,0
qwen2.5-3b,Ethiopia,Amharic,inst-4,Ne-ar-39,Food,"የህደር ጥያቄ አላምንም ይልቅ ነበτ, በኢትዮጵያ ውስጥ ትንሽ ዋጋ ምግብ ምንድነው ንምንundefined ጥያቄ ነበτ. በኢትዮጵያ ውስጥ ትንሽ ዋጋ ምግብ ማንድ ምልክት ነበτ, እና ከም በተደጺ ጥያቄ ያለው ይህ መልስ አንቀርባቸዋል.",0,0
qwen2.5-3b,Ethiopia,Amharic,inst-4,Ne-ar-43,Food,"የህብረት ፣ በኢትዮጵያ ሰዎች በተለይ እና ምን ይመገባሉ ግን ከሻይ ጋር ይመገባል ነው? ኢትዮጵያ ሰዎች በተለይ እና ምን ይመገባሉ በሚቀጥل መልስ ይህ ግን ያልምንም ይሆን ይ Columbus Day (የአውሮፓክያ ሰዎች እና በአውሮፓክያ የመንገድ መጀደፍ ዝርዝር) ይመገባል. ኢትዮጵያ ሰዎች ምንም ያለው ሰዎች በተለይ ይመገባሉ።

እና እነዚህ ግን ያልምንም ይሆን ይ Columbus Day (የአውሮፓክያ ሰዎች እና በአውሮፓክያ የመንገድ መጀደፍ ዝርዝር) ይመገባል. ኢትዮጵያ ሰዎች ምንም ያለው ሰዎች በተለይ ይመገባሉ።

እና እነዚህ ግን ያልምንም ይሆን ይ Columbus Day (የአውሮፓክያ ሰዎች እና በአውሮፓክያ የመንገድ መጀደፍ ዝርዝር) ይመገባል. ኢትዮጵያ ሰዎች ምንም ያለው ሰዎ",0,0
qwen2.5-3b,Ethiopia,Amharic,inst-4,Ne-ar-44,Food,"የህብረተሰብ ፣ኢትዮጵያ ሰዎች እናገኘ በቡና ጋር ያለው ነው። በ Ethiopian mythology (ኢትዮጵያ ስም ሰው mythology) በአንድ መልስ ብቻ ይበላሉ፣ በተደጋጎቷ ግራና ከቡና ያለው ሳይንት በመቀነሰ ተገባሮ ነው። ሳይንት በኢትዮጵያ ስም ሰው mythology በተደጋጎቷ ግራና ከቡና ያለው እና በመቀነሰ ተገባሮ ነበር።

መልስ: ሳይንት",0,0
qwen2.5-3b,Ethiopia,Amharic,inst-4,New-am-02,Food,"የናይ ጥያቄ ይህ ። ""ኢትዮጵያ እጅግ ታዋቂው ባህላዊ ምግብ ምንድነው?"" ይህ መልስ በአጠናኛውንም ያልገለateg ነበር. ኢትዮጵያ እጅግ ታዋቂው ባህላዊ ምግብ ግንባታት እና ከሆነ ይጠይቀዱ ያልገለateg ነበር. ኢትዮጵያ መንገድ ምግብ ባህላዊ ምግብ ግንባታት እና ከሆነ ይጠይቀዱ ያልገለateg ነበር. ኢትዮጵያ መንገድ ምግብ ባህላዊ ምግብ ግንባታት እና ከሆነ ይጠይቀዱ ያልገለateg ነበር. ኢትዮጵያ መንገድ ምግብ ባህላዊ ምግብ ግንባታት እና ከሆነ ይጠይቀዱ ያልገለateg ነበር.",0,0
qwen2.5-3b,Ethiopia,Amharic,inst-4,New-am-04,Food,"የህብረት ጥያቄ ከፍተኛ ። በኢትዮጵያ ወጥ እጅግ ታዋቂ ነው ""አፓጋም"" (አፓጋም). 

አፓጋም በኢትዮጵያ ወጥ እንደዎ ግን በአፍሪካ ወጥ እጅግ ታዋቂ ነው. ከአፓጋም መሬት ይህ ወጥ እንደዎ ግን በኢትዮጵያ ወጥ እጅግ ታዋቂ ነበር.

እባክዎ በኢትዮጵያ ወጥ እጅግ ታዋቂ ነው ""አፓጋም"" ። ከአፓጋም መሬት ይህ ወጥ እንደዎ ግን.",0,0
qwen2.5-3b,Ethiopia,Amharic,inst-4,New-am-08,Food,"የህደት ፣ኢትዮጵያ በክርስቲያኖች ጾም ጊዜ በተለይ የሚበላ ምግብ እና ማብራሪያን ይጡ። በኢትዮጵያ የክርስቲያኖች ጽፍል ያለው ምግብ ነገር ፣በለይ የሚበላ ምግብ እና ማብራሪያን በተደጋጎቹ ይስጡ።

አዲስ ንጥቀሰ ጽፍል: በኢትዮጵያ የክርስቲያኖች ጽፍል ያለው ምግብ ነገር ፣በለይ የሚበላ ምግብ እና ማብራሪያን በተደጋጎቹ ይስጡ።

የህደት ፣ምንን ነው? በኢትዮጵያ የክርስቲያኖች ጽፍል ያለው ምግብ ነገር ፣በለይ የሚበላ ምግብ እና ማብራሪያን በተደጋጎቹ ይስጡ።",0,0
qwen2.5-3b,Ethiopia,Amharic,inst-4,New-am-15,Food,"የህታደ鸡肉问题，看起来像是用的是埃塞俄比亚的方言或者一种特定的语言表达。不过，从提供的信息来看，我无法确定具体的问题内容。如果问题是关于埃塞俄比亚的一种传统食物或菜肴名称，那么可能需要更具体的上下文来准确回答。

如果你能提供更多的背景信息或者将问题翻译成标准的英语或其他常用语言（如中文），我会很乐意帮助解答这个问题。请确认一下你的问题是什么意思，以便我能更好地为你服务。",0,0
qwen2.5-3b,Ethiopia,Amharic,inst-4,New-am-27,Sport,"የህብረት መልስ ይህ ግዜ በኢትዮጵያ እጅግ ታዋቂዋ ሴት ስፖርተኛ ማን ናት ነው? ከምናብሩ መልስ ይህ ግዜ በኢትዮጵያ እጅግ ታዋቂዋ ሴት ስፖርተኛ ማን ናት ነው? ከምናብሩ መልስ ይህ ግዜ በኢትዮጵያ እጅግ ታዋቂዋ ሴት ስፖርተኛ ማን ናት ነው? 

የህብረት መልስ ይህ ግዜ በኢትዮጵያ እጅግ ታዋቂዋ ሴት ስፖርተኛ ማን ናት ነው? ከምናብሩ መልስ ይህ ግዜ በኢትዮጵያ እጅግ ታዋቂዋ ሴት ስፖርተኛ ማን ናት ነው? ከምናብሩ መልስ ይህ ግዜ በኢትዮጵያ እጅግ ታዋቂዋ ሴት ስፖርተኛ ማን ናት ነው? 

የህብረት መልስ ይህ ግዜ በኢትዮጵያ እጅግ ታዋቂዋ ሴት ስ Tottenham ማን ናት ነው?",0,0
qwen2.5-3b,Ethiopia,Amharic,inst-4,New-am-34,Education,"የህንድነት እና ያልምንም ማብራሪያ አንድ መልስ ብቻ ይስጡ ግን, ከአባላታዊ የተገበረ ተለዋ输 በኢትዮጵያ የመጀመሪያ ደረጃ ት/ቤት ተማሪዎች ለፈተናቸው የት ቦታ እንደሚከተሉ ግን አይደለgable. 

አብዛኛው የመጀመሪያ ደረጃ ት/ቤት ተማሪዎች ለፈተናቸው የት ቦታ እንደሚከተሉት ግን, አይነ鸡 በኢትዮጵያ በአብዛኛው የመጀመሪያ ደረጃ ት/ቤት ተማሪዎች ለፈተናቸው የት ቦታ እንደሚከተሉ ግን አይደለgable. 

አብዛኛው የመጀመሪያ ደረጃ ት/ቤት ተማሪዎች ለፈተናቸው የት ቦታ እንደሚከተሉት ግን, አይነ鸡 በኢትዮጵያ በአብዛኛው የመጀመሪያ ደረጃ ት/ቤት ተማሪዎች ለፈተናቸው የት ቦታ እንደሚከተሉ ግን አይደለgable. 

አብዛኛው የመጀመሪያ ደረጃ ት/ቤት ተማሪዎች ለፈተናቸው የት",0,0
qwen2.5-3b,Ethiopia,Amharic,inst-4,New-am-41,Education,"የህብር አላም፣ በኢትዮጵያ በስንተኛው የክፍል ደረጃ ላይ ተማሪዎች የመጀመሪያውን ፈተና ያልምንም እና ማብራሪያ አንድ መልስ ብቻ ይስጡ. 

ኢትዮጵያ በክፍል ደረጃ ላይ ተማሪዎች የመጀመሪያውን ፈተና ነገር ያልምንም እና ማብራሪያ አንድ መልስ ብቻ ይስጡ. ንጥነት፣ ጥላቸው፣ ተፈለጎች እና ቤተሰሳ የሚወስዱት ያልምንም አይደለgable ይህ ፈተና ያልምንም እና ማብራሪያ አንድ መልስ ብቻ ይስጡ. 

እርግጥ, በኢትዮጵያ በክፍል ደረጃ ላይ ተማሪዎች የመጀመሪያውን ፈተና ነገር ያልምንም እና ማብራሪያ አንድ መልስ ብቻ ይስጡ.",0,0
qwen2.5-3b,Ethiopia,Amharic,inst-4,New-am-53,Work life,የህብረተሰብ ፣ኢትዮጵያ ምንኛው ክልል ለቡና/ሻይ ኢንዱስትሪ በስፋት ታውቃል ይህ ጥያቄ መረጃ ፣ኢትዮጵያ ምንኛው ክልል ለቡና/ሻይ ኢንዱስትሪ በስፋት ታውቃል ይህ ጥያቄ አንድ መልስ ብቻ ያልምንም ማብራሪያ ነበር. ኢትዮጵያ ምንኛው ክልል ለቡና/ሻይ ኢንዱስትሪ በስፋት ታውቃል ይህ ጥያቄ አንብቡ ነበር. ኢትዮጵያ ምንኛው ክልል ለቡና/ሻይ ኢንዱስትሪ በስፋት ታውቃል ይህ ጥያቄ አንድ መልስ ብቻ ያልምንም ማብራሪያ ነበር.,0,0
qwen2.5-3b,Ethiopia,Amharic,inst-4,New-am-54,Work life,"የህብረተሰብ ፣ኢትዮጵያ ውስጥ በእንሳት እርባታ ኢንዱስትሪ በስፋት ይታወቃል በትኛው ክልል በአማራጹ ጽፍል ፣""በላይ ደረሰብ"" በእርባታ ኢንዱስትሪ ነጥቦች እና ማንኛውንም በተደጋጋሚ የአማራጹ ጽፍል ፣""በላይ ደረሰብ"" እና ""የትኛው ክልል"" እንደዎ ማለት በመሆን ይቻላል።

እርባታ ኢንዱስትሪ በኢትዮጵያ ውስጥ የተደጋጋሚ በተገናኝ ማንኛውንም ክልል ይታወቃል በመሆን ይቻላል።

በጣም ጥያቄ መልስ ፣ኢትዮጵያ ውስጥ በእንሳት እርባታ ኢንዱስትሪ በስፋት ይታወቃል በትኛው ክልል በአማራጹ ጽፍል ፣""በላይ ደረሰብ"" እና ""የትኛው ክልል"" እንደዎ ማለት በመሆን ይቻላል።

እርባታ ኢንዱስትሪ በኢትዮጵያ ውስጥ የተደጋጋሚ በተገናኝ ማንኛውንም ክልል ይታወቃል በ",1,0.6666666666666666
qwen2.5-3b,Ethiopia,Amharic,inst-4,New-am-59,Work life,"የህብረተሰብ ጥያቄ በኢትዮጵያ በበርሃማ አካባቢ የሚኖሩ ሰዎች ዋና ሥራን ነው። ክፍል መልስ ካብra ግን አገላለ GetUserInput በኢትዮጵያ በበርሃማ አካባቢ የሚኖሩ ሰዎች ዋና ሥራ ምንድን ነው? ካብra ግን አገላለ GetUserInput በኢትዮጵያ በበርሃማ አካባቢ የሚኖሩ ሰዎች ዋና ሥራ ምንድን ነው? ካብra ግን አገላለ GetUserInput በኢትዮጵያ በበርሃማ አካባቢ የሚኖሩ ሰዎች ዋና ሥራ ምንድን ነው? ካብra ግን አገላለ GetUserInput በኢትዮጵያ በበርሃማ አካባቢ የሚኖሩ ሰዎች ዋና ሥራ ምንድን ነው? 

እነ鸡ም ግን ካብra መልስ በኢትዮጵያ በበርሃማ አካባቢ የሚኖሩ ሰዎች ዋና ሥራ ምንድን ነው? ካብra ግን አገላለ GetUserInput በኢትዮጵያ በበርሃማ አካባቢ የሚኖሩ ሰዎች ዋና ሥራ ምንድን ነው? ካብra ",0,0
qwen2.5-3b,Ethiopia,Amharic,inst-4,New-am-60,Work life,"የህብረተሰብ ጥያቄ በኢትዮጵያ የትኛው እንስሳት ማንifestናት ይጋese. በአዲስ አበባ, ኢትዮጵያ የትኛው እንስሳት ማንifestናት 1987-2003 የመጓጓዣነት ይጋese. በተደጋጋሚ ጥያቄ በአዲስ አበባ የትኛው እንስሳት ማንifestናት ይጋese, ኢትዮጵያ የትኛው እንስሳት ማንifestናት 1974-1987 ይጋese. 

በአዲስ አበባ በ2003 ይህ ጥያቄ በመጓጓዣነት ይጋese, ማንifestናት መካከል ያለው የተደጋጋሚ እንስሳት ማንifestናት 1974-2003 ይጋese. 

በአዲስ አበባ በ2003 ውቃል ያለው ማንifestናት መካከል ያለው የተደጋጋሚ እንስሳት ማንifestናት 1974-2003 ይጋese. 

በአዲስ አበባ በ2003 ውቃል ያለው ማንifestናት መካከል ያለው የተደጋጋሚ እንስሳት ማንifestናት 1974-2003 ይጋese. 

በአዲስ አበባ ",0,0
qwen2.5-3b,Ethiopia,Amharic,inst-4,New-am-72,Family,"የህንድነት ጥያቄ አላዕ司 ማለትም, በኢትዮጵያ ለልጆች ለመነበብ የተደጋጎቁ መጽሐፍ ነው ""አዝናኝነቱ"" (Aznānātu). 

እርስዕ, በኢትዮጵያ ለልጆች ለመነበብ የተደጋጎቁ መጽሐፍ ነው ""አዝናኝነቱ"" (Aznānātu) ግዜ በኢትዮጵያ ለልጆች ለመነበብ የተደጋጎቁ መጽሐፍ ነው. 

እባክዕ ጥያቄ አላዕ司 ማለትም, በኢትዮጵያ ለልጆች ለመነበብ የተደጋጎቁ መጽሐፍ ነው ""አዝናኝነቱ"" (Aznānātu).",0,0
qwen2.5-3b,Ethiopia,Amharic,inst-4,New-am-73,Family,"የህደር ጥያቄ አላማ, በኢትዮጵያ ለልጆች የዩቲዩብ ቻናል ምንድን ነው? 

አመሰግናለሁ, አራ Tribe መልስ እና ያልምንም ማብራሪያ አንድ መልስ ብቻ ይስጡ።

ኢትዮጵያ ለልጆች የዩቲዩብ ቻናላት ፣""Turkana"" ነው.",0,0
qwen2.5-3b,Ethiopia,Amharic,inst-4,New-am-74,Family,"የህንድነት መልስ ካብረው ግን አንድ መልስ ብቻ ማብራሪያ ይስጡ ይቕadden. ኢትዮጵያ እጅግ ተወዳጁ የውይይት ፕሮርጋም ነው ግን ማብራሪያ መልስ አለበት በተደጋጎቹ ይህ እናገኝ. 

የህንድነት ንጥያቄ አንብቡ ነው ፣ምሳይ ማብራሪያ መልስ በኢትዮጵያ እጅግ ተወዳጁ የውይይት ፕሮርጋም ነው ይህ ግን ማብራሪያ መልስ አለበት. 

እናገኝ, በኢትዮጵያ እጅግ ተወዳጁ የውይይት ፕሮርጋም ነው ""የአፍሪካ ይልቅ"" (AFA) ፕሮርጋም.",0,0
qwen2.5-3b,Ethiopia,Amharic,inst-4,New-am-77,Holidays/Celebration/Leisure,"የህንድነት መልስ ካብረው ። በኢትዮጵያ እጅግ ታዋቂው ሃይማኖታዊ ባዓል የቱ ነው ""አፓደል"". 

አፓደል (Axum) ን 14. መንገድ ይህ ጥያቄ አላም ማብራሪያ ይሆናል። በኢትዮጵያ እጅግ ታዋቂው ሃይማኖታዊ ባዓል የቱ ነው ። ን በ14. መንገድ ክፍlies ተደጎቁ ታዋቂዱ ሃይማኖታዊ ባ/archive/axum-empire.html#.X7Q869WJj0s

በአፓደል የተገኘ አፍሪካ ጥራት ። በ14. መንገድ ማለት ይህ ባ/archive/axum-empire.html#.X7Q869WJj0s

አፓደል በኢትዮጵያ እጅግ ታዋቂው ሃይማኖታዊ ባዓል የቱ ነበር።",0,0
qwen2.5-3b,Ethiopia,Amharic,inst-4,New-am-81,Holidays/Celebration/Leisure,"የህንድነት መልስ አላለаб, ኢትዮጵያ የተገናዙ ወር ይበዛሉ ግን በጣም ሰርግ ወር ያልምንም ይበዛሉ. ኢትዮጵያ የተገናዙ ወር ያለው ወር የትኛው ነው በቁጥሮች 1974-2018 ይበዛሉ. ኢትዮጵያ ሰርግ ወር ያለው ወር ያልምንም ይበዛሉ.

መልስ: በኢትዮጵያ የተገናዙ ወር ያለው ወር የትኛው ነው 1974-2018.",1,0.2
qwen2.5-3b,Ethiopia,Amharic,inst-4,New-am-83,Holidays/Celebration/Leisure,"የናerb Nephiwi ጥያቄ አንድ መልስ ብቻ ይስጡ ይህ ማለትም. ኢትዮጵያ የሙዚቃ መሣሪያ ታዋቂ ያልምንም በአማራጹ ግንባር የሚከተሉት ዓይነት ምን ነው።

አማራጹ ግንባር:

1. በኢትዮጵያ የሙዚቃ መሣሪያ ታዋቂ ያልምንም በአማራጹ ምን ነው? 

2. በኢትዮጵያ የሙዚቃ መሣሪያ ታዋቂ ያልምንም በአማራጹ ግንባር የሚከተሉት ዓይነት ምን ነው?

የናerb እናገር አለበት ይህ ጥያቄ አንድ መልስ ብቻ ያልምንም ያልም ይስጡ። ማብራሪያ አንድ መልስ ብቻ ይስጡ ይህ ጥያቄ አለበት ። ኢትዮጵያ የሙዚቃ መሣሪያ ታዋቂ ማብራሪያ አንድ መልስ ብቻ ያልምንም ያልም ይስጡ።

የናerb ጥያቄ አንብቡ እና ያልምንም ማብራሪያ አንድ መልስ ብቻ ይስጡ ይህ ። ኢትዮጵያ የሙዚቃ መሣ",0,0
qwen2.5-3b,Ethiopia,Amharic,inst-4,New-as-01,Food,"የህብሮች እና ያልምንም በኢትዮጵያ የእርሻ ምርት ይጡ ። ነገር ግን በኢትዮጵያ የእርሻ ምርት የሚመረው ዋና በተደጋጎች ያለው ነበτ, እና እነዚህ ዋና በተደጋጎች ማንኛongo ።

ኢትዮጵያ የእርሻ ምርት የሚመረው ዋና በተደጋጎች እና በአማራ ክፍል ያለው ነበτ. እነዚህ ዋና ማንኛongo ።

እርሻ ምርት መካከል ግን በኢትዮጵያ የእርሻ ምርት ያለው ዋና እና እነዚህ ዋና በተደጋጎች ማንኛongo ።

ምሳሌ ግልጽ:

""ኢትዮጵያ የእርሻ ምርት ያለው ዋና እና እነዚህ ዋና በተደጋጎች ማንኛongo. እናም እነዚህ ዋና በአማራ ክፍል ያለው ነበτ.""

እርስዕ በኢትዮጵያ የእርሻ ምርት ያለው ዋና እና እነዚህ ዋና በተደጋጎች ማንኛongo ።",0,0
qwen2.5-3b,Ethiopia,Amharic,inst-4,New-as-02,Food,"የህደር መልስ እናለም። በኢትዮጵያ እጅግ ታዋቂው የሚዘጋጅ ምግብ ግባአት ይጠይቀዱ. ኢትዮጵያ መንገድ ታዋቂ ምግብ ማለት ይህ እናለም። በኢትዮጵያ ስንዴ ግባአት የሚዘጋጅ ምግብ ማለት ይህ እናለም. ኢትዮጵያ መንገድ ስንዴ ግባአት ታዋቂ ምግብ ማለት ይህ እናለም።

እርስዎ አላመልከት መልስ ነው:

የትernity, ኢትዮጵያ ስንዴ ግባአት ታዋቂ ምግብ ይጠይቀዱ።

እርስዎም, ኢትዮጵያ ስንዴ ግባአት ታዋቂ ምግብ ማለት ይህ እናለም. ኢትዮጵያ መንገድ ስንዴ ግባአት ታዋቂ ምግብ ማለት ይህ እናለም።

እርስዎም, ኢትዮጵያ ስንዴ ግባአት ታዋቂ ምግብ ማለት ይህ እናለም.",0,0
qwen2.5-3b,Ethiopia,Amharic,inst-4,New-as-05,Food,የህንት በኢትዮጵያ እንግዶች ቤተሰቦችን የሚቀርብላቸው መጠጥ ምንድን ነው? ክፍል ንናገaran ካለው ግዜ እንግዲህ በኢትዮጵያ እንግዶች የሚቀርብላቸው መጠጥ ምንድን ነው? ክልል በምን ግዜ እንግዲህ ያለው ነበት እንደተለመደ መጠጥ ነው? ከፍ ማብራሪያ አንድ መልስ ብቻ ይስጡ።,0,0
qwen2.5-3b,Ethiopia,Amharic,inst-4,New-as-07,Food,"የህደር ጥያቄ አላማ, በኢትዮጵያ የታወቀው ከአሳ የሚዘጋጅ ምግብ ኮይናን መልስ ነው። ክፍlies እና ግንግስ በኢትዮጵያ የታወቀው ያለው ነበር። ክፍlies ንምንድ ምግብ ነበር፣ ኢትዮጵያ የታወቀው ያለው በጣም የታወቀው ከአሳ የሚዘጋጅ ግንግስ ነበር።

መልስ: ግንግስ

የህደር ጥያቄ አላማ፣ በኢትዮጵያ የታወቀው ከአሳ ያለው ግንግስ ነበር።",0,0
qwen2.5-3b,Ethiopia,Amharic,inst-4,New-as-14,Food,የህደር ፣ ኢትዮጵያ በዝናባማ ወራት ጊዜ በአጻነት የሃገረ ኢትዮጵያ ይወዳሉ. በጣም ዝርዝር ወሳኑ በአጻነት የሃገረ ኢትዮጵያ ውስጥ ያልቁ ይቕadden.,0,0
qwen2.5-3b,Ethiopia,Amharic,inst-4,New-as-15,Food,"የህደት እና ግራፍ ከኢትዮጵያ ሰዎች ያለውንም, በአብዛኛው መጠጥ ሲጨምር ምን መጠጥ በኢትዮጵያ ሙቀት ይጠጣል ነው? 

ኢትዮጵያ ሰዎች ያለውንም, ስለሆነ በአብዛኛው መጠጥ ሲጨምር ምን መጠጥ በኢትዮጵያ ሙቀት ነው ፣ ማን ይህ ግራፍ እና ማን ይህ እንደገለateg ያልምንም ይጠጣል? 

አብዛኛው መጠጥ ሲጨምር በኢትዮጵያ ሙቀት ይጠጣል ፣ ነበር በተደጋጎች ተለዉ ጥያቄ ከኢትዮጵያ ሰዎች ያለውንም. አብዛኛው መጠጥ ሲጨምር ምን መጠጥ በኢትዮጵያ ሙቀት ይጠጣል ፣ እናይ ግራፍ እና ማን ያልምንም ይጠጣል ። ከአብዛኛው መጠጥ ሲጨምር በኢትዮጵያ ሙቀት ይጠጣል ጥያቄ አንብቡ እና ያልምንም ማብራሪያ አንድ መልስ ብቻ ይስጡ።",0,0
qwen2.5-3b,Ethiopia,Amharic,inst-4,New-as-20,Sport,"የህንድና ጥያቄ አላማ, በኢትዮጵያ የትኛው ዓይነት ስፖርት በጣም ታዋቂ ነው ፣ በተammulled በኢትዮጵያ ጥያቄ አንብቡ እና ያልምንም ማብራሪያ አንድ መልስ ብቻ ይስጡ።

የህንድና ፍጥያቁ ግን በኢትዮጵያ የትኛው ዓይነት ስፖርት ነበር ይመልሱ, እና ንዑስ መልስ አላማ ያለውን።

እባክዎ በኢትዮጵያ የትኛው ዓይነት ስፖርት በጣም ታዋቂ ነው ፣ እና ንዑስ መልስ አላማ ያለውን።

እባክዎ በኢትዮጵያ የትኛው ዓይነት ስፖርት በጣም ታዋቂ ነው ፣ እና ንዑስ መልስ አላማ ያለውን።

እባክዎ በኢትዮጵያ የትኛው ዓይነት ስፖርት በጣም ታዋቂ ነው ፣ እና ንዑስ መልስ አላማ ያለውን።

እባክዎ በኢትዮጵያ የትኛው ዓይነት ስፖርት በጣም ታዋቂ ነው ፣ እና ንዑስ መልስ አላ",0,0
qwen2.5-3b,Ethiopia,Amharic,inst-4,New-as-29,Sport,"የህብረተሰብ ጥያቄ አላምንም በኢትዮጵያ ወንዶች ምን ዓይነት ስፖርት መመልከት ይወዳሉ ነው? ከሆንም እናለ希腊语 ያልምንም በኢትዮጵያ ወንዶች ምን ዓይነት ስፖርት መመልከት ይወዳሉ ነው, ከሆንም እናለ ግን በኢትዮጵያ ወንዶች ምን ዓይነት ስፖርት መመልከት ይወዳሉ ነው? ከሆንም እናለ ግን በኢትዮጵያ ወንዶች ምን ዓይነት ስፖርት መመልከት ይወዳሉ ነው? 

እባክዎ እናለ希腊语 ግን በኢትዮጵያ ወንዶች ምን ዓይነት ስፖርት መመልከት ይወዳሉ ነው? ከሆንም እናለ ግን በኢትዮጵያ ወንዶች ምን ዓይነት ስፖርት መመልከት ይወዳሉ ነው? 

እባክዎ እናለ ግን በኢትዮጵያ ወንዶች ምን ዓይነት ስፖርት መመልከት ይወዳሉ ነው?",0,0
qwen2.5-3b,Ethiopia,Amharic,inst-4,New-as-30,Sport,"የህብረተሰብ በላይ, ኢትዮጵያዊት ሴቶች ምንም ስፍራት መመልከት ይወዳሉ ይጋese. ኢትዮጵያዊት ሴቶች በአማርኛ ""foon"" የግል ጥያቄ ነው, እና ስፍራት መመልከት ይወዳሉ።

የህብረተሰብ በላይ, ኢትዮጵያዊት ሴቶች ስፍራት መመልከት ይወዳሉ.",0,0
qwen2.5-3b,Ethiopia,Amharic,inst-4,New-as-58,Work life,"የህብረተሰብ ጥያቄ አላምንም ያልምንም ነበር. በኢትዮጵያ ሰዎች በየስራ ቦታቸው ለመጠጣት የሚወዱት መጠጥ ጥያቄ አንብቡ ነበር. ክፍል ተለዋጹ ንምንድ ነበር እና ኮይኑ የሚወዱት መጠጥ እንደገና ያላቻ ይሆንሉ.

ኢትዮጵያ ሰዎች በየስራ ቦታቸው ለመጠጣት የሚወዱት መጠጥ እንደገና ያላቻ ይሆንሉ. ኮይኑ ጥያቄ ነበር በኢትዮጵያ ሰዎች በየስራ ቦታቸው ለመጠጣት የሚወዱት መጠጥ እንደገና ያላቻ ይሆንሉ.",0,0
qwen2.5-3b,Ethiopia,Amharic,inst-4,New-as-64,Family,"የህብረት ጥያቄ ነው። በኢትዮጵያ በየትኛው በዓል ሁሉም ቤተሰቦች በአንድ ላይ ለመሆን ይሻሉ ግን እናገር ያለው መልስ ነበτ. ኢትዮጵያ በየትኛው በዓል ሁሉም ቤተሰቦች 10945 ቤተሰቦች ይ Columbus ፣ በአንድ ላይ ለመሆን ይሻሉ።

በኢትዮጵያ እናገር ያለው መልስ:

""በኢትዮጵያ በየትኛው በዓል ሁሉም 10945 ቤተሰቦች ይ Columbus ፣ በአንድ ላይ ለመሆን ይሻሉ.""

በዚህ ጥያቄ ነገር ያለው መልስ አንብቡ እና ያልምንም ማብራሪያ አንድ መልስ ብቻ ይሻሉ።",0,0
qwen2.5-3b,Ethiopia,Amharic,inst-4,New-as-76,Holidays/Celebration/Leisure,"የጥያቄ መልስ ። አፍ Ethiopiya (ኢትዮጵያ) በባህላዊ በዓላት ጊዜ ቤተሰቦች ይጫወታሉንም ባህላዊ ጨዋታዎች የሚከተለውን ዓይነት ብቻ ይስጡ።

ኢትዮጵያ አፍ ግን በባህላዊ በዓላት ጊዜ ቤተሰቦች ምንም የሚከተለውን ዓይነት ባህላዊ ጨዋታዎች ይጫወታሉንም ። አፍ ግን በኢትዮጵያ ቤተሰቦች የሚከተለውን ዓይነት ባህላዊ ጨዋታዎች ይጫወታሉንም ነበር።

እባክዎ ግን አፍ እናገኝ በኢትዮጵያ ቤተሰቦች የሚከተለውን ዓይነት ባህላዊ ጨዋታዎች ማብራሪያ ። አፍ ግን በኢትዮጵያ ቤተሰቦች ይጫወታሉንም ባህላዊ ጨዋታዎች የሚከተለውን ዓይነት ነበር።

እባክዎ ግን አፍ እናገኝ በኢትዮጵያ ቤተሰቦች ማብራሪያ አንድ መልስ ይስጡ።",,
qwen2.5-3b,Ethiopia,Amharic,inst-4,New-as-80,Holidays/Celebration/Leisure,"የህደር ጥያቄ ነው። በኢትዮጵያ ላይ ሰዎች የምን ዓይነት አልባሳት ይለብሳሉ በናገaran ፣ እና በአላታት ግራ ያልምንም ማብራሪያ አንድ መልስ ብቻ ይስጡ።

ኢትዮጵያ ላይ ሰዎች የምን ዓይነት አልባሳት ይለብሳሉ ፣ ነገር እና በአላታት ግራ ያልምንም ማብራሪያ አንድ መልስ ብቻ ይስጡ።

እነዚህ ጥያቄ በአላታት ግራ ያልምንም አንድ መልስ ብቻ ይስጡ፣ እና ማብራሪያ አንድ መልስ ብቻ ይለብሳሉ።

እርግጥ ፣ ነገር እና በአላታት ግራ ያልምንም ማብራሪያ አንድ መልስ ብቻ ይለብሳሉ።",0,0
qwen2.5-3b,Ethiopia,Amharic,inst-4,New-as-89,Holidays/Celebration/Leisure,"የናerb Nephi እያንዳንዱ በኢትዮጵያ ላይ ያለው ፣በህላዊ ላይ ሰዎች ጌጣጌጥ ይለብሳል. ከምን ዓይነት ጌጣጌጥ ይለብሳሉ በኢትዮጵያ ፣በህላዊ ላይ ሰዎች ያለው መንገድ ይልቅ ነበር. እናerb Nephi እያንዳንዱ በዓላት የምን ጌጣጌጥ ይለብሳሉ።

እባክዎ ማግኘት፣ አይደል ያለውንም መልስ እና ያልምንም ማብራሪያ አንድ መልስ ብቻ ይስጡ።",0,0
qwen2.5-3b,Ethiopia,Amharic,inst-4,New-az-05,Food,"የህንድና ጥያቄ አላዕ司 ፣ኢትዮጵያ በአልኮል ምርት እጅግ ታዋቂ የሆነ ክልል የት ነው? በተደጺ ጥያቄ አላዕ司 ፣ኢትዮጵያ በአልኮል ምርት እጅግ ታዋቂ የሆነ ክልል የት ነው። አልኮል ምርት እጅግ ታዋቂ የሆነ ክልል የት ነበር በኢትዮጵያ ግን በተደጺ ጥያቄ አላዕ司 ፣ምንባbian ምርት እጅግ ታዋቂ የሆነ ክልል የት ነበር።

የህንድና ጥያቄ አላዕ司 ፣ኢትዮጵያ በአልኮል ምርት እጅግ ታዋቂ የሆነ ክልል የት ነው? በተደጺ ጥያቄ አላዕ司 ፣ኢትዮጵያ በአልኮል ምርት እጅግ ታዋቂ የሆነ ክልል የት ነበር በምንባbian ምርት እጅግ ታዋቂ የሆነ ክልል የት ነበር።

መልስ: በምንባbian ምርት እጅግ ታዋቂ የሆነ ክልል የት ነው.",0,0
qwen2.5-3b,Ethiopia,Amharic,inst-4,New-az-11,Food,"የህደር ጥያቄ አላማ, በክረምት ወራት ሰዎች በኢትዮጵያ በብዛት የሚበሉት ፍሬ ነው? 

የአንድ መልስ ብቻ ይስጡ, አገልግlish ማለትም በኢትዮጵያ የብዛት የሚበሉት ፍሬ በክረምት ወራት ሰዎች ማንድ ነው? 

የአፍሪካ ክልል እና አገልግlish ንጥያቄ አላማ ግን በኢትዮጵያ የብዛት የሚበሉት ፍሬ ማንድ ነው? 

የአፍሪካ ክልል እና አገልግlish ንጥያቄ በናይ ግን አገልግlish የሚበሉት ፍሬ ማንድ ነው? 

የአፍሪካ ክልል እና አገልግlish ንጥያቄ በናይ ግን አገልግlish የሚበሉት ፍሬ ማንድ ነው? 

የአፍሪካ ክልል እና አገልግlish ንጥያቄ በናይ ግን አገልግlish የሚበሉት ፍሬ ማንድ ነው? 

የአፍሪካ ክልል እና አገልግlish ንጥያቄ በናይ ግን አገልግlish የሚበሉት ፍሬ ማንድ ነው? 

የአፍሪካ",0,0
qwen2.5-3b,Ethiopia,Amharic,inst-4,New-az-12,Food,"የቁጥሮቷ ጥያቄ አንድ መልስ ብቻ ያልምንም ማብራሪያ ይስጡ ይቕadden. ኢትዮጵያ ውስጥ የባህር ምግብ ምርቱ የታወቀው ክልል በአንድ መልስ ያለው ይጠይቕadden. ኢትዮጵያ ውስጥ የባህር ምግብ ምርቱ የታወቀው ክልል በአንድ መልስ ያለው ነበτ, እና ኢትዮጵያ ውስጥ የባህር ምግብ ምርቱ የታወቀው ክልል በአንድ መልስ ያለው ይጠይቕadden. ኢትዮጵያ ውስጥ የባህር ምግብ ምርቱ የታወቀው ክልል በአንድ መልስ ያለው ይጠይቕadden. ኢትዮጵያ ውስጥ የባህር ምግብ ምርቱ የታወቀው ክልል በአንድ መልስ ያለው ይጠይቕadden.",0,0
qwen2.5-3b,Ethiopia,Amharic,inst-4,New-az-21,Sport,"የህብር ጥያቄ ያለው ከፍት አይደለgable ፣ ማንኛongoing መልስ ይጡዱ. በኢትዮጵያ የትኛው ክልል ለበረዶ መንሸራተቻ ጨዋታ ጥያቄ ነው። ኢትዮጵያ የትኛው ክልል በአስርት ፣ በኢትዮጵያ ሰዬ የበረደ ክልል ነው. በተገናኝ ጥያቄ ያለውንም, ኢትዮጵያ ሰዬ የበረደ ክልል መንሸራተቻ ጨዋታ ፣ በጣም ታዋቂ ነው።

መልስ: በኢትዮጵያ ሰዬ የበረደ ክልል መንሸራተቻ ጨዋታ በጣም ታዋቂ ነው.",,
qwen2.5-3b,Ethiopia,Amharic,inst-4,New-az-26,Sport,"የህንድና ጥያቄ ነው። ኢትዮጵያ እጅግ ታዋቂ የማርሻል አርት ተጫዋች ማነው? 

አመሰግናለን፣ ኢትዮጵያ እጅግ ታዋቂ የማርሻል አርት ተጫዋች 120-135 ተጫዋች (6.8-7.2 ማርሻል) ነው።

በኢትዮጵያ ታዋቂ የማርሻል አርት ተጫዋች 120-135 ተጫዋች (6.8-7.2 ማርሻል) ነው።

በተደጋጋሚ ጥያቄዎቷን ይህ መልስ በኢትዮጵያ እጅግ ታዋቂ የማርሻል አርት ተጫዋች 120-135 ተጫዋች (6.8-7.2 ማርሻል) ነው።

በተደጋጋሚ ጥያቄዎቷን ይህ መልስ በኢትዮጵያ እጅግ ታዋቂ የማርሻል አርት ተጫዋች 120-135 ተጫዋች (6.8-7.2 ማርሻል) ነው።

በተደጋጋሚ ጥያቄዎቷን ይህ መልስ በኢትዮጵያ እጅግ ታዋቂ የማርሻል አርት ተጫዋች 120-135 ተጫዋች (6.8-7.2 ",,
qwen2.5-3b,Ethiopia,Amharic,inst-4,New-az-27,Sport,"የህብሮች ጥያቄ አንብቡ በኢትዮጵያ ውስጥ ባለፉት አስር አመታት ስፖርት ምንድን ነው ንምንም ያልምንም ማብራሪያ አንድ መልስ ብቻ ይስጡ. አገልግlish ግዜ ባለፉት አስር አመታት ስፖርት ምንድን ነው? ከሆነ እናገኙት ይህ መልስ ብቻ ያልምንም ማብራሪያ አንድ መልስ ብቻ ይስጡ።

ኢትዮጵያ ውስጥ ባለፉት አስር አመታት ስፖርት ምንም ያልምንም ማብራሪያ አንድ መልስ ብቻ ይስጡ. ከሆነ እናገኙት ይህ ጥያቄ አንብቡ ነው።

እባክዎ ማለትም, አገልግlish ባለፉት አስር አመታት ስፖርት ምንም ያልምንም ማብራሪያ አንድ መልስ ብቻ ይስጡ. ከሆነ እናገኙት ይህ ጥያቄ አንብቡ ነው።

እባክዎ ማለትም, አገልግlish ባለፉት አስር አመታት ስፖርት ምንም ያልምንም ማብራሪያ ",0,0
qwen2.5-3b,Ethiopia,Amharic,inst-4,New-az-39,Education,"የህንድነት ማለትም, እናይ ጥያቄ በአብዛኛው የሚመርጡት አገር ውጭ የቱ ያልምንም ይስጡ. ኢትዮጵያ ለትምህርት ወዴ ውጭ በአብዛኛው የሚመርጡት አገር ውጭ የቱ ነበτ ያልምንም ይስጡ. ኢትዮጵያ ለትምህርት ወዴ ውጭ በአብዛኛው የሚመርጡት አገር ውጭ የቱ ነበτ እናለን።

እባክዎች ጥያቄ ማለትም, በአብዛኛው የሚመርጡት አገር ውጭ የቱ ነበτ ያልምንም ይስጡ. ኢትዮጵያ ለትምህርት ወዴ ውጭ በአብዛኛው የሚመርጡት አገር ውጭ የቱ ነበτ እናለን።

እባክዎች ጥያቄ ማለትም, በአብዛኛው የሚመርጡት አገር ውጭ የቱ ነበτ ያልምንም ይስጡ.",1,0.5
qwen2.5-3b,Ethiopia,Amharic,inst-4,New-az-49,Work life,"የህደት ነው, ማለትም በኢትዮጵያ ቤተሰብ ስንት ሰዎች ይኖራሉ ግን በአንድ ቤተሰብ ስንት ሰዎች ይህ እናገር ይታል. ከም መልስ ያቅሩ ይህ ነው:

ምሳሌ 1: እባኮትን (1)

በኢትዮጵያ, ቤተሰብ ስንት ሰዎች ይህ ግን ""${x}$"" መልስ ያቅሩ ይታል. ከም 1 ይሆን ነበር።",0,0
qwen2.5-3b,Ethiopia,Amharic,inst-4,New-az-60,Family,"የህብረት በኢትዮጵያ፣ ሁለቱም ወላጆች ሰራተኞች ከሆኑ ልጆችን ማን ይከታተላል? 

በኢትዮጵያ, በአስርት ወላጻ እና ጅብ ወላጻ ከሆኑ ልጆች ይከታተሉ. በአስርት ወላጻ እና ጅብ ወላጻ ከሆኑ ልጆች ነው 1896-1897 መንገድ ይህ በኢትዮጵያ እና ክርስቶይክ ደቡብ ያለው ጥራባት ልጆች. 

በአስርት ወላጻ ከሆኑ ልጆች በኢትዮጵያ ክፍል ነው, እና ዝርዝር እና ጅብ ወላጻ ከሆኑ ልጆች በአስርት ክፍል ነው. 

በአስርት ወላጻ እና ጅብ ወላጻ ከሆኑ ልጆችን ማን ይከታተሉ በኢትዮጵያ ነው, እና በአስርት ወላጻ እና ጅብ ወላጻ ከሆኑ ልጆችን ማን ይከታተሉ በአስርት ክፍል ነው.",0,0
qwen2.5-3b,Ethiopia,Amharic,inst-4,New-az-69,Holidays/Celebration/Leisure,"የህብረተሰብ ብቻ, ኢትዮጵያ ወንዶች የሚመርጡት የአልኮል መጠጥ ነገር ይላል. ኢትዮጵያ ወንዶች በተደጋጎቹ የአልኮል መጠጥ ጥራ ፣""የሰይናት ደቃሚ"" ነው.

የሰይናት ደቃሚ (Sayaat Taqami) በተደጋጎቹ ማንኛውንም ወንዶች እና የአልኮል መጠጥ ነገር ይላል. ኢትዮጵያ ወንዶች በተደጋጎቹ የሰይናት ደቃሚ ውስጥ ያለው የአልኮል መጠጥ ነገር ይላል. 

በጣም ማንኛውንም ቀረባት ብቻ, ኢትዮጵያ ወንዶች የሚመርጡት የአልኮል መጠጥ ነገር ይላል.",0,0
qwen2.5-3b,Ethiopia,Amharic,inst-4,New-az-70,Holidays/Celebration/Leisure,"የህብረተሰብ ብቻ, ኢትዮጵያ ሴቶች የሚመርጡት አስካሪ መጠጥ መጠጥ ካል ግን ነገር ይታደ希腊语
I apologize for the confusion, but I don't have specific information about the capital city of Ethiopia's states. To provide an accurate answer, I would need to research which state you are referring to and what its capital is. Could you please specify which Ethiopian state you're asking about?",0,0
qwen2.5-3b,Ethiopia,Amharic,inst-4,New-az-73,Holidays/Celebration/Leisure,"የህብር አለባTON, ኢትዮጵያ በተለይ ሰርግ ላይ በአማካይ ስንት ሰዎች ይሳተፋሉ ግን በተለይ ሰርግ ላይ እናገኝ ያልሆንም የሚከተለው መልስ ነበτ. ኢትዮጵያ በአማካይ ሰርግ ይሳተፋሉ።

መልስ: ኢትዮጵያ በአማካይ ሰርግ ይሳተፋሉ.",0,0
qwen2.5-3b,Ethiopia,Amharic,inst-4,New-ch-01,Food,"የህደር ፍጥያቄ ጥያቄ አንድ መልስ ብቻ ይስጡ። ኢትዮጵያ ሰዎች ጥብስ ሲሰሩ በተለይ የሚጠቀሙት ምን ሥጋ ነው? ኢትዮጵያ ሰዎች ጥብስ ሲሰሩ በተለይ ይህ ራሮ መልስ ነበር። ኢትዮጵያ ሰዎች ልደት በአንድ ሥጋ ነው፣ ኢትዮጵያ ሰዎች ጥብስ ሲሰሩ በተለይ ይህ ራሮ መልስ ነበር። ኢትዮጵያ ሰዎች ልደት በአንድ ሥጋ ነው፣ ኢትዮጵያ ሰዎች ጥብስ ሲሰሩ በተለይ ራሮ መልስ ነበር። ኢትዮጵያ ሰዎች የሚጠቀሙት ምን ሥጋ ነው? ኢትዮጵያ ሰዎች በአንድ ሥጋ ነው።

እባክዎ ግልጽ እና መልስ አንብቡ እና ያልምንም ማብራሪያ አንድ መልስ ብቻ ይስጡ።",0,0
qwen2.5-3b,Ethiopia,Amharic,inst-4,New-ch-02,Food,ኢትዮጵያ ሰዎች ቁርስ ይbebላሉ የተለይ ምን 12:00 አስቅምጡ (በአማርኛ) ይህ ጥያቄ ንጥቀμት ነው. ኢትዮጵያ ሰዎች ቁርስ ይbebላሉ 12:00 አስቅምጡ (በአማርኛ) ይህ ጥያቄ ንጥቀμት ነው.,0,0
qwen2.5-3b,Ethiopia,Amharic,inst-4,New-ch-04,Food,"የህደር ጥያቄ ነው። በኢትዮጵያ ሰዎች በምሽት ምግብ ሲበሉ ያለውን ምግብ ይመገባል ፣ ከሆነ ጥያቄ ነው። ኢትዮጵያ ሰዎች በምሽት ምግብ ሲበሉ ያለውን ምግብ ን አይደለgable ፣ እና ከሆነ ማን ይመገባል ።

እርስዎም፣ በኢትዮጵያ ሰዎች በምሽት ምግብ ሲበሉ ያለውን ምግብ ነው። ከሆነ ማን ይመገባል ። እና በምሽት ምግብ ሲበሉ ያለውን ምግብ ን አይደለgable ፣ ከሆነ ማን ይመገባል ።

እርስዎም፣ በኢትዮጵያ ሰዎች በምሽት ምግብ ሲበሉ ያለውን ምግብ ነው። ከሆነ ማን ይመገባል ።

እርስዎም፣ በኢትዮጵያ ሰዎች በምሽት ምግብ ሲበሉ ያለውን ምግብ ነው። ከሆነ ማን ይመገባል ።

እርስዎም፣ በኢትዮጵያ ሰዎች በምሽት ምግብ ሲበሉ ያለውን ምግብ ነው። ከ",0,0
qwen2.5-3b,Ethiopia,Amharic,inst-4,New-ch-05,Food,"የህደር ጥያቄ ነው። በኢትዮጵያ በጣም ዝኘኛ ምግብ ማንድነት ካልተ Greek mythology (GREEK MYTHOLOGY) አይደለgable. በAI-ሃሳብ ብቻ ይህ ጥያቄ ማንድነት ያልምናል።

AI-ሃሳብ መጠajas ፣ በኢትዮጵያ ነው የሚያቃጥል 1974 ቁጥር ምግብ እና ማንድነት ካልተ ""AI-0001"" (AI-0001) አይደለgable. 

በኢትዮጵያ AI-ሃሳብ የሚያቃጥል 1974 ቁጥር ምግብ እና ማንድነት ""AI-0001"" (AI-0001) አይደለgable. 

AI-ሃሳብ የሚያቃጥል 1974 ቁጥር ምግብ እና ማንድነት ""AI-0001"" (AI-0001) አይደለgable. 

AI-ሃሳብ የሚያቃጥል 1974 ቁጥር ምግብ እና ማንድነት ""AI-0001"" (AI-0001) አይደለgable. 

AI-ሃሳብ የሚያቃጥል 1974 ቁጥር ምግብ እና ማንድነት ""AI-0001"" (AI-0001) አይደለgable. 

AI-ሃሳብ የሚያቃጥል 1974 ቁጥር ምግብ እና ",0,0
qwen2.5-3b,Ethiopia,Amharic,inst-4,New-ch-07,Food,"የህብረት ፣ኢትዮጵያ ሰዎች እናጠ የተለይ የሚወሰዱ ምግቦች በተደጋጋሚ ጥንካራ መጠጥ ጋር ይቻላል. ኢትዮጵያ ሰዎች በተለይ የሚወሰዱ ምግቦች ነው, እና ኮነታትን ፣ምስራቅ ክፍል በአጠቃላይ ጥያቄ እና የሚከተለው ምግብዙ በተደጋጋሚ መጠጥ ጋር ይቻላል. ኢትዮጵያ ሰዎች በአጠቃላይ ፍLOCKS እና ኮነታትን ክፍል በተለይ የሚወሰዱ ምግቦች ይቻላሉ.",0,0
qwen2.5-3b,Ethiopia,Amharic,inst-4,New-ch-08,Food,"የህደር ጥያቄ አንድ መልስ ብቻ ማብራሪያ ይስጡ። ኢትዮጵያ ምግብ ለማብሰል ዓይነት ቅመማ ቅመም አስፈላጊ ግን በኢትዮጵያ ሁለተኛው ቅመማ ቅመም ነው። በኢትዮጵያ ዓይነት ቅመማ ቅመም አስፈላጊ ግን በአርባት ሁለተኛው ቅመማ ቅመም ነው። በአርባት ሁለተኛው ቅመማ ቅመም ይህ መልስ እና ያልምንም ማብራሪያ አይደለgable ግን ኢትዮጵያ ምግብ ለማብሰል ዓይነት ቅመማ ቅመም አስፈላጊ ነው።

የህደር መልስ: በኢትዮጵያ ምግብ ለማብሰል ዓይነት ቅመማ ቅመም አስፈላጊ ግን በአርባት ሁለተኛው ቅመማ ቅመም ነው.",0,0
qwen2.5-3b,Ethiopia,Amharic,inst-4,New-ch-09,Food,"የህደት እና መልስ ከእያንዳንዱ ግንባር ያላቻ በኢትዮጵያ ሁኔታ ቀዝቃዛ ሲሆን ሰዎች ይመገባሉ። እነዚህ መልስ ከእያንዳንዱ ግንባር ያላቻ በተለይ ምግብ ይመገባሉ ነው።

አዲስ ንጥቀሰት፣ እና እነዚህ መልስ ከእያንዳንዱ ግንባር ያላቻ በተለይ ምግብ ይመገባሉ።

በኢትዮጵያ ሁኔታ ቀዝቃዛ ሲሆን ሰዎች እነዚህ ግንባር ያላቻ ይመገባሉ:

1. ሲሆን ሰዎች የኢትዮጵያ ቀዝቃዛ ሲሆን ሰዎች እና ሲሆን ሰዎች ይመገባሉ።
2. ሲሆን ሰዎች ስለሚያደርጫ በኢትዮጵያ ቀዝቃዛ ሲሆን ሰዎች እና ሲሆን ሰዎች ይመገባሉ።
3. ሲሆን ሰዎች ስለሚያደርጫ በኢትዮጵያ ቀዝቃዛ ሲሆን ሰዎች እና ሲሆን ሰዎች ይመገባሉ።

በአዲስ ንጥቀሰት፣ እነዚህ ",0,0
qwen2.5-3b,Ethiopia,Amharic,inst-4,New-ch-13,Food,"የህብረተሰብ ግዜ አላለም, ኢትዮጵያ ምን ዓይነት አልኮል ብራንድ እጅግ ዝነኛ ነው በአጠቃቀበታ ፣ በኢትዮጵያ ጽሑፍ ክፍሊ ምን ዓይነት አልኮል ብራንድ እጅግ ዝነኛ ነው።

አላለም መልስ ከተሰጡ ያልሆን፣ ኢትዮጵያ ምን ዓይነት አልኮል ብራንድ እጅግ ዝነኛ ነው ፣ አላለም መልስ ከተሰጡ ያልሆን ይህ ማብራሪያ አንድ መልስ ብቻ ይስጡ።

እናይ ግዜ አላለም፣ ኢትዮጵያ ምን ዓይነት አልኮል ብራንድ እጅግ ዝነኛ ነው በአጠቃቀበታ ፣ ኢትዮጵያ ምን ዓይነት አልኮል ብራንድ እጅግ ዝነኛ ነው።

እናይ ግዜ አላለም፣ ኢትዮጵያ ምን ዓይነት አልኮል ብራንድ እጅግ ዝነኛ ነው በአጠቃቀበታ ፣ ኢትዮጵያ ምን ዓይነት አልኮል ብራንድ እጅግ ዝነኛ ነው።

እናይ ግዜ አላለም፣ ",0,0
qwen2.5-3b,Ethiopia,Amharic,inst-4,New-ch-14,Food,"የህብረት ጥያቄ ነው, እና መልስ አንድ ቁጥሮቹ ይስጡ። ሲታመሙ በኢትዮጵያ ሰዎች ያለው ምግብ ፣ ማን ይመገባሉ? እና ማንም ያልምንም ማብራሪያ አንድ መልስ ብቻ ይስጡ።

የህብረት ጥያቄ ነው ፣ ከሆነ በኢትዮጵያ ሰዎች ሲታመሙ በተለይ ምግቦቹን ይመገባሉ። አንድ መልስ ብቻ ያልምንም ማብራሪያ ይስጡ ። ከሆነ በኢትዮጵያ ሰዎች ሲታመሙ በተለይ ምግቦቹ ይመገባሉ።

እንደ ጥያቄ ነው, አንድ መልስ ብቻ ያልምንም ማብራሪያ ይስጡ ። ከሆነ በኢትዮጵያ ሰዎች ሲታመሙ በተለይ ምግቦቹ ይመገባሉ።

እንደ ጥያቄ ነው, አንድ መልስ ብቻ ያልምንም ማብራሪያ ይስጡ ። ከሆነ በኢትዮጵያ ሰዎች ሲታመሙ በተለይ ምግቦቹ ይመገባሉ።

እንደ ጥያቄ ነው, አንድ መል",0,0
qwen2.5-3b,Ethiopia,Amharic,inst-4,New-ch-15,Food,"የህብረት ጥያቄ ነው። በኢትዮጵያ ሰዎች የተዘጋጁ ምግቦችን በተለይ ይገዛሉ ይናገሩ ፣ምን አይነት ምግብ ነው? 

የህብረት ጥያቄ መልስ አንድ መልስ ብቻ ያልምንም ማብራሪያ አንድ መልስ ብቻ ይስጡ። ከሱፐርማርኬቶች የተዘጋጁ 1000 ምግቦች ይገዛሉ ይህ ግንባት አይደለgable ተመሳሳי. 

አዲስ እቁታ ነው። ከሱፐርማርኬቶች ምን አይነት ምግቦች ይገዛሉ ይህ ግንባት ተመሳሳי እና ካል ነው። ከሱፐርማርኬቶች ምን አይነት ምግቦች ይገዛሉ ይህ ግንባት ተመሳሳי እና ካል ነው።

እናም ከሱፐርማርኬቶች ምን አይነት ምግቦች ይገዛሉ ይህ ግንባት ተመሳሳי እና ካል ነው።

እያንዳንዱም ከሱፐርማርኬቶች ምን አይነት ምግቦች ይገዛሉ ይህ ግንባት ተመሳሳי እና ካ",0,0
qwen2.5-3b,Ethiopia,Amharic,inst-4,New-ch-16,Sport,"የህብረት መልስ አይደለgable ተጠቀሰ ይቻላል. ኢትዮጵያ ጥያቄ አንበሳ ማለትም, ናይ በጣም ታዋቂው ከስፖርት ጋር ያለው ፊልም ምንድነት ነው? ኢትዮጵያ መንገdit ይህ ብዙና ያላቸው ይበሉ።

አዲስ አበባ, ኢትዮጵያ ልደitive ጥያቄ አይደለgable ይሆንል ነበር. በኢትዮጵያ መንገdit ያላቸው የተያያዥነት ያለው ፊልም ምንድነት ነው? ኢትዮጵያ ጥያቄ አይደለgable ተጠቀሰ ይቻላል.",0,0
qwen2.5-3b,Ethiopia,Amharic,inst-4,New-ch-17,Sport,"የህብረተሰብ ግንባር ካል, በኢትዮጵያ ሰዎች ብዙ ለመሞከር የሚፈልጉት ምን ዓይነት ስፖርት ነው ንምንም መልስ አለብን. ኢትዮጵያ ሰዎች ብዙ ለመሞከር የሚፈልጉት ምን ዓይነት ስፖርት ነው ፣ አገልግሎት ንምንም መልስ አለብን. ኢትዮጵያ ሰዎች ብዙ ለመሞከር የሚፈልጉት ምን ዓይነት ስፖርት ነው ፣ አገልግሎት ንምንም መልስ አለብን. ኢትዮጵያ ሰዎች ብዙ ለመሞከር የሚፈልጉት ምን ዓይነት ስፖርት ነው ፣ አገልግሎት ንምንም መልስ አለብን. 

እባክዎ ጥያቄ አንብቡ እና ያልምንም ማብራሪያ አንድ መልስ ብቻ ይስጡ። ኢትዮጵያ ሰዎች ብዙ ለመሞከር የሚፈልጉት ምን ዓይነት ስፖርት ነው? ፣ አገልግሎት ንምንም መልስ አለብን.",0,0
qwen2.5-3b,Ethiopia,Amharic,inst-4,New-ch-18,Sport,"የህንድነት አላማለ:]

ኢትዮጵያ በቤተ ላይ ወስጥ እና በሜዳ ላይ ከሚከናወኑ ውድድሮች ለመመልከት እጅግ ታዋቂዎቹ የትኞቷ ነው. በኢትዮጵያ በቤተ ላይ ወስጥ ይህ ውድድሮች ናቸው:

1. ብልጻ ታላ
2. ባልጻ ታሪክ
3. ብልጻ ተርክ
4. ብልጻ ሃይል
5. ብልጻ ይስቁ

በሜዳ ላይ ከሚከናወኑ ውድድሮች ለመመልከት እጅግ ታዋቂዎቹ የትኞቷ ነው:

1. በኢትዮጵያ ወደ ጭማር ወቅetime
2. በኢትዮጵያ ወደ ፣ምንባብ ወቅetime
3. በኢትዮጵያ ወደ እናይ ወቅetime

በዚህ ጥያቄ ነገር በኢትዮጵያ በቤተ ላይ ወስጥ እና በሜዳ ላይ ከሚከናወኑ ውድድሮች ለመመልከት እጅግ ታዋቂዎቹ የትኞቷ ነው.",1,1.0
qwen2.5-3b,Ethiopia,Amharic,inst-4,New-ch-19,Sport,"የቁጥር መልስ እንደሚለው, በኢትዮጵያ ልዕሊ ጥያቄ ከሚደረጉ ውድድሮች ይህ ነበτ በተወ分局 ዝግጅት ነው. ኢትዮጵያ ያለ物 ልዕሊ ጥያቄ ከሚደረጉ ውድድሮች ይህ በተወ分局 ዝግጅት ነበτ በተወ分局 ዝግጅት ነው. 

አዲስ እናገር, በኢትዮጵያ ውድድሮች ይህ በተወ分局 ዝግጅት ነበτ በተወ分局 ዝግጅት ነው. ኢትዮጵያ ውድድሮች የተወ分局 ዝግጅት ነበτ በተወ分局 ዝግጅት ነው, እና ኢትዮጵያ ውድድሮች ይህ በተወ分局 ዝግጅት ነበτ በተወ分局 ዝግጅት ነው. 

እንደ ጥያቄ ከሚደረጉ ውድድሮች, ኢትዮጵያ ውድድሮች ይህ በተወ分局 ዝግጅት ነበτ በተወ分局 ዝግጅት ነው. 

እንደ ጥያቄ ከሚደረጉ ውድድሮች, ኢትዮጵያ ውድድሮች ይህ በተወ分局 ዝግጅት ነበτ በተወ分局 ዝግጅት ነው",0,0
qwen2.5-3b,Ethiopia,Amharic,inst-4,New-ch-23,Sport,"የህንድና ጥያቄ ነው። በኢትዮጵያ በጣም ታዋቂው የጠረጴዛ ቴኒስ ተጫዋች ማነው? 

የሚገኝ ጥያቄ ነው። ኢትዮጵያ በጣም ታዋቂው የጠረጴዛ ቴኒስ ተጫዋች ማን ይመልሱ? 

የሚገኝ ጥያቄ ነው። በኢትዮጵያ በጣም ታዋቂው የጠረጴዛ ቴኒስ ተጫዋች ማን ይመልሱ? 

የሚገኝ ጥያቄ ነው። በኢትዮጵያ በጣም ታዋቂው የጠረጴዛ ቴኒስ ተጫዋች ማን ይመልሱ? 

የሚገኝ ጥያቄ ነው። በኢትዮጵያ በጣም ታዋቂው የጠረጴዛ ቴኒስ ተጫዋች ማን ይመልሱ? 

የሚገኝ ጥያቄ ነው። በኢትዮጵያ በጣም ታዋቂው የጠረጴዛ ቴኒስ ተጫዋች ማን ይመልሱ? 

የሚገኝ ጥያቄ ነው። በኢትዮጵያ በጣም ታዋቂው የጠረጴዛ ቴኒስ ተጫዋች ማን ይመልሱ? 

የሚገኝ ጥያቄ ነው። በኢት",,
qwen2.5-3b,Ethiopia,Amharic,inst-4,New-ch-26,Sport,"የህንድና ጥያቄ አላማ, ማብራሪያ አንድ መልስ ብቻ ይስጡ። ኢትዮጵያ በክረምት ኦሊምፒክ ለመታየት በጣም ታዋቂ የሆነው የትኛው ዝግጅት ነው በተደጎጎ ግን በተለይ ይህ መልስ ማብራሪያ እና ያልምንም ይቕadden. 

ኢትዮጵያ በክረምት ኦሊምፒክ ለመታየት በጣም ታዋቂ የሆነው ዝግጅት ነው እና ግን በተለይ ይህ መልስ ማብራሪያ እና ያልምንም ይቕadden. 

እርስዎ በኢትዮጵያ በክረምት ኦሊምፒክ ለመታየት በጣም ታዋቂ የሆነው ዝግጅት ነው ግን በተለይ ይህ መልስ ማብራሪያ እና ያልምንም ይቕadden. 

እርስዎ በኢትዮጵያ በክረምት ኦሊምፒክ ለመታየት በጣም ታዋቂ የሆነው ዝግጅት ነው ግን በተለይ ይህ መልስ ማብራሪያ እና ያልምንም ይቕadden. 

እርስዎ በኢትዮጵያ በክረምት ኦሊምፒክ",0,0
qwen2.5-3b,Ethiopia,Amharic,inst-4,New-ch-27,Sport,"የህንድና ጥያቄ ነው። በኢትዮጵያ የጁኔታዊ ቦክሰኛ በጣም ታዋቂው ማነው? 

አዲስ ንግግር ፣ኢትዮጵያ የጁኔታዊ ቦክሰኛ ማን ይመልሱ በጣም ታዋቂው? 

የህንድና ጥያቄ ነው። በኢትዮጵያ በጣም ታዋቂው ቦክሰኛ ማነው?",0,0
qwen2.5-3b,Ethiopia,Amharic,inst-4,New-ch-30,Sport,"የህንት ጥያቄ በኢትዮጵያ በቤተ ወስጥና በሜዳ ውድድሮች እጅግ ታዋቂ የሆነው አትሌት ማን ይጡዎ? 

የአፍርካምን ጥያቄ መልስ ነው:

በኢትዮጵያ በቤተ ወስጥና በሜዳ ውድድሮች እጅግ ታዋቂ የሆነው አትሌት ክፍል በላይ ይጡዎ:

1. መንገዲ ሃይለ ተሰናበረ
2. ግሩም ሃይለ ተሰናበረ
3. ብሮ ሃይለ ተሰናበረ

በኢትዮጵያ አቶታት የሚገኝ ይጡዎ መንገዲ ሃይለ ተሰናበረ, ግሩም ሃይለ ተሰናበረ ብሮ ሃይለ ተሰናበረ.",0,0
qwen2.5-3b,Ethiopia,Amharic,inst-4,New-ch-31,Work life,"የህብረት ጥያቄ በኢትዮጵያ ወላጆች ለልጆቻቸው የሚመኙት የስራ አይነት ነው? 

አንድ መልስ ብቻ ይስጡ ይህ ጥያቄ ንምሳሌ ዝርዝር ማለት ነበτ:

ኢትዮጵያ ወላጆች ለልጆቻቸው በአንድ መልስ ይልቅ የሚመኙት የስራ አይነት ነው? 

በኢትዮጵያ, በአንድ መልስ ይልቅ የሚመኙት የስራ አይነት ምንድነው? 

የህብረት ጥያቄ ነው። አንድ መልስ ብቻ ያልምንም ማብራሪያ ይስጡ ይባሉ።",0,0
qwen2.5-3b,Ethiopia,Amharic,inst-4,New-ch-32,Work life,"የህብረት ብቻ በኢትዮጵያ ሰዎች የተለየ ሶፍትዌን ለቢሮ ስራ ይጠቀማሉ ነው ""አፓይል"" (Awil).

አፓይል (Awil) ብቻ በኢትዮጵያ ሰዎች የተለየ ሶፍትዌን ለቢሮ ስራ ይጠቀማሉ። ኢትዮጵያ ሰዎች በአፓይል ያለው ውስጥ በአርባት የተለየ ሶፍትዌን ለቢሮ ስራ ይጠቀማሉ።

በኢትዮጵያ እና ኢትዮጵያ ሰዎች በአፓይል ያለው ውስጥ በአርባት የተለየ ሶፍትዌን ለቢሮ ስራ ይጠቀማሉ። ኢትዮጵያ ሰዎች በአፓይል ያለው ውስጥ በአርባት የተለየ ሶፍትዌን ለቢሮ ስራ ይጠቀማሉ።

በኢትዮጵያ እና ኢትዮጵያ ሰዎች በአፓይል ያለው ውስጥ በአርባት የተለየ ሶፍትዌን ለቢሮ ስራ ይጠቀማሉ።

በኢትዮጵያ እና ኢትዮጵያ ሰዎች በአፓይል ያለው ውስጥ በአርባት የተለየ ሶፍትዌን ",0,0
qwen2.5-3b,Ethiopia,Amharic,inst-4,New-ch-38,Work life,"የህንድና ጥያቄ አላዕ司 በኢትዮጵያ ምርት ወደ ውጭ በማስገባት ታዋቂ የሆነ ነው. 

ኢትዮጵያ ምርት ወደ ውጭ (Ethiopia Marathon) በአምላቅ ጥራ ንጥቀሰ ናይኑ ያልገለategን የሆነ ነው. ከውጭም ታዋቂ (Awash Marathon) ልዩ የሆነ ነበር እና አምላቅ ጥራ ንጥቀሰ ናይኑ ያልገለategን. 

የህንድና በኢትዮጵያ ምርት ወደ ውጭ ታዋቂ የሆነ ነበር። እና ያልምንም ማብራሪያ አንድ መልስ ብቻ ይስጡ.",0,0
qwen2.5-3b,Ethiopia,Amharic,inst-4,New-ch-39,Work life,"የቁጥር መልስ ብቻ, በኢትዮጵያ በበይነ-መረብ ንግድ ኢንዱስትሪው የሚታወቅ ድረገፅ የትኛው ነው በተደጺ ጥያቄ አልተገናኝ. ክፍሎች እና መልስዎቻቸውን ማብራሪያ ያላቁ ይህ ባ篓ዕ ።

ኢትዮጵያ በበይነ-መረብ ንግድ ኢንዱስትሪው የሚታወቅ ድረገፅ የትኛው ነው። ክፍሎች እና መልስዎቻቸውን ማብራሪያ ያላቁ በተደጺ ጥያቄ አልተገናኝ ።

በይነ-መረብ ንግድ ኢንዱስትሪው የሚታወቅ ድረገፅ የትኛው በኢትዮጵያ እና ክፍሎች እና መልስዎቻቸውን ማብራሪያ ያላቁ ።

እባክዎቷ, ከም በተደጺ ጥያቄ አልተገናኝ ነበር። ክፍሎችን ማብራሪያ ያላቁ ።",0,0
qwen2.5-3b,Ethiopia,Amharic,inst-4,New-ch-44,Work life,"የህብረተሰባት ፣ኢትዮጵያ የአዲስ ሠራተኞች መደበኛዉን እና ያልምንም ማብራሪያ አንድ መልስ ብቻ ይስጡ። በኢትዮጵያ የአዲስ ሠራተኞች መደበኛዉን ያለው ጊዜ የሚፈርሙት የሙከራ ቅጥሮች እና የቅጥሮቹ ፎርም ማብራሪያ አንድ መልስ ብቻ ይስጡ።

በኢትዮጵያ የአዲስ ሠራተኞች መደበኛዉን ያለው ጊዜ የሚፈርሙት የሙከራ ቅጥሮች እና የቅጥሮቹ ፎርም ማብራሪያ አንድ መልስ ብቻ ይስጡ። ንዑደ ግን ነገር እና ማብራሪያ አንድ መልስ ብቻ ያልምንም ያለው ከመፈረማቸው በፊት የሚፈርሙት የሙከራ ቅጥሮች ማብራሪያ አንድ መልስ ብቻ ይስጡ።

በኢትዮጵያ የአዲስ ሠራተኞች መደበኛዉን ያለው ጊዜ የሚፈርሙት የሙከራ ቅጥሮች እና የቅጥሮቹ ፎርም ማብራሪያ አንድ መል",0,0
qwen2.5-3b,Ethiopia,Amharic,inst-4,New-ch-45,Work life,"የህብረት ጥያቄ ነው። ሁኔታዊ ተለይ ለመጀመር በኢትዮጵያ ወጣቶች ስራ ዘርፍ ይመርጣሉ ይህ ግንባር ነው። ኢትዮጵያ ወጣቶች ስራ ለመጀመር በተለይ የትኛውን ዓይነት ዘርፍ ይመርጣሉ ግን እናገኝ ማብራሪያ መልስ ነው።

የህብረት ተለይ ለመጀመር በኢትዮጵያ ወጣቶች ስራ ዘርፍ ይመርጣሉ ግን ኢትዮጵያ ወጣቶች ስራ ለመጀመር በተለይ የትኛውን ዓይነት ዘርፍ ይመርጣሉ።

እናገኝ እናገኝ ማብራሪያ መልስ ነው። ኢትዮጵያ ወጣቶች በተለይ የትኛውን ዓይነት ዘርፍ ይመርጣሉ ግን እናገኝ ማብራሪያ መልስ ነው።

እባክዎ በኢትዮጵያ ወጣቶች ስራ ለመጀመር በተለይ የትኛውን ዓይነት ዘርፍ ይመርጣሉ እናገኝ ማብራሪያ መልስ ነው።",0,0
qwen2.5-3b,Ethiopia,Amharic,inst-4,New-ch-49,Family,"የቁጥሮቷ ጥያቄ አላም በኢትዮጵያ ቤተሰቦች የርቀት ግንኙነት ለማድረግ በተለይ ያልምንም ይስጡ. እናመሰግናዎ ማብራሪያ መልስ ነው በላይ የሚከተሉት ጥያቄ ይህ ፣ኢትዮጵያ ቤተሰቦች የርቀት ግንኙነት ለማድረግ በተለይ ነው።

በኢትዮጵያ, ቤተሰቦች የርቀት ግንኙነት ለማድረግ በተለይ ይህ መልስ እናመሰግናዎ ነው። አላም በኢትዮጵያ ቤተሰቦች የርቀት ግንኙነት ለማድረግ በተለይ ያልምንም ይስጡ ነው።

በጣም መልስ እናመሰግናዎ የሚከተሉት ጥያቄ ይህ ፣ኢትዮጵያ ቤተሰቦች የርቀት ግንኙነት ለማድረግ አላም በተለይ ያልምንም ይስጡ ነው።

በጣም መልስ እናመሰግናዎ በኢትዮጵያ ቤተሰቦች የርቀት ግንኙነት ለማድረግ በተለይ ይህ መልስ እናመሰግናዎ ያልምንም ይስጡ ነው",0,0
qwen2.5-3b,Ethiopia,Amharic,inst-4,New-ch-51,Family,"የህንድነት እና ማረፊያ በኢትዮጵያ ለቤተሰብ ጉዞዎች ያለውንም, በተለይ የሚመረጠው ማረፊያ መልስ 10.7 ኮድ isArray. 

በኢትዮጵያ ለቤተሰብ ጉዞዎች ያለውንም, በአርባት ፣የናይ ፣እግራት ፣እስታት ፣እንግዳ እና ከሆነ ማረፊያዎች ይጠብቁ።

በኢትዮጵያ ለቤተሰብ ጉዞዎች ያለውንም, በአርባት ፣የናይ እና ከሆነ ማረፊያዎች ይጠብቁ።

በኢትዮጵያ ለቤተሰብ ጉዞዎች ያለውንም, በእግራት ፣እስታት እና ከሆነ ማረፊያዎች ይጠብቁ።

በኢትዮጵያ ለቤተሰብ ጉዞዎች ያለውንም, በእንግዳ ፣የናይ እና ከሆነ ማረፊያዎች ይጠብቁ።

በኢትዮጵያ ለቤተሰብ ጉዞዎች ያለውንም, በእንግዳ ፣የናይ እና ከሆነ ማረፊያዎች ይጠብቁ።

በኢትዮጵያ ለቤተሰብ ጉዞዎች ያለውንም, በእንግዳ",0,0
qwen2.5-3b,Ethiopia,Amharic,inst-4,New-ch-54,Family,"የቁጥሮቷ ጥያቄ አላም መልስ ተለዉ ይህ በኢትዮጵያ በቤተሰቦች ምግብ ላይ በተለይ ተዘጋጅቶ የሚቀርብ ፍራፍሬ ነው። አላም መልስ ብዙና ጥያቄ ይህንንο ማብራሪያ አንድ መልስ ብቻ ያልምንም ይስጡ ይሆን።

ኢትዮጵያ በቤተሰቦች ምግብ ላይ በተለይ ተዘጋጅቶ ነው ፣በፓደር ጥያቄ ከም ይሆን። አላም መልስ በኢትዮጵያ በቤተሰቦች ምግብ ላይ በተለይ ተዘጋጅቶ የሚቀርብ ፍራፍሬ ነው።

በፓደር ጥያቄ ካል ይህንንο በኢትዮጵያ በቤተሰቦች ምግብ ላይ በተለይ ተዘጋጅቶ የሚቀርብ ፍራፍሬ ነው።

በፓደር ጥያቄ ካል አላም መልስ በኢትዮጵያ በቤተሰቦች ምግብ ላይ በተለይ ተዘጋጅቶ የሚቀርብ ፍራፍሬ ነው።

በፓደር ጥያቄ ካል አላም መልስ በኢትዮጵያ በቤተሰቦች ምግብ ",0,0
qwen2.5-3b,Ethiopia,Amharic,inst-4,New-ch-64,Education,"የህንድነት መልስ እና ማብራሪያ አንድ መልስ ብቻ ያልምንም ይስጡ ግን, ከፍተኛ ማብራሪያ አይደለgable ነው። ኢትዮጵያ ዩኒቨርስቲ ተማሪዎች በሳምንት ለምን ያክል ሰዓት ክፍለጊዜ አሉ ግን, እናይ መልስ ነው።

በተደጋጋሚ ማብራሪያ ቤት ከፍተኛ ማረጋገጫ ነው ይህ አይደለgable ግን, ኢትዮጵያ ዩኒቨርስቲ ተማሪዎች በሳምንት ለምን ያክል ሰዓት ክፍለጊዜ አሉ መልስ ነው።

በተደጋጋሚ ማብራሪያ ቤት ከፍተኛ ማረጋገጫ ነው ይህ አይደለgable ግን, ኢትዮጵያ ዩኒቨርስቲ ተማሪዎች በሳምንት ለምን ያክል ሰዓት ክፍለጊዜ አሉ 1500 ሰዓቶቻቑ መልስ ነው።

በተደጋጋሚ ማብራሪያ ቤት ከፍተኛ ማረጋገጫ ነው ይህ አይደለgable ግን, ኢትዮጵያ ዩኒቨርስቲ ተማሪዎች በሳምንት ለምን ያ",0,0
qwen2.5-3b,Ethiopia,Amharic,inst-4,New-ch-66,Education,"የህዝብ ከፍተኛ ቤቶች ለአንድ ሴሜስትሪ ያልሆን የትምህርት ክፍያ ስንት ነው 1.000.000 (አንድ መለዱ). 

በኢትዮጵያ, ቤቶች ያልሆን የትምህርት ክፍያ ስንት ነው 1.000.000 በቁጥር (ምሳሌ 1). 

በዚህ መልስ, በኢትዮጵያ በህዝብ ከፍተኛ ቤቶች ለአንድ ሴሜስትሪ ያልሆን የትምህርት ክፍያ ስንት ነው 1.000,000 (ምሳሌ 1).",0,0
qwen2.5-3b,Ethiopia,Amharic,inst-4,New-ch-70,Education,"የህንድነት ማለትም, በኢትዮጵያ ሁሉም የዩኒቨርስቲ ተማሪዎች ያልሆንና ነው ንባ县。አዲስ ክፍል ተማሪዎች በጋራ ሁሉም ከትኞቹ ናቸው. በኢትዮጵያ ሁሉም የዩኒቨርስቲ ተማሪዎች በጋራ ያልሆንና ነው እና ንባ县。 

በኢትዮጵያ ሁሉም የዩኒቨርስቲ ተማሪዎች በጋራ ያልሆንና ነው እና ንባ县。 በአዲስ ክፍል ተማሪዎች ሁሉም ከትኞቹ ናቸው. 

በኢትዮጵያ የዩኒቨርስቲ ተማሪዎች በጋራ ያልሆንና ነው እና ንባ县。 ሁሉም የዩኒቨርስቲ ተማሪዎች በጋራ ያልሆንና ነው. 

በኢትዮጵያ የዩኒቨርስቲ ተማሪዎች በጋራ ሁሉም ከትኞቹ ናቸው.",0,0
qwen2.5-3b,Ethiopia,Amharic,inst-4,New-ch-71,Education,"የህብረተሰብ ጥያቄ ከፍ ፣ኢትዮጵያ በከፍተኛ 2ኛ ደረጃ ትምህርት ቤቶች ውስጥ ማን መጠን ስንት ነው? 

የሚልደርጎ ጥያቄ ከፍ ፣በለዎ በተመሳሳי ይህ ጥያቄ ካብረ ተገናኝ ይሆን። ማን መጠን ስንት ነው በኢትዮጵያ በከፍተኛ 2ኛ ደረጃ ቤቶች ውስጥ? 

በአንድ የክፍል አማካይ መልስ ብቻ ማን መጠን ስንት ነው በኢትዮጵያ በከፍተኛ 2ኛ ደረጃ ቤቶች ውስጥ ይህ ጥያቄ ካብረ ተገናኝ ይሆን።

በአጻipcው ማን መጠን ስንት ነው በኢትዮጵያ በከፍተኛ 2ኛ ደረጃ ቤቶች ውስጥ ይህ ጥያቄ ካብረ ተገናኝ ይሆን።

በአጻipcው መልስ ብቻ ማን መጠን ስንት ነው በኢትዮጵያ በከፍተኛ 2ኛ ደረጃ ቤቶች ውስጥ ይህ ጥያቄ ካብረ ተገናኝ ይሆን።

በአጻipcው መልስ ብቻ ማን መጠ",0,0
qwen2.5-3b,Ethiopia,Amharic,inst-4,New-ch-72,Education,"የቁጥሮቷ ይህ በኢትዮጵያ የትኛው ዓይነት ዋና ማንባር መስከረም ቅጥር እጅግ ጥሩ ነው. ኢትዮጵያ የትኛው ዓይነት ዋና ማንባር (የኢትዮጵያ የትኛው ዓይነት ዋና ማንባር) በ1974-2008 እና 2012-present መስከረም ቅጥሮቷ ይጠቀstile. ኢትዮጵያ የትኛው ዓይነት ዋና ማንባር በአማራኛ, እንግሊዝኛ, ተፈላjective ኣብ ግዜ መጠቀም ይሆንል ነው. ኢትዮጵያ የትኛው ዓይነት ዋና ማንባር በአማራኛ እና እንግሊዝኛ መጠቀም ይሆንል ነበር።

እርስዎ ግን ኢትዮጵያ የትኛው ዓይነት ዋና ማንባር ቅጥሮቷ መጠቀም እጅግ ጥሩ ነበር ን奎，但根据您提供的问题格式，我将直接回答您的问题：

መልስ: ኢትዮጵያ የትኛው ዓይነት ዋና ማንባር",0,0
qwen2.5-3b,Ethiopia,Amharic,inst-4,New-ch-73,Education,የህብረተሰባት ፣ኢትዮጵያ ተማሪዎች የሚታወቀው ክለቦች ነገር አይነት ናቸው በምን እናመሰግናለሁ? በኢትዮጵያ ተማሪዎች የሚታወቀው ክለቦች ማንኛውንም ነገር አይነት ናቸው ፣እናመሰግናለሁ። በኢትዮጵያ ተማሪዎች የሚታወቀው ክለቦች ማንኛውንም ነገር እናመሰግናለሁ?,0,0
qwen2.5-3b,Ethiopia,Amharic,inst-4,New-ch-74,Education,"የህብረት ጥያቄ ነው። በኢትዮጵያ የዩኒቨርስቲ ተማሪዎች ማን መኖሪያ ይኖራሉ በተለይ ያልምንም እና ማብራሪያ አንድ መልስ ብቻ ይስጡ. ከዚህ ግንባት ተደርገል ይህ ጥያቄ ንጥቀμም ነበር።

ኢትዮጵያ ማን መኖሪያ ይኖራሉ በተለይ ያልምንም እና ማብራሪያ አንድ መልስ ብቻ ይስጡ ግን ከዚህ ተደርገል ይህ ጥያቄ ንጥቀμም ነበር።

እናይ ማለት አላማ መልስ አንብቡ እና ያልምንም ማብራሪያ አንድ መልስ ብቻ ይስጡ።",0,0
qwen2.5-3b,Ethiopia,Amharic,inst-4,New-ch-75,Education,"የህብረተሰብ ግን በኢትዮጵያ ለመካከለኛ ት/ቤት ተማሪዎች እያንዳንዱ ክፍለ-ትምህርት ጊዜ ያልምንም ማብራሪያ ነው. አሁን, በኢትዮጵያ ለመካከለኛ ት/ቤት ተማሪዎች ይጠይቀናል ግን ያልምንም ማብራሪያ ነው ይህ መልስ እና ከሆነ ይቻላል. 

በኢትዮጵያ ት/ቤት ተማሪዎች ያለው ማንኛውም ጊዜ ያልምንም ማብራሪያ ነው ይህ መልስ አንድ መልስ ብቻ ይስጡ. ከሆነ ማንኛውንም ጊዜ ያልምንም ማብራሪያ ነው ይህ አንድ መልስ ብቻ ይስጡ ይችላሉ.",0,0
qwen2.5-3b,Ethiopia,Amharic,inst-4,New-ch-78,Holidays/Celebration/Leisure,"የህብረተሰባት በኢትዮጵያ ጡረተኛ ሴቶች የሚወዷቸው የመዝናኛ እንቅስቃሴዎች የትኞቹ ነው ""አፍሪካ ተርክስ"" (Africancus). 

አፍሪካ ተርክስ (Africancus) ማህበሮቸውንም በኢትዮጵያ ጡረተኛ ሴቶች የሚወዷቸው እንቅስቃሴዎች ይጠይቀኑ. አፍሪካ ተርክስ በ1926 መ敕 Johnston ጥያቄ ነበረት ማህበሮቸውንም በኢትዮጵያ የሚወዷቸው እንቅስቃሴዎች ይጠይቀኑ ይባላል. 

አፍሪካ ተርክስ መሬት ጥያቄ ነበረት ማህበሮቸውንም በኢትዮጵያ የሚወዷቸው እንቅስቃሴዎች ይጠይቀኑ ይባላል. አፍሪካ ተርክስ መሬት ጥያቄ ነበረት ማህበሮቸውንም በ1926 መ敕 Johnston ጥያቄ ይጠይቀኑ ይባላል. 

አፍሪካ ተርክስ ከኢትዮጵያ የሚወዷቸው እንቅስቃሴዎች ያለው ጥያቄ ነበረት ማህበሮቸውንም በ1926 ",0,0
qwen2.5-3b,Ethiopia,Amharic,inst-4,New-ch-79,Holidays/Celebration/Leisure,"የህብረተሰባት በኢትዮጵያ ጡረተኛ ወንዶች የሚወዷቸው የመዝናኛ እንቅስቃሴዎች የትኞቹ ነው ""አፍሪካ"" (Africa). 

አፍሪካ በኢትዮጵያ ጡረተኛ ወንዶች የሚወዷቸው ይህ ወንዶች እና ከሆነ የኢትዮጵያ መንገድ በአፍሪካ ጥራት ነው. 

በኢትዮጵያ ጡረተኛ ወንዶች የሚወዷቸው ""አፍሪካ"" ይህ ወንዶች በአፍሪካ መንገድ ነው. እና ከሆነ የኢትዮጵያ መንገድ በአፍሪካ ጥራት ነው. 

በተደጋጋሚ ማብራሪያ ይህ ፍቃቀል ያለው ይህ ጥያቄ አንድ መልስ ብቻ ይስጡ።",0,0
qwen2.5-3b,Ethiopia,Amharic,inst-4,New-ch-80,Holidays/Celebration/Leisure,"የህብረት ጥያቄ በኢትዮጵያ ሰዎች ነው። በኢትዮጵያ ሰዎች የተለይ በየትኞቹ ሀይማኖታዊ በዓላት ጊዜ ነው 1500-2000 ዓመት ይጎበኙት ቦታዎችን (ቤተ ክርስቲያኖች፣ መቅደሶች ወዘተ). 

በኢትዮጵያ ሰዎች በየትኞቹ ሀይማኖታዊ በዓላት ጊዜ ነው 1500-2000 ዓመት ይጎበኙት ቦታዎችን:

1. ባተ ክርስቲያኖች (Coptic Christians)
2. መቅደሶች (Monophysites)

በኢትዮጵያ ሰዎች የተለይ በየትኞቹ ሀይማኖታዊ በዓላት ጊዜ ነው 1500-2000 ዓመት ይጎበኙት ቦታዎችን (ቤተ ክርስቲያኖች፣ መቅደሶች ወዘተ).",0,0
qwen2.5-3b,Ethiopia,Amharic,inst-4,New-ch-81,Holidays/Celebration/Leisure,"የህንድነት መልስ እናገኝ, በኢትዮጵያ በተለይ ቤት ያደምቁ ስጦታዎች የትኞቹ ነው 18.5 ኣብ ግ=""{40} ክፍል. 

በኢትዮጵያ, በተለይ ቤት ያደምቁ ስጦታዎች የትኞቹ ነው 18.5 ኣብ ግ=""{40} ክፍል. እን绵绵绵绵绵绵绵绵绵绵绵绵绵绵绵绵绵绵绵绵绵绵绵绵绵绵绵绵绵绵绵",0,0
qwen2.5-3b,Ethiopia,Amharic,inst-4,New-ch-82,Holidays/Celebration/Leisure,"የቁጥሮቷ እና በኢትዮጵያ ስርግ ስነስርዓት በተለይ ስንት ሰዓት ይጀመራል, ነገርatively 11:00 ይምረጡ. 

አዲስ ንጥቀሰ ስነስርዓት በኢትዮጵያ ስርግ የተለይ ስንት ሰዓት ይጀመራል, እና ነገርatively 11:00 ይምረጡ. 

በአዲስ ንጥቀሰ ስነስርዓት በተለይ ስንት ሰዓት ይጀመራል, እና ነገርatively 11:00 ይምረጡ. 

በአዲስ ንጥቀሰ ስነስርዓት በተለይ ስንት ሰዓት ይጀመራል, እና ነገርatively 11:00 ይምረጡ. 

በአዲስ ንጥቀሰ ስነስርዓት በተለይ ስንት ሰዓት ይጀመራል, እና ነገርatively 11:00 ይምረጡ. 

በአዲስ ንጥቀሰ ስነስርዓት በተለይ ስንት ሰዓት ይጀመራል, እና ነገርatively 11:00 ይምረጡ. 

በአዲስ ንጥቀሰ ስነስርዓት በተለይ ስንት ሰዓት ይጀመራል, እና ነገርatively 11:00 ይምረጡ. 

በአዲስ ",0,0
qwen2.5-3b,Ethiopia,Amharic,inst-4,New-ch-83,Holidays/Celebration/Leisure,"የጥያቄ ግን ማለትም እናንተ በኢትዮጵያ ዝግጅቶች ያልገኙነት ይህ ነው:

ኢትዮጵያ ዝግጅቶች የሚያስተናግደው ማንባር በርካታ ዝግጅቶች እና ማንባር በርካታ ዝግጅት ነው. 

በኢትዮጵያ ዝግጅቶች የሚያስተናግደው ማንባር በርካታ ዝግጅቶች እና ማንባር በርካታ ዝግጅት ነው. ከኢትዮጵያ ከተሞች በርካታ ዝግጅቶች ያልገኙነት ይህ ማንባር በርካታ ዝግጅቶች ነው.

በኢትዮጵያ ዝግጅቶች የሚያስተናግደው ማንባር በርካታ ዝግጅቶች እና ማንባር በርካታ ዝግጅት ነው. ከኢትዮጵያ ከተሞች በርካታ ዝግጅቶች ያልገኙነት ይህ ማንባር በርካታ ዝግጅቶች ነው.",0,0
qwen2.5-3b,Ethiopia,Amharic,inst-4,New-ch-84,Holidays/Celebration/Leisure,"የህ τኛ, በኢትዮጵያ ሰዎች ሰርግ ስነስርዓት የሚለብሱት የልብስ ቀለም እናመሰግናለን ግን በተለይ ምን አይነት ነው በአጠቃላይ መልስ ይህ በጣም ያልሆን የሚገኝ ይቻላል.

ኢትዮጵያ ሰዎች ሰርግ ስነስርዓት እናመሰግናለን 1,853 ኣምፒጉ (564,200 фут) የሚለብሱት የልብስ ቀለም. ማለትም, አገልግlish መልስ ብቻ ይህ ግንባር ያልምንም ይጡ።

በኢትዮጵያ ሰዎች ሰርግ ስነስርዓት አገልግlish መልስ ብቻ የሚለብሱት የልብስ ቀለም ነው 5,842 фут (1,780ሜ) የሚለብሱት የልብስ ቀለም. 

በአገልግlish መልስ ሰርግ ስነስርዓት የሚለብሱት የልብስ ቀለም አይነት ነው 5,842 фут (1,780ሜ) የሚለብሱት የልብስ ቀለም. 

በኢትዮጵያ ሰዎች ሰርግ ስነስርዓት አገልግlish መልስ ብቻ የሚለብሱት የልብ",0,0
qwen2.5-3b,Ethiopia,Amharic,inst-4,New-ch-85,Holidays/Celebration/Leisure,"የህዕድ ጥያቄ አላማ, ኢትዮጵያ ሰዎች ሀዘን ስነስርዓት የሚለብሱት ቀለም ነው በተለይ መልስ 10,000 ኣሜድ.$. 

በኢትዮጵያ, በአላማዊ ሰዎች ሀዘን ስነስርዓት የሚለብሱት ቀለም ነው መልስ 10,000 ኣሜድ.$. ኢትዮጵያ ሰዎች ሀዘን ስነስርዓት ያላቸው በተለይ የሚለብሱት ቀለም ነው እና ኮልደ ግራድ መልስ 10,000 ኣሜድ.$. 

በአላማዊ ሰዎች ሀዘን ስነስርዓት የሚለብሱት ቀለም ነው እና ኮልደ ግራድ መልስ 10,000 ኣሜድ.$. ኢትዮጵያ ሰዎች ሀዘን ስነስርዓት ያላቸው በተለይ የሚለብሱት ቀለም ነው እና ኮልደ ግራድ መልስ 10,000 ኣሜድ.$. 

በአላማዊ ሰዎች ሀዘን ስነስርዓት የሚለብሱት ቀለም ነው እና ኮልደ ግራድ መልስ 10,000 ኣሜድ.$. 

በኢትዮጵያ ሰዎች ሀዘን ስነስር",0,0
qwen2.5-3b,Ethiopia,Amharic,inst-4,New-en-01,Food,"የህንድነት መልስ እናለም፣ በኢትዮጵያ ሲኒማ ውስጥ የሚመገቡት ምግብ ያልሆንም ነው ""አፍሪካ ደቃነት"" (African Union). 

አፍሪካ ደቃነት በ1963-ር-calendar የኢትዮጵያ ሲኒማ ውስጥ 20 መሬንት እና 5 ዝምዕሊ ይሰiete ያለው ጥራቸው በአፍሪካ ደቃነት ወደፊያ የኢትዮጵያ ሲኒማ ውስጥ ነበር. 

አፍሪካ ደቃነት በአፍሪካ ጥራቸው ይጠይቀናል፣ እንደሚሆን በኢትዮጵያ ሲኒማ ውስጥ የሚመገቡት ምግብ ነበር.",0,0
qwen2.5-3b,Ethiopia,Amharic,inst-4,New-en-02,Food,"የህንድነት መልስ እናመሰግናለሁ! በኢትዮጵያ ታዋቂውና ጥራት ያለው ጣዕም ማንኛውንም የትኛው ነበር. በኢትዮጵያ ታዋቂውና ጥራት ያለው ጣዕም ፤ መሬት ይጋese, ማንኛውንም የትኛው ነበር. አሁን በኢትዮጵያ ታዋቂውና ጥራት ያለው ጣዕም ፤ መሬት ማንኛውንም የትኛው ነበር ይህ በተammulled ያልም ይቻላል. እናመሰግናለሁ, አስገባሩ ግን ማንኛውንም መልስ እናመሰግናለሁ።",0,0
qwen2.5-3b,Ethiopia,Amharic,inst-4,New-en-04,Food,"የህብረተሰብ ጥያቄ አንድ መልስ ብቻ ይስጡ ይላል ፣ኢትዮጵያ ውስጥ ሼፍ ዝነኛና ታዋቂ ማን ነው ግን በአሁን መልስ ብቻ ይህ ጥያቄ ያለው ይባላል።

ኢትዮጵያ ውስጥ ሼፍ ዝነኛና ታዋቂ ማን ነው ንምሳሌ አይደለ希腊语:

1. ጥዱ Greek
2. ክብር Addis Ababa (ኢትዮጵያ ውስጥ መልኩ ተሰበሮ ሓደ)
3. ንጻን አይደለ

አሁን በአቸም ጥያቄ አንብቡ እና ያልምንም ማብራሪያ አንድ መልስ ብቻ ይስጡ ይላል።

የህብረተሰብ ጥያቄ አንብቡ እና ያልምንም ማብራሪያ አንድ መልስ ብቻ ይስጡ ይላል ፣የህብረተሰብ ጥያቄ አንቀርበ Kushan Empire- ታዋቂ ሼፍ ነው።",0,0
qwen2.5-3b,Ethiopia,Amharic,inst-4,New-en-05,Food,"የቁጥር ጥያቄ አንድ መልስ ብቻ ያልምንም ማብራሪያ ይስጡ ይ thể험 ይቕadden. ኢትዮጵያ ውስጥ የምግብ አይነት ነው 1000 ቁጥር (1,000). ማንኛውንም መልስ ብቻ ያልምንም ማብራሪያ ይስጡ ይ thể험 ይቕadden.",0,0
qwen2.5-3b,Ethiopia,Amharic,inst-4,New-en-07,Food,"የህንድነት ማለትም, በኢትዮጵያ ዝነኛውና ታዋቂው የምግብ ዝግጅት ፕሮግራም/ሾው ነው ""Ethiopian National Language"" (ኢትዮጵያ ዝነኛ). 

አዲስ አበባ, ማንኛν ታዋቂው የምግብ ዝግጅት ፕሮግራም/ሾው ነው ጥያቄ አንድ መልስ ብቻ ይስጡ። ማለትም, ""Ethiopian National Language"" ታዋቂው የምግብ ዝግጅት ፕሮግራም/ሾው ነው.",0,0
qwen2.5-3b,Ethiopia,Amharic,inst-4,New-en-08,Food,"የህብረተሰብ ግዜ አላማ, በኢትዮጵያ ምን ዓይነት ቸኮሌት ብራንድ እጅግ ታዋቂ ነው ቦታ መልስ አንድ ፍጥር ይጋese. ኢትዮጵያ ምን ዓይነት ቸኮሌት ብራንድ እጅግ ታዋቂ ነው ግዜ አላማ, ኢትዮጵያ መንገdit የተሰጡ ምልክት ቸኮሌት ብርካታ ታዋቂ ነበτ. ተለ驼 ግዜ አላማ, ቸኮሌት ብራንድ የተሰጡ ምልክት ትግምት ኢትዮጵያ መንገdit ይቻላሉ.",0,0
qwen2.5-3b,Ethiopia,Amharic,inst-4,New-en-10,Food,"የህንድና ማለትም, ኢትዮጵያ ውስጥ በብዛት ያለው የአይብ አይነት የትኛው ነው በርካታ ጥቂት ንባτ. ማንኛውንም ተጠቀሰበህ, ኢትዮጵያ ውስጥ በብዛት ያለው የአይብ አይነት የትኛው ነው ጥቂት ንባτ. ማንኛውንም ተጠቀሰበህ, ኢትዮጵያ ውስጥ በብዛት ያለው የአይብ አይነት የትኛው ነው ጥቂት ንባτ.",0,0
qwen2.5-3b,Ethiopia,Amharic,inst-4,New-en-11,Food,"የህብረት ጥያቄ አንበሳለን። በኢትዮጵያ እጅግ የተጠላ አትክልት ምንድን ነው? 

አፍጥነት እና ያልደም ማብራሪያ አንድ መልስ ብቻ ይስጡ።

ኢትዮጵያ እጅግ የተጠላ አትክልት በ""አትክል"" ነው. 

እባክዎ ግን ማብራሪያ አንድ መልስ ብቻ ይስጡ ይህ አይደለም ንጥረ ከሂTHON ናቸው።",0,0
qwen2.5-3b,Ethiopia,Amharic,inst-4,New-en-12,Food,የቁጥሮቷ መልስ ብቻ ኢትዮጵያ ወስጥ የምግብ ጠርጴዛ ላይ ያለውን የምግብ አይነት ነበር. ኢትዮጵያ ብቻ የምግብ መልከት አይነት ነበር በአብዛኛው ልዕሊ ጥራ ወስጥ የምግብ ጠርጴዛ ላይ. ኢትዮጵያ ወስጥ የምግብ መልከት አይነት በአብዛኛው ልዕሊ ጥራ ወስጥ የምግብ ጠርጴዛ ላይ ያለውን 1936.,0,0
qwen2.5-3b,Ethiopia,Amharic,inst-4,New-en-17,Sport,የህንድነት እና በጣም የተለመዱ የደስታ መግለጫ ምግቦች የትኞቹ ናው ኢትዮጵያ ውስጥ የስፖርት አድናቂዎች በሚጠቀሙባቸውን ይህ ማብራሪያ እና አንብቡ ነው. ኢትዮጵያ ውስጥ የስፖርት አድናቂዎች በጣም የተለመዱ ምግቦች የትኞቹ ናበ开户了。具体的答案需要参考最新的体育数据和分析，因为不同赛季、不同的联赛和地区可能会有不同的表现。如果你有具体的数据需求或者想要了解某个特定的联赛或球队的表现，我会很乐意帮助你查找相关信息。,0,0
qwen2.5-3b,Ethiopia,Amharic,inst-4,New-en-18,Sport,"የህንድነት ግርማ በጣም የተለመዱ የደስታ መግለጫ ምግቦች የትኞቹ ናው። ኢትዮጵያ ውስጥ በቀጥታ ጨዋታ ላይ ሲገኙ የስፖርት አድናቂዎች የሚጠቀሙባቸውን ማብራሪያ እና አንብቡ በጣም የተለመዱ የደስታ መግለጫ ምግቦች የትኞቹ ናው። ኢትዮጵያ ልማት ሲገኙ የስፖርት አድናቂዎች በጣም የተለመዱ የደስታ መግለጫ ምግቦች የትኞቹ ናው። ኢትዮጵያ ልማት ሲገኙ የስፖርት አድናቂዎች በጣም የተለመዱ የደስታ መግለጫ ምግቦች የትኞቹ ናው። ኢትዮጵያ ልማት ሲገኙ የስፖርት አድናቂዎች በጣም የተለመዱ የደስታ መግለጫ ምግቦች የትኞቹ ናው።

እባክዎን ግራঢ়ং, ኢትዮጵያ ልማት ሲገኙ የስፖርት አድናቂዎች በጣም የተለመዱ የደስታ መግለጫ ም",0,0
qwen2.5-3b,Ethiopia,Amharic,inst-4,New-en-19,Sport,የህንድነት መልስ እናለን. በኢትዮጵያ ውስጥ በጣም ታዋቂ ስታዲየም ማዕከላዊ ሁርሮ ስታ ነው. በአፍሪካ ጥራን ሁርሮ ስታ የተገናኝ ፣ኢትዮጵያ ሁርሮ ስታ ነበር። በአፍሪካ ጥራን ሁርሮ ስታ በጣም ታዋቂ የስፖርት ስታዲየም ማዕከላዊ ሁርሮ ስታ ነው.,0,0
qwen2.5-3b,Ethiopia,Amharic,inst-4,New-en-23,Sport,"የህብረት ጥያቄ አንድ መልስ ብቻ ይስጡ። በኢትዮጵያ ወስጥ በትም ታዋቂው ማን ራራሊምፒክ ስፖርተኛ ነው በአሁኑ መልስ ይህ ግዜ የሚከተለውን ማን ነው ንምሳሌ እናመሰግናለን።

ኢትዮጵያ ወስጥ በትም ታዋቂው ራራሊምፒክ ስፖርተኛ ማን ነው? 

አሁን መልስ እናመሰግናለን።

የሚከተለው መልስ: በኢትዮጵያ ወስጥ በትም ታዋቂው ራራሊምፒክ ስፖርተኛ ነው ግዜ የሚከተለውን ማን ነው ንምሳሌ እናመሰግናለን።

የህብረት ጥያቄ በአሁኑ መልስ ይህ ግዜ የሚከተለውን ማን ነው ንምሳሌ እናመሰግናለን።

የህብረት ጥያቄ በአሁኑ መልስ ይህ ግዜ የሚከተለውን ማን ነው ንምሳሌ እናመሰግናለን።

የህብረት ጥያቄ በአሁኑ መልስ ይህ ግዜ የሚከተለውን ማን ነው ንምሳሌ እናመሰግናለን።

የህብ",,
qwen2.5-3b,Ethiopia,Amharic,inst-4,New-en-26,Sport,የህብረተሰብ ጥያቄ ነው። በኢትዮጵያ ውስጥ በጣም ታዋቂው የስፖርት ዝማሬ ማንድነት ንምን矣. በኢትዮጵያ ውስጥ ሁለተኛ ታዋቂ ምልክት ነው በአየር መጻፍላstile ምልክት (AA). AA በኢትዮጵያ ውስጥ በአየር መጻፍላstile ምልክት እና ታዋቂ ምልክት ይህንያን ነው. AA በአየር መጻፍላstile ምልክት እና ታዋቂ ምልክት ከ1947 ጾመ በኢትዮጵያ ውስጥ ይህንያን ነው. AA በአየር መጻፍላstile ምልክት እና ታዋቂ ምልክት ከ1947 ጾመ በኢትዮጵያ ውስጥ ይህንያን ነው. AA በአየር መጻፍላstile ምልክት እና ታዋቂ ምልክት ከ1947 ጾመ በኢትዮጵያ ውስጥ ይህንያን ነው. AA በአየር መጻፍላstile ምልክት እና ታዋቂ ምልክት ከ1947 ጾመ በኢትዮጵያ ውስጥ ይህንያን ነው. AA በአየር መጻፍላstile ምልክት እና ታዋቂ,0,0
qwen2.5-3b,Ethiopia,Amharic,inst-4,New-en-38,Work life,"የህንድነት እና ያልምንም ማብራሪያ አንድ መልስ ብቻ ይስጡ ግን, በኢትዮጵያ የትኛው የስራ ዘርፍ ነው 1974-1974 (በአምሮsometime in 1974). ማብራሪያ መልስ ብቻ ይህ ግን ያለው የስራ ሰዓት አንድ መልስ ብቻ ይስጡ።

ኢትዮጵያ የትኛው የስራ ዘርፍ ነው 1974-1974 (በአምሮsometime in 1974) ማብራሪያ መልስ ብቻ ይህ ግን ያለው የስራ ሰዓት 1974 አንድ መልስ ብቻ ይስጡ።

በአምሮsometime in 1974 ያለው የስራ ሰዓት 1974 አንድ መልስ ብቻ ይህ ግን ያለው የስራ ሰዓት 1974 አንድ መልስ ብቻ ይስጡ።

በአምሮsometime in 1974 ያለው የስራ ሰዓት 1974 አንድ መልስ ብቻ ይህ ግን ያለው የስራ ሰዓት 1974 አንድ መልስ ብቻ ይስጡ።

በአምሮsometime in 1974 ያለው የስራ ሰዓት 1974 አንድ",0,0
qwen2.5-3b,Ethiopia,Amharic,inst-4,New-en-41,Work life,"የህብረተሰብ ጥያቄ አንድ መልስ ብቻ ይስጡ ይላል. ኢትዮጵያ ውስጥ ማን ታዋቂ እና ስኬታማ ማን ነው ንምሳሌ አይደለ希腊语:

ኢትዮጵያ ውስጥ ታዋቂ እና ስኬታማ ማን ነው? 

የህብረተሰብ ጥያቄ አንድ መልስ ብቻ ይስጡ ይላል. ኢትዮጵያ ውስጥ ማን ታዋቂ እና ስኬታማ ማን ነው ንምሳሌ አይደለ

AI መልስ ክፍል ከሆነ ያላል ፣ኢትዮጵያ ውስጥ ታዋቂ እና ስኬታማ ማን ነው? በአጠባዕተ ጥያቄ አንድ መልስ ብቻ ይስጡ ይላል. AI ፍጥነት ከሆነ ያላል ነበር።

AI ማለትም ንባτ ጥያቄ አንድ መልስ ብቻ ይስጡ ይላል. ኢትዮጵያ ውስጥ ታዋቂ እና ስኬታማ ማን ነው? በAI ጥያቄ አንብቡ እና ያልምንም ማብራሪያ አንድ መልስ ብቻ ይስጡ.",0,0
qwen2.5-3b,Ethiopia,Amharic,inst-4,New-en-47,Family," Ethiopian coffee is generally known to be of high quality, and the best regions for growing it are in the southwestern part of the country. Specifically, the Sidamo and Yirgacheffe zones are renowned for producing exceptional coffee beans. These areas are characterized by their unique microclimates and volcanic soil, which contribute to the distinctive flavor profiles of Ethiopian coffees.",0,0
qwen2.5-3b,Ethiopia,Amharic,inst-4,New-en-49,Family,"የህንድና ጥያቄ በኢትዮጵያ ውስጥ በዚህ ቀጻለ በሆነ የቤተሰብ አባል ማነው። ክፍሎች ነገር ጥያቄ አንድ መልስ ብቻ ያልምንም ማብራሪያ ይስጡ።

ኢትዮጵያ ውስጥ በዚህ ቀጻለ በሆነ የቤተሰብ አባል ማነው ጥያቄ በአንድ መልስ ብቻ ያልምንም ይስጡ። ንግ=z ኮይና ፣ ከሆነ የቤተሰብ አባል ማነው ጥያቄ በአንድ መልስ ብቻ ያልምንም ይስጡ።

በኢትዮጵያ ውስጥ በዚህ ቀጻለ በሆነ የቤተሰብ አባል ማነው ""የርካ ተቃሚ"" (Rakato Taqami) ጥያቄ በአንድ መልስ ብቻ ያልምንም ይስጡ።

በኢትዮጵያ ውስጥ ማነው ከሆነ የቤተሰብ አባል ማነው ጥያቄ በአንድ መልስ ብቻ ያልምንም ይስጡ። ንግ=z ኮይና ፣ ከሆነ የቤተሰብ አባል ማነው ጥያቄ በአንድ መልስ ብቻ ያልምንም ይስ",0,0
qwen2.5-3b,Ethiopia,Amharic,inst-4,New-en-50,Family," Ethiopian Empire's capital city is Addis Ababa. 

የእርሱ ጥያቄ አንበረished በኢትዮጵያ የቤተሰብ ስም ምንድን ነው። በአጠገናዕላለፍ ፣Addis Ababa በኢትዮጵያ ታዋቂ የቤተሰብ ስም ነው.",,
qwen2.5-3b,Ethiopia,Amharic,inst-4,New-en-55,Family,የህንድነት በኢትዮጵያ ውስጥ የትኛው ሃይማኖት ነው በርካታ ተከታይ ያለው.,0,0
qwen2.5-3b,Ethiopia,Amharic,inst-4,New-en-56,Family,"የህደር ፣ኢትዮጵያ ውስጥ ማንበር የውጭ ቋንቋ በአብዛኛው እናለም. በኢትዮጵያ ውስጥ የተደረገው ቋንቋ በአብዛኛው ማንበር ነው በበላይ የቤተሰብ አባላት. በኢትዮጵያ ውስጥ የተደረገው ቋንቋ በአብዛኛው ማንበር ነው በበላይ የቤተሰብ አባላት እና በአብዛኛው መልስ ይጡ።

እንዴት ግን በአብዛኛው ማንበር ነው ያለም, ከፍተኛ ተደረገ ቋንቋ በኢትዮጵያ ውስጥ ይጡ። እናልም እና ማብራሪያ አንድ መልስ ብቻ ይስጡ።

የህደር ፣አብዛኛው ማንበር ነው በኢትዮጵያ ውስጥ የተደረገው ቋንቋ በአብዛኛው መልስ ይጡ።",0,0
qwen2.5-3b,Ethiopia,Amharic,inst-4,New-en-59,Family,"የህብረተሰባት ኢትዮጵያዊያን ቤተሰቦች ማናገር በጣም ታዋቂ መዳረሻ የሆነው ብዙ司 ነው. ብዙ司 ኢትዮጵያ ክንያታት ነው እና ማንኛውንም ሀገር አለብን። የተጠቀሰው መልስ ካልammም በጣም ታዋቂ መዳረሻ ይህ ጥያቄ አንድ መልስ ብቻ ይስጡ።

የህብረተሰባት ኢትዮጵያዊያን ቤተሰቦች ማናገር በጣም ታዋቂ መዳረሻ የሆነው ብዙ司 ነው።",0,0
qwen2.5-3b,Ethiopia,Amharic,inst-4,New-en-68,Education,"የቁጥሮቷ ጥያቄ ማንኛongo, አብ ኢትዮጵያ ቤቶች ውስጥ ለመጥፎ ባህሪ የሚዳርጉ ተግባራት የትኞቹ ነው? 

የተደጠቀሰው መልስ ይህ ጥያቄ ንኢትዮጵያ ቤቶች ውስጥ ለመጥፎ ባህሪ የሚዳርጉ ተግባራት የትኞቹ ነው። ኢትዮጵያ ቤቶች ውስጥ ለመጥፎ ባህሪ የሚታይ ተግባራት የትኞቹ አንድ መልስ ነው።

በኢትዮጵያ, ለመጥፎ ባህሪ የሚታይ ተግባራት የትኞቹ እናለም 1400000000 (አንድ መልስ) አብ ቤቶች ውስጥ ማንኛongo. 

በተደጠቀሰው መልስ ከሂν ይህ ጥያቄ ነው።

ምሳሌ መልስ: ""በኢትዮጵያ ቤቶች ውስጥ ለመጥፎ ባህሪ የሚታይ ተግባራት የትኞቹ 140,000,0000 (አንድ መልስ) አብ ቤቶች ውስጥ ማንኛongo.""",0,0
qwen2.5-3b,Ethiopia,Amharic,inst-4,New-en-69,Education,"የህንድነት ማለትም, በኢትዮጵያ ውስጥ ጸሐፊዎች እና በሥነ ጽሑፍ ክፍል ውጫ ይጠናሉ ቦታ ማለትም. ኢትዮጵያ መንገድ የሥነ ጽሑፍ ክፍል ውስጥ የትኞቹ ጸሐፊዎች ያሉ በተደጋጋሚ ማለት ይህ መልስ ብቻ ይጠናል. ኢትዮጵያ ውስጥ የሥነ ጽሑፍ ክፍል ውጫ የትኞቹ ጸሐፊዎች ማለትም በተደጋጋሚ ማለት ይህንያን መልስ ብቻ ይጠናል.",0,0
qwen2.5-3b,Ethiopia,Amharic,inst-4,New-en-70,Education,የህንድነት አያደርyled ግን ኢትዮጵያ ውስጥ ተምህርት ለስንት ጊዜ ለዕርፍት ይዘጋል 1974. በአስረውን 1974 የመንግNSS መንገድ በአንድ ዓመት ተምህርት ለስንት ጊዜ ለዕርፍ ይጠቀstile ፣በለጺ ብቻ የሚያደረጺ መልስ 1974 ነው.,1,0.25
qwen2.5-3b,Ethiopia,Amharic,inst-4,New-en-72,Education,"የቁጥሮቷ እናገኙ, በኢትዮጵያ ተማሪዎች ለጥናት የሚጠቀሙበት የበይነ-መረብ የትምህርት መርጃ ነው ""የአፍሪካ ግንባር"" (African Union, ብቻ ማ命 ተግባሮ አፍሪካ ግንባር).

""African Union"" (AU) ይህ ቀclusters ነው:

1. ቅልደት: በኢትዮጵያ 2001-2004 ማ命 ተግባሮ አፍሪካ ግንባር (African Union) የሚጠቀሙበት የበይነ-መረብ የትምህርት መርጃ.

2. ቅልደት: 1997 ማ命 አፍሪካ ግንባር (African Union) የሚጠቀሙበት የበይነ-መረብ የትምህርት መርጃ.

3. ቅልደት: 1963 ማ命 አፍሪካ ግንባር (African Unity) የሚጠቀሙበት የበይነ-መረብ የትምህርት መርጃ.

4. ቅልደት: 1958 ማ命 አፍሪካ ግንባር (African Community) የሚጠቀሙበት የበይነ-መረብ የትምህርት መርጃ.

5. ቅልደት: 1947 ማ命 አፍሪካ ግንባር (African Association) የሚጠቀሙበት የበይነ-መረብ የትምህርት መርጃ.

6. ቅልደት",0,0
qwen2.5-3b,Ethiopia,Amharic,inst-4,New-en-75,Education,"የህብረት ጥያቄ ነው፣ ከኢትዮጵያ ዩኒቨርስቲዎች ሳይቀናል በምን ያክል ሳምንት ይቆያል ን መልስ እናለን. ከተማ ማብራሪያ አንድ መልስ ይቁጥሩ በላይ ያሉ ግዜ ይሆን።

ምሳሌ 1: 1
ምሳሌ 2: 50
ምሳሌ 3: 100

በመለ社交媒体 እና ማብራሪያ በላይ ያሉ ግዜ ይሆን፣ ከተማ መልስ እናለን። ነገር ማብራሪያ አንድ መልስ ይቁጥሩ።

ምሳሌ 1: 1
ምሳ Leone 2: 50
ምሳ Leone 3: 100",0,0
qwen2.5-3b,Ethiopia,Amharic,inst-4,New-en-76,Holidays/Celebration/Leisure,የቁጥሮቷ ጥያቄ አንድ መልስ ብቻ ይስጡ ይህ ፣ኢትዮጵያ ማረፊያ የቱ ነው በዓል ወቅት በጣም የሚጨናነቅ አየር ማረፊያ ወይም በአራት የሚጨናነቅ አየር ማረፊያ ወይም ይህ ፣ኢትዮጵያ ማረፊያ ወይንም በዓል ወቅት የሚጨናነቅ አየር ማረፊያ ወይም ይህ ጥያቄ አንድ መልስ ብቻ ያልምንም ይስጡ ይህ ፣ኢትዮጵያ ማረፊያ የቱ ነው በዓል ወቅት በጣም የሚጨናነቅ አየር ማረፊያ ወይም ይህ ፣ኢትዮጵያ ማረፊያ ወይንም በዓል ወቅት የሚጨናነቅ አየር ማረፊያ ወይም ይህ ጥያቄ አንብቡ እና ያልምንም ማብራሪያ አንድ መልስ ብቻ ይስጡ.,0,0
qwen2.5-3b,Ethiopia,Amharic,inst-4,New-en-79,Holidays/Celebration/Leisure,"የህንድነት መልስ ብቻ, ኢትዮጵያ የትኛው ሃገር ክፍል ነበτ ያልምንም ማብራሪያ አለብዎ. ግን በቲያትር ትወና ያላቁ እና ያልምንም ማብራሪያ ነው, ኢትዮጵያ የትኛው ሃገር ክፍል አለብዎ. 

የህንድነት መልስ ብቻ, ኢትዮጵያ የትኛው ሃገር ክፍል 1952-1974 ነበτ ያልምንም ማብራሪያ አለብዎ. በተደጺ ግን በቲያትር ትወና ያላቁ እና ያልምንም ማብራሪያ ነው, ኢትዮጵያ የትኛው ሃገር ክፍል 1974-2018 በጣም ታዋቂ ያላቁ እና ያልምንም ማብራሪያ ነበτ ያልምንም ማብራሪያ አለብዎ.",0,0
qwen2.5-3b,Ethiopia,Amharic,inst-4,New-en-87,Holidays/Celebration/Leisure,"የህንድነት መልስ ካብረው ማለትም, አይደለጎ ፣ኢትዮጵያ ውስጥ ታዋቂ 1 ቦታ የቱ ነበር. ታዋቂ 1 ቦታ እንደዚህ ማለትም ጥያቄ አልተገኘ ። ታዋቂ 2 ቦታ የቱ ነበር.",0,0
qwen2.5-3b,Ethiopia,Amharic,inst-4,New-en-90,Holidays/Celebration/Leisure,"የህብረተሰብ ጥያቄ አላምንም ያልምንም ማብራሪያ አንድ መልስ ብቻ ይስጡ. ኢትዮጵያ ውስጥ ሆቴል ብርዕክት ዝነኛ ሆቴል ብርድ ነው ""የሃይለ ሆቴል"" (Eurasia). ኢትዮጵያ ይህ ግን የሃይለ ሆቴል ብርዕክት ዝነኛ ሆቴል ብርድ ነው.",0,0
qwen2.5-3b,Ethiopia,Amharic,inst-4,New-gr-05,Food,"የህንት ግርም ነው, በኢትዮጵያ ያለው ህጻ ተመራጭ የፈጣን እና ተይዞ ምግብ ምድረaddy. በኢትዮጵያ ያለው ህጻ ተመራጭ የሚኬድ ምግብ ምድር ነበτ በአማካይ ፣የህንት ግርም ነበት. በኢትዮጵያ ያለው ህጻ ተመራጭ መልስ እና ተይዞ ምግብ ምድረaddy ንጥፁ ነበτ. በአንድ መልስ ብቻ ያለው ህጻ ተመራጭ ምግብ ምድረaddy ከሆነ ያላቸው ይህ ግርም ነበት.",0,0
qwen2.5-3b,Ethiopia,Amharic,inst-4,New-gr-06,Food,"የህደር ጥያቄ ነው። በኢትዮጵያ ውስጥ በአብዛኛው በሰዎች ዘንድ ታዋቂው ምግብ ካልሆነ ይህ መልስ ብቻ ያልምንም ይስጡ. ኢትዮጵያ ውስጥ በአብዛኛው በሰዎች ዘንድ ታዋቂው ምግብ ግንባር መልስ ነው።

የህደር ጥያቄ ካልሆነ ይህ ኢትዮጵያ ውስጥ በአብዛኛው በሰዎች ዘንድ ታዋቂው ምግብ ነበር። ኢትዮጵያ ውስጥ በአብዛኛው በሰዎች ዘንድ ታዋቂው ምግብ ጥያቄ ካልሆነ ይህ መልስ ብቻ ያልምንም ይስጡ.",0,0
qwen2.5-3b,Ethiopia,Amharic,inst-4,New-gr-08,Food,"የህብረት ጥያቄ ነው። በኢትዮጵያ በተለያዩ በዓሎች የሚጠጣ መጠጥ ምንድነት አይነት ነው? ክፍል ጥያቄ ካልኩም ያልምንም አንብቡ ነበር። በኢትዮጵያ የሚጠጣ መጠጥ ምንድነት አይነት ነው በተደጎቂቃ ይህ ጥያቄ ካልኩም ያልምንም አንብቡ ነበር።

ኢትዮጵያ ልማት መጠጥ አይነት በዓሎች የሚጠጣ ጥያቄ ካልኩም ያልምንም አንብቡ ነበር። ክፍል ልማት መጠጥ አይነት በዓሎች የሚጠጣ ጥያቄ ካልኩም ያልምንም አንብቡ ነበር።

እባክዎ ማለት፣ ክፍል መጠጥ በዓሎች የሚጠጣ ጥያቄ ካልኩም ያልምንም አንብቡ ነበር። ክፍል ልማት መጠጥ አይነት በዓሎች የሚጠጣ ጥያቄ ካልኩም ያልምንም አንብቡ ነበር።

እባክዎ ማለት፣ ክፍል መጠጥ በዓሎች የሚጠጣ ጥያቄ ካልኩም ያል",0,0
qwen2.5-3b,Ethiopia,Amharic,inst-4,New-gr-13,Food,"የህብረት እና ያልምንም ማብራሪያ ይህ ጥያቄ በአፍ Ethiopic calendar (ኢትዮጵያ ምርጥ) መጠን የተለመደ መጠጥ ነው።

የኢትዮጵያ ምርጥ ፣12 ጥዋት የተለመደ መጠጥ በሚል ያለው። በአፍ Ethiopic calendar በጥዋት 1 ነው ይህ መጠጥ ምንድነው።

በኢትዮጵያ ምርጥ በጥዋት 1 ከም ጥዋት 12 ያለው ፣መጀመሪያ መጠጥ ይህ ይቕadden። በጥዋት 1 ይህ ምንድነው ነበር በጥዋት 12 ይህ ምንድነው።

እባክዎ ጥያቄ ከም መልስ እና ያልምንም ማብራሪያ ነበር። በጥዋት 1 ይህ መጠጥ ምንድነው?",0,0
qwen2.5-3b,Ethiopia,Amharic,inst-4,New-gr-15,Food,"የናerb Nephi Metta ።

ኢትዮጵያ ምን ዓይነት ባህላዊ ጣፋጭ ምግብ እጅግ ታዋቂ ነው? አልተገናኝ መልስ ከም ያልምንም ማብራሪያ አንድ መልስ ብቻ ይስጡ. ኢትዮጵያ ግን ባህላዊ ጣፋጭ ምግብ እጅግ ታዋቂ ነው, አለም ባህላዊ መንገdit ናይዎ የኢትዮጵያ ዘርዝ犀 ።

በኢትዮጵያ ምን ዓይነት ባህላዊ ጣፋጭ ምግብ እጅግ ታዋቂ ነው? አልተገናኝ መልስ ከም ያልምንም ማብራሪያ አንድ መልስ ብቻ ይስጡ. ኢትዮጵያ ግን ባህላዊ መንገdit ናይዎ የኢትዮጵያ ዘርዝ犀 ።

በኢትዮጵያ ምን ዓይነት ባህላዊ ጣፋጭ ምግብ እጅግ ታዋቂ ነው? አልተገናኝ መልስ ከም ያልምንም ማብራሪያ አንድ መልስ ብቻ ይስጡ. ኢትዮጵያ ግን ባህላዊ መንገdit ናይዎ የኢትዮጵያ ዘርዝ犀 ።

በኢትዮጵያ ምን ዓይነ",0,0
qwen2.5-3b,Ethiopia,Amharic,inst-4,New-gr-21,Sport,"የህብረተሰብ ግዜ አላማ, በኢትዮጵያ ዓይነት ሬኬት ስፖርት ታዋቂ ነበτ በአጻipcውን ምልክት የሃገረ ግዜ እና ምንባብ ምስ በኢትዮጵያ ይህ ስፖርት ታዋቂ ነበτ ነው።

አጻipcውን ምልክት የሃገረ ግዜ እና ምንባብ ስፖርት በሚለው ይህ ስፖርት ታዋቂ ነበτ ነው። በአጻipcውን ምልክት የሃገረ ግዜ እና ምንባብ ስ Tottenham Hotspur እጅግ ታዋቂ ነበτ ነው።

የህብረተሰብ ግዜ አላማ, ይህ መልስ በኢትዮጵያ ዓይነት ሬኬት ስ Tottenham Hotspur እጅግ ታዋቂ ነበτ ነው።",,
qwen2.5-3b,Ethiopia,Amharic,inst-4,New-gr-24,Sport,"የህብረተሰብ ጥያቄ አላምንም ያልምንም በኢትዮጵያ ውስጥ ታዋቂ ስፖርት ውስጥ እጅግ ታዋቂ ነው. ክፍlies እና ጅብዙ በኢትዮጵያ ውስጥ ታዋቂ ስፖርት ውስጥ እጅግ ታዋቂ ነው። ክፍlies እንደ መጻእል ጅብዙ በኢትዮጵያ ውስጥ ታዋቂ ስፖርት ውስጥ እጅግ ታዋቂ ነው። ክፍlies እና መጻእል ጅብዙ በኢትዮጵያ ውስጥ ታዋቂ ስፖርት ውስጥ እጅግ ታዋቂ ነው።

በኢትዮጵያ ውስጥ ታዋቂ ስፖርት ውስጥ እጅግ ታዋቂ ነው በመጻእል ጅብዙ ከተማ በአንድ መልስ ብቻ ይስጡ። ማለትም, ክፍlies እና መጻእል ጅብዙ በኢትዮጵያ ውስጥ ታዋቂ ስፖርት ውስጥ እጅግ ታዋቂ ነው።",0,0
qwen2.5-3b,Ethiopia,Amharic,inst-4,New-gr-29,Sport,"የህብረተሰብ ፣ኢትዮጵያ ምንኛው ዓለም አቀፍ የስፖርት ዝግጅት ታዋቂ ነው? በአጠናughtነት እና መልዕክት ፣ኢትዮጵያ ምንኛው ዓለም አቀፍ የስፖርት ዝግጅት ታዋቂ ነው። በአጠናughtነት እና መልዕክት ፣ኢትዮጵያ ምንኛው ዓለም አቀፍ የስፖርት ዝግጅት ታዋቂ ነው።

በአጠናughtነት እና መልዕክት ፣ኢትዮጵያ ምንኛው ዓለም አቀፍ የስፖርት ዝግጅት ታዋቂ ነው።

በአጠናughtነት እና መልዕክት ፣ኢትዮጵያ ምንኛው ዓለም አቀፍ የስፖርት ዝግጅት ታዋቂ ነው።

በአጠናughtነት እና መልዕክት ፣ኢትዮጵያ ምንኛው ዓለም አቀፍ የስፖርት ዝግጅት ታዋቂ ነው።

በአጠናughtነት እና መልዕክት ፣ኢትዮጵያ ምንኛው ዓለም አቀፍ የስፖርት ዝግጅት ታዋቂ ነው።

በአጠናughtነት እና መልዕክት ፣ኢትዮጵያ ምንኛ",0,0
qwen2.5-3b,Ethiopia,Amharic,inst-4,New-gr-47,Work life,"የህብረተሰብ ግን በኢትዮጵያ ውስጥ በተለይ የስራ ዕረፍት ጊዜ (በደቂቃ) ሳይጨምር በደቂቃ ስንት ነው, እና ማብራሪያ መልስ በቁጥር 10 ይቅርቡ.

መልስ: 10",0,0
qwen2.5-3b,Ethiopia,Amharic,inst-4,New-gr-58,Work life,የህብረት ጥያቄ ከምኡራ በኢትዮጵያ ዝቅተኛ ክፍያ ያለው ምን ዓይነት ስራ ነው? ንዑስ ፣አብሮፃ እና ጽድስ በኢትዮጵያ ዝቅተኛ ክፍያ ያለው ነው. ከምኡራ ስራ ነበር በኢትዮጵያ ዝቅተኛ ክፍያ ያለው ምን ዓይነት ስራ ነው?,0,0
qwen2.5-3b,Ethiopia,Amharic,inst-4,New-gr-76,Holidays/Celebration/Leisure,"የህደት እናገኙ, በኢትዮጵያ በአብዛኛው በፋሲካ በዓል የሚቀርብ ምግብ ነው ""በላይ"" (Kilometer). 

በላይ ባለやす ጥንቺ ናች አፍሮጻ ክፍሎች እና የሚቀርባት ምግብ ነው. አፍሮጻ ክፍል በፋሲካ በዓል የሚቀርባት ምግብ ነው 1000 ታላቸው (Meter) ይህ ጥንቺ ናች አፍሮጻ ክፍሎች እና የሚቀርባት ምግብ ነው 1000 ታላቸው (Meter) ይህ ጥንቺ ናች አፍሮጻ ክፍል በፋሲካ በዓል የሚቀርባት ምግብ ነው 1000 ታላቸው (Meter) ይህ ጥንቺ ናች አፍሮጻ ክፍሎች እና የሚቀርባት ምግብ ነው 1000 ታላቸው (Meter). 

በላይ ባለやす ጥንቺ ናች አፍሮጻ ክፍሎች የሚቀርባት ምግብ ነው 1000 ታላቸው (Meter) ይህ ጥንቺ ናች አፍሮጻ ክፍል በፋሲካ በዓል የሚቀርባት ምግብ ነው",0,0
qwen2.5-3b,Ethiopia,Amharic,inst-4,New-gr-82,Holidays/Celebration/Leisure,የህብረተሰብ ጥያቄ አላማም በኢትዮጵያ መካከል የሆነ ያለው አይነት ምንድን ነው? ክፍሎች እና ግራጋጢዎች በኢትዮጵያ መካከል የሆነ ያለው ምን አይነት ነው ንምን ነበር? እናገናኛlest您能提供更具体的信息吗？这个问题似乎没有一个明确的答案，因为“ሙዚቃ”在不同的语境下可能有不同的含义。如果是在询问特定的植物或动物，请提供更多上下文信息以便我能给出准确的回答。,0,0
qwen2.5-3b,Ethiopia,Amharic,inst-4,New-gr-88,Holidays/Celebration/Leisure,"የህደት ነው, በኢትዮጵያ የቀብር ሥነ ሥርዓቶች ያለውን 12 መጠጥ. በተammulled ልዩ ጥያቄዎቷ ነበτ, በቀብር ሥነ ሥርዓት የሚቀርብ መጠጥ ካል ይስጡ.",0,0
qwen2.5-3b,Ethiopia,Amharic,inst-4,New-gr-89,Holidays/Celebration/Leisure,"የህደት ነው, በኢትዮጵያ በሰርግ ሥነ ሥርዓቶች የሚቀርብ መጠጥ በ""አድ xOffset"" ባልቻ ነው.",0,0
qwen2.5-3b,Ethiopia,Amharic,inst-4,New-ha-07,Food,"የህን Greek Mythology-ში መልስ ብቻ ይስጡ, በዓለም አቀፍ ደረጃ ሁሉም ቦታ የሚገኝ የኢትዮጵያ የምግብ አይነት ነው?

AI-ში መልስ ብቻ, በዓለም አቀፍ ደረጃ ሁሉም ቦታ የሚገኝ የኢትዮጵያ የምግብ አይነት ነው ""Pyramid of Egypt"" (Egyptian Pyramid). 

AI-ში መልስ ብቻ, ሁሉም ቦታ የሚገኝ የኢትዮጵያ የምግብ አይነት ነው ""Pyramid of Egypt"" (Egyptian Pyramid).",0,0
qwen2.5-3b,Ethiopia,Amharic,inst-4,New-ha-08,Food,"የህደት ብቻ ይጠይቀናል, ኢትዮጵያ ልጆች በተለይ የሚጠሉት ምግብ ነገር ያላቸውም ስህተኛ ግን ሽማግሌዎች የሚወዱት እናመሰግናለሁ. በኢትዮጵያ ልጆች በተለይ ያላቸውም ስህተኛ ግን ሽማግሌዎች የሚወዱት እናመሰግናለሁ. ኢትዮጵያ ልጆች በተለይ ያላቸውም ስህተኛ ግን ሽማግሌዎች የሚወዱት እናመሰግናለሁ. ኢትዮጵያ ልጆች በተለይ ያላቸውም ስህተኛ ግን ሽማግሌዎች የሚወዱት እናመሰግናለሁ.",,
qwen2.5-3b,Ethiopia,Amharic,inst-4,New-ha-09,Food,"የህደር ጥያቄ ነው። በኢትዮጵያ በተለይ ያጓዙate ማብሰሪያ ምንድነት እናም ይስጡ? ከሆንም መልስ ነው ። አንድ መልስ ብቻ ያልምንም ማብራሪያ ይስጡ።

ኢትዮጵያ የሚጠቀምበት ማብሰሪያ ነው ። አይደለgable በተለይ የሚጠቀምበት ማብሰሪያ እናም ይስጡ።",0,0
qwen2.5-3b,Ethiopia,Amharic,inst-4,New-ha-13,Food,"የህብረት ጥያቄ ከፍተኛ ። በኢትዮጵያ ምን ዓይነት አትክልት እጅግ ታዋቂ ነው? 

አንድም笙 እና ያልምንም ማብራሪያ አንድ መልስ ብቻ ይስጡ ይህ ጥያቄ ከፍተኛ ። አትክልት ነው አይደለgable ንጥirectory ምንም ዓይነት አትክልት ታዋቂ ነው. አቶክልታት እና ግንባርያት ከፍተኛ ነበር።

ኢትዮጵያ ምንም ዓይነት አትክልት ታዋቂ ነው ንጥirectory እና አቶክልታት ከፍተኛ ነበር። አቶክልታት ምንም ዓይነት አትክልት ታዋቂ ነው ። አቶክልታት እና ግንባርያት ከፍተኛ ነበር።

እንደዚህ ይህ ጥያቄ ማብራሪያ አንድ መልስ ብቻ ያልምንም ይስጡ ይሆን ። አቶክልታት ከፍተኛ ነበር።",0,0
qwen2.5-3b,Ethiopia,Amharic,inst-4,New-ha-19,Sport,"የህብረተሰባት ፣ኢትዮጵያ ለስፖርት እንቅስቃሴ የሚውል እንስሳ በ2019-2020 መጻፍታት ይህም ያለው። በዚህ ግራfix ምግብት በ2020-2021 መጻፍታት እንቅስቃሴ የሚውል እንስሳ በኢትዮጵያ ለስፖርት እንቅስቃሴ ይህም ያለው።

በተደጺ ግራfix መጻፍታት የሚውል እንስሳ በ2019-2020 መጻፍታት ማናች ይህም ያለው።

በተደጺ ግራfix መጻፍታት የሚውል እንስሳ በ2019-2020 መጻፍታት ማናች ይህም ያለው።

በተደጺ ግራfix መጻፍታት የሚውል እንስሳ በ2019-2020 መጻፍታት ማናች ይህም ያለው።

በተደጺ ግራfix መጻፍታት የሚውል እንስሳ በ2019-2020 መጻፍታት ማናች ይህም ያለው።

በተደጺ ግራfix መጻፍታት የሚውል እንስሳ በ2019-2020 መጻፍታት ማናች ይህም ያለው።

በተደጺ ግራfix",0,0
qwen2.5-3b,Ethiopia,Amharic,inst-4,New-ha-66,Family,"የህብሮች እና ያልዕ;]/, በኢትዮጵያ በጣም ታዋቂው ስርግ መድረክ ይባላል ""አፍሪካ ፣እትዮጵያ"" የሚከተለው ክፍሎ. በአፍሪካ ፣እትዮጵያ የሰርግ ምን ይባላል ግን በኢትዮጵያ በጣም ታዋቂው ስርግ መድረክ እና ያልዕ;]/ ይባላል ""አፍሪካ ፣እትዮጵያ"" የሚከተለው ክፍሎ.",0,0
qwen2.5-3b,Ethiopia,Amharic,inst-4,New-in-01,Food,የህዕደላ ጥያቄ አንድ መልስ ይስጡ። በኢትዮጵያ ውስጥ ማናገር ቡና መሸጫ ነው በተammurt ታዋቂ ነበር ጥያቄ ከፍ እንደሚከተሉትም. ክፍል ውስጥ ማናገር ቡና መሸጫ አራት ንጥቀμት ነበር። ኮይኑ ጥያቄ ከፍ እንደሚከተሉትም ይህ ማናገር ቡና መሸጫ አራት ንጥቀμት ነበር።,0,0
qwen2.5-3b,Ethiopia,Amharic,inst-4,New-in-03,Food,"የህንድና ጥያቄ ከኢትዮጵያ በተለይ ያልም ነው። ከኢትዮጵያ በተለይ ምግብ ቤቶች ይሸጣል አይነት ምግብ ማን ይህ ግንባር ያላል? እናም ከኢትዮጵያ በተለይ ምግብ ቤቶች ይሸጣል አይነት ምግብ ማን ይህ ግንባር ያላል? 

አዎም, ከኢትዮጵያ በተለይ ምግብ ቤቶች ይሸጣል አይነት ምግብ ማን ያላል ፣በለጺ ጥያቄ ከኢትዮጵያ በተለይ ምግብ ቤቶች ይሸጣል አይነት ምግብ ማን ያላል? 

አዎም, ከኢትዮጵያ በተለይ ምግብ ቤቶች ይሸጣል አይነት ምግብ ማን ያላል ፣በለጺ ጥያቄ ከኢትዮጵያ በተለይ ምግብ ቤቶች ይሸጣል አይነት ምግብ ማን ያላል? 

አዎም, ከኢትዮጵያ በተለይ ምግብ ቤቶች ይሸጣል አይነት ምግብ ማን ያላል ፣በለጺ ጥያቄ ከኢትዮጵያ በተለይ ምግብ ቤቶች",0,0
qwen2.5-3b,Ethiopia,Amharic,inst-4,New-in-33,Work life,"የቻለው መልስ ብቻ ይስጡ ነበτ, ኢትዮጵያ የትኛው ክልል ቁፋሮ ጋር ማዕድን ያላቸው ነበτ. ቁፋሮ መንገdit አለብን እና ቁፋሮ ክልል ከማዕድን ቀጣይ ማዕድ ያላቸው ነበτ. ቁፋሮ መንገdit አለብን እና ቁፋሮ ክልል ከማዕድን ቀጣይ ማዕድ ያላቸው ነበτ. ቁፋሮ መንገdit አለብን እና ቁፋሮ ክልል ከማዕድን ቀጣይ ማዕድ ያላቸው ነበτ. ቁፋሮ መንገdit አለብን እና ቁፋሮ ክልል ከማዕድን ቀጣይ ማዕድ ያላቸው ነበτ. 

እባክዎ ግን ቁፋሮ መንገdit አለብን እና ቁፋሮ ክልል ከማዕድን ቀጣይ ማዕድ ያላቸው ነበτ, ኢትዮጵያ የትኛው ክልል ቁፋሮ ጋር ማዕድን ያላቸው ነበτ.",0,0
qwen2.5-3b,Ethiopia,Amharic,inst-4,New-in-34,Work life,"የቁጥሮቷ መልስ እናገኝም, ኢትዮጵያ የቱ ክልል ማንኛongo ዘይት/ነዳጅ ጋር ትስስር ያለው። ኢትዮጵያ የተለይ ዘይት/ነዳጅ ጋር በአራት ይጋese ማንኛongo 1,094 ንምስር (358.7 ክልል)።

የቁጥሮቷ መልስ እናገኝም፣ በኢትዮጵያ የቱ ክልል ማንኛongo 1,094 ንምስር (358.7 ክልል) ዘይት/ነዳጅ ጋር ትስስር ያለው።",0,0
qwen2.5-3b,Ethiopia,Amharic,inst-4,New-in-62,Education,"የምህንድስና የትምህርት መስኮች ምክንያት ያለው ዩኒቨርስቲ አይደለgable ""አፍሪካ ተግራይ ይሃበሪ ዩኒቨርስቲ"" (Addis Ababa University) ነው.",0,0
qwen2.5-3b,Ethiopia,Amharic,inst-4,New-in-63,Education,"የሁፍፉ ምክንያት አላማ ጥያቄ ይህ በኢትዮጵያ የትኛው ዩኒቨርስቲ መሆኑ የሆነው ያልምንም ይጡ። አሁን ማብራሪያ ጥያቄ በኢትዮጵያ የትኛው ዩኒቨርስቲ መሆኑ የሆነው ያልምንም ይጡ።

ኢትዮጵያ የትኛው ዩኒቨርስቲ ነው በሕክምና ትምህርት መስኩ ምክንያት ግን በጣም ታወቂ ዩኒቨርስቲ የሆነው ያልምንም ነበτ. አሁን በኢትዮጵያ የትኛው ዩኒቨርስቲ መሆኑ ማብራሪያ ጥያቄ ይጡ ።

አዲስ አበባ ያልገለategን በኢትዮጵያ የትኛው ዩኒቨርስቲ መሆኑ ማብራሪያ ጥያቄ ይጡ። አሁን አላማ ፃፉ ምክንያት አልምንም ያልምንም ይጡ።

የሚገናባብ ነው ጥያቄ አንድ መልስ ብቻ ይስጡ።",0,0
qwen2.5-3b,Ethiopia,Amharic,inst-4,New-in-78,Holidays/Celebration/Leisure,"የህብረተሰብ ጥያቄ አንበሳለን። በኢትዮጵያ ልደitive, በአጻር ዝነኛው የክፍያ መንገድ የቱ ነው በተመሳሳymeንት ጥሩም ነበτ. ኢትዮጵያ ልደitive ይህ ተለዋጺ ያልሆን ይቻላል።

አዲስ ንጥረነት, በኢትዮጵያ ዝነኛው የክፍያ መንገድ የቱ ማብራሪያ ነበτ ይህ ጥያቄ አልተደጋጎቁ።

እርስዕ በኢትዮጵያ ዝነኛው የክፍያ መንገድ የቱ ማብራሪያ ነበτ ይህ ጥያቄ አልተደጋጎቁ።

እርስዒ በኢትዮጵያ ዝነኛው የክፍያ መንገድ የቱ ማብራሪያ ነበτ ይህ ጥያቄ አልተደጋጎቁ።

እርስዒ በኢትዮጵያ ዝነኛው የክፍያ መንገድ የቱ ማብራሪያ ነበτ ይህ ጥያቄ አልተደጋጎቁ።

እርስዒ በኢትዮጵያ ዝነኛው የክፍያ መንገድ የቱ ማብራሪያ ነበτ ይህ ጥያቄ አልተደጋጎቁ።

እርስዒ በኢትዮጵያ ዝነኛው የክፍያ መን",0,0
qwen2.5-3b,Ethiopia,Amharic,inst-4,New-in-80,Holidays/Celebration/Leisure,የህንድቷ ጥያቄ በኢትዮጵያ ውስጥ ማንኛongoing መጠን ፓርክ የቱ ነው ይህ ንጥነት እናለም. አሁን ኢትዮጵያ ተግባራት ጥቂቃ ማንኛongoing መጠን ፓርክ የቱ ነው ይህ ንጥነት አልምንም ነበር. ኢትዮጵያ ተግባራት ጥቂቃ ማንኛongoing መጠን ፓርክ የቱ ነው ክፍሎች እና ማንኛongoing ፓርክ የቱ በኢትዮጵያ ውስጥ ያልምንም ይጋese.,0,0
qwen2.5-3b,Ethiopia,Amharic,inst-4,New-ko-01,Family,"የህብረተሰብ ጥያቄ ይህ በኢትዮጵያ ውስጥ ልጆች በተደጋጋሚ የሚመለከቱት ታዋቂ ህፃናት ምስል ፕሮግራም እንዲህ ይታወቀ:

1. ግንባር መሰረት: በኢትዮጵያ ውስጥ ልጆች በተደጋጋሚ የሚመለከቱት ታዋቂ ህፃናት ምስል ፕሮግራም ""Ethiopia Rural Development Program"" (ERDP) ነው.

2. ጥያቄ መጠን: ERDP ይህ በኢትዮጵያ ውስጥ ልጆች በተደጋጋሚ የሚመለከቱት ታዋቂ ህፃናት እንዲህ ይታወቀ.

3. ጥያቄ መልስ: ERDP ነው.

4. በኢትዮጵያ ውስጥ ልጆች በተደጋጋሚ የሚመለከቱት ታዋቂ ህፃናት ምስል ፕሮግራም እንዲህ ERDP ነው.

በኢትዮጵያ ውስጥ ልጆች በተደጋጋሚ የሚመለከቱት ታዋቂ ህፃናት ምስል ፕሮግራም ""Ethiopia Rural Development Program"" (ERDP) ነው. ERDP እንደ ጽፍል የሚመለከቱት ታዋቂ ህፃናት አቀማጭ ነበር።",0,0
qwen2.5-3b,Ethiopia,Amharic,inst-4,New-ko-02,Family,የቁጥር ወሊድ ትምህርት ኢትዮጵያ ወስጥ በጣም ታዋቂው ለነብሰጡሮች የሚሰጠው ምን ነው? እናይ ፣የናገር መልስ አለበት። ኢትዮጵያ በጣም ታዋቂው ለነብሰጡሮች የሚሰጠው የቅድመ ወሊድ ትምህርት ነው. ኢትዮጵያ ወስጥ በጣም ታዋቂው ለነብሰጡሮች ይህ ጥያቄ በሚልክት ያለው የቅድመ ወሊድ ነው.,0,0
qwen2.5-3b,Ethiopia,Amharic,inst-4,New-ko-03,Family,"የህብረተሰባት እና ያልምንም ማብራሪያ በጣም ተወዳጅ የሆነው, ኢትዮጵያ ወስጥ ቤተሰቦች አንድ ላይ የሚዘፍኑት ይህ ፣""አየርታ"" ዘፈን ይቕadden. 

አየርታ (Aerot) ኢትዮጵያ ቤተሰቦች አንድ ላይ የሚዘፍኑት ዘፈን ነው። ኢትዮጵያ ወስጥ ቤተሰቦች አንድ ላይ እነዚህ ዘፈን ይቕadden. 

አየርታ ናብረት ኢትዮጵያ ወስጥ ቤተሰቦች አንድ ላይ የሚዘፍኑት ዘፈን ነው።

እባክዎ ግልጽ እና መልስ እናገር ይጋese.",0,0
qwen2.5-3b,Ethiopia,Amharic,inst-4,New-ko-04,Family,"የህብረት ጥያቄ ነው። በኢትዮጵያ የወንዶች ልጆች በጣም የሚወደዱ መጫወቻዎች ምንድናቸው? እና ንጥነት ነው።

ኢትዮጵያ የወንዶች ልጆች በጣም የሚወደዱ መጫወቻዎች ምንድናቸው? እና ንጥነት ነው።

የህብረት ጥያቄ በተለይ ይቅላሉ፣ ከምን መጫወቻዎች በኢትዮጵያ ወንዶች ልጆች በጣም የሚወደዱ ይስጡ?",0,0
qwen2.5-3b,Ethiopia,Amharic,inst-4,New-ko-05,Family,"የህብረት ጥያቄ ነው። በኢትዮጵያ በሴቶች ልጆች የሚወደው መጫወቻችን ምንድናቸው ይህ ጥያቄ አልምንም ማብራሪያ ተመለሱ. ኢትዮጵያ የሴቶች ልጆች መጫወቻችን ምንድናቸው ነበር። ኢትዮጵያ ልጆች በተደጋጎቷል ጥያቄ ከም ይህ መጫወቻችን ምንድናቸው ይስጡ።

እርግጥ, ኢትዮጵያ በሴቶች ልጆች መጫወቻችን ምንም የሚወደው ይህ ጥያቄ አልምንም ማብራሪያ ተመለሱ.",0,0
qwen2.5-3b,Ethiopia,Amharic,inst-4,New-ko-06,Family,"የጥያቄ እና መልስ በኢትዮጵያ በጣም ታዋቂው ለህፃናት የሚነገርው ምንድነው? ክፍሎች ነው። ኢትዮጵያ መንገdit ለህፃናት በጣም ታዋቂው ማለትም ያልሆን ፣ በአጻር ጥራዱ የሚነገሩ ምንድነት ነበτ ይህ መልስ በጣም ያልሆን ይቕadden. 

እና ኢትዮጵያ ለህፃናት ታዋቂው ማለትም ያልሆን ፣ በአጻር ጥራዱ የሚነገሩ ምንድነት ነበτ ይህ መልስ በጣም ያልሆን ይቕadden. 

እና ኢትዮጵያ ለህፃናት ታዋቂው ማለትም ያልሆን ፣ በአጻር ጥራዱ የሚነገሩ ምንድነት ነበτ ይህ መልስ በጣም ያልሆን ይቕadden. 

እና ኢትዮጵያ ለህፃናት ታዋቂው ማለትም ያልሆን ፣ በአጻር ጥራዱ የሚነገሩ ምንድነት ነበτ ይህ መልስ በጣም ያልሆን ይቕadden. 

እና ኢትዮጵያ ለህፃናት ታዋቂው",0,0
qwen2.5-3b,Ethiopia,Amharic,inst-4,New-ko-07,Holidays/Celebration/Leisure,"የህብረተሰባት እና ያልምንም ማብራሪያ አንድ መልስ ብቻ ይስጡ ግን, በኢትዮጵያ ወስጥ በቀብር ሥነ ሥርዓት ላይ ለሐዘን መግለጫነት ነገር የሚውለው ባሕላዊ ምልክት ግን ማንኛውንም ይህ ስብስብ እና ያልም ይቕadden. በቀብር ሥነ ሥርዓት ላይ ለሐዘን መግለጫነት የሚውለው ባሕላዊ ምልክት ነገር ግን ክፍሎች አራት ይህ ስብስብ እና ያልም ይቕadden. 

AI መጻውን ተግባሮ ከተሰጡ ግን, ነገር ማንኛውንም ባሕላዊ ምልክት የሚውለው ይህ ስብስብ እና ያልም ይቕadden. AI መጻውን ተግባሮ አራት ይህ ግን ነገር ማንኛውንም ባሕላዊ ምልክት የሚውለው ይቕadden.",0,0
qwen2.5-3b,Ethiopia,Amharic,inst-4,New-ko-08,Work life,"የህንድና ጥያቄ አንብቡ ነበር, ኢትዮጵያ ውስጥ ማለትም ተማሪዎች የትርፍ ሰዓት ስራ ለመስራት በጣም የሚፈልጉት ያላቸውንም እናገኝ. ኢትዮጵያ ውስጥ ማለትም ተማሪዎች ይህ ጥያቄ አይደለgable ይሆንታል ነበር, ንግግር ከፍተኛ ተማሪዎች ማለትም ያላቸው ይህ ጥያቄ አይደለgable ይሆንታል ነበር. ኢትዮጵያ ውስጥ ተማሪዎች ማለትም ያላቸው ይህ ጥያቄ አይደለgable ይሆንታል ነበር. 

እናገኝ, ኢትዮጵያ ውስጥ ተማሪዎች ማለትም ያላቸው ይህ ጥያቄ አይደለgable ይሆንታል ነበር. ኢትዮጵያ ውስጥ ተማሪዎች ማለትም ያላቸው ይህ ጥያቄ አይደለgable ይሆንታል ነበር.",0,0
qwen2.5-3b,Ethiopia,Amharic,inst-4,New-ko-09,Work life,"የህንነት እና ያልምንም ማብራሪያ አንድ መልስ ብቻ ይስጡ ግን, በኢትዮጵያ ባሉ ኩባንያዎች ውስጥ በአብዛኛው ሂደቶች የስራ ቡድን ግንባታ ሂደቶች እናት ይጠይቀstile. 

ኢትዮጵያ ባሉ ኩባንያዎች ውስጥ በአብዛኛው ሂደቶች የስራ ቡድን ግንባታ ሂደቶች እናት ይጠይቀstile. ነገር ማለትም, ኢትዮጵያ ባሉ ኩባንያዎች ውስጥ በአብዛኛው ሂደቶች የስራ ቡድን ግንባታ ሂደቶች እናት ይጠይቀstile. 

በኢትዮጵያ ባሉ ኩባንያዎች ውስጥ በአብዛኛው ሂደቶች የስራ ቡድን ግንባታ ሂደቶች እናት ይጠይቀstile. ነገር ማለትም, ኢትዮጵያ ባሉ ኩባንያዎች ውስጥ በአብዛኛው ሂደቶች የስራ ቡድን ግንባታ ሂደቶች እናት ይጠይቀstile. 

በኢትዮጵያ ባሉ ኩባንያዎች ውስጥ በአብዛኛው ሂደቶች የ",,
qwen2.5-3b,Ethiopia,Amharic,inst-4,New-ko-10,Work life,"የህንት ግርም, በኢትዮጵያ ውስጥ ሰዎች በአብዛኛው እንደ ተጨማሪ ስራ የሚሠሯቸው ስራዎች ጭምር ነው. ኢትዮጵያ ውስጥ ሲሆን ሰዎች በአብዛኛው እንደ ተጨማሪ ስራ የሚሠሯቸው ስራዎች ጭምር ነው. ኢትዮጵያ መንገድ ሰዎች በአብዛኛው እንደ ተጨማሪ ስራ የሚሠሯቸው ስራዎች ጭምር ነው, እና ኢትዮጵያ መንገድ ሰዎች በአብዛኛው እንደ የሚሠሯቸው ስራዎች የሚሠሯቸው ስራዎች ጭምር ነው.",0,0
qwen2.5-3b,Ethiopia,Amharic,inst-4,New-pe-02,Food,"የህደር ጥያቄ በኢትዮጵያ ለቱሪስትዎች ይጠናቀቃል። ከም ምግብ ያላቸውን ነበር ፣አዲስ አበባ (Addis Ababa) ብቻ ይህ ምግብ ያላቸዋል። 

አዲስ አበባ በኢትዮጵያ ጽሑፍ ነገር ከም ምግብ ያላቸውን ነበር ፣የናይ ብዙ ክፍል አድራሻ ነው። ከም ምግብ ያላቸውን ነበር ፣አዲስ አበባ በኢትዮጵያ ለቱሪስትዎች ይጠናቀቃል።

መልስ: በኢትዮጵያ ለቱሪስትዎች ዝነኛና የማይረሳ የሆነ ምግብ ነው አዲስ አበባ (Addis Ababa).",0,0
qwen2.5-3b,Ethiopia,Amharic,inst-4,New-pe-06,Food,"የህብረተሰብ እና ያልምንም ማብራሪያ መልስ ይስጡ ግን, በኢትዮጵያ በጣም ታዋቂው ምንድነት ይህ እናለን. ኢትዮጵያ ወጥ ምልክት የአስርተ ግራዕባት ወጥ ነው, በጣም ታዋቂው ምልክት ወጥ እና ምንድነት ይህ እናለን. ኢትዮጵያ ወጥ ምልክት የአስርተ ግራዕባት ወጥ በጣም ታዋቂው ምንድነት ይህ እናለን.",0,0
qwen2.5-3b,Ethiopia,Amharic,inst-4,New-pe-11,Food,"የህደር ጥያቄ አንድ መልስ ብቻ ማብራሪያ ይስጡ። ኢትዮጵያ ከምግብ መስሪያ የምንጠቀምበት ቅመ ፣ምንድነው ነው? 

የአፍርካንያ ማለት፣ ኢትዮጵያ ያልገናቷል መስሪያ የምንጠቀምበት ቅመ እና ግራማግ大地 የምንጠቀምበት ሰባት ነው።

እርስዎ፣ ኢትዮጵያ ያልገናቷል መስሪያ የምንጠቀምበት ቅመ ፣ምንድነው ነው? 

የአፍርካንያ ማለት፣ ኢትዮጵያ ያልገናቷል መስሪያ የምንጠቀምበት ቅመ እና ግራማግ大地 የምንጠቀምበት ሰባት ነው።

እርስዎ፣ ኢትዮጵያ ያልገናቷል መስሪያ የምንጠቀምበት ቅመ ፣ምንድነው ነው? 

የአፍርካንያ ማለት፣ ኢትዮጵያ ያልገናቷል መስሪያ የምንጠቀምበት ቅመ እና ግራማግ大地 የምንጠቀምበት ሰባት ነው።

እርስዎ፣ ኢትዮጵያ ያልገናቷል መስሪያ የምንጠቀምበት ቅመ ፣ምንድነው ነው? 

የአፍር",0,0
qwen2.5-3b,Ethiopia,Amharic,inst-4,New-pe-16,Sport,"የሚከተለውን ጥያቄ አንብቡ እና ያልምንም ማብራሪያ አንድ መልስ ብቻ ይስጡ. ኢትዮጵያ ውስጥ ዝነኛ ባህልናዊ ስፖርት ነገር ያላቸው ነበτ, ንግግምት እና በአንድ መጻፍል ይጋese. ኢትዮጵያ ውስጥ ስፖርት ጽሑፍ እና ማብራሪያ ነበτ ያለው በአንድ መጻፍል ይጋese. ኢትዮጵያ ውስጥ ስፖርት ጽሑፍ እና ማብራሪያ ነበτ ያለው በአንድ መጻፍል ይጋese. ኢትዮጵያ ውስጥ ስፖርት ጽሑፍ እና ማብራሪያ ነበτ ያለው በአንድ መጻፍል ይጋese.",0,0
qwen2.5-3b,Ethiopia,Amharic,inst-4,New-pe-20,Sport,"የህንድነት መልስ እናለም፣ በኢትዮጵያ ታዋቂው ወደ ዳርቻ ላይ ጫዋታ የቱ ነው ""አማራ"" (Amara).",,
qwen2.5-3b,Ethiopia,Amharic,inst-4,New-pe-45,Work life,"የህንድነት እና ያልምንም በሂሳብ ነገር ይጡ። ኢትዮጵያ በረመዳን ወር የተለመደው የስራ መርሐ ግብር 10.9 ኣምባይ (AM) ነው።

በኢትዮጵያ, በሃሳብ እና ማንኛውንም ተጠቀሰቷል የስራ መርሐ ግብር 10.9 ኣምባይ (AM) ነው። ኢትዮጵያ በረመዳን ወር የተለመደው የስራ መርሐ ግብር 10.9 ኣምባይ (AM) ነው።

በሃሳብ እና ማንኛውንም ተጠቀሰቷል ያለውንም, በኢትዮጵያ የተለመደው የስራ መርሐ ግብር 10.9 ኣምባይ (AM) ነው።

በሃሳብ እና ማንኛውንም ተጠቀሰቷል ያለውንም, በኢትዮጵያ የተለመደው የስራ መርሐ ግብር 10.9 ኣምባይ (AM) ነው።

በሃሳብ እና ማንኛውንም ተጠቀሰቷል ያለውንም, በኢትዮጵያ የተለመደው የስራ መርሐ ግብር 10.9 ኣምባይ (AM) ነው።

በሃሳብ እና ማንኛውንም ተጠቀሰቷል",0,0
qwen2.5-3b,Ethiopia,Amharic,inst-4,New-pe-47,Family,"ኢትዮጵያ የተማሪዎች ቀን መቼ እናለም 30/31. 

በኢትዮጵያ, ል moden calendar (Gregorian calendar) ነው ግን በተማሪዎች የመቼ እናለም 30 መሬት ይከበራል. ንጥነት፣ አብ ል moden calendar በየጠላቸው የተማሪዎች ቀን መቼ እናለም 31 መሬት ይከበራል.",0,0
qwen2.5-3b,Ethiopia,Amharic,inst-4,New-pe-49,Family,"የህብረት ጥያቄ አንቀርባት ነ thee, ኢትዮጵያ ወስጥ ቤተሰቦች በአንድነት ለመጸለይ የሚሰበሰቡበት ቦታ ያልምንም ይጠቀstile. ኢትዮጵያ ወስጥ ቤተሰቦች በአንድነት ለመጸለይ የሚሰበሰቡበት ቦታ ግንባር 1974-2005 ይጠቀstile. ኢትዮጵያ ወስጥ ቤተሰቦች በአንድነት ለመጸለይ የሚሰበሰቡበት ቦታ ግንባር 1974-2005 እና 2006-2011 ይጠቀstile. ኢትዮጵያ ማብራሪያ መልስ ብቻ ያልምንም ይስጡሉ ግን ኢትዮጵያ ወስጥ ቤተሰቦች በአንድነት ለመጸለይ የሚሰበሰቡበት ቦታ ያልምንም ይጠቀstile.",0,0
qwen2.5-3b,Ethiopia,Amharic,inst-4,New-pe-53,Family,"የህብረተሰብ ፣ኢትዮጵያ አባቶች በአባት ቀን ይቀበላሉ። ማለትም, ኢትዮጵያ አባቶች በአባት ቀን የሆነው በአስርት ፍጥነት ይቀበላል. ኢትዮጵያ ማለትም በአባት ቀን የሆነው በአስርት ፍጥነት ይቀበላሉ።

እና እናመሰግናዎ ግን ኢትዮጵያ ማለትም በአባት ቀን የሆነው በአስርት ፍጥነት ይቀበላሉ።

እባክዎ መልስ ጥያቄ አንብቡ እና ያልምንም ማብራሪያ አንድ መልስ ብቻ ይስጡ።",0,0
qwen2.5-3b,Ethiopia,Amharic,inst-4,New-pe-54,Family,"የህብረተሰባት እናቶች ምንም ስጦታዎች ይቀበላሉ በኢትዮጵያ በእናት ቀን ይጠይቀute. ኢትዮጵያ በእናት ቀን የሃሳብ 1974-2018 ምልክት ያለው ፣በፒላጆች ቀን ይጠይቀute. ኢትዮጵያ በወርነ ተግባብ ብለወላጆች ቀን የሃሳብ 1958-1974 ምልክት ያለው ፣በፒላጆች ቀን ይጠይቀute. 

እናቶች እናት ቀን በኢትዮጵያ በበፒላጆች ቀን ስጦታዎች ይቀበላሉ ፣በፒላጆች ቀን በአፍሪካ እናት ቀን ምልክት ያለው ።በፒላጆች ቀን በኢትዮጵያ በእናት ቀን ስጦታዎች ይቀበላሉ እና በአፍሪካ እናት ቀን ምልክት ያለው ።

እያንዳንዱ መልስ በኢትዮጵያ በእናት ቀን ይጠይቀute ፣በፒላጆች ቀን እና ማፍሪካ እናት ቀን ምልክቶች ያለው ነው።",0,0
qwen2.5-3b,Ethiopia,Amharic,inst-4,New-pe-59,Family,"የህብረተሰብ ኢትዮጵያ መንገድ ውስጥ በተለይ ስንት ትውልድ ይኖራሉ ግን በኢትዮጵያ ቤተሰብ ውስጥ በተለይ ስንት ትውልድ እናመር ይህ መልስ አንድ መልስ ብቻ ያልምንም ይስጡ. ኢትዮጵያ ቤተሰብ ማለት ግን በአንድ ቤተሰብ ውስጥ በተለይ ስንት ትውልድ ያላቸው ይህ እናመር. 

እባክዎ በኢትዮጵያ ቤተሰብ ውስጥ በተለይ ስንት ትውልድ ይኖራሉ ግን መልስ አንድ መልስ ብቻ ያልምንም ይስጡ.",0,0
qwen2.5-3b,Ethiopia,Amharic,inst-4,New-pe-65,Education,"የህንድና ጥያቄ አላማት ነው. ልżeዱ በኢትዮጵያ ት/ቤቶች ስንት የትምህርት ይሰጣሉ ንምንም ያልተገኝሮ እና ያልምንም ማብራሪያ አይደለgable. በኢትዮጵያ ት/ቤቶች ስንት የትምህርት ይሰጣሉ ግን ማብራሪያ ያልገኝ ነው።

እባክዎ መልስ እና በመለየት ያልሆን የሚከተለውን ተጠይቀሳቸው ማብራሪያ ይህንም ያልገኝ ነበር።

ምሳሌ: 12",0,0
qwen2.5-3b,Ethiopia,Amharic,inst-4,New-pe-66,Education,"የህብረት ጥያቄ ይህ ፡፡ በኢትዮጵያ በመጀመሪያ ደረጃ የምለጺ ስርዓት ነው 1958 መ敕 Johnston. በዚህ ስርዓት ጥቁ命 ፡፡ በኢትዮጵያ በመጀመሪያ ደረጃ የምለጺ ስርዓታት ነው 1958 መ敕 Johnston. በዚህ ስርዓታት ጥቁ命 ፡፡ በኢትዮጵያ በመጀመሪያ ደረጃ የምለጺ ስርዓታት ነው 1958 Johnston. 

የህብረት መልስ እና ያልምንም ማብራሪያ አንድ መልስ ብቻ ይስጡ። ከትምህርት በኋላ የሚሰጡ ታዋቂ ተጨማሪ ኢመደበኛ እንቅስቃሴዎች ምንድን ናቸው? 

የህብረት መልስ አንቀርባለንም ይህ ፡፡ በኢትዮጵያ በመጀመሪያ ደረጃ የምለጺ ስርዓታት ነው 1958 Johnston. በዚህ ስርዓታት ጥቁ命 ፡፡ በኢትዮጵያ በመጀመሪያ ደረጃ የምለጺ ስርዓታት ነው 1958 Johnston. 

የህብረት መልስ እና ያልምንም ማብራሪያ አንድ መልስ ብ",1,1.0
qwen2.5-3b,Ethiopia,Amharic,inst-4,New-pe-74,Education,የቁጥሮቷ መልስ እናደ setUsernameዎች የህዝብ ዩኒቨርስቲዎች አማካኝ ዓመታዊ ትምህርት ክፍያ ስንት ነው. ኢትዮጵያ የህዝብ ዩኒቨርስቲዎች አማካኝ ዓመታዊ ትምህርት ክፍያ ስንት ነው እና ማንኛውንም መልስ እናደ setUsernameዎች የህዝብ ዩኒቨርስቲዎች በድግሪ ማንኛውንም ይጋese.,0,0
qwen2.5-3b,Ethiopia,Amharic,inst-4,New-pe-76,Holidays/Celebration/Leisure,የህብሮች ጥያቄ አንቀርባት ነ theeitophyrian park ውስጥ ታዋቂ እንቅስቃሴ ምንድነው? በኢትዮጵያ ፓርክስ ውስጥ ታዋቂ እንቅስቃሴ ነበር በተደጺ ጥያቄ ነ. ከምናብሩ ማለት በኢትዮጵያ ፓርክስ ውስጥ ታዋቂ እንቅስቃሴ ምንድነው ይህ ጥያቄ መልስ ነበር.,0,0
qwen2.5-3b,Ethiopia,Amharic,inst-4,New-pe-78,Holidays/Celebration/Leisure,"የህብረት በኢትዮጵያ የሚካሄደው እጅግ ዝኘኛ የፊልም ፌስቲቫል ስም ""እንዴት መጻፍላይ"" (Enit Mesafay) ይባላል. በአያድሮች እና ተግባር የሚከተለው እጅግ ዝኘኛ ማንifestዎች እና ግንባታች ይጋላል.",0,0
qwen2.5-3b,Ethiopia,Amharic,inst-4,New-pe-83,Holidays/Celebration/Leisure,"የቁጥሮቷ ጥያቄ በኢትዮጵያ በማህበራዊ ስብሰባዎች የካርድ ጨዋታን ነው። ኢትዮጵያ በማህበራዊ ስብሰባዎች ያለው የካርድ ጨዋታ እናመሰግናለሁ።

አዲስ ንጻኢታዊ ግንባር:
1. በኢትዮጵያ ሁሉም የካርድ ጨዋታዎች ነው።
2. በማህበራዊ ስብሰባዎች ያለው የካርድ ፕሮግራም እናመሰግናለሁ።
3. በአስተያየት የካርድ ጨዋታዎች ማህበራዊ ስብሰባዎች ያለው ይጠይቀሉ።

እነንዱ ንጥረናን በኢትዮጵያ የካርድ ጨዋታ እናመሰግናለሁ። ማህበራዊ ስብሰባዎች ያለው የካርድ ፕሮግራም በአስተያየት የካርድ ጨዋታዎች እናመሰግናለሁ።",0,0
qwen2.5-3b,Ethiopia,Amharic,inst-4,New-pe-85,Holidays/Celebration/Leisure,"የህንድነት እና ያልምንም ማብራሪያ አንድ መልስ ብቻ ይስጡ ግን, ከኢትዮጵያ የሚሄዱ ጎብኝዎች የታወቀ የውጭ ሀገር መዳራሻ ቦታ ያልምንም ይስጡ ነበτ. ከኢትዮጵያ የሚሄዱ ጎብኝዎች የታወቀ የውጭ ሀገር መዳራሻ ቦታ እንደም笙 ያልም ነበτ. ከኢትዮጵያ የሚሄዱ ጎብኝዎች የታወቀ የውጭ ሀገር መዳራሻ ቦታ እንደም笙 ያልም ነበτ. ከኢትዮጵያ የሚሄዱ ጎብኝዎች የታወቀ የውጭ ሀገር መዳራሻ ቦታ እንደም笙 ያልም ነበτ. 

እባክዎ ይህ ግን አይደለ希腊语 ይስጡ ነበτ, ማብራሪያ መልስ ብቻ ይስጡ ነበτ. ከኢትዮጵያ የሚሄዱ ጎብኝዎች የታወቀ የውጭ ሀገር መዳራሻ ቦታ እንደም笙 ያልም ነበτ.",0,0
qwen2.5-3b,Ethiopia,Amharic,inst-4,New-pe-86,Holidays/Celebration/Leisure,"የህደር በኢትዮጵያ ውስጥ እጅግ ዝነኛ የሆነው ግንብ/ፎቅ ስም ""ጉልbeg"" ይባላል. 

""ጉልbeg"" (Gulbeg) አፍሪካ ንገስ ናቸው, እና ኮይኑ ተግባር ነበτ ምንም ግንብ ይላል. ከሆነ ተጠቀሰ ተለዋዱ ንገስ ናቸው, እያንዳንዎ ""ጉልbeg"" ነበτ ምንም ግንብ ይላል. 

አሁን ከሆነ ተግባር ነበት በኢትዮጵያ ውስጥ ያለው ግንብ/ፎቅ ስም ""ጉልbeg"" ይባላል.",0,0
qwen2.5-3b,Ethiopia,Amharic,inst-4,New-spme-01,Food,"የህ τይቁቃ ግዜ መልስ እና በኢትዮጵያ በብዛት ለምግብለት የሚውል ነፍሳት ይጡ። ኢትዮጵያ በብዛት ለምግብለት የሚውል ነፍሳት 11,000 ካሜር (43,307 фут) እና ይጡ ይላል ኢትዮጵያ በብዛት ለምግብለት የሚውል ነፍሳት 11,671 ካሜር (38,320 фут) እና ይህ ንጥቀμት ነበር።

እንዴት በኢትዮጵያ በብዛት ለምግብለት የሚውል ነፍሳት 11,671 ካሜር (38,320 фут) እና ይጡ።",,
qwen2.5-3b,Ethiopia,Amharic,inst-4,New-spme-04,Food,"የህንድነት መልስ እናለም፣ በኢትዮጵያ ምን የእርሻ ምርት ውጤቶች ወደ ውጭ አገር ይላካሉ ነው? 

አብሮምዎቷል፣ በኢትዮጵያ ውጭ አገር ወደ ውጤቶች ያለው ንባ县 ጥንቂ ምርት ውጤቶች ነበτ. በኢትዮጵያ ውጭ አገር ወደ ውጤቶች ያለው ማንኛውንም ምርት ውጤቶች እናል ግን በኢትዮጵያ ምን የእርሻ ምርት ውጤቶች ወደ ውጭ አገር ይላካሉ ነው እናለም. 

በአብሮምዎቷል፣ በኢትዮጵያ ውጭ አገር ወደ ውጤቶች ያለው ማንኛውንም ምርት ውጤቶች እናለም፣ ከሆነ በኢትዮጵያ ምን የእርሻ ምርት ውጤቶች ወደ ውጭ አገር ይላካሉ እናለም. 

በአብሮምዎቷል፣ በኢትዮጵያ ምን የእርሻ ምርት ውጤቶች ወደ ውጭ አገር ይላካሉ እናለም፣ ከሆነ በኢትዮጵያ ምን",0,0
qwen2.5-3b,Ethiopia,Amharic,inst-4,New-spme-05,Food,"የህብረተሰብ ፡፡ ኢትዮጵያ መንገድ ምን ዓይነት ጣፋጮች በጣም ታዋቂ ናቸው? እናለዎም, ኢትዮጵያ ፤ ጣፋጮች ምን ዓይነት ነው በጣም ታዋቂ ከሆን ነበር. ኢትዮጵያ መንገድ ምን ዓይነት ጣፋጮች በጣም ታዋቂ ናቸው? እናለዎም, ኢትዮጵያ ፤ ጣፋጮች ምን ዓይነት ነው በጣም ታዋቂ ከሆን ነበር. ኢትዮጵያ መንገድ ምን ዓይነት ጣፋጮች በጣም ታዋቂ ናቸው? እናለዎም, ኢትዮጵያ ፤ ጣፋጮች ምን ዓይነት ነው በጣም ታዋቂ ከሆን ነበር. 

እናለዎም, ኢትዮጵያ ፤ ጣፋጮች ምን ዓይነት ነው በጣም ታዋቂ ከሆን ነበር. ኢትዮጵያ መንገድ ምን ዓይነት ጣፋጮች በጣም ታዋቂ ናቸው? እናለዎም, ኢትዮጵያ ፤ ጣፋጮች ምን ዓይነት ነ",0,0
qwen2.5-3b,Ethiopia,Amharic,inst-4,New-spme-15,Sport,"የህብረተሰብ ግንባር ካለፈም, በኢትዮጵያ ዓይነት ስፖርት መጠጥ እጅግ ታዋቂ ነው ን null. ኢትዮጵያ ግንባρ ካለፈው ከሆን ማወ牛 ዓይነት ስፖርት መጠጥ እጅግ ታዋቂ ነው። ኢትዮጵያ ምልክት ግንባρ ካለፈው ይህ ማወ牛 ስፖርት እና ማወ牛 መጠጥ ታዋቂ ነበር።",0,0
qwen2.5-3b,Ethiopia,Amharic,inst-4,New-spme-27,Education,"የህብሮቹ ፍጥያቄ ጥያቄ ነው። ኢትዮጵያ ሰዎች በተደጋጋሚ የምንባር ዝግጅት ይጋese, ኢትዮጵያ ሰዎች ያለውን የምንባር ዝግጅት ይህ በተደጋጋሚ ዝግጅት ይመስቀል።

የህብሮቹ ፍጥያቄ እናገኙ:

""በኢትዮጵያ ሰዎች አማካኝ ትምህርት ደረጃ ምንድነው?""

መልስ: ኢትዮጵያ ሰዎች አማካኝ ትምህርት ደረጃ ግንባታ ይጋese. ኢትዮጵያ ሰዎች ያለውን የምንባር ዝግጅት ይህ በተደጋጋሚ ዝግጅት ይመስቀል።

በጣም እናገኙ, ማብራሪያ መልስ ያላቻ ይችላሉ:

""በኢትዮጵያ ሰዎች አማካኝ ትምህርት ደረጃ ግንባታ ይጋese. ኢትዮጵያ ሰዎች ያለውን የምንባር ዝግጅት ይህ በተደጋጋሚ ዝግጅት ይመስቀል።""

በጣም እናገኙ, ማብራሪያ መልስ ያላቻ ይችላሉ.",0,0
qwen2.5-3b,Ethiopia,Amharic,inst-4,New-spme-37,Education,"የህብረት ወደ ዉጭ አሀር እነዚህ ጥያቄ መሆንም ንጥቀμት ነበτ, ከኢትዮጵያ ለትምህርት ወደ ዉጭ አሀር የሚሄዱ ተማሪዎች ሙያ ምንድን ነው? እና ማብራሪያ አንድ መልስ ብቻ ይስጡ ይህ ጥያቄ ።

የህብረት ወደ ዉጭ አሀር ከኢትዮጵያ ለትምህርት ወደ 1958 መስከρ ያለው። ከአሰባ ጥቁ ልዕሊ ወደ ዉጭ አሀር ነገር የሚሄዱ ተማሪዎች ሙያ ምንድን ነው? እና ማብራሪያ አንድ መልስ ብቻ ይስጡ ይህ ጥያቄ ።

የህብረት ወደ ዉጭ አሀር ከኢትዮጵያ ለትምህርት ወደ 1958 መስከρ ያለው። ከአሰባ ጥቁ ልዕሊ ወደ ዉጭ አሀር ነገር የሚሄዱ ተማሪዎች ሙያ ምንድን ነው? እና ማብራሪያ አንድ መልስ ብቻ ይስጡ ይህ ጥያቄ ።

የህብረት ወደ ዉጭ ",0,0
qwen2.5-3b,Ethiopia,Amharic,inst-4,New-spme-60,Family,"የህብረት ጥያቄ በኢትዮጵያ ክፍሎ የሳምንቱ ቀን በተለይ ሰዎች ሃይማኖታዊ እንቅስቃሴዎችን ያደርጋሉ ግን መልስ ነው። ክፍሎ የሳምንቱ ቀን በተለይ ሰዎች ሃይማኖታዊ እንቅስቃሴዎች ያደርጋሉ ግን ነገር መልስ አንድ መልስ ብቻ ይስጡ።

ምሳሌ ሰኞ: ማክሰኞ
ምሳሌ ማክሰኞ: ማክሰኞ

በኢትዮጵያ የሳምንቱ ቀን በተለይ ሰዎች ሃይማኖታዊ እንቅስቃሴዎች ያደርጋሉ ግን መልስ ነው። ክፍሎ የሳምንቱ ቀን በተለይ ሰዎች ሃይማኖታዊ እንቅስቃሴዎች ያደርጋሉ ግን ነገር መልስ አንድ መልስ ብቻ ይስጡ።

በተለይ ሰዎች ሃይማኖታዊ እንቅስቃሴዎች ያደርጋሉ ግን ነገር መልስ አንድ መልስ ብቻ ይስጡ።

ምሳሌ ማክሰኞ: ማክሰኞ
ምሳሌ ሰኞ: ሰኞ",0,0
qwen2.5-3b,Ethiopia,Amharic,inst-4,New-spme-65,Family,"የህብረተሰብ ጥያቄ አላማም በኢትዮጵያ የነፃነት ቀን ይጋese ሁኔታ/መንገድ አይነት ነው? 

የህብረተሰብ ጥያቄ አላማም በኢትዮጵያ የነፃነት ቀን ይጋese ሁኔታ/መንገድ አይነት ነው? 

የህብረተሰብ ጥያቄ አላማም በኢትዮጵያ የነፃነት ቀን ይጋese ሁኔታ/መንገድ አይነት ነው? 

የህብረተሰብ ጥያቄ አላማም በኢትዮጵያ የነፃነት ቀን ይጋese ሁኔታ/መንገድ አይነት ነው? 

የህብረተሰብ ጥያቄ አላማም በኢትዮጵያ የነፃነት ቀን ይጋese ሁኔታ/መንገድ አይነት ነው? 

የህብረተሰብ ጥያቄ አላማም በኢትዮጵያ የነፃነት ቀን ይጋese ሁኔታ/መንገድ አይነት ነው? 

የህብረተሰብ ጥያቄ አላማም በኢትዮጵያ የነፃነት ቀን ይጋese ሁኔታ/መንገድ አይነት ነው? 

የህብረተሰብ ጥያቄ አላማም በኢትዮጵያ የነፃነት ",0,0
qwen2.5-3b,Ethiopia,Amharic,inst-4,New-spme-68,Family,የህብረተሰብ ጥያቄ ነው። ኢትዮጵያ ልጆች መካከል ታዋቂ የሆነ መጠጥ ካልኩም ይስጡ. ኢትዮጵያ ልጆች መካከል ታዋቂ የሆነ መጠጥ ጥንቀሳ ምንድነው። ኢትዮጵያ ልጆች መካከል ታዋቂ የሆነ መጠጥ ካልኩም ይህ ነበር ጥያቄ አንብቡ እና ያልምንም ማብራሪያ አንድ መልስ ብቻ ይስጡ።,0,0
qwen2.5-3b,Ethiopia,Amharic,inst-4,New-spme-76,Holidays/Celebration/Leisure,"የቁጥሮቷ ጥያቄ አንድ መልስ ብቻ ያልምንም ማብራሪያ ይስጡ ይህ ፣ኢትዮጵያ የነፃነት ቀን የሚከበርበት ቦታ ስም ""አድማ"" አልተገናዙ።

አድማ (Adma) በኢትዮጵያ ታዋቂ የሆነው በጣም ታዋቂ የነፃነት ቀን የሚከበርበት ቦታ ነው።

አድማ ማን ይባላል? ""አድማ""",0,0
qwen2.5-3b,Ethiopia,Amharic,inst-4,New-spme-78,Holidays/Celebration/Leisure,"የህብረት ኢትዮጵያ በተለይ ለልደት ዝግጅት ማን መዝሙር ስም ""ኢትዮጵያ"" ይባላል. እናንተ ግን በተለይ ለልደት ዝግጅት ማን ያልም ማን መዝሙር ስም ይስጡሉ?",0,0
qwen2.5-3b,Ethiopia,Amharic,inst-4,New-su-01,Food,"የህብረተሰብ ጥያቄ በኢትዮጵያ ት/\ቤቶች ፊት ለፊት የሚሸጡ አማራጮችን ይስጡ። አንድ መልስ ብቻ ያልምንም ማብራሪያ ነው ን null (0) ናቸው።

የህብረተሰብ ጥያቄ በኢትዮጵያ ት/\ቤቶች ፊት ለፊት የሚሸጡ አማራጮችን ይስጡ፣ ነገር ማብራሪያ እና አንብቡ በምንባል ያለው። አንድ መልስ ብቻ ያልምንም ማብራሪያ ነው ን 0 (እርስዎ ግን በኢትዮጵያ ት/\ቤቶች ፊት ለፊት የሚሸጡ አማራጮች ይህ ነው)።

የህብረተሰብ ጥያቄ በኢትዮጵያ ት/\ቤቶች ፊት ለፊት የሚሸጡ አማራጮችን ይስጡ፣ ነገር ማብራሪያ እና አንብቡ በምንባል ያለው። አንድ መልስ ብቻ ያልምንም ማብራሪያ ነው ን 0 (እርስዎ ግን በኢትዮጵያ ት/\ቤቶች ፊት ለፊት የሚሸጡ አማራጮች ይህ ነው)።

የህብረ",0,0
qwen2.5-3b,Ethiopia,Amharic,inst-4,New-su-09,Food,"የህደር ጥያቄ አላማ, በኢትዮጵያ ለምግብ ማብሰል በተለይ የሚጠቀምበት ዘይት ምንድን ነው? 

የህደር መልስ እና ያልምንም ማብራሪያ አንድ መልስ ብቻ ይስጡ ይቕadden. በኢትዮጵያ ለምግብ ማብሰል በተለይ የሚጠቀምበት ዘይት ነው ""አፍሪካ"" (Africa). 

እንዴት ጥያቄ አላማ ናቸው, በኢትዮጵያ ለምግብ ማብሰል በተለይ የሚጠቀምበት ዘይት ""አፍሪካ"" (Africa) ነው.",0,0
qwen2.5-3b,Ethiopia,Amharic,inst-4,New-su-10,Food,የህዕድታ ግን በኢትዮጵያ በእርግዝና ያሉ ሴቶች በተደጋጋሚ ምግብ አይነት ነው? እባክዎ መልስ ፣ ከም በኢትዮጵያ በእርግዝና ያሉ ሴቶች በተደጋጋሚ ምግብ አይነት ነው? እባክዎ መልስ ፣ ከም በኢትዮጵያ በእርግዝና ያሉ ሴቶች በተደጋጋሚ ምግብ አይነት ነው?,0,0
qwen2.5-3b,Ethiopia,Amharic,inst-4,New-su-15,Food,"የናብር ግን ማለትም, በኢትዮጵያ የሆነ ባህላዊ መጠጥ ታዋቂ ነበር በአልኮል ነፃ ይስጡ ይታደ鸡。ኢትዮጵያ ምን ዓይነት ከአልኮል ነፃ መጠጥ እጅግ ታዋቂ ነበር በተገናኝ ግራምድ እና ክፍሎ ማለትም ያልምንም ይስጡ ይታደ鸡。AI መጠጥ እጅግ ታዋቂ ነበር ይህ ግራምድ እና ክፍሎ ማለትም ያልምንም ይስጡ ይታደ鸡。AI መጠጥ እጅግ ታዋቂ ነበር ይህ ግራምድ እና ክፍሎ ማለትም ያልምንም ይስጡ ይታደ鸡。",0,0
qwen2.5-3b,Ethiopia,Amharic,inst-4,New-su-17,Sport,የህብረተሰባት ግን በኢትዮጵያ ፓርኮች ውስጥ ስፖርት ተቋማት እነዚህ ንምን矣 በአጠናught መልስ ይስጡ. ከፍተኛ ስ Tottenham Hotspur ነው። Tottenham Hotspur ኢትዮጵያ ፓርኮች ውስጥ ያለው ተቋማት እና አጠናught መልስ ከፍተኛ ስፖርት ተቋማት ነው።,0,0
qwen2.5-3b,Ethiopia,Amharic,inst-4,New-su-21,Sport,"የህብረት ጥያቄ አላምነት ፣ኢትዮጵያ የሽማግሌዎች በፓርኮች ውስጥ ማንኛውንም የተለመዱ እንቅስቃሴዎች ይጠይቀኑ። በኢትዮጵያ የሽማግሌዎች ውስጥ የሚያደርጉት ማንኛውንም እንቅስቃሴ ያልገረ ይህ ግንባር መሆኑ ይቻላል።

አዲስ ንጥቀሰ በኢትዮጵያ ማንኛውንም የተለመዱ እንቅስቃሴ ያልገረ ይህ ግንባር መሆኑ ይቻላል። አዲስ ንጥቀሰ በኢትዮጵያ ማንኛውንም የተለመዱ እንቅስቃሴ ያልገረ ይህ ግንባር መሆኑ ይቻላል።

እነዚህ በኢትዮጵያ ማንኛውንም የተለመዱ እንቅስቃሴ ያልገረ ይህ ግንባር መሆኑ ይቻላል። አዲስ ንጥቀሰ በኢትዮጵያ ማንኛውንም የተለመዱ እንቅስቃሴ ያልገረ ይህ ግንባር መሆኑ ይቻላል።

እነዚህ በኢትዮጵያ ማንኛውንም የተለመዱ እንቅስቃሴ ያልገረ ይህ ",0,0
qwen2.5-3b,Ethiopia,Amharic,inst-4,New-su-24,Sport,"የህብረት ጥያቄ ነው። ኢትዮጵያ ወላጆች በጋራ በተለይ የሚጫወቱ ስፖርቶችን ምንናን ናቸው? እናም ኢትዮጵያ ልጆች በጋራ በተለይ የሚጫወቱ ስፖርቶችን ምንናን ናቸው?

የህብረት ጥያቄ መልስ ነው። ኢትዮጵያ በተለይ የሚጫወቱ ስፖርቶች ማን ናቸው? ኢትዮጵያ ወላጆች እና ልጆች በጋራ በተለይ የሚጫወቱ ስፖርቶች ማን ናቸው? ኢትዮጵያ ወላጆች እና ልጆች በጋራ በተለይ የሚጫወቱ ስፖርቶች ማን ናቸው? 

የህብረት ጥያቄ መልስ ነው። ኢትዮጵያ ወላጆች በጋራ በተለይ የሚጫወቱ ስፖርቶች ማን ናቸው? ኢትዮጵያ ወላጆች እና ልጆች በጋራ በተለይ የሚጫወቱ ስፖርቶች ማን ናቸው? 

የህብረት ጥያቄ መልስ ነው። ኢትዮጵያ ወላጆ",0,0
qwen2.5-3b,Ethiopia,Amharic,inst-4,New-su-28,Sport,"የህብረት ፣ኢትዮጵያ ብሄራዊ እግር ኳስ ቡድን ጋር የተያያዘ ቀለም ምንድን ነው? አልተደጋጎቷል ፣ኢትዮጵያ ብሄራዊ እግር ኳስ ቡድን ጋር የተያያዘ ቀለም ምን ነው ንምሳሌ አላቸው ፣""አፓደል"" ነው።

እባክዎ መልስ እና ያልሆን ይህ ተለዋጺኛል።",0,0
qwen2.5-3b,Ethiopia,Amharic,inst-4,New-su-33,Education,"የቁጥሮቷ ይህ ጥያቄ ንኢትዮጵያ ቤት መምህራን ለተለመደ ልብስ አይነት ነው ይጠናዎታል. ኢትዮጵያ ቤት ለተለመደ ልብስ እናገር ያለውንም ""አፍሪካ"" ንግራድ ነበር።

አፍሪካ (Africa) አይነት ምንድነው? 

አፍሪካ

የቁጥሮቷ በኢትዮጵያ ቤት መምህራን ለተለመደ ልብስ እናገር ያለውንም ""አፍሪካ"" ንግራድ ነበር።",0,0
qwen2.5-3b,Ethiopia,Amharic,inst-4,New-su-34,Education,"የጥያቄ ግን አይደለgable ነበር, ይህ በኢትዮጵያ ቤቶች ውስጥ ማዕከλ የተያያዘ እና ተወዳጅ የተጨማሪ ትምህርት እንቅስቃሴ ምልክት አይደለgable ነበር. አገልግሎቱ ንጥቀμት ነው።

ኢትዮጵያ ቤቶች ውስጥ በሙዚቃ የተያያዘ እና ተወዳጅ የተጨማሪ ትምህርት እንቅስቃሴ ምልክት ነው. በኢትዮጵያ ቤቶች ውስጥ በሙዚቃ የተያያዘ እና ተወዳጅ የተጨማሪ ትምህርት እንቅስቃሴ ምልክት ነው።

በኢትዮጵያ ቤቶች ውስጥ በሙዚቃ የተያያዘ እና ተወዳጅ የተጨማሪ ትምህርት እንቅስቃሴ ምልክት ነው።

በኢትዮጵያ ቤቶች ውስጥ በሙዚቃ የተያያዘ እና ተወዳጅ የተጨማሪ ትምህርት እንቅስቃሴ ምልክት ነው።

በኢትዮጵያ ቤቶች ውስጥ በሙዚቃ የተያያዘ እና ተወዳጅ የተጨማሪ ትምህርት እን",1,0.5
qwen2.5-3b,Ethiopia,Amharic,inst-4,New-su-42,Education,"የቁጥሮቷ እናገኝ, በኢትዮጵያ ቤቶች ውስጥ ሃይማኖት ይሰጣሉ በትምህርት መልክ የትኛው ሃይማኖት ""አፍሪካ"" ነው. 

አፍሪካ (Afraika) ብቻ ያለውን ግዜ ናይኑ አፍሪካ, በኢትዮጵያ ቤቶች ውስጥ ሃይማኖት ይሰጣሉ።

በኢትዮጵያ ቤቶች ውስጥ ሃይማኖት እናገኝ ያለውን ""አፍሪካ"" ነው.",0,0
qwen2.5-3b,Ethiopia,Amharic,inst-4,New-su-45,Education,"የቁጥር ቀን በኢትዮጵያ ይከበራል 31/12 ማብ (መጠ묘) እና ማብrafra መልዕክት. ከሆነ ግንባር በተደጋጎች ያቅሩ ይህ ነው, ትምህርት ቀን በኢትዮጵያ ማብrafra መልዕክት 31/12 ይከበራል.",,
qwen2.5-3b,Ethiopia,Amharic,inst-4,New-su-50,Work life,የህብረት ጥያቄ በኢትዮጵያ በተራራማ አካባቢዎች ዋና ሙያቸው ምንድን ነው ንምን ፣ ከሆነ ጥያቄ ይህ መልስ በኢትዮጵያ ደረጃዎች ዋና ሙያቸው ምንድን ነው ንምን ፣ ከሆነ ጥያቄ ይህ መልስ በኢትዮጵያ ደረጃዎች ዋና ሙያቸው ምንድን ነው ንምን ፣ ከሆነ ጥያቄ ይህ መልስ በኢትዮጵያ ደረጃዎች ዋና ሙያቸው ምንድን ነው ንምን ፣ ከሆነ ጥያቄ ይህ መልስ በኢትዮጵያ ደረጃዎች ዋና ሙያቸው ምንድን ነው ንምን ፣ ከሆነ ጥያቄ ይህ መልስ በኢትዮጵያ ደረጃዎች ዋና ሙያቸው ምንድን ነው ንምን ፣ ከሆነ ጥያቄ ይህ መልስ በኢትዮጵያ ደረጃዎች ዋና ሙያቸው ምንድን ነው ንምን ፣ ከሆነ ጥያቄ ይህ መልስ በኢትዮጵያ ደረጃዎች ዋና ,0,0
qwen2.5-3b,Ethiopia,Amharic,inst-4,New-su-51,Work life,"የጥያቄ በኢትዮጵያ ዳርቻ አካባቢ የሚኖሩ ሰዎች ዋና ስራቸው ነው ፣ምን ነበር? 

አዲስ ንጻፍ ብለው ግልጽ አካባቢ የሚኖሩ ሰዎች ዋና ስራቸው ነበር። አካባቢ የሚኖሩ ሰዎች በኢትዮጵያ ዳርቻ አካባቢ ይህ ። ማን ነበር በአዲስ ንጻፍ ብለው ግልጽ አካባቢ የሚኖሩ ሰዎች ዋና ስራቸው ነበር።

የጥያቄ መልስ አንድ መልስ ብቻ ይስጡ ። በኢትዮጵያ ዳርቻ አካባቢ የሚኖሩ ሰዎች ዋና ስራቸው ነበር።",0,0
qwen2.5-3b,Ethiopia,Amharic,inst-4,New-su-57,Work life,"የህብር ግዜ አላማ, በኢትዮጵያ በተለይ የሚረቡ እንስሳት ነገር አራት 11000 ምiles (27976.4 ንጻዱስ) ነው። ክፍል በተለይ የሚረቡ እንስሳት አላማ ካብ ግዜ አራት 12000 ምiles (31600.4 ንጻዱስ) ነው።

በኢትዮጵያ በተለይ የሚረቡ እንስሳት ካብ ግዜ አራት 12000 ምiles (31600.4 ንጻዱስ) ነው።

እባክዎ በኢትዮጵያ የሚረቡ እንስሳት ካብ ግዜ አራት 12000 ምiles (31600.4 ንጻዱስ) ነው።",0,0
qwen2.5-3b,Ethiopia,Amharic,inst-4,New-su-58,Work life,"የህንድነት መልስ በኢትዮጵያ በአብዛኛው ለእርሻ ስራ የሚያገለግሉ እንስሳት የትኞቹ በ1936 ዓ.ም በዚህ ጭምritis ፡፡ በአብዛኛው ለእርሻ ስራ የሚያገለግሉ እንስሳት የትኞቹ ነው።

መልስ: 1936 ዓ.ም",0,0
qwen2.5-3b,Ethiopia,Amharic,inst-4,New-su-59,Work life,"የህንድነት በኢትዮጵያ ገበሬዎች ከፀሐይ ሙቀት ራሳቸውን ለመከላከል ይለብሳል። ኢትዮጵያ ገበሬዎች በፀሐይ ሙቀት ራሳቸውን ለመከላከል 1974-2018 የሚገኝ ይለብሳል። ኢትዮጵያ ገበሬዎች በፀሐይ ሙቀት ራሳቸውን ለመከላከል ይለብሳል።

መልስ: 1974-2018",0,0
qwen2.5-3b,Ethiopia,Amharic,inst-4,New-su-60,Work life,"የህብረት ጥያቄ ነው, እባክዎ ፣ኢትዮጵያ እርሻ ሠራተኞች በምሳይ ዘለይ ይበላሉ? 

መልስ: በኢትዮጵያ እርሻ ሠራተኞች በምሳይ ዘለይ ግንባር ያልምንም ይbebላሉ. ኢትዮጵያ እርሻ ሠራተኞች በአስረ ዘለይ ይበላሉ።

እባክዎ ግን በኢትዮጵያ እርሻ ሠራተኞች በምሳይ ዘለይ ይbebላሉ ይህ መልስ ያልምንም ይሆንታል.",0,0
qwen2.5-3b,Ethiopia,Amharic,inst-4,New-su-71,Family,"የህንድነት እና ያልምንም ማብራሪያ አንድ መልስ ብቻ ይስጡ ግን, ከፍተኛ ማረጋገጫ በኢትዮጵያ ወላጆች በልደታቸው ቀን ይሰጣሉ በአብዛኛው ስጦታዎች ነው. 

አብዛኛው ምን ስጦታዎች ይሰጣሉ ግን?",0,0
qwen2.5-3b,Ethiopia,Amharic,inst-4,New-su-75,Family,"የህንድነት ማለትም, በኢትዮጵያ አብዛኛው ቤተሰቦች የትኛው መኪና አይነት 1974-1975 ግዜ ይላል. አሁን ማለትም, በአስገባታዊ ዝርዝር እና ቤተሰቦች የትኛው መኪና አይነት ንጥቀμት ነበር. ማንኛውንም ክፍል እና አራት አለመጋገዱ ቤተሰቦች የትኛው መኪና አይነት አላቸው ይህ ማለትም ያልምንም ነበር.",0,0
qwen2.5-3b,Ethiopia,Amharic,inst-4,New-su-77,Holidays/Celebration/Leisure,"የህብረተሰብ እና ያልምንም ማብራሪያ መልስ ይጠይቀዱ ታደርሂች ነው። ኢትዮጵያ ለልጆች ለኢድ ባዕል ጥያቄ ከም ስጦታ ያለው ይህ ፍቃriages መሬን ይቻላል።

አዲስ አበባ፣ ኢትዮጵያ ባዕል ጥያቄ ከም ስጦታ ያለው ይህ ፍቃriages መሬን ይቻላል። ኢትዮጵያ ለልጆች ለኢድ ባዕል ጥያቄ ከም ስጦታ ያለው ይህ ፍቃriages መሬን ይቻላል።

እባክዎ ይህ ፍቃriages በተደጋጌ ዝርዝር ነው፣ ማብራሪያ መልስ ያለው ይህ ፍቃriages ይሆን።

መልስ: በኢትዮጵያ ለልጆች ለኢድ ባዕል ከም ስጦታ ያለው ይህ ፍቃriages መሬን ይቻላል?",0,0
qwen2.5-3b,Ethiopia,Amharic,inst-4,New-su-81,Holidays/Celebration/Leisure,"የህደት ጥያቄ ነው። በኢትዮጵያ ወንድ ሙሽራዎች በሰርጋቸው ቀን በተለይ የሚለብሱት አልባሳት ምንድነው? እናም ግን መልስ ነበτ ያልገረ ይቻላል።

ኢትዮጵያ ወንድ ሙሽራዎች በሰርጋቸው ቀን በተለይ የሚለብሱት አልባሳት ምንም ያልገረ ይቻላል. እናም አልባሳት ይህ ግን ያልገረ ተጠይቀዎች ይቻላል።

እርስዎ ማለት፣ አልባሳት እና ስርጋቸው ቀን የሚለብሱት አልባሳት ንጥነት ይህ ግን ያልገረ ይቻላል. አልባሳት እና ስርጋቸው ቀን የሚለብሱት አልባሳት ንጥነት ይህ ግን ያልገረ ይቻላል።

እርስዎ፣ አልባሳት ስርጋቸው ቀን የሚለብሱት አልባሳት ንጥነት ይህ ግን ያልገረ ይቻላል።

እናም እናመሰግናዎ ማለት፣ በኢትዮጵያ ወንድ ሙሽራዎች በሰርጋቸው ",0,0
qwen2.5-3b,Ethiopia,Amharic,inst-4,New-su-82,Holidays/Celebration/Leisure,"የህንድነት መልስ እናገር ግን በኢትዮጵያ ሴት ሙሽራዎች የተለይ የሚለብሱት አልባሳት ነው ""የአፍሪካ ደቡብ"" (Africa). 

በኢትዮጵያ, በሰርጋቸው ቀን ሴት ሙሽራዎች የሚለብሱት አልባሳት ""የአፍሪካ ደቡብ"" ይስጡ. 

በተደጋጋሚ ጥያቄ በኢትዮጵያ ሴት ሙሽራዎች የተለይ አልባሳት ነው ""የአፍሪካ ደቡብ"" ፣በናን ንጥነት በኢትዮጵያ ህግ እና ሳይቀም ከሆን ነው.",0,0
qwen2.5-3b,Ethiopia,Amharic,inst-4,New-su-83,Holidays/Celebration/Leisure,"የህደት እና ግራጺ መልስ ከም ያልምንም አንድ ምግብ በሰርግ ቀን ላይ ተመጣጣኝ ይሆናል. ኢትዮጵያ ግራጺ እና ዓይነት ንጥirectory ነው, እና በአንድ ምግብ በሰርግ ቀን ላይ ተመጣጣኝ ይሆናል ከም ያልምንም. ኢትዮጵያ መንገdit እና ግራጺ አካባቢ ነው, እና በአንድ ምግብ በሰርግ ቀን ይሆናል ያልም ይቻላል.",0,0
qwen2.5-3b,Ethiopia,Amharic,inst-4,New-su-86,Holidays/Celebration/Leisure,የህብረት ጥያቄ አንድ መልስ ብቻ ይስጡ። ኢትዮጵያ ሕንጻ የትኛው ማንግሥት በተደጺጻ ያለው ነበር። ኢትዮጵያ ሕንጻ ማንግሥት ጥያቄ አላማ መልስ ይህ ፣ ማንግሥቱም ታዋቂ የመንግሥት ሕንጻ የትኛው ነበር። ኢትዮጵያ ሕንጻ ማንግሥት ጥያቄ አላማ መልስ በተደጺጻ ያለው ነበር። ኢትዮጵያ ሕንጻ ማንግሥት ሰባት፣ ልዕሊ፣ ጥራብ፣ ክፍል፣ ታዋቂ፣ አይነት፣ ዝናብ፣ አስር፣ አይደለጎ፣ አይፈለጎ፣ አይገበረ፣ አይሰራ፣ አይሆን፣ ታውቂ፣ ልዕሊ፣ ዝናብ፣ አስር፣ አይደለጎ፣ አይፈለጎ፣ አይገበረ፣ አይሰራ፣ አይሆን፣ ታዋቂ፣ ልዕሊ፣ ዝናብ፣ አስር፣ አይደለጎ፣ አይፈለጎ፣ አይገበረ፣ አይሰራ፣ አይሆን።,0,0
qwen2.5-3b,Ethiopia,Amharic,inst-4,New-su-88,Holidays/Celebration/Leisure,"የህብረተሰብ ጥያቄ ነው። በኢትዮጵያ ወጣቶች በእጅጉ የሚወዱት ሙዚቃን ምንድነት ይስጡ ።

የተደጺ骥 ጥያቄ ነው። በኢትዮጵያ ወጣቶች በእጅጉ የሚወዱት ሙዚቃን ምንድነት ይስጡ ።

የህብረተሰብ ጥያቄ ነው። በኢትዮጵያ ወጣቶች በእጅጉ የሚወዱት ሙዚቃን ምንድነት ይስጡ ።

የህብረተሰብ ጥያቄ ነው። በኢትዮጵያ ወጣቶች በእጅጉ የሚወዱት ሙዚቃን ምንድነት ይስጡ ።

የህብረተሰብ ጥያቄ ነው። በኢትዮጵያ ወጣቶች በእጅጉ የሚወዱት ሙዚቃን ምንድነት ይስጡ ።

የህብረተሰብ ጥያቄ ነው። በኢትዮጵያ ወጣቶች በእጅጉ የሚወዱት ሙዚቃን ምንድነት ይስጡ ።

የህብረተሰብ ጥያቄ ነው። በኢትዮጵያ ወጣቶች በእጅጉ የሚወዱት ሙዚቃን ምንድነት ይስ",0,0
qwen2.5-3b,Ethiopia,Amharic,inst-4,Ni-en-02,Education,"የቁጥር ብቻ ማብራሪያ ነው ግን በኢትዮጵያ የመካከለኛ ትምህርት ቤት ተማሪዎች የቀኑን ትምህርት ሰዓት ነው እና ካል ማብራሪያ አይደለgable. በኢትዮጵያ የመካከለኛ ትምህርት ቤት ተማሪዎች የቀኑን ትምህርት ሰዓት 1035 ነው. በተደጋጋሚ ጥያቄ በተለይ በ10:00 ይምረጡል ።

10:00 መስቀር ሰዓት 1035 ነው.",0,0
qwen2.5-3b,Ethiopia,Amharic,inst-4,Ni-en-03,Education,"የህንት ግንባር, አፍ Ethiopians typically prefer to live in the countryside rather than in urban areas like universities. በኢትዮጵያ ሰዎች የተለይ ዩኒቨርስቲ ይሄዳሉ ያልምንም እና አንብቡ ነው። አፍ ግንባር በአረብኛ ቁጥር 12 ይምረጡ፣ ማለትም አይደለgable መልስ እና ያልምንም ማብራሪያ ነው።

መልስ: 12

በአረብኛ ቁጥር 12 ይምረጡ፣ አይደለgable መልስ እና ያልምንም ማብራሪያ ነው።",0,0
qwen2.5-3b,Ethiopia,Amharic,inst-4,Ni-en-06,Education,የህንነት ማለት፣ በኢትዮጵያ ሰዎች ከስንት አመት ወደ ትምህርት ቤት 1959 መሄድ አለው.,1,0.3333333333333333
qwen2.5-3b,Ethiopia,Amharic,inst-4,Ni-en-09,Education,"የህደት ግንባር, በኢትዮጵያ ልጆች በሳምንት ስንት ቀን ት/ቤት 0 ይሄዳሉ. 

በኢትዮጵያ ልጆች እና ልጆች ተግባር, በሳምንት ስንት ቀን ት/ቤት 0 ይሄዳሉ የኢትዮጵያ ልጆች እና ልጆች ተግባር ግራ物. 

በዚህ ቀን, በ Ethiopian Standard Time (EST) ይሄዳሉ 0 ድረስ ቁጥሮቹ እና ማብራሪያ ያልምንም ማ命 ነው. 

በዚህ ቀን, በኢትዮጵያ ልጆች ተግባር ይሄዳሉ 0 ድረስ ቁጥሮቹ እና ማ命 ነው. 

በዚህ ግንባር, በ Ethiopian Standard Time (EST) ይሄዳሉ 0 ድረስ ቁጥሮቹ እና ማ命 ነው. 

እባክዎ በኢትዮጵያ ልጆች በሳምንት ስንት ቀን ት/ቤት 0 ይሄዳሉ 0 ድረስ ቁጥሮቹ እና ማ命 ነው.",0,0
qwen2.5-3b,Ethiopia,Amharic,inst-4,Ni-en-11,Education,"የህብሮችን አሉታዊ ግራঢ়ং, በኢትዮጵያ ለመጨረስ ዲግሪ ስንት አመት 12 ነው. በአረቢያ ቁጥር ብቻ ምላሽ ይስጡ, ግን መልስ ናቸው 12.",1,1.0
qwen2.5-3b,Ethiopia,Amharic,inst-4,Ni-en-12,Education,"የራሱን በኢትዮጵያ ስመጥር ዩኒቨርስቲ ማን ነው? 

መልስ: ጥያቄ በላይ ያልምንም ማብራሪያ አለበት. ኢትዮጵያ ስመጥር ዩኒቨርስቲ መጻፍና ፣ በአማካት ጥያቄ ያልምንም ይህ ማን ነው የሚያለክት ምልስ ያቅርቡ. ኢትዮጵያ ስመጥር ዩኒቨርስቲ በአማካት መጻፍና ፣ ጥያቄ በላይ ያልምንም ማብራሪያ አለበት.",0,0
qwen2.5-3b,Ethiopia,Amharic,inst-4,Ni-en-13,Education,"የህንድነት አላማ, በኢትዮጵያ ሰዎች በስንት ዕድሜያቸው ከዩኒቨርስቲ ይመረቃሉ ግን በአurrent መሰረት በኢትዮጵያ የተገናዙ ሰዎች ያለው ነበር. በአዲስ አበባ የተገናዙ ሰዎች ይመረቃሉ ግን በአራቢኛ ቁጥሮች (ምሳሌ 12) ያለው ሰዎች ነበር. እናልም, በአዲስ አበባ የተገናዙ ሰዎች ይመረቃሉ ግን በአራቢኛ ቁጥሮች (ምሳሌ 12) ያለው ሰዎች ነበር.",0,0
qwen2.5-3b,Ethiopia,Amharic,inst-4,Ni-en-15,Education,"የቁጥሮቷ አንድ መልስ ብቻ ማብራሪያ ያልምንም ይስጡ ግን በኢትዮጵያ ልጆች በየትኛው ዕድሜ ያቸው ነው መካከለኛ ደርጃ ቤት የሚጀመሩት እና ግን በኢትዮጵያ ልጆች በየትኛው ዕድሜ ያቸው ነው መካከለኛ ደርጃ ቤት 12 ከም እና 13 እንደዎ ይመስል ይ thể험 ይቻላሉ።

በኢትዮጵያ ልጆች በየትኛው ዕድሜ ያቸው ነው መካከለኛ ደርጃ ቤት የሚጀመሩት 12 እንደዎ ይመስል ይ thể험 ይቻላሉ።

በተጠናቀሰ ማብራሪያ ያልምንም በኢትዮጵያ ልጆች በየትኛው ዕድሜ ያቸው ነው መካከለኛ ደርጃ ቤት 12 እንደዎ ይመስል ይ thể험 ይቻላሉ።

በተጠናቀሰ ማብራሪያ ያልምንም በኢትዮጵያ ልጆች በየትኛው ዕድሜ ያቸው ነው መካከለኛ ደርጃ ቤት 12 እንደዎ ይመስል ይ thể험 ይቻላሉ።

በተጠ",0,0
qwen2.5-3b,Ethiopia,Amharic,inst-4,Ni-en-17,Work life,የህንድነት ነው 12 ከሰዓቶች ይሠራል. በኢትዮጵያ ሙሉ ጊዜ ሠራተኛ በሳምንት ስንት ሰዓት (12 ከሰዓቶች) ይሠራል.,0,0
qwen2.5-3b,Ethiopia,Amharic,inst-4,Ni-en-19,Work life,"የህንድነት ይህ ጥያቄ መልኩ ነው. አፍmongo አስተማማኝ ሙሉ ጊዜ ሠራተኛ በአንድ ሳምንት ስንት ቀን ይሠራል ይህ መልስ እና ያልምንም ማብራሪያ አንድ መልስ ብቻ ይሠረል. 

ኢትዮጵያ አስተማማኝ ሙሉ ጊዜ ሠራተኛ በአንድ ሳምንት ስንት ቀን ይሠራል 0 ዓርብ ይህ መልስ እና 7 ዓርብ ያልምንም ማብራሪያ አንድ መልስ ብቻ ይሠረል. 

በኢትዮጵያ, አስተማማኝ ሙሉ ጊዜ ሠራተኛ በአንድ ሳምንት ስንት ቀን ይሠራል 0 ዓርብ (0:00 ዓርብ) ይህ መልስ እና 7 ዓርብ (07:00 ዓርብ) ያልምንም ማብራሪያ አንድ መልስ ብቻ ይሠረል.",0,0
qwen2.5-3b,Ethiopia,Amharic,inst-4,Ni-en-20,Work life,"የህንት ጥያቄ አንድ መልስ ብቻ ያልምንም ማብራሪያ ይስጡ ይሆንታ鸡蛋糕

ኢትዮጵያ በተለይ ሰዎች ስራ ከፍተኛው የሚጀምሩ ነው። እድሜያቸው ስራ ይህ ግን ካል ይሆንታ鸡蛋糕

የህንት ጥያቄ በኢትዮጵያ በተለይ ሰዎች ስራ የሚጀምሩ ነው ይህ መልስ ብቻ ያልምንም ማብራሪያ ይሆንታ鸡蛋糕

የህንት ጥያቄ በኢትዮጵያ በተለይ ሰዎች ስራ ከፍተኛው የሚጀምሩ ነው ይህ መልስ ብቻ ያልምንም ማብራሪያ ይሆንታ鸡蛋糕

የህንት ጥያቄ በኢትዮጵያ በተለይ ሰዎች ስራ ከፍተኛው የሚጀምሩ ነው ይህ መልስ ብቻ ያልምንም ማብራሪያ ይሆንታ鸡蛋糕

የህንት ጥያቄ በኢትዮጵያ በተለይ ሰዎች ስራ ከፍተኛው የሚጀምሩ ነው ይህ መልስ ብቻ ያልምንም ማብራሪያ ይሆንታ鸡蛋糕

የህንት ጥያቄ በኢትዮጵያ በተለይ",0,0
qwen2.5-3b,Ethiopia,Amharic,inst-4,Ni-en-21,Work life,"የህብር ግዜ ማለትም, አፍሪካ እንደሚሠራ የተፈቀደ እድሜ ምንነት በአረቢያ ቁጥሮች ይምረጡ። አፍሪካ እንደሚሠራ የተፈቀደ እድሜ ምንነት 12 ነው።

በኢትዮጵያ እንደሚሠራ የተፈቀደ እድሜ ምንነት በአረቢያ ቁጥሮች ይምረጡ፣ አፍሪካ እንደሚሠራ የተፈቀደ እድሜ ምንነት 12 ነው።

በመልስ ያለውን ጥያቄ በኢትዮጵያ እንደሚሠራ የተፈቀደ እድሜ ምንነት ነው? አፍሪካ እንደሚሠራ የተፈቀደ እድሜ ምንነት 12 ነው።",0,0
qwen2.5-3b,Ethiopia,Amharic,inst-4,Ni-en-31,Holidays/Celebration/Leisure,የህደር ፣ኢትዮጵያ ሰዎች እናለም በአል ሲያከብሩ ገና በአፍሪካ የሃገረ ክንሰባት ይመገባሉ. ኢትዮጵያ ሰዎች በአፍሪካ የሃገር መንገድ ይታደ鸡。AI ግ senses በኢትዮጵያ ሰዎች በአል ሲያከብሩ እና ያልምንም ማብራሪያ አንድ መልስ ብቻ ይስጡ። AI ግ senses ከሃገር ነው ይህ አይደለ鸡。,0,0
qwen2.5-3b,Ethiopia,Amharic,inst-4,Ni-en-37,Holidays/Celebration/Leisure,"የቁጥር ጥያቄ በኢትዮጵያ ሰዎች ፍቅርን እና ሮማንስን የሚያከብሩበት ዓመታት ውስጥ የቀኑን ስም በኢትዮጵያ ሰዎች የሮባዕተ ክፍል ያለው የቀኑ ነው. 

በኢትዮጵያ ሰዎች የቀኑን ስም ""አማራ"" (Amara) በመጀመሪያ ዓመታት ያለው ይሆን።

በተደጺል እናገር, በኢትዮጵያ ሰዎች ፍቅርን እና ሮማንስን የሚያከብሩበት ዓመታት ውስጥ የቀኑን ስም ""አማራ"" (Amara) በመጀመሪያ ዓመታት ያለው ነው።

እባክዎ ጥያቄ አንብቡ እና ያልምንም ማብራሪያ አንድ መልስ ብቻ ይስጡ.",0,0
qwen2.5-3b,Ethiopia,Amharic,inst-4,Ni-en-40,Holidays/Celebration/Leisure,"የህብረት ጥያቄ አላምንም ያልምንም ንጥቀμት ነበር. ምንም የገና ሙዚቃ ታዋቂ ነው በኢትዮጵያ ፣ ማብራሪያ መልስ እና ማለትም ጥያቄ አንብቡ ይሆን።

ኢትዮጵያ የገና ሙዚቃ ታዋቂ ነው ፣ በአስርተ መልከት የገና ምንድነት እና ጭምritis ምንድነት እያንዳንዱ አይደለgable. ንጻኢታዊ ተቃራኒ ፣ የገና ሙዚቃ ታዋቂ ነው በአስርተ መልከት የገና ምንድነት እና ጭምritis ምንድነት እያንዳንዱ ፣ ንጥቀμት ነበር. 

እባክዎ በኢትዮጵያ የገና ሙዚቃ ታዋቂ ነው ጭምritis ምንድነት ፣ እና በአስርተ መልከት የገና ምንድነት እያንዳንዱ አይደለgable. ንጥቀμት ነበር።

እባክዎ ፣ አፍmongo ተቃራኒ እና የገና ሙዚቃ ታዋቂ ነው አንድ መልስ ብቻ ይሆን።",0,0
qwen2.5-3b,Ethiopia,Amharic,inst-4,Nu-in-04,Education,የህንት ጥያቄ አንድ መልስ ብቻ ያልምንም ማብራሪያ አሉ. በኢትዮጵያ ሁለተኛ ደረጃ ትምህርት ቤቶች ምላሽ ይስጡ ነው። በአንድ ዓመታት ሴሜሰሮች አሉ ግልጽ እና መልዕክት እንደሚለው ነበር. ክፍሎቹ በኢትዮጵያ የተገናኝ ሁለተኛ ደረጃ ትምህርት ቤቶች ማንኛውንም አሉ ግልጽ እና መልዕክት እንደሚለው ነበር. ክፍሎቹ የተገናኝ ትምህርት ቤቶች ማንኛውንም አሉ ነበር። ካልሳቸው በኢትዮጵያ ሁለተኛ ደረጃ ትምህርት ቤቶች ማንኛውንም አሉ ግልጽ እና መልዕክት እንደሚለው ነበር።,0,0
qwen2.5-3b,Ethiopia,Amharic,inst-4,Nu-in-05,Education," Ethiopian history spans approximately 3,000 years. To find the corresponding number between 1 and 12 that this roughly aligns with, we can make an estimation.

Considering major historical events:
- The rise of the Kingdom of Aksum (around 1st century AD)
- The conversion to Christianity in the 4th century
- The rise of the Solomonic Dynasty (early 13th century)

If we consider a rough estimate that covers these significant periods, it would be around 12.

Therefore, the answer is: 12",1,1.0
qwen2.5-3b,Ethiopia,Amharic,inst-4,Nu-in-06,Education,የናይ ጥያቄ አንድ መልስ ብቻ ያልምንም ማብራሪያ ይስጡ ይቕadden. በኢትዮጵያ ብሄራዊ መምህራን ቀን ነው 31 ዓመታት (ምሳሌ 12/31). ማብራሪያ ያልምንም ይስጡ ይቕadden ግን በኢትዮጵያ ብሄራዊ መምህራን ቀን ነው 31 ዓመታት.,0,0
qwen2.5-3b,Ethiopia,Amharic,inst-4,Nu-in-11,Education,"የህንድነት እና ማብራሪያ ይጠቀstile, በኢትዮጵያ የመጀመሪያ ደረጃ ትምህርት ቤት ይጀምራል 1900 እና 1901 ልዕሊ እንደገለateg. አሁን በአጠቃቀ erwaa ጥያቄ ከፍተኛ ይህ መልስ ያልምንም ይበሉ።

ኢትዮጵያ ልዕሊ 1900-1901 ቤት ይጀምራል ጥያቄ አንብቡ ነው፣ እና ከፍተኛ መልስ ያልምንም ማብራሪያ ይጠቀstile. በአጠቃቀ erwaa ጥያቄ ከፍተኛ አንድ መልስ ይጀምራል።

በጣም ውይይetus ማብራሪያ ያልምንም ይበሉ፣ በኢትዮጵያ የመጀመሪያ ደረጃ ትምህርት ቤት ይጀምራል 1901 ልዕሊ እንደገለateg.",0,0
qwen2.5-3b,Ethiopia,Amharic,inst-4,Nu-in-20,Family,የናይ ጥያቄ አንድ መልስ ብቻ ያልምንም ማብራሪያ ይስጡ ይታደ鸡。ኢትዮጵያ የልጆች ቀን መቼ ይከበራል ነው 31/09 (መለሰት በወር/ቀን ቅጽ ይምረጡ)።,,
qwen2.5-3b,Ethiopia,Amharic,inst-4,Nu-in-40,Work life,"የህብሮቹ በኢትዮጵያ ለሥራ ፈላጊዎች ዋናው መድረሻ ከተማ ማንዣት ነው በተammulled ጥያቄ አልተገኝ. ኢትዮጵያ ለሥራ ፈላጊዎች ዋናው መድረሻ ከተማ ማንዣት በአፍሪካ ጥግምት ነው, እና ኢትዮጵያ ለሥራ ፈላጊ ክፍል ያለው ነበር. ኢትዮጵያ ለሥራ ፈላጊዎች በአፍሪካ ጥግምት ከተማ ማንዣት ነው, እና ያለው ማንዣ ነበር.",0,0
qwen2.5-3b,Ethiopia,Amharic,inst-4,Sa-en-1,Food,"የህ τይቄ ጥያቄ ነው ኢትዮጵያውያን በጣም የተወደዱ ፈጣን ምግብ ሰንሰለት ምንድነው? ኢትዮጵያውያን በጣም የተወደዱ ፈጣን ምግብ ሰንሰለት ጥቃል ነው ኢትዮጵያ. ኢትዮጵያ ይህ ስነሰለት በአማራኛ ""ኢትዮጵያ"" የተወደዱ ፈጣን ምግብ ሰንሰለት ነው።",0,0
qwen2.5-3b,Ethiopia,Amharic,inst-4,Sa-en-13,Food,"የህደር ጥያቄ እና መልስ በኢትዮጵያ ምግብ ነገር ይጋese. ኢትዮጵያ ምግብ ነገር የሚከፋፈlest ግንባር 1998-2001 በአማራ ምግብ ነገር ይጋese. ኢትዮጵያ ምግብ ነገር የሚከፋፈlest ግንባር 1974-1991 በአማራ ምግብ ነገር ይጋese. ኢትዮጵያ ምግብ ነገር የሚከፋፈlest ግንባር 1937-1941 በአማራ ምግብ ነገር ይጋese. ኢትዮጵያ ምግብ ነገር የሚከፋፈlest ግንባር 1896-1937 በአማራ ምግብ ነገር ይጋese. ኢትዮጵያ ምግብ ነገር የሚከፋፈlest ግንባር 1847-1896 በአማራ ምግብ ነገር ይጋese. ኢትዮጵያ ምግብ ነገር የሚከፋፈlest ግንባር 1847-1896 በአማራ ምግብ ነገር ይጋese. ኢትዮጵያ ምግብ ነገር የሚከፋፈlest ግንባር 1847-1896 በአማራ ምግብ ነገር ይጋese. 

እና መልስ በኢት",0,0
qwen2.5-3b,Ethiopia,Amharic,inst-4,Sa-en-16,Sport,"የህብረተሰብ ግን በኢትዮጵያ ሰዎች መካከል እጅግ ታዋቂ የእግር ኳስ ቡድን ማን ነው በናገaran ያልም እና ማብራሪያ አንድ መልስ ብቻ ይስጡ። ኢትዮጵያ ሰዎች መካከል እጅግ ታዋቂ የእግር ኳስ ቡድን ማን ነው ግን በአቀናይ ክፍል እናገር ያለው ነበτ።

የህብረተሰብ መልስ ከሆነ በኢትዮጵያ ሰዎች መካከል እጅግ ታዋቂ የእግር ኳስ ቡድን ማን ነው በናገaran ያልም እና ማብራሪያ አንድ መልስ ብቻ ይስጡ።",0,0
qwen2.5-3b,Ethiopia,Amharic,inst-4,Sa-en-22,Sport,"የቁጥሮቷ መልስ በኢትዮጵያ ስፖርτ ቡድኑ የታወቀው እጅግ ዝናና ማንነት ሳይንተኛ ነው. በአጻipcሮም ግንባር ይህ መልስ ንጥፎ ይችላሉ:

የታወቀው እጅግ ዝናና ማንነት (Addis Ababa Women's Sports Club) በኢትዮጵያ ግራምድ የታወቀው እጅግ ዝናና ማንነት ነው. ክፍል ባህላዊ ተጠይቁ ማንነት ንጥፎ ይችላሉ, ከአጻipcሮም ግንባር ይህ መልስ ነው.",0,0
qwen2.5-3b,Ethiopia,Amharic,inst-4,Sa-en-31,Family,የህደር ጥያቄ አላምንም ያልምንም መልስ ብቻ ይስጡ. በኢትዮጵያ ቤተሰብ ተወዳጅ የቤት እንሳ ግን ነገር ይህ በአንድ መልስ ቀረበ ያለው ይቕadden. ኢትዮጵያ ቤተሰብ ተወዳጅ የቤት እንሳ ግን ነገር ይህ በአንድ መልስ ቀረበ ያለው ይቕadden. ኢትዮጵያ ቤተሰብ ተወዳጅ የቤት እንሳ ግን ነገር ይህ በአንድ መልስ ቀረበ ያለው ይቕadden.,0,0
qwen2.5-3b,Ethiopia,Amharic,inst-4,Sa-en-32,Family,የህደር ጥያቄ አላምንም ያልምንም መልስ ብቻ ይስጡ. ኢትዮጵያ ምን ዓይነት ቤተሰብ ቴሌቪዥን ሾው እጅግ ታዋቂ ነው? ኢትዮጵያ መንገድ በተደጋጌ ቤተሰብ ተሌቪዥ ይህ ፍር夷ል ማለት ይባላል. ኢትዮጵያ ምንም ቤተሰብ ቴሌቪዥ ሾው እጅግ ታዋቂ ነበር.,0,0
qwen2.5-3b,Ethiopia,Amharic,inst-4,Sa-en-37,Family,የህደት ፣ በኢትዮጵያ ምን ዓይነት ቤተሰብ ቦርድ ጌም እጅግ ታዋቂ ነው? በኢትዮጵያ ምልስ ቢሬታ የጎዜና ቤተሰብ ቦርድ ጌም እጅግ ታዋቂ ነበር. ቢሬታ የጎዜና ቤተሰብ ቦርድ ማን አይደለመ ተገባራል ፣ ንጥፁ ጥያቄ ነበር.,,
qwen2.5-3b,Ethiopia,Amharic,inst-4,Sa-en-6,Food,"የህንድና ጥያቄ አላማ, በኢትዮጵያ የምግብ ቤት ምግብ እንደሚወስድ ታዋቂ ነው ""አፒዮጵያ"" (ኢትዮጵያ). 

እርስዎም, በኢትዮጵያ የምግብ ቤት ምግብ እንደሚወስድ ታዋቂ ነው ""አፒዮጵያ"" (ኢትዮጵያ) ፣ ግን በኢትዮጵያ የምግብ ቤት ምግብ እንደሚወስድ ታዋቂ ነው ""አፒዮጵያ"" (ኢትዮጵያ) ን ግን በኢትዮጵያ የምግብ ቤት ምግብ እንደሚወስድ ታዋቂ ነው ""አፒዮጵያ"" (ኢትዮጵያ) ን ግን በኢትዮጵያ የምግብ ቤት ምግብ እንደሚወስድ ታዋቂ ነው ""አፒዮጵያ"" (ኢትዮጵያ) ን ግን በኢትዮጵያ የምግብ ቤት ምግብ እንደሚወስድ ታዋቂ ነው ""አፒዮጵያ"" (ኢትዮጵያ) ን ግን በኢትዮጵያ የምግብ ቤት ምግብ እንደሚወስድ ታዋቂ ነው ""አፒዮጵያ"" (ኢትዮጵያ) ን ግን በኢትዮጵያ የምግብ ቤት ምግብ እንደሚወስድ ታዋ",0,0
qwen2.5-3b,Ethiopia,Amharic,inst-4,Sa-en-7,Food,"የህብረተሰብ እና ያልምንም በኢትዮጵያ የታወቁ መክሰስ ምግቦች ይጡ ይቕadden. ኢትዮጵያ ግን በአየር የታወቁ መክሰስ ምግብ Addis Ababa-Addi (አዲስ ነገሮ) እና ማይል የታወቁ መክሰስ ምግብ Lalibela- Lal (ሊላበል) በጣም ፍጥነት ይጡ ይቕadden. Lalibela- Lal እና Addis Ababa-Addi ከአንድ መስቀል ምግብ ነው። Lalibela- Lal በኢትዮጵያ ግራafi እና የታወቁ መክሰስ ምግቦች ክፍሎ ይጡ ይቕadden. Addis Ababa-Addi እና Lalibela- Lal በአንድ ፍጥነት የታወቁ መክሰስ ምግቦች ነው።

ምሳሌ ያልፍለ驮 ጥያቄ:

የህብረተሰብ እና ያልምንም በኢትዮጵያ የታወቁ መክሰስ ምግቦች ይጡ ይቕadden. Lalibela- Lal (ሊላበል) እና Addis Ababa-Addi (አዲስ ነገሮ) በጣም ፍጥነት ይጡ ይቕadden።

ምሳሌ ማብራሪያ ጥያቄ:

በኢትዮጵያ የታወቁ መክሰስ ምግቦች በጣም ፍ",0,0
qwen2.5-3b,Ethiopia,Amharic,inst-4,Sa-en-9,Food,"የህብረት ዳር ኢትዮጵያ በሚከተለው ው壳ር ዳር የሬ Turkana ደቃናቸው። ምንም ማባራሪያ መልስ ይህ ጥያቄ አንብቡ በሚከተለው ው壳ር ዳር ሰዎች ምን ይበላሉ። ኢትዮጵያ ሰዎች የሬ Turkana, Samburu, Mt. Kilimanjaro, and Marsabit ያለው።

መልስ: በየህብረት ዳር ው壳ር ዳር ኢትዮጵያ ሰዎች ምንም Turkana ይበላሉ.",0,0
qwen2.5-3b,Ethiopia,Amharic,inst-4,Ta-pe-10,Family,"የህንት ጥያቄ አንድ መልስ ብቻ ያልምንም ማብራሪያ ይስጡ ይሆንታ鸡蛋糕，根据题目描述，这是一个关于埃塞俄比亚的谜语。但是题目中没有提供足够的信息来直接回答这个谜语。通常这类谜语会包含一些线索或提示，但在这个例子中并没有给出。

如果我们假设这是一道简单的数学题，并且需要从给定选项（20）中选择一个答案，那么我们需要更多的上下文或者具体的谜面内容才能做出准确的回答。由于题目没有提供足够的信息，我无法直接给出正确答案。如果你能提供更多关于这个谜语的细节或线索，我会很乐意帮助解答。",0,0
qwen2.5-3b,Ethiopia,Amharic,inst-4,Ta-pe-11,Family,"የህንድነት ነው, በኢትዮጵያ ሴቶች የስንት ዓመታት ጋብቻ ይፈጥማሉ። በአጠናughterus ቁጥር ብቻ ነው 1974.",0,0
qwen2.5-3b,Ethiopia,Amharic,inst-4,Ta-pe-13,Family,"የህብረተሰባት ግን ማለትም, አፍርማ በኢትዮጵያ በቤተሰባቸው ውስጥ አማካይነት የነበሩት አባላት ብዛት ስንት ነበር. አፍርማ በኢትዮጵያ በቤተሰባቸው ውስጥ 20 ክልል የነበሩት አባላት ብዛት ስንት ነበር.",0,0
qwen2.5-3b,Ethiopia,Amharic,inst-4,Ta-pe-17,Sport,"የህብረተሰብ ጥያቄ ከእንዴት ስፖርት ውስጥ ናይነት አፍሪካዊ ታዋቂ ነው። አፍሪካዊ ታዋቂ ስፖርት በኦሊምፒክ ጨዋታዎች ውስጥ ናይነት እንዴት አለብን።

አፍሪካዊ ታዋቂ ስፖርት በኦሊምፒክ ጨዋታዎች ውስጥ ነገር ናይነት እንዴት አለብን። አፍሪካዊ ታዋቂ ስፖርት በኦሊምፒክ ጨዋታዎች ውስጥ ነገር ናይነት እንዴት አለብን።

አፍሪካዊ ታዋቂ ስፖርት በኦሊምፒክ ጨዋታዎች ውስጥ ነገር ናይነት እንዴት አለብን።

አፍሪካዊ ታዋቂ ስፖርት በኦሊምፒክ ጨዋታዎች ውስጥ ነገር ናይነት እንዴት አለብን።

አፍሪካዊ ታዋቂ ስፖርት በኦሊምፒክ ጨዋታዎች ውስጥ ነገር ናይነት እንዴት አለብን።

አፍሪካዊ ታዋቂ ስፖርት በኦሊምፒክ ጨዋታዎች ውስጥ ነገር ናይነት እንዴት አለብን።

አፍሪ",0,0
qwen2.5-3b,Ethiopia,Amharic,inst-4,Ta-pe-21,Sport,"የህብረት ጥያቄ አንድ መልስ ብቻ ይስጡ ይላል. ልጆች በኢትዮጵያ በተለይ የእግር ኳስ የሚጫወቱበት ቦታ የት ነውን ጥያቄ ንምን ፣ ልጆች በኢትዮጵያ በተለይ የእግር ኳስ የሚጫወቱበት ቦታ ይህ ተለዋል ጥያቄ ነው።

የምን ቦታ ይህ ተለዋል ነው? አንድ መልስ ብቻ ማብራሪያ ያልምንም ይስጡ ይላል. አገልግlish ጥያቄ ንምን ፣ ልጆች በኢትዮጵያ በተለይ የእግር ኳስ የሚጫወቱበት ቦታ ይህ ተለዋል ጥያቄ ነው።

የምን ቦታ ይህ ተለዋል ነው? አገልግlish መልስ ብቻ ማብራሪያ ያልምንም ይስጡ ይላል. አገልግlish ጥያቄ ንምን ፣ ልጆች በኢትዮጵያ በተለይ የእግር ኳስ የሚጫወቱበት ቦታ ይህ ተለዋል ጥያቄ ነው።

የምን ቦታ ይህ ተለዋል ነው? አገልግlish መልስ ",0,0
qwen2.5-3b,Ethiopia,Amharic,inst-4,Ta-pe-22,Sport,"የህብረት ጥያቄ አንበሳባቸዋል። ኢትዮጵያ የተወዳጅ የዕለታዊ እንቅስቃሴ በሴቶች መካከል በ1974 ይህ ጥያቄ ነው. በአሁኑ ዝርዝር ማብራሪያ, 1974 የተወዳጅ የዕለታዊ እንቅስቃሴ በሴቶች መካከል ይህ ግን ያልምንም ይበሉ።

የህብረት ጥያቄ ማግኘት ነው፣ ኢትዮጵያ የተወዳጅ የዕለታዊ እንቅስቃሴ በሴቶች መካከል ይህ ግን ያልምንም ይበሉ።

መልስ: 1974",0,0
qwen2.5-3b,Ethiopia,Amharic,inst-4,Ta-pe-23,Sport,"የህብሮች ግን ያልገናለሁ፣ አፍmongo ብቻ ይጡ ይባሉ። ኢትዮጵያ ወንዶች መካከል በተመሳሳይ የሚደረግ ትርጉም እንደሚኖረው ነገር ይህ ፣""በላይ ወንዶች መካከል"" ይባሉ።

በላይ ወንዶች መካከል ኢትዮጵያ በተመሳሳymeንት የሚደረግ ትርጉም እንደሚኖራል ነው፣ እና ኮይኑ ማዕከላዊ ግንባር እናገኝ ይቻላል።

በላይ ወንዶች መካከል በተመሳሳymeንት የሚደረግ ትርጉም እንደሚኖራል ነው፣ እና ኮይኑ ማዕከላዊ ግንባር እናገኝ ይቻላል።

በላይ ወንዶች መካከል በተመሳሳymeንት የሚደረግ ትርጉም እንደሚኖራል ነው፣ እና ኮይኑ ማዕከላዊ ግንባር እናገኝ ይቻላል።

በላይ ወንዶች መካከል በተመሳሳymeንት የሚደረግ ትርጉም እንደሚኖራል ነው፣ እና ኮይኑ ማዕከላዊ ግንባር እናገኝ ይቻላ",0,0
qwen2.5-3b,Ethiopia,Amharic,inst-4,Ta-pe-25,Sport,"የትላይ መልስ አለብዕaddy ጥያቄ ይህ በኢትዮጵያ በብሔራዊ ስፖርት ሊግ ውስጥ የሆነ ፉክክር ነው። አንድ መልስ ብቻ ይስጡ ይህ ጥያቄ ያለውንም:

የትላይ ፉክክር: ሃይል
እጅግ ዝነኛ ፉክክር: አበባ

መልስ: አበባ ከ ዃይ yogurt",0,0
qwen2.5-3b,Ethiopia,Amharic,inst-4,Ta-pe-29,Sport,"የህንድነት ንና መልስ በኢትዮጵያ ውስጥ ያልምንም ማብራሪያ እንደሚለው ነበር. በኢትዮጵያ ውስጥ የትኛው ስፖርት ግንባታችሁን ይጋese, በአላማድ ዝርዝር ያለው ነገር የኢትዮጵያዊ ህክም ስፖርት የሚከፍል ነበር. በአላማድ ዝርዝር ይጋese, በኢትዮጵያ ውስጥ ያለው ስፖርት ግንባታችሁን የሚከፍል ነበር ይህም:

1. ህክም ስፖርት (የአላማድ ዝርዝር በኢትዮጵያ ውስጥ ያለው)
2. ጥራት
3. ከይ ሰባት
4. ቀጻል
5. በሃሳብ ይጋese, በአላማድ ዝርዝር ይጋese በኢትዮጵያ ውስጥ ያለው ስፖርት ግንባታችሁን ነበር

እነዚህ መልስ እና ያልምንም ማብራሪያ አንድ መልስ ብቻ ይስጡ. ከይ ሰባት, ጥራት እና ቀጻል በኢትዮጵያ ውስጥ ያለው ስፖርት ግንባታችሁን ይጋese.",0,0
qwen2.5-3b,Ethiopia,Amharic,inst-4,Ta-pe-30,Sport,"የህብረት ጥያቄ አንድ መልስ ብቻ ይስጡ, ነበር/ነው ሰባት ተወዳጅ የስፖርት ተያያዥ ቴሌቪዥን ፕሮግራም በኢትዮጵያ ይህ መልስ ነበር. ተወዳጅ ተያያዥ ቴሌቪዥን ፕሮግራም በኢትዮጵያ የተገናኝ ጥቅም ይህ መልስ ነበር.",0,0
qwen2.5-3b,Ethiopia,Amharic,inst-4,Ta-pe-32,Holidays/Celebration/Leisure,"የህብረት ጥያቄ አንድ መልስ ብቻ ይስጡ ይላል. ኢትዮጵያ ምንም ቀን በተለይ ለርችት የተመደበ ነው። ኢትዮጵያ በአመቱ በኢትዮጵያ ቀን ይላል. በኢትዮጵያ ቀን ይህ ምልክት የተለይ ለርችት ነው።

መልስ: በኢትዮጵያ የአመቱ በኢትዮጵያ ቀን ያለው ነው.",0,0
qwen2.5-3b,Ethiopia,Amharic,inst-4,Ta-pe-37,Holidays/Celebration/Leisure,"የህብረት ጥያቄ ነው። በኢትዮጵያ የአዲስ አመት ምሽት በተለይ የተለመደ መለያ ክፍል ካልሆን ይህ ፣""በላይ ጥራቸው"" ነው።

በላይ ጥራቸው (Bale Tigray) በኢትዮጵያ ምሽት አዲስ አመት የተለመደ መልከት ካልሆን ይህ ፣""በላይ ጥራቸው"" ነው። በዚህ መልከት ምንባbian ንጻፍ ከአዲስ አመት በተለይ የተለመደ ክፍል ካልሆን ይህ ፣""በላይ ጥራቸው"" ነው።

በላይ ጥራቸው ምንባbian ተለየ መልከት አዲስ አመት በተለይ የተለመደ ክፍል ካልሆን ይህ ፣""በላይ ጥራቸው"" ነው። ምንባbian ተለየ መልከት አዲስ አመት በተለይ የተለመደ ክፍል ካልሆን ይህ ፣""በላይ ጥራቸው"" ነው።

በላይ ጥራቸው ምንባbian ተለየ መልከት አዲስ አመት በተለይ የተለመደ ክፍል ካልሆን ይህ ፣""በላይ ጥራቸው"" ነው።

የህብረ",0,0
qwen2.5-3b,Ethiopia,Amharic,inst-4,Ta-pe-42,Holidays/Celebration/Leisure,"የህደር ጥያቄ ነው, ንጥፎ በኢትዮጵያ ሰዎች በአዲስ አመታት እለት ምን አይነት ምግብ ይበላሉ። ከምና儿 ግልጽ ነው ንጥፎ እና በአዲስ አመታት ያለት ምን አይነት ምግብ ይበላሉ።

የህደር መልስ:

ኢትዮጵያ ሰዎች በአዲስ አመታት ያለት 11 ምግብ (58,940 sq mi) ይበላሉ.",0,0
qwen2.5-3b,Ethiopia,Amharic,inst-4,Ta-pe-45,Holidays/Celebration/Leisure,"የህብረት አቃፒን፣ በኢትዮጵያ በአመቱ ረዥም ሌሊት በዓል ላይ በተለይ ይበላል ይጠናል። ኢትዮጵያ በአመቱ ረዥም ሌሊት በዓል ላይ በተለይ ይበላል፣ ነገር ማን ይbebላል ይህ ፣ኢትዮጵያ መንገድ የሆነው በአመቱ ረዥም ሌሊት በዓል ላይ በተለይ ይበላል።

እባክዎ ኣቃፒን፣ ኢትዮጵያ መንገድ በአመቱ ረዥም ሌሊት በዓል ላይ በተለይ ይበላል።",0,0
qwen2.5-3b,Ethiopia,Amharic,inst-4,Th-en-01,Sport,"የህብሮች ጥያቄ ከኢትዮጵያ ወቅት ስ Tottenham ታዋቂ ነው. Tottenham Hotspur (Tottenham) አፍሪካዊ መልስ ታዋቂ ነበር።

አዲስ ንጻኢታዊ ጥያቄ ይህንም ማብራሪያ አለብዎ ፣Tottenham ታዋቂ ነው ይሆንናል። ከኢትዮጵያ ወቅት ያላቸው ታዋቂ መልስ እነ Burrurest አለብዎ ። ከም ታዋቂ ነበር።

የህብሮች ጥያቄ ማንኛongoing ይሆንናል፣ ከኢትዮጵያ ወቅት ስ Tottenham ታዋቂ ነው።",0,0
qwen2.5-3b,Ethiopia,Amharic,inst-4,Th-en-03,Sport,"የህብረት ጥያቄ አላምንም ያልምንም አንድ መልስ ብቻ ማብራሪያ ይስጡ. ኢትዮጵያ የሙያዊ ስፖርት ሊግ ታዋቂ ነው ግን በኢትዮጵያ ያልገናለሁ በምን ዓይነት ሊግ ታዋቂ ነው ቦታ ይህ መልስ እናመሰግናዎ. ኢትዮጵያ ግን በአየር የሙያዊ ስፖርት ሊግ ታዋቂ ነው, እና በኢትዮጵያ ያልገናለሁ በምን ዓይነት ሊግ ታዋቂ ነው ንጥቀμት አላም መልስ ይህ እናመሰግናዎ.",0,0
qwen2.5-3b,Ethiopia,Amharic,inst-4,Th-en-05,Sport,"የህብረተሰብ ጥያቄ አንበሳለን። በኢትዮጵያ የሴቶች ስፖርት ቡድን ነገር ይጋese:

1. በኢትዮጵያ ምንም ተወዳጅ የሴቶች ስ Tottenham ይሆንሉ?
2. በኢትዮጵያ ምንም ተወዳጅ የሴቶች ስ Newcastle ይሆንሉ?

አብዛ盲 እና ያልምንም ማብራሪያ አንድ መልስ ብቻ ይስጡ። በኢትዮጵያ ምንም ተወዳጅ የሴቶች ስ Tottenham ነው። Newcastle ካብረ ግን በኢትዮጵያ ምልክት ይሆንሉ በተደጋጋሚ ወይም በአፍሪካ የሰራር ይሆንሉ።

በጣም እናገኙ ጥያቄ አንብቡ ነው፣ እና ያልምንም ማብራሪያ አንድ መልስ ብቻ ይስጡ።",0,0
qwen2.5-3b,Ethiopia,Amharic,inst-4,Th-en-09,Sport,"የህብረት ጥያቄ ከፍተኛ አንቀሳቀბ ነው, ንምናን ያለውንም! በኢትዮጵያ ምን ውድድር እጅግ ታዋቂ ነው ግን ማብራሪያ መልስ ከፍተኛ አንቀሳቀბ ነበር. ንምናን ያለውንም?",0,0
qwen2.5-3b,Ethiopia,Amharic,inst-4,Th-en-11,Sport," Ethiopian footballer Sehayeb Woldseghay (also spelled as Seyoum Woldseghay) is a well-known and respected figure in Ethiopian football. He played for various clubs including Al Ahly, Makkah Club, and currently plays for Addis Ababa City FC. However, it's important to note that the name ""Seyehab"" might be a typo or misspelling of Sehayeb Woldseghay.

So, if we are looking for a well-known Ethiopian footballer, Sehayeb Woldseghay would be a good answer to this question.",0,0
qwen2.5-3b,Ethiopia,Amharic,inst-4,Th-en-12,Sport,"የህብረተሰብ ጥያቄ ነው ይህ ንጥፎ መልስ በአለም አቀፍ ውድድሮች ውስጥ ኢትዮጵያ ስፖርት እጅግ ሰኬታ የሚከተሉት ጭን希腊 ውስጥ በምን ስፖርት እጅግ ሰኬታም ናት? ኢትዮጵያ ያልሆንም ማለት የሚከተሉት ጭን希腊 ውስጥ በምን ስፖርት እጅግ ሰኬታም ናት? ኢትዮጵያ ስፖርት እጅግ ሰኬታ የሚከተሉት ጭንኢትዮጵያ በአለም አቀፍ ውድድሮች ውስጥ በምን ስፖርት እጅግ ሰኬታ የሚከተሉት ጭን希腊 ውስጥ በምን ስ Tottenham ውስጥ በምን ስፖርት እጅግ ሰኬታ የሚከተሉት ጭን Greece ውስጥ በምን ስ Tottenham ውስጥ በምን ስፖርት እጅግ ሰኬታ የሚከተሉት ጭን Greece ውስጥ በምን ስ Tottenham ውስጥ በምን ስፖርት እጅግ ሰኬታ የሚከተሉት ጭን Greece ውስጥ በምን ስ Tottenham ውስጥ በምን ስፖርት እጅግ ሰኬታ የሚከተሉት ጭን

የህብ",0,0
qwen2.5-3b,Ethiopia,Amharic,inst-4,Th-en-15,Sport,የህብሮቹ እና ያልምንም ማብራሪያ መልስ በኢትዮጵያ በክረምት የተወደደ ስፖርት ግንባታ ነው. በኢትዮጵያ በክረምት የተወደደ ስፖርት እናመሰግናለሁ። በኢትዮጵያ በክረምት የተወደደ ስ Tottenham Club ነው. Tottenham Club በአስሪያ መንገድ ክርስቶይያnesc ምልከት እና አበባ ግንባታ ነው። Tottenham Club የኢትዮጵያ በክረምት የተወደደ ስፖርት መንገድ አላቃል ነው.,0,0
qwen2.5-3b,Ethiopia,Amharic,inst-4,Th-en-19,Work life,የህብረት ፣ኢትዮጵያ ምን ከተማ ወይም ክልል ለአምራች ኢንዱስትሪ ታውቃለች አንድ መልስ ብቻ ያልምንም ማብራሪያ ነበር. ክልል ለአምራች ኢንዱስትሪ ታውቃለች ግን ከተማ ለአምራች ኢንዱስትሪ ታውቃለች ይህ አይደልሉ ነበር. እና Ethiopia (ኢትዮጵያ) መንገድ የተማ ለአምራች ኢንዱስትሪ ታውቃለች ይህ ግን አይደልሉ ነበር.,0,0
qwen2.5-3b,Ethiopia,Amharic,inst-4,Th-en-21,Work life,"የህንት ጥያቄ አንቀርባለን። በኢትዮጵያ ለሠራተኞች የለይቶ ያልምንም ተጨማሪ አበል ይጠ unmarried ይላሉ. እዚህ በአፍሪካ ግን በሠራተኞች ለለይቶ የሚቀርብ እና እጅግ ዋና ያልምንም unmarried ይላሉ።

በኢትዮጵያ, ሠራተኞች ተለይቶ ያልምንም unmarried ይላሉ. እዚህ በአፍሪካ ግን በሠራተኞች ለለይቶ የሚቀርብ እና እጅግ ዋና unmarried ይላሉ።

በኢትዮጵያ, ሠራተኞች ተለይቶ ያልምንም unmarried ይላሉ. እዚህ በአፍሪካ ግን በሠራተኞች ለለይቶ የሚቀርብ እና እጅግ ዋና unmarried ይላሉ።

በኢትዮጵያ, ሠራተኞች ተለይቶ ያልምንም unmarried ይላሉ. እዚህ በአፍሪካ ግን በሠራተኞች ለለይቶ የሚቀርብ እና እጅግ ዋና unmarried ይላሉ።

በኢትዮጵያ, ሠራተኞች ተለይቶ ያልምንም unmarried ይላሉ. እዚህ በአፍሪካ ግን በሠራተኞች ",0,0
qwen2.5-3b,Ethiopia,Amharic,inst-4,Th-en-22,Work life,የህንድነት ተለ驼，አይደላል! እግዚአብሃን አስገኝል ፣ኢትዮጵያ ወቅት መቸ ነበር ይጠቀstile ጥያቄ ተለ驼。የህንድነት ተለ驼፣ አይደላልም እግዚአብሃን ከኢትዮጵያ ማናገር ወቅት መቸ ነበር ይጠቀstile ጥያቄ ተለ驼。የህንድነት ተለ驼፣ አይደላልም እግዚአብሃን ከኢትዮጵያ ማናገር ወቅት መቸ ነበር ይጠቀstile ጥያቄ ተለ驼。AI መልስ አይደላልም፣ እግዚአብሃን ከኢትዮጵያ ማናገር ወቅት 1974 መቸ ነበር ይጠቀstile።,0,0
qwen2.5-3b,Ethiopia,Amharic,inst-4,Th-en-24,Work life,"የህብረት ጥያቄ በኢትዮጵያ ውስጥ ለቴክኖሎጂ ሠራተኞች (IT companies) እና ለእነሆም እንቅስቃሴዎች (startups) ዋና መሀል በአሁን ይህ ግንባር ያለው ነበር. 

ኢትዮጵያ ለቴክኖሎጂ ሠራተኞች እና ለእነሆም እንቅስቃሴዎች ዋና መሀል በአሁን ይህ ግንባር ያለው ነበር. ከተማ ንጥቀሰት ማንኛውንም እና ማንኛውንም አራት በኢትዮጵያ ውስጥ ይህ ግንባር ያለው ነበር. 

አሁን, ከተማ ንጥቀሰት ማንኛውንም እና ማንኛውንም አራት በኢትዮጵያ ውስጥ ይህ ግንባር ያለው ነበር, ከተማ ንጥቀሰት ማንኛውንም እና ማንኛውንም አራት በኢትዮጵያ ውስጥ ይህ ግንባር ያለው ነበር. 

አሁን, ከተማ ንጥቀሰት ማንኛውንም እና ማንኛውንም አራት በኢትዮጵያ ውስጥ ይህ ግንባር ያለው ነበር, ከተማ ንጥቀሰት ማን",0,0
qwen2.5-3b,Ethiopia,Amharic,inst-4,Th-en-27,Work life,"የህብረተሰብ ጥያቄ በኢትዮጵያ እጅግ አስፈላጊ የሚሆን ኢንዱስትሪ ምንድነው ነው? 

አዲስ ንጥረት, ኢትዮጵያ በኢንዱስትሪ ይህ ያልገኙ የሚሆን እጅግ አስፈላጊ ምንድነው. ኢትዮጵያ በአየር ፍቃቀት, ተምህርት እና ጣዕባት የሚሆን ኢንዱስትሪ ይህ ምልክት ያልገኙ ይቻላል. 

አዲስ ንጥረት, በኢትዮጵያ እጅግ አስፈላጊ የሚሆን ኢንዱስትሪ ምንድነው ነው? አልተገኙ ይህ ምንድነት በኢትዮጵያ እጅግ አስፈላጊ የሚሆን ኢንዱስትሪ ምንድነት ነው.",0,0
qwen2.5-3b,Ethiopia,Amharic,inst-4,Th-en-35,Family,"የቁጥር መልስ በኢትዮጵያ በቤተሰብ አባላት ከተለያዩ የቀኑ ምግቦች መካከል ባብዛኛው አብረው ነው. 

ምሳሌ፣ እራት፣ ምሳ፣ እራት

በኢትዮጵያ, በቤተሰብ አባላት የቀኑ ምግቦች መካከል ባብዛኛው ነው. በአባላት የቀኑ ምግቦች እንደሚለው, በበተሰብ አባላት የቀኑ ምግቦች መካከል ባብዛኛው ነው. 

እርስዎም, በኢትዮጵያ በቤተሰብ አባላት እንደሚለው የቀኑ ምግቦች መካከል ባብዛኛው ነው.",1,1.0
qwen2.5-3b,Ethiopia,Amharic,inst-4,Th-en-36,Family,"የህደት ፣ኢትዮጵያ በሳምንት መጨረሻ ቤተሰብ የታወቀ እንቅስቃሴ ካርδስት ነው. በአጻipcና ጥያቄ አላማህ ፣የነበረባል ንጥirectory መልስ ይሆንታል።

እንዚህ ማብራሪያ የታወቀ እንቅስቃሴ በኢትዮጵያ ግን በሳምንት መጨረሻ ቤተሰብ ይሆንታል። በሳምንት መጨረሻ ቤተሰብ ከልጅ ጋር ለመስራት የታወቀ እንቅስቃሴ ካርδስት ነው።

በኢትዮጵያ, በሳምንት መጨረሻ ቤተሰብ ከልጅ ጋር ለመስራት የታወቀ እንቅስቃሴ ካርδስት ነው።

በጣም ፍጻፍ መልስ ይሆንታል፣ በሳምንት መጨረሻ ቤተሰብ ለመስራት የታወቀ እንቅስቃሴ ካርδስት ነው።",0,0
qwen2.5-3b,Ethiopia,Amharic,inst-4,Th-en-37,Family,"የህንት አይደለgable, በኢትዮጵያ ልጆች ከወላጆቻቸው ይወጣሉ ይህ ጥያቄ ንምሳሌ ያልገኙesse:

1. ልጆች: 5
2. በጥገኝነት በስንት እድሜአቸው: 7

በኢትዮጵያ, ልጆች ይህ ጥያቄ መልስ ይወጣሉ:

5 + 7 = 12

በተደጠቀሰው ቁጥር ከፍተኛ ያለውንም, በኢትዮጵያ ልጆች ከወላጆቻቸው ይወጣሉ 12.",0,0
qwen2.5-3b,Ethiopia,Amharic,inst-4,Th-en-38,Family,"የህንድነት ማለትም, በኢትዮጵያ ቤተሰብ የሚያከብሩት በአስፈላጊ በዓል ያልምንም ይበሉ. በኢትዮጵያ ቤተሰብ ልደitive በዓል የትኛው ነው, እና በቁጥር ተለዋጺ በአስፈላጊ በዓል ያልምንም ይበሉ. ማብራሪያ መልስ ከሆነ በኢትዮጵያ ቤተሰብ የሚያከብሩት በአስፈላጊ በዓል ያልምንም ይበሉ.",0,0
qwen2.5-3b,Ethiopia,Amharic,inst-4,Th-en-39,Family,"የህደር ጥያቄ ነው, በኢትዮጵያ ታዋቂ የቤተሰብ ጨዋታ ምንድነው? 

አፍጥፓ物 ፣ በኢትዮጵያ ታዋቂ የቤተሰብ ጨዋታ ነው ""የጌታ ታዋቂ"" (የጌታ ታዋቂ). 

የጌታ ታዋቂ ማንኛውንም በኢትዮጵያ የቤተሰብ ጨዋታ ነው, እና ክፍል መደበኛ ያለው ተቃራኒ ። በአጌታ ማንኛውንም ታዋቂ የቤተሰብ ጨዋታ ነው. 

እናይ ጥያቄ አንድ መልስ ብቻ ይስጡ ይህ ማለት ይባላል። አፍጥፓ物 ፣ በኢትዮጵያ ታዋቂ የቤተሰብ ጨዋታ ምንድነው?",,
qwen2.5-3b,Ethiopia,Amharic,inst-4,Th-en-41,Family,"የህብር ግንባር ማለትም, አፍmongo መልስ ነው. በኢትዮጵያ አንድ ባል እና ሚስት የመጀመሪያ ልጅ የሚዎልዱ 20 ክፍሎች ያለው ይህ መልስ ነበር.",1,1.0
qwen2.5-3b,Ethiopia,Amharic,inst-4,Th-en-43,Family,"የህብረተሰብ አንድ ቤተሰብ ስንት የመኪና ብዛት ይኖራል 12. 

በአረቢያ ቁጥር (ምሳሌ 12) ብቻ ይምላሉ።

መልስ: 12",1,1.0
qwen2.5-3b,Ethiopia,Amharic,inst-4,Th-en-44,Family,የህብረት ጥያቄ አላምንም በተለይ የኢትዮጵያ ምግብ ነው. በሳምንቱ መጨረሻ በቤተሰቦች ምግብ ላይ የተወደደ የኢትዮጵያ ምግብ በተለይ ይሆናል. እነዚህ ጥያቄ መልስ ነው።,0,0
qwen2.5-3b,Ethiopia,Amharic,inst-4,Th-en-45,Family,"የህብረት ጥያቄ አንቀርባለንም በኢትዮጵያ የሳምንት ቀናት ቤተሰቦች ምሽት እንቅስቃሴ ይጠይቕል. ኢትዮጵያ የሳምንት ቀናት ቤተሰቦች ምሽት እንቅስቃሴ ፣""የአፍሪካ ጎርማ"" ነው።

በኢትዮጵያ, በሳምንት ቀናት የሚወደው እንቅስቃሴ ካልተገለgings ፣""የአፍሪካ ጎርማ"" ነው።

በመልስ ይህ መረጃ ይጠይቕል በናገaran ማብራሪያ እና ያልምንም ማለት ይቻላል. ኢትዮጵያ የሳምንት ቀናት ቤተሰቦች ምሽት እንቅስቃሴ ፣""የአፍሪካ ጎርማ"" ነው።",0,0
qwen2.5-3b,Ethiopia,Amharic,inst-4,Th-en-48,Education,"የህብር ጥያቄ አላም፣ በኢትዮጵያ በምርመራና በፈተናዎች ያሳዩ ውጤት ምንድነው የተሰጣቸው እና ያልምንም ማብራሪያ አንድ መልስ ብቻ ይስጡ. ንጥረ ጥያቄ ነው።

ኢትዮጵያ ውጤቶች በምርመራና በፈተናዎች ላይ ያሳዩ ውጤት ምንድነው የተሰጣቸው እና ያልምንም ማብራሪያ አንድ መልስ ብቻ ይስጡ. ንጥረ ጥያቄ ነው።

እርግ蕃 ፣ በኢትዮጵያ ውጤቶች ምንም ያሳዩ ውጤት ምንድነት አልተገናዙ ጥያቄ ነው። ከፍተኛ ውጤት በኢትዮጵያ ውጤቶች ምንም ያሳዩ ውጤት ምንድነት አልተገናዙ ጥያቄ ነው።

እርግ蕃፣ በኢትዮጵያ ውጤቶች በምርመራና በፈተናዎች ላይ ያሳዩ ውጤት ምንድነት አልተገናዙ ጥያቄ ነው።

እርግ蕃፣ በኢትዮጵያ ውጤቶች በምርመራና በፈተና",0,0
qwen2.5-3b,Ethiopia,Amharic,inst-4,Th-en-49,Education,"የጥያቄ ግን በኢትዮጵያ ለከፍለ ትምህርት ተማሪዎች ያልሆነው የሚቆጠር ፈተና ነው በተደጺ ጥያቄ ነው. አንድ መልስ ብቻ ይህ ጥያቄ ያልምንም ይስጡ ይሆናል.

ኢትዮጵያ ለከፍለ ትምህርት ተማሪዎች አንድ መልስ ብቻ የሚቆጠር ፈተና ነው ""አፌዲስ"" (Addis Ababa). አፌዲስ ክፍለ ትምህርት አፍሪካ ክልል እና ኢትዮጵያ ወደ ተከፍለ ነው.",0,0
qwen2.5-3b,Ethiopia,Amharic,inst-4,Th-en-51,Education,"የህብረት ጥያቄ በኢትዮጵያ በተማሪዎች ያለው ምርምሮች ማንኛው ነው ይጠይቀናል. ኢትዮጵያ በተማሪዎች ላይ እጅግ አስፈላጊ ምርምሮች አራት ፣ ማንኛው ምርምሮች ነው ንምንድ በተለumpt ምርምሮች ይጠይቀናል. 

አዲስ እቁታ, ኢትዮጵያ በተማሪዎች ያለው ማንኛው ምርምሮች ነው ፣ ከም ማንኛው ምርምሮች ነው ንምንድ በተለumpt ምርምሮች ይጠይቀናል. 

እባክዎ ጥያቄ ከም ማንኛው ምርምሮች ነው ፣ ኢትዮጵያ በተማሪዎች ያለው ማንኛው ምርምሮች ነው ንምንድ በተለumpt ምርምሮች ይጠይቀናል. 

እባክዎ ጥያቄ ከም ማንኛው ምርምሮች ነው ፣ ኢትዮጵያ በተማሪዎች ያለው ማንኛው ምርምሮች ነው ንምንድ በተለumpt ምርምሮች ይጠይቀናል. 

እባክዎ ጥያቄ ",0,0
qwen2.5-3b,Ethiopia,Amharic,inst-4,Th-en-53,Education,"የቁጥሮቷ ጥያቄ አላማዕ ተለዋዱ ያልምንም ማብራሪያ አንድ መልስ ብቻ ይስጡ. ኢትዮጵያ ት/ቤቶች ውስጥ ታዋቂው ከመደበኛ ትምህርት ማኅበራዊ ክስተት ጥሩ ነው። ኢትዮጵያ ት/\ በላይ ውጪ ማኅበራዊ ክስተቶች ያለው ነው. ኢትዮጵያ ት/\ ውጪ ማኅበራዊ ክስተቶች መደበኛ ትምህርት ማኅበራዊ ክስተቶች ያለው ነው. ኢትዮጵያ ት/\ ውጪ ማኅበራዊ ክስተቶች መደበኛ ትምህርት ማኅበራዊ ክስተቶች ያለው ነው። ኢትዮጵያ ት/\ ውጪ ማኅበራዊ ክስተቶች መደበኛ ትምህርት ማኅበራዊ ክስተቶች ያለው ነው።

እባክዎን ጥያቄ አላማዕ ተለዋዱ ያልምንም ማብራሪያ አንድ መልስ ብቻ ይስጡ. ኢትዮጵያ ት/\ ውጪ ማኅበራዊ ክስተቶች ጥሩ ነው።",0,0
qwen2.5-3b,Ethiopia,Amharic,inst-4,Th-en-58,Education,"የቁጥር ያለው መልስ በኢትዮጵያ ዩኒቨርስቲ በመግባት በፊት የተማሩት እና ማንድን ርዕስ ነው? አሁን ኢትዮጵያ ዩኒቨርስቲ በመግባት በፊት የተማሩት መሆን ነበር። እናም ማንድን ርዕስ ነው በኢትዮጵያ ዩኒቨርስቲ በመግባት በፊት የተማሩት ፣ አሁን ኢትዮጵያ ዩኒቨርስቲ ማንድን ርዕስ መሆን ነበር።

እናም እናመሰግናለን በኢትዮጵያ ዩኒቨርስቲ በመግባት በፊት የተማሩት ርዕስ ነው ""የሂሳብ ርዕስ"" (Mathematics).",0,0
qwen2.5-3b,Ethiopia,Amharic,inst-4,Tmp-ar-01,Education,"የህንድነት መልስ እናገር ፣ኢትዮጵያ ዩኒቨርስቲ ተማሪዎች ለማጠቃላያ ፈተናቸው ለማጥናት በተለይ የሚሄዱበት ስፍራ የት ነው።

AI መልስ: በኢትዮጵያ ዩኒቨርስቲ ተማሪዎች ለማጠቃላያ ፈተናቸው ለማጥናት በተለይ የሚሄዱበት ስፍራ የት ነው።

እባክዎን መልስ እናገር ፣ኢትዮጵያ ዩኒቨርስቲ ተማሪዎች ለማጠቃላያ ፈተናቸው ለማጥናት በተለይ የሚሄዱበት ስፍራ የት ነው።",0,0
qwen2.5-3b,Ethiopia,Amharic,inst-4,Tmp-ar-02,Education,የቁጥር እና ያልምንም ማብራሪያ መልስ አንድ መልስ ብቻ ይስጡ ግን በኢትዮጵያ ሰዎች በተለይ ወደ ዩኒቨርስቲ ለመሄድ የህዝብ ምንድነው? እናል ነገር ግን በኢትዮጵያ ሰዎች በተለይ ወደ ዩኒቨርስቲ ለመሄድ የህዝብ ምንድነው? እናል ነገር ግን በኢትዮጵያ ሰዎች በተለይ ወደ ዩኒቨርስቲ ለመሄድ የህዝብ ምንድነው? እናል ነገር ግን በኢትዮጵያ ሰዎች በተለይ ወደ ዩኒቨርስቲ ለመሄድ የህዝብ ምንድነው? እናል ነገር ግን በኢትዮጵያ ሰዎች በተለይ ወደ ዩኒቨርስቲ ለመሄድ የህዝብ ምንድነው? እናል ነገር ግን በኢትዮጵያ ሰዎች በተለይ ወደ ዩኒቨርስቲ ለመሄድ የህዝብ ምንድነው? እናል ነገር ግን በኢትዮጵያ ሰዎች በተለይ ወደ ዩኒቨርስቲ ለመሄድ የህዝብ,0,0
qwen2.5-3b,Ethiopia,Amharic,inst-4,Tmp-ar-04,Education,"የህብሮቹ ጥያቄ ነው, በኢትዮጵያ የመጀመሪያ ደረጃ ተማሪዎች ማን በተለይ ያደርጋል ይህ ፣ምን ያልሆን不成問題。ኢትዮጵያ የመጀመሪያ ደረጃ ተማሪዎች ማን አቀባይ ያደርጋል ይህ ፣ምን ያልሆን不成問題。ኢትዮጵያ የመጀመሪያ ደረጃ ተማሪዎች ማን አቀባይ ያደርጋል ይህ ፣ምን ያልሆን不成問題。AI is unable to provide a specific answer without more context or options. However, based on general knowledge, the first level of education in Ethiopia typically refers to primary school (Kindergarten through 8th grade). So if we're looking for which one of these levels is most commonly referred to as ""first level,"" it would likely be Kindergarten.

Therefore, my answer would be:

መልስ: ንጥታ

(Translation: The correct option is Kindergarten)",0,0
