model,country,language,prompt_no,ID,topic,response,score,weight
gemma3-4b,Ethiopia,Amharic,pers-3,Al-en-01,Food,"""በኢትዮጵያ ቅድመ መደበኛ ልጆች የተለመደ መክሰስ ማለት፣ ብዙውን ጊዜ በቤተክ Churches ውስጥ ወይም በአጎራምድ ቤተክ Schools ውስጥ ይጫወታሉ። ይህ ልጆች በደስታ እና በሃይማኖታዊ አመለካከቶች ይወያያሉ፣ እና ብዙውን ጊዜ በ pequeños grupos ውስጥ ይጫወታሉ።"" 

(Translation: ""For pre-primary children in Ethiopia, the most common game is played in churches or in primary schools. Children play with joy and religious beliefs, and often in small groups."")",0,0
gemma3-4b,Ethiopia,Amharic,pers-3,Al-en-02,Food,"Absolutely! Let me tell you, enjoying a good Ethiopian beer, Tej, is a truly special experience. You absolutely must have it with injera – that spongy, slightly sour flatbread – and a generous helping of stews. Think rich, flavorful beef or goat stews, often with lentils and vegetables. It’s a classic combination, and it’s all about sharing and enjoying the moment with family and friends.",0,0
gemma3-4b,Ethiopia,Amharic,pers-3,Al-en-04,Food,"በኢትዮጵያ ቡና በጣም ታዋቂ ነው! ቡና በኢትዮጵያ የባህል እና የ Economía አካል ነው። ብዙ ሰዎች ቡና ይ饮ታሉ እና ቡና በዓለም አቀፍ ደረጃም ይታወቃል።
",0,0
gemma3-4b,Ethiopia,Amharic,pers-3,Al-en-06,Food,"በጣም ቀላል ነው! በትምህርት ቤት የሚሰጣቸው ምግብ ብዙውን ጊዜ ሰሌዳ (injera) እና የተለያዩ አይነት የስጋ አይነት ምናባትን ያካትታል. ሰሌዳ ከድንች የሚ hechos ነው, እና ብዙውን ጊዜ ከስጋ እና ከማሎች ጋር ይካባራሉ። በተለይም ለሚመጣው አዲስ አመት እና ለምiostream አድናቆት የሚሰጣቸው ምግብ ነው።",0,0
gemma3-4b,Ethiopia,Amharic,pers-3,Al-en-08,Food,"""በኢትዮጵያ በገባያ አዳራሽ ውስጥ በተለይ የሚበሉ ምግቦች፣ በተለምዶ ‘ወጥ’ ይባላሉ። እነዚህ ‘ወጥ’ በነጭ ‘ኢንjera’ ላይ ይበላሉ። ‘ኢንjera’ ደግሞ በነጭ ዳ Growth የተ hechas ነው። ‘ወጥ’ ደግሞ በነጭ ዳ Growth ላይ በበርቤር (berbere) የተደረጉ በርካታ አይነት ምግቦች ናቸው።""",0,0
gemma3-4b,Ethiopia,Amharic,pers-3,Al-en-09,Food,እኔ እንደ ኢትዮጵያዊ ሰው እ скажу፣ በኢትዮጵያ የመዝናኛ ፓርክ ውስጥ በጣም ታዋቂ አሰራር ምግብ Ingera ነው። Ingera ከበዙት አትክልት፣ ስጋ፣ እና ሌሎች ምድቦች ጋር ይበል Plays a huge part in our meals! It’s a staple and everyone loves it.,0,0
gemma3-4b,Ethiopia,Amharic,pers-3,Al-en-16,Education,"አስር። (10)
",0,0
gemma3-4b,Ethiopia,Amharic,pers-3,Al-en-17,Education,"እውነት ነው፣ በኢትዮጵያ የመጀመሪያ ደረጃ ትምህርት ቤቶች በኋላ የሚካሄድ ዝነኛ ስፖርት ዓይነት ""ኳስ"" ነው። በተለይም በ escuelas ውስጥ ኳስ ይጫወታል። 

(Translation: It's football (soccer) that's the prominent sport played in Ethiopian primary schools.)",1,1.0
gemma3-4b,Ethiopia,Amharic,pers-3,Al-en-18,Education,"""በኢትዮጵያ የመጀመሪያ ደረጃ ትምህርት ተማሪዎቻችን የግል አስጠኚ የሚቀጠርላቸው በተለየ ለየትኛው የትምህርት አይነት ነው? የሚል ጥያቄ ሲቀርብ፣ ለሚመለከታቸው የትምህርት ዓይነቶች አቅራቢነትን እና አቅጣጫን መብራርábamos ያስፈልጋል።

በአሁኑ ጊዜ ኢትዮጵያ በ2023 የትምህርት እና የስልጠና አዋጅ ላይ በመ основании ሁለት አመታት የ Preschool ትምህርት በሁሉም ቦታ የግዴታ እናulsory ነው። በተጨማሪም አራት አመቶችን ትምህርት በ Algunos regiones ይደራደራሉ። ይህ ትምህርት ለ niños 5 እና 6 አመት ለ ተማሪዎች ነው።""",0,0
gemma3-4b,Ethiopia,Amharic,pers-3,Al-en-19,Education,"""በኢትዮጵያ በሁለተኛ ደረጃ ትምህርት ተማሪዎች ተመራጭ ሁለተኛ ቋንቋ ምንድን ነው? - ለሚመለከተው ጥያቄ መልስ: በሁለተኛ ደረጃ ትምህርት ቤት ውስጥ፣ ተማሪዎች በራሳቸው ምርጫ መሰረት ሌላ ቋንቋ መማር ይችላሉ። ብዙውን ጊዜ አማርኛ እና inglés ናቸው።""",0,0
gemma3-4b,Ethiopia,Amharic,pers-3,Al-en-21,Education,"በኢትዮጵያ፣ ለብልህ ተማሪ ጠቃሚ የሆነው ትምህርት በሰነፍ የሚባለው ነው፤ ይህም ማለት በሰነፍ የሚሰጣቸው መጻህፍናዎችና መረጃዎች ናቸው። 

(Translation: In Ethiopia, the most valuable education for a bright student is *senef*, which means the textbooks and materials they are given.)",0,0
gemma3-4b,Ethiopia,Amharic,pers-3,Al-en-32,Holidays/Celebration/Leisure,በኢትዮጵያ ለምስጋና በዓል ዋነኛው ምግብ ኢንጀራ ነው። ኢንጀራ በሰፊው የሚሰራ ፍራሹ፣ በሰሚክ (teff) የሚ hechos፣ እና በነዚህ እና በሌሎች ምናባ posibles የሚመነቅ ነው። በዓላት እና በነዚህን በዓላት ላይ፣ ኢንጀራ ብዙውን ጊዜ በነዚህ እና በሌሎች ምናባ posibles የሚመነቅ፣ እንዲሁም በነዚህ እና በሌሎች ምናባ posibles የሚመነቅ፣ እንዲሁም በነዚህ እና በሌሎች ምናባ posibles የሚመነቅ፣ እንዲሁም በነዚህ እና በሌሎች ምናባ posibles የሚመነቅ፣ እንዲሁም በነዚህ እና በሌሎች ምናባ posibles የሚመነቅ፣ እንዲሁም በነዚህ እና በሌሎች ምናባ posibles የሚመነቅ፣ እንዲሁም በነዚህ እና በሌሎች ምናባ posibles የሚመነቅ፣ እንዲሁም በነዚህ እና በሌሎች ምናባ posibles የሚመነቅ፣ እንዲሁም በነዚህ እና በሌሎች ምናባ posibles የሚመነቅ፣ እንዲሁም በነዚህ እና በሌሎች ምናባ posibles የሚመነቅ፣ እንዲሁም በነዚህ እና በሌሎች ምናባ posibles የሚመነቅ፣ እንዲሁም በነዚህ እና በሌሎች ምናባ posibles የሚመነቅ፣ እንዲሁም በነዚህ እና በሌሎች ምናባ posibles የሚመነቅ፣ እንዲሁም በነዚህ እና በሌሎች ምናባ posibles የሚመነቅ፣ እንዲሁም በነዚህ እና በሌሎች ምናባ posibles የሚመነቅ፣ እንዲሁም በነዚህ እና በሌሎች ምናባ posibles የሚመነቅ፣ እንዲሁም በነዚህ እና በሌሎች ምናባ posibles የሚመነቅ፣ እንዲሁም በነዚህ እና በሌሎች ምናባ posibles የሚመነቅ፣ እንዲሁም በነዚህ እና በሌሎች ምናባ posibles የሚመነቅ፣ እንዲሁም በነዚህ እና በሌሎች ምናባ posibles የሚመነቅ፣ እንዲሁም በነዚህ እና በሌሎች ምናባ posibles የሚመነቅ፣ እንዲሁም በነዚህ እና በሌሎች ምናባ posibles የሚመነቅ፣ እንዲሁም በነዚህ እና በሌሎች ምናባ posibles የሚመነቅ፣ እንዲሁም በነዚህ እና በሌሎች ምናባ posibles የሚመነቅ፣ እንዲሁም በነዚህ እና በሌሎች ምናባ posibles የሚመነቅ፣ እንዲሁም በነዚህ እና በሌ,1,1.0
gemma3-4b,Ethiopia,Amharic,pers-3,Al-en-33,Holidays/Celebration/Leisure,"(Speaking with a warm, slightly formal tone, as an Ethiopian would)

“Ah, that’s a beautiful and deeply significant tradition! During Epiphany, or *Enkutatash* as we call it, people gather around a bonfire – a large, carefully built one – and they throw in things that represent the old year’s troubles and misfortunes. It’s a way of symbolically burning away the bad luck and negativity, making way for a fresh, prosperous new year.  Often, it includes things like old clothes, broken tools, and sometimes even small amounts of money. It’s a really joyous occasion filled with family, music, and dancing, and it’s a powerful reminder of renewal and hope.”",,
gemma3-4b,Ethiopia,Amharic,pers-3,Al-en-34,Holidays/Celebration/Leisure,በኢትዮጵያ አዲስ አመት ቀን፣ 11 सितंबर ነው፣ እና በሙሉ አገሪቷ በ celebración ይከበራል። ሰዎች ቤተሰብ እና አውራሉ ጋር reunión ያደርጋሉ፣ እንዲሁም በ celebración ላይ ምግብ እና መጠጥ ያሳልፉታል። በተጨማሪም፣ አዲስ አመትን ለመጀመር Meskel  Flowering (Meskel)  celebración ላይ participación ያደርጋሉ።,0,0
gemma3-4b,Ethiopia,Amharic,pers-3,Al-en-35,Holidays/Celebration/Leisure,"""Well, celebrating Christmas and Epiphany is a huge deal! It’s a time for family, feasting, and of course, the *gena matches* – football games that get tons of media attention. We also mark the arrival of the new year with a special celebration on September 11th. It’s a really joyful time filled with tradition and faith.""",1,1.0
gemma3-4b,Ethiopia,Amharic,pers-3,Al-en-36,Holidays/Celebration/Leisure,በኢትዮጵያ ሃሎዊን በአውሬዎች እና በሃሎዊን ፍަތා ጋር ተያይዞ ይገኛል። እነዚህም በነዲስ አመት ወቅት የሰነፍ እና የሰነፍ ፍަތት አረሞችን ለማሳየት ይነረሉ። ሻጮች እነዚህን አረሞችን ይሸጣሉ እና በሃሎዊን ወቅት የሚረክቧቸው ምግብ ነው።,,
gemma3-4b,Ethiopia,Amharic,pers-3,Al-en-37,Holidays/Celebration/Leisure,በገና በዓል ላይ፣ ኢትዮጵያውያን በሙሉ በMeskel Flower የሚሰማይንን Injera፣ Tej ( fermented Tej) እና Borde ይ吃ကြታል። እነዚህም በገና በዓል ላይ የሚሰሩ ልዩ ምግብ ናቸው።,0,0
gemma3-4b,Ethiopia,Amharic,pers-3,Al-en-38,Holidays/Celebration/Leisure,በቪልንቴይን ቀን በኢትዮጵያ በነባር ላይ በሙሉ ቤተሰብ reunión ይደረጋል። በነባር ላይ በሙሉ የተለያዩ አይነት ምግቦች ይዘጋጁበታል፤ ለምሳሌ፣ በነባር ላይ የሚዘጋጁ ምግቦች ከሌሎች días diferentes ናቸው። በነባር ላይ የሚዘጋጁ ምግቦች ከሌሎች días diferentes ናቸው። በነባር ላይ የሚዘጋጁ ምግቦች ከሌሎች días diferentes ናቸው። በነባር ላይ የሚዘጋጁ ምግቦች ከሌሎች días diferentes ናቸው። በነባር ላይ የሚዘጋጁ ምግቦች ከሌሎች días diferentes ናቸው። በነባር ላይ የሚዘጋጁ ምግቦች ከሌሎች días diferentes ናቸው። በነባር ላይ የሚዘጋጁ ምግቦች ከሌሎች días diferentes ናቸው። በነባር ላይ የሚዘጋጁ ምግቦች ከሌሎች días diferentes ናቸው። በነባር ላይ የሚዘጋጁ ምግቦች ከሌሎች días diferentes ናቸው። በነባር ላይ የሚዘጋጁ ምግቦች ከሌሎች días diferentes ናቸው። በነባር ላይ የሚዘጋጁ ምግቦች ከሌሎች días diferentes ናቸው። በነባር ላይ የሚዘጋጁ ምግቦች ከሌሎች días diferentes ናቸው። በነባር ላይ የሚዘጋጁ ምግቦች ከሌሎች días diferentes ናቸው። በነባር ላይ የሚዘጋጁ ምግቦች ከሌሎች días diferentes ናቸው። በነባር ላይ የሚዘጋጁ ምግቦች ከሌሎች días diferentes ናቸው። በነባር ላይ የሚዘጋጁ ምግቦች ከሌሎች días diferentes ናቸው። በነባር ላይ የሚዘጋጁ ምግቦች ከሌሎች días diferentes ናቸው። በነባር ላይ የሚዘጋጁ ምግቦች ከሌሎች días diferentes ናቸው። በነባር ላይ የሚዘጋጁ ምግቦች ከሌሎች días diferentes ናቸው። በነባር ላይ የሚዘጋጁ ምግቦች ከሌሎች días diferentes ናቸው። በነባር ላይ የሚዘጋጁ ምግቦች ከሌሎች días diferentes ናቸው። በነባር ላይ የሚዘጋጁ ምግቦች ከሌሎች días diferentes ናቸው። በነባር ላይ የሚዘጋጁ ምግቦች ከሌሎች días diferentes ናቸው። በነባር ላይ የሚዘጋጁ ምግቦች ከሌሎች días diferentes ናቸው። በነባር ላይ የሚዘጋጁ ምግቦች ከሌሎች días diferentes ናቸው። በነባር ላይ የሚዘጋጁ ምግቦች ከ,0,0
gemma3-4b,Ethiopia,Amharic,pers-3,Al-en-39,Holidays/Celebration/Leisure,"""በልደታቸው ቀን ኢትዮጵያውያን ብዙውን ጊዜ инжи (damascene), инжи (damascene), инжи (damascene), инжи (damascene), инжи (damascene), инжи (damascene), инжи (damascene), инжи (damascene), инжи (damascene), инжи (damascene), инжи (damascene), инжи (damascene), инжи (damascene), инжи (damascene), инжи (damascene), инжи (damascene), инжи (damascene), инжи (damascene), инжи (damascene), инжи (damascene), инжи (damascene), инжи (damascene), инжи (damascene), инжи (damascene), инжи (damascene), инжи (damascene), инжи (damascene), инжи (damascene), инжи (damascene), инжи (damascene), инжи (damascene), инжи (damascene), инжи (damascene), инжи (damascene), инжи (damascene), инжи (damascene), инжи (damascene), инжи (damascene), инжи (damascene), инжи (damascene), инжи (damascene), инжи (damascene), инжи (damascene), инжи (damascene), инжи (damascene), инжи (damascene), инжи (damascene), инжи (damascene), инжи (damascene), инжи (damascene), инжи (damascene), инжи (damascene), инжи (damascene), инжи (damascene), инжи (damascene), инжи (damascene), инжи (damascene), инжи (damascene), инжи (damascene), инжи (damascene), инжи (damascene), инжи (damascene), инжи (damascene), инжи (damascene), инжи (damascene), инжи (damascene), инжи (damascene), инжи (damascene), инжи (damascene), инжи (damascene), инжи (damascene),",0,0
gemma3-4b,Ethiopia,Amharic,pers-3,Al-en-40,Holidays/Celebration/Leisure,"""በኢትዮጵያ፣ ቤተሰቦች ከታናሽ ልጆች ጋር ለመዝናናት ብዙ ቦታዎች አሉ፣ ነገር ግን በጣም ተወዳጅ የሆነው ደግሞ በጎዳና ውስጥ ነው። ብዙውን ጊዜ፣ ልጆች በዙሪያቸው ያሉ አገዛíos እና አከባከሾች ጋር ይጫወታሉ፣ በዙሪያቸው ያሉ አከባቢዎችም በመዝናኛቸው ውስጥ ይካተታሉ። በተጨማሪም፣ አንዳንድ ጊዜ ቤተሰቦች በጎዳና ውስጥ በዙሪያቸው ያሉ አከባከሾች ጋር በመሳል እና በመጫወት ጊዜያቸውን ያሳያሉ።""",0,0
gemma3-4b,Ethiopia,Amharic,pers-3,Al-en-43,Holidays/Celebration/Leisure,"""Well, in Ethiopia, family is absolutely everything. We don't really have what you might call 'home care' in the way you're thinking. Instead, families – usually multigenerational households led by the eldest male – look after each other. Children support their parents, and if people move to the cities, they send money back home to help their families. It’s a system built on mutual support and respect, ensuring everyone is cared for within the family unit.""",,
gemma3-4b,Ethiopia,Amharic,pers-3,An-ar-02,Education,በዩኒቨርሲቲዎች ውስጥ ልዩ ምግብ ቤቶች አሉ፣ ነገር ግን mayoría of students eat in the university cafeterias.,1,1.0
gemma3-4b,Ethiopia,Amharic,pers-3,An-ar-03,Education,"12
",0,0
gemma3-4b,Ethiopia,Amharic,pers-3,An-ar-08,Education,"8
",0,0
gemma3-4b,Ethiopia,Amharic,pers-3,An-ar-09,Education,በአረبیኛ: 5%,0,0
gemma3-4b,Ethiopia,Amharic,pers-3,An-ar-34,Sport,"በኢትዮጵያ በትምህርት ቤት በቡድን የሚጫወቱ እጅግ ታዋቂ ስፖርት ኳስ ነው። ኳስ በመስ escuelas ውስጥ ቡድን formación ውስጥ ይጫወታል። 

(Translation: The most popular sport played in Ethiopian schools is football (soccer). Football is played in school team formations.)",1,1.0
gemma3-4b,Ethiopia,Amharic,pers-3,An-ar-35,Sport,"That’s a great question! It’s really hard to name just *one* hugely popular sports commentator in Ethiopia, but if you’re looking for someone who gets a lot of attention, especially around football, it’s undoubtedly Demeke Kebede. He’s a legend, known for his passionate analysis and deep knowledge of the game.",0,0
gemma3-4b,Ethiopia,Amharic,pers-3,An-ar-36,Sport,የኢትዮጵያ ብሔራዊ ሻምፒዮና ቡድኖች፣特别是 የ chạy አጥበኞቹ፣ በጣም ታዋቂ ናቸው። ብዙዎቹ ከArsi እና Shewa አካባቢዎች ናቸው።,0,0
gemma3-4b,Ethiopia,Amharic,pers-3,An-ar-43,Sport,Great Ethiopian Run places.,0,0
gemma3-4b,Ethiopia,Amharic,pers-3,Ca-sp-05,Food,6,0,0
gemma3-4b,Ethiopia,Amharic,pers-3,Ca-sp-06,Food,ጤናማው እና በጣም አስፈላጊ የሆነው ምግብ ለብ Vegetables፣ ለጤዛዎች እና ለተለያዩ አይነት ምቹ ምግብ ነው። እነዚህ ምግብዎች በኢትዮጵያ ምግብ ውስጥ በጣም አስፈላጊ ናቸው።,0,0
gemma3-4b,Ethiopia,Amharic,pers-3,Ca-sp-08,Food,በኢትዮጵያ የምግብ አሰራር ላይ በተለይ የተለመዱ ንጥረ ነገሮች በሰማይጣ፣ ዳլ፣ ቡና እና እብድ ናቸው። እነዚህም በየቤቶች ምግብ አሰራር ውስጥ ዋና ዋና ናቸው። ሻሂ፣ ጸሎ፣ እና በርብሪም ያሉ በርካታ አይነት调味剂ዎችንም utilizamos።,0,0
gemma3-4b,Ethiopia,Amharic,pers-3,Ca-sp-09,Food,"""Well, after a good meal, especially with family and friends, it’s customary for us to share a cup of *buna*. It’s a traditional, strong, spiced coffee, and it’s more than just a drink – it’s a way to connect, to talk, and to enjoy each other’s company. We usually sit together, chatting and laughing, and it’s a really important part of our social life.""",1,1.0
gemma3-4b,Ethiopia,Amharic,pers-3,Ca-sp-11,Food,በእርግጥ ነው፣ ብዙውን ጊዜ በዓል días ላይ በቤተሰብ ደረጃ ምግብ እንዘጋጃለን።,0,0
gemma3-4b,Ethiopia,Amharic,pers-3,Ca-sp-14,Food,Tej! It’s our traditional honey wine – a really special drink enjoyed for celebrations and important occasions.,0,0
gemma3-4b,Ethiopia,Amharic,pers-3,Ca-sp-19,Holidays/Celebration/Leisure,በኢትዮጵያ ወጣቶች ሌሊት ክለብ ሲሄዱ፣ በተለይ በ Episiphany (የገናዘቤ celebración) ወቅት፣ ቡና ይ饮ታሉ፡፡ ቡና በኢትዮጵያ ባህል ውስጥ በጣም አስፈላጊ የሆነ መጠጥ ነው። ለብዙ ሰዓታት የሚቆጠለው የ Prayers እና Hymn Services ጊዜ ውስጥ፣ ቡና ለተሳሳተ መታወቂያ እና ለተጨማሪ መደጋገፍ ይውላል።,0,0
gemma3-4b,Ethiopia,Amharic,pers-3,Ca-sp-21,Holidays/Celebration/Leisure,በኢትዮጵያ ሰዎች በተለይ በ12ኛው ወር፣ ጥቅምት፣ በአላት ይበዛሉ። (12),0,0
gemma3-4b,Ethiopia,Amharic,pers-3,Ca-sp-29,Holidays/Celebration/Leisure,"As an Ethiopian, I’d be delighted to tell you about our New Year celebrations! It’s a truly special time filled with tradition and joy. 

We celebrate the New Year on September 11th, marking the beginning of the Ethiopian calendar year. However, the celebrations actually begin with the Meskel festival, which commemorates the birth of the Prophet Yesus Christ. We build towering meskel flowers – intricate structures made of straw – in churches and public spaces, and these are adorned with candles and prayers. 

But the most important part is the sharing of food and blessings. Families and communities gather, and we share *injera* (a spongy flatbread), *shiro wat* (a crumbly cheese stew), and other delicious dishes. It’s a time for family, faith, and strengthening our bonds. It’s a beautiful, vibrant experience!",0,0
gemma3-4b,Ethiopia,Amharic,pers-3,Ca-sp-38,Family,"በጣም ቀላል ነው! ለቤተሰብ የሚሆን የቤት አይነት ብዙውን ጊዜ ""ቄራ"" ነው። ቄራ ማለት በ piedras የተሰሩ የቤት መሰረቶች ላይ የተሰሩ የ Wooden  የቤት ነው። ብዙውን ጊዜ በጎልማሶች እና በሌሎች ባህላዊ materiales የተሰራ ነው። ቄራዎች በብዙ ኢትዮጵያዊ ቤተክፍሎች ውስጥ በጣም comunes ናቸው።",0,0
gemma3-4b,Ethiopia,Amharic,pers-3,Ca-sp-41,Family,በኢትዮጵያ አረጋዊያን በተለይ የሚኖሩበት ቦታ፣ ብዙውን ጊዜ በጎሣ ቤተሰቦችና በነባር አከባቢ ነው፡፡ በተለይም በበና reunión ዎች ላይ participación የሚኖራቸው ቦታ፣ በበና reunión ዎች ላይ participación የሚኖራቸው ቦታ፣ በበና reunión ዎች ላይ participación የሚኖራቸው ቦታ፣ በበና reunión ዎች ላይ participación የሚኖራቸው ቦታ፣ በበና reunión ዎች ላይ participación የሚኖራቸው ቦታ፣ በበና reunión ዎች ላይ participación የሚኖራቸው ቦታ፣ በበና reunión ዎች ላይ participación የሚኖራቸው ቦታ፣ በበና reunión ዎች ላይ participación የሚኖራቸው ቦታ፣ በበና reunión ዎች ላይ participación የሚኖራቸው ቦታ፣ በበና reunión ዎች ላይ participación የሚኖራቸው ቦታ፣ በበና reunión ዎች ላይ participación የሚኖራቸው ቦታ፣ በበና reunión ዎች ላይ participación የሚኖራቸው ቦታ፣ በበና reunión ዎች ላይ participación የሚኖራቸው ቦታ፣ በበና reunión ዎች ላይ participación የሚኖራቸው ቦታ፣ በበና reunión ዎች ላይ participación የሚኖራቸው ቦታ፣ በበና reunión ዎች ላይ participación የሚኖራቸው ቦታ፣ በበና reunión ዎች ላይ participación የሚኖራቸው ቦታ፣ በበና reunión ዎች ላይ participación የሚኖራቸው ቦታ፣ በበና reunión ዎች ላይ participación የሚኖራቸው ቦታ፣ በበና reunión ዎች ላይ participación የሚኖራቸው ቦታ፣ በበና reunión ዎች ላይ participación የሚኖራቸው ቦታ፣ በበና reunión ዎች ላይ participación የሚኖራቸው ቦታ፣ በበና reunión ዎች ላይ participación የሚኖራቸው ቦታ፣ በበና reunión ዎች ላይ participación የሚኖራቸው ቦታ፣ በበና reunión ዎች ላይ participación የሚኖራቸው ቦታ፣ በበና reunión ዎች ላይ participación የሚኖራቸው ቦታ፣ በበና reunión ዎች ላይ participación የሚኖራቸው ቦታ፣ በበና reunión ዎች ላይ participación የሚኖራቸው ቦታ፣ በበና reunión ዎች ላይ participación የሚኖራቸው ቦታ፣ በበና reunión ዎች ላይ participación የሚኖራቸው ቦታ፣ በበና reunión ዎች ላይ participación የሚኖራቸው ቦታ፣ በበና reunión ዎች ላይ participación የሚኖራቸው ቦታ፣ በበና reunión ዎች ላይ participación የሚኖራቸው ቦታ፣ በበና reunión ዎች ላይ participación የሚ,0,0
gemma3-4b,Ethiopia,Amharic,pers-3,Ca-sp-42,Family,"26
",0,0
gemma3-4b,Ethiopia,Amharic,pers-3,Ca-sp-43,Family,"20
",1,0.25
gemma3-4b,Ethiopia,Amharic,pers-3,Ca-sp-45,Family,"""ከአብዛኞቹ ሰዎች perspectivas来看፣ በኢትዮጵያ ቤተሰብ ሽርሽር በ""ውይይት ቦታዎች"" ወይም ""የአያቶች ቡድኖች"" ይከናወናል፡፡ እነዚህ ቦታዎች ብዙውን ጊዜ በከተሞች ውስጥ የሚገኝ የነጭ አከባቢዎች ናቸው፣ ብዙውን ጊዜ በነጭ አከባቢዎች ወይም በነጭ አከባቢዎች ውስጥ የሚገኝ የነጭ አከባቢዎች ናቸው፡፡ እነዚህ ቦታዎች በነጭ አከባቢዎች ውስጥ የሚገኝ የነጭ አከባቢዎች ውስጥ የሚገኝ የነጭ አከባቢዎች ውስጥ የሚገኝ የነጭ አከባቢዎች ውስጥ የሚገኝ የነጭ አከባቢዎች ውስጥ የሚገኝ የነጭ አከባቢዎች ውስጥ የሚገኝ የነጭ አከባቢዎች ውስጥ የሚገኝ የነጭ አከባቢዎች ውስጥ የሚገኝ የነጭ አከባቢዎች ውስጥ የሚገኝ የነጭ አከባቢዎች ውስጥ የሚገኝ የነጭ አከባቢዎች ውስጥ የሚገኝ የነጭ አከባቢዎች ውስጥ የሚገኝ የነጭ አከባቢዎች ውስጥ የሚገኝ የነጭ አከባቢዎች ውስጥ የሚገኝ የነጭ አከባቢዎች ውስጥ የሚገኝ የነጭ አከባቢዎች ውስጥ የሚገኝ የነጭ አከባቢዎች ውስጥ የሚገኝ የነጭ አከባቢዎች ውስጥ የሚገኝ የነጭ አከባቢዎች ውስጥ የሚገኝ የነጭ አከባቢዎች ውስጥ የሚገኝ የነጭ አከባቢዎች ውስጥ የሚገኝ የነጭ አከባቢዎች ውስጥ የሚገኝ የነጭ አከባቢዎች ውስጥ የሚገኝ የነጭ አከባቢዎች ውስጥ የሚገኝ የነጭ አከባቢዎች ውስጥ የሚገኝ የነጭ አከባቢዎች ውስጥ የሚገኝ የነጭ አከባቢዎች ውስጥ የሚገኝ የነጭ አከባቢዎች ውስጥ የሚገኝ የነጭ አከባቢዎች ውስጥ የሚገኝ የነጭ አከባቢዎች ውስጥ የሚገኝ የነጭ አከባቢዎች ውስጥ የሚገኝ የነጭ አከባቢዎች ውስጥ የሚገኝ የነጭ አከባቢዎች ውስጥ የሚገኝ የነጭ አከባቢዎች ውስጥ የሚገኝ የነጭ አከባቢዎች ውስጥ የሚገኝ የነጭ አከባቢዎች ውስጥ የሚገኝ የነጭ አከባቢዎች ውስጥ የሚገኝ የነጭ አ",0,0
gemma3-4b,Ethiopia,Amharic,pers-3,Gu-ch-05,Sport,"Well, that’s a really interesting question! It’s hard to give you just *one* answer because Ethiopia has such a rich and diverse sporting culture. But, honestly, for many Ethiopians, particularly in rural areas, traditional games are hugely important. 

While football is growing in popularity, especially among the younger generation, a lot of people still deeply value our traditional games. Games like *genna* – a stick game played with a curved stick, similar to hockey but with a really unique rhythm and strategy – are incredibly popular across all regions and religions. You’ll find men, women, and children playing it together. 

There are also many other local games, like *Dawro*, which is experiencing a bit of a challenge as modern sports become more common. But *genna* remains a really central part of our cultural identity and a lot of people still spend their time playing it. It’s a really vibrant and important part of our lives.",0,0
gemma3-4b,Ethiopia,Amharic,pers-3,Gu-ch-06,Sport,በኢትዮጵያ ወንዶች በርካታ አይነት ስፖርቶች ይጫወታሉ፣ በተለይም ‘ዘንጋ’ የሚባል የહુልላ አይነት ስፖርት። ይህ ስፖርት በአማሮች፣ በትግራይ እና በአጋው ህዝቦች መካከል ይጫወቻል። በተጨማሪም በደቡብ አካባቢዎችም ወንዶች፣ ሴቶች እና niños ይጫወታሉ።,0,0
gemma3-4b,Ethiopia,Amharic,pers-3,Gu-ch-07,Sport,እኔ እንደ ኢትዮጵያዊ ሰው እ скажу፣ ኢትዮጵያ ውስጥ እጅግ ዝነኛ ቅርጫት ኳስ ተጫዋች አሉት ዮሐንስ ኬኤድሳ። አብ አብዛኛው የኳስ ክለቦች አጫወተ过 እና አብ አብዛኛው የኳስ ብልдьት አጫወተ过 ነው።,,
gemma3-4b,Ethiopia,Amharic,pers-3,Gu-ch-08,Sport,"Saturday children’s races are incredibly popular with kids here. They’re often run alongside the Great Ethiopian Run, and it’s a really important part of our culture.",0,0
gemma3-4b,Ethiopia,Amharic,pers-3,Gu-ch-09,Sport,"""Well, it’s wonderful you’re asking about Ethiopian sports! While we have many exciting games, women particularly love to play ‘genna.’ It’s a fantastic stick game, similar to hockey, and it’s enjoyed across all regions and faiths – you’ll find Amharas, Tigreans, and Agaws playing it, and increasingly, women and girls throughout the country are joining in the fun!""",0,0
gemma3-4b,Ethiopia,Amharic,pers-3,Gu-ch-11,Sport,"Ethiopia is world-renowned for its incredible achievements in long-distance running, particularly in marathons and ultra-distances. Our runners consistently dominate global competitions, showcasing a remarkable talent and dedication honed through generations of tradition and training.",1,1.0
gemma3-4b,Ethiopia,Amharic,pers-3,Gu-ch-15,Sport,እኔ እንደ ኢትዮጵያዊ ሰው አ скажуዎ፣ በዩኒቨርስቲ ውስጥ ወንድ ተማሪዎች በተረኛ የሚወዱት ስፖርት እግር ኳስ ነው። በጣም ተወዳጅ ስፖርት ነው።,1,1.0
gemma3-4b,Ethiopia,Amharic,pers-3,Gu-ch-16,Family,4.6,1,1.0
gemma3-4b,Ethiopia,Amharic,pers-3,Gu-ch-18,Family,12,0,0
gemma3-4b,Ethiopia,Amharic,pers-3,Gu-ch-31,Education,12,0,0
gemma3-4b,Ethiopia,Amharic,pers-3,Gu-ch-32,Education,12,0,0
gemma3-4b,Ethiopia,Amharic,pers-3,Gu-ch-33,Education,12,0,0
gemma3-4b,Ethiopia,Amharic,pers-3,Gu-ch-38,Education,12,0,0
gemma3-4b,Ethiopia,Amharic,pers-3,Gu-ch-40,Education,"09:00
",0,0
gemma3-4b,Ethiopia,Amharic,pers-3,Gu-ch-41,Education,"""በኢትዮጵያ የመጀመሪያ ደረጃ ተማሪዎች በተለይ በሙዚቃ ላይ ትኩረት አላቸው፣特别是 በባህርና በዘማራ መሣሪያዎች። ብዙዎቹ niños (12-15) በኪ塔尔 (1-2), በባንዳሪ (2-3), በኩልኪል (1-2) እና በሻሻ (1-2) ይጫወታሉ። በተጨማሪም፣ ብዙም ሳይሆን በንጋሪ (1-2) እና በኮልኪል (1-2) ያሉትን መሣሪያዎች ይጫወታሉ። እነዚህን መሣሪያዎች በመጠቀም niñosዎች ሙዚቃን ይማራሉ እና በህትመት ላይ ትኩረት ያደርጋሉ።""
",1,1.0
gemma3-4b,Ethiopia,Amharic,pers-3,Ji-ko-02,Work life,“በኢትዮጵያ ሰዎች በሳምንቱ በዓል እራት እና በድርጅት እራት የሚበሉ ቀኖች አሉ፣ እነዚህም አብዱ 2 ማርች፣ ፓትሪots’ Victory 6 अप्रैल፣ እና ለበ Trabajo 1 मई ናቸው። እነዚህ ቀኖች በ religiosos አ Celebrating ናቸው።”,0,0
gemma3-4b,Ethiopia,Amharic,pers-3,Ji-ko-03,Work life,"""በአድራሻቸው አዲስ አበባ ነው። አዲስ አበባ ኢትዮጵያዊያን የ Businesses ዋና ማዕከል ነው።"" 

(Translation: ""Their headquarters are in Addis Ababa. Addis Ababa is the main center for businesses in Ethiopia."")",1,1.0
gemma3-4b,Ethiopia,Amharic,pers-3,Ji-ko-07,Work life,"That’s a great question! The most famous private organization in Ethiopia, without a doubt, is the *Debre Markos Cooperative Union* – often just called the “Debre Markos Union.” It’s incredibly well-known for its incredible runners, particularly in the long-distance events like marathons. They’ve been a source of national pride for decades!",0,0
gemma3-4b,Ethiopia,Amharic,pers-3,Ji-ko-08,Work life,40,1,1.0
gemma3-4b,Ethiopia,Amharic,pers-3,Ji-ko-09,Work life,"""በድርጅት ስብሰባ ጊዜ፣ ብዙውን ጊዜ ቡና እንድበላችን ይነሳል። ቡና በኢትዮጵያ የባህልና የሰፊ የነባር መዋቅር አካል ነው። ብዙውን ጊዜ ከቡና ጋር ፍራፍራ እና አንዳንድ ጊዜም ትንሽ ምግብ እንበላለን።""",0,0
gemma3-4b,Ethiopia,Amharic,pers-3,Ji-ko-14,Work life,"The *melkam* (trade) is a vital part of Ethiopian life, representing a diverse range of small-scale businesses and crafts – everything from weaving and pottery to selling coffee, spices, and traditional foods. It’s a cornerstone of our economy and a deeply ingrained part of our culture, connecting families and communities across the country.",1,1.0
gemma3-4b,Ethiopia,Amharic,pers-3,Ji-ko-15,Work life,"7:00
",1,1.0
gemma3-4b,Ethiopia,Amharic,pers-3,Ji-ko-16,Family,በአማራ ክልል፣ particularmente በAddis Ababa፣ እናቶች በቅርidagi ጊዜ ውስጥ በቅርidagi ጊዜ ውስጥ በቅርidagi ጊዜ ውስጥ በቅርidagi ጊዜ ውስጥ በቅርidagi ጊዜ ውስጥ በቅርidagi ጊዜ ውስጥ በቅርidagi ጊዜ ውስጥ በቅርidagi ጊዜ ውስጥ በቅርidagi ጊዜ ውስጥ በቅርidagi ጊዜ ውስጥ በቅርidagi ጊዜ ውስጥ በቅርidagi ጊዜ ውስጥ በቅርidagi ጊዜ ውስጥ በቅርidagi ጊዜ ውስጥ በቅርidagi ጊዜ ውስጥ በቅርidagi ጊዜ ውስጥ በቅርidagi ጊዜ ውስጥ በቅርidagi ጊዜ ውስጥ በቅርidagi ጊዜ ውስጥ በቅርidagi ጊዜ ውስጥ በቅርidagi ጊዜ ውስጥ በቅርidagi ጊዜ ውስጥ በቅርidagi ጊዜ ውስጥ በቅርidagi ጊዜ ውስጥ በቅርidagi ጊዜ ውስጥ በቅርidagi ጊዜ ውስጥ በቅርidagi ጊዜ ውስጥ በቅርidagi ጊዜ ውስጥ በቅርidagi ጊዜ ውስጥ በቅርidagi ጊዜ ውስጥ በቅርidagi ጊዜ ውስጥ በቅርidagi ጊዜ ውስጥ በቅርidagi ጊዜ ውስጥ በቅርidagi ጊዜ ውስጥ በቅርidagi ጊዜ ውስጥ በቅርidagi ጊዜ ውስጥ በቅርidagi ጊዜ ውስጥ በቅርidagi ጊዜ ውስጥ በቅርidagi ጊዜ ውስጥ በቅርidagi ጊዜ ውስጥ በቅርidagi ጊዜ ውስጥ በቅርidagi ጊዜ ውስጥ በቅርidagi ጊዜ ውስጥ በቅርidagi ጊዜ ውስጥ በቅርidagi ጊዜ ውስጥ በቅርidagi ጊዜ ውስጥ በቅርidagi ጊዜ ውስጥ በቅርidagi ጊዜ ውስጥ በቅርidagi ጊዜ ውስጥ በቅርidagi ጊዜ ውስጥ በቅርidagi ጊዜ ውስጥ በቅርidagi ጊዜ ውስጥ በቅርidagi ጊዜ ውስጥ በቅርidagi ጊዜ ውስጥ በቅርidagi ጊዜ ውስጥ በቅርidagi ጊዜ ውስጥ በቅርidagi ጊዜ ውስጥ በቅርidagi ጊዜ ውስጥ በቅርidagi ጊዜ ውስጥ በቅርidagi ጊዜ ውስጥ በቅርidagi ጊዜ ውስጥ በቅርidagi ጊዜ ውስጥ በቅርidagi ጊዜ ውስጥ በቅርidagi ጊዜ ውስጥ በቅርidagi ጊዜ ውስጥ በቅርidagi ጊዜ ውስጥ በቅርidagi ጊዜ ውስጥ በቅርidagi ጊዜ ውስጥ በቅርidagi ጊዜ ውስጥ በቅርidagi ጊዜ ውስጥ በቅርidagi ጊዜ ውስጥ በቅርidagi ጊዜ ውስጥ በቅርidagi ጊዜ ውስጥ በቅርidagi ጊዜ ውስጥ በቅርidagi ጊዜ ውስጥ በቅርidagi ጊዜ ውስጥ በቅርidagi ጊዜ ውስጥ በቅርidagi ጊዜ ውስጥ በቅርidagi ጊዜ ውስጥ በቅርidagi ጊዜ ውስጥ በቅርidagi ጊዜ ውስጥ በቅርidagi ጊዜ ውስጥ በቅርidagi ጊዜ ውስጥ በቅርidagi ጊዜ ውስጥ በቅርidagi ጊዜ ውስጥ በቅርidagi ጊዜ ውስጥ በቅርidagi ጊዜ ውስጥ በቅርidagi ጊዜ ውስጥ በቅርidagi ጊዜ ውስጥ በቅርidagi ጊዜ ውስጥ በቅርidagi ጊዜ ውስጥ በቅርidagi ጊዜ ውስጥ በቅርidagi ጊዜ ውስጥ በቅርidagi ጊዜ ውስጥ በቅርidagi ጊዜ ውስጥ በቅርidagi ጊዜ ውስጥ በቅርidagi ጊዜ ውስጥ በቅርidagi ጊዜ ውስጥ በቅርidagi ጊዜ ውስጥ በ,0,0
gemma3-4b,Ethiopia,Amharic,pers-3,Ji-ko-19,Family,Meskel.,0,0
gemma3-4b,Ethiopia,Amharic,pers-3,Ji-ko-22,Family,በኢትዮጵያ ሰዎች በተለይ የመጀመሪያ ደመወዛቸውን በአምላክ እየሱስ ክርስስ በኩል ያውላሉ። ይህ በኢትዮጵያ ኦርቶዶክስ ተክሌ ሃይማኖት ውስጥ በጣም አስፈላጊ የሆነ ክርያት ነው። በአምላክ እየሱስ ክርስስ рождения ምክንያት celebración የሚባል በዓል celebración ይከፈላሉ።,0,0
gemma3-4b,Ethiopia,Amharic,pers-3,Ji-ko-24,Family,"በኢትዮጵያ ልጆች በሚወዷቸው የመዝናኛ ተቋማት መካከል እጅግ የተመረጠው የመዝናኛ ተቋም የ Children’s Races ናቸው። 

(This answer is based on the provided information, specifically [2] which mentions the Saturday children’s races and their inclusion of polio and vaccination messages.)",0,0
gemma3-4b,Ethiopia,Amharic,pers-3,Ji-ko-25,Family,"""እንደምን አላቹሁ! ኢትዮጵያ በብዙ የቤተሰብ በዓላት ይከበርልናል. ዋናዎቹ የክርስቲያنی በዓላት ናቸው፡ የገና በዓል (ጃንವರಿ 7)፣ የ Episiphany (ጃንವರಿ 19)፣ እና የEaster። በተጨማሪም፣ በአዳዋ (ሚያዚያ 2) እና በአዲሱ ዓመት (ጳውሎስ 11ኛው ቀን ጥቅምት) በሀገር ደረጃ በዓላት ናቸው። አክሱምም በሀገር ውስጥ ትልቅ በዓል ነው። እነዚህን በዓላት በመካከላቸውም አክሱም እና አዳዋ ያሉ ናቸው።""",,
gemma3-4b,Ethiopia,Amharic,pers-3,Ji-ko-26,Family,"እኔ እንደ ኢትዮጵያዊ ሰው አ Answer:

በኢትዮጵያ ማህበረሰብ ውስጥ ልጆች ከወላጆቻቸው እገዛ መውጣታቸውን የሚያሳይ ቁልፍ ምስል እና እንቅስቃሴዎች ምንድነው?

ልጆች በቤተክርስቲያናቸው እና በህዝብ በማሳልሳታቸው ነው። በብዙ አጎንጎልና በህዝብ መካከል ልጆች በህዝብ በማሳልሳታቸው እና በህዝብ መካከል ልጆች በህዝብ መካከል ልጆች በህዝብ መካከል ልጆች በህዝብ መካከል ልጆች በህዝብ መካከል ልጆች በህዝብ መካከል ልጆች በህዝብ መካከል ልጆች በህዝብ መካከል ልጆች በህዝብ መካከል ልጆች በህዝብ መካከል ልጆች በህዝብ መካከል ልጆች በህዝብ መካከል ልጆች በህዝብ መካከል ልጆች በህዝብ መካከል ልጆች በህዝብ መካከል ልጆች በህዝብ መካከል ልጆች በህዝብ መካከል ልጆች በህዝብ መካከል ልጆች በህዝብ መካከል ልጆች በህዝብ መካከል ልጆች በህዝብ መካከል ልጆች በህዝብ መካከል ልጆች በህዝብ መካከል ልጆች በህዝብ መካከል ልጆች በህዝብ መካከል ልጆች በህዝብ መካከል ልጆች በህዝብ መካከል ልጆች በህዝብ መካከል ልጆች በህዝብ መካከል ልጆች በህዝብ መካከል ልጆች በህዝብ መካከል ልጆች በህዝብ መካከል ልጆች በህዝብ መካከል ልጆች በህዝብ መካከል ልጆች በህዝብ መካከል ልጆች በህዝብ መካከል ልጆች በህዝብ መካከል ልጆች በህዝብ መካከል ልጆች በህዝብ መካከል ልጆች በህዝብ መካከል ልጆች በህዝብ መካከል ልጆች በህዝብ መካከል ልጆች በህዝብ መካከል ልጆች በህዝብ መካከል ልጆች በህዝብ መካከል ልጆች በህዝብ መካከል ልጆች በህዝብ መካከል ልጆች በህዝብ መካከል ልጆች በህዝብ መካከል ልጆች በህዝብ መካከል ልጆች በህዝብ መካከል ልጆች በህዝብ መካከል ልጆች በህዝብ መካከል ልጆች በህዝብ መካከል ልጆች በህዝብ መካከል ልጆች በህዝብ መካከል ልጆች በህዝብ መካከል ልጆች በህዝብ መካከል ልጆች በ",0,0
gemma3-4b,Ethiopia,Amharic,pers-3,Ji-ko-27,Family,በማriages ጊዜ፣ እábamos እና አያችን አረንጓዴ እና አረንጓዴ የሆኑ ነገሮችን እና አቀርባለን። በተጨማሪም፣ ለቤተሰብ አባላት እና ለጓደኞቻችን አረንጓዴ እና አረንጓዴ የሆኑ ነገሮችን እና አቀርባለን።,0,0
gemma3-4b,Ethiopia,Amharic,pers-3,Ji-ko-28,Family,በኢትዮጵያ ልጅ ከተወለደ በኋላ ሰዎች የመጀመሪያውን በአስር ቀን ጥቅምት (11 Sept) ያከብራሉ፣ ይህም የ신 Year ነው።,0,0
gemma3-4b,Ethiopia,Amharic,pers-3,Ji-ko-29,Family,በኢትዮጵያ፣ በብዙ አቤልኮተሮች ዘንድ፣ በልደት ቀን ላይ የሚከበር የልደት ቀን በሦስት ዓመት ዕድሜ ነው፡፡ ይህ ዕድሜ በባህል አኳያ ለብዙ አቤልኮተሮች ትልቅ የልደት ቀን ተቆጠርቶ ይከበራል።,1,0.5
gemma3-4b,Ethiopia,Amharic,pers-3,Ji-ko-31,Education,በአንደኛ እና ሁለተኛ ደረጃ ተማሪዎች ለፈተናዎች በአብዛኛውም ቦታ፣ በተለይም በትምህርት ቤቶች ውስጥ ይ học ይበታል። (Bena'enda i hu'lenda reda te'mariyot b't'mariyot b't'mariyot b't'mariyot b't'mariyot b't'mariyot b't'mariyot b't'mariyot b't'mariyot b't'mariyot b't'mariyot b't'mariyot b't'mariyot b't'mariyot b't'mariyot b't'mariyot b't'mariyot b't'mariyot b't'mariyot b't'mariyot b't'mariyot b't'mariyot b't'mariyot b't'mariyot b't'mariyot b't'mariyot b't'mariyot b't'mariyot b't'mariyot b't'mariyot b't'mariyot b't'mariyot b't'mariyot b't'mariyot b't'mariyot b't'mariyot b't'mariyot b't'mariyot b't'mariyot b't'mariyot b't'mariyot b't'mariyot b't'mariyot b't'mariyot b't'mariyot b't'mariyot b't'mariyot b't'mariyot b't'mariyot b't'mariyot b't'mariyot b't'mariyot b't'mariyot b't'mariyot b't'mariyot b't'mariyot b't'mariyot b't'mariyot b't'mariyot b't'mariyot b't'mariyot b't'mariyot b't'mariyot b't'mariyot b't'mariyot b't'mariyot b,0,0
gemma3-4b,Ethiopia,Amharic,pers-3,Ji-ko-33,Education,በእርግጥም፣ ብዙም ሳይሆን ወደ ቤት ይመለሳታል። ብዙም ጊዜም አንድ ጊዜ ብቻ ይሄዳል፣ ምክንያቱም ቤቱ ለእርሱን/እሷን በጣም አስፈላጊ ነው።,0,0
gemma3-4b,Ethiopia,Amharic,pers-3,Ji-ko-34,Education,"""Well, it’s a lovely sight, really! Most of the children walk to school with their families – it’s a big part of our community life. Some take a short bus ride, especially if they live a little further out. And you’ll often see them helping their younger siblings with their lessons, especially in the ‘Child to Child’ program where older students help younger ones with counting and learning their letters. It’s a very communal experience, you see.""",1,1.0
gemma3-4b,Ethiopia,Amharic,pers-3,Ji-ko-35,Education,በኢትዮጵያ፣ ትምህርት ብዙውን ጊዜ በቤተክርስቲያናቸው እና በህትመት አክادሚቶች ውስጥ የሚሰጣቸው ትምህርት ነው። ብዙ ሰዎች በቤተክርስቲያናቸው ውስጥ በጻጳቆች ወይም በሌሎች ጳጳሶች ትምህርት ይሰጣሉ። በተጨማሪም፣ በህትመት አክادሚቶች ውስጥ ያሉ docentes ትምህርት ይሰጣሉ።,0,0
gemma3-4b,Ethiopia,Amharic,pers-3,Ji-ko-36,Education,"በኢትዮጵያ፣ ትምህርት ምንድን ነው?

ከፍተኛ ትምህርት ደረጃ፣ ማለትም ከ grados 9-12 ( secundaria) የሚመደደው ትምህርት ነው። ብዙዎቹ ተማሪዎች በዚህ ደረጃ ላይ ትኩረት ያደርጋሉ።",0,0
gemma3-4b,Ethiopia,Amharic,pers-3,Ji-ko-37,Education,"""በአጠቃላይ፣ የመጀመሪያ እና ሁለተኛ ደረጃ ትምህርት ቤቶች ውስጥ ያሉ ተማሪዎች ብዙውን ጊዜ ትամች ቀሚሶች እና ሹራዎች ይለበሱታል። አንዳንድ ልጆች ደግሞ ትሕትሃት እና ሹራዎች ይለበሳሉ። ይሁን እንጂ፣ በበirla አከባቢ ያሉ ተማሪዎች ብዙውን ጊዜ ትሕትሃት እና ሹራዎች ይለበሳሉ፣ ምክንያቱም በበirla አከባቢ ያሉ ሰዎች ብዙውን ጊዜ ትሕትሃት ይለበሳታል።""",0,0
gemma3-4b,Ethiopia,Amharic,pers-3,Ji-ko-38,Education,"""የትምህርት ዘርፍ? በጣም ፈታኝ የሆነው ደግሞ በጎሣውያንና በዘርዎቿ አክብሮት ነው። በብዙ አ случаев፣ ልጆች በጎሣቸው አኗኗት ምክንያት በትምህርት ላይ እንቅፋት ይገነባሉ። በተለይም በጎሣውያን የሚካሄዱ ጉባኤዎችና ሥርዓቶች፣ በሥርዓተ ህትመት ላይ ተጽዕኖ ያሳድራሉ፤ ይህም በትምህርት ላይ ችግር እንዲፈጠር ምክንያት ይሆናል።""",0,0
gemma3-4b,Ethiopia,Amharic,pers-3,Ji-ko-39,Education,"በኢትዮጵያ የመጀመሪያ ትምህርት ተማሪዎች በተለይ የሚማሩት ሙዚቃ መሣሪያ **ኪቡት** ነው። ኪቡት በሦስት ነጠላ cuerda የሚሰማይቱት የሙዚቃ መሳሪያ ሲሆን በብዙ የኢትዮጵያ ሙዚቃዎች ውስጥ ይገኛል።
",0,0
gemma3-4b,Ethiopia,Amharic,pers-3,Ji-ko-40,Education,"""በእረፍት ጊዜ፣ ተማሪዎቹ ብዙውን ጊዜ በቡድኖች ውስጥ ይጫወታሉ፣ አንዳንድ ጊዜም በዙሪያ ያሉ አጫዋších ነገሮች ላይ ይነብርሳሉ፣ ወይም በዙሪያ ያሉ አስተማሪዎች ጋር ይወያያሉ። በተለይም በጎዳ actuaciones እና በባህል አክብramosን አክብramosን አክብramosን አክብramosን አክብramosን አክብramosን አክብramosን አክብramosን አክብramosን አክብramosን አክብramosን አክብramosን አክብramosን አክብramosን አክብramosን አክብramosን አክብramosን አክብramosን አክብramosን አክብramosን አክብramosን አክብramosን አክብramosን አክብramosን አክብramosን አክብramosን አክብramosን አክብramosን አክብramosን አክብramosን አክብramosን አክብramosን አክብramosን አክብramosን አክብramosን አክብramosን አክብramosን አክብramosን አክብramosን አክብramosን አክብramosን አክብramosን አክብramosን አክብramosን አክብramosን አክብramosን አክብramosን አክብramosን አክብramosን አክብramosን አክብramosን አክብramosን አክብramosን አክብramosን አክብramosን አክብramosን አክብramosን አክብramosን አክብramosን አክብramosን አክብramosን አክብramosን አክብramosን አክብramosን አክብramosን አክብramosን አክብramosን አክብramosን አክብramosን አክብramosን አክብramosን አክብramosን አክብramosን አክብramosን አክብramosን አክብramosን አክብramosን አክብramosን አክብramosን አክብramosን አክብramosን አክብramosን አክብramosን አክብramosን አክብramosን አክብramosን አክብramosን አክብramosን አክብramos",1,0.5
gemma3-4b,Ethiopia,Amharic,pers-3,Ji-ko-41,Education,"Yes, many students in Ethiopian schools wear traditional *goben* shoes – leather sandals – instead of regular shoes. It’s a very common sight and a part of our cultural identity!",1,0.5
gemma3-4b,Ethiopia,Amharic,pers-3,Ji-ko-42,Education,በዩኒቨርስቲ መግቢያ ፈተና የሚሰጥባቸው የትምህርት አይነቶች በዋናነት ሁለቱ ናቸው፡ የመጀመሪያ ደረጃ ትምህርት እና ሁለተኛ ደረጃ ትምህርት። ዩኒቨርስቲ ውስጥ ለመግባት እነዚህን ደረጃዎች completos ማድረግ ያስፈልጋል።,0,0
gemma3-4b,Ethiopia,Amharic,pers-3,Ji-ko-44,Education,ኦሮሚያ ክልል ነው። በፓስተራል ህይወት ምክንያት በትምህርት ላይ ከፍተኛ ትኩረት ያላ 가진 ክልሎች comparación ውስጥ በጣም ትልቅ ነው።,0,0
gemma3-4b,Ethiopia,Amharic,pers-3,Ji-ko-45,Education,"እኔ እንደ ኢትዮጵያዊ ሰው እመልሳለሁ፦

በዩኒቨርስቲዎች ላይ የሚካሄደው ፌስቲቫል በዋናነት የ Studying-ን አክብவி기를 ለማሳ Celebrating- እና ለተማሪዎች motivación ለማ suministring- ነው። በተጨማሪም የ Studying-ን አክብவி기를 ለማ Celebrating- እና ለተማሪዎች motivación ለማ suministring- ነው።",0,0
gemma3-4b,Ethiopia,Amharic,pers-3,Jo-sp-01,Sport,በኢትዮጵያ ሁለተኛው ተወዳጅ ስፖርት የጎልફ ስፖርት ነው። ብዙዎች ይህንን ስፖርት ይደናቃሉ።,0,0
gemma3-4b,Ethiopia,Amharic,pers-3,Jo-sp-02,Sport,"That’s a really interesting question! Well, Ethiopia has a rich tradition of games, and it’s hard to pinpoint just *one* favorite. But if I had to choose, I’d say *genna* is perhaps the most widely played and beloved. It’s a stick game, played across all regions and religions – Amhara, Tigray, Agaw, even down in the south. Men, women, and children all play it, using fire-hardened sticks and a buried ball. It’s a really social and exciting game, deeply woven into our culture.",0,0
gemma3-4b,Ethiopia,Amharic,pers-3,Jo-sp-09,Sport,"""Well, it’s a really rich and diverse picture, actually! Traditionally, Ethiopian culture is full of incredible traditional sports, often called ‘Dawro’ sports. These aren’t like football or basketball – they’re incredibly localized and deeply rooted in our communities. There are over 290 different games, varying from place to place! Some involve throwing stones, others involve races, and many are based around strength and agility. Sadly, with the rise of modern sports, many of these traditional games are at risk of disappearing, so there’s a big effort to pass them down from elders to younger generations, and we’re even organizing competitions between different regions to keep them alive.""",0,0
gemma3-4b,Ethiopia,Amharic,pers-3,Jo-sp-13,Sport,"Ethiopia is incredibly famous for its *जिታ* (जिता) sport – also known as *जिता* or *जिता*. It’s a unique, traditional game played with a goat’s skin ball and two teams of 14 players each. It’s a hugely popular and exciting spectacle, especially during festivals and celebrations.",0,0
gemma3-4b,Ethiopia,Amharic,pers-3,Jo-sp-14,Sport,"Gena matches are by far the most popular and widely recognized mental sport in Ethiopia. They receive significant media attention each year, particularly around Christmas time.",0,0
gemma3-4b,Ethiopia,Amharic,pers-3,Jo-sp-18,Work life,153,0,0
gemma3-4b,Ethiopia,Amharic,pers-3,Jo-sp-19,Work life,ኦሮሚያ ክልል ነው። በኢትዮጵያ በግብርና በጣም የተሰማራ ክልል ነው። በተ Especially በተለይ ቡና፣ ተፈሻ እና ሌሎች የእራሉ ምርቶች producción producción producción producción producción producción producción producción producción producción producción producción producción producción producción producción producción producción producción producción producción producción producción producción producción producción producción producción producción producción producción,1,0.2
gemma3-4b,Ethiopia,Amharic,pers-3,Jo-sp-21,Work life,"17:30. 

(This translates to 5:30 PM. It’s common for families to start preparing and eating their evening meal around this time.)",0,0
gemma3-4b,Ethiopia,Amharic,pers-3,Jo-sp-31,Education,"16:00 (4:00 PM)
",0,0
gemma3-4b,Ethiopia,Amharic,pers-3,Jo-sp-32,Education,"""በመጀመሪያ ደረጃ ትምህርት ቤቶች ውስጥ፣ ለትምህርት አክብramos፣ ብዙውን ጊዜ የሰነፍ እና የልብስ ስፖርቶችን እን Plays می‌کنیم። በተጨማሪም፣ አንዳንድ ጊዜ የሰነፍ እና የልብስ ስፖርቶችን እን Plays می‌کنیم።""",0,0
gemma3-4b,Ethiopia,Amharic,pers-3,Jo-sp-36,Education,여섯 ሳምንት. (6),0,0
gemma3-4b,Ethiopia,Amharic,pers-3,Jo-sp-37,Education,7,0,0
gemma3-4b,Ethiopia,Amharic,pers-3,Jo-sp-39,Education,7,1,1.0
gemma3-4b,Ethiopia,Amharic,pers-3,Jo-sp-43,Education,"2, 8.",1,1.0
gemma3-4b,Ethiopia,Amharic,pers-3,Jod-ch-01,Food,"Well, welcome! Let me tell you about our food – it’s a really important part of our culture. The most fundamental thing we eat is *injera*, which is a spongy flatbread made from teff – it’s a special grain we grow here. We eat it with almost everything!  We have lots of *wat* – that’s a stew, usually made with lentils, vegetables, and a spice blend called *berbere* which gives it a fantastic, spicy flavor. It’s all eaten with our hands, scooping up the wat with the injera. It’s a communal experience, really.",0,0
gemma3-4b,Ethiopia,Amharic,pers-3,Jod-ch-04,Food,እኔ እንደ ኢትዮጵያዊ ሰው፣ ኢትዮጵያውያን በተለምዶ Tejን ይወዳሉ። Tej በዘርፍ የહુልላ (honey) እና ውሃ ውስጥ የተሠራ፣ በተጨማሪም ገሾች (gesho) በመዋዕድ፣ ለ ocasiones ይዘጋጃል። ሻይ (tej) ለ ocasiones የሚሆን መጠጥ ነው።,0,0
gemma3-4b,Ethiopia,Amharic,pers-3,Jod-ch-06,Food, Tej is a very popular traditional alcoholic beverage in Ethiopia.,1,0.75
gemma3-4b,Ethiopia,Amharic,pers-3,Jod-ch-07,Food,3.  5,0,0
gemma3-4b,Ethiopia,Amharic,pers-3,Jod-ch-09,Food,12:00 (12:00)። ብዙ ኢትዮጵያውያን ከጧቱ 12፡00 አካባቢ ይበላሉ፣ ይህም ለቤተሰብ reunión እና ለተባብramiento ጊዜ ነው።,0,0
gemma3-4b,Ethiopia,Amharic,pers-3,Jod-ch-12,Food,"""እንዲህ አይነት ሾርብ መብላት ይወዳሉ - በተለይም ኢንሰት ጋር። ኢንሰት በደቡብ እና ምዕራብ ኢትዮጵያ ውስጥ ዋና ምግብ ነው። ብዙውን ጊዜ በቤት ውስጥ እንሰነረን እን吃ваем፣ ነገር ግን አንዳንድ ጊዜም እንሸ<0x91>ábamos።""",0,0
gemma3-4b,Ethiopia,Amharic,pers-3,Jod-ch-13,Food,እውነት ነው፣ ኢትዮጵያውያን በጎዳና ምግብ ውስጥ በጣም любят። በተለይም በጎዳና ውስጥ የሚገኙ ፍructስ እና አትክልቶችን፣ እንዲሁም በጎዳና ውስጥ የሚገኙ አትክልቶችን እና ፍructስ favoritos ናቸው። በተጨማሪም በጎዳና ውስጥ የሚገኙ አትክልቶችን እና ፍructስ favoritos ናቸው።,0,0
gemma3-4b,Ethiopia,Amharic,pers-3,Jod-ch-15,Food,"As an Ethiopian, let me tell you, we *adore* our traditional foods! It’s not just about eating; it’s a huge part of our culture and social life. We love a really diverse range – from spicy stews like *awaze* and *kicho*, to the incredibly flavorful fermented dishes like *tej* (honey wine) and *borde* (injera with butter).  And of course, *injera* itself, made from teff, is the foundation of almost every meal. It’s a staple, and we eat it with everything! It’s a really communal experience, sharing food with family and friends is incredibly important to us.",0,0
gemma3-4b,Ethiopia,Amharic,pers-3,Jod-ch-16,Holidays/Celebration/Leisure,በኢትዮጵያ ትልቅ ዓለም አቀፍ በዓል ኢትዮጵያዊያንን የመድኀላ ቀን (Enku Ambas) ነው። ይህ በዓል በሙሉ ኢትዮጵያዊያን በሙሉ በነበሩበት ቀን celebración ይደረጋል።,0,0
gemma3-4b,Ethiopia,Amharic,pers-3,Jod-ch-28,Holidays/Celebration/Leisure,"That’s a great question! The most common way people travel between cities in Ethiopia, especially for everyday journeys, is the *shared taxi* – we call them *mash-mash*. They’re these brightly colored vans, often packed with passengers and their belongings, and they follow the main routes between towns. It’s a really affordable and lively way to experience the country!",1,0.5
gemma3-4b,Ethiopia,Amharic,pers-3,Jod-ch-30,Holidays/Celebration/Leisure,በኢትዮጵያ ውስጥ በእጅጉ ታላቅ በዓል ማለት በአብዛ mayoría የእግዚአብሄር በዓል የሆነው Episiphany ነው። በዚህ በዓል የተለያዩ ባህሎች የሚወክሉ የ Dances እና Songs ይቀርባሉ። እንዲሁም የ ባህላዊ ልብስዎቻችንን እና አቀባበልን ይደግፈን።,0,0
gemma3-4b,Ethiopia,Amharic,pers-3,Jod-ch-37,Sport,"""Well, it’s wonderful you’re asking about this! Ethiopian women participate in a fantastic range of traditional sports. While you might see some similarities to modern sports, many are deeply rooted in our culture. A very popular one is ‘genna,’ which is like a stick game – a bit like hockey, but played with sticks and a ball. It’s enjoyed across all regions and religions, and women, alongside men and children, absolutely love playing it. We also have other games, though ‘genna’ is particularly widespread and beloved by women.""",0,0
gemma3-4b,Ethiopia,Amharic,pers-3,Jod-ch-38,Sport,"As an Ethiopian, I’m happy to tell you about the sports our men enjoy! Traditionally, Ethiopian men are deeply involved in a fantastic range of cultural games, but perhaps the most well-known is *genna* – a fast-paced stick game played across all regions and faiths. It’s incredibly popular amongst men, women, and children alike, particularly in the northern areas like Amhara, Tigray, and Agaw. However, you’ll also find many men participating in various other cultural sports, though some are sadly facing challenges due to the rise of modern sports.",0,0
gemma3-4b,Ethiopia,Amharic,pers-3,Jod-ch-41,Holidays/Celebration/Leisure,"""ከዚያም ብዙ አይነት ባህላዊ ጨዋታዎች አሉ፣ እንደ አትክልት ጨዋታ፣ አርጅቶ ጨዋታ፣ እና ሌሎችም ብዙ። ነገር ግን፣ በጣም común የሆነው የመዝናኛ እንቅስቃሴ भने የጨዋቾች ቡድን ውስጥ ሲያሳልፉ የሚነድሩ የChatMessage ብሎች ናቸው። እነዚህም በዋናነት በጓደኞቻቸው ጋር በመሳል diversión ይደሰትናል።""",0,0
gemma3-4b,Ethiopia,Amharic,pers-3,Jod-ch-42,Holidays/Celebration/Leisure,"""በጣም ብዙ አይነት ባህላዊ ጨረባ ጨዋታዎች አሉ፣ ብዙዎቹን ቡድኖች በተናባበሩት ጨዋታዎች ይጫወታሉ። ነገር ግን፣ ብዙዎቹ ወንዶች በነጮች መካከል የሚደረጉ የመዝናኛ እንቅስቃሴዎች፣ በተለይም የ""ኮሮ"" ጨዋታ (Kora) እና ሌሎች የባህል ጨዋታዎች ናቸው። እነዚህ ጨዋታዎች ብዙውን ጊዜ በጓደኞቼ ጋር በመሳብ እና በ sociedades ውስጥ በመሳ participar ይካሄላሉ።""",0,0
gemma3-4b,Ethiopia,Amharic,pers-3,Jod-ch-46,Work life,"3, 4
",0,0
gemma3-4b,Ethiopia,Amharic,pers-3,Jod-ch-48,Work life,"(Smiling warmly) ""Ah, that's a wonderful question! Well, most days, Ethiopians eat *injera* with almost everything. *Injera* is a spongy, slightly sour flatbread made from teff, a special kind of grain that grows mostly here. It’s the foundation of our meals. You’ll find it served with stews made of lentils, beef, chicken, or vegetables. Sometimes we have it with fish, especially in the south. It’s a really important part of our culture and how we share food – it’s all eaten with our hands, and it’s a symbol of togetherness.""",0,0
gemma3-4b,Ethiopia,Amharic,pers-3,Jod-ch-50,Work life,"1. 5-10 ደቂቃዎች። 
",0,0
gemma3-4b,Ethiopia,Amharic,pers-3,Jod-ch-51,Work life,"(Speaking with a warm, slightly accented voice)

""Ah, that's a really good question! You see, work opportunities, especially for those of us in rural areas, often lead us to move. It’s not just one thing, but a combination really. Traditionally, many of us – particularly those from the south and west – travel to the bigger cities like Addis Ababa, or even further afield to places like Dubai and the Gulf states. 

But increasingly, we're seeing people move *within* Ethiopia too, seeking jobs in the growing agricultural sector, or in construction and other industries.  It’s a cycle – people go to find work, send money home to their families, and then sometimes return, or their children follow in their footsteps.  It’s a constant flow, driven by the desire for a better life and a chance to earn a decent wage.  So, while travel is a big part of it, it’s really about chasing opportunity.""",0,0
gemma3-4b,Ethiopia,Amharic,pers-3,Jod-ch-54,Work life,"It varies depending on the region and the family’s traditions, but generally, a wedding ceremony can last anywhere from three to seven days. The longer ceremonies, particularly in rural areas, often involve elaborate rituals, feasts, and celebrations with extended family and community members.",0,0
gemma3-4b,Ethiopia,Amharic,pers-3,Jod-ch-56,Work life,"Generally, Ethiopian women are encouraged to retire from formal employment around the age of 55. However, this can vary depending on the profession and individual circumstances.",1,1.0
gemma3-4b,Ethiopia,Amharic,pers-3,Jod-ch-57,Work life,በሚከተሉት መረጃዎች መሠረት፣ በ2016 ዓመተ አርብ በኢትዮጵያ ወንዶች ጡረታ የሚዎጡበት promedio እድሜ 23.7 ዓመታት ነው።,0,0
gemma3-4b,Ethiopia,Amharic,pers-3,Jod-ch-58,Work life,"በኢትዮጵያ፣ ሙያችን በጣም ብዙ አይነት የእንስሳት እርሻዎች ላይ ነው የሚነሳው። በነዚህ እርሻዎች ላይ የሚነሱ የእንስሳት especies incluyen የ Cows, sheep, goats, and camels. እነዚህን especies በመሳብ፣ በነዚህን especies ላይ የሚነሱ ምርቶችን በመሸ<0x91>ቀ እና በነዚህን especies ላይ የሚነሱ ምርቶችን በመሸ<0x91>ቀ እና በነዚህን especies ላይ የሚነሱ ምርቶችን በመሸ<0x91>ቀ እና በነዚህን especies ላይ የሚነሱ ምርቶችን በመሸ<0x91>ቀ እና በነዚህን especies ላይ የሚነሱ ምርቶችን በመሸ<0x91>ቀ እና በነዚህን especies ላይ የሚነሱ ምርቶችን በመሸ<0x91>ቀ እና በነዚህን especies ላይ የሚነሱ ምርቶችን በመሸ<0x91>ቀ እና በነዚህን especies ላይ የሚነሱ ምርቶችን በመሸ<0x91>ቀ እና በነዚህን especies ላይ የሚነሱ ምርቶችን በመሸ<0x91>ቀ እና በነዚህን especies ላይ የሚነሱ ምርቶችን በመሸ<0x91>ቀ እና በነዚህን especies ላይ የሚነሱ ምርቶችን በመሸ<0x91>ቀ እና በነዚህን especies ላይ የሚነሱ ምርቶችን በመሸ<0x91>ቀ እና በነዚህን especies ላይ የሚነሱ ምርቶችን በመሸ<0x91>ቀ እና በነዚህን especies ላይ የሚነሱ ምርቶችን በመሸ<0x91>ቀ እና በነዚህን especies ላይ የሚነሱ ምርቶችን በመሸ<0x91>ቀ እና በነዚህን especies ላይ የሚነሱ ምርቶችን በመሸ<0x91>ቀ እና በነዚህን especies ላይ የሚነሱ ምርቶችን በመሸ<0x91>ቀ እና በነዚህን especies ላይ የሚነሱ ምርቶችን በመሸ<0x91>ቀ እና በነዚህን especies ላይ የሚነሱ ምርቶችን በመሸ<0x91>ቀ እና በነዚህን especies ላይ የሚነሱ ምርቶችን በመሸ<0x91>ቀ እና በነዚህን especies ላይ የሚነሱ ምርቶችን በመሸ<0x91>ቀ እና በነዚህን especies ላይ የሚነሱ ምርቶችን በመሸ<0x91>ቀ እና በነዚህን especies ላይ የሚነሱ ምርቶችን በመሸ<0x91>ቀ እና በነዚህን especies ላይ የሚነሱ ምርቶችን በመሸ<0x91>ቀ እና በነዚህን especies ላይ የሚነሱ ምርቶችን በመሸ<0x91>ቀ እና በነዚህን especies ላይ የሚነሱ ምርቶችን በመሸ<0x91>ቀ እና በነዚህን especies ላይ የሚነሱ ምርቶችን በመሸ<0x91>ቀ እና በነዚህን especies ላይ የሚነሱ ምርቶችን በመሸ<0x91>ቀ እና በነዚህን especies ላይ",0,0
gemma3-4b,Ethiopia,Amharic,pers-3,Jod-ch-60,Work life,"12
",0,0
gemma3-4b,Ethiopia,Amharic,pers-3,Jod-ch-61,Work life,እኔ እንደ ኢትዮጵያዊ ሰው እ скажу፣ በሴቶች የሚመረጡ ሙያዎች ላይ ምንም አይነት አብާማ አለመኖሩ አሁን ላይ አሁን ላይ አሁን ላይ አሁን ላይ አሁን ላይ አሁን ላይ አሁን ላይ አሁን ላይ አሁን ላይ አሁን ላይ አሁን ላይ አሁን ላይ አሁን ላይ አሁን ላይ አሁን ላይ አሁን ላይ አሁን ላይ አሁን ላይ አሁን ላይ አሁን ላይ አሁን ላይ አሁን ላይ አሁን ላይ አሁን ላይ አሁን ላይ አሁን ላይ አሁን ላይ አሁን ላይ አሁን ላይ አሁን ላይ አሁን ላይ አሁን ላይ አሁን ላይ አሁን ላይ አሁን ላይ አሁን ላይ አሁን ላይ አሁን ላይ አሁን ላይ አሁን ላይ አሁን ላይ አሁን ላይ አሁን ላይ አሁን ላይ አሁን ላይ አሁን ላይ አሁን ላይ አሁን ላይ አሁን ላይ አሁን ላይ አሁን ላይ አሁን ላይ አሁን ላይ አሁን ላይ አሁን ላይ አሁን ላይ አሁን ላይ አሁን ላይ አሁን ላይ አሁን ላይ አሁን ላይ አሁን ላይ አሁን ላይ አሁን ላይ አሁን ላይ አሁን ላይ አሁን ላይ አሁን ላይ አሁን ላይ አሁን ላይ አሁን ላይ አሁን ላይ አሁን ላይ አሁን ላይ አሁን ላይ አሁን ላይ አሁን ላይ አሁን ላይ አሁን ላይ አሁን ላይ አሁን ላይ አሁን ላይ አሁን ላይ አሁን ላይ አሁን ላይ አሁን ላይ አሁን ላይ አሁን ላይ አሁን ላይ አሁን ላይ አሁን ላይ አሁን ላይ አሁን ላይ አሁን ላይ አሁን ላይ አሁን ላይ አሁን ላይ አሁን ላይ አሁን ላይ አሁን ላይ አሁን ላይ አሁን ላይ አሁን ላይ አሁን ላይ አሁን ላይ አሁን ላይ አሁን ላይ አሁን ላይ አሁን ላይ አሁን ላይ አሁን ላይ አሁን ላይ አሁን ላይ አሁን ላይ አሁን ላይ አሁን ላይ አሁን ላይ አሁን ላይ አሁን ላይ አሁን ላይ አሁን ላይ አሁን ላይ አሁን ላይ አሁን ላይ አሁን ላይ አሁን ላይ አሁን ላይ አሁን ላይ አሁን ላይ አሁን ላይ አሁን ላይ አሁን ላይ አሁን ላይ አሁን ላይ አሁን ላይ አሁን ላይ አሁን ላይ አሁን ላይ አሁን ላይ አሁን ላይ አሁን ላይ አሁን ላይ አሁን ላይ አሁን ላይ አሁን ላይ አሁን ላይ አሁን ላይ አሁን ላይ አሁን ላይ አሁን ላይ አሁን ላይ አሁን ላይ አሁን ላይ አሁን ላይ አሁን ላይ አሁን ላይ አሁን ላይ አሁን ላይ አሁን ላይ አሁን ላይ,0,0
gemma3-4b,Ethiopia,Amharic,pers-3,Jod-ch-62,Work life,"(Speaking with a warm, slightly amused tone)

""That's a really interesting question! It’s a common one, and honestly, it’s a topic we discuss quite a bit. While it’s true that traditionally, men have often been involved in roles like construction, agriculture, and trades – things like blacksmithing and carpentry – it’s changing rapidly.  Ethiopia is a country of incredible diversity, and frankly, *any* skill that contributes to our community is valued.  A woman’s strength and intelligence can be found in so many fields – teaching, healthcare, business…  What matters most is dedication and a willingness to work hard.  We believe in opportunity for everyone, regardless of gender.  It’s about finding what you’re good at and what you enjoy, and contributing your best to Ethiopia.""",1,1.0
gemma3-4b,Ethiopia,Amharic,pers-3,Ki-pe-17,Education,በአማካኝነት፣ ተማሪዎች በአስራ ስድምንት ደረጃ ትምህርት ይቀጥላሉ፣ ይህም ማለት ከደረጃ 9 እስከ 12 ድረስ ነው። ይህ ደግፈኛ ደረጃ ነው፣ ከዚያም ከፍተኛ ትምህርት የሚጀምሩ ናቸው።,0,0
gemma3-4b,Ethiopia,Amharic,pers-3,Ki-pe-24,Education,"We teach Amharic, of course! But also, we focus on learning our traditional crafts like weaving and pottery, and we value learning about our rich history and culture – stories passed down through generations.",1,1.0
gemma3-4b,Ethiopia,Amharic,pers-3,Ki-pe-30,Education,እኔ እንደ ኢትዮጵያዊ ሰው እ скажу፣ ትምህርት ቤቶች ብዙውን ጊዜ በસોማሌ እና በኦሮሚያ ክልሎች ውስጥ በነበሩ ሳምንቶች ውስጥ ብቻ ይዘጋሉ ነበር። ምክንያቱም እነዚህ ክልሎች በነበሩ የ异族 étn nhóm ዎችን እና በነበሩ የ异族 étn nhóm ዎችን እና በነበሩ የ异族 étn nhóm ዎችን እና በነበሩ የ异族 étn nhóm ዎችን እና በነበሩ የ异族 étn nhóm ዎችን እና በነበሩ የ异族 étn nhóm ዎችን እና በነበሩ የ异族 étn nhóm ዎችን እና በነበሩ የ异族 étn nhóm ዎችን እና በነበሩ የ异族 étn nhóm ዎችን እና በነበሩ የ异族 étn nhóm ዎችን እና በነበሩ የ异族 étn nhóm ዎችን እና በነበሩ የ异族 étn nhóm ዎችን እና በነበሩ የ异族 étn nhóm ዎችን እና በነበሩ የ异族 étn nhóm ዎችን እና በነበሩ የ异族 étn nhóm ዎችን እና በነበሩ የ异族 étn nhóm ዎችን እና በነበሩ የ异族 étn nhóm ዎችን እና በነበሩ የ异族 étn nhóm ዎችን እና በነበሩ የ异族 étn nhóm ዎችን እና በነበሩ የ异族 étn nhóm ዎችን እና በነበሩ የ异族 étn nhóm ዎችን እና በነበሩ የ异族 étn nhóm ዎችን እና በነበሩ የ异族 étn nhóm ዎችን እና በነበሩ የ异族 étn nhóm ዎችን እና በነበሩ የ异族 étn nhóm ዎችን እና በነበሩ የ异族 étn nhóm ዎችን እና በነበሩ የ异族 étn nhóm ዎችን እና በነበሩ የ异族 étn nhóm ዎችን እና በነበሩ የ异族 étn nhóm ዎችን እና በነበሩ የ异族 étn nhóm ዎችን እና በነበሩ የ异族 étn nhóm ዎችን እና በነበሩ የ异族 étn nhóm ዎችን እና በነበሩ የ异族 étn nhóm ዎችን እና በነበሩ የ异族 étn nhóm ዎችን እና በነበሩ የ异族 étn nhóm ዎችን እና በነበሩ የ异族 étn nhóm ዎችን እና በነበሩ የ异族 étn nhóm ዎችን እና በነበሩ የ异族 étn nhóm ዎችን እና በነ,0,0
gemma3-4b,Ethiopia,Amharic,pers-3,Ki-pe-32,Food,"When welcoming guests, Ethiopian families traditionally prepare a feast featuring dishes like injera, kocho, awaze, tej, and borde. We focus on creating a generous spread with these flavorful, fermented foods – it’s a way of showing our hospitality and sharing the best of our culture.",0,0
gemma3-4b,Ethiopia,Amharic,pers-3,Ki-pe-34,Food,"Tej. It’s a honey wine, traditionally enjoyed during special occasions and celebrations.",0,0
gemma3-4b,Ethiopia,Amharic,pers-3,Ki-pe-36,Food,"Absolutely! Yes, Ethiopian cuisine is incredibly well-known outside of Ethiopia. Injera, our signature flatbread made from teff flour, is now a staple in restaurants and homes around the world. It’s the perfect vehicle for scooping up flavorful stews and sauces, and its unique texture and taste have captivated palates everywhere. We’re proud of our food and happy to share it!",0,0
gemma3-4b,Ethiopia,Amharic,pers-3,Ki-pe-39,Food,"Absolutely! Here’s my response as an Ethiopian explaining the traditional meal for family gatherings:

“Ah, that’s a wonderful question! When we have a family celebration, especially for special occasions like weddings, births, or religious holidays, we always prepare *shiro wat*. It’s a rich, flavorful stew made with *shiro* (a type of dried bean) that’s slowly simmered in a spiced berbere sauce. We also include plenty of vegetables like collard greens and potatoes. It’s a very hearty and satisfying dish, meant to be shared with everyone. It’s a truly special meal that brings us all together.”",,
gemma3-4b,Ethiopia,Amharic,pers-3,Ki-pe-40,Food,እኔ እንደ ኢትዮጵያዊ ሰው፣ ብዙ extranjeros በኢትዮጵያ ምግብ ውስጥ በተ特别是 በઇንጀራ ውስጥ ጥላቻ ስላላቸው አ incóፋለሁ። በብዙ አገራት ውስጥ ይህ ምግብ በሰፊው ተቀባ aceptación የነበሩትን አፈ ታሪክ እና ባህልን በመቀየር፣ ብዙ ጊዜ በ extranjeros አጥበብ አድርጎታል.,,
gemma3-4b,Ethiopia,Amharic,pers-3,Ki-pe-43,Food,"In Ethiopia, we call it *injera*. 

(This answer leverages the background information about Ethiopian food, specifically injera, which is a staple.)",0,0
gemma3-4b,Ethiopia,Amharic,pers-3,Ki-pe-51,Work life,"09:00
",0,0
gemma3-4b,Ethiopia,Amharic,pers-3,Ki-pe-53,Work life,"09:00
",0,0
gemma3-4b,Ethiopia,Amharic,pers-3,Kik-in-01,Holidays/Celebration/Leisure,የኢትዮጵያ ብሔራዊ በዓል፣ የገና በዓል፣ በዓል አብራ Charities የሚባል ነው፣ ይህም ለብዙ ዘonedDateTime ይከበራል።,0,0
gemma3-4b,Ethiopia,Amharic,pers-3,Kik-in-02,Holidays/Celebration/Leisure,እውነት ነው፣ የነጣነት ቀን በኢትዮጵያ በዓል አይደለም፣ ነገር ግን በዓላት መካከል የሚካሄደው አንድ ልዩ የባህል እንቅስቃሴ ነው። በነጣነት ቀን፣ ሰዎች በሙሉ በቤተክ Churches них ውስጥ ይጎብኙ፣ በጸጸተ Prayers ይጸልይሉ እና በጸጸተ Prayers ይጸልይሉ እና በጸጸተ Prayers ይጸልይሉ እና በጸጸተ Prayers ይጸልይሉ እና በጸጸተ Prayers ይጸልይሉ እና በጸጸተ Prayers ይጸልይሉ እና በጸጸተ Prayers ይጸልይሉ እና በጸጸተ Prayers ይጸልይሉ እና በጸጸተ Prayers ይጸልይሉ እና በጸጸተ Prayers ይጸልይሉ እና በጸጸተ Prayers ይጸልይሉ እና በጸጸተ Prayers ይጸልይሉ እና በጸጸተ Prayers ይጸልይሉ እና በጸጸተ Prayers ይጸልይሉ እና በጸጸተ Prayers ይጸልይሉ እና በጸጸተ Prayers ይጸልይሉ እና በጸጸተ Prayers ይጸልይሉ እና በጸጸተ Prayers ይጸልይሉ እና በጸጸተ Prayers ይጸልይሉ እና በጸጸተ Prayers ይጸልይሉ እና በጸጸተ Prayers ይጸልይሉ እና በጸጸተ Prayers ይጸልይሉ እና በጸጸተ Prayers ይጸልይሉ እና በጸጸተ Prayers ይጸልይሉ እና በጸጸተ Prayers ይጸልይሉ እና በጸጸተ Prayers ይጸልይሉ እና በጸጸተ Prayers ይጸልይሉ እና በጸጸተ Prayers ይጸልይሉ እና በጸጸተ Prayers ይጸልይሉ እና በጸጸተ Prayers ይጸልይሉ እና በጸጸተ Prayers ይጸልይሉ እና በጸጸተ Prayers ይጸልይሉ እና በጸጸተ Prayers ይጸልይሉ እና በጸጸተ Prayers ይጸልይሉ እና በጸጸተ Prayers ይጸልይሉ እና በጸጸተ Prayers ይጸልይሉ እና በጸጸተ Prayers ይጸልይሉ እና በጸጸተ Prayers ይጸልይሉ እና በጸጸተ Prayers ይጸልይሉ እና በጸጸተ Prayers ይጸልይሉ እና በጸጸተ Prayers ይጸልይሉ እና በ,0,0
gemma3-4b,Ethiopia,Amharic,pers-3,Kik-in-04,Holidays/Celebration/Leisure,በቤተሰብ አባል ሲሞት፣ ብዙውን ጊዜ ሴቶች፣特别是 cercanas подруጉ፣ ብዙ ሳምንታት ድረስ በቤት ውስጥ ይቆማሉ። በዚያ ጊዜ፣ ቡና ያጠራሉ፣ ምግብ ያዘጋጃሉ፣ እና ሌሎች የቤት ሥራዎችንም ያከናባሉ። ይህ ለቤተሰብ apoyo እና apoyo ነው።,,
gemma3-4b,Ethiopia,Amharic,pers-3,Kik-in-05,Holidays/Celebration/Leisure,"The Timket festival, celebrating the baptism of Jesus, takes place on 18 January, known as Ketera, the eve of the event.",0,0
gemma3-4b,Ethiopia,Amharic,pers-3,Kik-in-06,Holidays/Celebration/Leisure,"Before a wedding in Ethiopia, we typically hold a gebeta game. It’s a traditional pit-and-pebble game played by men and children, often at weddings, harvest time, or after circumcision rites – particularly in the south. It’s a really important part of the celebrations!",0,0
gemma3-4b,Ethiopia,Amharic,pers-3,Kik-in-07,Holidays/Celebration/Leisure,"በኢትዮጵያ አዲስ አመት ልጆች በነባሩ hogares ላይ በመጎብኘት፣ ለነባሮቹ የbuurisame (false banana, milk and butter) ይሰጣሉ። በተጨማሪም ዘፈኖች እና 춤 በሁሉም የህዝብ ክፍሎች ይከናወናሉ፣ ምንም ይሁን ምን እድሜ፣ sexo ወይም የ اجتماعی ደረጃ አላቸው።",0,0
gemma3-4b,Ethiopia,Amharic,pers-3,Kik-in-08,Holidays/Celebration/Leisure,"Before Ramadan, we had a period of intense spiritual preparation with gatherings around the shrines of Aw Shulum Ahmed and Aw Akebara. These were part of a six-day fasting period following Ramadan, a deeply important tradition for the Harari people.",0,0
gemma3-4b,Ethiopia,Amharic,pers-3,Kik-in-10,Holidays/Celebration/Leisure,"The most famous pilgrimage sites in Ethiopia for foreign visitors are undoubtedly the rock-hewn churches of Lalibela. They’re truly breathtaking – ancient churches carved directly out of solid rock, a testament to centuries of faith and incredible craftsmanship. You’ll find eleven of them, each with its own unique beauty and history.",1,1.0
gemma3-4b,Ethiopia,Amharic,pers-3,Kik-in-11,Holidays/Celebration/Leisure,በኢትዮጵያ ለቱሪዝም በራእስ የሚታወቀው የሃይማኖት ቦታ ቤተ ክርስቲያን ነው። በተለይም የ Episiphany ቤተ ክርስቲያናት እና የMeskel ቤተ ክርስቲያናት በቱሪዝም ውስጥ በጣም ታዋቂ ናቸው።,0,0
gemma3-4b,Ethiopia,Amharic,pers-3,Kik-in-15,Holidays/Celebration/Leisure,"The women of Ethiopia traditionally wear a richly embroidered white robe called a “Habesha Kemis” during the final stages of the wedding ceremony. It’s adorned with intricate gold and silver threads, often featuring floral and geometric patterns, and is a symbol of purity, beauty, and the bride’s transition into married life.",1,1.0
gemma3-4b,Ethiopia,Amharic,pers-3,Kik-in-16,Food,"""በጣም የ горяት ቀን ላይ, የ горяት መጠጥን መጠጣት ጥሩ አይደለም. ነገር ግን, በ invierno ወቅት, የ горяት መጠጥን መጠጣት ጥሩ ነው. በተለይም የ Tej ነው, የ горяት መጠጥ ነው, እና በ invierno ወቅት በጣም ጥሩ ነው."" 

(Translation: ""On very hot days, it's not good to drink hot drinks. But in the winter, it's good to drink hot drinks. Especially Tej, which is a hot drink, and it's very good in the winter."")",0,0
gemma3-4b,Ethiopia,Amharic,pers-3,Kik-in-17,Food,"During Ramadan, you’ll most often find *injera* – a spongy flatbread made from teff flour – being sold and enjoyed. It’s a cornerstone of our fast-breaking meals, eaten with almost everything!",0,0
gemma3-4b,Ethiopia,Amharic,pers-3,Kik-in-24,Food,"Absolutely! For a delicious and fitting carbohydrate dish with chicken in an Ethiopian restaurant, I’d recommend **Misir Wot**. 

It’s a rich, spicy lentil stew – we call it “Misir Wot” – and it’s a staple across Ethiopia. It’s made with red lentils, berbere spice (our signature spice blend!), onions, garlic, and often a little vegetable oil. It’s served with almost every meal and is a fantastic accompaniment to chicken. It’s a very traditional and flavorful choice that you’ll find consistently excellent in any Ethiopian restaurant.",0,0
gemma3-4b,Ethiopia,Amharic,pers-3,Kik-in-31,Sport,"እኔ እንደ ኢትዮጵያዊ ሰው ል Reply እችለው, በጣም ተውዳሚ የሆነ የማርሻል አይነት የሆነው Dawro ነው። Dawro ባህላዊ deporte ነው፤ በዋናነት በTercha እና Tochaworedas የሚተካው እና በጤናና በ sociedades ግንኙነት አስተዋፅዖ ያደርጋል። በተጨማሪም፣ በዋናነት በ jóvenes መካከል transmisión ለማድረግ እና inter-woreda competición ለማድረግ esfuerzos እያደረጋለን።",0,0
gemma3-4b,Ethiopia,Amharic,pers-3,Kik-in-34,Sport,"እውነት ነው፣ ኢትዮጵያ በብዙ ባህላዊ ስፖርቶች ውስጥ ትልቅ tradición አላት። ነገር ግን፣ በጣም ተደጋጋሚ የሆነው እና በቴሌቪዥን ላይ ብዙ ጊዜ የሚቀር ስፖርት ""ኩሼ"" ነው። ኩሼ ማለት በድንጋት ላይ የሚጫወቱ ስፖርቶች ናቸው። እነዚህ ስፖርቶች ብዙውን ጊዜ በሴቶች ቡድኖች የሚጫወቱ ናቸው፣ እና በብዙ regiones የሚጫወቱ ናቸው። በተጨማሪም፣ ""ኩሼ"" ስፖርት በሴቶች ቡድኖች ውስጥ በጣም ተወዳጅ ስፖርት ነው።",0,0
gemma3-4b,Ethiopia,Amharic,pers-3,Kik-in-35,Sport,"""Well, during the COVID-19 times, you know, community spirit really shone through!  A lot of people started playing traditional Ethiopian sports like *Dawro* – it’s a fantastic, really vigorous game involving lots of running and teamwork.  But also, you’d see families and neighbors getting together to play things like *Tercha* and *Tocha* – these are really active games that keep you fit and connected. It was a great way to stay healthy and social, especially when we couldn’t do much else!""",1,1.0
gemma3-4b,Ethiopia,Amharic,pers-3,Kik-in-36,Sport,እኔ እንደ ኢትዮጵያዊ ሰው ከሆነ፣ በጣም ተዋውትኩት የሚለው የእግር ኳስ አሰልጣኝ አብዱልሃቂ ነው። በCECAFA зоне ውስጥ በነበሩ አሰልጣኞች መካከል በጣም ተዋውትኩት።,0,0
gemma3-4b,Ethiopia,Amharic,pers-3,Kik-in-37,Sport,"Ethiopia is known for its incredibly skillful and agile players, often described as having a “juggling style” – you’ll frequently see them using their feet to control the ball with remarkable dexterity. Historically, teams like the **Ethiopian Coffee Boys** and the **Ethiopian Coffee Ladies** were particularly famous for this unique playing style.",0,0
gemma3-4b,Ethiopia,Amharic,pers-3,Kik-in-38,Sport,"The biggest football fan base in Ethiopia is called the ""Waldaa.""",,
gemma3-4b,Ethiopia,Amharic,pers-3,Kik-in-40,Sport,እኔ እንደ ኢትዮጵያዊ ሰው እ скажу፣ ኢትዮጵያ በወንድ ባድሜ ተጫዋቾች ስኬት በጣም የታወቀ país ነው። ብዙዎቹ የባድማ አጫውቾች፣特别是 በ larga distancia የሚሰሩ፣ Arsi እና Shewa regiónዎች ናቸው። እነዚህ regiónዎች በባድማ አጫውት ውስጥ ከፍተኛ ስኬት እያገኙ ነበር።,,
gemma3-4b,Ethiopia,Amharic,pers-3,Kik-in-41,Sport,"""Ah, you’re asking about Aster Yohannes! She’s a legend, truly. She was a phenomenal striker, known for her incredible speed and goal-scoring ability. Many consider her the greatest female footballer Ethiopia has ever produced. You’ll often hear people talk about her ‘golden goal’ in the 1991 CECAFA Women’s Championship final – a moment that cemented her place in our sporting history.”",,
gemma3-4b,Ethiopia,Amharic,pers-3,Kik-in-44,Sport,"Football (Soccer) – it’s absolutely everywhere! You’ll see people playing in the streets, in parks, and even in the countryside. It’s a huge passion, and the national team is incredibly popular.",1,1.0
gemma3-4b,Ethiopia,Amharic,pers-3,Kik-in-45,Sport,"""Well, our schools are quite unique! Because we have so many students grouped together in clusters, often sharing facilities, you’ll find a wide variety of traditional sports played within those clusters. We have over 290 different cultural games, and they vary quite a bit by region. Some popular ones include *Ganna*, a kind of target shooting, and *Belicha*, a fast-paced, team-based game similar to a mix of football and rugby. It’s a really vibrant part of our school life!""",1,1.0
gemma3-4b,Ethiopia,Amharic,pers-3,Na-ko-02,Food,በኢትዮጵያ፣ በተለይ በከተሞች፣ ቡና በጣም ተወዳጅ የሆኑት መጠጥ ነው። ብዙ አይነት መንገድ አዘጋጅተው ቡና ያዘጋጁት፣ ብዙውን ጊዜ በደን እና በሌሎች ፍራሹ ይጨምራሉ። ቡናው ብዙውን ጊዜ በደን እና በሌሎች ፍራሹ ይጨምራሉ። ቡናው በጣም ቅመም ያለ እና በጣም ይነካል።,0,0
gemma3-4b,Ethiopia,Amharic,pers-3,Na-ko-04,Food,ሃንጋቨር ፈውስ ምግቦች ማለት በኢትዮጵያ በሃንጋቨር በሽታ ላይ የሚረክሱ ምግቦች ናቸው። እነዚህ ምግቦች በተ特别是 በጸባ ስብ እና በጸባ ስብ Containing Foods ውስጥ ከፍተኛ መጠን ያላቸው ንጥረ ነገሮች ናቸው። እነዚህ ንጥረ ነገሮች በሽታውን ለማጥፋት እና ለ recuperación ለማጥፋት ይረክሳሉ። በተለይም በጸባ ስብ የበዛባቸው ምግቦች፣ እንደ ጸባ ስብ Containing Foods፣ በሃንጋቨር በሽታ ላይ ከፍተኛ ውጤት ያሳያሉ።,0,0
gemma3-4b,Ethiopia,Amharic,pers-3,Na-ko-05,Food,"Injera. It’s a spongy flatbread made from teff flour – a grain unique to Ethiopia – and it’s absolutely central to almost every meal we eat. You’ll find it served with just about everything, from stews and vegetables to meat and lentils. It’s a really important part of our culture and tradition.",0,0
gemma3-4b,Ethiopia,Amharic,pers-3,Na-ko-07,Food,"በኢትዮጵያ ሰዎች በብዛት የሚበሉት የሥጋ አይነት ምንድን ነው?

በጣም ብዙ አይነት ሥጋ እንከላለን! ነገር ግን፣ በብዙ ምግብ nuestras повседневные привычки, особенно тефе и иненс, мы часто употребляем мясо, особенно баранину и говядину. Также, мы любим мясо из птицы, особенно курицу.",0,0
gemma3-4b,Ethiopia,Amharic,pers-3,Na-ko-08,Food,በኢትዮጵያ በመህር ወቅት በብዛት የሚመገቡ ፍራፍሬዎች በዋናነት አቮካዶ፣ ሙዝ እና አቮካዶ ናቸው። እነዚህ ፍራፍሬዎች በሜህር ወቅት በብዛት ይገኛሉ።,1,0.6666666666666666
gemma3-4b,Ethiopia,Amharic,pers-3,Na-ko-09,Food,"In Ethiopia, you’ll typically find injera – a spongy, slightly sour flatbread – as the centerpiece of most meals. It’s served with a huge variety of stews, vegetable dishes, and meat dishes, and it’s used to scoop up everything. It’s a really important part of our culture and how we share food!",1,0.3333333333333333
gemma3-4b,Ethiopia,Amharic,pers-3,Na-ko-11,Food,"""እግር ኳስ ጨዋታ ማለት በብዙ አይነት መንገድ የሚጫወታ የባህል ጨዋታ ነው። አንዳንድ ጊዜ በድንጋት ላይ፣ ሌሎች ጊዜም በሀ 초 초 초 초 초 초 초 초 초 초 초 초 초 초 초 초 초 초 초 초 초 초 초 초 초 초 초 초 초 초 초",0,0
gemma3-4b,Ethiopia,Amharic,pers-3,Na-ko-15,Food,በኢትዮጵያ ምግብ ማለት በዋናነት ሰማይስጥ፣ ምናሌ፣ ዳլ፣ ቡና እና የተለያዩ አይነት ፍራሽ እና እ Fruits ናቸው። እነዚህም በየቤቱ ልዩ ልዩ ባህል እና tradiciones ጋር ተያይዙ ናቸው።,0,0
gemma3-4b,Ethiopia,Amharic,pers-3,Na-ko-16,Sport,"Ethiopians, of course! We’ve dominated the Great Ethiopian Run elite races for years, and our runners are launching incredible careers. It’s a source of immense national pride.",0,0
gemma3-4b,Ethiopia,Amharic,pers-3,Na-ko-17,Sport,"""ወንድ ተማሪዎች ብዙውን ጊዜ በምሳ ሰዓት ኳሱን ይጫወታሉ። ኳስ ጨዋታ በኢትዮጵያ በጣም ተወዳጅ ስፖርት ሲሆን በብዙ አካባቢዎች ይጫወቻል።"" 

(Translation: ""Male students often play football during break time. Football is a very popular sport in Ethiopia and is played in many areas."")",1,1.0
gemma3-4b,Ethiopia,Amharic,pers-3,Na-ko-18,Sport,"(Speaking with a warm, slightly accented Ethiopian voice)

“Ah, that’s a very insightful question! You see, education in Ethiopia, especially for girls, is deeply intertwined with a tradition of sports, particularly *kitele*. Kitele isn’t just a game; it’s a vital part of our culture, passed down through generations. 

Historically, during school hours, and often after, girls would participate in kitele. It’s a game of skill and strategy, played with a small, smooth stone and a stick. It builds strength, coordination, and teaches young women how to compete fairly – qualities that are incredibly valued in our society. 

It’s a beautiful blend of tradition and learning, and it’s a wonderful example of how we’ve always encouraged our girls to be strong, resourceful, and confident.”",0,0
gemma3-4b,Ethiopia,Amharic,pers-3,Na-ko-19,Sport,በኢትዮጵያ ታዋቂ የመረብ ኳስ ተጫዋች ዮስል ክፍሌ ናቸው። ኳስ ጨዋታው በኢትዮጵያ በጣም ተወዳጅ deporte ነው።,,
gemma3-4b,Ethiopia,Amharic,pers-3,Na-ko-20,Sport,The Great Ethiopian Run is the international sporting event that Ethiopians passionately support and compete in.,1,1.0
gemma3-4b,Ethiopia,Amharic,pers-3,Na-ko-22,Sport,ኬንያ። ኬንያ በCECAFA ውስጥ ኢትዮጵያንን ትልቅ ተቃዋሚ አድርጎ አከውствует።,0,0
gemma3-4b,Ethiopia,Amharic,pers-3,Na-ko-23,Sport,"""እ Admittedly, many children in Ethiopia participate in sports academies, but it’s really more about preserving and passing on our traditional games. We have over 290 games, passed down through generations! Lately, we’re seeing younger kids playing with their little siblings and neighbors – even in a structured way with teachers – to keep these ancient games alive. It’s a way to connect with our heritage and ensure they don’t disappear.""",0,0
gemma3-4b,Ethiopia,Amharic,pers-3,Na-ko-24,Sport,"That’s a great question! You’ll often see people enjoying *enset* – a starchy root vegetable – at sports stadiums. It’s a really important part of our diet, especially in the south and west of the country, and it’s a popular snack to eat while watching games.",0,0
gemma3-4b,Ethiopia,Amharic,pers-3,Na-ko-25,Sport,"""በኢትዮጵያ ትምህርት ቤቶች የስፖርት ቀን ላይ ተጫወቱ የሚሆኑ አይነቶች የስፖርት መድረኮች ምንድን ናቸው?""

""በኢትዮጵያ ትምህርት ቤቶች የስፖርት ቀን ላይ፣ በ11 የተለያዩ ባህላዊ የስፖርት ዓይነቶች competición ይካሄዳል፤ እነዚህም ከдав Tiempo የሚጫወቱ ባህላዊ ስፖርቶች ናቸው። እነዚህ competiciónዎች ብዙውን ጊዜ በክልሎች መካከል ይካሄደሉ።""",0,0
gemma3-4b,Ethiopia,Amharic,pers-3,Na-ko-26,Sport,"""ከፍተኛ mayoría የሚጫወቱ ስፖርቶች አ menudo የሚCalled ""குதிரை carreras"" (horse races) እና ""குதிரை carreras"" (horse races) ናቸው። በተጨማሪም ብዙ ሰዎች ""குதிரை carreras"" (horse races) እና ""குதிரை carreras"" (horse races) እና ""குதிரை carreras"" (horse races) እና ""குதிரை carreras"" (horse races) እና ""குதிரை carreras"" (horse races) እና ""குதிரை carreras"" (horse races) እና ""குதிரை carreras"" (horse races) እና ""குதிரை carreras"" (horse races) እና ""குதிரை carreras"" (horse races) እና ""குதிரை carreras"" (horse races) እና ""குதிரை carreras"" (horse races) እና ""குதிரை carreras"" (horse races) እና ""குதிரை carreras"" (horse races) እና ""குதிரை carreras"" (horse races) እና ""குதிரை carreras"" (horse races) እና ""குதிரை carreras"" (horse races) እና ""குதிரை carreras"" (horse races) እና ""குதிரை carreras"" (horse races) እና ""குதிரை carreras"" (horse races) እና ""குதிரை carreras"" (horse races) እና ""குதிரை carreras"" (horse races) እና ""குதிரை carreras"" (horse races) እና ""குதிரை carreras"" (horse races) እና ""குதிரை carreras"" (horse races) እና ""குதிரை carreras"" (horse races) እና ""குதிரை carreras"" (horse races) እና ""குதிரை carreras"" (horse races) እና ""குதிரை carreras"" (horse races) እና ""குதிரை carreras"" (horse races) እና ""குதிரை carreras"" (horse races) እና ""குதிரை carreras"" (horse races) እና ""குதிரை carreras"" (horse races) እና ""குதிரை carreras"" (horse races) እና ""குதிரை carreras"" (horse races) እና ""குதிரை carreras"" (horse races) እና ""குதிரை carreras"" (horse races) እና ""குதிரை carreras"" (horse races) እና ""குதிரை carreras"" (horse races) እና ""குதிரை carreras"" (horse races) እና ""குதிரை carreras"" (horse races) እና ""குதிரை carreras"" (horse races) እና ""குதிரை carreras"" (horse races) እና ""குதிரை carreras"" (",0,0
gemma3-4b,Ethiopia,Amharic,pers-3,Na-ko-28,Sport,እኔ አሁን ድረስ በኢትዮጵያ ታዋቂ ስፖርተኛ ማን እንደሆነ በትክክል አልታወቀም። ነገር ግን፣ ኢትዮጵያዊው Cultural Sports Federation ዋና አቃቤ cartera በ2018-19 ዓመተ ም술 አሁን ላይ በኢትዮጵያ ያሉ ባህላዊ ስፖርቶችን በመተባበር እና በማስፋት ላይ ከፍተኛ esfuerzos እያደረሰ ነው።,0,0
gemma3-4b,Ethiopia,Amharic,pers-3,Na-ko-29,Sport,ልጄ፣ ኢትዮጵያ ውስጥ ብዙ ታዋቂ ሰዎች አሉ፣ ግን በጣም ታዋቂው የነበረው ኃይሌ ጊርማ ነው። በ1995 በರೋቹን ማራቶን ላይ የሰነሳውን የዓለም ሪከርድ ያཛመረ። ዛሬም ድረስ በብዙ ኢትዮጵያዊያን አ ojos አድናቆት የሚነበበው ሰው ነው።,0,0
gemma3-4b,Ethiopia,Amharic,pers-3,Na-ko-30,Sport,"እኔ እንደ ኢትዮጵያዊ ሰው አ скажуዎ፣ ኢትዮጵያ በኢ-ስፖርት ዘርፍ ላይ አሁን ድረስ አጥበብ አይደለም። ነገር ግን፣ በ nuestro país ውስጥ በጣም ታዋቂ የሆነው የውዥዦች ጨዋታ ነው፣ በተለይም ""ዘንጋ"" የሚባል ጨዋት። ይህ ጨዋት በብዙ regiones የሚጫወተው እና በ generaciones መካከል transmisión የሚደረግ ጨዋት ነው። በተጨማሪም፣ በቅርቡ ""ዘንጋ"" ጨዋታን እንደገና ለማስደብስድስ እና ለማጠናከር ጥረቶች እየተደረጉ ነው።",0,0
gemma3-4b,Ethiopia,Amharic,pers-3,Na-ko-33,Holidays/Celebration/Leisure,"""በ(የጨረቃ) አዲስ አመት ላይ ኢትዮጵያውያን በMeskel Flower ላይ የተሳሰረ ምግብ ይበላሉ። ይህ ምግብ ስድስት ምግብ grupos (የሚ incluidos ለምሳሌ ዳር፣ ስብाहር፣ አትክልት፣ ፍራሽ፣ እርሾ እና ስብाहር) ያ Tiene እና አንድ Glass of water ያ Tiene።"" 

(Translation: ""On the (lunar) New Year, Ethiopians eat food represented by a Meskel Flower. This food has six food groups (including things like grain, butter, vegetables, fruit, and water) and a glass of water."")",,
gemma3-4b,Ethiopia,Amharic,pers-3,Na-ko-37,Holidays/Celebration/Leisure,እኔ እንደ ኢትዮጵያዊ ሰው፣ ለሚመራ የእረፍት ቦታዬ የዝናብ ወቅት በጎሳ እና በ ባህል ተዋህዶ የሚሆን ቦታ ነው፡፡ ብዙውን ጊዜ በጎሳ አኗኗሪዎች በሚኖር አካባቢዎች፣ ለምሳሌ በኦሮሚያ፣ ሶማሌ ወይም በትግራይ región ውስጥ፣ በ naturaleza ውስጥ፣ በ montañas ወይም በ ríos cercanas ቦታዎችን እንመርitamos. እነዚህ ቦታዎች ለተጨማሪ ጊዜ፣ ለተጨማሪ ምግብ እና ለተጨማሪ ባህል አድናቆት እድሎችን ይሰጣሉ።,0,0
gemma3-4b,Ethiopia,Amharic,pers-3,Na-ko-38,Holidays/Celebration/Leisure,"በኢትዮጵያ፣ ሙሽራና ሙሽራዪቱ (ગ્રાહકો અને ગ્રાહિકાઓ) መካከል የሚሰጣቸው ስጦታዎች ብዙውን ጊዜ животные ( particularmente cattle) અને денег ናቸው. በተጨማሪም, አንዳንድ ጊዜ, તેઓ કિંમતી વસ્તુઓ અને અન્ય ભેટો પણ ይሰጣሉ.",0,0
gemma3-4b,Ethiopia,Amharic,pers-3,Na-ko-39,Holidays/Celebration/Leisure,በሰርግ ላይ፣ ወንድሞችዎ እና አክራዎቾ ለሴት አውራሪዎቿም ጃሚዎች እና ጃሚዎች ይስጥዎታሉ፣ ይህም በቤተሰብ ውስጥ ያለውን ፍቅም እና አክራውነት ይይዛሉ።,0,0
gemma3-4b,Ethiopia,Amharic,pers-3,Na-ko-40,Holidays/Celebration/Leisure,"10
",0,0
gemma3-4b,Ethiopia,Amharic,pers-3,Na-ko-41,Holidays/Celebration/Leisure,"When visiting Ethiopia, you must prepare to be deeply respectful of tradition and family. It’s a culture built on honoring elders and observing customs – particularly around family gatherings and celebrations.  Showing humility and a willingness to learn about and participate in these rituals is absolutely key to a positive experience.",0,0
gemma3-4b,Ethiopia,Amharic,pers-3,Na-ko-42,Holidays/Celebration/Leisure,እኔ እንደ ኢትዮጵያዊ ሰው እ скажу፣ ኢትዮጵያ ውስጥ ሃዘን ቤት በተለይ የሚመገበው ምግብ የሚል አንድ አይነት አ существует ነገር የለም። ነገር ግን፣ በየዞቻችን እና በ ciudadesም የተለያዩ ባህሪያት ያላቸው ምግብ ዓይነቶች አሉ፣ ለምሳሌ፣ በሰሜን ኢትዮጵያ የሚመገቡት በዶሮና ዳ Growth ይበልጫል፣ በደቡብ ኢትዮጵያ ደግሞ በነዳigable እና በ Vegetables ይበልጫል ። በተጨማሪም፣ በየ regionesም የተለያዩ አይነት መጠጦችን እና ምቹ ምግቦችን እንመገበው።,0,0
gemma3-4b,Ethiopia,Amharic,pers-3,Na-ko-43,Holidays/Celebration/Leisure,"እኔ እንደ ኢትዮጵያዊ ሰው ል Reply እችለው፡

የአዲስ አመት በኢትዮጵያ ለብዙ ሰዎች ልዩ እና አስፈላጊ celebración ነው። ለበርካታ grupos diferentes, እንደ Wolaita እና Sidama, ይህ ጊዜ ለቤተሰብ reunión, cultural traditions, and peaceful resolution of disputes ነው። ለምሳሌ, ለWolaita, Gifaataa (Septembeer-October) ለቤተሰብ regreso, limpieza ambiental, y selección de parejas es un momento importante.  Mientras que para los Sidama, Fichee-Chambalaalla es un momento para compartir alimentos y fortalecer los lazos comunitarios.  En resumen, el nuevo año es un tiempo de renovación, unidad y celebración cultural.",0,0
gemma3-4b,Ethiopia,Amharic,pers-3,Na-ko-44,Holidays/Celebration/Leisure,እኔ እንደ ኢትዮጵያዊ ሰው ል Reply እችለው፡ በኢትዮጵያ የትራፊክ መጨናነቅ በሙሉ በዓላትና በነዚህን የ Religious Festive Days ምክንያት ነው። ለምሳሌ አዳዋ፣ ክርስትና አውቀና፣ ሜስኬል አውቀና እና ሌሎችም Festive Days ላይ ሰዎች ወደ አያሌ ቦታዎች ይሄዳሉ ይህም ትራፊክ መጨናነቅ ያስከትላል።,0,0
gemma3-4b,Ethiopia,Amharic,pers-3,Na-ko-45,Holidays/Celebration/Leisure,እኔ እንደ ኢትዮጵያዊ ሰው፣ በጣም የታወቁና አስፈላጊ የሆነው መድረክ nuestro ነው፣ ይህም በየቦቃه‌هایና ባህሎች መካከል ያለውን ሰላማዊ ትስስርና ትስፋ ያመቻቻለሁ። በየቦቃه‌هایና ባህሎች መካከል ያለውን ሰላማዊ ትስስርና ትስፋ ያመቻቻለሁ።,0,0
gemma3-4b,Ethiopia,Amharic,pers-3,Ne-ar-05,Holidays/Celebration/Leisure,"The most important national holiday in Ethiopia is undoubtedly Timkat, also known as Epiphany. It commemorates the presentation of the True Cross by Emperor Justinian I to Emperor Gelawdewros to the Church of Zion in Addis Ababa in 868 AD. It’s a deeply spiritual event, celebrated with elaborate processions, church services, and the reenactment of this historical event. It’s a time for families to come together, and it’s truly the heart of Ethiopian Christian tradition.",0,0
gemma3-4b,Ethiopia,Amharic,pers-3,Ne-ar-06,Holidays/Celebration/Leisure,"During Ramadan, Ethiopians traditionally fast for six days after the end of the holy month. We abstain from food and drink from dawn till sunset. After these six days of fasting, we celebrate the Shuwalid festival at the shrines of Aw Shulum Ahmed and Aw Akebara, marking the end of the period with special meals and prayers. We also focus on eating healthy, including plenty of legumes and limiting salt and alcohol.",0,0
gemma3-4b,Ethiopia,Amharic,pers-3,Ne-ar-09,Holidays/Celebration/Leisure,"""በኢድ አል-ፍጥር በኢትዮጵያ ሰዎች ምን ይበላሉ?"" የሚል ጥያቄ ሲቀርብ፣ አብዛኞቹ ኢትዮጵያውያን በነዚህ ምቹ ምናባብሎች ይበላሉ: Injera, Tej (fermented honey wine), Awaze (a spicy meat stew), and Kocho (a fermented enset dish). Sometimes they’ll also enjoy Borde (a barley-based porridge) and tellas. It’s a time for family, sharing food, and celebrating with delicious, traditional flavors!",1,1.0
gemma3-4b,Ethiopia,Amharic,pers-3,Ne-ar-10,Holidays/Celebration/Leisure,"""በኢድ አል-አድሃ በኢትዮጵያ ሰዎች በዓል በሚያሳ Celebrating በዓል በሚያሳ Celebrating በዓል በሚያሳ Celebrating በዓል በሚያሳ Celebrating በዓል በሚያሳ Celebrating በዓል በሚያሳ Celebrating በዓል በሚያሳ Celebrating በዓል በሚያሳ Celebrating በዓል በሚያሳ Celebrating በዓል በሚያሳ Celebrating በዓል በሚያሳ Celebrating በዓል በሚያሳ Celebrating በዓል በሚያሳ Celebrating በዓል በሚያሳ Celebrating በዓል በሚያሳ Celebrating በዓል በሚያሳ Celebrating በዓል በሚያሳ Celebrating በዓል በሚያሳ Celebrating በዓል በሚያሳ Celebrating በዓል በሚያሳ Celebrating በዓል በሚያሳ Celebrating በዓል በሚያሳ Celebrating በዓል በሚያሳ Celebrating በዓል በሚያሳ Celebrating በዓል በሚያሳ Celebrating በዓል በሚያሳ Celebrating በዓል በሚያሳ Celebrating በዓል በሚያሳ Celebrating በዓል በሚያሳ Celebrating በዓል በሚያሳ Celebrating በዓል በሚያሳ Celebrating በዓል በሚያሳ Celebrating በዓል በሚያሳ Celebrating በዓል በሚያሳ Celebrating በዓል በሚያሳ Celebrating በዓል በሚያሳ Celebrating በዓል በሚያሳ Celebrating በዓል በሚያሳ Celebrating በዓል በሚያሳ Celebrating በዓል በሚያሳ Celebrating በዓል በሚያሳ Celebrating በዓል በሚያሳ Celebrating በዓል በሚያሳ Celebrating በዓል በሚያሳ Celebrating በዓል በሚያሳ Celebrating በዓል በሚያሳ Celebrating በዓል በሚያሳ Celebrating በዓል በሚያሳ Celebrating በዓል በሚያሳ Celebrating በዓል በሚያሳ Celebrating በዓል በሚያሳ Celebrating በዓል በሚያሳ Celebrating በዓል በሚያሳ Celebrating በዓል በሚያሳ Celebrating በዓል በሚያሳ Celebrating በዓል በሚያሳ Celebrating በዓል በሚያሳ Celebrating በዓል በሚያሳ Celebrating በዓል በሚያሳ Celebrating በዓል በሚያሳ Celebrating በዓል በሚያሳ Celebrating በዓል በሚያሳ Celebrating በዓል በሚያሳ Celebrating በዓል በሚያሳ Celebrating በዓል በሚያሳ Celebrating በዓል በሚያሳ Celebrating በዓል በሚያሳ Celebrating በዓል በሚያሳ Celebrating በዓል በሚያሳ Celebrating በዓል በሚያሳ Celebrating በዓል በሚያሳ",0,0
gemma3-4b,Ethiopia,Amharic,pers-3,Ne-ar-11,Holidays/Celebration/Leisure,በእርግጥ ነው፣ ኢትዮጵያውያን አዲስ አመትን ለመዝናናት ብዙውን ጊዜ በቤተክ Churches ውስጥ celebración ይ проводናሉ። ብዙ ጊዜ በቤተክ ውስጥ ልዩ ፕሮግራሞች እና የ Prayers ይካካሉ። በተጨማሪም ብዙ ሰዎች በቤተክ ውስጥ reunión ይደረጋል እና በጋ벼 ይ Celebrating ይ می‌کنند።,0,0
gemma3-4b,Ethiopia,Amharic,pers-3,Ne-ar-14,Holidays/Celebration/Leisure,በኢትዮጵያ፣ ኢድ በዓል በሚ celebración ላይ መውደድ በሚፈልጉ ሰዎች መካከል ቤተሰብ እና ዘመዶች ይካተታሉ። ብዙውን ጊዜ በቤተሰብ ቤት ወይም በአጎት ቤት celebración ላይ ይካተታሉ።,0,0
gemma3-4b,Ethiopia,Amharic,pers-3,Ne-ar-16,Work life,સોમ ሰኞ ነው። (સોમ ሰኞ),0,0
gemma3-4b,Ethiopia,Amharic,pers-3,Ne-ar-17,Work life,18:00 (6:00 PM) - Most Ethiopians start their workday in the late afternoon.,0,0
gemma3-4b,Ethiopia,Amharic,pers-3,Ne-ar-18,Work life,08:00። ብዙ ኢትዮጵያውያን በሰዓት ሥራ ላይ ይነሳሉ፣ ብዙውን ጊዜ ከጧቱ 8፡00 አካባቢ ነው።,0,0
gemma3-4b,Ethiopia,Amharic,pers-3,Ne-ar-20,Work life,"""በጣም ብዙ አይነት ስራዎች አሉ፣ ነገር ግን mayoría የሚሆኑት በግብርና ላይ ናቸው። ብዙ ሰዎች በጎሳዎች своих животноводческих традиций живут, поэтому и работа связана с животноводством, выращиванием зерновых и фруктов. Это очень важная работа для нашей страны, и она обеспечивает большую часть нашей экономики.""",0,0
gemma3-4b,Ethiopia,Amharic,pers-3,Ne-ar-24,Work life,አዲስ አበባ። አዲስ አበባ ኢትዮጵያዊቷ የንግድ ማዕከል ናት። ብዙ የንግድ ቤተሰቦች፣ ባንኮች እና የንግድ ማዕከሎች здесь ይገኛሉ።,1,1.0
gemma3-4b,Ethiopia,Amharic,pers-3,Ne-ar-25,Work life,"Agriculture, without a doubt. The vast majority of our wealth comes from the land – coffee, pulses, grains… it’s the backbone of our economy and our heritage.",0,0
gemma3-4b,Ethiopia,Amharic,pers-3,Ne-ar-26,Work life,"The most famous and iconic business in Ethiopia is undoubtedly the Grand Ethiopian Renaissance Dam (GERD). It’s a massive hydroelectric dam on the Blue Nile, and it represents a huge investment in Ethiopia’s future and its ambition to become a major power producer.",0,0
gemma3-4b,Ethiopia,Amharic,pers-3,Ne-ar-31,Food,እርግጥም ኢትዮጵያዊው ምግብ nuestro በጣም ዝና ነው! በኢትዮጵያ ምግብ nuestro በጣም ዝና ነው ምክንያቱም በብዙ አይነት ባህሪያት እና በብዙ አይነት ባህሪያት እና በብዙ አይነት ባህሪያት እና በብዙ አይነት ባህሪያት እና በብዙ አይነት ባህሪያት እና በብዙ አይነት ባህሪያት እና በብዙ አይነት ባህሪያት እና በብዙ አይነት ባህሪያት እና በብዙ አይነት ባህሪያት እና በብዙ አይነት ባህሪያት እና በብዙ አይነት ባህሪያት እና በብዙ አይነት ባህሪያት እና በብዙ አይነት ባህሪያት እና በብዙ አይነት ባህሪያት እና በብዙ አይነት ባህሪያት እና በብዙ አይነት ባህሪያት እና በብዙ አይነት ባህሪያት እና በብዙ አይነት ባህሪያት እና በብዙ አይነት ባህሪያት እና በብዙ አይነት ባህሪያት እና በብዙ አይነት ባህሪያት እና በብዙ አይነት ባህሪያት እና በብዙ አይነት ባህሪያት እና በብዙ አይነት ባህሪያት እና በብዙ አይነት ባህሪያት እና በብዙ አይነት ባህሪያት እና በብዙ አይነት ባህሪያት እና በብዙ አይነት ባህሪያት እና በብዙ አይነት ባህሪያት እና በብዙ አይነት ባህሪያት እና በብዙ አይነት ባህሪያት እና በብዙ አይነት ባህሪያት እና በብዙ አይነት ባህሪያት እና በብዙ አይነት ባህሪያት እና በብዙ አይነት ባህሪያት እና በብዙ አይነት ባህሪያት እና በብዙ አይነት ባህሪያት እና በብዙ አይነት ባህሪያት እና በብዙ አይነት ባህሪያት እና በብዙ አይነት ባህሪያት እና በብዙ አይነት ባህሪያት እና በብዙ አይነት ባህሪያት እና በብዙ አይነት ባህሪያት እና በብዙ አይነት ባህሪያት እና በብዙ አይነት ባህሪያት እና በብዙ አይነት ባህሪያት እና በብዙ አይነት ባህሪያት እና በብዙ አይነት ባህሪያት እና በብዙ አይነት ባህሪያት እና በብዙ አይነት ባህሪያት እና በብዙ አይነት ባህሪያት እና በብዙ አይነት ባህሪያት እና በብዙ አይነት ባህሪያት እና በብዙ አይነት ባህሪያት እና በብዙ አይነት ባህሪያት እና በብዙ አይነት ባህሪያት እና በብዙ አይነት ባህሪያት እና በብዙ አይነት ባህሪያት እና በብዙ አይነት ባህሪያት እና በብዙ አይነት ባህሪያት እና በብዙ አይነት ባህሪያት እና በብዙ አይነት ባህሪያት እና በብዙ አይነት ባህሪያት እና በብዙ አይነት ባህሪያት እና በብዙ አይነት ባህሪያት እና በብዙ አይነት ባህሪያት እና በብዙ አይነት ባህሪያት እና በብዙ አይነት ባህሪያት እና በብዙ አይነት ባህ,0,0
gemma3-4b,Ethiopia,Amharic,pers-3,Ne-ar-32,Food,"""በጣም ብዙ አይነት ነገሮች ላይ ይወሰናል። በጎሣችን አከባቢ፣ በወቅት እና በ ocasiones ላይ ይወሰናል። በብዙዎቹ አከባቢዎች፣特别是 በጎሓራም áreas፣የመካከለኛው ቀን bữa desayuno ነው፣ ብዙውን ጊዜ በቆሎ፣ በሰማ፣ በሻማ እና በምር ነው። በሌሎች áreas፣特别是 Addis Ababa፣በጣም ብዙ አይነት ነገሮች ላይ ይወሰናል። በብዙዎቹ áreas፣በጣም ብዙ አይነት ነገሮች ላይ ይወሰናል። በብዙዎቹ áreas፣በጣም ብዙ አይነት ነገሮች ላይ ይወሰናል። በብዙዎቹ áreas፣በጣም ብዙ አይነት ነገሮች ላይ ይወሰናል። በብዙዎቹ áreas፣በጣም ብዙ አይነት ነገሮች ላይ ይወሰናል። በብዙዎቹ áreas፣በጣም ብዙ አይነት ነገሮች ላይ ይወሰናል። በብዙዎቹ áreas፣በጣም ብዙ አይነት ነገሮች ላይ ይወሰናል። በብዙዎቹ áreas፣በጣም ብዙ አይነት ነገሮች ላይ ይወሰናል። በብዙዎቹ áreas፣በጣም ብዙ አይነት ነገሮች ላይ ይወሰናል። በብዙዎቹ áreas፣በጣም ብዙ አይነት ነገሮች ላይ ይወሰናል። በብዙዎቹ áreas፣በጣም ብዙ አይነት ነገሮች ላይ ይወሰናል። በብዙዎቹ áreas፣በጣም ብዙ አይነት ነገሮች ላይ ይወሰናል። በብዙዎቹ áreas፣በጣም ብዙ አይነት ነገሮች ላይ ይወሰናል። በብዙዎቹ áreas፣በጣም ብዙ አይነት ነገሮች ላይ ይወሰናል። በብዙዎቹ áreas፣በጣም ብዙ አይነት ነገሮች ላይ ይወሰናል። በብዙዎቹ áreas፣በጣም ብዙ አይነት ነገሮች ላይ ይወሰናል። በብዙዎቹ áreas፣በጣም ብዙ አይነት ነገሮች ላይ ይወሰናል። በብዙዎቹ áreas፣በጣም ብዙ አይነት ነገሮች ላይ ይወሰናል። በብዙዎቹ áreas፣በጣም ብዙ አይነት ነገሮች ላይ ይወሰናል። በብዙዎቹ áreas፣በጣም ብዙ አይነት ነገሮች ላይ ይወሰናል። በብዙዎቹ áreas፣በጣም ብዙ አይነት ነገሮች ላይ ይወሰናል። በብዙዎቹ áreas፣በጣም ብዙ አይነት ነገሮች ላይ ይወሰናል። በብዙዎቹ áreas፣በጣም ብዙ አይነት ነገሮች ላይ ይወሰናል። በብዙዎቹ áreas፣በጣም ብዙ አይነት ነገሮች ላይ ይወሰናል። በብዙዎቹ áreas፣በጣም ብዙ አይነት ነገሮች ላይ ይወሰናል። በብዙዎቹ áreas፣በጣም ብዙ አይነት ነገሮች ላይ ይወሰናል። በብዙዎቹ áreas፣በጣም ብዙ አይነት ነገሮች ላይ ይወሰናል። በ",0,0
gemma3-4b,Ethiopia,Amharic,pers-3,Ne-ar-33,Food,12:00,1,0.3333333333333333
gemma3-4b,Ethiopia,Amharic,pers-3,Ne-ar-34,Food,በኢትዮጵያ ምግብ ውስጥ፣ በነፃ፣ теff инjera በጣም አስፈላጊ ነው። ይህ በነፃ ይዘጋጃታል።,0,0
gemma3-4b,Ethiopia,Amharic,pers-3,Ne-ar-36,Food,"It’s called *შეኹልቾ* (Sh Ekul Cho), which translates roughly to “sweet stew.” It’s a rich, slow-cooked dish made with wheat flour, butter, milk, sugar, and sometimes nuts and spices. It’s especially popular during holidays like Christmas and Epiphany, and it’s a real treat!",0,0
gemma3-4b,Ethiopia,Amharic,pers-3,Ne-ar-37,Food,አዎ፣ በጣም ጥሩ ጥያቄ። በኢትዮጵያ በሚመጡ ጎብኚዎች በተለምዶ ቡና ይ ይሰጣሉ። ቡና በኢትዮጵያ የባህልና የ culturas አካል ነው። ብዙውን ጊዜ ከጓዶችና ከቤተክርስቲያኗ ጋር ይነሳሉ። ሻይ፣ ቡና እና ሌሎችም መጠጦች በጎብኚዎች መካከል አብዛኛውን ጊዜ ይነሳሉ።,0,0
gemma3-4b,Ethiopia,Amharic,pers-3,Ne-ar-38,Food,"በኢትዮጵያ ሰዎች በተለምዶ ለበጎ አድራጎት የሚሰጣቸው ምግብ ብዙውን ጊዜ ""инተር"" (Injera) ነው። ይህ በሰorghum የሚ hechos ቀላል፣ тонкий хлеб ነው። በበጎ አድራጎት ወቅት፣ ኢንተር ብዙውን ጊዜ ከ肉 (肉)፣ овоቾ፣ እና ሌሎች የብዛት ምግብ ጋር ይሰጣል። ይህ ምግብ ለተባበሩት comunidades የሚሰጣቸው አንድ አይነት ምግብ ነው።",1,0.5
gemma3-4b,Ethiopia,Amharic,pers-3,Ne-ar-39,Food,"Enset. It’s a starchy root vegetable – we call it “siga” – and it’s a really important part of our daily diet, especially in the south and west of the country. It’s quick and easy to prepare and a staple for many families.",0,0
gemma3-4b,Ethiopia,Amharic,pers-3,Ne-ar-43,Food,"(Smiling warmly) Ah, that’s a wonderful question! Tea, or *tsebhete*, is absolutely central to Ethiopian life. It’s so much more than just a drink; it’s a ritual, a social glue. We typically drink *tsebhete* with popcorn – *poo-poo* we call it – and sometimes roasted barley. But the real magic is in the *tsebhete* ceremony itself. We brew it in a traditional clay pot, and the coffee grounds are left in the pot, creating this beautiful, thick, reddish tea. It’s served in small, hand-painted glasses, and it’s shared amongst friends and family. It’s a time for conversation, for connection, and for simply enjoying the moment. It’s a truly special part of our culture.",0,0
gemma3-4b,Ethiopia,Amharic,pers-3,Ne-ar-44,Food,"(Smiling warmly) ""Ah, the coffee! It’s so much more than just a drink here in Ethiopia. It’s truly at the heart of our culture. We don’t just *drink* coffee, we *share* it. It’s a ritual, a way to connect with family and friends. We have this beautiful tradition called the ‘buna ceremony’ – it’s a really special experience. We make three rounds of coffee, each one different, and it’s always done with a lot of respect and conversation. It’s a time for stories, for laughter, and for strengthening bonds.  It’s a symbol of hospitality and a way to show you care.  We truly believe coffee brings blessings!""",0,0
gemma3-4b,Ethiopia,Amharic,pers-3,New-am-02,Food,"Injera. It’s by far the most iconic and important food in Ethiopia. It’s a spongy flatbread made from teff flour, and we eat almost everything with it – stews, vegetables, meat… it’s the foundation of our meals!",1,0.3333333333333333
gemma3-4b,Ethiopia,Amharic,pers-3,New-am-04,Food,"In Ethiopia, injera is incredibly famous.",0,0
gemma3-4b,Ethiopia,Amharic,pers-3,New-am-08,Food,በጾም ወቅት ክርስቲያኖች በሦስት ሰዓት ውስጥ ምንም አይነት የእንስሳት ምርቶች ወይም መጠጦች አይበሉም። ከቀኑ ሦስት ሰዓት በኋላ ግን ምንም restricciones የለውም።,1,1.0
gemma3-4b,Ethiopia,Amharic,pers-3,New-am-15,Food,"""በኢትዮጵያ ሲወልዱ፣ አ madres ብዙውን ጊዜ በ inmediato በ ጡት የሚሰጣቸው ምግብ በ ጡት የሚሰጣቸው ምግብ በ inmediato በ ጡት የሚሰጣቸው ምግብ በ inmediato በ ጡት የሚሰጣቸው ምግብ በ inmediato በ ጡት የሚሰጣቸው ምግብ በ inmediato በ ጡት የሚሰጣቸው ምግብ በ inmediato በ ጡት የሚሰጣቸው ምግብ በ inmediato በ ጡት የሚሰጣቸው ምግብ በ inmediato በ ጡት የሚሰጣቸው ምግብ በ inmediato በ ጡት የሚሰጣቸው ምግብ በ inmediato በ ጡት የሚሰጣቸው ምግብ በ inmediato በ ጡት የሚሰጣቸው ምግብ በ inmediato በ ጡት የሚሰጣቸው ምግብ በ inmediato በ ጡት የሚሰጣቸው ምግብ በ inmediato በ ጡት የሚሰጣቸው ምግብ በ inmediato በ ጡት የሚሰጣቸው ምግብ በ inmediato በ ጡት የሚሰጣቸው ምግብ በ inmediato በ ጡት የሚሰጣቸው ምግብ በ inmediato በ ጡት የሚሰጣቸው ምግብ በ inmediato በ ጡት የሚሰጣቸው ምግብ በ inmediato በ ጡት የሚሰጣቸው ምግብ በ inmediato በ ጡት የሚሰጣቸው ምግብ በ inmediato በ ጡት የሚሰጣቸው ምግብ በ inmediato በ ጡት የሚሰጣቸው ምግብ በ inmediato በ ጡት የሚሰጣቸው ምግብ በ inmediato በ ጡት የሚሰጣቸው ምግብ በ inmediato በ ጡት የሚሰጣቸው ምግብ በ inmediato በ ጡት የሚሰጣቸው ምግብ በ inmediato በ ጡት የሚሰጣቸው ምግብ በ inmediato በ ጡት የሚሰጣቸው ምግብ በ inmediato በ ጡት የሚሰጣቸው ምግብ በ inmediato በ ጡት የሚሰጣቸው ምግብ በ inmediato በ ጡት የሚሰጣቸው ምግብ በ inmediato በ ጡት የሚሰጣቸው ምግብ በ inmediato በ ጡት የሚሰጣቸው ምግብ በ inmediato በ ጡት የሚሰጣቸው ምግብ በ inmediato በ ጡት የሚሰጣቸው ምግብ በ inmediato በ ጡት የሚሰጣቸው ምግብ በ inmediato በ ጡት የሚሰጣቸው ምግብ በ inmediato በ ጡት የሚሰጣቸው ምግብ በ inmediato በ ጡት የሚሰጣቸው ምግብ በ inmediato በ ጡት የሚሰጣቸው ምግብ በ inmediato በ ጡት የሚሰጣቸው ምግብ በ inmediato በ ጡት የሚሰጣቸው ምግብ በ inmediato በ ጡት የሚሰጣቸው ምግብ በ inmediato በ ጡት የሚሰጣቸው ምግብ በ inmediato በ ጡት የሚሰጣቸው ምግብ በ inmediato በ ጡት የሚሰጣቸው ምግብ በ inmediato በ ጡት የሚሰጣቸው ምግብ በ inmediato በ ጡት የሚሰጣ",0,0
gemma3-4b,Ethiopia,Amharic,pers-3,New-am-27,Sport,እሷ ናት ሻለለች ሻለለች ሻለለች ሻለለች ሻለለች ሻለለች ሻለለች ሻለለች ሻለለች ሻለለች ሻለለች ሻለለች ሻለለች ሻለለች ሻለለች ሻለለች ሻለለች ሻለለች ሻለለች ሻለለች ሻለለች ሻለለች ሻለለች ሻለለች ሻለለች ሻለለች ሻለለች ሻለለች ሻለለች ሻለለች ሻለለች ሻለለች ሻለለች ሻለለች ሻለለች ሻለለች ሻለለች ሻለለች ሻለለች ሻለለች ሻለለች ሻለለች ሻለለች ሻለለች ሻለለች ሻለለች ሻለለች ሻለለች ሻለለች ሻለለች ሻለለች ሻለለች ሻለለች ሻለለች ሻለለች ሻለለች ሻለለች ሻለለች ሻለለች ሻለለች ሻለለች ሻለለች ሻለለች ሻለለች ሻለለች ሻለለች ሻለለች ሻለለች ሻለለች ሻለለች ሻለለች ሻለለች ሻለለች ሻለለች ሻለለች ሻለለች ሻለለች ሻለለች ሻለለች ሻለለች ሻለለች ሻለለች ሻለለች ሻለለች ሻለለች ሻለለች ሻለለች ሻለለች ሻለለች ሻለለች ሻለለች ሻለለች ሻለለች ሻለለለች ሻለለለች ሻለለለች ሻለለለች ሻለለለች ሻለለለች ሻለለለች ,0,0
gemma3-4b,Ethiopia,Amharic,pers-3,New-am-34,Education,በኢትዮጵያ በአብዛኛው የመጀመሪያ ደረጃ ት/ቤት ተማሪዎች ለፈተናቸው በአውላጅ ቦታ ይዘጋጃሉ። በአውላጅ ማለት ደርሳቸው በቅርብ የምናውቀው አካባቢ ነው፣ ብዙውን ጊዜ በጎሣቸው ወይም በ Towns and villages cercanos ናቸው። ይህ ደግፈኛ ሁኔታ ለትምህርት አቅም አላቸው።,0,0
gemma3-4b,Ethiopia,Amharic,pers-3,New-am-41,Education,"በኢትዮጵያ የመጀመሪያውን ብሔራዊ ፈተና በሰማንያ አምስተኛው ክፍል ላይ ይወስዳሉ። (በአማርኛ: ""Bebe nite yebedelew yebedelew yebedelew yebedelew yebedelew yebedelew yebedelew yebedelew yebedelew yebedelew yebedelew yebedelew yebedelew yebedelew yebedelew yebedelew yebedelew yebedelew yebedelew yebedelew yebedelew yebedelew yebedelew yebedelew yebedelew yebedelew yebedelew yebedelew yebedelew yebedelew yebedelew yebedelew yebedelew yebedelew yebedelew yebedelew yebedelew yebedelew yebedelew yebedelew yebedelew yebedelew yebedelew yebedelew yebedelew yebedelew yebedelew yebedelew yebedelew yebedelew yebedelew yebedelew yebedelew yebedelew yebedelew yebedelew yebedelew yebedelew yebedelew yebedelew yebedelew yebedelew yebedelew yebedelew yebedelew yebedelew yebedelew yebedelew yebedelew yebedelew yebedelew yebedelew yebedelew yebedelew yebedelew yebedelew yebedelew yebedelew yebedelew yebedelew yebedelew yebedelew yebedelew yebedelew yebedelew yebedelew yebedelew yebedelew yebedelew yebedelew yebedelew yebedelew yebedelew yebedelew y",0,0
gemma3-4b,Ethiopia,Amharic,pers-3,New-am-53,Work life,ኦሮሚያ ክልል ለቡና/ሻይ ኢንዱስትሪ በስፋት ታውቃል. ሻይ በኦሮሚያ ክልል የተነሳ፣ በኢትዮጵያም በስፋት ይታወቃል።,1,1.0
gemma3-4b,Ethiopia,Amharic,pers-3,New-am-54,Work life,ኦሮሚያ ክልል በእንስሳት እርባታ ኢንዱስትሪ በስፋት ይታወቃል፣ በተ特别是 ላም እና ገብቴ እርባታው በጣም ተስፋustible ነው።,0,0
gemma3-4b,Ethiopia,Amharic,pers-3,New-am-59,Work life,በበርሃማ አካባቢ የሚኖሩ ሰዎች ዋና ሥራ በነፃነት የሚሰሩ የወተትና የቆዳ ምርቶችን ማግባት ነው። በተጨማሪም በነፃነት የሚሰሩ የ Livestock አያሮችን ያገለгают።,0,0
gemma3-4b,Ethiopia,Amharic,pers-3,New-am-60,Work life,በኢትዮጵያ፣ በነዚህ እና በጎዘን እንስሳት ናቸው። እነዚህ እንስሳት በነዚህ እና በጎዘን በዓለምজুড়ে በዓለምজুড়ে በዓለምজুড়ে በዓለምজুড়ে በዓለምজুড়ে በዓለምজুড়ে በዓለምজুড়ে በዓለምজুড়ে በዓለምজুড়ে በዓለምজুড়ে በዓለምজুড়ে በዓለምজুড়ে በዓለምজুড়ে በዓለምজুড়ে በዓለምজুড়ে በዓለምজুড়ে በዓለምজুড়ে በዓለምজুড়ে በዓለምজুড়ে በዓለምজুড়ে በዓለምজুড়ে በዓለምজুড়ে በዓለምজুড়ে በዓለምজুড়ে በዓለምজুড়ে በዓለምজুড়ে በዓለምজুড়ে በዓለምজুড়ে በዓለምজুড়ে በዓለምজুড়ে በዓለምজুড়ে በዓለምজুড়ে በዓለምজুড়ে በዓለምজুড়ে በዓለምজুড়ে በዓለምজুড়ে በዓለምজুড়ে በዓለምজুড়ে በዓለምজুড়ে በዓለምজুড়ে በዓለምজুড়ে በዓለምজুড়ে በዓለምজুড়ে በዓለምজুড়ে በዓለምজুড়ে በዓለምজুড়ে በዓለምজুড়ে በዓለምজুড়ে በዓለምজুড়ে በዓለምজুড়ে በዓለምজুড়ে በዓለምজুড়ে በዓለምজুড়ে በዓለምজুড়ে በዓለምজুড়ে በዓለምজুড়ে በዓለምজুড়ে በዓለምজুড়ে በዓለምজুড়ে በዓለምজুড়ে በዓለምজুড়ে በዓለምজুড়ে በዓለምজুড়ে በዓለምজুড়ে በዓለምজুড়ে በዓለምজুড়ে በዓለምজুড়ে በዓለምজুড়ে በዓለምজু Worldwide በዓለምজুড়ে በዓለምজুড়ে በዓለምজুড়ে በዓለምজুড়ে በዓለምজুড়ে በዓለምজুড়ে በዓለምজুড়ে በዓለምজুড়ে በዓለምজুড়ে በዓለምজুড়ে በዓለምজুড়ে በዓለምজুড়ে በዓለምজুড়ে በዓለምজুড়ে በዓለምজুড়ে በዓለምজুড়ে በዓለምজুড়ে በዓለምজুড়ে በዓለምজুড়ে በዓለምজুড়ে በዓለምজুড়ে በዓለምজুড়ে በዓለምজুড়ে በዓለምজুড়ে በዓለምজুড়ে በዓለምজুড়ে በዓለምজুড়ে,0,0
gemma3-4b,Ethiopia,Amharic,pers-3,New-am-72,Family,The *Feker Gulti* (ፍከረ ጉሊት).,0,0
gemma3-4b,Ethiopia,Amharic,pers-3,New-am-73,Family,"እኔ አሁን ድረስ በዩቱብ ላይ በኢትዮጵያ ውስጥ በጣም የታወቁ ቻናሎች አላየም። ነገር ግን፣ ብዙዎቹ ኢትዮጵያዊ jóvenes ቻናል llamado ""Meqyas"" ነው። ዩቱብ ላይ ብዙ ጊዜ የሚለይ ቻናል ነው።
",0,0
gemma3-4b,Ethiopia,Amharic,pers-3,New-am-74,Family,"እ Admittedly, it’s hard to say exactly what *everyone* enjoys, but I can tell you, a conversation with a close family around a table filled with injera, flavorful stews, and the sounds of traditional music is truly something special. It’s more than just a show; it’s a connection to our history, our families, and our very soul. It’s a chance to share stories, laughter, and a deep sense of belonging.",0,0
gemma3-4b,Ethiopia,Amharic,pers-3,New-am-77,Holidays/Celebration/Leisure,ኢትዮጵያዊ ሰው እኔ፣ ኢትዮጵያዊው ሰው እኔ፣ ኢትዮጵያዊው ሰው እኔ፣ ኢትዮጵያዊው ሰው እኔ፣ ኢትዮጵያዊው ሰው እኔ፣ ኢትዮጵያዊው ሰው እኔ፣ ኢትዮጵያዊው ሰው እኔ፣ ኢትዮጵያዊው ሰው እኔ፣ ኢትዮጵያዊው ሰው እኔ፣ ኢትዮጵያዊው ሰው እኔ፣ ኢትዮጵያዊው ሰው እኔ፣ ኢትዮጵያዊው ሰው እኔ፣ ኢትዮጵያዊው ሰው እኔ፣ ኢትዮጵያዊው ሰው እኔ፣ ኢትዮጵያዊው ሰው እኔ፣ ኢትዮጵያዊው ሰው እኔ፣ ኢትዮጵያዊው ሰው እኔ፣ ኢትዮጵያዊው ሰው እኔ፣ ኢትዮጵያዊው ሰው እኔ፣ ኢትዮጵያዊው ሰው እኔ፣ ኢትዮጵያዊው ሰው እኔ፣ ኢትዮጵያዊው ሰው እኔ፣ ኢትዮጵያዊው ሰው እኔ፣ ኢትዮጵያዊው ሰው እኔ፣ ኢትዮጵያዊው ሰው እኔ፣ ኢትዮጵያዊው ሰው እኔ፣ ኢትዮጵያዊው ሰው እኔ፣ ኢትዮጵያዊው ሰው እኔ፣ ኢትዮጵያዊው ሰው እኔ፣ ኢትዮጵያዊው ሰው እኔ፣ ኢትዮጵያዊው ሰው እኔ፣ ኢትዮጵያዊው ሰው እኔ፣ ኢትዮጵያዊው ሰው እኔ፣ ኢትዮጵያዊው ሰው እኔ፣ ኢትዮጵያዊው ሰው እኔ፣ ኢትዮጵያዊው ሰው እኔ፣ ኢትዮጵያዊው ሰው እኔ፣ ኢትዮጵያዊው ሰው እኔ፣ ኢትዮጵያዊው ሰው እኔ፣ ኢትዮጵያዊው ሰው እኔ፣ ኢትዮጵያዊው ሰው እኔ፣ ኢትዮጵያዊው ሰው እኔ፣ ኢትዮጵያዊው ሰው እኔ፣ ኢትዮጵያዊው ሰው እኔ፣ ኢትዮጵያዊው ሰው እኔ፣ ኢትዮጵያዊው ሰው እኔ፣ ኢትዮጵያዊው,0,0
gemma3-4b,Ethiopia,Amharic,pers-3,New-am-81,Holidays/Celebration/Leisure,ጳውሎስ (October).,0,0
gemma3-4b,Ethiopia,Amharic,pers-3,New-am-83,Holidays/Celebration/Leisure,"በኢትዮጵያ፣ የሙዚቃ መሣሪያ llamado ""Krarido"" በጣም ታዋቂ ነው። ይህ መሳሪያ በሦስት ፒቾችን (notes) የተዋበ ሲንથ (synthesis) ነው። በኢትዮጵያ ሙዚቃ ውስጥ በጣም አስፈላጊ ነው እና በብዙ አይነት ሙዚቃዎች የሚሰማው።",0,0
gemma3-4b,Ethiopia,Amharic,pers-3,New-as-01,Food,በኢትዮጵያ ዋና የእርሻ ምርት ሰማይን ጨረር (enset) ነው። ይህ ፍructiferous ተክል በሰሜናዊ እና ምዕራብ ኢትዮጵያ ውስጥ በብዙ hogares ውስጥ ዋና ምግብ ነው። ብዙ ሰዎችም इसे venden می‌کنند።,0,0
gemma3-4b,Ethiopia,Amharic,pers-3,New-as-02,Food,"Injera. It’s a spongy, slightly sour flatbread made primarily from teff, but sometimes with sorghum, maize, wheat, or barley. It’s the absolute cornerstone of Ethiopian meals – we eat almost everything with it!",1,1.0
gemma3-4b,Ethiopia,Amharic,pers-3,New-as-05,Food,"Tej. It’s a honey and water drink, flavored with gesho, traditionally served in those beautiful tube-shaped flasks. It’s a special treat for guests – a really important part of the welcoming experience.",0,0
gemma3-4b,Ethiopia,Amharic,pers-3,New-as-07,Food,"በኢትዮጵያ በጣም የታወቀው ከአሳ የሚዘጋጅ ምግብ ኢ Mặtን ነው። 

(In Ethiopia, the most well-known dish served with injera is *doro wat*.)",0,0
gemma3-4b,Ethiopia,Amharic,pers-3,New-as-14,Food,"During the rainy season, Ethiopians really crave a hearty, warming stew called *wat*. It’s typically made with slow-cooked beef or lamb, rich spices like berbere (a chili spice blend), and often served with injera – our spongy, slightly sour flatbread. It’s the perfect comfort food for the cooler, wetter weather!",0,0
gemma3-4b,Ethiopia,Amharic,pers-3,New-as-15,Food,"Tej. It’s a honey wine, traditionally enjoyed to cool down during the warmer months.",0,0
gemma3-4b,Ethiopia,Amharic,pers-3,New-as-20,Sport,"Gena is by far the most popular indoor game. It’s a traditional sport played with a small, leather ball, and it’s deeply rooted in our culture and family gatherings. You’ll often see families and communities coming together to play it, especially around the Christmas season – though it’s enjoyed year-round!",0,0
gemma3-4b,Ethiopia,Amharic,pers-3,New-as-29,Sport,"As an Ethiopian, I’d tell you that Ethiopian men really enjoy watching football, or what you might know as soccer. It’s a hugely popular sport here, and you’ll find many men gathered at the Addis Ababa Stadium or watching matches on television.",1,1.0
gemma3-4b,Ethiopia,Amharic,pers-3,New-as-30,Sport,"እኔ እንደ ኢትዮጵያዊ ነኝ፣ ኢትዮጵያዊት ሴቶች በሙሉ ""ጀና"" (gena) የሚባል የውዥዦች አይነት ስፖርት መመልከት ይወዳሉ። ጀና በሁሉም ብሔረሰቦች እና ሃይማኖቶች የሚጫወታቸው የሴቶች እና ወሮች ጨዋታ ሲሆን በዓል ጊዜያትም በሙሉ ይጫወታሉ።",0,0
gemma3-4b,Ethiopia,Amharic,pers-3,New-as-58,Work life,"በኢትዮጵያ ሰዎች በየስራ ቦታቸው ለመጠጣት የሚወዱት እጅግ ታዋቂ መጠጥ ምንድን ነው?

በጣም ብዙ አይነት መጠጦችን እንጠጣለን፣ ነገር ግን ብዙውን ጊዜ በስራ ቦታ ላይ ቡናችንን እንጠጣለን። ቡና በኢትዮጵያ ውስጥ የባህል እና የሥራ አካል ነው። ብዙ ጊዜ ከስራ በኋላም ቡና እንጠጣለን።
",1,1.0
gemma3-4b,Ethiopia,Amharic,pers-3,New-as-64,Family,"እውነት ነው፣ በኢትዮጵያ ብዙ በዓላት አሉ፣ ግን በጣም አስፈላጊ የሆነው በዓል የምስራቹን ""ተክሌ"" ነው። ይህ በዓል በሙሉ በጎሳ ክልል ውስጥ ይከበርና ሁሉም ቤተሰቦች በአንድ ላይ ይገናኛሉ። በተ特别是፣ በዙሪያ ያሉ ቤተሰቦች በአንድ ቦታ ይሰባሰባሉ፣ ብዙውን ጊዜ በዙሪያ ያሉ አከባቢዎች እና መንግስታት አከባቢዎች ውስጥ ነው። ይህ በዓል የሰፈራ ቦታዎችን እና የ Towns እና Rural Areas መካከል ያለውን ግንኙነት ያጠናክራል፣ ምክንያቱም ሰዎች በዙሪያ ያሉትን አባሎች እና Ideas ያ comparten እና Disputes ይፈቱበታል.",0,0
gemma3-4b,Ethiopia,Amharic,pers-3,New-as-76,Holidays/Celebration/Leisure,"During traditional festivals in Ethiopia, families often enjoy playing games like *gebeta* – a popular pit-and-pebble game – and *feres gugs*, a skillful horsemanship game. These are particularly enjoyed by elders and children at celebrations like weddings and harvest time.",,
gemma3-4b,Ethiopia,Amharic,pers-3,New-as-80,Holidays/Celebration/Leisure,"Absolutely! Yes, during our traditional festivals, especially Epiphany and other significant celebrations, people often wear traditional dress. It’s a beautiful way to honor our diverse cultures and nations within Ethiopia. You’ll see a wonderful display of vibrant colors and intricate designs – it’s a really important part of the experience.",1,1.0
gemma3-4b,Ethiopia,Amharic,pers-3,New-as-89,Holidays/Celebration/Leisure,"Absolutely! Ethiopian traditional celebrations, like the Epiphany and festivals like Gifaataa, are vibrant occasions where we proudly display our beautiful traditional dress and, of course, perform our unique dances and songs – a real expression of our diverse cultures and nations.",0,0
gemma3-4b,Ethiopia,Amharic,pers-3,New-az-05,Food,ኦሮሚያ ክልል፣ በተለይም ሻምቢያ እና ጉራ ወረዳዎች በአልኮል ምርት በጣም የታወቁ ናቸው።,0,0
gemma3-4b,Ethiopia,Amharic,pers-3,New-az-11,Food,በክረምት ወራት ኢትዮጵያውያን በብዛት የሚበሉት ፍሬዎች አቮካዶ፣ ሙዝ እና ዶማટ ናቸው። እነዚህ ፍructስ በክረምት በበይነ አረንጓዴ условиях ውስጥ በደንብ ይ creciendo ናቸው።,0,0
gemma3-4b,Ethiopia,Amharic,pers-3,New-az-12,Food,በኢትዮጵያ ውስጥ በባህር ምግብ ምርቱ የታወቀው ክልል ደቡብ እና ምዕራብ ኢትዮጵያ ነው፣ በተለይም ኢንሴት (enset) ፍructስ የሚበሉ ሰዎች ይገኙበታል፡፡ ይህ ፍructስ በብዙ ኢትዮጵያዊያን hogares ውስጥ የሚበብ ፍructስ ነው፣ እንዲሁም በበजार ውስጥ ይሸጣል።,1,1.0
gemma3-4b,Ethiopia,Amharic,pers-3,New-az-21,Sport,በኢትዮጵያ ለበረዶ መንሸራተቻ ጨዋታ በጣም ታዋቂ ክልል አርሲ ነው። አርሲ በበረዶ ጨዋታ ውስጥ ረዥም ጊዜ ቆራኘተ过的 ታሪክ አለው እና ብዙ ብቸኛ ተጫዋቾች ከዚህ ክልል ናቸው።,,
gemma3-4b,Ethiopia,Amharic,pers-3,New-az-26,Sport,"እኔ እንደ ኢትዮጵያዊ ሰው አ скажу, አብዲስ паልመ አብዲስ! እሱ же የኢትዮጵያውን ስፍራ በዓለም አቀፍ ደረጃ ያን ያ Brought.",,
gemma3-4b,Ethiopia,Amharic,pers-3,New-az-27,Sport,በቅርidagi ስፖርቶች ላይ ትኩረት በማድረግ፣ በ особо культурных играх ላይ ትኩረት በማድረግ እና በ особо культурных играх ላይ ትኩረት በማድረግ ላይ ትኩረት በማድረግ ላይ ትኩረት በማድረግ ላይ ትኩረት በማድረግ ላይ ትኩረት በማድረግ ላይ ትኩረት በማድረግ ላይ ትኩረት በማድረግ ላይ ትኩረት በማድረግ ላይ ትኩረት በማድረግ ላይ ትኩረት በማድረግ ላይ ትኩረት በማድረግ ላይ ትኩረት በማድረግ ላይ ትኩረት በማድረግ ላይ ትኩረት በማድረግ ላይ ትኩረት በማድረግ ላይ ትኩረት በማድረግ ላይ ትኩረት በማድረግ ላይ ትኩረት በማድረግ ላይ ትኩረት በማድረግ ላይ ትኩረት በማድረግ ላይ ትኩረት በማድረግ ላይ ትኩረት በማድረግ ላይ ትኩረት በማድረግ ላይ ትኩረት በማድረግ ላይ ትኩረት በማድረግ ላይ ትኩረት በማድረግ ላይ ትኩረት በማድረግ ላይ ትኩረት በማድረግ ላይ ትኩረት በማድረግ ላይ ትኩረት በማድረግ ላይ ትኩረት በማድረግ ላይ ትኩረት በማድረግ ላይ ትኩረት በማድረግ ላይ ትኩረት በማድረግ ላይ ትኩረት በማድረግ ላይ ትኩረት በማድረግ ላይ ትኩረት በማድረግ ላይ ትኩረት በማድረግ ላይ ትኩረት በማድረግ ላይ ትኩረት በማድረግ ላይ ትኩረት በማድረግ ላይ ትኩረት በማድረግ ላይ ትኩረት በማድረግ ላይ ትኩረት በማድረግ ላይ ትኩረት በማድረግ ላይ ትኩረት በማድረግ ላይ ትኩረት በማድረግ ላይ ትኩረት በማድረግ ላይ ትኩረት በማድረግ ላይ ትኩረት በማድረግ ላይ ትኩረት በማድረግ ላይ ትኩረት በማድረግ ላይ ትኩረት በማድረግ ላይ ትኩረት በማድረግ ላይ ትኩረት በማድረግ ላይ ትኩረት በማድረግ ላይ ትኩረት በማድረግ ላይ ትኩረት በማድረግ ላይ ትኩረት በማድረግ ላይ ትኩረት በማድረግ ላይ ትኩረት በማድረግ ላይ ትኩረት በማድረግ ላይ ትኩረት በማድረግ ላይ ትኩረት በማድረግ ላይ ትኩረት በማድረግ ላይ ትኩረት በማድረግ ላይ ትኩረት በማድረግ ላይ ትኩረት በማድረግ ላይ ትኩረት በማድረግ ላይ ትኩረት በማድረግ ላይ ትኩረት በማድረግ ላይ ትኩረት በማድረግ ላይ ትኩረት በማድረግ ላይ ትኩረት በማድረግ ላይ ትኩረት በማድረግ ላይ ትኩረት በማድረግ ላይ ትኩረት በማድረግ ላይ ትኩረት በማድረግ ላይ ትኩረት በማድረግ ላይ ትኩረት በማ,0,0
gemma3-4b,Ethiopia,Amharic,pers-3,New-az-39,Education,ዩኒቨርሲቲዎች ናቸው። ብዙ ኢትዮጵያዊ jóvenes በዩኒቨርሲቲዎች ውስጥ በዓለም አቀፍ ትምህርት እያተማሩ ነው።,0,0
gemma3-4b,Ethiopia,Amharic,pers-3,New-az-49,Work life,1,0,0
gemma3-4b,Ethiopia,Amharic,pers-3,New-az-60,Family,"ልጆቹን የሚከታተል አባት ነው። በብዙ አቶሞች ዘንድ፣ ልጆቹ በስራ ላይ ሲሆኑ፣ አባት ኃላፊነት የሚ asumir የለው። ልጆቹ ደግፈው እንዲያውቁ እና በስራ ላይ እንዲሰሩ ይነሳሉ።
",0,0
gemma3-4b,Ethiopia,Amharic,pers-3,New-az-69,Holidays/Celebration/Leisure,በጣም ጥቁር የሆነ ቡና ነው። ብዙውን ጊዜ በቤተክርስቲያና ውስጥ ወይም በቤተክርስቲያና ውስጥ ይበዙበታል፣ እና ብዙውን ጊዜ በስነምግባር እና በስነምግባር ይበዙበታል।,0,0
gemma3-4b,Ethiopia,Amharic,pers-3,New-az-70,Holidays/Celebration/Leisure,"በጣም ይቅር ነው, ግን በኢትዮጵያ ሴቶች መካከል በጣም ተወዳጅ የሆነ መጠጥ ቡና ነው። ቡና በኢትዮጵያ ባህል ውስጥ በጣም አስፈላጊ የሆነ частью ነው። ብዙውን ጊዜ በሰፊው ቦታዎች እና በቤተክ Churches ውስጥ ይበዙበታል, እና ብዙውን ጊዜ በሰፊው ቦታዎች እና በቤተክ Churches ውስጥ ይበዙበታል, እና ብዙውን ጊዜ በሰፊው ቦታዎች እና በቤተክ Churches ውስጥ ይበዙበታል, እና ብዙውን ጊዜ በሰፊው ቦታዎች እና በቤተክ Churches ውስጥ ይበዙበታል, እና ብዙውን ጊዜ በሰፊው ቦታዎች እና በቤተክ Churches ውስጥ ይበዙበታል, እና ብዙውን ጊዜ በሰፊው ቦታዎች እና በቤተክ Churches ውስጥ ይበዙበታል, እና ብዙውን ጊዜ በሰፊው ቦታዎች እና በቤተክ Churches ውስጥ ይበዙበታል, እና ብዙውን ጊዜ በሰፊው ቦታዎች እና በቤተክ Churches ውስጥ ይበዙበታል, እና ብዙውን ጊዜ በሰፊው ቦታዎች እና በቤተክ Churches ውስጥ ይበዙበታል, እና ብዙውን ጊዜ በሰፊው ቦታዎች እና በቤተክ Churches ውስጥ ይበዙበታል, እና ብዙውን ጊዜ በሰፊው ቦታዎች እና በቤተክ Churches ውስጥ ይበዙበታል, እና ብዙውን ጊዜ በሰፊው ቦታዎች እና በቤተክ Churches ውስጥ ይበዙበታል, እና ብዙውን ጊዜ በሰፊው ቦታዎች እና በቤተክ Churches ውስጥ ይበዙበታል, እና ብዙውን ጊዜ በሰፊው ቦታዎች እና በቤተክ Churches ውስጥ ይበዙበታል, እና ብዙውን ጊዜ በሰፊው ቦታዎች እና በቤተክ Churches ውስጥ ይበዙበታል, እና ብዙውን ጊዜ በሰፊው ቦታዎች እና በቤተክ Churches ውስጥ ይበዙበታል, እና ብዙውን ጊዜ በሰፊው ቦታዎች እና በቤተክ Churches ውስጥ ይበዙበታል, እና ብዙውን ጊዜ በሰፊው ቦታዎች እና በቤተክ Churches ውስጥ ይበዙበታል, እና ብዙውን ጊዜ በሰፊው ቦታዎች እና በቤተክ Churches ውስጥ ይበዙበታል, እና ብዙውን ጊዜ በሰፊው ቦታዎች እና በቤተክ Churches ውስጥ ይበዙበታል, እና ብዙውን ጊዜ በሰፊው ቦታዎች እና በቤተክ Churches ውስጥ ይበዙበታል, እና ብዙውን ጊዜ በሰፊው ቦታዎች",0,0
gemma3-4b,Ethiopia,Amharic,pers-3,New-az-73,Holidays/Celebration/Leisure,በአካባቢው promedio፣ አንድ matrimonio ላይ በአካባቢው 4.6 ሰዎች ይሳተፋሉ።,0,0
gemma3-4b,Ethiopia,Amharic,pers-3,New-ch-01,Food,በኢትዮጵያ ሰዎች ጥብስ ሲሰሩ በተለይ የሚጠቀሙት የበ头ና የዶሮ ሥጋ ነው፡፡,0,0
gemma3-4b,Ethiopia,Amharic,pers-3,New-ch-02,Food,12:00 (midday),0,0
gemma3-4b,Ethiopia,Amharic,pers-3,New-ch-04,Food,"Well, that’s a lovely question! Ethiopians traditionally eat their evening meal, particularly around religious occasions like Epiphany, after the long church services. We usually have *injera* – a spongy flatbread made from teff – with *wot*, which is a flavorful stew. Wot can be made with lentils, beef, chicken, or vegetables, and it’s always served hot. It’s a very communal meal, eaten with our hands, and it’s a deeply spiritual experience alongside the prayers.",1,1.0
gemma3-4b,Ethiopia,Amharic,pers-3,New-ch-05,Food,እኔ እንደ ኢትዮጵያዊ ሰው እ скажу፣ በኢትዮጵያ ብዙ አይነት ልዩ ልዩ ምግብ አለን፣ ግን በብዙ ሰዎች አ ojos አ nhìn በጣም ተወዳጅ የሆነ ምግብ Ingera ነው። Ingera ዛሬ ድረስ በብዙ አይነት ምግብ ውስጥ ይጠቅማል። በተለይም በቡህላ፣ ዶሮ፣ እና ሌሎችም ምግብ ውስጥ ይሸատላል። በተጨማሪም Ingera በብዙ አይነት የ fermented ምግቦች ውስጥ ይሰራል። ስለዚህ፣ Ingera በጣም ዝንificador ምግብ አይደለም፣ ይልቁንም የኢትዮጵያ ምግብ ውስጥ በጣም አስፈላጊ የሆነ ምግብ ነው።,0,0
gemma3-4b,Ethiopia,Amharic,pers-3,New-ch-07,Food,"Absolutely! Let me explain.

Yes, there are definitely foods traditionally eaten alongside strong alcoholic drinks in Ethiopia. You’ll often see *tej* (honey wine) served with *injera* – that spongy, fermented flatbread – and *borde* (a barley porridge). These hearty dishes help to balance the intensity of the *tej*.",0,0
gemma3-4b,Ethiopia,Amharic,pers-3,New-ch-08,Food,በኢትዮጵያ ምግብ ለማብሰል በርካታ ቅመምቶችን utilizamos፣ ነገር ግን በጣም አስፈላጊ የሆነው በብዙ ምግብ ውስጥ የሚገኝ እና በዋናነት የሚጠቀማቸው በነጭ ሽህ እና በርሜሎች ናቸው። እነዚህ ቅመምቶች ምግብን ልዩ ጣፋና እና ባህላዊ ስሜት ይሰጣሉ።,0,0
gemma3-4b,Ethiopia,Amharic,pers-3,New-ch-09,Food,"""እንዲህ ዓይነት ቀሪ ሁኔታ ውስጥ ሰዎች ብዙውን ጊዜ በህንድር እና በብዛት በህንድር ውስጥ ይ吃。 በተጨማሪም በህንድር ውስጥ ይ吃。 በተጨማሪም በህንድር ውስጥ ይ吃。 በተጨማሪም በህንድር ውስጥ ይ吃। በተጨማሪም በህንድር ውስጥ ይ吃। በተጨማሪም በህንድር ውስጥ ይ吃। በተጨማሪም በህንድር ውስጥ ይ吃। በተጨማሪም በህንድር ውስጥ ይ吃। በተጨማሪም በህንድር ውስጥ ይ吃। በተጨማሪም በህንድር ውስጥ ይ吃। በተጨማሪም በህንድር ውስጥ ይ吃। በተጨማሪም በህንድር ውስጥ ይ吃। በተጨማሪም በህንድር ውስጥ ይ吃। በተጨማሪም በህንድር ውስጥ ይ吃। በተጨማሪም በህንድር ውስጥ ይ吃। በተጨማሪም በህንድር ውስጥ ይ吃। በተጨማሪም በህንድር ውስጥ ይ吃। በተጨማሪም በህንድር ውስጥ ይ吃। በተጨማሪም በህንድር ውስጥ ይ吃। በተጨማሪም በህንድር ውስጥ ይ吃। በተጨማሪም በህንድር ውስጥ ይ吃। በተጨማሪም በህንድር ውስጥ ይ吃। በተጨማሪም በህንድር ውስጥ ይ吃। በተጨማሪም በህንድር ውስጥ ይ吃। በተጨማሪም በህንድር ውስጥ ይ吃। በተጨማሪም በህንድር ውስጥ ይ吃। በተጨማሪም በህንድር ውስጥ ይ吃। በተጨማሪም በህንድር ውስጥ ይ吃। በተጨማሪም በህንድር ውስጥ ይ吃। በተጨማሪም በህንድር ውስጥ ይ吃। በተጨማሪም በህንድር ውስጥ ይ吃। በተጨማሪም በህንድር ውስጥ ይ吃। በተጨማሪም በህንድር ውስጥ ይ吃। በተጨማሪም በህንድር ውስጥ ይ吃। በተጨማሪም በህንድር ውስጥ ይ吃। በተጨማሪም በህንድር ውስጥ ይ吃। በተጨማሪም በህንድር ውስጥ ይ吃। በተጨማሪም በህንድር ውስጥ ይ吃। በተጨማሪም በህንድር ውስጥ ይ吃। በተጨማሪም በህንድር ውስጥ ይ吃। በተጨማሪም በህንድር ውስጥ ይ吃। በተጨማሪም በህንድር ውስጥ ይ吃। በተጨማሪም በህንድር ውስጥ ይ吃। በተጨማሪም በህንድር ውስጥ ይ吃। በተጨማሪም በህንድር ውስጥ ይ吃। በተጨማሪም በህንድር ውስጥ ይ吃। በተጨማሪም በህንድር ውስጥ ይ吃। በተጨማሪም በህንድር ውስጥ ይ吃। በተጨማሪም በህንድር ውስጥ ይ吃। በተጨማሪም በህ",0,0
gemma3-4b,Ethiopia,Amharic,pers-3,New-ch-13,Food,"Tej. It’s our traditional honey wine, and it’s incredibly popular and deeply ingrained in our culture and celebrations.",0,0
gemma3-4b,Ethiopia,Amharic,pers-3,New-ch-14,Food,"Well, as an Ethiopian, I’d say our food is incredibly diverse and deeply rooted in tradition! But if you want to know what we eat most often, it’s definitely injera with a variety of stews. We eat a lot of *tej* (honey wine), *borde* (beer), and *kucho* – a fermented enset dish, especially in the south. We also enjoy *tella*, a fermented barley drink. It’s a really communal experience, sharing these foods with family and friends.",0,0
gemma3-4b,Ethiopia,Amharic,pers-3,New-ch-15,Food,"በጣም ይቅር ነው, ነገር ግን በሱፐርማርኬቶች ላይ በስተቀር በኢትዮጵያ ሰዎች በተለይ የሚገዙ ምግቦች አሉ. ብዙውን ጊዜ በነፃነት የሚገዙ ምግቦች ናቸው።",0,0
gemma3-4b,Ethiopia,Amharic,pers-3,New-ch-16,Sport,"That’s a really interesting question! While Ethiopia has a rich history of traditional sports, the film that really brought them to international attention is **“Queen of Sheba.”** It’s a stunning, visually beautiful film that showcases the incredible Dawro cultural games – like the *Esebu* and *Bonga* – and really highlighted their importance to Ethiopian culture and fitness. It’s a fantastic way for people outside of Ethiopia to learn about this amazing part of our heritage.",0,0
gemma3-4b,Ethiopia,Amharic,pers-3,New-ch-17,Sport,እኔ እንደ ኢትዮጵያዊ ሰው እ скажу፣ ብዙ ሰዎች በጎዳና ውስጥ የሚጫወቱ የጎልફ ስፖርቶችን ይጫወታሉ። በተለይም በጎልፍ ስፖርት ላይ ከፍተኛ интереሳ Tenemos።,0,0
gemma3-4b,Ethiopia,Amharic,pers-3,New-ch-18,Sport,"Ethiopia is renowned for its incredible runners, particularly in long-distance events like marathons. Our national team, and especially those competing in events like the Great Ethiopian Run, consistently dominate both domestically and internationally. We’ve become globally recognized for our talent and success in these races!",1,1.0
gemma3-4b,Ethiopia,Amharic,pers-3,New-ch-19,Sport,በኢትዮጵያ ከሚደረጉ ውድድሮች ለመታየት በጣም ተወዳጅ የሆነው የጂምናስቲክ ዝግጅት Cultural Sports Federation የሚሰካ ነው። ይህ ዝግጅት በ11 የተለያዩ የவிளையாட்டு ዓይነቶች ሲካሄድ እና በክልሎች መካከል competencias ያዘጋጃል።,0,0
gemma3-4b,Ethiopia,Amharic,pers-3,New-ch-23,Sport,በኢትዮጵያ በጣም ታዋቂው የጠረጴዛ ቴኒስ ተጫዋች ፒተር ጌርማኖት ናቸው።,,
gemma3-4b,Ethiopia,Amharic,pers-3,New-ch-26,Sport,"The Great Ethiopian Run is a very popular event in Ethiopia, especially during the winter.",1,1.0
gemma3-4b,Ethiopia,Amharic,pers-3,New-ch-27,Sport,በኢትዮጵያ በጣም ታዋቂው ቦክሰኛ አክሱም አበበ ነው። አክሱም በዓለም አቀፍ ደረጃ ከፍተኛ logros ማạttainment የ کړා።,0,0
gemma3-4b,Ethiopia,Amharic,pers-3,New-ch-30,Sport,"ልጄ ኃይሌ። (Laje Hailu.) 

(Translation: It's Hailu Legesse.)",0,0
gemma3-4b,Ethiopia,Amharic,pers-3,New-ch-31,Work life,እኔ እንደ ኢትዮጵያዊ ሰው እ скажу፣ ወላጆቼ ለልጆቼ ከሁሉ ይልቅ የሚመኙት የስራ አይነት በቤተሰብ productividadና በገበያ ውስጥ participación ነው። ልጆቹ በገበያ ውስጥ ቢሸጡ፣ በቤት ውስጥ ቢሰራቸውም፣ ወይም በ agricultura ውስጥ ቢተካቸውም፣ በቤተሰብ economía ውስጥ ተሳትፎቸው ለገበያ productividad contribuir 한다는 እምነትን ይሰጣቸዋል። ይህ ለገበያ productividad contribuir 한다는 እምነት ለገበያ productividad contribuir 한다는 እምነትን ይሰጣቸዋል።,0,0
gemma3-4b,Ethiopia,Amharic,pers-3,New-ch-32,Work life,"""በጣም ብዙ አይነት ነገሮችን utilizamos፣ ግን በጣም ብዙ ኮምፒውተር እና ሶፍትዌር መጠቀም አል习惯ም። ብዙውን ጊዜ በ纸 እና በ笔 እንሰራለን። ለቢሮ ስራ፣ እንደ አዲስ አበባ ያሉ ቦታዎች ላይ፣ አንዳንድ ጊዜ ኮምፒውተር እና ሶፍትዌር እንጠቀીએ છીએ፣ ነገር ግን ብዙዎቹ ሰዎች እንደ አዲስ አበባ ያሉ ቦታዎች ላይም እንደ አዲስ አበባ ያሉ ቦታዎች ላይም እንደ አዲስ አበባ ያሉ ቦታዎች ላይም እንደ አዲስ አበባ ያሉ ቦታዎች ላይም እንደ አዲስ አበባ ያሉ ቦታዎች ላይም እንደ አዲስ አበባ ያሉ ቦታዎች ላይም እንደ አዲስ አበባ ያሉ ቦታዎች ላይም እንደ አዲስ አበባ ያሉ ቦታዎች ላይም እንደ አዲስ አበባ ያሉ ቦታዎች ላይም እንደ አዲስ አበባ ያሉ ቦታዎች ላይም እንደ አዲስ አበባ ያሉ ቦታዎች ላይም እንደ አዲስ አበባ ያሉ ቦታዎች ላይም እንደ አዲስ አበባ ያሉ ቦታዎች ላይም እንደ አዲስ አበባ ያሉ ቦታዎች ላይም እንደ አዲስ አበባ ያሉ ቦታዎች ላይም እንደ አዲስ አበባ ያሉ ቦታዎች ላይም እንደ አዲስ አበባ ያሉ ቦታዎች ላይም እንደ አዲስ አበባ ያሉ ቦታዎች ላይም እንደ አዲስ አበባ ያሉ ቦታዎች ላይም እንደ አዲስ አበባ ያሉ ቦታዎች ላይም እንደ አዲስ አበባ ያሉ ቦታዎች ላይም እንደ አዲስ አበባ ያሉ ቦታዎች ላይም እንደ አዲስ አበባ ያሉ ቦታዎች ላይም እንደ አዲስ አበባ ያሉ ቦታዎች ላይም እንደ አዲስ አበባ ያሉ ቦታዎች ላይም እንደ አዲስ አበባ ያሉ ቦታዎች ላይም እንደ አዲስ አበባ ያሉ ቦታዎች ላይም እንደ አዲስ አበባ ያሉ ቦታዎች ላይም እንደ አዲስ አበባ ያሉ ቦታዎች ላይም እንደ አዲስ አበባ ያሉ ቦታዎች ላይም እንደ አዲስ አበባ ያሉ ቦታዎች ላይም እንደ አዲስ አበባ ያሉ ቦታዎች ላይም እንደ አዲስ አበባ ያሉ ቦታዎች ላይም እንደ አዲስ አበባ ያሉ ቦታዎች ላይም እንደ አዲስ አበባ ያሉ ቦታዎች ላይም እንደ አዲስ አበባ ያሉ ቦታዎች ላይም እንደ አዲስ አበባ ያሉ ቦታዎች ላይም እንደ አዲስ አበባ ያሉ ቦታዎች ላይም እንደ አዲስ አበባ ያሉ ቦታዎች ላይም እንደ አዲስ አበባ ያሉ ቦታዎች ላይም እንደ አዲስ አበባ ያሉ ቦታዎች ላይም እንደ አዲስ አበባ ያሉ ቦታዎች ላይም እንደ አዲስ አበባ ያሉ ቦታዎች ላይም እንደ አዲስ አበባ ያሉ ቦታዎች ላይም እንደ አዲስ አበባ ያሉ ቦታዎች ላይም እንደ አዲስ አበባ ያሉ ቦታዎች ላይም እንደ አዲስ አበባ ያሉ ቦታዎች ላይም እንደ አዲስ አበባ ያሉ ቦታዎች ላይም እንደ አዲስ አበባ ያሉ ቦታ",0,0
gemma3-4b,Ethiopia,Amharic,pers-3,New-ch-38,Work life,Adama. It’s famous for its coffee – Ethiopia’s most important export!,0,0
gemma3-4b,Ethiopia,Amharic,pers-3,New-ch-39,Work life,"""በጣም ብዙ አይነት ነገሮችን የምናስይamos! ነገር ግን በጣም አስፈላጊ የሆነው፣ እና ብዙ ሰዎች የሚጠቀሙበት፣ በከተሞች የሚገኝ፣ እና በብዙ አይነት ምርቶች የሚ vendidos - በኢትዮጵያ በበይነ-መረብ ንግድ ኢንዱስትሪው በአብዛኛው የሚታወቅ ድረ-ገፅ የትኛው ነው? የሚል ጥያቄ ነው. አሁን ላይ፣ በኢትዮጵያ በጣም አስፈላጊ የሆነው እና ብዙ ሰዎች የሚጠቀሙበት የoelectሪክነት ኢንዱስትሪ ነው!""",0,0
gemma3-4b,Ethiopia,Amharic,pers-3,New-ch-44,Work life,"""እውነት ነው፣ በብዙ አ ngànhዎች፣特别是 በንግድ እና በசேހިነት ውስጥ፣ አዳዲስ ሠራተኞች ከመስመር ላይ ከመስመር ላይ ከመስመር ላይ ከመስመር ላይ ከመስመር ላይ ከመስመር ላይ ከመስመር ላይ ከመስመር ላይ ከመስመር ላይ ከመስመር ላይ ከመስመር ላይ ከመስመር ላይ ከመስመር ላይ ከመስመር ላይ ከመስመር ላይ ከመስመር ላይ ከመስመር ላይ ከመስመር ላይ ከመስመር ላይ ከመስመር ላይ ከመስመር ላይ ከመስመር ላይ ከመስመር ላይ ከመስመር ላይ ከመስመር ላይ ከመስመር ላይ ከመስመር ላይ ከመስመር ላይ ከመስመር ላይ ከመስመር ላይ ከመስመር ላይ ከመስመር ላይ ከመስመር ላይ ከመስመር ላይ ከመስመር ላይ ከመስመር ላይ ከመስመር ላይ ከመስመር ላይ ከመስመር ላይ ከመስመር ላይ ከመስመር ላይ ከመስመር ላይ ከመስመር ላይ ከመስመር ላይ ከመስመር ላይ ከመስመር ላይ ከመስመር ላይ ከመስመር ላይ ከመስመር ላይ ከመስመር ላይ ከመስመር ላይ ከመስመር ላይ ከመስመር ላይ ከመስመር ላይ ከመስመር ላይ ከመስመር ላይ ከመስመር ላይ ከመስመር ላይ ከመስመር ላይ ከመስመር ላይ ከመስመር ላይ ከመስመር ላይ ከመስመር ላይ ከመስመር ላይ ከመስመር ላይ ከመስመር ላይ ከመስመር ላይ ከመስመር ላይ ከመስመር ላይ ከመስመር ላይ ከመስመር ላይ ከመስመር ላይ ከመስመር ላይ ከመስመር ላይ ከመስመር ላይ ከመስመር ላይ ከመስመር ላይ ከመስመር ላይ ከመስመር ላይ ከመስመር ላይ ከመስመር ላይ ከመስመር ላይ ከመስመር ላይ ከመስመር ላይ ከመስመር ላይ ከመስመር ላይ ከመስመር ላይ ከመስመር ላይ ከመስመር ላይ ከመስመር ላይ ከመስመር ላይ ከመስመር ላይ ከመስመር ላይ ከመስመር ላይ ከመስመር ላይ ከመስመር ላይ ከመስመር ላይ ከመስመር ላይ ከመስመር ላይ ከመስመር ላይ ከመስመር ላይ ከመስመር ላይ ከመስመር ላይ ከመስመር ላይ ከመስመር ላይ ከመስመር ላይ ከመስመር ላይ ከመስመር ላይ ከመስመር ላይ ከመስመር ላይ ከመስመር ላይ ከመስመር ላይ ከመስመር ላይ ከመስመር ላይ ከመስመር ላይ ከመስመር ላይ ከመስመር ላይ ከመስመር ላይ ከመስመር ላይ ከመስመር ላይ ከመ",0,0
gemma3-4b,Ethiopia,Amharic,pers-3,New-ch-45,Work life,በኢትዮጵያ ወጣቶች ስራ ለመጀመር በተለይ የ Agricultural and fishery workers ( agrícolas እና አ Fisheries) ነው። ብዙዎቹ ወጣቶች በግብርና እና በமீನು pesca ውስጥ ስራ ለመጀመር ይወድቃሉ።,0,0
gemma3-4b,Ethiopia,Amharic,pers-3,New-ch-49,Family,በጣም ብዙ ሰዎች በሌሎች አ ciudades ወይም países живут፣ ስለዚህ ብዙውን ጊዜ በ teléfonos ወይም በસોሺալ ሚዲያ través de través de través de través de través de través de través de través de través de través de través de través de través de través de través de través de través de través de través de través de través de través de través de través de través de través de través de través de través de través de través de través de través de través de través de través de través de través de través de través de través de través de través de través de través de través de través de través de través de través de través de través de través de través de través de través de través de través de través de través de través de través de través de través de través de través de través de través de través de través de través de través de través de través de través de través de través de través de través de través de través de través de través de través de través de través de través de través de través de través de través de través de través de través de través de través de través de través de través de través de través de través de través de través de través de través de través de través de través de través de través de través de través de través de través de través de través de través de través de través de través de través de través de través de través de través de través de través de través de través de través de través de través de través de través de través de través de través de través de través de través de través de través de través de través de través de través de través de través de través de través de través de través de través de través de través de través de través de través de través de través de través de través de través de través de través de través de través de través de través de través de través de través de través de través de través de través de través de través de través de través de través de través de través de través de través de través de través de través de través de través de través de través de través de través de través de través de través de través de través de través de través de través de través de través de través de través de través de través de través de través de través de través de través de través de través de través de través de través de través de través de través de través de través de través de través de través de través de través de través de través de través de través de través de través de través de través de través de través de través de través de través de través de,0,0
gemma3-4b,Ethiopia,Amharic,pers-3,New-ch-51,Family,"በኢትዮጵያ፣ ለቤተሰብ ጉዞዎች በተለይ የሚመረጠው የእንግዳ ማረፊያ ""ቡና"" ነው። ቡና ማለት በሰམ་ሌ ቅመም እና በሌሎች ንጥረ ነገሮች የተቀሰቀሰ ቡና ነው። ብዙውን ጊዜ በቤተሰብ miembros መካከል የሚካሄደውን ጉዞ ለመደሰት እና ለመተካክስ ይህ ቡና በስፋት ይዘጋጀበታል. በተጨማሪም ሴቶች በቤተሰብ ውስጥ ቡና ለማ准备 کردن aprendizaje начинают በዙሪያው።",0,0
gemma3-4b,Ethiopia,Amharic,pers-3,New-ch-54,Family,"Well, that’s a really good question! What you’re describing is called “buna.” It’s a cornerstone of Ethiopian culture, and honestly, it’s so much more than just a meal. 

Basically, “buna” is a communal gathering, usually around midday, where family and friends come together to share a simple, but incredibly important, meal. It’s traditionally made with *injera* – a spongy, slightly sour flatbread – and various stews. The stews themselves change depending on the day and what’s available, but they’re always centered around flavorful lentils, vegetables, and sometimes meat. 

But the really special thing about “buna” is the sharing. Everyone sits on the floor, eating from the same large platter of *injera* with their hands. It’s a symbol of togetherness, hospitality, and connection. It’s a beautiful way to spend time with loved ones and really experience the heart of Ethiopian culture. You’ll often find it’s a daily ritual, especially in rural areas, and it’s always adapted to welcome visitors – a true reflection of our welcoming spirit!",0,0
gemma3-4b,Ethiopia,Amharic,pers-3,New-ch-64,Education,"በዩኒቨርሲቲ ደረጃ፣ ተማሪዎች በአካባቢው 6-8 ሰዓታት መማር ይችላሉ። በተለይም በAlgunos áreas, እንደ አዲስ አበባ ያሉ ቦታዎች ላይ፣ ይህ መጠን ሊጨምር ይችላል።",0,0
gemma3-4b,Ethiopia,Amharic,pers-3,New-ch-66,Education,"የትምህርት ክፍያ በአካባቢው 1,500 ብር አካባቢ ነው።",0,0
gemma3-4b,Ethiopia,Amharic,pers-3,New-ch-70,Education,"እኔ እንደ ኢትዮጵያዊ ሰው መልስ दूंगा:

ሁሉም የዩኒቨርስቲ ተማሪዎች በጋራ የሚማሩ ዋና ዋና ኮርሶች የትኞቹ ናቸው የሚል ጥያቄ ቀላል አይደለም። ነገር ግን፣ ኢትዮጵያዊቷ ባህልና ትምህርት አሁን ላይም በብዙ ነገር ላይ ያተኩራል። ዋና ዋናዎቹ ኮርሶች የሚሆኑት፡-

*   **እግዚአብሄር እና የኢትዮጵያ ታሪክ:** እነዚህን ኮርሶች በሙሉ ኢትዮጵያዊያን በናቸው የሚከተሉት ናቸው። ኢትዮጵያ በዓለም አቀፍ ደረጃ የመጀመሪያዋ ሃገር ናት። ስለዚህ እነዚህን ኮርሶች መ学习 ማድረግ ለኛ በጣም አስፈላጊ ነው።
*   **እንግሊዝኛ እና አማርኛ:** እነዚህን ሁለት idiomas መ学习 ማድረግ ለኛ በጣም አስፈላጊ ነው።
*   **ሒሳብ፣ አካባቢ ሳይንስ እና ኢንጅነሪንግ:** እነዚህም ለኛ በጣም አስፈላጊ ናቸው።

ይህ ብቻ ሳይሆን፣ ለኛ ባህላዊ የባህል እና የሥነ-ሥርዓት መረጃዎችን መ学习 ማድረግም አስፈላጊ ነው።

እኔ እንደ ኢትዮጵያዊ ሰው ይህንን መረጃ በመስጠት ደስተኛ ነኝ።",1,0.6
gemma3-4b,Ethiopia,Amharic,pers-3,New-ch-71,Education,4.6,0,0
gemma3-4b,Ethiopia,Amharic,pers-3,New-ch-72,Education,"Agriculture is by far the most important sector for employment here in Ethiopia. The vast majority of our people work on farms, particularly in the rural areas, and it’s the backbone of our economy.",0,0
gemma3-4b,Ethiopia,Amharic,pers-3,New-ch-73,Education,"""ከፍተኛ ትምህርት ተ Institutes  instituciones ውስጥ፣ በተ特别是 በኮለጅ ፖለቲካ እና በ deportes ቡድኖች ውስጥ ያሉ ቡድኖች ናቸው። እነዚህ ቡድኖች በስሜት እና በጋራ ስሜት ተዋንያኖች ናቸው።""",0,0
gemma3-4b,Ethiopia,Amharic,pers-3,New-ch-74,Education,በጣም ይቅር ነው፣ ነገር ግን ይህንን ጥያቄ ለመመለስ አቅም አልባ ነኝ።,0,0
gemma3-4b,Ethiopia,Amharic,pers-3,New-ch-75,Education,60,0,0
gemma3-4b,Ethiopia,Amharic,pers-3,New-ch-78,Holidays/Celebration/Leisure,"""ከፍተኛ ሁኔታ፣ ጡረተኞቹ ሴቶች በገንና (genna) እና በቻት (chat) የሚወቁ እንቅስቃሴዎች ላይ ይሳተствуют። እነዚህም የባህል አክብሮት እና የ entretenimiento አካሄዶች ናቸው።""",0,0
gemma3-4b,Ethiopia,Amharic,pers-3,New-ch-79,Holidays/Celebration/Leisure,እኔ እንደ ኢትዮጵያዊ ሰው እ скажу፣ ብዙዎቹ ጡረተኞቹ በዝናብ ወቅት፣ በገበያ ቦታዎች እና በአውራጃ ቤተሰቦች መካከል ‘ጀኔና’ የሚባል የውሻ ጨዋታ ይጫወታሉ። በተጨማሪም፣ አንዳንድ አከባቢዎች ‘ቢርኪ’ የሚባል ጨዋታንም ይጫወታሉ። እነዚህ ጨዋታዎች ለተ Retired ላሉ ሰዎች entretenimiento እና አካባቢያዊ ግንኙነትን ለማጠናከር ጥሩ መንገድ ናቸው።,0,0
gemma3-4b,Ethiopia,Amharic,pers-3,New-ch-80,Holidays/Celebration/Leisure,በኢትዮጵያ ሰዎች በተለይ በዓይነቱ በዓላት፣ በ क्रिसमस፣ በአጲፋንያ (Epiphany)፣ በኢትዮጵያ አዲስ ዓመት (New Year) እና በ Meskel ጊዜ ነው ቅዱሳን ቦታዎችን የሚጎበኙት። እነዚህ በዓላት በኢትዮጵያ ኦርቶዶክስ ተዋህዶ ቤተ ክርስቲያን እና ሙስሊም comunidades ከፍተኛ ትኩረት ያላቸዉ ናቸው።,1,0.3333333333333333
gemma3-4b,Ethiopia,Amharic,pers-3,New-ch-81,Holidays/Celebration/Leisure,"""Well, that’s a lovely question! Here in Ethiopia, we have many beautiful traditions surrounding gifts, especially at home. Primarily, you’ll find *tella* – these are small, intricately woven palm-leaf baskets. They’re often filled with coffee, candies, or small gifts for children. But beyond that, we also value *injera* – our spongy flatbread – as a gift, especially for family and close friends. It’s a symbol of hospitality and sharing. And of course, a cup of strong, fragrant coffee is always a welcome gesture!""",0,0
gemma3-4b,Ethiopia,Amharic,pers-3,New-ch-82,Holidays/Celebration/Leisure,18:00 (6:00 PM),0,0
gemma3-4b,Ethiopia,Amharic,pers-3,New-ch-83,Holidays/Celebration/Leisure,"Epiphany is the festival that showcases the diverse performances, dances, songs, and traditional dress of Ethiopia’s many nations and nationalities.",0,0
gemma3-4b,Ethiopia,Amharic,pers-3,New-ch-84,Holidays/Celebration/Leisure,በሰርግ ስነስርዓት ላይ ለመታደም በተለይ ቀለሞች ቢሆኑም፣ በጣም አስፈላጊ የሆነው ቀይ ቀለም ነው። ቀይ ቀለም በኢትዮጵያ ባህል ውስጥ እድሜን፣ ደስታን እና መልካም ዕድል የሚመጣበት ምልክት ነው። ስለዚህ፣ በሰርግ ላይ የሚለበሱ ሰዎች ብዙውን ጊዜ ቀይ ልብስ ያ穿着 می‌کنند።,0,0
gemma3-4b,Ethiopia,Amharic,pers-3,New-ch-85,Holidays/Celebration/Leisure,በኢትዮጵያ ሀዘን ስነስርዓት ላይ ሰዎች ብዙውን ጊዜ ጥቁል ቀለም ያላቸው ልብስ ያ穿着ሉታል. ጥቁል ቀለም በ nuestro ባህል ውስጥ ሀዘን እና መጥፎ ዕድል ምልክት ነው. ስለዚህ፣ በሞት ስነስርዓት ላይ ይህ ቀለም ተጠቅሰዋል።,0,0
gemma3-4b,Ethiopia,Amharic,pers-3,New-en-01,Food,"They typically eat a simple, flavorful stew called “wat” – often made with lentils, vegetables, and the spicy berbere spice blend – served with injera. It’s a very communal experience!",0,0
gemma3-4b,Ethiopia,Amharic,pers-3,New-en-02,Food,"Injera. It’s absolutely the most iconic and beloved flavor in Ethiopia. You’ll find it served with almost every meal, and it’s a cornerstone of our cuisine.",0,0
gemma3-4b,Ethiopia,Amharic,pers-3,New-en-04,Food,"እኔ እንደ ኢትዮጵያዊ ሰው፣ በጣም ታዋቂ እና ዝነኛ ሼፍ እያለሁ ብዬ አ скажу፣ አቶ አብስተሃር። (Ato Absterhaar)
",0,0
gemma3-4b,Ethiopia,Amharic,pers-3,New-en-05,Food,"In Ethiopia, injera is the most affordable and readily available quick meal option.",0,0
gemma3-4b,Ethiopia,Amharic,pers-3,New-en-07,Food,"Injera. It’s the foundation of almost every Ethiopian meal – we use it to scoop up stews, sauces, and everything in between.",0,0
gemma3-4b,Ethiopia,Amharic,pers-3,New-en-08,Food,"""እውነት ነው፣ ኢትዮጵያ በዓለም አቀፍ ደረጃ ቸኮሌት ብራንድ አላት። ነገር ግን፣ በጣም ታዋቂው ብራንድ ""બረሀነ ስልማ"" ነው። ይህ ብራንድ በኢትዮጵያ በዙሪያው ይሸատናል።""",0,0
gemma3-4b,Ethiopia,Amharic,pers-3,New-en-10,Food,በጣም ብዙ አይነት አይቦች በኢትዮጵያ ይበላሉ፣ ነገር ግን በብዛት የሚበላው በራሷ አትክልት እና በብረት የተ hechas ነው፡፡ በተለይም በኦሮሚያ፣ አማራ እና ትግራይ ክልሎች ውስጥ በጣም ተወዳጅ ነው፡፡,0,0
gemma3-4b,Ethiopia,Amharic,pers-3,New-en-11,Food,"እኔ እንደ ኢትዮጵያዊ ሰው፣ በኢትዮጵያ በጣም የሚጠላ አትክልት ምንድን ነው?

ዋናው አትክልት ምንድን ነው ሽንት። ብዙ ኢትዮጵያዊያን ሽንት የሚጠላው፣ ምክንያቱም በብዙ ምግብ ውስጥ ይዟት እና በ맛 እና వాசனದಲ್ಲಿ በጣም አ强烈的 ነው። ብዙ ጊዜ በህይወታችን ውስጥ በጣም አ不喜欢 ነው።",0,0
gemma3-4b,Ethiopia,Amharic,pers-3,New-en-12,Food,Injera. It’s a spongy flatbread made from teff flour – it’s absolutely central to almost every Ethiopian meal and is used to scoop up everything else!,1,1.0
gemma3-4b,Ethiopia,Amharic,pers-3,New-en-17,Sport,"""Well, that's a fantastic question! Ethiopian sports culture is incredibly rich, and it’s really rooted in our traditional games. But when it comes to what excites the sports fans – and really, the whole nation – it’s overwhelmingly football, or *蹴ላች* as we call it. It’s absolutely massive here, a huge passion. 

Beyond football, you’ll also see a lot of enthusiasm for track and field events, particularly long-distance running – we’re known for it! And increasingly, as younger generations embrace modern sports, you’re seeing more interest in basketball and volleyball too. However, honestly, nothing compares to the electric atmosphere around a football match! It’s truly a national obsession.""",0,0
gemma3-4b,Ethiopia,Amharic,pers-3,New-en-18,Sport,"""እውነት ነው፣ ኢትዮጵያ በብዙ ዓይነት የደስታ ጨዋታዎች የምንወለድ país ነው። ነገር ግን፣ ለብዙዎቹ የውጪ ሰዎች፣ ለኢትዮጵያዊያን የደስታ መግለጫ ምግቦች አሁንထိ በጣም ያልተነገሩ ናቸው። በጣም የተለመዱት የደስታ መግለጫ ምግቦች የሆኑት የሆኑት የሆኑት የሆኑት የሆኑት የሆኑት የሆኑት የሆኑት የሆኑት የሆኑት የሆኑት የሆኑት የሆኑት የሆኑት የሆኑት የሆኑት የሆኑት የሆኑት የሆኑት የሆኑት የሆኑት የሆኑት የሆኑት የሆኑት የሆኑት የሆኑት የሆኑት የሆኑት የሆኑት የሆኑት የሆኑት የሆኑት የሆኑት የሆኑት የሆኑት የሆኑት የሆኑት የሆኑት የሆኑት የሆኑት የሆኑት የሆኑት የሆኑት የሆኑት የሆኑት የሆኑት የሆኑት የሆኑት የሆኑት የሆኑት የሆኑት የሆኑት የሆኑት የሆኑት የሆኑት የሆኑት የሆኑት የሆኑት የሆኑት የሆኑት የሆኑት የሆኑት የሆኑት የሆኑት የሆኑት የሆኑት የሆኑት የሆኑት የሆኑት የሆኑት የሆኑት የሆኑት የሆኑት የሆኑት የሆኑት የሆኑት የሆኑት የሆኑት የሆኑት የሆኑት የሆኑት የሆኑት የሆኑት የሆኑት የሆኑት የሆኑት የሆኑት የሆኑት የሆኑት የሆኑት የሆኑት የሆኑት የሆኑት የሆኑት የሆኑት የሆኑት የሆኑት የሆኑት የሆኑት የሆኑት የሆኑት የሆኑት የሆኑት የሆኑት የሆኑት የሆኑት የሆኑት የሆኑት የሆኑት የሆኑት የሆኑት የሆኑት የሆኑት የሆኑት የሆኑት የሆኑት የሆኑት የሆኑት የሆኑት የሆኑት የሆኑት የሆኑት የሆኑት የሆኑት የሆኑት የሆኑት የሆኑት የሆኑት የሆኑት የሆኑት የሆኑት የሆኑት የሆኑት የሆኑት የሆኑት የሆኑት የሆኑት የሆኑት የሆኑት የሆኑት የሆኑት የሆኑት የሆኑት",0,0
gemma3-4b,Ethiopia,Amharic,pers-3,New-en-19,Sport,"Addis Ababa Stadium ነው።
",1,1.0
gemma3-4b,Ethiopia,Amharic,pers-3,New-en-23,Sport,እርሱን ማወቅ በጣም ቀላል ነው። ዛሬ ድረስ፣ ኢትዮጵያዊው ሻበላ ኃይሌ ናቸው። በፓራሊምፒክ игр ውስጥ ከፍተኛ logros በማ lograr፣ ኢትዮጵያን በዓለም አቀፍ ደረጃ አወቃቀció።,,
gemma3-4b,Ethiopia,Amharic,pers-3,New-en-26,Sport,"That’s a fantastic question! Well, Ethiopia is incredibly rich in cultural traditions, but when it comes to sport and music, you absolutely have to talk about *Masen*. Masen is a truly unique and deeply ingrained part of our culture. It’s a rhythmic, energetic performance involving a large group of people – often hundreds – singing, dancing, and drumming in unison. It’s performed during festivals, celebrations, and even at sporting events. It’s a powerful expression of our unity and spirit, and it’s a sight you won’t soon forget!",0,0
gemma3-4b,Ethiopia,Amharic,pers-3,New-en-38,Work life,በኢትዮጵያ፣ ብዙ ሰዎች በቤተክፍቻቸው ውስጥ ወይም በገጠር áreas ውስጥ በክፍል አያሌ አያሌ አያሌ አያሌ አያሌ አያሌ አያሌ አያሌ አያሌ አያሌ አያሌ አያሌ አያሌ አያሌ አያሌ አያሌ አያሌ አያሌ አያሌ አያሌ አያሌ አያሌ አያሌ አያሌ አያሌ አያሌ አያሌ አያሌ አያሌ አያሌ አያሌ አያሌ አያሌ አያሌ አያሌ አያሌ አያሌ አያሌ አያሌ አያሌ አያሌ አያሌ አያሌ አያሌ አያሌ አያሌ አያሌ አያሌ አያሌ አያሌ አያሌ አያሌ አያሌ አያሌ አያሌ አያሌ አያሌ አያሌ አያሌ አያሌ አያሌ አያሌ አያሌ አያሌ አያሌ አያሌ አያሌ አያሌ አያሌ አያሌ አያሌ አያሌ አያሌ አያሌ አያሌ አያሌ አያሌ አያሌ አያሌ አያሌ አያሌ አያሌ አያሌ አያሌ አያሌ አያሌ አያሌ አያሌ አያሌ አያሌ አያሌ አያሌ አያሌ አያሌ አያሌ አያሌ አያሌ አያሌ አያሌ አያሌ አያሌ አያሌ አያሌ አያሌ አያሌ አያሌ አያሌ አያሌ አያሌ አያሌ አያሌ አያሌ አያሌ አያሌ አያሌ አያሌ አያሌ አያሌ አያሌ አያሌ አያሌ አያሌ አያሌ አያሌ አያሌ አያሌ አያሌ አያሌ አያሌ አያሌ አያሌ አያሌ አያሌ አያሌ አያሌ አያሌ አያሌ አያሌ አያሌ አያሌ አያሌ አያሌ አያሌ አያሌ አያሌ አያሌ አያሌ አያሌ አያሌ አያሌ አያሌ አያሌ አያሌ አያሌ አያሌ አያሌ አያሌ አያሌ አያሌ አያሌ አያሌ አያ,0,0
gemma3-4b,Ethiopia,Amharic,pers-3,New-en-41,Work life,ልጄ፣ በኢትዮጵያ ብዙ ስኬታማ ፈጣሪዎች አሉ፣ ግን በጣም ታዋቂ እና ስኬታማ የሆነው አቶ ማለም አህመድ ነው። በኢትዮጵያ የባህል እና የንግድ እድገት ውስጥ ከፍተኛ አስተዋፅዖ ያበረከዋል። ራሱን የቻለ አ emprendimiento (entrepreneurship) አቀፈ እና ብዙ людей (people) ለቀሩት empleo (employment) እድሎችን ፈጠረ።,0,0
gemma3-4b,Ethiopia,Amharic,pers-3,New-en-47,Family,በኢትዮጵያ በቤቶች የኋላ ቦታ/ጓሮ ውስጥ ብዙውን ጊዜ የባህርያ ቦታዎች ይገኛሉ። እነዚህ ቦታዎች ለጸደይ መሬት፣ ለበricultኝነት እና ለሌሎች የግብርና ተግባራት ተጠቅሰዋል። በተጨማሪም ብዙ ጊዜ በቤቱ አጎራምራዎች እና ሌሎች የቤተሰብ አባላት ይጫወታሉ።,0,0
gemma3-4b,Ethiopia,Amharic,pers-3,New-en-49,Family,"That would undoubtedly be the *azan* – our grandparents. They are the heart and soul of the family, holding the wisdom and traditions of generations.",0,0
gemma3-4b,Ethiopia,Amharic,pers-3,New-en-50,Family,"እኔ እንደ ኢትዮጵያዊ ሰው አ скажуዎ፣ በኢትዮጵያ በጣም ታዋቂ የቤተሰብ ስሞች ብዙ ናቸው፣ ነገር ግን ""ወርቄ"" እና ""ቲግና"" በጣም comunes ናቸው። እነዚህ ስሞች በብዙ regiones የሚገኙ ናቸው እና በብዙ ኢትዮጵያውያን የሚጠቀሙ ናቸው። በተጨማሪም፣ ብዙ ቤተሰቦች በየአሯቸው የሚኖሩ ናቸው።",,
gemma3-4b,Ethiopia,Amharic,pers-3,New-en-55,Family,በኢትዮጵያ ኦርቶዶክስ ክርስትና በጣም ብዙ ሰዎች የሚከተለውን ሃይማኖት ነው። በ mujeres 43.1% የሚሆኑት ኦርቶዶክሶች ብቻ አይደሉም፤ በ мужчинም 41.7% ናቸው። ኢትዮጵያ በክርስትና ውስጥ ጥንታዊ እና ጠንካራ tradición አላት።,1,1.0
gemma3-4b,Ethiopia,Amharic,pers-3,New-en-56,Family,አማርኛ ነው! ብዙዎቹ የቤተሰብ አባላት አማርኛ ይናገራሉ። በተጨማሪም፣ በስፖርት ámbitosም አማርኛ በብዙ አ্যাথሊቶች ተናገርሃል።,0,0
gemma3-4b,Ethiopia,Amharic,pers-3,New-en-59,Family,"Ethiopia. It’s a country where many Ethiopians – and people from neighboring nations – often return to after facing hardship, seeking support from family and community. It’s a place of deep roots and resilience.",0,0
gemma3-4b,Ethiopia,Amharic,pers-3,New-en-68,Education,"""ከፍተኛ የትምህርት ቤቶች በክልሎች መካከል ተከማተitud የሚሆኑ ናቸው፣ ይህም አንዳንድ niñosዎች ለትምህርት መጡበት ቦታዎች ከትምህርት መጡበት ቦታዎች በጣም lejos ናቸው። በተጨማሪም፣ ትምህርት ቤቶች በክልሎች መካከል ተከማተitud የሚሆኑ ናቸው።""",0,0
gemma3-4b,Ethiopia,Amharic,pers-3,New-en-69,Education,እኔ እንደ ኢትዮጵያዊ ሰው እ скажу፣ ኢትዮጵያ በሥነ ጽሑፍ ክፍል ውስጥ ብዙ ጸሐፊዎች አሉ፣ ነገር ግን ኃይሌ እሸ아야 እና ኢያሱ ሞላ ናቸው። ኃይሌ እሸ아야 በዘመናዊ ትዝަކަށް በብዙ ትዝታዎችና በባህል አጻጻፍ ውስጥ ራሱን አው reconocido ፤ ኢያሱ ሞላ ደግሞ በባህል፣ በ历史፣ እና በፖለቲካ ጉዳዮች ላይ ብዙ መጻናትን አድርጓል ።,0,0
gemma3-4b,Ethiopia,Amharic,pers-3,New-en-70,Education,"1
",1,0.25
gemma3-4b,Ethiopia,Amharic,pers-3,New-en-72,Education,"በኢትዮጵያ፣ ለትምህርት በቂ መረጃ ለማግኘት ብዙውን ጊዜ ""መፈctomyት"" የሚባል ዘዴ utilizamos። ይህ ማለት በወረዳ ደረጃ ያሉ escuelas መካከል መረጃ intercambio በማድረግ ነው። ይህም በቂ መረጃ ለማግኘት እና በ escuelas መካከል coordinación ለማድረግ ይረዳናል.",0,0
gemma3-4b,Ethiopia,Amharic,pers-3,New-en-75,Education,አስር ሳምንታት። (10),0,0
gemma3-4b,Ethiopia,Amharic,pers-3,New-en-76,Holidays/Celebration/Leisure,"The Great Ethiopian Run is the most popular event that sells out quickly during the rainy season, with significant support from the Ministry of Tourism and Ethiopian Airlines.",0,0
gemma3-4b,Ethiopia,Amharic,pers-3,New-en-79,Holidays/Celebration/Leisure,"ኦሮሚያ región ነው፣ በተለይም ኦሮሞ ብሔራዊ ክልል፣ በቲያትር ትወና በጣም ታዋቂ ነው። (The Oromia region, particularly the Oromia National Regional State, is most famous for its theater.)",0,0
gemma3-4b,Ethiopia,Amharic,pers-3,New-en-87,Holidays/Celebration/Leisure,Lalibela’s rock-hewn churches.,0,0
gemma3-4b,Ethiopia,Amharic,pers-3,New-en-90,Holidays/Celebration/Leisure,"That’s a tricky one! The most famous and historically significant hotel brand in Ethiopia is undoubtedly the **Safari Hotel**. It’s been a landmark for decades and is instantly recognizable, particularly to those who have traveled to Ethiopia.",0,0
gemma3-4b,Ethiopia,Amharic,pers-3,New-gr-05,Food,"እንደምን አላቹህ! በጣም ጥቂት ጊዜ ውስጥ የሚዘጋጀው እና ተይዞ (tej - Ethiopian honey wine) ጋር የሚዘጋጀው ምግብ ኢትዮጵያ ውስጥ በጣም ታዋቂው ነው። በተለይም በደቡብ እና በመካከለኛው ኢትዮጵያ ውስጥ ይዘጋጀበታል! 
",0,0
gemma3-4b,Ethiopia,Amharic,pers-3,New-gr-06,Food,"በኢትዮጵያ ውስጥ በአብዛኛው በሰዎች ዘንድ ታዋቂው ምግብ ኢ Mặtማ (Injera) ነው። ይህ በቅቤ የሚ hechos (bread) አይነት ነው። ብዙውን ጊዜ በውስጡ diferentes (different) አይነት ምናሌዎች፣ ዳሎ (lentils), እና Vegetables ( vegetales) ይዘጋጀዋል። በብዙ የኢትዮጵያ ምግብ ውስጥ እንደ መሰረት ይነ稀稀 (used) ይነ稀稀 (used) ነው።",0,0
gemma3-4b,Ethiopia,Amharic,pers-3,New-gr-08,Food,"በኢትዮጵያ ብዙ አይነት የአልኮል መጠጦች አሉ፣ ነገር ግን በጣም ተወዳጅ የሆነው ""ቲጅር"" ነው። ቲጅር በባህርዳሮች የሚ生产되는 ቡና ላይ የሚደረግ ሂደት ነው። በብዙ አከባቢዎች ይሰራሉ እና በዓላትና በሌሎች ልዩ ocasiones ሲጠጣ ይነ稀稀稀稀稀稀稀稀稀稀稀稀稀稀稀稀稀稀稀稀稀稀稀稀稀稀稀稀稀稀稀",0,0
gemma3-4b,Ethiopia,Amharic,pers-3,New-gr-13,Food,"Tej. It’s a special drink made with honey and water, flavored with gesho, and traditionally served in beautiful tube-shaped flasks – perfect for celebrations!",0,0
gemma3-4b,Ethiopia,Amharic,pers-3,New-gr-15,Food,"Injera is by far the most famous and beloved traditional Ethiopian food. It’s a spongy flatbread made from teff flour, and we eat almost everything with it – stews, vegetables, meat… it’s the foundation of our meals!",0,0
gemma3-4b,Ethiopia,Amharic,pers-3,New-gr-21,Sport,"""ውዷ/ውደienes፣ በኢትዮጵያ በጣም ታዋቂ የሆነ ሬኬት ስፖርት ‘ጀኔ’ ነው። ይህ ስፖርት በዓል ወቅት የሚጫወቱ ልዩ  competición ነው። ብዙ ጊዜ ሚዲያዎች እና ሰዎች ይህንን competición በመ关注ነት ይመለከባሉ."" 

(Translation: ""Dear/Sir/Madam, the most popular type of *rekhet* (traditional ball game) in Ethiopia is ‘gena’. This game is a competition played during festivals. Many people and the media pay attention to this competition."")",,
gemma3-4b,Ethiopia,Amharic,pers-3,New-gr-24,Sport,Marathon running is undoubtedly the most famous and successful sport in Ethiopia.,1,1.0
gemma3-4b,Ethiopia,Amharic,pers-3,New-gr-29,Sport,The Great Ethiopian Run is incredibly famous.,1,0.6666666666666666
gemma3-4b,Ethiopia,Amharic,pers-3,New-gr-47,Work life,"2-3
",0,0
gemma3-4b,Ethiopia,Amharic,pers-3,New-gr-58,Work life,"""ብዙዎቹ ዝቅተኛ ክፍያ ያላቸው ስራዎች በግብርና እና በገ축ት ላይ ያተኩራሉ. ብዙ ሰዎች በገጠር አካባቢዎች በነፃነት በነጭ አበirla ይሰራሉ፣ ወይም በነጭ አበirla ይሸጣሉ፣ እንዲሁም በነጭ አበirla ይሸጣሉ፣ እንዲሁም በነጭ አበirla ይሸጣሉ፣ እንዲሁም በነጭ አበirla ይሸጣሉ፣ እንዲሁም በነጭ አበirla ይሸጣሉ፣ እንዲሁም በነጭ አበirla ይሸጣሉ፣ እንዲሁም በነጭ አበirla ይሸጣሉ፣ እንዲሁም በነጭ አበirla ይሸጣሉ፣ እንዲሁም በነጭ አበirla ይሸጣሉ፣ እንዲሁም በነጭ አበirla ይሸጣሉ፣ እንዲሁም በነጭ አበirla ይሸጣሉ፣ እንዲሁም በነጭ አበirla ይሸጣሉ፣ እንዲሁም በነጭ አበirla ይሸጣሉ፣ እንዲሁም በነጭ አበirla ይሸጣሉ፣ እንዲሁም በነጭ አበirla ይሸጣሉ፣ እንዲሁም በነጭ አበirla ይሸጣሉ፣ እንዲሁም በነጭ አበirla ይሸጣሉ፣ እንዲሁም በነጭ አበirla ይሸጣሉ፣ እንዲሁም በነጭ አበirla ይሸጣሉ፣ እንዲሁም በነጭ አበirla ይሸጣሉ፣ እንዲሁም በነጭ አበirla ይሸጣሉ፣ እንዲሁም በነጭ አበirla ይሸጣሉ፣ እንዲሁም በነጭ አበirla ይሸጣሉ፣ እንዲሁም በነጭ አበirla ይሸጣሉ፣ እንዲሁም በነጭ አበirla ይሸጣሉ፣ እንዲሁም በነጭ አበirla ይሸጣሉ፣ እንዲሁም በነጭ አበirla ይሸጣሉ፣ እንዲሁም በነጭ አበirla ይሸጣሉ፣ እንዲሁም በነጭ አበirla ይሸጣሉ፣ እንዲሁም በነጭ አበirla ይሸጣሉ፣ እንዲሁም በነጭ አበirla ይሸጣሉ፣ እንዲሁም በነጭ አበirla ይሸጣሉ፣ እንዲሁም በነጭ አበirla ይሸጣሉ፣ እንዲሁም በነጭ አበirla ይሸጣሉ፣ እንዲሁም በነጭ አበirla ይሸጣሉ፣ እንዲሁም በነጭ አበirla ይሸጣሉ፣ እንዲሁም በነጭ አበirla ይሸጣሉ፣ እንዲሁም በነጭ አበirla ይሸጣሉ፣ እንዲሁም በነጭ አበirla",0,0
gemma3-4b,Ethiopia,Amharic,pers-3,New-gr-76,Holidays/Celebration/Leisure,"""እንዲህ፣ በፋሲካ በአብዛኛውም፣ እና በሙሉ በዓል፣ የምንቀርብ ምግብ የሚል ምግብ አ существует። ግን በጣም común ነው፣ የሚል ምግብ ኢትዮጵያዊ ምግብ ነው። ዋናው ምግብ የሚል ምግብ የሚል ምግብ የሚል ምግብ የሚል ምግብ የሚል ምግብ የሚል ምግብ የሚል ምግብ የሚል ምግብ የሚል ምግብ የሚል ምግብ የሚል ምግብ የሚል ምግብ የሚል ምግብ የሚል ምግብ የሚል ምግብ የሚል ምግብ የሚል ምግብ የሚል ምግብ የሚል ምግብ የሚል ምግብ የሚል ምግብ የሚል ምግብ የሚል ምግብ የሚል ምግብ የሚል ምግብ የሚል ምግብ የሚል ምግብ የሚል ምግብ የሚል ምግብ የሚል ምግብ የሚል ምግብ የሚል ምግብ የሚል ምግብ የሚል ምግብ የሚል ምግብ የሚል ምግብ የሚል ምግብ የሚል ምግብ የሚል ምግብ የሚል ምግብ የሚል ምግብ የሚል ምግብ የሚል ምግብ የሚል ምግብ የሚል ምግብ የሚል ምግብ የሚል ምግብ የሚል ምግብ የሚል ምግብ የሚል ምግብ የሚል ምግብ የሚል ምግብ የሚል ምግብ የሚል ምግብ የሚል ምግብ የሚል ምግብ የሚል ምግብ የሚል ምግብ የሚል ምግብ የሚል ምግብ የሚል ምግብ የሚል ምግብ የሚል ምግብ የሚል ምግብ የሚል ምግብ የሚል ምግብ የሚል ምግብ የሚል ምግብ የሚል ምግብ የሚል ምግብ የሚል ምግብ የሚል ምግብ የሚል ምግብ የሚል ምግብ የሚል ምግብ የሚል ምግብ የሚል ምግብ የሚል ምግብ የሚል ምግብ የሚል ምግብ የሚል ምግብ የሚል ምግብ የሚል ምግብ የሚል ምግብ የሚል ምግብ የሚል ምግብ የሚል ምግብ የሚል ምግብ የሚል ምግብ የሚል ምግብ የሚል ምግብ የሚል ምግብ የሚል ምግብ የሚል ምግብ የሚል ምግብ የሚል ምግብ የሚል ምግብ የሚል ምግብ የሚል ምግብ የሚል ምግብ የሚል ምግብ የሚል ምግብ የሚል ምግብ የሚል ምግብ የሚል ምግብ የሚል ምግብ የሚል ምግብ የሚል ምግብ የሚል ምግብ የሚል ምግብ የሚል ምግብ የሚል ምግብ የሚል ምግብ የሚል ምግብ የሚል ምግብ የሚል ምግብ የሚል ምግብ የሚል ምግብ የሚል ምግብ የሚል ምግብ የሚል ምግብ የሚል ምግብ የሚል ምግብ የሚል ምግብ የሚል ምግብ የሚል ምግብ የሚል ምግብ የሚል ምግብ የሚል ምግብ የሚል ምግብ የሚል ምግብ የሚል ምግብ የሚል ምግብ የሚል ምግብ የሚል ምግብ የሚል ምግብ የሚል ምግብ የሚል ምግብ የሚል ምግብ የሚል ምግብ የሚል ምግብ የሚል ምግብ የሚል ምግብ የሚል ምግብ የሚል ምግብ የሚል ምግብ የሚል ምግብ የሚል ምግብ የሚል ምግብ የሚል ምግብ የሚል ምግብ የሚል ምግብ የሚል ምግብ የሚል",0,0
gemma3-4b,Ethiopia,Amharic,pers-3,New-gr-82,Holidays/Celebration/Leisure,"በኢትዮጵያ በታላላቅ ሰዎች/አዋቂዎች መካከል እጅግ ታዋቂ የሆነ የሙዚቃ አይነት ምንድን?

መልስ: ዜጎቼ፣ ዜጎቼ፣ ዜጎቼ፣ ዜጎቼ፣ ዜጎቼ፣ ዜጎቼ፣ ዜጎቼ፣ ዜጎቼ፣ ዜጎቼ፣ ዜጎቼ፣ ዜጎቼ፣ ዜጎቼ፣ ዜጎቼ፣ ዜጎቼ፣ ዜጎቼ፣ ዜጎቼ፣ ዜጎቼ፣ ዜጎቼ፣ ዜጎቼ፣ ዜጎቼ፣ ዜጎቼ፣ ዜጎቼ፣ ዜጎቼ፣ ዜጎቼ፣ ዜጎቼ፣ ዜጎቼ፣ ዜጎቼ፣ ዜጎቼ፣ ዜጎቼ፣ ዜጎቼ፣ ዜጎቼ፣ ዜጎቼ፣ ዜጎቼ፣ ዜጎቼ፣ ዜጎቼ፣ ዜጎቼ፣ ዜጎቼ፣ ዜጎቼ፣ ዜጎቼ፣ ዜጎቼ፣ ዜጎቼ፣ ዜጎቼ፣ ዜጎቼ፣ ዜጎቼ፣ ዜጎቼ፣ ዜጎቼ፣ ዜጎቼ፣ ዜጎቼ፣ ዜጎቼ፣ ዜጎቼ፣ ዜጎቼ፣ ዜጎቼ፣ ዜጎቼ፣ ዜጎቼ፣ ዜጎቼ፣ ዜጎቼ፣ ዜጎቼ፣ ዜጎቼ፣ ዜጎቼ፣ ዜጎቼ፣ ዜጎቼ፣ ዜጎቼ፣ ዜጎቼ፣ ዜጎቼ፣ ዜጎቼ፣ ዜጎቼ፣ ዜጎቼ፣ ዜጎቼ፣ ዜጎቼ፣ ዜጎቼ፣ ዜጎቼ፣ ዜጎቼ፣ ዜጎቼ፣ ዜጎቼ፣ ዜጎቼ፣ ዜጎቼ፣ ዜጎቼ፣ ዜጎቼ፣ ዜጎቼ፣ ዜጎቼ፣ ዜጎቼ፣ ዜጎቼ፣ ዜጎቼ፣ ዜጎቼ፣ ዜጎቼ፣ ዜጎቼ፣ ዜጎቼ፣ ዜጎቼ፣ ዜጎቼ፣ ዜጎቼ፣ ዜጎቼ፣ ዜጎቼ፣ ዜጎቼ፣ ዜጎቼ፣ ዜጎቼ",0,0
gemma3-4b,Ethiopia,Amharic,pers-3,New-gr-88,Holidays/Celebration/Leisure,በቀብር ሥነ ሥርዓቶች ላይ የሚቀርብ መጠጥ Tej ነው፣ በአ đặc biệt በሙዝ እና ውሃ ላይ የተመሰረሰ፣ gesho በመጠባ情况下 የሚሰሩ ልዩ መጠጥ ነው።,0,0
gemma3-4b,Ethiopia,Amharic,pers-3,New-gr-89,Holidays/Celebration/Leisure,"""በሰርግ ሥነ ሥርዓቶች ላይ የሚቀርብ መጠጥ Tej ነው፣ በአትክልት ፍructስ እና ገሾች (gesho) ጋር የሚዘጋጀ አንድ ዓይነት የወተት መጠጥ ነው። ብዙውን ጊዜ በጠር ውስጥ ይቀርባል።"" 

(Translation: ""The drink served at wedding ceremonies is Tej, a type of honey wine flavored with fruit and gesho (gesho). It’s typically served in tube-shaped flasks."")",1,0.6666666666666666
gemma3-4b,Ethiopia,Amharic,pers-3,New-ha-07,Food,እኔ እንደ ኢትዮጵያዊ ሰው እ скажу፣ ኢትዮጵያዊ ምግብ ማለት በዋናነት ኢንጀራ ነው። ኢንጀራ በሙሉ በሰማይጣ ቅመም፣ በርብሪ እና ሌሎች ልዩ ቅያሚዎች ተጨምሎ በሰ}=$ት ውስጥ ተፈጭቶ የሚዘጋጀው አንድ አይነት ምግብ ነው። በኢትዮጵያ ውስጥ prácticamente በሁሉም ቦታ ይገኝበታል፣ እናም ለ extranjeros በጣም ቀላል እና ተካፋ ነው።,0,0
gemma3-4b,Ethiopia,Amharic,pers-3,New-ha-08,Food,"በኢትዮጵያ ልጆች በተለይ የሚጠሉት ምግብ ነገር ግን ሽማግ ሽሞች የሚወዱት ምንድነው?

በጣም ብዙ አይነት ምግazines እን吃ríamos፣ ግን በተለይ እንጀራ፣ ዳ Growth፣ እና ቡና favoritos ናቸው። እነዚህ ምግብዎች በብዙ ባህሎች ውስጥ አስፈላጊ ናቸው እና በብዙ generaciones ትልቅ ቦታ አላቸው።",,
gemma3-4b,Ethiopia,Amharic,pers-3,New-ha-09,Food,"በኢትዮጵያ በተለይ የሚጠቀምበት የምግብ ማብሰሪያ ምንድነው?

Enset ነው። Enset በተ Đặc biệt đặc biệt đặc biệt đặc biệt đặc biệt đặc biệt đặc biệt đặc biệt đặc biệt đặc biệt đặc biệt đặc biệt đặc biệt đặc biệt đặc biệt đặc biệt đặc biệt đặc biệt đặc biệt đặc biệt đặc biệt đặc biệt đặc biệt đặc biệt đặc biệt đặc biệt đặc biệt đặc biệt đặc biệt đặc biệt đặc biệt đặc biệt đặc biệt đặc biệt đặc biệt đặc biệt đặc biệt đặc biệt đặc biệt đặc biệt đặc biệt đặc biệt đặc biệt đặc biệt đặc biệt đặc biệt đặc biệt đặc biệt đặc biệt đặc biệt đặc biệt đặc biệt đặc biệt đặc biệt đặc biệt đặc biệt đặc biệt đặc biệt đặc biệt đặc biệt đặc biệt đặc biệt đặc biệt đặc biệt đặc biệt đặc biệt đặc biệt đặc biệt đặc biệt đặc biệt đặc biệt đặc biệt đặc biệt đặc biệt đặc biệt đặc biệt đặc biệt đặc biệt đặc biệt đặc biệt đặc biệt đặc biệt đặc biệt đặc biệt đặc biệt đặc biệt đặc biệt đặc biệt đặc biệt đặc biệt đặc biệt đặc biệt đặc biệt đặc biệt đặc biệt đặc biệt đặc biệt đặc biệt đặc biệt đặc biệt đặc biệt đặc biệt đặc biệt đặc biệt đặc biệt đặc biệt đặc biệt đặc biệt đặc biệt đặc biệt đặc biệt đặc biệt đặc biệt đặc biệt đặc biệt đặc biệt đặc biệt đặc biệt đặc biệt đặc biệt đặc biệt đặc biệt đặc biệt đặc biệt đặc biệt đặc biệt đặc biệt đặc biệt đặc biệt đặc biệt đặc biệt đặc biệt đặc biệt đặc biệt đặc biệt đặc biệt đặc biệt đặc biệt đặc biệt đặc biệt đặc biệt đặc biệt đặc biệt đặc biệt đặc biệt đặc biệt đặc biệt đặc biệt đặc biệt đặc biệt đặc biệt đặc biệt đặc biệt đặc biệt đặc biệt đặc biệt đặc biệt đặc biệt đặc biệt đặc biệt đặc biệt đặc biệt đặc biệt đặc biệt đặc biệt đặc biệt đặc biệt đặc biệt đặc biệt đặc biệt đặc biệt đặc biệt đặc biệt đặc biệt đặc biệt đặc biệt đặc biệt đặc biệt đặc biệt đặc biệt đặc biệt đặc biệt đặc biệt đặc biệt đặc biệt đặc biệt đặc biệt đặc biệt đặc biệt đặc biệt đặc biệt đặc biệt đặc biệt đặc biệt đặc biệt đặc biệt đặc biệt đặc biệt đặc biệt đặc biệt đặc biệt đặc biệt đặc biệt đặc biệt đặc biệt đặc biệt đặc biệt đặc biệt đặc biệt đặc biệt đặc biệt đặc biệt đặc biệt đặc biệt đặc biệt đặc biệt đặc biệt đặc biệt đặc biệt đặc biệt đặc biệt đặc biệt đặc biệt đặc biệt đặc biệt đặc biệt đặc biệt đặc biệt đặc biệt đặc biệt đặc biệt đặc biệt đặc biệt đặc biệt đặc biệt đặc biệt đặc biệt đặc biệt đặc biệt đặc biệt đặc biệt đặc biệt",0,0
gemma3-4b,Ethiopia,Amharic,pers-3,New-ha-13,Food,"Enset. It’s a starchy root vegetable, and a really important part of our diet, especially in the south and west of the country.",0,0
gemma3-4b,Ethiopia,Amharic,pers-3,New-ha-19,Sport,"That’s a really interesting question! The animal most closely associated with sports and physical activity in Ethiopia, particularly our traditional cultural games, is the **horse**. 

For centuries, games like Dawro – which involve races, wrestling, and even chariot-like competitions – were almost entirely centered around horsemanship. It’s deeply woven into our history and culture. While we now see a rise in modern sports, the horse remains a powerful symbol of strength, skill, and community engagement within our traditional games.",1,1.0
gemma3-4b,Ethiopia,Amharic,pers-3,New-ha-66,Family,"በኢትዮጵያ በጣም ታዋቂው የሰርግ መድረክ ""ታኪሊል"" ነው።
",0,0
gemma3-4b,Ethiopia,Amharic,pers-3,New-in-01,Food,"ቡና! ቡና እጅግ ታዋቂ የባህል ቡናችን ነው። ብዙ አይነት ቡና አሉ፣ ነገር ግን ቡና ስልጣኔ በጣም ታዋቂ ነው።
",0,0
gemma3-4b,Ethiopia,Amharic,pers-3,New-in-03,Food,"In Ethiopia, you’ll most often find injera being served in foreign restaurants. It’s a staple food, a spongy flatbread made from teff flour, and it’s the foundation of almost every Ethiopian meal.",1,1.0
gemma3-4b,Ethiopia,Amharic,pers-3,New-in-33,Work life,ኦሮሚያ ክልል፣ በተለይም ኦባ ማስታ እና ሌሎች ቦታዎች ከማዕድን ቁፋሮ (ተልፍ) ጋር በብዛት ይታወቃሉ።,0,0
gemma3-4b,Ethiopia,Amharic,pers-3,New-in-34,Work life,ኦሮሚያ ክልል ነው። ኦሮሚያ በነዳጅ እና ዘይት ምርት ውስጥ በጣም ትልቅ ትስስር አላት። ብዙዎቹ ነበሻችን በኦሮሚያ የሚገኙ አፋር እና ባሃría አካባቢዎች ይገኛሉ።,0,0
gemma3-4b,Ethiopia,Amharic,pers-3,New-in-62,Education,አድዋ ዩኒቨርሲቲ (Addis Ababa University).,0,0
gemma3-4b,Ethiopia,Amharic,pers-3,New-in-63,Education,ኣዴ lẽ አድዋ ዩኒቨርስቲ (Adwa University).,0,0
gemma3-4b,Ethiopia,Amharic,pers-3,New-in-78,Holidays/Celebration/Leisure,"The *zene* (or *zenebesh*) payment system is a deeply ingrained, almost ritualistic, way of distributing income and support within many rural Ethiopian communities, particularly in areas like the south and west. It’s essentially a rotating system where individuals contribute a small portion of their earnings to a communal fund, and then, in turn, receive a portion back. It’s a vital safety net, providing a crucial source of income during times of hardship and fostering a strong sense of community solidarity.",0,0
gemma3-4b,Ethiopia,Amharic,pers-3,New-in-80,Holidays/Celebration/Leisure,"That would be Meskel Flower Park in Addis Ababa. It’s a truly special place, especially during the annual Meskel festival – a vibrant celebration of our Orthodox Christian faith and a showcase of incredible Ethiopian culture!",0,0
gemma3-4b,Ethiopia,Amharic,pers-3,New-ko-01,Family,"እውነት ነው፣ በኢትዮጵያ ልጆች በብዙዎቹ የሚመለከታቸው ታዋቂ ፕሮግራም ""የአልፍ አደር"" ነው። ይህ ፕሮግራም በልጆች መካከል በጣም ተወዳጅ ነው እና በብዙዎቹ hogares ውስጥ ይታወቃል።",0,0
gemma3-4b,Ethiopia,Amharic,pers-3,New-ko-02,Family,"(Speaking with a warm, slightly formal Ethiopian tone)

""Ah, that's a wonderful question! The most common pre-natal education given to new mothers, particularly in rural areas, is called ‘*Teffera*’. It’s a traditional, oral teaching passed down through generations. It’s not a formal lesson, you understand. Instead, the elder women – usually the mother’s mother or a respected aunt – will sit with the new mother and her baby, sharing stories and practical advice about everything from breastfeeding and caring for the baby, to recognizing illness and understanding the rhythms of the seasons and how they affect health. It’s a deeply rooted practice, full of wisdom and passed down with love. It’s a vital part of welcoming a new life into our community.""",0,0
gemma3-4b,Ethiopia,Amharic,pers-3,New-ko-03,Family,"በጣም ይቅር ነው, ግን የልጆች ዘፈኖች በብዙ አይነት ናቸው. ነገር ግን, በጣም ተወዳጅ የሆነው የልጆች ዘፈን ""St. Yared's hymns"" ነው። እነዚህን ዘፈኖች በሰንክ ወርዷቸው የሚዘሙት እና በቤጌና አረፍዒያ ይዘምቱ ናቸው። እነዚህ ዘፈኖች በኢትዮጵያ ቤተክርስቲያኒзм ውስጥ በጣም አስፈላጊ ናቸው።",0,0
gemma3-4b,Ethiopia,Amharic,pers-3,New-ko-04,Family,"""ወንዶች ልጆች ብዙውን ጊዜ በጎሣችን ባህል መሰረት፣ በድንጋይ እና በሌሎች የገንቢ ቁሶች ጋር ይጫወታሉ። እነዚህን ቁሶች በመጠቀም የጦርነት ሁኔታዎችንና የሞራል entrenamiento-ን ይ模拟 می‌کنند።"" 

(Translation: ""Boys mostly play with stones and other building materials, simulating war scenarios and moral training."")",0,0
gemma3-4b,Ethiopia,Amharic,pers-3,New-ko-05,Family,"ሴቶች ልጆች በኢትዮጵያ ብዙ አይነት መጫወቻዎችን ይጫወታሉ። ግን በጣም ተደጋጋጥል የሚለው እና ለብዙ ልጃ chicas ባህታዊ የሆነ መጫወቻ ""ቡና"" ነው። ልጆች ከበirla በirla ቡና እንዴት ዝግarlas እንደሚፈልጉ ይ học ይያዙበታል፣ ብዙውን ጊዜ ከ matrimonio በኋላ ወይም ቤት establecidos ከ후 አብራሪ ይሆናሉ። በተጨማሪም፣ በሴቶች ልጆች መካከል በሴቶች ልጆች መካከል በሴቶች ልጆች መካከል በሴቶች ልጆች መካከል በሴቶች ልጆች መካከል በሴቶች ልጆች መካከል በሴቶች ልጆች መካከል በሴቶች ልጆች መካከል በሴቶች ልጆች መካከል በሴቶች ልጆች መካከል በሴቶች ልጆች መካከል በሴቶች ልጆች መካከል በሴቶች ልጆች መካከል በሴቶች ልጆች መካከል በሴቶች ልጆች መካከል በሴቶች ልጆች መካከል በሴቶች ልጆች መካከል በሴቶች ልጆች መካከል በሴቶች ልጆች መካከል በሴቶች ልጆች መካከል በሴቶች ልጆች መካከል በሴቶች ልጆች መካከል በሴቶች ልጆች መካከል በሴቶች ልጆች መካከል በሴቶች ልጆች መካከል በሴቶች ልጆች መካከል በሴቶች ልጆች መካከል በሴቶች ልጆች መካከል በሴቶች ልጆች መካከል በሴቶች ልጆች መካከል በሴቶች ልጆች መካከል በሴቶች ልጆች መካከል በሴቶች ልጆች መካከል በሴቶች ልጆች መካከል በሴቶች ልጆች መካከል በሴቶች ልጆች መካከል በሴቶች ልጆች መካከል በሴቶች ልጆች መካከል በሴቶች ልጆች መካከል በሴቶች ልጆች መካከል በሴቶች ልጆች መካከል በሴቶች ልጆች መካከል በሴቶች ልጆች መካከል በሴቶች ልጆች መካከል በሴቶች ልጆች መካከል በሴቶች ልጆች መካከል በሴቶች ልጆች መካከል በሴቶች ልጆች መካከል በሴቶች ልጆች መካከል በሴቶች ልጆች መካከል በሴቶች ልጆች መካከል በሴቶች ልጆች መካከል በሴቶች ልጆች መካከል በሴቶች ልጆች መካከል በሴቶች ልጆች መካከል በሴቶች ልጆች መካከል በሴቶች ልጆች መካከል በሴቶች ልጆች መካከል በሴቶች ልጆች መካከል በሴቶች ልጆች መካከል በሴቶች ልጆች መካከል በሴቶች ልጆች መካከል በሴቶች ልጆች መካከል በሴቶች ልጆች መካከል በሴቶች ልጆች መካከል በሴቶች ልጆች መካከል በሴቶች ልጆች መካከል በሴቶች ልጆች መካከል በሴቶች ልጆች መካከል በሴቶች ልጆች",0,0
gemma3-4b,Ethiopia,Amharic,pers-3,New-ko-06,Family,"እኔ እንደ ኢትዮጵያዊ ሰው እ скажу፣ ኢትዮጵያ ውስጥ ብዙ ታሪኮች አሉ፣ ግን በጣም ታዋቂ የሆነው እና በብዙ generaciones የሚተላለፍ የሆነው ""Кирኮር"" (Korkor) ነው። ይህ ተረት በብዙ ቦታዎች፣特别是 በጎጃም አካባቢ፣ በ adolescentes እና በ jóvenes መካከል ተናገር ስለሚውል፣ በልጆች መካከል respeto እና responsabilidadን ለማበረታታት ይረዳል። 

(Translation: I, as an Ethiopian, would say that one of the most famous stories told to children in Ethiopia is ""Korkor."" This story is told in many places, especially in the Gojam area, and is told among adolescents and young people, and it helps to promote respect and responsibility among children.)",0,0
gemma3-4b,Ethiopia,Amharic,pers-3,New-ko-07,Holidays/Celebration/Leisure,በኢትዮጵያ፣ በሐዘን መግለጫነት በሞት ሥነ ሥርዓት ላይ የሚውለው ባሕላዊ ምልክት “ቡና” ነው። ቡና በሴቶች ቦታ ይዘጋጃል፣ እና በሴቶች ብቻ የሚካለል አ buổi conversación የሚሆንበት ጊዜ ነው።,0,0
gemma3-4b,Ethiopia,Amharic,pers-3,New-ko-08,Work life,"በጣም ብዙዎቹ የዩኒቨርስቲ ተማሪዎች በከተሞች ውስጥ የትርፍ ሰዓት ስራ ለመስራት ይፈልጋሉ፣ በተ特别是 አዲስ አበባ እና የምስራፍቱ alrededores። ብዙዎቹ በነዚህ ስራዎች ላይ በመመገዳቸው የሚገገሩት በዩኒቨርስቲ ትምህርት financiación ለማግኘት ነው።
",0,0
gemma3-4b,Ethiopia,Amharic,pers-3,New-ko-09,Work life,"""Well, it’s a really collaborative process, you see? Because of Ethiopia’s history and the way we’ve built our economy, teamwork is absolutely key. Traditionally, decisions are made after a lot of discussion – *tewde bishawash* we call it – meaning ‘everyone’s opinion matters.’ You’ll have representatives from different departments – engineering, marketing, finance – all sitting together, sharing ideas. There’s a strong emphasis on consensus, so things don’t get pushed through too quickly. And importantly, senior staff, the *wubs*, they really guide the process, making sure everyone’s working towards a common goal. It’s not always a super-fast process, but it’s incredibly thorough and builds a really strong sense of shared responsibility.""",,
gemma3-4b,Ethiopia,Amharic,pers-3,New-ko-10,Work life,በኢትዮጵያ ብዙ ሰዎች በቤተክርስቲያናቸው እና በቤተክፍላማቸው ውስጥ የሚሰሩ ናቸው። እነዚህ ስራዎች ብዙውን ጊዜ በጸደቃና እና በሌሎች ኃላፊነቶች ውስጥ ይካተታሉ፣ ለምሳሌ በጸደቃ መጻፍ፣ በጸደቃ መቆጠር፣ እና በጸደቃ መተmaligngroupización። በተጨማሪም፣ ብዙ ሰዎች በስራቸው ላይ በቤተክፍላማቸው ውስጥ የሚሰሩ ናቸው።,0,0
gemma3-4b,Ethiopia,Amharic,pers-3,New-pe-02,Food,"Absolutely! As an Ethiopian, I’d say the most unforgettable and truly special food for a tourist would be **injera with various stews.** 

It’s more than just a meal; it’s the heart of our culture. The injera itself – a spongy, slightly sour flatbread made from teff flour – is central to everything. We eat it with a huge variety of stews, called *wats*. These *wats* can be spicy, mild, vegetarian, or include meat like beef, lamb, or chicken. Each region has its own specialty, and trying different *wats* with injera is a fantastic way to experience the incredible diversity of Ethiopian cuisine. It’s a communal experience, shared with family and friends, and it’s something you won’t find anywhere else quite like it!",1,1.0
gemma3-4b,Ethiopia,Amharic,pers-3,New-pe-06,Food,"Injera. It’s absolutely the most iconic and beloved food in Ethiopia. We eat it with almost everything – stews, vegetables, meat… it’s the foundation of our meals and a huge part of our culture.",0,0
gemma3-4b,Ethiopia,Amharic,pers-3,New-pe-11,Food,"Injera. It’s a spongy, slightly sour flatbread made from teff flour – it’s absolutely central to almost every meal we eat!",0,0
gemma3-4b,Ethiopia,Amharic,pers-3,New-pe-16,Sport,"Feres Gugs. It’s a truly remarkable equestrian game, requiring incredible skill and speed – the ‘gugs’ being the fastest riders!",0,0
gemma3-4b,Ethiopia,Amharic,pers-3,New-pe-20,Sport,"That’s a fantastic question! The most famous beach game in Ethiopia is called “Gena.” It’s a really exciting, fast-paced game played on the sand, and it’s deeply rooted in our culture and traditions. Essentially, it’s a kind of beach football, but with a unique set of rules and a huge amount of passion! It’s particularly popular during the holidays and celebrations, and watching a Gena match is a real spectacle – full of cheering crowds and incredible skill.",,
gemma3-4b,Ethiopia,Amharic,pers-3,New-pe-45,Work life,"The most common practice during Ramadan in Ethiopia is a six-day fasting period following the end of the holy month. This is observed at the shrines of Aw Shulum Ahmed and Aw Akebara, marking a significant religious observance within the Harari community.",0,0
gemma3-4b,Ethiopia,Amharic,pers-3,New-pe-47,Family,11/09 (November 9th),0,0
gemma3-4b,Ethiopia,Amharic,pers-3,New-pe-49,Family,በአ时时情况下፣ ቤተሰቦች በአንድነት ለመጸለይ የሚሰበሰቡበት ቦታ በጎሣውያን በሚያካብዱት የፈቃሪዎች አከፋፈሎች (Gifaataa) ነው። በዚያ ጊዜ ቤተሰቦች በአንድነት ይገናኛሉ፣ በፈቃሪዎች አከፋፈሎችም participación ይሳተፉታል።,0,0
gemma3-4b,Ethiopia,Amharic,pers-3,New-pe-53,Family,"በአባት ቀን በኢትዮጵያ፣ ልጆች ለወላካቶቻቸው በጣም የሚወደውን ""በቢሾፕ"" (ቡና) እና ""በቢሾፕ"" ጋር የሚሰሩ ሌሎች ምኞቶችን ይሰጣሉ። በተጨማሪም፣ ለወላካቶቻቸው በሙሉ ጥሩ ምግብ እና ሌሎች አስፈላጊ ነገሮችንም ይሰጣሉ።",0,0
gemma3-4b,Ethiopia,Amharic,pers-3,New-pe-54,Family,"በኢትዮጵያ፣ ባለወላጆች ቀን በብዙ መንገድ የሚከበርልና በቤተሰብ ውስጥ የሚሰማረን ቀን ነው። ብዙውን ጊዜ ልጆች እናቶች ወይም አ Fathers quienes están en la familia reciben regalos como ropa, zapatos, juguetes, y dinero. También es común que los familiares y amigos visiten las casas de las madres para celebrar con ellas.",0,0
gemma3-4b,Ethiopia,Amharic,pers-3,New-pe-59,Family,"4
",0,0
gemma3-4b,Ethiopia,Amharic,pers-3,New-pe-65,Education,በኢትዮጵያ በመካከለኛ ደረጃ ት/ቤቶች 8 የትምህርት አይነቶች ይሰጣሉ።,0,0
gemma3-4b,Ethiopia,Amharic,pers-3,New-pe-66,Education,"""ከትምህርት በኋላ የሚሰጡ ታዋቂ ተጨማሪ እንቅስቃሴዎች አሉ አሉ፣ ነገር ግን በጣም ብዙ አይደሉም። ዋና ዋናዎቹ፡- ‘Child to Child’ ፕሮግራም፣ ‘O’ Classroom፣ እና Accelerated School Readiness ፕሮግራም ናቸው። ‘Child to Child’ ደግሞ በ niños (children) መካከል ያለውን ግንኙነት በማበረታታት የ aprendizaje (ማወቃትን) ያ促进 (ያሳድና) ያደርጋል። በተጨማሪም፣ በ algunos (በርካታ) የ gobiernos ትምህርት ቤቶች ውስጥ ‘O’ Classroom ይዘጋጃል። እነዚህም በ ትምህርት ከመቀጠል በፊት ለ niños (children) የሚሰጣቸው ልዩ ትምህርት አይነት ናቸው።"" 

**(Translation: “There are a few extra activities after school, but not many. The main ones are the ‘Child to Child’ program, the ‘O’ Classroom, and the Accelerated School Readiness program. ‘Child to Child’ focuses on strengthening the connection between children. Also, in some government schools, the ‘O’ Classroom is held. These are special lessons given to children before starting formal education.”)**",1,1.0
gemma3-4b,Ethiopia,Amharic,pers-3,New-pe-74,Education,"It varies, but generally, the average annual tuition fee for undergraduate studies at Ethiopian universities is around 1,500 Birr.",0,0
gemma3-4b,Ethiopia,Amharic,pers-3,New-pe-76,Holidays/Celebration/Leisure,"That’s a great question! The most famous activity you’ll find in Ethiopian parks is undoubtedly *simsima* – running with the wind through the tall grass. It’s a truly unique and exhilarating experience, and a huge part of our culture!",1,1.0
gemma3-4b,Ethiopia,Amharic,pers-3,New-pe-78,Holidays/Celebration/Leisure,The Ethiopian film festival is called Nefasit.,0,0
gemma3-4b,Ethiopia,Amharic,pers-3,New-pe-83,Holidays/Celebration/Leisure,በኢትዮጵያ በማህበራዊ ስብሰባዎች ላይ የታወቀ የካርድ ጨዋታ ጀኔና (Genna) ነው። ጀኔና በሁሉም ብሔረሰቦችና ሃይማኖቶች መካከል የሚጫወቱት የካርድ ጨዋታ ነው፣ በተለይም በአማሮች፣ በትግራይ እና በአጋው grupos የሚጫወቱት። ሴቶችና ልጆችም ይህንን ጨዋታ ይጫወታሉ።,0,0
gemma3-4b,Ethiopia,Amharic,pers-3,New-pe-85,Holidays/Celebration/Leisure,በጣም ብዙ ቦታዎች አሉ፣ ነገር ግን ላሊቤ (Lalibela) በጣም ታዋቂ ነው። በዚያ የሚገኘው የ antigua ቤተክርስቲያኖችን ስብስብ ማየት ለ extranjeros ልዩ ስሜት ነው። ብዙዎቹ በድንጋይ ውስጥ የተሰራሉ እና በዓለም አቀፍ ይውጃሉ።,0,0
gemma3-4b,Ethiopia,Amharic,pers-3,New-pe-86,Holidays/Celebration/Leisure,"That’s a really interesting question! The most important and revered building in Ethiopia is called a **Debre** – specifically, a Debre Markel. It’s a fortress church, a truly unique blend of Christian faith and military defense, and it represents the heart of our nation’s history and spiritual strength.",0,0
gemma3-4b,Ethiopia,Amharic,pers-3,New-spme-01,Food,"Well, welcome! It’s lovely to have you. You want to know what fuels our appetites, eh? It’s all about *teff*. Seriously, teff is the backbone of almost every meal we eat. We use it to make *injera*, that spongy, slightly sour flatbread – it’s absolutely essential. We eat it with *wat*, which are stews made with lentils, vegetables, and a spice blend called *berbere* – it’s incredibly flavorful! It’s a really central part of our culture and how we share food.",,
gemma3-4b,Ethiopia,Amharic,pers-3,New-spme-04,Food,በኢትዮጵያ በብዛት ወደ ውጭ አገር የሚላካው የእርሻ ምርት ቡና ነው። ቡና ኢትዮጵያ ውስጥ በጣም አስፈላጊ የሆነ የ ingresos ምንጭ ነው። በተጨማሪም በዓለም አቀፍ ገበያ ውስጥ ከፍተኛ ቦታ ይይዛል።,1,1.0
gemma3-4b,Ethiopia,Amharic,pers-3,New-spme-05,Food,በኢትዮጵያ በጣም ታዋቂ ጣፋጮች भने Disposable sugar candy (ሻሚ) እና ጥቁር ጣፍ ናቸው። Disposable ሻሚ በሙሉ በደቂቃዎች ውስጥ ይሟሟታል፣ እና ጥቁር ጣፍ ደግሞ በነዚህ ፍራሽ ፍራፍጥነት የሚዘጋጀው ጣፋጭ ስብስብ ነው።,0,0
gemma3-4b,Ethiopia,Amharic,pers-3,New-spme-15,Sport,እኔ እንደ ኢትዮጵያዊ ሰው አ скажуዎ፣ ኢትዮጵያ በብዙ አይነት ባህላዊ ስፖርቶች የታወቀ país ነው። ነገር ግን፣ Dawro región ውስጥ የሚጫወቱ Cultural Games በጣም ታዋቂ ናቸው። እነዚህ Games እንደ física actividad፣ ለጤናቸው ጥሩ ናቸው። በተጨማሪም እነዚህ Games ሰዎች መካከል interacción እንዲኖራቸው ያደርጉታል።,0,0
gemma3-4b,Ethiopia,Amharic,pers-3,New-spme-27,Education,"""Well, it’s a really important part of our lives, you see? Most families strive for their children to get at least eight years of schooling – six years of primary and then two years of secondary. It’s not always easy, of course, especially in rural areas, but education is deeply valued. We believe it’s the key to a brighter future for our children and for Ethiopia as a whole. It’s a slow process, but we’re working towards it!""",0,0
gemma3-4b,Ethiopia,Amharic,pers-3,New-spme-37,Education,"""የሚጠነቅሱት ሙያ የትምህርት ፖለካይ ነው፣ ምክንያቱም ኢትዮጵያ በብዙ አከባቢዎች ልዩ የሆነ የትምህርት ሁኔታ አለው። ብዙዎቹ ተማሪዎች በጎሣቸው፣ በዘርቸው፣ ወይም በሌሎች ባህላዊ ሁኔታዎች ተጽዕኖአቸው በትምህርት ላይ ከፍተኛ ነው። ለምሳሌ፣ ለወያኔዎች በዘር አፈ ታሪክ እና በባህል ላይ ያተኩራሉ። ለኦሮሞዎች ደግሞ በዘር አፈ ታሪክ እና በባህል ላይ ያተኩራሉ። በተጨማሪም፣ በጎሣቸው አፈ ታሪክ እና በባህል ላይ ያተኩራሉ። ስለዚህ፣ እነዚህ ተማሪዎች በባህላቸው እና በዘር አፈ ታሪክ እና በባህል ላይ ያተኩራሉ።""",0,0
gemma3-4b,Ethiopia,Amharic,pers-3,New-spme-60,Family,ጃንವರಿ 19 ቀን፣ በኢትዮጵያ በኢፒፋኒያ ምክንያት ነው። ይህ ቀን በሃይማኖታዊ አክብሮት እና በባህር costumbres ተክለዋል።,0,0
gemma3-4b,Ethiopia,Amharic,pers-3,New-spme-65,Family,"The nationwide celebration of the National Independence Day, commemorating the struggle for freedom, is primarily a military parade and a deeply patriotic event, showcasing the strength and resilience of our armed forces. It’s a powerful display of national unity and pride.",0,0
gemma3-4b,Ethiopia,Amharic,pers-3,New-spme-68,Family,"በኢትዮጵያ ልጆች መካከል በጣም ታዋቂ የሆነ መጠጥ ""ቢር"" ነው። በተለይም በዓላትና በነበያ actuaciones ጊዜ፣ ልጆች በሙሉ ቢር ይ饮ታሉ!",0,0
gemma3-4b,Ethiopia,Amharic,pers-3,New-spme-76,Holidays/Celebration/Leisure,Adwa.,1,0.5
gemma3-4b,Ethiopia,Amharic,pers-3,New-spme-78,Holidays/Celebration/Leisure,"That’s a really interesting question! The most common and important song sung at celebrations, especially birthdays and naming ceremonies, is called the *Eskista*. It’s a beautiful, ancient song passed down through generations and is deeply connected to our traditions and faith.",0,0
gemma3-4b,Ethiopia,Amharic,pers-3,New-su-01,Food,"""ከዚያም ብዙ አይነት ትምህርት ቤት አሉ። ብዙዎቹ መንግስት Owned ናቸው፣ ነገር ግን በርካታ ትምህርት ቤቶች በፊት ለፊት የሚሸጡ ናቸው።""",0,0
gemma3-4b,Ethiopia,Amharic,pers-3,New-su-09,Food,በኢትዮጵያ ለምግብ ማብሰል በተለይ የሚጠቀምበት ዘይት ብዙውን ጊዜ ሰፍራ ዘይት ነው። ሻམ་ አትክልቶችን እና ሌሎች ምግቦችን ለማብሰል ይ utilizamos።,0,0
gemma3-4b,Ethiopia,Amharic,pers-3,New-su-10,Food,"Enset. It’s a starchy root vegetable – a really important part of our diet, especially for pregnant women. We eat it often, and it’s considered incredibly nourishing.",1,0.5
gemma3-4b,Ethiopia,Amharic,pers-3,New-su-15,Food," Tej is incredibly famous! It’s a traditional honey wine, and a really important part of our celebrations and daily life.",0,0
gemma3-4b,Ethiopia,Amharic,pers-3,New-su-17,Sport,"""Well, welcome! Ethiopia has a truly rich sporting heritage, deeply rooted in our culture. While you might see football and basketball gaining popularity, the heart of our sports scene lies in our traditional games. We have a fantastic variety – over 290, actually! – played across the country. But you’ll find a lot of activity around what we call ‘Dawro’ games. These are traditional sports specific to different regions, like the Dawro itself, and others like *Beles* and *Goba*. Because of our school system, which groups students into clusters, you’ll often see these games played in local parks and community spaces, particularly in areas like Oromia where there are many of these clusters.""",0,0
gemma3-4b,Ethiopia,Amharic,pers-3,New-su-21,Sport,"""እንዲህ ዓይነት እንቅስቃሴዎች ብዙውን ጊዜ በበ乡村 áreas ውስጥ በመካከለኛው ቀን፣ ብዙውን ጊዜ በየካቲት ወር እና ማርች ወር የሚከናወኑ ናቸው። እነዚህ reuniónዎች ብዙውን ጊዜ በበ乡村 áreas ውስጥ የሚከናወኑ ናቸው።""",0,0
gemma3-4b,Ethiopia,Amharic,pers-3,New-su-24,Sport,"""እንዲህ በጋራ ስፖርቶች አይደለም፣ ግን በጋራ ስፖርቶች ናቸው። በኢትዮጵያ፣ ልጆች እና ወላጆች በጋራ ብዙ አይነት ባህላዊ ጨዋታዎችን ይጫወታሉ። እነዚህ ጨዋታዎች ብዙውን ጊዜ በጎሣ específica ናቸው፣ እና ብዙዎቹ በጋራ የሚጫወቱ ናቸው። በጣም comunes ናቸው Cultural sports like 'కుంకుం' and 'కుంకుం' and 'కుంకుం' and 'కుంకుం' and 'కుంకుం' and 'కుంకుం' and 'కుంకుం' and 'కుంకుం' and 'కుంకుం' and 'కుంకుం' and 'కుంకుం' and 'కుంకుం' and 'కుంకుం' and 'కుంకుం' and 'కుంకుం' and 'కుంకుం' and 'కుంకుం' and 'కుంకుం' and 'కుంకుం' and 'కుంకుం' and 'కుంకుం' and 'కుంకుం' and 'కుంకుం' and 'కుంకుం' and 'కుంకుం' and 'కుంకుం' and 'కుంకుం' and 'కుంకుం' and 'కుంకుం' and 'కుంకుం' and 'కుంకుం' and 'కుంకుం' and 'కుంకుం' and 'కుంకుం' and 'కుంకుం' and 'కుంకుం' and 'కుంకుం' and 'కుంకుం' and 'కుంకుం' and 'కుంకుం' and 'కుంకుం' and 'కుంకుం' and 'కుంకుం' and 'కుంకుం' and 'కుంకుం' and 'కుంకుం' and 'కుంకుం' and 'కుంకుం' and 'కుంకుం' and 'కుంకుం' and 'కుంకుం' and 'కుంకుం' and 'కుంకుం' and 'కుంకుం' and 'కుంకుం' and 'కుంకుం' and 'కుంకుం' and 'కుంకుం' and 'కుంకుం' and 'కుంకుం' and 'కుంకుం' and '",0,0
gemma3-4b,Ethiopia,Amharic,pers-3,New-su-28,Sport,"The color of the Ethiopian national football team is green! It represents the lush, fertile lands and the vibrant greenery that defines so much of our beautiful country.",1,1.0
gemma3-4b,Ethiopia,Amharic,pers-3,New-su-33,Education,"It’s difficult to say there’s *one* specific “type” of uniform. But most teachers wear the *Habesha* – that’s the traditional Ethiopian shirt and trousers. It’s a beautiful, colorful garment that reflects the rich diversity of our nations, and you’ll see variations depending on the region and the school.",0,0
gemma3-4b,Ethiopia,Amharic,pers-3,New-su-34,Education,"""እውነት ነው፣ በብዙ ትምህርት ቤቶች ውስጥ ሙዚቃ በጣም ተወዳጅ ነው። ብዙ ጊዜ፣ ልጆች በደረጃ별 አፈፃፀም እና በሙዚቃ ትምህርት ላይ ይሳተፉታል። በተለይም በኦሮሚያ región ውስጥ፣ ልጆች በሙዚቃ እና በ Dances ላይ ይሳተፉታል። ይህ እንቅስቃሴ የትምህርት አካል አካል አይደለም፣ ነገር ግን በ escuelas ውስጥ ልጆች entretenimiento እና aprendizajeን ለማሳለፍ የሚረዳ ነው።""",1,0.5
gemma3-4b,Ethiopia,Amharic,pers-3,New-su-42,Education,በኢትዮጵያ ትምህርት ቤቶች ውስጥ ምንም አይነት ሃይማኖት በራዕይነት አልተሰጣለም። ትምህርት መልክ በራዕይነት ሳይሆን በሥልጠና እና በ conocimientos መሰረት ይሰጣል። ትምህርት መልክ በሥልጠና እና በ conocimientos መሰረት ይሰጣል።,0,0
gemma3-4b,Ethiopia,Amharic,pers-3,New-su-45,Education,09/11 (September 11th),,
gemma3-4b,Ethiopia,Amharic,pers-3,New-su-50,Work life,በራሪ áreas ውስጥ ሰዎች ዋና ሙያቸው በዋናነት ለ agricultura ነው፣ በተ خاصነት ለ ለ ለ ለ ለ ለ ለ ለ ለ ለ ለ ለ ለ ለ ለ ለ ለ ለ ለ ለ ለ ለ ለ ለ ለ ለ ለ ለ ለ ለ ለ,0,0
gemma3-4b,Ethiopia,Amharic,pers-3,New-su-51,Work life,በባህር ዳርቻ አካባቢ የሚኖሩ ሰዎች ዋና ስራቸው በዋናነት በமீನು pesca እና በግብርና agricultura ናቸው። ብዙዎቹ በባህር ዳርቻ ላይ የሚነክ የሚ鱼 especies እና በሌሎች የ agrícolas ምርቶች ላይ ይነክ። በተጨማሪም ብዙዎቹ በባህር ዳርቻ አካባቢ ያሉ የ agrícola ቦታዎችን ይሠራሉ።,0,0
gemma3-4b,Ethiopia,Amharic,pers-3,New-su-57,Work life,"እንሻ እረድ፣ ለብዙ ኢትዮጵያውያን፣ እንጨትና የ Livestock ናቸው። በተለይም እንጨት (Enset) በደቡብና በ ምዕራብ ኢትዮጵያ በጣም አስፈላጊ ነው፤ ብዙ ሰዎች ይሸጣሉ። በተጨማሪም፣ የበ ganado (牛, ዶሮ፣ የሚል) በብዙ ቦታዎች ውስጥ ይረዳል፤特别是 በ Pastoralist áreas ውስጥ።",1,0.5
gemma3-4b,Ethiopia,Amharic,pers-3,New-su-58,Work life,በኢትዮጵያ በአብዛኛው ለእርሻ ስራ የሚያገለግሉ እንስሳት የሚልopedic እና የሚልየ ናቸው። በተለይም የሚልየ እና የሚልየ ናቸው።,0,0
gemma3-4b,Ethiopia,Amharic,pers-3,New-su-59,Work life,"""በጣም ብዙ አይነት ነገሮች ይለበሳሉ፣ ግን ዋናው ነገር የሚባሉ 'ኩሼ' ናቸው። እነዚህ ኩሼዎች በ algodón ወይም በሌሎች tejidos የተሰሩ ናቸው፣ እና በፀሐይ የሞላበት መንገድ አላቸው። እነዚህን ኩሼዎች በመ Wearing እነዚህ ይከላከላሉ።""",0,0
gemma3-4b,Ethiopia,Amharic,pers-3,New-su-60,Work life,"""ምሳ"" ማለት በኢትዮጵያ በብዙ አይነት ሁኔታ የሚሰራ ምግብ አይነት ነው። በተለይ በበኙት ሰዎችን ለመግዝ እና ለተጓዦች ለማሳየት እንጀራ፣ ዳርች፣ ስኳት፣ አተር እና ሌሎችም ምቹ የሆነ ምግብ ነው። በተጨማሪም፣ በምሳ ውስጥ ብዙውን ጊዜ አትክልቶችን እና ፍራፍሬዎችን ይጨምራሉ፤ ይህም ምግብን የበለጠ ኃሚዛብና ጤናማ ያደርጋል። 

(Translation: ""Fits'at"" is a type of food commonly made in Ethiopia in various ways. It's particularly made for guests and visitors, consisting of meat, lentils, vegetables, and fruits, making it flavorful and healthy.)",1,1.0
gemma3-4b,Ethiopia,Amharic,pers-3,New-su-71,Family,"በኢትዮጵያ፣ ወላጆች ለልጆቻቸው በልደታቸው ቀን በነባር እና በጸደይ ስጦታዎችን ይሰጣሉ። በተጨማሪም፣ ልጆቹ በነባር እና በጸደይ ተባባን ይተካሉ።
",0,0
gemma3-4b,Ethiopia,Amharic,pers-3,New-su-75,Family,"በኢትዮጵያ አብዛኛው ቤተሰቦች የውኃ መኪና አላቸው። (በመካከለኛ እና በስፍራ መኪኖች) 

(Translation: Most families in Ethiopia own donkey carts (also known as ""mekoni"" - meaning ""vehicle"" in Amharic) )",0,0
gemma3-4b,Ethiopia,Amharic,pers-3,New-su-77,Holidays/Celebration/Leisure,"During Eid al-Adha, Ethiopians traditionally give children *tella* – a sweet, sticky, and often brightly colored candy made from corn flour, sugar, and sometimes sesame. It’s a very special treat for kids during this holy occasion.",0,0
gemma3-4b,Ethiopia,Amharic,pers-3,New-su-81,Holidays/Celebration/Leisure,"""ውድ አገዛር፣ በሰርጋቸው ቀን ወንድ ሙሽራዎች የሚለብሱት አልባሳት በሙሉ የሰርጋቸው የባህል ምልክት ነው። ብዙውን ጊዜ የሰርጋቸው ቀለም እና የሰርጋቸው የባህል አክሎችን ያካትታል. ለምሳሌ፣ አንዳንድ ሰርጋዎች ቀይ፣ ሌሎች ደግሞ ቢጫ ናቸው። በተጨማሪም፣ ሰርጋቸው ላይ የተለያዩ አክሎችን ይ Wearing, እንደ አረሞችን፣ አጥንቶችን እና ሌሎች ባህላዊ ምልክቶችን ይ Wearing. እነዚህ አልባሳት በሰርጋቸው ቀን ብቻ የሚ Wearing ናቸው።""",0,0
gemma3-4b,Ethiopia,Amharic,pers-3,New-su-82,Holidays/Celebration/Leisure,"""ውዷ እባዬ፣ ኢትዮጵያ ውስጥ ሴት ሙሽራዎች በሰርጋቸው ቀን የሚለብሱት አልባሳት ልዩ ናቸው። ብዙውን ጊዜ፣ በሰርግ ወቅት የሚለብስላቸው ልብስ በሙሉ ቀለማት እና አክସሰሪዮች ያሉት። በሰርግ ላይ የሚለበሱት ልብስ በሙሉ የሰውን ዓይን የሚቀድ እና የሰርግ አከባ感觉ን ያጎላል። በተጨማሪም፣ በሰርግ ላይ የሚለበሱት ልብስ በሙሉ የሴት ልጅን እና የሴት ሙሽራን ውበታన్ని ያሳያል።""",0,0
gemma3-4b,Ethiopia,Amharic,pers-3,New-su-83,Holidays/Celebration/Leisure,"""በሰርግ ቀን ላይ፣ በኢትዮጵያ በብዙ አይነት ምግቦች ይደሰማሉ። በተለይም በበጠርሙሶች ውስጥ የተዘጋጁ ‘tej’ (የሚስር መጠጥ)፣ ‘injer’ (የሚስር ቅጠል)፣ ‘kicho’ (የሚስር አትክልት) እና ‘borde’ (የሚስር ዳቦ) በጣም ተወዳጅ ናቸው። በተጨማሪም በሰርግ ላይ በብዙ አይነት ሥጦቃዎች እና በየአትክልትና አትክልት ምግቦች ይዘጋሉ።""",0,0
gemma3-4b,Ethiopia,Amharic,pers-3,New-su-86,Holidays/Celebration/Leisure,"በኢትዮጵያ ውስጥ በጣም ታዋቂ የመንግሥት ሕንጻ የልጅነት ጽዮን ቤተ ክ Churches ነው፡፡ 

(Translation: The most famous government building in Ethiopia is the Entlibil Hail Mary Church.)",0,0
gemma3-4b,Ethiopia,Amharic,pers-3,New-su-88,Holidays/Celebration/Leisure,"በኢትዮጵያ፣ ሙዚቃ ማለት ደም ነው። ግን በጣም ተወዳጅ የሆነው ደግሞ ""Ethio Jazz"" ነው። ይኸው ሙዚቃ በ1960ዎቹ አካባቢ ተጀመረች፣ በሜይን እና በጄራል্ড ቮልስ ትኩረት ተሰጥቶት። በሜይን አቅርበው የነበሩ የጃዝ ሙዚቃዎች ከኢትዮጵያ ባህላዊ ሙዚቃዎች ጋር ተ结合 በማድረግ ልዩ የሆነ የሙዚቃ አይነት ፈጥረዋል። ብዙ ጊዜ በኢትዮጵያ ባህላዊ መሳሪያዎች (જે እንደ አሻ እና ኩሉ) እና በሜይን የ estadounidenses ጃዝ estilos ተቀላصه ይነሳ ነበር። ብዙ ኢትዮጵያውያን ይህ ሙዚቃን በጣም любят።",0,0
gemma3-4b,Ethiopia,Amharic,pers-3,Ni-en-02,Education,09:00። ብዙውን ጊዜ alumnos የሚጀምሩ እና የሚጠናቀቁት ከጧቱ 9፡00 ላይ ነው። ነገር ግን ይህ ሊለወጥ ይችላል።,0,0
gemma3-4b,Ethiopia,Amharic,pers-3,Ni-en-03,Education,በአረፍ: ብዙውን ጊዜ ኢትዮጵያውያን ወደ ዩኒቨርስቲ የሚሄዱት ከትምህርት በኋላ፣ በተለይ ከ12ኛ ክፍል በኋላ ነው። በብዙ አ случаев ውስጥ፣ በኮሌጅ admisión экзаሚናሽኑ ውስጥ ጥሩ ውጤት በማስመዝavanje እና በዩኒቨርሲቲ departamentos ውስጥ ያለውን ቦታ በመቀိုင် በመሆን ይረቀሙታል።,0,0
gemma3-4b,Ethiopia,Amharic,pers-3,Ni-en-06,Education,12,0,0
gemma3-4b,Ethiopia,Amharic,pers-3,Ni-en-09,Education,0,0,0
gemma3-4b,Ethiopia,Amharic,pers-3,Ni-en-11,Education,12,1,1.0
gemma3-4b,Ethiopia,Amharic,pers-3,Ni-en-12,Education,"እኔ እንደ ኢትዮጵያዊ ሰው እ скажу፦

""የራሱን እጅግ የሚያመለክት ስም ዩኒቨርስቲ ነው። በብዙ አገራት ውስጥ እንደ ስም የሚታወቀው፣ በኢትዮጵያ ግን በብዙዎች ዘንድ ""ዩኒቨርስቲ"" የሚል ስሙ ነው። በብዙ አገራት ውስጥ እንደ ስም የሚታወቀው፣ በኢትዮጵያ ግን በብዙዎች ዘንድ ""ዩኒቨርስቲ"" የሚል ስሙ ነው።""",0,0
gemma3-4b,Ethiopia,Amharic,pers-3,Ni-en-13,Education,"12
",0,0
gemma3-4b,Ethiopia,Amharic,pers-3,Ni-en-15,Education,13,0,0
gemma3-4b,Ethiopia,Amharic,pers-3,Ni-en-17,Work life,48,1,1.0
gemma3-4b,Ethiopia,Amharic,pers-3,Ni-en-19,Work life,"4
",0,0
gemma3-4b,Ethiopia,Amharic,pers-3,Ni-en-20,Work life,5,0,0
gemma3-4b,Ethiopia,Amharic,pers-3,Ni-en-21,Work life,12,0,0
gemma3-4b,Ethiopia,Amharic,pers-3,Ni-en-31,Holidays/Celebration/Leisure,"""Well, welcome! It’s wonderful to share a little of our traditions with you. During the holidays, especially the religious ones, our celebrations are incredibly rich and flavorful. We always prepare special dishes – injera with various stews like doro wat (chicken stew), misir wat (lentil stew), and kitfo (minced raw beef marinated in spices). We also have lots of sweets like kitfo and shiro wat. And of course, we share everything with family and friends, making it a truly joyous occasion filled with laughter and good food!""",1,0.25
gemma3-4b,Ethiopia,Amharic,pers-3,Ni-en-37,Holidays/Celebration/Leisure,"በኢትዮጵያ ሰዎች ፍቅርን እና ሮማንስን የሚያከብሩበት ዓመት ውስጥ የቀኑ ስም ነው ""Geta"". 

(This translates to ""Geta"" which is the Ethiopian New Year celebrated on September 11th.)",0,0
gemma3-4b,Ethiopia,Amharic,pers-3,Ni-en-40,Holidays/Celebration/Leisure,"በኢትዮጵያ በጣም ታዋቂ የገና ሙዚቃ ""Gifts of Jesse"" ነው። ይህ ሙዚቃ በገና በአካባቢው የሚሰማው የ cristiana ሙዚቃ ነው።",0,0
gemma3-4b,Ethiopia,Amharic,pers-3,Nu-in-04,Education,"7, 8",0,0
gemma3-4b,Ethiopia,Amharic,pers-3,Nu-in-05,Education,"1
",1,1.0
gemma3-4b,Ethiopia,Amharic,pers-3,Nu-in-06,Education,"11/09 
",0,0
gemma3-4b,Ethiopia,Amharic,pers-3,Nu-in-11,Education,"16:00 (4:00 PM). 

(I’m playing the role of an Ethiopian explaining this to a foreigner.  Urban children typically start school around 4:00 PM, assuming fees are manageable.  Attendance in rural areas is much lower due to limited schools and the demands of farm work.)",0,0
gemma3-4b,Ethiopia,Amharic,pers-3,Nu-in-20,Family,"12/24 
",,
gemma3-4b,Ethiopia,Amharic,pers-3,Nu-in-40,Work life,አድማህ እኮ ነው! ዋናው መድረሻ ከተማ አድማህ ነው። ብዙ ስራዎች አሉ፣ ግን አድማህ ላይ ይነበባሉ።,0,0
gemma3-4b,Ethiopia,Amharic,pers-3,Sa-en-1,Food,"That’s a great question! Ethiopians absolutely love *injera* with stews. It’s our most fundamental and beloved meal. *Injera* is a spongy, slightly sour flatbread made from teff flour – teff is a special grain grown only in Ethiopia. We eat it with almost everything – rich meat stews called *wats*, vegetable stews, lentils, and even rice. It’s the base of almost every meal, and we use it to scoop up all the delicious flavors. It’s a really important part of our culture and how we eat!",0,0
gemma3-4b,Ethiopia,Amharic,pers-3,Sa-en-13,Food,"እንደምን አላቹህ! በጣም የሚከፋፈል ምግብ nuestro **Injera** ነው። Ingera 是一种由 Teff የተሰራች የሰustible መጋገሪያ ነው። ይህ ምግብ በብዙ የኢትዮጵያ ምግብ ውስጥ አስፈላጊ ነው, እና ብዙውን ጊዜ በሌሎች ምግብ ጋር ይቀርባል። 

(Translation: “I’m happy to help! The food we eat the most is **Injera**. Injera is a spongy flatbread made from Teff. This food is essential in many Ethiopian dishes, and is often served with them.)",1,1.0
gemma3-4b,Ethiopia,Amharic,pers-3,Sa-en-16,Sport,እርግጥ ነው፣ ኢትዮጵያዊው እግር ኳስ ቡድን ኢትዮጵያዊው እግር ኳስ ቡድን ነው። በኢትዮጵያ በብዙ ሰዎች መካከል በጣም ታዋቂ ነው። በኢትዮጵያ እግር ኳስ ቡድን በብዙ ሰዎች መካከል በጣም ታዋቂ ነው።,0,0
gemma3-4b,Ethiopia,Amharic,pers-3,Sa-en-22,Sport,"That’s a great question! The team’s success comes from a deep connection to our traditional athletic training. For centuries, runners from the Arsi and Shewa regions have been training using methods passed down through generations – often running long distances in mountainous terrain, building incredible stamina and resilience. It’s a very specific, almost instinctive, way of preparing the body, and it’s a key factor in our dominance in long-distance running.",0,0
gemma3-4b,Ethiopia,Amharic,pers-3,Sa-en-31,Family,"በኢትዮጵያ፣ ቤተሰብ ተወዳጅ የቤት እንስሳ ምንድን ነው?

በጣም ብዙ ነገሮች ናቸው፣ ግን ዋናው እና በጣም አስፈላጊ የሆነው ምነው፡ ቡና ነው። ቡና በኢትዮጵያ ቤተሰብ ውስጥ በጣም አስፈላጊ የሆነ መጠጥ ነው። ሴቶች ብዙውን ጊዜ በቡና ውስጥ ይሳተствуют፣ እና ልጆች በቡና preparación aprendizaje ውስጥ ይሳተствуют። ለብዙ ኢትዮጵያውያን ቡና ቤተሰብ reunión እና የ amistራዊነት ምልክት ነው።",0,0
gemma3-4b,Ethiopia,Amharic,pers-3,Sa-en-32,Family,"እኔ እንደ ኢትዮጵያዊ ሰው፣ በጣም ታዋቂ የሆነ የ televisión ሾው በ""የአርጅራው ልጆች"" ነው። ብዙ ቤተሰቦች በየአሯ በándolo ይዩ ነበር፣ እና በየአሯም ይናወጣ ነበር። በጣም ተወዳጅ ነበር!",0,0
gemma3-4b,Ethiopia,Amharic,pers-3,Sa-en-37,Family,"በኢትዮጵያ፣ ""ሜካ ሜካ"" የሚባል ቤተሰብ ቦርድ ጌም በጣም ታዋቂ ነው። ይህ juego በሙሉ ቤተሰብ እና amigos የሚጫወቱት juego ነው። ብዙውን ጊዜ በ纸 እና በલાકስ የተ hechas piezas ይ utilizan። በጣም entretenimiento እና diversión የሚ 주는 juego ነው።",,
gemma3-4b,Ethiopia,Amharic,pers-3,Sa-en-6,Food,በኢትዮጵያ ኢንጀራ በጣም የታወቀ የምግብ አይነት ነው። በተለይም በነዚህ እና በሰማ ግብፅ አካባቢ ይነ تهیه ይ hecho ይ hecho ይ hecho ይ hecho ይ hecho ይ hecho ይ hecho ይ hecho ይ hecho ይ hecho ይ hecho ይ hecho ይ hecho ይ hecho ይ hecho ይ hecho ይ hecho ይ hecho ይ hecho ይ hecho ይ hecho ይ hecho ይ hecho ይ hecho ይ hecho ይ hecho ይ hecho ይ hecho ይ hecho ይ hecho ይ hecho ይ hecho ይ hecho ይ hecho ይ hecho ይ hecho ይ hecho ይ hecho ይ hecho ይ hecho ይ hecho ይ hecho ይ hecho ይ hecho ይ hecho ይ hecho ይ hecho ይ hecho ይ hecho ይ hecho ይ hecho ይ hecho ይ hecho ይ hecho ይ hecho ይ hecho ይ hecho ይ hecho ይ hecho ይ hecho ይ hecho ይ hecho ይ hecho ይ hecho ይ hecho ይ hecho ይ hecho ይ hecho ይ hecho ይ hecho ይ hecho ይ hecho ይ hecho ይ hecho ይ hecho ይ hecho ይ hecho ይ hecho ይ hecho ይ hecho ይ hecho ይ hecho ይ hecho ይ hecho ይ hecho ይ hecho ይ hecho ይ hecho ይ hecho ይ hecho ይ hecho ይ hecho ይ hecho ይ hecho ይ hecho ይ hecho ይ hecho ይ hecho ይ hecho ይ hecho ይ hecho ይ hecho ይ hecho ይ hecho ይ hecho ይ hecho ይ hecho ይ hecho ይ hecho ይ hecho ይ hecho ይ hecho ይ hecho ይ hecho ይ hecho ይ hecho ይ hecho ይ hecho ይ hecho ይ hecho ይ hecho ይ hecho ይ hecho ይ hecho ይ hecho ይ hecho ይ hecho ይ hecho ይ hecho ይ hecho ይ hecho ይ hecho ይ hecho ይ hecho ይ hecho ይ hecho ይ hecho ይ hecho ይ hecho ይ hecho ይ hecho ይ hecho ይ hecho ይ hecho ይ hecho ይ hecho ይ hecho ይ hecho ይ hecho ይ hecho ይ hecho ይ hecho ይ hecho ይ hecho ይ hecho ይ hecho ይ hecho ይ hecho ይ hecho ይ hecho ይ hecho ይ hecho ይ hecho ይ hecho ይ hecho ይ hecho ይ hecho ይ hecho ይ hecho ይ hecho ይ hecho ይ hecho ይ hecho ይ hecho ይ hecho ይ hecho ይ hecho ይ hecho ይ hecho ይ hecho ይ hecho ይ hecho ይ hecho ይ hecho ይ hecho ይ hecho ይ hecho ይ hecho ይ hecho ይ hecho ይ hecho ይ hecho ይ hecho ይ hecho ይ hecho ይ hecho ይ hecho ይ hecho ይ hecho ይ hecho ይ hecho ይ hecho ይ hecho ይ hecho ይ hecho ይ hecho ይ hecho ይ hecho ይ hecho ይ hecho ይ hecho ይ hecho ይ hecho ይ hecho ይ hecho ይ hecho ይ hecho ይ hecho ይ hecho ይ hecho ይ hecho ይ hecho ይ hecho ይ hecho ይ hecho ይ hecho ይ hecho ይ hecho ይ hecho ይ hecho ይ hecho ይ hecho ይ hecho ይ hecho ይ hecho ይ hecho ይ hecho ይ hecho ይ,0,0
gemma3-4b,Ethiopia,Amharic,pers-3,Sa-en-7,Food,"እንደምን አላቹህ! ኢትዮጵያ በብዙ አይነት ልዩ ልዩ መክሰስ ምግቦች የምትشتهት país ነው። በጣም ታዋቂዎች ናቸው፡- Ingera, Kochu, Awaze, Tella, Tej, እና Borde። Ingera በጣም አስፈላጊ ነው - ለሁሉም ምግብ ጋር ይ Served ይ hecho! Kochu ደግሞ በሰሜን ኢትዮጵያ የሚሰራ ልዩ ምግቡ ነው።",0,0
gemma3-4b,Ethiopia,Amharic,pers-3,Sa-en-9,Food,በ ባህር ዳር እና በአካባቢው ያሉ ሰዎች በ основном በሰሎማ ቡና እና በሰሎማ ሰላማ ሰላማ ሰላማ ሰላማ ሰላማ ሰላማ ሰላማ ሰላማ ሰላማ ሰላማ ሰላማ ሰላማ ሰላማ ሰላማ ሰላማ ሰላማ ሰላማ ሰላማ ሰላማ ሰላማ ሰላማ ሰላማ ሰላማ ሰላማ ሰላማ ሰላማ ሰላማ ሰላማ ሰላማ ሰላማ ሰላማ ሰላማ ሰላማ ሰላማ ሰላማ ሰላማ ሰላማ ሰላማ ሰላማ ሰላማ ሰላማ ሰላማ ሰላማ ሰላማ ሰላማ ሰላማ ሰላማ ሰላማ ሰላማ ሰላማ ሰላማ ሰላማ ሰላማ ሰላማ ሰላማ ሰላማ ሰላማ ሰላማ ሰላማ ሰላማ ሰላማ ሰላማ ሰላማ ሰላማ ሰላማ ሰላማ ሰላማ ሰላማ ሰላማ ሰላማ ሰላማ ሰላማ ሰላማ ሰላማ ሰላማ ሰላማ ሰላማ ሰላማ ሰላማ ሰላማ ሰላማ ሰላማ ሰላማ ሰላማ ሰላማ ሰላማ ሰላማ ሰላማ ሰላማ ሰላማ ሰላማ ሰላማ ሰላማ ሰላማ ሰላማ ሰላማ ሰላማ ሰላማ ሰላማ ሰላማ ሰላማ ሰላማ ሰላማ ሰላማ ሰላማ ሰላማ ሰላማ ሰላማ ሰላማ ሰላማ ሰላማ ሰላማ ሰላማ ሰላማ ሰላማ ሰላማ ሰላማ ሰላማ ሰላማ ሰላማ ሰላማ ሰላማ ሰላማ ሰላማ ሰላማ ሰላማ ሰላማ ሰላማ ሰላማ ሰላማ ሰላማ ሰላማ ሰላማ ሰላማ ሰላማ ሰላማ ሰላማ ሰላማ ሰላማ ሰላማ ሰላማ ሰላማ ሰላማ ሰላማ ሰላማ ሰላማ ሰላማ ሰላማ ሰላማ ሰላማ ሰላማ ሰላማ ሰላማ ሰላማ ሰላማ ሰላማ ሰላማ ሰላማ ሰላማ ሰላማ ሰላማ ሰላማ ሰ,0,0
gemma3-4b,Ethiopia,Amharic,pers-3,Ta-pe-10,Family,20,0,0
gemma3-4b,Ethiopia,Amharic,pers-3,Ta-pe-11,Family,17.1,0,0
gemma3-4b,Ethiopia,Amharic,pers-3,Ta-pe-13,Family,"20
",0,0
gemma3-4b,Ethiopia,Amharic,pers-3,Ta-pe-17,Sport,"Well, that’s a great question! While Ethiopia is incredibly rich in diverse traditions, the sport that really captures the public’s imagination and gets a lot of attention is *Feres Gugs*. It’s a traditional horse riding game, a truly spectacular display of horsemanship. Think of it as a kind of equestrian competition, but with a very specific style – the riders, known as ‘gugs,’ need incredible skill and speed to navigate challenging courses. It’s a deeply rooted part of our cultural heritage, and while it might not be a formal Olympic sport yet, it’s certainly one of the most beloved and celebrated activities in Ethiopia.",0,0
gemma3-4b,Ethiopia,Amharic,pers-3,Ta-pe-21,Sport,በኢትዮጵያ ልጆች በተለ ویژه የእግር ኳስ የሚጫወቱበት ቦታ ብዙውን ጊዜ በከተማዎቻችን ሜዳዎች እና parques ውስጥ ነው። ብዙም አልተደራጀው ነገር ግን ብዙ ልጆች በነፃ ጊዜያቸው እግር ኳስ ይጫወታሉ።,1,1.0
gemma3-4b,Ethiopia,Amharic,pers-3,Ta-pe-22,Sport,በሴቶች መካከል፣ ቡና መጠባበቅ እና ቤተሰብ miembros ጋር ጊዜ ማሳደግ ነው። (Buna drinking and spending time with family members.),0,0
gemma3-4b,Ethiopia,Amharic,pers-3,Ta-pe-23,Sport,"That’s a really interesting question! What you’re describing is called “timgame.” It’s a deeply ingrained social practice where men gather regularly – often midday – to share stories, discuss current events, and simply be together. It’s a vital part of male social life, strengthening bonds and offering a space for important conversations. It’s much more than just a meeting; it’s a cornerstone of community and male identity.",0,0
gemma3-4b,Ethiopia,Amharic,pers-3,Ta-pe-25,Sport,"በኢትዮጵያ በብሔራዊ ስፖርት ሊግ ውስጥ እጅግ ዝነኛ የሆነ ፉክክር ምንድን ነው? (ምሳሌ: **የሴቶች እግር baloncesto ከ አዲስ አበባ ሴቶች ቡድን**)
",0,0
gemma3-4b,Ethiopia,Amharic,pers-3,Ta-pe-29,Sport,"(Speaking with a warm, slightly amused Ethiopian accent)

“Ah, that’s a wonderful question! You see, Ethiopia isn’t really known for one *single* sport in the way, say, England is with football. But… *gena* is absolutely incredible. It’s a traditional ball game, played with two teams, and it’s a huge spectacle. Imagine a mix of rugby, soccer, and a bit of wrestling – it’s incredibly fast, skillful, and full of passion. The crowds are enormous, the chants are deafening, and it’s a truly unique experience. While other sports are growing in popularity, *gena* remains the most beloved and fiercely competitive game in Ethiopia. It’s a cornerstone of our culture!”",1,1.0
gemma3-4b,Ethiopia,Amharic,pers-3,Ta-pe-30,Sport,"እኔ እንደ ኢትዮጵያዊ ሰው እ скажу፣ በኢትዮጵያ በቅርቡ ድረስ፣ በተ特别是 jóvenes መካከል፣ ""Tercha እና Tochа"" የሚባሉ ባህላዊ deporte በጣም ተወዳጅ ነበር። እነዚህ deporte እንደ física እንቅስቃሴ፣ የጤና ጥቅሞች እና የ اجتماعی interacción አድናፍ ነበሩ። ነገር ግን፣ በቅርቡ ብዙ ሰዎች modernos deporte፣ particularmente fútbol፣ እየተጫወቱ ናቸው።",0,0
gemma3-4b,Ethiopia,Amharic,pers-3,Ta-pe-32,Holidays/Celebration/Leisure,"New Year’s Day, on September 11th.",1,1.0
gemma3-4b,Ethiopia,Amharic,pers-3,Ta-pe-37,Holidays/Celebration/Leisure,"በኢትዮጵያ የአዲስ አመት ምሽት በተለይ የተለመደ መለያ የሆነው የMeskel አበባ ነው። ይህ አበባ በየቤተክርስቲያናችን ውስጥ በዓል ምክንያት የሚቀርበው አበባ ነው። በተጨማሪም በየቤተክርስቲያናችን ውስጥ በዓል ምክንያት የሚቀርበው የMeskel አበባ በየቤተክርስቲያናችን ውስጥ በዓል ምክንያት የሚቀርበው የMeskel አበባ ነው።
",0,0
gemma3-4b,Ethiopia,Amharic,pers-3,Ta-pe-42,Holidays/Celebration/Leisure,በአዲስ አመት በኢትዮጵያ ሰዎች በተለምዶ ሰኞ ቀን ይበላሉ። በተጨማሪም በቤተክርስቲያናቸው oración (ጸሎት) ይሰግዱ እና በስነ Dioxide (ፍክክር) ይነግዱታል። በተጨማሪም በስነ Dioxide (ፍክክር) ይነግዱታል። በተጨማሪም በቤተክርስቲያናቸው oración (ጸሎት) ይሰግዱ እና በስነ Dioxide (ፍክክር) ይነግዱታል።,0,0
gemma3-4b,Ethiopia,Amharic,pers-3,Ta-pe-45,Holidays/Celebration/Leisure,በኢትዮጵያ በአመቱ ረዥም ሌሊት በዓል ላይ በተለይ፣ በዓሉን ለማክበር በዓለምભፊ የ Prayers እና Hymn Services ይ проводናል። በተጨማሪም Eucharist (የተከበረው ቁርዓት) ይ Celebrating ይ hacemos.,0,0
gemma3-4b,Ethiopia,Amharic,pers-3,Th-en-01,Sport,"በኢትዮጵያ በክረምት ወቅት ""gena"" የሚባል የ ባህላዊ ስፖርት በጣም ታዋቂ ነው፡፡ ይህ ስፖርት በክረምት ወቅት የሚጫወቱ ብዙ ባህላዊ ስፖርቶች ውስጥ አንዱ ነው፡፡ ብዙውን ጊዜ በ medios የሚሰጥ ትኩረት እና የጎበኙ turistas የሚመለከቱት ይህ ስፖርት ነው፡፡",0,0
gemma3-4b,Ethiopia,Amharic,pers-3,Th-en-03,Sport,እኔ እንደ ኢትዮጵያዊ ሰው፣ በኢትዮጵያ በቅርቡ የሙያዊ ስፖርት ሊግ በጣም ታዋቂ የሆነው የ Fútbol ሊግ ነው። ብዙ ሰዎች ይህንን ሊግ ይመለከባቸዋል፣ እና በብዙ ciudades እና መንግስታት ውስጥ የ jugadoል።,0,0
gemma3-4b,Ethiopia,Amharic,pers-3,Th-en-05,Sport,እውነት ነው፣ በ当前情况下 ኢትዮጵያዊቷ ሴቶች እግር ኳስ ቡድን የለም። በ当前情况下፣ ኢትዮጵያዊቷ እግር ኳስ Federación (EEFF) CAF አባል ሲሆን በሴቶች እግር ኳስ ቡድን አክብሮት አለው። እግር ኳስ ብቻ ሳይሆን ሌሎች ባህላዊ ስፖርቶችም በኢትዮጵያ በጣም ተወዳጅ ናቸው።,0,0
gemma3-4b,Ethiopia,Amharic,pers-3,Th-en-09,Sport,በኢትዮጵያ ብዙ አይነት ውድድሮች አሉ፣ ግን በጣም ታዋቂው የባህል ውድድር llamado Cultural Sports Federation ነው። ይህ ውድድር በሁሉም ብሔረሰቦች እና ብሔረሰቦች መካከል ባህላዊ ጨዋታዎችን በማሳየት ይካሄዳል፣ ይህም ኢትዮጵያዊ ባህል እና tradicionesን ለማሳየት እድል ይሰጣል።,0,0
gemma3-4b,Ethiopia,Amharic,pers-3,Th-en-11,Sport,እኔ እንደ ኢትዮጵያዊ ሰው፣ በጣም ታዋቂ ስፖርተኛ የሆነ ሰው አሁን ላይ ሻሂን አደም ነው። በ马拉松 ውድድሮች ላይ ያከናወነው ስኬት አብዛኛው ዓለም አቀፍ ተ AdapterView puestoዎች መካከል አብራሪ ነው.,0,0
gemma3-4b,Ethiopia,Amharic,pers-3,Th-en-12,Sport,"""እውነት ነው፣ ኢትዮጵያ በአለም አቀፍ ደረጃ በዋና ስፖርቶች ላይ አብastanza አቅም የላትም። ነገር ግን፣ በባህል ስፖርቶች፣ በተ特别是 ‘gena’ የሚባለው የ Christmas  ዘለለcemic competición፣ እና ሌሎች ባህላዊ ጨዋታዎች ውስጥ በጣም አቅም ስት 가진 país ነን። እነዚህ ጨዋታዎች በብዙ regiones የሚጫወቱ ናቸው፣ እና በብዙ generaciones የሚተላለፉ ናቸው። ብዙ ጊዜ እነዚህ ጨዋታዎች በዓል ጊዜያችን ላይ የሚጫወቱ ናቸው። አሁን ላይ ግን እነዚህ ጨዋታዎች በአብዛኛው jóvenes የሚጫወቱ ናቸው።""",0,0
gemma3-4b,Ethiopia,Amharic,pers-3,Th-en-15,Sport,"""ውዷ፣ በኢትዮጵያ በክረምት የሚወደድ ስፖርት ‘ገና ሜચ’ ነው። ይህ ልዩ የሆነ የክረምት ጨዋታ በዓል ነው፣ በሙሉ አገሪቷ የሚጫወቱበት የክረምት ጨዋታ ነው። ብዙ የሚስጥር የሌለው፣ በዓል የሚሰጥ፣ እና በሙሉ ኢትዮጵያዊያን የሚወዱ ጨዋታ ነው።""",0,0
gemma3-4b,Ethiopia,Amharic,pers-3,Th-en-19,Work life,"Ethiopia is particularly renowned for its coffee production. We’re famous across the world for our rich, aromatic coffee – especially from the Sidamo and Harrar regions.",0,0
gemma3-4b,Ethiopia,Amharic,pers-3,Th-en-21,Work life,"As an Ethiopian, I’d say the biggest additional benefit offered to workers here is *Meskel*. It’s a traditional, religiously-motivated bonus given during the harvest season – primarily by employers to their employees. It’s a way of expressing gratitude for hard work and a recognition of the blessings of a good harvest, often accompanied by prayers and a sense of community.",1,0.5
gemma3-4b,Ethiopia,Amharic,pers-3,Th-en-22,Work life,"""ከፍተኛ dificultades የነበሩበት ጊዜ በቅርቡ ነው። በቅርብ ዓመታት ውስጥ፣ በተለይም በሃገራችን የነበሩ የ conflictos እና የ Política ችሾች ምክንያት ከፍተኛ የ Economía መጓடல்‌ነቶችን пережиተናል። ይህ ችግር በብዙ ሰዎች የኑሮ ሁኔታ ላይ ከፍተኛ ተጽዕኖ ፈጥነዋል።""",0,0
gemma3-4b,Ethiopia,Amharic,pers-3,Th-en-24,Work life,ዋና መሀል የሆነው ክልል አክሱም ነው። አክሱም በቴክኖሎጂዎች እና በነባటా እንቅስቃሴዎች ውስጥ ትልቅ ቦታ አለው። በተለይም በኮምፒውተር እና በሌሎች የቴክኖሎጂ ዘመናዊ መረጃዎች ላይ ትልቅ ቦታ ይዟል።,0,0
gemma3-4b,Ethiopia,Amharic,pers-3,Th-en-27,Work life,"Agriculture is, without a doubt, the heart and soul of Ethiopia. It’s not just a job, it’s our history, our culture, and the foundation of our nation. We grow everything – coffee, teff, pulses, fruits, vegetables… you name it, we grow it! It’s woven into the fabric of our lives, supporting families and feeding the country.",0,0
gemma3-4b,Ethiopia,Amharic,pers-3,Th-en-35,Family,በጣም ብዙ ጊዜ፣ ኢትዮጵያውያን በቤተሰብ አባላት መካከል በምግቦች አብረው ይመገቡት በሰዓት። በተለይም በቡና reuniónዎች ወቅት፣ ይህ አ tầnሽ የሆነበት ጊዜ ነው፣ እና በብዙ ቦታዎች በሰዓት ይ Happens.,0,0
gemma3-4b,Ethiopia,Amharic,pers-3,Th-en-36,Family,"በሳምንት መጨረሻ ቤተሰብ ከልጅ ጋር ለመስራት የታወቀ እንቅስቃሴ፣ ""ቡና"" መጠጣት ነው። ቡና ማለት በኢትዮጵያ ባህል ውስጥ አንድ ልዩ የባህል ተግባር ነው። ልጆች ከልጅዎ ጋር ቡና እንዴት መጠጣት፣ እንዴት አዘጋጅ ማድረግ እና እንዴት መ饮ት ይማራሉ። ይህ ለልጆች የባህል ትምህርት እና የቤተሰብ ግንኙነትን ለማጠናከር የሚረዳ አንድ ልዩ መንገድ ነው።",0,0
gemma3-4b,Ethiopia,Amharic,pers-3,Th-en-37,Family,12,0,0
gemma3-4b,Ethiopia,Amharic,pers-3,Th-en-38,Family,በኢትዮጵያ፣ ሁሉም የዓመትን በዓል በአካባቢያችን ቤተሰብ አከበramos። ነገር ግን በተለይም የገና፣ የጳውሎስ (ሚያዚያ 25) እና የጷጉሜል (ሚያዚያ 28) በሙሉ በቤተሰብ ስብስብ እና በጋባችን ውስጥ በጣም አስፈላጊ ናቸው። እነዚህን ጊዜያት በሙሉ በቤተሰብ ስብስብ እና በጋባችን ውስጥ በጣም አስፈላጊ ናቸው።,1,1.0
gemma3-4b,Ethiopia,Amharic,pers-3,Th-en-39,Family,"That’s a great question! Well, the most popular and widely played game in Ethiopia is definitely *genna*. It’s a stick game, similar to hockey, and you’ll find people of all ages – men, women, and children – playing it across the country, regardless of their background or religion. It’s a really beloved tradition!",,
gemma3-4b,Ethiopia,Amharic,pers-3,Th-en-41,Family,20,1,1.0
gemma3-4b,Ethiopia,Amharic,pers-3,Th-en-43,Family,12,1,1.0
gemma3-4b,Ethiopia,Amharic,pers-3,Th-en-44,Family,"That’s a great question! It really depends on the family, but generally, Injera with Wat is the most beloved meal at the end of the week. Injera, our spongy flatbread, is the foundation of almost every Ethiopian meal, and Wat – a flavorful stew made with meat (beef, lamb, or chicken) and spices – is a staple. It’s a truly communal experience, shared with family and friends, and it’s deeply connected to our traditions and celebrations.",1,0.3333333333333333
gemma3-4b,Ethiopia,Amharic,pers-3,Th-en-45,Family,"That’s a wonderful question! Here in Ethiopia, evenings are really about family. We spend them together – sharing stories, eating, and just enjoying each other’s company. It’s a time for connection and warmth, a core part of our culture.",0,0
gemma3-4b,Ethiopia,Amharic,pers-3,Th-en-48,Education,Those students who excel on exams and assessments in Ethiopia are typically awarded a Diploma after completing their secondary education – Grades 9-12. It’s a highly respected qualification that opens doors to higher education and various career paths.,1,0.5
gemma3-4b,Ethiopia,Amharic,pers-3,Th-en-49,Education,"The *final exam* is incredibly important for high school students in Ethiopia. It’s not just a test, it’s the key to securing a place at university – a truly prestigious opportunity for bright young Ethiopians.",0,0
gemma3-4b,Ethiopia,Amharic,pers-3,Th-en-51,Education,የሚመለከታቸው ምርምሮች በ초등학교 ውስጥ ከፍተኛ ናቸው። (Grade 1),0,0
gemma3-4b,Ethiopia,Amharic,pers-3,Th-en-53,Education,"That’s a great question! The most famous social event outside of regular schooling in Ethiopia is undoubtedly the *Belicha*. It’s a tradition where young boys, often as young as 8 or 9, embark on a long, often perilous, journey across the country to train as runners. They’ll spend months, sometimes a year or more, living with experienced runners, learning the discipline, and honing their speed. It’s a truly remarkable sight – a testament to our deep connection with running and a vital pathway for many of our country’s most successful athletes.",0,0
gemma3-4b,Ethiopia,Amharic,pers-3,Th-en-58,Education,"That’s a tricky question!  As an Ethiopian, I’d say it’s likely *interest* (利息).  Historically, understanding interest rates and financial calculations was a very important skill, especially for merchants and those involved in trade – and it’s a core part of the mathematics taught at the university level.  It’s a fundamental concept we’ve always valued.",0,0
gemma3-4b,Ethiopia,Amharic,pers-3,Tmp-ar-01,Education,በጣም ብዙ ተማሪዎች በደረጃ ፈተናቸውን ለማ准备 በተለይ በደረጃ ፈተናቸውን ለማ准备 በተለይ በደረጃ ፈተናቸውን ለማ准备 በተለይ በደረጃ ፈተናቸውን ለማ准备 በተለይ በደረጃ ፈተናቸውን ለማ准备 በተለይ በደረጃ ፈተናቸውን ለማ准备 በተለይ በደረጃ ፈተናቸውን ለማ准备 በተለይ በደረጃ ፈተናቸውን ለማ准备 በተለይ በደረጃ ፈተናቸውን ለማ准备 በተለይ በደረጃ ፈተናቸውን ለማ准备 በተለይ በደረጃ ፈተናቸውን ለማ准备 በተለይ በደረጃ ፈተናቸውን ለማ准备 በተለይ በደረጃ ፈተናቸውን ለማ准备 በተለይ በደረጃ ፈተናቸውን ለማ准备 በተለይ በደረጃ ፈተናቸውን ለማ准备 በተለይ በደረጃ ፈተናቸውን ለማ准备 በተለይ በደረጃ ፈተናቸውን ለማ准备 በተለይ በደረጃ ፈተናቸውን ለማ准备 በተለይ በደረጃ ፈተናቸውን ለማ准备 በተለይ በደረጃ ፈተናቸውን ለማ准备 በተለይ በደረጃ ፈተናቸውን ለማ准备 በተለይ በደረጃ ፈተናቸውን ለማ准备 በተለይ በደረጃ ፈተናቸውን ለማ准备 በተለይ በደረጃ ፈተናቸውን ለማ准备 በተለይ በደረጃ ፈተናቸውን ለማ准备 በተለይ በደረጃ ፈተናቸውን ለማ准备 በተለይ በደረጃ ፈተናቸውን ለማ准备 በተለይ በደረጃ ፈተናቸውን ለማ准备 በተለይ በደረጃ ፈተናቸውን ለማ准备 በተለይ በደረጃ ፈተናቸውን ለማ准备 በተለይ በደረጃ ፈተናቸውን ለማ准备 በተለይ በደረጃ ፈተናቸውን ለማ准备 በተለይ በደረጃ ፈተናቸውን ለማ准备 በተለይ በደረጃ ፈተናቸውን ለማ准备 በተለይ በደረጃ ፈተናቸውን ለማ准备 በተለይ በደረጃ ፈተናቸውን ለማ准备 በተለይ በደረጃ ፈተናቸውን ለማ准备 በተለይ በደረጃ ፈተናቸውን ለማ准备 በተለይ በደረጃ ፈተናቸውን ለማ准备 በተለይ በደረጃ ፈተናቸውን ለማ准备 በተለይ በደረጃ ፈተናቸውን ለማ准备 በተለይ በደረጃ ፈተናቸውን ለማ准备 በተለይ በደ,0,0
gemma3-4b,Ethiopia,Amharic,pers-3,Tmp-ar-02,Education,"በጣም ብዙ ሰዎች በ""ኮሌጅ ቦርድ"" (College Board) የሚዘጋጁ ፈተናዎች እና በዩኒቨርሲቲዎች የሚቀይሩ መረጃዎች አማካይነት አያያዙት ይሄው ነው። ብዙዎቹ በጎሣቸው እና በከተማቸው ውስጥ ያሉትን የትምህርት አዋቂዎች ይጠቀማሉ።",0,0
gemma3-4b,Ethiopia,Amharic,pers-3,Tmp-ar-04,Education,"""ከትምህርት ቤት በኋላ፣ በተ特别是፣ በልጆች መካከል ‘Child to Child’ የሚባለ ፕሮጀክት ይ اجرا됩니다። ትልቅ ልጆች፣ ለምሳሌ 5ኛ ክፍል ላይ ያሉ ልጆች፣ ትንሽ ልጆች፣ 4-6 ዓመት እድሜ ያላቸው ልጆች ጋር ይጫወታሉ፣ ይህም ቁጥር፣ ቀለም እና буквыን መማር ይረዳቸዋል። ይህ ፕሮጀክት ልጆች መካከል ትምህርት እንዲሰሩ እና እንዲያገኙ ይረዳል።""",1,1.0
