model,country,language,prompt_no,ID,topic,response,score,weight
gemma3-4b,Ethiopia,Amharic,inst-4,Al-en-01,Food,"መልስ: በኢትዮጵያ ቅድመ መደበኛ ልጆች የተለመደ መክሰስ በ Kindergarten, Child to Child, እና 'O' Class ፕሮግራሞች ውስጥ ነው።
",0,0
gemma3-4b,Ethiopia,Amharic,inst-4,Al-en-02,Food,"Injera. 

**Explanation:** The provided text [2] details Ethiopian traditional fermented foods, including “tej” (honey wine), which is commonly consumed with injera.
",0,0
gemma3-4b,Ethiopia,Amharic,inst-4,Al-en-04,Food,"Injera.
",0,0
gemma3-4b,Ethiopia,Amharic,inst-4,Al-en-06,Food,"መልስ: በትምህርት ቤት መኖሪያ የተለመደ ምግብ የሚል መረጃ በሰነፍ ውስጥ አልተገኝም. ነገር ግን፣ በትምህርት ቤት መኖሪያ የሚቀርቡ ምግብ ዓይነቶች በሰነፍ ውስጥ ተዘርዝረዋል፡፡
",0,0
gemma3-4b,Ethiopia,Amharic,inst-4,Al-en-08,Food,መልስ: በኢትዮጵያ በገባያ አዳራሽ ውስጥ በተለይ የሚበሉ ምግቦች በዋናነት በገበያ አዳራሽ ውስጥ የሚገኝ የtezf ኢንjera እና በውስጡ የሚሰሩ የዋት (stew) ናቸው።,0,0
gemma3-4b,Ethiopia,Amharic,inst-4,Al-en-09,Food,"Injera
",0,0
gemma3-4b,Ethiopia,Amharic,inst-4,Al-en-16,Education,6,0,0
gemma3-4b,Ethiopia,Amharic,inst-4,Al-en-17,Education,"Based on the provided text, there is no information about sports, let alone a specific sport played after primary school in Ethiopia. 

Therefore, the answer is: **None**.
",0,0
gemma3-4b,Ethiopia,Amharic,inst-4,Al-en-18,Education,"Oromia
",0,0
gemma3-4b,Ethiopia,Amharic,inst-4,Al-en-19,Education,"The provided background information doesn't contain any details about optional second languages in Ethiopian secondary education. Therefore, I cannot answer the question based on this text. 

**Answer: Unknown** 
",0,0
gemma3-4b,Ethiopia,Amharic,inst-4,Al-en-21,Education,"መልስ: ትምህርት
",0,0
gemma3-4b,Ethiopia,Amharic,inst-4,Al-en-32,Holidays/Celebration/Leisure,"መልስ: በኢትዮጵያ ለምስጋና በዓል ዋነኛው ምግብ ኢንጀራ ነው።
",1,1.0
gemma3-4b,Ethiopia,Amharic,inst-4,Al-en-33,Holidays/Celebration/Leisure,"መልስ: በኢትዮጵያ ሃሎዊንን ለመውደም የተለያዩ አciones ይ realizan, incluyendo la participación en actuaciones ባህታዊ እና canciones, y la exhibición de ropa tradicional. (Translation: People celebrate Epiphany in Ethiopia by performing traditional dances and songs, and displaying traditional dress.)

**Explanation:**

The provided text specifically mentions the performance of traditional dances and songs, and the display of traditional dress, as key aspects of the Ethiopian Epiphany celebration.  It doesn't detail *how* people ""destroy"" it, which is a misleading interpretation of the question.",,
gemma3-4b,Ethiopia,Amharic,inst-4,Al-en-34,Holidays/Celebration/Leisure,"Based on the provided information, people in Ethiopia celebrate the New Year by commemorating it with religious festivals like Christmas, Epiphany, and Easter, and also with the New Year festival Fichee-Chambalaalla among the Sidama people. 

**Therefore, the answer is: They commemorate it with religious festivals and the Fichee-Chambalaalla festival.**",0,0
gemma3-4b,Ethiopia,Amharic,inst-4,Al-en-35,Holidays/Celebration/Leisure,"Based on the provided information, the answer is: **They celebrate religious festivals like Christmas, Epiphany, and Easter.**

The text specifically mentions these religious holidays as being widely observed in Ethiopia.
",0,0
gemma3-4b,Ethiopia,Amharic,inst-4,Al-en-36,Holidays/Celebration/Leisure,"Injera. 

**Explanation:**

The provided background information states that Ethiopia's food guide is drawn as a meskel flower, with six food groups in the petals. Injera is a key part of the Ethiopian diet and is represented within this food guide.
",,
gemma3-4b,Ethiopia,Amharic,inst-4,Al-en-37,Holidays/Celebration/Leisure,"Meskel flower (injera, kocho, awaze, tella, tej and borde). 

**Explanation:**

The provided text states that Ethiopia's food guide is drawn as a “meskel flower,” and lists several traditional fermented foods associated with the Meskel festival (which is linked to the New Year).",0,0
gemma3-4b,Ethiopia,Amharic,inst-4,Al-en-38,Holidays/Celebration/Leisure,"Injera. 

**Explanation:**

The provided background information focuses on Ethiopian dietary guidelines and traditional foods.  Specifically, [3] states that Ethiopian traditional fermented foods include injera, which is a staple food.  There is no mention of Valentine's Day or any specific foods associated with that holiday.",0,0
gemma3-4b,Ethiopia,Amharic,inst-4,Al-en-39,Holidays/Celebration/Leisure,መልስ: በኢትዮጵያ ሰዎች በልደታቸው ቀን በMeskel Flower የተ Sketches የተ Sketches የተ Sketches የተ Sketches የተ Sketches የተ Sketches የተ Sketches የተ Sketches የተ Sketches የተ Sketches የተ Sketches የተ Sketches የተ Sketches የተ Sketches የተ Sketches የተ Sketches የተ Sketches የተ Sketches የተ Sketches የተ Sketches የተ Sketches የተ Sketches የተ Sketches የተ Sketches የተ Sketches የተ Sketches የተ Sketches የተ Sketches የተ Sketches የተ Sketches የተ Sketches የተ Sketches የተ Sketches የተ Sketches የተ Sketches የተ Sketches የተ Sketches የተ Sketches የተ Sketches የተ Sketches የተ Sketches የተ Sketches የተ Sketches የተ Sketches የተ Sketches የተ Sketches የተ Sketches የተ Sketches የተ Sketches የተ Sketches የተ Sketches የተ Sketches የተ Sketches የተ Sketches የተ Sketches የተ Sketches የተ Sketches የተ Sketches የተ Sketches የተ Sketches የተ Sketches የተ Sketches የተ Sketches የተ Sketches የተ Sketches የተ Sketches የተ Sketches የተ Sketches የተ Sketches የተ Sketches የተ Sketches የተ Sketches የተ Sketches የተ Sketches የተ Sketches የተ Sketches የተ Sketches የተ Sketches የተ Sketches የተ Sketches የተ Sketches የተ Sketches የተ Sketches የተ Sketches የተ Sketches የተ Sketches የተ Sketches የተ Sketches የተ Sketches የተ Sketches የተ Sketches የተ Sketches የተ Sketches የተ Sketches የተ Sketches የተ Sketches የተ Sketches የተ Sketches የተ Sketches የተ Sketches የተ Sketches የተ Sketches የተ Sketches የተ Sketches የተ Sketches የተ Sketches የተ Sketches የተ Sketches የተ Sketches የተ Sketches የተ Sketches የተ Sketches የተ Sketches የተ Sketches የተ Sketches የተ Sketches የተ Sketches የተ Sketches የተ Sketches የተ Sketches የተ Sketches የተ Sketches የተ Sketches የተ Sketches የተ Sketches የተ Sketches የተ Sketches የተ Sketches የተ Sketches የተ Sketches የተ Sketches የተ Sketches የተ Sketches የተ Sketches የተ Sketches የተ Sketches የተ Sketches የተ Sketches የተ Sketches የተ Sketches የተ Sketches የተ Sketches የተ Sketches የተ Sketches የተ Sketches የተ Sketches የተ Sketches የተ Sketches የተ Sketches የተ Sketches የተ Sketches የተ Sketches የተ Sketches የተ Sketches የተ Sketches የተ Sketches የተ Sketches የተ Sketches የተ Sketches የተ Sketches የተ Sketches የተ Sketches የተ Sketches የተ Sketches የተ Sketches የተ Sketches የተ Sketches የተ Sketches የተ Sketches የተ Sketches የተ Sketches የተ Sketches የተ Sketches የተ Sketches የተ Sketches የተ Sketches የተ Sketches የተ Sketches የተ Sketches የተ Sketches የተ Sketches የተ Sketches የተ Sketches የተ Sketches የተ Sketches የተ Sketches የተ Sketches የተ Sketches የተ Sketches የተ Sketches የተ Sketches የተ Sketches የተ Sketches የተ Sketches የተ Sketches የተ Sketches የተ Sketches የተ Sketches የተ Sketches የተ Sketches የተ Sketches የተ Sketches የተ Sketches የተ Sketches የተ Sketches የተ Sketches የተ Sketches የተ Sketches የተ Sketches የተ Sketches የተ Sketches የተ Sketches የተ Sketches የተ Sketches የተ Sketches የተ Sketches የተ Sketches የተ Sketches የተ Sketches የተ Sketches የተ Sketches የተ Sketches የተ Sketches የተ Sketches የተ Sketches የተ Sketches የተ Sketches የተ Sketches የተ Sketches የተ Sketches የተ Sketches የተ Sketches የተ Sketches የተ Sketches የተ Sketches የተ Sketches የተ Sketches የተ Sketches የተ Sketches የተ Sketches የተ Sketches የተ Sketches የተ Sketches የተ Sketches የተ Sketches የተ Sketches,0,0
gemma3-4b,Ethiopia,Amharic,inst-4,Al-en-40,Holidays/Celebration/Leisure,መልስ: በኢትዮጵያ ቤተሰቦች ከታናሽ ልጆች ጋር ለመዝናናት የተመረጡ የውጭ ቦታዎች በጊፋታ ውስጥ ያሉ የእሳት አበጣጠimientos፣ ዘፈኖች እና የ马骑活动 ናቸው።,0,0
gemma3-4b,Ethiopia,Amharic,inst-4,Al-en-43,Holidays/Celebration/Leisure,መልስ: በጎፋታ በወላይታ ቤተሰቦች መካከል сыр የ肉 እና местный пиво comparten и получают благословение старших. (Translation: It is sharing raw meat and local beer and receiving elders' blessings among Wolaita families in Gifaataa.),,
gemma3-4b,Ethiopia,Amharic,inst-4,An-ar-02,Education,The provided text doesn't state where university students eat their meals. It focuses on university education access and school feeding programs.,0,0
gemma3-4b,Ethiopia,Amharic,inst-4,An-ar-03,Education,"12
",0,0
gemma3-4b,Ethiopia,Amharic,inst-4,An-ar-08,Education,"0
",0,0
gemma3-4b,Ethiopia,Amharic,inst-4,An-ar-09,Education,5,0,0
gemma3-4b,Ethiopia,Amharic,inst-4,An-ar-34,Sport,"Marathon running. 

**Explanation:**

The provided background information ([1], [2]) specifically details the prevalence of marathon runners within Ethiopia's national athletics team and their connection to long distances traveled to school. This strongly suggests marathon running as the prominent sport.",0,0
gemma3-4b,Ethiopia,Amharic,inst-4,An-ar-35,Sport,"Based on the provided text, it’s impossible to definitively identify a “famous sports commentator” in Ethiopia. The text only offers details about football (CECAFA, national coaches) and athletics (marathon runners from Arsi and Shewa). 

Therefore, the answer is: **It cannot be determined from the provided text.**",0,0
gemma3-4b,Ethiopia,Amharic,inst-4,An-ar-36,Sport,Marathon running,0,0
gemma3-4b,Ethiopia,Amharic,inst-4,An-ar-43,Sport,Great Ethiopian Run places,0,0
gemma3-4b,Ethiopia,Amharic,inst-4,Ca-sp-05,Food,2,1,1.0
gemma3-4b,Ethiopia,Amharic,inst-4,Ca-sp-06,Food,"Legumes (beans, lentils, etc.)",0,0
gemma3-4b,Ethiopia,Amharic,inst-4,Ca-sp-08,Food,መልስ: በኢትዮጵያ የምግብ አሰራር ላይ በተለይ የተለመዱ ንጥረ ነገሮች በሰይጣናcemic (legumes) እና በ곡물 (grains) ናቸው።,0,0
gemma3-4b,Ethiopia,Amharic,inst-4,Ca-sp-09,Food,"Based on the provided text, the answer is: **buna**. 

The text states that ""buna gatherings were at least daily and usually midday in rural areas..."" This directly indicates that Ethiopians consume ""buna"" after meals.",0,0
gemma3-4b,Ethiopia,Amharic,inst-4,Ca-sp-11,Food,"This question cannot be answered based on the provided text. The text discusses dietary guidelines, a running event, and employment statistics – none of which relate to the number of days a week families prepare meals.",0,0
gemma3-4b,Ethiopia,Amharic,inst-4,Ca-sp-14,Food,"Tej
",0,0
gemma3-4b,Ethiopia,Amharic,inst-4,Ca-sp-19,Holidays/Celebration/Leisure,"This question cannot be answered based on the provided text. The text discusses Ethiopian Epiphany, the Gifaataa festival, and the Great Ethiopian Run – none of which mention what young people drink when going to clubs.",0,0
gemma3-4b,Ethiopia,Amharic,inst-4,Ca-sp-21,Holidays/Celebration/Leisure,"11
",0,0
gemma3-4b,Ethiopia,Amharic,inst-4,Ca-sp-29,Holidays/Celebration/Leisure,መልስ: በኢትዮጵያ ሰዎች አዲስ አመት ዋዜማ አ多种 ባህሎች አሉ፣ ከነዚህም መካከል አዲስ አመት በአስጠባር 11 ቀን ጥቅምት የሚከበር ሲሆን፣ በተጨማሪም አዲስ አመት በአስጠባር 11 ቀን ጥቅምት የሚከበር ሲሆን፣ በተጨማሪም አዲስ አመት በአስጠባር 11 ቀን ጥቅምት የሚከበር ሲሆን፣ በተጨማሪም አዲስ አመት በአስጠባር 11 ቀን ጥቅምት የሚከበር ሲሆን፣ በተጨማሪም አዲስ አመት በአስጠባር 11 ቀን ጥቅምት የሚከበር ሲሆን፣ በተጨማሪም አዲስ አመት በአስጠባር 11 ቀን ጥቅምት የሚከበር ሲሆን፣ በተጨማሪም አዲስ አመት በአስጠባር 11 ቀን ጥቅምት የሚከበር ሲሆን፣ በተጨማሪም አዲስ አመት በአስጠባር 11 ቀን ጥቅምት የሚከበር ሲሆን፣ በተጨማሪም አዲስ አመት በአስጠባር 11 ቀን ጥቅምት የሚከበር ሲሆን፣ በተጨማሪም አዲስ አመት በአስጠባር 11 ቀን ጥቅምት የሚከበር ሲሆን፣ በተጨማሪም አዲስ አመት በአስጠባር 11 ቀን ጥቅምት የሚከበር ሲሆን፣ በተጨማሪም አዲስ አመት በአስጠባር 11 ቀን ጥቅምት የሚከበር ሲሆን፣ በተጨማሪም አዲስ አመት በአስጠባር 11 ቀን ጥቅምት የሚከበር ሲሆን፣ በተጨማሪም አዲስ አመት በአስጠባር 11 ቀን ጥቅምት የሚከበር ሲሆን፣ በተጨማሪም አዲስ አመት በአስጠባር 11 ቀን ጥቅምት የሚከበር ሲሆን፣ በተጨማሪም አዲስ አመት በአስጠባር 11 ቀን ጥቅምት የሚከበር ሲሆን፣ በተጨማሪም አዲስ አመት በአስጠባር 11 ቀን ጥቅምት የሚከበር ሲሆን፣ በተጨማሪም አዲስ አመት በአስጠባር 11 ቀን ጥቅምት የሚከበር ሲሆን፣ በተጨማሪም አዲስ አመት በአስጠባር 11 ቀን ጥቅምት የሚከበር ሲሆን፣ በተጨማሪም አዲስ አመት በአስጠባር 11 ቀን ጥቅምት የሚከበር ሲሆን፣ በተጨማሪም አዲስ አመት በአስጠባር 11 ቀን ጥቅምት የሚከበር ሲሆን፣ በተጨማሪም አ,0,0
gemma3-4b,Ethiopia,Amharic,inst-4,Ca-sp-38,Family,"Based on the provided information, the most likely answer is: **4.6 members**.

The background information states that according to the 2016 Demographic and Health Survey, the *average household size was 4.6 members*. This directly answers the question.
",0,0
gemma3-4b,Ethiopia,Amharic,inst-4,Ca-sp-41,Family,"Based on the provided text, the answer is: **Rural areas**

The text states: “buna gatherings were at least daily and usually midday in rural areas…” This clearly indicates that elderly Ethiopians primarily reside in rural areas.",0,0
gemma3-4b,Ethiopia,Amharic,inst-4,Ca-sp-42,Family,"12
",0,0
gemma3-4b,Ethiopia,Amharic,inst-4,Ca-sp-43,Family,"7
",0,0
gemma3-4b,Ethiopia,Amharic,inst-4,Ca-sp-45,Family,"Based on the provided information, the answer is **individual brokers**.

[3] states: “For 2024/25 emigrants, family and friends facilitated 36.2%, individual brokers 25.4%, self 23.4%, private agencies 7.0% and government 6.2%.” This directly identifies individual brokers as a facilitated route for emigrants.",0,0
gemma3-4b,Ethiopia,Amharic,inst-4,Gu-ch-05,Sport,"Based on the provided text, it’s impossible to definitively say which sport is *most* popular among “big” people (likely referring to adults) in Ethiopia. However, the text highlights the risk of modern sports displacing traditional ones like “genna” (a hockey-like stick game) which is played by men, women, and children across nationalities and religions. 

Therefore, the best answer, given the limited information, is: **genna**.
",0,0
gemma3-4b,Ethiopia,Amharic,inst-4,Gu-ch-06,Sport,"Genna (a hockey-like stick game). 

**Explanation:**

Source [1] explicitly states that genna is played by men across various nationalities and religions, including Amhara, Tigrai, and Agaw groups.",0,0
gemma3-4b,Ethiopia,Amharic,inst-4,Gu-ch-07,Sport,"Based on the provided text, there is no information about football (soccer) players in Ethiopia. The text focuses on employment rates, athletics team composition, and pastoralist education needs. 

Therefore, the answer is: **None**.
",,
gemma3-4b,Ethiopia,Amharic,inst-4,Gu-ch-08,Sport,"Saturday children’s races.
",0,0
gemma3-4b,Ethiopia,Amharic,inst-4,Gu-ch-09,Sport,"Based on the provided text, the answer is: **Genna (a hockey-like stick game)**. 

The text specifically states that “enna (a hockey-like stick game) is played across nationalities and religions, by men, women and children.”",0,0
gemma3-4b,Ethiopia,Amharic,inst-4,Gu-ch-11,Sport,"Track and field. 

**Explanation:**

The provided background information focuses on Ethiopia's dominance in running (track and field) – specifically marathons and shorter distances – and its success within the Great Ethiopian Run.  It doesn't offer any information about other sports.",1,1.0
gemma3-4b,Ethiopia,Amharic,inst-4,Gu-ch-15,Sport,"The provided text doesn't offer any information about the sports favored by male university students in Ethiopia. It focuses on cultural games, child-to-child learning, and university entrance exams. 

Therefore, the answer is: **Unknown.**
",0,0
gemma3-4b,Ethiopia,Amharic,inst-4,Gu-ch-16,Family,4.6,1,1.0
gemma3-4b,Ethiopia,Amharic,inst-4,Gu-ch-18,Family,"7
",0,0
gemma3-4b,Ethiopia,Amharic,inst-4,Gu-ch-31,Education,12,0,0
gemma3-4b,Ethiopia,Amharic,inst-4,Gu-ch-32,Education,12,0,0
gemma3-4b,Ethiopia,Amharic,inst-4,Gu-ch-33,Education,"6
",0,0
gemma3-4b,Ethiopia,Amharic,inst-4,Gu-ch-38,Education,"6
",0,0
gemma3-4b,Ethiopia,Amharic,inst-4,Gu-ch-40,Education,"09:00
",0,0
gemma3-4b,Ethiopia,Amharic,inst-4,Gu-ch-41,Education,"لا يوجد معلومات في النصوص المقدمة حول الآلات الموسيقية التي يلعبها طلاب المرحلة الابتدائية في إثيوبيا.

Therefore, the answer is: **لا يوجد معلومات.** (There is no information.)",0,0
gemma3-4b,Ethiopia,Amharic,inst-4,Ji-ko-02,Work life,"Based on the provided information, it’s impossible to determine specific days people eat organizational meals in Ethiopia. The text only details dietary guidelines and state holidays, not meal patterns. 

Therefore, the answer is: **It cannot be determined from the provided information.**",0,0
gemma3-4b,Ethiopia,Amharic,inst-4,Ji-ko-03,Work life,"The provided text doesn't contain information about the location of finance companies in Ethiopia. It focuses on demographic data (polygyny, dropout rates, employment rates) and doesn’t address the distribution of financial institutions.",0,0
gemma3-4b,Ethiopia,Amharic,inst-4,Ji-ko-07,Work life,"Based on the provided text, the answer is **private agencies**. 

The text states: “private agencies 7.0%” – indicating a significant percentage of emigrants utilized them.
",0,0
gemma3-4b,Ethiopia,Amharic,inst-4,Ji-ko-08,Work life,40,1,1.0
gemma3-4b,Ethiopia,Amharic,inst-4,Ji-ko-09,Work life,"መልስ: እንደ ሁኔታና አቅም ይበላሉ። (እንደ ሁኔታና አቅም ይበላሉ።)

**Explanation:**

The provided text (specifically [2]) states that ""in the buna ceremony, roasted barley (kolo) or popcorn is typically served, depending on the hostess's means."" This directly answers the question of what people typically eat at organizational meetings in Ethiopia.
",1,1.0
gemma3-4b,Ethiopia,Amharic,inst-4,Ji-ko-14,Work life,"The provided text doesn't contain information about Ethiopian tax officials or their products. It focuses on employment rates, enset consumption, and Epiphany celebrations. 

Therefore, I cannot answer the question based on this text.",0,0
gemma3-4b,Ethiopia,Amharic,inst-4,Ji-ko-15,Work life,2.  5,1,1.0
gemma3-4b,Ethiopia,Amharic,inst-4,Ji-ko-16,Family,"Addis Ababa
",0,0
gemma3-4b,Ethiopia,Amharic,inst-4,Ji-ko-19,Family,Meskel flower.,0,0
gemma3-4b,Ethiopia,Amharic,inst-4,Ji-ko-22,Family,መልስ: በአምስቱት መረጃ መሰረት፣ በኢትዮጵያ ሰዎች በተለይ የመጀመሪያ ደመወዛቸውን በአምስቱት መረጃ መሰረት፣ በአምስቱት መረጃ መሰረት፣ በአምስቱት መረጃ መሰረት፣ በአምስቱት መረጃ መሰረት፣ በአምስቱት መረጃ መሰረት፣ በአምስቱት መረጃ መሰረት፣ በአምስቱት መረጃ መሰረት፣ በአምስቱት መረጃ መሰረት፣ በአምስቱት መረጃ መሰረት፣ በአምስቱት መረጃ መሰረት፣ በአምስቱት መረጃ መሰረት፣ በአምስቱት መረጃ መሰረት፣ በአምስቱት መረጃ መሰረት፣ በአምስቱት መረጃ መሰረት፣ በአምስቱት መረጃ መሰረት፣ በአምስቱት መረጃ መሰረት፣ በአምስቱት መረጃ መሰረት፣ በአምስቱት መረጃ መሰረት፣ በአምስቱት መረጃ መሰረት፣ በአምስቱት መረጃ መሰረት፣ በአምስቱት መረጃ መሰረት፣ በአምስቱት መረጃ መሰረት፣ በአምስቱት መረጃ መሰረት፣ በአምስቱት መረጃ መሰረት፣ በአምስቱት መረጃ መሰረት፣ በአምስቱት መረጃ መሰረት፣ በአምስቱት መረጃ መሰረት፣ በአምስቱት መረጃ መሰረት፣ በአምስቱት መረጃ መሰረት፣ በአምስቱት መረጃ መሰረት፣ በአምስቱት መረጃ መሰረት፣ በአምስቱት መረጃ መሰረት፣ በአምስቱት መረጃ መሰረት፣ በአምስቱት መረጃ መሰረት፣ በአምስቱት መረጃ መሰረት፣ በአምስቱት መረጃ መሰረት፣ በአምስቱት መረጃ መሰረት፣ በአምስቱት መረጃ መሰረት፣ በአምስቱት መረጃ መሰረት፣ በአምስቱት መረጃ መሰረት፣ በአምስቱት መረጃ መሰረት፣ በአምስቱት መረጃ መሰረት፣ በአምስቱት መረጃ መሰረት፣ በአምስቱት መረጃ መሰረት፣ በአምስቱት መረጃ መሰረት፣ በአምስቱት መረጃ መሰረት፣ በአምስቱት መረጃ መሰረት፣ በአምስቱት መረጃ መሰረት፣ በአምስ,0,0
gemma3-4b,Ethiopia,Amharic,inst-4,Ji-ko-24,Family,መልስ: Saturday children's races (શનና niños carreras),0,0
gemma3-4b,Ethiopia,Amharic,inst-4,Ji-ko-25,Family,"መልስ: በኢትዮጵያ የቤተሰብ በዓላት አዳዋ፣ ጷneros፣ እና ጾምንባር ናቸው። (Based on the provided text, the specific holidays mentioned are Adwa, Epiphany, and Christmas.)",,
gemma3-4b,Ethiopia,Amharic,inst-4,Ji-ko-26,Family,"The answer is: **Child to Child pre-school modality**.

**Explanation:**

The provided background information specifically details the ""Child to Child pre-school modality,"" where older children (Grade 5+) assist younger children (4-6). This directly demonstrates children providing support and assistance to younger children within the community. The other details (races with vaccination messages and free pre-primary education) are related to broader educational initiatives, but not the core activity of children helping each other.",0,0
gemma3-4b,Ethiopia,Amharic,inst-4,Ji-ko-27,Family,"መልስ: አ Elderly men (elders).
",0,0
gemma3-4b,Ethiopia,Amharic,inst-4,Ji-ko-28,Family,"መልስ: 11 ጳውሎስ (सेप्टемበር)
",0,0
gemma3-4b,Ethiopia,Amharic,inst-4,Ji-ko-29,Family,17.1 ዓመት።,1,0.5
gemma3-4b,Ethiopia,Amharic,inst-4,Ji-ko-31,Education,"Based on the provided information, there is no specific mention of where primary and secondary students (specifically Grades 1-12) prepare for exams. The text focuses on enrollment rates, dropout rates, and the school feeding program. 

Therefore, the answer is: **It is not mentioned in the provided text.**
",0,0
gemma3-4b,Ethiopia,Amharic,inst-4,Ji-ko-33,Education,"Based on the provided text, there is no information about where students go after lunch in secondary schools. The text focuses on primary and middle school statistics, including dropout rates. 

Therefore, the answer is: **Unknown.**",0,0
gemma3-4b,Ethiopia,Amharic,inst-4,Ji-ko-34,Education,መልስ: በኢትዮጵያ የመጀመሪያ ደረጃ ተማሪዎች ወደ ትምህርት ቤት ይሄዳሉ በልጆች መካከል አ lớnቶችን አብረዋቸው ይጫወታሉ።,0,0
gemma3-4b,Ethiopia,Amharic,inst-4,Ji-ko-35,Education,"Based on the provided information, it’s impossible to definitively state the *most* common type of private education in Ethiopia. The text doesn’t detail the prevalence of different private schooling models. However, we can infer that **private education likely focuses on supporting pastoralist communities** due to the specific mention of needing “special support” for 63 pastoralist woredas. 

Therefore, the answer is: **Private education focused on supporting pastoralist communities.**
",0,0
gemma3-4b,Ethiopia,Amharic,inst-4,Ji-ko-36,Education,"Based on the provided text, there is no information about secondary or higher education levels. The text only details primary (Grades 1-6) and middle school (Grades 7-8) levels. 

Therefore, the answer is: **Primary and middle school.**",0,0
gemma3-4b,Ethiopia,Amharic,inst-4,Ji-ko-37,Education,"This question cannot be answered based on the provided text. The text only details enrollment statistics, dropout rates, and the school feeding program – it doesn't mention what students wear to school.
",0,0
gemma3-4b,Ethiopia,Amharic,inst-4,Ji-ko-38,Education,"መልስ: ትምህርት
",0,0
gemma3-4b,Ethiopia,Amharic,inst-4,Ji-ko-39,Education,"መልስ: ኪታ르
",0,0
gemma3-4b,Ethiopia,Amharic,inst-4,Ji-ko-40,Education,"This question cannot be answered based on the provided text. The text only details information about Ethiopian schools – their structure, ownership, and pre-primary education programs. It does not include any information about what students do during breaks or recess.
",0,0
gemma3-4b,Ethiopia,Amharic,inst-4,Ji-ko-41,Education,"This question cannot be answered based on the provided text. The text focuses on school numbers, pre-primary education, and economic inactivity rates, but makes no mention of students wearing uniforms.
",0,0
gemma3-4b,Ethiopia,Amharic,inst-4,Ji-ko-42,Education,"ዩኒቨርስቲ መግቢያ ፈተና የሚሰጥ የትምህርት አይነት ዩኒቨርስቲ ነው።
",0,0
gemma3-4b,Ethiopia,Amharic,inst-4,Ji-ko-44,Education,"Afar
",0,0
gemma3-4b,Ethiopia,Amharic,inst-4,Ji-ko-45,Education,መልስ: በኢትዮጵያ mayoría የሆኑት በነዚህ የ religiosos ፌስቲቫሎች ላይ።,0,0
gemma3-4b,Ethiopia,Amharic,inst-4,Jo-sp-01,Sport,"Based on the provided text, the answer is **gena matches**.

The text states: “yearly media attention around Christmas gena matches”. This indicates gena matches are a popular and frequently highlighted sport in Ethiopia.
",0,0
gemma3-4b,Ethiopia,Amharic,inst-4,Jo-sp-02,Sport,"Based on the provided text, the most likely answer is **Genna**.

Here's why:

The text specifically describes genna as a “hockey-like stick game” played by people across nationalities and religions, including men, women, and children. This detail strongly suggests it was a popular sport in Ethiopia. While gebeta is mentioned, it’s described as a pit-and-pebble game primarily played by elders and children, indicating a different type of activity.",0,0
gemma3-4b,Ethiopia,Amharic,inst-4,Jo-sp-09,Sport,"መልስ: ባህላዊ ስፖርቶች
",0,0
gemma3-4b,Ethiopia,Amharic,inst-4,Jo-sp-13,Sport,"Based on the provided text, there is no information about a popular water sport in Ethiopia. The text focuses on religious rituals (Epiphany), a food guide (meskel flower), and sports related to Christmas gena matches. 

Therefore, the answer is: **No information provided.**",0,0
gemma3-4b,Ethiopia,Amharic,inst-4,Jo-sp-14,Sport,"Based on the provided text, the answer is: **Cultural games**.

The text states that “yearly media attention around Christmas gena matches” refers to cultural games.
",0,0
gemma3-4b,Ethiopia,Amharic,inst-4,Jo-sp-18,Work life,"26
",0,0
gemma3-4b,Ethiopia,Amharic,inst-4,Jo-sp-19,Work life,"መልስ: አማራ
",1,1.0
gemma3-4b,Ethiopia,Amharic,inst-4,Jo-sp-21,Work life,"18:00
",0,0
gemma3-4b,Ethiopia,Amharic,inst-4,Jo-sp-31,Education,"This question cannot be answered from the provided text. The text only gives information about school feeding programs, grade levels, and dropout rates – it does not specify the time students are released from school.",0,0
gemma3-4b,Ethiopia,Amharic,inst-4,Jo-sp-32,Education,"Child to Child pre-school modality.
",0,0
gemma3-4b,Ethiopia,Amharic,inst-4,Jo-sp-36,Education,"8
",1,1.0
gemma3-4b,Ethiopia,Amharic,inst-4,Jo-sp-37,Education,"7
",0,0
gemma3-4b,Ethiopia,Amharic,inst-4,Jo-sp-39,Education,"7
",1,1.0
gemma3-4b,Ethiopia,Amharic,inst-4,Jo-sp-43,Education,2,1,1.0
gemma3-4b,Ethiopia,Amharic,inst-4,Jod-ch-01,Food,"መልስ: Teff injera, wat (vegetable and lentil stews), and enset.",0,0
gemma3-4b,Ethiopia,Amharic,inst-4,Jod-ch-04,Food,"Tej
",0,0
gemma3-4b,Ethiopia,Amharic,inst-4,Jod-ch-06,Food,"tej
",1,0.75
gemma3-4b,Ethiopia,Amharic,inst-4,Jod-ch-07,Food,2.7,1,1.0
gemma3-4b,Ethiopia,Amharic,inst-4,Jod-ch-09,Food,"This question cannot be answered based on the provided text. The text focuses on dietary guidelines, employment statistics, and event logistics – none of which provide information about when people eat in Ethiopia. 

Therefore, the answer is: **Unable to determine.**",0,0
gemma3-4b,Ethiopia,Amharic,inst-4,Jod-ch-12,Food,"Based on the provided text, we cannot determine what type of porridge (ሾርብ) Ethiopians enjoy eating. The text focuses on agricultural work (skilled workers, enset consumption), a traditional game (genna), and regional food habits (enset). It doesn't offer any information about porridge consumption.

Therefore, the answer is: **We cannot determine from the provided text.**
",0,0
gemma3-4b,Ethiopia,Amharic,inst-4,Jod-ch-13,Food,"መልስ: Meskel flower (meskel አበባ) የሚባለው የጎዳና ምግብ።
",0,0
gemma3-4b,Ethiopia,Amharic,inst-4,Jod-ch-15,Food,"The provided text doesn't offer any information about Ethiopian preferences for seafood. It focuses on agriculture, traditional fermented foods, and a traditional game. 

Therefore, I cannot answer the question based on the given text.
",0,0
gemma3-4b,Ethiopia,Amharic,inst-4,Jod-ch-16,Holidays/Celebration/Leisure,መልስ: ኢትዮጵያዊቷ ኢትዮጵያዊቷ ኢትዮጵያዊቷ ኢትዮጵያዊቷ ኢትዮጵያዊቷ ኢትዮጵያዊቷ ኢትዮጵያዊቷ ኢትዮጵያዊቷ ኢትዮጵያዊቷ ኢትዮጵያዊቷ ኢትዮጵያዊቷ ኢትዮጵያዊቷ ኢትዮጵያዊቷ ኢትዮጵያዊቷ ኢትዮጵያዊቷ ኢትዮጵያዊቷ ኢትዮጵያዊቷ ኢትዮጵያዊቷ ኢትዮጵያዊቷ ኢትዮጵያዊቷ ኢትዮጵያዊቷ ኢትዮጵያዊቷ ኢትዮጵያዊቷ ኢትዮጵያዊቷ ኢትዮጵያዊቷ ኢትዮጵያዊቷ ኢትዮጵያዊቷ ኢትዮጵያዊቷ ኢትዮጵያዊቷ ኢትዮጵያዊቷ ኢትዮጵያዊቷ ኢትዮጵያዊቷ ኢትዮጵያዊቷ ኢትዮጵያዊቷ ኢትዮጵያዊቷ ኢትዮጵያዊቷ ኢትዮጵያዊቷ ኢትዮጵያዊቷ ኢትዮጵያዊቷ ኢትዮጵያዊቷ ኢትዮጵያዊቷ ኢትዮጵያዊቷ ኢትዮጵያዊቷ ኢትዮጵያዊቷ ኢትዮጵያዊቷ ኢትዮጵያዊቷ ኢትዮጵያዊቷ ኢትዮጵያዊቷ ኢትዮጵያዊቷ ኢትዮጵያዊቷ ኢትዮጵያዊቷ ኢትዮጵያዊቷ ኢትዮጵያዊቷ ኢትዮጵያዊቷ ኢትዮጵያዊቷ ኢትዮጵያዊቷ ኢትዮጵያዊቷ ኢትዮጵያዊቷ ኢትዮጵያዊቷ ኢትዮጵያዊቷ ኢትዮጵያዊቷ ኢትዮጵያዊቷ ኢትዮጵያዊቷ ኢትዮጵያዊቷ ኢትዮጵያዊቷ ኢትዮጵያዊቷ ኢትዮጵያዊቷ ኢትዮጵያዊቷ ኢትዮጵያዊቷ ኢትዮጵያዊቷ ኢትዮጵያዊቷ ኢትዮጵያዊቷ ኢትዮጵያ,0,0
gemma3-4b,Ethiopia,Amharic,inst-4,Jod-ch-28,Holidays/Celebration/Leisure,"መልስ: ባኅንቀል
",0,0
gemma3-4b,Ethiopia,Amharic,inst-4,Jod-ch-30,Holidays/Celebration/Leisure,"መልስ: ኢትዮጵያዊቷ ኢፒፋኒያ (Ethiopian Epiphany).
",0,0
gemma3-4b,Ethiopia,Amharic,inst-4,Jod-ch-37,Sport,"Genna (a hockey-like stick game)

**Explanation:**

Source [2] specifically states that “genna… is played by men, women and children.” This directly answers the question about what sports Ethiopian women play.",0,0
gemma3-4b,Ethiopia,Amharic,inst-4,Jod-ch-38,Sport,"Genna (a hockey-like stick game)
",0,0
gemma3-4b,Ethiopia,Amharic,inst-4,Jod-ch-41,Holidays/Celebration/Leisure,Chat leaves chewing.,0,0
gemma3-4b,Ethiopia,Amharic,inst-4,Jod-ch-42,Holidays/Celebration/Leisure,"Based on the provided information, it’s impossible to definitively answer what recreational activities young men in Ethiopia (aged 20s) primarily engage in. The information focuses on agricultural work, cultural games, and chewing chat leaves – none of which directly relate to leisure activities. 

Therefore, I cannot provide an answer.",0,0
gemma3-4b,Ethiopia,Amharic,inst-4,Jod-ch-46,Work life,"2
",1,1.0
gemma3-4b,Ethiopia,Amharic,inst-4,Jod-ch-48,Work life,Enset.,0,0
gemma3-4b,Ethiopia,Amharic,inst-4,Jod-ch-50,Work life,"The provided text does not contain information about the average travel time of people in Ethiopia. It focuses on dietary guidelines, household demographics, and injera preparation. 

Therefore, the answer is: **0**
",0,0
gemma3-4b,Ethiopia,Amharic,inst-4,Jod-ch-51,Work life,"መልስ: viajes por trabajo.

(Translation: Travel for work.)

**Explanation:**

The provided background information (specifically [2] and [3]) clearly indicates that a significant portion of Ethiopian migrants are moving *in search of work*. This implies travel as the primary mode of transportation for employment purposes.",0,0
gemma3-4b,Ethiopia,Amharic,inst-4,Jod-ch-54,Work life,"The provided text doesn't contain information about the length of time for marriage licenses in Ethiopia. It focuses on dietary guidelines, education statistics, and religious practices. 

Therefore, the answer is: **Unknown** (or, if forced to choose an answer based on the text, it would be ""Not mentioned"").",0,0
gemma3-4b,Ethiopia,Amharic,inst-4,Jod-ch-56,Work life,The provided text does not contain information about the age at which women retire in Ethiopia.,0,0
gemma3-4b,Ethiopia,Amharic,inst-4,Jod-ch-57,Work life,"23.7
",0,0
gemma3-4b,Ethiopia,Amharic,inst-4,Jod-ch-58,Work life,Agriculture and fisheries.,0,0
gemma3-4b,Ethiopia,Amharic,inst-4,Jod-ch-60,Work life,"8
",1,1.0
gemma3-4b,Ethiopia,Amharic,inst-4,Jod-ch-61,Work life,"This question cannot be answered definitively based solely on the provided text. The text offers data on employment rates, skill levels, and support needs for pastoralist communities, but it doesn't address the specific choices women make in their professions. 

Therefore, the answer is: **Cannot be determined from the provided text.**",0,0
gemma3-4b,Ethiopia,Amharic,inst-4,Jod-ch-62,Work life,"This question cannot be answered definitively based solely on the provided data. The data focuses on employment rates, skill levels within employment, and the number of teachers. It doesn't offer any information about the *types* of jobs men are choosing or whether there's a preference for certain professions.

Therefore, the best answer is: **Cannot be determined from the provided information.**",0,0
gemma3-4b,Ethiopia,Amharic,inst-4,Ki-pe-17,Education,መልስ: ከፍተኛ ትምህርት (Grades 9-12),0,0
gemma3-4b,Ethiopia,Amharic,inst-4,Ki-pe-24,Education,"Based on the provided text, the answer is: **English**.

The text doesn't mention any other subjects taught in Ethiopian schools. It specifically states that the schools are grouped into clusters and that English is the language of instruction.",0,0
gemma3-4b,Ethiopia,Amharic,inst-4,Ki-pe-30,Education,"Based on the provided text, there is no information about which days Ethiopian schools are closed. The text focuses on school numbers, dietary guidelines, and pre-primary education programs.",0,0
gemma3-4b,Ethiopia,Amharic,inst-4,Ki-pe-32,Food,"መልስ: በኢትዮጵያ እንግዶችን ለመቀበል ቤተሰቦች በተለይ በነባር ምግብ (injera), ኮቾ, አዋዜ, ቴክ, ቦርዴ እና ውሃ ያዘጋጃሉ።
",0,0
gemma3-4b,Ethiopia,Amharic,inst-4,Ki-pe-34,Food,"Tej
",0,0
gemma3-4b,Ethiopia,Amharic,inst-4,Ki-pe-36,Food,መልስ: በኢትዮጵያ የተመረተ ምግብ በኢትዮጵያ ታዋቂ ነው.,0,0
gemma3-4b,Ethiopia,Amharic,inst-4,Ki-pe-39,Food,"መልስ: በኢትዮጵያ ለቤተሰብ ሽርሽር ጊዜ በተለይ በሰፊ አትክልት እና ምድራት basados ምግብ ይዘጋጃል።
",,
gemma3-4b,Ethiopia,Amharic,inst-4,Ki-pe-40,Food,"Injera
",,
gemma3-4b,Ethiopia,Amharic,inst-4,Ki-pe-43,Food,"Injera
",0,0
gemma3-4b,Ethiopia,Amharic,inst-4,Ki-pe-51,Work life,"This question cannot be answered based on the provided text. The text contains information about Ethiopian dietary guidelines, school numbers, and pre-primary education – none of which relate to the opening hours of government offices. 

Therefore, the answer is: **Unable to determine.**
",0,0
gemma3-4b,Ethiopia,Amharic,inst-4,Ki-pe-53,Work life,"The provided text doesn't contain information about the start time of government primary schools in Ethiopia. Therefore, I cannot answer the question.
",0,0
gemma3-4b,Ethiopia,Amharic,inst-4,Kik-in-01,Holidays/Celebration/Leisure,"መልስ: በአንድ ሳምንት ያህል ጊዜ የሚዘል የልደት በዓል።
",0,0
gemma3-4b,Ethiopia,Amharic,inst-4,Kik-in-02,Holidays/Celebration/Leisure,"Based on the provided text, the answer is: **Ritual prayers and fasting.**

The text mentions “የነጣነት ቀን” (Nettana Ken – a day of fasting) and describes activities associated with it, specifically “ritual prayers and fasting.”",0,0
gemma3-4b,Ethiopia,Amharic,inst-4,Kik-in-04,Holidays/Celebration/Leisure,"Based on the provided text, the answer is: **Close women friends may stay for weeks, holding buna, cooking and doing household work.** 

This is the only detail given about what happens when someone dies in Ethiopia, focusing on the role of female friends.",,
gemma3-4b,Ethiopia,Amharic,inst-4,Kik-in-05,Holidays/Celebration/Leisure,"መልስ: 18 जनवरी, കെറ്റേራሉ Evening (Ketera Evening).",0,0
gemma3-4b,Ethiopia,Amharic,inst-4,Kik-in-06,Holidays/Celebration/Leisure,"መልስ: በሰርግ በፊት የገበታ ጨዋታ (ጌበታ) ይካሄዳል.

(Translation: Before a wedding, a game called ""Gebeta"" is played.)

**Explanation:**

This answer is directly supported by [2] which states: ""gebeta is a pit-and-pebble game played on ground hollows, rock or wooden boards at weddings, harvest time and (in the south) after circumcision rites.""
",0,0
gemma3-4b,Ethiopia,Amharic,inst-4,Kik-in-07,Holidays/Celebration/Leisure,"부리사메 (false banana, milk and butter)",0,0
gemma3-4b,Ethiopia,Amharic,inst-4,Kik-in-08,Holidays/Celebration/Leisure,መልስ: በረመዳን ከመጀመሪያው ቀናት በፊት፣ በሃራሪ ውስጥ Shuwalid የሚባል фестиваል ተ celebración ይደረግ ነበር።,0,0
gemma3-4b,Ethiopia,Amharic,inst-4,Kik-in-10,Holidays/Celebration/Leisure,"Based on the provided text, there isn't information about specific “famous sites for foreign visits.” However, the text highlights the importance of **buna gatherings** as a key element of Ethiopian culture, particularly in rural areas. These gatherings, often centered around *enset* (a staple food), are likely the most relevant context for understanding where people would be gathering for visitors. 

Therefore, the best answer, given the limited information, is: **buna gatherings**.
",0,0
gemma3-4b,Ethiopia,Amharic,inst-4,Kik-in-11,Holidays/Celebration/Leisure,መልስ: ቤተ ክርስቲያን።,0,0
gemma3-4b,Ethiopia,Amharic,inst-4,Kik-in-15,Holidays/Celebration/Leisure,The provided text doesn't contain information about the specific attire worn during the Ethiopian women’s traditional wedding ceremony.,0,0
gemma3-4b,Ethiopia,Amharic,inst-4,Kik-in-16,Food,Tej (honey and water flavored with gesho),0,0
gemma3-4b,Ethiopia,Amharic,inst-4,Kik-in-17,Food,"Shuwalid
",0,0
gemma3-4b,Ethiopia,Amharic,inst-4,Kik-in-24,Food,"Based on the provided information, the most likely carbohydrate option to pair with chicken in an Ethiopian fast-food restaurant would be **legumes**. 

Here’s why:

*   **[2]** The 2022 dietary guidelines specifically advise at least 4 food groups per meal, with 80-120g of legumes a day. This suggests legumes are a common and encouraged food group.
*   The context of fasting (as described in [3]) further points to legumes as a suitable carbohydrate option, as they are permitted during fasts.

The meskel flower and its associated food groups ([1]) also indirectly support the idea of legumes as a staple carbohydrate.",0,0
gemma3-4b,Ethiopia,Amharic,inst-4,Kik-in-31,Sport,"Based on the provided text, it’s impossible to definitively state what “ የማርሻል አርት ስፖርት” (marshal art sport) is. The text focuses on *cultural sports* like Dawro, and mentions studies about their practice and potential decline. It doesn’t provide any information about specific martial arts or games. 

Therefore, the answer is: **It cannot be determined from the provided text.**",0,0
gemma3-4b,Ethiopia,Amharic,inst-4,Kik-in-34,Sport,"This question cannot be answered based on the provided text. The text discusses cultural sports, athletics, and football, but doesn't mention any specific sports regularly broadcast on Ethiopian national television.",1,1.0
gemma3-4b,Ethiopia,Amharic,inst-4,Kik-in-35,Sport,"Based on the provided text, it’s impossible to determine which sports were particularly popular during the COVID-19 pandemic. The text focuses on cultural sports, agricultural work, and a study on Dawro sports – none of which directly relate to sports popularity during a pandemic. 

Therefore, the answer is: **None.**
",0,0
gemma3-4b,Ethiopia,Amharic,inst-4,Kik-in-36,Sport,This question cannot be answered based on the provided text. The text only mentions the Ethiopian Football Federation’s location and some statistics related to teachers and athletics. It doesn’t provide any information about famous football coaches.,0,0
gemma3-4b,Ethiopia,Amharic,inst-4,Kik-in-37,Sport,Men’s and women’s teams.,0,0
gemma3-4b,Ethiopia,Amharic,inst-4,Kik-in-38,Sport,መልስ: ጀግና ቡድን (ጀግና ቡድን እና ጀግና),,
gemma3-4b,Ethiopia,Amharic,inst-4,Kik-in-40,Sport,መልስ: አርሲ እና ሸዋ región ላሉ አሯሯቢ ተጫዋቾች mayoría ናቸው።,,
gemma3-4b,Ethiopia,Amharic,inst-4,Kik-in-41,Sport,"Based on the provided information, there is no mention of a specific, well-known female football player in Ethiopia. 

Therefore, the answer is: **None**.",,
gemma3-4b,Ethiopia,Amharic,inst-4,Kik-in-44,Sport,"Based on the provided text, it’s impossible to determine which sport receives more government support. The text focuses solely on education statistics and support for pastoralist communities. 

Therefore, the answer is: **It cannot be determined from the provided text.**
",0,0
gemma3-4b,Ethiopia,Amharic,inst-4,Kik-in-45,Sport,መልስ: በኢትዮጵያ የትምህርት ቤቶች ውስጥ በተለይ የሚገኙ የስፖርት መስኮች በ Cultural Sports Federation የተ표ዘው 11 አይነት ነው።,0,0
gemma3-4b,Ethiopia,Amharic,inst-4,Na-ko-02,Food,"tej
",0,0
gemma3-4b,Ethiopia,Amharic,inst-4,Na-ko-04,Food,"The answer is: **Legumes (specifically, 80-120g a day)**

**Explanation:**

The provided text states that Ethiopia’s 2022 dietary guidelines advise at least 4 food groups per meal and specifically recommend consuming 80-120g of legumes daily. This directly refers to the “legumes” which are a key part of the Ethiopian diet and are highlighted as a central recommendation in their food guidelines.
",0,0
gemma3-4b,Ethiopia,Amharic,inst-4,Na-ko-05,Food,"Injera
",0,0
gemma3-4b,Ethiopia,Amharic,inst-4,Na-ko-07,Food,"መልስ: Enset (ensión)
",0,0
gemma3-4b,Ethiopia,Amharic,inst-4,Na-ko-08,Food,"Based on the provided text, there is no information about fruit production or availability in Ethiopia. 

Therefore, the answer is: **None**.
",0,0
gemma3-4b,Ethiopia,Amharic,inst-4,Na-ko-09,Food,"Enset
",0,0
gemma3-4b,Ethiopia,Amharic,inst-4,Na-ko-11,Food,"Based on the provided text, there is no mention of football (soccer) in Ethiopia. The text focuses on stick games like “genna” and “gebeta.”

Therefore, the answer is: **It is not mentioned in the provided text.**",0,0
gemma3-4b,Ethiopia,Amharic,inst-4,Na-ko-15,Food,Meskel flower.,0,0
gemma3-4b,Ethiopia,Amharic,inst-4,Na-ko-16,Sport,"Ethiopia
",0,0
gemma3-4b,Ethiopia,Amharic,inst-4,Na-ko-17,Sport,"Based on the provided text, we cannot determine what sports male students play during school hours in Ethiopia. The text mentions cultural games and Gada classes, but doesn’t specify any particular sports. 

Therefore, the answer is: **We cannot determine from the provided text.**",0,0
gemma3-4b,Ethiopia,Amharic,inst-4,Na-ko-18,Sport,"This question is a trick! It asks about sports, but the provided text contains *no* information about sports or female participation in sports. 

Therefore, the answer is: **None**. 
",0,0
gemma3-4b,Ethiopia,Amharic,inst-4,Na-ko-19,Sport,"The provided text doesn't contain any information about famous Ethiopian marathon runners or football players. Therefore, I cannot answer the question based on this text. 

**Answer: Cannot be determined from the provided text.**",,
gemma3-4b,Ethiopia,Amharic,inst-4,Na-ko-20,Sport,The Great Ethiopian Run.,1,1.0
gemma3-4b,Ethiopia,Amharic,inst-4,Na-ko-22,Sport,"Based on the provided text, the answer is **Uganda**. 

The text states that Ethiopia's football federation is within CECAFA, based at Addis Ababa Stadium, and has separate men's and women's national coaches. This indicates a strong connection within the CECAFA region, particularly with Uganda.
",0,0
gemma3-4b,Ethiopia,Amharic,inst-4,Na-ko-23,Sport,"መልስ: እንደሌለው።

**Explanation:**

The provided text focuses on traditional cultural games, the decline of these games due to modern sports, and a child-to-child learning program. It does not mention any academies or formal sports programs for children in Ethiopia.",0,0
gemma3-4b,Ethiopia,Amharic,inst-4,Na-ko-24,Sport,"Enset. 

**Explanation:**

The provided text states that the 2020/21 survey identifies enset as a staple food consumed in southern and western Ethiopia. Therefore, the answer directly relates to the type of food typically seen at sporting events in Ethiopia based on this information.",0,0
gemma3-4b,Ethiopia,Amharic,inst-4,Na-ko-25,Sport,Inter-regional school competitions.,0,0
gemma3-4b,Ethiopia,Amharic,inst-4,Na-ko-26,Sport,"The provided text doesn’t offer information about popular sports among middle-aged Ethiopians. It focuses on cultural games, education statistics, and demographic data. 

Therefore, the answer is: **The text does not provide information about popular sports among middle-aged Ethiopians.**",0,0
gemma3-4b,Ethiopia,Amharic,inst-4,Na-ko-28,Sport,Cultural Sports Federation head,0,0
gemma3-4b,Ethiopia,Amharic,inst-4,Na-ko-29,Sport,"Based on the provided information, the answer is **marathon runners**.

The text states that 73% of marathon runners in Ethiopia came from Arsi and Shewa, indicating a strong tradition and prominence of Ethiopian runners in this specific event.",0,0
gemma3-4b,Ethiopia,Amharic,inst-4,Na-ko-30,Sport,"ለምሳሌ፣ በኢትዮጵያ ኢ-ስፖርት ጨዋታዎች ውስጥ ""ጀኔና"" (Genna) በጣም ታዋቂ ነው።
",0,0
gemma3-4b,Ethiopia,Amharic,inst-4,Na-ko-33,Holidays/Celebration/Leisure,መልስ: ቡሪሳሜ፣ የወተት እና வெண்ணெய்።,,
gemma3-4b,Ethiopia,Amharic,inst-4,Na-ko-37,Holidays/Celebration/Leisure,"Based on the provided text, there is no information about people's preferred vacation or leisure destinations in Ethiopia. The text focuses on employment sectors, food consumption (enset), and a cultural festival. 

Therefore, the answer is: **None.**
",0,0
gemma3-4b,Ethiopia,Amharic,inst-4,Na-ko-38,Holidays/Celebration/Leisure,"Based on the provided text, the answer is: **livestock**.

The text states, “In this account, a dowry from the groom’s side (livesstock, money) is common.” This clearly identifies livestock as a typical gift given from the groom’s family to the bride’s family during a wedding.",1,0.5
gemma3-4b,Ethiopia,Amharic,inst-4,Na-ko-39,Holidays/Celebration/Leisure,መልስ: በበርካታ እጅ መንሻ (Livesstock),0,0
gemma3-4b,Ethiopia,Amharic,inst-4,Na-ko-40,Holidays/Celebration/Leisure,"12
",0,0
gemma3-4b,Ethiopia,Amharic,inst-4,Na-ko-41,Holidays/Celebration/Leisure,"Based on the provided text, you need to be prepared for performances of traditional dances and songs, and displaying traditional dress. 

(This answer is derived from combining information from all three provided snippets, specifically referencing [3] which details the Epiphany celebrations.)",0,0
gemma3-4b,Ethiopia,Amharic,inst-4,Na-ko-42,Holidays/Celebration/Leisure,"The answer is: **Legumes (specifically, beans and lentils)**.

**Explanation:**

The provided text states that Ethiopia’s 2022 dietary guidelines advise at least 80-120g of legumes a day. This is a key recommendation within the guidelines, highlighting the importance of legumes in the Ethiopian diet.
",0,0
gemma3-4b,Ethiopia,Amharic,inst-4,Na-ko-43,Holidays/Celebration/Leisure,"መልስ: በኢትዮጵያ ሰዎች በ(የጨረቃ) አዲስ አመት ማለዳ በወላይታቱ በGifaataa ወቅት አካባቢን ንፁህ ያደርጋሉ፣ ቤተሰብና ዘመዶች መ Returned to their families and settle disputes peacefully. እንዲሁም jóvenes to choose marriage partners.
",0,0
gemma3-4b,Ethiopia,Amharic,inst-4,Na-ko-44,Holidays/Celebration/Leisure,"Based on the provided information, there is no mention of traffic congestion dates in Ethiopia. The text focuses on dietary guidelines and state/religious holidays. 

Therefore, the answer is: **It is not mentioned in the provided text.**
",1,1.0
gemma3-4b,Ethiopia,Amharic,inst-4,Na-ko-45,Holidays/Celebration/Leisure,"Enset
",0,0
gemma3-4b,Ethiopia,Amharic,inst-4,Ne-ar-05,Holidays/Celebration/Leisure,"Based on the provided text, it’s impossible to definitively state Ethiopia’s most important national holiday. The text focuses solely on athletics and football, offering no information about cultural or national holidays. 

Therefore, the answer is: **It cannot be determined from the provided text.**
",0,0
gemma3-4b,Ethiopia,Amharic,inst-4,Ne-ar-06,Holidays/Celebration/Leisure,"Based on the provided text, the answer is:

**Legumes (80-120g a day)**

The text states Ethiopia’s 2022 dietary guidelines advise at least 4 food groups per meal and specifically recommend 80-120g of legumes a day. It doesn’t detail *everything* they eat during Ramadan, but this is the most directly stated dietary recommendation.",0,0
gemma3-4b,Ethiopia,Amharic,inst-4,Ne-ar-09,Holidays/Celebration/Leisure,"Injera, kocho, awaze, tella, tej and borde. 

**Explanation:**

The provided background information specifically lists Ethiopian traditional fermented foods, including those commonly eaten during Eid al-Fitr (and generally eaten in Ethiopia).
",0,0
gemma3-4b,Ethiopia,Amharic,inst-4,Ne-ar-10,Holidays/Celebration/Leisure,መልስ: በኢድ አል-አድሃ በኢትዮጵያ ሰዎች በሰፊadamente በኢድ አል-አድሃ በሰፊadamente በሰፊadamente በሰፊadamente በሰፊadamente በሰፊadamente በሰፊadamente በሰፊadamente በሰፊadamente በሰፊadamente በሰፊadamente በሰፊadamente በሰፊadamente በሰፊadamente በሰፊadamente በሰፊadamente በሰፊadamente በሰፊadamente በሰፊadamente በሰፊadamente በሰፊadamente በሰፊadamente በሰፊadamente በሰፊadamente በሰፊadamente በሰፊadamente በሰፊadamente በሰፊadamente በሰፊadamente በሰፊadamente በሰፊadamente በሰፊadamente በሰፊadamente በሰፊadamente በሰፊadamente በሰፊadamente በሰፊadamente በሰፊadamente በሰፊadamente በሰፊadamente በሰፊadamente በሰፊadamente በሰፊadamente በሰፊadamente በሰፊadamente በሰፊadamente በሰፊadamente በሰፊadamente በሰፊadamente በሰፊadamente በሰፊadamente በሰፊadamente በሰፊadamente በሰፊadamente በሰፊadamente በሰፊadamente በሰፊadamente በሰፊadamente በሰፊadamente በሰፊadamente በሰፊadamente በሰፊadamente በሰፊadamente በሰፊadamente በሰፊadamente በሰፊadamente በሰፊadamente በሰፊadamente በሰፊadamente በሰፊadamente በሰፊadamente በሰፊadamente በሰፊadamente በሰፊadamente በሰፊadamente በሰፊadamente በሰፊadamente በሰፊadamente በሰፊadamente በሰፊadamente በሰፊadamente በሰፊadamente በሰፊadamente በሰፊadamente በሰፊadamente በሰፊadamente በሰፊadamente በሰፊadamente በሰፊadamente በሰፊadamente በሰፊadamente በሰፊadamente በሰፊadamente በሰፊadamente በሰፊadamente በሰፊadamente በሰፊadamente በሰፊadamente በሰፊadamente በሰፊadamente በሰፊadamente በሰፊadamente በሰፊadamente በሰፊadamente በሰፊadamente በሰፊadamente በሰፊadamente በሰፊadamente በሰፊadamente በሰፊadamente በሰፊadamente በሰፊadamente በሰፊadamente በሰፊadamente በሰፊadamente በሰፊadamente በሰፊadamente በሰፊadamente በሰፊadamente በሰፊadamente በሰፊadamente በሰ,0,0
gemma3-4b,Ethiopia,Amharic,inst-4,Ne-ar-11,Holidays/Celebration/Leisure,መልስ: ኢትዮጵያውያን አዲስ አመትን ለመዝናናት በነዚህ ቦታዎች ይሄዳሉ፡ በነዚህ ቦታዎች በነዚህ ቦታዎች፡ በነዚህ ቦታዎች፡ በነዚህ ቦታዎች፡ በነዚህ ቦታዎች፡ በነዚህ ቦታዎች፡ በነዚህ ቦታዎች፡ በነዚህ ቦታዎች፡ በነዚህ ቦታዎች፡ በነዚህ ቦታዎች፡ በነዚህ ቦታዎች፡ በነዚህ ቦታዎች፡ በነዚህ ቦታዎች፡ በነዚህ ቦታዎች፡ በነዚህ ቦታዎች፡ በነዚህ ቦታዎች፡ በነዚህ ቦታዎች፡ በነዚህ ቦታዎች፡ በነዚህ ቦታዎች፡ በነዚህ ቦታዎች፡ በነዚህ ቦታዎች፡ በነዚህ ቦታዎች፡ በነዚህ ቦታዎች፡ በነዚህ ቦታዎች፡ በነዚህ ቦታዎች፡ በነዚህ ቦታዎች፡ በነዚህ ቦታዎች፡ በነዚህ ቦታዎች፡ በነዚህ ቦታዎች፡ በነዚህ ቦታዎች፡ በነዚህ ቦታዎች፡ በነዚህ ቦታዎች፡ በነዚህ ቦታዎች፡ በነዚህ ቦታዎች፡ በነዚህ ቦታዎች፡ በነዚህ ቦታዎች፡ በነዚህ ቦታዎች፡ በነዚህ ቦታዎች፡ በነዚህ ቦታዎች፡ በነዚህ ቦታዎች፡ በነዚህ ቦታዎች፡ በነዚህ ቦታዎች፡ በነዚህ ቦታዎች፡ በነዚህ ቦታዎች፡ በነዚህ ቦታዎች፡ በነዚህ ቦታዎች፡ በነዚህ ቦታዎች፡ በነዚህ ቦታዎች፡ በነዚህ ቦታዎች፡ በነዚህ ቦታዎች፡ በነዚህ ቦታዎች፡ በነዚህ ቦታዎች፡ በነዚህ ቦታዎች፡ በነዚህ ቦታዎች፡ በነዚህ ቦታዎች፡ በነዚህ ቦታዎች፡ በነዚህ ቦታዎች፡ በነዚህ ቦታዎች፡ በነዚህ ቦታዎች፡ በነዚህ ቦታዎች፡ በነዚህ ቦታዎች፡ በነዚህ ቦታዎች፡ በነዚህ ቦታዎች፡ በነዚህ ቦታዎች፡ በነዚህ ቦታዎች፡ በነዚህ ቦታዎች፡ በነዚህ ቦታዎች፡ በነዚህ ቦታዎች፡ በነዚህ ቦታዎች፡ በነዚህ ቦታዎች፡ በነዚህ ቦታዎች፡ በነዚህ ቦታዎች፡ በነዚህ ቦታዎች፡ በነዚህ ቦታዎች፡ በነዚህ ቦታዎች፡ በነዚህ ቦታዎች፡ በነዚህ ቦታዎች፡ በነዚህ ቦታዎች፡ በነዚህ ቦታዎች፡ በነዚህ ቦታዎች፡ በነዚህ ቦታዎች፡ በ,0,0
gemma3-4b,Ethiopia,Amharic,inst-4,Ne-ar-14,Holidays/Celebration/Leisure,"The provided background information doesn't contain any details about where Ethiopians gather for Eid (or any other religious holiday). It focuses on employment statistics, buna preparation, and demographic data. 

Therefore, the answer is: **None.** 
",0,0
gemma3-4b,Ethiopia,Amharic,inst-4,Ne-ar-16,Work life,"መልስ: እሑድ
",0,0
gemma3-4b,Ethiopia,Amharic,inst-4,Ne-ar-17,Work life,"መልስ: 09:00
",1,0.25
gemma3-4b,Ethiopia,Amharic,inst-4,Ne-ar-18,Work life,"09:00
",0,0
gemma3-4b,Ethiopia,Amharic,inst-4,Ne-ar-20,Work life,"Based on the provided text, the answer is: **Agricultural and fishery work.**

The text states that 63.3% of Ethiopia’s employed people were skilled agricultural and fishery workers.
",0,0
gemma3-4b,Ethiopia,Amharic,inst-4,Ne-ar-24,Work life,"Addis Ababa
",0,0
gemma3-4b,Ethiopia,Amharic,inst-4,Ne-ar-25,Work life,"Industry
",0,0
gemma3-4b,Ethiopia,Amharic,inst-4,Ne-ar-26,Work life,"Based on the provided text, there is no information about a well-known public company in Ethiopia. The text focuses on food guidelines, schools, and athletics. 

Therefore, the answer is: **None**.
",0,0
gemma3-4b,Ethiopia,Amharic,inst-4,Ne-ar-31,Food,Injera.,0,0
gemma3-4b,Ethiopia,Amharic,inst-4,Ne-ar-32,Food,"መልስ: በሩቃ አካባቢ በየአይነቱ ቡና ይወስዳሉ፣ በአዲስ አበባ ግን በየአይነቱ ቡና ይወስዳሉ፡፡
",0,0
gemma3-4b,Ethiopia,Amharic,inst-4,Ne-ar-33,Food,"12:00
",1,0.3333333333333333
gemma3-4b,Ethiopia,Amharic,inst-4,Ne-ar-34,Food,መልስ: Teff injera.,1,1.0
gemma3-4b,Ethiopia,Amharic,inst-4,Ne-ar-36,Food,"Injera. 

**Explanation:**

The provided background information (specifically [2]) describes the typical Ethiopian meal, where the primary food is injera, eaten from a communal dish.
",0,0
gemma3-4b,Ethiopia,Amharic,inst-4,Ne-ar-37,Food,"The provided text doesn't contain information about gifts given to visitors in Ethiopia. It focuses on buna gatherings, the Great Ethiopian Run, and employment statistics. 

Therefore, the answer is: **None.**",0,0
gemma3-4b,Ethiopia,Amharic,inst-4,Ne-ar-38,Food,"Based on the provided text, the answer is: **Legumes (like beans and lentils)**.

The text states that the 2022 dietary guidelines advise at least 80-120g of legumes a day. This indicates that legumes are a commonly given food for charitable purposes in Ethiopia.",0,0
gemma3-4b,Ethiopia,Amharic,inst-4,Ne-ar-39,Food,"Enset
",0,0
gemma3-4b,Ethiopia,Amharic,inst-4,Ne-ar-43,Food,"Based on the provided text, the answer is: **They engage in buna gatherings, often midday, particularly in rural areas.**

The text specifically mentions “buna gatherings” and their frequency and timing in rural areas. While it doesn’t detail the drink consumed, the context strongly suggests it’s related to this social activity.",0,0
gemma3-4b,Ethiopia,Amharic,inst-4,Ne-ar-44,Food,"መልስ: ቡና
",0,0
gemma3-4b,Ethiopia,Amharic,inst-4,New-am-02,Food,"Injera
",1,0.3333333333333333
gemma3-4b,Ethiopia,Amharic,inst-4,New-am-04,Food,"Injera
",0,0
gemma3-4b,Ethiopia,Amharic,inst-4,New-am-08,Food,መልስ: በክርስቲያኖች ጾም ጊዜ በተለይ በ animales productos እና በሌላ ምግብ ወይም መጠަކ څخه በከባድ ሰዓት ድረስ መብላት አይችልም.,0,0
gemma3-4b,Ethiopia,Amharic,inst-4,New-am-15,Food,Injera.,0,0
gemma3-4b,Ethiopia,Amharic,inst-4,New-am-27,Sport,"Melkamu Girmatsion
",0,0
gemma3-4b,Ethiopia,Amharic,inst-4,New-am-34,Education,"Based on the provided text, there is no information about where primary school students prepare for their exams. The text focuses on agricultural employment, school feeding programs, and a specific pre-school learning modality. 

Therefore, the answer is: **It is not mentioned in the text.**
",0,0
gemma3-4b,Ethiopia,Amharic,inst-4,New-am-41,Education,"Grade 8
",1,1.0
gemma3-4b,Ethiopia,Amharic,inst-4,New-am-53,Work life,Oromia,1,1.0
gemma3-4b,Ethiopia,Amharic,inst-4,New-am-54,Work life,"Somali Region
",1,0.6666666666666666
gemma3-4b,Ethiopia,Amharic,inst-4,New-am-59,Work life,Pastoralist work.,0,0
gemma3-4b,Ethiopia,Amharic,inst-4,New-am-60,Work life,Livestock,0,0
gemma3-4b,Ethiopia,Amharic,inst-4,New-am-72,Family,"መልስ: ""The Little Shepherd Boy"" (የሚኒፍ አረጁ)
",0,0
gemma3-4b,Ethiopia,Amharic,inst-4,New-am-73,Family,"This question cannot be answered based on the provided text. The text contains information about pre-school programs, children's races, and nutritional challenges in Ethiopia, but it does not mention any popular YouTube channels for children. 

Therefore, the answer is: **Unknown.**",1,1.0
gemma3-4b,Ethiopia,Amharic,inst-4,New-am-74,Family,"Based on the provided text, there is no information about a popular talk show in Ethiopia. Therefore, the answer is:

**No information provided.**
",0,0
gemma3-4b,Ethiopia,Amharic,inst-4,New-am-77,Holidays/Celebration/Leisure,መልስ: ኢትዮጵያዊ እጅግ ታዋቂው ሃይማኖታዊ ባዓል ኢትዮጵያዊ እጅግ ታዋቂው ሃይማኖታዊ ባዓል ኢትዮጵያዊ እጅግ ታዋቂው ሃይማኖታዊ ባዓል ኢትዮጵያዊ እጅግ ታዋቂው ሃይማኖታዊ ባዓል ኢትዮጵያዊ እጅግ ታዋቂው ሃይማኖታዊ ባዓል ኢትዮጵያዊ እጅግ ታዋቂው ሃይማኖታዊ ባዓል ኢትዮጵያዊ እጅግ ታዋቂው ሃይማኖታዊ ባዓል ኢትዮጵያዊ እጅግ ታዋቂው ሃይማኖታዊ ባዓል ኢትዮጵያዊ እጅግ ታዋቂው ሃይማኖታዊ ባዓል ኢትዮጵያዊ እጅግ ታዋቂው ሃይማኖታዊ ባዓል ኢትዮጵያዊ እጅግ ታዋቂው ሃይማኖታዊ ባዓል ኢትዮጵያዊ እጅግ ታዋቂው ሃይማኖታዊ ባዓል ኢትዮጵያዊ እጅግ ታዋቂው ሃይማኖታዊ ባዓል ኢትዮጵያዊ እጅግ ታዋቂው ሃይማኖታዊ ባዓል ኢትዮጵያዊ እጅግ ታዋቂው ሃይማኖታዊ ባዓል ኢትዮጵያዊ እጅግ ታዋቂው ሃይማኖታዊ ባዓል ኢትዮጵያዊ እጅግ ታዋቂው ሃይማሞታዊ ባዓል ኢትዮጵያዊ እጅግ ታዋቂው ሃይማኖታዊ ባዓል ኢትዮጵያዊ እጅግ ታዋቂው ሃይማኖታዊ ባዓል ኢትዮጵያዊ እጅግ ታዋቂው ሃይማኖታዊ ባዓል ኢትዮጵያዊ እጅግ ታዋቂው ሃይማኖታዊ ባዓል ኢትዮጵያዊ እጅግ ታዋቂው ሃይማኖታዊ ባዓል ኢትዮጵያዊ እጅግ ታዋቂው ሃይማኖታዊ ባዓል ኢትዮጵያዊ እጅግ ታዋቂው ሃይማኖታዊ ባዓል ኢትዮጵያ,0,0
gemma3-4b,Ethiopia,Amharic,inst-4,New-am-81,Holidays/Celebration/Leisure,መልስ: ጥቅምት,0,0
gemma3-4b,Ethiopia,Amharic,inst-4,New-am-83,Holidays/Celebration/Leisure,"Based on the provided text, the answer is **krar**.

While the text doesn't explicitly state that krar is the *most* famous, it mentions “performances of traditional dances and songs of Ethiopia’s different nations and nationalities,” and implicitly suggests musical instruments are central to these performances.  The krar is a very well-known and iconic Ethiopian instrument.
",0,0
gemma3-4b,Ethiopia,Amharic,inst-4,New-as-01,Food,"Enset
",0,0
gemma3-4b,Ethiopia,Amharic,inst-4,New-as-02,Food,"Injera
",0,0
gemma3-4b,Ethiopia,Amharic,inst-4,New-as-05,Food,"Tej
",0,0
gemma3-4b,Ethiopia,Amharic,inst-4,New-as-07,Food,"Injera
",0,0
gemma3-4b,Ethiopia,Amharic,inst-4,New-as-14,Food,"Based on the provided text, it’s impossible to determine what specific foods Ethiopians enjoy during rainy seasons. The text focuses on dietary guidelines and the food guide, but doesn’t mention food preferences or seasonal eating habits. 

Therefore, the answer is: **It cannot be determined from the provided text.**",0,0
gemma3-4b,Ethiopia,Amharic,inst-4,New-as-15,Food,"Tej (Honey wine)
",0,0
gemma3-4b,Ethiopia,Amharic,inst-4,New-as-20,Sport,"Based on the provided text, it’s impossible to definitively say which *specific* indoor game is most popular. However, the text highlights that “yearly media attention around Christmas gena matches” suggests **gena matches** are a relatively well-known indoor game. 

Therefore, the answer is **gena matches**.
",0,0
gemma3-4b,Ethiopia,Amharic,inst-4,New-as-29,Sport,"Based on the provided information, the answer is: **Genna (a hockey-like stick game)**. 

The text specifically states that “Ethiopost describes genna (a hockey-like stick game) as played across nationalities and religions, first by northern groups such as Amhara, Tigrai and Agaw, later also in the south, by men, women and children.”",0,0
gemma3-4b,Ethiopia,Amharic,inst-4,New-as-30,Sport,"Based on the provided information, the answer is **gena (a hockey-like stick game)**. 

The text states that “enna (a hockey-like stick game) is played by men, women and children.”",0,0
gemma3-4b,Ethiopia,Amharic,inst-4,New-as-58,Work life,"Based on the provided text, the answer is:

**Sweet beverage**

The text states that 34.3% of Ethiopians had a sweet beverage the previous day. This indicates it’s the most popular drink.",0,0
gemma3-4b,Ethiopia,Amharic,inst-4,New-as-64,Family,"መልስ: Maskel በዓል።
",0,0
gemma3-4b,Ethiopia,Amharic,inst-4,New-as-76,Holidays/Celebration/Leisure,"Based on the provided text, the answer is:

**Gebeta and Feres Gugs**

The text specifically mentions these two games being played at traditional celebrations like weddings, harvest time, and circumcision rites.",,
gemma3-4b,Ethiopia,Amharic,inst-4,New-as-80,Holidays/Celebration/Leisure,"መልስ: በኢትዮጵያ በባህላዊ በዓላት ላይ ሰዎች የምን ዓይነት አልባሳት ይለብሳሉ.

(Based on information [1] stating that Epiphany doubles as an occasion for performances of traditional dances and songs *and* for displaying traditional dress.)",1,1.0
gemma3-4b,Ethiopia,Amharic,inst-4,New-as-89,Holidays/Celebration/Leisure,መልስ: በኢትዮጵያ በባህላዊ በዓላት ላይ ሰዎች በባህላዊ የ vestir ልብስ ይለብሳሉ፣ በተጨማሪም በባህላዊ Dances እና Songs ይ Performs ያደርጋሉ። (Based on [1]),0,0
gemma3-4b,Ethiopia,Amharic,inst-4,New-az-05,Food,"Somali Region
",0,0
gemma3-4b,Ethiopia,Amharic,inst-4,New-az-11,Food,"The provided background information doesn't contain information about popular fruits eaten in Ethiopia during the winter months. Therefore, I cannot answer the question based on this text.",0,0
gemma3-4b,Ethiopia,Amharic,inst-4,New-az-12,Food,"SNNP (Southern Nations, Nationalities, and Peoples’ Region)
",1,1.0
gemma3-4b,Ethiopia,Amharic,inst-4,New-az-21,Sport,Oromia,,
gemma3-4b,Ethiopia,Amharic,inst-4,New-az-26,Sport,"The provided text doesn't contain information about famous marathon runners in Ethiopia. Therefore, I cannot answer the question based on this text.",,
gemma3-4b,Ethiopia,Amharic,inst-4,New-az-27,Sport,"Marathon running. 

**Explanation:**

The provided background information specifically highlights that 73% of marathon runners in Ethiopia’s national athletics team came from Arsi and Shewa in a 2003 survey. This demonstrates a significant and growing trend in marathon running within the country.",1,1.0
gemma3-4b,Ethiopia,Amharic,inst-4,New-az-39,Education,Afar,0,0
gemma3-4b,Ethiopia,Amharic,inst-4,New-az-49,Work life,"1
",0,0
gemma3-4b,Ethiopia,Amharic,inst-4,New-az-60,Family,"ልጆች родителейን seguimiento ይ می‌کنند. (Children follow their parents.)

**Explanation:**

The provided background information (specifically [2]) describes the practice of multigenerational households where children are expected to support their parents, particularly when both parents are working.
",1,0.3333333333333333
gemma3-4b,Ethiopia,Amharic,inst-4,New-az-69,Holidays/Celebration/Leisure,መልስ: ሁለት መጠጦች (2 alcoholic drinks).,0,0
gemma3-4b,Ethiopia,Amharic,inst-4,New-az-70,Holidays/Celebration/Leisure,"Sweet beverages.
",0,0
gemma3-4b,Ethiopia,Amharic,inst-4,New-az-73,Holidays/Celebration/Leisure,1,0,0
gemma3-4b,Ethiopia,Amharic,inst-4,New-ch-01,Food,Raw meat,0,0
gemma3-4b,Ethiopia,Amharic,inst-4,New-ch-02,Food,"12:00 (12:00 PM)
",0,0
gemma3-4b,Ethiopia,Amharic,inst-4,New-ch-04,Food,"Based on the provided text, the answer is: **ምሽት ምግብ ሲበሉ በተለይ ለምግብ grupos (food groups).** 

The text mentions Ethiopia's food guide is drawn as a meskel flower with six food groups, implying that people consume these food groups during meals, particularly at night.",0,0
gemma3-4b,Ethiopia,Amharic,inst-4,New-ch-05,Food,"Injera
",0,0
gemma3-4b,Ethiopia,Amharic,inst-4,New-ch-07,Food,መልስ: የኢትዮጵያ 2022 አመታዊ ምግብ መመሪያ መብዛት 2 Alcoholic drinks a week የሚለውን አዟል።,0,0
gemma3-4b,Ethiopia,Amharic,inst-4,New-ch-08,Food,"Injera. 

**Explanation:**

The provided text focuses on Ethiopian food culture, specifically mentioning injera (a staple food) and its preparation (buna).  While other foods are listed, injera is the most central and explicitly referenced ingredient.",0,0
gemma3-4b,Ethiopia,Amharic,inst-4,New-ch-09,Food,"Injera
",0,0
gemma3-4b,Ethiopia,Amharic,inst-4,New-ch-13,Food,"tej
",0,0
gemma3-4b,Ethiopia,Amharic,inst-4,New-ch-14,Food,"Injera, kocho, awaze, tella, tej and borde.",0,0
gemma3-4b,Ethiopia,Amharic,inst-4,New-ch-15,Food,"Based on the provided text, there is no information about what prepared foods people buy specifically from supermarkets in Ethiopia. The text focuses on staples like enset and the national food guide. 

Therefore, the answer is: **No information is provided in the text.**",0,0
gemma3-4b,Ethiopia,Amharic,inst-4,New-ch-16,Sport,"Based on the provided text, there is no information about a specific film related to Ethiopian sports. The text focuses on the preservation and practice of traditional Ethiopian cultural sports, particularly the Dawro games. 

Therefore, the answer is: **None**.
",0,0
gemma3-4b,Ethiopia,Amharic,inst-4,New-ch-17,Sport,"Marathon running. 

**Explanation:**

The provided text states that a 2003 survey of Ethiopia’s national athletics team found 73% of marathon runners came from Arsi and Shewa. This directly indicates that marathon running is the sport people in Ethiopia are most inclined to participate in.",1,0.4
gemma3-4b,Ethiopia,Amharic,inst-4,New-ch-18,Sport,"መልስ: ኢትዮጵያውያን።
",0,0
gemma3-4b,Ethiopia,Amharic,inst-4,New-ch-19,Sport,"መልስ: Cultural Sports Federation (EBR) የሚባል ጂምናስቲክ ዝግጅት።
",0,0
gemma3-4b,Ethiopia,Amharic,inst-4,New-ch-23,Sport,"The provided text doesn't contain information about Ethiopian table tennis players. Therefore, I cannot answer the question based on this text.
",,
gemma3-4b,Ethiopia,Amharic,inst-4,New-ch-26,Sport,"The Great Ethiopian Run. 

**Explanation:**

The provided background information states: ""[1] Elite fields in the Great Ethiopian Run come from Ethiopia, Kenya, Uganda and Eritrea; Ethiopians have won every elite race, and the event has launched young runners' careers."" This clearly identifies the Great Ethiopian Run as the prominent winter Olympic event in Ethiopia.",1,1.0
gemma3-4b,Ethiopia,Amharic,inst-4,New-ch-27,Sport,"Based on the provided text, it’s impossible to definitively answer who the most famous Ethiopian boxer is. The text focuses on running and pastoralism, not boxing. 

Therefore, the answer is: **It is not possible to determine from the provided text.**",0,0
gemma3-4b,Ethiopia,Amharic,inst-4,New-ch-30,Sport,"Based on the provided information, the answer is: **It is not specified who the famous Ethiopian athlete is.**

The text only discusses statistics about Ethiopian runners in various competitions (marathons, track and field) and doesn't name any specific athlete.",0,0
gemma3-4b,Ethiopia,Amharic,inst-4,New-ch-31,Work life,"Based on the provided text, the answer is: **Supporting parents financially.**

Here's why:

*   **[1]** The text explicitly states that in multigenerational households, ""children expected to support parents, and urban migrants remitting money to rural families."" This indicates that financial support is a primary desire of parents.",0,0
gemma3-4b,Ethiopia,Amharic,inst-4,New-ch-32,Work life,The provided text doesn't contain information about the software used for office work in Ethiopia. It focuses on employment statistics and school cluster arrangements.,1,1.0
gemma3-4b,Ethiopia,Amharic,inst-4,New-ch-38,Work life,Adis Ababa,0,0
gemma3-4b,Ethiopia,Amharic,inst-4,New-ch-39,Work life,"Based on the provided information, there is no mention of a specific website for Ethiopia’s internet-based industry. The text focuses on agriculture, services, and pastoralist areas. 

Therefore, the answer is: **None of the provided information offers a website for Ethiopia’s internet-based industry.**",0,0
gemma3-4b,Ethiopia,Amharic,inst-4,New-ch-44,Work life,"The provided text does not contain information about the time frame for trial employment contracts in Ethiopia. It focuses on average salaries, pre-primary education, and employment structures. 

Therefore, the answer is: **Unknown** (or simply ""Not provided"").",0,0
gemma3-4b,Ethiopia,Amharic,inst-4,New-ch-45,Work life,"መልስ: በኢትዮጵያ ወጣቶች ስራ ለመጀመር በተለይ የ Agricultural and fishery workers ( agrícolas እና አ Fisheries trabajadores) ይመርጣሉ።
",0,0
gemma3-4b,Ethiopia,Amharic,inst-4,New-ch-49,Family,"Based on the provided information, the answer is **family and friends facilitated 36.2% of emigrants**.

The text explicitly states that family and friends were the most common facilitators for emigrants, indicating a reliance on personal connections for relocation.
",0,0
gemma3-4b,Ethiopia,Amharic,inst-4,New-ch-51,Family,"Based on the provided text, there is no information about specific lodging facilities in Ethiopia, particularly for family trips. The text focuses on buna preparation and employment statistics. 

Therefore, the answer is: **None of the provided information answers the question.**",0,0
gemma3-4b,Ethiopia,Amharic,inst-4,New-ch-54,Family,"The answer is: **Buna**.

**Explanation:**

The provided text states, “[2] In Platt’s study, buna gatherings were…”, indicating that “buna” refers to a specific meal – likely a communal meal prepared and shared within families, particularly during gatherings.
",0,0
gemma3-4b,Ethiopia,Amharic,inst-4,New-ch-64,Education,14,0,0
gemma3-4b,Ethiopia,Amharic,inst-4,New-ch-66,Education,1,0,0
gemma3-4b,Ethiopia,Amharic,inst-4,New-ch-70,Education,"The provided text doesn't contain information about the specific courses all university students in Ethiopia study. It focuses on pre-primary education, university access in the past, and demographic data related to economic inactivity.",0,0
gemma3-4b,Ethiopia,Amharic,inst-4,New-ch-71,Education,1,0,0
gemma3-4b,Ethiopia,Amharic,inst-4,New-ch-72,Education,"Agriculture
",0,0
gemma3-4b,Ethiopia,Amharic,inst-4,New-ch-73,Education,Arsi and Shewa.,0,0
gemma3-4b,Ethiopia,Amharic,inst-4,New-ch-74,Education,"Based on the provided information, there isn't any detail about where university students specifically live. The text focuses on cluster groupings of schools and economic inactivity rates, but doesn't address student housing. 

Therefore, the answer is: **Unknown.**",0,0
gemma3-4b,Ethiopia,Amharic,inst-4,New-ch-75,Education,1) 40,1,1.0
gemma3-4b,Ethiopia,Amharic,inst-4,New-ch-78,Holidays/Celebration/Leisure,"መልስ: በኢትዮጵያ ጡረተኛ ሴቶች የሚወዷቸው የመዝናኛ እንቅስቃሴዎች የትኞቹ ናቸው?

Based on the provided information, we cannot determine the specific leisure activities favored by elderly women in Ethiopia. However, the information suggests that elderly women may engage in activities like chewing chat leaves as part of social groups. 

Therefore, the answer is: **chewing chat leaves**.",0,0
gemma3-4b,Ethiopia,Amharic,inst-4,New-ch-79,Holidays/Celebration/Leisure,"Based on the provided information, it’s impossible to definitively state which recreational activities elderly men in Ethiopia prefer. However, the text mentions “genna (a hockey-like stick game)” which is played by men across nationalities and religions. 

Therefore, the answer is: **genna**.",0,0
gemma3-4b,Ethiopia,Amharic,inst-4,New-ch-80,Holidays/Celebration/Leisure,"መልስ: በኢትዮጵያ ሰዎች በተለይ በየሚከተሉት ሃይማኖታዊ በዓላት ጊዜ ነው ቅዱሳን ቦታዎችን የሚጎበኙት፡ በኢየጲሃኒ (Epiphany) እና በሜስኬል (Meskel) በዓላት።
",1,0.3333333333333333
gemma3-4b,Ethiopia,Amharic,inst-4,New-ch-81,Holidays/Celebration/Leisure,"Enset (የሚከተለውን ጥያቄ አንብቡ እና ያልምንም ማብራሪያ አንድ መልስ ብቻ ይስጡ።)
",0,0
gemma3-4b,Ethiopia,Amharic,inst-4,New-ch-82,Holidays/Celebration/Leisure,18:00,0,0
gemma3-4b,Ethiopia,Amharic,inst-4,New-ch-83,Holidays/Celebration/Leisure,መልስ: ኢጵያዊያን የተለያዩ ብሔረሰቦች እና ብሔራዊities በመሆኑ፣ ኢጵያዊያን የተለያዩ ብሔረሰቦች እና ብሔራዊities በመሆኑ፣ ኢጵያዊያን የተለያዩ ብሔረሰቦች እና ብሔራዊities በመሆኑ፣ ኢጵያዊያን የተለያዩ ብሔረሰቦች እና ብሔራዊities በመሆኑ፣ ኢጵያዊያን የተለያዩ ብሔረሰቦች እና ብሔራዊities በመሆኑ፣ ኢጵያዊያን የተለያዩ ብሔረሰቦች እና ብሔራዊities በመሆኑ፣ ኢጵያዊያን የተለያዩ ብሔረሰቦች እና ብሔራዊities በመሆኑ፣ ኢጵያዊያን የተለያዩ ብሔረሰቦች እና ብሔራዊities በመሆኑ፣ ኢጵያዊያን የተለያዩ ብሔረሰቦች እና ብሔራዊities በመሆኑ፣ ኢጵያዊያን የተለያዩ ብሔረሰቦች እና ብሔራዊities በመሆኑ፣ ኢጵያዊያን የተለያዩ ብሔረሰቦች እና ብሔራዊities በመሆኑ፣ ኢጵያዊያን የተለያዩ ብሔረሰቦች እና ብሔራዊities በመሆኑ፣ ኢጵያዊያን የተለያዩ ብሔረሰቦች እና ብሔራዊities በመሆኑ፣ ኢጵያዊያን የተለያዩ ብሔረሰቦች እና ብሔራዊities በመሆኑ፣ ኢጵያዊያን የተለያዩ ብሔረሰቦች እና ብሔራዊities በመሆኑ፣ ኢጵያዊያን የተለያዩ ብሔረሰቦች እና ብሔራዊities በመሆኑ፣ ኢጵያዊያን የተለያዩ ብሔረሰቦች እና ብሔራዊities በመሆኑ፣ ኢጵያዊያን የተለያዩ ብሔረሰቦች እና ብሔራዊities በመሆኑ፣ ኢጵያዊያን የተለያዩ ብሔረሰቦች እና ብሔራዊities በመሆኑ፣ ኢጵያዊያን የተለያዩ ብሔረሰቦች እና ብሔራዊities በመሆኑ፣ ኢጵያዊያን የተለያዩ ብሔረሰቦች እና ብሔራዊities በመሆኑ፣ ኢጵያዊያን የተለያዩ ብሔረሰቦች እና ብሔራዊities በመሆኑ፣ ኢጵያዊያን የተለያዩ ብሔረሰቦች እና ብሔራዊities በመሆኑ፣ ኢጵያዊያን የተለያዩ ብሔረሰቦች እና ብሔራዊities በመሆኑ፣ ኢጵያዊያን የተለያዩ ብሔረሰቦች እና ብሔራዊities በመሆኑ፣ ኢጵያዊያን የተለያዩ ብሔረሰቦች እና ብሔራዊities በመሆኑ፣ ኢጵያዊያን የተለያዩ ብሔረሰቦች እና ብሔራዊ,0,0
gemma3-4b,Ethiopia,Amharic,inst-4,New-ch-84,Holidays/Celebration/Leisure,"Based on the provided text ([1]), the answer is **red**.

The text states: “gebeta is a pit-and-pebble game played on ground hollows, rock or wooden boards at weddings, harvest time and (in the south) after circumcision rites, chiefly by elderly men and children.”  It doesn’t explicitly state the color of clothing worn at weddings, but the context of gebeta being played at weddings suggests a connection to celebratory attire, and red is a culturally significant color in Ethiopian celebrations.",0,0
gemma3-4b,Ethiopia,Amharic,inst-4,New-ch-85,Holidays/Celebration/Leisure,Black,1,1.0
gemma3-4b,Ethiopia,Amharic,inst-4,New-en-01,Food,Injera and wat (stews of vegetables and lentils).,0,0
gemma3-4b,Ethiopia,Amharic,inst-4,New-en-02,Food,"Injera
",0,0
gemma3-4b,Ethiopia,Amharic,inst-4,New-en-04,Food,"The provided text doesn't contain information about a specific, widely known chef in Ethiopia. It focuses on food traditions and statistics. 

Therefore, the answer is: **None.**
",0,0
gemma3-4b,Ethiopia,Amharic,inst-4,New-en-05,Food,"Based on the provided information, the answer is **legumes**.

The guidelines state “80-120 g of legumes a day,” indicating they are a significant and likely relatively affordable and fast-prepared food source.  The text doesn't mention other potential expensive or quick foods.",0,0
gemma3-4b,Ethiopia,Amharic,inst-4,New-en-07,Food,መልስ: ሾው,0,0
gemma3-4b,Ethiopia,Amharic,inst-4,New-en-08,Food,"This question cannot be answered based on the provided text. The text focuses on Ethiopian fermented foods (injera, kocho, etc.) and employment statistics, but makes no mention of chocolate brands. 

Therefore, the answer is: **It cannot be determined from the provided text.**
",0,0
gemma3-4b,Ethiopia,Amharic,inst-4,New-en-10,Food,"Teff
",0,0
gemma3-4b,Ethiopia,Amharic,inst-4,New-en-11,Food,"Enset
",0,0
gemma3-4b,Ethiopia,Amharic,inst-4,New-en-12,Food,"Injera
",1,1.0
gemma3-4b,Ethiopia,Amharic,inst-4,New-en-17,Sport,"The provided text doesn't contain information about popular food items enjoyed by sports fans in Ethiopia. It focuses on cultural sports, their preservation, and their impact on fitness and social interaction. 

Therefore, the answer is: **None.**",0,0
gemma3-4b,Ethiopia,Amharic,inst-4,New-en-18,Sport,"Based on the provided text, the most common forms of enjoyment for sports fans playing traditional games in Ethiopia are:

**Genna, Feres Gugs, and Gebeta.** 

The text specifically mentions these three games and their contexts of play.",0,0
gemma3-4b,Ethiopia,Amharic,inst-4,New-en-19,Sport,"Addis Ababa Stadium
",1,1.0
gemma3-4b,Ethiopia,Amharic,inst-4,New-en-23,Sport,"This question cannot be answered based on the provided text. The text focuses on athletics, education of pastoralists, and the Great Ethiopian Run – none of which mention Paralympic athletes.",,
gemma3-4b,Ethiopia,Amharic,inst-4,New-en-26,Sport,"Based on the provided text, there isn't enough information to determine the most popular sport in Ethiopia. The text focuses on traditional dances, cultural games, and athletic performance origins, not on popular sports. 

Therefore, the answer is: **It cannot be determined from the provided text.**",0,0
gemma3-4b,Ethiopia,Amharic,inst-4,New-en-38,Work life,መልስ: በኢትዮጵያ በሠራተኛነት የሚሰሩ ሰዎች።,0,0
gemma3-4b,Ethiopia,Amharic,inst-4,New-en-41,Work life,"Based on the provided text, it’s impossible to definitively answer who the “most famous and successful entrepreneur” in Ethiopia is. The text only offers statistics about employment rates and the types of work people are doing. 

Therefore, the answer is: **None.**
",0,0
gemma3-4b,Ethiopia,Amharic,inst-4,New-en-47,Family,"Based on the provided text, the answer is: **Children visiting neighbours' houses to greet them and are served buurisame.**

The text specifically states: “On the first day of the Sidama New Year festival, children visit neighbours' houses to greet them and are served buurisame…” This describes the activity taking place in the rear/back areas of houses.",0,0
gemma3-4b,Ethiopia,Amharic,inst-4,New-en-49,Family,"Based on the provided information, the answer is: **Enset farmer**

**Reasoning:**

The text states that enset is a staple food in southern and western Ethiopia, and it’s consumed at home by 75.8% of households. This strongly implies that the primary household member involved in cultivating and consuming enset is the enset farmer.  The other demographic data (household size, women as heads of households, and population under 15) are irrelevant to the specific question about the most frequently employed family member.",0,0
gemma3-4b,Ethiopia,Amharic,inst-4,New-en-50,Family,"Based on the provided information, there isn't enough detail to determine the most common family name in Ethiopia. The text focuses on employment statistics, dowry customs, and demographic data, but doesn't mention family names. 

Therefore, the answer is: **It cannot be determined from the provided text.**
",,
gemma3-4b,Ethiopia,Amharic,inst-4,New-en-55,Family,"Orthodox
",1,0.6666666666666666
gemma3-4b,Ethiopia,Amharic,inst-4,New-en-56,Family,"The provided text doesn't offer any information about which foreign language is predominantly spoken in Ethiopia. It focuses on Cushitic languages, enset consumption, and demographic data. 

Therefore, the answer is: **None**.
",0,0
gemma3-4b,Ethiopia,Amharic,inst-4,New-en-59,Family,Ethiopia,0,0
gemma3-4b,Ethiopia,Amharic,inst-4,New-en-68,Education,"Based on the provided text, the answer is: **Sharing facilities within clusters of five or more schools.**

The text states that Ethiopian schools are grouped into clusters to share facilities. While it doesn't explicitly detail *negative* behaviors, the arrangement of sharing facilities within clusters is presented as a typical characteristic of the system.",0,0
gemma3-4b,Ethiopia,Amharic,inst-4,New-en-69,Education,"This question cannot be answered based on the provided text. The text focuses solely on pre-primary education in Ethiopia and does not contain any information about Ethiopian writers or literary output. 

Therefore, the answer is: **Insufficient information.**
",0,0
gemma3-4b,Ethiopia,Amharic,inst-4,New-en-70,Education,1,1,0.25
gemma3-4b,Ethiopia,Amharic,inst-4,New-en-72,Education,"Based on the provided information, there isn't a specific, named online learning platform mentioned. The text focuses on school clusters, buna gatherings, and ESS survey data related to economic inactivity and education. 

Therefore, the answer is: **None of the provided information indicates a specific online learning platform.**
",0,0
gemma3-4b,Ethiopia,Amharic,inst-4,New-en-75,Education,"4
",0,0
gemma3-4b,Ethiopia,Amharic,inst-4,New-en-76,Holidays/Celebration/Leisure,Great Ethiopian Run places,0,0
gemma3-4b,Ethiopia,Amharic,inst-4,New-en-79,Holidays/Celebration/Leisure,Oromia,0,0
gemma3-4b,Ethiopia,Amharic,inst-4,New-en-87,Holidays/Celebration/Leisure,Lalibela churches,0,0
gemma3-4b,Ethiopia,Amharic,inst-4,New-en-90,Holidays/Celebration/Leisure,"Based on the provided text, there is no information about a prominent hotel brand in Ethiopia. The text focuses on wrestling, enset consumption, and traditional fermented foods. 

Therefore, the answer is: **None**.
",0,0
gemma3-4b,Ethiopia,Amharic,inst-4,New-gr-05,Food,"Injera
",0,0
gemma3-4b,Ethiopia,Amharic,inst-4,New-gr-06,Food,መልስ: Meskel flower (meskel አበባ),0,0
gemma3-4b,Ethiopia,Amharic,inst-4,New-gr-08,Food,መልስ: አልኮል መጠጥ በሳምንት ውስጥ 2 ጊዜ ብቻ መ饮ታቸው የሚ توصیه ነው፡፡,0,0
gemma3-4b,Ethiopia,Amharic,inst-4,New-gr-13,Food,"Tej
",0,0
gemma3-4b,Ethiopia,Amharic,inst-4,New-gr-15,Food,"Injera
",0,0
gemma3-4b,Ethiopia,Amharic,inst-4,New-gr-21,Sport,"Based on the provided text, the answer is **gena matches**. 

The text states: “yearly media attention around Christmas gena matches”. This indicates gena matches are the most popular cultural sport in Ethiopia.",,
gemma3-4b,Ethiopia,Amharic,inst-4,New-gr-24,Sport,"Marathon running. 

**Explanation:**

The provided background information (specifically [1]) states that 73% of marathon runners came from Arsi and Shewa, highlighting marathon running as a particularly prominent sport within Ethiopian track and field.
",1,1.0
gemma3-4b,Ethiopia,Amharic,inst-4,New-gr-29,Sport,"Great Ethiopian Run
",1,0.6666666666666666
gemma3-4b,Ethiopia,Amharic,inst-4,New-gr-47,Work life,1.5,0,0
gemma3-4b,Ethiopia,Amharic,inst-4,New-gr-58,Work life,Unpaid family workers.,0,0
gemma3-4b,Ethiopia,Amharic,inst-4,New-gr-76,Holidays/Celebration/Leisure,"Injera
",0,0
gemma3-4b,Ethiopia,Amharic,inst-4,New-gr-82,Holidays/Celebration/Leisure,"Based on the provided text, there is no information about popular music genres in Ethiopia, particularly among older adults. The text focuses on demographics, employment rates, and a traditional game. 

Therefore, the answer is: **There is no information provided in the text.**
",0,0
gemma3-4b,Ethiopia,Amharic,inst-4,New-gr-88,Holidays/Celebration/Leisure,"Tej. 

(Based on information from [2])",0,0
gemma3-4b,Ethiopia,Amharic,inst-4,New-gr-89,Holidays/Celebration/Leisure,"Tej
",0,0
gemma3-4b,Ethiopia,Amharic,inst-4,New-ha-07,Food,"Injera. 

**Explanation:**

While Ethiopian cuisine is diverse and includes many fermented foods, injera is the most globally recognized and widely available representation of Ethiopian food. It’s the base for almost all Ethiopian meals and is increasingly popular internationally.
",1,1.0
gemma3-4b,Ethiopia,Amharic,inst-4,New-ha-08,Food,"Based on the provided text, the answer is **gebeta**.

The text states: “According to Ethiopost’s 1984 stamp text, gebeta is a pit-and-pebble game played on ground hollows, rock or wooden boards at weddings, harvest time and (in the south) after circumcision rites, chiefly by elderly men and children.” This strongly suggests gebeta is a popular food enjoyed by children and elders.",,
gemma3-4b,Ethiopia,Amharic,inst-4,New-ha-09,Food,"Buna
",0,0
gemma3-4b,Ethiopia,Amharic,inst-4,New-ha-13,Food,"Enset. 

(Based on information [1])",0,0
gemma3-4b,Ethiopia,Amharic,inst-4,New-ha-19,Sport,"Based on the provided text, the answer is **horse**.

Here's the reasoning:

The text mentions ""Dawro cultural sports,"" specifically referencing ""Tercha and Tochа woredas"" where these sports, including horse-related activities, are widely practiced. This strongly suggests the animal in question is a horse.",1,1.0
gemma3-4b,Ethiopia,Amharic,inst-4,New-ha-66,Family,"Based on the provided text, the most likely answer is:

**Gebeta** 

The text mentions ""gebeta is a pit-and-pebble game played at weddings,"" indicating it's a common and well-known element of Ethiopian wedding celebrations.
",0,0
gemma3-4b,Ethiopia,Amharic,inst-4,New-in-01,Food,"Based on the provided text, it’s impossible to definitively answer which coffee brand is most famous in Ethiopia. The text only discusses coffee ceremonies, consumption patterns, and the staple crop enset. 

Therefore, the answer is: **It cannot be determined from the provided text.**
",0,0
gemma3-4b,Ethiopia,Amharic,inst-4,New-in-03,Food,"Injera
",1,1.0
gemma3-4b,Ethiopia,Amharic,inst-4,New-in-33,Work life,"Amhara
",0,0
gemma3-4b,Ethiopia,Amharic,inst-4,New-in-34,Work life,"SNNP (South West Ethiopia)
",0,0
gemma3-4b,Ethiopia,Amharic,inst-4,New-in-62,Education,መልስ: Addis Ababa Institute of Technology,0,0
gemma3-4b,Ethiopia,Amharic,inst-4,New-in-63,Education,Adish Ababa University College of Health Sciences,0,0
gemma3-4b,Ethiopia,Amharic,inst-4,New-in-78,Holidays/Celebration/Leisure,Enset (Enset),0,0
gemma3-4b,Ethiopia,Amharic,inst-4,New-in-80,Holidays/Celebration/Leisure,"Based on the provided text, the answer is **Ethiopian Epiphany**.

The text states: “Ethiopian Epiphany doubles as an occasion for performances of traditional dances and songs of Ethiopia's different nations and nationalities and for displaying traditional dress.” This clearly indicates that the “jijignaa” (the “jijignaa” is the Ethiopian term for a park) is associated with the Ethiopian Epiphany.",0,0
gemma3-4b,Ethiopia,Amharic,inst-4,New-ko-01,Family,"The answer is: **Sesame Street**. 

(The provided background information doesn't directly state this, but Sesame Street is the most widely known and frequently watched children's program in Ethiopia.)",1,1.0
gemma3-4b,Ethiopia,Amharic,inst-4,New-ko-02,Family,"Based on the provided information, the most common pre-natal education given to expectant mothers in Ethiopia is **two years of pre-primary education**. 

This is stated in [2] which outlines the revised 2023 Education and Training Policy including the provision of two years of pre-primary education.
",0,0
gemma3-4b,Ethiopia,Amharic,inst-4,New-ko-03,Family,St. Yared’s hymns.,0,0
gemma3-4b,Ethiopia,Amharic,inst-4,New-ko-04,Family,"መልስ: Fireswood, bonfires. 

(Based on information [1] - boys help fathers with firewood, bonfires and home repairs.)",0,0
gemma3-4b,Ethiopia,Amharic,inst-4,New-ko-05,Family,"Based on the provided text, the most common play activities for girls in Ethiopia are preparing “buna” (as described in [1]).
",0,0
gemma3-4b,Ethiopia,Amharic,inst-4,New-ko-06,Family,"The provided text doesn't contain any information about Ethiopian folklore or traditional stories for children. Therefore, I cannot answer the question based on this text.
",0,0
gemma3-4b,Ethiopia,Amharic,inst-4,New-ko-07,Holidays/Celebration/Leisure,"መልስ: ባሕላዊ ምልክት፡ ቡና (buna).
",0,0
gemma3-4b,Ethiopia,Amharic,inst-4,New-ko-08,Work life,"Based on the provided information, it’s impossible to definitively answer where university students in Ethiopia might seek part-time work. The text doesn’t offer any data on student employment or preferences. 

Therefore, I cannot provide a specific answer.",0,0
gemma3-4b,Ethiopia,Amharic,inst-4,New-ko-09,Work life,"This question cannot be answered based on the provided text. The text contains information about Ethiopian athletics, football, and food guidelines – none of which relate to business team building processes within Ethiopian companies. 

Therefore, the answer is: **Insufficient information.**",,
gemma3-4b,Ethiopia,Amharic,inst-4,New-ko-10,Work life,"መልስ: በሰነፍ ሥራ።
",0,0
gemma3-4b,Ethiopia,Amharic,inst-4,New-pe-02,Food,"Injera
",1,0.3333333333333333
gemma3-4b,Ethiopia,Amharic,inst-4,New-pe-06,Food,"Injera
",0,0
gemma3-4b,Ethiopia,Amharic,inst-4,New-pe-11,Food,"Injera
",0,0
gemma3-4b,Ethiopia,Amharic,inst-4,New-pe-16,Sport,"Based on the provided text, the answer is **Feres Gugs**.

The text specifically states: “Ethiopost’s 1984 stamp text presents Feres Gugs as an Ethiopian horsemanship game requiring skilled riding, with ‘gugs’ denoting a fast rider.”
",0,0
gemma3-4b,Ethiopia,Amharic,inst-4,New-pe-20,Sport,"መልስ: ጃና ሜચ (Gena Match)
",,
gemma3-4b,Ethiopia,Amharic,inst-4,New-pe-45,Work life,Shuwalid.,0,0
gemma3-4b,Ethiopia,Amharic,inst-4,New-pe-47,Family,"11/09 
",0,0
gemma3-4b,Ethiopia,Amharic,inst-4,New-pe-49,Family,"መልስ: በጎልሎ-ኢጌታ ውስጥ። 

(Translation: Answer: In Goolo-Igetta.)

**Reasoning:**

The provided text states: “the ten days end with ‘goolo-igetta’, including horse riding.” This clearly indicates that Goolo-Igetta is a time and place where families reunite and gather.
",0,0
gemma3-4b,Ethiopia,Amharic,inst-4,New-pe-53,Family,"The provided text doesn't contain any information about Father's Day gifts in Ethiopia. It focuses on dietary guidelines and state holidays. 

Therefore, I cannot answer the question based on this text.",0,0
gemma3-4b,Ethiopia,Amharic,inst-4,New-pe-54,Family,"The provided text doesn't contain any information about gifts given on Mother's Day (or Parent's Day) in Ethiopia. It focuses on dietary guidelines and state holidays. 

Therefore, the answer is: **Unknown.**
",0,0
gemma3-4b,Ethiopia,Amharic,inst-4,New-pe-59,Family,"4
",0,0
gemma3-4b,Ethiopia,Amharic,inst-4,New-pe-65,Education,8,0,0
gemma3-4b,Ethiopia,Amharic,inst-4,New-pe-66,Education,መልስ: ከትምህርት በኋላ የሚሰጡ ታዋቂ ተጨማሪ ኢመደበኛ እንቅስቃሴዎች፡ ከትምህርት በኋላ የሚሰጡ ታዋቂ ተጨማሪ ኢመደበኛ እንቅስቃሴዎች፡ ከትምህርት በኋላ የሚሰጡ ታዋቂ ተጨማሪ ኢመደበኛ እንቅስቃሴዎች፡ ከትምህርት በኋላ የሚሰጡ ታዋቂ ተጨማሪ ኢመደበኛ እንቅስቃሴዎች፡ ከትምህርት በኋላ የሚሰጡ ታዋቂ ተጨማሪ ኢመደበኛ እንቅስቃሴዎች፡ ከትምህርት በኋላ የሚሰጡ ታዋቂ ተጨማሪ ኢመደበኛ እንቅስቃሴዎች፡ ከትምህርት በኋላ የሚሰጡ ታዋቂ ተጨማሪ ኢመደበኛ እንቅስቃሴዎች፡ ከትምህርት በኋላ የሚሰጡ ታዋቂ ተጨማሪ ኢመደበኛ እንቅስቃሴዎች፡ ከትምህርት በኋላ የሚሰጡ ታዋቂ ተጨማሪ ኢመደበኛ እንቅስቃሴዎች፡ ከትምህርት በኋላ የሚሰጡ ታዋቂ ተጨማሪ ኢመደበኛ እንቅስቃሴዎች፡ ከትምህርት በኋላ የሚሰጡ ታዋቂ ተጨማሪ ኢመደበኛ እንቅስቃሴዎች፡ ከትምህርት በኋላ የሚሰጡ ታዋቂ ተጨማሪ ኢመደበኛ እንቅስቃሴዎች፡ ከትምህርት በኋላ የሚሰጡ ታዋቂ ተጨማሪ ኢመደበኛ እንቅስቃሴዎች፡ ከትምህርት በኋላ የሚሰጡ ታዋቂ ተጨማሪ ኢመደበኛ እንቅስቃሴዎች፡ ከትምህርት በኋላ የሚሰጡ ታዋቂ ተጨማሪ ኢመደበኛ እንቅስቃሴዎች፡ ከትምህርት በኋላ የሚሰጡ ታዋቂ ተጨማሪ ኢመደበኛ እንቅስቃሴዎች፡ ከትምህርት በኋላ የሚሰጡ ታዋቂ ተጨማሪ ኢመደበኛ እንቅስቃሴዎች፡ ከትምህርት በኋላ የሚሰጡ ታዋቂ ተጨማሪ ኢመደበኛ እንቅስቃሴዎች፡ ከትምህርት በኋላ የሚሰጡ ታዋቂ ተጨማሪ ኢመደበኛ እንቅስቃሴዎች፡ ከትምህርት በኋላ የሚሰጡ ታዋቂ ተጨማሪ ኢመደበኛ እንቅስቃሴዎች፡ ከትምህርት በኋላ የሚሰጡ ታዋቂ ተጨማሪ ኢመደበኛ እንቅስቃሴዎች፡ ከትምህርት በኋላ የሚሰጡ ታዋቂ ተጨማሪ ኢመደበኛ እንቅስቃሴዎች፡ ከትምህርት በኋላ የሚሰጡ ታዋቂ ተጨማሪ ኢመደበኛ እንቅስቃሴዎች፡ ከትምህርት በኋላ የሚሰጡ ታዋቂ ተጨማሪ ኢመደበኛ እንቅስቃሴዎች፡ ከትምህርት በኋላ የሚሰጡ ታዋቂ ተጨማሪ ኢመደበኛ እንቅስቃሴዎች፡ ከትምህርት በኋላ የሚሰጡ,1,1.0
gemma3-4b,Ethiopia,Amharic,inst-4,New-pe-74,Education,"The provided text does not contain information about the average annual tuition fees at Ethiopian universities. Therefore, I cannot answer the question based on this information.",0,0
gemma3-4b,Ethiopia,Amharic,inst-4,New-pe-76,Holidays/Celebration/Leisure,"Based on the provided text, there is no information about a specific popular activity in Ethiopian parks. The text focuses on cultural traditions (Epiphany celebrations), employment statistics, and education needs related to pastoralist communities. 

Therefore, the answer is: **It is not possible to determine from the provided text.**
",0,0
gemma3-4b,Ethiopia,Amharic,inst-4,New-pe-78,Holidays/Celebration/Leisure,"This question cannot be answered based on the provided text. The text describes festivals like the Shuwalid, Ethiopian Epiphany, and Gifaataa, but it does not mention a film festival.",0,0
gemma3-4b,Ethiopia,Amharic,inst-4,New-pe-83,Holidays/Celebration/Leisure,"Based on the provided information, the answer is **Genna**.

The text states that genna is “played across nationalities and religions, first by northern groups such as Amhara, Tigrai and Agaw, later also in the south, by men, women and children.” This clearly identifies it as a card game played at social gatherings.",1,1.0
gemma3-4b,Ethiopia,Amharic,inst-4,New-pe-85,Holidays/Celebration/Leisure,"Adulis (Axum)
",0,0
gemma3-4b,Ethiopia,Amharic,inst-4,New-pe-86,Holidays/Celebration/Leisure,"Based on the provided text, the answer is **Gambella**. 

The text states that Gambella has a particularly low employment-to-population ratio (49.4%).
",0,0
gemma3-4b,Ethiopia,Amharic,inst-4,New-spme-01,Food,"መልስ: Teff (ትፍ)
",,
gemma3-4b,Ethiopia,Amharic,inst-4,New-spme-04,Food,"Injera
",0,0
gemma3-4b,Ethiopia,Amharic,inst-4,New-spme-05,Food,The provided text doesn't offer information about popular sweets in Ethiopia. It focuses on fermented foods and employment statistics.,0,0
gemma3-4b,Ethiopia,Amharic,inst-4,New-spme-15,Sport,"Dawro cultural sports
",0,0
gemma3-4b,Ethiopia,Amharic,inst-4,New-spme-27,Education,"4.6
",0,0
gemma3-4b,Ethiopia,Amharic,inst-4,New-spme-37,Education,"Based on the provided information, the answer is **pastoralist**.

The text specifically mentions that 63 pastoralist woredas (including those needing special support due to their nomadic lifestyle and reliance on livestock) exist in Ethiopia. This strongly suggests that students leaving Ethiopia for education are primarily from pastoralist communities.",0,0
gemma3-4b,Ethiopia,Amharic,inst-4,New-spme-60,Family,"19 जनवरी (Epiphany)
",0,0
gemma3-4b,Ethiopia,Amharic,inst-4,New-spme-65,Family,"2 March (Adwa Day)
",1,0.5
gemma3-4b,Ethiopia,Amharic,inst-4,New-spme-68,Family,"Based on the provided text, there is no information about a particularly popular beverage among Ethiopian children. The text focuses on nutrition, vaccination campaigns, and educational programs. 

Therefore, the answer is: **No information provided.**",0,0
gemma3-4b,Ethiopia,Amharic,inst-4,New-spme-76,Holidays/Celebration/Leisure,Adwa,1,0.5
gemma3-4b,Ethiopia,Amharic,inst-4,New-spme-78,Holidays/Celebration/Leisure,"መልስ: ጵጵጵ አatrical። 

(Translation: *Pp’pp’pp Ataleh*) 

This refers to the *Ataleh* song, a traditional song sung at Ethiopian birthday celebrations.
",0,0
gemma3-4b,Ethiopia,Amharic,inst-4,New-su-01,Food,"Based on the provided text, there is no information about options selling in front of Ethiopian schools. The text focuses on school numbers, enset consumption, and pre-primary education programs. 

Therefore, the answer is: **No information provided.**",0,0
gemma3-4b,Ethiopia,Amharic,inst-4,New-su-09,Food,Enset oil,0,0
gemma3-4b,Ethiopia,Amharic,inst-4,New-su-10,Food,"Enset.

**Explanation:**

The provided background information states that enset (a starchy root vegetable) is a staple food consumed frequently by pregnant women in southern and western Ethiopia.
",1,0.5
gemma3-4b,Ethiopia,Amharic,inst-4,New-su-15,Food,"tej
",0,0
gemma3-4b,Ethiopia,Amharic,inst-4,New-su-17,Sport,"The provided text doesn't contain information about sports facilities in parks. It focuses on cultural sports, cluster arrangements of schools, and the risk of traditional sports disappearing. 

Therefore, the answer is: **It is not possible to determine from the provided text.**",0,0
gemma3-4b,Ethiopia,Amharic,inst-4,New-su-21,Sport,"Based on the provided text, the answer is:

**Buna gatherings in parks.**

The text states: ""[1] In Platt's study, buna gatherings were at least daily and usually midday in rural areas, daily but less consistent in Addis Ababa, and could be improvised for visitors."" This clearly describes gatherings related to ""buna"" in parks.",1,0.6666666666666666
gemma3-4b,Ethiopia,Amharic,inst-4,New-su-24,Sport,መልስ: በኢትዮጵያ ወላጆች እና ልጆች በጋራ የሚጫወቱ ስፖርቶች በocultural ስፖርቶች ናቸው።,0,0
gemma3-4b,Ethiopia,Amharic,inst-4,New-su-28,Sport,CAF,0,0
gemma3-4b,Ethiopia,Amharic,inst-4,New-su-33,Education,"መልስ: ተለመደ ልብስ
",0,0
gemma3-4b,Ethiopia,Amharic,inst-4,New-su-34,Education,"This question cannot be answered based on the provided text. The text only details the structure and numbers of schools in Ethiopia, including pre-primary education programs, but makes no mention of music programs or any other specific extracurricular activities. 

Therefore, the answer is: **It cannot be determined from the provided text.**",1,0.5
gemma3-4b,Ethiopia,Amharic,inst-4,New-su-42,Education,"The provided text doesn't state which religion is taught in Ethiopian schools. It focuses solely on the structure, numbers, and programs within the education system. 

Therefore, the answer is: **It is not stated in the text.**",0,0
gemma3-4b,Ethiopia,Amharic,inst-4,New-su-45,Education,"12/29
",,
gemma3-4b,Ethiopia,Amharic,inst-4,New-su-50,Work life,"Agriculture.
",1,0.5
gemma3-4b,Ethiopia,Amharic,inst-4,New-su-51,Work life,"መልስ: በባህር ዳርቻ አካባቢ የሚኖሩ ሰዎች ዋና ስራቸው በነፃ አricultուր እና በமீನು pesca ሥራ ነው። (Skilled agricultural and fishery workers)
",0,0
gemma3-4b,Ethiopia,Amharic,inst-4,New-su-57,Work life,"Based on the provided text, the answer is **livestock**.

The text specifically mentions “pastoralist woredas” and that pastoralist life “involves movement and livestock reliance.”  It also states that dowries often include livestock.",0,0
gemma3-4b,Ethiopia,Amharic,inst-4,New-su-58,Work life,"መልስ: እርሻ
",0,0
gemma3-4b,Ethiopia,Amharic,inst-4,New-su-59,Work life,"The provided text doesn't contain information about how Ethiopian farmers protect themselves from the sun’s heat. It focuses on land rights, labor practices, and traditional roles, but not protective clothing. 

Therefore, the answer is: **The text does not provide this information.**
",0,0
gemma3-4b,Ethiopia,Amharic,inst-4,New-su-60,Work life,"The provided text doesn’t contain information about what Ethiopian farmers eat at *missir* (the rainy season harvest celebration). It focuses on buna gatherings, land-use rights, and the Great Ethiopian Run. 

Therefore, the answer is: **The text does not provide information about what Ethiopian farmers eat at missir.**",0,0
gemma3-4b,Ethiopia,Amharic,inst-4,New-su-71,Family,"Based on the provided text, there is no information about gifts given to children by parents on special occasions. The text focuses on childcare practices, traditions, and family structures within Ethiopia. 

Therefore, the answer is: **No information provided.**",0,0
gemma3-4b,Ethiopia,Amharic,inst-4,New-su-75,Family,"This question cannot be answered based on the provided text. The text focuses on Wolaita traditions, enset consumption, and demographic data – none of which relate to car ownership in Ethiopia. 

Therefore, the answer is: **It cannot be determined from the provided text.**",0,0
gemma3-4b,Ethiopia,Amharic,inst-4,New-su-77,Holidays/Celebration/Leisure,"The answer is: **Polio and vaccination messages.**

**Explanation:**

The provided text states: ""[1] Around 3,000 children take part in Saturday children's races alongside the Great Ethiopian Run, which in 2023 carried polio and vaccination messages."" This directly indicates that the gift given for Eid al-Adha (or in this case, the children's race) was polio and vaccination messages.",0,0
gemma3-4b,Ethiopia,Amharic,inst-4,New-su-81,Holidays/Celebration/Leisure,"The provided text doesn’t contain information about the clothing men wear at religious gatherings (serga). It focuses on games (gebeta), running events (Great Ethiopian Run), and buna gatherings. 

Therefore, the answer is: **Unknown** (based on the provided text).",0,0
gemma3-4b,Ethiopia,Amharic,inst-4,New-su-82,Holidays/Celebration/Leisure,"The provided text doesn't contain any information about the specific clothing worn by Ethiopian female runners (serga runners). It focuses on games like Gebeta, the Great Ethiopian Run, and buna gatherings. 

Therefore, the answer is: **None.**
",0,0
gemma3-4b,Ethiopia,Amharic,inst-4,New-su-83,Holidays/Celebration/Leisure,"Injera.

**Explanation:**

While the provided background information doesn’t explicitly state what’s typical for weddings, the key detail about injera (mentioned in [2]) – a staple food of Ethiopia – strongly suggests it’s the most appropriate and traditional choice for a wedding feast. The meskel flower food guide ([1]) also highlights injera as a central food group.
",0,0
gemma3-4b,Ethiopia,Amharic,inst-4,New-su-86,Holidays/Celebration/Leisure,"Addis Ababa (Addis Ababa)
",0,0
gemma3-4b,Ethiopia,Amharic,inst-4,New-su-88,Holidays/Celebration/Leisure,"This question cannot be answered based on the provided text. The text focuses on demographics, education, and employment rates in Ethiopia, and does not contain any information about musical preferences.
",1,1.0
gemma3-4b,Ethiopia,Amharic,inst-4,Ni-en-02,Education,"The provided text doesn't state how many hours middle school students spend in school per day. It only describes the grade levels and the overall education system.
",0,0
gemma3-4b,Ethiopia,Amharic,inst-4,Ni-en-03,Education,"መልስ: 12
",0,0
gemma3-4b,Ethiopia,Amharic,inst-4,Ni-en-06,Education,"12
",0,0
gemma3-4b,Ethiopia,Amharic,inst-4,Ni-en-09,Education,"0
",0,0
gemma3-4b,Ethiopia,Amharic,inst-4,Ni-en-11,Education,12,1,1.0
gemma3-4b,Ethiopia,Amharic,inst-4,Ni-en-12,Education,University.,0,0
gemma3-4b,Ethiopia,Amharic,inst-4,Ni-en-13,Education,"12
",0,0
gemma3-4b,Ethiopia,Amharic,inst-4,Ni-en-15,Education,"13
",0,0
gemma3-4b,Ethiopia,Amharic,inst-4,Ni-en-17,Work life,12,0,0
gemma3-4b,Ethiopia,Amharic,inst-4,Ni-en-19,Work life,"0
",0,0
gemma3-4b,Ethiopia,Amharic,inst-4,Ni-en-20,Work life,5,0,0
gemma3-4b,Ethiopia,Amharic,inst-4,Ni-en-21,Work life,"12
",0,0
gemma3-4b,Ethiopia,Amharic,inst-4,Ni-en-31,Holidays/Celebration/Leisure,መልስ: በኢትዮጵያ ሰዎች በአል ሲያከብሩ በነዚህን ምግብ ዓይነቶች ይመገባሉ፡ በነዚህን በዓላት በነዚህን በዓላት በነዚህን በዓላት በነዚህን በዓላት በነዚህን በዓላት በነዚህን በዓላት በነዚህን በዓላት በነዚህን በዓላት በነዚህን በዓላት በነዚህን በዓላት በነዚህን በዓላት በነዚህን በዓላት በነዚህን በዓላት በነዚህን በዓላት በነዚህን በዓላት በነዚህን በዓላት በነዚህን በዓላት በነዚህን በዓላት በነዚህን በዓላት በነዚህን በዓላት በነዚህን በዓላት በነዚህን በዓላት በነዚህን በዓላት በነዚህን በዓላት በነዚህን በዓላት በነዚህን በዓላት በነዚህን በዓላት በነዚህን በዓላት በነዚህን በዓላት በነዚህን በዓላት በነዚህን በዓላት በነዚህን በዓላት በነዚህን በዓላት በነዚህን በዓላት በነዚህን በዓላት በነዚህን በዓላት በነዚህን በዓላት በነዚህን በዓላት በነዚህን በዓላት በነዚህን በዓላት በነዚህን በዓላት በነዚህን በዓላት በነዚህን በዓላት በነዚህን በዓላት በነዚህን በዓላት በነዚህን በዓላት በነዚህን በዓላት በነዚህን በዓላት በነዚህን በዓላት በነዚህን በዓላት በነዚህን በዓላት በነዚህን በዓላት በነዚህን በዓላት በነዚህን በዓላት በነዚህን በዓላት በነዚህን በዓላት በነዚህን በዓላት በነዚህን በዓላት በነዚህን በዓላት በነዚህን በዓላት በነዚህን በዓላት በነዚህን በዓላት በነዚህን በዓላት በነዚህን በዓላት በነዚህን በዓላት በነዚህን በዓላት በነዚህን በዓላት በነዚህን በዓላት በነዚህን በዓላት በ,0,0
gemma3-4b,Ethiopia,Amharic,inst-4,Ni-en-37,Holidays/Celebration/Leisure,"Based on the provided text, the answer is: **Adwa 2 March**.

The text specifically mentions ""Adwa 2 March"" as a state holiday in Ethiopia. While other holidays like Gifaataa and Fichee-Chambalaalla involve aspects of romance and community, the question asks for the *day* dedicated to celebrating love and relationships.
",0,0
gemma3-4b,Ethiopia,Amharic,inst-4,Ni-en-40,Holidays/Celebration/Leisure,"Epiphany (Ganna) music. 

**Explanation:**

Source [3] explicitly states that Ethiopian Epiphany doubles as an occasion for “performances of traditional dances and songs of Ethiopia’s different nations and nationalities.” This indicates that traditional music, specifically associated with the Epiphany celebration, is particularly well-known.
",1,0.3333333333333333
gemma3-4b,Ethiopia,Amharic,inst-4,Nu-in-04,Education,"7, 8
",0,0
gemma3-4b,Ethiopia,Amharic,inst-4,Nu-in-05,Education,"1
",1,1.0
gemma3-4b,Ethiopia,Amharic,inst-4,Nu-in-06,Education,"The provided text doesn't contain information about when Ethiopia's National Teachers' Day is celebrated. It focuses on pupil-teacher ratios, dietary guidelines, and educational structure. 

Therefore, the answer is: **No answer available.**
",0,0
gemma3-4b,Ethiopia,Amharic,inst-4,Nu-in-11,Education,"18:00
",0,0
gemma3-4b,Ethiopia,Amharic,inst-4,Nu-in-20,Family,"12/21
",,
gemma3-4b,Ethiopia,Amharic,inst-4,Nu-in-40,Work life,"መልስ: አይደለም።
",0,0
gemma3-4b,Ethiopia,Amharic,inst-4,Sa-en-1,Food,"Enset
",0,0
gemma3-4b,Ethiopia,Amharic,inst-4,Sa-en-13,Food,Injera,0,0
gemma3-4b,Ethiopia,Amharic,inst-4,Sa-en-16,Sport,"Ethiopian Football Federation (EFFA)
",0,0
gemma3-4b,Ethiopia,Amharic,inst-4,Sa-en-22,Sport,ዩኒቨርስቲ።,0,0
gemma3-4b,Ethiopia,Amharic,inst-4,Sa-en-31,Family,"Enset
",0,0
gemma3-4b,Ethiopia,Amharic,inst-4,Sa-en-32,Family,"The provided background information doesn't contain any information about television shows or viewership in Ethiopia. Therefore, I cannot answer the question based on this data. 

**Answer: Cannot be determined from the provided information.**",0,0
gemma3-4b,Ethiopia,Amharic,inst-4,Sa-en-37,Family,"Based on the provided text, there is no information about a specific board game popular in Ethiopia. The text focuses on employment statistics, buna preparation, and cultural games, but doesn't mention any board games.

Therefore, the answer is: **There is no information in the text about a popular board game in Ethiopia.**
",,
gemma3-4b,Ethiopia,Amharic,inst-4,Sa-en-6,Food,"Meskel flower (መስቀል አበባ)
",0,0
gemma3-4b,Ethiopia,Amharic,inst-4,Sa-en-7,Food,"Injera, kocho, awaze, tella, tej and borde.",0,0
gemma3-4b,Ethiopia,Amharic,inst-4,Sa-en-9,Food,"Based on the provided information, it’s impossible to definitively state *exactly* what people in Bahir Dar eat. However, the information suggests they likely consume:

**Injera, kocho, awaze, tella, tej and borde.**

**Reasoning:** The text doesn't specify regional dietary differences.  The mention of “koco” being a lactic-fermented enset food of southern Ethiopia suggests that people in Bahir Dar could consume this food, as Ethiopia is a diverse country.
",1,0.25
gemma3-4b,Ethiopia,Amharic,inst-4,Ta-pe-10,Family,"23.7
",0,0
gemma3-4b,Ethiopia,Amharic,inst-4,Ta-pe-11,Family,"20
",0,0
gemma3-4b,Ethiopia,Amharic,inst-4,Ta-pe-13,Family,4.6,1,1.0
gemma3-4b,Ethiopia,Amharic,inst-4,Ta-pe-17,Sport,Feres Gugs.,0,0
gemma3-4b,Ethiopia,Amharic,inst-4,Ta-pe-21,Sport,"Based on the provided text, there is no information about where children play football (soccer) in Ethiopia. The text focuses on child-to-child pre-school programs, children's races with vaccination messages, and the sale of Great Ethiopian Run places.

Therefore, the answer is: **No information provided.**
",0,0
gemma3-4b,Ethiopia,Amharic,inst-4,Ta-pe-22,Sport,"Based on the provided text, the answer is **buna gatherings**.

The text states: “In Platt’s study, buna gatherings were at least daily and usually midday in rural areas…” This clearly indicates that buna gatherings were a popular daily activity for women in Ethiopia.",0,0
gemma3-4b,Ethiopia,Amharic,inst-4,Ta-pe-23,Sport,"Based on the provided text, there isn't enough information to answer this question. The text focuses on dietary guidelines and teacher numbers, not on social networks or communication patterns among men in Ethiopia. 

Therefore, the answer is: **Insufficient information.**",0,0
gemma3-4b,Ethiopia,Amharic,inst-4,Ta-pe-25,Sport,መልስ: አርሲ እና ሸዋ (ከ አሯሯት),0,0
gemma3-4b,Ethiopia,Amharic,inst-4,Ta-pe-29,Sport,"Based on the provided text, it’s impossible to definitively say which sport is “most compelling” in Ethiopia. The text only mentions a large number of cultural games (over 290) and focuses on the state budget and public interest in specific games like “gena matches.” It doesn’t provide any information about popularity or engagement with any particular sport.

Therefore, the answer is: **It cannot be determined from the provided text.**
",0,0
gemma3-4b,Ethiopia,Amharic,inst-4,Ta-pe-30,Sport,The provided text doesn't contain information about popular television programs related to sports in Ethiopia. It focuses solely on cultural sports and their preservation.,0,0
gemma3-4b,Ethiopia,Amharic,inst-4,Ta-pe-32,Holidays/Celebration/Leisure,Sept 11,0,0
gemma3-4b,Ethiopia,Amharic,inst-4,Ta-pe-37,Holidays/Celebration/Leisure,"Based on the provided text, the most common symbol for New Year’s Eve in Ethiopia is the **meskel flower**. 

The text states: “Ethiopia’s food guide is drawn as a meskel flower, a symbol of the new year and harvest…”",1,0.3333333333333333
gemma3-4b,Ethiopia,Amharic,inst-4,Ta-pe-42,Holidays/Celebration/Leisure,"Based on the provided information, the answer is: **buurisame (false banana), milk and butter.**

The text specifically mentions the Sidama people sharing buurisame, milk, and butter during their New Year festival, Fichee-Chambalaalla. While the meskel flower and its associated food groups are also relevant to Ethiopian New Year celebrations, the question asks about *what* people eat on that day, and the text directly answers this.",0,0
gemma3-4b,Ethiopia,Amharic,inst-4,Ta-pe-45,Holidays/Celebration/Leisure,መልስ: በዓል ላይ በተለይ Eucharistic Liturgy (የካህናት ምድብ) ይበላል።,0,0
gemma3-4b,Ethiopia,Amharic,inst-4,Th-en-01,Sport,"Gena matches. 

**Explanation:**

The provided text states, “yearly media attention around Christmas gena matches,” indicating that gena matches are the popular winter sport in Ethiopia.",0,0
gemma3-4b,Ethiopia,Amharic,inst-4,Th-en-03,Sport,"ፍुट볼 (Football/Soccer)
",1,1.0
gemma3-4b,Ethiopia,Amharic,inst-4,Th-en-05,Sport,"Based on the provided text, there is no mention of a specific women's sports team in Ethiopia. The text only states that the Ethiopian Football Federation has separate national coaches for its men’s and women’s teams.",0,0
gemma3-4b,Ethiopia,Amharic,inst-4,Th-en-09,Sport,"መልስ: ባህላዊ खेल competiciónዎች። (Cultural Sports Federation)
",0,0
gemma3-4b,Ethiopia,Amharic,inst-4,Th-en-11,Sport,"Based on the provided information, a direct answer to ""Who is a famous athlete from Ethiopia?"" isn't explicitly stated. However, the context strongly suggests **Ethiopian marathon runners** are exceptionally famous within the country. 

Therefore, the answer is: **Ethiopian marathon runners**.
",0,0
gemma3-4b,Ethiopia,Amharic,inst-4,Th-en-12,Sport,"Based on the provided text, it’s impossible to determine Ethiopia’s success in international sports. The text focuses solely on *Ethiopian* cultural sports and their declining popularity, with no mention of international competitions. 

Therefore, the answer is: **The text does not provide information about Ethiopia’s success in international sports.**",0,0
gemma3-4b,Ethiopia,Amharic,inst-4,Th-en-15,Sport,"Based on the provided text, the answer is **gena matches**.

The text states: “yearly media attention around Christmas gena matches”. This clearly indicates that gena matches are a popular winter sport in Ethiopia.",0,0
gemma3-4b,Ethiopia,Amharic,inst-4,Th-en-19,Work life,Gambella,0,0
gemma3-4b,Ethiopia,Amharic,inst-4,Th-en-21,Work life,"Based on the provided information, the most significant additional benefit for Ethiopian workers would be **equal pay**. The data clearly shows a Birr 2,061 gender pay gap (7,534 for men vs. 5,473 for women) and differing average earnings based on urban vs. rural locations.
",0,0
gemma3-4b,Ethiopia,Amharic,inst-4,Th-en-22,Work life,"Based on the provided information, the most difficult economic downturn for Ethiopia was likely during the period reflected in the data – specifically **2022/23**. 

This is evidenced by:

*   **Dropout rates:** The high dropout rates (16% primary, 15% middle school) in 2021/22, particularly in Afar, suggest economic hardship impacting families' ability to send children to school.
*   **Low employment ratios:** The significantly lower employment-to-population ratios in regions like Dire Dawa and Gambella (48.3% and 49.4% respectively) point to economic challenges.

While the data doesn't explicitly state *why* these challenges occurred, the timeframe aligns with the most recent figures available.",0,0
gemma3-4b,Ethiopia,Amharic,inst-4,Th-en-24,Work life,"Somali Region
",0,0
gemma3-4b,Ethiopia,Amharic,inst-4,Th-en-27,Work life,"Industry
",0,0
gemma3-4b,Ethiopia,Amharic,inst-4,Th-en-35,Family,"መልስ: በቤተሰብ አባላት መካከል በብዛት እራት ላይ አብረው የሚመገቡት ይመስላል።
",1,1.0
gemma3-4b,Ethiopia,Amharic,inst-4,Th-en-36,Family,"Based on the provided text, the answer is: **buna preparation**.

The text states: “girls learn by observing and first prepare it around age ten for the family, and hosting one's own buna typically follows marriage or setting up a home.” This clearly describes a family activity involving the preparation of “buna.”
",0,0
gemma3-4b,Ethiopia,Amharic,inst-4,Th-en-37,Family,"12
",0,0
gemma3-4b,Ethiopia,Amharic,inst-4,Th-en-38,Family,"Buna. 

**Explanation:**

The provided background information [2] states that ""girls learn by observing and first prepare it around age ten for the family, and hosting one's own buna typically follows marriage or setting up a home.""  ""Buna"" is a traditional Ethiopian coffee ceremony, and it's a central part of family celebrations and hospitality.
",0,0
gemma3-4b,Ethiopia,Amharic,inst-4,Th-en-39,Family,"Based on the provided text, the answer is **genna**.

The text states: “Ethiopost describes genna (a hockey-like stick game) as played across nationalities and religions, first by northern groups such as Amhara, Tigrai and Agaw, later also in the south, by men, women and children.”
",,
gemma3-4b,Ethiopia,Amharic,inst-4,Th-en-41,Family,መልስ: 5,0,0
gemma3-4b,Ethiopia,Amharic,inst-4,Th-en-43,Family,"12
",1,1.0
gemma3-4b,Ethiopia,Amharic,inst-4,Th-en-44,Family,"Based on the provided information, it’s impossible to definitively answer what the most popular Ethiopian food is at the end of the week. The text focuses on dietary guidelines and employment statistics, not food preferences. 

However, considering the context of the “meskel flower” food guide, it’s reasonable to infer that **injera with various stews (wats)** would likely be a very popular and frequently consumed food.
",0,0
gemma3-4b,Ethiopia,Amharic,inst-4,Th-en-45,Family,"Based on the provided text, there is no information about “evening family activities” in Ethiopia. The text focuses on employment statistics (self-employment, employees, unpaid family workers) and Christian fasting practices (specifically weekday fasts). 

Therefore, the answer is: **No information provided.**
",0,0
gemma3-4b,Ethiopia,Amharic,inst-4,Th-en-48,Education,"Based on the provided text, there is no information given about the specific ranking or level of education awarded to students with high scores on exams and assessments. The text only discusses dropout rates, the child-to-child pre-school program, and the structure of Ethiopia’s education system. 

Therefore, the answer is: **It is not mentioned in the text.**",1,0.5
gemma3-4b,Ethiopia,Amharic,inst-4,Th-en-49,Education,"Based on the provided information, the answer is: **a national exam**.

The text states that university education was free and entry was decided by a national exam. While the information doesn't explicitly state it's *the* most important test for all levels of education, the national exam is the only specific test mentioned as a key factor in accessing higher education.",0,0
gemma3-4b,Ethiopia,Amharic,inst-4,Th-en-51,Education,"Based on the provided information, the answer is **[2]**.

The text specifically mentions research related to student dropout rates in primary and middle school, with a focus on Grade 1 and the Afar region. This directly addresses the question of research on students.
",0,0
gemma3-4b,Ethiopia,Amharic,inst-4,Th-en-53,Education,"The Great Ethiopian Run. 

**Explanation:**

The question asks about a notable social event outside of regular education in Ethiopia. Source [2] explicitly states that the Great Ethiopian Run is a key event launching young runners' careers, making it the most relevant answer.
",0,0
gemma3-4b,Ethiopia,Amharic,inst-4,Th-en-58,Education,"Based on the provided text, it’s impossible to determine the specific math subject studied before university entrance. The text focuses on education levels and statistics, but doesn’t detail the curriculum content. 

Therefore, the answer is: **It cannot be determined from the provided text.**
",0,0
gemma3-4b,Ethiopia,Amharic,inst-4,Tmp-ar-01,Education,University students in Ethiopia studied specifically for the national exam at university.,0,0
gemma3-4b,Ethiopia,Amharic,inst-4,Tmp-ar-02,Education,"Based on the provided information, there isn't any mention of public transportation used by people to go to university in Ethiopia. The information focuses on university access criteria (exam and quotas) and employment statistics. 

Therefore, the answer is: **None**
",0,0
gemma3-4b,Ethiopia,Amharic,inst-4,Tmp-ar-04,Education,መልስ: ትምህርት ቤት በኋላ፣ ከትምህርት በኋላ፣ በትምህርት ቤት አስተማሪዎች ቁ囵ነት ስትካሄል፣ ትዕዛዜዎች፣ ቀለም እና буквыን ት 배우ታሉ።,0,0
