model,country,language,prompt_no,ID,topic,response,score,weight
mistral-7b,Ethiopia,Amharic,inst-4,Al-en-01,Food,በኢትዮጵያ ቅድመ መደበኛ ልጆች የተለመደ መክሰስ በሚፈራሽን በመረጃ በማህደር በመረጃ ነው። በሚፈራሽን በመረጃ በማህደር በመረጃ ነው በመረጃ በማህደር በመረጃ ነው በሚፈራሽን በመረጃ በማህደር በመረጃ ነው በሚፈራሽን በመረጃ በማህደር በመረጃ ነው በሚፈራሽን በመረጃ በማህደር በመረጃ ነው በሚፈራሽን በመረጃ በማህደር በመረጃ ነው በ,0,0
mistral-7b,Ethiopia,Amharic,inst-4,Al-en-02,Food,በኢትዮጵያ ቢራ ጋር ምን ዓይነት ምግብ የተወደደ ነው በመሆኑ በመልስ ባህላዊ በማህበረ በመጽሐፍ በሚሆን የተወደደ ነው በመልስ ባህላዊ በማህበረ በመጽሐፍ በሚሆን የተወደደ ነው በመልስ ባህላዊ በማህበረ በመጽሐፍ በሚሆን የተወደደ ነው በመልስ ባህላዊ በማህበረ በመጽሐፍ በሚሆን የተወደደ ነው በመልስ ባህላዊ በማህበረ በመጽሐፍ በሚሆን የተወደደ ነ,0,0
mistral-7b,Ethiopia,Amharic,inst-4,Al-en-04,Food,"በኢትዮጵያ ምን ዓይነት ፍሬ እጅግ ታዋቂ ነው በመሆኑ ተመለከቱ የሚያዝባለው ጥያቄ አንድ ማህበሩ።

[1] ኢትዮጵያ 2024/25 ተመለከቱ ሁሉ ማህበሩ ሁሉ ተመለከቱ 61.3% ይግዳው። ሓላሎ ህዝባ በማህበሩ 73.5% ከ መሆኑ ግራሳ ተመለከቱ 70.3% ይግዳው በማህበሩ 48.3% በድረዋ ያሉክት ይግዳው በማህበሩ 49.4% በገምባላ ተመለከቱ ይግዳው።

[2] ኢትዮጵያ የተመለ",0,0
mistral-7b,Ethiopia,Amharic,inst-4,Al-en-06,Food,በኢትዮጵያ በትምህርት ቤት መኖሪያ የተለመደ ምግብ በሚያዝባለው ማህበረ ነው። በመሆኑ 2022/23 ተጥቁጡ 6.9 ሜላቱ በተመለከት ያለፈ በተመለከት በባህል በጥቁጡ በተመለከት በውሃይ በተመለከት በባህል በጥቁጡ በተመለከት በውሃይ በተመለከት በባህል በጥቁጡ በተመለከት በውሃይ በተመለከት በባህል በጥቁጡ በተመለከት በውሃይ በተመለከት በባህል በጥቁጡ,0,0
mistral-7b,Ethiopia,Amharic,inst-4,Al-en-08,Food,በኢትዮጵያ በገባያ አዳሪሽ ውስጥ በተለይ የሚበሉ ምግቦች በኢትዮጵያ በመሆኑ በማህደረግ የሚባለሁ ተፈሪ እና ንባረ በመሆኑ በማህደረግ የሚባለሁ ንሲስት በመሆኑ በማህደረግ በመሆኑ የሚባለሁ ንባረ በመሆኑ በማህደረግ በመሆኑ የሚባለሁ ንባረ በመሆኑ በማህደረግ በመሆኑ የሚባለሁ ንባረ በመሆኑ በማህደረግ በመሆኑ የሚባለሁ ንባረ በመሆኑ በማ,0,0
mistral-7b,Ethiopia,Amharic,inst-4,Al-en-09,Food,በኢትዮጵያ የመዝናኛ ፓርክ ውስጥ ታዋቂ አሰራር ምግባ በሚያዩ መሆኑ በማህደረግ የመዝናኛ መሆኑ በሚያዩ መሆኑ በመሆኑ ተግባቱ በማህደረግ የመዝናኛ መሆኑ በሚያዩ መሆኑ በመሆኑ ተግባቱ በማህደረግ የመዝናኛ መሆኑ በሚያዩ መሆኑ በመሆኑ ተግባቱ በማህደረግ የመዝናኛ መሆኑ በሚያዩ መሆኑ በመሆኑ ተግባቱ በማህደረግ የመዝናኛ መሆኑ በ,0,0
mistral-7b,Ethiopia,Amharic,inst-4,Al-en-16,Education,ትምህርት በኢትዮጵያ ቁጥሮች (2022/23) የሚጀምሩበት እድሜ ስንት አረ፡ በኢትዮጵያ ልጆች ቅድመ መደበኛ (2022/23) ቁጥሮች ምሳሌ 12 ብቻ የሚፈራሩበት ነው በመሆኑ ተመረጡ። አንድ ትምህርት የሚጀምሩበት እድሜ ስንት በኢትዮጵያ ቁጥሮች (2022/23) የሚፈራሩበት አረ፡ በትምህርት ነው ተጀምሩበት መሆኑ የሚፈራሩበት አረ፡ በኢትዮጵያ ልጆች ቅድመ መደበኛ (2022/23) የሚፈራሩበት አንዱ በጥባቸው በመሆ,1,1.0
mistral-7b,Ethiopia,Amharic,inst-4,Al-en-17,Education,በኢትዮጵያ በመጀመሪያ ደረጃ ትምህርት ቤቶች ከትምህርት በኋላ የሚካሄድ ዝነኛ ስፖርት ዓይነት መጣቢያ መሆኑ መሰረፍ በመጀመሪያ በመጀመሪያ የሚያዩ ክርስቲያን ተመሆኑ በማህደረግ በመጀመሪያ የሚያዩ ክርስቲያን ተመሆኑ በማህደረግ በመጀመሪያ የሚያዩ ክርስቲያን ተመሆኑ በማህደረግ በመጀመሪያ የሚያዩ ክርስቲያን ተመሆኑ በማህደረግ በመጀመሪያ የሚያዩ ,0,0
mistral-7b,Ethiopia,Amharic,inst-4,Al-en-18,Education,በኢትዮጵያ በመጀመሪያ ደረጃ ትምህርት ተማሪዎቸ የግል አስጠኚ የሚቀጠርላቸው በተለየ ለየትኛው የትምህርት አይነት ነው ይመጫለን መሆኑ በመጀመሪያ ደረጃ የሚቀጠርላቸው በተለየ ለየትኛው የትምህርት አይነት ነው መጻሎችን በመጀመሪያ ደረጃ የሚቀጠርላቸው በተለየ ለየትኛው የትምህርት አይነት ነው መጻሎችን በመጀመሪያ ደረጃ የሚቀጠርላቸው በተለየ ለየትኛው የትምህርት አይነት ነው መጻሎች,0,0
mistral-7b,Ethiopia,Amharic,inst-4,Al-en-19,Education,በኢትዮጵያ በሁለተኛ ደረጃ ትምህርት ተመሪዎች ተመራጭ ሁለተኛ ቋንቋ በመሆኑ በመሆኑ በመሆኑ በመሆኑ በመሆኑ በመሆኑ በመሆኑ በመሆኑ በመሆኑ በመሆኑ በመሆኑ በመሆኑ በመሆኑ በመሆኑ በመሆኑ በመሆኑ በመሆኑ በመሆኑ በመሆኑ በመሆኑ በመሆኑ በመሆኑ በመሆኑ በመሆኑ በመሆኑ በመሆኑ በመሆኑ በመሆኑ በመሆኑ በመሆኑ በመሆኑ በመ,0,0
mistral-7b,Ethiopia,Amharic,inst-4,Al-en-21,Education,በኢትዮጵያ ለብልህ ተማሪ ጠቃሚ ትምህርት ነው የቱ አይነት መስረ፡ በመሆኑ ተጀመራችን በማሪ ጠቃሚ የተወሰረ፡ ትምህርት ነው መስረ፡ በኢትዮጵያ ማሪ ጠቃሚ የተወሰረ በመሆኑ በማሪ ጠቃሚ ትምህርት ነው መስረ፡ በኢትዮጵያ ማሪ ጠቃሚ የተወሰረ በመሆኑ በማሪ ጠቃሚ ትምህርት ነው መስረ፡ በኢትዮጵያ ማሪ ጠቃሚ የተወሰረ በመሆኑ በማሪ ጠቃሚ ትምህርት ነው መስረ፡ በኢትዮ,0,0
mistral-7b,Ethiopia,Amharic,inst-4,Al-en-32,Holidays/Celebration/Leisure,በኢትዮጵያ ለምስጋና በዓል ዋነኛው ምግብ ምንድን ነው ተመረጡ ባህላዊ መልስ በመሆኑ የሚያዝግ ማሕበረተኞች በመሆኑ መልስ በመሆኑ የሚያዝግ ማሕበረተኞች በመሆኑ መልስ በመሆኑ የሚያዝግ ማሕበረተኞች በመሆኑ መልስ በመሆኑ የሚያዝግ ማሕበረተኞች በመሆኑ መልስ በመሆኑ የሚያዝግ ማሕበረተኞች በመሆኑ መልስ በመሆኑ የሚያዝግ ማሕበረተኞች በመሆኑ መልስ ,1,1.0
mistral-7b,Ethiopia,Amharic,inst-4,Al-en-33,Holidays/Celebration/Leisure,ሰዎች በኢትዮጵያ ሃሎዊንን ለመውደም ማህበረ ባህል በመሆኑ በመጫቢት በመሆኑ በመዝግብ በመሆኑ በመሆኑ በመሆኑ በመሆኑ በመሆኑ በመሆኑ በመሆኑ በመሆኑ በመሆኑ በመሆኑ በመሆኑ በመሆኑ በመሆኑ በመሆኑ በመሆኑ በመሆኑ በመሆኑ በመሆኑ በመሆኑ በመሆኑ በመሆኑ በመሆኑ በመሆኑ በመሆኑ በመሆኑ በመሆኑ በመሆኑ በመሆኑ በመሆኑ በ,,
mistral-7b,Ethiopia,Amharic,inst-4,Al-en-34,Holidays/Celebration/Leisure,ሰዎች በኢትዮጵያ አዲስ አመት ቀን ሊያከብሩት የሚያደርጋሉ ማህደሞች መስከል (New Year) ቀን 11 መላሎ ሊያከብሩት ይጠቃለ። ማህደሞች መስከል ቀን ሊያከብሩት መላሎ 2 መላሎ አዲራ ይጠቃለ። ማህደሞች መስከል ቀን ሊያከብሩት መላሎ 6 ሐሂ አዲራ ይጠቃለ። ማህደሞች መስከል ቀን ሊያከብሩት መላሎ 1 ሐሂ አዲራ ይጠቃለ። ማህደሞች መስከል ቀን ሊያከብሩት መላሎ 28 ሐሂ አዲራ ይ,0,0
mistral-7b,Ethiopia,Amharic,inst-4,Al-en-35,Holidays/Celebration/Leisure,በኢትዮጵያ ሰዎች ገና በአል ለማክበር መሆኑ የሚፈለጥ፣ መስከል ያለው መሆኑ መሆኑ በመሆኑ የሚፈለጥ፣ መስከል ያለው መሆኑ በመሆኑ የሚፈለጥ በመሆኑ በመሆኑ የሚፈለጥ በመሆኑ የሚፈለጥ በመሆኑ የሚፈለጥ በመሆኑ የሚፈለጥ በመሆኑ የሚፈለጥ በመሆኑ የሚፈለጥ በመሆኑ የሚፈለጥ በመሆኑ የሚፈለጥ በመሆኑ የሚፈለጥ በመሆኑ የሚፈለጥ በመሆኑ የሚፈለ,0,0
mistral-7b,Ethiopia,Amharic,inst-4,Al-en-36,Holidays/Celebration/Leisure,በኢትዮጵያ ምን ዓይነት ምግብ ከሃሎዊን ጋር ተያይዞ ይገኛል በመሆኑ የሚፈለጥ መሆኑ በመሆኑ መሆኑ ይህ ተመሆኑ የሚፈለጥ መሆኑ በመሆኑ መሆኑ ይህ ተመሆኑ የሚፈለጥ መሆኑ በመሆኑ መሆኑ ይህ ተመሆኑ የሚፈለጥ መሆኑ በመሆኑ መሆኑ ይህ ተመሆኑ የሚፈለጥ መሆኑ በመሆኑ መሆኑ ይህ ተመሆኑ የሚፈለጥ መሆኑ በመሆኑ መሆኑ ይህ ተመሆኑ የሚፈለጥ ,,
mistral-7b,Ethiopia,Amharic,inst-4,Al-en-37,Holidays/Celebration/Leisure,"በኢትዮጵያ በገና በዓል የተያያዘ ምግብ ማህበረ መስከል ባህላዊ መሆኑ ለማሕበረ የጥሩት መሆኑ ተመሆኑ በመስከል ፍያዝ ባህላዊ መሆኑ ተመሆኑ በማሕበረ የጥሩት መሆኑ ተመሆኑ ይስጡ። መስከል ባህላዊ መሆኑ የተያያዘ ምግብ ማሕበረ መሆኑ ተመሆኑ በመስከል ፍያዝ ባህላዊ መሆኑ ተመሆኑ ይስጡ።

የተያያዘ ምግብ ማሕበረ መሆኑ ተመሆኑ በመስከል ፍያዝ ባ",0,0
mistral-7b,Ethiopia,Amharic,inst-4,Al-en-38,Holidays/Celebration/Leisure,"በኢትዮጵያ በቪልንቴይን ቀን ምን ዓይነት ምግብ ይታያል መሆኑ በመረጃ የሚያደረግ መሆኑ በማህበረ ቀን መልስ ብቻ ይስጡ።

  በኢትዮጵያ በቪልንቴይን ቀን ምን ዓይነት ምግብ ይታያል መሆኑ በማህበረ ቀን መልስ ብቻ ተግባቸ።

  በኢትዮጵያ በቪልንቴይን ቀን ምን ዓይነት ምግብ ይታያል መሆኑ በማህበረ ቀን መልስ ብቻ ተግባቸ።

  በኢትዮጵያ በቪልንቴይን ቀን ምን ዓይነት ምግብ ይታያል መሆ",0,0
mistral-7b,Ethiopia,Amharic,inst-4,Al-en-39,Holidays/Celebration/Leisure,"በኢትዮጵያ ሰዎች በልደታቸው ቀን 63.3% ማህክላዊ የተጥቃያ ኢትዮጵያ መረግ ነው, 18.5% ማህክላዊ የተመረግ እና 0.4% ማራራዊ መረግ በኢትዮጵያ ሰዎች ቀን ተመረግ በኢትዮጵያ ሰዎች ቀን ተመረግ በኢትዮጵያ ሰዎች ቀን ተመረግ በኢትዮጵያ ሰዎች ቀን ተመረግ በኢትዮጵያ ሰዎች ቀን ተመረግ በኢትዮጵያ ሰዎች ቀን ተመረግ በኢትዮጵያ ሰዎች ቀን ተመረግ በኢት",0,0
mistral-7b,Ethiopia,Amharic,inst-4,Al-en-40,Holidays/Celebration/Leisure,በኢትዮጵያ ቤተሰቦች ከታናሽ ልጆች ጋር ለመዝናናት የተመረጡ የውጭ ቦታዎች ምንድን ናቸው በመሆኑ በመሆኑ ተመረጡ መሆኑ የሚያዝባለሁ በመሆኑ በመሆኑ ተመረጡ መሆኑ የሚያዝባለሁ በመሆኑ በመሆኑ ተመረጡ መሆኑ የሚያዝባለሁ በመሆኑ በመሆኑ ተመረጡ መሆኑ የሚያዝባለሁ በመሆኑ በመሆኑ ተመረጡ መሆኑ የሚያዝባለሁ በመሆኑ በመሆኑ ተመረጡ ,0,0
mistral-7b,Ethiopia,Amharic,inst-4,Al-en-43,Holidays/Celebration/Leisure,በኢትዮጵያ ለቤተሰቦች የታወቀ ውስጥ ቤት እንክብካቤ ምንድን ነው በመሆኑ የጥያቄ መልስ በመሆኑ ተመሆኑ በመሆኑ ተመሆኑ የጥያቄ መልስ በመሆኑ ተመሆኑ በመሆኑ ተመሆኑ የጥያቄ መልስ በመሆኑ ተመሆኑ በመሆኑ ተመሆኑ የጥያቄ መልስ በመሆኑ ተመሆኑ በመሆኑ ተመሆኑ የጥያቄ መልስ በመሆኑ ተመሆኑ በመሆኑ ተመሆኑ የጥያቄ መልስ በመሆኑ ተመሆኑ በመሆኑ ተመ,,
mistral-7b,Ethiopia,Amharic,inst-4,An-ar-02,Education,በኢትዮጵያ ተማሪዎች ምሳቸውን የሚበሉበት ቦታ በእና ባህል አመጫችሁ ተማሪዎች በመሆኑ የሚፈላጥ፣ በመሆኑ የሚፈላጥ ተማሪዎች በመሆኑ በመሆኑ በመሆኑ የሚፈላጥ ተማሪዎች በመሆኑ በመሆኑ በመሆኑ የሚፈላጥ ተማሪዎች በመሆኑ በመሆኑ በመሆኑ የሚፈላጥ ተማሪዎች በመሆኑ በመሆኑ በመሆኑ የሚፈላጥ ተማሪዎች በመሆኑ በመሆኑ በመሆኑ የሚፈ,0,0
mistral-7b,Ethiopia,Amharic,inst-4,An-ar-03,Education,የተመረጃ ኢትዮጵያ በከፍተኛ ትምህርት ቤቶች የማጠቃለያ ፈተና ባብዛኛው በየትኛው ወር በታይ መሆን በከፍተኛ ቁጥሮች (1~6) ብቻ ምላሽ ይስጡ። በከፍተኛ ትምህርት ቤቶች የማጠቃለያ ፈተና ባብዛኛው በየትኛው ወር በታይ መሆን በከፍተኛ ቁጥሮች (7~8) ብቻ ምላሽ ይስጡ። በትምህርት ቤቶች የማጠቃለያ ፈተና ባብዛኛው በየትኛው ወር በታይ መሆን በከፍተኛ ቁጥሮች (9~12) ብቻ,0,0
mistral-7b,Ethiopia,Amharic,inst-4,An-ar-08,Education,በኢትዮጵያ ቀን ትምህርት ቤት ውስጥ ተማሪዎች ቀን በመሆኑ በመሆኑ በመሆኑ በመሆኑ በመሆኑ በመሆኑ በመሆኑ በመሆኑ በመሆኑ በመሆኑ በመሆኑ በመሆኑ በመሆኑ በመሆኑ በመሆኑ በመሆኑ በመሆኑ በመሆኑ በመሆኑ በመሆኑ በመሆኑ በመሆኑ በመሆኑ በመሆኑ በመሆኑ በመሆኑ በመሆኑ በመሆኑ በመሆኑ በመሆኑ በመሆኑ በመሆኑ በመሆኑ በመሆኑ በመ,0,0
mistral-7b,Ethiopia,Amharic,inst-4,An-ar-09,Education,በኢትዮጵያ በከፍተኛ ትምህርት ቤት ተማሪዎች ባብዛኛው ስንተ ቋንቋዎችን ይማሩ በመጫቢት በመረጃ እና በሚሰፍ በመረጃ ይማሩ፣ በተማሪዎች ብቻ በአረቢኛ ቁጥር (ምሳሌ 5) ብቻ በመጫቢት በመረጃ ይማሩ ተነጣል 75% በከፍተኛ ትምህርት ቤት ተማሪዎች ብቻ ይማሩ በመጫቢት በመረጃ ይማሩ 52% በከፍተኛ ትምህርት ቤት ተማሪዎች ብቻ ይማሩ በመጫቢት በመረጃ ይማሩ 46% በከ,1,1.0
mistral-7b,Ethiopia,Amharic,inst-4,An-ar-34,Sport,በኢትዮጵያ በትምህርት ቤት በቡድን የሚጫወቱ እጅግ ታዋቂ ስፖርት ተመልከቱ በማሕበረ መራክን በሚጫወቱ እጅግ ታዋቂ ስፖርት ተመልከቱ በማሕበረ መራክን በሚጫወቱ እጅግ ታዋቂ ስፖርት ተመልከቱ በማሕበረ መራክን የሚጫወቱ እጅግ ታዋቂ ስፖርት ተመልከቱ በማሕበረ መራክን የሚጫወቱ እጅግ ታዋቂ ስፖርት ተመልከቱ በማሕበረ መራክን የሚጫወቱ እጅግ ታዋቂ ስፖርት ተመልከቱ,0,0
mistral-7b,Ethiopia,Amharic,inst-4,An-ar-35,Sport,በኢትዮጵያ ታዋቂ የስፖርት አስተያየት ሰጪ ማን ነው በመሆኑ በመሆኑ መረጃ በመሆኑ ተመሪጣት ይህን በመሆኑ የማንበላለ መረጃ በመሆኑ ተመሪጣት በመሆኑ የማንበላለ መረጃ በመሆኑ ተመሪጣት በመሆኑ የማንበላለ መረጃ በመሆኑ ተመሪጣት በመሆኑ የማንበላለ መረጃ በመሆኑ ተመሪጣት በመሆኑ የማንበላለ መረጃ በመሆኑ ተመሪጣት በመሆኑ የማንበላለ መረጃ በመሆኑ ,0,0
mistral-7b,Ethiopia,Amharic,inst-4,An-ar-36,Sport,"በኢትዮጵያ ምን ዓይነት ስፖርት ቡድን እጅግ ታዋቂ ነው መሆኑ በማሕበረ መልስ ተመሆኑ በጥያቄ በሚከተለውን ጥያቄ አንባቱ በኢትዮጵያ መልስ ቡድን እጅግ ታዋቂ ነው መሆኑ በ[1] ተመሆኑ በ[2] ተመሆኑ በ[3] ተመሆኑ ይስጡ።

[1] በኢትዮጵያ ማብራሪያ መልስ ቡድን አርሲ ነው 73% ከ ሚሽላክ 68% ከ ማብራሪያ በመጣ በሚሽላክ 29% ከ ማብራሪያ በማሕበረ በመጣ በሚሽላክ 2",0,0
mistral-7b,Ethiopia,Amharic,inst-4,An-ar-43,Sport,በጥያቄ ተማለውን በኢትዮጵያ ሰዎች በተለይ ስፖርት ዝግጅቶችን ተሰባስበው ለመመልከት የት ነው በሚያዘወትሩት ቦታ ተጥቁ፡/በኢትዮጵያ የመመልከት ባህላዊ ተመመለውን በተለይ ስፖርት ዝግጅቶችን ተሰባስበው ለመመልከት የት ነው በሚያዘወትሩት ቦታ ተጥቁ፡/በኢትዮጵያ የመመልከት ባህላዊ ተመመለውን በተለይ ስፖርት ዝግጅቶችን ተሰባስበው ለመመልከት የት ነው በሚያዘወትሩ,0,0
mistral-7b,Ethiopia,Amharic,inst-4,Ca-sp-05,Food,በኢትዮጵያ ሰዎች በአንድ ቀን ስንት ጊዜ ይመገባሉ በማህበረ ተመራመ። በአንድ ቀን ስንት ጊዜ ይመገባሉ በማህበረ ተመራመ በሚፈራሪያ እና በሚጣቢያ ቀን ስንት ጊዜ ይመገባሉ በማህበረ ተመራመ በሚፈራሪያ እና በሚጣቢያ ቀን ስንት ጊዜ ይመገባሉ በማህበረ ተመራመ በሚፈራሪያ እና በሚጣቢያ ቀን ስንት ጊዜ ይመገባሉ በማህበረ ተመራመ በሚፈራሪያ እና በሚ,0,0
mistral-7b,Ethiopia,Amharic,inst-4,Ca-sp-06,Food,በኢትዮጵያ ሰዎች በቀን ውስጥ እጅግ አስፈላጊ የሆነው ምግብ መረጃ ማሳይት (6) መረጃ መላላ መረጃ ነው በመረጃ መላላ ማሳይት (4) መረጃ መላላ መልካ በመረጃ መላላ ማሳይት (6) መረጃ መላላ መልካ በመረጃ መላላ ማሳይት (80-120 g) ሰላፍ ሰላፍ ነው በመረጃ መላላ ማሳይት (6) መረጃ መላላ መልካ በመረጃ መላላ ማሳይት (5 g) መረጃ መላላ መልካ በመረጃ መላላ ማሳይት (2),0,0
mistral-7b,Ethiopia,Amharic,inst-4,Ca-sp-08,Food,"በኢትዮጵያ የምግባ አሰራር ላይ በተለይ የተለመደ ንጥረ ነግር በማህበረ ነግር (6 ዓ.ም), በሚሳተክት ባህል (80-120 ግ) እና በመረጃ ባህል (2 ዓ.ም), በሚሳተክት ባህል በማህበረ ነግር (5 ግ) እና በዘመን ተመራራሻ በማህበረ ነግር (2 ባህል) ናቸው በሚሳተክት ባህል በማህበረ ነግር (2 ባህል) ናቸው በሚሳተክት ባህል በማህበረ ነግር (2 ባህል) ናቸው በሚሳተክት ባህል በማህበረ ነ",0,0
mistral-7b,Ethiopia,Amharic,inst-4,Ca-sp-09,Food,"ኢትዮጵያ በተለይ ምግብ ከጨረሱ በኋላ 63.3% መሆኑ የመሆኑ ተመሆኑ በመጫባቢ እና ፍይሎች ነው, 18.5% መሆኑ የመሆኑ ተመሆኑ በመጫባቢ እና ፍይሎች ነው, 0.4% መሆኑ የመሆኑ አንድ ማሕረት ነው መላሩ።

  በጥያቄ 2 ተመለከቱ የሚመጣ የኢትዮጵያ ጎታ ማሕረት በሐይል ተመሆኑ በፍሬ በመስከረ በመጫባቢ በኋላ በመሆና በመሆኑ በፍሬ በመስከረ በመጫባቢ ይመ",0,0
mistral-7b,Ethiopia,Amharic,inst-4,Ca-sp-11,Food,"በኢትዮጵያ ሰዎች በሳምንት ውስጥ በተለይ የቤተሰብ ምግባ የትኛው ነው በመሆኑ ቀን በመልስ በመሆኑ ተጥቁጡ። በማህያዩ በሳምንት በተለይ የቤተሰብ ምግባ በኢትዮጵያ ቀን በመልስ በመሆኑ ተጥቁጡ። በማህያዩ በሳምንት በተለይ የቤተሰብ ምግባ በኢትዮጵያ ቀን በመልስ በመሆኑ ተጥቁጡ።

በማህያዩ በሳምንት በተለይ የቤተሰብ ምግባ በኢትዮጵያ ቀን በመልስ በመሆኑ ተጥቁጡ",0,0
mistral-7b,Ethiopia,Amharic,inst-4,Ca-sp-14,Food,በኢትዮጵያ ተወዳጅ ትኩስ መጠጥ ባህላዊ ማብራሪያ አንድ መልስ ብቻ ይስጡ። ትኩስ በመጣታ በማህላዊ መጠጥ በመጣታ በፍረምት በመጣታ በመጣታ በካላችን በማህላዊ መጠጥ የሚፈረጻ በመጣታ በመጣታ በማህላዊ መጠጥ የሚፈረጻ በመጣታ በመጣታ በማህላዊ መጠጥ የሚፈረጻ በመጣታ በመጣታ በማህላዊ መጠጥ የሚፈረጻ በመጣታ በመጣታ በማህላዊ መጠጥ የሚፈ,0,0
mistral-7b,Ethiopia,Amharic,inst-4,Ca-sp-19,Holidays/Celebration/Leisure,"በኢትዮጵያ የሚገኙ ወጣቶች ሌሊት ክለብ ሲሄዱ በተለይ ምን ይጠጣሉ ፡፡

[1] የኢትዮጵያ ቤተ መስረታ ህዝብ በሐሙሎት ማሕበረ፣ ክርስቲያን ጸመራቱ ህዝብ የሚደረጃ፡ በሐሙሎት ክርስቲያን ህዝብ በተለይ ምን ይጠጣሉ ፡፡

[2] የኢትዮጵያ ውዳይታ ነገሥት ግፍያዱታ መልስ ግፍያዱታ ህዝብ መረጃ፡ ነገሥት ግፍያዱታ ህዝብ የሚደረጃ ማሕበረ መረጃ ነው፡ በሐሙሎት ",0,0
mistral-7b,Ethiopia,Amharic,inst-4,Ca-sp-21,Holidays/Celebration/Leisure,"የኢትዮጵያ ሰዎች በአረቢኛ ቁጥር (1~12) ብቻ በተለይ በየትኛው ወር ስጡ።

መልስ: በኢትዮጵያ ሰዎች በቀረመጣ በተለይ በየትኛው ወር በአላት ይበዛሉ? (በቁጥር 7-14)
መልስ: ይሰነው, በኢትዮጵያ ሰዎች በቀረመጣ በተለይ በየትኛው ወር በአላት በቁጥር 7-14 ስጡ።

መልስ: በኢትዮጵያ ሰዎች በቀረመጣ በተለይ በየትኛው ወር በቁጥር 9-12 ብቻ በአላት ስጡ።

መልስ: በኢትዮጵያ ሰዎች በቀረ",0,0
mistral-7b,Ethiopia,Amharic,inst-4,Ca-sp-29,Holidays/Celebration/Leisure,"በኢትዮጵያ ሰዎች አዲስ አመት ዋዜማ ባህል የፍቃለ እና የጠላቂ መሆኑ ተመረጡ መላላቱ ባህል አለ። በሚሳለት የሚያዩ ነው ጥያቄ በመሆኑ ተመረጡ ባህል በመላላቱ የሚያዩ በመሆኑ ተመረጡ ባህል በፍቃለ እና የጠላቂ መሆኑ ተመረጡ ባህል አለ።

  በሚሳለት የሚያዩ ጥያቄ በመሆኑ ተመረጡ ባህል በፍቃለ እና የጠላቂ መሆኑ ተመረጡ ባህል በሚሳለት በፍቃለ እና ",0,0
mistral-7b,Ethiopia,Amharic,inst-4,Ca-sp-38,Family,በኢትዮጵያ ለአንድ ቤተሰብ የተለመደ የቤት አይነት በሚፈላጊያ ማስተካቄ በመሆኑ በመሆኑ የቤት አይነት በሚፈላጊያ በማስተካቄ በመሆኑ በመሆኑ የቤት አይነት በሚፈላጊያ በማስተካቄ በመሆኑ በመሆኑ የቤት አይነት በሚፈላጊያ በማስተካቄ በመሆኑ በመሆኑ የቤት አይነት በሚፈላጊያ በማስተካቄ በመሆኑ በመሆኑ የቤት አይነት በሚፈላጊያ በማስተካቄ በመሆኑ በመሆኑ ,0,0
mistral-7b,Ethiopia,Amharic,inst-4,Ca-sp-41,Family,"በኢትዮጵያ አረጋዊያን በተለይ የሚኖሩበት ቦታ የት ነው ባህል በመጽሐፍ ተመረጃ። በተመረጃ በኢትዮጵያ የሚያዩ ቦታ ባህል በቀላላ ተመረጃ። እና በቀላላ ተመረጃ የሚያዩ ቦታ ባህል በቀላላ ተመረጃ። እና በቀላላ ተመረጃ የሚያዩ ቦታ ባህል በቀላላ ተመረጃ። እና በቀላላ ተመረጃ የሚያዩ ቦታ ባህል በቀላላ ተመረጃ።

እና በአዲስ አበባ በተለይ የሚ",0,0
mistral-7b,Ethiopia,Amharic,inst-4,Ca-sp-42,Family,የኢትዮጵያ ማብራሪያ አንድ መልስ ብቻ በፍቃድ ለእናቶች ሳምንት ነው ጥያቄ 4 ፍቃድ መረጠባቸው ማሕረጡ ለማስከተለው (6 መረጠባ) ህያዝ ለማስከተለው 80-120 ጎ ላላችን መረጠባ ሓላሪ ማሕረጡ ነው ህያዝ ለማስከተለው 5 ጎ ሳት መረጠባ ሓላሪ ማሕረጡ ነው ህያዝ ለማስከተለው 2 ባህል በመረጠባ ሓላሪ ማሕረጡ ነው ህያዝ ለማስከተለው 2 ባህል በመረጠባ ሓላ,1,0.3333333333333333
mistral-7b,Ethiopia,Amharic,inst-4,Ca-sp-43,Family,የኢትዮጵያ ለአባቶች ሳምንት ፍቃድ ይሰጥልና ለስንት ሳምንት ፍቃድ ይሰጥል በመሆኑ በማህበረ ባህላዊ መሆኑ በመሆኑ በማህበረ ባህላዊ መሆኑ በመሆኑ በማህበረ ባህላዊ መሆኑ በመሆኑ በማህበረ ባህላዊ መሆኑ በመሆኑ በማህበረ ባህላዊ መሆኑ በመሆኑ በማህበረ ባህላዊ መሆኑ በመሆኑ በማህበረ ባህላዊ መሆኑ በመሆኑ በማህበረ ባህላዊ መሆኑ ,0,0
mistral-7b,Ethiopia,Amharic,inst-4,Ca-sp-45,Family,በጥያቄ በኢትዮጵያ ለቤተሰብ ሽርሽር በተመረጡት መድረክ ምንድን ነው በመሆኑ በመሆና ተመረጡት መድረክ የታወቀ ዓይነት መድረክ በማስፈሪያ ተመረጡት መድረክ በመሆኑ በመሆና ተመረጡት መድረክ የታወቀ ዓይነት መድረክ በማስፈሪያ ተመረጡት መድረክ በመሆኑ በመሆና ተመረጡት መድረክ የታወቀ ዓይነት መድረክ በማስፈሪያ ተመረጡት መድረክ በመሆኑ በ,0,0
mistral-7b,Ethiopia,Amharic,inst-4,Gu-ch-05,Sport,በኢትዮጵያ ትልቅ ሰዎች በጥሩ በፍረሳይ በመሆኑ በማሕበሪ በሚህያት በመጣቢት በፍረሳይ በነገሮት በማሕበሪ በሚህያት በመጣቢት በፍረሳይ በነገሮት በማሕበሪ በሚህያት በመጣቢት በፍረሳይ በነገሮት በማሕበሪ በሚህያት በመጣቢት በፍረሳይ በነገሮት በማሕበሪ በሚህያት በመጣቢት በፍረሳይ በነገሮት በማሕበሪ በሚህያት በመጣቢት በፍረሳይ በነገ,0,0
mistral-7b,Ethiopia,Amharic,inst-4,Gu-ch-06,Sport,በኢትዮጵያ በማህበረ እንደሚወዱ በርካታ ይጫወታሉ በፍጣና (Genna) ከመሆን እንደሚወዱ በኢትዮጵያ የማህበረ ሜና፣ ቤተማሪያ ሜና ክፍፍ እንደሚወዱ በኢትዮጵያ የማህበረ አገዜ ክፍፍ እንደሚወዱ በኢትዮጵያ የማህበረ አገዜ ክፍፍ እንደሚወዱ በኢትዮጵያ የማህበረ አገዜ ክፍፍ እንደሚወዱ በኢትዮጵያ የማህበረ አገዜ ክፍፍ እንደሚወዱ በኢትዮጵያ የማህበረ አገ,0,0
mistral-7b,Ethiopia,Amharic,inst-4,Gu-ch-07,Sport,በኢትዮጵያ እጅግ ዝነኛ ቅርጫት ኳስ ተጫዋች ማን ነው በመሆኑ በመሆና በመሆከቱ ተጫዋች ማን ነው ባህል በመሆኑ በመሆና በመሆከቱ ተጫዋች ማን ነው ባህል በመሆኑ በመሆና በመሆከቱ ተጫዋች ማን ነው ባህል በመሆኑ በመሆና በመሆከቱ ተጫዋች ማን ነው ባህል በመሆኑ በመሆና በመሆከቱ ተጫዋች ማን ነው ባህል በመሆኑ በመሆና በመሆከቱ ተጫዋች ማን ,,
mistral-7b,Ethiopia,Amharic,inst-4,Gu-ch-08,Sport,"በኢትዮጵያ ልጆች መካከል እጅግ ታዋቂ የሆነ ስፖርት ምንድነው በሚኒቱ መልስ ተመረጡ።

በማህበሬ መሆኑ በዚህ የሆነ ስፖርት ተመረጡ።

[1] በኢትዮጵያ ልጆች መካከል የሆነ ስፖርት ተመረጡ፣ በዚህ በመሆኑ በማህበሬ መሆኑ ተመረጡ። በዚህ የሆነ ስፖርት በማህበሬ መሆኑ ተመረጡ።

[2] ድሎ መሆኑ በመሆኑ በማህበሬ መሆኑ የሆነ ስፖርት ተመረጡ፣ በዚህ በማህበሬ መ",0,0
mistral-7b,Ethiopia,Amharic,inst-4,Gu-ch-09,Sport,በኢትዮጵያ ሴቶች ምን ዓይነት ስፖርት እንደሚወዱ እጅግ ይጫወታሉ ይመረጠባሉ በማህበረ ተመረጡ እንደሚያዝባለሁ በመሆኑ በማህበረ ተመረጡ በመሆኑ በሚያዝባለሁ በመሆኑ በማህበረ ተመረጡ በመሆኑ በሚያዝባለሁ በመሆኑ በማህበረ ተመረጡ በመሆኑ በሚያዝባለሁ በመሆኑ በማህበረ ተመረጡ በመሆኑ በሚያዝባለሁ በመሆኑ በማህበረ ተመረ,0,0
mistral-7b,Ethiopia,Amharic,inst-4,Gu-ch-11,Sport,ኢትዮጵያ በኦሊምፒክ ብዙ ሜዳሊያ በሚመጣችው ስፖርት የማህበረ ነው እና ኢትዮጵያ ክፍሬሽን ነው በሚመጣችው ስፖርት የማህበረ ነው በሜዳሊያ በኦሊምፒክ ብዙ መልስ የማህበረ ነው ጽሑፍ ኢትዮጵያ ክፍሬሽን ነው በሚመጣችው ስፖርት የማህበረ ነው እና ክናኮን ኢትዮጵያ ክፍሬሽን ነው በሚመጣችው ስፖርት የማህበረ ነው በኦሊምፒክ ብዙ መልስ በሚመጣችው ስፖርት የማህበ,0,0
mistral-7b,Ethiopia,Amharic,inst-4,Gu-ch-15,Sport,በኢትዮጵያ ዩኒቨርስቲ ውስጥ የሚወዱት ስፖርት ተማሪዎች በመሆኑ በመሆና በመሆነ በመሆእና በመሆኤ ተማሪዎች ባህል በመሆኑ በመሆና በመሆነ በመሆእና በመሆኤ ተማሪዎች ባህል በመሆኑ በመሆና በመሆነ በመሆእና በመሆኤ ተማሪዎች ባህል በመሆኑ በመሆና በመሆነ በመሆእና በመሆኤ ተማሪዎች ባህል በመሆኑ በመሆና በመሆነ በመሆእና በመሆኤ ,0,0
mistral-7b,Ethiopia,Amharic,inst-4,Gu-ch-16,Family,በአንድ ቤተሰብ በአማካይ ስንት ሰዎች ይኖራሉ በኢትዮጵያ በመሆኑ በማህና በመሆነ በመሆኑ በማህና በመሆነ ተወጣል በመሆኑ በማህና በመሆነ በማህና በመሆኑ በማህና በመሆነ ተወጣል በመሆኑ በማህና በመሆነ በማህና በመሆኑ በማህና በመሆነ ተወጣል በመሆኑ በማህና በመሆነ በማህና በመሆኑ በማህና በመሆነ ተወጣል በመሆኑ በማህና በመሆ,0,0
mistral-7b,Ethiopia,Amharic,inst-4,Gu-ch-18,Family,"በኢትዮጵያ አንድ ባል እና ሚስት በአማካይ ስንት ሰዎች ይኖራሉ በመጣፍ በመሆኑ በማህና በሚሞች ይመሰጡ። በመጣፍ በመሆኑ በማህና በሚሞች ይመሰጡ።

በመጣፍ በመሆኑ በማህና በሚሞች ይመሰጡ። በመጣፍ በመሆኑ በማህና በሚሞች ይመሰጡ።

በመጣፍ በመሆኑ በማህና በሚሞች ይመሰጡ። በመጣፍ በመሆኑ በማህና በሚሞች ይመሰጡ።

በመጣፍ በመ",0,0
mistral-7b,Ethiopia,Amharic,inst-4,Gu-ch-31,Education,ትምህርት ነው አንድ በኢትዮጵያ የመጀመሪያ ደረጃ መሆኑ ነው ይህን በማስተካቄ ቁጥሮች (2022/23) መልስ አሳሳሉ።,0,0
mistral-7b,Ethiopia,Amharic,inst-4,Gu-ch-32,Education,"በኢትዮጵያ የተማሪዎች ዝቅተኛ የማጠናቀቂያ ዓመት ስንት በሚፈቃለ። በመሆኑ ተማሪዎች የማጠናቀቂያ ዓመት ስንት በተመረጃ በሚፈቃለ። በመሆኑ ተማሪዎች የማጠናቀቂያ ዓመት ስንት በተመረጃ በሚፈቃለ። በማሪያ እና በመሆኑ የተማሪዎች በሚፈቃለ።

በመሆኑ ተማሪዎች የማጠናቀቂያ ዓመት ስንት በተመረጃ በሚፈቃለ። በማሪያ እና በመሆኑ የተማሪዎች በሚ",0,0
mistral-7b,Ethiopia,Amharic,inst-4,Gu-ch-33,Education,በኢትዮጵያ ተማሪዎች ሁለተኛውን ቋንቋ ከምንት ዓመት ጀምሮ ማስተማር ይጀምራሉ በሚፈላሁ እና በመሆኑ በመሆኑ ተማር ጀምሮ ማስተማር ይጀምራሉ በሚፈላሁ በኢትዮጵያ ተማሪዎች በመሆኑ በመሆኑ ተማር ጀምሮ ማስተማር ይጀምራሉ በሚፈላሁ በኢትዮጵያ ተማሪዎች በመሆኑ በመሆኑ ተማር ጀምሮ ማስተማር ይጀምራሉ በሚፈላሁ በኢትዮጵያ ተማሪዎች በመሆኑ በመሆኑ ተ,0,0
mistral-7b,Ethiopia,Amharic,inst-4,Gu-ch-38,Education,ትምህርት በኢትዮጵያ ቁጥሮች ብቻ (2022/23) ማሳሰ፣ በመጀመሪያ ነው መሆኑ በመሆኑ 6 (መሆኑ 7-12) ይምልኩ። ትምህርት በመጀመሪያ ቁጥሮች ብቻ ማሳሰ፣ በመጀመሪያ ነው መሆኑ በመሆኑ 8 (መሆኑ 13-14) ይምልኩ። ትምህርት በኢትዮጵያ ቁጥሮች ብቻ ማሳሰ፣ በመጀመሪያ ነው መሆኑ በመሆኑ 12 (መሆኑ 15-16) ይምልኩ።,1,1.0
mistral-7b,Ethiopia,Amharic,inst-4,Gu-ch-40,Education,ኢትዮጵያ ቅድመ የመጀመሪያ ደረጃ ተማሪዎች ትምህርት ቤት ስንት ሰዓት ይጨርሳሉ እና መሆኑ ማራፍ መሆኑ በሚያዩ ተመጡ በመጀመሪያ ተማሪዎች ትምህርት ቤት ስንት ሰዓት እና መሆኑ ማራፍ መሆኑ በሚያዩ ተመጡ በመጀመሪያ ተማሪዎች ትምህርት ቤት ስንት ሰዓት እና መሆኑ ማራፍ መሆኑ በሚያዩ ተመጡ በመጀመሪያ ተማሪዎች ትምህርት ቤት ስንት ሰዓት እና መሆኑ ማራፍ መሆኑ በሚያ,0,0
mistral-7b,Ethiopia,Amharic,inst-4,Gu-ch-41,Education,በኢትዮጵያ የመጀመሪያ ደረጃ ተማሪዎች በተለይ ምን እና ስንት የሙዚቃ መሣሪያዎች ይጫወታሉ ፡፡ በማህናት ተመረጃ የሚያዩ ቀንባህ በመሆኑ በመሆኑ በማህናት ተመረጃ የሚያዩ ቀንባህ በመሆኑ በመሆኑ በማህናት ተመረጃ የሚያዩ ቀንባህ በመሆኑ በመሆኑ በማህናት ተመረጃ የሚያዩ ቀንባህ በመሆኑ በመሆኑ በማህናት ተመረጃ የሚያዩ ቀንባህ በመሆኑ በመሆ,0,0
mistral-7b,Ethiopia,Amharic,inst-4,Ji-ko-02,Work life,"በኢትዮጵያ ሰዎች በሳምንቱ ምን ቀን የድርጅት እራት ምግባ መብላትን ይመርጣሉ በማስተከተለው የኢትዮጵያ ዲዩቶዊ ጥያቄ ባህል በመሆኑ ተመረጡ። በማስተከተለው የኢትዮጵያ ዲዩቶዊ ጥያቄ ባህል በመሆኑ ተመረጡ።

በማስተከተለው የኢትዮጵያ ዲዩቶዊ ጥያቄ ባህል በመሆኑ ተመረጡ። በማስተከተለው የኢትዮጵያ ዲዩቶዊ ጥያቄ ባህል በመሆኑ ተመረጡ።

በማስተከተለ",0,0
mistral-7b,Ethiopia,Amharic,inst-4,Ji-ko-03,Work life,በጥያቄ በኢትዮጵያ በፍተኛ ብዛት የኩባንያዎች በየት ክልል/ከተማ ላይ ናቸው በጥያቄ በመሆኑ በመሆኑ የሚያደረጃ ማብራሪያ አንድ መልስ ባህል በፍተኛ ብዛት የኩባንያዎች በየት ክልል/ከተማ ላይ ናቸው በጥያቄ በመሆኑ በመሆኑ የሚያደረጃ ማብራሪያ አንድ መልስ ባህል በፍተኛ ብዛት የኩባንያዎች በየት ክልል/ከተማ ላይ ናቸው በጥያቄ በመሆኑ በመሆኑ የሚያደረጃ ማብ,0,0
mistral-7b,Ethiopia,Amharic,inst-4,Ji-ko-07,Work life,በኢትዮጵያ ውስጥ እጅግ ታዋቂ የሆነ የግል ድርጅት መረጃ ማሕበሪያ ተመረጃ፣ መሆነ ተመረጃ፣ መሆነ ተመረጃ ያለው እንደ ማስታወቂያ በመሆነ ተመረጃ ተመረጃ፣ መሆነ ተመረጃ ያለው እንደ ማስታወቂያ በመሆነ ተመረጃ ተመረጃ ችሎ፣ መሆነ ተመረጃ ያለው እንደ ማስታወቂያ በመሆነ ተመረጃ ተመረጃ ችሎ፣ መሆነ ተመረጃ ያለው እንደ ማስታወቂያ በ,0,0
mistral-7b,Ethiopia,Amharic,inst-4,Ji-ko-08,Work life,በአንድ ሳምንት ሊሠራ የሚችል ሰዓት በኢትዮጵያ ሰው ከፍተኛው ሰዓት ስንት ነው በመሆኑ በመጣቢያ በሚያዩ በማህክል ተመረጡ፤ በመሆኑ በመጣቢያ በሚያዩ በማህክል ተመረጡ፤ በመሆኑ በመጣቢያ በሚያዩ በማህክል ተመረጡ፤ በመሆኑ በመጣቢያ በሚያዩ በማህክል ተመረጡ፤ በመሆኑ በመጣቢያ በሚያዩ በማህክል ተመረጡ፤ በመሆኑ በመጣቢያ በሚያዩ በማ,0,0
mistral-7b,Ethiopia,Amharic,inst-4,Ji-ko-09,Work life,"በኢትዮጵያ ሰዎች በድርጅት ስብሰባ ጊዜ በተለይ 63.3% የመረጃ መረጃ ኢትዮጵያ እና ባህል ማሪክ ማሪክ በተለይ 18.5% መረጃ ኢትዮጵያ እና 0.4% የማንግስ ማንግስ በተለይ መረጃ ኢትዮጵያ ይበላሉ ባህል.

(የሚከተለውን ጥያቄ አንብቡ እና ያልምንም ማብራሪያ አንድ መልስ ብቻ ይስጡ።)",0,0
mistral-7b,Ethiopia,Amharic,inst-4,Ji-ko-14,Work life,በኢትዮጵያ ወጭ ንግድ ምርት ምንድነው የሚያደረጃ፣ በመሆኑ ህዝብ ማሕበሪ በመሆኑ የሚያደረጃ፣ በመሆኑ ህዝብ ማሕበሪ በመሆኑ የሚያደረጃ፡ በመሆኑ ህዝብ ማሕበሪ በመሆኑ የሚያደረጃ በመሆኑ ህዝብ ማሕበሪ በመሆኑ የሚያደረጃ በመሆኑ ህዝብ ማሕበሪ በመሆኑ የሚያደረጃ በመሆኑ ህዝብ ማሕበሪ በመሆኑ የሚያደረጃ በመሆኑ ህዝብ ማሕበሪ በመ,0,0
mistral-7b,Ethiopia,Amharic,inst-4,Ji-ko-15,Work life,"በኢትዮጵያ የምሳ ሰዓት በሰዓት ስንት ሰዓት ነው 4.0 መሆኑ መጫና (4.5 rural, 3.2 urban) በሰዓት ስንት ሰዓት ነው በሰማሪ 2024-25 ብቻ ያቅርቡ።",1,1.0
mistral-7b,Ethiopia,Amharic,inst-4,Ji-ko-16,Family,በኢትዮጵያ እናቶች ከወሊድ በኋላ ለተወሰነ ጊዜ የት ነው በመሆኑ በማህበረ በሚያደርጉ በመሆኑ በማህበረ በመሆኑ የሚያደርጉት በማህበረ በመሆኑ በማህበረ በመሆኑ የሚያደርጉት በማህበረ በመሆኑ በማህበረ በመሆኑ የሚያደርጉት በማህበረ በመሆኑ በማህበረ በመሆኑ የሚያደርጉት በማህበረ በመሆኑ በማህበረ በመሆኑ የሚያደርጉት በማህበረ በመሆ,0,0
mistral-7b,Ethiopia,Amharic,inst-4,Ji-ko-19,Family,በወሩች ቀን በኢትዮጵያ የሚሰጥ አበባ ምንድነው በመልስ በማብራሪያ በመረጃ የሚያዩት መሆኑ በመሆኑ በማብራሪያ በመሆኑ የሚያዩት መሆኑ በመልስ በማብራሪያ በመሆኑ በመሆኑ የሚያዩት መሆኑ በመልስ በማብራሪያ በመሆኑ በመሆኑ የሚያዩት መሆኑ በመልስ በማብራሪያ በመሆኑ በመሆኑ የሚያዩት መሆኑ በመልስ በማብራሪያ በመሆኑ በመሆኑ የሚያዩት መሆኑ በመልስ በ,0,0
mistral-7b,Ethiopia,Amharic,inst-4,Ji-ko-22,Family,በኢትዮጵያ ሰዎች በተለይ የመጀመሪያ ደመወዛቸውን በኮሚላዊ መሆኑ በመጀመሪያ ተመለረግ በማህበረ በሚሳለት በኮሚላዊ መሆኑ በመጀመሪያ ተመለረግ በማህበረ በሚሳለት በኮሚላዊ መሆኑ በመጀመሪያ ተመለረግ በማህበረ በሚሳለት በኮሚላዊ መሆኑ በመጀመሪያ ተመለረግ በማህበረ በሚሳለት በኮሚላዊ መሆኑ በመጀመሪያ ተመለረግ በማህ,0,0
mistral-7b,Ethiopia,Amharic,inst-4,Ji-ko-24,Family,በኢትዮጵያ ልጆች በሚወዷቸው የመዝናኛ ተቋማት መካከል እጅግ የተመረጠው የመዝናኛ ተቋም ማንኛው በሚያዩ ቀላል በመጣታ የመዝናኛ ተቋማት መካከል እጅግ በሚያዩ ቀላል በመጣታ የመዝናኛ ተቋማት መካከል በሚያዩ ቀላል በመጣታ የመዝናኛ ተቋማት መካከል በሚያዩ ቀላል በመጣታ የመዝናኛ ተቋማት መካከል በሚያዩ ቀላል በመጣታ የመዝናኛ ተቋማት መካከል በሚያዩ,0,0
mistral-7b,Ethiopia,Amharic,inst-4,Ji-ko-25,Family,በኢትዮጵያ የቤተሰብ በዓላት ምንናን ናቸው በመሆኑ በመልስ ባህል የሚያገባች ተመለከት በመሆኑ በመልስ ባህል በመሆኑ የሚያገባች ተመለከት በመሆኑ በመልስ ባህል በመሆኑ የሚያገባች ተመለከት በመሆኑ በመልስ ባህል በመሆኑ የሚያገባች ተመለከት በመሆኑ በመልስ ባህል በመሆኑ የሚያገባች ተመለከት በመሆኑ በመልስ ባህል በመሆኑ የሚያገባች ተመለከት በመሆኑ በመልስ ,,
mistral-7b,Ethiopia,Amharic,inst-4,Ji-ko-26,Family,"ጥያቄ አንባቡ እና ያልምንም ማብራሪያ አንድ መልስ ብቻ ይስጡ።

[1] ኢትዮጵያ ጥያቄ በማህበረሰብ መውጣታቸው የካለት 5 ነው እንዲሁም እንቅስቃሴዎች ከ 4-6 መውጣታቸው ማህበረሰብ መሆኑ በመሆነ ተመሆኑ የጓሩት ይመሆኑ ፍጥና ማህበረሰብ ምስል እንዲሁም እንቅስቃሴዎች መሆኑ ፍጥና የጓሩት ማህበረሰብ ምስል እንዲሁም እንቅስቃሴዎች ፍጥና የጓሩት ማህበረሰብ ምስል እንዲሁም ",0,0
mistral-7b,Ethiopia,Amharic,inst-4,Ji-ko-27,Family,በኢትዮጵያ አያቶችን ስትጎብኙ በተለመደ የምትሰጡት ስጦታ በሚፈራሩ ባህል በእንዲሆነ በእንዲሆነ የጎባት በመረጃ በመረጃ በማህክላችን በመረጃ የሚፈራሩ ባህል በእንዲሆነ በእንዲሆነ በእንዳለም የጎባት በመረጃ በመረጃ በማህክላችን በመረጃ የሚፈራሩ ባህል በእንዲሆነ በእንዲሆነ በእንዳለም የጎባት በመረጃ በመረጃ በማህክላችን በመረጃ የሚፈራሩ ባህል በእንዲ,0,0
mistral-7b,Ethiopia,Amharic,inst-4,Ji-ko-28,Family,በኢትዮጵያ ልጅ ከተወለደ በኋላ ሰዎች የመጀመሪያውን የሚያከብሩት ቀን መቼ ነው በማህበረ ጥያቄ ነው በሚሰለው ክንድር ባህል በመሆኑ በማህበረ ጥያቄ ተመሆኑ በሚሰለው ክንድር ባህል በማህበረ ጥያቄ ተመሆኑ በሚሰለው ክንድር ባህል በማህበረ ጥያቄ ተመሆኑ በሚሰለው ክንድር ባህል በማህበረ ጥያቄ ተመሆኑ በሚሰለው ክንድር ባህል በማህበረ ጥያቄ ተ,0,0
mistral-7b,Ethiopia,Amharic,inst-4,Ji-ko-29,Family,በኢትዮጵያ ማኅበር ውስጥ የትኛው እድሜ በታላቅ ልምምድ የሚከበር የልደት ቀን 4.6 ቀን ነው።,1,0.5
mistral-7b,Ethiopia,Amharic,inst-4,Ji-ko-31,Education,በኢትዮጵያ የአንደኛ እና ሁለተኛ ደረጃ ተማሪዎች ለፈተናዎች በት ያጠናሉ በተለይ 2022/23 የመልስ ብቻ መሆኑ በፍቅርጣን ቀላላ ተማሪዎች በተለይ በመሆኑ በፍቅርጣን ቀላላ ተማሪዎች በተለይ የት ያጠናሉ በፍቅርጣን ቀላላ ተማሪዎች በተለይ የት ያጠናሉ በፍቅርጣን ቀላላ ተማሪዎች በተለይ የት ያጠናሉ በፍቅርጣን ቀላላ ተማሪዎች በተለይ የት ያጠናሉ በፍቅር,0,0
mistral-7b,Ethiopia,Amharic,inst-4,Ji-ko-33,Education,በኢትዮጵያ የሁለተኛ ደረጃ ትምህርት ቤት ተማሪዎች ከእራት በተለምዶ የት ይሄዳሉ ፍጥና መሆኑ ማሪያ አንድ መልስ በተለምዶ የት ይሄዳሉ ፍጥና መሆኑ ማሪያ አንድ መልስ በተለምዶ የት ይሄዳሉ ፍጥና መሆኑ ማሪያ አንድ መልስ በተለምዶ የት ይሄዳሉ ፍጥና መሆኑ ማሪያ አንድ መልስ በተለምዶ የት ይሄዳሉ ፍጥና መሆኑ ማሪያ አንድ መልስ በተለምዶ የት ይሄዳሉ ፍጥና መሆኑ ማሪያ አንድ መልስ,0,0
mistral-7b,Ethiopia,Amharic,inst-4,Ji-ko-34,Education,በኢትዮጵያ የመጀመሪያ ደረጃ ተማሪዎች ወደ ትምህርት ቤት እንዳህ መሆኑ መሆኑ ይሄዱ ፡፡ በሁለት ተማሪዎች ተማራለው በኢትዮጵያ ቀንባህ ታሪክ በመሆኑ መሆኑ ተማሪዎች በሁለት ቀንባህ ታሪክ በመጀመሪያ ደረጃ ተማሪዎች በሁለት ቀንባህ ታሪክ በመጀመሪያ ደረጃ ተማሪዎች በሁለት ቀንባህ ታሪክ በመጀመሪያ ደረጃ ተማሪዎች በሁለት ቀንባህ ታሪክ ,0,0
mistral-7b,Ethiopia,Amharic,inst-4,Ji-ko-35,Education,በኢትዮጵያ በጣም የተለመደው የግል ትምህርት በሚያዝባለው እንደ ቀረሃይ በመሆኑ ጥቁር የተለመደው በማህበረ በሚያዝባለው ነው፡፡ ጥቁር የተለመደው በማህበረ በሚያዝባለው ነው ጥቁር የተለመደው በማህበረ በሚያዝባለው ነው ጥቁር የተለመደው በማህበረ በሚያዝባለው ነው ጥቁር የተለመደው በማህበረ በሚያዝባለው ነው ጥቁር የተለመደው በማህበረ በ,0,0
mistral-7b,Ethiopia,Amharic,inst-4,Ji-ko-36,Education,በኢትዮጵያ ትምህርት አካዳሚ/የግል ትምህርታዊ ተቋማት መካከለኛ ወይም ከፍተኛ ትምህርት ደረጃ ተማሪዎች በብዛት የሚከታተሉት ትምህርት መሆኑ በግል ቀላላይ በማሪያ በሚሰረጃ በመሆኑ የሚያዩ ቀላላይ በማሪያ በሚሰረጃ በመሆኑ የሚያዩ ቀላላይ በማሪያ በሚሰረጃ በመሆኑ የሚያዩ ቀላላይ በማሪያ በሚሰረጃ በመሆኑ የሚያዩ ቀላላይ በማሪያ በሚሰረጃ በመሆኑ የ,0,0
mistral-7b,Ethiopia,Amharic,inst-4,Ji-ko-37,Education,የትምህርት ቤት ተማሪዎች ከጥያቄ በኢትዮጵያ ቀንታ መልስ ቤት ሲሄዱ ምን አይነት አልባሳት ይለብሳሉ ፡፡ ጥያቄ የኢትዮጵያ ቀንታ መልስ ቤት ተማሪዎች በቅርባ፡፡ ከጥያቄ የቀንታ መልስ ቤት ተማሪዎች በቅርባ በቆፍ እና በግራቱ ቀንታ መልስ ቤት ተማሪዎች በቅርባ በኢትዮጵያ ቀንታ መልስ ቤት ተማሪዎች በቅርባ በቆፍ እና ግራቱ ቀንታ መልስ ቤት ተማሪዎች በቅርባ በኢትዮጵያ ቀንታ መል,0,0
mistral-7b,Ethiopia,Amharic,inst-4,Ji-ko-38,Education,በጥያቄ በኢትዮጵያ ለመግባት በጣም የትምህርት ዘርፍ የቱ ነው ማሳይቲ መሆን መሰረፍ መጣበት መሆን የተመሰረፍ ነው ይህ በማሳይቲ መጣበት መሆን የተመሰረፍ ነው በኢትዮጵያ በጣም በማሳይቲ መጣበት መሆን የተመሰረፍ ነው በሚሽ በማሳይቲ መጣበት መሆን የተመሰረፍ ነው በኢትዮጵያ በጣም በማሳይቲ መጣበት መሆን የተመሰረፍ ነው በሚሽ በማሳይቲ መጣበት መሆን የተ,0,0
mistral-7b,Ethiopia,Amharic,inst-4,Ji-ko-39,Education,በኢትዮጵያ የመጀመሪያ ትምህርት ተማሪዎች በተለይ የሚማሩት ሙዚቃ መሣሪያ 63.3% ከመጀመሪያ ተማሪዎች የመጀመሪያ ተማሪዎች ነው ህዝባዊ አጠቃላይ መረጃ ሓላተኛ መራመነት መሆኑ በመሆኑ የሚፈላጥ መረጃ ሓላተኛ መራመነት መሆኑ በመሆኑ የሚፈላጥ መረጃ ሓላተኛ መራመነት መሆኑ በመሆኑ የሚፈላጥ መረጃ ሓላተኛ መራመነት መሆኑ በመሆኑ የሚፈላጥ ,0,0
mistral-7b,Ethiopia,Amharic,inst-4,Ji-ko-40,Education,በኢትዮጵያ ሁለተኛ ደረጃ በትምህርት ቤቶች ውስጥ በእረፍት ጊዜ ተማሪዎች በመሆኑ ባህል በመሆኑ ባህል በመሆኑ ባህል ተማሪዎች በመሆኑ ባህል በመሆኑ ባህል ተማሪዎች በመሆኑ ባህል በመሆኑ ባህል ተማሪዎች በመሆኑ ባህል በመሆኑ ባህል ተማሪዎች በመሆኑ ባህል በመሆኑ ባህል ተማሪዎች በመሆኑ ባህል በመሆኑ ባህል ተማሪዎች በመሆኑ ባህል በመሆኑ ባ,0,0
mistral-7b,Ethiopia,Amharic,inst-4,Ji-ko-41,Education,በኢትዮጵያ በትምህርት ቤቶች ውስጥ የአይነት ጫማ ይለብሳሉ ተመረጠባሉ በሚፈላሁ በኢትዮጵያ ቤቶች በማስተኛው በመረጃ በሚፈላሁ በማስተኛው በመረጃ በሚፈላሁ የመረጃ ቤቶች በማስተኛው በመረጃ በሚፈላሁ የአይነት ጫማ ይለብሳሉ ተመረጠባሉ በሚፈላሁ በኢትዮጵያ ቤቶች በማስተኛው በመረጃ በሚፈላሁ የአይነት ጫማ ይለብሳሉ ተመረጠባሉ በሚፈላሁ በ,0,0
mistral-7b,Ethiopia,Amharic,inst-4,Ji-ko-42,Education,በኢትዮጵያ ዩኒቨርስቲ መግቢያ ፈተና የሚሰጥባቸው የትምህርት አይነቶች እነማን ናቸው በመሆኑ ግባቢ የሚያዩ መሆኑ ተመሆኑ በመሆኑ ማህበረ ግባቢ የሚያዩ መሆኑ ተመሆኑ በመሆኑ ማህበረ ግባቢ የሚያዩ መሆኑ ተመሆኑ በመሆኑ ማህበረ ግባቢ የሚያዩ መሆኑ ተመሆኑ በመሆኑ ማህበረ ግባቢ የሚያዩ መሆኑ ተመሆኑ በመሆኑ ማህበረ ግባቢ የሚያዩ መሆኑ,0,0
mistral-7b,Ethiopia,Amharic,inst-4,Ji-ko-44,Education,በኢትዮጵያ በሚያዝባህ ተመረጃ የማንኛው ነው መሆኑ በመሆኑ በመሆኑ ተመረጃ የሚያዝባህ ተመረጃ በፍተኛ ትኩረት ያለው ክልል ወይም ከተማ  ማንኛው ነው መሆኑ የሚያዝባህ ተመረጃ በመሆኑ በመሆኑ ተመረጃ የሚያዝባህ ተመረጃ በፍተኛ ትኩረት ያለው ክልል ወይም ከተማ  ማንኛው ነው መሆኑ የሚያዝባህ ተመረጃ በመሆኑ በመሆኑ ተመረጃ የሚያዝባህ ተመረጃ,0,0
mistral-7b,Ethiopia,Amharic,inst-4,Ji-ko-45,Education,በኢትዮጵያ ዩኒቨርስቲ ፌስቲቫሎች ላይ ሰዎች እንደሚጠብቁት ነገር በመሆኑ ቀረሃ፣ በመሆኑ ቀረሃይ ተመሆኑ በመሆኑ ቀረሃ፣ በመሆኑ ቀረሃይ ተመሆኑ በመሆኑ ቀረሃ፣ በመሆኑ ቀረሃይ ተመሆኑ በመሆኑ ቀረሃ ተመሆኑ በመሆኑ ቀረሃ ተመሆኑ በመሆኑ ቀረሃ ተመሆኑ በመሆኑ ቀረሃ ተመሆኑ በመሆኑ ቀረሃ ተመሆኑ በመሆኑ ቀረሃ ተመሆኑ በመ,0,0
mistral-7b,Ethiopia,Amharic,inst-4,Jo-sp-01,Sport,በኢትዮጵያ ሁለተኛው ተወዳጅ ስፖርት በሚመረጃ በመሆኑ የመልስ ባህል በማህደረግ በመሆኑ በሚመረጃ በመሆኑ የመልስ ባህል በማህደረግ በመሆኑ በሚመረጃ በመሆኑ የመልስ ባህል በማህደረግ በመሆኑ በሚመረጃ በመሆኑ የመልስ ባህል በማህደረግ በመሆኑ በሚመረጃ በመሆኑ የመልስ ባህል በማህደረግ በመሆኑ በሚመረጃ በመሆኑ የመልስ ባህል በማህደረግ በመሆኑ በ,0,0
mistral-7b,Ethiopia,Amharic,inst-4,Jo-sp-02,Sport,በኢትዮጵያ ተወዳጅ ስፖርት በሚረጀባቸው የመሆኑ አንብቡ ማብራሪያ ተመልስ በሚያገባቸው የመሆኑ አንብቡ ማብራሪያ ተመልስ በሚያገባቸው የመሆኑ አንብቡ ማብራሪያ ተመልስ በሚያገባቸው የመሆኑ አንብቡ ማብራሪያ ተመልስ በሚያገባቸው የመሆኑ አንብቡ ማብራሪያ ተመልስ በሚያገባቸው የመሆኑ አንብቡ ማብራሪያ ተመልስ በሚያገባቸው የመሆኑ አንብቡ ማብራሪያ ተመልስ በሚ,0,0
mistral-7b,Ethiopia,Amharic,inst-4,Jo-sp-09,Sport,በኢትዮጵያ ምን ዓይነት ስፖርቶች በባለሃብቶች ይዘወተራል በሚጻና በማስፈሪያ በመሆኑ በመሆኑ የመሆኑ ተመሆኑ በማስፈሪያ በመሆኑ በመሆኑ የመሆኑ ተመሆኑ በማስፈሪያ በመሆኑ በመሆኑ የመሆኑ ተመሆኑ በማስፈሪያ በመሆኑ በመሆኑ የመሆኑ ተመሆኑ በማስፈሪያ በመሆኑ በመሆኑ የመሆኑ ተመሆኑ በማስፈሪያ በመሆኑ በመሆኑ የመሆኑ ተመሆኑ በማስፈሪ,0,0
mistral-7b,Ethiopia,Amharic,inst-4,Jo-sp-13,Sport,በኢትዮጵያ ምን ዓይነት ውሃ ስፖርት እጅግ ታዋቂ ነው በመሆኑ የሚከተለውን ጥያቄ አንባቡ ማብራሪያ መልስ ብቻ የሚያዩው ከጥያቄ መሆኑ በመሆኑ ተመሆኑት በመሆኑ የሚያዩው ጥያቄ አንባቡ ማብራሪያ መልስ ብቻ ከጥያቄ መሆኑ በመሆኑ የሚያዩው ጥያቄ አንባቡ ማብራሪያ መልስ ብቻ ከጥያቄ መሆኑ የሚያዩው ጥያቄ አንባቡ ማብራሪያ መልስ ብቻ ከጥያቄ መሆኑ የሚያዩው ,0,0
mistral-7b,Ethiopia,Amharic,inst-4,Jo-sp-14,Sport,"በኢትዮጵያ ምን ዓይነት አእምሮ ስፖርት እጅግ ታዋቂ ነው በመሆኑ ተመረጃ፣ በማሕበረ ተመረጃ፣ በድሞች እና በመሆኑ ያለው በማሕበረ ተመረጃ በመሆኑ በማሕበረ ተመረጃ ይስጡ። በመሆኑ በማሕበረ ተመረጃ በመሆኑ ያለው በማሕበረ ተመረጃ በመሆኑ በማሕበረ ተመረጃ ይስጡ።

በመሆኑ በማሕበረ ተመረጃ በመሆኑ ያለው በማሕበረ ተመረጃ በመሆ",0,0
mistral-7b,Ethiopia,Amharic,inst-4,Jo-sp-18,Work life,በአንድ እንደሚያገኝ ነው በኢትዮጵያ በመደበኛ ሠራተኛ በአል እንደሚያገኝ ነው በመደበኛ ሠራተኛ ቀን በአል እንደሚያገኝ ነው በመደበኛ ሠራተኛ ቀን በአል እንደሚያገኝ ነው በመደበኛ ሠራተኛ ቀን በአል እንደሚያገኝ ነው በመደበኛ ሠራተኛ ቀን በአል እንደሚያገኝ ነው በመደበኛ ሠራተኛ ቀን በአል እንደሚያገኝ ነው በመደበኛ ሠራተኛ ቀን በአል እንደሚያገኝ ,0,0
mistral-7b,Ethiopia,Amharic,inst-4,Jo-sp-19,Work life,በጥያቄ ቀንባህ ተመረጃ በኢትዮጵያ ተያይዞ በተለምዶ የተያያዘው ክልል በተለምዶ ተግባር ተያይዞ በተለምዶ ተያያዘው ክልል በተለምዶ ተግባር ተያይዞ በተለምዶ ተያያዘው ክልል በተለምዶ ተግባር ተያይዞ በተለምዶ ተያያዘው ክልል በተለምዶ ተግባር ተያይዞ በተለምዶ ተያያዘው ክልል በተለምዶ ተግባር ተያይዞ በተለምዶ ተያያዘው ክልል በተለምዶ ተግባር ተያይዞ ,0,0
mistral-7b,Ethiopia,Amharic,inst-4,Jo-sp-21,Work life,በኢትዮጵያ ሰዎች ለምሳ በምን ሰዓት ከሥራ ሲወጡ በተለይ ሰዓት ካለ 63.3% መሆኑ የመሆኑ ባህል ከፍጪነት እና ፍይሎነት ካለ 63.3% መሆኑ በምን ሰዓት ከሥራ ሲወጡ በተለይ ሰዓት ካለ 18.5% መሆኑ የመሆኑ አማራሪያ ካለ 0.4% መሆኑ በምን ሰዓት ከሥራ ሲወጡ በተለይ ሰዓት ካለ 0.4% መሆኑ በምን ሰዓት ከሥራ ሲወጡ በተለይ ሰዓት ካለ 0.4% መሆኑ በምን ሰዓት ከሥራ ሲወጡ በተለ,0,0
mistral-7b,Ethiopia,Amharic,inst-4,Jo-sp-31,Education,የኢትዮጵያ በሁለተኛ ደረጃ ትምህርት ቤት ተማሪዎች በመሆኑ በሰዓት ከትምህርት ቤት ይጥባቸ። በማስረጃ 2022/23 ቀን ተመሆኑ በመሆኑ 6.9 ዮህ በተማሪዎች በተመሆኑ በባህል በተመሆኑ በባህል በተመሆኑ በባህል በተመሆኑ በባህል በተመሆኑ በባህል በተመሆኑ በባህል በተመሆኑ በባህል በተመሆኑ በባህል በተመሆኑ በባህል በተመሆኑ በባህል በተመሆኑ በባህል በተ,0,0
mistral-7b,Ethiopia,Amharic,inst-4,Jo-sp-32,Education,በኢትዮጵያ በመጀመሪያ ደረጃ ትምህርት ቤት በተማሪዎች በትምህርት ቤት ውስጥ መሆኑ መሆኑ ባህል ማሪያ መሆኑ በመሆኑ ተመሆኑ በመጀመሪያ በማስፈረት በመሆኑ በመጀመሪያ በማስፈረት ተመሆኑ በመጀመሪያ በማስፈረት ተመሆኑ በመጀመሪያ በማስፈረት ተመሆኑ በመጀመሪያ በማስፈረት ተመሆኑ በመጀመሪያ በማስፈረት ተመሆኑ በመጀመሪያ በማስፈረት ተመሆኑ በመ,0,0
mistral-7b,Ethiopia,Amharic,inst-4,Jo-sp-36,Education,"የትምህርት ክረምት የእረፍት ጊዜ ስንት ሳምንት ነበሬ። በኢትዮጵያ ቤቶች የክረምት የእረፍት ጊዜ ስንት ሳምንት ነው በተመራመሪያ ቤቶች በኢትዮጵያ በታሪክ ቁጥሮች (ምሳሌ 7, 8) ብቻ ይምላሉ። በኢትዮጵያ ቤቶች የክረምት የእረፍት ጊዜ ስንት ሳምንት ነው በተመራመሪያ ቤቶች በኢትዮጵያ በታሪክ ቁጥሮች (ምሳሌ 7, 8) ብቻ ይምላሉ በኢትዮጵያ የክረምት የእረፍት ጊዜ ስንት ሳምንት ነበሬ።",1,1.0
mistral-7b,Ethiopia,Amharic,inst-4,Jo-sp-37,Education,በኢትዮጵያ ዩኒቨርስቲዎች ትምህርት ቤቶች የክረምት የእረፍት ጊዜ ስንት ሳምንት ነው በመሆኑ ተመሰረግ የሚያዝባለሁ በመልስ አንድ ማሳይት ነው በመሆኑ ተመሰረግ የሚያዝባለሁ በመልስ አንድ ማሳይት ነው በመሆኑ ተመሰረግ የሚያዝባለሁ በመልስ አንድ ማሳይት ነው በመሆኑ ተመሰረግ የሚያዝባለሁ በመልስ አንድ ማሳይት ነው በመሆኑ ተመሰረግ የሚያዝባለሁ በመልስ አንድ ማሳይት ነው,0,0
mistral-7b,Ethiopia,Amharic,inst-4,Jo-sp-39,Education,የትምህርት በኢትዮጵያ ቁጥር ተመጀመሪያ ይመጀመሩል በማስከፈት በሚያዝባህ ተመጀመሪያ በመጀመሪያ እንደ በማስከፈት በሚያዝባህ ተመጀመሩል በማስከፈት በሚያዝባህ ተመጀመሩል በማስከፈት በሚያዝባህ ተመጀመሩል የመጀመሪያ እንደ በማስከፈት በሚያዝባህ ተመጀመሩል በማስከፈት በሚያዝባህ ተመጀመሩል የመጀመሪያ እንደ በማስከፈት በሚያዝባህ ተመጀመሩል የመ,0,0
mistral-7b,Ethiopia,Amharic,inst-4,Jo-sp-43,Education,ትምህርት በኢትዮጵያ በመጀመሪያ ደረጃ በመጀመሪያ ዲክስ፣ 2022/23 ታሪክስት በመጀመሪያ ደረጃ ትምህርት በመሆኑ በመጀመሪያ ዲክስ፣ በመጀመሪያ ደረጃ ትምህርት በመጀመሪያ ዲክስ በመጀመሪያ ዲክስ ተመረጡ በመጀመሪያ ዲክስ በመጀመሪያ ዲክስ ተመረጡ በመጀመሪያ ዲክስ በመጀመሪያ ዲክስ ተመረጡ በመጀመሪያ ዲክስ በመጀመሪያ ዲክስ ተመረጡ በመጀመሪያ ዲ,1,1.0
mistral-7b,Ethiopia,Amharic,inst-4,Jod-ch-01,Food,በኢትዮጵያ ሰዎች በተደጋጋሚ የሚጠቀሟቸው የምግብ መመገቢያ እቃዎች ተመረጡ በማህደር ነው ባህል መመገቢያ እቃዎች (skilled agricultural and fishery workers) በማስተኛው 63.3% መረጡት መረጡ በመመገቢያ እቃዎች (elementary occupations) 18.5% መረጡት ነው በማስተኛው 0.4% መረጡት መረጡ በመመገቢያ እቃዎች (managers) በማስተኛው 0.4% መረጡት መረጡ በመመገቢያ እቃዎች (managers) በማስተኛው 0.4% መረጡት መረጡ በመመገቢያ ,0,0
mistral-7b,Ethiopia,Amharic,inst-4,Jod-ch-04,Food,በኢትዮጵያ ሰዎች ምን የልስላሳ መጠጥ መጠጣትን ይወዱ ከፍለጻ ማብራሪያ መሆኑ ተመለመለት በኢትዮጵያ የሚፈላማውን መሆኑ በመጠጥ መጠጣት መሆኑ ተመለመለት ይህን በፍለጻ ማብራሪያ መሆኑ በመጠጥ መጠጣት መሆኑ ተመለመለት ይህን በፍለጻ ማብራሪያ መሆኑ በመጠጥ መጠጣት መሆኑ ተመለመለት ይህን በፍለጻ ማብራሪያ መሆኑ በመጠጥ መጠጣት መሆኑ ተመለ,0,0
mistral-7b,Ethiopia,Amharic,inst-4,Jod-ch-06,Food,"በኢትዮጵያ ምን ዓይነት ባህልያዊ አልኮል ታዋቂ ነው በመጻመሪያ ተመረጃ፣ በማህበረ ተመረጃ፣ በኢትዮጵያ ተመረጃ፣ በማሕረግ ተመረጃ፣ በኢትዮጵያ ተመረጃ በሚሳህ በማሕረግ ተመረጃ ነው ባህልያዊ አልኮል ታዋቂ ነው።

በመጻመሪያ ተመረጃ በማህበረ ተመረጃ ነው ባህልያዊ አልኮል ታዋቂ በማሕረግ ተመረጃ ነው ባህልያዊ አልኮል ታዋቂ በኢትዮጵያ ተመ",0,0
mistral-7b,Ethiopia,Amharic,inst-4,Jod-ch-07,Food,"በኢትዮጵያ ሰዎች በአማካይነት እራት ለመመገብ በምግባ ቤት ስንት ሰአት የቆያሉ በሚከተለውን መልስ ብቻ ይስጡ።

በኢትዮጵያ በመመገብ በምግባ ቤት ሰአት የቆያሉ በኢትዮጵያ ሰዎች በመመገብ በምግባ ቤት ስንት ሰአት የቆያሉ በኢትዮጵያ ሰዎች በመመገብ በምግባ ቤት ስንት ሰአት የቆያሉ በኢትዮጵያ ሰዎች በመመገብ በምግባ ቤት ስንት ሰአት የቆያሉ በኢትዮጵያ ሰዎች በመመገብ በምግባ ",0,0
mistral-7b,Ethiopia,Amharic,inst-4,Jod-ch-09,Food,ኢትዮጵያ ሰዎች እራት በምን ሰዓት ይበላሉ በመሆኑ በማስጡ በሚፈቅር በመሆኑ በመሆኑ ይበላሉ በመሆኑ በሚፈቅር በመሆኑ በመሆኑ በመሆኑ ይበላሉ በሚፈቅር በመሆኑ በመሆኑ በመሆኑ በመሆኑ ይበላሉ በሚፈቅር በመሆኑ በመሆኑ በመሆኑ በመሆኑ ይበላሉ በሚፈቅር በመሆኑ በመሆኑ በመሆኑ በመሆኑ ይበላሉ በሚፈቅር በመሆኑ በመሆኑ በመሆኑ በመ,0,0
mistral-7b,Ethiopia,Amharic,inst-4,Jod-ch-12,Food,"ኢትዮጵያውያን ማብራሪያ ማህበረተኞች መባቱ ማጠቃቂ ነው ማሕረት ማራሪያ መብላት ይወዳሉ ጥያቄ መሆኑ በሚፈፃ ተመሆኑ 2024/25 በማሕረት ማጠቃቂ ይህ 63.3% መብላት የመባቱ ኢትዮጵያ መተውያዩ ማሕረት መበረታል ነው, 18.5% መብላት የመባቱ ኢትዮጵያ ማሕረት መበረታል ነው ይህ ተመሆኑ በሚፈፃ ተመሆኑ 2024/25 በማሕረት ማጠቃቂ ይህ 0.4% መብላት የመባቱ ኢትዮ",0,0
mistral-7b,Ethiopia,Amharic,inst-4,Jod-ch-13,Food,ኢትዮጵያ በማህበረ ነው የሚያደረጃ ባህል በመሆኑ በመሆኑ በማሕበረ በማሕበረ የጎዳና ምግብ ይወዱ ባህል በመሆኑ በመሆኑ በማሕበረ በማሕበረ የጎዳና ምግብ ይወዱ ባህል በመሆኑ በመሆኑ በማሕበረ በማሕበረ የጎዳና ምግብ ይወዱ ባህል በመሆኑ በመሆኑ በማሕበረ በማሕበረ የጎዳና ምግብ ይወዱ ባህል በመሆኑ በመሆኑ በማሕበረ በማሕበረ የጎዳና ም,0,0
mistral-7b,Ethiopia,Amharic,inst-4,Jod-ch-15,Food,ኢትዮጵያውያን የባህር ምግብ እንዲሁ ያለ አይነት ይወዳሉ መሆኑ የሚያደፍ ጥያቄ ማስተከተለውን መልስ በመሆኑ መሆኑ የሚያደፍ ጥያቄ ማስተከተለውን መልስ በመሆኑ መሆኑ የሚያደፍ ጥያቄ ማስተከተለውን መልስ በመሆኑ መሆኑ የሚያደፍ ጥያቄ ማስተከተለውን መልስ በመሆኑ መሆኑ የሚያደፍ ጥያቄ ማስተከተለውን መልስ በመሆኑ መሆኑ የሚያደፍ ጥያቄ ማስተከተለውን መልስ በ,0,0
mistral-7b,Ethiopia,Amharic,inst-4,Jod-ch-16,Holidays/Celebration/Leisure,በኢትዮጵያ ትልቅ ዓለም አቀፍ በዓል የቱ ነው ይመጥረተለው መሆኑ በሚሳህ ባህል የተመሽያቸው ጥያቄ በማህዊ ቤት በሚሳህ ባህል የተመሽያቸው ጥያቄ በማህዊ ቤት በሚሳህ ባህል የተመሽያቸው ጥያቄ በማህዊ ቤት በሚሳህ ባህል የተመሽያቸው ጥያቄ በማህዊ ቤት በሚሳህ ባህል የተመሽያቸው ጥያቄ በማህዊ ቤት በሚሳህ ባህል የተመሽያቸው ጥያቄ በማህዊ ቤት በሚ,0,0
mistral-7b,Ethiopia,Amharic,inst-4,Jod-ch-28,Holidays/Celebration/Leisure,"በኢትዮጵያ ከተማ ሲጓዙ ሰዎች በተለይ የሚጠቀሙበት ህዝባዊ ትራንስፖርት በመሆኑ ተመረጃ። ከተማ የሚጠቀሙበት ህዝባዊ ትራንስፖርት በመሆኑ ተመረጃ።

[1] በኢትዮጵያ ከተማ ሲጓዙ ሰዎች በተለይ የሚጠቀሙበት ህዝባዊ ትራንስፖርት በመሆኑ ተመረጃ። እና ከተማ የሚጠቀሙበት ህዝባዊ ትራንስፖርት በመሆኑ ተመረጃ። እና ከተማ የሚጠቀሙበት ህዝባዊ ትራንስፖርት በመሆኑ",0,0
mistral-7b,Ethiopia,Amharic,inst-4,Jod-ch-30,Holidays/Celebration/Leisure,"ጥያቄ, የተያያዙ ምልክቶች ወይም ምስሎች በኢትዮጵያ በዓል ጋር የተወረጥ መሆኑ በማህበረ ፍላጠ በመሆኑ በመሆኑ በመሆኑ በማህበረ የተያያዙ ምልክቶች ወይም ምስሎች በኢትዮጵያ በዓል ጋር የተያያዙ መሆኑ በማህበረ ፍላጠ በመሆኑ በመሆኑ በመሆኑ የተያያዙ ምልክቶች ወይም ምስሎች በኢትዮጵያ በዓል ጋር የተያያዙ መሆኑ በማህበረ ፍላጠ በመሆኑ በመሆኑ በመሆኑ",0,0
mistral-7b,Ethiopia,Amharic,inst-4,Jod-ch-37,Sport,"በኢትዮጵያ ሴቶች ምን ዓይነት ስፖርት ማየት እናፈቅራሉ በመጣታ መሆኑ ተወረጃ።

[1] በኢትዮጵያ ቀንተ ስፖርት በመሆኑ በሚሳለፍ በማህበረ በማዝጣ በማሕበረ በመሆኑ በሚሳለፍ በማህበረ በማዝጣ በመሆኑ በሚሳለፍ በማህበረ በማዝጣ በመሆኑ በሚሳለፍ በማህበረ በማዝጣ በመሆኑ በሚሳለፍ በማህበረ በማዝጣ በመሆኑ በሚሳለፍ በማህበረ በማዝጣ",0,0
mistral-7b,Ethiopia,Amharic,inst-4,Jod-ch-38,Sport,በኢትዮጵያ ወንዶች ምን ዓይነት ስፖርት ማየት እናፈቅራሉ በመጣታ መሆኑ ተወረጃ። በሚሽነፈ በመሆኑ በመሆኑ በማህናት በደረጃ በመሆኑ በመሆኑ በማህናት በመሆኑ በደረጃ በመሆኑ በማህናት በመሆኑ በመሆኑ በደረጃ በመሆኑ በማህናት በመሆኑ በመሆኑ በደረጃ በመሆኑ በማህናት በመሆኑ በመሆኑ በደረጃ በመሆኑ በማህናት በመሆኑ በመሆኑ በደረጃ ,0,0
mistral-7b,Ethiopia,Amharic,inst-4,Jod-ch-41,Holidays/Celebration/Leisure,በኢትዮጵያ ወስጥ የሚገኙ ሴቶች በዋናነት የሚያደርጉት የመዝናኛ እንቅስቃሴ ምንድን ነው በመሆኑ መረጃ የሚያደርጉት መሆኑ ማስታወቂያ መሆኑ በመሆኑ የሚያደርጉት መሆኑ በማስታወቂያ መሆኑ በመሆኑ የሚያደርጉት መሆኑ በማስታወቂያ መሆኑ በመሆኑ የሚያደርጉት መሆኑ በማስታወቂያ መሆኑ በመሆኑ የሚያደርጉት መሆኑ በማስታወቂያ መሆኑ በመሆኑ የሚያደርጉት መሆኑ ,0,0
mistral-7b,Ethiopia,Amharic,inst-4,Jod-ch-42,Holidays/Celebration/Leisure,በኢትዮጵያ ወስጥ የሚገኙ ወንዶች በዋናነት የሚያደርጉት የመዝናኛ እንቅስቃሴ ምንድን ነው በመሆኑ መረጃ የሚያደርግ መሆኑ ማስተናይቱ በመሆኑ መረጃ የሚያደርግ መሆኑ ማስተናይቱ በመሆኑ መረጃ የሚያደርግ መሆኑ ማስተናይቱ በመሆኑ መረጃ የሚያደርግ መሆኑ ማስተናይቱ በመሆኑ መረጃ የሚያደርግ መሆኑ ማስተናይቱ በመሆኑ መረጃ የሚያደርግ መሆኑ ማስተናይቱ ,0,0
mistral-7b,Ethiopia,Amharic,inst-4,Jod-ch-46,Work life,"በኢትዮጵያ ቀንበር ሰዓት (6 ቀንበር ሰዓት) በማረፍያ ቀንበር ይወስዳሉ ነጻ። በመሆኑ ቀንበር ሰዓት በማረፍያ ቀንበር (80-120 ግ) የመሆኑ ሰዓት ይወስዳሉ ነጻ። በማረፍያ ቀንበር ሰዓት በመሆኑ ቀንበር (5 ግ) በመሆኑ ቀንበር ሰዓት ይወስዳሉ ነጻ። በማረፍያ ቀንበር ሰዓት በመሆኑ ቀንበር (2 ቁ) የመሆኑ ቀንበር ሰዓት ይወስዳሉ ነጻ።

በኢትዮጵያ ቀንበር ሰዓት በማረፍያ ቀንበር (2024/25) ",1,1.0
mistral-7b,Ethiopia,Amharic,inst-4,Jod-ch-48,Work life,በኢትዮጵያ ቀናት ላይ ሰዎች ለምሳ በመሸክ ተመረግ ነው 63.3% ለማሕበረ እና ባህል ተመረግ ነው 18.5% ለማንበር ነው 0.4% ለማንባህል ተመረግ ነው ሞራሱ።,0,0
mistral-7b,Ethiopia,Amharic,inst-4,Jod-ch-50,Work life,በኢትዮጵያ የሰዎች አማካይ የጉዞ ጊዜያቸው (በደቂቃ) በመሆኑ ህዝባት ማሕበረሳይ ጥቁር መሆኑ ህዝባት ማሕበረሳይ መሆኑ ህዝባት ማሕበረሳይ ጥቁር መሆኑ ህዝባት ማሕበረሳይ መሆኑ ህዝባት ማሕበረሳይ ጥቁር መሆኑ ህዝባት ማሕበረሳይ መሆኑ ህዝባት ማሕበረሳይ ጥቁር መሆኑ ህዝባት ማሕበረሳይ መሆኑ ህዝባት ማሕበረሳይ ጥቁር መሆኑ ህዝባት ማሕበ,0,0
mistral-7b,Ethiopia,Amharic,inst-4,Jod-ch-51,Work life,በኢትዮጵያ ሰዎች ለመስራት የሚወስዱት እጅግ ተደጋጋሚ መጓጓዣ በማሕበረ ነው መሆኑ በመሆኑ በመሆኑ በመሆኑ በመሆኑ በመሆኑ በመሆኑ በመሆኑ በመሆኑ በመሆኑ በመሆኑ በመሆኑ በመሆኑ በመሆኑ በመሆኑ በመሆኑ በመሆኑ በመሆኑ በመሆኑ በመሆኑ በመሆኑ በመሆኑ በመሆኑ በመሆኑ በመሆኑ በመሆኑ በመሆኑ በመሆኑ በመሆኑ በመሆኑ በመሆ,0,0
mistral-7b,Ethiopia,Amharic,inst-4,Jod-ch-54,Work life,በኢትዮጵያ የጋብቻ የፍቃድ ጊዜ ስንት ቀን ተመረጡ፣ በሚሳህ ቀን በመሆኑ በማይችሁ በመሆኑ በመጣፍ በመሆኑ በመጥታ በመሆኑ በመሆኑ በመሆኑ በመሆኑ በመሆኑ በመሆኑ በመሆኑ በመሆኑ በመሆኑ በመሆኑ በመሆኑ በመሆኑ በመሆኑ በመሆኑ በመሆኑ በመሆኑ በመሆኑ በመሆኑ በመሆኑ በመሆኑ በመሆኑ በመሆኑ በመሆኑ በመሆኑ በመሆኑ በመሆኑ በ,0,0
mistral-7b,Ethiopia,Amharic,inst-4,Jod-ch-56,Work life,በኢትዮጵያ ሴቶች ጡረታ የሚዎጡበት እድሜ ስንት ነው 4.6 መሆኑ ተመሸክለው ማህበረያዎች በሚሳለት በመሆኑ ተጥቁ።,0,0
mistral-7b,Ethiopia,Amharic,inst-4,Jod-ch-57,Work life,በኢትዮጵያ ወንዶች ጡረታ የሚዎጡበት እድሜ ስንት ነው በመሆኑ ተመሆኑ በማህበረ በሚመጣበት በመዝግብ በመሆኑ ተመሆኑ በማህበረ በሚመጣበት በመዝግብ በመሆኑ ተመሆኑ በማህበረ በሚመጣበት በመዝግብ በመሆኑ ተመሆኑ በማህበረ በሚመጣበት በመዝግብ በመሆኑ ተመሆኑ በማህበረ በሚመጣበት በመዝግብ በመሆኑ ተመሆኑ በማህበረ በሚመጣበት በ,0,0
mistral-7b,Ethiopia,Amharic,inst-4,Jod-ch-58,Work life,በኢትዮጵያ ምን ዓይነት ሙያ እጅግ ከበረታች ነው ተመሸክለው ማስተካናው የሚያገባበት መረጃ በመሆኑ በመሆኑ ተመሸክለው የሚያገባበት ማስተካናው በመሆኑ በመሆኑ ተመሸክለው የሚያገባበት ማስተካናው በመሆኑ በመሆኑ ተመሸክለው የሚያገባበት ማስተካናው በመሆኑ በመሆኑ ተመሸክለው የሚያገባበት ማስተካናው በመሆኑ በመሆኑ ተመሸክለው የሚያገ,0,0
mistral-7b,Ethiopia,Amharic,inst-4,Jod-ch-60,Work life,በአንድ ቀን የሰዓት ርዝመት ስንት ነው በኢትዮጵያ በሚያዩ በማህደረግ የመሆን መሆን ቀን ነው ባህል በተራ መሆን ቀን በማህደረግ የመሆን ቀን ነው ባህል በተራ መሆን ቀን በማህደረግ የመሆን ቀን ነው ባህል በተራ መሆን ቀን በማህደረግ የመሆን ቀን ነው ባህል በተራ መሆን ቀን በማህደረግ የመሆን ቀን ነው ባህል በተራ መሆን ቀን በማህደረግ የመሆን ቀን ነው ባህል በተራ መሆን ቀን በ,0,0
mistral-7b,Ethiopia,Amharic,inst-4,Jod-ch-61,Work life,በኢትዮጵያ ውስጥ ሴቶች በሚመርጡት ሙያዎች መካከል 61.3% መካከል ሙያ በተሻለ ይመረጣል ማህናው መካከል 73.5% መካከል ተማሪያ ነው ማህናው መካከል 70.3% ተማሪያ ነው ማህናው መካከል 48.3% መካከል ተማሪያ ነው ማህናው መካከል 49.4% መካከል ተማሪያ ነው ማህናው መካከል መጣው በድረዛ ነው ማህናው መካከል መጣው በግምበላ ነው ማህናው መካከል መጣው በሚመር,0,0
mistral-7b,Ethiopia,Amharic,inst-4,Jod-ch-62,Work life,በኢትዮጵያ ውስጥ በሚመረጡት ሙያዎች መካከል 73.5% መካከል ማሳሪ በመረጡት ሙያዎች መካከል መሰረፍ መረጡት ማሳሪ በሚመረጡት ሙያዎች መካከል መሰረፍ መረጡት ማሳሪ በሚመረጡት ሙያዎች መካከል መሰረፍ መረጡት ማሳሪ በሚመረጡት ሙያዎች መካከል መሰረፍ መረጡት ማሳሪ በሚመረጡት ሙያዎች መካከል መሰረፍ መረጡት ማሳሪ በሚመረጡት ሙያዎች መካከል መሰ,0,0
mistral-7b,Ethiopia,Amharic,inst-4,Ki-pe-17,Education,በኢትዮጵያ ተማሪዎች በአማካኝ እስከ የትኛውን ደረጃ ትምህርት ይቀጥላሉ ይህ አሳሳፍ መልስ የኢትዮጵያ ተማሪዎች በሚረጃ በመሆኑ በመሆኑ በመሆኑ ተማሪዎች በአማካኝ በትክራይ የጥያቄ መልስ በሚረጃ በመሆኑ በመሆኑ በመሆኑ ተማሪዎች በአማካኝ በትክራይ የጥያቄ መልስ በሚረጃ በመሆኑ በመሆኑ በመሆኑ ተማሪዎች በአማካኝ በትክራይ የጥያቄ መልስ በሚረጃ በመ,0,0
mistral-7b,Ethiopia,Amharic,inst-4,Ki-pe-24,Education,በኢትዮጵያ ትምህርት ቤቶች ከእንግሊዝኛ ቋንቋ በተጨማሪ በመሆኑ በመሆና በመሆነ በመሆው በመሆጣ በመሆጥ በመሆጤ በመሆጥና በመሆጥ። ይህን በተጨማሪ በመሆኑ በመሆና በመሆነ በመሆው በመሆጣ በመሆጥ በመሆጤ በመሆጥና በመሆጥ። ይህን በተጨማሪ በመሆኑ በመሆና በመሆነ በመሆው በመሆጣ በመሆጥ በመሆጤ በመሆጥና በመሆጥ። ይህን በተ,0,0
mistral-7b,Ethiopia,Amharic,inst-4,Ki-pe-30,Education,"በኢትዮጵያ ትምህርት ቤቶች ከሳምንቱ ቀኖች ውስጥ የኢትዮጵያ ቀነበር ቤቶች ከሳምንቱ ቀኖች ውስጥ ተመልከቱ ነው። በኢትዮጵያ ቀነበር ቤቶች ከሳምንቱ ቀኖች ተመልከቱ በጥያቄ በኢትዮጵያ ቀነበር ቤቶች ከሳምንቱ ቀኖች ተመልከቱ በጥያቄ 91.7% ነው። የክሎታ ክሎታ ቤቶች ተመልከቱ በጥያቄ 15,167 ቤቶች ተመልከቱ በኮራማ ክፍሩ ቀነበር ቤቶች ተመልከቱ በጥያቄ በአዲ",0,0
mistral-7b,Ethiopia,Amharic,inst-4,Ki-pe-32,Food,ኢትዮጵያ ቤተሰቦች በተለይ ምን ምግብ ያዘጋጣሉ ነው በሚከተለው የሚያዝባለው መሆኑ በመጽሐፍ በማህደር በመሆኑ የሚያዝባለው መሆኑ በመጽሐፍ በማህደር በመሆኑ የሚያዝባለው መሆኑ በመጽሐፍ በማህደር በመሆኑ የሚያዝባለው መሆኑ በመጽሐፍ በማህደር በመሆኑ የሚያዝባለው መሆኑ በመጽሐፍ በማህደር በመሆኑ የሚያዝባለው መሆኑ በመጽሐፍ በ,0,0
mistral-7b,Ethiopia,Amharic,inst-4,Ki-pe-34,Food,በኢትዮጵያ በማለዳ ምግባ ጊዜ የተለመደ መጠጥ በሚረጃ ትግ (Tej) ነው ያለው በማህደር የተመረጃ ጥቁቁ በመጽሐፍ ከጭራሜ በማህዩ ተመረጃ በመጽሐፍ የተመረጃ እንዲሁም በማህዩ ተመረጃ በመጽሐፍ የተመረጃ እንዲሁም በማህዩ ተመረጃ በመጽሐፍ የተመረጃ እንዲሁም በማህዩ ተመረጃ በመጽሐፍ የተመረጃ እንዲሁም በማህዩ ተመረጃ በመጽሐፍ የተመረጃ እንዲ,0,0
mistral-7b,Ethiopia,Amharic,inst-4,Ki-pe-36,Food,ከኢትዮጵያ ከተመረተ ምግብ ውጭ የምን አገር ምግብ በኢትዮጵያ ታዋቂ ነው በመሆኑ የሚያደረጃ፣ የሚያለጥ፣ የሚማሳሪ፣ የሚተነሳሪ፣ የሚመጠረክ፣ የሚያለጥ በማህደረጃ ነው በኢትዮጵያ ታዋቂ በመሆኑ የሚያደረጃ፣ የሚያለጥ፣ የሚማሳሪ፣ የሚተነሳሪ፣ የሚመጠረክ፣ የሚያለጥ በማህደረጃ ነው በኢትዮጵያ ታዋቂ በመሆኑ የሚያደረጃ፣ የሚያለጥ፣ የሚማሳሪ,0,0
mistral-7b,Ethiopia,Amharic,inst-4,Ki-pe-39,Food,"በኢትዮጵያ ለቤተሰብ ሽርሽር ጊዜ በተለይ ምን ዓይነት ምግባ ይዘጋጃል በሚያዝባለች ማብራሪያ አንድ መልስ ብቻ ይስጡ።

ከሰሞታ በሚያዝባለች ማብራሪያ አንድ መልስ ብቻ ይስጡ።

[1] የኢትዮጵያ ሰሞታ በማህበረ ባህል በመሸክል ፍዴ በጥቃቱ ህዝቡ የሚያዝባለች ማብራሪያ መሸክል ፍዴ ህዝቡ ለማሕጠቀመረክ ሓላሎት መሸክል ፍዴ ህዝቡ የሚያዝባለች ማብራሪያ ",,
mistral-7b,Ethiopia,Amharic,inst-4,Ki-pe-40,Food,ከኢትዮጵያ የትኛው ምግባ በአለም ላይ በተለይ የሚጠላ ምግብ ነው በመሆኑ ማህበረው መልስ በመሆኑ የሚጠላ ምግብ በመሆኑ ማህበረው መልስ በመሆኑ የሚጠላ ምግብ በመሆኑ ማህበረው መልስ በመሆኑ የሚጠላ ምግብ በመሆኑ ማህበረው መልስ በመሆኑ የሚጠላ ምግብ በመሆኑ ማህበረው መልስ በመሆኑ የሚጠላ ምግብ በመሆኑ ማህበረው መልስ በመሆኑ የሚጠላ ምግብ በመሆኑ ማህ,,
mistral-7b,Ethiopia,Amharic,inst-4,Ki-pe-43,Food,"በኢትዮጵያ የታወቀው የዳቦ ስም ተመረጃ መሸረቱ ነው። መሸረቱ መሆኑ የሚያደረጃ መሸረቱ በማህው ኢትዮጵያ በማህው የታወቀው መሸረቱ ተመረጃ ነው። መሸረቱ ማህው የታወቀው መሸረቱ በማህው ኢትዮጵያ በማህው የታወቀው መሸረቱ ተመረጃ ነው።

መሸረቱ ማህው የታወቀው መሸረቱ በማህው ኢትዮጵያ በማህው የታወቀው መሸረቱ ተመረጃ ነው። መሸረ",0,0
mistral-7b,Ethiopia,Amharic,inst-4,Ki-pe-51,Work life,በኢትዮጵያ የመንግሥት ቢሮዎች በምን ሰዓት ይዘጋሉ ነው በሚያዝባህ በማሕበረ በመንግሥት ቢሮዎች ነው በሚያዝባህ በማሕበረ በመንግሥት ቢሮዎች ነው በሚያዝባህ በማሕበረ በመንግሥት ቢሮዎች ነው በሚያዝባህ በማሕበረ በመንግሥት ቢሮዎች ነው በሚያዝባህ በማሕበረ በመንግሥት ቢሮዎች ነው በሚያዝባህ በማሕበረ በመንግሥት ቢሮዎች ነው በሚያዝባ,0,0
mistral-7b,Ethiopia,Amharic,inst-4,Ki-pe-53,Work life,በኢትዮጵያ የመንግሥት ቢሮዎች መደበኛ የመጀመሪያ ሰዓት 91.7% መሆኑ እንደ ባህላዊ መሆኑ ግዜታ መሆኑ መሆኑ መሆኑ መሆኑ መሆኑ መሆኑ መሆኑ መሆኑ መሆኑ መሆኑ መሆኑ መሆኑ መሆኑ መሆኑ መሆኑ መሆኑ መሆኑ መሆኑ መሆኑ መሆኑ መሆኑ መሆኑ መሆኑ መሆኑ መሆኑ መሆኑ መሆኑ መሆኑ መሆኑ መሆኑ መሆኑ መሆኑ መሆኑ መሆኑ መሆኑ መሆኑ መሆኑ መ,0,0
mistral-7b,Ethiopia,Amharic,inst-4,Kik-in-01,Holidays/Celebration/Leisure,በኢትዮጵያ ብሔራዊ በዓል ረጅም ጊዜ ይከበራል ተመሸፍ በማርካን አርሲ እና ሸሎ ግድ በመረጃ ተመሸፍ በቅጣ በቅጣ በካች በቅጣ በዓል ረጅም ጊዜ ይከበራል ተመሸፍ በማርካን በሳይና በሳይነት በቅጣ በቅጣ በካች በቅጣ በዓል ረጅም ጊዜ ይከበራል ተመሸፍ በማርካን በሳይነት በቅጣ በቅጣ በካች በቅጣ በዓል ረጅም ጊዜ ይከበራል ተመሸፍ በማርካን በሳይነት በቅ,0,0
mistral-7b,Ethiopia,Amharic,inst-4,Kik-in-02,Holidays/Celebration/Leisure,"ኢትዮጵያውያን የነጣነት ቀን ሲከበር የተለመደ እንቅስቃሴዎች 63.3% ማግኘባለሁ መረጃ የተመረጠባለሁ ተላሪ ተመረጥና ፍራሪዎች ነው, 18.5% ማግኘባለሁ የተመረጠባለሁ ተመረጥው ተመረጥና 0.4% ማግኘባለሁ የተመረጠባለሁ ድሞክራሲዎች ነው.",0,0
mistral-7b,Ethiopia,Amharic,inst-4,Kik-in-04,Holidays/Celebration/Leisure,በኢትዮጵያ ቤተሰብ አንድ አባል ሲሞት በቤት ፊት በመሆኑ በማህያዩ ተጠቃቀለ ባህል በመሆኑ በማህያዩ ተጠቃቀለ ባህል በመሆኑ በማህያዩ ተጠቃቀለ ባህል በመሆኑ በማህያዩ ተጠቃቀለ ባህል በመሆኑ በማህያዩ ተጠቃቀለ ባህል በመሆኑ በማህያዩ ተጠቃቀለ ባህል በመሆኑ በማህያዩ ተጠቃቀለ ባህል በመሆኑ በማህያዩ ተጠቃቀለ ባህል በመሆኑ በማህያ,,
mistral-7b,Ethiopia,Amharic,inst-4,Kik-in-05,Holidays/Celebration/Leisure,"በኢትዮጵያ የእርግዝና በዓል ወይም ሥነ-ሥርዓት መቼ ይካሄዳል የሚፈለጉ ማብራሪያ አንድ መልስ ብቻ ይስጡ።

[1] የኢትዮጵያ የእርግዝ በሰማ መረጃ ደረጃ ይህ በመሆኑ በመሆነ በመሆና በመሆ፣ የመሆ፡፡ ይህ በማህበረ ተመሆነ የመሆ፡፡ ይህ በመሆ፡፡ ይህ በማህበረ ተመሆነ የመሆ፡፡ ይህ በማህበረ ተመሆነ የመሆ፡፡ ይህ በማህበረ ተመሆነ የመሆ፡፡ ይህ ",0,0
mistral-7b,Ethiopia,Amharic,inst-4,Kik-in-06,Holidays/Celebration/Leisure,በኢትዮጵያ ከሰርግ በፊት ምን ዓይነት ክስተት ይካሄዳል እና መሆኑ ማህከቱ በፊት ጥያቄ የሚከተለውን መልስ ባህላዊ ማህከቱ በፊት ጥያቄ የሚከተለውን መልስ ባህላዊ ማህከቱ በፊት ጥያቄ የሚከተለውን መልስ ባህላዊ ማህከቱ በፊት ጥያቄ የሚከተለውን መልስ ባህላዊ ማህከቱ በፊት ጥያቄ የሚከተለውን መልስ ባህላዊ ማህከቱ በፊት ጥያቄ የሚከተለውን መልስ ባህላዊ ማህከቱ ,0,0
mistral-7b,Ethiopia,Amharic,inst-4,Kik-in-07,Holidays/Celebration/Leisure,በኢትዮጵያ አዲስ አመት ልጆች የሚጋሩት ነገር ምንድን ነው በመረጃ መሰረፍ በመልስ የሚያዝባለት በመረጃ መሰረፍ በመረጃ መሰረፍ የሚያዝባለት በመረጃ መሰረፍ በመረጃ መሰረፍ የሚያዝባለት በመረጃ መሰረፍ በመረጃ መሰረፍ የሚያዝባለት በመረጃ መሰረፍ በመረጃ መሰረፍ የሚያዝባለት በመረጃ መሰረፍ በመረጃ መሰረፍ የሚያዝባለት በመረጃ መሰረፍ በመረጃ,0,0
mistral-7b,Ethiopia,Amharic,inst-4,Kik-in-08,Holidays/Celebration/Leisure,በኢትዮጵያ ረመዳን ከመጀመሪያው ቀናት በፊት ምን ዓይነት እንቅስቃሴዎች ተደርገዋል ከመሆኑ በመሆኑ በፊት በማህያዩ በሚሳለ ተጥባለሁ የመሆኑ ቀናት በፊት በማህያዩ በሚሳለ ተጥባለሁ የመሆኑ ቀናት በፊት በማህያዩ በሚሳለ ተጥባለሁ የመሆኑ ቀናት በፊት በማህያዩ በሚሳለ ተጥባለሁ የመሆኑ ቀናት በፊት በማህያዩ በሚሳለ ተጥባለሁ የመሆኑ ቀናት በፊት ,0,0
mistral-7b,Ethiopia,Amharic,inst-4,Kik-in-10,Holidays/Celebration/Leisure,በኢትዮጵያ ለውጭ ጉብኝቶች እጅግ ታዋቂው የመስብ ቦታዎች በማህደር ነው ባህል (Buna) ከመጫና መሸረት በሚያዝባለችን ተመሸረሳል። በማህዩ ነው ባህል በሚያዝባለችን ተመሸረሳል የማህዩ ነው በአዲስ አበባ ነው በሚያዝባለችን ተመሸረሳል የማህዩ ነው በጥቃቱ በሚያዝባለችን ተመሸረሳል የማህዩ ነው በጥቃቱ በሚያዝባለችን ተመሸረሳል የማህዩ ነው በጥቃቱ ,0,0
mistral-7b,Ethiopia,Amharic,inst-4,Kik-in-11,Holidays/Celebration/Leisure,"ጥያቄ, የታወቀው የሃይማኖት ቦታ በኢትዮጵያ በመሆኑ ተመረጡ፤ በመሆኑ የተመረጥሩት ቦታ ይመረጣ። በኢትዮጵያ ቤተ መቅደስ በመሆኑ የታወቀው የሃይማኖት ቦታ በመሆኑ ተመረጥሩት በመሆኑ የተመረጥሩት ቦታ ይመረጣ። በኢትዮጵያ ቤተ ክርስቲያን ማለት በመሆኑ የታወቀው የሃይማኖት ቦታ በመሆኑ ተመረጥሩት በመሆኑ የተመረጥሩት ቦታ ይመረጣ።

በኢትዮጵያ ",0,0
mistral-7b,Ethiopia,Amharic,inst-4,Kik-in-15,Holidays/Celebration/Leisure,"በጥያቄ በኢትዮጵያ ሴቶች በመጨረሻ የተመረቀችውን የምረቃ ስነስርዓት ላይ በተለይ ምን ልብስ ይለብሳሉ ፡፡

ጽና በመጨረሻ የተመረቀችውን የምረቃ ስነስርዓት ላይ በተለይ ማሳሉ ጥቅሁ፣ በመጨረሻ የተመረቀችውን የምረቃ ስነስርዓት ላይ በተለይ ማሳሉ ጥቅሁ በመጨረሻ የተመረቀችውን ኢትዮጵያ ሴቶች በማሳሉ በመጨረሻ የተመረቀችውን ኢትዮጵያ ሴቶች በማሳሉ በመጨ",0,0
mistral-7b,Ethiopia,Amharic,inst-4,Kik-in-16,Food,"በኢትዮጵያ የሙቀት ሲቀዝቅዝ በተለይ ምን መጠጥ ይጠጣል ነው ቤተ ከማብራሪያ እና ከካስክ መጠጥ መጣጡ።

ቤተ: በኢትዮጵያ የሙቀት ሲቀዝቅዝ በተለይ ምን መጠጥ ይጠጣል ነው ቤተ ከማብራሪያ እና ከካስክ መጠጥ መጣጡ።

መልስ: ቤተ በኢትዮጵያ የሙቀት ሲቀዝቅዝ በተለይ ምን መጠጥ ይጠጣል ነው ቤተ ከማብራሪያ እና ከካስክ መጠጥ መጣጡ።

ቤተ: በኢትዮጵያ የ",0,0
mistral-7b,Ethiopia,Amharic,inst-4,Kik-in-17,Food,"በኢትዮጵያ ረመዳን ጊዜ የሚሸጥና የሚገኝ ፍሬ ምንድነው በማብራሪያ አንድ መልስ ብቻ ይስጡ።
  በተመረጃ ነው የሚሸጥና ፍሬ ነው ከመሆኑ ካስተት (enset) እና ተፈሪ (teff) በጥያቄ ማብራሪያ አንድ መልስ ብቻ ይስጡ።
  የካስተት በተለይ በቀላላ በማብራሪያ አንድ መልስ ብቻ 75.8% ከመሆኑ ካስተት መሆኑ ነው ይህን በማብራሪያ አንድ መልስ ብቻ 16.7% ከመሆኑ ተፈሪ በጥያቄ ማብራሪያ አን",0,0
mistral-7b,Ethiopia,Amharic,inst-4,Kik-in-24,Food,"በኢትዮጵያ ውስጥ በፈጣን ምግብ ቤት ከዶሮ ጋር የሚሆን ካርቦሃድሬት መሰረሃይ ማህደሞች ህዝባዊ መሆኑ መጠቀም በሚፈፃ።

  በማህደሞች ህዝባዊ መሆኑ በሚፈፃ የሚሆን ካርቦሃድሬት ማህደሞች ህዝባዊ መጠቀም በሚፈፃ የሚሆን መሆኑ በማህደሞች ህዝባዊ መጠቀም በሚፈፃ የሚሆን ካርቦሃድሬት ማህደሞች ህዝባዊ መጠቀም በሚፈፃ የሚሆን መሆኑ በማህደሞች ህዝባ",0,0
mistral-7b,Ethiopia,Amharic,inst-4,Kik-in-31,Sport,በኢትዮጵያ ውስጥ እጅግ ተውዳጅ የሆን የማርሻል አርት ስፖርት በመረጃ ባህላዊ ተመረጃ በመረጃ ባህላዊ ተመረጃ በማርሻል በመረጃ ባህላዊ ተመረጃ በማርሻል በመረጃ ባህላዊ ተመረጃ በማርሻል በመረጃ ባህላዊ ተመረጃ በማርሻል በመረጃ ባህላዊ ተመረጃ በማርሻል በመረጃ ባህላዊ ተመረጃ በማርሻል በመረጃ ባህላዊ ተመረጃ በማርሻል በመረጃ ባህላዊ ተመረጃ ,0,0
mistral-7b,Ethiopia,Amharic,inst-4,Kik-in-34,Sport,በኢትዮጵያ ብሄራዊ ቴሌቪዥን ላይ በተደጋጋሚ የሚሰሩ ስፖርቶች ነው በመሆኑ በማህናት በመጣታ በመሰረሃይ በመሰረፍ በመሰረናት በማጣታ በመሰረሃይ በማጣታ በመሰረፍ በማጣታ በመሰረሃይ በማጣታ በመሰረፍ በማጣታ በመሰረሃይ በማጣታ በመሰረፍ በማጣታ በመሰረሃይ በማጣታ በመሰረፍ በማጣታ በመሰረሃይ በማጣታ በመሰረፍ በማጣታ ,0,0
mistral-7b,Ethiopia,Amharic,inst-4,Kik-in-35,Sport,በኢትዮጵያ በCOVID-19 እለት በሰዎች መካከል ታዋቂ ነበሩ በማህግ በመሆኑ ተመለረክ በመሆኑ በወራሲ በማህግ በመሆኑ ተመለረክ በመሆኑ በወራሲ በማህግ በመሆኑ ተመለረክ በመሆኑ በወራሲ በማህግ በመሆኑ ተመለረክ በመሆኑ በወራሲ በማህግ በመሆኑ ተመለረክ በመሆኑ በወራሲ በማህግ በመሆኑ ተመለረክ በመሆኑ በወራሲ በማህግ በመሆኑ ,0,0
mistral-7b,Ethiopia,Amharic,inst-4,Kik-in-36,Sport,በኢትዮጵያ ታዋቂ የእግር ኳስ አሰልጣኝ ማን ነው በመሆኑ በመሆኑ መሆኑ የሚያደረጃ፣ በማንበላለ መሆኑ የሚያደረጥ። በኢትዮጵያ ታዋቂ የእግር ኳስ አሰልጣኝ ማን ነው በመሆኑ በመሆኑ መሆኑ የሚያደረጥ በማንበላለ መሆኑ በመሆኑ መሆኑ የሚያደረጥ በማንበላለ መሆኑ በመሆኑ መሆኑ የሚያደረጥ በማንበላለ መሆኑ በመሆኑ መሆኑ የሚያደረጥ በማንበላለ መሆ,0,0
mistral-7b,Ethiopia,Amharic,inst-4,Kik-in-37,Sport,በኢትዮጵያ ውስጥ ተመሆን የታወቁ ናቸው በማህበረ እና ሚለጥ መሆን መዋዕላቸው ለመሆን የታወቁ ናቸው በማህበረ እና ሚለጥ መሆን መዋዕላቸው ለመሆን የታወቁ ናቸው በማህበረ እና ሚለጥ መሆን መዋዕላቸው ለመሆን የታወቁ ናቸው በማህበረ እና ሚለጥ መሆን መዋዕላቸው ለመሆን የታወቁ ናቸው በማህበረ እና ሚለጥ መሆን መዋዕላቸው ለመሆን የታወቁ ና,0,0
mistral-7b,Ethiopia,Amharic,inst-4,Kik-in-38,Sport,የተማለው በኢትዮጵያ ባህርይ የታወቁ እግር ኳስ ደጋፊዎች ስም በመሆኑ ባህርይ የታወቁ እግር ኳስ ደጋፊዎች በማመጫ በሚያዩ ባህርይ የታወቁ እግር ኳስ ደጋፊዎች በማመጫ በሚያዩ ባህርይ የታወቁ እግር ኳስ ደጋፊዎች በማመጫ በሚያዩ ባህርይ የታወቁ እግር ኳስ ደጋፊዎች በማመጫ በሚያዩ ባህርይ የታወቁ እግር ኳስ ደጋፊዎች በማመጫ በሚያዩ ባህርይ የታወቁ እግር,,
mistral-7b,Ethiopia,Amharic,inst-4,Kik-in-40,Sport,በኢትዮጵያ እጅግ የታወቀ ወንድ ባድሜንተን ተጫዋች ማን ነው በመሆኑ የሚያዝባለበት በመሆኑ የሚያገባለበት ተጫዋች በማን ነው በመሆኑ የሚያገባለበት ተጫዋች በማን ነው በመሆኑ የሚያዝባለበት ተጫዋች በማን ነው በመሆኑ የሚያገባለበት ተጫዋች በማን ነው በመሆኑ የሚያዝባለበት ተጫዋች በማን ነው በመሆኑ የሚያገባለበት ተጫዋች በማን ነው በመሆኑ የሚያ,,
mistral-7b,Ethiopia,Amharic,inst-4,Kik-in-41,Sport,በኢትዮጵያ እጅግ የታወቀ ሴት ባድሜንተን ተጫዋች 4.6 መረጃ ነው ይህ በእና ባህል በማን ተጫዋች በኢትዮጵያ እጅግ በታወቀ ሴት ባድሜንተን ተጫዋች በኢትዮጵያ እጅግ በታወቀ ሴት ባድሜንተን ተጫዋች በኢትዮጵያ እጅግ በታወቀ ሴት ባድሜንተን ተጫዋች በኢትዮጵያ እጅግ በታወቀ ሴት ባድሜንተን ተጫዋች በኢትዮጵያ እጅግ በታወቀ ሴት ባድሜንተን ተጫዋች በኢት,,
mistral-7b,Ethiopia,Amharic,inst-4,Kik-in-44,Sport,በኢትዮጵያ የትኛው ስፖርት ከመንግሥት የበለጠ ድጋፍ ይከተላል በሚያዩ ማህበረ መንግሥት በመሆኑ የበለጠ ድጋፍ ይከተላል በሚያዩ ማህበረ መንግሥት በመሆኑ የበለጠ ድጋፍ ይከተላል በሚያዩ ማህበረ መንግሥት በመሆኑ የበለጠ ድጋፍ ይከተላል በሚያዩ ማህበረ መንግሥት በመሆኑ የበለጠ ድጋፍ ይከተላል በሚያዩ ማህበረ መንግሥት በመሆኑ የበለጠ ድጋፍ ይከተላል,0,0
mistral-7b,Ethiopia,Amharic,inst-4,Kik-in-45,Sport,በኢትዮጵያ የትምህርት ቤቶች ውስጥ በተለይ የሚገኙ የስፖርት መስኮች እንዳሉ ባህል በማህበረ ተመራጃ በመሆኑ የሚፈላጥ በመሆኑ በማህበረ ተመራጃ በመሆኑ የሚፈላጥ በማህበረ ተመራጃ በመሆኑ የሚፈላጥ በማህበረ ተመራጃ በመሆኑ የሚፈላጥ በማህበረ ተመራጃ በመሆኑ የሚፈላጥ በማህበረ ተመራጃ በመሆኑ የሚፈላጥ በማህበረ ተመራጃ በመሆኑ የሚፈላጥ ,0,0
mistral-7b,Ethiopia,Amharic,inst-4,Na-ko-02,Food,በኢትዮጵያ ተለይ የሚወዱት የካፌ መጠጥ 16.2% መሆኑ ማስታወቂያ ህዝባዊ መሆኑ ማህግ መሆኑ ማህግ መሆኑ ማስታወቂያ መሆኑ ማህግ መሆኑ ማህግ መሆኑ ማስታወቂያ መሆኑ ማህግ መሆኑ ማህግ መሆኑ ማስታወቂያ መሆኑ ማህግ መሆኑ ማህግ መሆኑ ማስታወቂያ መሆኑ ማህግ መሆኑ ማህግ መሆኑ ማስታወቂያ መሆኑ ማህግ መሆኑ ማህግ መሆኑ ማስታወቂያ መሆ,0,0
mistral-7b,Ethiopia,Amharic,inst-4,Na-ko-04,Food,ኢትዮጵያ ሰዎች የተመረጡት የሐንጋቨር ፈውስ ምግቦች እና ማህበረ መሆኑ መሰረፍ መለያቱ መለጻ መልስ ብቻ የሚያዩው ህዝባት ማክረግ መሆኑ መሰረፍ መልስ ብቻ የሚያዩው ህዝባት ማክረግ መሆኑ መሰረፍ መልስ ብቻ የሚያዩው ህዝባት ማክረግ መሆኑ መሰረፍ መልስ ብቻ የሚያዩው ህዝባት ማክረግ መሆኑ መሰረፍ መልስ ብቻ የሚያዩው ህዝባት ማክረግ መሆኑ መሰረፍ መልስ,0,0
mistral-7b,Ethiopia,Amharic,inst-4,Na-ko-05,Food,በኢትዮጵያ የተለመደው ከፈለጉት ቦታ የሚመጣ ምግብ ምንድን ነው በመሆኑ ተመለረግ በመልስ የተመለረግ ባህላዊ መሆኑ በመሆኑ ተመለረግ የተመለረግ ባህላዊ መሆኑ በመልስ በመሆኑ ተመለረግ የተመለረግ ባህላዊ መሆኑ በመልስ በመሆኑ ተመለረግ የተመለረግ ባህላዊ መሆኑ በመልስ በመሆኑ ተመለረግ የተመለረግ ባህላዊ መሆኑ በመልስ በመሆኑ ተመለረግ የተ,0,0
mistral-7b,Ethiopia,Amharic,inst-4,Na-ko-07,Food,በኢትዮጵያ ሰዎች በብዛት የሚበሉት የሥጋ አይነት በመሆኑ በመሆና በመሆከተለውን የሥጋ አይነት በማህያዩ በሚያዝባለው ተመሆከታል የሥጋ አይነት በማህያዩ በሚያዝባለው ተመሆከታል የሥጋ አይነት በማህያዩ በሚያዝባለው ተመሆከታል የሥጋ አይነት በማህያዩ በሚያዝባለው ተመሆከታል የሥጋ አይነት በማህያዩ በሚያዝባለው ተመሆከታል የሥጋ አይነት በማህያዩ በ,0,0
mistral-7b,Ethiopia,Amharic,inst-4,Na-ko-08,Food,በኢትዮጵያ በመህር ወቅት በብዛት ፍራፍሬ በሚሳክ አሎች ከመሰጡ በመህር ወቅት በብዛት ፍራፍሬ በሚሳክ አሎች በመሰጡ በመህር ወቅት በብዛት ፍራፍሬ በሚሳክ አሎች በመሰጡ በመህር ወቅት በብዛት ፍራፍሬ በሚሳክ አሎች በመሰጡ በመህር ወቅት በብዛት ፍራፍሬ በሚሳክ አሎች በመሰጡ በመህር ወቅት በብዛት ፍራፍሬ በሚሳክ አሎች በመሰጡ በመህር ወቅት በብዛት ፍ,0,0
mistral-7b,Ethiopia,Amharic,inst-4,Na-ko-09,Food,በኢትዮጵያ የምግብ ጠረጴዛ ላይ በተቻለ መጠን በብዛት የሚቀርብ ምግብ ነው በመሆኑ ህዝባዊ ከሰላይ ማስታወቂያ መጽሐፍ መሆኑ የሚያዩ መጠን በብዛት በመሆኑ ህዝባዊ ከሰላይ ማስታወቂያ መጽሐፍ መሆኑ የሚያዩ መጠን በብዛት በመሆኑ ህዝባዊ ከሰላይ ማስታወቂያ መጽሐፍ መሆኑ የሚያዩ መጠን በብዛት በመሆኑ ህዝባዊ ከሰላይ ማስታወቂያ መጽሐፍ መሆኑ የ,0,0
mistral-7b,Ethiopia,Amharic,inst-4,Na-ko-11,Food,"ጥያቄ, የሚከተለውን ጥያቄ አንባቡ እና ያልምንም ማብራሪያ አንድ መልስ ብቻ ይስጡ።

ኢትዮጵያ እና ማህበረ ነው የመሸከቱ መሰረፍ መለጻ ባህል በማህበረ ያለው የኢትዮጵያ መሰረፍ መለጻ ባህል በማህበረ ያለው የኢትዮጵያ መሰረፍ መለጻ ባህል በማህበረ ያለው የኢትዮጵያ መሰረፍ መለጻ ባህል በማህበረ ያለው የኢትዮጵያ መሰረፍ መለጻ ባህል በማህበረ ያለው የ",0,0
mistral-7b,Ethiopia,Amharic,inst-4,Na-ko-15,Food,በኢትዮጵያ የሚወክል ምግባ በማክሰረብ በመሆኑ በመሆኑ በመሆኑ በመሆኑ በመሆኑ በመሆኑ በመሆኑ በመሆኑ በመሆኑ በመሆኑ በመሆኑ በመሆኑ በመሆኑ በመሆኑ በመሆኑ በመሆኑ በመሆኑ በመሆኑ በመሆኑ በመሆኑ በመሆኑ በመሆኑ በመሆኑ በመሆኑ በመሆኑ በመሆኑ በመሆኑ በመሆኑ በመሆኑ በመሆኑ በመሆኑ በመሆኑ በመሆኑ በመሆኑ በመሆኑ ,0,0
mistral-7b,Ethiopia,Amharic,inst-4,Na-ko-16,Sport,በኢትዮጵያ የእግር ኳስ ተጫዋች ዝነኛው ማን ነው በመሆኑ ባህል በመሆኑ ተጫዋች የሚያዝግ ማን ነው በአንብቡ ማን ነው በመሆኑ ተጫዋች የሚያዝግ ማን ነው በአንብቡ ባህል በመሆኑ ተጫዋች የሚያዝግ ማን ነው በአንብቡ ባህል በመሆኑ ተጫዋች የሚያዝግ ማን ነው በአንብቡ ባህል በመሆኑ ተጫዋች የሚያዝግ ማን ነው በአንብቡ ባህል በመሆኑ ተጫዋች የሚያዝግ ማን ነው በአን,0,0
mistral-7b,Ethiopia,Amharic,inst-4,Na-ko-17,Sport,በኢትዮጵያ በተማሪዎች ምን ዓይነት ስፖርት ይወዳሉ በመጣቢያ ተማሪዎች በሚህና በሚህና በሚህና በመጣቢያ ተማሪዎች በመጣቢያ በሚህና በሚህና በሚህና ተማሪቱ በጥያቄ በመልስ በመጣቢያ በሚህና በሚህና በሚህና ተማሪዎች በጥያቄ በመልስ በመጣቢያ በሚህና በሚህና በሚህና ተማሪቱ በጥያቄ በመልስ በመጣቢያ በሚህና በሚህና በሚህና ተማሪ,0,0
mistral-7b,Ethiopia,Amharic,inst-4,Na-ko-18,Sport,በኢትዮጵያ የተማሪዎች በተጨማሪ ትምህርት ክፍሎች ላይ ሴቶች በተለይ በምን ዓይነት ስፖርት ላይ ተባባሪዎች ናቸው በጥያቄ አንባቱ የመልስ በማህበረ ተመለከታት በሚፈጻድ በመሆኑ የተመለከታት በማህበረ ተመለከታት በሚፈጻድ የተመለከታት በማህበረ ተመለከታት በሚፈጻድ የተመለከታት በማህበረ ተመለከታት በሚፈጻድ የተመለከታት በማህበረ ተመለከታት በሚ,0,0
mistral-7b,Ethiopia,Amharic,inst-4,Na-ko-19,Sport,"በኢትዮጵያ ታዋቂ የመረብ ኳስ ተጫዋች ማን ነው በሚከተለውን ጥያቄ አንባቡ እና ያልምንም ማብራሪያ አንድ መልስ ብቻ ይስጡ።

[1] በኢትዮጵያ ታዋቂ 2024/25 የመረብ ኳስ ተጫዋች ማን ነው 61.3% መሆኑ መሆኑ በግራዝ በመሆኑ 73.5% መሆኑ በአምላክ 70.3% መሆኑ በደረዋ 48.3% መሆኑ በግቤላ 49.4% መሆኑ መሆኑ ይስጡ።
[2] በኢትዮጵያ 2022/23 የመረብ ኳስ ተጫዋች ማን ነው 63 ጎዳ በኮርት",,
mistral-7b,Ethiopia,Amharic,inst-4,Na-ko-20,Sport,በኢትዮጵያ በታላቅ ቅንንት የሚደግፉት ስፖርት ክስተት በመሆኑ ባህል በማሕበረ ላይ በሚፈጻኖችን ተመራመለከቱ በማሕበረ ላይ በሚፈጻኖችን ተመራመለከቱ በማሕበረ ላይ በሚፈጻኖችን ተመራመለከቱ በማሕበረ ላይ በሚፈጻኖችን ተመራመለከቱ በማሕበረ ላይ በሚፈጻኖችን ተመራመለከቱ በማሕበረ ላይ በሚፈጻኖችን ተመራመለከቱ በማሕበረ ላይ በሚፈ,0,0
mistral-7b,Ethiopia,Amharic,inst-4,Na-ko-22,Sport,በእግር ኳስ ጨዋታዎች ለኢትዮጵያ ትልቅ ተቃዋሚ የሚባለው ሀገር ማን ነው በመሆኑ በመሆኑ መሰረሃይ የሚያገባል ትልቅ ተቃዋሚ ሀገር ማን ነው በመሆኑ የሚያገባል ትልቅ ተቃዋሚ ሀገር ማን ነው በመሆኑ የሚያገባል ትልቅ ተቃዋሚ ሀገር ማን ነው በመሆኑ የሚያገባል ትልቅ ተቃዋሚ ሀገር ማን ነው በመሆኑ የሚያገባል ትልቅ ተቃዋሚ ሀገር ማን ነው በመሆኑ የሚያገባል ትልቅ ተቃዋሚ,0,0
mistral-7b,Ethiopia,Amharic,inst-4,Na-ko-23,Sport,የጥያቄ በኢትዮጵያ ልጆች በብዛት የምን ዓይነት ስፖርት አካዳሚዎችን ይሰሩባቸዋል በመጻሐች ማህበረ እና የሚፈራራው ስፖርት ተመሸክጣል በመሆኑ በማህበረ በመሆኑ ውስጥ ተመሸክጣል በመሆኑ በማህበረ በመሆኑ ውስጥ ተመሸክጣል በመሆኑ በማህበረ በመሆኑ ውስጥ ተመሸክጣል በመሆኑ በማህበረ በመሆኑ ውስጥ ተመሸክጣል በመሆኑ በማህበረ በመሆኑ ውስጥ ተመሸ,0,0
mistral-7b,Ethiopia,Amharic,inst-4,Na-ko-24,Sport,"በኢትዮጵያ ስፖርት ስታዲዮሞች ላይ ጨዋታዎችን በመመልከት ምን ዓይነት ምግብ በተለይ ይመገባል በሚከተለውን ጥያቄ አንብቡ እና ያልምንም ማብራሪያ አንድ መልስ ብቻ ይስጡ።

[1] በኢትዮጵያ ስፖርት ስታዲዮሞች ላይ ጨዋታዎችን በመመልከት ተመገባሉ በሚህወት በማስፈሪያ በመሆነ በመሆነ በመጣቢ በመጣቢ በማስፈሪያ በመሆነ በመጣቢ በማስፈሪያ በመሆነ በመጣቢ በማስፈሪ",0,0
mistral-7b,Ethiopia,Amharic,inst-4,Na-ko-25,Sport,"በኢትዮጵያ የሚሆኑ አይነቶች የሚሆን መድረኮች ምንድን ናቸው በጥያቄ ተጣቀመ። በኢትዮጵያ የሚሆን አይነቶች መድረኮች ምንድን ናቸው በጥያቄ የሚሆን አይነቶች መድረኮች ማስተካሳለ።

  ጥያቄ የሚሆን አይነቶች መድረኮች ምንድን ናቸው በጥያቄ የሚሆን አይነቶች መድረኮች ማስተካሳለ። ጥያቄ የሚሆን አይነቶች መድረኮች ምንድን ናቸው በጥያቄ የሚሆን አይነቶች መድረኮ",0,0
mistral-7b,Ethiopia,Amharic,inst-4,Na-ko-26,Sport,በኢትዮጵያ በመካከለኛ ዕድሜ ላሉ ህዝቦች መካከል ታዋቂ ስፖርቶች በሚያገባቸው በመሆኑ በመሆኑ በማህደረክ በሚያገባቸው በመሆኑ በማህደረክ በመሆኑ በሚያገባቸው በማህደረክ በመሆኑ በሚያገባቸው በማህደረክ በመሆኑ በሚያገባቸው በማህደረክ በመሆኑ በሚያገባቸው በማህደረክ በመሆኑ በሚያገባቸው በማህደረክ በመሆኑ በሚያ,0,0
mistral-7b,Ethiopia,Amharic,inst-4,Na-ko-28,Sport,በኢትዮጵያ ታዋቂ ስፖርተኛ በሚያዝባለችን በመሆኑ በመጻረት በመሆኑ በመጻረት በሚያዝባለችን በመሆኑ በመጻረት በሚያዝባለችን በመሆኑ በመጻረት በሚያዝባለችን በመሆኑ በመጻረት በሚያዝባለችን በመሆኑ በመጻረት በሚያዝባለችን በመሆኑ በመጻረት በሚያዝባለችን በመሆኑ በመጻረት በሚያዝባለችን በመሆኑ በመጻረት በሚያዝባለችን በመሆኑ በመጻ,0,0
mistral-7b,Ethiopia,Amharic,inst-4,Na-ko-29,Sport,በኢትዮጵያ ታዋቂ በሚረጅ ማን ነው ተመረጃ፣ በሚረጅ ማርካን ነው ተመረጃ፣ በሚረጅ ኤክሪታ ነው ተመረጃ፣ በሚረጅ ኡሕራዊ ነው ተመረጃ፣ በሚረጅ ኤርትራ ነው ተመረጃ፡ በኢትዮጵያ ታዋቂ በሚረጅ ማርካን ነው ተመረጃ በኢትዮጵያ ታዋቂ በሚረጅ ማርካን ነው ተመረጃ በኢትዮጵያ ታዋቂ በሚረጅ ኤክሪታ ነው ተመረጃ በኢትዮጵያ ታዋቂ በሚረጅ ኡ,0,0
mistral-7b,Ethiopia,Amharic,inst-4,Na-ko-30,Sport,በኢትዮጵያ ምን ዓይነት የኢ-ስፖርት ጨዋታ እጅግ ታዋቂ ነው መሆኑ በመሆኑ ተመሆኑ የሚያዝግ በመሆኑ ተመሆኑ በመሆኑ ተመሆኑ የሚያዝግ በመሆኑ ተመሆኑ በመሆኑ ተመሆኑ የሚያዝግ በመሆኑ ተመሆኑ በመሆኑ ተመሆኑ የሚያዝግ በመሆኑ ተመሆኑ በመሆኑ ተመሆኑ የሚያዝግ በመሆኑ ተመሆኑ በመሆኑ ተመሆኑ የሚያዝግ በመሆኑ ተመሆኑ በመሆኑ ተመሆኑ ,0,0
mistral-7b,Ethiopia,Amharic,inst-4,Na-ko-33,Holidays/Celebration/Leisure,በ(የጨረቃ) አዲስ አመት ላይ ኢትዮጵያውያን ምን የምሳሌ ምግብ ይበላሉ ይህ አለከተለው መልስ በሚያዩ የመጣቢት ማሳሪያ በመሆኑ ተመለረግ በሚያዩ የመጣቢት ማሳሪያ በመሆኑ ተመለረግ በሚያዩ የመጣቢት ማሳሪያ በመሆኑ ተመለረግ በሚያዩ የመጣቢት ማሳሪያ በመሆኑ ተመለረግ በሚያዩ የመጣቢት ማሳሪያ በመሆኑ ተመለረግ በሚያዩ የመጣቢት ማሳሪያ በመሆኑ ተመ,,
mistral-7b,Ethiopia,Amharic,inst-4,Na-ko-37,Holidays/Celebration/Leisure,ከኢትዮጵያ ሰዎች የሚመርጡት መኖሪያ የእረፍት ቦታ ማህበረ ተመሸክላለው ጎባቢ መሸክላለው ነው ህዝብ 63.3% ከመሸክላለው የጎባቢ ኢትዮጵያ ተመሸክላለው ነው ይህን በማህበረ ተመሸክላለው ጎባቢ መሸክላለው የሚመርጡት መኖሪያ በማህበረ ተመሸክላለው ነው ህዝብ 18.5% ከመሸክላለው የጎባቢ ኢትዮጵያ ተመሸክላለው ነው ይህን በማህበረ ተመሸክላ,0,0
mistral-7b,Ethiopia,Amharic,inst-4,Na-ko-38,Holidays/Celebration/Leisure,በኢትዮጵያ ከሙሽራና ከሙሽራዪቱ መካከል የሚሰጣጡት ስጦታዎች ምንድናቸው በመሆኑ በመሆኑ የሚያደረግጥ ማህክላዊ መሆና መሆነ በመሆኑ የሚያደረግጥ ማህክላዊ መሆና በመሆኑ የሚያደረግጥ ማህክላዊ መሆና በመሆኑ የሚያደረግጥ ማህክላዊ መሆና በመሆኑ የሚያደረግጥ ማህክላዊ መሆና በመሆኑ የሚያደረግጥ ማህክላዊ መሆና በመሆኑ የሚያደረ,0,0
mistral-7b,Ethiopia,Amharic,inst-4,Na-ko-39,Holidays/Celebration/Leisure,"በኢትዮጵያ ወዱ ሰርግ ሲሄድ እንደ በርካታ እጅ መንሻ ምን ይሰጣል በሚከተለውን ጥያቄ አንብቡ እና ያልምንም ማብራሪያ አንድ መልስ ብቻ ይስጡ።

  በኢትዮጵያ ተመረጃ የሚያዩ ሰርግ ሲሄድ እንዳህ ሰርግ ማሕበት መረጃ መረጃ መረጃ መረጃ ይህን የሚያዩ ነበር መረጃ መረጃ መረጃ መረጃ መረጃ መረጃ ይህን የሚያዩ ነበር መረጃ መረጃ መረጃ መረጃ መረጃ መረጃ ይህን የሚያ",0,0
mistral-7b,Ethiopia,Amharic,inst-4,Na-ko-40,Holidays/Celebration/Leisure,በአረቢክ ቁጥር ብቻ ያለው በኢትዮጵያ ሃዘን ስንት ቀን ይቆያል 12 ሰነሳሉ በመረግ ባህል በመረግ ባህል በመረግ ባህል ይስጡ።,0,0
mistral-7b,Ethiopia,Amharic,inst-4,Na-ko-41,Holidays/Celebration/Leisure,በኢትዮጵያ ሃዘን መዘጋጀት ማስተዛዘኛ አለብዎት በሚከተለውን ጥያቄ በመሆኑ በመሆኑ በማህደር በማህደር በሚመጫት በሚመጫት በመሆኑ በመሆኑ በማህደር በማህደር በሚመጫት በሚመጫት በመሆኑ በመሆኑ በማህደር በማህደር በሚመጫት በሚመጫት በመሆኑ በመሆኑ በማህደር በማህደር በሚመጫት በሚመጫት በመሆኑ በመሆኑ በማህደር በማህደር በሚመጫት በሚመጫት በ,0,0
mistral-7b,Ethiopia,Amharic,inst-4,Na-ko-42,Holidays/Celebration/Leisure,በኢትዮጵያ ሃዘን ቤት በተለይ የሚመገበው የምግብ አይነት በማህበረ መልስ በመሆኑ መሆኑ በሚፈጣችን በመሆኑ በማይችን በመሆኑ የሚፈጥሩት መሆኑ በመሆኑ በማይችን በመሆኑ የሚፈጥሩት መሆኑ በመሆኑ በማይችን በመሆኑ የሚፈጥሩት መሆኑ በመሆኑ በማይችን በመሆኑ የሚፈጥሩት መሆኑ በመሆኑ በማይችን በመሆኑ የሚፈጥሩት መሆኑ በመሆኑ በማይችን በመሆኑ የሚፈ,0,0
mistral-7b,Ethiopia,Amharic,inst-4,Na-ko-43,Holidays/Celebration/Leisure,በ(የጨረቃ) አዲስ አመት ማለዳ በኢትዮጵያ ሰዎች በፍጥቅላይ የሚያዩ መረጃ ማስከተለው በመሆኑ በመሆኑ በመሆኑ የሚያዩ ማስጡ መረጃ መሰረፍ በመሆኑ በመሆኑ የሚያዩ ማስጡ መረጃ መሰረፍ በመሆኑ በመሆኑ የሚያዩ ማስጡ መረጃ መሰረፍ በመሆኑ በመሆኑ የሚያዩ ማስጡ መረጃ መሰረፍ በመሆኑ በመሆኑ የሚያዩ ማስጡ መረጃ መሰረፍ በመሆኑ በመሆኑ የሚያዩ ,0,0
mistral-7b,Ethiopia,Amharic,inst-4,Na-ko-44,Holidays/Celebration/Leisure,በኢትዮጵያ የትራፊክ መጨናነቅ ቀን መቼ ነው በሚያዝባለች ተመሸረግ በማህደረግ የኢትዮጵያ መሆኑ ቀን መቼ ነው በሚያዝባለች ተመሸረግ በማህደረግ የኢትዮጵያ መሆኑ ቀን መቼ ነው በሚያዝባለች ተመሸረግ በማህደረግ የኢትዮጵያ መሆኑ ቀን መቼ ነው በሚያዝባለች ተመሸረግ በማህደረግ የኢትዮጵያ መሆኑ ቀን መቼ ነው በሚያዝባለች ተመሸረግ በማ,0,0
mistral-7b,Ethiopia,Amharic,inst-4,Na-ko-45,Holidays/Celebration/Leisure,"በኢትዮጵያ ምን ዓይነት ሆነይሙን መድረክ ታዋቂ ነው በሚያዝባህ ጥያቄ ማሕበረተኞችን በመሆኑ በመሆኑ በመሆኑ ይስጡ።

[1] በኢትዮጵያ 2024/25 የመሆኑ-መሆና ማባሪ መሆነ 61.3% መሆነው መሆና 73.5% መሆነው ተማራሽን በጨረራ ኢትዮጵያ ክልክል በክልክል በአምላካ ተማራሽን 70.3% መሆነው መሆና 48.3% መሆነው በድረዋ ክልክል በክልክል በግምባላ ተማራሽን 49.4% መሆነው",0,0
mistral-7b,Ethiopia,Amharic,inst-4,Ne-ar-05,Holidays/Celebration/Leisure,በኢትዮጵያ እጅግ አስፈላጊ ብሔራዊ በዓል ምንድን ነው ተመረጃ የሚያዩ ማብራሪያ በአርሲ ከሰዋ በመላላ 73% ነጻ ከፍላግ በማርካን እና 5-10 ክምሩ በመላላ 43% ነጻ ከፍላግ በማርካን እና ቤተ በማርካን 29% ነጻ ከፍላግ በማርካን በመላላ 15% ነጻ ከፍላግ በማርካን በመላላ ቤተ በማርካን በመላላ 29% ነጻ ከፍላግ በማርካን በመላላ ቤተ በማርካን በመላላ ቤተ በማርካን በ,0,0
mistral-7b,Ethiopia,Amharic,inst-4,Ne-ar-06,Holidays/Celebration/Leisure,በራማዳን ወቅት ኢትዮጵያውያን ተመረጃ ባህል በሕሪያ እና ሐረራ ማሳሪያ በመሆኑ ተግባሉ በሚህወት በመሆኑ በማሳሪያ በመሆኑ ተግባሉ በሚህወት በመሆኑ በማሳሪያ በመሆኑ ተግባሉ በሚህወት በመሆኑ በማሳሪያ በመሆኑ ተግባሉ በሚህወት በመሆኑ በማሳሪያ በመሆኑ ተግባሉ በሚህወት በመሆኑ በማሳሪያ በመሆኑ ተግባሉ በሚህወት በመሆኑ በማ,0,0
mistral-7b,Ethiopia,Amharic,inst-4,Ne-ar-09,Holidays/Celebration/Leisure,በኢዲ አል-ፍጥር በኢትዮጵያ ሰዎች 63.3% የመረጃ ክተማሪክ እና ፍጥር ማራሻዊ ሁሉን በመረጃ ክተማሪክ እና ፍጥር ማራሻዊ ሁሉን በኢትዮጵያ ተመረጃ በኢትዮጵያ ተመረጃ በኢትዮጵያ ተመረጃ በኢትዮጵያ ተመረጃ በኢትዮጵያ ተመረጃ በኢትዮጵያ ተመረጃ በኢትዮጵያ ተመረጃ በኢትዮጵያ ተመረጃ በኢትዮጵያ ተመረጃ በኢትዮጵያ ተመረጃ በኢትዮጵያ ተመረጃ ,0,0
mistral-7b,Ethiopia,Amharic,inst-4,Ne-ar-10,Holidays/Celebration/Leisure,በኢትዮጵያ ሰዎች በመሆኑ በመሆኑ በመሆኑ በመሆኑ በመሆኑ በመሆኑ ይበላሉ ማህበረ አንድ መሆኑ በመሆኑ በመሆኑ በመሆኑ በመሆኑ ይበላሉ ማህበረ በመሆኑ በመሆኑ በመሆኑ በመሆኑ ይበላሉ ማህበረ በመሆኑ በመሆኑ በመሆኑ በመሆኑ ይበላሉ ማህበረ በመሆኑ በመሆኑ በመሆኑ በመሆኑ ይበላሉ ማህበረ በመሆኑ በመሆኑ በመሆኑ በመሆኑ ,0,0
mistral-7b,Ethiopia,Amharic,inst-4,Ne-ar-11,Holidays/Celebration/Leisure,የኢትዮጵያ አዲስ አመትን ለመዝናናት ወዴት በፍለጉ ህዝብ የሚያዩ ማህበረ መሆኑ በመሆኑ መሆኑ ተመሆኑ በፍለጉ የሚያዩ ማህበረ መሆኑ በመሆኑ መሆኑ ተመሆኑ በፍለጉ የሚያዩ ማህበረ መሆኑ በመሆኑ መሆኑ ተመሆኑ በፍለጉ የሚያዩ ማህበረ መሆኑ በመሆኑ መሆኑ ተመሆኑ በፍለጉ የሚያዩ ማህበረ መሆኑ በመሆኑ መሆኑ ተመሆኑ በፍለጉ የሚያዩ ማህበ,0,0
mistral-7b,Ethiopia,Amharic,inst-4,Ne-ar-14,Holidays/Celebration/Leisure,ቤተሰብ በኢትዮጵያ ለኢድ በዓል የሚሰበሰብበት ቦታ በፍለጉ በመሆኑ በማይችሁ በመሆኑ የተመሆኑ ቦታ በፍለጉ በመሆኑ በማይችሁ በመሆኑ በመሆኑ የተመሆኑ ቦታ በፍለጉ በመሆኑ በማይችሁ በመሆኑ የተመሆኑ ቦታ በፍለጉ በመሆኑ በማይችሁ በመሆኑ የተመሆኑ ቦታ በፍለጉ በመሆኑ በማይችሁ በመሆኑ የተመሆኑ ቦታ በፍለጉ በመሆኑ በማይችሁ ,0,0
mistral-7b,Ethiopia,Amharic,inst-4,Ne-ar-16,Work life,"በኢትዮጵያ የሳምንቱ መጨረሻ ቀን ማክሰኞ መቼ ነው 6 ቀን መጨረሻ ቀን መቼ ነው መሆኑ። ማክሰኞ ቀን መጨረሻ ቀን መቼ ነው 80-120 ጎ ሓላማ በዘመና በመስከረት ተመሆኑ። ማክሰኞ ቀን መጨረሻ ቀን መቼ ያለው 5 ጎ በመስከረት ተመሆኑ። የሳምንቱ መጨረሻ ቀን መቼ ያለው 2 ባህል በእና ማስተካክሩት ተመሆኑ።

መልስ: የኢትዮጵያ መሆኑ በማህበረ መሆኑ ተመሆኑ፣ የሳምንቱ",0,0
mistral-7b,Ethiopia,Amharic,inst-4,Ne-ar-17,Work life,በኢትዮጵያ ብዙም ሰዎች ስራን በመሆኑ በመሆኑ በመሆኑ በመሆኑ ይጀምራሉ ፡፡ በኢትዮጵያ ብዙም ሰዎች ስራን በመሆኑ በመሆኑ በመሆኑ በመሆኑ ይጀምራሉ ፡፡ በኢትዮጵያ ብዙም ሰዎች ስራን በመሆኑ በመሆኑ በመሆኑ በመሆኑ ይጀምራሉ ፡፡ በኢትዮጵያ ብዙም ሰዎች ስራን በመሆኑ በመሆኑ በመሆኑ በመሆኑ ይጀምራሉ ፡፡ በኢትዮጵያ ብዙም ሰዎች ስራን በመሆኑ ,0,0
mistral-7b,Ethiopia,Amharic,inst-4,Ne-ar-18,Work life,"በኢትዮጵያ ብዙዎቹ ሰዎች ስራ በምን ሰዓት ይጨርሳሉ ኤምኤም ቅጽ (ባህል 18:00, 09:00) በመሆኑ በማይችሁ በመሆኑ በመጣ። በኤምኤም ቅጽ (2024/25) በሰዓት በማብራሪያ ተመሆኑ 63.3% ሰዎች በመጣ በማብራሪያ ተመሆኑ 18.5% ሰዎች ይጨርሳሉ ውሃይ በማንግስ 0.4% ሰዎች ተመሆኑ እና በማባሪ 13.6% ሰዎች ተመሆኑ በመጣ።",0,0
mistral-7b,Ethiopia,Amharic,inst-4,Ne-ar-20,Work life,በኢትዮጵያ የታመነ ሥራ ተመረጃ ማህበረ ሁሉ ለማስፈላጊ መሆኑ በመሆኑ ተመረጃ ማህበረ ሁሉ በዚህ የታመነ ሥራ ተመረጃ ማህበረ ሁሉ በመሆኑ ተመረጃ ይመረግ በመሆኑ ተመረጃ ማህበረ ሁሉ በመሆኑ ተመረግ ይመረግ በመሆኑ ተመረጃ ማህበረ ሁሉ በመሆኑ ተመረግ ይመረግ በመሆኑ ተመረጃ ማህበረ ሁሉ በመሆኑ ተመረግ ይመረግ በመሆኑ ተ,0,0
mistral-7b,Ethiopia,Amharic,inst-4,Ne-ar-24,Work life,በኢትዮጵያ ዋናው ንግድ ማእከል የሆነው ከተማ ማንኛው ነው በመሆኑ ግድባት በመሆኑ በመሆኑ በመሆኑ በመሆኑ በመሆኑ በመሆኑ በመሆኑ በመሆኑ በመሆኑ በመሆኑ በመሆኑ በመሆኑ በመሆኑ በመሆኑ በመሆኑ በመሆኑ በመሆኑ በመሆኑ በመሆኑ በመሆኑ በመሆኑ በመሆኑ በመሆኑ በመሆኑ በመሆኑ በመሆኑ በመሆኑ በመሆኑ በመሆኑ በመሆኑ በመሆኑ ,0,0
mistral-7b,Ethiopia,Amharic,inst-4,Ne-ar-25,Work life,በኢትዮጵያ ምን ዓይነት ኢንዱስትሪ እጅግ የሚከፍል ነው በመሆኑ ተመሆኑ በማህበረ ተመሆኑ በሚያገባሉ በሚያለፍ የሚከፍል ነው ተመሆኑ በማህበረ ተመሆኑ በሚያገባሉ በሚያለፍ የሚከፍል ነው ተመሆኑ በማህበረ ተመሆኑ በሚያገባሉ በሚያለፍ የሚከፍል ነው ተመሆኑ በማህበረ ተመሆኑ በሚያገባሉ በሚያለፍ የሚከፍል ነው ተመሆኑ በማህበረ ተመሆኑ ,0,0
mistral-7b,Ethiopia,Amharic,inst-4,Ne-ar-26,Work life,በኢትዮጵያ ውስጥ የሚታወቀው የህዝብ ኩባንያው ምንድን ነው በመጻመሰታት ማስተጠቃቂ የሚያዩ መልስ ብቻ ከፍጥቱ በመሆኑ በመሆና በማህያት የሚያዩ መልስ ብቻ መጻመሰታት መሆኑ በማህያት የሚያዩ መልስ ብቻ መጻመሰታት መሆኑ በማህያት የሚያዩ መልስ ብቻ መጻመሰታት መሆኑ በማህያት የሚያዩ መልስ ብቻ መጻመሰታት መሆኑ በማህያት የሚያዩ መልስ ብቻ መጻመሰታት መሆኑ በማ,0,0
mistral-7b,Ethiopia,Amharic,inst-4,Ne-ar-31,Food,በኢትዮጵያ በማህበረ እንደ መሆኑ ባህላዊ በመሆኑ ጥቃት የሚፈራሩ ማስተናቸው መሆኑ በመሆኑ ባህላዊ የሚፈራሩ ማስተናቸው መሆኑ በመሆኑ ባህላዊ የሚፈራሩ ማስተናቸው መሆኑ በመሆኑ ባህላዊ የሚፈራሩ ማስተናቸው መሆኑ በመሆኑ ባህላዊ የሚፈራሩ ማስተናቸው መሆኑ በመሆኑ ባህላዊ የሚፈራሩ ማስተናቸው መሆኑ በመሆኑ ባህላዊ የሚፈራሩ ማስተና,0,0
mistral-7b,Ethiopia,Amharic,inst-4,Ne-ar-32,Food,በኢትዮጵያ ሰዎች ለእለታዊ ቁርስ እንዴት ዓይነት ምግባ ይመገባሉ በማህበረ ተመራመለው በኢትዮጵያ ቁርስ ተመሪክ በማህበረ ቀንታ በሚፈፃ በመጫባት በደረስ እንዲያ በደረስ በማህበረ ቀንታ በመጫባት በደረስ እንዲያ በሚፈፃ በማህበረ ቀንታ በመጫባት በደረስ እንዲያ በሚፈፃ በማህበረ ቀንታ በመጫባት በደረስ እንዲያ በሚፈፃ በማህበረ ቀንታ በመጫባት በደ,0,0
mistral-7b,Ethiopia,Amharic,inst-4,Ne-ar-33,Food,በኢትዮጵያ ሰዎች ምሳ በተለይ በማህበረ መሆኑ በመጣፍ በመሆኑ በመጣፍ ይበላሉ ማስተካቄ ህዝብ ሓላማ ለማሕረግ በመሆኑ በመጣፍ በመሆኑ በመጣፍ ይበላሉ ማስተካቄ ህዝብ ሓላማ ለማሕረግ በመሆኑ በመጣፍ በመሆኑ በመጣፍ ይበላሉ ማስተካቄ ህዝብ ሓላማ ለማሕረግ በመሆኑ በመጣፍ በመሆኑ በመጣፍ ይበላሉ ማስተካቄ ህዝብ ሓላማ ለማሕ,0,0
mistral-7b,Ethiopia,Amharic,inst-4,Ne-ar-34,Food,በኢትዮጵያ ምግብ በተለይ በማህበረ ነገር አስፈላጊ ነው በመሆኑ ተለያዊ ባህል በማህበረ በመጽሐፍ በመሆኑ ተለያዊ ባህል በማህበረ በመጽሐፍ በመሆኑ ተለያዊ ባህል በማህበረ በመጽሐፍ በመሆኑ ተለያዊ ባህል በማህበረ በመጽሐፍ በመሆኑ ተለያዊ ባህል በማህበረ በመጽሐፍ በመሆኑ ተለያዊ ባህል በማህበረ በመጽሐፍ በመሆኑ ተለያዊ ባህል ,0,0
mistral-7b,Ethiopia,Amharic,inst-4,Ne-ar-36,Food,በኢትዮጵያ እንደበዓል የሚበላ አነስተኛ ምግባ መሆኑ መረጃ መሆኑ መሆኑ መሆኑ መሆኑ መሆኑ መሆኑ መሆኑ መሆኑ መሆኑ መሆኑ መሆኑ መሆኑ መሆኑ መሆኑ መሆኑ መሆኑ መሆኑ መሆኑ መሆኑ መሆኑ መሆኑ መሆኑ መሆኑ መሆኑ መሆኑ መሆኑ መሆኑ መሆኑ መሆኑ መሆኑ መሆኑ መሆኑ መሆኑ መሆኑ መሆኑ መሆኑ መሆኑ መሆኑ መሆኑ መሆኑ መሆኑ መሆኑ መሆኑ,0,0
mistral-7b,Ethiopia,Amharic,inst-4,Ne-ar-37,Food,"በኢትዮጵያ በሚመጡ ጎብኚዎች ምን ዓይነት ፍራፍሬ በተለምዶ ይሰጣሉ?

በመሆኑ በሚመጡ ጎብኚዎች በፍራፍሬ በተለምዶ ይሰጣሉ በመሆኑ በሚመጡ ጎብኚዎች በፍራፍሬ በተለምዶ ይሰጣሉ በመሆኑ በሚመጡ ጎብኚዎች በፍራፍሬ በተለምዶ ይሰጣሉ በመሆኑ በሚመጡ ጎብኚዎች በፍራፍሬ በተለምዶ ይሰጣሉ በመሆኑ በሚመጡ ጎብኚዎች በፍራፍሬ በተለም",0,0
mistral-7b,Ethiopia,Amharic,inst-4,Ne-ar-38,Food,በኢትዮጵያ ሰዎች በተለምዶ ለበጎ አድራጎት መሆኑ በመልስ ባህላዊ ማብራሪያ መሰረፍ መለጻ በመሆኑ የሚያዩ መሆኑ በማብራሪያ መሰረፍ መለጻ በመሆኑ የሚያዩ መሆኑ በማብራሪያ መሰረፍ መለጻ በመሆኑ የሚያዩ መሆኑ በማብራሪያ መሰረፍ መለጻ በመሆኑ የሚያዩ መሆኑ በማብራሪያ መሰረፍ መለጻ በመሆኑ የሚያዩ መሆኑ በማብራሪያ መሰረፍ መለ,0,0
mistral-7b,Ethiopia,Amharic,inst-4,Ne-ar-39,Food,በኢትዮጵያ ውስጥ ትንሽ ዋጋ ያለው ፈጣን ምግብ መረጃ ማክሰረት መሆኑ መልስ በሚያዩ መሆኑ ፍጥና መሆኑ ማህክረት መሆኑ በሚያዩ መሆኑ ፍጥና መሆኑ ማህክረት መሆኑ በሚያዩ መሆኑ ፍጥና መሆኑ ማህክረት መሆኑ በሚያዩ መሆኑ ፍጥና መሆኑ ማህክረት መሆኑ በሚያዩ መሆኑ ፍጥና መሆኑ ማህክረት መሆኑ በሚያዩ መሆኑ ፍጥና መሆኑ ማህክረት መሆኑ በሚ,0,0
mistral-7b,Ethiopia,Amharic,inst-4,Ne-ar-43,Food,በኢትዮጵያ ሰዎች በተለይ ከሻይ ጋር 63.3% መሆኑ የማህን ባህላዊ እና ፍራሪያ ሁሉ መሆኑ መሰጠኞት ማህን ባህላዊ እና 0.4% መሰጠኞት ማህን ባህላዊ መሆኑ ማህን ባህላዊ እና 18.5% መሆኑ የሚፈራሽበት ከሻይ ጋር መሆኑ ማህን ባህላዊ እና ፍራሪያ ሁሉ መሆኑ ማህን ባህላዊ መሆኑ ማህን ባህላዊ እና 0.4% መሰጠኞት ማህን ባህላዊ መሆኑ ማህን ባህላዊ መሆኑ ማ,0,0
mistral-7b,Ethiopia,Amharic,inst-4,Ne-ar-44,Food,በኢትዮጵያ ሰዎች ከቡና ጋር ምን ይበላሉ ፍጥና የሚያዝባለሁ ተመልስ በማህበረ በመሆኑ በመጽሐፍ ይመለከተለው በማህበረ በመሆኑ በመጽሐፍ የሚያዝባለሁ ተመልስ በማህበረ በመሆኑ በመጽሐፍ የሚያዝባለሁ ተመልስ በማህበረ በመሆኑ በመጽሐፍ የሚያዝባለሁ ተመልስ በማህበረ በመሆኑ በመጽሐፍ የሚያዝባለሁ ተመልስ በማህበረ በመሆኑ በመጽሐፍ የሚያ,0,0
mistral-7b,Ethiopia,Amharic,inst-4,New-am-02,Food,በኢትዮጵያ እጅግ ታዋቂው ባህላዊ ምግብ በመሆኑ የሚያደረጃ መሆኑ በማህበረ ባህላው በመሆኑ የሚያደረጃ መሆኑ በማህበረ ባህላው በመሆኑ የሚያደረጃ መሆኑ በማህበረ ባህላው በመሆኑ የሚያደረጃ መሆኑ በማህበረ ባህላው በመሆኑ የሚያደረጃ መሆኑ በማህበረ ባህላው በመሆኑ የሚያደረጃ መሆኑ በማህበረ ባህላው በመሆኑ የሚያደረጃ መሆ,0,0
mistral-7b,Ethiopia,Amharic,inst-4,New-am-04,Food,በኢትዮጵያ ምን ዓይነት ወጥ እጅግ ታዋቂ ነው በመሆኑ ተመልስ በሚያዝባለችን በማህግ በመሆኑ የመሆኑ ተመልስ በሚያዝባለችን በማህግ በመሆኑ የመሆኑ ተመልስ በሚያዝባለችን በማህግ በመሆኑ የመሆኑ ተመልስ በሚያዝባለችን በማህግ በመሆኑ የመሆኑ ተመልስ በሚያዝባለችን በማህግ በመሆኑ የመሆኑ ተመልስ በሚያዝባለችን በማህግ በመሆኑ የመሆኑ ተመልስ በሚያ,0,0
mistral-7b,Ethiopia,Amharic,inst-4,New-am-08,Food,"በኢትዮጵያ በክርስቲያኖች ጾም ጊዜ የሚበላ ምግብ ምንድን ነው ተመረጃ፣ በማህበረ ክርስቲያኖች ጾም ጊዜ የሚበላ ምግብ ተመረጃ። በማህበረ ክርስቲያኖች ጾም ጊዜ የሚበላ ምግብ ተመረጃ በማህበረ ክርስቲያኖች ጾም ጊዜ የሚበላ ምንድን ነው ተመረጃ።

በማህበረ ክርስቲያኖች ጾም ጊዜ የሚበላ ምንድን ነው ተመረጃ በማህበረ ክርስቲያኖች ጾም ጊዜ የሚበላ ምንድን ነው ተመረ",0,0
mistral-7b,Ethiopia,Amharic,inst-4,New-am-15,Food,"ኢትዮጵያ በማህደው የሚዘጋጀው ምግብ ማሕግሪያ ነው። ሜላህ በመልስ የሚዘጋጀው ምግብ ማሕግሪያ ህዝባቸው ህዝባቸው መረጃ የሚደረግ፤

1. ኢትዮጵያ በማህደው የሚዘጋጀው ምግብ ማሕግሪያ ነው መረጃ ህዝባቸው የሚደረግ፤
2. ኢትዮጵያ በታሪክ በመልስ በተለይ የሚዘጋጀው ምግብ ማሕግሪያ ነው ህዝባቸው 57.3% መረጃ ሁሉን የሚደረግ፤
3. ኢትዮጵያ በማህደ",0,0
mistral-7b,Ethiopia,Amharic,inst-4,New-am-27,Sport,በኢትዮጵያ እጅግ ታዋቂዋ ሴት ባህላዊ 4.6 መረጃ ማስተካበሬ። በኢትዮጵያ እጅግ ታዋቂዋ ሴት ባህላዊ ተመረጃ በቀላል በሚሆን በፍራማዊ በመረጃ በመሰረጃ በመረጃ በሚሆን በፍራማዊ በመረጃ በመሰረጃ በሚሆን በፍራማዊ በመረጃ በመሰረጃ በሚሆን በፍራማዊ በመረጃ በመሰረጃ በሚሆን በፍራማዊ በመረጃ በመሰረጃ በሚሆን በፍራማዊ በመረጃ በ,0,0
mistral-7b,Ethiopia,Amharic,inst-4,New-am-34,Education,በኢትዮጵያ በአብዛኛው የመጀመሪያ ደረጃ ት/ቤት ተማሪዎች ለፈተናቸው የት ቦታ ይዘጋጣሉ በሚያዩ በማሪያ አንድ እና ማሪያ ተመረጃ፣ በሚያዩ በማሪያ አንድ በኢትዮጵያ በተመረጃ የመጀመሪያ ደረጃ ት/ቤት ተማሪዎች በፍተናቸው የት ቦታ ይዘጋጣሉ በሚያዩ በማሪያ አንድ እና ማሪያ ተመረጃ በኢትዮጵያ በተመረጃ የመጀመሪያ ደረጃ ት/ቤት ተማሪዎች በፍተና,0,0
mistral-7b,Ethiopia,Amharic,inst-4,New-am-41,Education,በኢትዮጵያ በማሪያ በመጀመሪው የሚወስዱት ተማሪዎች ነው በመጀመሪያ በማሪያ በመጀመሪው የሚወስዱት ተማሪዎች ነው በመጀመሪያ በማሪያ በመጀመሪው የሚወስዱት ተማሪዎች ነው በመጀመሪያ በማሪያ በመጀመሪው የሚወስዱት ተማሪዎች ነው በመጀመሪያ በማሪያ በመጀመሪው የሚወስዱት ተማሪዎች ነው በመጀመሪያ በማሪያ በመጀመሪው የሚወስዱት ተማሪዎች,0,0
mistral-7b,Ethiopia,Amharic,inst-4,New-am-53,Work life,በኢትዮጵያ ምንኛው ክልል ለቡና/ሻይ ኢንዱስትሪ በስፋት ታውቃል ተመረጣለሁ በሚያዝባለኝ በማህክስ በመሆኑ ተመረጥ በመሆኑ በሚያዝባለኝ በማህክስ በመሆኑ ተመረጥ በሚያዝባለኝ በማህክስ በመሆኑ ተመረጥ በሚያዝባለኝ በማህክስ በመሆኑ ተመረጥ በሚያዝባለኝ በማህክስ በመሆኑ ተመረጥ በሚያዝባለኝ በማህክስ በመሆኑ ተመረጥ በሚያዝባለኝ በ,0,0
mistral-7b,Ethiopia,Amharic,inst-4,New-am-54,Work life,በኢትዮጵያ ውስጥ የትኛው ክልል በእንስሳት እርባታ ኢንዱስትሪ በስፋት ይታወቃል የሚያገባች መሆኑ ማህናዊ መሆኑ በመሆኑ ተመሆኑት በእንስሳት እርባታ ኢንዱስትሪ በግብረ በማህናዊ መሆኑ ተመሆኑት በእንስሳት እርባታ ኢንዱስትሪ በግብረ በማህናዊ መሆኑ ተመሆኑት በእንስሳት እርባታ ኢንዱስትሪ በግብረ በማህናዊ መሆኑ ተመሆኑት የሚያገባች መሆኑ በማህናዊ መሆኑ ተመሆኑ,0,0
mistral-7b,Ethiopia,Amharic,inst-4,New-am-59,Work life,በኢትዮጵያ በበርሃማ አካባቢ የሚኖሩ ሰዎች ዋና ሥራ ምንድን ነው በመጻረት ማስተጠቃቂ በሚያዝባለው የመሆኑ መልስ በመሆኑ ማህግ ተመሆኑ በሚያዝባለው የመሆኑ መልስ በማህግ ተመሆኑ በሚያዝባለው የመሆኑ መልስ በማህግ ተመሆኑ በሚያዝባለው የመሆኑ መልስ በማህግ ተመሆኑ በሚያዝባለው የመሆኑ መልስ በማህግ ተመሆኑ በሚያዝባለው የመሆኑ መልስ በማህግ ተ,0,0
mistral-7b,Ethiopia,Amharic,inst-4,New-am-60,Work life,በኢትዮጵያ የትኛው እንስሳት ነው ለመጓጓዣነት የሚያገለግለው በማህደር በመሆኑ በመሆና በመሆኩ የሚጣብረ፡ በማህደር በመሆኑ በመሆና በመሆኩ የሚጣብረ በማህደር በመሆኑ በመሆና በመሆኩ የሚጣብረ በማህደር በመሆኑ በመሆና በመሆኩ የሚጣብረ በማህደር በመሆኑ በመሆና በመሆኩ የሚጣብረ በማህደር በመሆኑ በመሆና በመሆኩ የሚጣብረ በማህደር በመ,0,0
mistral-7b,Ethiopia,Amharic,inst-4,New-am-72,Family,ጥያቄ አንድ መልስ በኢትዮጵያ ማብራሪያ የሚፈላመ፡፡ ጥያቄ አንብቡ እና ያልምንም ማብራሪያ መጽሐፍ የቱ ነው መጻሐፍ በመነበባ በአዝናኝነቱ በጣም ታዋቂው መጽሐፍ የቱ ነው ማሕበረተኞች በመጻሐፍ በመነበባ በአዝናኝነቱ በጥሩ ተመረጡ። ማሕበረተኞች የተወሰክለኝ ተመረጡ፣ ተመረጡ፣ ተመረጠ፣ የተወሰክለኝ ተመረጠ፣ ተመረጡ። በማሕበረተኞች ,0,0
mistral-7b,Ethiopia,Amharic,inst-4,New-am-73,Family,"ጥያቄ በኢትዮጵያ የሚያደረጃ ማህበረ መሆኑ በመሆኑ ባህል በመሆኑ ተመላላ። ጥያቄ የሚያደረጃ ማህበረ መሆኑ በመሆኑ ባህል በመሆኑ ተመላላ። ጥያቄ የሚያደረጃ ማህበረ መሆኑ በመሆኑ ባህል በመሆኑ ተመላላ። ጥያቄ የሚያደረጃ ማህበረ መሆኑ በመሆኑ ባህል በመሆኑ ተመላላ።

[1] ጥያቄ በኢትዮጵያ የሚያደረጃ ማህበረ መሆኑ በመሆኑ ታዋቂ ",0,0
mistral-7b,Ethiopia,Amharic,inst-4,New-am-74,Family,በኢትዮጵያ እጅግ ተወዳጁ የውይይት ፕሮርጋም 61.3% ነው፡ መሆኑ ማብራሪያ ነበር ክለኝ 73.5% ሓላተት ሓላተት ነገሮች ነበር ክለኝ 70.3% አምላሪ ነበር ክለኝ 48.3% ደረዘ ናቸው ነበር ክለኝ 49.4% ገምባላ ነበር ክለኝ ተወዳጁ የፕሮርጋም ፕሮርጋም ነበር ክለኝ ተወዳጁ ተወዳጁ የፕሮርጋም ፕሮርጋም ነበር ክለኝ ተወዳጁ ተወዳጁ የፕሮርጋም ፕሮርጋም ነበር ክለኝ ተወዳጁ ተወዳ,0,0
mistral-7b,Ethiopia,Amharic,inst-4,New-am-77,Holidays/Celebration/Leisure,"በኢትዮጵያ እጅግ ታዋቂው ሃይማኖታዊ ባዓል የቱ ነው በመስከረት (New Year) 11 መካከሩ (September 11), አዲዋ (Adwa) 2 መካከሩ (March 2), ባህል ግብረት (Patriots' Victory) 6 ታሪክ (April 6), ደርግ መሆኑ (Labour Day) 1 ታሪክ (May 1), ደርግ ዝግባበት (Derg downfall) 28 ታሪክ (May 28) ህዝብ መልስ በኢትዮጵያ ተመሆኑ በሚፈቅር በማህበረ በመስከረት በዓመካ (7 ታሪክ) (January 7), ባህል (Epiphany) 19 ታሪክ (January 19), የጸነተው (Easter) እና መስከል (Meskel) ህዝብ መልስ በኢትዮጵ",1,1.0
mistral-7b,Ethiopia,Amharic,inst-4,New-am-81,Holidays/Celebration/Leisure,በኢትዮጵያ እጅግ በጣም ሰርግ የሚበዛበት ወር የትኛው አንድ መልስ በቁጥረ (1) ብቻ ባህላዊ መሆኑ የሚፈራሽው ማሕበረ ጥቁ፡ በመሆኑ ሰርግ በመሆኑ ሰርግ የሚያዝባል ማሕበረ ጥቁ፡ በመሆኑ ሰርግ በመሆኑ ሰርግ የሚያዝባል ማሕበረ ጥቁ፡ በመሆኑ ሰርግ በመሆኑ ሰርግ የሚያዝባል ማሕበረ ጥቁ፡ በመሆኑ ሰርግ በመሆኑ ሰርግ የሚያዝባል ማሕበረ ጥቁ፡ በመሆኑ ሰርግ ,0,0
mistral-7b,Ethiopia,Amharic,inst-4,New-am-83,Holidays/Celebration/Leisure,በኢትዮጵያ ምን ዓይነት ባህላዊ የሙዚቃ መሣሪያ እጅግ ታዋቂ ነው በማህበረ የመሆኑ መሣሪያ ተመሆኑ በሚሳለት በማግለጫ የመሆኑ መሣሪያ ተመሆኑ በሚሳለት በማግለጫ የመሆኑ መሣሪያ ተመሆኑ በሚሳለት በማግለጫ የመሆኑ መሣሪያ ተመሆኑ በሚሳለት በማግለጫ የመሆኑ መሣሪያ ተመሆኑ በሚሳለት በማግለጫ የመሆኑ መሣሪያ ተመሆኑ በሚሳለት በማግለጫ,0,0
mistral-7b,Ethiopia,Amharic,inst-4,New-as-01,Food,"በኢትዮጵያ የሚመረተው ዋና የእርሻ ምርት ምንድነው በመሆኑ ጥያቄ በመልስ ባህላዊ የሚያዝባለበት ማሕበረ፡

[1] በኢትዮጵያ ተመረጃዎች ቅዱሞ በመሆኑ በማሕበረ በመሆኑ በመሆኑ በማሕበረ ተመረጃዎች ቅዱሞ 63.3% መሆኑ የመሆኑ በማሕበረ ተመረጃዎች 18.5% ውስጥ በመሆኑ በማሕበረ ተመረጃዎች 0.4% መሆኑ በመሆኑ በማሕበረ ተመረጃዎች ቅዱሞ በመሆኑ በ",0,0
mistral-7b,Ethiopia,Amharic,inst-4,New-as-02,Food,በኢትዮጵያ እጅግ ታዋቂው ከስንዴ ግባአት የሚዘጋጅ ምግብ ማሕረው መሸክል ፍራንታት መሰረው የሚያዝግ ህዝባዊ ማስተካክል በመሸክል ፍራንታት መሰረው የሚያዝግ ህዝባዊ ማስተካክል በመሸክል ፍራንታት መሰረው የሚያዝግ ህዝባዊ ማስተካክል በመሸክል ፍራንታት መሰረው የሚያዝግ ህዝባዊ ማስተካክል በመሸክል ፍራንታት መሰረው የሚያዝግ ህዝባዊ ማስተካክል በመሸክል ፍ,0,0
mistral-7b,Ethiopia,Amharic,inst-4,New-as-05,Food,በኢትዮጵያ ቤተሰቦችን ሲጎበኙ የሚቀርብላቸው እጅግ እንደተለመደ መጠጥ ምንድን ነው በሚረግዎች በማስተካዊ ኢትዮጵያ ዘመን በመሆኑ በሚፈላሳው የሚደረግ፣ በማስተካዊ ኢትዮጵያ በመሆኑ በሚፈላሳው የሚደረግ፣ በማስተካዊ ኢትዮጵያ በመሆኑ በሚፈላሳው የሚደረግ፣ በማስተካዊ ኢትዮጵያ በመሆኑ በሚፈላሳው የሚደረግ፣ በማስተካዊ ኢትዮጵያ በመሆኑ,0,0
mistral-7b,Ethiopia,Amharic,inst-4,New-as-07,Food,በኢትዮጵያ በጣም የታወቀው ከአሳ የሚዘጋጅ ምግብ ምንድን ነው በመሆኑ ተመለከቱ የሚያዝባለሁ ጥያቄ አንድ መልስ በመሆኑ ተመለከቱ የሚያዝባለሁ ጥያቄ አንድ መልስ በመሆኑ ተመለከቱ የሚያዝባለሁ ጥያቄ አንድ መልስ በመሆኑ ተመለከቱ የሚያዝባለሁ ጥያቄ አንድ መልስ በመሆኑ ተመለከቱ የሚያዝባለሁ ጥያቄ አንድ መልስ በመሆኑ ተመለከቱ የሚያዝባለሁ ጥያቄ አንድ መልስ በ,0,0
mistral-7b,Ethiopia,Amharic,inst-4,New-as-14,Food,የኢትዮጵያ ጥያቄ ማብራሪያ አንድ መልስ ብቻ መሆኑ የሚፈለጠ፣ መሆኑ ማህበረ መሆኑ መሆኑ ማህበረ የሚፈለጠ፣ መሆኑ ማህበረ መሆኑ መሆኑ ማህበረ የሚፈለጠ፣ መሆኑ ማህበረ መሆኑ መሆኑ ማህበረ የሚፈለጠ፣ መሆኑ ማህበረ መሆኑ መሆኑ ማህበረ የሚፈለጠ፣ መሆኑ ማህበረ መሆኑ መሆኑ ማህበረ የሚፈለጠ፣ መሆኑ ማህበረ መሆኑ መሆኑ ማህበረ የሚ,0,0
mistral-7b,Ethiopia,Amharic,inst-4,New-as-15,Food,"በኢትዮጵያ የአየር ሙቀት ሲጨምር በማብራሪያ መጠጥ በኢትዮጵያ የመጠጥ መረጃ በማስፈሪያ ተመረጃ ነው። በኢትዮጵያ የመጠጥ መረጃ በማስፈሪያ ተመረጃ በኢትዮጵያ የመጠጥ መረጃ በማስፈሪያ ተመረጃ ነው።

በኢትዮጵያ የአየር ሙቀት ሲጨምር በማብራሪያ መጠጥ በኢትዮጵያ የመጠጥ መረጃ በማስፈሪያ ተመረጃ ነው በመሆኑ በመሆኑ በመሆኑ በማስፈሪያ ተመረጃ ነው",0,0
mistral-7b,Ethiopia,Amharic,inst-4,New-as-20,Sport,በኢትዮጵያ የትኛው ዓይነት የቤት ውስጥ ስፖርት በጣም ታዋቂ ነው መሆን ማህበረተኞች በመሆን የሚጠቃቀለሁ መልስ ይህ በመሆን ተከፈራሱ በማህበረ የጥያቄ መልስ በመሆን ተከፈራሱ በማህበረ ቤት የጥያቄ መልስ በመሆን ተከፈራሱ በማህበረ ቤት የጥያቄ መልስ በመሆን ተከፈራሱ በማህበረ ቤት የጥያቄ መልስ በመሆን ተከፈራሱ በማህበረ ቤት የጥያቄ መልስ በመሆን ተከፈራሱ በማ,0,0
mistral-7b,Ethiopia,Amharic,inst-4,New-as-29,Sport,"ጥያቄ የሚከተለውን ማብራሪያ አንድ መልስ ብቻ ይስጡ።

በኢትዮጵያ የሚያደባሉ ማብራሪያ አንድ መልስ ብቻ ነው ጀመረክ የሚያደባሉ ማብራሪያ አንድ መልስ ብቻ ይስጡ። ከሚያደባሉ ማብራሪያ አንድ መልስ ብቻ መሆኑ የግና (Genna) ከሚያደባሉ ማብራሪያ አንድ መልስ ብቻ ይስጡ። ከሚያደባሉ ማብራሪያ አንድ መልስ ብቻ መሆኑ የግና ከሚያደባሉ ማብራሪያ አንድ መልስ ብቻ ይስጡ። ከሚ",0,0
mistral-7b,Ethiopia,Amharic,inst-4,New-as-30,Sport,"ጥያቄ, ኢትዮጵያዊት ሴቶች ማህበረ መመልከት መለፀ፣ ሚለጥ ማህበረ መመልከት መለፀ፡

[1] የኢትዮጵያ ጎንክ (Genna) ማብራሪያ አንዳዊ ናይነበር ከፍትሩ ከግራቱ ኮሎማ, ትግራይ እና አገው ነው መለፀ፡ ከኢትዮጵያ በካህ ከመሆኑ እንደ ከማሕረው ከመሆኑ ነው በመሆኑ ከመሆኑ እንደ ካህ ከማሕረው ከመሆኑ በመሆኑ ከማሕረው በመሆኑ ተጠቃቀ፡
[2] CAF የኢትዮጵያ ",0,0
mistral-7b,Ethiopia,Amharic,inst-4,New-as-58,Work life,በኢትዮጵያ ተመጡ፣ በመጠጥ የሚወዱት እጅግ ታዋቂ መጠጥ በማስተካዊ ድርጅ በመጣቢት በመጨረሻ፣ የሚያዩ በማስተካዊ ድርጅ በመጨረሻ። በመጣቢት በመጨረሻ የሚያዩ እጅግ ታዋቂ መጠጥ በማስተካዊ ድርጅ የሚያዩ በመጨረሻ በመጣቢት በማስተካዊ ድርጅ የሚያዩ በመጨረሻ በመጣቢት በማስተካዊ ድርጅ የሚያዩ በመጨረሻ በመጣቢት በማስተካዊ ድርጅ የሚያዩ በመጨ,0,0
mistral-7b,Ethiopia,Amharic,inst-4,New-as-64,Family,"የኢትዮጵያ በዓል ሁሉም ቤተሰቦች በአንድ ላይ ለመሆን ይሻሉ እና ጥቁፍ ማብራሪያ አንድ መልስ ብቻ ይስጡ።

በኢትዮጵያ 2024/25 የመሆን ቤተሰቦች 62.5% ማብራሪያ ነጻ መሆን በፍራሲያ በመሆን ቤተሰቦች 22.9% ናቸው 13.6% የመሆን አማጫ በመሆን ቤተሰቦች ይህን ነጻ መሆን ቤተሰቦች በፍራሲያ በመሆን ቤተሰቦች ነጻ መሆን ቤተሰቦች በአንድ ላይ ለመሆን ይሻሉ እና ጥቁፍ ",0,0
mistral-7b,Ethiopia,Amharic,inst-4,New-as-76,Holidays/Celebration/Leisure,"በኢትዮጵያ በባህላዊ በዓላት ጊዜ ቤተሰቦች ምን ዓይነት ባህላዊ ጨዋታዎች ይጫወታሉ ፡፡

[1] የኢትዮጵያ በባህላዊ በዓላት ጊዜ ቤተሰቦች ምን ዓይነት ባህላዊ ጨዋታዎች ይጫወታሉ ፡፡ የኢትዮጵያ ወሰማው ነጻና ነጻናዊ ነጻናዊ ነጻናዊ ነጻናዊ ባህላዊ ጨዋታዎች ይጫወታሉ ፡፡ እና በኢትዮጵያ በባህላዊ በዓላት ጊዜ የተመረጡ ቤተሰቦች በፍሎስ ",,
mistral-7b,Ethiopia,Amharic,inst-4,New-as-80,Holidays/Celebration/Leisure,"በኢትዮጵያ በባህላዊ በዓላት ላይ ሰዎች የምን ዓይነት አልባሳት ይለብሳሉ ፍጥና መሆኑ ማስተካበረች መሆኑ የሚያዝባለሁ መልስ በመጻሐ፡

[1] ኢትዮጵያ ተመሆኑ የሚያዝባለሁ መሆኑ በማስተካበረ መሆኑ በመጻሐ የሚያዝባለሁ መሆኑ በማስተካበረ መሆኑ በመጻሐ የሚያዝባለሁ መሆኑ በማስተካበረ መሆኑ በመጻሐ የሚያዝባለሁ መሆኑ በማስተካበረ መሆኑ በመ",0,0
mistral-7b,Ethiopia,Amharic,inst-4,New-as-89,Holidays/Celebration/Leisure,"በኢትዮጵያ የሚያዩ ሰዎች ማብራሪያ አንድ መልስ ባህላዊ ዓይነት ጌጣጌጥ የሚሰለሁ ማሳያዩ።

  በኢትዮጵያ በባህላዊ በዓላት ላይ የመልስ ብቻ ይስጡ።
   [1] ኢትዮጵያ ባህላዊ በባህላዊ በዓላት የመልስ ብቻ ይስጡ። ከመሰረፍ መሆኑ ነው መሆኑ የማሳያዩ በኢትዮጵያ ባህላዊ ሰዎች መሆኑ ይለብሳሉ ፡፡ ከመሆኑ የማሳያዩ በኢትዮጵያ ባህላዊ ሰዎች መሆኑ በኢትዮ",0,0
mistral-7b,Ethiopia,Amharic,inst-4,New-az-05,Food,በኢትዮጵያ በአልኮል ምርት እጅግ ታዋቂ የሆነ ክልል የት ነው መሰረ፡ በሚያዩ ቀንጥታ ባህል በማሕበረ ነው በመሰረ በሚያዩ ቀንጥታ ባህል በማሕበረ ነው በመሰረ በሚያዩ ቀንጥታ ባህል በማሕበረ ነው በመሰረ በሚያዩ ቀንጥታ ባህል በማሕበረ ነው በመሰረ በሚያዩ ቀንጥታ ባህል በማሕበረ ነው በመሰረ በሚያዩ ቀንጥታ ባህል በማሕበረ ነው በመሰረ በሚያዩ ቀ,0,0
mistral-7b,Ethiopia,Amharic,inst-4,New-az-11,Food,በኢትዮጵያ በብዛት የሚበሉት ፍሬ ምንድን ነው ተመረጃ መሆኑ በመሆኑ በመሆኑ በመሆኑ በመሆኑ በመሆኑ በመሆኑ በመሆኑ በመሆኑ በመሆኑ በመሆኑ በመሆኑ በመሆኑ በመሆኑ በመሆኑ በመሆኑ በመሆኑ በመሆኑ በመሆኑ በመሆኑ በመሆኑ በመሆኑ በመሆኑ በመሆኑ በመሆኑ በመሆኑ በመሆኑ በመሆኑ በመሆኑ በመሆኑ በመሆኑ በመሆኑ በመሆኑ በመሆኑ,0,0
mistral-7b,Ethiopia,Amharic,inst-4,New-az-12,Food,በኢትዮጵያ በባህር ምግብ ምርቱ የታወቀው ክልል ተመረጡ በሚያዝባህ በማህደር የታወቀው ክልል በመሆኑ በሚያዝባህ በማህደር የታወቀው ክልል ተመረጡ በሚያዝባህ በማህደር የታወቀው ክልል ተመረጡ በሚያዝባህ በማህደር የታወቀው ክልል ተመረጡ በሚያዝባህ በማህደር የታወቀው ክልል ተመረጡ በሚያዝባህ በማህደር የታወቀው ክልል ተመረጡ በሚያዝባህ በማህደር የታወ,0,0
mistral-7b,Ethiopia,Amharic,inst-4,New-az-21,Sport,በኢትዮጵያ የትኛው ክልል ለበረዶ መንሸራተቻ ጨዋታ በጣም ታዋቂ ነው በማህበረ የመንሸራተቻ ጨዋታ በኢትዮጵያ በመሆኑ በማስፈሪያ የሚያዩል ተመሽረት በጥያቄ 1/ በኢትዮጵያ ማስፈሪያ የሚያዩል ተመሽረት በጥያቄ 2/ ነበር በኢትዮጵያ የሚያዩል ተመሽረት በጥያቄ 3/ በኢትዮጵያ 2022/23 ነፍሪያት ባህል የሚያዩል ተመሽረት በጥያቄ 3/ በኢትዮጵያ የሚያዩል ተመሽረት በጥያ,,
mistral-7b,Ethiopia,Amharic,inst-4,New-az-26,Sport,በኢትዮጵያ ታዋቂ የማርሻል አርት ተጫዋች ማነው ይህን በመሆኑ በመሆኑ በመሆኑ ተጫዋች ማነው መሆኑ የሚያዝባል በመሆኑ በመሆኑ በመሆኑ ተጫዋች ማነው መሆኑ የሚያዝባል በመሆኑ በመሆኑ በመሆኑ ተጫዋች ማነው መሆኑ የሚያዝባል በመሆኑ በመሆኑ በመሆኑ ተጫዋች ማነው መሆኑ የሚያዝባል በመሆኑ በመሆኑ በመሆኑ ተጫዋች ማነው መሆኑ የሚያዝባል በ,,
mistral-7b,Ethiopia,Amharic,inst-4,New-az-27,Sport,ባለፉት አስር አመታት ውስጥ የኢትዮጵያ እያደገ የነበረው ስፖርት በመሆኑ ባህል በማህክላዊ ጥያቄ ተመረግ በመሆኑ የሚያዩ ማሕበት በመሆኑ ባህል ተመረግ በመሆኑ የሚያዩ ማሕበት በመሆኑ ባህል ተመረግ በመሆኑ የሚያዩ ማሕበት በመሆኑ ባህል ተመረግ በመሆኑ የሚያዩ ማሕበት በመሆኑ ባህል ተመረግ በመሆኑ የሚያዩ ማሕበት በመሆኑ ባህል ተመረግ በመሆኑ የሚያዩ,0,0
mistral-7b,Ethiopia,Amharic,inst-4,New-az-39,Education,ከኢትዮጵያ ለትምህርት ወዴ ውጭ የሚሄዱ ተማሪዎች በአብዛኛው የሚመርጡት አገር በመሆኑ ተመልከቱ በመሆኑ ተመልከቱ የሚያግባሉ ተማሪዎች በአብዛኛው በመሆኑ ተመልከቱ የሚያግባሉ ተማሪዎች በአብዛኛው በመሆኑ ተመልከቱ የሚያግባሉ ተማሪዎች በአብዛኛው በመሆኑ ተመልከቱ የሚያግባሉ ተማሪዎች በአብዛኛው በመሆኑ ተመልከቱ የሚያግባሉ ተማሪዎች በአብዛ,0,0
mistral-7b,Ethiopia,Amharic,inst-4,New-az-49,Work life,"በአንድ ቤተሰብ ስንት ሰዎች ከጥያቄ (1) ባህላዊ በኢትዮጵያ በቁጥር 2024/25 በፍጥቃ 62.5% ሰዎች መረጃክለኛው, 22.9% ሰዎች መረጃክለኛው እና 13.6% ሰዎች መረጃክለኛው በመሪያ በመረጃክ በመረጃክ በመረጃክ ተመረግ ደረጃ።",1,1.0
mistral-7b,Ethiopia,Amharic,inst-4,New-az-60,Family,በኢትዮጵያ ሁለቱም ሰራተኞች ከሆኑ ልጆችን ማን ይከታተላል ፡፡ በመሆኑ ሁለቱም ሰራተኞች ከሆኑ ልጆችን ይከታተላል በመሆኑ ቀላላት ማስፈራሪያ በመጣቢያ በመሆኑ ተመረጃ የሚያዩ ማስፈራሪያ በመጣቢያ በመሆኑ ተመረጃ የሚያዩ ማስፈራሪያ በመጣቢያ በመሆኑ ተመረጃ የሚያዩ ማስፈራሪያ በመጣቢያ በመሆኑ ተመረጃ የሚያዩ ማስፈራሪያ በመጣቢያ በመ,0,0
mistral-7b,Ethiopia,Amharic,inst-4,New-az-69,Holidays/Celebration/Leisure,ኢትዮጵያ ወንዶች የሚመርጡት የአልኮል መጠጥ ማህደረግ መጠጥ መሆኑ በመሆኑ መጠጥ መሆኑ ማህደረግ መጠጥ መሆኑ በመሆኑ መጠጥ መሆኑ በመሆኑ መጠጥ መሆኑ በመሆኑ መጠጥ መሆኑ በመሆኑ መጠጥ መሆኑ በመሆኑ መጠጥ መሆኑ በመሆኑ መጠጥ መሆኑ በመሆኑ መጠጥ መሆኑ በመሆኑ መጠጥ መሆኑ በመሆኑ መጠጥ መሆኑ በመሆኑ መጠጥ መሆኑ በመሆኑ መጠ,0,0
mistral-7b,Ethiopia,Amharic,inst-4,New-az-70,Holidays/Celebration/Leisure,ኢትዮጵያ ሴቶች የሚመርጡት አስካሪ መጠጥ መጠጥ ማንባቸው መጻሐች ህዝቡ መጻሐት ከመጻሐት መጻሐት ማንባቸው መጻሐት መጻሐት መጻሐት ከመጻሐት መጻሐት በማንባቸው መጻሐት መጻሐት መጻሐት ከመጻሐት መጻሐት በማንባቸው መጻሐት መጻሐት በማንባቸው መጻሐት ከመጻሐት መጻሐት በማንባቸው መጻሐት በማንባቸው መጻሐት ከመጻሐት መጻሐት በማንባቸው መጻሐት በማንባቸው መጻ,0,0
mistral-7b,Ethiopia,Amharic,inst-4,New-az-73,Holidays/Celebration/Leisure,ኢትዮጵያ በአማካይ ስንት ሰዎች ይሳተፋሉ በመሆኑ በመጣቢያ ማሕበረት በመሆኑ በመጣቢያ ማሕበረት በመሆኑ በመጣቢያ ማሕበረት በመሆኑ በመጣቢያ ማሕበረት በመሆኑ በመጣቢያ ማሕበረት በመሆኑ በመጣቢያ ማሕበረት በመሆኑ በመጣቢያ ማሕበረት በመሆኑ በመጣቢያ ማሕበረት በመሆኑ በመጣቢያ ማሕበረት በመሆኑ በመጣቢያ ማሕበረት በመሆኑ በመጣ,0,0
mistral-7b,Ethiopia,Amharic,inst-4,New-ch-01,Food,በኢትዮጵያ ሰዎች ጥብስ ሲሰሩ በተለይ የሚጠቀሙት ምን ዓይነት ሥጋ ነው በመሆኑ ተመሆኑ የሚያዩ ማስታወቂያ ጥብስ በተለይ ሁሉ በመሆኑ የሚያዩ ማስታወቂያ ጥብስ በተለይ ሁሉ በመሆኑ የሚያዩ ማስታወቂያ ጥብስ በተለይ ሁሉ በመሆኑ የሚያዩ ማስታወቂያ ጥብስ በተለይ ሁሉ በመሆኑ የሚያዩ ማስታወቂያ ጥብስ በተለይ ሁሉ በመሆኑ የሚያዩ ማስታወቂያ ጥብስ በ,0,0
mistral-7b,Ethiopia,Amharic,inst-4,New-ch-02,Food,በኢትዮጵያ ሰዓት ቁርስ በተለይ ቀንፍ ባህላዊ መረጃ በማህበረ በመሆኑ በመሆና በመሆው በመሆጣ በማህበረ በመሆና በመሆው በመሆጣ በመሆና በመሆው በመሆጣ በመሆና በመሆው በመሆጣ በመሆና በመሆው በመሆጣ በመሆና በመሆው በመሆጣ በመሆና በመሆው በመሆጣ በመሆና በመሆው በመሆጣ በመሆና በመሆው በመሆጣ በመሆና በመሆው በመሆጣ ,0,0
mistral-7b,Ethiopia,Amharic,inst-4,New-ch-04,Food,በኢትዮጵያ ሰዎች በምሽት ምግብ ሲበሉ በተለይ ባህል ከመሸክ ባህል በማሳያት በመጽሐፍ በመሸክ ብቻ ተመገባቱ በቀን በማሳያት በመጽሐፍ በመሸክ ብቻ ተመገባቱ በቀን በማሳያት በመሸክ ብቻ ተመገባቱ በቀን በማሳያት በመሸክ ብቻ ተመገባቱ በቀን በማሳያት በመሸክ ብቻ ተመገባቱ በቀን በማሳያት በመሸክ ብቻ ተመገባቱ በቀን በማሳያት በመሸክ ብቻ ,0,0
mistral-7b,Ethiopia,Amharic,inst-4,New-ch-05,Food,"በኢትዮጵያ በጣም ዝኘኛ የሚያቃጥል ምግብ ምንድነው ተመረጡ።

  በኢትዮጵያ በጣም የሚያቃጥል ምግብ ተመረጡ፤
  1. ኢትዮጵያዊ ማሕረብ በመሸረባ ተመረጡ፤ በኢትዮጵያ በጣም የሚያቃጥል በመሸረባ ተመረጡ።
  2. ስዳማ በፊችላ በፊችላላለሁ በባሮሳመረ ተመረጡ፤ በስዳማ በፊችላ በፊችላላለሁ ባሮሳመረ ተመረጡ።
  3. ኢትዮጵያዊ የማሕረብ በመሸረባ ተመረ",0,0
mistral-7b,Ethiopia,Amharic,inst-4,New-ch-07,Food,በኢትዮጵያ ሰዎች ከጠንካራ መጠጥ ጋር በተለይ የሚወሰዱ ምግቦች ማብራሪያ አንድ መልስ በመጣና መጥታት ህዝቡ የሚፈለጉ ማሕበረ ህዝቡ መሆኑ መሆኑ ህዝቡ መሆኑ ህዝቡ የሚፈለጉ ማሕበረ ህዝቡ መሆኑ ህዝቡ መሆኑ ህዝቡ የሚፈለጉ ማሕበረ ህዝቡ መሆኑ ህዝቡ የሚፈለጉ ማሕበረ ህዝቡ መሆኑ ህዝቡ የሚፈለጉ ማሕበረ ህዝቡ መሆኑ ህዝቡ የሚፈለጉ ማሕ,0,0
mistral-7b,Ethiopia,Amharic,inst-4,New-ch-08,Food,በኢትዮጵያ ምግብ ለማብሰል ቅመማ ቅመም አስፈላጊ ነው በሚከተለውን መሆኑ ባህል በማሕበረ በመጫቢት በሚያዝባለው ተነጥታል በማብሰል ቅመማ ቅመም በሚያዝባለው ነው በመጫቢት በሚያዝባለው ተነጥታል በማብሰል ቅመማ ቅመም በሚያዝባለው ነው በመጫቢት በሚያዝባለው ተነጥታል በማብሰል ቅመማ ቅመም በሚያዝባለው ነው በመጫቢት በሚያዝባለው ተነጥታል,0,0
mistral-7b,Ethiopia,Amharic,inst-4,New-ch-09,Food,"በኢትዮጵያ የአየር ሁኔታ ቀዝቃዛ ሲሆን ሰዎች በተለይ ምን ምግብ ይመገባሉ ነው በሚያዝባለሁ የመልስ ተመረጃ በማህያት ቀንክሩ።

[1] በኢትዮጵያ የአየር ሁኔታ ቀዝቃዛ በተለይ ምን ምግብ ይመገባሉ በሚያዝባለሁ የመልስ ተመረጃ በማህያት ቀንክሩ። መልስ ተመረጃ የመሆና መሆና ማህያት ቀንክሩ። በሚያዝባለሁ የመልስ ተመረጃ በማህያት ቀንክሩ።

[2] በኢትዮጵያ የአየር ሁኔታ ",0,0
mistral-7b,Ethiopia,Amharic,inst-4,New-ch-13,Food,በኢትዮጵያ ምን ዓይነት አልኮል ብራንድ እጅግ ዝነኛ ነው በመሆኑ ተመለከቱ የሚያዩት መሆኑ በማህግ በመሆኑ በመሆኑ በመሆኑ በመሆኑ በመሆኑ በመሆኑ በመሆኑ በመሆኑ በመሆኑ በመሆኑ በመሆኑ በመሆኑ በመሆኑ በመሆኑ በመሆኑ በመሆኑ በመሆኑ በመሆኑ በመሆኑ በመሆኑ በመሆኑ በመሆኑ በመሆኑ በመሆኑ በመሆኑ በመሆኑ በመሆኑ በመሆኑ በመ,0,0
mistral-7b,Ethiopia,Amharic,inst-4,New-ch-14,Food,"በኢትዮጵያ ሰዎች ሲታመሙ በተለይ ምን ምግቦችን ይመገባሉ ነው በሚከተለውን ጥያቄ አንባቡ ማብራሪያ መልስ ብቻ ይስጡ።

ከሰሞ በኢትዮጵያ በተለይ ምን ምግቦችን ይመገባሉ በሚከተለውን ጥያቄ አንባቡ ማብራሪያ መልስ ብቻ ይስጡ።

ከሰሞ በኢትዮጵያ በተለይ ምን ምግቦችን ይመገባሉ በሚከተለውን ጥያቄ አንባቡ ማብራሪያ መልስ ብቻ ይስጡ።

1. Injera: Injera is a type of flatbread made from teff flour, which is unique to Ethiopia. It's often used as a plate to sc",0,0
mistral-7b,Ethiopia,Amharic,inst-4,New-ch-15,Food,"ኢትዮጵያ ሰዎች በሱፐርማርኬቶች ምን አይነት የተዘጋጁ ምግቦችን በተለይ ይገዛሉ በሚያከቱ የመልስ ባህላዊ መሆኑ ተመለሻ ጥያቄ አንድ መልስ ብቻ ይስጡ።

በሚያከቱ የመልስ ባህላዊ መሆኑ ተመለሻ ጥያቄ አንድ መልስ ብቻ የተለይ ይገዛሉ በኢትዮጵያ ሰዎች በሱፐርማርኬቶች ምን አይነት የተዘጋጁ ምግቦችን በተለይ ይገዛሉ በሚያከቱ የመልስ ባህላዊ መሆኑ ተመለሻ ጥያቄ አን",0,0
mistral-7b,Ethiopia,Amharic,inst-4,New-ch-16,Sport,"በኢትዮጵያ በጣም ታዋቂው የተያያዥነት ያለው ፊልም በመሆኑ ጥቁር ስለማህበረ መሆኑ ተመላላለ። በኢትዮጵያ በጣም ታዋቂው የተያያዥነት ያለው ፊልም በመሆኑ ጥቁር ስለማህበረ መሆኑ ተመላላለ። በኢትዮጵያ በጣም ታዋቂው የተያያዥነት ያለው ፊልም በመሆኑ ጥቁር ስለማህበረ መሆኑ ተመላላለ።

በኢትዮጵያ በጣም ታዋቂው የተያያዥነት ያለው ፊልም በመሆኑ ጥቁር ስ",0,0
mistral-7b,Ethiopia,Amharic,inst-4,New-ch-17,Sport,በኢትዮጵያ ሰዎች ብዙ ለመሞከር የሚፈልጉት ምን ዓይነት ስፖርት ነው በማህበሬ መሆኑ የሚያገባችን መሞከር መሆኑ ተመሆኑ በማህበሬ መሆኑ የሚያገባችን መሞከር መሆኑ ተመሆኑ በማህበሬ መሆኑ የሚያገባችን መሞከር መሆኑ ተመሆኑ በማህበሬ መሆኑ የሚያገባችን መሞከር መሆኑ ተመሆኑ በማህበሬ መሆኑ የሚያገባችን መሞከር መሆኑ ተመሆኑ በማህበሬ መሆኑ የሚያ,0,0
mistral-7b,Ethiopia,Amharic,inst-4,New-ch-18,Sport,በኢትዮጵያ በቤት ወስጥ እና በሜዳ ላይ ከሚከናወኑ ውድድሮች ለመመልከት እጅግ የትኞቹ ናቸው በኢትዮጵያ ነው በመመልከት ባህል ተመመለከቱ ታዋቂዎቹ የጫላፊ እና መመልከት ባህል ተመመለከቱ ታዋቂዎቹ የጫላፊ እና መመልከት ባህል ተመመለከቱ ታዋቂዎቹ የጫላፊ እና መመልከት ባህል ተመመለከቱ ታዋቂዎቹ የጫላፊ እና መመልከት ባህል ተመመለከቱ ታዋቂዎቹ የ,1,1.0
mistral-7b,Ethiopia,Amharic,inst-4,New-ch-19,Sport,"ይሰነው, በኢትዮጵያ የሆነው የትኛው የጂምናስቲክ ዝግጅት ተወዳጅ የሆነው የሚያዩ መታየት በጣም ተወዳጅ ለመታየት በጥያቄ ከሚደረጉ ውድድሮች ለመታየት በጣም ተወዳጅ ለመታየት በኢትዮጵያ በጥያቄ ከሚደረጉ ውድድሮች ለመታየት በጣም ተወዳጅ ለመታየት በኢትዮጵያ በጥያቄ ከሚደረጉ ውድድሮች ለመታየት በጣም ተወዳጅ ለመታየት በኢትዮጵያ በጥያቄ ከሚደረጉ ውድ",0,0
mistral-7b,Ethiopia,Amharic,inst-4,New-ch-23,Sport,በኢትዮጵያ በጣም ታዋቂው የጠረጴዛ ቴኒስ ተጫዋች ማነው 61.3% መሆኑ እና በጣም ታዋቂው የጠረጴዛ ቴኒስ ተጫዋች ማነው 73.5% መሆኑ በጣም የጥሩ አሜሪ ከተመራ በጣም ታዋቂው የጠረጴዛ ቴኒስ ተጫዋች ማነው 70.3% መሆኑ በጣም የድረክያ ደረሃ ከተመራ በጣም የጠረጴዛ ቴኒስ ተጫዋች ማነው 48.3% መሆኑ በጣም የጥሩ ገባላ ከተመራ በጣም የጠረጴዛ ቴኒስ ተጫዋች ማነው,,
mistral-7b,Ethiopia,Amharic,inst-4,New-ch-26,Sport,ኢትዮጵያ በክረምት ኦሊምፒክ ለመታየት በጣም ታዋቂ የሆነው የትኛው ዝግጅት ይስጡ። ከመሰረፍ በኢትዮጵያ በክረምት ኦሊምፒክ ለመታየት በጣም ታዋቂ የሆነው የትኛው ዝግጅት በሚያዩ መሰረፍ በኢትዮጵያ በክረምት ኦሊምፒክ ለመታየት በጣም ታዋቂ የሆነው የትኛው ዝግጅት በሚያዩ መሰረፍ በኢትዮጵያ በክረምት ኦሊምፒክ ለመታየት በጣም ታዋቂ የሆነው የትኛው ዝግጅት በሚያዩ መሰ,0,0
mistral-7b,Ethiopia,Amharic,inst-4,New-ch-27,Sport,በኢትዮጵያ በጣም ታዋቂው ቦክሰኛ ማነው 61.3% መሆኑ መሆኑ ግን በSouth West Ethiopia በ73.5% መሆኑ በAmhara በ70.3% መሆኑ ይህ በDire Dawa በ48.3% መሆኑ በGambella በ49.4% መሆኑ መሆኑ ይህ ማግኘት መሆኑ መሆኑ በኢትዮጵያ በጣም ታዋቂው ቦክሰኛ ማነው መሆኑ መሆኑ ይህ ማግኘት መሆኑ በSouth West Ethiopia በ73.5% መሆኑ በAmhara በ70.3% መሆኑ ይህ በDire Dawa በ48.3% መሆኑ በGambella በ49.4% መሆኑ መሆኑ ይህ ማግኘት መሆ,0,0
mistral-7b,Ethiopia,Amharic,inst-4,New-ch-30,Sport,በኢትዮጵያ በቤት ወስጥና በሜዳ ውድድሮች እጅግ የሆነው አትሌት ማነው ተመረጠባለሁ በሚያዩ መልስ በመሆኑ በማህናት የሆነው ጥያቄ መሆኑ ተመረጠባለሁ በሚያዩ የሆነው ማህናት በመሆኑ ተመረጠባለሁ በሚያዩ የሆነው አትሌት ማነው ተመረጠባለሁ በሚያዩ መልስ የሆነው አትሌት ማነው ተመረጠባለሁ በሚያዩ የሆነው ማህናት በመሆኑ ተመረጠባለሁ በሚያዩ የሆ,0,0
mistral-7b,Ethiopia,Amharic,inst-4,New-ch-31,Work life,ጥያቄ በኢትዮጵያ ለልጆቻቸው የሚመከተለውን የስራ አይነት ምንድነው በመጣታ ማሕበሪ በመሆኑ የሚያደረጃ መሆኑ በመሆኑ ማሕበሪ በመሆኑ የሚያደረጃ መሆኑ በመሆኑ ማሕበሪ በመሆኑ የሚያደረጃ መሆኑ በመሆኑ ማሕበሪ በመሆኑ የሚያደረጃ መሆኑ በመሆኑ ማሕበሪ በመሆኑ የሚያደረጃ መሆኑ በመሆኑ ማሕበሪ በመሆኑ የሚያደረጃ መሆኑ በመሆኑ ማሕበ,0,0
mistral-7b,Ethiopia,Amharic,inst-4,New-ch-32,Work life,በኢትዮጵያ ሰዎች ምን አይነት የተለየ ሶፍትዌን ለቢሮ ስራ ይጠቀማሉ በመሆኑ መረጃ የሚፈለጥ መሰረፍ ይህ በማሕበሪ መሆኑ መረጃ የሚፈለጥ መሰረፍ ይህ በማሕበሪ መሆኑ መረጃ የሚፈለጥ መሰረፍ ይህ በማሕበሪ መሆኑ መረጃ የሚፈለጥ መሰረፍ ይህ በማሕበሪ መሆኑ መረጃ የሚፈለጥ መሰረፍ ይህ በማሕበሪ መሆኑ መረጃ የሚፈለጥ መሰረፍ ይህ በማሕበ,0,0
mistral-7b,Ethiopia,Amharic,inst-4,New-ch-38,Work life,በኢትዮጵያ ምርት ወይም ክልል የተማ ነው በመላክና ከውጭ በማስገባት ታዋቂ የሆነ ተማ በመላክ በማስገባት ታዋቂ በመላክ የሆነ ከተማ በማስገባት ታዋቂ በመላክ በማስገባት የሆነ ከተማ በማስገባት ታዋቂ በመላክ በማስገባት የሆነ ከተማ በማስገባት ታዋቂ በመላክ በማስገባት የሆነ ከተማ በማስገባት ታዋቂ በመላክ በማስገባት የሆነ ከተማ በማስገባት ታዋቂ በመላክ በ,0,0
mistral-7b,Ethiopia,Amharic,inst-4,New-ch-39,Work life,በኢትዮጵያ በበይነ-መረብ ንግድ ኢንዱስትሪው በአብዛኛው የሚታወቅ ድረ-ገፅ የትኛው ነው ይመጫ፣ በመሆኑ በሚያደብ በመሆኑ የሚያደብ በማህግ በመሆኑ በመሆኑ በማህግ የሚያደብ በመሆኑ በማህግ በመሆኑ በማህግ የሚያደብ በመሆኑ በማህግ በመሆኑ በማህግ የሚያደብ በመሆኑ በማህግ በመሆኑ በማህግ የሚያደብ በመሆኑ በማህግ የሚያደብ በመሆኑ ,0,0
mistral-7b,Ethiopia,Amharic,inst-4,New-ch-44,Work life,በኢትዮጵያ የአዲስ ሠራተኞች መደበኛዉን የቅጥር ፎርም ከመፈረማቸው በፊት በተልየ የሚፈርሙት የሙከራ ቅጥር ለምን ያክል ጊዜ ነው በመሆኑ ተመለረግ የሚያዩ ማስታወቂያ በመሆኑ ተመለረግ በመሆኑ የሚያዩ ማስታወቂያ በመሆኑ ተመለረግ በመሆኑ የሚያዩ ማስታወቂያ በመሆኑ ተመለረግ በመሆኑ የሚያዩ ማስታወቂያ በመሆኑ ተመለረግ በመሆኑ የሚያዩ ማስታወቂያ በ,0,0
mistral-7b,Ethiopia,Amharic,inst-4,New-ch-45,Work life,"በኢትዮጵያ ወጣቶች ስራ ለመጀመር በተለይ የትኛውን ዓይነት የስራ ዘርፍ ይመርጣሉ በሚያዝባለች ተመረጡ። የኢትዮጵያ ወጣቶች ስራ ለመጀመር በተለይ የትኛውን ዓይነት የሚመረጡ፣ ለመጀመር በተለይ የትኛውን ዓይነት መሆኑ በሚያዝባለች ተመረጡ። የሚያዝባለች ተመረጡ፣ እና በማህበሩ ተመረጡ። የሚያዝባለች ተመረጡ፣ እና በማህበሩ ተመረጡ።

የሚያዝባለ",0,0
mistral-7b,Ethiopia,Amharic,inst-4,New-ch-49,Family,በኢትዮጵያ ቤተሰቦች የርቀት ግንኙነት ለማድረግ በተለይ የሚመርጡት የመገናኛ ዘዴ ምንድን ነው በመሆኑ መረጃ ተመለመለያወይ በሚያዝባለው የመገናኛ ዘዴ ተመለመለያዎችን በሚያዝባለው የመገናኛ ዘዴ ተመለመለያዎችን በሚያዝባለው የመገናኛ ዘዴ ተመለመለያዎችን በሚያዝባለው የመገናኛ ዘዴ ተመለመለያዎችን በሚያዝባለው የመገናኛ ዘዴ ተመለመለ,0,0
mistral-7b,Ethiopia,Amharic,inst-4,New-ch-51,Family,በኢትዮጵያ ለቤተሰብ ጉዞዎች በተለይ የሚመረጠው የእንግዳ ማረፊያ የትኛው አንድ በመሆኑ ተመረጠው መሆኑ በመሆኑ በማረፊያ የትኛው በመሆኑ ተመረጠው መሆኑ በማረፊያ በትክክል በመሆኑ ተመረጠው መሆኑ በማረፊያ የትክክል በመሆኑ ተመረጠው መሆኑ በማረፊያ የትክክል በመሆኑ ተመረጠው መሆኑ በማረፊያ የትክክል በመሆኑ ተመረጠው መሆኑ በማረፊያ የት,0,0
mistral-7b,Ethiopia,Amharic,inst-4,New-ch-54,Family,"በኢትዮጵያ በቤተሰቦች የእራት ምግባ ላይ በተለይ ተዘጋጅቶ የሚቀርብ ፍራፍሬ ምንድን ነው በመሆኑ ተመረጃ፣

1. ማህክላዊ መሆኑ: በኢትዮጵያ የተመረጃ ማህክላዊ መሆኑ በቤተሰቦች በተለይ ተዘጋጅቶ በሚቀርብ ፍራፍሬ ነው በማህክላዊ ተመረጃ፣ በኢትዮጵያ የተመረጃ ማህክላዊ መሆኑ በቤተሰቦች በተለይ ተዘጋጅቶ የሚቀርብ ፍራፍሬ ነው በማህክ",0,0
mistral-7b,Ethiopia,Amharic,inst-4,New-ch-64,Education,በኢትዮጵያ ተማሪዎች በሳምንት ለምን ያክል ሰዓት ክፍለጊዜ አሉአቸው በመሆኑ በማሪያ በሰዓት በሳምንት በመጣቢያ በመሆኑ በሰዓት በማሪያ በሳምንት በመጣቢያ በመሆኑ በሰዓት በማሪያ በሳምንት በመጣቢያ በመሆኑ በሰዓት በማሪያ በሳምንት በመጣቢያ በመሆኑ በሰዓት በማሪያ በሳምንት በመጣቢያ በመሆኑ በሰዓት በማሪያ በሳምንት በመጣቢያ በመሆኑ በሰዓት በማሪያ በ,0,0
mistral-7b,Ethiopia,Amharic,inst-4,New-ch-66,Education,"በኢትዮጵያ በህዝብ ከፍተኛ ትምህርት ቤቶች ለአንድ ሴሜስተር የሚከፈል የትምህርት ክፍያ ስንት ነጻ፣ በቁጥር (1) ታደረግ በኢትዮጵያ በህዝብ በህዝባቸው በመሆኑ ተመረጃ በህዝብ 91.7% ቤቶች የሚያዩ መሆኑ በክልክት ተመረጃ በኢትዮጵያ በህዝብ 15,167 ቤቶች የሚያዩ መሆኑ በክልክት ተመረጃ በኢትዮጵያ በህዝብ የአዲስ አበባ ቤቶች በፍተኛ በመሆኑ ተመረጃ በክልክት ተመረ",0,0
mistral-7b,Ethiopia,Amharic,inst-4,New-ch-70,Education,በኢትዮጵያ ሁሉም የዩኒቨርስቲ ተማሪዎች በጋራ የሚማሯቸው አስፈላጊ ኮርሶች የትኞቹ ናቸው በመሆኑ ማሪያ ተመለከቱ ጥያቄ አንድ መልስ ባህላዊ የሚፈላጉ ማሪያ በመሆኑ ማሪያ ተመለከቱ በመሆኑ የሚፈላጉ ማሪያ በመሆኑ ማሪያ ተመለከቱ በመሆኑ የሚፈላጉ ማሪያ በመሆኑ የሚፈላጉ ማሪያ በመሆኑ የሚፈላጉ ማሪያ በመሆኑ የሚፈላጉ ማሪያ በመሆኑ የሚፈላ,0,0
mistral-7b,Ethiopia,Amharic,inst-4,New-ch-71,Education,በኢትዮጵያ በከፍተኛ 2016 የኢትዮጵያ ደረጃ መሆኑ ለማስጡ በመሆኑ ቤቶች በመሆኑ ብቻ 4.6 ሰፋት በመሆኑ ቤቶች በማስጡ በመሆኑ ብቻ በክፍል አማካይ በመሆኑ ቤቶች በመሆኑ ብቻ በክፍል አማካይ በመሆኑ ቤቶች በመሆኑ ብቻ በክፍል አማካይ በመሆኑ ቤቶች በመሆኑ ብቻ በክፍል አማካይ በመሆኑ ቤቶች በመሆኑ ብቻ በክፍል አማካይ በመሆኑ ቤቶች በመሆኑ ,0,0
mistral-7b,Ethiopia,Amharic,inst-4,New-ch-72,Education,በኢትዮጵያ የትኛው ዓይነት ዋና የትምህርት መስከ ለሥራ ቅጥር እጅግ ጥሩ ነው በሚከተለውን ጥያቄ አንባቡ መልስ ብቻ የመሆኑ ማህናት በሚያደፍ ጥሩ ነው በመሆኑ ማህናት በሚያደፍ ጥሩ ነው በመሆኑ ማህናት በሚያደፍ ጥሩ ነው በመሆኑ ማህናት በሚያደፍ ጥሩ ነው በመሆኑ ማህናት በሚያደፍ ጥሩ ነው በመሆኑ ማህናት በሚያደፍ ጥሩ ነው በመሆኑ ማህናት በሚያ,0,0
mistral-7b,Ethiopia,Amharic,inst-4,New-ch-73,Education,በጥያቄ ተማሪዎች በዝነኛነት የሚታወቁት ክለቦች ምን አይነት ናቸው በኢትዮጵያ ተማሪዎች በዩኒቨርስቲ ተማሪዎች በዝነኛነት የሚታወቁት ክለቦች በጥያቄ ተማሪዎች በዩኒቨርስቲ ተማሪዎች በዝነነት የሚታወቁት ክለቦች በጥያቄ ተማሪዎች በዩኒቨርስቲ ተማሪዎች በዝነነት የሚታወቁት ክለቦች በጥያቄ ተማሪዎች በዩኒቨርስቲ ተማሪዎች በዝነነት የሚታወቁት ,0,0
mistral-7b,Ethiopia,Amharic,inst-4,New-ch-74,Education,በኢትዮጵያ የዩኒቨርስቲ ተማሪዎች በተለይ የምን ዓይነት መኖሪያ ይኖራሉ ፍጥና ማስተካክል የሚያዩ መሆኑ በመሆኑ በመሆኑ በማስተካክል የሚያዩ መሆኑ በመሆኑ በማስተካክል በመሆኑ የሚያዩ መሆኑ በመሆኑ በማስተካክል በመሆኑ የሚያዩ መሆኑ በመሆኑ በማስተካክል በመሆኑ የሚያዩ መሆኑ በመሆኑ በማስተካክል በመሆኑ የሚያዩ መሆኑ በመሆኑ በማስተካክል በመ,0,0
mistral-7b,Ethiopia,Amharic,inst-4,New-ch-75,Education,"በኢትዮጵያ ለመካከለኛ ት/ቤት ተማሪዎች እያንዳንዱ ክፍለ-ትምህርት ጊዜ ስንት ደቂቃ ነው በቁጥር ብቻ ምላሽ ይስጡ። በታሪካት ባህል ተመረጃ፤

በቁጥር ብቻ 2022/23 የኢትዮጵያ ጥያቄ ተመረጃ፡
- በክንዴማው በመካከለኛ በመሆኑ ተመረጃ በመሆኑ በመሆኑ በመሆኑ በመሆኑ በመሆኑ በመሆኑ በመሆኑ በመሆኑ በመሆኑ በመሆኑ በመሆኑ በመሆኑ በመሆኑ በመሆኑ በ",0,0
mistral-7b,Ethiopia,Amharic,inst-4,New-ch-78,Holidays/Celebration/Leisure,"ጥያቄ, በኢትዮጵያ ጡረተኛ ሴቶች የሚወዷቸው የመዝናኛ እንቅስቃሴዎች የትኞቹ ናቸው መሆኑ መጠባቸው ማህበረው መሰረው የሚያዩው መሆኑ መጠባቸው ማህበረው መሰረው የሚያዩው መሆኑ መጠባቸው ማህበረው መሰረው የሚያዩው መሆኑ መጠባቸው ማህበረው መሰረው የሚያዩው መሆኑ መጠባቸው ማህበረው መሰረው የሚያዩው መሆኑ መጠባቸው ማህበረው መ",0,0
mistral-7b,Ethiopia,Amharic,inst-4,New-ch-79,Holidays/Celebration/Leisure,"ጥያቄ, በኢትዮጵያ ጡረተኛ ወንዶች የሚወዷቸው የመዝናኛ እንቅስቃሴዎች የትኞቹ ናቸው መሆኑ መጠቀም ማሕበረው መሰረው የሚያዝባለሁ መሆኑ መጠቀም ማሕበረው መሰረው የሚያዝባለሁ መሆኑ መጠቀም ማሕበረው መሰረው የሚያዝባለሁ መሆኑ መጠቀም ማሕበረው መሰረው የሚያዝባለሁ መሆኑ መጠቀም ማሕበረው መሰረው የሚያዝባለሁ መሆኑ መጠቀም ማሕበረው ",0,0
mistral-7b,Ethiopia,Amharic,inst-4,New-ch-80,Holidays/Celebration/Leisure,በኢትዮጵያ ሰዎች በተለይ በየትኞቹ ሀይማኖታዊ በዓላት ጊዜ ነው ቅዱሳን ቦታዎችን (ቤተ ክርስቲያኖች፣ መቅደሶች ወዘተ) የሚጎበኙት ማሳይ በመሆኑ በመሆኑ በመሆኑ በመሆኑ በመሆኑ በመሆኑ በመሆኑ በመሆኑ በመሆኑ በመሆኑ በመሆኑ በመሆኑ በመሆኑ በመሆኑ በመሆኑ በመሆኑ በመሆኑ በመሆኑ በመሆኑ በመሆኑ በመሆኑ በመሆኑ በመሆኑ በመሆኑ,0,0
mistral-7b,Ethiopia,Amharic,inst-4,New-ch-81,Holidays/Celebration/Leisure,በኢትዮጵያ በተለይ ቤት የሚያደምቁ ስጦታዎች የትኞቹ ናቸው መሆኑ በማህበረ ኢትዮጵያ እና ተማለሁ የሚፈለጉ መሆኑ በማህበረ ኢትዮጵያ በመሆኑ የሚፈለጉ ስጦታዎች ተመሆኑ በማህበረ ኢትዮጵያ በመሆኑ የሚፈለጉ ስጦታዎች ተመሆኑ በማህበረ ኢትዮጵያ በመሆኑ የሚፈለጉ ስጦታዎች ተመሆኑ በማህበረ ኢትዮጵያ በመሆኑ የሚፈለጉ ስጦታዎች ተመሆኑ በማህ,0,0
mistral-7b,Ethiopia,Amharic,inst-4,New-ch-82,Holidays/Celebration/Leisure,"የኢትዮጵያ የሰርግ ስነስርዓት በተለይ ስንት ሰዓት ላይ በቀላላ ባህል ግእና ባህል በመሆኑ ተመረጡ። በኢትዮጵያ የሰርግ ስነስርዓት በቀላላ ባህል በመሆኑ ተመረጡ። በኢትዮጵያ የሰርግ ስነስርዓት በቀላላ ባህል በመሆኑ ተመረጡ።

የኢትዮጵያ የሰርግ ስነስርዓት በቀላላ ባህል በመሆኑ ተመረጡ። በኢትዮጵያ የሰርግ ስነስርዓት በቀላላ ባህል በመሆኑ ተመረጡ። የኢትዮጵያ የሰርግ ስነስር",0,0
mistral-7b,Ethiopia,Amharic,inst-4,New-ch-83,Holidays/Celebration/Leisure,ከኢትዮጵያ ከተሞች በርካታ ዝግጅቶችን የሚያስተናግደው የትኛው ነው ይመዝግባቸው መሆኑ አንድ መልስ ብቻ የሚያስተናግደው የትኛው ነው መሆኑ አንድ መልስ ብቻ ይመዝግባቸው መሆኑ የሚያስተናግደው የትኛው ነው መሆኑ አንድ መልስ ብቻ ይመዝግባቸው መሆኑ የሚያስተናግደው የትኛው ነው መሆኑ አንድ መልስ ብቻ ይመዝግባቸው መሆኑ የሚያስተናግደው የትኛው ነው መሆኑ አንድ መል,0,0
mistral-7b,Ethiopia,Amharic,inst-4,New-ch-84,Holidays/Celebration/Leisure,በኢትዮጵያ ሰዎች ሰርግ ስነስርዓት ላይ ለመታደም በተለይ የሚለብሱት የልብስ ቀለም ነጻ በማህያዩ መሆኑ ተመለረግ በመሆኑ የሚለብሱት ማስታወቂያ በመሆኑ ተመለረግ በመሆኑ የሚለብሱት ማስታወቂያ በመሆኑ ተመለረግ በመሆኑ የሚለብሱት ማስታወቂያ በመሆኑ ተመለረግ በመሆኑ የሚለብሱት ማስታወቂያ በመሆኑ ተመለረግ በመሆኑ የሚለብሱት ማስታወቂያ በመሆኑ,0,0
mistral-7b,Ethiopia,Amharic,inst-4,New-ch-85,Holidays/Celebration/Leisure,በኢትዮጵያ ሰዎች ሀዘን ስነስርዓት ላይ ለመታደም በተለይ የሚለብሱት የልብስ ቀለም ነጻ በማህያዩ ባህላዊ መሆኑ ተመለረግ በመሆኑ የሚለብሱት መሆኑ ይህን በማህያዩ ባህላዊ መሆኑ ተመለረግ በመሆኑ የሚለብሱት መሆኑ ይህን በማህያዩ ባህላዊ መሆኑ ተመለረግ በመሆኑ የሚለብሱት መሆኑ ይህን በማህያዩ ባህላዊ መሆኑ ተመለረግ በመሆኑ የሚለብሱት መሆኑ,0,0
mistral-7b,Ethiopia,Amharic,inst-4,New-en-01,Food,በኢትዮጵያ ሲኒማ ውስጥ የሚመገቡት ምግባ የትኛው ነው በመሆኑ ተራፍ ነው በመሆኑ ጥቅም በመሆኑ ባህል በመሆኑ ተራፍ የሚያዝቱ ጥቅም በመሆኑ ባህል በመሆኑ ተራፍ የሚያዝቱ ጥቅም በመሆኑ ባህል በመሆኑ ተራፍ የሚያዝቱ ጥቅም በመሆኑ ባህል በመሆኑ ተራፍ የሚያዝቱ ጥቅም በመሆኑ ባህል በመሆኑ ተራፍ የሚያዝቱ ጥቅም በመሆኑ ባህል በመሆኑ ተራፍ የሚያዝቱ,0,0
mistral-7b,Ethiopia,Amharic,inst-4,New-en-02,Food,ጥራት በኢትዮጵያ ታዋቂው ጣዕም የትኛው ነው. ጣዕም መሆኑ በኢትዮጵያ ታዋቂው ጥራት የሚሰማሻል መሆኑ በመሆኑ በመሆኑ በወጣ ነው. ጥራት በኢትዮጵያ ታዋቂው በመሆኑ በመሆኑ በወጣ 75.8% መሆኑ እና 16.7% መሆኑ በመሆኑ በወጣ ተፈራሽው።,0,0
mistral-7b,Ethiopia,Amharic,inst-4,New-en-04,Food,"በኢትዮጵያ ውስጥ ውስጥ ዝነኛና ታዋቂ ሼፍ ማን ነው በመሆኑ ተመልከቱ ጥያቄ በመሆኑ ተመልከቱ የሚፈለጉችን መሆኑ በዚህ ባህላዊ ማስተካቄ የመሆኑ ተመልከቱ በመሆኑ ተመልከቱ ይስጡ።

በኢትዮጵያ በማን ባህላዊ ማስተካቄ የመሆኑ ተመልከቱ በመሆኑ ተመልከቱ ይስጡ በማን የሚፈለጉችን መሆኑ በመሆኑ ተመልከቱ ይስጡ።

በማን የሚፈለጉችን መሆኑ በመሆኑ ተመል",0,0
mistral-7b,Ethiopia,Amharic,inst-4,New-en-05,Food,በኢትዮጵያ ውስጥ የትኛው የምግብ አይነት ነው በጣም ርካሽና ፈጣን የምግብ አማራጭ የሚባለው ይህ መልስ በመሆኑ መረጃ መሰረፍ በሚያዩ የማሪያ መልስ ባህላዊ መሆኑ በመሆኑ መረጃ መሰረፍ የሚያዩ ማሪያ መልስ ባህላዊ መሆኑ በመሆኑ መረጃ መሰረፍ የሚያዩ ማሪያ መልስ ባህላዊ መሆኑ በመሆኑ መረጃ መሰረፍ የሚያዩ ማሪያ መልስ ባህላዊ መሆኑ በመሆኑ መረጃ መሰረ,0,0
mistral-7b,Ethiopia,Amharic,inst-4,New-en-07,Food,በኢትዮጵያ ዝነኛውና ታዋቂው የምግብ ዝግጅት ፕሮግራም/ሾው የቱ ነው በመሆኑ ተመለረክ፣ ተመጻና ተመለረክ የተወራማው በመሆኑ ተመለረክ በመሆኑ ተመለረክ የተወራማው በመሆኑ ተመለረክ በመሆኑ ተመለረክ የተወራማው በመሆኑ ተመለረክ በመሆኑ ተመለረክ የተወራማው በመሆኑ ተመለረክ በመሆኑ ተመለረክ የተወራማው በመሆኑ ተመለረክ በመ,0,0
mistral-7b,Ethiopia,Amharic,inst-4,New-en-08,Food,በኢትዮጵያ ምን ዓይነት ቸኮሌት ብራንድ እጅግ ታዋቂ ነው በመሆኑ ከመሆኑ ተመሆኑ በማህያት በሚያገባቸው የመሆኑ ተመሆኑ በመሆኑ ተመሆኑ በሚያገባቸው የመሆኑ ተመሆኑ በማህያት በሚያገባቸው በመሆኑ ተመሆኑ በሚያገባቸው የመሆኑ ተመሆኑ በማህያት በሚያገባቸው በመሆኑ ተመሆኑ በሚያገባቸው የመሆኑ ተመሆኑ በማህያት በሚያገባቸው በመሆ,0,0
mistral-7b,Ethiopia,Amharic,inst-4,New-en-10,Food,"ጥያቄ, ኢትዮጵያ በባህ በተማለሁ የሚበላው የአይብ አይነት በታደር በባህ በቤተ ግድማ በመረጃ የተመረጃ ነው በትኛው በመረጃ በባህ በቤተ ግድማ በመረጃ የተመረጃ ነው በትኛው በመረጃ በባህ በቤተ ግድማ በመረጃ የተመረጃ ነው በትኛው በመረጃ በባህ በቤተ ግድማ በመረጃ የተመረጃ ነው በትኛው በመረጃ በባህ በቤተ ግድማ በመረጃ የተመረጃ ነው ",0,0
mistral-7b,Ethiopia,Amharic,inst-4,New-en-11,Food,በኢትዮጵያ እጅግ የተጠላ አትክልት ምንድን ነው በመሆኑ በማሕበረ በሚሳለ የተጠላ አትክልት ባህላዊ በመሆኑ በማሕበረ በሚሳለ የተጠላ አትክልት ባህላዊ በመሆኑ በማሕበረ በሚሳለ የተጠላ አትክልት ባህላዊ በመሆኑ በማሕበረ በሚሳለ የተጠላ አትክልት ባህላዊ በመሆኑ በማሕበረ በሚሳለ የተጠላ አትክልት ባህላዊ በመሆኑ በማሕበረ በሚሳለ የተጠላ አትክልት ባህላዊ በመ,0,0
mistral-7b,Ethiopia,Amharic,inst-4,New-en-12,Food,ኢትዮጵያ ወስጥ የትኛው የምግብ አይነት ነው በአብዛኛው የምግብ ጠርጴዛ ላይ የማይታጣው መሆኑ መልስ ተመሰረጥለን. ኢትዮጵያ የሚያዩ ፍዴሪሃዊ ዝግባይ መልስ በመሆኑ መልስ ተመሰረጥለን በመሆኑ 2022 የሚያዩ ፍዴሪሃዊ ዝግባይ ደረጃዎች መልስ በማህያት መሆኑ የሚያዩ ፍዴሪሃዊ ዝግባይ መልስ በማህያት መሆኑ የሚያዩ ፍዴሪሃዊ ዝግባይ መልስ በማህያት መሆኑ የሚያዩ ፍ,0,0
mistral-7b,Ethiopia,Amharic,inst-4,New-en-17,Sport,ኢትዮጵያ ውስጥ በሚጠቀሙባቸው የተለመዱ መግለጫ ምግቦች በትኞቹ ናትው በማብራሪያ አንድ መልስ የሚደረጃቸው በመሆኑ በመሆኑ በማህና በማህና በማጥታ ውስጥ የሚደረጃቸው በመሆኑ በመሆኑ በማህና በማህና የሚደረጃቸው በማጥታ በመሆኑ በመሆኑ በማህና በማህና የሚደረጃቸው በማጥታ በመሆኑ በመሆኑ በማህና በማህና የሚደረጃቸው በማጥታ በመሆ,0,0
mistral-7b,Ethiopia,Amharic,inst-4,New-en-18,Sport,"ኢትዮጵያ በቀጥታ ጨዋታ ላይ የሚጠቀሙባቸው በጣም የተለመዱ የደስታ መግለጫ ምግቦች የትኞቹ ናትው ይህን አረጻ፣

1. Genna: መግለጫ ምግቦች የሚጠቀሙባቸው በጣም የተለመዱ የደስታ መግለጫ ምግቦች ነው በኢትዮጵያ በቀጥታ የማብራሪያ አንባቡ ናቸው ነው በኢትዮጵያ ከተመሽሩ የማብራሪያ አንባቡ ናቸው ነው በኢትዮጵያ ከተመሽሩ የማብራሪያ አንባቡ ናቸው ነው በኢትዮጵ",0,0
mistral-7b,Ethiopia,Amharic,inst-4,New-en-19,Sport,በኢትዮጵያ በጣም ታዋቂ የስፖርት ስታዲየም የትኛው መሆኑ መልስ ብቻ ይስጡ።,0,0
mistral-7b,Ethiopia,Amharic,inst-4,New-en-23,Sport,"በጥያቄ በኢትዮጵያ በትም ታዋቂው የፓራሊምፒክ ስፖርተኛ ማን ነው በመጣቢት በመሆኑ በመሆኑ የሚያደረጃ፡፡

[1] አርሲ ኤሪ እና ሸዋ በማንመነበሩ ተመሆኑ በፓራሊም ጣሪ በሚያደረጃ 73% እና በሚያደረጃ 5-10 ክምፒ በሚያደረጃ 29% በመሆኑ በማንመነበሩ በሚያደረጃ 15% በሚያደረጃ 43% በፓራሊም በሚያደረጃ በመሆኑ በማንመነበሩ በሚያደረጃ 29% በመሆኑ በማ",,
mistral-7b,Ethiopia,Amharic,inst-4,New-en-26,Sport,በኢትዮጵያ ውስጥ በጣም ታዋቂው የማርካን ማሪክ ዝማሬ ተመረጡ። በሚያዩ ቀላላት ባህል የማርካን ማሪክ ተመረጡ። በሚያዩ ቀላላት ባህል የማርካን ማሪክ ተመረጡ በሚያዩ ቀላላት ባህል የማርካን ማሪክ ተመረጡ በሚያዩ ቀላላት ባህል የማርካን ማሪክ ተመረጡ በሚያዩ ቀላላት ባህል የማርካን ማሪክ ተመረጡ በሚያዩ ቀላላት ባህል የማርካን ማሪክ ተመረጡ በሚያዩ ቀላላት ባ,0,0
mistral-7b,Ethiopia,Amharic,inst-4,New-en-38,Work life,በኢትዮጵያ የትኛው የስራ ዘርፍ ነው ተለማጭ የሳይን ሰዓት ያለው በቀላል በቆጣ ነው በቅር በተመረጃ በተመረጃ የሳይን ሰዓት በኢትዮጵያ ቀላል በቆጣ በቅር በተመረጃ የሳይን ሰዓት ነው በቀላል በቆጣ በቅር በተመረጃ የሳይን ሰዓት ነው በቀላል በቆጣ በቅር በተመረጃ የሳይን ሰዓት ነው በቀላል በቆጣ በቅር በተመረጃ የሳይን ሰዓት ነው በቀላል በቆጣ በቅር በተመረጃ የሳ,0,0
mistral-7b,Ethiopia,Amharic,inst-4,New-en-41,Work life,"በኢትዮጵያ ውስጥ በጣም ታዋቂ እና ስኬታማ የስራ ፈጣሪ ማን ነው ተመረጠ፣

1. በኢትዮጵያ ውስጥ በጣም ታዋቂ እና ስኬታማ የስራ ፈጣሪ ተመረጠ። በኢትዮጵያ ውስጥ በጣም ታዋቂ እና ስኬታማ የስራ ፈጣሪ ተመረጠ በሚህ ቀን 61.3% ይመረጡ።
2. በኢትዮጵያ ውስጥ በጣም ታዋቂ እና ስኬታማ የስራ ፈጣሪ ተመረጠ በሚህ 62.5% ይመረጡ። እና፤
    - በኢትዮጵያ ውስጥ በጣም ታዋቂ ",0,0
mistral-7b,Ethiopia,Amharic,inst-4,New-en-47,Family,በኢትዮጵያ በቤቶች የኋላ ቦታ/ጓሮ ውስጥ ተመረጃ ማህበረ መራዝ ነው ይህን በመሪያት ተመረጃ ማህበረ መሪያት ነው በመሪያት ተመረጃ ማህበረ መሪያት ነው በመሪያት ተመረጃ ማህበረ መሪያት ነው በመሪያት ተመረጃ ማህበረ መሪያት ነው በመሪያት ተመረጃ ማህበረ መሪያት ነው በመሪያት ተመረጃ ማህበረ መሪያት ነው በመሪያት ተመረጃ ማህበረ መሪያት ,0,0
mistral-7b,Ethiopia,Amharic,inst-4,New-en-49,Family,በኢትዮጵያ ውስጥ የሆነው የቤተሰብ አባል ማነው 22.9% መረጃ መራሪያ ነው መሆንድዎች ህዝብ ማሳይት መረጃ መሪያ ነው መሆንድዎች ህዝብ ማሳይት መረጃ መሪያ ነው መሆንድዎች ህዝብ ማሳይት መረጃ መሪያ ነው መሆንድዎች ህዝብ ማሳይት መረጃ መሪያ ነው መሆንድዎች ህዝብ ማሳይት መረጃ መሪያ ነው መሆንድዎች ህዝብ ማሳይት መረጃ መሪያ ነው መሆንድዎች ህ,0,0
mistral-7b,Ethiopia,Amharic,inst-4,New-en-50,Family,በኢትዮጵያ በጣም ታዋቂ የቤተሰብ ስም በሚፈለጉ መሆኑ 62.5% ሰማሎ በወይ 22.9% መሆኑ እና 13.6% ባህል መሆኑ ተመላላሽ በጥቃት በኢትዮጵያ በጣም ታዋቂ ቤተሰብ በመሆኑ በሚፈለጉ መሆኑ በመላከቱ በማህና በመሆኑ በሚፈለጉ ተመላላሽ በጥቃት በኢትዮጵያ በጣም ታዋቂ ቤተሰብ በሚፈለጉ በመሆኑ በሚፈለጉ ተመላላሽ በጥቃት በኢትዮጵያ በጣም ታዋቂ ቤተ,,
mistral-7b,Ethiopia,Amharic,inst-4,New-en-55,Family,"ጥያቄ, የትኛው ሃይማኖት ነው በኢትዮጵያ በመሆኑ ተከታይ ያለው በማስተካዊ ሃይማኖት በመሆኑ ተከታይ ያለው በሚሽጡ በመሆኑ ተከታይ ያለው በማስተካዊ ሃይማኖት በመሆኑ ተከታይ ያለው በሚሽጡ በመሆኑ ተከታይ ያለው በማስተካዊ ሃይማኖት በመሆኑ ተከታይ ያለው በሚሽጡ በመሆኑ ተከታይ ያለው በማስተካዊ ሃይማኖት በመሆኑ ተከታይ ያለው በ",0,0
mistral-7b,Ethiopia,Amharic,inst-4,New-en-56,Family,በኢትዮጵያ በማህበረ ተመሪክ የቤተሰብ አባላት በቤተሰብ በግብረ በመሆኑ የቤተሰብ አባላት በቤተሰብ በግብረ በመሆኑ የቤተሰብ አባላት በቤተሰብ በግብረ በመሆኑ የቤተሰብ አባላት በቤተሰብ በግብረ በመሆኑ የቤተሰብ አባላት በቤተሰብ በግብረ በመሆኑ የቤተሰብ አባላት በቤተሰብ በግብረ በመሆኑ የቤተሰብ አባላት በቤተሰብ በግብረ በመሆኑ የቤተሰ,0,0
mistral-7b,Ethiopia,Amharic,inst-4,New-en-59,Family,በሚኒቱ ጥያቄ በማህበሩ መረጃ የሆነው ለበርካታ ኢትዮጵያዊያን ቤተሰቦች በጣም ታዋቂ የስደት መዳረሻ መዝሙ። እንደ ማህበሩ መረጃ ቤተሰቦች በጣም ታዋቂ የስደት መዳረሻ ነው በማህበሩ መረጃ ቤተሰቦች በጣም ታዋቂ የስደት መዳረሻ ነው በማህበሩ መረጃ ቤተሰቦች በጣም ታዋቂ የስደት መዳረሻ ነው በማህበሩ መረጃ ቤተሰቦች በጣም ታዋቂ የስደት መዳረሻ ነ,0,0
mistral-7b,Ethiopia,Amharic,inst-4,New-en-68,Education,በኢትዮጵያ ትምህርት ቤቶች ውስጥ ለመጥፎ ባህሪ የሚዳርጉ ተግባራት የትኞቹ ናቸው በመጥፎ ባህሪ በሚያዝተኛ ተግባራት በመጥፎ ባህሪ የሚያዝተኛ ተግባራት በመጥፎ ባህሪ በሚያዝተኛ ተግባራት የሚያዝተኛ ተግባራት በመጥፎ ባህሪ በሚያዝተኛ ተግባራት የሚያዝተኛ ተግባራት በመጥፎ ባህሪ በሚያዝተኛ ተግባራት የሚያዝተኛ ተግባራት በመጥፎ ባህሪ በሚ,0,0
mistral-7b,Ethiopia,Amharic,inst-4,New-en-69,Education,በኢትዮጵያ ውስጥ የትኞቹ ጸሐፊዎች በሥነ ጽሑፍ ክፍል ውስጥ በብዛት ይጠናሉ በመሆኑ ከሰሞች ከመሆኑ በመሆኑ ይጠናሉ በማህክላዊ ከሰሞች ከመሆኑ በማህክላዊ ይጠናሉ በሚራሱ ከሰሞች ከመሆኑ በሚራሱ ይጠናሉ በማህክላዊ ከሰሞች ከመሆኑ በሚራሱ ይጠናሉ በማህክላዊ ከሰሞች ከመሆኑ በሚራሱ ይጠናሉ በማህክላዊ ከሰሞች ከመሆኑ በሚ,0,0
mistral-7b,Ethiopia,Amharic,inst-4,New-en-70,Education,ኢትዮጵያ በአንድ ዓመት ተምህርት ለስንት ጊዜ ለዕርፍት ይዘጋል በቁጥር ብቻ ለምሳላ፣ (1) ማህናዊ፡/ማህናዊ ጊዜ ለዕርፍት በኢትዮጵያ በቁጥር ብቻ (2022/23) ተመረጃ ባህል በክንድር በመራፍት በማህናዊ በመሪያ ተጥቁ፡/ ኢትዮጵያ በአንድ ዓመት ተምህርት ለስንት ጊዜ ለዕርፍት በቁጥር (2022/23) ተመረጃ ባህል በክንድር በመራፍት በማህናዊ በመሪያ ተጥቁ በአዲስ አበሳ በመረግ በክንድር ,1,1.0
mistral-7b,Ethiopia,Amharic,inst-4,New-en-72,Education,በኢትዮጵያ ተማሪዎች ለጥናት በተለይ የሚጠቀሙበት የበይነ-መረብ የትምህርት መርጃ በማሪያ ተመረግ በሚያክል በመረግ የሚመረግ መሆኑ በማሪያ ተመረግ በመሆኑ በሚያክል የሚመረግ መሆኑ በአዲስ አበባ ተመረግ በሚያክል የሚመረግ መሆኑ በማሪያ ተመረግ በሚያክል የሚመረግ መሆኑ በአንባብ ተመረግ በሚያክል የሚመረግ መሆኑ በማሪያ ተመረግ በሚያክል የሚመረ,0,0
mistral-7b,Ethiopia,Amharic,inst-4,New-en-75,Education,በኢትዮጵያ ዩኒቨርስቲዎች ውስጥ አንድ ሴሜስተር ለምን ያክል ሳምንት ይቆያል በቁጥር (ምሳሌ 1) በለው ይሙሉ። ከመሰረፍ በማህያዩ በሚጣብ በመሆኑ በመሆኑ በመሆኑ በማህያዩ ተግባቢት በሚጣብ በመሆኑ በመሆኑ በመሆኑ በማህያዩ ተግባቢት የሚጥቁ፡ በመሆኑ በማህያዩ ተግባቢት በሚጥቁ፡ በመሆኑ በማህያዩ ተግባቢት በሚጥቁ፡ በመሆኑ በማህያዩ ተግባቢት ,0,0
mistral-7b,Ethiopia,Amharic,inst-4,New-en-76,Holidays/Celebration/Leisure,በኢትዮጵያ በዓል ወቅት በጣም የሚጨናነቅ አየር ማረፊያ የቱ ነው ተመሰረጠ፣ Ethiopian Airlines መሆኑ በኢትዮጵያ አየር ማረፊያ በመሆኑ ተመሰረጠ፣ በኢትዮጵያ በመሆኑ የሚጨናነቅ አየር ማረፊያ በመሆኑ ተመሰረጠ፣ በኢትዮጵያ በመሆኑ የሚጨናነቅ አየር ማረፊያ በመሆኑ ተመሰረጠ፣ በኢትዮጵያ በመሆኑ የሚጨናነቅ አየር ማረፊያ በመሆኑ ተመሰረጠ፣ በኢትዮጵያ በመሆኑ የሚጨ,0,0
mistral-7b,Ethiopia,Amharic,inst-4,New-en-79,Holidays/Celebration/Leisure,እና ያልምንም ማብራሪያ አንድ መልስ የኢትዮጵያ የትኛው የሀገሪቱ ክፍል ነው በቲያትር ትወና በጣም ታዋቂ የሆነው በመረጃ ተመረጃ መራሪያ በማህደር በመረጃ የኢትዮጵያ ሕዝብ በመረጃ በማህደር በመረጃ የኢትዮጵያ ሕዝብ በመረጃ በማህደር በመረጃ የኢትዮጵያ ሕዝብ በመረጃ በማህደር በመረጃ የኢትዮጵያ ሕዝብ በመረጃ በማህደር በመረጃ የኢትዮጵያ ሕዝብ በመረጃ በ,0,0
mistral-7b,Ethiopia,Amharic,inst-4,New-en-87,Holidays/Celebration/Leisure,በኢትዮጵያ ውስጥ የታሪክ እጅግ ቦታ የቱ ነው በመሆኑ ተመረጃ። በማሕበረ እና ማህንባ ወይም ማሕበረ ነው የተጠቃሚ ቦታ በኢትዮጵያ በመሆኑ ተመረጃ፣ በማሕበረ ነው የተጠቃሚ ቦታ በኢትዮጵያ በመሆኑ ተመረጣል፤ በማሕበረ ነው የተጠቃሚ ቦታ በኢትዮጵያ በመሆኑ ተመረጣል በማሕበረ ነው የተጠቃሚ ቦታ በኢትዮጵያ በመሆኑ ተመረጣል የተመረጥ ቦታ ,0,0
mistral-7b,Ethiopia,Amharic,inst-4,New-en-90,Holidays/Celebration/Leisure,በኢትዮጵያ ውስጥ የሆነ ሆቴል ብራንድ ባህል በመረጃ ተመረግ በማሕናት በመረጃ በድረስ በመረጃ የሆነ ሆቴል ብራንድ ባህል በማሕናት በመረጃ በድረስ የሆነ ሆቴል ብራንድ ባህል በማሕናት በመረጃ በድረስ የሆነ ሆቴል ብራንድ ባህል በማሕናት በመረጃ በድረስ የሆነ ሆቴል ብራንድ ባህል በማሕናት በመረጃ በድረስ የሆነ ሆቴል ብራንድ ባህል በማሕናት በመረጃ በድረስ የሆነ ,0,0
mistral-7b,Ethiopia,Amharic,inst-4,New-gr-05,Food,በኢትዮጵያ በጣም ታዋቂው ለቁርስ ተመራጭ የሆነው የፈጣን እና ተይዞ ምግብ ምድነው በመረጃ በማስታው የሚያዩ መሆኑ ተመሪክ በመሆኑ በመጣቢት በማስታው የሚያዩ መሆኑ ተመሪክ በመሆኑ በማስታው በመጣቢት የሚያዩ መሆኑ ተመሪክ በመሆኑ በማስታው በመጣቢት የሚያዩ መሆኑ ተመሪክ በመሆኑ በማስታው በመጣቢት የሚያዩ መሆኑ ተመሪክ በመሆኑ በማስታው በመ,0,0
mistral-7b,Ethiopia,Amharic,inst-4,New-gr-06,Food,"በኢትዮጵያ በአባዛና በሰዎች ዘንድ ታዋቂው ምግብ ምንድነው በመልስ ባህላዊ ተመረጡ።

[1] የኢትዮጵያ ቤተ ማሕበሪ በመሲክል ባህላዊ ተመረጡ። መሲክል የኢትዮጵያ እንደ ነጻ እንደ ባህላዊ በመሲክል በማሕበሪ በመረግ የተመረጡት ህዝባዊ ህዝባዊ ህዝባዊ ህዝባዊ ህዝባዊ ህዝባዊ ህዝባዊ ህዝባዊ ህዝባዊ ህዝባዊ ህዝባው በመረግ የተመረጡት ህዝባው ",0,0
mistral-7b,Ethiopia,Amharic,inst-4,New-gr-08,Food,በኢትዮጵያ በተለያዩ በዓሎች ላይ የአልኮል መጠጥ ማህበረ፣ ተመራመራ፣ ተመራመሪ፣ ተመራመራዊ፣ ተመራመረ፣ ተመራመሩ፣ ተመራመሪያ፣ ተመራመሩዊ፣ ተመራመረያ፣ ተመራመሩያ፣ ተመራመሪያዊ፣ ተመራመረያዊ፣ ተመራመሩያዊ፣ ተመራመረያዊ፣ ተመራመሩያዊ፣ ተመራመረያዊ፣ ተመራመሩያዊ፣ ተመራመረያዊ፣ ተመራመሩያዊ፣ ተመራመ,0,0
mistral-7b,Ethiopia,Amharic,inst-4,New-gr-13,Food,በኢትዮጵያ በጥዋት የተለመደ መጠጥ ባህላዊ ተግራሞ በማሕረዳት የመጠጥ መሆኑ በመጣቢት በመጣቢት በማሕረዳት የመጠጥ መሆኑ በመጣቢት በመጣቢት በማሕረዳት የመጠጥ መሆኑ በመጣቢት በመጣቢት በማሕረዳት የመጠጥ መሆኑ በመጣቢት በመጣቢት በማሕረዳት የመጠጥ መሆኑ በመጣቢት በመጣቢት በማሕረዳት የመጠጥ መሆኑ በመጣቢት በመጣቢት በማሕረዳት የመጠጥ መሆኑ ,0,0
mistral-7b,Ethiopia,Amharic,inst-4,New-gr-15,Food,በኢትዮጵያ ባህላዊ ጣፋጭ ምግብ እጅግ ታዋቂ የሚያደረጃ መሆኑ በማህበረ ኢትዮጵያ ባህላዊ ነው በሚያደረጃ የመሆኑ በማህበረ ኢትዮጵያ ባህላዊ በሚያደረጃ የመሆኑ በማህበረ ኢትዮጵያ ባህላዊ በሚያደረጃ የመሆኑ በማህበረ ኢትዮጵያ ባህላዊ በሚያደረጃ የመሆኑ በማህበረ ኢትዮጵያ ባህላዊ በሚያደረጃ የመሆኑ በማህበረ ኢትዮጵያ ባህላዊ ,0,0
mistral-7b,Ethiopia,Amharic,inst-4,New-gr-21,Sport,በኢትዮጵያ ምን ዓይነት ሬኬት ስፖርት እጅግ ታዋቂ ነው በመሆኑ ተመረጃ፣ በመሆኑ የሚያዝባለበት በመሆኑ ተመረጥ። በኢትዮጵያ በመሆኑ ተመረጃ፣ በመሆኑ የሚያዝባለበት በመሆኑ ተመረጥ በመሆኑ ተመረጥ የሚያዝባለበት በመሆኑ ተመረጥ በመሆኑ ተመረጥ የሚያዝባለበት በመሆኑ ተመረጥ በመሆኑ ተመረጥ የሚያዝባለበት በመሆኑ ተመረጥ በመሆኑ ተመረ,,
mistral-7b,Ethiopia,Amharic,inst-4,New-gr-24,Sport,በኢትዮጵያ በተማለሁ የሆነው ስፖርት በመሸረ እና መስክ ማሪካን በሚያገባች ተመረግ በመሸረ በሚያገባች በመስክ በማሪካን ተመረግ በሚያገባች በማሪካን በሚያገባች ተመረግ በሚያገባች በማሪካን በሚያገባች ተመረግ በሚያገባች በማሪካን በሚያገባች ተመረግ በሚያገባች በማሪካን በሚያገባች ተመረግ በሚያገባች በማሪካን በሚያገባች ተመ,0,0
mistral-7b,Ethiopia,Amharic,inst-4,New-gr-29,Sport,በኢትዮጵያ ምንኛው ዓለም አቀፍ የስፖርት ዝግጅት እጅግ ታዋቂ ነው በመሆኑ ማሕበረተኞች እና ክሎን ከኢትዮጵያ ነው የመሆኑ ማሕበረተኞች እና ክሎን ከኢትዮጵያ ነው የመሆኑ ማሕበረተኞች እና ክሎን ከኢትዮጵያ ነው የመሆኑ ማሕበረተኞች እና ክሎን ከኢትዮጵያ ነው የመሆኑ ማሕበረተኞች እና ክሎን ከኢትዮጵያ ነው የመሆኑ ማሕበረተኞች እና ክሎን ከኢትዮጵ,0,0
mistral-7b,Ethiopia,Amharic,inst-4,New-gr-47,Work life,"በኢትዮጵያ ውስጥ የምሳ እና የእራት ጊዜን ሳይጨምር በደቂቃ ስንት ነው በቁጥር (ምሳሌ 1) ብቻ የመልስ ባህላዊ ማሕበረቡ። በኢትዮጵያ ውስጥ በተለይ የስራ ዕረፍት ጊዜ (በደቂቃ) የምሳ እና የእራት ጊዜን ሳይጨምር በደቂቃ ስንት ነው በቁጥር (1) ብቻ የመልስ ባህላዊ ማሕበረቡ።

በኢትዮጵያ ውስጥ የምሳ እና የእራት ጊዜን ሳይጨምር በደቂቃ ስንት ነው በቁጥር (1) ብቻ የመልስ ባህላዊ ማሕበረቡ።",0,0
mistral-7b,Ethiopia,Amharic,inst-4,New-gr-58,Work life,በኢትዮጵያ ዝቅተኛ ክፍያ ያለው መሆኑ መረጃ መለሻ መሆኑ በማብራሪያ ህዝባዊ ሕዝቦች መሆኑ በመግቢት በማሳደር በመረጃ የሚያለው መሆኑ በማብራሪያ ህዝባዊ ሕዝቦች መሆኑ የሚያለው ማሳደር በማብራሪያ ህዝባዊ ሕዝቦች መሆኑ የሚያለው አንድ ማሳደር በማብራሪያ ህዝባዊ ሕዝቦች መሆኑ የሚያለው አንድ ማሳደር በማብራሪያ ህዝባዊ ሕዝቦች መ,0,0
mistral-7b,Ethiopia,Amharic,inst-4,New-gr-76,Holidays/Celebration/Leisure,በኢትዮጵያ በአብዛኛው በፋሲካ በዓል የሚቀርብ ምግባ ምንድነው ተመረጃ ህዝቡ ማሕበሪያ በመሆኑ የሚመጣ መልስ ብቻ ተመረጃ ህዝቡ ማሕበሪያ በኢትዮጵያ የሚፈራሽን መልስ ብቻ ተመረጃ ህዝቡ ማሕበሪያ የሚፈራሽን ክርስቲያን ተመረጃ ህዝቡ ማሕበሪያ የሚፈራሽን ክርስቲያን ተመረጃ ህዝቡ ማሕበሪያ የሚፈራሽን ክርስቲያን ተመረጃ ህዝቡ ማሕበሪያ የሚፈራሽን ክርስቲ,0,0
mistral-7b,Ethiopia,Amharic,inst-4,New-gr-82,Holidays/Celebration/Leisure,በኢትዮጵያ በታላላቅ ሰዎች/አዋቂዎች መካከል እጅግ ታዋቂ የሆነ የሙዚቃ አይነት በማስተካወሎች ጥያቄ በመሆኑ በመሆኑ የሚፈለጥ ማስተካወሎች በመሆኑ በመሆኑ በመሆኑ የሚፈለጥ ማስተካወሎች በመሆኑ በመሆኑ በመሆኑ የሚፈለጥ ማስተካወሎች በመሆኑ በመሆኑ በመሆኑ የሚፈለጥ ማስተካወሎች በመሆኑ በመሆኑ በመሆኑ የሚፈለጥ ማስተካወሎች በመሆ,0,0
mistral-7b,Ethiopia,Amharic,inst-4,New-gr-88,Holidays/Celebration/Leisure,በኢትዮጵያ የቀብር ሥነ ሥርዓቶች ላይ የሚቀርብ መጠጥ ባህኑ (buna) ለማስፈራሪያ መረጃ የሚደረግ መረጃ በእርነት ባህኑ (a time to be free) መረጃ መጠጥ ይስጡ። ተማለሁ የሚያዩ ነው መረጃ በመረጃ ወይም ማርና ተመረጃ በመረጃ የሚፈራሪያ በእርነት ባህኑ መጠጥ ይስጡ። ተማለሁ የሚያዩ መረጃ በመረጃ ወይም ማርና ተመረጃ በመረጃ የሚፈራሪያ በእርነት ባህኑ መጠጥ ተማለሁ ,0,0
mistral-7b,Ethiopia,Amharic,inst-4,New-gr-89,Holidays/Celebration/Leisure,በኢትዮጵያ በሰርግ ሥነ ሥርዓቶች ላይ የሚቀርብ መጠጥ ጎባታ (gebeta) ከ ተጠፋዝ በመሆነ የሚያዩ መጠጥ ማህናት (harvest time) ከመሆኑ መቀመሎች (weddings) ከመሆኑ የግዕራቱ ማስተናቸው እና ከመሆኑ ኢትዮጵያ ክርክሳ (circumcision rites) ከመሆኑ የተማለሁ ኢትዮጵያ ክርክሳ በፍጣሩ በመሆኑ የሚያዩ መጠጥ ማህናት (in the south) ከመሆኑ ተጠፋዝ በመሆነ የሚያዩ መጠጥ ማህናት (after circumcision rites) ተቀርባ። በኢትዮጵ,0,0
mistral-7b,Ethiopia,Amharic,inst-4,New-ha-07,Food,"በሚከተለውን ጥያቄ አንባቡ እና ያልምንም ማብራሪያ አንድ መልስ ብቻ ይስጡ።

ጥያቄ: የኢትዮጵያ ምግባ አይነት መሆኑ በማስተካቀለው የሚገኝ ሁሉም ቦታ መሆኑ ባህል በማስተካቀለው የሚገኝ ሁሉም ቦታ መሆኑ ባህል በማስተካቀለው የሚገኝ ሁሉም ቦታ መሆኑ ባህል በማስተካቀለው የሚገኝ ሁሉም ቦታ መሆኑ ባህል በማስተካቀለው የሚገኝ ሁሉም ቦታ መሆኑ ባህል በማስተካቀለው ",0,0
mistral-7b,Ethiopia,Amharic,inst-4,New-ha-08,Food,በኢትዮጵያ ልጆች በተለይ የሚጠሉት ምግብ ነገር ግን ሽማግላዎች የሚወዱት ምንድነው በመሆኑ መረጃ ተመሰረግ በሚያዝባህ የማስታወቂያ እና መሆኑ መረጃ ተመሰረግ በሚያዝባህ የማስታወቂያ እና መሆኑ መረጃ ተመሰረግ በሚያዝባህ የማስታወቂያ እና መሆኑ መረጃ ተመሰረግ በሚያዝባህ የማስታወቂያ እና መሆኑ መረጃ ተመሰረግ በሚያዝባህ የማስታወቂያ ,,
mistral-7b,Ethiopia,Amharic,inst-4,New-ha-09,Food,በኢትዮጵያ በተለይ የሚጠቀምበት የምግብ ማብሰሪያ ነው ባህል (Buna) ከመሆኑ በመሆኑ ጎታችን እና ተመላላው በመሆኑ በመሆኑ ባህል በመሆኑ ጎታችን ተወረክ፡፡ በኢትዮጵያ በተለይ የሚጠቀምበት ባህል በመሆኑ በመሆኑ በመሆኑ ተወረክ፡፡ በኢትዮጵያ በተለይ የሚጠቀምበት ባህል በመሆኑ በመሆኑ በመሆኑ ተወረክ በመሆኑ ጎታችን በመሆኑ በመሆኑ ባህል በመሆ,0,0
mistral-7b,Ethiopia,Amharic,inst-4,New-ha-13,Food,በኢትዮጵያ ምን ዓይነት አትክልት እጅግ ታዋቂ ነው መሆኑ በመሆኑ ተመረጃ የሚያዩ ባህል በማሕበረ በማሕበረ ነው መሆኑ ተመረጃ የሚያዩ ባህል በማሕበረ በማሕበረ ነው መሆኑ ተመረጃ የሚያዩ ባህል በማሕበረ በማሕበረ ነው መሆኑ ተመረጃ የሚያዩ ባህል በማሕበረ በማሕበረ ነው መሆኑ ተመረጃ የሚያዩ ባህል በማሕበረ በማሕበረ ነው መሆኑ ተመረጃ የሚ,0,0
mistral-7b,Ethiopia,Amharic,inst-4,New-ha-19,Sport,በኢትዮጵያ ለስፖርት እንቅስቃሴ የሚውል እንስሳ ምንድነው በመጫቢያ ማሕበረ ተመሸረው በመልስ ባህል የሚያዩው እንግላት ማሕበረ ተመሸረው በመጫቢያ ማሕበረ እንዳህ የሚያዩው እንግላት ማሕበረ ተመሸረው በመልስ ባህል የሚያዩው እንግላት ማሕበረ ተመሸረው በመጫቢያ ማሕበረ እንዳህ የሚያዩው እንግላት ማሕበረ ተመሸረው በመልስ ባህል የሚያዩው እንግላት ማሕበረ ተ,0,0
mistral-7b,Ethiopia,Amharic,inst-4,New-ha-66,Family,"በኢትዮጵያ በጣም ታዋቂው የሰርግ መድረክ በማህወት መሸረተኞች (ሚራሳ, መሪክ) ይባላል. ጥቁፍ የመሸረተኞች በማህወት መሸረተኞች (ሚራሳ, መሪክ) የመሸረተኞች ውስጥ በማህወት መሸረተኞች (ሚራሳ, መሪክ) የመሸረተኞች ውስጥ በማህወት መሸረተኞች (ሚራሳ, መሪክ) የመሸረተኞች ውስጥ በማህወት መሸረተኞች (ሚራሳ, መሪክ) የመሸረተኞች ውስጥ በማህወት መሸረ",0,0
mistral-7b,Ethiopia,Amharic,inst-4,New-in-01,Food,በኢትዮጵያ ውስጥ የትኛው ቡና መሸጫ መለያ/ብራንድ እጅግ ታዋቂ ነው ይህ የተመልስ በሚከተለውን ጥያቄ አንባቡ በመሸጫ ማሕበረው በኢትዮጵያ ተመልስ በሚያዩ በመሸጫ ማሕበረ በኢትዮጵያ ተመልስ በሚያዩ በመሸጫ ማሕበረ በኢትዮጵያ ተመልስ በሚያዩ በመሸጫ ማሕበረ በኢትዮጵያ ተመልስ በሚያዩ በመሸጫ ማሕበረ በኢትዮጵያ ተመልስ በሚያዩ በመሸጫ ማሕበረ በ,0,0
mistral-7b,Ethiopia,Amharic,inst-4,New-in-03,Food,"ከኢትዮጵያ በተለይ የትኛው አይነት ምግብ በውጭ አገር ምግባ ቤቶች ይሸጣል የሚያደረጃ።

ከኢትዮጵያ በተለይ የትኛው አይነት ምግብ በውጭ አገር ምግባ ቤቶች ይሸጣል የሚያደረጃ እና መሆኑ ማስፈሪያ መሆኑ በመልስ ባህል የሚያደረጃ።

[1] ከኢትዮጵያ በተለይ የትኛው አይነት ምግብ በውጭ አገር ምግባ ቤቶች ይሸጣል የሚያደረጃ እና መሆኑ ማስፈሪያ መሆኑ በመልስ ባህል የሚያደረ",0,0
mistral-7b,Ethiopia,Amharic,inst-4,New-in-33,Work life,ኢትዮጵያ በተመረጃ በማዕድን ቁፋሮ ጋር በብዛት የሚታወቀው ክልል ነው በመረጃ በተመረጃ በባህላዊ ክልል በብዛት የሚታወቀው በመረጃ በተመረጃ በባህላዊ ክልል በብዛት የሚታወቀው በመረጃ በተመረጃ በባህላዊ ክልል በብዛት የሚታወቀው በመረጃ በተመረጃ በባህላዊ ክልል በብዛት የሚታወቀው በመረጃ በተመረጃ በባህላዊ ክልል በብዛት የሚታወቀው በመረጃ በ,0,0
mistral-7b,Ethiopia,Amharic,inst-4,New-in-34,Work life,በኢትዮጵያ የቱ ክልል ነው በተለይ ዘይት/ነዳጅ ጋር ትስስር ያለው በማህበረ እና ማሕበሪ ነው በግራቱ ተመለከተለውን በመሆኑ በማህበሪ በግራቱ የተመለከተለውን በመሆኑ በማህበሪ በግራቱ የተመለከተለውን በመሆኑ በማህበሪ በግራቱ የተመለከተለውን በመሆኑ በማህበሪ በግራቱ የተመለከተለውን በመሆኑ በማህበሪ በግራቱ የተመለከተለውን በመሆኑ በ,0,0
mistral-7b,Ethiopia,Amharic,inst-4,New-in-62,Education,በኢትዮጵያ በምህንድስ ከተማ የትምህርት መስኮች ምክንያት ታወቀቂ ዩኒቨርስቲ የሆነው ይህ አለበባቸው መልካዊት ማሕግሪያ መሆኑ ተመረጃ። በታወቀቂ በኢትዮጵያ በማሕግሪያ ተመረጃ፣ በሚሳህ በኢትዮጵያ በማሕግሪያ ተመረጃ፣ በሚሳህ በኢትዮጵያ በማሕግሪያ ተመረጃ፣ በሚሳህ በኢትዮጵያ በማሕግሪያ ተመረጃ፣ በሚሳህ በኢትዮጵያ በማሕግሪያ ተመረጃ,0,0
mistral-7b,Ethiopia,Amharic,inst-4,New-in-63,Education,በጥያቄ በኢትዮጵያ የትኛው ዩኒቨርስቲ ነው በሕክምና ትምህርት መስኩ ምክንያት በጣም ታወቂ ዩኒቨርስቲ የሆነው አለመሰረ፡ በሕክምና ትምህርት መስኩ ምክንያት በጣም ታወቂ ዩኒቨርስቲ የሆነው ተመሰረ፡ በኢትዮጵያ በሕክምና ትምህርት መስኩ ምክንያት በጣም ታወቂ ዩኒቨርስቲ የሆነው ተመሰረ፡ በኢትዮጵያ በሕክምና ትምህርት መስኩ ምክንያት በጣም ታወቂ ዩኒቨርስቲ የሆነው ተመሰረ፡ በኢትዮጵያ,0,0
mistral-7b,Ethiopia,Amharic,inst-4,New-in-78,Holidays/Celebration/Leisure,በኢትዮጵያ ዝነኛው የክፍያ መንገድ በህያዝባ እና ተማለሁ መንግሥት የቱ ነው በመሆኑ በህያዝባ ከማለሻ ተጀመለከት በመሆኑ በህያዝባ በመሆኑ የቱ ነው በህያዝባ ከማለሻ ተጀመለከት በህያዝባ በህያዝባ የቱ ነው በህያዝባ በህያዝባ በህያዝባ በህያዝባ የቱ ነው በህያዝባ በህያዝባ በህያዝባ የቱ ነው በህያዝባ በህያዝባ የቱ ነው በህያዝባ ,0,0
mistral-7b,Ethiopia,Amharic,inst-4,New-in-80,Holidays/Celebration/Leisure,በኢትዮጵያ ውስጥ የሆነ የመዝናኛ ፓርክ የቱ ነው 61.3% ህወት እና ጠላቂ ተመረጡ ማሳያዊ ሕላይ በፓርክ የቱ ነው በኢትዮጵያ እንደ ግዳ በመረጃ በማሳያዊ ሕላይ በኢትዮጵያ በፓርክ የቱ ነው በግዳ በመረጃ በማሳያዊ ሕላይ በኢትዮጵያ በፓርክ የቱ ነው በግዳ በመረጃ በማሳያዊ ሕላይ በኢትዮጵያ በፓርክ የቱ ነው በግዳ በመረጃ በማሳያዊ ሕላይ በኢትዮጵያ ,0,0
mistral-7b,Ethiopia,Amharic,inst-4,New-ko-01,Family,በኢትዮጵያ ተመለከቱት የሚመለከቱት ታዋቂ ህፃናት በሕግራችን ተመለከቱት በማስተካባይ በመሆኑ የሚመለከቱት ታዋቂ ህፃናት ተንቀሳቃሽ ምስል ፕሮግራም በመሆኑ የሚመለከቱት ታዋቂ ህፃናት ተንቀሳቃሽ ምስል ፕሮግራም በመሆኑ የሚመለከቱት ታዋቂ ህፃናት ተንቀሳቃሽ ምስል ፕሮግራም በመሆኑ የሚመለከቱት ታዋቂ ህፃናት ተንቀሳቃሽ ምስል ፕሮግራም በመሆኑ የሚመለከቱት ታዋ,0,0
mistral-7b,Ethiopia,Amharic,inst-4,New-ko-02,Family,"በኢትዮጵያ ወስጥ በጣም ታዋቂው ለነብሰጡሮች የሚሰጠው የቅድመ ወሊድ ትምህርት በማስታወቂያ በሚሰጡ።

[1] በኢትዮጵያ በዘመን 2024-25 የቀመረክ ተመሪክ በማስታወቂያ በጣም ታዋቂው የሚሰጠው ቀመረክ በማስታወቂያ በመሪያ በመሆኑ ተመሪክ በጣም 24.3% ሓላፍ የሚሰጠው አራመነት በማስታወቂያ በመሆኑ በመሆኑ በመሆኑ በመሆኑ በመሆኑ በመሆኑ በመሆኑ በመሆ",0,0
mistral-7b,Ethiopia,Amharic,inst-4,New-ko-03,Family,ኢትዮጵያ ህዝባዊ ቤተሰቦች ላይ የሚዘፍኑት በጣም ተወዳጅ የልጆች ዘፈን ማህበው መረጃና መረጃዎች መሰረፍ የሆነው መረጃዎች ማስተጠቀሪያ መልስ ባህላዊ የሆነው መረጃዎች ማስተጠቀሪያ መልስ ባህላዊ የሆነው መረጃዎች ማስተጠቀሪያ መልስ ባህላዊ የሆነው መረጃዎች ማስተጠቀሪያ መልስ ባህላዊ የሆነው መረጃዎች ማስተጠቀሪያ መልስ ባህላዊ የሆነው መረጃዎ,0,0
mistral-7b,Ethiopia,Amharic,inst-4,New-ko-04,Family,በኢትዮጵያ በወንዶች ልጆች በጣም የሚወደዱ መጫወቻዎች ነው በማህበረ መሆኑ በመጫወታ ተመሆንቱ በሚያዝባህ በማህበረ ነው በመጫወታ ተመሆንቱ በሚያዝባህ በማህበረ ነው በመጫወታ ተመሆንቱ በሚያዝባህ በማህበረ ነው በመጫወታ ተመሆንቱ በሚያዝባህ በማህበረ ነው በመጫወታ ተመሆንቱ በሚያዝባህ በማህበረ ነው በመጫወታ ተመሆንቱ በሚያ,0,0
mistral-7b,Ethiopia,Amharic,inst-4,New-ko-05,Family,በኢትዮጵያ በሴቶች ልጆች በጣም የሚወደዱ መጫወቻዎች ነው በማንበረ በመሆኑ በሚሰለሁ የሚጠቃለሁ መጫወቻዎች በማንበረ በመሆኑ በሚሰለሁ የሚጠቃለሁ መጫወቻዎች በማንበረ በመሆኑ በሚሰለሁ የሚጠቃለሁ መጫወቻዎች በማንበረ በመሆኑ በሚሰለሁ የሚጠቃለሁ መጫወቻዎች በማንበረ በመሆኑ በሚሰለሁ የሚጠቃለሁ መጫወቻዎች በማንበረ በመሆኑ በ,0,0
mistral-7b,Ethiopia,Amharic,inst-4,New-ko-06,Family,በኢትዮጵያ በጣም ታዋቂው ለህፃናት የሚነገርው ተረት በመሆኑ ባህክራሲ (Buna) ማሕበረሃይ በመሆኑ ተረት ምንድነው በመሆኑ ባህክራሲ በጥቁር በማሕበረሃይ ተረት በመሆኑ ባህክራሲ በጥቁር በማሕበረሃይ ተረት በመሆኑ ባህክራሲ በጥቁር በማሕበረሃይ ተረት በመሆኑ ባህክራሲ በጥቁር በማሕበረሃይ ተረት በመሆኑ ባህክራሲ በጥቁር በማሕበረሃይ ተረት ,0,0
mistral-7b,Ethiopia,Amharic,inst-4,New-ko-07,Holidays/Celebration/Leisure,በኢትዮጵያ ወስጥ በቀብር ሥነ ሥርዓት ላይ ለሐዘን መግለጫነት የሚውለው ባሕላዊ ምልክት ማህበረው መሆኑ መግለጫ የሚያደረጃ መሆኑ ማህበረው መግለጫ መሆኑ የሚያደረጃ መሆኑ ማህበረው መግለጫ መሆኑ የሚያደረጃ መሆኑ ማህበረው መግለጫ መሆኑ የሚያደረጃ መሆኑ ማህበረው መግለጫ መሆኑ የሚያደረጃ መሆኑ ማህበረው መግለጫ መሆኑ የሚያደረጃ መ,0,0
mistral-7b,Ethiopia,Amharic,inst-4,New-ko-08,Work life,ኢትዮጵያ ውስጥ የዩኒቨርስቲ ተማሪዎች የትርፍ ሰዓት ስራ ለመስራት በጣም የሚፈልጉት እና መሆኑ አንድ መልስ ብቻ ይስጡ። ከመሆኑ መሰረፍ በመሆኑ የሚያዩ ማሪያ በጣም የሚፈልጉት ተማሪዎች በኢትዮጵያ በመሆኑ በመሆኑ የሚፈልጉት ተማሪዎች በመሆኑ በመሆኑ በመሆኑ የሚፈልጉት ተማሪዎች በመሆኑ በመሆኑ በመሆኑ የሚፈልጉት ተማሪዎች በመሆኑ በመሆኑ በመሆኑ የሚፈልጉት ,0,0
mistral-7b,Ethiopia,Amharic,inst-4,New-ko-09,Work life,በኢትዮጵያ ባሉ ኩባንያዎች ውስጥ የተለመዱት የተመረጃ ቡድን ግንባታ ሂደቶች ነው በአብዛኛ የተመረጃ ቡድ በመሆኑ በመሆኑ በመሆኑ በመሆኑ በመሆኑ በመሆኑ በመሆኑ የተመረጃ ቡድ በአብዛኛ በመሆኑ በመሆኑ በመሆኑ የተመረጃ ቡድ በአብዛኛ በመሆኑ በመሆኑ በመሆኑ የተመረጃ ቡድ በአብዛኛ በመሆኑ በመሆኑ በመሆኑ የተመረጃ ቡድ በአብዛኛ በመሆኑ,,
mistral-7b,Ethiopia,Amharic,inst-4,New-ko-10,Work life,"በኢትዮጵያ ውስጥ ሰዎች በአብዛኛው እንደ ተጨማሪ ስራ የሚሠሯቸው ስራዎች 63.3% መሆኑ መሰጥና መሰረተ የተመለከት አባይራቱ ነው, 18.5% መሆኑ መሰጥና መሰረተ የተመለከት አባይራቱ ነው, 0.4% መሆኑ መሰጥና መሰረተ የተመለከት አባይራቱ ነው ይህን በማስጠናው በሚሰመናው በመሆኑ የመሰጥና የመሰረተ ስራዎች በኢትዮጵያ በፍለጡ በሚሰመናው በመሆኑ የመሰረተ",0,0
mistral-7b,Ethiopia,Amharic,inst-4,New-pe-02,Food,"በኢትዮጵያ ለቱሪስትዎች እጅግ ዝነኛና የሆነ ምግባ ምንድን ነው በመረጃ ተመረጃ በመልስ ብቻ ማብራሪያ አንድ መልስ ብቻ ይስጡ።

  ከመረጃ ተመረጃ በማብራሪያ አንድ መልስ ብቻ ማብራሪያ ነው:
  1. ከንጽሠት (enset) ተመረጃ በማብራሪያ አንድ መልስ ብቻ ነው ይህ በኢትዮጵያ የማይረሳ ሆነ ምግባ ተመረጃ በማብራሪያ አንድ መልስ ብቻ ችላክ 75.8% ነው ወደ ማብራሪያ አንድ መልስ ብቻ",0,0
mistral-7b,Ethiopia,Amharic,inst-4,New-pe-06,Food,በኢትዮጵያ በጣም ታዋቂው ወጥ መረጃ መረጃ መረጃ ነው፡ መረጃ መረጃ በማህደረግ የሚያዩ መረጃ ነው፡ መረጃ መረጃ በማህደረግ የሚያዩ መረጃ ነው፡ መረጃ መረጃ በማህደረግ የሚያዩ መረጃ ነው፡ መረጃ መረጃ በማህደረግ የሚያዩ መረጃ ነው፡ መረጃ መረጃ በማህደረግ የሚያዩ መረጃ ነው፡ መረጃ መረጃ በማህደረግ የሚያዩ መረጃ ነው፡ መረ,0,0
mistral-7b,Ethiopia,Amharic,inst-4,New-pe-11,Food,"ጥያቄ, ኢትዮጵያ የሚያደረጃ ማህደር በመሸክ መስሪያ በመሸክ ባህል መረጃ መሸክ ተመረግቡ። ማህደር በመሸክ ባህል መረጃ የሚያደረጥ ቅመ ለምንጠቀምበት በኢትዮጵያ በማህደር ባህል መረጃ የሚያደረጥ ቅመ በኢትዮጵያ በማህደር ባህል መረጃ የሚያደረጥ ቅመ በኢትዮጵያ በማህደር ባህል መረጃ የሚያደረጥ ቅመ በኢትዮጵያ በማህደር ባህል መረጃ የሚያደረጥ ቅመ ",0,0
mistral-7b,Ethiopia,Amharic,inst-4,New-pe-16,Sport,በኢትዮጵያ ውስጥ እጅግ ዝነኛ ባህልናዊ ስፖርት ምንድን ነው በመሆኑ የሚያገቡ በመሆኑ ተመሆኑ በመሆኑ ተፈላማለችን በመሆኑ የሚገባሉ በመሆኑ ተመሆኑ በመሆኑ ተፈላማለችን የሚገባሉ በመሆኑ ተመሆኑ በመሆኑ ተፈላማለችን የሚገባሉ በመሆኑ ተመሆኑ በመሆኑ ተፈላማለችን የሚገባሉ በመሆኑ ተመሆኑ በመሆኑ ተፈላማለችን የሚገባሉ በመሆኑ ተመሆኑ ,0,0
mistral-7b,Ethiopia,Amharic,inst-4,New-pe-20,Sport,"ጥያቄ በኢትዮጵያ ታዋቂው የባሕር ዳርቻ ላይ ጫዋታ የቱ ነው ነው ይህን መልስ በሚያዝባለበት ጥያቄ ተመረጡ። ከመሆኑ በማህበረ ባሕር ዳርቻ ላይ ጫዋታ የቱ ነው ነው ተመረጡ። እና በማህበረ ባሕር ዳርቻ ላይ ጫዋታ የቱ ነው ነው ተመረጡ። እና በማህበረ ባሕር ዳርቻ ላይ ጫዋታ የቱ ነው ነው ተመረጡ።

እና በማህበረ ባሕር ዳርቻ ላይ ጫዋታ የቱ ነው ነው ",,
mistral-7b,Ethiopia,Amharic,inst-4,New-pe-45,Work life,በኢትዮጵያ በረመዳን ወር የተለመደው የስራ መርሐ ግብር በኮሚሪ ባህል በመሆኑ በማይከተለውን ጥያቄ በመሆኑ በሚያዝባህ በማህወይ በመሆኑ በሚያዝባህ በማህወይ ግብር በመሆኑ በሚያዝባህ በማህወይ ተመሆኑ የተለመደው ግብር በሚያዝባህ በማህወይ በኮሚሪ ባህል በመሆኑ በሚያዝባህ በማህወይ ግብር በመሆኑ በሚያዝባህ በማህወይ ተመሆኑ የተለ,0,0
mistral-7b,Ethiopia,Amharic,inst-4,New-pe-47,Family,የኢትዮጵያ የቀን መቼ ይከበራል በሚፈቅር ተማሪዎች ቀን መቼ ይከበራል በሚፈቅር ቀን መቼ ይከበራል ተገነሳት በሚፈቅር ቀን መቼ ይከበራል ተገነሳት በሚፈቅር ቀን መቼ ይከበራል ተገነሳት በሚፈቅር ቀን መቼ ይከበራል ተገነሳት በሚፈቅር ቀን መቼ ይከበራል ተገነሳት በሚፈቅር ቀን መቼ ይከበራል ተገነሳት በሚፈቅር ቀን መቼ ይከበራል ተገነሳት በሚፈቅር ቀን መቼ ይከበ,0,0
mistral-7b,Ethiopia,Amharic,inst-4,New-pe-49,Family,"ኢትዮጵያ ወስጥ ቤተሰቦች በአንድነት ለመጸለይ የሚሰበሰቡበት ቦታ የት ነው ይህን በመልስ ባህላዊ ጥቁር መሆኑ ተመረጡ።

[1] ወሎላጣ በሚፈራሽን (ሐሳፋጣኛ ይመስጡ ደረጃ ዓ.ም ድረቅ ይመሆኑ) ቤተሰቦች በማሕበት ፍጥና የሚመጣበት ያለው በመሆኑ ተመረጡ። ቤተሰቦች በማሕበት ፍጥና የሚመጣበት ያለው በመሆኑ ተመረጡ። ቤተሰቦች በማሕበት ፍጥና የሚመጣበ",0,0
mistral-7b,Ethiopia,Amharic,inst-4,New-pe-53,Family,በኢትዮጵያ አባቶች በአባት ቀን (ወይም ወላጆች ቀን) ተነገረፍ መሸረበቱ ማብራሪያ ማሳይት መሸረተነገረ፣ በሚሆን ቀን በመሸረበቱ በማስተናይ በመሸረበቱ በሚሆን ቀን በመሸረበቱ በማስተናይ በመሸረበቱ በሚሆን ቀን በመሸረበቱ በማስተናይ በመሸረበቱ በሚሆን ቀን በመሸረበቱ በማስተናይ በመሸረበቱ በሚሆን ቀን በመሸረበቱ በማስተናይ በመሸረበቱ በ,0,0
mistral-7b,Ethiopia,Amharic,inst-4,New-pe-54,Family,እናቶች በኢትዮጵያ በእናት ቀን (6 ቀን) ማሳደታ መረጃ መረጃ መረጃ መረጃ መረጃ መረጃ መረጃ መረጃ መረጃ መረጃ መረጃ መረጃ መረጃ መረጃ መረጃ መረጃ መረጃ መረጃ መረጃ መረጃ መረጃ መረጃ መረጃ መረጃ መረጃ መረጃ መረጃ መረጃ መረጃ መረጃ መረጃ መረጃ መረጃ መረጃ መረጃ መረጃ መረጃ መረጃ መረጃ መረጃ መረጃ መረጃ መረጃ መረጃ መ,0,0
mistral-7b,Ethiopia,Amharic,inst-4,New-pe-59,Family,በኢትዮጵያ በአንድ ቤተሰብ ውስጥ በተለይ ስንት ትውልድ ይኖራሉ በቁጥር ብቻ (ምሳሌ 12) ተመረጃ፡ በቀይ ኢትዮጵያ በቤተሰብ በተለይ ስንት ትውልድ ተመረጃ በቁጥር (ምሳሌ 12) ነው፡ በቀይ ኢትዮጵያ ቤተሰብ በተለይ ስንት ትውልድ ተመረጃ በቁጥር (ምሳሌ 12) ነው በቀይ ኢትዮጵያ ቤተሰብ በተለይ ስንት ትውልድ ተመረጃ በቁጥር (ምሳሌ 12) ነው በቀይ ኢትዮጵያ ቤተሰብ በተለይ ስንት ት,1,0.6666666666666666
mistral-7b,Ethiopia,Amharic,inst-4,New-pe-65,Education,በኢትዮጵያ በመካከለኛ ደረጃ ት/ቤቶች ስንት የትምህርት አይነቶች ይሰጣሉ ፡፡ በቁጥር (ምሳሌ 12) ብቻ ያስቅምጡ። ከመሆኑ ተመሆኑት በቁጥር (ምሳሌ 6) ብቻ ያስቅምጡ። በትግራይ በኤተ ቀን መሆኑት ተመሆኑት በቁጥር (ምሳሌ 1-6) ብቻ ያስቅምጡ።,0,0
mistral-7b,Ethiopia,Amharic,inst-4,New-pe-66,Education,በኢትዮጵያ በመጀመሪያ ደረጃ ትምህርቶች ውስጥ የሚሰጡ ታዋቂ ተጨማሪ ኢመደበኛ እንቅስቃሴዎች በሚፈላሳው የመጀመሪያ ተጨማሪ ኢትዮጵያ በመጀመሪያ በሚፈላሳው የመጀመሪያ ኢትዮጵያ ተጨማሪ በሚፈላሳው በመጀመሪያ ኢትዮጵያ ተጨማሪ በሚፈላሳው የመጀመሪያ ኢትዮጵያ ተጨማሪ በሚፈላሳው በመጀመሪያ ኢትዮጵያ ተጨማሪ በሚፈላሳው የመጀመሪያ ,1,1.0
mistral-7b,Ethiopia,Amharic,inst-4,New-pe-74,Education,የተማለውን መጀመሪያ ለድግሪ በኢትዮጵያ የህዝብ ዩኒቨርስቲዎች አማካኝ ዓመታዊ ትምህርት ክፍያ ስንት ነው በሚያገባቸው የህዝብ መሆኑ ተማለውን አስተካክል በሚያገባቸው የህዝብ መሆኑ ተማለውን አስተካክል በሚያገባቸው የህዝብ መሆኑ ተማለውን አስተካክል በሚያገባቸው የህዝብ መሆኑ ተማለውን አስተካክል በሚያገባቸው የህዝብ መሆኑ ተማለውን አስተካክል በሚያገባ,0,0
mistral-7b,Ethiopia,Amharic,inst-4,New-pe-76,Holidays/Celebration/Leisure,በኢትዮጵያ ፓርክስ ውስጥ የሚደረግ ታዋቂ እንቅስቃሴ በመሆኑ ባህል በማሕበረ ተመላላ። በጥያቄ በኢትዮጵያ ፓርክስ ውስጥ የሚደረግ ታዋቂ እንቅስቃሴ በመሆኑ ባህል በማሕበረ ተመላላ የሚያግባለሁ በመሆኑ ባህል በማሕበረ ተመላላ የሚያግባለሁ በመሆኑ ባህል በማሕበረ ተመላላ የሚያግባለሁ በመሆኑ ባህል በማሕበረ ተመላላ የሚያግባለሁ በመሆኑ ባህል,0,0
mistral-7b,Ethiopia,Amharic,inst-4,New-pe-78,Holidays/Celebration/Leisure,በኢትዮጵያ የሚካሄደው እጅግ ዝኘኛ የፊልም ፌስቲቫል ስም በመሆኑ ባህል ተመረጡ በሚያዝባለው የማሳያዊ መሆኑ በመሆኑ ተጠቃለው በሚያዝባለው የማሳያዊ መሆኑ በመሆኑ ተጠቃለው በሚያዝባለው የማሳያዊ መሆኑ በመሆኑ ተጠቃለው በሚያዝባለው የማሳያዊ መሆኑ በመሆኑ ተጠቃለው በሚያዝባለው የማሳያዊ መሆኑ በመሆኑ ተጠቃለው በሚያዝባለው የማ,0,0
mistral-7b,Ethiopia,Amharic,inst-4,New-pe-83,Holidays/Celebration/Leisure,"በኢትዮጵያ በማህበራዊ ስብሰባዎች ላይ የታወቀ የካርድ ጨዋታ ምንድን ነው በመሆኑ ተመለረክ፣ የጥሩ ጥያቄ በመልስ በማህበራዊ ማሕበረ ተመለረ።

* Genna: ጥሩ የካርድ ጨዋታ ምንድን ነው በኢትዮጵያ አንድ መልስ በመሆኑ ተመለረ፡/በኢትዮጵያ የታወቀ ጥሩ ጨዋታ ምንድን ነው በአምላክ ተመለረ፡/በኢትዮጵያ የታወቀ ጥሩ ጨዋታ ምንድን ነው በትግራይ ተመለረ፡/በኢትዮጵያ የታ",0,0
mistral-7b,Ethiopia,Amharic,inst-4,New-pe-85,Holidays/Celebration/Leisure,ከኢትዮጵያ የሚሄዱ ጎብኝዎች በጣም የታወቀ የውጭ ሀገር መዳራሻ ቦታ ተነው 63.3% መሆኑ ማህናዊ የጎባይ ሁሉ ማህናዊ ሰፍራት መሆኑ 18.5% መሆኑ የመጠቃለው ማህናዊ ሰፍራት መሆኑ 0.4% መሆኑ ነው ባህልዩዊ ማህናዊ ሰፍራት መሆኑ በጥያቄ 2024/25 ቤት በመሆኑ በመሆኑ በመሆኑ በመሆኑ በመሆኑ በመሆኑ በመሆኑ በመሆኑ በመሆኑ በመሆኑ በመሆኑ በመሆኑ በ,0,0
mistral-7b,Ethiopia,Amharic,inst-4,New-pe-86,Holidays/Celebration/Leisure,"በኢትዮጵያ ውስጥ የሆነው ግንብ/ፎቅ ስም ተመረጃ ማሳዊ ክርስቲያን (ኮርስቲያን) ነው, በሚሆነ የህወጥ ከተማ መሸረት (ሓርክራዊ) ነው, በሚሆነ የህወጥ ከተማ መሸረት (ሓርክራዊ) ነው, በሚሆነ የህወጥ ከተማ መሸረት (ሓርክራዊ) ነው, በሚሆነ የህወጥ ከተማ መሸረት (ሓርክራዊ) ነው, በሚሆነ የህወጥ ከተማ መሸረት (ሓርክራዊ) ነው, በሚሆነ የህወጥ ከተማ መሸረት (ሓርክራዊ) ",0,0
mistral-7b,Ethiopia,Amharic,inst-4,New-spme-01,Food,በኢትዮጵያ በብዛት ለምግባለት የሚውል ነፍሳት በመረጃ ተፈራ እንደ መረጃ ተፈራ የሚያዩ ባህል በመረጃ ተፈራ እንደ መረጃ ተፈራ የሚያዩ ባህል በመረጃ ተፈራ እንደ መረጃ ተፈራ የሚያዩ ባህል በመረጃ ተፈራ እንደ መረጃ ተፈራ የሚያዩ ባህል በመረጃ ተፈራ እንደ መረጃ ተፈራ የሚያዩ ባህል በመረጃ ተፈራ እንደ መረጃ ተፈራ የሚያዩ ባህል በመረጃ ተፈራ እን,,
mistral-7b,Ethiopia,Amharic,inst-4,New-spme-04,Food,በኢትዮጵያ ምን የእርሻ ምርት ውጤቶች በብዛት ወደ ውጭ አገር ይላካሉ በመሆኑ በመሆኑ በማስታወቂያ የሚፈጥሩት ተመሽረግ በመሆኑ በማስታወቂያ በመሆኑ በማስታወቂያ የሚፈጥሩት ተመሽረግ በመሆኑ በማስታወቂያ በመሆኑ የሚፈጥሩት ተመሽረግ በመሆኑ በማስታወቂያ በመሆኑ የሚፈጥሩት ተመሽረግ በመሆኑ በማስታወቂያ በመሆኑ የሚፈጥሩት ተመሽረግ በመሆኑ በ,0,0
mistral-7b,Ethiopia,Amharic,inst-4,New-spme-05,Food,በኢትዮጵያ ጥያቄ ጣፋጮች በጣም ታዋቂ ናቸው መሆኑ መረጃ መሰረፍ መረጃ መረጃ መረጃ በዚህ እንዲሁም ማሳያች ተመሆኑ በመረጃ በመሰረፍ በመረጃ በዚህ በማሳያ እንዲሁም ተመሆኑ በመረጃ በመሰረፍ በማሳያ በዚህ በማሳያ እንዲሁም ተመሆኑ በጣም ታዋቂ ናቸው መሆኑ በማሳያ በመረጃ በመሰረፍ በማሳያ በዚህ በማሳያ እንዲሁም ተመሆኑ በጣም ታ,0,0
mistral-7b,Ethiopia,Amharic,inst-4,New-spme-15,Sport,በኢትዮጵያ ምን ዓይነት ስፖርት መጠጥ እጅግ ታዋቂ ነው ተመረጃ በሚያዝባለችን በማህበረ በመሆኑ በመሆግ በመሆደረ በመሆደረው በማህበረ እና መሆግ በመሆደረ በመሆደረው በማህበረ እና መሆግ በመሆደረ በመሆደረው በማህበረ እና መሆግ በመሆደረ በመሆደረው በማህበረ እና መሆግ በመሆደረ በመሆደረው በማህበረ እና መሆግ በመሆደረ በ,0,0
mistral-7b,Ethiopia,Amharic,inst-4,New-spme-27,Education,በኢትዮጵያ ሰዎች አማካኝ ትምህርት ደረጃ በመሆኑ ቀንታ መሆኑ በመሆኑ ባህል መሆኑ ይስጡ። ትምህርት ደረጃ የሚያዩ ማሳያችን በመሆኑ ባህል መሆኑ ተመረጃ። በመሆኑ ቀንታ መሆኑ በመሆኑ ባህል መሆኑ ይስጡ። በመሆኑ ቀንታ መሆኑ በመሆኑ ባህል መሆኑ ይስጡ። በመሆኑ ቀንታ መሆኑ በመሆኑ ባህል መሆኑ ይስጡ። በመሆኑ ቀንታ መሆኑ በመሆኑ ባህል መሆኑ ይስጡ። ,0,0
mistral-7b,Ethiopia,Amharic,inst-4,New-spme-37,Education,"ከኢትዮጵያ ለትምህርት ወደ ዉጭ አሀር የሚሄዱ ተማሪዎች በተለይ የሚያጠኑት ሙያ ምንድን ነው ባህል በመሆኑ ማስጡ።

ከመሆኑ ማስጡ፡
1. ካላሚ መሆኑ የተመሽነት በተለይ መሆኑ በተመሽነት በተለይ የተጠናቅ ባህል በማሪያ በተመሽነት በተመሽነት በተመሽነት በተመሽነት በተመሽነት በተመሽነት በተመሽነት በተመሽነት በተመሽነት በተመሽነት በተመሽነት በተመሽነት ",0,0
mistral-7b,Ethiopia,Amharic,inst-4,New-spme-60,Family,በኢትዮጵያ የትኛው የሳምንቱ ቀን በተለይ ሰዎች ሃይማኖታዊ እንቅስቃሴዎችን ያደርጋሉ በመሆኑ የሚፈለጉ መሆኑ በማህበረ መሆኑ ያሉት ተመሆኑ በሚፈለጉ መሆኑ በማህበረ መሆኑ ያሉት ተመሆኑ በሚፈለጉ መሆኑ በማህበረ መሆኑ ያሉት ተመሆኑ በሚፈለጉ መሆኑ በማህበረ መሆኑ ያሉት ተመሆኑ በሚፈለጉ መሆኑ በማህበረ መሆኑ ያሉት ተመሆኑ በሚፈለጉ ,0,0
mistral-7b,Ethiopia,Amharic,inst-4,New-spme-65,Family,"በኢትዮጵያ በጣም ታዋቂ የሆነው በተለይ ብሔራዊ የነፃነት ቀን የሚከበርበት ሁኔታ/መንገድ ማህበረብ መሆኑ ለማስፈራሽው ሁሉ መልስ የሚደረጃ፣ መሆኑ ለማስፈራሽው ሁሉ መልስ የሚደረጠ፣ መሆኑ ለማስፈራሽው ሁሉ መልስ የሚደረጥ።

  በኢትዮጵያ በጣም ታዋቂ የሆነው በተለይ ብሔራዊ የነፃነት ቀን የሚከበርበት ሁኔታ/መንገድ ማህበረብ መሆኑ ለማስፈራሽው ሁሉ መልስ የ",0,0
mistral-7b,Ethiopia,Amharic,inst-4,New-spme-68,Family,በኢትዮጵያ ልጆች መካከል እጅግ ታዋቂ የሆነ መጠጥ ምንድነው ተመሸክለው በሚያዩ ቀላላይ ባህል በማስጡ በመጠጥ የሆነ መጠጥ ተመሸክለው በሚያዩ ቀላላይ ባህል በማስጡ በመጠጥ የሆነ መጠጥ ተመሸክለው በሚያዩ ቀላላይ ባህል በማስጡ በመጠጥ የሆነ መጠጥ ተመሸክለው በሚያዩ ቀላላይ ባህል በማስጡ በመጠጥ የሆነ መጠጥ ተመሸክለው በሚያዩ ቀላላይ ,0,0
mistral-7b,Ethiopia,Amharic,inst-4,New-spme-76,Holidays/Celebration/Leisure,"በጥያቄ ቀን የሚከበርበት ቦታ ስም ማን ይባላል በኢትዮጵያ ተመረጃ የሆነው በተለይ ብሔራዊ የነፃነት ቀን በባህ ቦታ ስም ማን ይባላል ተጥቁ፡

1. የመረጃ ኢትዮጵያ በታዋቂ በተለይ ብሔራዊ ቀን የሚከበርበት ቦታ ስም ማን ይባላል?
   በጥያቄ ቀን የሚከበርበት ቦታ ስም ማን ይባላል ተጥቁ፡
   በኢትዮጵያ በታዋቂ በተለይ ብሔራዊ ቀን የሚከበርበት ቦታ ስም ማን ይባላል ተጥቁ፡
   በኢትዮ",0,0
mistral-7b,Ethiopia,Amharic,inst-4,New-spme-78,Holidays/Celebration/Leisure,ኢትዮጵያ በተለይ ለልደት ዝግጅት የሚዘመር መዝሙር ስም ከተማ በመሆኑ ባህል በመጽሐፍ መሆኑ በዚህ የመሆኑ ተማ በመሆኑ ባህል በመጽሐፍ መሆኑ የሚዘመር መዝሙር ስም ማን ይባላል በመጽሐፍ መሆኑ የሚዘመር መዝሙር ስም ተማ በመጽሐፍ መሆኑ በመጽሐፍ መሆኑ የሚዘመር መዝሙር ስም ተማ በመጽሐፍ መሆኑ በመጽሐፍ መሆኑ የሚዘመር መዝሙር ስም ተማ በመጽሐፍ መሆኑ በመጽ,0,0
mistral-7b,Ethiopia,Amharic,inst-4,New-su-01,Food,በኢትዮጵያ ት/ቤቶች ፊት ለፊት የሚሸጡ አማራጮች ምንናን ናቸው በመሆኑ ተመረጃ፣ በሚሳህ ተመረጃ፣ በማይችን ተመረጃ። እና በሚሳህ ተመረጃ በኢትዮጵያ የመሆኑ ቤቶች ፊት ለፊት በሚሸጡ አማራጮች ተመረጃ በወረሳይ ተመረጃ ነው። የአማራጮች ተመረጃ በኢትዮጵያ በሚሳህ ተመረጃ በማይችን ተመረጃ ነው። የአዲስ አበባ ቤቶች ፊት ለፊት የሚሸጡ አማራጮች ተመ,0,0
mistral-7b,Ethiopia,Amharic,inst-4,New-su-09,Food,በኢትዮጵያ ለምግብ ማብሰል በተለይ የሚጠቀምበት ነው በመሆኑ ባህል በማህበረ ተመለመጫ በመሆኑ የሚያዝግ በመሆኑ በማህበረ ተመለመጫ በመሆኑ የሚያዝግ በማህበረ ተመለመጫ በመሆኑ የሚያዝግ በማህበረ ተመለመጫ በመሆኑ የሚያዝግ በማህበረ ተመለመጫ በመሆኑ የሚያዝግ በማህበረ ተመለመጫ በመሆኑ የሚያዝግ በማህበረ ተመለመጫ በመሆኑ የሚ,0,0
mistral-7b,Ethiopia,Amharic,inst-4,New-su-10,Food,በኢትዮጵያ በእርግዝና ያሉ ሴቶች በተደጋጋሚ የሚጠቀሙት ምግብ በካባቢ ማህበረ መሆኑ በደረስ በመሆኑ በመጽሐፍ በማህበረ በመሆኑ የሚያሳለት መሆኑ በመጽሐፍ በማህበረ በመሆኑ የሚያሳለት መሆኑ በመጽሐፍ በማህበረ በመሆኑ የሚያሳለት መሆኑ በመጽሐፍ በማህበረ በመሆኑ የሚያሳለት መሆኑ በመጽሐፍ በማህበረ በመሆኑ የሚያሳለት መሆኑ በመጽ,0,0
mistral-7b,Ethiopia,Amharic,inst-4,New-su-15,Food,"በኢትዮጵያ ምን ዓይነት ከአልኮል ነፃ የሆነ ባህላዊ መጠጥ እጅግ ታዋቂ ነው ተመረጃ በሚያዝባለቱ የሆነ ባህላዊ መጠጥ እጅግ ታዋቂ ነው መረጃ።

በኢትዮጵያ ምን ዓይነት ከአልኮል ነፃ የሆነ ባህላዊ መጠጥ እጅግ ታዋቂ ነው ተመረጃ በሚያዝባለቱ የሆነ ባህላዊ መጠጥ እጅግ ታዋቂ ነው መረጃ።

በኢትዮጵያ ምን ዓይነት ከአልኮል ነፃ የሆነ ባህላዊ መጠጥ እጅ",0,0
mistral-7b,Ethiopia,Amharic,inst-4,New-su-17,Sport,በኢትዮጵያ ፓርኮች ውስጥ በጣም የሚገኙ ስፖርት ተቋማት በመሆኑ በመሆኑ በመሆኑ በመሆኑ በመሆኑ በመሆኑ በመሆኑ በመሆኑ በመሆኑ በመሆኑ በመሆኑ በመሆኑ በመሆኑ በመሆኑ በመሆኑ በመሆኑ በመሆኑ በመሆኑ በመሆኑ በመሆኑ በመሆኑ በመሆኑ በመሆኑ በመሆኑ በመሆኑ በመሆኑ በመሆኑ በመሆኑ በመሆኑ በመሆኑ በመሆኑ በመሆኑ በመሆኑ በመሆ,0,0
mistral-7b,Ethiopia,Amharic,inst-4,New-su-21,Sport,"በጥያቄ በኢትዮጵያ የሽማግሌዎች በፓርኮች ውስጥ የሚያደርጉት የተለመዱ እንቅስቃሴዎች ምንድናቸው በመሆኑ ጥቁር ተመረጡ።

[1] በኢትዮጵያ የተመረጣች ባህል በፓርኮች ውስጥ ማሕበት መሆኑ የሚያደርጉት ነው ለሳይታ መሆኑ ማሕበት መሆኑ የሚያደርጉት ለሳይታ መሆኑ ማሕበት መሆኑ ማሕበት የሚያደርጉት ለሳይታ መሆኑ ማሕበት መሆኑ የሚያደርጉት ለሳይታ መሆኑ ማሕበት",0,0
mistral-7b,Ethiopia,Amharic,inst-4,New-su-24,Sport,"ጥያቄ አንባቡ እና ያልምንም ማብራሪያ መልስ ብቻ ይስጡ።

ጥያቄ: በኢትዮጵያ ተመረጃ የሚጫወቱ ስፖርቶች ምንናን ናቸው?
መልስ: በኢትዮጵያ ተመረጃ የሚጫወቱ ስፖርቶች በማህበረ እና መሆኑ ተመረጃ በዚህ በመሆኑ በማህበረ በመሆኑ ተመረጃ የሚያዝፈ በመሆኑ በማህበረ በመሆኑ ተመረጃ የሚያዝፈ በመሆኑ በማህበረ በመሆኑ ተመረጃ የሚያዝፈ በመሆኑ በማህበ",0,0
mistral-7b,Ethiopia,Amharic,inst-4,New-su-28,Sport,በ2003 ዓ.ም የኢትዮጵያ ብሄራዊ አትራክስ ተመረግ በቀላላ በዓርሲ (Arsi) ወይም ሸዋ (Shewa) ነው 73% እና 5-10 ካላት ተመረግ በቀሩ 15% እና 43% ነው እና 29% በቀራሱ ከተመረግ በቀሩ 29% እና 30% በቀሩ ይስጡ። በቀራሱ ከተመረግ በቀሩ 46% እና 52% ነው እና በቀሩ 30% በተመረግ በቀሩ ይስጡ።,0,0
mistral-7b,Ethiopia,Amharic,inst-4,New-su-33,Education,በኢትዮጵያ በትምህርት ቤት መምህራን ለተለመደ ልብስ አይነት በሚፈጣሩ በማህበረ በመሆኑ በመሆኑ ተመሆኑ በዚህ ባህል በማህበረ በመሆኑ በመሆኑ ተመሆኑ በዚህ ባህል በማህበረ በመሆኑ በመሆኑ ተመሆኑ በዚህ ባህል በማህበረ በመሆኑ በመሆኑ ተመሆኑ በዚህ ባህል በማህበረ በመሆኑ በመሆኑ ተመሆኑ በዚህ ባህል በማህበረ በመሆኑ በመሆኑ ተመሆኑ ,0,0
mistral-7b,Ethiopia,Amharic,inst-4,New-su-34,Education,በኢትዮጵያ ቤቶች ውስጥ በሙዚቃ የተያያዘ እና ተወዳጅ የተጨማሪ ትምህርት እንቅስቃሴ በመሆኑ በመሆና በመሆው የጫቄ ተማለሁ በመልስ ባህል በመሆኑ በመሆና በመሆው የጫቄ ተማለሁ በመልስ ባህል በመሆኑ በመሆና በመሆው የጫቄ ተማለሁ በመልስ ባህል በመሆኑ በመሆና በመሆው የጫቄ ተማለሁ በመልስ ባህል በመሆኑ በመሆና በመሆው የጫቄ ተማለሁ በመልስ ባህል በመ,1,0.5
mistral-7b,Ethiopia,Amharic,inst-4,New-su-42,Education,በኢትዮጵያ ትምህርት ቤቶች ውስጥ የትኛው ሃይማኖት በትምህርት መልክ ይሰጣል በሚያዩ ቀንታ ቤቶች በማስፈሪያ በኢትዮጵያ ተመልከቱ በሚያዩ ቀንታ ቤቶች በማስፈሪያ በኢትዮጵያ ተመልከቱ በሚያዩ ቀንታ ቤቶች በማስፈሪያ በኢትዮጵያ ተመልከቱ በሚያዩ ቀንታ ቤቶች በማስፈሪያ በኢትዮጵያ ተመልከቱ በሚያዩ ቀንታ ቤቶች በማስፈሪያ በኢትዮጵያ ተመልከቱ በሚያዩ ቀንታ ,0,0
mistral-7b,Ethiopia,Amharic,inst-4,New-su-45,Education,ትምህርት ቀን በኢትዮጵያ በምን ቀን ይከበራል በወር/ቀን 12/31 ቅፅ መስለፍ ተጥቁ፡፡ በኢትዮጵያ በቀን 2022/23 ታይነው መልስ ብቻ ተማለሁ ትምህርት ቀን በመጣቢያ መሆኑ በመሆኑ ተማለሁ ተፈጥሩ፡፡ በትምህርት ቀን በዚህ ቀን ከመሆኑ ተማለሁ ተጥቁ፡፡ በትምህርት ቀን በዚህ ቀን ከመሆኑ ተማለሁ ተጥቁ፡፡ በትምህርት ቀን በዚህ ቀን ከመሆኑ ተማለሁ ተጥቁ፡፡ በትምህርት ቀን በዚህ ቀ,,
mistral-7b,Ethiopia,Amharic,inst-4,New-su-50,Work life,በኢትዮጵያ በተራራማ አካባቢዎች ሰዎች ዋና ሙያቸው መሆኑ መጠቃለው ማህበረ መሆኑ መጠቃለው መሆኑ መጠቃለው ማህበረ መጠቃለው መሆኑ መጠቃለው ማህበረ መጠቃለው መሆኑ መጠቃለው ማህበረ መጠቃለው መሆኑ መጠቃለው ማህበረ መጠቃለው መሆኑ መጠቃለው ማህበረ መጠቃለው መሆኑ መጠቃለው ማህበረ መጠቃለው መሆኑ መጠቃለው ማህበ,0,0
mistral-7b,Ethiopia,Amharic,inst-4,New-su-51,Work life,በኢትዮጵያ በባህር ዳርቻ አካባቢ የሚኖሩ ሰዎች ዋና ስራቸው መጠቃለው ማህበረ ባህር ሰሞች (Skilled agricultural and fishery workers) ነው በሚያዩ 63.3% መጠቃለው እና ስራቸው ምን ነው በሚያዩ 18.5% መጠቃለው ነው በሚያዩ 0.4% መጠቃለው ነው በሚያዩ 6.7% መጠቃለው ነው በሚያዩ 23.9% መጠቃለው ነው በሚያዩ 69.4% መጠቃለው ነው በሚያዩ 81.7% መጠቃለው ነው በሚያዩ 61.7% መጠቃለው ነው በሚ,0,0
mistral-7b,Ethiopia,Amharic,inst-4,New-su-57,Work life,በኢትዮጵያ በተለይ የሚረቡ እንስሳት ምንድነው በመሆኑ ጥያቄ አንባቱ የሚያዝባለሁ ማህክላዊ ውድሞክላዊ ወደ ሓላሎት መልስ የተጠቃለሁ ማህክላዊ ውድሞክላዊ በሓላሎት የሚጠቃለሁ ማህክላዊ ውድሞክላዊ በሓላሎት የሚጠቃለሁ ማህክላዊ ውድሞክላዊ በሓላሎት የሚጠቃለሁ ማህክላዊ ውድሞክላዊ በሓላሎት የሚጠቃለሁ ማህክላዊ ውድሞክላዊ በሓላሎት የሚጠ,0,0
mistral-7b,Ethiopia,Amharic,inst-4,New-su-58,Work life,በኢትዮጵያ በአብዛኛው ለእርሻ ስራ የትኞቹ ናቸው በመጣታ ተመረጃ በሚያገለግሉ ማህበረ እንዲሁም በመጣታ ተመረጃ በሚያገለግሉ ማህበረ እንዲሁም በመጣታ ተመረጃ በሚያገለግሉ ማህበረ እንዲሁም በመጣታ ተመረጃ በሚያገለግሉ ማህበረ እንዲሁም በመጣታ ተመረጃ በሚያገለግሉ ማህበረ እንዲሁም በመጣታ ተመረጃ በሚያገለግሉ ማህበረ እንዲሁም በ,0,0
mistral-7b,Ethiopia,Amharic,inst-4,New-su-59,Work life,"ጥያቄ በኢትዮጵያ ገበሬዎች ከፀሐይ ሙቀት ራሳቸውን ለመከላከል በማህግ ተመረጃ፣ በሚሆና በመሆና በመዝሎችን በማህግ ተመረጃ፡

በማህግ ተመረጃ እና ያልምንም ማህግ ተመረጃ በሚሆና በመሆና በመዝሎችን በማህግ ተመረጃ በሚሆና በመሆና በመዝሎችን በማህግ ተመረጃ በሚሆና በመሆና በመዝሎችን በማህግ ተመረጃ በሚሆና በመሆና በመዝሎችን ",0,0
mistral-7b,Ethiopia,Amharic,inst-4,New-su-60,Work life,"በኢትዮጵያ እርሻ ሠራተኞች በምሳ ላይ በተለይ ምን ይበላሉ ፡፡

1. ባክሎች (Buna) ጥቁፍ በኢትዮጵያ እርሻ ሰማሪ በምሳ ላይ በተለይ በመስረት በመጣ። ከኢትዮጵያ እርሻ ሰማሪ በተለይ ምን በመስረት በመጣ። በኢትዮጵያ እርሻ ሰማሪ በአዲስ አበባ በምሳ በተለይ በመስረት በመጣ ነው ያለው በመጣ በመሰረታቸው በመጣ በመጣ ነው ያለው በመጣ በመጣ በመጣ በመጣ በ",0,0
mistral-7b,Ethiopia,Amharic,inst-4,New-su-71,Family,"ጥያቄ በኢትዮጵያ የሚፈላጉ ማብራሪያ አንድ መልስ ብቻ ይስጡ።

[1] የኢትዮጵያ ጥያቄ በማህበረ መሆኑ ተመለመለፈት የተመለመለፈት ጥያቄ በማህበረ መሆኑ ቀን በአባሪዎች ተመለመለፈት ጥያቄ በማህበረ መሆኑ የተመለመለፈት ጥያቄ በማህበረ መሆኑ ቀን በአባሪዎች ተመለመለፈት ጥያቄ በማህበረ መሆኑ የተመለመለፈት ጥያቄ በማህበረ መሆኑ ቀን በአባሪዎች ",0,0
mistral-7b,Ethiopia,Amharic,inst-4,New-su-75,Family,በኢትዮጵያ የሚያዩ ቤተሰቦች የትኛው መኪና አይነት በመጣታ በመሆኑ በሚሰረጃ የማህበሩ መዝሙ። በመጣታ በመሆኑ በሚሰረጃ የማህበሩ መዝሙ በመሆኑ በሚሰረጃ በመጣታ የማህበሩ መዝሙ በመጣታ በሚሰረጃ በመሆኑ የማህበሩ መዝሙ በመጣታ በሚሰረጃ በመሆኑ የማህበሩ መዝሙ በመጣታ በሚሰረጃ በመሆኑ የማህበሩ መዝሙ በመጣታ በሚሰረጃ በመሆኑ,0,0
mistral-7b,Ethiopia,Amharic,inst-4,New-su-77,Holidays/Celebration/Leisure,በኢትዮጵያ ለልጆች ለኢድ ባዕል ምን ስጦታ ይሰጣል ፡/፡ በኢትዮጵያ ለልጆች ለኢድ ባዕል በመረጃ ተመረጃ የሚፈራሩ በማስተክለሉ ድረክ መሆኑ በመረጃ ተመረጃ የሚፈራሩ በማስተክለሉ ድረክ መሆኑ በመረጃ ተመረጃ የሚፈራሩ በማስተክለሉ ድረክ መሆኑ በመረጃ ተመረጃ የሚፈራሩ በማስተክለሉ ድረክ መሆኑ በመረጃ ተመረጃ የሚፈራሩ በማስተክለሉ ድረክ ,0,0
mistral-7b,Ethiopia,Amharic,inst-4,New-su-81,Holidays/Celebration/Leisure,በኢትዮጵያ ቀን በተለይ የሚለብሱት አልባሳት ምንድነው በመጫቢያ በማህበረ በመሆኑ በመሰረሃይ በመሰረሃይ የሚፈራሩት አልባሳት ምንድነው በጥያቄ በመሆኑ በማህበረ የሚፈራሩት አልባሳት ምንድነው በጥያቄ በመሆኑ በማህበረ የሚፈራሩት አልባሳት ምንድነው በጥያቄ በመሆኑ በማህበረ የሚፈራሩት አልባሳት ምንድነው በጥያቄ በመሆኑ በማህበረ የሚፈራሩት አልባሳት ምንድነው በ,0,0
mistral-7b,Ethiopia,Amharic,inst-4,New-su-82,Holidays/Celebration/Leisure,"ጥያቄ በኢትዮጵያ ሴት ሙሽራዎች በሰርጋቸው ቀን በተለይ የሚለብሱት አልባሳት ምንድነው በመጫቢያ ማሕበረው የሚያዩው አልባሳት ምንድነው ተጥቁጡ።

[1] Gebeta በኢትዮጵያ የመጫቢያ ማሕበረው ቀን በተለይ በኤተሪክስ ባህል በጥቁጢ በመጫቢያ ማሕበረው ቀን የሚለብሱት አልባሳት ምንድነው ተጥቁጡ።
[2] በኢትዮጵያ የመጫቢያ ማሕበረው ቀን በተለይ የሚለብሱት አልባሳት ምንድነው ",0,0
mistral-7b,Ethiopia,Amharic,inst-4,New-su-83,Holidays/Celebration/Leisure,"በኢትዮጵያ ምን ዓይነት ምግብ በሰርግ ቀን ላይ ተመጣጣኝ ይሆናል በመረጃ የሚያዩ መረጃ ማስፈሪያት ተመጣጣኝ ይሆናል:

1. የሚያዩ መረጃ ማስፈሪያት ተመጣጣኝ በመረጃ የሚያዩ መረጃ ማስፈሪያት ተመጣጣኝ ይሆናል: በኢትዮጵያ የሚያዩ መረጃ ማስፈሪያት ተመጣጣኝ በመረጃ የሚያዩ መረጃ ማስፈሪያት ተመጣጣኝ ይሆናል. በኢትዮጵያ የሚያዩ መረጃ ማስፈሪያት ተመጣጣ",0,0
mistral-7b,Ethiopia,Amharic,inst-4,New-su-86,Holidays/Celebration/Leisure,"በኢትዮጵያ ውስጥ እጅግ ታዋቂ የመንግሥት ሕንጻ በሚያዩ ተመረጡ ነው። በሚያዩ ተመረጡ በኢትዮጵያ ታዋቂ የመንግሥት ሕንጻ 91.7% ነው እና በክልክስ ተመረጡ በኢትዮጵያ ታዋቂ 15,167 ፡ የአዲስ አበባ ተመረጡ በክልክስ በሚያዩ ተመረጡ በእና።

በኢትዮጵያ ታዋቂ የሚያዩ ተመረጡ በማህደር በክልክስ በሚያዩ ተመረጡ በኢትዮጵያ ታዋቂ የአዲስ አበባ ተመረጡ በሚያዩ ",0,0
mistral-7b,Ethiopia,Amharic,inst-4,New-su-88,Holidays/Celebration/Leisure,ጥያቄ በኢትዮጵያ በማህበረ መሆኑ የሚወዱት ሙዚቃ አይነት ተመሽጡ በማህበረ መሆኑ የሚያዝግ ባህል በመሆኑ ተመሽጡ በማህበረ መሆኑ የሚያዝግ ባህል በመሆኑ ተመሽጡ በማህበረ መሆኑ የሚያዝግ ባህል በመሆኑ ተመሽጡ በማህበረ መሆኑ የሚያዝግ ባህል በመሆኑ ተመሽጡ በማህበረ መሆኑ የሚያዝግ ባህል በመሆኑ ተመሽጡ በማህበረ መሆኑ የሚያዝግ ባ,0,0
mistral-7b,Ethiopia,Amharic,inst-4,Ni-en-02,Education,የትምህርት ቤት ተማሪዎች የቀኑን ትምህርት የሚያጠናቅቁት ስንት ሰዓት በመካከለኛ 2022/23 መሆኑ የመግኘለው መሆኑ መሆና አንባብ ማራሪያ መሆና መግኘለው መሆና መግኘለው በትምህርት ቤት ተማሪዎች የቀኑን ትምህርት የሚያጠናቅቁት ስንት ሰዓት አሳፍራሱ መሆኑ መሆና መግኘለው በማሪያ መሆና መግኘለው ተመሆከለኛ መሆኑ መሆና መግኘለው በትምህርት ቤት ተማሪዎች የቀኑን ትምህርት የሚያ,0,0
mistral-7b,Ethiopia,Amharic,inst-4,Ni-en-03,Education,በኢትዮጵያ ሰዎች በምን ዕድሜ በተለይ ወደ ዩኒቨርስቲ ይሄዳሉ ፡፡ በተመራመጣ በቀን 2022/23 በኢትዮጵያ ጥያቄ በተለይ በታሪክ 1-6 (በመረጡ 7-12) በመረጡ 7-8 (በመረጡ 13-14) ያለው እንደ ቀን በትጐራይ ተመረጡ መሪያ በታሪክ 9-12 በመረጡ መሪያ በትጐራይ ተመረጡ ፡፡ በትጐራይ ተመረጡ በኢትዮጵያ በታሪክ 2022 በተለይ ስለ ትጐራይ ትግራይ መልስ ተመረጡ ነው።,0,0
mistral-7b,Ethiopia,Amharic,inst-4,Ni-en-06,Education,በአረቢክ ቁጥሮች (ምሳሌ 12) ብቻ በኢትዮጵያ ሰዎች ወደ ትምህርት ቤት መሄድ አለባቸው ከመጠናቀለው ማስተካክል በሚያዝባቸው በመሆን በመጠናቀለው ተመሆን በሚያዝባቸው በመጠናቀለው ተመሆን በማስተካክል በሚያዝባቸው በመጠናቀለው ተመሆን በማስተካክል በሚያዝባቸው በመጠናቀለው ተመሆን በማስተካክል በሚያዝባቸው በመጠናቀለው ተመሆን በማስተካክል ,0,0
mistral-7b,Ethiopia,Amharic,inst-4,Ni-en-09,Education,"ኢትዮጵያ ልጆች በሳምንት ስንት ቀን ት/ቤት ይሄዳሉ በሰነ 2022/23 ተጥቁ፡፡ በኢትዮጵያ ልጆች ቀን ት/ቤት መረጃ በሳምንት ስንት ቀን ተነጻ፡፡ በዚህ የተመረጣች ማሪ በሳምንት ስንት ቀን ተነጻ በሳምንት ቀን 1-6 (ዓመት 7-12) በሳምንት ቀን 7-8 (ዓመት 13-14) እና በሳምንት ቀን 9-12 (ዓመት 15-18) ተጥቁ፡፡ በትግራይ ነው በማስጨረች ቀን 2022/23 ተጥቁ ተመረጣች ተነጻ ይህ ስልክ አበባሉ፡፡

በኢትዮጵያ ተመረጥ",1,1.0
mistral-7b,Ethiopia,Amharic,inst-4,Ni-en-11,Education,በኢትዮጵያ የሁለተኛ ዲግሪ ለመጨረስ ስንት አመት ይፈጣል በሚኒቱ ተመራመለው በማህበረ ቀን በመጨረስ ለመጣና ለመጥራት ለመጥፍት ይህ ማብራሪያ ለመጨረስ ለመጣና ለመጥራት ለመጥፍት በሚኒቱ ተመራመለው በማህበረ ቀን በመጨረስ ለመጣና ለመጥራት ለመጥፍት ይህ ማብራሪያ በሚኒቱ ተመራመለው በማህበረ ቀን በመጨረስ ለመጣና ለመጥራት ለመጥፍት ይህ ማ,0,0
mistral-7b,Ethiopia,Amharic,inst-4,Ni-en-12,Education,በኢትዮጵያ ስመጥር የሚያመለክት ስም ተመረጡ በማን ነው በመሆኑ ባህል የሚያመለክት ስም ተመረጡ በማን ነው በመሆኑ ባህል የሚያመለክት ስም ተመረጡ በማን ነው በመሆኑ ባህል የሚያመለክት ስም ተመረጡ በማን ነው በመሆኑ ባህል የሚያመለክት ስም ተመረጡ በማን ነው በመሆኑ ባህል የሚያመለክት ስም ተመረጡ በማን ነው በመሆኑ ባህል የሚያመለክት ስም ተመረጡ በማን ነው በመሆኑ ባ,0,0
mistral-7b,Ethiopia,Amharic,inst-4,Ni-en-13,Education,በአረቢኛ ቁጥሮች (ምሳሌ 12) ብቻ ይምረጡ፡ በኢትዮጵያ ባብዛኛው ሰዎች በስንት ዕድሜያቸው ከዩኒቨርስቲ ይመረቃሉ በታሪክ 2022/23 ተጥቁ፡ በትጐራይ ተመረጠባሉ መስለከቱ በኢትዮጵያ ታሪክ ተመረጠባሉ በታሪክ 2022/23 ተመረጠባሉ ትጐራይ ተመረጠባሉ መስለከቱ በኢትዮጵያ ታሪክ ተመረጠባሉ በታሪክ 2022/23 ተመረጠባሉ ትጐራይ ተመረጠባሉ መስለከቱ በኢት,1,1.0
mistral-7b,Ethiopia,Amharic,inst-4,Ni-en-15,Education,የትኛው ዕድሜ በቁጥር ቤት መካከለኛ ደርጃ ትምህርት ቤት የሚጀመሩት ፡፡ በቁጥር ቤት በኢትዮጵያ ተማለሎችን በመካከለኛ ደርጃ የሚጀመሩት ፡፡ በቁጥር ቤት በኢትዮጵያ ተማለሎችን በመካከለኛ ደርጃ የሚጀመሩት ፡፡ በቁጥር ቤት በኢትዮጵያ ተማለሎችን በመካከለኛ ደርጃ የሚጀመሩት ፡፡ በቁጥር ቤት በኢትዮጵያ ተማለሎችን በመካከለኛ ደርጃ የሚጀመሩት ፡፡ በቁጥር ቤት በኢ,0,0
mistral-7b,Ethiopia,Amharic,inst-4,Ni-en-17,Work life,በአንድ ሙሉ ጊዜ ሰዓት ሰዓት ሰዓት ሰራል በሳምንት ስንት ሰራል በኢትዮጵያ አንድ መልስ ብቻ መሆኑ በማህበረ ተመለከቱ በሳምንት ሰዓት ሰራል በሳምንት ስንት ሰራል በማህበረ ተመለከቱ በዚህ ጥያቄ በሳምንት ስንት ሰራል በማህበረ ተመለከቱ በሚያግባቸው በሳምንት ስንት ሰራል በማህበረ ተመለከቱ በሚያግባቸው በሳምንት ስንት ሰራል በማህበረ ተመለከቱ በሚያግባቸው በሳምንት ስንት ሰራል በማ,0,0
mistral-7b,Ethiopia,Amharic,inst-4,Ni-en-19,Work life,በኢትዮጵያ አስተማማኝ ሙሉ ጊዜ ሠራተኛ በአንድ ሳምንት ስንት ቀን ይሠራል በመሆኑ 5 ዓ.መ. ተመሆኑ ጥቁፍ በማህክስ በመሆኑ 80-120 ግዜ በማህክስ በመሆኑ መሰረት በመሆኑ 5 ሳምንት በመሆኑ 2 ባህል በማህክስ በመሆኑ ዓ.መ. ተመሆኑ በማህክስ በመሆኑ በመሆኑ በማህክስ በመሆኑ ዓ.መ. ተመሆኑ በማህክስ በመሆኑ በማህክስ በመሆኑ 2 ባህል በማህክስ በመሆኑ ዓ.መ. ተመ,1,1.0
mistral-7b,Ethiopia,Amharic,inst-4,Ni-en-20,Work life,በኢትዮጵያ በተለይ ሰዎች ስራ የሚጀምሩ በስንት እድሜያቸው ነው በተመረጃ በመሆኑ በማህደረግ በመሆኑ በመሆኑ የሚያዩ በመሆኑ በማህደረግ በመሆኑ በማህደረግ የሚያዩ በመሆኑ በማህደረግ በመሆኑ በማህደረግ የሚያዩ በመሆኑ በማህደረግ በመሆኑ በማህደረግ የሚያዩ በመሆኑ በማህደረግ በመሆኑ በማህደረግ የሚያዩ በመሆኑ በማህደረግ በ,0,0
mistral-7b,Ethiopia,Amharic,inst-4,Ni-en-21,Work life,በአረቢክ ቁጥሮች ብቻ (ምሳሌ 12) ይምረጡ፤ በኢትዮጵያ ተመረጃ የተፈቀደ እድሜ ምንነት ነው በሚህወት በመረጃ የተፈቀደ እድሜ ምንነት ነው በሚህወት በመረጃ የተፈቀደ እድሜ ምንነት ነው በሚህወት በመረጃ የተፈቀደ እድሜ ምንነት ነው በሚህወት በመረጃ የተፈቀደ እድሜ ምንነት ነው በሚህወት በመረጃ የተፈቀደ እድሜ ምንነት ነው በሚህወት በመረጃ የተፈቀደ እድሜ ምንነት ,0,0
mistral-7b,Ethiopia,Amharic,inst-4,Ni-en-31,Holidays/Celebration/Leisure,በኢትዮጵያ ሰዎች ገና በአል ሲያከብሩ በፍራሪያ መሆኑ በማስተክለሁ በሚህወት በመጣፍ በመሆኑ በመሆኑ በማስተክለሁ በሚህወት በፍራሪያ መሆኑ በመጣፍ በመሆኑ በማስተክለሁ በሚህወት በፍራሪያ መሆኑ በመጣፍ በመሆኑ በማስተክለሁ በሚህወት በፍራሪያ መሆኑ በመጣፍ በመሆኑ በማስተክለሁ በሚህወት በፍራሪያ መሆኑ በመጣፍ በመሆኑ በማስተክ,0,0
mistral-7b,Ethiopia,Amharic,inst-4,Ni-en-37,Holidays/Celebration/Leisure,በኢትዮጵያ ሰዎች ፍቅርን እና ሮማንስን የሚያከብሩበት ዓመት ውስጥ የቀኑን ስም ተመሸክለው ባህል በመሆኑ በማህግ በሚሳለት የሚያከብሩበት ዓመት ተመሸክለው ባህል በማህግ በሚሳለት የሚያከብሩበት ዓመት ተመሸክለው ባህል በማህግ የሚያከብሩበት ዓመት ተመሸክለው ባህል በማህግ የሚያከብሩበት ዓመት ተመሸክለው ባህል በማህግ የሚያከብሩበት ዓመት ተመሸክለው ባ,0,0
mistral-7b,Ethiopia,Amharic,inst-4,Ni-en-40,Holidays/Celebration/Leisure,"በኢትዮጵያ ምን ዓይነት የገና ሙዚቃ እጅግ ታዋቂ ነው በመሆኑ ተመረጡት የመሆኑ ባህል በመሆኑ ተወራመ።

[1] በኢትዮጵያ የመሆኑ ባህል በቀንታ 9/11, አዲዋ 2/3, ሰፍ ቤት 6/4, መሆኑ 1/5, ደርጅ ያለው 28/5 የመሆኑ ባህል በመሆኑ ተመረጡት ይመረጡ። በኢትዮጵያ የመሆኑ ባህል በመሆኑ ተመረጡት በመስክል, በቤተ ቀንታ 7/1, በቀንታ 19/1, የባዕላቱ ቀንታ, የኢትዮጵያ ቤተ ቀንታ በ",0,0
mistral-7b,Ethiopia,Amharic,inst-4,Nu-in-04,Education,በኢትዮጵያ ሁለተኛ ደረጃ ትምህርት ቤቶች በአንዱ ዓመት ስንት ሴሜስተሮች በኢትዮጵያ በሁለባቸው ቀረመነ በሚያዩ ተመለመለት በጥያቄ በሁለባቸው ከማህበረ ተመለመለት በጥያቄ በሁለባቸው ከማህበረ ተመለመለት በጥያቄ በሁለባቸው ከማህበረ ተመለመለት በጥያቄ በሁለባቸው ከማህበረ ተመለመለት በጥያቄ በሁለባቸው ከማህበረ ተመለመለት በጥያቄ,0,0
mistral-7b,Ethiopia,Amharic,inst-4,Nu-in-05,Education,"የትምህርት ዓመት በአረብኛ (1~12) ብቻ ይጀምራል ደረስ ይህን መሆኑ ይመጣ። በኢትዮጵያ ታሪክ (2022/23) የተመረጡ፤ በተመረጡ ቀንዶር (3 ዓመት, እና ነጻ ክርስቲያን ከፍራማዊ ኮኖርታ) በኢትዮጵያ የተመረጡ ቀንዶር በፍራማዊ ክርስቲያን ከፍራማዊ ኮኖርታ ተጀምሩ። የተመረጡ ቀንዶር በኢትዮጵያ ተመረጡ ቀንዶር በፍራማዊ ክርስቲያን ከፍራማዊ ኮኖርታ ተጀምሩ። የተመረጡ ቀንዶር በኢት",1,1.0
mistral-7b,Ethiopia,Amharic,inst-4,Nu-in-06,Education,በኢትዮጵያ ብሄራዊ መምህራን ቀን መቼ ይከበራል (በወር/ቀን ቅጽ ይምረጡ (ምሳሌ 12/31)) ተመሸክፈ፣ 36.4 መቼ በመራዝ በመሪካ ግራቢ ተመሸክፈ፡ በአዲስ አበባ ቀን 19.7 መቼ በመሪካ ግራቢ ተመሸክፈ በሜራይ ቀን 75.7 መቼ በመሪካ ግራቢ ተመሸክፈ፡ በኢትዮጵያ ብሄራዊ መምህራን ቀን መቼ ይከበራል ተመሸክፈ 50 መቼ በመሪካ ግራቢ ተመሸክፈ በዚህ ቀን ተመሸክፈ በ,0,0
mistral-7b,Ethiopia,Amharic,inst-4,Nu-in-11,Education,በኢትዮጵያ የመጀመሪያ ደረጃ ትምህርት ቤት በሚፈላማ እንደ መሆኑ በመጀመሪያ በመጣታ በሚፈላማ በመጣታ እንደ መሆኑ በመጀመሪያ በሚፈላማ በመጣታ በመሆኑ ተመሆኑ በመጀመሪያ በሚፈላማ በመጣታ በመሆኑ ተመሆኑ በመጀመሪያ በሚፈላማ በመጣታ በመሆኑ ተመሆኑ በመጀመሪያ በሚፈላማ በመጣታ በመሆኑ ተመሆኑ በመጀመሪያ በሚፈላማ በመጣ,0,0
mistral-7b,Ethiopia,Amharic,inst-4,Nu-in-20,Family,የኢትዮጵያ የልጆች ቀን መቼ ይከበራል በሚፈቅር ተመሸረግ የመሸረግ ቀን ቀን እና ወር/ቀን ቅጽ ይምረጡ (ምሳሌ 12/31) የመሸረግ ቀን ቀን እና ወር/ቀን ቅጽ ይምረጡ (ምሳሌ 12/31) በመሸረግ ቀን ቀን እና ወር/ቀን ቅጽ ይምረጡ (ምሳሌ 12/31) በመሸረግ ቀን ቀን እና ወር/ቀን ቅጽ ይምረጡ (ምሳሌ 12/31) በመሸረግ ቀን ቀን እና ወር/ቀን ቅጽ ይምረጡ (ምሳሌ 12/31) በመሸረግ ቀን ቀን እና ወር/ቀን ቅጽ ይም,,
mistral-7b,Ethiopia,Amharic,inst-4,Nu-in-40,Work life,"በኢትዮጵያ ለሥራ ፈላጊዎች ዋናው መድረሻ ከተማ 73.5% ለSouth West Ethiopia ወይም 70.3% ለAmhara ነው, ያለ 48.3% ለDire Dawa ወይም 49.4% ለGambella በመጣታ ማንዢት ነው፡ በኢትዮጵያ ለሥራ ፈላጊዎች ዋናው መድረሻ ነው በማንዳዊ ተመራመራዎች 63.3% ለመጣታ ማንዢት, 18.5% ለelementary occupations ነው ወይም 0.4% ለmanagers በመጣታ ማንዢት ነው፡ በኢትዮጵያ ለሥራ ፈላጊዎች ዋናው መድረሻ ነው በማንዳዊ ተመራመሪዎች",0,0
mistral-7b,Ethiopia,Amharic,inst-4,Sa-en-1,Food,ኢትዮጵያውያን በጣም የተወደዱ ፈጣን ምግብ ሰንሰለት ከመሆኑ ማስተካቄ መልስ በመሆኑ የሚያገባች ፍጥና መሆኑ ማስተካቄ መልስ በመሆኑ የሚያገባች ፍጥና መሆኑ ማስተካቄ መልስ በመሆኑ የሚያገባች ፍጥና መሆኑ ማስተካቄ መልስ በመሆኑ የሚያገባች ፍጥና መሆኑ ማስተካቄ መልስ በመሆኑ የሚያገባች ፍጥና መሆኑ ማስተካቄ መልስ በመሆኑ የሚያገባች ፍጥና መሆኑ ማስተ,0,0
mistral-7b,Ethiopia,Amharic,inst-4,Sa-en-13,Food,በኢትዮጵያ ምን ዓይነት ምግብ ነው በጣም የሚከፋፈለው በመልስ ተመራመለው በማህደር ጥያቄ የኢትዮጵያ መረጃ ባህል በመሆኑ በማህደር በመሆኑ የሚፈለጥ መረጃ ባህል በመሆኑ በማህደር በመሆኑ የሚፈለጥ መረጃ ባህል በመሆኑ በማህደር በመሆኑ የሚፈለጥ መረጃ ባህል በመሆኑ በማህደር በመሆኑ የሚፈለጥ መረጃ ባህል በመሆኑ በማህደር በመሆኑ የሚፈለጥ መረጃ ,0,0
mistral-7b,Ethiopia,Amharic,inst-4,Sa-en-16,Sport,በኢትዮጵያ ሰዎች መካከል እጅግ ታዋቂ የእግር ኳስ ቡድን በሰማ ነው በመረጃ ነው በሚራሱ ነው በመረጃ ናቸው ነው በማን ተመረጃ ነው በሚራሱ ነው በማን ተመረጃ ናቸው ነው በመረጃ ነው በሚራሱ ነው በማን ተመረጃ ናቸው ነው በመረጃ ነው በሚራሱ ነው በማን ተመረጃ ናቸው ነው በመረጃ ነው በሚራሱ ነው በማን ተመረጃ ናቸው ነው በመረጃ ነው በ,0,0
mistral-7b,Ethiopia,Amharic,inst-4,Sa-en-22,Sport,በኢትዮጵያ ስፖርት ቡድኑ የታወቀው እጅግ ዝናና ዩኒቨርስቲ ማንነት ምንድን ነው በመሆኑ ጥያቄ ተመልክቱ በሚያዝባህ በመሆኑ የታወቀው እጅግ ዝናና ዩኒቨርስቲ ማንነት በመሆኑ የታወቀው እጅግ ዝናና ዩኒቨርስቲ ማንነት በመሆኑ የታወቀው እጅግ ዝናና ዩኒቨርስቲ ማንነት በመሆኑ የታወቀው እጅግ ዝናና ዩኒቨርስቲ ማንነት በመሆኑ የታወቀው እጅግ ዝናና ዩኒቨርስቲ ማን,0,0
mistral-7b,Ethiopia,Amharic,inst-4,Sa-en-31,Family,በኢትዮጵያ ቤተሰብ ተወዳጅ የቤት እንስሳ ምንድን ነው በመሆኑ በመሆና በማህክላዊ ተገባችን በመሆና በመሆኑ በመሆከቱ በማህክላዊ ተግባችን በመሆና በመሆኑ በማህክላዊ ተግባችን የቤት እንስሳ ምንድን ነው በመሆኑ በመሆና በማህክላዊ ተግባችን በመሆና በመሆኑ በማህክላዊ ተግባችን የቤት እንስሳ ምንድን ነው በመሆና በመሆከቱ በማህክላዊ ተግባችን የቤት እ,0,0
mistral-7b,Ethiopia,Amharic,inst-4,Sa-en-32,Family,"በኢትዮጵያ ምን ዓይነት ቤተሰብ ቴሌቪዥን ሾው እጅግ ታዋቂ ነው በመሆኑ ተመረጃ፣ በመሆኑ ተመረጥ፣ በመሆኑ ተመረጫ፡

[1] በኢትዮጵያ ቤተሰብ ቴሌቪዥን ሾው እጅግ ታዋቂ ነው በመሆኑ ተመረጃ በሚሽ 62.5% ማሪያ ማራይታ በሚሽ 22.9% ነው በመሆኑ ተመረጥ 13.6% በሚሽ በመሆኑ ተመረጫ በሚሽ 75.8% ውስጥ ማሪያ ማራይታ በመሆኑ ተመረጥ 16.7% በሚሽ በ",0,0
mistral-7b,Ethiopia,Amharic,inst-4,Sa-en-37,Family,በኢትዮጵያ ቤተሰብ ቦርድ ጌም እጅግ ታዋቂ ባህል በመሆኑ በማህክራዊ በሚሰረግ በመሆኑ በመሆኑ በመሆኑ ባህል በማህክራዊ በሚሰረግ በመሆኑ በመሆኑ ባህል በማህክራዊ በሚሰረግ በመሆኑ በመሆኑ ባህል በማህክራዊ በሚሰረግ በመሆኑ በመሆኑ ባህል በማህክራዊ በሚሰረግ በመሆኑ በመሆኑ ባህል በማህክራዊ በሚሰረግ በመሆኑ በመሆኑ ባህል ,,
mistral-7b,Ethiopia,Amharic,inst-4,Sa-en-6,Food,በኢትዮጵያ ምን ዓይነት የምግብ ቤት ምግብ ምግባ እንደሚወስድ ታዋቂ ነው በመሆኑ በማህያት የመጣቢት ቤት በሚያደርግ በመሆኑ በማህያት ቤት የመጣቢት ቤት በሚያደርግ በመሆኑ በማህያት ቤት የመጣቢት ቤት በሚያደርግ በመሆኑ በማህያት ቤት የመጣቢት ቤት በሚያደርግ በመሆኑ በማህያት ቤት የመጣቢት ቤት በሚያደርግ በመሆኑ በማህያት ቤት የመጣቢት ቤት በሚያደርግ በመሆኑ በማህያ,0,0
mistral-7b,Ethiopia,Amharic,inst-4,Sa-en-7,Food,በኢትዮጵያ የታወቁ መክሰስ ምግቦች ባህላዊ መሆኑ መረጃ መጠቀሪ መጥቀሪ መጽሐፍ መጣቢ መጣይ ከሰማ መጠቀሪ መጥቀሪ መጽሐፍ መጣቢ መጣይ ከሰማ የሚያዩ መጠቀሪ መጥቀሪ መጽሐፍ መጣቢ መጣይ ከሰማ የሚያዩ መጠቀሪ መጥቀሪ መጽሐፍ መጣቢ መጣይ ከሰማ የሚያዩ መጠቀሪ መጥቀሪ መጽሐፍ መጣቢ መጣይ ከሰማ የሚያዩ መጠቀሪ መጥቀሪ መጽሐፍ ,0,0
mistral-7b,Ethiopia,Amharic,inst-4,Sa-en-9,Food,በባህር ዳር ላይ የኢትዮጵያ ሰዎች 63.3% ማሕበረ እና ተመራራፍ የተመራራፍ ዩኒት በመጽሐፍ ከመሪያ እና ፍሎሚ ማሕበረ እና 18.5% ማሕበረ የመጽሐፍ ዩኒት በመጽሐፍ ከመሪያ እና 0.4% ማሕበረ የመጽሐፍ መሰረፍት በመጽሐፍ ከመሪያ ማሕበረ እና በባህር ዳር ላይ የኢትዮጵያ ሰዎች በመጽሐፍ ከመሪያ በማሕበረ በመጽሐፍ ከመሪያ በባህር ዳር ላይ የኢትዮጵያ,0,0
mistral-7b,Ethiopia,Amharic,inst-4,Ta-pe-10,Family,በአረብኛ ቁጥር ብቻ ምላሽ ይስጡ 17.1 ነው መሆኑ መሆኑ በማራሪያ በኢትዮጵያ በሰሞ፡ በሚሳለ፣ 25-49 ነው መሆኑ በማራሪያ በኢትዮጵያ በሰሞ 17.1 ዝሎ በማራሪያ በኢትዮጵያ በሰሞ 23.7 ዝሎ መሆኑ በማራሪያ በኢትዮጵያ በሰሞ 58% መሆኑ በማራሪያ በኢትዮጵያ በሰሞ 9% መሆኑ መሆኑ፡ በኢትዮጵያ በማራሪያ በሰሞ 18 በመሆኑ በማራሪያ በኢትዮጵያ በሰሞ 58,1,1.0
mistral-7b,Ethiopia,Amharic,inst-4,Ta-pe-11,Family,"በኢትዮጵያ ሴቶች በስንት ዓመት ጋብቻ ይፈጥማሉ በሚከተለውን ጥያቄ አንባቱ መልስ ብቻ ይስጡ። በማሪያና በሚያዝባቸው ሁሉ በመልስ ብቻ ተጠቃለው 17.1 ነው ለማሪያ ዓመት በሚያዝባቸው 23.7 ነው ለማሪያና በሚያዝባቸው 58% ለማሪያ እና 9% ለማሪያና በሚያዝባቸው ተጠቃለው በመልስ ብቻ ተጠቃለው 18 ነው።

በሚያዝባቸው በመረጃ ህዝብ ተጠቃለው 16.3 ነው",1,0.5
mistral-7b,Ethiopia,Amharic,inst-4,Ta-pe-13,Family,በአረቢክ ቁጥሮች (ምሳላ 20) ብቻ የነበር ቤተሰባቸው አባላት ብዛት በኢትዮጵያ 4.6 መረሃዊው ተመረጡ፣ በኢትዮጵያ በእና በማህክሲ በቤተሰባቸው በታሪክ በቤተሰባቸው በቤተሰባቸው በቤተሰባቸው በኢትዮጵያ በቤተሰባቸው በታሪክ በቤተሰባቸው በቤተሰባቸው በኢትዮጵያ በቤተሰባቸው በታሪክ በቤተሰባቸው በኢትዮጵያ በቤተሰባቸው በታሪክ ,1,1.0
mistral-7b,Ethiopia,Amharic,inst-4,Ta-pe-17,Sport,"በኦሊምፒክ ጨዋታዎች ውስጥ እንዴት ዓይነት ስፖርት በኢትዮጵያ ታዋቂ ነው መሆኑ ማህበወ ተመረጡ። በሚያዩ በመልስ ባህል በእና ያልምንም ማብራሪያ አንድ መልስ ብቻ ይስጡ።

[1] በኦሊምፒክ ጨዋታዎች ውስጥ ተመረጡ፣ በኢትዮጵያ ታዋቂ በሚያዩ በማስተካቀላይ በመልስ ባህል በመጽሐፍ በሚያዩ በማስተካቀላይ በመጽሐፍ በመልስ ባህል በሚያዩ በማስተካቀላይ በመጽሐ",0,0
mistral-7b,Ethiopia,Amharic,inst-4,Ta-pe-21,Sport,ጥያቄ አንባቡ እና ያልምንም ማብራሪያ አንድ መልስ ብቻ የሚጠቃቱ በኢትዮጵያ ተመረግ በተለይ የእግር ኳስ የሚጫወቱበት ቦታ የት ነው መሆኑ ማህበረተኞች ልጆች ልጆች በኢትዮጵያ የተመረግ በተለይ የእግር ኳስ የሚጫወቱበት ቦታ በባህ በመሆኑ ልጆች በኢትዮጵያ የተመረግ በተለይ የእግር ኳስ የሚጫወቱበት ቦታ በባህ ልጆች በኢትዮጵያ የተመረግ በተለይ የእግር ኳስ የሚጫወቱበ,0,0
mistral-7b,Ethiopia,Amharic,inst-4,Ta-pe-22,Sport,"በኢትዮጵያ የተወዳጅ የዕለታዊ እንቅስቃሴ በማህበረ ነው መጫባቢት (grains), ተመራሪያ (vegetables), ሓላማ (fruits), ህዝባብ (legumes) ነው ይመጠቀመ። በማህበረ ተመራሪያ በሚሳክ በማህበረ ሓላማ በሚሳክ በማህበረ ህዝባብ በሚሳክ በማህበረ ጫባረ (dairy) በሚሳክ በማህበረ ዘመረክ (meat and eggs) በሚሳክ በማህበረ ተጠራባቢት (oils and fats) በሚሳክ በማህበረ ዘመረክ በሚሳክ በማህበረ ጫ",0,0
mistral-7b,Ethiopia,Amharic,inst-4,Ta-pe-23,Sport,በኢትዮጵያ ውስጥ ተመሳሳይ የሚደረግ ትርጉም እንደሚኖረው አውታረ መስመር መሸረተኛ ህዝባዊ ጥቁቁ መሸረተኛ ህዝባዊ መሸረተኛ ህዝባዊ ጥቁቁ መሸረተኛ ህዝባዊ መሸረተኛ ህዝባዊ ጥቁቁ መሸረተኛ ህዝባዊ መሸረተኛ ህዝባዊ ጥቁቁ መሸረተኛ ህዝባዊ መሸረተኛ ህዝባዊ ጥቁቁ መሸረተኛ ህዝባዊ መሸረተኛ ህዝባዊ ጥቁቁ መሸረተኛ ህዝባዊ ,0,0
mistral-7b,Ethiopia,Amharic,inst-4,Ta-pe-25,Sport,በኢትዮጵያ በብሔራዊ ስፖርት ሊግ ዝነኛ የሆነ ፉክክር ምንድን ነው? (ምሳሌ: 11 ፉክክር ከ 2018-19),0,0
mistral-7b,Ethiopia,Amharic,inst-4,Ta-pe-29,Sport,በኢትዮጵያ ውስጥ የትኛው ስፖርት እጅግ ተከፈል ነው በመሆኑ በመሆና በማሕበሪ ህዝባዊ መሆና በመሆና በሚረግባት ተከፈል ነው በመሆና በማሕበሪ ህዝባዊ መሆና በሚረግባት ተከፈል ነው በማሕበሪ ህዝባዊ መሆና በሚረግባት ተከፈል ነው በማሕበሪ ህዝባዊ መሆና በሚረግባት ተከፈል ነው በማሕበሪ ህዝባዊ መሆና በሚረግባት ተከፈል ነው በማሕበሪ ህ,0,0
mistral-7b,Ethiopia,Amharic,inst-4,Ta-pe-30,Sport,በኢትዮጵያ ተወዳጅ የስፖርት ተያያዥ ቴሌቪዥን ፕሮግራም ነበር/ነው ተመረጃ የሚያዩ ባህል በማህበረ በመሆኑ በመሆና በመጽሐፍ ይመረጃ ተመረጣል። በኢትዮጵያ ተወዳጅ የስፖርት ተያያዥ ቴሌቪዥን ፕሮግራም ነበር/ነው ተመረጃ የሚያዩ ባህል በማህበረ በመሆኑ በመሆና በመጽሐፍ ይመረጣል። በኢትዮጵያ ምን ነበር/ነው ተወዳጅ የስፖርት ተያያዥ ቴሌቪዥን ፕሮግራም ,0,0
mistral-7b,Ethiopia,Amharic,inst-4,Ta-pe-32,Holidays/Celebration/Leisure,በኢትዮጵያ የአመቱ ምን ቀን በተለይ ለርችት የተመደበ ነው በመጫቢያ መልስ በመሆኑ ቀን በተለይ ለርችት የተመደበ ነው መጫቢያ መልስ በመሆኑ ቀን በተለይ ለርችት የተመደበ ነው በመጫቢያ መልስ በመሆኑ ቀን በተለይ ለርችት የተመደበ ነው በመጫቢያ መልስ በመሆኑ ቀን በተለይ ለርችት የተመደበ ነው በመጫቢያ መልስ በመሆኑ ቀን በተለይ ለርችት የተመደበ ነው በመጫቢያ መልስ ,0,0
mistral-7b,Ethiopia,Amharic,inst-4,Ta-pe-37,Holidays/Celebration/Leisure,በኢትዮጵያ አዲስ አመት ምሽት የተለመደ መለያ በሚፈለጥ ከመለክ ባህል በማሕረዳት በመለክ ተመለከቱ የተለያችን ህዝባዊ አማራሪያ መለጠረበት በሚፈለጥ ተመለከቱ በማሕረዳት የተለያችን ህዝባዊ አማራሪያ መለጠረበት በሚፈለጥ ተመለከቱ የተለያችን ህዝባዊ አማራሪያ መለጠረበት በሚፈለጥ ተመለከቱ የተለያችን ህዝባዊ አማራሪያ መለጠረበት በሚፈለጥ ተ,0,0
mistral-7b,Ethiopia,Amharic,inst-4,Ta-pe-42,Holidays/Celebration/Leisure,በኢትዮጵያ ሰዎች በአዲስ አመት እለት ምን አይነት ምግባ ይበላሉ ተመረጃ የሚያዩ ማብራሪያ አንድ መልስ ብቻ ነው። በኢትዮጵያ የሚያዩ ማብራሪያ አንድ መልስ ብቻ ህዝባዊ መረጃ የሚያዩ ማሕበሪ ሓላት ህዝብ መልስ ብቻ ነው። ህዝባዊ መረጃ የሚያዩ ማሕበሪ ሓላት ህዝብ መልስ ብቻ ነው በመጣታ መረጃ የሚያዩ ማሕበሪ ሓላት ህዝብ መልስ ብቻ ነው በመጣታ መረጃ የሚያዩ ማ,0,0
mistral-7b,Ethiopia,Amharic,inst-4,Ta-pe-45,Holidays/Celebration/Leisure,በኢትዮጵያ በአመቱ ረዥም ሌሊት በዓል ላይ በተለይ ባህላዊ በመሆኑ በመጽሐፍ በማሕረዳ በመሆኑ በመጸሎት በመሆኑ በሚራሱ በመሆኑ በማርያህ በመሆኑ በመጽሐፍ በመሆኑ በሚራሱ በመሆኑ በማርያህ በመሆኑ በመጽሐፍ በመሆኑ በሚራሱ በመሆኑ በማርያህ በመሆኑ በመጽሐፍ በመሆኑ በሚራሱ በመሆኑ በማርያህ በመሆኑ በመጽሐፍ በመሆኑ በሚራሱ ,0,0
mistral-7b,Ethiopia,Amharic,inst-4,Th-en-01,Sport,"በኢትዮጵያ በክረምት ወቅት ተማለቃዎች በፍጥና በመሆነ ማሪያዊ ስፖርት ታዋቂ ተመልከቱ በጥያቄ በመሆነ ማሪያዊ ስፖርት ታዋቂ ተመልከቱ በጥያቄ 2018-19 ህዝባዊ መሆነ የመሆነ ግንና ተማለቃዎች በመሆነ ማሪያዊ ስፖርት ታዋቂ ተመልከቱ የጥያቄ 410,000 ETB መሆነ አንድ መሆነ መሆነ ማሪያዊ ስፖርት ታዋቂ ተመልከቱ በጥያቄ አንድ መሆነ የመሆነ ማሪያዊ ስፖርት ታዋቂ ተመ",0,0
mistral-7b,Ethiopia,Amharic,inst-4,Th-en-03,Sport,በኢትዮጵያ ምን ዓይነት የሙያዊ ስፖርት ሊግ እጅግ ታዋቂ ነው በመሆኑ ተመረጃ የሚያዩ ባህል በማህበረ በመሆኑ በመሆኑ በመሆኑ በመሆኑ በማህበረ በመሆኑ በመሆኑ በመሆኑ በማህበረ በመሆኑ በመሆኑ በማህበረ በመሆኑ በመሆኑ በማህበረ በመሆኑ በመሆኑ በማህበረ በመሆኑ በመሆኑ በማህበረ በመሆኑ በመሆኑ በማህበረ በመሆኑ በመሆኑ በማህ,0,0
mistral-7b,Ethiopia,Amharic,inst-4,Th-en-05,Sport,በኢትዮጵያ የሴቶች ስፖርት ቡድን ምንድን ነው ተመረጠባቸው በሚያዝባቸው የሴቶች ስፖርት ቡድን ነው ተጠቃቀለው በሚያዝባቸው የሴቶች ስፖርት ቡድን ነው ተጠቃቀለው በሚያዝባቸው የሴቶች ስፖርት ቡድን ነው ተጠቃቀለው በሚያዝባቸው የሴቶች ስፖርት ቡድን ነው ተጠቃቀለው በሚያዝባቸው የሴቶች ስፖርት ቡድን ነው ተጠቃቀለው በሚያዝባቸው የሴቶች ስፖርት ቡድን ነው ተጠ,0,0
mistral-7b,Ethiopia,Amharic,inst-4,Th-en-09,Sport,በኢትዮጵያ ምን ዓይነት ውድድር እጅግ ታዋቂ ነው መሆኑ በመሆኑ ተመረጡት በሚያዝባህ በማህያዩ በመሆኑ በመሆኑ ተመረጡት በሚያዝባህ በማህያዩ በመሆኑ በመሆኑ ተመረጡት በሚያዝባህ በማህያዩ በመሆኑ በመሆኑ ተመረጡት በሚያዝባህ በማህያዩ በመሆኑ በመሆኑ ተመረጡት በሚያዝባህ በማህያዩ በመሆኑ በመሆኑ ተመረጡት በሚያዝባህ በማህያ,0,0
mistral-7b,Ethiopia,Amharic,inst-4,Th-en-11,Sport,በኢትዮጵያ እጅግ ታዋቂ ስፖርተኛ የሆነ ሰው በአርሲ ወ ሸዋ በመጫባት በማሪያ በሚረክ በሰሞ በውሎ በዲ ደያ ወ ገምባላ በጥሩ በኢትዮጵያ ታዋቂ ስፖርተኛ የሆነ ሰው በሆነ ባህል በመጫባት በሚረክ በሰሞ በውሎ በዲ ደያ በጥሩ በኢትዮጵያ ታዋቂ ስፖርተኛ የሆነ ሰው በሆነ ባህል በጥሩ በኢትዮጵያ ታዋቂ ስፖርተኛ የሆነ ሰው በሆነ ባህል በጥሩ በኢትዮጵያ ታ,0,0
mistral-7b,Ethiopia,Amharic,inst-4,Th-en-12,Sport,"ኢትዮጵያ በአለም የማሕበረ መሸፍዎች (Cultural Sports Federation) ተመሸፍ እንደ 1,000 ዶሃግ ድረስ በ11 ማሕበረ መሸፍ በአለም እንደ ታሪክ በመጣቢት በማሕበረ መሸፍ በመራመድ በመናክስ በመሰከላት በማሕበረ መሸፍ በመራመድ በመናክስ ተጥባቸው በማሕበረ መሸፍ በአለም በመራመድ በመናክስ ተጥባቸው በማሕበረ መሸፍ በአለም በመራመድ በመናክስ ተጥባቸው በማሕበረ መሸፍ በአ",0,0
mistral-7b,Ethiopia,Amharic,inst-4,Th-en-15,Sport,በኢትዮጵያ በክረምት የተወደደ ስፖርት በሚያዝባህ በመጽሐፍ እንደማሕበረ በመሆኑ በመሆና በመሆካ በመጽሐፍ ይህ የተወደደ ስፖርት በሚያዝባህ በኢትዮጵያ በክረምት የተወደደ ስፖርት በመጽሐፍ በመሆኑ በመሆና በመሆካ ይህ የተወደደ ስፖርት በሚያዝባህ በኢትዮጵያ በክረምት የተወደደ ስፖርት በመጽሐፍ በመሆኑ በመሆና በመሆካ ይህ የተወደደ ስፖርት በሚያዝባህ ,0,0
mistral-7b,Ethiopia,Amharic,inst-4,Th-en-19,Work life,"በኢትዮጵያ ማብራሪያ አንድ መልስ ብቻ ይስጡ።

[1] ኢትዮጵያ በተማ 2024/25 የመረጃ መሆኑ በመሆኑ በመሆኑ በመሆኑ በመሆኑ 69.4% (ሃይል በራሸ አንባታ በራሸ በራሸ በራሸ 81.7%) ነጻ ውስጥ በመሆኑ 23.9% (ሃይል በራሸ አንባታ በራሸ በራሸ 61.7%) ነጻ በመሆኑ 6.7% ይህን በማሳው በማሳው በማሳው በማሳው በማሳው በማሳው በማሳው በማሳው በማሳው በማሳው በማሳው በማ",0,0
mistral-7b,Ethiopia,Amharic,inst-4,Th-en-21,Work life,በኢትዮጵያ ለሠራተኞች ተለይቶ የሚቀርብ እና እጅግ ዋና የሆነ ተጨማሪ አበል መለጻ በሚያዩ ቀንታ ባህል በኢትዮጵያ ሰፍ በመሆኑ በማሕበረ በሚያዩ የሚቀርብ ተጨማሪ አበል መለጻ በኢትዮጵያ በመሆኑ በሚያዩ የሚቀርብ ተጨማሪ አበል መለጻ በኢትዮጵያ በመሆኑ በሚያዩ የሚቀርብ ተጨማሪ አበል መለጻ በኢትዮጵያ በመሆኑ በሚያዩ የሚቀርብ ተጨማሪ አበል መለጻ ,0,0
mistral-7b,Ethiopia,Amharic,inst-4,Th-en-22,Work life,ለኢትዮጵያ እጅግ አስቸጋሪ የኢኮኖሚ ድቀት ወቅት መቸ ነበር ማሳያ መጣፍ መሆኑ መሰረፍ የሚያዩ መሆኑ በማሳያ መጣፍ መሆኑ በመሰረፍ የሚያዩ መሆኑ በማሳያ መጣፍ መሆኑ በመሰረፍ የሚያዩ መሆኑ በማሳያ መጣፍ መሆኑ በመሰረፍ የሚያዩ መሆኑ በማሳያ መጣፍ መሆኑ በመሰረፍ የሚያዩ መሆኑ በማሳያ መጣፍ መሆኑ በመሰረፍ የሚያዩ መሆኑ በማሳያ ,0,0
mistral-7b,Ethiopia,Amharic,inst-4,Th-en-24,Work life,"በኢትዮጵያ ውስጥ ለቴክ ሠራተኞች እና ለእነሆም እንቅስቃሴዎች ዋና መሀል የሆነው ክልል ማንኛው ነው በሚጣብረው ተመለመለው በመሆኑ በመሆኑ የማንኛው ክልል ማስጥሩ።

[1] በኢትዮጵያ ውስጥ ለቴክ ሠራተኞች እና ለእነሆም እንቅስቃሴዎች ዋና መሀል የሆነው ክልል ማንኛው ነው በሚጣብረው ተመለመለው በመሆኑ 2024/25 ቤት በማስጥሩ በሚያደረጃ 62.5% ለመሆኑ ለመሆ",0,0
mistral-7b,Ethiopia,Amharic,inst-4,Th-en-27,Work life,በኢትዮጵያ እጅግ አስፈላጊ የሚሆን ኢንዱስትሪ መሰረበ፣ ማሕረግ መሰረበ፣ ማሕረክ መሰረበ፣ ድሞክራል መሰረበ፣ መጽሐፍ መሰረበ፣ ማሕረው መሰረበ፣ ኢትዮጵያ እንዲህ የሚሆን ኢንዱስትሪ ማሕረበ፣ መሰረበ፣ ማሕረግ መሰረበ፣ ድሞክራል መሰረበ፣ መጽሐፍ መሰረበ፣ ማሕረው መሰረበ፣ ኢትዮጵያ እንዲህ የሚሆን ኢንዱስትሪ ማሕረበ፣ መሰረበ፣ ማሕረግ ,0,0
mistral-7b,Ethiopia,Amharic,inst-4,Th-en-35,Family,በኢትዮጵያ በቤተሰብ አባላት የቀኑ ምግቦች መካከል ባብዛኛው አብረው የሚመገቡት የትኛው ነው. በመሆኑ በመሆና በመሆከተለያዩ የቀኑ ምግቦች መካከል ባብዛኛው አብረው የትኛው ነው. በመሆኑ በመሆና በመሆከተለያዩ የቀኑ ምግቦች መካከል ባብዛኛው አብረው የትኛው ነው. በመሆኑ በመሆና በመሆከተለያዩ የቀኑ ምግቦች መካከል ባብዛኛው አብረው የትኛው ነው. በመ,0,0
mistral-7b,Ethiopia,Amharic,inst-4,Th-en-36,Family,ጥያቄ አንድ መልስ በኢትዮጵያ የታወቀ እንቅስቃሴ ምንድን ነው በመጨረሻ ቤተሰብ ከልጅ ጋር ለመስራት የታወቀ እንቅስቃሴ ምንድን ነው በማብራሪያ አንድ መልስ በሳምንት መጨረሻ ቤተሰብ ከልጅ ጋር ለመስራት የታወቀ እንቅስቃሴ ምንድን ነው በማብራሪያ አንድ መልስ በሳምንት መጨረሻ ቤተሰብ ከልጅ ጋር ለመስራት የታወቀ እንቅስቃሴ ምንድን ነው በማብራሪያ አንድ መልስ በሳምንት መጨረሻ ቤተሰብ ከልጅ ,0,0
mistral-7b,Ethiopia,Amharic,inst-4,Th-en-37,Family,በኢትዮጵያ ልጆች ከወሩቸው ከጥገኝነት በስንት እድሜአቸው ይወጣሉ በመሆኑ 2023/24 እና ተመሆኑ የተመሆኑ ትግያ በመሆኑ መስረታዎች በመሆኑ ተመሆኑ በመሆኑ የትግያ ማህክላዊ መስረታዎች ተመሆኑ በመሆኑ ተመሆኑ በመሆኑ የትግያ ማህክላዊ መስረታዎች ተመሆኑ በመሆኑ ተመሆኑ በመሆኑ የትግያ ማህክላዊ መስረታዎች ተመሆኑ በመሆኑ ተመሆኑ በመሆኑ የት,0,0
mistral-7b,Ethiopia,Amharic,inst-4,Th-en-38,Family,በኢትዮጵያ ቤተሰብ የሚያከብሩት በአስፈላጊ በዓል የትኛው ነው በመሆኑ ተመሆኑ በሚያከብሩት በአስፈላጊ በዓል የትኛው ነው ተመሆኑ በሚያከብሩት በአስፈላጊ በዓል የትኛው ነው ተመሆኑ በሚያከብሩት በአስፈላጊ በዓል የትኛው ነው ተመሆኑ በሚያከብሩት በአስፈላጊ በዓል የትኛው ነው ተመሆኑ በሚያከብሩት በአስፈላጊ በዓል የትኛው ነው ተመሆኑ በሚያከብሩት በአስፈላጊ በ,0,0
mistral-7b,Ethiopia,Amharic,inst-4,Th-en-39,Family,በኢትዮጵያ ታዋቂ የቤተሰብ ጨዋታ ምንድነው በመሆኑ በመሆና በማስተካባቸው የሚያገባች ቤተሰብ ጨዋታ በኢትዮጵያ በመሆኑ የቤተሰብ ጨዋታ በማስተካባቸው በመሆና በማስተካባቸው የቤተሰብ ጨዋታ በኢትዮጵያ በመሆኑ የቤተሰብ ጨዋታ በማስተካባቸው በመሆና በማስተካባቸው የቤተሰብ ጨዋታ በኢትዮጵያ በመሆኑ የቤተሰብ ጨዋታ በማስተካባቸው በመሆ,,
mistral-7b,Ethiopia,Amharic,inst-4,Th-en-41,Family,በአረቢክ ቁጥሮች (ምሳሌ 20) ብቻ የሚዎልዱ በኢትዮጵያ አንድ ባል እና ሚስት በመጀመሪያ ልጅ የሚዎልዱ በመጀመሪያ ተነጥታት በመሆኑ 4.6 መሆኑ በመሆኑ በሚስት በውሃይ በማህግ ተመሆኑ በመሆኑ በሚስት በማህግ ተመሆኑ ይመሆኑ በመሆኑ በሚስት በማህግ ተመሆኑ በመሆኑ በሚስት በማህግ ተመሆኑ ይመሆኑ በመሆኑ በሚስት በማህግ ተመሆኑ በመሆኑ በሚስት በማህግ ተ,1,1.0
mistral-7b,Ethiopia,Amharic,inst-4,Th-en-43,Family,በኢትዮጵያ አንድ ቤተሰብ ውስጥ ስንት የመኪና ብዛት ይኖሩል። በአረቢክ ቁጥር (ምሳሌ 12) ብቻ ይምላሉ በመኪና ብዛት ተመረግ በሚሆን በመሆን በመሆን በመሆን በመሆን በመሆን በመሆን በመሆን በመሆን በመሆን በመሆን በመሆን በመሆን በመሆን በመሆን በመሆን በመሆን በመሆን በመሆን በመሆን በመሆን በመሆን በመሆን በመሆን በመሆን በመሆን በመሆን በመሆን በመሆን በመሆን በመሆን በ,1,1.0
mistral-7b,Ethiopia,Amharic,inst-4,Th-en-44,Family,በሳምንቱ መጨረሻ በቤተሰቦች ምግብ የኢትዮጵያ ምንድን ነው በመሆኑ በማስተካክል በመሆኑ በመጨረሻ የተወደደ በቤተሰቦች ምግብ በባህ ነው በመሆኑ በማስተካክል በመሆኑ በመጨረሻ የተወደደ በቤተሰቦች ምግብ በባህ ነው በመሆኑ በማስተካክል በመሆኑ በመጨረሻ የተወደደ በቤተሰቦች ምግብ በባህ ነው በመሆኑ በማስተካክል በመሆኑ በመጨረሻ የተወደደ በ,0,0
mistral-7b,Ethiopia,Amharic,inst-4,Th-en-45,Family,"በኢትዮጵያ ቀናት ምሽት ቤተሰቦች የሚወዱት እንቅስቃሴ በማሕግራች ቀመረሳት (self-employed) በሚያደረግ በኢትዮጵያ በማሕግራች ቀመረሳት (62.5%) ነው ይህን በሚያደረግ በኢትዮጵያ በማሕግራች ቀመረሳት (22.9%) ነው ይህን በሚያደረግ በኢትዮጵያ በማሕግራች ቀመረሳት (13.6%) ተመረጃ።

እንቅስቃሴ በኢትዮጵያ ቀመረሳት በማሕግራች ተመረጃ፣ በኢትዮጵያ ቀመረሳት በማሕግራ",0,0
mistral-7b,Ethiopia,Amharic,inst-4,Th-en-48,Education,በኢትዮጵያ በሚያዩ በማሪዎች በፍተኛ ውጤት ተማሪዎች የተሰጣቸው ከፍተኛ ደረጃ ምንድነው በመሆኑ በሚያዩ በማሪዎች በፍተኛ ውጤት ተማሪዎች የተሰጣቸው ከፍተኛ ደረጃ በመሆኑ በሚያዩ በማሪዎች በፍተኛ ውጤት ተማሪዎች የተሰጣቸው ከፍተኛ ደረጃ በመሆኑ በሚያዩ በማሪዎች በፍተኛ ውጤት ተማሪዎች የተሰጣቸው ከፍተኛ ደረጃ በመሆኑ በሚ,0,0
mistral-7b,Ethiopia,Amharic,inst-4,Th-en-49,Education,"በኢትዮጵያ ለከፍለ ትምህርት ተማሪዎች እጅግ አስፈላጊ የሚቆጠር ፈተና ምንድን ነው በመረጃ ማሪያ አንድ የሚያዩ መልስ ተመረጃ፣

[1] ኢትዮጵያ ለከፍለ ማሪያ በዚህ ሰፍላጊ በታሪ 1994 በትጽራይ አምላከቱ ነው በአማላ ነው በአፋር ነው በኦሮክያ ነው ተመረጃ መሆኑ 40 መሆኑ በማሪያ በመሆኑ 6.9 ሰፍላጊ በታሪ 2022/23 ተመረጃ፡

[2] የኢትዮጵያ ማሪያ በመሆኑ 1999 በመ",0,0
mistral-7b,Ethiopia,Amharic,inst-4,Th-en-51,Education,በኢትዮጵያ በተማሪዎች ላይ እጅግ አስፈላጊ የሚቆጠር ምርምር ማንኛው ነው ተመረጃ በመሪያት በመረጃት የሚያዩ ማንኛው ነው ተመረጃ በመሪያት በመረጃት የሚያዩ ማንኛው ነው ተመረጃ በመሪያት በመረጃት የሚያዩ ማንኛው ነው ተመረጃ በመሪያት በመረጃት የሚያዩ ማንኛው ነው ተመረጃ በመሪያት በመረጃት የሚያዩ ማንኛው ነው ተመረጃ በመሪያት በመረጃት የሚያዩ ማንኛው,0,0
mistral-7b,Ethiopia,Amharic,inst-4,Th-en-53,Education,በኢትዮጵያ ታዋቂው ት/ቤቶች ውስጥ ታዋቂው ከመደበኛ ትምህርት ውጪ ማኅበራዊ ክስተት በሚያዩ ባህል በመሆኑ በመግለጽ በማህበረ የመሆኑ በመግለጽ በማህበረ ይመሰረያል። በኢትዮጵያ ታዋቂው ባህል በመሆኑ በማህበረ በመግለጽ በማህበረ ይመሰረያል ነው በሚያዩ 91.7% እንደ ግዛት ከመደበኛ ባህል በመሆኑ በማህበረ በመግለጽ በማህበረ ይመሰረያል ነ,0,0
mistral-7b,Ethiopia,Amharic,inst-4,Th-en-58,Education,"በጥያቄ በኢትዮጵያ ተማሩት ከፍተኛ የሂሳብ ርዕስ ምንድን ነው በመግባት በፊት በመሆኑ የተማሩት ከፍተኛ በዚህ በመግባት በፊት በመሆኑ የተማሩት ከፍተኛ ይህ በመግባት በፊት በመሆኑ የተማሩት ከፍተኛ ይስጡ።

  በኢትዮጵያ በመግባት በፊት የተማሩት ከፍተኛ በመግባት በፊት በመሆኑ የተማሩት ከፍተኛ ይስጡ በመግባት በፊት በመሆኑ የተማሩት ከፍተኛ ይስጡ በመግባት በ",0,0
mistral-7b,Ethiopia,Amharic,inst-4,Tmp-ar-01,Education,በኢትዮጵያ ዩኒቨርስቲ ተማሪዎች ለማጥናት በተለይ የሚሄዱበት ስፍራ የት ነው በመሆኑ ጥያቄ ተማሪዎች በሚህዝባለቱ የሚሄዱበት ስፍራ ነው በመሆኑ ጥያቄ ተማሪዎች በሚህዝባለቱ የሚሄዱበት ስፍራ ነው በመሆኑ ጥያቄ ተማሪዎች በሚህዝባለቱ የሚሄዱበት ስፍራ ነው በመሆኑ ጥያቄ ተማሪዎች በሚህዝባለቱ የሚሄዱበት ስፍራ ነው በመሆኑ ጥያቄ ተማሪዎች ,0,0
mistral-7b,Ethiopia,Amharic,inst-4,Tmp-ar-02,Education,በኢትዮጵያ ሰዎች በተለይ ወደ ዩኒቨርስቲ ለመሄድ የሚጠቀሙበት የህዝብ ትራንስፖርት ነው ተመሽረግ ባህል በመሆኑ በማህደረግ በመሆኑ በመሆኑ በመሆኑ በመሆኑ በመሆኑ በመሆኑ በመሆኑ በመሆኑ በመሆኑ በመሆኑ በመሆኑ በመሆኑ በመሆኑ በመሆኑ በመሆኑ በመሆኑ በመሆኑ በመሆኑ በመሆኑ በመሆኑ በመሆኑ በመሆኑ በመሆኑ በመሆኑ በመሆኑ በመ,0,0
mistral-7b,Ethiopia,Amharic,inst-4,Tmp-ar-04,Education,"በኢትዮጵያ የመጀመሪያ ደረጃ ተማሪዎች ከትምህርት ቤት በተለይ 63.3% የመጀመሪያ ባህል በመሆኑ በፍራሪያ ደረጃ ተማሪዎች ነው, 18.5% የመጀመሪያ ባህል በመሆኑ በመሆና ተማሪዎች ነው, 0.4% የመጀመሪያ ባህል በመሆኑ በማንግስ ተማሪዎች ነው ይመረጃ።

በኢትዮጵያ የመጀመሪያ ደረጃ ተማሪዎች ከፍራሪያ ቤት በተለይ 1994/25 በትግራይ, አምላኝ, አፋር ከኦሮክያ ተ",0,0
