model,country,language,prompt_no,ID,topic,response,score,weight
mistral-7b,Ethiopia,English,inst-4,Al-en-01,Food, The question does not provide information about a common snack for preschool kids in Ethiopia.,0,0
mistral-7b,Ethiopia,English,inst-4,Al-en-02,Food, Tella (spicy clarified butter),0,0
mistral-7b,Ethiopia,English,inst-4,Al-en-04,Food, The information provided does not specify a most popular fruit in Ethiopia.,0,0
mistral-7b,Ethiopia,English,inst-4,Al-en-06,Food," The question does not specify that it's about a common school cafeteria food specifically, but since the information provided mentions Ethiopia's food guide (which is drawn as a meskel flower), one of the six food groups in the petals could be considered a common school meal ingredient. However, without more specific context, it's challenging to pinpoint an exact common school cafeteria food in Ethiopia.",0,0
mistral-7b,Ethiopia,English,inst-4,Al-en-08,Food," The question does not provide information about snacks eaten at shopping malls in Ethiopia, so it is impossible to determine the most commonly eaten snacks based on the provided background information.",0,0
mistral-7b,Ethiopia,English,inst-4,Al-en-09,Food," The question does not specify that the location is an amusement park, so it's impossible to determine a specific popular snack there. However, traditional Ethiopian snacks include items like popcorn, peanuts, and various types of bread such as injera or kitafo, which are commonly enjoyed in social settings.",0,0
mistral-7b,Ethiopia,English,inst-4,Al-en-16,Education,5,0,0
mistral-7b,Ethiopia,English,inst-4,Al-en-17,Education, The information provided does not specify an afterschool sport for elementary schools in Ethiopia.,0,0
mistral-7b,Ethiopia,English,inst-4,Al-en-18,Education, There is no information provided to suggest that elementary students receive private education in Ethiopia.,0,0
mistral-7b,Ethiopia,English,inst-4,Al-en-19,Education," Amharic, being the working language of the Federal Government, is widely used as a second language in Ethiopian schools, including high schools. However, it's important to note that regional languages may also be taught as second languages depending on the region. For instance, Tigrinya is commonly used in Tigray, Oromo in Oromia, and Somali in Somali Regional State.",0,0
mistral-7b,Ethiopia,English,inst-4,Al-en-21,Education, The provided information does not specify or imply which subject is the most important for gifted education in Ethiopia.,0,0
mistral-7b,Ethiopia,English,inst-4,Al-en-32,Holidays/Celebration/Leisure," Buricha or Doro Wat (chicken stew) is commonly served during Thanksgiving-like celebrations in Ethiopia, not buurisame which is a festival dish served during Fichee-Chambalaalla.",1,1.0
mistral-7b,Ethiopia,English,inst-4,Al-en-33,Holidays/Celebration/Leisure," There is no direct equivalent to Halloween in Ethiopia. The celebrations mentioned are related to their cultural traditions such as Gifaataa, Epiphany, and traditional dances and songs.",,
mistral-7b,Ethiopia,English,inst-4,Al-en-34,Holidays/Celebration/Leisure," They celebrate by observing Fichee-Chambalaalla (Sidama New Year) or Enkutatash, which involves sharing food and visiting relatives.",1,0.5
mistral-7b,Ethiopia,English,inst-4,Al-en-35,Holidays/Celebration/Leisure, They play Gena matches (a traditional game) and celebrate with religious ceremonies.,1,1.0
mistral-7b,Ethiopia,English,inst-4,Al-en-36,Holidays/Celebration/Leisure, There is no specific food associated with Halloween in Ethiopia. The information provided does not mention any connection between Halloween and traditional Ethiopian foods.,,
mistral-7b,Ethiopia,English,inst-4,Al-en-37,Holidays/Celebration/Leisure, Injera (or a fermented flatbread) is often associated with Christmas in Ethiopia.,0,0
mistral-7b,Ethiopia,English,inst-4,Al-en-38,Holidays/Celebration/Leisure," There is no specific food traditionally associated with Valentine's Day in Ethiopia. However, the meskel flower, which is used in their food guide and symbolizes the new year and harvest, could be seen as a symbol of love and connection during this time.",0,0
mistral-7b,Ethiopia,English,inst-4,Al-en-39,Holidays/Celebration/Leisure," It's not explicitly stated that there is a specific food eaten on birthdays in Ethiopia, but given the information about their food guide (the meskel flower) and cultural festivals like Gifaataa which are associated with harvest and new year, it can be inferred that traditional Ethiopian dishes made from the six food groups represented in the meskel flower might be consumed on such occasions. However, for a definitive answer, more specific information about birthday traditions would be needed.",0,0
mistral-7b,Ethiopia,English,inst-4,Al-en-40,Holidays/Celebration/Leisure, Gifaataa (or Gifile) festival ground.,0,0
mistral-7b,Ethiopia,English,inst-4,Al-en-43,Holidays/Celebration/Leisure," There is no specific mention of an ""indoor activity"" for families in Ethiopia in the provided background information. However, activities such as sharing meals, singing, dancing, and storytelling are often communal and can take place both indoors and outdoors.",,
mistral-7b,Ethiopia,English,inst-4,An-ar-02,Education," The question does not specify where university students have lunch, so it is impossible to determine an exact location based on the provided background information.",0,0
mistral-7b,Ethiopia,English,inst-4,An-ar-03,Education,12,0,0
mistral-7b,Ethiopia,English,inst-4,An-ar-08,Education,"12 (Assuming the school day is from 8 AM to 4 PM, which is approximately 8 hours for primary and middle education, and an additional 4 hours for secondary education. However, this answer assumes a standard school day structure, which may vary depending on specific schools or regions.)",1,1.0
mistral-7b,Ethiopia,English,inst-4,An-ar-09,Education,"1 (Assuming that Ethiopian languages are studied, but no specific information is given about additional foreign languages taught in high schools.)",0,0
mistral-7b,Ethiopia,English,inst-4,An-ar-34,Sport," Marathon running (based on the provided information, it suggests that endurance athletics, particularly marathon running, are popular among school children in Ethiopia)",0,0
mistral-7b,Ethiopia,English,inst-4,An-ar-35,Sport, The information provided does not specify who the most popular sport commentator in Ethiopia is.,0,0
mistral-7b,Ethiopia,English,inst-4,An-ar-36,Sport," The question does not specify if it's asking about a national team or a professional team, so I cannot definitively say which sport is the most popular in Ethiopia based on the provided information. However, given that Ethiopia has had significant success in athletics, particularly long-distance running, it could be reasonable to infer that athletics might be very popular. But without more specific data or context, it's hard to say for certain.",0,0
mistral-7b,Ethiopia,English,inst-4,An-ar-43,Sport," Television sets, stadiums, and possibly cultural centers.",1,0.5
mistral-7b,Ethiopia,English,inst-4,Ca-sp-05,Food,"3 (Based on the information provided, it is not explicitly stated that people in Ethiopia have a specific number of meals per day. However, since dietary guidelines suggest at least 4 food groups per meal and there are typically 3 main meals in a day, it can be inferred that they usually have 3 meals.)",1,1.0
mistral-7b,Ethiopia,English,inst-4,Ca-sp-06,Food," All meals are considered important in Ethiopian culture, but traditionally, the main meal is typically consumed during midday (known as ""Tsebhi"" or ""Doro Wot"").",0,0
mistral-7b,Ethiopia,English,inst-4,Ca-sp-08,Food," Legumes (specifically, at least 80-120 g per day according to Ethiopia's 2022 dietary guidelines)",0,0
mistral-7b,Ethiopia,English,inst-4,Ca-sp-09,Food, It is not specified in the provided background information what people from Ethiopia usually eat for dessert.,0,0
mistral-7b,Ethiopia,English,inst-4,Ca-sp-11,Food, Not specified or given in the background information provided.,0,0
mistral-7b,Ethiopia,English,inst-4,Ca-sp-14,Food, Tej,0,0
mistral-7b,Ethiopia,English,inst-4,Ca-sp-19,Holidays/Celebration/Leisure," The question does not specify that the context is about young people in a nightclub, so it's impossible to accurately determine what they might drink based on the provided background information.",0,0
mistral-7b,Ethiopia,English,inst-4,Ca-sp-21,Holidays/Celebration/Leisure,11,0,0
mistral-7b,Ethiopia,English,inst-4,Ca-sp-29,Holidays/Celebration/Leisure, Fichee-Chambalaalla (Sidama New Year's Eve tradition),0,0
mistral-7b,Ethiopia,English,inst-4,Ca-sp-38,Family," The question does not specify the ""typical"" type, so it's difficult to provide an accurate answer based on the given information. However, traditional Ethiopian houses often have round or rectangular mud-walled structures with conical thatched roofs, known as tukuls. These are common in rural areas. In urban areas, modern houses made of concrete and steel are more prevalent.",1,0.5
mistral-7b,Ethiopia,English,inst-4,Ca-sp-41,Family, Rural areas,0,0
mistral-7b,Ethiopia,English,inst-4,Ca-sp-42,Family,14 (weeks),0,0
mistral-7b,Ethiopia,English,inst-4,Ca-sp-43,Family,0 (Ethiopia does not have a specific paternity leave policy as of the provided information.),0,0
mistral-7b,Ethiopia,English,inst-4,Ca-sp-45,Family," The question does not specify that it's about a family vacation destination within Ethiopia. If you are referring to domestic tourism, the question would need to be rephrased accordingly. However, if we are discussing what is commonly consumed or sold in Ethiopia, then Enset (also known as Ensete ventricosum or Abyssinian banana) is a staple food in southern and western Ethiopia, with 75.8% of it being consumed at home and 16.7% being sold.",0,0
mistral-7b,Ethiopia,English,inst-4,Gu-ch-05,Sport," The information provided does not specify which sports seniors like the most in Ethiopia. However, it is mentioned that cultural games such as genna (a hockey-like stick game) are played by people across various nationalities and religions, including seniors.",0,0
mistral-7b,Ethiopia,English,inst-4,Gu-ch-06,Sport," Genna (hockey-like stick game) is one of the sports that men like to play in Ethiopia, particularly among Amhara, Tigrai and Agaw communities. However, it's important to note that this answer only refers to one sport mentioned in the provided background information. The question asks for ""the most"" played sport, but as stated in point [2], there are over 290 cultural games in Ethiopia, so it's difficult to definitively say which is the most popular without more specific data.",0,0
mistral-7b,Ethiopia,English,inst-4,Gu-ch-07,Sport," I'm sorry for any inconvenience, but the provided background information does not contain data related to Ethiopian basketball players or their fame levels. Therefore, I cannot provide an accurate answer based on this information alone.",,
mistral-7b,Ethiopia,English,inst-4,Gu-ch-08,Sport," The question does not specify ""most popular"" but mentions ""around 3,000 children take part in Saturday children's races."" Therefore, it can be inferred that Saturday children's races are one of the popular sports among children in Ethiopia.",0,0
mistral-7b,Ethiopia,English,inst-4,Gu-ch-09,Sport," The information provided does not specify which sports women in Ethiopia prefer the most. However, it is mentioned that genna (a hockey-like stick game) is played by both men and women across various nationalities and religions.",0,0
mistral-7b,Ethiopia,English,inst-4,Gu-ch-11,Sport, Athletics (Track and Field),1,1.0
mistral-7b,Ethiopia,English,inst-4,Gu-ch-15,Sport," The question does not specify the type of sports, nor does it mention that the sports are played by male students in universities. Therefore, I cannot provide an accurate answer based on the given background information.",0,0
mistral-7b,Ethiopia,English,inst-4,Gu-ch-16,Family,4.6,1,1.0
mistral-7b,Ethiopia,English,inst-4,Gu-ch-18,Family," The number of children a couple has can vary greatly in Ethiopia, and it's not accurate to provide a single average number. However, according to the World Bank data from 2020, the total fertility rate (TFR) in Ethiopia is approximately 4.1 children per woman, which suggests that on average, a woman will have around 4.1 children during her reproductive years. This does not necessarily mean that each couple has this exact number of children.",1,1.0
mistral-7b,Ethiopia,English,inst-4,Gu-ch-31,Education,7,1,0.6666666666666666
mistral-7b,Ethiopia,English,inst-4,Gu-ch-32,Education,6,0,0
mistral-7b,Ethiopia,English,inst-4,Gu-ch-33,Education,"5 (Assuming that the first language is learned before school, and the context suggests that urban children start school around age five if fees are affordable.)",1,0.5
mistral-7b,Ethiopia,English,inst-4,Gu-ch-38,Education,"12 (Secondary Grades 9-12, which is the end of general education in Ethiopia, does not equate to undergraduate education.)",0,0
mistral-7b,Ethiopia,English,inst-4,Gu-ch-40,Education,15:00 (assuming a typical school day is from 08:00 to 15:00),0,0
mistral-7b,Ethiopia,English,inst-4,Gu-ch-41,Education,0 (There is no information provided about elementary school students playing musical instruments in Ethiopia.),0,0
mistral-7b,Ethiopia,English,inst-4,Ji-ko-02,Work life, The information provided does not specify a particular day of the week for company dinners in Ethiopia.,0,0
mistral-7b,Ethiopia,English,inst-4,Ji-ko-03,Work life," I don't have real-time data or the ability to browse the internet, so I can't provide the current information about which region or city in Ethiopia has the highest number of financial companies. For accurate and up-to-date information, I recommend checking reliable sources such as the Central Statistical Agency (CSA) of Ethiopia or other relevant economic databases.",0,0
mistral-7b,Ethiopia,English,inst-4,Ji-ko-07,Work life," I'm sorry for any inconvenience, but the provided background information does not contain details about private companies in Ethiopia to determine the most famous one.",0,0
mistral-7b,Ethiopia,English,inst-4,Ji-ko-08,Work life,"40 (assuming a standard workweek of 40 hours, and assuming that the question refers to the total hours worked by self-employed individuals or employees)",1,1.0
mistral-7b,Ethiopia,English,inst-4,Ji-ko-09,Work life, Roasted barley (kolo) or popcorn are commonly served during company get-togethers in Ethiopia.,1,1.0
mistral-7b,Ethiopia,English,inst-4,Ji-ko-14,Work life," Enset (Teff) or Teff products are significant agricultural exports from Ethiopia, but it's important to note that Ethiopia has a diverse economy with various exports including coffee, gold, oil seeds, khat, leather, and textiles. Therefore, there isn't a single representative export item for Ethiopia.",1,1.0
mistral-7b,Ethiopia,English,inst-4,Ji-ko-15,Work life, The information provided does not specify a typical lunch break duration for Ethiopia.,0,0
mistral-7b,Ethiopia,English,inst-4,Ji-ko-16,Family, Health Facility (if available) or Home (primarily rural areas).,0,0
mistral-7b,Ethiopia,English,inst-4,Ji-ko-19,Family," The question does not specify that it refers to the meskel flower, which is associated with the new year and harvest in Ethiopia. Therefore, there is no information provided to determine what flower is most commonly given on Parents' Day in Ethiopia.",0,0
mistral-7b,Ethiopia,English,inst-4,Ji-ko-22,Family," Without specific data, it is difficult to definitively say what people especially spend their first salary on in Ethiopia's society. However, given the high percentage of self-employed and agricultural workers, it can be inferred that some may invest their first earnings into their businesses or livestock, while others might use it for essential needs such as food, housing, or education.",1,0.3333333333333333
mistral-7b,Ethiopia,English,inst-4,Ji-ko-24,Family," Health Facilities (in urban areas) or Pre-schools (Child to Child pre-school modality). However, it's important to note that these are not typically considered ""recreational"" facilities in a traditional sense but rather educational and social spaces. The Great Ethiopian Run and Saturday children's races could be seen as recreational activities, but they are not facilities.",0,0
mistral-7b,Ethiopia,English,inst-4,Ji-ko-25,Family,"19 Jan (Epiphany), Easter, 7 Sept (New Year)",,
mistral-7b,Ethiopia,English,inst-4,Ji-ko-26,Family,"1) Completion of Grade 5 (around age 10-11), as older children start participating in pre-school activities under teacher supervision.
2) Age 4, when two years of pre-primary education become free and compulsory according to the revised 2023 Education and Training Policy. However, it is optional for this age group. Some regions already run three years of pre-primary education.
3) Participation in Saturday children's races alongside the Great Ethiopian Run, which can be around the age of 6 or older. This event carries messages related to polio and vaccination, suggesting some level of independence and responsibility.",0,0
mistral-7b,Ethiopia,English,inst-4,Ji-ko-27,Family, Food and drink,0,0
mistral-7b,Ethiopia,English,inst-4,Ji-ko-28,Family,7th January (Christmas),0,0
mistral-7b,Ethiopia,English,inst-4,Ji-ko-29,Family,6 years old (as it marks the start of compulsory education according to the revised 2023 Education and Training Policy).,0,0
mistral-7b,Ethiopia,English,inst-4,Ji-ko-31,Education," At their respective schools (Middle school students study in Grades 7-8, and high school students study in Grades 9-12).",0,0
mistral-7b,Ethiopia,English,inst-4,Ji-ko-33,Education," The question does not provide information about high school students' activities after dinner. High school students may have various activities after dinner, such as studying, socializing, or participating in extracurricular activities. Without specific context or data, it is impossible to determine where high school students usually go after dinner in Ethiopia.",1,1.0
mistral-7b,Ethiopia,English,inst-4,Ji-ko-34,Education," Elementary school students in Ethiopia go to school through the school feeding program that began in 1994, reaching 6.9 million pre-primary and primary pupils in 2022/23.",0,0
mistral-7b,Ethiopia,English,inst-4,Ji-ko-35,Education," The question does not specify whether we are looking for the most common form of primary, secondary, or tertiary private education in Ethiopia. However, according to the World Bank's data on private participation in education, there is no dominant form of private education across all levels in Ethiopia as of 2018 (the latest available data). Therefore, it cannot be determined from the provided background information that the most common form of private education in Ethiopia is any specific type.",0,0
mistral-7b,Ethiopia,English,inst-4,Ji-ko-36,Education," The question does not specify whether we are looking for public or private institutions, so I will provide an answer that covers both scenarios. In Ethiopia, middle and high school students most frequently attend academic institutions related to the general education system, which includes primary Grades 1-6, middle Grades 7-8, and secondary Grades 9-12.",0,0
mistral-7b,Ethiopia,English,inst-4,Ji-ko-37,Education, There is no specific information provided about the type of clothing middle and high school students wear to school in Ethiopia.,0,0
mistral-7b,Ethiopia,English,inst-4,Ji-ko-38,Education," The question does not provide information necessary to determine which major is the most difficult to gain admission to in Ethiopia. The background information provided pertains to dropout rates, pastoralist woredas needing special support, and cultural practices among the Oromo, but none of this data indicates the difficulty of gaining admission to a specific major at an institution in Ethiopia.",0,0
mistral-7b,Ethiopia,English,inst-4,Ji-ko-39,Education," The question does not provide information about the learning of musical instruments in Ethiopian schools, so it's impossible to determine the most commonly learned musical instrument based on the provided background information.",0,0
mistral-7b,Ethiopia,English,inst-4,Ji-ko-40,Education, It is not specified in the provided background information what high school students typically do during break time in schools in Ethiopia.,0,0
mistral-7b,Ethiopia,English,inst-4,Ji-ko-41,Education," There is no specific information provided about the type of shoes that students wear in schools in Ethiopia. However, it can be assumed that they wear appropriate footwear suitable for school environments.",0,0
mistral-7b,Ethiopia,English,inst-4,Ji-ko-42,Education, The information provided does not specify the required subjects for Ethiopia's university entrance exam.,0,0
mistral-7b,Ethiopia,English,inst-4,Ji-ko-44,Education, The information provided does not specify a city or indicate which region in Ethiopia has the highest academic fervor.,0,0
mistral-7b,Ethiopia,English,inst-4,Ji-ko-45,Education," Religious celebrations, as most festivals in Ethiopia are religious.",0,0
mistral-7b,Ethiopia,English,inst-4,Jo-sp-01,Sport, The information provided does not specify the second most popular sport in Ethiopia.,0,0
mistral-7b,Ethiopia,English,inst-4,Jo-sp-02,Sport, Genna or Gebeta,0,0
mistral-7b,Ethiopia,English,inst-4,Jo-sp-09,Sport," The question does not specify that the sports are associated with the upper class in Ethiopia, but it mentions the displacement of cultural sports by modern sports. However, if we assume that modern sports are more popular among the upper class, then the answer could be ""Modern Sports"".",0,0
mistral-7b,Ethiopia,English,inst-4,Jo-sp-13,Sport, There is no information provided to suggest that there is a popular water sport in Ethiopia.,0,0
mistral-7b,Ethiopia,English,inst-4,Jo-sp-14,Sport," The information provided does not specify or suggest that there is a ""most popular mental sport"" in Ethiopia.",0,0
mistral-7b,Ethiopia,English,inst-4,Jo-sp-18,Work life,"12 (In Ethiopia, the standard number of public holidays is 12 days per year.)",0,0
mistral-7b,Ethiopia,English,inst-4,Jo-sp-19,Work life, Rural areas of Ethiopia,0,0
mistral-7b,Ethiopia,English,inst-4,Jo-sp-21,Work life, There is no specific information provided to determine the lunch break timing in Ethiopia.,0,0
mistral-7b,Ethiopia,English,inst-4,Jo-sp-31,Education," The question does not provide information about high school students or their school hours in Ethiopia. Therefore, I cannot provide an answer based on the given background information.",0,0
mistral-7b,Ethiopia,English,inst-4,Jo-sp-32,Education," The question does not specify that the students are practicing a sport, so no specific sport can be determined from the provided background information.",0,0
mistral-7b,Ethiopia,English,inst-4,Jo-sp-36,Education,12 (weeks),0,0
mistral-7b,Ethiopia,English,inst-4,Jo-sp-37,Education," I'm sorry for the inconvenience, but the information provided does not include details about university summer vacations in Ethiopia. The data provided pertains to dietary guidelines, pupil-teacher ratios, and education structure. To answer this question accurately, additional research or a more specific source would be required.",0,0
mistral-7b,Ethiopia,English,inst-4,Jo-sp-39,Education,6,0,0
mistral-7b,Ethiopia,English,inst-4,Jo-sp-43,Education,0 (zero),0,0
mistral-7b,Ethiopia,English,inst-4,Jod-ch-01,Food, Hands (or injera),0,0
mistral-7b,Ethiopia,English,inst-4,Jod-ch-04,Food," There is no information provided that suggests Ethiopians prefer a specific soft drink. The information given describes traditional drinks such as Tej (honey wine) and activities like genna, but not soft drinks.",0,0
mistral-7b,Ethiopia,English,inst-4,Jod-ch-06,Food, Tej,1,0.75
mistral-7b,Ethiopia,English,inst-4,Jod-ch-07,Food,0.0 (There is no information provided about dining out habits or the existence of restaurants in Ethiopia.),0,0
mistral-7b,Ethiopia,English,inst-4,Jod-ch-09,Food,20:00,1,1.0
mistral-7b,Ethiopia,English,inst-4,Jod-ch-12,Food, It is not specified in the provided background information what kind of soup people from Ethiopia like to have.,0,0
mistral-7b,Ethiopia,English,inst-4,Jod-ch-13,Food," In Ethiopia, people enjoy eating various traditional dishes served on a communal platter called ""injera,"" rather than individual plates and utensils. These dishes include tibs (spiced sautéed meat), kitfo (minced raw beef seasoned with spices), doro wot (chicken stew in berbere sauce), misir wot (lentil stew), and gomen (collard greens). However, it's essential to note that these dishes can be considered as meals rather than street food. Street foods in Ethiopia often include items like injera rolls filled with various ingredients, fried snacks such as kik alicha (chickpea stew), and popcorn.",0,0
mistral-7b,Ethiopia,English,inst-4,Jod-ch-15,Food, People from Ethiopia do not traditionally consume seafood as it is landlocked and does not have access to the sea.,0,0
mistral-7b,Ethiopia,English,inst-4,Jod-ch-16,Holidays/Celebration/Leisure, It is not specified which festival is the biggest in Ethiopia from the provided background information.,0,0
mistral-7b,Ethiopia,English,inst-4,Jod-ch-28,Holidays/Celebration/Leisure," I'm sorry for any inconvenience, but as a text-based AI model, I don't have real-time data or the ability to browse the internet. Therefore, I don't have specific information about the most commonly used public transport between cities in Ethiopia. However, it is generally understood that buses and minibuses are common modes of transportation for long-distance travel within the country.",1,1.0
mistral-7b,Ethiopia,English,inst-4,Jod-ch-30,Holidays/Celebration/Leisure," It is not specified which is the ""most biggest"" festival in Ethiopia from the provided background information, as each event mentioned has its unique cultural aspects but no common decorations or symbols are explicitly stated.",0,0
mistral-7b,Ethiopia,English,inst-4,Jod-ch-37,Sport, The information provided does not specify which sports women in Ethiopia prefer to watch the most.,0,0
mistral-7b,Ethiopia,English,inst-4,Jod-ch-38,Sport," It is not possible to definitively determine what sports men like to watch the most in Ethiopia as preferences can vary greatly among individuals. However, based on the provided information, it can be inferred that traditional games such as genna (a hockey-like stick game) are popular and played across various ethnicities and religions.",0,0
mistral-7b,Ethiopia,English,inst-4,Jod-ch-41,Holidays/Celebration/Leisure, Chewing chat (in social groups),0,0
mistral-7b,Ethiopia,English,inst-4,Jod-ch-42,Holidays/Celebration/Leisure, Engage in cultural games or chat (khat chewing) in social groups.,0,0
mistral-7b,Ethiopia,English,inst-4,Jod-ch-46,Work life,1.0 (This answer assumes that the break after lunch is typically one hour.),1,1.0
mistral-7b,Ethiopia,English,inst-4,Jod-ch-48,Work life," Skilled agricultural and fishery workers' lunch in Ethiopia may consist of food produced from their work, such as crops like enset (a staple in southern and western Ethiopia). However, it is important to note that the specifics can vary greatly depending on factors like region, personal dietary preferences, and availability.",0,0
mistral-7b,Ethiopia,English,inst-4,Jod-ch-50,Work life," I'm sorry for any confusion, but the information provided does not include data about the average commute time in Ethiopia. The details given pertain to dietary guidelines, household size, traditional Ethiopian food preparation, and demographic statistics. To answer this question, you would need a separate source of data or a reliable study that provides the average commute time in Ethiopia.",0,0
mistral-7b,Ethiopia,English,inst-4,Jod-ch-51,Work life," The question does not specify the location (urban or rural) or occupation of the people, so it's impossible to definitively say what the most common mode of transportation is for getting to work in Ethiopia. However, in many developing countries, walking and public transportation such as buses or minibuses are commonly used for commuting.",0,0
mistral-7b,Ethiopia,English,inst-4,Jod-ch-54,Work life,"30 (Assuming that the marriage leave in Ethiopia is typically 30 days, as it is common in many countries and cultures.)",1,1.0
mistral-7b,Ethiopia,English,inst-4,Jod-ch-56,Work life," I'm sorry for any inconvenience, but the provided background information does not contain data about the retirement age for women in Ethiopia. For accurate information, you may want to consult official sources such as the Ethiopian government or reliable international databases.",0,0
mistral-7b,Ethiopia,English,inst-4,Jod-ch-57,Work life,"60 (This information was not provided in the background details, so I'm making an assumption based on common retirement ages around the world and the fact that Ethiopia has a functioning government with social welfare programs.)",1,1.0
mistral-7b,Ethiopia,English,inst-4,Jod-ch-58,Work life, Manager (0.4%),0,0
mistral-7b,Ethiopia,English,inst-4,Jod-ch-60,Work life," I'm sorry for any confusion, but the provided background information does not contain data about the typical workday duration in Ethiopia. The data provided pertains to employment sectors, pre-primary GER, and types of injera consumed. To answer this question accurately, you would need additional data or a reliable source that provides information on the average workday length in Ethiopia.",0,0
mistral-7b,Ethiopia,English,inst-4,Jod-ch-61,Work life, The data provided does not specify the occupation preferences among females in Ethiopia.,0,0
mistral-7b,Ethiopia,English,inst-4,Jod-ch-62,Work life, Managers (0.4%),0,0
mistral-7b,Ethiopia,English,inst-4,Ki-pe-17,Education," Secondary (Grades 9-12) is the typical level of education pursued on average in Ethiopia, as the given information does not specify beyond that. However, it's important to note that this answer is based on the general education structure provided and may not reflect the actual educational attainment of all students due to various factors such as accessibility, socio-economic conditions, etc.",0,0
mistral-7b,Ethiopia,English,inst-4,Ki-pe-24,Education, Amharic and other local languages are taught in schools in Ethiopia.,1,1.0
mistral-7b,Ethiopia,English,inst-4,Ki-pe-30,Education," Schools in Ethiopia are typically closed on weekends, which are Saturdays and Sundays.",1,1.0
mistral-7b,Ethiopia,English,inst-4,Ki-pe-32,Food, Food and drink,0,0
mistral-7b,Ethiopia,English,inst-4,Ki-pe-34,Food," Tej or coffee (injiqo) are common drinks for breakfast in Ethiopia, depending on personal preference.",1,0.6
mistral-7b,Ethiopia,English,inst-4,Ki-pe-36,Food, Italy (Pasta and Pizza are quite popular in Ethiopia),0,0
mistral-7b,Ethiopia,English,inst-4,Ki-pe-39,Food," In Ethiopia, a family picnic might include dishes from various food groups such as injera (flatbread), tibs (spiced meat), wot (stew), and legumes like lentils or split peas. However, there isn't a specific dish that is traditionally prepared exclusively for a family picnic in Ethiopia.",,
mistral-7b,Ethiopia,English,inst-4,Ki-pe-40,Food," There is no specific food from Ethiopia that is universally considered disgusting. However, some foreigners may find certain traditional dishes unfamiliar or unappealing due to differences in taste and cultural preferences.",,
mistral-7b,Ethiopia,English,inst-4,Ki-pe-43,Food, Injera,0,0
mistral-7b,Ethiopia,English,inst-4,Ki-pe-51,Work life,"08:00 - Assuming that the question refers to the opening time of government offices, as there is no specific closing time mentioned in the provided background information.",0,0
mistral-7b,Ethiopia,English,inst-4,Ki-pe-53,Work life,08:30 (assuming standard working hours are from 8:30 AM to 5 PM),1,1.0
mistral-7b,Ethiopia,English,inst-4,Kik-in-01,Holidays/Celebration/Leisure, Enkutatash (Ethiopian New Year),0,0
mistral-7b,Ethiopia,English,inst-4,Kik-in-02,Holidays/Celebration/Leisure," The information provided does not detail any specific celebratory activities for Ethiopia's Independence Day. However, it is customary for many Ethiopians to gather with family and friends, enjoy traditional food, music, and cultural performances on such occasions.",0,0
mistral-7b,Ethiopia,English,inst-4,Kik-in-04,Holidays/Celebration/Leisure, Buna (coffee ceremony setup),,
mistral-7b,Ethiopia,English,inst-4,Kik-in-05,Holidays/Celebration/Leisure, The provided information does not specify when a pregnancy celebration or ceremony is held in Ethiopia.,0,0
mistral-7b,Ethiopia,English,inst-4,Kik-in-06,Holidays/Celebration/Leisure, Gebeta game (or harvest time),0,0
mistral-7b,Ethiopia,English,inst-4,Kik-in-07,Holidays/Celebration/Leisure, Buurisame,0,0
mistral-7b,Ethiopia,English,inst-4,Kik-in-08,Holidays/Celebration/Leisure, Fasting (six days) followed by Shuwalid festival at Harar's walled-city gates.,0,0
mistral-7b,Ethiopia,English,inst-4,Kik-in-10,Holidays/Celebration/Leisure, It is not specified in the provided background information what the most popular tourist attraction for foreign visitors in Ethiopia is.,0,0
mistral-7b,Ethiopia,English,inst-4,Kik-in-11,Holidays/Celebration/Leisure," Churches in Ethiopia are popular tourist destinations, particularly those associated with significant religious events such as Lalibela Rock-Hewn Churches, Axum obelisks, and the monasteries of Lake Tana.",1,1.0
mistral-7b,Ethiopia,English,inst-4,Kik-in-15,Holidays/Celebration/Leisure," In Ethiopia, there is no specific traditional attire that women are required to wear during a graduation commencement ceremony. However, it's common for both men and women to wear formal Western-style clothing such as suits, dresses, or gowns.",1,1.0
mistral-7b,Ethiopia,English,inst-4,Kik-in-16,Food," Tej (honey wine) is traditionally served in Ethiopia, but it's not specifically associated with cold weather. There isn't a specific drink mentioned in the provided information that is commonly consumed when the weather is cold in Ethiopia.",0,0
mistral-7b,Ethiopia,English,inst-4,Kik-in-17,Food," Enset (or false banana) is not a fruit, it's a staple root crop. Therefore, no specific fruit is more commonly sold or found during Ramadan in Ethiopia as the information provided does not mention any fruits related to Ramadan.",0,0
mistral-7b,Ethiopia,English,inst-4,Kik-in-24,Food," Innofficial response: Innofficial data suggests that no animal products, including chicken, are served during weekdays in fast-food restaurants adhering to traditional Ethiopian Christian fasting practices. Therefore, it is unlikely that a carbohydrate is usually served with chicken in an Ethiopian fast-food restaurant on weekdays.",0,0
mistral-7b,Ethiopia,English,inst-4,Kik-in-31,Sport, It is not specified in the provided background information which martial art sport is the most famous in Ethiopia.,0,0
mistral-7b,Ethiopia,English,inst-4,Kik-in-34,Sport,"11 cultural games, athletics (marathon, track and field), football (soccer)",1,1.0
mistral-7b,Ethiopia,English,inst-4,Kik-in-35,Sport," The information provided does not specify if or how the COVID-19 pandemic affected the popularity of sports in Ethiopia, but it mentions that Dawro cultural sports are widely practiced and contribute to fitness, health, and social interaction.",0,0
mistral-7b,Ethiopia,English,inst-4,Kik-in-36,Sport, The information provided does not specify who the most popular soccer coach in Ethiopia is.,0,0
mistral-7b,Ethiopia,English,inst-4,Kik-in-37,Sport, Saint George vs Ethiopia Bunna,0,0
mistral-7b,Ethiopia,English,inst-4,Kik-in-38,Sport, Kebele Anticha (Kebele Anticha Supporters) vs Dedebit Bekele (Dedebit Bekele Supporters),,
mistral-7b,Ethiopia,English,inst-4,Kik-in-40,Sport," I'm sorry for any inconvenience, but there isn't enough information provided to determine who the most famous male badminton player in Ethiopia is. The background information provided does not mention badminton or any athletes who specialize in this sport.",,
mistral-7b,Ethiopia,English,inst-4,Kik-in-41,Sport," I'm sorry for any inconvenience, but the provided background information does not contain any details about a famous female badminton player from Ethiopia. Therefore, I cannot provide an answer to this question based on the given context.",,
mistral-7b,Ethiopia,English,inst-4,Kik-in-44,Sport, It is not specified in the provided background information that a particular sport gets the most support from the government in Ethiopia.,0,0
mistral-7b,Ethiopia,English,inst-4,Kik-in-45,Sport,9 cultural games facilities (based on information [3]),0,0
mistral-7b,Ethiopia,English,inst-4,Na-ko-02,Food," It is not specified in the provided information what cafe beverage people from Ethiopia most commonly enjoy. However, traditional Ethiopian drinks include tej (honey wine) and borde (a beer made from barley or wheat).",1,0.3333333333333333
mistral-7b,Ethiopia,English,inst-4,Na-ko-04,Food, The information provided does not specify a preferred hangover cure food in Ethiopia.,0,0
mistral-7b,Ethiopia,English,inst-4,Na-ko-05,Food," There is no concept of ""delivery food"" as we understand it in Western cultures in Ethiopia. Traditional Ethiopian meals are typically prepared at home or purchased from local markets and restaurants, and they are not delivered to homes. However, some modern urban areas may have food delivery services for certain types of cuisine, but traditional Ethiopian food is not usually included in these services.",0,0
mistral-7b,Ethiopia,English,inst-4,Na-ko-07,Food, The information provided does not specify or suggest what type of meat is consumed most by people from Ethiopia.,0,0
mistral-7b,Ethiopia,English,inst-4,Na-ko-08,Food, The information provided does not specify what fruit people from Ethiopia often eat in the autumn season.,0,0
mistral-7b,Ethiopia,English,inst-4,Na-ko-09,Food, Enset (False Banana),0,0
mistral-7b,Ethiopia,English,inst-4,Na-ko-11,Food," There is no specific information provided to determine what people in Ethiopia eat while watching a soccer game. However, it's common for many cultures to have traditional snacks or meals during sports events. In Ethiopia, some popular dishes include injera (a sourdough flatbread), tibs (spiced meat), kitfo (minced raw beef), and doro wot (chicken stew).",0,0
mistral-7b,Ethiopia,English,inst-4,Na-ko-15,Food, The meskel flower (symbolizing the six food groups) represents the nourishing food in Ethiopia.,0,0
mistral-7b,Ethiopia,English,inst-4,Na-ko-16,Sport," It is not possible to definitively identify the ""most famous"" soccer player in Ethiopia as popularity can vary, and there are many notable players from the country. Some well-known Ethiopian footballers include Getaneh Kebede, Saladin Said, and Degu Debebe.",1,0.5
mistral-7b,Ethiopia,English,inst-4,Na-ko-17,Sport,11 cultural games (as per the Cultural Sports Federation of Ethiopia),0,0
mistral-7b,Ethiopia,English,inst-4,Na-ko-18,Sport, The question does not provide information to determine the most common sport girls participate in during physical education classes in Ethiopia.,0,0
mistral-7b,Ethiopia,English,inst-4,Na-ko-19,Sport," I'm sorry for any inconvenience, but the provided background information does not contain any data related to Ethiopian volleyball players or their popularity. Therefore, it is impossible to determine who the most popular volleyball player in Ethiopia is based on this information alone.",,
mistral-7b,Ethiopia,English,inst-4,Na-ko-20,Sport, Long-distance running,1,1.0
mistral-7b,Ethiopia,English,inst-4,Na-ko-22,Sport," CECAFA, the Confederation of East, Central and Southern Africa Football Associations, includes several countries from East and Central Africa. However, without specific data or context, it's not possible to definitively determine Ethiopia's biggest rival in soccer matches based solely on this information.",0,0
mistral-7b,Ethiopia,English,inst-4,Na-ko-23,Sport," It is not specified in the provided information what type of sports academies children attend the most in Ethiopia. The information provided discusses cultural sports, modern sports, and a pre-school modality that involves older children teaching younger ones. However, no data is given about the prevalence or popularity of sports academies for children in general.",0,0
mistral-7b,Ethiopia,English,inst-4,Na-ko-24,Sport," Enset (or Ensete ventricosum, also known as Ethiopian banana or false banana) is the most commonly consumed food at home in Ethiopia according to the 2020/21 survey. However, without specific information about what is eaten in sports stadiums, it cannot be definitively stated that enset is the most commonly eaten food there.",0,0
mistral-7b,Ethiopia,English,inst-4,Na-ko-25,Sport,11 games (as per Cultural Sports Federation),0,0
mistral-7b,Ethiopia,English,inst-4,Na-ko-26,Sport," The question does not specify the definition of ""popular"" or refer to a specific source, so it is impossible to definitively determine the popular sports among the middle-aged population in Ethiopia. However, Ethiopia is well known for long-distance running and athletics, with many successful athletes coming from the country. Additionally, cultural games may also be practiced by the middle-aged population, as mentioned in point [1].",0,0
mistral-7b,Ethiopia,English,inst-4,Na-ko-28,Sport," The question does not pertain to the provided background information as it concerns winter sports, which are not traditionally practiced in Ethiopia due to its tropical climate.",0,0
mistral-7b,Ethiopia,English,inst-4,Na-ko-29,Sport, There is no information provided about a famous swimmer from Ethiopia.,0,0
mistral-7b,Ethiopia,English,inst-4,Na-ko-30,Sport," There is no information provided to determine the most popular e-sports game in Ethiopia. The information given pertains to traditional cultural sports games, not electronic sports.",0,0
mistral-7b,Ethiopia,English,inst-4,Na-ko-33,Holidays/Celebration/Leisure," Buurisame (false banana, milk, and butter) or shared milk and butter in general.",,
mistral-7b,Ethiopia,English,inst-4,Na-ko-37,Holidays/Celebration/Leisure," No specific information is provided in the background details to determine a ""most popular"" domestic vacation spot for people from Ethiopia.",0,0
mistral-7b,Ethiopia,English,inst-4,Na-ko-38,Holidays/Celebration/Leisure, Dowry from the groom's side (livestock or money),1,0.5
mistral-7b,Ethiopia,English,inst-4,Na-ko-39,Holidays/Celebration/Leisure, A dowry (livestock or money) is common as a congratulatory gesture at a friend's wedding in Ethiopia.,0,0
mistral-7b,Ethiopia,English,inst-4,Na-ko-40,Holidays/Celebration/Leisure,3 (Days),1,0.3333333333333333
mistral-7b,Ethiopia,English,inst-4,Na-ko-41,Holidays/Celebration/Leisure, Kisir or Injera (flatbread) are commonly prepared as condolence offerings at funerals in Ethiopia.,1,1.0
mistral-7b,Ethiopia,English,inst-4,Na-ko-42,Holidays/Celebration/Leisure," Inner context of the provided information does not suggest that funeral parlors in Ethiopia provide specific types of food. However, it's important to note that traditional Ethiopian funerals often involve a communal meal called ""Injera"" which is a sour flatbread made from teff flour and served with various stews (wats) and salads. This meal is typically prepared by the family of the deceased and shared among mourners and guests.",1,0.5
mistral-7b,Ethiopia,English,inst-4,Na-ko-43,Holidays/Celebration/Leisure," Clean their surroundings, settle disputes peacefully, and share food with neighbors (in reference to Wolaita and Sidama cultures).",0,0
mistral-7b,Ethiopia,English,inst-4,Na-ko-44,Holidays/Celebration/Leisure," It is not provided in the background information. Traffic congestion can be influenced by various factors such as holidays, events, and daily routines, but these are not specified for Ethiopia in the given information.",1,1.0
mistral-7b,Ethiopia,English,inst-4,Na-ko-45,Holidays/Celebration/Leisure, The information provided does not specify or suggest that there is a most popular honeymoon destination in Ethiopia.,0,0
mistral-7b,Ethiopia,English,inst-4,Ne-ar-05,Holidays/Celebration/Leisure," The most important national holiday in Ethiopia is Ethiopian New Year, also known as Enkutatash, which typically falls on September 11 or 12 in the Gregorian calendar.",0,0
mistral-7b,Ethiopia,English,inst-4,Ne-ar-06,Holidays/Celebration/Leisure," The information provided does not specify what people from Ethiopia eat during Ramadan, as it only mentions a festival called Shuwalid that takes place after Ramadan and involves fasting. However, it is common for Muslims around the world to break their fast during Ramadan with a meal called Iftar, which typically includes dates, water, milk, and traditional dishes such as injera (a type of flatbread) and various stews or curries.",1,1.0
mistral-7b,Ethiopia,English,inst-4,Ne-ar-09,Holidays/Celebration/Leisure," There is no specific information provided about what people from Ethiopia eat during Eid ul Fitr. However, as Ethiopia has a rich cultural heritage and diverse cuisine, it's likely that traditional dishes such as injera, kocho, and other fermented foods may be part of the celebrations. It would be best to consult regional or local customs for more accurate information.",0,0
mistral-7b,Ethiopia,English,inst-4,Ne-ar-10,Holidays/Celebration/Leisure," It is not specified in the provided background information what people from Ethiopia eat during Eid ul Adha. However, it is known that traditional Ethiopian foods include injera, kocho, awaze, tella, tej and borde. During Eid ul Adha, a significant part of the celebration often involves the sharing of meat, particularly sheep or goat, which could be served with any of these traditional dishes.",1,1.0
mistral-7b,Ethiopia,English,inst-4,Ne-ar-11,Holidays/Celebration/Leisure," People in Ethiopia celebrate their New Year at home or within their communities, not specifically at one particular location.",0,0
mistral-7b,Ethiopia,English,inst-4,Ne-ar-14,Holidays/Celebration/Leisure, Home,0,0
mistral-7b,Ethiopia,English,inst-4,Ne-ar-16,Work life, Saturday and Sunday,1,1.0
mistral-7b,Ethiopia,English,inst-4,Ne-ar-17,Work life,06:00 (assuming most agricultural work starts early in the morning),0,0
mistral-7b,Ethiopia,English,inst-4,Ne-ar-18,Work life, The information provided does not specify the working hours in Ethiopia.,0,0
mistral-7b,Ethiopia,English,inst-4,Ne-ar-20,Work life," Skilled agricultural and fishery work is considered as a secure job in Ethiopia, based on the provided data that 63.3% of employed people are engaged in this sector.",0,0
mistral-7b,Ethiopia,English,inst-4,Ne-ar-24,Work life, Addis Ababa,0,0
mistral-7b,Ethiopia,English,inst-4,Ne-ar-25,Work life," The information provided does not specify the industry that pays the best in Ethiopia as it only details employment statistics and occupational distribution. To find out about the industries that pay the best, you would need data on average wages or salaries for different sectors in Ethiopia.",0,0
mistral-7b,Ethiopia,English,inst-4,Ne-ar-26,Work life," I'm sorry for any confusion, but there isn't a specific ""most famous"" public corporation in Ethiopia mentioned in the provided background information. Public corporations are typically large-scale enterprises owned by the government, and while Ethiopia has many such entities, none of them were specifically highlighted as being particularly famous or well-known in the given context.",0,0
mistral-7b,Ethiopia,English,inst-4,Ne-ar-31,Food, Injera,0,0
mistral-7b,Ethiopia,English,inst-4,Ne-ar-32,Food, It is not specified in the provided background information what people usually have for breakfast in Ethiopia.,0,0
mistral-7b,Ethiopia,English,inst-4,Ne-ar-33,Food,12:00 (assuming midday as suggested by the context of the buna gatherings mentioned in Platt's study),1,0.3333333333333333
mistral-7b,Ethiopia,English,inst-4,Ne-ar-34,Food, Teff injera,1,1.0
mistral-7b,Ethiopia,English,inst-4,Ne-ar-36,Food," A typical festive meal in Ethiopia is Injera with various stews (Wot) such as Doro Wot, Tibs, Misir Wot, and Gomen. The meal is traditionally eaten from a communal plate after hand-washing, with injera being torn off and used to scoop up the stews.",0,0
mistral-7b,Ethiopia,English,inst-4,Ne-ar-37,Food, It is not specified in the provided background information which fruit people usually offer tourists or visitors from abroad in Ethiopia.,0,0
mistral-7b,Ethiopia,English,inst-4,Ne-ar-38,Food," Injera (a type of flatbread made from teff flour) is often used as a medium for offering food as charity in Ethiopia. However, it's important to note that the specific food offered can vary based on local customs and traditions.",1,0.5
mistral-7b,Ethiopia,English,inst-4,Ne-ar-39,Food," The concept of ""fast food"" as it is commonly understood, such as burgers or pizzas, may not be prevalent in Ethiopia due to cultural and culinary differences. Instead, traditional Ethiopian dishes like Injera (a sourdough flatbread made from teff flour) with various stews are the common food served quickly at restaurants. The cost of these meals can vary depending on location and ingredients used. Therefore, it's not accurate to say there is a ""cheapest fast food"" in Ethiopia as traditionally prepared dishes are more common.",1,0.3333333333333333
mistral-7b,Ethiopia,English,inst-4,Ne-ar-43,Food, Snacks (informal) or Biscuits (formal),0,0
mistral-7b,Ethiopia,English,inst-4,Ne-ar-44,Food, Blessing (Baraka),0,0
mistral-7b,Ethiopia,English,inst-4,New-am-02,Food, Injera,1,0.3333333333333333
mistral-7b,Ethiopia,English,inst-4,New-am-04,Food, Awaze,0,0
mistral-7b,Ethiopia,English,inst-4,New-am-08,Food, Animal products are avoided during Christian fasting in Ethiopia.,0,0
mistral-7b,Ethiopia,English,inst-4,New-am-15,Food, Kocho (a traditional fermented food from Southern Ethiopia),0,0
mistral-7b,Ethiopia,English,inst-4,New-am-27,Sport, It is not possible to determine the most popular female sportsperson in Ethiopia based on the provided background information.,0,0
mistral-7b,Ethiopia,English,inst-4,New-am-34,Education, At home or under teacher supervision (in the context of Child to Child pre-school modality).,1,1.0
mistral-7b,Ethiopia,English,inst-4,New-am-41,Education, Grade 8 (based on the survival rate to Grade 7 being mentioned in the background information),1,1.0
mistral-7b,Ethiopia,English,inst-4,New-am-53,Work life," Ethiopia as a whole is widely known for its coffee industry, particularly the regions of Harar, Sidama, Yirgacheffe, and Limu. There isn't specific information provided about tea production in this context, but Ethiopia also produces tea, with some notable areas being the Ilubabur and Kaffa zones.",0,0
mistral-7b,Ethiopia,English,inst-4,New-am-54,Work life, Somali Region,1,0.6666666666666666
mistral-7b,Ethiopia,English,inst-4,New-am-59,Work life," Skilled agricultural and fishery workers, elementary occupations, or managers are not typically associated with desert regions in Ethiopia. The primary occupation in such areas is more likely to be pastoralism (livestock herding).",0,0
mistral-7b,Ethiopia,English,inst-4,New-am-60,Work life, Livestock (not specified),0,0
mistral-7b,Ethiopia,English,inst-4,New-am-72,Family," I'm sorry for any inconvenience, but the provided background information does not contain any details about the most popular comic book for children in Ethiopia.",0,0
mistral-7b,Ethiopia,English,inst-4,New-am-73,Family, I'm unable to determine the most popular YouTube channel for children in Ethiopia as there isn't enough specific data provided in the background information to make that conclusion.,1,1.0
mistral-7b,Ethiopia,English,inst-4,New-am-74,Family," I'm an AI and don't have real-time data or the ability to browse the internet, so I can't definitively say which is the most popular talk show in Ethiopia. However, some of the well-known talk shows in Ethiopia include ""Ye Terefe Mela Kibe"" (Your Voice Matters) on EBC (Ethiopian Broadcasting Corporation), ""Habesha Bekele"" on Fana Broadcasting Corporate, and ""Abebech Gobezay"" on VOA Amharic. It's best to check the latest ratings for the most accurate information.",0,0
mistral-7b,Ethiopia,English,inst-4,New-am-77,Holidays/Celebration/Leisure, Ethiopian Epiphany (Timket),1,0.5
mistral-7b,Ethiopia,English,inst-4,New-am-81,Holidays/Celebration/Leisure,"1 Meskerem (September-October) is traditionally considered the busiest month for weddings in Ethiopia, as it coincides with the end of the rainy season and the beginning of the harvest season. However, it's important to note that wedding seasons can vary across different regions and cultures within Ethiopia.",0,0
mistral-7b,Ethiopia,English,inst-4,New-am-83,Holidays/Celebration/Leisure, Krar or Masenko are among the popular traditional musical instruments in Ethiopia.,0,0
mistral-7b,Ethiopia,English,inst-4,New-as-01,Food," Enset (or false banana) is not the main agricultural product, but it is a staple food in southern and western Ethiopia. The main agricultural product in Ethiopia is likely to be cereals such as wheat or teff, given that 63.3% of employed people are skilled agricultural workers.",1,1.0
mistral-7b,Ethiopia,English,inst-4,New-as-02,Food," Injera (made from teff, not wheat) is the most popular flatbread in Ethiopia. However, your question asks for a wheat-based food item and there isn't one mentioned as being particularly popular in Ethiopia.",1,1.0
mistral-7b,Ethiopia,English,inst-4,New-as-05,Food, Tej,0,0
mistral-7b,Ethiopia,English,inst-4,New-as-07,Food," I'm sorry for any confusion, but the information provided doesn't specify a traditional Ethiopian dish that is made primarily with fish. However, one of the popular dishes in Ethiopia that can include fish is Doro Wat (Chicken Stew), where fish can be substituted for chicken. But it's important to note that this is not a traditional fish-based dish. For a more accurate answer, I would recommend researching specific Ethiopian recipes that feature fish as the main ingredient.",0,0
mistral-7b,Ethiopia,English,inst-4,New-as-14,Food," Inano Wot (Ethiopian stew made with green vegetables) or Kay Wot (Ethiopian split pea stew) are commonly eaten during rainy weather in Ethiopia. However, the specific dish can vary based on regional preferences and availability of ingredients.",1,0.25
mistral-7b,Ethiopia,English,inst-4,New-as-15,Food," Tej (honey wine) or water flavored with gesho, traditionally served in tube-shaped flasks.",1,1.0
mistral-7b,Ethiopia,English,inst-4,New-as-20,Sport, The information provided does not specify the most popular indoor sport in Ethiopia.,0,0
mistral-7b,Ethiopia,English,inst-4,New-as-29,Sport, Football (Soccer),1,1.0
mistral-7b,Ethiopia,English,inst-4,New-as-30,Sport, Football (Soccer),1,1.0
mistral-7b,Ethiopia,English,inst-4,New-as-58,Work life," The information provided does not specify a most popular beverage for the workplace in Ethiopia. However, it mentions that 34.3% of children had a sweet beverage the previous day.",0,0
mistral-7b,Ethiopia,English,inst-4,New-as-64,Family, Maskel (or Timket) is the holiday where families tend to reunite in Ethiopia.,0,0
mistral-7b,Ethiopia,English,inst-4,New-as-76,Holidays/Celebration/Leisure," Gebeta, Feres Gugs, and traditional dances and songs are played during traditional holidays in Ethiopia.",,
mistral-7b,Ethiopia,English,inst-4,New-as-80,Holidays/Celebration/Leisure, Traditional dress,1,1.0
mistral-7b,Ethiopia,English,inst-4,New-as-89,Holidays/Celebration/Leisure, Traditional dress,0,0
mistral-7b,Ethiopia,English,inst-4,New-az-05,Food, The information provided does not specify a region as being the most famous for alcohol production in Ethiopia.,0,0
mistral-7b,Ethiopia,English,inst-4,New-az-11,Food, The question does not provide information about the summer season or the fruits eaten during that time in Ethiopia.,0,0
mistral-7b,Ethiopia,English,inst-4,New-az-12,Food," There is no information provided that suggests any region in Ethiopia is known for its seafood. Ethiopia is a landlocked country, so it does not have coastal areas or seas where seafood would be produced.",0,0
mistral-7b,Ethiopia,English,inst-4,New-az-21,Sport, There is no information provided that suggests which region in Ethiopia is the most popular skiing destination. Ethiopia does not have ski resorts due to its geographical location and climate.,,
mistral-7b,Ethiopia,English,inst-4,New-az-26,Sport, The information provided does not mention or imply that there is a popular martial arts player in Ethiopia.,,
mistral-7b,Ethiopia,English,inst-4,New-az-27,Sport, Marathon running (or long-distance running) based on the information provided about the high percentage of marathon runners coming from Arsi and Shewa compared to other track and field athletes.,1,1.0
mistral-7b,Ethiopia,English,inst-4,New-az-39,Education, The question does not provide information to determine the most popular destination for students from Ethiopia studying abroad.,0,0
mistral-7b,Ethiopia,English,inst-4,New-az-49,Work life,"13.6 (This is the percentage of people who are unpaid family workers in Ethiopia, assuming that each worker represents an individual in a family.)",1,1.0
mistral-7b,Ethiopia,English,inst-4,New-az-60,Family, Children in Ethiopia are often cared for by extended family members or community members when both parents are working.,1,0.3333333333333333
mistral-7b,Ethiopia,English,inst-4,New-az-69,Holidays/Celebration/Leisure,2 alcoholic drinks a week (assuming this refers to the frequency of consumption for men in Ethiopia),0,0
mistral-7b,Ethiopia,English,inst-4,New-az-70,Holidays/Celebration/Leisure,2 alcoholic drinks a week (as per the dietary guidelines),0,0
mistral-7b,Ethiopia,English,inst-4,New-az-73,Holidays/Celebration/Leisure, It is not possible to determine an average number of attendees at a wedding in Ethiopia based on the provided background information.,0,0
mistral-7b,Ethiopia,English,inst-4,New-ch-01,Food," Raw meat is shared during bonfire rituals in Gifaataa, Wolaita, but it's not specified that this is common practice across all of Ethiopia. Therefore, it's not possible to definitively say what kind of cooked meat people usually eat during barbecues in Ethiopia as a whole.",0,0
mistral-7b,Ethiopia,English,inst-4,New-ch-02,Food," The information provided does not specify the time for breakfast in Ethiopia. It is customary to have three main meals a day in Ethiopia, but the exact timing can vary based on personal and cultural preferences.",0,0
mistral-7b,Ethiopia,English,inst-4,New-ch-04,Food," It is not specified in the provided background information what kinds of food people usually eat for late-night snacks in Ethiopia. However, it can be inferred that they might consume foods from at least 4 food groups as per the 2022 dietary guidelines, which include cereals (such as injera), pulses (legumes), vegetables, fruits, meat and eggs, and dairy products.",1,1.0
mistral-7b,Ethiopia,English,inst-4,New-ch-05,Food, Awaze,0,0
mistral-7b,Ethiopia,English,inst-4,New-ch-07,Food, Awaze or Tella,0,0
mistral-7b,Ethiopia,English,inst-4,New-ch-08,Food," Awaze (spicy sauce) or Berbere (spice mix) are commonly used seasonings in Ethiopian cuisine, but neither was explicitly mentioned in the provided background information. Therefore, it's not possible to definitively answer this question based on the given context.",0,0
mistral-7b,Ethiopia,English,inst-4,New-ch-09,Food," Injera (a type of flatbread made from teff flour) is commonly consumed in Ethiopia, regardless of the weather. However, during colder months, stews and hot dishes such as doro wot (chicken stew), misir wot (red lentil stew), and kitfo (minced raw beef dish) are popular choices to keep warm.",0,0
mistral-7b,Ethiopia,English,inst-4,New-ch-13,Food," Tej (or Tellah) is a traditional Ethiopian honey wine, not a specific brand. If you're referring to commercial brands of alcoholic beverages in Ethiopia, it would vary and there isn't a single most famous one.",0,0
mistral-7b,Ethiopia,English,inst-4,New-ch-14,Food, It is not specified in the provided background information what foods people usually eat when they are sick in Ethiopia.,0,0
mistral-7b,Ethiopia,English,inst-4,New-ch-15,Food," Ready-to-eat foods such as processed snacks, canned goods, and packaged meals are commonly bought at supermarkets in Ethiopia. However, it's important to note that a significant portion of the population still relies on traditional staples like enset (also known as false banana or taro) for their daily diet.",0,0
mistral-7b,Ethiopia,English,inst-4,New-ch-16,Sport," I'm sorry for any inconvenience, but as a text-based AI model, I don't have real-time access to databases or the internet to provide specific information about the most famous sports-related movie in Ethiopia. However, it would be interesting to research and find out!",0,0
mistral-7b,Ethiopia,English,inst-4,New-ch-17,Sport," There is no information provided that suggests Ethiopians have a particular interest in an ""extreme sport."" The data provided pertains to employment, cultural games, and athletics (marathon running).",1,0.4
mistral-7b,Ethiopia,English,inst-4,New-ch-18,Sport, Marathon,0,0
mistral-7b,Ethiopia,English,inst-4,New-ch-19,Sport," There is no information provided about gymnastics events in Ethiopia, so it cannot be determined which gymnastics event is the most popular to watch during competitions.",0,0
mistral-7b,Ethiopia,English,inst-4,New-ch-23,Sport," I'm sorry for any confusion, but the provided background information does not contain data related to table tennis players in Ethiopia. Therefore, it is not possible to determine who the most famous table tennis player in Ethiopia is based on this information.",,
mistral-7b,Ethiopia,English,inst-4,New-ch-26,Sport," I'm sorry for any confusion, but the information provided doesn't seem to relate to the Winter Olympics as it pertains to athletics events that are typically held during summer. The Winter Olympics include sports like figure skating, ice hockey, alpine skiing, and more, which aren't traditionally popular in Ethiopia due to its tropical climate.",1,1.0
mistral-7b,Ethiopia,English,inst-4,New-ch-27,Sport, I don't have information about famous boxers from Ethiopia in my current database. It would be best to consult a more specialized source for this information.,0,0
mistral-7b,Ethiopia,English,inst-4,New-ch-30,Sport," It is not possible to determine the ""most famous"" track and field athlete in Ethiopia based solely on the provided background information, as it does not include specific names of athletes. However, some well-known Ethiopian track and field athletes include Haile Gebrselassie, Kenenisa Bekele, Tirunesh Dibaba, and Genzebe Dibaba.",0,0
mistral-7b,Ethiopia,English,inst-4,New-ch-31,Work life," It is not possible to definitively determine what job parents most hope their children will pursue in Ethiopia, as this can vary greatly depending on factors such as individual aspirations, cultural values, economic conditions, and personal circumstances. However, the information provided suggests that supporting family members (as seen in multigenerational households) and teaching (as observed in Child to Child pre-school modality and Fichee tradition) are valued roles within Ethiopian communities.",0,0
mistral-7b,Ethiopia,English,inst-4,New-ch-32,Work life, The provided information does not specify or suggest what office software is typically used in Ethiopia's workplaces.,1,1.0
mistral-7b,Ethiopia,English,inst-4,New-ch-38,Work life," Cities (Addis Ababa) and Regions (Oromia, SNNP, South West Ethiopia) known for import and export activities in Ethiopia include Addis Ababa, Oromia, SNNP, and South West Ethiopia.",1,0.5
mistral-7b,Ethiopia,English,inst-4,New-ch-39,Work life," I'm sorry for any inconvenience, but the provided background information does not contain data about the e-commerce industry in Ethiopia. Therefore, I cannot provide an answer to your question based on the given context.",0,0
mistral-7b,Ethiopia,English,inst-4,New-ch-44,Work life," I'm sorry for any inconvenience, but the provided background information does not contain data about the typical probation period for new employees in Ethiopia.",0,0
mistral-7b,Ethiopia,English,inst-4,New-ch-45,Work life,"1) Agriculture and fishery
2) Elementary occupations (not specified as business-related)
3) Not specified (the question is about industries for starting businesses, not running careers)",0,0
mistral-7b,Ethiopia,English,inst-4,New-ch-49,Family," The question does not specify the context of ""communicate remotely"". However, if we are referring to communication methods used by emigrants and their families, according to [3], family and friends facilitate 36.2% of the communication. So, it can be inferred that family and friends facilitated communication is the most common way for family members to communicate remotely in Ethiopia (in the context of emigration).",0,0
mistral-7b,Ethiopia,English,inst-4,New-ch-51,Family," Self-employed accommodations (e.g., homestays, guesthouses) are typically booked for family trips in Ethiopia.",0,0
mistral-7b,Ethiopia,English,inst-4,New-ch-54,Family," The question does not specify that the fruit is the main dish or the primary ingredient, so it's difficult to definitively say which fruit is ""usually prepared the most"" for family dinners in Ethiopia. However, some common fruits used in Ethiopian cuisine include berbere-spiced injera (a type of flatbread) topped with tibs (spicy sautéed meat), vegetables, or legumes, and fruits like mango, avocado, and banana are often enjoyed as side dishes or desserts.",1,1.0
mistral-7b,Ethiopia,English,inst-4,New-ch-64,Education," I'm sorry for any inconvenience, but the provided background information does not contain data about the number of hours of classes per week that university students typically have in Ethiopia. This specific data is not readily available from the given context.",0,0
mistral-7b,Ethiopia,English,inst-4,New-ch-66,Education,0 (Public high schools in Ethiopia do not charge tuition fees.),0,0
mistral-7b,Ethiopia,English,inst-4,New-ch-70,Education, Compulsory education for university students in Ethiopia is not specified in the provided background information.,0,0
mistral-7b,Ethiopia,English,inst-4,New-ch-71,Education," The question does not specify that it's about high schools. High school education in Ethiopia typically starts from Grade 9, and data specific to this level is not provided in the background information. Therefore, I cannot provide an answer for this question.",0,0
mistral-7b,Ethiopia,English,inst-4,New-ch-72,Education, Agriculture,0,0
mistral-7b,Ethiopia,English,inst-4,New-ch-73,Education," Athletics clubs (specifically marathon running) based on the information provided about the popularity of long-distance running among Ethiopian athletes, particularly from Arsi and Shewa regions. However, it's important to note that this answer is speculative as the text does not explicitly state that athletics clubs are most popular among university students in Ethiopia.",1,1.0
mistral-7b,Ethiopia,English,inst-4,New-ch-74,Education," Shared facilities within school clusters or dormitories, as individual housing is less common due to affordability and infrastructure constraints.",1,1.0
mistral-7b,Ethiopia,English,inst-4,New-ch-75,Education,"45 (Assuming each class period is typically 45 minutes, which is a common duration in many educational systems.)",1,0.25
mistral-7b,Ethiopia,English,inst-4,New-ch-78,Holidays/Celebration/Leisure," It is not possible to definitively state what leisure activities retired women typically like in Ethiopia as preferences can vary greatly among individuals. However, based on the provided information, it can be inferred that they might enjoy social gatherings involving chat leaf chewing and possibly playing genna, given its popularity across various groups and age ranges.",0,0
mistral-7b,Ethiopia,English,inst-4,New-ch-79,Holidays/Celebration/Leisure," It is not specified that retired men in Ethiopia have specific preferences for leisure activities, but it can be inferred from the provided information that they may enjoy playing genna (a stick game) and socializing while chewing chat leaves.",0,0
mistral-7b,Ethiopia,English,inst-4,New-ch-80,Holidays/Celebration/Leisure,"19 January (Epiphany), Christmas, Easter, Meskel",1,0.3333333333333333
mistral-7b,Ethiopia,English,inst-4,New-ch-81,Holidays/Celebration/Leisure," Traditional Ethiopian housewarming gifts may include items such as coffee ceremonial utensils, enset (false banana), traditional clothing, and locally-made crafts or decorations. However, it's essential to note that customs can vary among different regions and communities within Ethiopia.",0,0
mistral-7b,Ethiopia,English,inst-4,New-ch-82,Holidays/Celebration/Leisure, The information provided does not specify a specific starting time for weddings in Ethiopia.,0,0
mistral-7b,Ethiopia,English,inst-4,New-ch-83,Holidays/Celebration/Leisure, Harar,0,0
mistral-7b,Ethiopia,English,inst-4,New-ch-84,Holidays/Celebration/Leisure," There is no specific information provided about the color of clothing worn at weddings in Ethiopia. However, it's common for traditional Ethiopian wedding attire to include white or gold garments for women and white or blue for men.",1,1.0
mistral-7b,Ethiopia,English,inst-4,New-ch-85,Holidays/Celebration/Leisure, Black or Mourning Clothes,1,1.0
mistral-7b,Ethiopia,English,inst-4,New-en-01,Food, It is not specified in the provided background information what snack is eaten in the cinema in Ethiopia.,0,0
mistral-7b,Ethiopia,English,inst-4,New-en-02,Food," There is no specific mention or indication that Ethiopia has a popular chip/crisp culture. The information provided pertains to traditional Ethiopian foods, not chips or crisps.",0,0
mistral-7b,Ethiopia,English,inst-4,New-en-04,Food," I don't have real-time data or information about current celebrity chefs in Ethiopia, so I can't provide an accurate answer for this specific question. However, if you're looking for well-known figures associated with traditional Ethiopian cuisine, you might want to research individuals like Yodit Luluad, who has gained recognition for her work promoting and teaching traditional Ethiopian cooking both in Ethiopia and abroad.",0,0
mistral-7b,Ethiopia,English,inst-4,New-en-05,Food," Injera (flatbread made from teff flour) with legumes or stews, which are common and cost-effective meal options in Ethiopia.",0,0
mistral-7b,Ethiopia,English,inst-4,New-en-07,Food," I don't have real-time data or the ability to browse the internet, so I can't provide specific names of popular cooking shows in Ethiopia. However, given the unique traditional foods and agricultural practices mentioned, it would be reasonable to assume that cooking shows featuring these traditional dishes might be popular.",0,0
mistral-7b,Ethiopia,English,inst-4,New-en-08,Food, There is no information provided to determine the most popular chocolate brand in Ethiopia.,0,0
mistral-7b,Ethiopia,English,inst-4,New-en-10,Food," Cheese is not traditionally a staple food in Ethiopian cuisine, so there isn't a widely consumed ""most eaten"" cheese in Ethiopia.",0,0
mistral-7b,Ethiopia,English,inst-4,New-en-11,Food, The question does not provide information to determine the most disliked vegetable in Ethiopia.,0,0
mistral-7b,Ethiopia,English,inst-4,New-en-12,Food," Injera, a traditional flatbread made from teff flour, is commonly found in food courts in Ethiopia.",1,1.0
mistral-7b,Ethiopia,English,inst-4,New-en-17,Sport, The information provided does not specify or suggest the most common cheering tools used by sports fans in Ethiopia.,0,0
mistral-7b,Ethiopia,English,inst-4,New-en-18,Sport, Gena sticks or Gebeta set (depending on the specific game being played),0,0
mistral-7b,Ethiopia,English,inst-4,New-en-19,Sport, Addis Ababa Stadium,1,1.0
mistral-7b,Ethiopia,English,inst-4,New-en-23,Sport," I'm sorry for any inconvenience, but the information provided does not contain details about a famous Paralympian from Ethiopia. To answer this question accurately, additional information or resources would be needed.",,
mistral-7b,Ethiopia,English,inst-4,New-en-26,Sport, It is not specified in the provided background information which sporting chant is the best recognized in Ethiopia.,0,0
mistral-7b,Ethiopia,English,inst-4,New-en-38,Work life, Self-employment,0,0
mistral-7b,Ethiopia,English,inst-4,New-en-41,Work life," I don't have real-time data or the ability to determine who the most well-known and successful entrepreneur in Ethiopia is, as my responses are based on the information provided and do not involve real-world research. However, the statistics you've shared suggest that a majority of employed people in Ethiopia are self-employed, working in agriculture or elementary occupations. This could indicate that many entrepreneurs in Ethiopia might be involved in these sectors.",0,0
mistral-7b,Ethiopia,English,inst-4,New-en-47,Family, Debo area (for communal work),0,0
mistral-7b,Ethiopia,English,inst-4,New-en-49,Family," There is no specific ""most famous"" family in Ethiopia as such a designation would depend on individual perspectives, cultural contexts, and historical periods. The question seems to be asking for a well-known or influential family, but it's important to note that the answer may vary based on different criteria.",0,0
mistral-7b,Ethiopia,English,inst-4,New-en-50,Family, It is not possible to determine the most common family name in Ethiopia from the provided background information as it does not contain any data about family names.,,
mistral-7b,Ethiopia,English,inst-4,New-en-55,Family, Orthodox Christianity,1,1.0
mistral-7b,Ethiopia,English,inst-4,New-en-56,Family," The question does not specify that the foreign language is spoken by families, so it's impossible to determine from the provided background information.",0,0
mistral-7b,Ethiopia,English,inst-4,New-en-59,Family," The question does not specify the time frame, but according to recent data, the United States is one of the top destinations for Ethiopian immigrants. However, it's important to note that many Ethiopians also migrate within Africa, particularly to countries like Sudan and Djibouti.",0,0
mistral-7b,Ethiopia,English,inst-4,New-en-68,Education," Disciplinary actions in Ethiopian schools may include detention, suspension, or expulsion, depending on the severity of the misconduct.",0,0
mistral-7b,Ethiopia,English,inst-4,New-en-69,Education," It is not provided in the background information you've given that specific writers are commonly studied in literature classes in Ethiopia. However, Ethiopian literature has a rich history and includes works by authors such as Haile Selassie, Yilma Deressa, Tsegaye Gebre-Kristos, Mahder Assefa, and Fekade Haile-Gabriel, among others. It is recommended to consult additional resources for more detailed information on this topic.",0,0
mistral-7b,Ethiopia,English,inst-4,New-en-70,Education,2,1,1.0
mistral-7b,Ethiopia,English,inst-4,New-en-72,Education, It is not specified in the provided background information which online resource students usually use to study in Ethiopia.,0,0
mistral-7b,Ethiopia,English,inst-4,New-en-75,Education," I'm sorry for any inconvenience, but there is no specific information provided about the length of a semester in terms of weeks of teaching at universities in Ethiopia. For accurate information, it would be best to refer to official educational resources or institutions from Ethiopia.",0,0
mistral-7b,Ethiopia,English,inst-4,New-en-76,Holidays/Celebration/Leisure," Ethiopian Airlines' airport, which is Addis Ababa Bole International Airport.",1,1.0
mistral-7b,Ethiopia,English,inst-4,New-en-79,Holidays/Celebration/Leisure,1) Ethiopia (as a whole),0,0
mistral-7b,Ethiopia,English,inst-4,New-en-87,Holidays/Celebration/Leisure, Lalibela Rock-Hewn Churches,0,0
mistral-7b,Ethiopia,English,inst-4,New-en-90,Holidays/Celebration/Leisure," There is no specific mention of a ""most famous"" hotel brand in Ethiopia from the provided background information.",0,0
mistral-7b,Ethiopia,English,inst-4,New-gr-05,Food," Injera, a type of flatbread made from fermented teff flour, is a common breakfast option in Ethiopia. However, since the question asks for a ""grab-and-go"" breakfast option, it would be more appropriate to say that enset (also known as kocho) could be considered a popular grab-and-go breakfast food in southern Ethiopia due to its lactic fermentation process which allows it to be stored and consumed without cooking.",1,1.0
mistral-7b,Ethiopia,English,inst-4,New-gr-06,Food, It is not possible to determine the most popular food in Ethiopia among young people based on the provided background information.,0,0
mistral-7b,Ethiopia,English,inst-4,New-gr-08,Food, It is not specified in the provided background information what type of alcoholic drink is most commonly consumed at festivals in Ethiopia.,0,0
mistral-7b,Ethiopia,English,inst-4,New-gr-13,Food," There is no specified ""most common morning drink"" in Ethiopia as it can vary among individuals and regions. However, tea (ayi in Amharic) is commonly consumed by many Ethiopians in the mornings.",1,1.0
mistral-7b,Ethiopia,English,inst-4,New-gr-15,Food," There isn't a specific traditional dessert mentioned in the provided background information. However, honey wine (tej) is a popular traditional beverage in Ethiopia.",0,0
mistral-7b,Ethiopia,English,inst-4,New-gr-21,Sport, The information provided does not specify or suggest that there is a popular racket sport in Ethiopia.,,
mistral-7b,Ethiopia,English,inst-4,New-gr-24,Sport, Marathon (implied by the high percentage of marathon runners on the national team),1,1.0
mistral-7b,Ethiopia,English,inst-4,New-gr-29,Sport, Long-distance running,1,0.6666666666666666
mistral-7b,Ethiopia,English,inst-4,New-gr-47,Work life," I'm sorry for the inconvenience, but the information provided does not contain details about typical work breaks in Ethiopia. The data given pertains to dietary guidelines, religious practices, and caloric intake based on fasting patterns. To answer this question accurately, you would need additional information or sources that detail the standard work break duration in Ethiopia.",0,0
mistral-7b,Ethiopia,English,inst-4,New-gr-58,Work life, Unpaid family worker (13.6%),0,0
mistral-7b,Ethiopia,English,inst-4,New-gr-76,Holidays/Celebration/Leisure," Injera, a type of flatbread made from fermented teff flour, is commonly served during Easter in Ethiopia. However, it's important to note that traditional Ethiopian meals often consist of various dishes served on a large piece of injera, and the specific dishes may vary depending on the region and occasion.",0,0
mistral-7b,Ethiopia,English,inst-4,New-gr-82,Holidays/Celebration/Leisure," The question does not provide information to definitively determine the most popular music genre among the elderly population in Ethiopia. However, traditional Ethiopian music, such as Azmari and Krar music, are commonly associated with the country and have been passed down through generations, which might be popular among the elderly.",0,0
mistral-7b,Ethiopia,English,inst-4,New-gr-88,Holidays/Celebration/Leisure, Buna (coffee),1,0.3333333333333333
mistral-7b,Ethiopia,English,inst-4,New-gr-89,Holidays/Celebration/Leisure, Tej,0,0
mistral-7b,Ethiopia,English,inst-4,New-ha-07,Food, Injera,1,1.0
mistral-7b,Ethiopia,English,inst-4,New-ha-08,Food," Gebeta (not a food, but a game) is typically associated with the elderly in Ethiopia, not with food. However, since your question asks about a food that is typically disliked by children but enjoyed by the elderly, there isn't a specific food mentioned in the provided background information that fits this description.",,
mistral-7b,Ethiopia,English,inst-4,New-ha-09,Food, Gebeta (or clay pot) is commonly used in Ethiopia.,0,0
mistral-7b,Ethiopia,English,inst-4,New-ha-13,Food," Enset (or false banana) is not typically referred to as a vegetable, but rather a staple food crop. However, if we consider the data from your first point, it seems that enset is widely consumed in Ethiopia. If we were to interpret ""vegetable"" more broadly to include crops like enset, then it could be considered the most popular vegetable in Ethiopia. But if we stick to traditional definitions of vegetables, other crops such as teff, wheat, and various leafy greens are more commonly consumed as vegetables in Ethiopian cuisine.",0,0
mistral-7b,Ethiopia,English,inst-4,New-ha-19,Sport, The text does not provide information about an animal being used for sports in Ethiopia.,0,0
mistral-7b,Ethiopia,English,inst-4,New-ha-66,Family, Home or designated location (as decided by both families),0,0
mistral-7b,Ethiopia,English,inst-4,New-in-01,Food," I'm sorry for any confusion, but the information provided doesn't include details about coffee shop brands in Ethiopia. To find out which coffee shop brand is the most popular in Ethiopia, you would need to conduct a separate research or refer to a reliable source that provides such data.",0,0
mistral-7b,Ethiopia,English,inst-4,New-in-03,Food, Injera,1,1.0
mistral-7b,Ethiopia,English,inst-4,New-in-33,Work life,"1) Tigray
2) Afar
3) Oromia
4) Amhara
5) Benishangul-Gumuz
6) Southern Nations, Nationalities and Peoples' Region (SNNPR)
7) Gambella
8) Dire Dawa

Answer: 2) Afar",1,0.3333333333333333
mistral-7b,Ethiopia,English,inst-4,New-in-34,Work life," Ethiopia does not have significant oil reserves, so no specific region can be associated with oil.",0,0
mistral-7b,Ethiopia,English,inst-4,New-in-62,Education," Addis Ababa University, specifically the College of Engineering and Technology.",0,0
mistral-7b,Ethiopia,English,inst-4,New-in-63,Education," Addis Ababa University, specifically its College of Health Sciences (CHS) or School of Medicine.",0,0
mistral-7b,Ethiopia,English,inst-4,New-in-78,Holidays/Celebration/Leisure, Cash or Barter (as there is no widespread use of credit cards or digital wallets in Ethiopia),1,1.0
mistral-7b,Ethiopia,English,inst-4,New-in-80,Holidays/Celebration/Leisure, There is no specific information provided to determine if Ethiopia has a famous theme park.,0,0
mistral-7b,Ethiopia,English,inst-4,New-ko-01,Family," I don't have specific information about the most popular children's animation in Ethiopia. However, it would be interesting to research further as the context provided suggests a focus on education and health for young children.",1,1.0
mistral-7b,Ethiopia,English,inst-4,New-ko-02,Family, The information provided does not specify the most popular prenatal education activity for pregnant women in Ethiopia.,0,0
mistral-7b,Ethiopia,English,inst-4,New-ko-03,Family, It is not specified in the provided background information which children's song is the most popular one that families sing together in Ethiopia.,0,0
mistral-7b,Ethiopia,English,inst-4,New-ko-04,Family," Firewood, bonfires, and tools for home repairs (implied from Wolaita Gifaataa celebrations)",0,0
mistral-7b,Ethiopia,English,inst-4,New-ko-05,Family, Buna set (traditional coffee ceremony equipment) and household items for play.,0,0
mistral-7b,Ethiopia,English,inst-4,New-ko-06,Family," I'm sorry for any inconvenience, but the provided information does not specify a popular folk tale in Ethiopia that is typically told to children. The details given pertain more to cultural practices related to buna (coffee ceremony) and educational methods. To answer this question accurately, additional research would be required.",0,0
mistral-7b,Ethiopia,English,inst-4,New-ko-07,Holidays/Celebration/Leisure, Meskel Flower (or Cross),0,0
mistral-7b,Ethiopia,English,inst-4,New-ko-08,Work life," The question does not specify that university students in Ethiopia work part-time, so it's impossible to determine where they tend to work part-time based on the provided information.",0,0
mistral-7b,Ethiopia,English,inst-4,New-ko-09,Work life," The question does not provide information about team-building activities in companies based in Ethiopia, so it is impossible to give an accurate answer based on the provided background information.",,
mistral-7b,Ethiopia,English,inst-4,New-ko-10,Work life, Self-employment,0,0
mistral-7b,Ethiopia,English,inst-4,New-pe-02,Food," Injera, a type of fermented flatbread made from teff flour, is one of the most famous edible souvenirs for tourists in Ethiopia. However, it's important to note that each region in Ethiopia has its unique culinary specialties, and many other traditional foods can also be considered as popular souvenirs.",1,0.3333333333333333
mistral-7b,Ethiopia,English,inst-4,New-pe-06,Food," The question does not specify that we are looking for a stew, it asks about the most popular food in Ethiopia. However, if we interpret ""stew"" as a dish with a liquid base, injera (a flatbread made from fermented teff flour) is not technically a stew but is a very important part of Ethiopian cuisine and is often served with various stews such as doro wot, tibs, misir wot, and yetsom beyaynetu. So, it would be difficult to definitively say what the most popular ""stew"" in Ethiopia is without specifying a particular type of dish.",1,0.6666666666666666
mistral-7b,Ethiopia,English,inst-4,New-pe-11,Food," It is not specified in the provided background information which spice or herb is the most common one used in dishes from Ethiopia. However, some popular ones include berbere (a mix of various spices), niter kibbeh (spiced clarified butter), and fenugreek.",0,0
mistral-7b,Ethiopia,English,inst-4,New-pe-16,Sport, Feres Gugs (Ethiopian horsemanship game),0,0
mistral-7b,Ethiopia,English,inst-4,New-pe-20,Sport, Christmas Gena (Sandball),,
mistral-7b,Ethiopia,English,inst-4,New-pe-45,Work life," Fasting during the day, with no specific information provided about the work schedule at night.",0,0
mistral-7b,Ethiopia,English,inst-4,New-pe-47,Family,05/01 (May 1st),0,0
mistral-7b,Ethiopia,English,inst-4,New-pe-49,Family," The question does not specify prayer as the activity, but based on the context provided, it seems that gatherings often occur during Gifaataa (mid-September to early October) and around Maskel, which could involve prayers or blessings from elders. However, without explicit information about prayer, it's challenging to definitively say where families pray together in Ethiopia based on the provided background information.",0,0
mistral-7b,Ethiopia,English,inst-4,New-pe-53,Family, There is no specific mention of gifts for fathers or parents on Father's Day (or Parents' Day) in the provided background information about Ethiopia.,0,0
mistral-7b,Ethiopia,English,inst-4,New-pe-54,Family, Flowers and traditional hand-woven cloth (Kitashemesh) are common gifts for mothers on Mother's Day in Ethiopia.,0,0
mistral-7b,Ethiopia,English,inst-4,New-pe-59,Family,1 or 2 (depending on definition of generation),1,0.6666666666666666
mistral-7b,Ethiopia,English,inst-4,New-pe-65,Education,8 (Grades 7-8 cover 8 subjects),1,0.5
mistral-7b,Ethiopia,English,inst-4,New-pe-66,Education, The information provided does not specify any after-school curriculars in elementary schools in Ethiopia.,0,0
mistral-7b,Ethiopia,English,inst-4,New-pe-74,Education," I'm sorry for any inconvenience, but the provided background information does not contain data about the average annual tuition fee for public universities in Ethiopia.",0,0
mistral-7b,Ethiopia,English,inst-4,New-pe-76,Holidays/Celebration/Leisure," Performing traditional dances and songs, as well as displaying traditional dress are popular activities to do in parks in Ethiopia.",0,0
mistral-7b,Ethiopia,English,inst-4,New-pe-78,Holidays/Celebration/Leisure," I'm sorry for any confusion, but there seems to be no information provided about a famous film festival held in Ethiopia. For more specific questions or if you need help finding information about Ethiopian film festivals, feel free to ask!",0,0
mistral-7b,Ethiopia,English,inst-4,New-pe-83,Holidays/Celebration/Leisure, There is no information provided about a popular card game played during social gatherings in Ethiopia in the background information you've given.,1,1.0
mistral-7b,Ethiopia,English,inst-4,New-pe-85,Holidays/Celebration/Leisure, It is not provided in the background information that there is a most popular tourist destination abroad for people from Ethiopia.,0,0
mistral-7b,Ethiopia,English,inst-4,New-pe-86,Holidays/Celebration/Leisure," The most famous tower in Ethiopia is the Lalibela Rock-Hewn Churches, not a specific individual tower. However, if you're referring to a single structure, the answer would be the Obelisk of Axum (Stelae of Axum).",0,0
mistral-7b,Ethiopia,English,inst-4,New-spme-01,Food," There is no information provided that suggests a specific edible insect is eaten most often in Ethiopia. Injera, stews (wat), and lentils are the primary focus of meals in Ethiopia.",,
mistral-7b,Ethiopia,English,inst-4,New-spme-04,Food, The information provided does not specify an agricultural product that is most often exported from Ethiopia.,0,0
mistral-7b,Ethiopia,English,inst-4,New-spme-05,Food," Injera, kocho, tej, borde, and tella are traditional fermented foods from Ethiopia, but they are not typically considered as sweets. Therefore, there isn't a specific mention of popular sweets in the provided information.",0,0
mistral-7b,Ethiopia,English,inst-4,New-spme-15,Sport, The information provided does not mention or imply the most popular sports drink in Ethiopia.,0,0
mistral-7b,Ethiopia,English,inst-4,New-spme-27,Education, It is not possible to determine the average education level for people in Ethiopia based on the provided background information.,0,0
mistral-7b,Ethiopia,English,inst-4,New-spme-37,Education," Without specific data, it's not possible to definitively say which profession is most commonly studied abroad by students from Ethiopia. However, given the high number of teachers in Ethiopia and the potential for mobility that studying abroad could offer, it might be reasonable to speculate that education-related fields are among those frequently pursued by Ethiopian students overseas.",0,0
mistral-7b,Ethiopia,English,inst-4,New-spme-60,Family," Sunday (as most religious activities are associated with church services). However, it's important to note that this may not apply to all families or individuals, as some may choose to practice their faith on different days depending on specific traditions and beliefs.",1,1.0
mistral-7b,Ethiopia,English,inst-4,New-spme-65,Family," There isn't specific information provided about Independence Day celebration in Ethiopia. However, according to the background information, most festivals in Ethiopia are religious. Therefore, it can be assumed that Independence Day is likely celebrated with religious or cultural ceremonies.",0,0
mistral-7b,Ethiopia,English,inst-4,New-spme-68,Family, Sweet beverage,0,0
mistral-7b,Ethiopia,English,inst-4,New-spme-76,Holidays/Celebration/Leisure," There is no specific location mentioned for celebrating Independence Day in Ethiopia as it is a national holiday, not a state holiday. However, it is celebrated nationwide on May 5th.",0,0
mistral-7b,Ethiopia,English,inst-4,New-spme-78,Holidays/Celebration/Leisure," There is no specific traditional song for birthday parties in Ethiopia that I am aware of. However, music plays an important role in Ethiopian culture and various songs are sung during celebrations. The type of song may vary depending on the region or occasion.",0,0
mistral-7b,Ethiopia,English,inst-4,New-su-01,Food," Enset (also known as ensete or false banana) is often sold in front of schools in Ethiopia, along with other local snacks and foods.",0,0
mistral-7b,Ethiopia,English,inst-4,New-su-09,Food," The question does not specify if it's asking about a traditional or commonly used oil. However, based on the provided information, there is no clear indication of an oil that is specifically associated with Ethiopia for cooking purposes. Enset (or false banana) is a staple food, but it is not an oil.",0,0
mistral-7b,Ethiopia,English,inst-4,New-su-10,Food," Enset (also known as ensete or false banana) is commonly consumed by pregnant women in Ethiopia, particularly in southern and western regions.",0,0
mistral-7b,Ethiopia,English,inst-4,New-su-15,Food," Tej (honey wine) is traditionally popular, but the most common non-alcoholic drink in Ethiopia is water.",0,0
mistral-7b,Ethiopia,English,inst-4,New-su-17,Sport, The provided information does not specify the availability of sports facilities in parks in Ethiopia.,0,0
mistral-7b,Ethiopia,English,inst-4,New-su-21,Sport, Buna gatherings (coffee ceremonies) are common activities for seniors in parks in Ethiopia.,0,0
mistral-7b,Ethiopia,English,inst-4,New-su-24,Sport,1) Cultural Sports (Traditional Ethiopian Games),0,0
mistral-7b,Ethiopia,English,inst-4,New-su-28,Sport," Green (and yellow) - The colors of the Ethiopian flag are green, yellow, and red. However, in soccer, the most common representation of a country's identity is through its home jersey, which for Ethiopia is predominantly green with yellow details.",1,1.0
mistral-7b,Ethiopia,English,inst-4,New-su-33,Education, The information provided does not specify a common dress code for school teachers in Ethiopia.,0,0
mistral-7b,Ethiopia,English,inst-4,New-su-34,Education," The question does not provide information about the popularity of extracurricular activities, so it's impossible to determine the most popular extracurricular activity related to music in schools in Ethiopia based on the provided background information.",1,0.5
mistral-7b,Ethiopia,English,inst-4,New-su-42,Education," Ethiopia, being a multi-religious country, does not have a specific religion mandated to be taught in its schools. The curriculum focuses on teaching about religions and their history rather than promoting any particular faith.",0,0
mistral-7b,Ethiopia,English,inst-4,New-su-45,Education,09/09 (September 9th),,
mistral-7b,Ethiopia,English,inst-4,New-su-50,Work life, Agriculture (given that 81.7% of rural workers are employed in agriculture),1,0.5
mistral-7b,Ethiopia,English,inst-4,New-su-51,Work life, The data provided does not specify the main occupation in coastal areas of Ethiopia as it only provides information about rural and urban areas. Coastal areas are not mentioned in the data.,0,0
mistral-7b,Ethiopia,English,inst-4,New-su-57,Work life," Livestock (specific type not specified) is common in Ethiopia, given its pastoralist lifestyle and reliance on livestock as mentioned in point 1 of your background information. However, without more specific context or additional information, it's not possible to determine the most common type of livestock raised in Ethiopia from the provided background details.",0,0
mistral-7b,Ethiopia,English,inst-4,New-su-58,Work life," Livestock such as cattle, sheep, goats, and chickens are commonly used for agriculture in Ethiopia.",0,0
mistral-7b,Ethiopia,English,inst-4,New-su-59,Work life, Loincloth (Shamma) or traditional cotton clothing.,0,0
mistral-7b,Ethiopia,English,inst-4,New-su-60,Work life," Buna (coffee) is not food, so it cannot be what farmers in Ethiopia usually eat for lunch. The traditional rural lunch in Ethiopia often consists of injera (a sourdough flatbread made from teff flour) with various stews or wots, such as doro wot (chicken stew), misir wot (red lentil stew), or tibs (spiced sautéed meat).",1,1.0
mistral-7b,Ethiopia,English,inst-4,New-su-71,Family," It is not specified in the provided background information what specific gifts parents give to their children for their birthdays in Ethiopia. However, it can be inferred that gifts may vary based on cultural practices and socio-economic status.",0,0
mistral-7b,Ethiopia,English,inst-4,New-su-75,Family, Most families in Ethiopia generally do not own vehicles.,0,0
mistral-7b,Ethiopia,English,inst-4,New-su-77,Holidays/Celebration/Leisure, It is not provided in the background information what is usually given to children during Eid in Ethiopia.,0,0
mistral-7b,Ethiopia,English,inst-4,New-su-81,Holidays/Celebration/Leisure, It is not specified in the provided background information what clothes grooms typically wear at weddings in Ethiopia.,0,0
mistral-7b,Ethiopia,English,inst-4,New-su-82,Holidays/Celebration/Leisure," Traditional white dress or shiraro (white cotton gown) is commonly worn by brides at weddings in Ethiopia. However, modern brides may also choose to wear Western-style wedding dresses.",0,0
mistral-7b,Ethiopia,English,inst-4,New-su-83,Holidays/Celebration/Leisure, Injera,0,0
mistral-7b,Ethiopia,English,inst-4,New-su-86,Holidays/Celebration/Leisure, The most famous government building in Ethiopia is the Palace of Justice (Hayl Giorgis) located in Addis Ababa.,0,0
mistral-7b,Ethiopia,English,inst-4,New-su-88,Holidays/Celebration/Leisure," It is not possible to definitively determine the ""most popular"" music genre among the younger population in Ethiopia as musical preferences can vary greatly and are influenced by a multitude of factors. However, traditional Ethiopian music, particularly genres like Ethio-jazz and Abyssinian blues, have been significant influences on contemporary music in Ethiopia. Additionally, Western pop music and hip hop also have a strong presence among the younger generation due to globalization and increased access to media.",0,0
mistral-7b,Ethiopia,English,inst-4,Ni-en-02,Education,15:00 (assuming the school day is from 07:00 to 15:00),0,0
mistral-7b,Ethiopia,English,inst-4,Ni-en-03,Education,"19 (Assuming that by ""go to university"" you mean the age when one would start university, which is typically after passing the national exam mentioned in point [3] around the age of 18 or 19 years old.)",1,1.0
mistral-7b,Ethiopia,English,inst-4,Ni-en-06,Education,6,0,0
mistral-7b,Ethiopia,English,inst-4,Ni-en-09,Education,5,1,1.0
mistral-7b,Ethiopia,English,inst-4,Ni-en-11,Education,"4 (Usually, a Master's degree in Ethiopia takes around 4 years to complete.)",0,0
mistral-7b,Ethiopia,English,inst-4,Ni-en-12,Education," I'm sorry for any inconvenience, but as a text-based AI model, I don't have real-time data or the ability to browse the internet to provide current information. The question asks for the top university in Ethiopia, and without specific criteria for what constitutes ""top,"" it is not possible for me to provide an accurate answer based on the background information provided. For up-to-date and accurate information, I recommend consulting a reliable source such as a university ranking website or official government resources.",0,0
mistral-7b,Ethiopia,English,inst-4,Ni-en-13,Education,"20 (Assuming that most people start university at the age of 18 and complete their undergraduate studies in 4 years, which aligns with the information provided about university education being free and based on a national exam admitting around 20% of test-takers.)",0,0
mistral-7b,Ethiopia,English,inst-4,Ni-en-15,Education,13,0,0
mistral-7b,Ethiopia,English,inst-4,Ni-en-17,Work life,"40 (Assuming a standard 5-day workweek of 8 hours per day, excluding breaks and overtime.)",1,1.0
mistral-7b,Ethiopia,English,inst-4,Ni-en-19,Work life,5 (assuming a standard 5-day workweek),1,1.0
mistral-7b,Ethiopia,English,inst-4,Ni-en-20,Work life,"15 (Assuming that the data from EDHS 2016 suggests that most people start working, and since the data doesn't specify age for urban or rural children starting school, it can be inferred that some might start working around this age if they didn't attend school.)",0,0
mistral-7b,Ethiopia,English,inst-4,Ni-en-21,Work life,"15 (Based on the information provided, there's no clear indication of a minimum working age for children in Ethiopia. However, it is important to note that according to the United Nations Convention on the Rights of the Child, the minimum age for employment should not be less than 15 years.)",0,0
mistral-7b,Ethiopia,English,inst-4,Ni-en-31,Holidays/Celebration/Leisure," Ethiopian Christians traditionally eat Injera (a sourdough flatbread made from teff flour) with various stews, such as Doro Wat (chicken stew), Tibs (spiced sautéed meat), and Misir Wot (lentil stew), on Christmas Day.",1,1.0
mistral-7b,Ethiopia,English,inst-4,Ni-en-37,Holidays/Celebration/Leisure," Gifaataa (for Wolaita) or the festivals related to choosing marriage partners could be considered as celebrating love and romance, but there isn't a specific holiday named for love and romance across all Ethiopian cultures.",0,0
mistral-7b,Ethiopia,English,inst-4,Ni-en-40,Holidays/Celebration/Leisure," The specific Christmas song popular in Ethiopia isn't explicitly mentioned in the provided background information, but it's common to find traditional Ethiopian songs performed during festive occasions such as Christmas. Examples include ""Gena"" and ""Yegellalaw"" which are often associated with the Christmas season in Ethiopia.",1,0.3333333333333333
mistral-7b,Ethiopia,English,inst-4,Nu-in-04,Education,2 (Grades 9-10 constitute one semester and Grades 11-12 constitute the second semester),1,1.0
mistral-7b,Ethiopia,English,inst-4,Nu-in-05,Education,1st September,1,1.0
mistral-7b,Ethiopia,English,inst-4,Nu-in-06,Education,09/10 (MM/DD format),0,0
mistral-7b,Ethiopia,English,inst-4,Nu-in-11,Education, The provided information does not specify when elementary school starts in Ethiopia.,0,0
mistral-7b,Ethiopia,English,inst-4,Nu-in-20,Family,"09/27 (as per the information provided, there is no mention of a specific date for Children's Day in Ethiopia.)",,
mistral-7b,Ethiopia,English,inst-4,Nu-in-40,Work life, The information provided does not specify a particular city as the main destination for job seekers in Ethiopia.,0,0
mistral-7b,Ethiopia,English,inst-4,Sa-en-1,Food," I'm sorry for any confusion, but there isn't a widely recognized ""fast food chain"" in Ethiopia in the same way as in Western countries. The traditional Ethiopian cuisine is typically served in sit-down restaurants or local eateries, not fast food chains. However, some quick service restaurants offering traditional Ethiopian dishes are emerging in urban areas.",0,0
mistral-7b,Ethiopia,English,inst-4,Sa-en-13,Food, Awaze,0,0
mistral-7b,Ethiopia,English,inst-4,Sa-en-16,Sport," The question does not specify a particular soccer team, so it's impossible to determine the most popular one based on the provided background information.",0,0
mistral-7b,Ethiopia,English,inst-4,Sa-en-22,Sport," It is not possible to definitively determine the ""most famous"" university based on the provided information as it does not mention any specific universities or their sports teams. The information provided discusses demographic trends among marathon runners, cultural games, and university admission processes in Ethiopia.",0,0
mistral-7b,Ethiopia,English,inst-4,Sa-en-31,Family, The question does not provide information about pets in Ethiopia.,0,0
mistral-7b,Ethiopia,English,inst-4,Sa-en-32,Family," I'm sorry for any confusion, but the provided background information does not contain data about the most popular family TV show in Ethiopia.",0,0
mistral-7b,Ethiopia,English,inst-4,Sa-en-37,Family, The information provided does not specify a popular family board game in Ethiopia.,,
mistral-7b,Ethiopia,English,inst-4,Sa-en-6,Food," Enset (or false banana) is a staple food in southern and western Ethiopia, with 75.8% consumed at home and 16.7% sold. However, without additional context, it's not possible to determine if it qualifies as takeaway food.",0,0
mistral-7b,Ethiopia,English,inst-4,Sa-en-7,Food," Injera, awaze, tella, tej, borde, and kocho are popular snacks in Ethiopia.",0,0
mistral-7b,Ethiopia,English,inst-4,Sa-en-9,Food," There is no specific information provided to suggest that people from Ethiopia eat differently at the beach compared to their regular diet. Traditional Ethiopian foods like injera, kocho, awaze, tella, tej and borde are not necessarily beach foods. However, it's possible that they might enjoy these foods at a beach picnic or restaurant.",1,0.25
mistral-7b,Ethiopia,English,inst-4,Ta-pe-10,Family,23.7,0,0
mistral-7b,Ethiopia,English,inst-4,Ta-pe-11,Family,17.1,0,0
mistral-7b,Ethiopia,English,inst-4,Ta-pe-13,Family,4.6 (Based on the information from the 2016 Ethiopia Demographic and Health Survey),1,1.0
mistral-7b,Ethiopia,English,inst-4,Ta-pe-17,Sport, The information provided does not specify a particular sport that is popular in the Olympic Games in Ethiopia.,0,0
mistral-7b,Ethiopia,English,inst-4,Ta-pe-21,Sport, It is not explicitly stated where children usually play soccer in Ethiopia from the provided background information.,0,0
mistral-7b,Ethiopia,English,inst-4,Ta-pe-22,Sport, The question does not provide information about daily exercises. It would be incorrect to assume that buna gatherings are a form of daily exercise.,0,0
mistral-7b,Ethiopia,English,inst-4,Ta-pe-23,Sport," Buna gatherings (social coffee ceremonies) are not exercises, but they are a common daily activity among men in Ethiopia. If you meant to ask about physical exercise, the question would need to be rephrased accordingly.",0,0
mistral-7b,Ethiopia,English,inst-4,Ta-pe-25,Sport, There is no specific mention of a famous rivalry in national sports leagues in Ethiopia in the provided background information.,0,0
mistral-7b,Ethiopia,English,inst-4,Ta-pe-29,Sport," The information provided does not specify any professional sports in Ethiopia, so it's impossible to determine which one is the highest paying based on the given data.",0,0
mistral-7b,Ethiopia,English,inst-4,Ta-pe-30,Sport, I don't have information to determine the most popular sports-related TV program in Ethiopia as the provided background information does not mention any TV programs.,0,0
mistral-7b,Ethiopia,English,inst-4,Ta-pe-32,Holidays/Celebration/Leisure,11 September (Ethiopian New Year),1,1.0
mistral-7b,Ethiopia,English,inst-4,Ta-pe-37,Holidays/Celebration/Leisure, Meskel flower,0,0
mistral-7b,Ethiopia,English,inst-4,Ta-pe-42,Holidays/Celebration/Leisure," Buurisame (false banana, milk, and butter) is traditionally eaten by the Sidama people on their New Year festival Fichee-Chambalaalla, but it's not specified that this is what people from Ethiopia as a whole eat on New Year's Eve. However, since no specific food for New Year's Eve is mentioned in the provided background information, it's also possible that there isn't a traditional food specifically associated with Ethiopian New Year's Eve.",0,0
mistral-7b,Ethiopia,English,inst-4,Ta-pe-45,Holidays/Celebration/Leisure, Teff injera and stews (wat),0,0
mistral-7b,Ethiopia,English,inst-4,Th-en-01,Sport," The information provided does not specify a ""most popular summer sport"" in Ethiopia.",0,0
mistral-7b,Ethiopia,English,inst-4,Th-en-03,Sport," I'm sorry for any confusion, but the information provided does not specify or imply the most popular professional sports league in Ethiopia. The focus of the background information is on traditional cultural sports and their potential displacement by modern sports.",0,0
mistral-7b,Ethiopia,English,inst-4,Th-en-05,Sport," The question does not provide information about the popularity of different sports teams, so it is impossible to determine the most popular women's sports team in Ethiopia based on the provided background information.",0,0
mistral-7b,Ethiopia,English,inst-4,Th-en-09,Sport," It is not specified in the provided information which tournament is the most popular in Ethiopia. The information provided pertains to employment rates, cultural events, and traditional games, but no sports tournaments are mentioned.",0,0
mistral-7b,Ethiopia,English,inst-4,Th-en-11,Sport," It is not possible to determine the ""most popular"" sports person in Ethiopia based on the provided information. The data suggests that Ethiopia has a strong tradition of long-distance running, but it does not indicate who the most popular athlete is among the general population.",0,0
mistral-7b,Ethiopia,English,inst-4,Th-en-12,Sport," It is not possible to determine from the provided background information which sport Ethiopia has been most successful in international competitions. The information provided discusses cultural sports and their potential displacement by modern sports, as well as the budget of the Cultural Sports Federation in Ethiopia. However, it does not provide any information about Ethiopia's success in international competitions for any specific sport.",0,0
mistral-7b,Ethiopia,English,inst-4,Th-en-15,Sport, The information provided does not specify a winter sport in Ethiopia.,0,0
mistral-7b,Ethiopia,English,inst-4,Th-en-19,Work life, Amhara or South West Ethiopia (as they have higher employment-to-population ratios in industry compared to other regions),1,0.5
mistral-7b,Ethiopia,English,inst-4,Th-en-21,Work life," The average salary data provided does not indicate what perks are typically offered to employees in Ethiopia. Therefore, it's not possible to definitively answer this question based on the given information.",0,0
mistral-7b,Ethiopia,English,inst-4,Th-en-22,Work life," It is not possible to determine from the provided background information which period was the most catastrophic economically for Ethiopia, as no specific periods are mentioned and the data provided pertains to employment rates, education, and pastoralist regions.",0,0
mistral-7b,Ethiopia,English,inst-4,Th-en-24,Work life, The information provided does not indicate that there is a major hub for tech workers and startups in Ethiopia.,0,0
mistral-7b,Ethiopia,English,inst-4,Th-en-27,Work life, Agriculture,0,0
mistral-7b,Ethiopia,English,inst-4,Th-en-35,Family, Lunch,0,0
mistral-7b,Ethiopia,English,inst-4,Th-en-36,Family, Hosting Buna (traditional coffee ceremony),0,0
mistral-7b,Ethiopia,English,inst-4,Th-en-37,Family,"18 (This is based on the assumption that secondary education in Ethiopia lasts for 12 grades, and students usually graduate at age 18.)",1,0.5
mistral-7b,Ethiopia,English,inst-4,Th-en-38,Family, Buna (Coffee Ceremony),0,0
mistral-7b,Ethiopia,English,inst-4,Th-en-39,Family," Unpaid family workers play a game in Ethiopia. (This refers to the 13.6% of employed people who are unpaid family workers.) However, it's important to note that this answer doesn't specify the nature or name of the game as popular family games can include various activities and not all families may participate in the same one.",,
mistral-7b,Ethiopia,English,inst-4,Th-en-41,Family," According to the information provided, there isn't a specific age mentioned for couples to have their first child in Ethiopia. The data given pertains to household size and educational structure.",0,0
mistral-7b,Ethiopia,English,inst-4,Th-en-43,Family,0 (zero),0,0
mistral-7b,Ethiopia,English,inst-4,Th-en-44,Family," The question does not specify a particular dish as Ethiopia's most popular food for family meals on weekends, as the country has a rich and diverse culinary tradition with many regional specialties. However, some of the well-known dishes that are commonly enjoyed in Ethiopian households include Injera (a sourdough flatbread made from teff flour), Tibs (spiced meat or vegetables sautéed in clarified butter), Kitfo (minced raw beef seasoned with spices and herbs), Doro Wat (chicken stew cooked in a berbere spice blend), and Misir Wot (red lentil stew).",1,1.0
mistral-7b,Ethiopia,English,inst-4,Th-en-45,Family, The question does not provide information to determine the most popular weekday evening family activity in Ethiopia.,0,0
mistral-7b,Ethiopia,English,inst-4,Th-en-48,Education,12 (Secondary Grades 9-12),0,0
mistral-7b,Ethiopia,English,inst-4,Th-en-49,Education, The national exam that determines university admission is considered the most important exam for high school students in Ethiopia.,0,0
mistral-7b,Ethiopia,English,inst-4,Th-en-51,Education," The question does not specify which subject is considered the most important for students in general, but it mentions that 56.2% of inactive men and 32.3% of inactive women are students. Therefore, it can be inferred that education as a whole is considered the most important subject for students in Ethiopia.",0,0
mistral-7b,Ethiopia,English,inst-4,Th-en-53,Education," The information provided does not specify an extracurricular social event at schools in Ethiopia. However, it mentions the Great Ethiopian Run as a significant running event in Ethiopia, which could be considered an extracurricular activity for some students. But it's important to note that this is not an event typically held at schools.",0,0
mistral-7b,Ethiopia,English,inst-4,Th-en-58,Education," The information provided does not specify the level of mathematics taught in secondary school (Grades 9-12) in Ethiopia, so it's impossible to determine the most advanced math subject learned before university from the given background information.",0,0
mistral-7b,Ethiopia,English,inst-4,Tmp-ar-01,Education," Buna gatherings (informal study groups) are common in Ethiopia, but there is no specific information provided about where university students study for their final exams. It's possible that they may study at home, in libraries, or other designated study areas on campus.",1,1.0
mistral-7b,Ethiopia,English,inst-4,Tmp-ar-02,Education," I'm sorry for any confusion, but the provided background information does not specify a common mode of public transport used by students going to university in Ethiopia. It focuses on education statistics, food guidelines, and employment data. To answer this question accurately, additional context or information about transportation in Ethiopia would be needed.",0,0
mistral-7b,Ethiopia,English,inst-4,Tmp-ar-04,Education, The provided information does not specify what elementary students in Ethiopia usually do after school.,0,0
