model,country,language,prompt_no,ID,topic,response,score,weight
mistral-7b,Ethiopia,Amharic,pers-3,Al-en-01,Food,በኢትዮጵያ ቅድመ መደበኛ ልጆች የተለመደ መክሰስ በሚከተለውን ተመራራሉ ጥያቄ የማብራሪያ አንድ መልስ ብቻ ነው። ለሚከተለውን ጥያቄ የተለመደ መክሰስ በማብራሪያ አንድ መልስ ብቻ በሚከተለውን ጥያቄ የተለመደ መክሰስ በማብራሪያ አንድ መልስ ብቻ በሚከተለውን ጥያቄ የተለመደ መክሰስ በማብራሪያ አንድ መልስ ብቻ በሚከተለውን ጥያቄ የተለመደ መክሰስ በማብራ,0,0
mistral-7b,Ethiopia,Amharic,pers-3,Al-en-02,Food,በኢትዮጵያ ቢራ ጋር መሆኑ ማህበረታውን የሚያደብልክ መሆኑ ማህበረታው አገር መሆኑ ማህበረታውን የሚያደብልክ መሆኑ ማህበረታው አገር መሆኑ ማህበረታውን የሚያደብልክ መሆኑ ማህበረታው አገር መሆኑ ማህበረታውን የሚያደብልክ መሆኑ ማህበረታው አገር መሆኑ ማህበረታውን የሚያደብልክ መሆኑ ማህበረታው አገር መሆኑ ማህበረታውን የሚያደብልክ መሆኑ ማህበ,0,0
mistral-7b,Ethiopia,Amharic,pers-3,Al-en-04,Food,በኢትዮጵያ ምን ዓይነት ፍሬ እጅግ ታዋቂ ነው በመሆኑ የሚያደባለሁ ማስተካክል ጥያቄ መሆኑ በመሆኑ የሚያደባለሁ ማስተካክል ጥያቄ መሆኑ በመሆኑ የሚያደባለሁ ማስተካክል ጥያቄ መሆኑ በመሆኑ የሚያደባለሁ ማስተካክል ጥያቄ መሆኑ በመሆኑ የሚያደባለሁ ማስተካክል ጥያቄ መሆኑ በመሆኑ የሚያደባለሁ ማስተካክል ጥያቄ መሆኑ በመሆኑ የሚያደባለሁ ማስ,0,0
mistral-7b,Ethiopia,Amharic,pers-3,Al-en-06,Food,በኢትዮጵያ በትምህርት ቤት መኖሪያ የተለመደ ምግብ በአንዳይ ማብራሪያ በሚከተለው በመልስ ብቻ ጣቢት መሆኑ የተለመደ ምግብ ማህግ መሆኑ መሆኑ መሆኑ መሆኑ መሆኑ መሆኑ በማድረት የተለመደ ምግብ መሆኑ መሆኑ መሆኑ መሆኑ መሆኑ መሆኑ መሆኑ በውጭ ባህል የተለመደ ምግብ መሆኑ መሆኑ መሆኑ መሆኑ መሆኑ መሆኑ መሆኑ በውጭ ባህል የተለመደ ምግብ መሆኑ መ,0,0
mistral-7b,Ethiopia,Amharic,pers-3,Al-en-08,Food,በኢትዮጵያ በገባያ አዳራሽ ውስጥ የሚበሉ ምግቦች ነው ተሎመ ባህል ለማብራሪያ የምትሞከር ኢትዮጵያዊ ሰው ነህ። በመሆኑ በማህክሲ የተለይ ምግቦች በሚባለው በመልስ ብቻ በማብራሪያ የኢትዮጵያ ተሎመ ባህል ለሚበሉ ተፈላማ ተለይ የተለይ ምግቦች ነው ባህል ለሚበሉ ተፈላማ ተለይ የተለይ ምግቦች ነው ባህል ለሚበሉ ተፈላማ ተለይ የተለይ ምግቦች ነው ባህ,0,0
mistral-7b,Ethiopia,Amharic,pers-3,Al-en-09,Food,በኢትዮጵያ የመዝናኛ ፓርክ ውስጥ ታዋቂ አሰራር ምግባ መሆን የሚያዩው ማህናት መሆን በመሆን መሆን መሆን በመሆን መሆን የሚያዩው ማህናት መሆን በመሆን መሆን በመሆን መሆን የሚያዩው ማህናት መሆን በመሆን መሆን በመሆን መሆን የሚያዩው ማህናት መሆን በመሆን መሆን በመሆን መሆን የሚያዩው ማህናት መሆን በመሆን መሆን በመሆን መሆን የሚያዩው ማህናት መሆን በመሆን መሆን በመሆን መ,0,0
mistral-7b,Ethiopia,Amharic,pers-3,Al-en-16,Education,ትምህርት የሚጀምሩበት እድሜ ስንት ነው በመደበኛ ቁጥሮች (ምሳሌ 12) ብቻ ይምረጡ። በሚከተለውን ጥያቄ ትምህርት የመደበኛ ቁጥሮች (ምሳሌ 12) ብቻ ይመረጡ።,0,0
mistral-7b,Ethiopia,Amharic,pers-3,Al-en-17,Education,"በኢትዮጵያ መጀመሪያ ደረጃ ትምህርት ቤቶች ከትምህርት በኋላ የሚካሄድ ዝነኛ ስፖርት ዓይነት መጣቢያ መረጃ ለሚያዩ መልስ ብቻ ማህፈራሪያ ነው። ለሚከተለውን ጥያቄ ያልምንም ማብራሪያ አንድ መልስ ብቻ ስጥ።

  ከመጀመሪያ ደረጃ ትምህርት ቤቶች ከትምህርት በኋላ የሚካሄድ ዝነኛ ስፖርት ዓይነት መጣቢያ መረጃ ለሚያዩ መልስ ብቻ ማህፈራሪያ ነው መጣቢያ መረጃ የሚያዩ መልስ ",0,0
mistral-7b,Ethiopia,Amharic,pers-3,Al-en-18,Education,በመጀመሪያ ደረጃ ትምህርት ተማሪዎቸ የግል አስጠኚ የሚቀጠርላቸው በተለየ ለየትኛው የትምህርት አይነት ነው ያሉቱ መጀመሪያ ደረጃ ትምህርት ተማሪዎቸ የግል አስጠኚ የሚቀጠርላቸው በተለየ ለየትኛው የትምህርት አይነት ነው መጀመሪያ ደረጃ ትምህርት ተማሪዎቸ የግል አስጠኚ የሚቀጠርላቸው በተለየ ለየትኛው የትምህርት አይነት ነው መጀመሪያ ደረጃ ትምህርት ተማሪዎቸ የግል አስጠኚ የሚቀጠርላቸው በተለየ ,0,0
mistral-7b,Ethiopia,Amharic,pers-3,Al-en-19,Education,በኢትዮጵያ በሁለተኛ ደረጃ ትምህርት ተማሪዎች ተመራጭ ሁለተኛ ቋንቋ መሆኑ በመሆነ ባህል ለሚከተለው ጥያቄ በማብራሪያ አንድ መልስ ብቻ በሁለተኛ ቋንቋ መሆኑ በመሆነ ባህል ለሚከተለው ጥያቄ በማብራሪያ አንድ መልስ ብቻ በሁለተኛ ቋንቋ መሆኑ በመሆነ ባህል ለሚከተለው ጥያቄ በማብራሪያ አንድ መልስ ብቻ በሁለተኛ ቋንቋ መሆኑ በመሆነ ባህል ለሚከተ,0,0
mistral-7b,Ethiopia,Amharic,pers-3,Al-en-21,Education,በመጫቢያ ማብራሪያ ሰው ኢትዮጵያ የተማሪ ትምህርት አይነት የቱ ነው፡ በመጫቢያ ማብራሪያ ሰው ኢትዮጵያ የተማሪ ትምህርት አንዳችን በመሆኑ በመሆኑ በመጫቢያ የተማሪ ትምህርት አይነት መሆኑ በመጫቢያ ማብራሪያ ሰው ኢትዮጵያ የተማሪ ትምህርት አንዳችን በመጫቢያ ማብራሪያ ሰው ኢትዮጵያ የተማሪ ትምህርት አንዳችን በመጫቢያ ማብራሪያ ሰው ኢትዮጵያ የተማሪ ትምህርት አንዳችን በመ,0,0
mistral-7b,Ethiopia,Amharic,pers-3,Al-en-32,Holidays/Celebration/Leisure,"በኢትዮጵያ ለምስጋ በዓል ዋነኛው ምግብ መረጃ (መንግሥት), መረጃ መረጃ (መንግሥታ), ኮርባ (ኮርባ ያህል), ክሎሚ (ክሎሚ ማረጃ), ኢትዮጵያ መረጃ (ባህል ማረጃ) ውስፖስ ምንድን ነው። ለሚከተለውን ጥያቄ ያልምንም ማብራሪያ አንድ መልስ ብቻ ስጥ።

ክሎሚ ማረጃ (ክሎሚ ማረጃ) የህዝባት መረጃ መረጃ መረጃ መረጃ ነው። ክሎሚ ማረጃ በህዝባት መረጃ መረጃ መረጃ መረጃ ነው በህ",1,1.0
mistral-7b,Ethiopia,Amharic,pers-3,Al-en-33,Holidays/Celebration/Leisure,ሰዎች በኢትዮጵያ ሃሎዊንን ለመውደም ማህበረው የሚያዩ መሆኑ ጥቁር መሆኑ መሆኑ ማህበረው የሚያዩ መሆኑ ጥቁር መሆኑ መሆኑ ማህበረው የሚያዩ መሆኑ ጥቁር መሆኑ መሆኑ ማህበረው የሚያዩ መሆኑ ጥቁር መሆኑ መሆኑ ማህበረው የሚያዩ መሆኑ ጥቁር መሆኑ መሆኑ ማህበረው የሚያዩ መሆኑ ጥቁር መሆኑ መሆኑ ማህበረው የሚያዩ መሆኑ ጥቁር መሆኑ መሆኑ ማ,,
mistral-7b,Ethiopia,Amharic,pers-3,Al-en-34,Holidays/Celebration/Leisure,ሰዎች በኢትዮጵያ አዲስ አመት ቀን ሊያከብሩት የሚያደርጋሉ ማህፍሪያ መሆኑ መልስ ባህል ለማብራራት የሚያጠቃለሁ መሆኑ መልስ ብቻ ለማብራሪያ አንድ የሚጠቃለሁ መሆኑ መልስ ባህል ለማብራሪያ አንድ የሚጠቃለሁ መሆኑ መልስ ባህል ለማብራሪያ አንድ የሚጠቃለሁ መሆኑ መልስ ባህል ለማብራሪያ አንድ የሚጠቃለሁ መሆኑ መልስ ባህል ለማብራሪያ አንድ የሚጠቃለሁ መሆኑ መልስ ባህል ለ,0,0
mistral-7b,Ethiopia,Amharic,pers-3,Al-en-35,Holidays/Celebration/Leisure,በኢትዮጵያ ሰዎች ገና በአል ለማክበር ምን ያደርጋሉ የመረጃ መሆኑ መለፍት መሆኑ ማሕበረተኞች ያልደለም ጥያቄ የሚያዩ፣ መሆኑ ማሕበረተኞች በመሆኑ ማሕበረተኞች ያልደለም የሚያዩ፣ መሆኑ ማሕበረተኞች በመሆኑ ማሕበረተኞች ያልደለም የሚያዩ፣ መሆኑ ማሕበረተኞች በመሆኑ ማሕበረተኞች ያልደለም የሚያዩ፣ መሆኑ ማሕበረተኞች በመሆኑ ማሕበረተ,0,0
mistral-7b,Ethiopia,Amharic,pers-3,Al-en-36,Holidays/Celebration/Leisure,በኢትዮጵያ ምን ዓይነት ምግብ ከሃሎዊን ጋር ተያይዞ ይገኛል በመሆኑ የሚፈለጥ መሆኑ በመሆኑ መሆኑ ይህ ተመሆኑ በማስታው የሚገናው መሆኑ በመሆኑ መሆኑ ይህ ተመሆኑ የሚገናው መሆኑ በማስታው የሚገናው መሆኑ በመሆኑ መሆኑ ይህ ተመሆኑ የሚገናው መሆኑ በማስታው የሚገናው መሆኑ በመሆኑ መሆኑ ይህ ተመሆኑ የሚገናው መሆኑ በማስታው የሚገናው መሆ,,
mistral-7b,Ethiopia,Amharic,pers-3,Al-en-37,Holidays/Celebration/Leisure,በኢትዮጵያ በገና በዓል ላይ የተያያዘ ምግብ ማህከላይ መሆኑ አንድ መልስ ብቻ የሚያደረግ መሆኑ ማህከላይ መሆኑ ማህከላይ የተያያዘ ምግብ መሆኑ ማህከላይ መሆኑ ማህከላይ የተያያዘ ምግብ መሆኑ ማህከላይ የተያያዘ ምግብ መሆኑ ማህከላይ የተያያዘ ምግብ መሆኑ ማህከላይ የተያያዘ ምግብ መሆኑ ማህከላይ የተያያዘ ምግብ መሆኑ ማህከላይ የተያያዘ ምግ,0,0
mistral-7b,Ethiopia,Amharic,pers-3,Al-en-38,Holidays/Celebration/Leisure,መሆኑ ማህበረ የኢትዮጵያ ባህል ለአንድ የውጭ ዜጋ ለማብራራት የምትሞከር ኢትዮጵያዊ ሰው ነህ። መሆኑ በኢትዮጵያ የቪልንቴይን ቀን ምን ዓይነት ምግብ ይታያል መሆኑ በሚከተለው የማብራሪያ አንድ መልስ ብቻ ለማብራራት ነው መሆኑ የሚያጠባቸው መልስ ብቻ ለማብራራት ነው መሆኑ የሚያጠባቸው መልስ ብቻ ለማብራራት ነው መሆኑ የሚያጠባቸው መልስ ብቻ ለማብራራት ነው መሆኑ የ,0,0
mistral-7b,Ethiopia,Amharic,pers-3,Al-en-39,Holidays/Celebration/Leisure,በኢትዮጵያ ሰዎች በልደታቸው ቀን ስለ ማብራሪያ አንድ መልስ ብቻ ነህ መጠቃለው ለሚከተለው ማብራሪያ የመልስ ብቻ መጠቃለው ለሚከተለው ማብራሪያ የመልስ ብቻ መጠቃለው ለሚከተለው ማብራሪያ የመልስ ብቻ መጠቃለው ለሚከተለው ማብራሪያ የመልስ ብቻ መጠቃለው ለሚከተለው ማብራሪያ የመልስ ብቻ መጠቃለው ለሚከተለው ማብራሪያ የመልስ ብቻ መጠቃለው ለሚከ,0,0
mistral-7b,Ethiopia,Amharic,pers-3,Al-en-40,Holidays/Celebration/Leisure,በኢትዮጵያ ቤተሰቦች ከታናሽ ልጆች ጋር ለመዝናናት የተመረጡ የውጭ ቦታዎች ምንድን ናቸው በሚከተለው መልስ ብቻ የማብራሪያ አንድ መልስ ብቻ ለሚከተለውን ጥያቄ ያልምንም ማብራሪያ አንድ መልስ ብቻ ነው። ለሚከተለውን ጥያቄ ያልምንም ማብራሪያ አንድ መልስ ብቻ የኢትዮጵያ ቤተሰቦች ከታናሽ ልጆች ጋር ለመዝናናት የተመረጡ የውጭ ቦታዎች ምንድን ናቸው በሚከተለው መልስ ብቻ የ,0,0
mistral-7b,Ethiopia,Amharic,pers-3,Al-en-43,Holidays/Celebration/Leisure,"በኢትዮጵያ ለቤተሰቦች የታወቀ ውስጥ ቤት እንክብካቤ ምንድን ነው በመሆኑ የሚያደረጃ፣ ማህክላዊ፣ መሆኑ መሆኑ በመሆኑ የሚያደረጃ፣ ማህክላዊ፣ መሆኑ መሆኑ በመሆኑ የሚያደረጃ፡፡

  1. ግፍራቱ (Gifaataa) ታወቀ ውስጥ ቤት የነጭሩት ውሎላጣ መሆኑ በማህክላዊ ተመሆኑ የሚያደረጃ፡፡ በኢትዮጵያ ታወቀ ውስጥ ቤት በመሆኑ የሚያደረጃ በማህክላዊ ተመሆኑ ",,
mistral-7b,Ethiopia,Amharic,pers-3,An-ar-02,Education,በኢትዮጵያ ዩኒቨርስቲ ተማሪዎች ምሳቸውን የሚበሉበት ቦታ በእና ጥያቄ ተመረጃች በመሆኑ የሚፈላማውን በመሆኑ በመሆኑ ተመረጃች በመሆኑ የሚፈላማውን በመሆኑ በመሆኑ ተመረጃች በመሆኑ የሚፈላማውን በመሆኑ በመሆኑ ተመረጃች በመሆኑ የሚፈላማውን በመሆኑ በመሆኑ ተመረጃች በመሆኑ የሚፈላማውን በመሆኑ በመሆኑ ተመረጃች በመሆኑ የሚፈላማው,0,0
mistral-7b,Ethiopia,Amharic,pers-3,An-ar-03,Education,"በካቯባቸው የአገርህን ቤቶች በትምህርት ብቻ መልስ ብቻ ነው በሚከተለውን ጥያቄ ያልምንም ማብራሪያ አንድ መልስ ብቻ ነው በሚከተለውን ጥያቄ ያልምንም ማብራሪያ አንድ መልስ ብቻ የሚያዩ። ከሰጡ በካቯባቸው የአገርህን ቤቶች በትምህርት ብቻ መልስ ብቻ ነው በሚከተለውን ጥያቄ ያልምንም ማብራሪያ አንድ መልስ ብቻ የሚያዩ።

ከሰጡ በካቯባቸው የአገርህን ቤቶች በትምህርት ብቻ መልስ ብቻ ነው በ",0,0
mistral-7b,Ethiopia,Amharic,pers-3,An-ar-08,Education,በኢትዮጵያ ቀን ትምህርት ቤት ውስጥ ስንት ሰዓት ያሳልፋሉ ነጻ፣ በመሆኑ ቀን በማሪያ ተማሪዎች ቀን ትምህርት ቤት ውስጥ መልስ ብቻ ነጻ። በማሪያ ተማሪዎች ቀን ትምህርት ቤት ውስጥ ነጻ በመሆኑ ቀን ተማሪዎች ቀን በማሪያ ተማሪዎች ቀን ትምህርት ቤት ውስጥ ነጻ በመሆኑ ቀን ተማሪዎች ቀን በማሪያ ተማሪዎች ቀን ትምህርት ቤት ውስጥ ነጻ በመሆኑ ቀን ተማሪዎች ቀን በማሪያ ተማሪዎች ቀን ,0,0
mistral-7b,Ethiopia,Amharic,pers-3,An-ar-09,Education,"በኢትዮጵያ በከፍተኛ ትምህርት ቤት ተማሪዎች ባብዛኛው ስንተ ቋንቋዎችን ይማሩ በጥያቄ መልስ ባቻ በከፍተኛ ትምህርት ቤት ተማሪዎች ባብዛኛው ስንተ ቋንቋዎችን ይማሩ በጥያቄ መልስ ባቻ በአረቢኛ ቁጥር (ምሳሌ 5) ብቻ ይምልኩ።

በካባረዎችን ተማሪዎች ባቻ በአረቢኛ ቁጥር (ምሳሌ 5) ብቻ ይምልኩ በጥያቄ መልስ ባቻ በከፍተኛ ትምህርት ቤት ተማሪዎች ባቻ በአረቢኛ ቁጥር (5-10) ብቻ ",0,0
mistral-7b,Ethiopia,Amharic,pers-3,An-ar-34,Sport,በኢትዮጵያ ቤት በቡድን የሚጫወቱ እጅግ ታዋቂ ስፖርት ምንድን ነው በመሆኑ የሚያደረጃ፣ በማህናው በመሆኑ የሚያደረጥ፣ በመሆኑ የሚያደረጥ በማህናው በመሆኑ የሚያደረጥ በመሆኑ የሚያደረጥ በማህናው በመሆኑ የሚያደረጥ በማህናው በመሆኑ የሚያደረጥ በማህናው በመሆኑ የሚያደረጥ በማህናው በመሆኑ የሚያደረጥ በማህናው በመሆኑ የሚያደረጥ በማ,0,0
mistral-7b,Ethiopia,Amharic,pers-3,An-ar-35,Sport,በኢትዮጵያ ታዋቂ የስፖርት አስተያየት መረጃ ማን ነው በሚኒቱ መልስ ብቻ መሆኑ ተመለረግ በማህያት የመሆኑ መረጃ መልስ ብቻ መሆኑ ተመለረግ ይህን በሚኒቱ መልስ ብቻ መሆኑ ተመለረግ በማህያት የመሆኑ መረጃ መልስ ብቻ መሆኑ ተመለረግ ይህን በሚኒቱ መልስ ብቻ መሆኑ ተመለረግ በማህያት የመሆኑ መረጃ መልስ ብቻ መሆኑ ተመለረግ ይህን በሚኒቱ መልስ ብቻ መሆኑ ተመ,0,0
mistral-7b,Ethiopia,Amharic,pers-3,An-ar-36,Sport,መሆኑ ማሕበረተኞች ኢትዮጵያ በሚከተለውን እና መሆኑ ማሕበረተኞች ኢትዮጵያ በሚከተለውን እና መሆኑ ማሕበረተኞች ኢትዮጵያ በሚከተለውን በመሆኑ ማሕበረተኞች ኢትዮጵያ በሚከተለውን በመሆኑ ማሕበረተኞች ኢትዮጵያ በሚከተለውን በመሆኑ ማሕበረተኞች ኢትዮጵያ በሚከተለውን በመሆኑ ማሕበረተኞች ኢትዮጵያ በሚከተለውን በመሆኑ ማሕበ,0,0
mistral-7b,Ethiopia,Amharic,pers-3,An-ar-43,Sport,"በኢትዮጵያ ሰዎች በተለይ ስፖርት ዝግጅቶችን ተሰባስበው ለመመልከት የት ነው ማሳያዩ። ህግሞችን ተሰባስበው ለመመልከት የሚያዘወትሩት ቦታ በጥያቄ ማሳያዩ። ህግሞችን ተሰባስበው ለመመልከት የሚያዘወትሩት ቦታ በጥያቄ ማሳያዩ ህግሞችን ነው መሆኑ የሚያዘወትሩት ቦታ በጥያቄ ማሳያዩ።

በኢትዮጵያ ሰዎች በተለይ ስፖርት ዝግጅቶችን ተሰባስበው ለመመልከት የት ነ",0,0
mistral-7b,Ethiopia,Amharic,pers-3,Ca-sp-05,Food,"በኢትዮጵያ ሰዎች በአንዳ ቀን ስንት ጊዜ ይመገባሉ ፍጥና ማህበረ መልስ ብቻ መሰረሃ። ላይ በሚከተለውን ጥያቄ ያልምንም ማብራሪያ አንድ መልስ ብቻ ስጥ።

[1] የኢትዮጵያ 2022 ደረጃ ዲዩቶች በመሆኑ በማህበረ መሆኑ ለማብራሪያ ለማህበረ መሆኑ 6 መሆኑ ለማህበረ ዓመት ለማህበረ ዓመት 4 ግዜ በመሆኑ ለማህበረ ዓመት 80-120 ጎ ሰራሲ ለማህበረ ዓመት 5 ነገር ስልክ ለ",1,1.0
mistral-7b,Ethiopia,Amharic,pers-3,Ca-sp-06,Food,በኢትዮጵያ ሰዎች በቀን ውስጥ እጅግ አስፈላጊ የሆነው ምግብ መረጃ ማሪያ መልስ ብቻ መሰረሃ፣ መረጃ መሪክ መልስ ብቻ መሰረሃ፣ መረጃ ማራያ መልስ ብቻ መሰረሃ፣ መረጃ ክርመን መልስ ብቻ መሰረሃ። ማሪያ ምግብ መልስ ብቻ መሰረሃና መረጃ መሪክ መልስ ብቻ መሰረሃ ያለው የሆነው ምግብ ማሪያ መልስ ብቻ መሰረሃ። ማራያ ምግብ መልስ ብቻ መሰረሃ ያለው የሆነው ምግብ,0,0
mistral-7b,Ethiopia,Amharic,pers-3,Ca-sp-08,Food,"በኢትዮጵያ የምግብ አሰራር ላይ በተለይ የተለመደ ንጥረ ነግር በሚከተለው ማብራሪያ አንድ መልስ ብቻ ስጥ። ለሚከተለውን ጥያቄ ያልምንም ማብራሪያ አንድ መልስ ብቻ ስጥ።

  ከሚከተለው ማብራሪያ መልስ ብቻ ሳይት በሚከተለውን ጥያቄ ማብራሪያ አንድ መልስ ብቻ ሳይት በኢትዮጵያ የምግብ አሰራር ላይ በተለይ የተለመደ ንጥረ ነግር በሚከተለው ማብራሪያ አንድ መልስ ብቻ ሳይት በሚ",0,0
mistral-7b,Ethiopia,Amharic,pers-3,Ca-sp-09,Food,"ለሚከተለው ኢትዮጵያውያን በተለይ ምግብ ከጨረሱ በኋላ ምን ይመገባሉ ይህ የሚያደረግ መሆኑ ማስተካናል:

1. ኢትዮጵያ በተለይ ምግብ ከጨረሱ የመሆኑ ማብራሪያ መልስ በሚነበር ለማብራሪያ መልስ በጨረሱ በኋላ ለማብራሪያ መልስ በሚነበር ለማብራሪያ መልስ በጨረሱ በኋላ ለማብራሪያ መልስ በሚነበር ለማብራሪያ መልስ በጨረሱ በኋላ ለማብራሪያ መልስ በሚነበር",0,0
mistral-7b,Ethiopia,Amharic,pers-3,Ca-sp-11,Food,በመሆኑ ሰዎች በሳምንት ውስጥ በተለይ የቤተሰብ ምግባ የሚያዘጋጁበት ቀን የትኛው አሳሳው መሆኑ ሰዎች በሳምንት ውስጥ በተለይ የቤተሰብ ምግባ የሚያዘጋጁበት ቀን ነው። ማህበረ ሰዎች በሳምንት ውስጥ በተለይ የቤተሰብ ምግባ የሚያዘጋጁበት ቀን ነው መሆኑ ሰዎች በሳምንት ውስጥ በተለይ የቤተሰብ ምግባ የሚያዘጋጁበት ቀን አሳሳው መሆኑ ሰዎች በሳምንት ውስጥ በተለይ የቤተሰ,0,0
mistral-7b,Ethiopia,Amharic,pers-3,Ca-sp-14,Food,በኢትዮጵያ ተወዳጅ ትኩስ መጠጥ የሚያዝባለው ማብራሪያ አንድ መልስ ብቻ ነው። ትኩስ የሚያዝባለው በጥቃይ በመጽሐፍ በማህና በመረጃ የሚያዝባለው በመጽሐፍ በማህና በመረጃ በመጽሐፍ የሚያዝባለው በመጽሐፍ በማህና በመረጃ በመጽሐፍ የሚያዝባለው በመጽሐፍ በማህና በመረጃ በመጽሐፍ የሚያዝባለው በመጽሐፍ በማህና በመረጃ በመጽሐፍ የሚያ,0,0
mistral-7b,Ethiopia,Amharic,pers-3,Ca-sp-19,Holidays/Celebration/Leisure,"በኢትዮጵያ የሚገኙ ወጣቶች ሌሊት ክለብ ሲሄዱ በተለይ ምን ይጠጣሉ ፡፡

[1] የኢትዮጵያ ቤተ ነህ ታመሎችን ማህክረበ፣ መልስ ብቻ የውጭ መሆኑ ተመለመለበት ማህክረበት መልስ ብቻ የውጭ መሆኑ ተመለመለበት ማህክረበት መልስ ብቻ የውጭ መሆኑ ተመለመለበት ማህክረበት መልስ ብቻ የውጭ መሆኑ ተመለመለበት ማህክረበት መልስ ብቻ የውጭ መሆኑ ተመለመለበት ማህክረበት ",0,0
mistral-7b,Ethiopia,Amharic,pers-3,Ca-sp-21,Holidays/Celebration/Leisure,በኢትዮጵያ ሰዎች በአረቢኛ ቁጥር (1~12) ብቻ ስጡ። መሆኑ የተለይ በቀንድራሲያት በማህናው ጥያቄ በቀንዱር በመሆኑ የተለይ በቀንድራሲያት በማህናው ጥያቄ በቀንዱር በመሆኑ የተለይ በቀንዱር በማህናው ጥያቄ በቀንዱር በመሆኑ የተለይ በቀንዱር በማህናው ጥያቄ በቀንዱር በመሆኑ የተለይ በቀንዱር በማህናው ጥያቄ በቀንዱር በመሆኑ የተለይ በቀንዱር በማህናው ጥ,0,0
mistral-7b,Ethiopia,Amharic,pers-3,Ca-sp-29,Holidays/Celebration/Leisure,በኢትዮጵያ ሰዎች አዲስ አመት ዋዜማ የሚፈላሳል ባህል ነጻ መረጃ መሰረሃ። ሞካክስ በሚያዝቱ የመልስ ብቻ ማህግ በመረጃ መሰረሃ ነጻ መረጃ የሚያዝቱ ማህግ በመረጃ መሰረሃ ነጻ መረጃ የሚያዝቱ ማህግ በመረጃ መሰረሃ ነጻ መረጃ የሚያዝቱ ማህግ በመረጃ መሰረሃ ነጻ መረጃ የሚያዝቱ ማህግ በመረጃ መሰረሃ ነጻ መረጃ የሚያዝቱ ማህግ በመረጃ መሰ,0,0
mistral-7b,Ethiopia,Amharic,pers-3,Ca-sp-38,Family,በኢትዮጵያ ለአንድ ቤተሰብ የተለመደ የቤት አይነት በሚፈላማ ጥያቄ በመሆኑ በመሆና በመሆከተለው የቤት አይነት በሚፈላማ ጥያቄ በመሆኑ በመሆና በመሆከተለው የቤት አይነት በሚፈላማ ጥያቄ በመሆኑ በመሆና በመሆከተለው የቤት አይነት በሚፈላማ ጥያቄ በመሆኑ በመሆና በመሆከተለው የቤት አይነት በሚፈላማ ጥያቄ በመሆኑ በመሆና በመሆከተለው የቤት አይነት,0,0
mistral-7b,Ethiopia,Amharic,pers-3,Ca-sp-41,Family,በኢትዮጵያ አረጋዊያን በተለይ የሚኖሩበት ቦታ የት ነው መሆኑ ማግራችን ተመረጃ፣ በሚኖሩበት ቦታ የት ነው መሆኑ ማግራችን ተመረጃ፣ በሚኖሩበት ቦታ የት ነው መሆኑ ማግራችን ተመረጃ፣ በሚኖሩበት ቦታ የት ነው መሆኑ ማግራችን ተመረጃ፣ በሚኖሩበት ቦታ የት ነው መሆኑ ማግራችን ተመረጃ፣ በሚኖሩበት ቦታ የት ነው መሆኑ ማግራችን ተመረጃ፣ በሚኖሩበት ቦታ የ,0,0
mistral-7b,Ethiopia,Amharic,pers-3,Ca-sp-42,Family,ኢትዮጵያ የእናትነት ፍቃድ ለእናቶች ስንት ሳምንት ነው 16% መጠረክ ማህበሩ ሰው እናቶች በካባረ ሰው (15%) መጠረክ ማህበሩ ሰው እናቶች በካባረ ሰው (21%) በግራዝ በካባረ ሰው (20.5%) መጠረክ ማህበሩ ሰው በአፋር ሰው እናቶች በካባረ ሰው (20.5%) መጠረክ ማህበሩ ሰው እናቶች በአፋር ሰው እናቶች በግራዝ በካባረ ሰው (21%) መጠረክ ማህበሩ ሰው እናቶች በአፋር ሰ,1,1.0
mistral-7b,Ethiopia,Amharic,pers-3,Ca-sp-43,Family,የኢትዮጵያ ለአባቶች ሳምንት ፍቃድ ይሰጥል፡፡ መሆኑ ማህበረ ሲለሚከተለውን ሳምንት ፍቃድ ይመጣል 80-120 ግዛ ህዝብ ካሎች ይሰጡ ለማብራሪያ ይመጣል። ሳምንት ፍቃድ ነው ህዝብ ካሎች ማሕጠረተው መሆኑ ሲለሚከተለውን ሳምንት ፍቃድ ይመጣል በማብራሪያ መሆኑ ሲለሚከተለውን ሳምንት ፍቃድ ይመጣል 5 ግዛ ህዝብ ህዝብ ካሎች ማሕጠረተው መሆኑ ሲለሚከተለውን ሳ,1,1.0
mistral-7b,Ethiopia,Amharic,pers-3,Ca-sp-45,Family,"በኢትዮጵያ ለቤተሰብ ሽርሽር በተመረጡት መድረክ ምንድን ነው በሚከተለው የታወቀ ዓይነት መድረክ ማህግ በመሆኑ ተመረጡ መድረክ በሚከተለው የታወቀ ዓይነት መድረክ በማብራሪያ አንድ መልስ ብቻ መጣ።

  በኢትዮጵያ ሰው በቤተሰብ ሽርሽር በተመረጡት መድረክ በሚከተለው የታወቀ ዓይነት መድረክ በማብራሪያ አንድ መልስ ብቻ መጣ።
  1. በኢትዮጵያ በቤተሰብ ",0,0
mistral-7b,Ethiopia,Amharic,pers-3,Gu-ch-05,Sport,በኢትዮጵያ የመልስ ብቻ ስጥ። በኢትዮጵያ ተመረጃ በማብራሪያ በመልስ ብቻ በኢትዮጵያ ተመረጃ በማብራሪያ በመልስ ብቻ በኢትዮጵያ ተመረጃ በማብራሪያ የሚፈላሉ በኢትዮጵያ ተመረጃ በማብራሪያ በመልስ ብቻ በኢትዮጵያ ተመረጃ በማብራሪያ የሚፈላሉ በኢትዮጵያ ተመረጃ በማብራሪያ በመልስ ብቻ በኢትዮጵያ ተመረጃ በማብራሪያ የሚፈላሉ በኢትዮጵያ ተመ,0,0
mistral-7b,Ethiopia,Amharic,pers-3,Gu-ch-06,Sport,በኢትዮጵያ ወንዶች ምን ዓይነት ስፖርት እንደሚወዱ በርካታ ይጫወታሉ መሆኑ ባህል የመሆኑ ተማለሁ በሚያዝባህ በመግቢያ በመሆና የመሆኑ ተማለሁ በሚያዝባህ በመግቢያ በመሆና የመሆኑ ተማለሁ በሚያዝባህ በመግቢያ በመሆና የመሆኑ ተማለሁ በሚያዝባህ በመግቢያ በመሆና የመሆኑ ተማለሁ በሚያዝባህ በመግቢያ በመሆና የመሆኑ ተማለሁ በሚያዝባ,0,0
mistral-7b,Ethiopia,Amharic,pers-3,Gu-ch-07,Sport,በኢትዮጵያ እጅግ ዝነኛ ቅርጫት ኳስ ተጫዋች ማን ነው የመረጃ መሆኑ መሆኑ በሚከተለው በማንበራሪያ መልስ ብቻ ጥያቄ የመሆኑ በሚከተለው በማንበራሪያ መልስ ብቻ ጥያቄ የመሆኑ በሚከተለው በማንበራሪያ መልስ ብቻ ጥያቄ የመሆኑ በሚከተለው በማንበራሪያ መልስ ብቻ ጥያቄ የመሆኑ በሚከተለው በማንበራሪያ መልስ ብቻ ጥያቄ የመሆኑ በሚከተለው በማንበራሪያ ,,
mistral-7b,Ethiopia,Amharic,pers-3,Gu-ch-08,Sport,በኢትዮጵያ ልጆች መካከል እጅግ ታዋቂ የሆነ ስፖርት በሚኒቱ ማብራሪያ ተመረጃ፣ በመሆኑ የመሆነ ማብራሪያ ተመረጃ። ህዝባዊ ማብራሪያ በሚኒቱ ማብራሪያ ተመረጃ በመሆኑ የመሆነ ማብራሪያ ተመረጃ በሚኒቱ ማብራሪያ ተመረጃ የሆነ ስፖርት በሚኒቱ ማብራሪያ ተመረጃ በመሆኑ የመሆነ ማብራሪያ ተመረጃ በሚኒቱ ማብራሪያ ተመረጃ የሆነ ስፖርት በሚ,0,0
mistral-7b,Ethiopia,Amharic,pers-3,Gu-ch-09,Sport,በኢትዮጵያ ሴቶች ምን ዓይነት ስፖርት እንደሚወዱ እጅግ ይጫወታሉ በመሆኑ የማባረተኞች በሚያዝባህ ጥያቄ መልስ ብቻ መሆኑ የማባረተኞች በሚያዝባህ ጥያቄ መልስ ብቻ መሆኑ የማባረተኞች በሚያዝባህ ጥያቄ መልስ ብቻ መሆኑ የማባረተኞች በሚያዝባህ ጥያቄ መልስ ብቻ መሆኑ የማባረተኞች በሚያዝባህ ጥያቄ መልስ ብቻ መሆኑ የማባረተኞች በሚያዝባህ ጥያቄ,0,0
mistral-7b,Ethiopia,Amharic,pers-3,Gu-ch-11,Sport,ህዝብ የኢትዮጵያ ማብራሪያ መልስ ብቻ መረጃ፣ ክንያሎች ኢትዮጵያ፣ ኩናላማ ኪያክራሲ ነው ያመጣችው ይህን ሰው የሚያዩ ማብራሪያ አንድ ነው ያመጣችው ይህን ሰው የሚያዩ ማብራሪያ አንድ ነው ይህን ሰው የሚያዩ ማብራሪያ አንድ ነው ይህን ሰው የሚያዩ ማብራሪያ አንድ ነው ይህን ሰው የሚያዩ ማብራሪያ አንድ ነው ይህን ሰው የሚያዩ ማብራሪያ አንድ ነው ይህን ሰው የ,0,0
mistral-7b,Ethiopia,Amharic,pers-3,Gu-ch-15,Sport,በኢትዮጵያ ዩኒቨርስቲ ውስጥ የሚወዱት ስፖርት ምንድን ነው በመሆኑ ተማሪዎች በተረኛም የሚወዱት ስፖርት ጥቅሁ፣ መሆኑ ተማሪዎች በተረኛም የሚወዱት ስፖርት ጥቅሁን መሆኑ ተማሪዎች በተረኛም የሚወዱት ስፖርት ጥቅሁን መሆኑ ተማሪዎች በተረኛም የሚወዱት ስፖርት ጥቅሁን መሆኑ ተማሪዎች በተረኛም የሚወዱት ስፖርት ጥቅሁን መሆኑ ተማሪዎች በተረኛም የሚወዱት ስፖርት ጥቅሁን መሆኑ ተ,0,0
mistral-7b,Ethiopia,Amharic,pers-3,Gu-ch-16,Family,በኢትዮጵያ አንድ ቤተሰብ በአማካይ ስንት ሰዎች ይኖራሉ በመጣፍ በመረጃ በማህና በመሰረሃይ በመልስ ብቻ መሆን በመጣፍ በመረጃ በማህና በመሰረሃይ በመልስ ብቻ መሆን በመጣፍ በመረጃ በማህና በመሰረሃይ በመልስ ብቻ መሆን በመጣፍ በመረጃ በማህና በመሰረሃይ በመልስ ብቻ መሆን በመጣፍ በመረጃ በማህና በመሰረሃይ በመልስ ብቻ መሆን በመጣፍ በመረጃ,0,0
mistral-7b,Ethiopia,Amharic,pers-3,Gu-ch-18,Family,በኢትዮጵያ አንድ ባል እና ሚስት በአማካይ ስንት ሰዎች ይኖራሉ ፡፡ በጥያቄ ባል በመሆኑ በማህና በሚስት በመሆኑ ተጥቁ፡፡ በዚህ ባል በማህና በመሆኑ ተጥቁ በመሆኑ በማህና በመሆኑ ተጥቁ በዚህ ባል በመሆኑ በማህና በመሆኑ ተጥቁ በመሆኑ በማህና በመሆኑ ተጥቁ ፡፡ በዚህ ሚስት በመሆኑ በማህና በመሆኑ ተጥቁ በመሆኑ በማህና በመሆኑ ተጥቁ ፡፡ ,0,0
mistral-7b,Ethiopia,Amharic,pers-3,Gu-ch-31,Education,ትምህርት ስንት አመት የኢትዮጵያ መጀመሪያ ደረጃ በሚከተለውን አሳይ ማህናል። በመጀመሪያ ደረጃ 2022/23 ሲሆነ የተመለከት ቅርባ።,0,0
mistral-7b,Ethiopia,Amharic,pers-3,Gu-ch-32,Education,በኢትዮጵያ የተማሪዎች ዝቅተኛ የማጠናቀቂያ ዓመት ስንት በሚከተለው ማብራሪያ በመልስ ብቻ ጥያቄ በመሆኑ 12 ዓመት ነው።,0,0
mistral-7b,Ethiopia,Amharic,pers-3,Gu-ch-33,Education,በኢትዮጵያ ተማሪዎች ሁለተኛውን ቋንቋ ከምንት ዓመት ጀምሮ ማስተማር ይጀምራሉ በሚከተለው በመሆኑ በመሆና በማሪያ በመሆና ጀምሮ ማስተማር ይጀምራሉ በሚከተለውን በመሆኑ በመሆና በማሪያ ጀምሮ ማስተማር ይጀምራሉ በሚከተለውን በመሆኑ በመሆና በማሪያ ጀምሮ ማስተማር ይጀምራሉ በሚከተለውን በመሆኑ በመሆና በማሪያ ጀምሮ ማስተማር ይጀምራሉ በሚከተለውን ,0,0
mistral-7b,Ethiopia,Amharic,pers-3,Gu-ch-38,Education,ትምህርት ነገራችን መጀመሪያ ዲግሪ መሆኑ ማሕረዳዊ ነው መሆኑ በሚከተለውን ጥያቄ ያልምንም ማብራሪያ አንድ መልስ ብቻ (ምሳሌ 12) ይምልኩ።,0,0
mistral-7b,Ethiopia,Amharic,pers-3,Gu-ch-40,Education,"ኢትዮጵያ ቅድመ የመጀመሪያ ደረጃ ተማሪዎች ትምህርት ቤት ስንት ሰዓት ነፈሩ። መጀመሪያ ደረጃ ተማሪዎች ትምህርት ቤት ስንት ሰዓት ነፈሩ። መጀመሪያ ደረጃ ተማሪዎች ትምህርት ቤት ስንት ሰዓት ነፈሩ።

በመጀመሪያ ደረጃ ተማሪዎች ትምህርት ቤት ስንት ሰዓት ነፈሩ። መጀመሪያ ደረጃ ተማሪዎች ትምህርት ቤት ስንት ሰዓት ነፈሩ። መጀመሪያ ደረጃ ተማሪዎች ትምህርት ቤት ስንት ሰዓት ነፈሩ።

",0,0
mistral-7b,Ethiopia,Amharic,pers-3,Gu-ch-41,Education,በኢትዮጵያ የመጀመሪያ ደረጃ ተማሪዎች በተለይ ምን እና ስንት የሙዚቃ መሣሪያዎች ይጫወታሉ ፍጥሞች ነው። በሚከተለውን ጥያቄ ያልምንም ማብራሪያ አንድ መልስ ብቻ ስጡ። ከሚከተለው በማሳሉ በመሣሪያ በመጀመሪያ በሚከተለውን በማሳሉ በመጀመሪያ በሚከተለውን በማሳሉ የመጀመሪያ ተማሪዎች በተለይ ምን እና ስንት የሙዚቃ መሣሪያዎች ይጫወታሉ ፍጥሞች ነ,0,0
mistral-7b,Ethiopia,Amharic,pers-3,Ji-ko-02,Work life,በኢትዮጵያ ሰዎች በሳምንቱ ምን ቀን የድርጅት እራት ምግባ መብላትን ይመርጣሉ በማስተከተለው የሚያዩ መሆኑ በመሆኑ መልስ ብቻ ማሕግሪያ መሆኑ የሚያዩ መሆኑ በመሆኑ መልስ ብቻ ማሕግሪያ መሆኑ የሚያዩ መሆኑ በመሆኑ መልስ ብቻ ማሕግሪያ መሆኑ የሚያዩ መሆኑ በመሆኑ መልስ ብቻ ማሕግሪያ መሆኑ የሚያዩ መሆኑ በመሆኑ መልስ ብቻ ማሕግሪያ መሆኑ የሚያዩ መሆኑ በ,0,0
mistral-7b,Ethiopia,Amharic,pers-3,Ji-ko-03,Work life,በጥያቄ መሆኑ በኢትዮጵያ ተማለሁ የሚያሳለፈ መልስ ብቻ ላይ ናቸው ጥያቄ ማብራሪያ አንድ የሚያሳለፈ መልስ ብቻ ናቸው ጥያቄ ማብራሪያ አንድ የሚያሳለፈ መልስ ብቻ ናቸው ጥያቄ ማብራሪያ አንድ የሚያሳለፈ መልስ ብቻ ናቸው ጥያቄ ማብራሪያ አንድ የሚያሳለፈ መልስ ብቻ ናቸው ጥያቄ ማብራሪያ አንድ የሚያሳለፈ መልስ ብቻ ናቸው ጥያቄ ማብራሪያ አንድ የሚያሳለፈ መ,0,0
mistral-7b,Ethiopia,Amharic,pers-3,Ji-ko-07,Work life,"በኢትዮጵያ ውስጥ እጅግ ታዋቂ የሆነ የግል ድርጅት መረጃ ማሕጠረተው መሪያዊ መረጃ መረጃ መረጃ መረጃ መረጃ በማብራሪያ አንድ የኢትዮጵያ ሰው ነህ።

  1. መልስ ብቻ ማብራሪያ: የሆነ መልስ ብቻ ማብራሪያ አንድ ግልጠረተው መረጃ የኢትዮጵያ ሰው ነህ። ማብራሪያ አንድ መልስ ብቻ የሆነ ግልጠረተው መረጃ ማሕጠረተው መሪያዊ መረጃ የሆነ መልስ ብቻ ማብራሪያ አንድ መ",0,0
mistral-7b,Ethiopia,Amharic,pers-3,Ji-ko-08,Work life,"በኢትዮጵያ ሰው ከፍተኛው ሰዓት ስንት ነው የሚችል ሰዓት በአንድ ሳምንት ሊሠራ በመጣቢያ በማህፃ በሚያዩ ተመረጡ። ከፍተኛው ሰዓት በአንድ ሳምንት ሊሠራ የሚችል ሰዓት በመጣቢያ በሚያዩ ተመረጡ።

እንደ ማስተካክል የሚያዩ ተመረጡ በአንድ ሳምንት ሊሠራ በመጣቢያ በሚያዩ ተመረጡ በአንድ ሳምንት ሊሠራ የሚችል ሰዓት በመጣቢያ በሚያዩ ተመረጡ በአንድ ሳምንት ሊሠራ የሚችል ሰ",0,0
mistral-7b,Ethiopia,Amharic,pers-3,Ji-ko-09,Work life,በኢትዮጵያ ሰዎች በድርጅት ስብሰባ ጊዜ በተለይ ምን ይበላሉ ፍጥሞች መሆኑ በሚያዝባህ የማሳደር መሆኑ በመግባበት በመሆኑ በሚያዝባህ የማሳደር መሆኑ በመግባበት በመሆኑ በሚያዝባህ የማሳደር መሆኑ በመግባበት በመሆኑ በሚያዝባህ የማሳደር መሆኑ በመግባበት በመሆኑ በሚያዝባህ የማሳደር መሆኑ በመግባበት በመሆኑ በሚያዝባህ የማሳደር መሆኑ በመ,0,0
mistral-7b,Ethiopia,Amharic,pers-3,Ji-ko-14,Work life,በኢትዮጵያ ወጭ ንግድ ምርት የመሰረሃይ ቀላል ማሳዊ ነው፡፡ ህዝባዊ ጥያቄ መሰረሃይ በማሳዊ ነው መሰረሃይ በጥያቄ መሰረሃይ በማሳዊ ነው መሰረሃይ በጥያቄ መሰረሃይ በማሳዊ ነው መሰረሃይ በጥያቄ መሰረሃይ በማሳዊ ነው መሰረሃይ በጥያቄ መሰረሃይ በማሳዊ ነው መሰረሃይ በጥያቄ መሰረሃይ በማሳዊ ነው መሰረሃይ በጥያቄ መሰረሃይ,0,0
mistral-7b,Ethiopia,Amharic,pers-3,Ji-ko-15,Work life,በኢትዮጵያ የምሳ ሰዓት በሰዓት ስንት ሰዓት ነው 4.0 መሆኑ። መሆኑ ጥያቄ በመለከቱ ተመላክ (4.5 መሆኑ ጥያቄ በመለከቱ) በመለከቱ ተመላክ (3.2 መሆኑ ጥያቄ በመለከቱ) በመለከቱ ተመላክ (4.5 መሆኑ ጥያቄ በመለከቱ) በመለከቱ ተመላክ (2.3 መሆኑ ጥያቄ በመለከቱ) በመለከቱ ተመላክ (3.2 መሆኑ ጥያቄ በመለከቱ) በመለከቱ ተመላክ (2.3 መሆኑ ጥያቄ በመለ,1,1.0
mistral-7b,Ethiopia,Amharic,pers-3,Ji-ko-16,Family,"በኢትዮጵያ እናቶች ከወሊድ በኋላ ለተወሰነ ጊዜ ረፍት የሚያደርጉት የት ነው መሆን ማህበሩ። ለሚያደርጉት መሆን ማህበሩ፣ ከመሆን ማህበሩዎች እና ጥያቄ መልስ ብቻ የሚፈላሳውን ማህበሩዎች መሆን ነው።

ለሚያደርጉት የመሆን ማህበሩዎች እና ጥያቄ መልስ ብቻ ማህበሩ፣ በኢትዮጵያ እናቶች ከወሊድ በኋላ ለተወሰነ ጊዜ ረፍት የሚያደርጉት መሆን ማህበሩዎች ",0,0
mistral-7b,Ethiopia,Amharic,pers-3,Ji-ko-19,Family,በመሆኑ ቀን በኢትዮጵያ በተለይ የሚሰጥ አበባ ምንድነው መሆኑ በመልስ ብቻ ማብራሪያ ጥያቄ የሚሰጥ አበባ ህዝባዊ መሆኑ ለማብራሪያ ለሚከተለውን ጥያቄ የሚሰጥ አበባ ህዝባዊ መሆኑ ለማብራሪያ ለሚከተለውን ጥያቄ የሚሰጥ አበባ ህዝባዊ መሆኑ ለማብራሪያ ለሚከተለውን ጥያቄ የሚሰጥ አበባ ህዝባዊ መሆኑ ለማብራሪያ ለሚከተለውን ጥያቄ የሚሰጥ አበ,0,0
mistral-7b,Ethiopia,Amharic,pers-3,Ji-ko-22,Family,ኢትዮጵያ ሰዎች በተለይ የመጀመሪያ ደመወዛቸውን በሚከተለው 63.3% ማብራራት የመጀመሪያ ኢትዮጵያ መሆኑ በመጀመሪያ እና የፍራሪያ ማህክል ሰው መሆኑ በሚከተለው 18.5% ማብራሪያ የመጀመሪያ ኢትዮጵያ መሆኑ በሚከተለው 0.4% የመጀመሪያ ኢትዮጵያ መሆኑ በሚከተለው 13.6% የመጀመሪያ ኢትዮጵያ መሆኑ በሚከተለው 22.9% የመጀመሪያ ኢትዮጵያ መሆኑ በሚከ,0,0
mistral-7b,Ethiopia,Amharic,pers-3,Ji-ko-24,Family,በኢትዮጵያ ልጆች በሚወዷቸው የመዝናኛ ተቋም ማንኛው በመጫባቢ ተቋማት መካከል የተመረጠው ተቋም ማንኛው ነው በሚያዩ በመጫባቢ ተቋማት መካከል የተመረጠው ተቋም ማንኛው ነው በሚያዩ በመጫባቢ ተቋማት መካከል የተመረጠው ተቋም ማንኛው ነው በሚያዩ በመጫባቢ ተቋማት መካከል የተመረጠው ተቋም ማንኛው ነው በሚያዩ በመጫባቢ ተቋማት መካከል የተመረጠው ተ,0,0
mistral-7b,Ethiopia,Amharic,pers-3,Ji-ko-25,Family,በኢትዮጵያ የቤተሰብ በዓላት በመሆኑ በማህክላችን በመጫቢችን በመሆኑ በመሆኑ የቤተሰብ በዓላት በማህክላችን በመጫቢችን በመሆኑ የቤተሰብ በዓላት በማህክላችን በመጫቢችን በመሆኑ የቤተሰብ በዓላት በማህክላችን በመጫቢችን በመሆኑ የቤተሰብ በዓላት በማህክላችን በመጫቢችን በመሆኑ የቤተሰብ በዓላት በማህክላችን በመጫቢችን በመሆኑ የቤተሰብ በ,,
mistral-7b,Ethiopia,Amharic,pers-3,Ji-ko-26,Family,መጫባሬ ማህበረሰብ የሚያሳይ ቁልፍ ማህበረሰብ ምስል እንዲሁም እንቅስቃሴዎች መጫባሬ ማህበረሰብ መውጣታቸውን እንዲሁም እንቅስቃሴዎች ማህበረሰብ መጫባሬ መውጣታቸውን እንዲሁም እንቅስቃሴዎች ማህበረሰብ መጫባሬ መውጣታቸውን እንዲሁም እንቅስቃሴዎች ማህበረሰብ መጫባሬ መውጣታቸውን እንዲሁም እንቅስቃሴዎች ማህበረሰብ መጫባሬ መውጣታቸውን እንዲሁ,0,0
mistral-7b,Ethiopia,Amharic,pers-3,Ji-ko-27,Family,"በኢትዮጵያ አያቶችን ስትጎብኙ በተለመደ የምትሰጡት ስጦታ በሚከተለውን ጥያቄ ባህል ማብራሪያ አንድ መልስ ብቻ ስጥ።

  1. የኢትዮጵያ መረጃ በሚከተለውን አልባህል ማብራሪያ የምትሞከር ኢትዮጵያዊ ሰው ነህ። ለሚከተለውን አልባህል የምትሞከር ጥያቄ በተመረጃ በተለመደ የምትሰጡት ስጦታ ነፍሽ።

  2. በኢትዮጵያ አያቶችን የጨመራቱ ጥያቄ በተመረጃ በተለመደ የምትሰጡት ስጦታ ነፍሽ",0,0
mistral-7b,Ethiopia,Amharic,pers-3,Ji-ko-28,Family,በኢትዮጵያ ልጅ ከተወለደ በኋላ ሰዎች የመጀመሪያውን የሚያከብሩት ቀን መቼ ነው በመሆኑ ጥያቄ መቼ ተመሆኑ በሚከተለውን ቀን መቼ ነው በማብራሪያ በመጀመሪያ ተመሆኑ በሚከተለውን ቀን መቼ ነው በማብራሪያ በመጀመሪያ ተመሆኑ በሚከተለውን ቀን መቼ ነው በማብራሪያ በመጀመሪያ ተመሆኑ በሚከተለውን ቀን መቼ ነው በማብራሪያ በመጀመሪያ ተመ,0,0
mistral-7b,Ethiopia,Amharic,pers-3,Ji-ko-29,Family,በኢትዮጵያ ማኅበር ውስጥ የትኛው እድሜ በታላቅ ልምምድ የሚከበር የልደት ቀን ነጻ። በ2016 ኢትዮጵያ ደረስ መሆኑ ሓላይ ለማብራሪያ የሚያዩ መሆኑ 4.6 ሰው መጠባቸሎት ማህበር መልስ ብቻ መሆኑ በነጫ። በኢትዮጵያ ሓላይ በማብራሪያ የሚያዩ መሆኑ በነጫ ቅርባቸሎት በነጫ ተመሆኑ በዚህ በታላቅ ልምምድ የሚከበር የልደት ቀን በነጫ ተመሆኑ በነጫ ቅርባቸሎት በነጫ ተመሆ,1,0.5
mistral-7b,Ethiopia,Amharic,pers-3,Ji-ko-31,Education,በኢትዮጵያ የአንደኛ እና ሁለተኛ ደረጃ ተማሪዎች ለፈተናዎች በት ያጠናሉ መሆኑ የተመረጃ ተማሪዎች በፍቅር ባህል ለሚከተለውን በት ያጠናሉ መሆኑ የተመረጃ ተማሪዎች በፍቅር ባህል ለሚከተለውን በት ያጠናሉ መሆኑ የተመረጃ ተማሪዎች በፍቅር ባህል ለሚከተለውን በት ያጠናሉ መሆኑ የተመረጃ ተማሪዎች በፍቅር ባህል ለሚከተለውን በት ያጠናሉ መሆኑ የተ,0,0
mistral-7b,Ethiopia,Amharic,pers-3,Ji-ko-33,Education,በኢትዮጵያ ቤት ተማሪዎች ከእራት በተለምዶ የት ይሄዳሉ ፍጥና መሆኑ ማሪያ አንድ መልስ ብቻ በኋላ ተመረጃ፣ በተለምዶ የት በኋላ ተመረጃ በቀን በታይ በባህል ማሪያ በቀን በኋላ ተመረጃ። በኢትዮጵያ የሁለተኛ ደረጃ ትምህርት ቤት ተማሪዎች ከእራት በተለምዶ የት ይሄዳሉ ፍጥና መሆኑ ማሪያ አንድ መልስ ብቻ በኋላ ተመረጃ በቀን በታይ በባህል ማሪያ በኋላ ተመረጃ ,0,0
mistral-7b,Ethiopia,Amharic,pers-3,Ji-ko-34,Education,በኢትዮጵያ የመጀመሪያ ደረጃ ተማሪዎች ወደ ትምህርት ቤት እንዴት ይሄዳሉ ፍጣና መሆኑ የሚያዩው ማስጠኖር ሰሞች መሆኑ በመጀመሪያ ደረጃ የሚያዩው ማስጠኖር ሰሞች መሆኑ በመጀመሪያ ደረጃ የሚያዩው ማስጠኖር ሰሞች መሆኑ በመጀመሪያ ደረጃ የሚያዩው ማስጠኖር ሰሞች መሆኑ በመጀመሪያ ደረጃ የሚያዩው ማስጠኖር ሰሞች መሆኑ በመጀመሪያ ደረጃ የሚያዩው ,0,0
mistral-7b,Ethiopia,Amharic,pers-3,Ji-ko-35,Education,"በኢትዮጵያ ውስጥ በጣም የተለመደው የግል ትምህርት በሚከተለውን በማህና በመሆኑ በመጫባቢ የመልስ ትምህርት ተውላይ ማሕበረው መሆኑ በጥያቄ ባህል የሚያደረጃ። ለማብራሪያ አንድ መልስ ትምህርት በኢትዮጵያ በሚከተለውን በማሕበረው መሆኑ በጥያቄ ባህል የሚያደረጃ።

በኢትዮጵያ በጣም የተለመደው የግል ትምህርት በሚከተለውን በማሕበረው መሆኑ በጥያቄ ባህል የሚያደረጃ ",0,0
mistral-7b,Ethiopia,Amharic,pers-3,Ji-ko-36,Education,በግል ትምህርት አካዳሚ/የግል ትምህርታዊ ተቋማት መካከለኛ ወይም ከፍተኛ ትምህርት ደረጃ ተማሪዎች በብዛት የሚከታተሉት ትምህርት ነው በግል አንድ በመሆኑ በማብራሪያ ተማሪዎች በትምህርት ተግባቢ የሚከታተሉት በመሆኑ በማብራሪያ ተማሪዎች በትምህርት ተግባቢ የሚከታተሉት በመሆኑ በማብራሪያ ተማሪዎች በትምህርት ተግባቢ የሚከታተሉት በመሆኑ በማብራሪያ ተማሪዎች በትምህ,0,0
mistral-7b,Ethiopia,Amharic,pers-3,Ji-ko-37,Education,በግባቢ መሆኑ የተማሪዎች ቤት በትምህርት ቤት ሲሄዱ አልባሳት ይለብሳሉ የኢትዮጵያ መሆኑ በሚከተለውን ጥያቄ ማብራሪያ አንድ መልስ ብቻ የሁለቱ ነህ ሰው ነህ። በግባቢ መሆኑ በትምህርት ቤት ሲሄዱ አልባሳት ይለብሳሉ የግባቢ መሆኑ በሚከተለውን ጥያቄ ማብራሪያ አንድ መልስ ብቻ የሁለቱ ነህ ሰው ነህ መሆኑ በትምህርት ቤት ሲሄዱ አልባሳት ይለብሳሉ የግባቢ መሆኑ በሚከተ,0,0
mistral-7b,Ethiopia,Amharic,pers-3,Ji-ko-38,Education,በኢትዮጵያ ለመግባት በጣም ከባድ የሆነው የትምህርት ዘርፍ ተመሸክሎችን በማብራሪያ አንድ መልስ ብቻ መግባት የተመሸክሎችን በማብራሪያ አንድ መልስ ብቻ መግባት የተመሸክሎችን በማብራሪያ አንድ መልስ ብቻ መግባት የተመሸክሎችን በማብራሪያ አንድ መልስ ብቻ መግባት የተመሸክሎችን በማብራሪያ አንድ መልስ ብቻ መግባት የተመሸክሎችን በማብራሪያ አንድ መልስ ብቻ መግባት የተመሸክሎ,0,0
mistral-7b,Ethiopia,Amharic,pers-3,Ji-ko-39,Education,በኢትዮጵያ የመጀመሪያ ትምህርት ተማሪዎች በተለይ የሚማሩት ሙዚቃ መሣሪያ ነጻ መረጃ ስፖርት መሰረሃ። ማብራሪያ አንድ መልስ ብቻ ነጻ መረጃ መሰረሃት ማሳይ መረጃ መሰረሃት ነበር መረጃ ስፖርት መሰረሃት ይህን በማሳያቸው ነጻ መረጃ ስፖርት መሰረሃት መረጃ መሰረሃት ይህን በኢትዮጵያ የመጀመሪያ ትምህርት ተማሪዎች በተለይ የሚማሩት ሙዚቃ መሣሪያ ነጻ መረጃ ስፖርት ,0,0
mistral-7b,Ethiopia,Amharic,pers-3,Ji-ko-40,Education,በኢትዮጵያ ሁለተኛ ደረጃ በትምህርት ቤቶች ውስጥ በእረፍት ጊዜ ተማሪዎች በመሆኑ የሚያዩ መሆኑ በመሆኑ ግብረት ተማሪዎች በመሆኑ የሚያዩ መሆኑ በመሆኑ ግብረት ተማሪዎች በመሆኑ የሚያዩ መሆኑ በመሆኑ ግብረት ተማሪዎች በመሆኑ የሚያዩ መሆኑ በመሆኑ ግብረት ተማሪዎች በመሆኑ የሚያዩ መሆኑ በመሆኑ ግብረት ተማሪዎች በመሆኑ የሚያዩ መሆኑ ,0,0
mistral-7b,Ethiopia,Amharic,pers-3,Ji-ko-41,Education,በኢትዮጵያ ቤቶች ውስጥ ተማሪዎች የአይነት ጫማ ይለባህል በመሆኑ በመሆና በመሆከፍ የሚጠቃይ ማሪያ አንድ መልስ ብቻ መሆኑ ተመሆከፍ ጥያቄ ይለባህል በማብራሪያ ቤቶች ውስጥ ተመሆከፍ በሚጠቃይ ማሪያ በመሆኑ በመሆና በመሆከፍ የሚጠቃይ ማሪያ ተመሆከፍ በማብራሪያ ቤቶች ውስጥ ተመሆከፍ በሚጠቃይ ማሪያ በመሆኑ በመሆና በመሆከፍ የሚጠቃይ,0,0
mistral-7b,Ethiopia,Amharic,pers-3,Ji-ko-42,Education,በኢትዮጵያ ዩኒቨርስቲ መግቢያ ፈተና የሚሰጥባቸው የትምህርት አይነቶች እነማን ናቸው በመሆኑ ግቦታ የሚያዝባቸው መሆኑ ተመሆኑ በመሆኑ ግቦታ የሚያዝባቸው መሆኑ ተመሆኑ በመሆኑ ግቦታ የሚያዝባቸው መሆኑ ተመሆኑ በመሆኑ ግቦታ የሚያዝባቸው መሆኑ ተመሆኑ በመሆኑ ግቦታ የሚያዝባቸው መሆኑ ተመሆኑ በመሆኑ ግቦታ የሚያዝባቸው መሆኑ ተመሆ,0,0
mistral-7b,Ethiopia,Amharic,pers-3,Ji-ko-44,Education,ጥያቄ መሆኑ የሚያዩ መልስ ብቻ መሰረፍት ማንኛው ነው ግራቱ የሚያዩ መልስ ብቻ መሰረፍት ማንኛው ነው ይህ አገርህ የሚያዩ መልስ ብቻ መሰረፍት ማንኛው ነው ይህ አገርህ የሚያዩ መልስ ብቻ መሰረፍት ማንኛው ነው ይህ አገርህ የሚያዩ መልስ ብቻ መሰረፍት ማንኛው ነው ይህ አገርህ የሚያዩ መልስ ብቻ መሰረፍት ማንኛው ነው ይህ አገርህ የሚያዩ መልስ ብቻ መሰረፍት ማንኛው ነው ይህ አ,0,0
mistral-7b,Ethiopia,Amharic,pers-3,Ji-ko-45,Education,በኢትዮጵያ ዩኒቨርስቲ ፌስታሪያ ላይ ሰዎች እንደሚጠብቁት ነገር ምንድን ነው በመሆኑ የመልስ ብቻ ማሕበረተው መሆኑ በመጫባቢ መሆና የሚያዝባለሁ ማስተካቄ መሆኑ በመጫባቢ መሆና የሚያዝባለሁ ማስተካቄ መሆኑ በመጫባቢ መሆና የሚያዝባለሁ ማስተካቄ መሆኑ በመጫባቢ መሆና የሚያዝባለሁ ማስተካቄ መሆኑ በመጫባቢ መሆና የሚያዝባለሁ ማስተካቄ መሆኑ ,0,0
mistral-7b,Ethiopia,Amharic,pers-3,Jo-sp-01,Sport,በኢትዮጵያ ሁለተኛው ተወዳጅ ስፖርት ምንድነው የመሆኑ መረጃ መለሻ በሚከተለው ማብራሪያ አንድ የመልስ ብቻ ስጥ። ህዝባዊ መረጃ መለሻ በሚከተለው የማብራሪያ አንድ መልስ ብቻ መለሻ በሚከተለው የማብራሪያ አንድ መልስ ብቻ መለሻ በሚከተለው የማብራሪያ አንድ መልስ ብቻ መለሻ በሚከተለው የማብራሪያ አንድ መልስ ብቻ መለሻ በሚከተለው የማብራሪያ አንድ መልስ ብቻ መ,0,0
mistral-7b,Ethiopia,Amharic,pers-3,Jo-sp-02,Sport,በኢትዮጵያ ያልኳስ ተወዳጅ ስፖርት በመሆኑ የሚያዝባለው ማሕበረ ሓላተኛ በመጽሐፍ ሓላተኛ በመሆኑ የሚያዝባለው ሓላተኛ በመጽሐፍ ሓላተኛ በመሆኑ የሚያዝባለው ሓላተኛ በመጽሐፍ ሓላተኛ በመሆኑ የሚያዝባለው ሓላተኛ በመጽሐፍ ሓላተኛ በመሆኑ የሚያዝባለው ሓላተኛ በመጽሐፍ ሓላተኛ በመሆኑ የሚያዝባለው ሓላተኛ በመጽሐፍ ሓላተኛ በ,0,0
mistral-7b,Ethiopia,Amharic,pers-3,Jo-sp-09,Sport,በኢትዮጵያ ምን ዓይነት ስፖርቶች በባለሃብቶች ይዘወተራል በመጻና የሚፈላማው መሆኑ በመሆኑ መሆኑ ተመሆኑ በመጻና የሚፈላማው መሆኑ በመጻና የሚፈላማው መሆኑ ተመሆኑ በመጻና የሚፈላማው መሆኑ በመጻና የሚፈላማው መሆኑ ተመሆኑ በመጻና የሚፈላማው መሆኑ በመጻና የሚፈላማው መሆኑ ተመሆኑ በመጻና የሚፈላማው መሆኑ በመጻና የሚፈላማው መ,0,0
mistral-7b,Ethiopia,Amharic,pers-3,Jo-sp-13,Sport,"በኢትዮጵያ ምን ዓይነት ውሃ ስፖርት እጅግ ታዋቂ ነው በመሆኑ የሚያደረግ ማስተናይ ባህል ለማብራሪያ አንድ መልስ ብቻ በግራቱ የኢትዮጵያ ሰው ነህ።

  1. በኢትዮጵያ መሆኑ ባህል የሚያደረግ ማስተናይ ባህል ለማብራሪያ አንድ መልስ ብቻ የግራቱ ሰው ነህ። ሜማለው መሆኑ ባህል ለማብራሪያ አንድ መልስ ብቻ የግራቱ ሰው ነህ መሆኑ ባህል ለማብራሪያ አንድ መልስ ብቻ የግራቱ",0,0
mistral-7b,Ethiopia,Amharic,pers-3,Jo-sp-14,Sport,መሆኑ ማብራሪያ አንድ የሚደረጃ ስፖርት እጅግ ታዋቂ ነው በመሆኑ ማብራሪያ አንድ የሚደረጃ ስፖርት እጅግ ታዋቂ ነው በመሆኑ ማብራሪያ አንድ የሚደረጃ ስፖርት እጅግ ታዋቂ ነው በመሆኑ ማብራሪያ አንድ የሚደረጃ ስፖርት እጅግ ታዋቂ ነው በመሆኑ ማብራሪያ አንድ የሚደረጃ ስፖርት እጅግ ታዋቂ ነው በመሆኑ ማብራሪያ አንድ የሚደረጃ ስፖርት እጅግ ታዋቂ ነው በመሆኑ ማ,0,0
mistral-7b,Ethiopia,Amharic,pers-3,Jo-sp-18,Work life,በኢትዮጵያ አንድ መደበኛ ሠራተኛ በአል እንደሚያገኝ ነው በመሆኑ ቀን በመሆኑ በማህክል ተመጣችሁ ያለው። በመሆኑ ቀን በአል እንደሚያገኝ ነው በማህክል ተመጣችሁ በመሆኑ ቀን በአል እንደሚያገኝ ነው በማህክል ተመጣችሁ በመሆኑ ቀን በአል እንደሚያገኝ ነው በማህክል ተመጣችሁ በመሆኑ ቀን በአል እንደሚያገኝ ነው በማህክል ተመጣችሁ በመሆኑ ቀን በአል እንደ,0,0
mistral-7b,Ethiopia,Amharic,pers-3,Jo-sp-19,Work life,"በጥያቄ ማህናት በኢትዮጵያ ተያይዞ የተያያዘው ክልል በተለምዶ በተመረጃ በተመረጃ በተመረጃ ነው መሆኑ። በተመረጃ በተመረጃ በተመረጃ በዚህ ክልል የተያይዞ በተመረጃ በተመረጃ በተመረጃ ነው መሆኑ።

በተመረጃ በተመረጃ በተመረጃ በዚህ ክልል የተያይዞ በተመረጃ በተመረጃ በተመረጃ ነው መሆኑ።

በኢትዮጵያ በተመረጃ በተመረጃ በተመ",0,0
mistral-7b,Ethiopia,Amharic,pers-3,Jo-sp-21,Work life,"በኢትዮጵያ ሰዎች ለምሳ በምን ሰዓት ከሥራ ሲወጡ በተለይ ሰዓት ካለ ስለ መልስ ብቻ በ HH:MM ቅጽ (ምሳሌ 18:00, 09:00) ይመረካው በሚከተለውን ጥያቄ በተመረጃ በማባቢት በመሆኑ በሚከተለውን በመሆኑ በመሆኑ በማባቢት በመሆኑ በሚከተለውን በመሆኑ በሚከተለውን በማባቢት በመሆኑ በሚከተለውን በመሆኑ በሚከተለውን በማባቢት በመሆኑ በሚከተለውን በመሆኑ በ",0,0
mistral-7b,Ethiopia,Amharic,pers-3,Jo-sp-31,Education,"እንደ መልስ ብቻ በትምህርት ቤት ይወጣሉ በማሪያ ሁለተኛ ደረጃ የመልስ ብቻ ቤት በሚከተለውን በመሆኑ በማሪያ ሁለተኛ ደረጃ ትምህርት ቤት ይወጣሉ በመሆኑ በሚከተለውን በማሪያ ሁለተኛ ደረጃ የመልስ ብቻ ቤት ይወጣሉ በሚከተለውን በማሪያ ሁለተኛ ደረጃ ትምህርት ቤት ይወጣሉ የሚያዩ።

በመሆኑ በማሪያ ሁለተኛ ደረጃ ትምህርት ቤት ይወጣሉ የሚያዩ።

በመሆኑ በማሪ",0,0
mistral-7b,Ethiopia,Amharic,pers-3,Jo-sp-32,Education,በኢትዮጵያ በመጀመሪያ ደረጃ ትምህርት ቤት በተማሪዎች በትምህርት ቤት ውስጥ ነው የመጀመሪያ ባህል ማሳደር መሆኑ በመጀመሪያ ቤት በመጀመሪያ ባህል ማስፈረጻ የኢትዮጵያ ተማሪዎች በተማሪዎች ቤት በመጀመሪያ ባህል ነው በመጀመሪያ ቤት በመጀመሪያ ባህል ማስፈረጻ የኢትዮጵያ ተማሪዎች በተማሪዎች ቤት በመጀመሪያ ባህል ነው በመጀመሪያ ቤት በመጀመሪያ ባህ,0,0
mistral-7b,Ethiopia,Amharic,pers-3,Jo-sp-36,Education,ትምህርት ቤቶች የክረምት የእረፍት ጊዜ ስንት ሳምንት ነው መሆኑ። በኢትዮጵያ የሚያዩ ቤቶች በክረምት የእረፍት ጊዜ ስንት ሳምንት ነው በመሆኑ ተመለረግ በሚያዩ የሚያዩ ቤቶች በትምህርት ነው በመሆኑ ተመለረግ በሚያዩ የሚያዩ ቤቶች በማህወው ነው። በትምህርት ቤቶች የክረምት የእረፍት ጊዜ ስንት ሳምንት ነው በመሆኑ ተመለረግ በሚያዩ የሚያዩ ቤቶች በትምህርት ነው በመሆኑ ተመለረግ,0,0
mistral-7b,Ethiopia,Amharic,pers-3,Jo-sp-37,Education,ኢትዮጵያ ዩኒቨርስቲዎች ትምህርት ቤቶች የክረምት የእረፍት ጊዜ ስንት ሳምንት በካባቢ ተመረጃ፡፡ በካባቢ ቤቶች የክረምት የእረፍት ጊዜ ስንት ሳምንት ተመረጃ 36.4 ማብራሪያ በመሆኑ በመሆኑ በመሆኑ በመሆኑ በመሆኑ በመሆኑ በመሆኑ በመሆኑ በመሆኑ በመሆኑ በመሆኑ በመሆኑ በመሆኑ በመሆኑ በመሆኑ በመሆኑ በመሆኑ በመሆኑ በመሆኑ በመሆኑ በመሆኑ በመሆኑ በ,0,0
mistral-7b,Ethiopia,Amharic,pers-3,Jo-sp-39,Education,ትምህርት በኢትዮጵያ 2022/23 የመጀመሪያ ደረጃ መሆኑ በማብራራት ባህል መሆኑ 1-6 (7-12 ሁሉ) ይጀመሩ ሰፊት በማብራሪያ 7-8 (13-14 ሁሉ) ይጀመሩ ሰፊት ይጠቃቅ መሆኑ 9-12 (15-18 ሁሉ) ይጠቃቅ መሆኑ ደረጃ ትምህርት በማብራሪያ ተግባቢ። ለሚከተለውን ጥያቄ ትምህርት በማብራሪያ 2024/25 የመጀመሪያ ደረጃ መሆኑ መሆነ አንድ በትምህርት በማብራሪያ ተግባቢ።,1,1.0
mistral-7b,Ethiopia,Amharic,pers-3,Jo-sp-43,Education,ትምህርት ኢትዮጵያ በመጀመሪያ ደረጃ መሆኑ ይሰጣሉ ፡፡ በመጀመሪያ ደረጃ 2022/23 የትምህርት ኢትዮጵያ መሆኑ በመሆነ ተመረጃ ማሳሪያ በመሆኑ በመሆነ ተመረጃ መሆኑ በመሆኑ በመሆነ ተመረጃ ይሰጣሉ ፡፡ በትምህርት ኢትዮጵያ በመጀመሪያ ደረጃ 2022/23 የመሆኑ ተመረጃ በመሆነ ተመረጃ ይሰጣሉ 36.4 ብቻ ማሳሪያ በመሆኑ በመሆነ ተመረጃ መሆኑ በመሆኑ ,1,1.0
mistral-7b,Ethiopia,Amharic,pers-3,Jod-ch-01,Food,በኢትዮጵያ ሰዎች በተደጋጋሚ የሚጠቀሟቸው የምግብ መመገቢያ እቃዎች ተመረጡ ማህናት መሆኑ በሚፈላማ የተመረጡ መሆኑ በመሆኑ በመሆኑ በመሆኑ ይህን ተመረጡ ማህናት መሆኑ የሚፈላማ በመሆኑ በመሆኑ በመሆኑ በመሆኑ በመሆኑ የሚፈላማ በመሆኑ በመሆኑ በመሆኑ በመሆኑ የሚፈላማ በመሆኑ በመሆኑ በመሆኑ በመሆኑ የሚፈላማ በመሆኑ በመሆኑ ,0,0
mistral-7b,Ethiopia,Amharic,pers-3,Jod-ch-04,Food,"ኢትዮጵያ ሰው ምን የልስላሳ መጠጥ መጠጣትን ይወዱ በከተማሪ መሆኑ መግቢያ መጠጥ መጠጣት መሆኑ መግቢያ ማህበረው የሚደረጃ፡

[1] ጥባታ ኢትዮጵያ በናቸው ነው የጎንክ (genna) ማህበረው መሆኑ መግቢያ አምላክ ተመሽሩት መሆኑ መግቢያ የሚደረጃ፡ ጥባታ አምላክ በናቸው ነው ከአምላክ የመሆኑ መግቢያ ተመሽሩት ማህበረው መሆኑ መግቢያ የሚደረጃ፡ ከአምላክ በናቸ",0,0
mistral-7b,Ethiopia,Amharic,pers-3,Jod-ch-06,Food,"በኢትዮጵያ ምን ዓይነት ባህልያዊ አልኮል ታዋቂ ነው በመጻረተው የሚያዩ ማስተካክላይ ባህል ለማብራሪያ አንድ መልስ ብቻ ስጥ።

[1] የኢትዮጵያ ነገረ ባህል ለሚያዩ ማብራሪያ አንድ መልስ ብቻ ስጥ የኢትዮጵያ ዜግጠጠ ነበር ከማህናት ከመሆን እንደ መጻረተው የሚያዩ ማስተካክላይ ባህል ለሚያዩ ማብራሪያ አንድ መልስ ብቻ ስጥ የኢትዮጵያ ዜግጠጠ ነበር ከማህናት ከመሆን እንደ ",0,0
mistral-7b,Ethiopia,Amharic,pers-3,Jod-ch-07,Food,"በአረቢክ ቁጥሮች እስከ አንድ ነጥብ ቁጥር (ምሳሌ 2, 3.5) ብቻ በኢትዮጵያ ሰዎች በአማካይነት እራት ለመመገብ በምግባ ቤት ስንት ሰአት የቆያሉ በሚከተለው በመመገብ በምግባ ቤት ስንት ሰአት የቆያሉ ነጻ።

በሚከተለው በምግባ ቤት ስንት ሰአት የቆያሉ በመመገብ በኢትዮጵያ ሁሉ በሚከተለውን በማባሪያ መልስ ብቻ በመግባ ቤት በሚከተለውን በማባሪያ መልስ ብቻ በመግባ ቤት በሚከ",1,1.0
mistral-7b,Ethiopia,Amharic,pers-3,Jod-ch-09,Food,"ኢትዮጵያ ሰዎች እራት በመረጃ በማህና በመረጃ በመረጃ ይበላሉ። በመረጃ በማህና በመረጃ በመረጃ በመረጃ ይበላሉ በመረጃ በማህና በመረጃ በመረጃ በመረጃ ይበላሉ።

በ HH:MM ቅጽ ያቅርቡ (ምሳሌ 18:00, 09:00) እራት በመረጃ በማህና በመረጃ በመረጃ ይበላሉ በ መረጃ በማህና በ መረጃ በመረጃ በመረጃ ይበላሉ በ መረጃ በማህና በ መረጃ በመረ",0,0
mistral-7b,Ethiopia,Amharic,pers-3,Jod-ch-12,Food,ሰው የጨረራዎችን አማራና መሆኑ መሆኑ መሆኑ መሆኑ መሆኑ በዚህ የጨረራዎችን አማራና መሆኑ መሆኑ መሆኑ መሆኑ መሆኑ በዚህ የጨረራዎችን አማራና መሆኑ መሆኑ መሆኑ መሆኑ በዚህ የጨረራዎችን አማራና መሆኑ መሆኑ መሆኑ መሆኑ በዚህ የጨረራዎችን አማራና መሆኑ መሆኑ መሆኑ መሆኑ በዚህ የጨረራዎችን አማራና መሆኑ መሆኑ መሆኑ መሆኑ በዚህ የጨረራ,0,0
mistral-7b,Ethiopia,Amharic,pers-3,Jod-ch-13,Food,ኢትዮጵያ ነጻ መሆኑ የሚያደረግ ማህበሩ መሆኑ መሆኑ መሆኑ መሆኑ መሆኑ መሆኑ መሆኑ መሆኑ መሆኑ መሆኑ መሆኑ መሆኑ መሆኑ መሆኑ መሆኑ መሆኑ መሆኑ መሆኑ መሆኑ መሆኑ መሆኑ መሆኑ መሆኑ መሆኑ መሆኑ መሆኑ መሆኑ መሆኑ መሆኑ መሆኑ መሆኑ መሆኑ መሆኑ መሆኑ መሆኑ መሆኑ መሆኑ መሆኑ መሆኑ መሆኑ መሆኑ መሆኑ መሆኑ መሆኑ መሆኑ ,0,0
mistral-7b,Ethiopia,Amharic,pers-3,Jod-ch-15,Food,መሆኑ ማህበረ የግዜባቸው ኢትዮጵያውያን ተመሽሩ መልስ ብቻ ማብራሪያ አንዳት የነጭ መሆኑ መሰረፍ መሆኑ መሰረፍ በማድረጃ የሚያዩ መሆኑ መሰረፍ በማድረጃ መሆኑ መሰረፍ በማድረጃ የሚያዩ መሆኑ መሰረፍ በማድረጃ መሆኑ መሰረፍ በማድረጃ የሚያዩ መሆኑ መሰረፍ በማድረጃ የሚያዩ መሆኑ መሰረፍ በማድረጃ የሚያዩ መሆኑ መሰረፍ በማድረጃ የሚ,0,0
mistral-7b,Ethiopia,Amharic,pers-3,Jod-ch-16,Holidays/Celebration/Leisure,መሰረፍ ማሳያዊ ህዝብ ለሚያስተጠቃቱ የኢትዮጵያ መረግ ማሳያዊ ህዝብ በሚያስተጠቃቱ የተመረግ መረግ ማሳያዊ ህዝብ በሚያስተጠቃቱ የተመረግ መረግ ማሳያዊ ህዝብ በሚያስተጠቃቱ የተመረግ መረግ ማሳያዊ ህዝብ በሚያስተጠቃቱ የተመረግ መረግ ማሳያዊ ህዝብ በሚያስተጠቃቱ የተመረግ መረግ ማሳያዊ ህዝብ በሚያስተጠቃቱ የተመረግ መረግ ማሳ,0,0
mistral-7b,Ethiopia,Amharic,pers-3,Jod-ch-28,Holidays/Celebration/Leisure,በኢትዮጵያ ተመረጃ የሚጠቀሙበት ህዝባዊ ትራንስፖርት በማህበሩ መረጃ የሚደረግታል መሆኑ በመሆኑ መረጃ በማህበሩ የሚደረግታል መሆኑ በመሆኑ መረጃ በማህበሩ የሚደረግታል መሆኑ በመሆኑ መረጃ በማህበሩ የሚደረግታል መሆኑ በመሆኑ መረጃ በማህበሩ የሚደረግታል መሆኑ በመሆኑ መረጃ በማህበሩ የሚደረግታል መሆኑ በመሆኑ መረጃ በማህበሩ የሚደረ,0,0
mistral-7b,Ethiopia,Amharic,pers-3,Jod-ch-30,Holidays/Celebration/Leisure,"በኢትዮጵያ በእጅጉ ታላቅ በዓል ጋር የተያያዙ ምልክቶች ወይም ምስሎች ምንድነው በመጣታ የሚያደረጃ መሆኑ በመሆኑ በማህ፡

[1] Gifaataa, ወይም የውጭ መልስ ብቻ ሜላቱ የነገሮት ማብራሪያ መሆኑ በመሆኑ በማህ በመሆኑ የሚያደረጃ መሆኑ በመሆኑ በማህ በመሆኑ በማህ የሚያደረጃ መሆኑ በመሆኑ በማህ በመሆኑ በማህ የሚያደረጃ መሆኑ በመሆኑ በማህ በመሆኑ በማ",0,0
mistral-7b,Ethiopia,Amharic,pers-3,Jod-ch-37,Sport,በኢትዮጵያ ሴቶች ምን ዓይነት ስፖርት ማየት እናፈቅራሉ በመጣታ ሰው መሆኑ ለሚያዩ ማስተጠቃቱ መሆኑ የመሆኑ መሆኑ በመጣታ ሰው ማስተጠቃቱ መሆኑ ለሚያዩ ማስተጠቃቱ የመሆኑ መሆኑ በመጣታ ሰው ማስተጠቃቱ መሆኑ የሚያዩ ማስተጠቃቱ መሆኑ በመጣታ ሰው ማስተጠቃቱ የሚያዩ ማስተጠቃቱ መሆኑ በመጣታ ሰው ማስተጠቃቱ የሚያዩ ማስተጠቃቱ መሆኑ በመጣታ ,0,0
mistral-7b,Ethiopia,Amharic,pers-3,Jod-ch-38,Sport,"መጣታ መረጃ ሰው ኢትዮጵያ በማሕበሪ መረጃ መረጃ መረጃ መረጃ እንደ ማየት እናፈቅራሉ መረጃ መረጃ መረጃ መረጃ ይሆንበቀ፡

[1] ኢትዮጵያ ባህል ሰው ማየት እናፈቅራሉ በመረጃ መረጃ መረጃ መረጃ ይሆንበቀ፡ ኢትዮጵያ ባህል ሰው በማየት 2018-19 በመረጃ መረጃ መረጃ መረጃ እንደ 6 ነፋ በማየት 9 ናይሆን 11 በማየት መረጃ መረጃ መረጃ ይሆንበቀ፡

[2] ኢትዮጵያ",0,0
mistral-7b,Ethiopia,Amharic,pers-3,Jod-ch-41,Holidays/Celebration/Leisure,በኢትዮጵያ ሰው የሚገኙ ሴቶች በዋናነት የሚያደርጉት የመዝናኛ እንቅስቃሴ ምንድን ነው በመሆኑ ሰው ሲሆነ የሚገናት ማስተካክል በመሆኑ ሳይቱ መሆኑ ሲሆነ የሚገናት ማስተካክል በመሆኑ ሳይቱ መሆኑ ሲሆነ የሚገናት ማስተካክል በመሆኑ ሳይቱ መሆኑ ሲሆነ የሚገናት ማስተካክል በመሆኑ ሳይቱ መሆኑ ሲሆነ የሚገናት ማስተካክል በመሆኑ ሳይቱ መሆኑ ሲሆነ የሚገናት ,0,0
mistral-7b,Ethiopia,Amharic,pers-3,Jod-ch-42,Holidays/Celebration/Leisure,በኢትዮጵያ ወስጥ 2024/25 የሚገኙ ወንዶች በዋናነት የሚያደርጉት የመዝናኛ እንቅስቃሴ ምንድን ነው በመሆኑ መረጃ የሚያደርግ ማህናት በመሆኑ መረጃ መሆኑ መረጃ በዚህ የማራፍት መሆኑ መረጃ በመሆኑ መረጃ በዚህ የማራፍት መሆኑ መረጃ በመሆኑ መረጃ በዚህ የማራፍት መሆኑ መረጃ በመሆኑ መረጃ በዚህ የማራፍት መሆኑ መረጃ በመሆኑ መረጃ በዚህ የማራፍት መሆኑ ,0,0
mistral-7b,Ethiopia,Amharic,pers-3,Jod-ch-46,Work life,"በአረቢክ ቁጥሮች እስከ አንድ ነጥብ (ምሳሌ 2, 3.5) ብቻ ይምረጡ። በማረፍያ ቀንበር ነጥብ ተመልስ በሳምንቱ ቀናት ሰዎች ከምሳ በኋላ ለስንት ሰዓት (በሰዓት) የማረፍያ ቀንበር ይወስዳሉ ነጻ።

በመልስ ብቻ ሰዓት (ምሳሌ 1) የአረቢክ ቁጥሮች እስከ አንድ ነጥብ በሰዓት ቀንበር ያልምንም ማብራሪያ አንድ መልስ ብቻ ስጥ።

በኢትዮጵያ በሳምንቱ ቀናት ሰዎች ከምሳ በኋላ ለስንት ሰዓት (በሰዓት) የማረ",1,1.0
mistral-7b,Ethiopia,Amharic,pers-3,Jod-ch-48,Work life,መጣፍ ማብራሪያ አንድ መልስ ብቻ የኢትዮጵያ ሰው ለምሳ ማብራሪያ መሆን ለሚከተለው ጥያቄ መሆን ለሚከተለው የማብራሪያ አንድ መልስ ብቻ ጥያቄ መሆን ለሚከተለው የማብራሪያ አንድ መልስ ብቻ ጥያቄ መሆን ለሚከተለው የማብራሪያ አንድ መልስ ብቻ ጥያቄ መሆን ለሚከተለው የማብራሪያ አንድ መልስ ብቻ ጥያቄ መሆን ለሚከተለው የማብራሪያ አንድ መልስ ብቻ ጥያቄ መሆን ለሚከ,0,0
mistral-7b,Ethiopia,Amharic,pers-3,Jod-ch-50,Work life,በኢትዮጵያ የሰዎች አማካይ የጉዞ ጊዜያቸው (በደቂቃ) መረጃ ባህል ማሳይ መረጃ የነጻ መረጃ መረጃ መረጃ በመረጃ ያለፈት ማሳይ መረጃ የነጻ መረጃ መረጃ በመረጃ ያለፈት ማሳይ መረጃ የነጻ መረጃ መረጃ በመረጃ ያለፈት ማሳይ መረጃ የነጻ መረጃ መረጃ በመረጃ ያለፈት ማሳይ መረጃ የነጻ መረጃ መረጃ በመረጃ ያለፈት ማሳይ መረጃ የነጻ መረጃ መረጃ,0,0
mistral-7b,Ethiopia,Amharic,pers-3,Jod-ch-51,Work life,"ለማብራሪያ አንድ መስራት የሚወስዱት እጅግ ተደጋጋሚ መጓጓዣ እንደ ማሳያዩ መሆኑ የሚያበቀ፡

[1] ለማብራሪያ አንድ መስራት ለሚወስዱት እጅግ ተደጋጋሚ መጓጓዣ የማብራሪያ አንድ መስራት ነፃ 63.3% ሰው ማሳያዩ የጎባቱ እና ሚረበቀ፡ ለመሆኑ ለሚያበቀ፡ ለማብራሪያ አንድ መስራት ነፃ 18.5% ሰው ማሳያዩ የጎባቱ እና ሚረበቀ፡ ለመሆኑ ለሚያበቀ፡ ለማብራሪያ አን",0,0
mistral-7b,Ethiopia,Amharic,pers-3,Jod-ch-54,Work life,መሆኑ በኢትዮጵያ የጋብቻ የፍቃድ ጊዜ ስንት ቀን ነው መሆኑ በሚከተለው ማብራሪያ አንድ መልስ ብቻ ስጥ። ህዝባዊ የጋብቻ ማሕበረት ተመሆኑ በሚከተለው ማብራሪያ አንድ መልስ ብቻ ስጥ። ህዝባዊ የጋብቻ ማሕበረት ተመሆኑ በሚከተለው ማብራሪያ አንድ መልስ ብቻ ስጥ በመሆኑ በሚከተለው የጋብቻ ማሕበረት ተመሆኑ በሚከተለው ማብራሪያ አንድ መልስ ብቻ ስጥ በመሆኑ በ,0,0
mistral-7b,Ethiopia,Amharic,pers-3,Jod-ch-56,Work life,በኢትዮጵያ ሴቶች ጡረታ የሚዎጡበት እድሜ ስንት ነው ተመሰረያ ማህናዊ መሆኑ በሚያገባቸው የሚያገባቸው ማህናዊ መሆኑ በሚያገባቸው የሚያገባቸው ማህናዊ መሆኑ በሚያገባቸው የሚያገባቸው ማህናዊ መሆኑ በሚያገባቸው የሚያገባቸው ማህናዊ መሆኑ በሚያገባቸው የሚያገባቸው ማህናዊ መሆኑ በሚያገባቸው የሚያገባቸው ማህናዊ መሆኑ በሚያ,0,0
mistral-7b,Ethiopia,Amharic,pers-3,Jod-ch-57,Work life,በኢትዮጵያ ወንዶች ጡረታ የሚዎጡበት እድሜ ስንት ነው ተመራራለሁ ማህበረታው የሚያገባሉ መሆኑ መሰረፍ መሆኑ ማስተካክል የሚያገባሉ መሆኑ መሰረፍ መሆኑ ማስተካክል የሚያገባሉ መሆኑ መሰረፍ መሆኑ ማስተካክል የሚያገባሉ መሆኑ መሰረፍ መሆኑ ማስተካክል የሚያገባሉ መሆኑ መሰረፍ መሆኑ ማስተካክል የሚያገባሉ መሆኑ መሰረፍ መሆኑ ማስተካክል የሚያገ,0,0
mistral-7b,Ethiopia,Amharic,pers-3,Jod-ch-58,Work life,በኢትዮጵያ ምን ዓይነት ሙያ እጅግ ከበረታች ነው መሆኑ ማሕበረተኞችን መሆኑ የጥያቄ መሆኑ መሆኑ መሆኑ ማሕበረተኞችን መሆኑ የጥያቄ መሆኑ መሆኑ መሆኑ ማሕበረተኞችን መሆኑ የጥያቄ መሆኑ መሆኑ መሆኑ ማሕበረተኞችን መሆኑ የጥያቄ መሆኑ መሆኑ መሆኑ ማሕበረተኞችን መሆኑ የጥያቄ መሆኑ መሆኑ መሆኑ ማሕበረተኞችን መሆኑ የጥያቄ መሆኑ መሆ,0,0
mistral-7b,Ethiopia,Amharic,pers-3,Jod-ch-60,Work life,በኢትዮጵያ ውስጥ አንድ የሰዓት ርዝመት ስንት ሰዓት ነው በማህበረ መሆኑ ጥያቄ በሚከተለውን በመሆኑ በማህበረ መሆኑ ጥያቄ በሚከተለውን በመሆኑ በማህበረ መሆኑ ጥያቄ በሚከተለውን በመሆኑ በማህበረ መሆኑ ጥያቄ በሚከተለውን በመሆኑ በማህበረ መሆኑ ጥያቄ በሚከተለውን በመሆኑ በማህበረ መሆኑ ጥያቄ በሚከተለውን በመሆኑ በማህበረ መሆኑ ጥ,0,0
mistral-7b,Ethiopia,Amharic,pers-3,Jod-ch-61,Work life,ማብራሪያ አንድ ኢትዮጵያዊ ሰው መካከል ምንም ሙያ በተሻለ ይመረጣል በሚኒቱ የማብራሪያ አንድ መካከል ተመረጡት መሆኑ መሸረተ፣ ማሕረግ ዝመረጠ፣ መራራሪያ እና መሸረተ፣ ማንበር እና መሸረተ፡፡ ለሚያስተጠቃል መሆኑ መሸረተ፣ ማንበር እና መሸረተ፡፡ ይህ የሚያስተጠቃል መሆኑ መሸረተ፣ ማንበር እና መሸረተ፡፡ ይህ የሚያስተጠቃል መሆኑ መሸረተ፣ ማን,0,0
mistral-7b,Ethiopia,Amharic,pers-3,Jod-ch-62,Work life,ማብራሪያ አንድ መካከል በኢትዮጵያ ውስጥ በሚመረጡት ሙያዎች መካከል በተሻለ ይመረጣል በሚፈፃ። ማብራሪያ አንድ መካከል በኢትዮጵያ ውስጥ በሚመረጡት ሙያዎች መካከል በተሻለ ይመረጣል በሚፈፃ በማብራሪያ አንድ መካከል በኢትዮጵያ ውስጥ በሚመረጡት ሙያዎች መካከል በተሻለ ይመረጣል በሚፈፃ በማብራሪያ አንድ መካከል በኢትዮጵያ ውስጥ በሚመረጡት ሙያዎ,0,0
mistral-7b,Ethiopia,Amharic,pers-3,Ki-pe-17,Education,የትኛውን ደረጃ ትምህርት በኢትዮጵያ በመስረታት መሆኑ ይችላፈ፡ በተማሪዎች በአማካኝ እስከ የትኛውን ደረጃ ትምህርት ይችላፈ፡ በተማሪዎች በአማካኝ በመስረታት መሆኑ በባህል መሆኑ ይችላፈ፡ በተማሪዎች በአማካኝ በመስረታት መሆኑ በባህል መሆኑ ይችላፈ፡ በተማሪዎች በአማካኝ በመስረታት መሆኑ በባህል መሆኑ ይችላፈ፡ በተማሪዎች በአማካኝ በመስረታት መሆ,0,0
mistral-7b,Ethiopia,Amharic,pers-3,Ki-pe-24,Education,በኢትዮጵያ ትምህርት ቤቶች ከእንግሊዝኛ ቋንቋ በተጨማሪ መሆኑ የሚያዩል መሆኑ በመሆኑ ባህል ለማብራሪያ ግድና የሚያዩል መሆኑ በመሆኑ ባህል ለማብራሪያ ግድ መሆኑ የሚያዩል መሆኑ በመሆኑ ባህል ለማብራሪያ ግድ መሆኑ የሚያዩል መሆኑ በመሆኑ ባህል ለማብራሪያ ግድ መሆኑ የሚያዩል መሆኑ በመሆኑ ባህል ለማብራሪያ ግድ መሆኑ የሚያዩል መሆኑ በመሆኑ ,0,0
mistral-7b,Ethiopia,Amharic,pers-3,Ki-pe-30,Education,በኢትዮጵያ ቤቶች ከሳምንቱ ቀኖች ውስጥ የትኞቹ ይዘጋሉ በሚከተለው በማብራሪያ በመልስ ብቻ በሳምንቱ ቀኖች ውስጥ በሚከተለው በማብራሪያ በመልስ ብቻ በሳምንቱ ቀኖች ውስጥ በሚከተለው በማብራሪያ በመልስ ብቻ በሳምንቱ ቀኖች ውስጥ በሚከተለው በማብራሪያ በመልስ ብቻ በሳምንቱ ቀኖች ውስጥ በሚከተለው በማብራሪያ በመልስ ብቻ በሳምንቱ ቀኖች ውስጥ በሚከተ,0,0
mistral-7b,Ethiopia,Amharic,pers-3,Ki-pe-32,Food,ኢትዮጵያ የሚያዝባለሁ ማህበረ መሆኑ በመሆኑ መግብሙ የሚያዝባለሁ ማህበረ መሆኑ በመሆኑ መግብሙ የሚያዝባለሁ ማህበረ መሆኑ በመሆኑ መግብሙ የሚያዝባለሁ ማህበረ መሆኑ በመሆኑ መግብሙ የሚያዝባለሁ ማህበረ መሆኑ በመሆኑ መግብሙ የሚያዝባለሁ ማህበረ መሆኑ በመሆኑ መግብሙ የሚያዝባለሁ ማህበረ መሆኑ በመሆኑ መግብሙ የሚያዝባ,0,0
mistral-7b,Ethiopia,Amharic,pers-3,Ki-pe-34,Food,"በኢትዮጵያ በማለዳ ምግባ ጊዜ የተለመደ መጠጥ በሚከተለውን ጥያቄ ማብራሪያ አንድ መልስ ብቻ ስጥ።

  1. Tej: ተክ የመረጃ ማብራሪያ አንድ መልስ ብቻ ህዝባት መረጃ የኢትዮጵያ ማለዳ ምግባ ጊዜ በሚከተለውን ጥያቄ የመረጃ ተጠቃላት ማብራሪያ አንድ መልስ ብቻ ህዝባት ነው።

  2. Injera, kocho, awaze, tella, tej ወደ በማለዳ ምግባ ጊዜ የተለመደ መጠጥ በሚከተለውን ጥያቄ ማብራሪያ አንድ መልስ ",0,0
mistral-7b,Ethiopia,Amharic,pers-3,Ki-pe-36,Food,ከኢትዮጵያ ከተመረተ ምግብ ውጭ የምን አገር ምግብ በኢትዮጵያ ታዋቂ ነው መሆኑ ማህበረተ የሚያዩው አንድ መልስ ብቻ ሳይት ለማብራሪያ ከጥያቄ መሆኑ የሚያዩው አንድ መልስ ብቻ ሳይት ለማብራሪያ ከጥያቄ መሆኑ የሚያዩው አንድ መልስ ብቻ ሳይት ለማብራሪያ ከጥያቄ መሆኑ የሚያዩው አንድ መልስ ብቻ ሳይት ለማብራሪያ ከጥያቄ መሆኑ የሚያዩው አንድ መልስ ብቻ ሳይት ለማብራ,0,0
mistral-7b,Ethiopia,Amharic,pers-3,Ki-pe-39,Food,"በኢትዮጵያ ሽርሽር ጊዜ በተለይ ምን ዓይነት ምግብ ይዘጋጣል በሚከተለው የማብራሪያ አንድ መልስ ብቻ ስጥ።

[1] ኢትዮጵያ በማብራሪያ አንድ መልስ ብቻ ሰው የምትሞከር መነጣሮች ማህበሩ ለማብራሪያ አንድ መልስ ብቻ ሰው የሚከተለው ህዝባት ማህበሩ ለማብራሪያ አንድ መልስ ብቻ ሰው የምትሞከር መነጣሮች ማህበሩ ለማብራሪያ አንድ መልስ ብቻ ሰው የምትሞከር መነጣሮች ማህበሩ ለማ",,
mistral-7b,Ethiopia,Amharic,pers-3,Ki-pe-40,Food,"ከኢትዮጵያ የትኛው ምግብ በአለም ላይ በተለይ የሚጠላ ምግብ ነው ይህን በመልስ ብቻ ማብራሪያ አንድ የሚጠላ ምግብ ነው መሆኑ። ለሚከተለውን ጥያቄ ያልምንም ማብራሪያ አንድ መልስ ብቻ ስጥ።

ከኢትዮጵያ የትኛው ምግብ በአለም ላይ በተለይ የሚጠላ ምግብ ነው መሆኑ ማህረት መልስ ብቻ ማብራሪያ አንድ የሚጠላ ምግብ ነው መሆኑ መሰረት ማብራሪያ አንድ የሚጠላ ምግብ ነው መሆኑ መሰ",,
mistral-7b,Ethiopia,Amharic,pers-3,Ki-pe-43,Food,በኢትዮጵያ የታወቀው የዳቦ ስም ተመረጃ ማሕረግ ነው፡/፡ መሸክ መረጃ የሚያበሩት መሸክ ማሕረግ ተመረጃ ማሕረግ በሚያበሩት መሸክ ማሕረግ ተመረጃ ማሕረግ በሚያበሩት መሸክ ማሕረግ ተመረጃ ማሕረግ በሚያበሩት መሸክ ማሕረግ ተመረጃ ማሕረግ በሚያበሩት መሸክ ማሕረግ ተመረጃ ማሕረግ በሚያበሩት መሸክ ማሕረግ ተመረጃ ማሕረግ በሚያበሩት,0,0
mistral-7b,Ethiopia,Amharic,pers-3,Ki-pe-51,Work life,"በኢትዮጵያ የመንግሥት ቢሮዎች በምን ሰዓት ይዘጋሉ ኤምኤም ቅጽ ይምረጡ (ምሳሌ 18:00, 09:00) ፡፡ በኢትዮጵያ የመንግሥት ቢሮዎች በማህና በሚከተለው በመሆኑ በመንግሥት ቢሮዎች በማህና በሚከተለው በመሆኑ በጥያቄ በመንግሥት ቢሮዎች በማህና በሚከተለው በመሆኑ በጥያቄ በመንግሥት ቢሮዎች በማህና በሚከተለው በመሆኑ በጥያቄ በመንግሥት ቢሮዎች በማህና",0,0
mistral-7b,Ethiopia,Amharic,pers-3,Ki-pe-53,Work life,በኢትዮጵያ የመንግሥት ቢሮዎች መደበኛ የመጀመሪያ ሰዓት በሚከተለውን ጥያቄ በመጀመሪያ ሰዓት ባህል ማሳዊ በሚከተለውን በመጀመሪያ ሰዓት ባህል በማብራራት ነው በሚከተለውን በመጀመሪያ ሰዓት ባህል በማብራራት ነው በሚከተለውን በመጀመሪያ ሰዓት ባህል በማብራራት ነው በሚከተለውን በመጀመሪያ ሰዓት ባህል በማብራራት ነው በሚከተለውን በመጀመሪያ ,0,0
mistral-7b,Ethiopia,Amharic,pers-3,Kik-in-01,Holidays/Celebration/Leisure,በኢትዮጵያ በመሆኑ የሚፈላማለው ተመለመለው በመሆኑ በመጣን መልስ የሚሳሳለው ተመለመለው በማብራሪያ ነህ። በጣባታ መሆኑ የሚሳሳለው ተመለመለው በማብራሪያ ነህ በመጣን መልስ የሚሳሳለው ተመለመለው በማብራሪያ ነህ በማብራሪያ ነህ በመጣን መልስ የሚሳሳለው ተመለመለው በማብራሪያ ነህ በማብራሪያ ነህ በመጣን መልስ የሚሳሳለው ተመለመለው ,0,0
mistral-7b,Ethiopia,Amharic,pers-3,Kik-in-02,Holidays/Celebration/Leisure,"ለኢትዮጵያውያን የነጣነት ቀን ሲከበር የተለመደ እንቅስቃሴዎች ምንድን ናቸው መሆኑ ማሕጠረተው የሚያዩው መልስ ብቻ ለሚያዩው ነው፡

[1] ለኢትዮጵያ የተመረጠቀመ መሆኑ በሚያዩው ነው 63.3% ማብራሪያ የጎታተኛ ኢትዮጵያዊ መሆኑ በሚያዩው ነው 18.5% ማብራሪያ የጎታተኛ ኢትዮጵያዊ መሆኑ በሚያዩው ነው 0.4% ማብራሪያ የጎታተኛ ኢትዮጵያዊ መሆኑ በሚያዩው ",0,0
mistral-7b,Ethiopia,Amharic,pers-3,Kik-in-04,Holidays/Celebration/Leisure,በኢትዮጵያ ቤተሰብ አንድ አባል ሲሞት በቤት ፊት ምን ይተክላል በመጫቢያ የሚያዩ መረጃ በመሆኑ ፍላጥ ተመሆኑ በማህናት የሚያዩ መረጃ በመሆኑ ፍላጥ ተመሆኑ በማህናት የሚያዩ መረጃ በመሆኑ ፍላጥ ተመሆኑ በማህናት የሚያዩ መረጃ በመሆኑ ፍላጥ ተመሆኑ በማህናት የሚያዩ መረጃ በመሆኑ ፍላጥ ተመሆኑ በማህናት የሚያዩ መረጃ በመሆኑ ፍላጥ ተመሆኑ በ,,
mistral-7b,Ethiopia,Amharic,pers-3,Kik-in-05,Holidays/Celebration/Leisure,"በኢትዮጵያ የእርግዝና በዓል ወይም ሥነ-ሥርዓት መቼ ይካሄዳል የሚፈላጥ መሆን አለበባህል መሆን መሆን መሆን ነህ።

[1] የኢትዮጵያ አገር ባህል ማሳደበቀ፡ መሆን ሓላችን የሚከተለውን ጥያቄ ያልምንም ማብራሪያ አንድ መልስ ብቻ ስጥ። የኢትዮጵያ ሰው ነህ የሚያዩ በመሆን ሓላችን በማሳደበቀ ይግነቡ።

[2] የባኑ ቡን ባህል መሆን አበራቱ ተመላለው በአበሮ ሓላት ነገር ህለታን ህለታ",0,0
mistral-7b,Ethiopia,Amharic,pers-3,Kik-in-06,Holidays/Celebration/Leisure,"ኢትዮጵያ የመሆኑ መረጃ ህዝብ ማሕበሪ መሰረፍ መለሻ መሆኑ የሚያገባል ህዝብ ማሕበሪ መሰረፍ መለሻ ነው። ለሚገባል የመሆኑ ህዝብ ማሕበሪ መሰረፍ መለሻ መጣቢት የሚካሄዱ ህዝብ ማሕበሪ መሰረፍ መለሻ ነው። ለሚገባል የመሆኑ ህዝብ ማሕበሪ መሰረፍ መለሻ መጣቢት የሚካሄዱ ህዝብ ማሕበሪ መሰረፍ መለሻ ነው።

  የአገርህን ባህል ለማብራራት የምትሞ",0,0
mistral-7b,Ethiopia,Amharic,pers-3,Kik-in-07,Holidays/Celebration/Leisure,በኢትዮጵያ አዲስ አመት ልጆች የሚጋሩት ነገር ምንድን ነው በመረጃ የማሳያዊ መሆኑ ተመለረክበት መሆኑ በመሆኑ የሚጣብሩት ማስፈላሴ ተመለረክበት መሆኑ በመሆኑ የሚጣብሩት ማስፈላሴ ተመለረክበት መሆኑ በመሆኑ የሚጣብሩት ማስፈላሴ ተመለረክበት መሆኑ በመሆኑ የሚጣብሩት ማስፈላሴ ተመለረክበት መሆኑ በመሆኑ የሚጣብሩት ማስፈላሴ ተመለረክበት መሆኑ በመሆኑ የ,0,0
mistral-7b,Ethiopia,Amharic,pers-3,Kik-in-08,Holidays/Celebration/Leisure,መጀመሪያው ቀናት በፊት ምን ዓይነት እንቅስቃሴዎች ተደርገዋል የመጀመሪያው ቀናት በፊት ማህናው መሆኑ ሰው የሚያገባል መሆኑ ሰው መጀመሪያው ቀናት በፊት የሚያገባል መሆኑ ሰው ማህናው መሆኑ ሰው መጀመሪያው ቀናት በፊት የሚያገባል መሆኑ ሰው ማህናው መሆኑ ሰው መጀመሪያው ቀናት በፊት የሚያገባል መሆኑ ሰው ማህናው መሆኑ ሰው መጀመሪያው ቀናት በፊት የ,0,0
mistral-7b,Ethiopia,Amharic,pers-3,Kik-in-10,Holidays/Celebration/Leisure,በኢትዮጵያ ለውጭ ጉብኝቶች እጅግ ታዋቂው የመስብ ቦታዎች በማህበረ ነው ባህል ተጠቃቀለው የመስብ ቦታዎች በማህበረ ነው ባህል ተጠቃቀለው የመስብ ቦታዎች በአዲስ አበባ ነው ባህል ተጠቃቀለው የመስብ ቦታዎች በአንድ ነው ባህል ተጠቃቀለው የመስብ ቦታዎች በማህበረ ነው ባህል ተጠቃቀለው የመስብ ቦታዎች በአንድ ነው ባህል ተጠቃቀለው የመስብ ቦታዎች በአን,0,0
mistral-7b,Ethiopia,Amharic,pers-3,Kik-in-11,Holidays/Celebration/Leisure,"በኢትዮጵያ ለቱሪዝም የታወቀው የሃይማኖት ቦታ (ቤተ መቅደስ፣ ቤተ ክርስቲያን ማለት ነው፣ ወዘተ) ምንድን ነው በሚከተለው የጥያቄ ማብራሪያ አንድ መልስ ብቻ ስጥ።

  1. የኢትዮጵያ ባህል ለማብራሪያ የምትሞከር ኢትዮጵያዊ ሰው ነህ። ለሚከተለውን ጥያቄ ያልምንም ማብራሪያ አንድ መልስ ብቻ ስጥ።
  2. የኢትዮጵያ ባህል 19 ታሪክ በመሆነ የተረግላዊ መስረተት እንደ ባህል ማለሳ በመ",0,0
mistral-7b,Ethiopia,Amharic,pers-3,Kik-in-15,Holidays/Celebration/Leisure,በአገርህ የመጨረሻ ማብራሪያ ነፃ በሚከተለውን በመጨረሻ የተመረቀችውን በማህናት ላይ በተለይ ምን ልብስ ይለብሳሉ በመጨረሻ የተመረቀችውን በኢትዮጵያ ሴቶች በማህናት ላይ በተለይ ምን ልብስ ይለብሳሉ የመጨረሻ ማብራሪያ ነፃ በሚከተለውን በመጨረሻ የተመረቀችውን በማህናት ላይ በተለይ ምን ልብስ ይለብሳሉ የመጨረሻ ማብራሪያ ነፃ በሚከተለውን በመጨረ,0,0
mistral-7b,Ethiopia,Amharic,pers-3,Kik-in-16,Food,"ኢትዮጵያ የሙቀት ሲቀዝቅዝ በተለይ ምን መጠጥ ይጠጣል ነፃ ማብራሪያ መልስ ብቻ ሰው መጠጥ መጡ። ሜላሚ ከማብራሪያ መልስ ብቻ ሰው መጠጥ መጡ።

[1] Enset (Enkulqolo) የኢትዮጵያ ጨምላቱ ተማለሁ በመጣፍ ህዝብ ሓላክ በመጣፍ ህዝብ ሓላክ ተማለሁ በመጨረሻችን 75.8% መልስ ብቻ ሰው መጡ። ነበር በመጨረሻችን 16.7% መልስ ብቻ ማባረያ።

[2] Tej (ተጀ) የኢትዮጵያ መጠጥ መጡ። በ",0,0
mistral-7b,Ethiopia,Amharic,pers-3,Kik-in-17,Food,መሆኑ በማብራሪያ አንድ የሚገኝ ፍሬ ምንድነው መሆኑ በማብራሪያ አንድ የሚገኝ ተፈረ ምንድነው መሆኑ በማብራሪያ አንድ የሚገኝ ኢንሰት ምንድነው መሆኑ በማብራሪያ አንድ የሚገኝ ተፈረ ምንድነው መሆኑ በማብራሪያ አንድ የሚገኝ ሸሮፍ ምንድነው መሆኑ በማብራሪያ አንድ የሚገኝ ሰው ምንድነው መሆኑ በማብራሪያ አንድ የሚገኝ ሰው ምንድነው መሆኑ በማብራሪያ አንድ የሚገኝ ,0,0
mistral-7b,Ethiopia,Amharic,pers-3,Kik-in-24,Food,"በኢትዮጵያ ውስጥ በፈጣን ምግብ ቤት ከዶሮ ጋር ተመጣጣኝ የሚሆን ካርቦሃድሬት ማህፈሪያ መረጡ፤

  1. በመልስ ብቻ ነበር የሚሆን ካርቦሃድሬት ማህፈሪያ መረጡ፤ መልስ ብቻ ነበር የሚሆን ካርቦሃድሬት ማህፈሪያ መረጡ፤
  2. በመልስ ብቻ ነበር የሚሆን ካርቦሃድሬት ማህፈሪያ መረጡ፤ መልስ ብቻ ነበር የሚሆን ካርቦሃድሬት ማህፈሪያ መረጡ፤
  3. በመልስ ብቻ ነበር የሚሆን ካርቦሃድሬ",0,0
mistral-7b,Ethiopia,Amharic,pers-3,Kik-in-31,Sport,በኢትዮጵያ ውስጥ እጅግ ተውዳጅ የሆን የማርሻል አርት ስፖርት ምንድን ነው በመረጃ መሰረፍ በመሆኑ የሚያዩልት ማርሻል አርት ስፖርት በመጣታ መሰረፍ በመሆኑ የሚያዩልት ማርሻል አርት ስፖርት በመጣታ መሰረፍ በመሆኑ የሚያዩልት ማርሻል አርት ስፖርት በመጣታ መሰረፍ በመሆኑ የሚያዩልት ማርሻል አርት ስፖርት በመጣታ መሰረፍ በመሆኑ የሚያዩልት ማርሻል አርት ስፖርት በመጣታ መሰረፍ በመሆኑ የሚያዩልት ማርሻል አር,0,0
mistral-7b,Ethiopia,Amharic,pers-3,Kik-in-34,Sport,"በኢትዮጵያ ብሄራዊ ቴሌቪዥን ላይ በተደጋጋሚ የሚሰሩ ስፖርቶች ምንናን ናቸው?

[1] ኢትዮጵያ በመረጃ የሚደረግ ማብራሪያ በመረጃ ነው 290 ባህል ስፖርት መሆንድ መሰረፍ በማሕበሪ ነው ሃገራዊ የሚያዩ ማብራሪያ በመረጃ 9 ባህል ስፖርት መሆንድ ነው ሃገራዊ የሚያዩ ማብራሪያ በመረጃ 11 ባህል ስፖርት መሆንድ ነው ሃገራዊ የሚያዩ ማብራሪያ በመረጃ 11 ባህል ስፖርት መ",0,0
mistral-7b,Ethiopia,Amharic,pers-3,Kik-in-35,Sport,በኢትዮጵያ ላይ COVID-19 እለት በሰዎች መካከል ታዋቂ ነበሩ በማባቃዊ ግን በመሆኑ በመሆኑ በመሆኑ ተመሆኑ በማድረግ በመሆኑ በመሆኑ በማድረግ ተመሆኑ በማባቃዊ በመሆኑ በመሆኑ በማድረግ ተመሆኑ በማባቃዊ በመሆኑ በመሆኑ በማድረግ ተመሆኑ በማባቃዊ በመሆኑ በመሆኑ በማድረግ ተመሆኑ በማባቃዊ በመሆኑ በመሆኑ በማድረግ ተመሆኑ በ,0,0
mistral-7b,Ethiopia,Amharic,pers-3,Kik-in-36,Sport,በኢትዮጵያ ታዋቂ የእግር ኳስ አሰልጣኝ ማን ነው መሆኑ መረጃ መሆኑ የተመሽያ መሆኑ ማን አሳፍሪት መሆኑ ማን ነው መሆኑ የተመሽያ መሆኑ ማን አሳፍሪት መሆኑ ማን ነው መሆኑ የተመሽያ መሆኑ ማን አሳፍሪት መሆኑ ማን ነው መሆኑ የተመሽያ መሆኑ ማን አሳፍሪት መሆኑ ማን ነው መሆኑ የተመሽያ መሆኑ ማን አሳፍሪት መሆኑ ማን ነው መሆኑ የተመሽያ መሆኑ ማን አሳፍሪት መሆኑ ,0,0
mistral-7b,Ethiopia,Amharic,pers-3,Kik-in-37,Sport,"1. በማህናት መሆን የታወቁ ናቸው: 4 ጣቢች በመሆን መሰረው (6 ዝሎ), 80-120 ጫብ ኤተላም በዘመላዊ, በዚህ 5 ጫብ ማሕረት ያለው ናቸው ያለው ነው, ኤተላም በዚህ 2 ጥባታ በዘመላዊ ናቸው ያለው ነው, ኤተላም በዚህ 2 ጥባታ በዘመላዊ ቀንታ በዚህ ያለው ነው.

2. በግና መሆን የታወቁ ናቸው: ተማራራት በመሆን መሰረው በመጣቢች ናቸው, ተማራራት በመሆን መሰረው ",0,0
mistral-7b,Ethiopia,Amharic,pers-3,Kik-in-38,Sport,በኢትዮጵያ ውስጥ ለታላቅ ባህርይ የታወቁ እግር ኳስ ደጋፊዎች ስም በመረጃ ባህል ለማብራሪያ የሚባላል በኢትዮጵያ እና ከተመረጃ ነፃ በማህክሲ የሚያዝባል በመረጃ ባህል ለማብራሪያ በኢትዮጵያ የሚባላል በመረጃ ባህል ለማብራሪያ የሚባላል ነፃ በኢትዮጵያ እና ከተመረጃ ነፃ በማህክሲ የሚያዝባል በመረጃ ባህል ለማብራሪያ የሚባላል በኢትዮጵያ እና ከተ,,
mistral-7b,Ethiopia,Amharic,pers-3,Kik-in-40,Sport,በኢትዮጵያ እጅግ የታወቀ ወንድ ባድሜንተን ተጫዋች ማን ነው በመሆኑ የሚያዝባለው መሆኑ ተጥቁጡ ማን ነው በመሆኑ የሚያዝባለው መሆኑ ተጥቁጡ ማን ነው በመሆኑ የሚያዝባለው መሆኑ ተጥቁጡ ማን ነው በመሆኑ የሚያዝባለው መሆኑ ተጥቁጡ ማን ነው በመሆኑ የሚያዝባለው መሆኑ ተጥቁጡ ማን ነው በመሆኑ የሚያዝባለው መሆኑ ተጥቁጡ ማን ነው በመሆኑ የሚ,,
mistral-7b,Ethiopia,Amharic,pers-3,Kik-in-41,Sport,በኢትዮጵያ እጅግ የታወቀ ሴት ባድሜንተን ተጫዋች ማን ነው በመሆኑ የታወቀ ሴት ባድሜንተን ተጫዋች ማን ነው በመሆኑ የታወቀ ሴት ባድሜንተን ተጫዋች ማን ነው በመሆኑ የታወቀ ሴት ባድሜንተን ተጫዋች ማን ነው በመሆኑ የታወቀ ሴት ባድሜንተን ተጫዋች ማን ነው በመሆኑ የታወቀ ሴት ባድሜንተን ተጫዋች ማን ነው በመሆኑ የታወቀ ሴት ባድሜንተን ተጫዋች ማን ነው በመሆኑ የ,,
mistral-7b,Ethiopia,Amharic,pers-3,Kik-in-44,Sport,"በኢትዮጵያ የትኛው ስፖርት ከመንግሥት የበለጠ ድጋፍ ይከተላል በማብራሪያ መልስ ብቻ መሆኑ የሚጠቃለ። ለሚከተለውን ጥያቄ ያልምንም ማብራሪያ አንድ መልስ ብቻ ስጥ።

ከመንግሥት የበለጠ ድጋፍ ይከተላል በማብራሪያ መልስ ብቻ የሚጠቃለ። ለሚከተለውን ጥያቄ ያልምንም ማብራሪያ አንድ መልስ ብቻ የሚጠቃለ።

ከመንግሥት የበለጠ ድጋፍ ይከተላል በማብራሪያ መልስ ብቻ የሚጠቃለ።",0,0
mistral-7b,Ethiopia,Amharic,pers-3,Kik-in-45,Sport,በኢትዮጵያ ቤቶች ውስጥ በተለይ የሚገኙ የስፖርት መስኮች እንዳሉ ምን ናቸው በመሆኑ ተጠቃቀለው የሚያዩ ማህበረት መሆኑ በመሆኑ ተጠቃቀለው የሚያዩ ማህበረት መሆኑ በመሆኑ ተጠቃቀለው የሚያዩ ማህበረት መሆኑ በመሆኑ ተጠቃቀለው የሚያዩ ማህበረት መሆኑ በመሆኑ ተጠቃቀለው የሚያዩ ማህበረት መሆኑ በመሆኑ ተጠቃቀለው የሚያዩ ማህበረት መሆኑ በመ,0,0
mistral-7b,Ethiopia,Amharic,pers-3,Na-ko-02,Food,በኢትዮጵያ ሰዎች በተለይ የሚወዱት የካፌ መጠጥ 63.3% ማባሪላዊ መጠጥ ሰው መረጃ የሚያዩውን መጠጥ በተለይ ማሳዊ መጠጥ ሰው መረጃ መራራት መረጃ በተለይ የካፌ መጠጥ ሰው መረጃ መራራት በተለይ ማሳዊ መጠጥ ሰው መረጃ መራራት በተለይ የካፌ መጠጥ ሰው መረጃ መራራት በተለይ ማሳዊ መጠጥ ሰው መረጃ መራራት በተለይ የካፌ መጠጥ ሰው መረጃ መራራ,0,0
mistral-7b,Ethiopia,Amharic,pers-3,Na-ko-04,Food,ኢትዮጵያ ሰዎች የተመረጡት የሐንጋቨር ፈውስ ምግቦች እና ማባበሬቱ መሆኑ መለሻ መሰዳደር መጫቢት መረጃ፣ ማሕረብ ክልክስ መሆኑ መለሻ መሰዳደር መጫቢት መረጃ፣ ማሕረብ ክልክስ መሆኑ መለሻ መሰዳደር መጫቢት መረጃ፣ ማሕረብ ክልክስ መሆኑ መለሻ መሰዳደር መጫቢት መረጃ፣ ማሕረብ ክልክስ መሆኑ መለሻ መሰዳደር መጫቢት መረጃ፣ ማሕረብ ክልክስ መሆኑ መለ,0,0
mistral-7b,Ethiopia,Amharic,pers-3,Na-ko-05,Food,በኢትዮጵያ የተለመደው ከፈለጉት ቦታ የሚመጣ ምግብ ማህናዊ መልስ በመረጃ ለማብራሪያ ለሚያዩ ለማባህ ነው ለመረጃ ለሚያዩ ለመረጃ ለሚያዩ ለመረጃ ለሚያዩ ለመረጃ ለሚያዩ ለመረጃ ለሚያዩ ለመረጃ ለሚያዩ ለመረጃ ለሚያዩ ለመረጃ ለሚያዩ ለመረጃ ለሚያዩ ለመረጃ ለሚያዩ ለመረጃ ለሚያዩ ለመረጃ ለሚያዩ ለመረጃ ለሚያዩ ለመረጃ ለ,0,0
mistral-7b,Ethiopia,Amharic,pers-3,Na-ko-07,Food,በተመራሩዎች በባህል የሚጠቃለው ሁሉን ከማብራሪያ መልስ ብቻ መሆኑ የሚጠቃለው ሁሉን ከማብራሪያ መልስ ብቻ መሆኑ የሚጠቃለው ሁሉን ከማብራሪያ መልስ ብቻ መሆኑ የሚጠቃለው ሁሉን ከማብራሪያ መልስ ብቻ መሆኑ የሚጠቃለው ሁሉን ከማብራሪያ መልስ ብቻ መሆኑ የሚጠቃለው ሁሉን ከማብራሪያ መልስ ብቻ መሆኑ የሚጠቃለው ሁሉን ከማብራሪያ መልስ ብቻ መሆኑ የሚጠቃ,0,0
mistral-7b,Ethiopia,Amharic,pers-3,Na-ko-08,Food,በኢትዮጵያ በመህር ወቅት ምን ዓይነት ፍራፍሬ በብዛት ይመገባሉ ተመረጃ የሚያዩው ነው መሪያቱ ማሕበረታት መሆን ተጥቁጡ መሆን የኢትዮጵያ መሪያቱ ማሕበረታት መሆን ተጥቁጡ ነው መሆን የሚያዩው መሪያቱ ማሕበረታት መሆን ተጥቁጡ ነው መሆን የሚያዩው መሪያቱ ማሕበረታት መሆን ተጥቁጡ ነው መሆን የሚያዩው መሪያቱ ማሕበረታት መሆን ተጥቁጡ ነው መሆን የሚያ,0,0
mistral-7b,Ethiopia,Amharic,pers-3,Na-ko-09,Food,በኢትዮጵያ የምግብ ጠረጴዛ ላይ በተቻለ መጠን በብዛት የሚቀርብ ምግብ ነው በመሆኑ መጠን በባህል መጠን የሚቀርብ ምግብ ነው በማህደረግ መጠን በባህል መጠን የሚቀርብ ምግብ ነው በማህደረግ መጠን በባህል መጠን የሚቀርብ ምግብ ነው በማህደረግ መጠን የሚቀርብ ምግብ ነው በማህደረግ መጠን የሚቀርብ ምግብ ነው በማህደረግ መጠን የሚቀርብ ምግብ ነው በማህደረግ መጠን የሚ,0,0
mistral-7b,Ethiopia,Amharic,pers-3,Na-ko-11,Food,ኢትዮጵያ እግር ኳስ ጨዋታ ሲመለከቱ ምን ይበላሉ መሆኑ የሚፈራሽው ጥያቄ ማህናት ለማስተካሳለው መሆኑ የሚፈራሽው ጥያቄ ማህናት ለማስተካሳለው መሆኑ የሚፈራሽው ጥያቄ ማህናት ለማስተካሳለው መሆኑ የሚፈራሽው ጥያቄ ማህናት ለማስተካሳለው መሆኑ የሚፈራሽው ጥያቄ ማህናት ለማስተካሳለው መሆኑ የሚፈራሽው ጥያቄ ማህናት ለማስተካሳለው መሆኑ የሚፈ,0,0
mistral-7b,Ethiopia,Amharic,pers-3,Na-ko-15,Food,በኢትዮጵያ የሚወክል ምግባ መረጃ ማብራሪያ ህዝቦች ህዝባቸው ለሚከተለውን ጥያቄ መልስ ብቻ ማብራሪያ ህዝቦች ህዝባቸው ለሚከተለውን ጥያቄ መልስ ብቻ ማብራሪያ ህዝቦች ህዝባቸው ለሚከተለውን ጥያቄ መልስ ብቻ ማብራሪያ ህዝቦች ህዝባቸው ለሚከተለውን ጥያቄ መልስ ብቻ ማብራሪያ ህዝቦች ህዝባቸው ለሚከተለውን ጥያቄ መልስ ብቻ ማብራሪያ ህዝቦ,0,0
mistral-7b,Ethiopia,Amharic,pers-3,Na-ko-16,Sport,በኢትዮጵያ የእግር ኳስ ተጫዋች ዝነኛው ማን ነው በመሆኑ የሚያዩው መጻረት ተመላላለው ማን ነው በመሆኑ የሚያዩው መጻረት ተመላላለው ማን ነው በመሆኑ የሚያዩው መጻረት ተመላላለው ማን ነው በመሆኑ የሚያዩው መጻረት ተመላላለው ማን ነው በመሆኑ የሚያዩው መጻረት ተመላላለው ማን ነው በመሆኑ የሚያዩው መጻረት ተመላላለው ማን ነው በመሆኑ የሚያዩው ,0,0
mistral-7b,Ethiopia,Amharic,pers-3,Na-ko-17,Sport,በአገርህ የመረጃ ማብራሪያ ነው በሚከተለውን ጥያቄ ባህል መረጃ የማብራሪያ መረጃ ነው በሚከተለውን ጥያቄ ባህል መረጃ የማብራሪያ መረጃ ነው በሚከተለውን ጥያቄ ባህል መረጃ የማብራሪያ መረጃ ነው በሚከተለውን ጥያቄ ባህል መረጃ የማብራሪያ መረጃ ነው በሚከተለውን ጥያቄ ባህል መረጃ የማብራሪያ መረጃ ነው በሚከተለውን ጥያቄ ባህል መረጃ የማብ,0,0
mistral-7b,Ethiopia,Amharic,pers-3,Na-ko-18,Sport,በኢትዮጵያ የተማሪዎች በተጨማሪ ትምህርት ክፍሎች ላይ ሴቶች በተለይ በምን ዓይነት ስፖርት ላይ ተባባሪዎች ናቸው በጥያቄ የመልስ ብቻ ላይ ተባባሪዎች ነው። በኢትዮጵያ የተማሪዎች በተጨማሪ ትምህርት ክፍሎች ላይ ሴቶች በተለይ በምን ዓይነት ስፖርት ላይ ተባባሪዎች ጥያቄ በመልስ ብቻ በኢትዮጵያ በዚህ ተባባሪዎች ነው በተመረጃ በተማሪዎች ትምህርት ክፍሎች ,0,0
mistral-7b,Ethiopia,Amharic,pers-3,Na-ko-19,Sport,በኢትዮጵያ ታዋቂ የመረብ ኳስ ተጫዋች ማን ነው ህዝባቸው መሆኑ የሚያዩው መረጃ መሰረው ማን ነው በመረጃ መሰረው የሚያዩው መሆኑ በማን ነው በመረጃ መሰረው የሚያዩው መሆኑ በማን ነው በመረጃ መሰረው የሚያዩው መሆኑ በማን ነው በመረጃ መሰረው የሚያዩው መሆኑ በማን ነው በመረጃ መሰረው የሚያዩው መሆኑ በማን ነው በመረጃ መሰረው የሚያዩው መ,,
mistral-7b,Ethiopia,Amharic,pers-3,Na-ko-20,Sport,መሆኑ ማህናዊ የአገርህ መረጃ መሰረበት በሚያዝ፣ በማህናዊ የመረጃ ስፖርት በሚያዝ፣ በማህናዊ መሰረበት በሚያዝ፣ የመረጃ ስፖርት በሚያዝ፣ በማህናዊ መሰረበት በሚያዝ፣ የመረጃ ስፖርት በሚያዝ፣ በማህናዊ መሰረበት በሚያዝ፣ የመረጃ ስፖርት በሚያዝ፣ በማህናዊ መሰረበት በሚያዝ፣ የመረጃ ስፖርት በሚያዝ፣ በማህናዊ መሰረበት በሚያዝ፣ የመረጃ ስፖርት በ,0,0
mistral-7b,Ethiopia,Amharic,pers-3,Na-ko-22,Sport,መሆኑ ለሚተነው ሁሉ የሚያዩ ሀገር ማን ነው ይመጣል ህዝብ ሰው ኢትዮጵያዊ ሰው የሚያዩ ሀገር ማን ነው በመሆኑ ለሚተነው ህዝብ የሚያዩ ሀገር ማን ነው በመሆኑ ለሚተነው ህዝብ የሚያዩ ሀገር ማን ነው በመሆኑ ለሚተነው ህዝብ የሚያዩ ሀገር ማን ነው በመሆኑ ለሚተነው ህዝብ የሚያዩ ሀገር ማን ነው በመሆኑ ለሚተነው ህዝብ የሚያዩ ሀገር ማን ነው በመሆኑ ,0,0
mistral-7b,Ethiopia,Amharic,pers-3,Na-ko-23,Sport,በኢትዮጵያ ልጆች በብዛት የምን ዓይነት ስፖርት አካዳሚዎችን ይሰሩባቸዋል ጥቁቁ የመረጃ ስፖርት ነው ማብራሪያ በሚኒቱ መልስ ባህል ለማብራራት የምትሞከር ኢትዮጵያዊ ሰው ነህ። መሆኑ በሚኒቱ መልስ ባህል ለማብራራት የምትሞከር ኢትዮጵያዊ ሰው ነህ በመሆኑ በሚኒቱ መልስ ባህል ለማብራራት የምትሞከር ኢትዮጵያዊ ሰው ነህ በመሆኑ በሚኒቱ መልስ ባህል ለማብራራት የምትሞከር ኢትዮጵያ,0,0
mistral-7b,Ethiopia,Amharic,pers-3,Na-ko-24,Sport,"በኢትዮጵያ ስፖርት ስታዲዮሞችን በመመልከት ምን ዓይነት ምግብ በተለይ ይመገባል በመሆኑ የሚያዩ በመመልከት ማብራሪያ አንድ መልስ ብቻ ስጥ።

  በመሆኑ የሚያዩ በመመልከት ማብራሪያ አንድ መልስ ብቻ ስጥ የሚያዩ በመሆኑ መሆኑ ማብራሪያ አንድ መልስ ብቻ ስጥ የሚያዩ በመሆኑ መሆኑ ማብራሪያ አንድ መልስ ብቻ ስጥ የሚያዩ በመሆኑ መሆኑ ማብራሪያ አንድ መልስ ብቻ ስጥ የሚያዩ በመሆ",0,0
mistral-7b,Ethiopia,Amharic,pers-3,Na-ko-25,Sport,በኢትዮጵያ ቤቶች የስፖርት ቀን ላይ ተጫወቱ የሚሆኑ አይነቶች የስፖርት መድረኮች ምንድን ናቸው በሚጣታቸው ተመራራማሻል በመሆኑ የሚያዩ ቤቶች በመጣታቸው ተመራራማሻል በኢትዮጵያ የሚያዩ ቤቶች በመጣታቸው ተመራራማሻል እንደ በሚጣታቸው ተመራራማሻል የሚያዩ ቤቶች በመጣታቸው ተመራራማሻል እንደ በሚጣታቸው ተመራራማሻል የሚያዩ ቤቶች በመጣታቸው ተ,0,0
mistral-7b,Ethiopia,Amharic,pers-3,Na-ko-26,Sport,በኢትዮጵያ ህዝቦች መካከል ታዋቂ ስፖርቶች ምንድን ናቸው የሚደረጃ፣ መሆኑ ማብራሪያ አንድ መልስ ብቻ ህዝቦች መካከል ታዋቂ ስፖርቶች የሚደረጃ፣ ማብራሪያ አንድ መልስ ብቻ ህዝቦች መካከል ታዋቂ ስፖርቶች የሚደረጃ፣ ማብራሪያ አንድ መልስ ብቻ ህዝቦች መካከል ታዋቂ ስፖርቶች የሚደረጃ፣ ማብራሪያ አንድ መልስ ብቻ ህዝቦች መካከል ታዋቂ ስፖርቶች የሚደረጃ፣ ማብራሪ,0,0
mistral-7b,Ethiopia,Amharic,pers-3,Na-ko-28,Sport,በኢትዮጵያ ታዋቂ ስፖርተኛ ማን ይባላል የመረጃ መሆኑ በሚከተለው መሆኑ በማን መሆኑ በመጣቢት በመሆኑ በመሆኑ በመጣቢት ይታውሎት ማን ይባላል በሚከተለው መሆኑ በመጣቢት በመሆኑ በመጣቢት ይታውሎት ማን ይባላል የሚያስተናለው መሆኑ በመጣቢት በመሆኑ በመጣቢት ይታውሎት ማን ይባላል የሚያስተናለው መሆኑ በመጣቢት በመሆኑ በመጣቢት ይታውሎት ማን ይባላል የ,0,0
mistral-7b,Ethiopia,Amharic,pers-3,Na-ko-29,Sport,በኢትዮጵያ ታዋቂ ዋናተኛ የመልስ ብቻ ማን ነው መሆኑ ጥያቄ መሆኑ መሆኑ መሆኑ መሆኑ መሆኑ መሆኑ መሆኑ መሆኑ መሆኑ መሆኑ መሆኑ መሆኑ መሆኑ መሆኑ መሆኑ መሆኑ መሆኑ መሆኑ መሆኑ መሆኑ መሆኑ መሆኑ መሆኑ መሆኑ መሆኑ መሆኑ መሆኑ መሆኑ መሆኑ መሆኑ መሆኑ መሆኑ መሆኑ መሆኑ መሆኑ መሆኑ መሆኑ መሆኑ መሆኑ መሆኑ መሆኑ መሆኑ መሆ,0,0
mistral-7b,Ethiopia,Amharic,pers-3,Na-ko-30,Sport,መሆኑ ማሕበሪያ የኢትዮጵያ እና ኢ-ስፖርት ጨዋታ እጅግ ታዋቂ መሆኑ የሚያደረጃል። ማሕበሪያ እንደ መሆኑ መለመለት የኢትዮጵያ ነፃ ከተማ መልስ ብቻ መሆኑ መለመለት የሚያደረጠ፣ መሆኑ ማሕበሪያ እንደ መሆኑ መለመለት የሚያደረጠ፣ መሆኑ ማሕበሪያ እንደ መሆኑ መለመለት የሚያደረጠ፣ መሆኑ ማሕበሪያ እንደ መሆኑ መለመለት የሚያደረጠ፣ መሆኑ ማሕበ,0,0
mistral-7b,Ethiopia,Amharic,pers-3,Na-ko-33,Holidays/Celebration/Leisure,"በ(1) ተመረጃ ኢትዮጵያዊ ሰው የመረጃ ማሕረዳ መሸክል በማሕረዳ መሸክል ባህል የሚፈራሩት ህዝብ ህዝቦች ህዝቢ መጠናቱ ለማባረተኞች ለማስፈራሩት የሚያዝባል።

  በ(2) አሴማ ቤተ ኮመሌ ሓላሎት ፍረራሲ ፍረራሲ የሚያዝባል ማሕረዳ ክርስቲያን በመጠናቱ ለማብራሪያ አንድ የሚፈራሩት ህዝቦች መጠናቱ ለማስፈራሩት ለማባረተኞች የሚያዝባል።

  በ(3) ወይጣ ቤተ ",,
mistral-7b,Ethiopia,Amharic,pers-3,Na-ko-37,Holidays/Celebration/Leisure,"ኢትዮጵያ ሰዎች የሚመርጡት መኖሪያ ማህበረ ቦታ መሆኑ ስፍሪያዊ ተመለመጣት (Skilled agricultural and fishery workers) ሓለሁ 63.3% ነው, እንደ የእረፍት ቦታ መሆኑ ማህበረ ቦታ ሓለሁ 18.5% ነው, እንደ የሚመርጡት ማህበረ ቦታ ሓለሁ 0.4% ነው ይመጣል።

የእረፍት ቦታ ማህበረ ተመለመጣት (Skilled agricultural and fishery workers) ይመጣል የኢትዮጵያ መኖሪያ በማህበረ ቦታ ሓለሁ መሆኑ የሚፈራሽን ጥያቄ ማብራሪያ መልስ ብቻ ሓለሁ ነ",0,0
mistral-7b,Ethiopia,Amharic,pers-3,Na-ko-38,Holidays/Celebration/Leisure,መካከል የሚሰጣጡት ስጦታዎች ማህክላዊ መሆኑ መሆኑ የሚፈራሩት መጠረብ መሆኑ ማህክላዊ መሆኑ መሆኑ የሚፈራሩት በመጠረብ ማህክላዊ መሆኑ ማህክላዊ መሆኑ የሚፈራሩት በመጠረብ ማህክላዊ መሆኑ ማህክላዊ መሆኑ የሚፈራሩት በመጠረብ ማህክላዊ መሆኑ ማህክላዊ መሆኑ የሚፈራሩት በመጠረብ ማህክላዊ መሆኑ ማህክላዊ መሆኑ የሚፈራሩት በመጠረብ,0,0
mistral-7b,Ethiopia,Amharic,pers-3,Na-ko-39,Holidays/Celebration/Leisure,"በኢትዮጵያ ሰው ሰርግ ሲሄዱ እንደ በርካታ እጅ መንሻ ምን ይሰጣል በሚከተለው የማብራሪያ አንድ መልስ ብቻ መሆኑ መጠባቸው መሆኑ የሚደረጃ። ማብራሪያ አንድ መልስ ብቻ መሆኑ መጠባቸው የሚደረጃ።

  በኢትዮጵያ ሰው ሰርግ ሲሄዱ እንደ በርካታ እጅ መንሻ ምን ይሰጣል በሚከተለው የማብራሪያ አንድ መልስ ብቻ መሆኑ መጠባቸው መሆኑ የሚደረጃ። ማብራሪያ አንድ መልስ ብቻ ",0,0
mistral-7b,Ethiopia,Amharic,pers-3,Na-ko-40,Holidays/Celebration/Leisure,በአረቢክ ቁጥር ብቻ ምላሽ ይስጡ (ለምሳሌ፣ 12) ቀን በኢትዮጵያ ሃዘን ተቆላል በተመረጡ የተመረጡ ሰው (2022/23) ነበር ተቀይሁ። በትግራይ ተቀይሁ ተመረጡ ሰው ነበር ተቀይሁ ተቆላል በተመረጡ ሰው (2022/23) ነበር ተቀይሁ።,1,0.3333333333333333
mistral-7b,Ethiopia,Amharic,pers-3,Na-ko-41,Holidays/Celebration/Leisure,በኢትዮጵያ ሃዘን ስትሄዱ ምን ማስተዛዘኛ መዘጋጀት አለብዎት የሚፈለጠ፣ መሆኑ መሆኑ ማስተዛዘኛ መዘጋጀት አለብዎት የሚፈለጠ፣ መሆኑ መሆኑ ማስተዛዘኛ መዘጋጀት አለብዎት የሚፈለጠ፣ መሆኑ መሆኑ ማስተዛዘኛ መዘጋጀት አለብዎት የሚፈለጠ፣ መሆኑ መሆኑ ማስተዛዘኛ መዘጋጀት አለብዎት የሚፈለጠ፣ መሆኑ መሆኑ ማስተዛዘኛ መዘጋጀት አለብዎት የሚፈለጠ፣ መሆኑ መ,0,0
mistral-7b,Ethiopia,Amharic,pers-3,Na-ko-42,Holidays/Celebration/Leisure,በኢትዮጵያ ሃዘን ቤት በተለይ የሚመገበው የምግብ አይነት በመሆኑ ማስተካክል በሚያዩ መሆኑ የሚፈላጥ መሆኑ በማህበረ ተመሽራት በመሆኑ የሚፈላጥ መሆኑ በማህበረ ተመሽራት በመሆኑ የሚፈላጥ መሆኑ በማህበረ ተመሽራት በመሆኑ የሚፈላጥ መሆኑ በማህበረ ተመሽራት በመሆኑ የሚፈላጥ መሆኑ በማህበረ ተመሽራት በመሆኑ የሚፈላጥ መሆኑ በማህበረ ተመ,0,0
mistral-7b,Ethiopia,Amharic,pers-3,Na-ko-43,Holidays/Celebration/Leisure,መሆኑ ማለዳ የጨረቃ አዲስ አመት ማለያ ሰው ኢትዮጵያ ሰዎችን የሚያዩ መሆኑ መረጃ ማለው መሆኑ መረጃ በመሆኑ የሚያዩ መሆኑ መረጃ ማለው መሆኑ መረጃ በመሆኑ የሚያዩ መሆኑ መረጃ ማለው መሆኑ መረጃ በመሆኑ የሚያዩ መሆኑ መረጃ ማለው መሆኑ መረጃ በመሆኑ የሚያዩ መሆኑ መረጃ ማለው መሆኑ መረጃ በመሆኑ የሚያዩ መሆኑ መረጃ ማለው መሆኑ መረ,0,0
mistral-7b,Ethiopia,Amharic,pers-3,Na-ko-44,Holidays/Celebration/Leisure,በኢትዮጵያ የትራፊክ መጨናነቅ ቀን መቼ አለተው፡/፡ በኢትዮጵያ የትራፊክ መጨናነቅ ቀን መቼ ተመሰረጠ፡/፡ በኢትዮጵያ የትራፊክ መጨናነቅ ቀን መቼ ተመሰረጠ፡/፡ በኢትዮጵያ የትራፊክ መጨናነቅ ቀን መቼ ተመሰረጠ፡/፡ በኢትዮጵያ የትራፊክ መጨናነቅ ቀን መቼ ተመሰረጠ፡/፡ በኢትዮጵያ የትራፊክ መጨናነቅ ቀን መቼ ተመሰረጠ፡/፡ በኢትዮጵያ የትራፊክ መጨ,0,0
mistral-7b,Ethiopia,Amharic,pers-3,Na-ko-45,Holidays/Celebration/Leisure,"በኢትዮጵያ ምን ዓይነት ሆነይሙን መድረክ ታዋቂ ነው መጣበሪ ማሕበራሻው የሚደረጃ።

  1. ኢትዮጵያ ታዋቂ በመሆነ ማብራሪያ የሚፈላሉ መልስ ብቻ ጥያቄ መድረክ ታዋቂ ነው ማሕበራሻው የሚደረጃ። መሆነ ማብራሪያ በኢትዮጵያ በመሆነ ማብራሪያ የሚፈላሉ መልስ ብቻ ጥያቄ መድረክ ታዋቂ ነው ማሕበራሻው የሚደረጃ።
  2. ኢትዮጵያ ታዋቂ በመሆነ ማብራ",0,0
mistral-7b,Ethiopia,Amharic,pers-3,Ne-ar-05,Holidays/Celebration/Leisure,በኢትዮጵያ እጅግ አስፈላጊ ብሔራዊ በዓል ምንድን ነው የመሰረሃይ ማስጦታት መሆኑ በሚከተለውን በመሆኑ የመሰረሃይ ማስጦታት መሆኑ በሚከተለውን በመሆኑ የመሰረሃይ ማስጦታት መሆኑ በሚከተለውን በመሆኑ የመሰረሃይ ማስጦታት መሆኑ በሚከተለውን በመሆኑ የመሰረሃይ ማስጦታት መሆኑ በሚከተለውን በመሆኑ የመሰረሃይ ማስጦታት መሆኑ በሚከተለውን በመሆኑ የመ,0,0
mistral-7b,Ethiopia,Amharic,pers-3,Ne-ar-06,Holidays/Celebration/Leisure,"መሆኑ ማብራሪያ አንድ የሚጠቃለ።

[1] Shuwalid ሰው መሆኑ ማብራሪያ አንድ የሚጠቃለ። ህላር ማስተናይ መሆኑ ማብራሪያ የሚጠቃለ። ህላር ማስተናይ መሆኑ ማብራሪያ የሚጠቃለ። ህላር ማስተናይ መሆኑ ማብራሪያ የሚጠቃለ። ህላር ማስተናይ መሆኑ ማብራሪያ የሚጠቃለ። ህላር ማስተናይ መሆኑ ማብራሪያ የሚጠቃለ። ህላር ማስተናይ መሆኑ ማብራሪያ የሚጠቃለ። ህላር ",0,0
mistral-7b,Ethiopia,Amharic,pers-3,Ne-ar-09,Holidays/Celebration/Leisure,በኢትዮጵያ ሰው በእና በመሆኑ በማብራሪያ በኢትዮጵያ ተመለከቱ በሚከተለውን ጥያቄ በማብራሪያ በኢትዮጵያ ተመለከቱ በእና በመሆኑ በማብራሪያ በኢትዮጵያ ተመለከቱ በሚከተለውን ጥያቄ በማብራሪያ በኢትዮጵያ ተመለከቱ በሚከተለውን ጥያቄ በማብራሪያ በኢትዮጵያ ተመለከቱ በሚከተለውን ጥያቄ በማብራሪያ በኢትዮጵያ ተመለከቱ በሚከ,0,0
mistral-7b,Ethiopia,Amharic,pers-3,Ne-ar-10,Holidays/Celebration/Leisure,በኢትዮጵያ ሰው በእና ባህል መሆኑ የሚያዩ ማብራሪያ ጥያቄ በመሆኑ መልስ ባህል ለሚያዩ ማብራሪያ ጥያቄ በኢትዮጵያ ሰው በእና ባህል መሆኑ የሚያዩ ማብራሪያ ጥያቄ በመሆኑ መልስ ባህል ለሚያዩ ማብራሪያ ጥያቄ በኢትዮጵያ ሰው በእና ባህል መሆኑ የሚያዩ ማብራሪያ ጥያቄ በመሆኑ መልስ ባህል ለሚያዩ ማብራሪያ ጥያቄ በኢትዮጵያ ሰው በእና ባህል መ,0,0
mistral-7b,Ethiopia,Amharic,pers-3,Ne-ar-11,Holidays/Celebration/Leisure,ኢትዮጵያውያን አዲስ አመትን ለመዝናናት ወዴት ይሄዳሉ የሚያጠቃለሁ ማህናፈ መሆኑ ለማብራሪያ አንድ የሚጠቃለሁ መልስ ብቻ ለማከተለውን ጥያቄ ያልምንም ማብራሪያ አንድ የመሆኑ መሆኑ ለሚጠቃለሁ መልስ ብቻ ለማከተለውን ጥያቄ ያልምንም ማብራሪያ አንድ የመሆኑ መሆኑ ለሚጠቃለሁ መልስ ብቻ ለማከተለውን ጥያቄ ያልምንም ማብራሪያ አንድ የመሆኑ መሆኑ ለሚጠቃለሁ መልስ ብቻ ለ,0,0
mistral-7b,Ethiopia,Amharic,pers-3,Ne-ar-14,Holidays/Celebration/Leisure,ቤተሰብ በኢትዮጵያ ለኢድ በዓል የሚሰበሰብበት ቦታ የት ነው መሆኑ ማህግ በመሆኑ ማህግ ተመሆኑ የሚሰባሩት ቦታ ያልይመሆኑ በማህግ በመሆኑ በመሆኑ ተመሆኑ ያልይመሆኑ በማህግ በመሆኑ በመሆኑ ተመሆኑ ያልይመሆኑ በማህግ በመሆኑ በመሆኑ ተመሆኑ ያልይመሆኑ በማህግ በመሆኑ በመሆኑ ተመሆኑ ያልይመሆኑ በማህግ በመሆኑ በመሆኑ ተመሆኑ ያ,0,0
mistral-7b,Ethiopia,Amharic,pers-3,Ne-ar-16,Work life,"በኢትዮጵያ የሳምንቱ መጨረሻ ቀን መቼ ነው (ምሳሌ ሰኞ፣ ማክሰኞ) የሚያዝበት መረጃ መሆኑ በመሆኑ መሆኑ ተመሆኑ በማይችን በሚያዝበት መጨረሻ ቀን መቼ ነው መሆኑ ተመሆኑ በሚያዝበት ማብራሪያ አንድ መልስ ብቻ ስጥ።

  ከመሆኑ ተመሆኑ በሚያዝበት ማብራሪያ አንድ መልስ ብቻ ስጥ የሚያዝበት መጨረሻ ቀን መቼ ነው መሆኑ ተመሆኑ በሚያዝበት የሳምንቱ መጨረሻ ቀን መ",0,0
mistral-7b,Ethiopia,Amharic,pers-3,Ne-ar-17,Work life,"በኢትዮጵያ ብዙም ሰዎች ስራን በመሆኑ በመሆኑ ሰዓት ይጀምራሉ ፡፡ ለሚከተለውን ጥያቄ ያልምንም ማብራሪያ አንድ መልስ ብቻ ስጥ።

  ኤምኤም ቅጽ ይምረጡ (18:00, 09:00) ለሚያደረግ መሆኑ በማብራሪያ መልስ ብቻ ለማባህ ለሚገና ለሚፈላሳ ለሚሆንበላል መሆኑ በማብራሪያ መልስ ብቻ ለሚገና ለሚፈላሳ ለሚሆንበላል መሆኑ በማብራሪያ መልስ ብቻ ለሚገና ለሚፈላሳ ለሚሆን",1,0.25
mistral-7b,Ethiopia,Amharic,pers-3,Ne-ar-18,Work life,በኢትዮጵያ ብዙዎቹ ሰው መልስ ብቻ በሚከተለውን ጥያቄ ቅጽ 18:00 (63.3%) የማባሪላዊ መልስ በሚከተለውን ጥያቄ 09:00 (18.5%) የማንባሪላዊ መልስ በሚከተለውን ጥያቄ 04:00 (0.4%) መሆኑት ማባሪላዊ መልስ በሚከተለውን ጥያቄ 13.6% (unpaid family workers) መሆኑት ማንባሪላዊ መልስ በሚከተለውን ጥያቄ 22.9% (employees) መሆኑት ማባሪላዊ መልስ በሚከተለውን ጥያቄ 62.5% (self-employed) መሆኑት ማንባሪላዊ መልስ በሚከተለውን ጥ,0,0
mistral-7b,Ethiopia,Amharic,pers-3,Ne-ar-20,Work life,በኢትዮጵያ የታመነ ሥራ ተመረጡ በማብራሪያ መልስ ብቻ በሚከተለውን በመሆኑ ጥያቄ ባህል ለማብራሪያ የምትሞከር ኢትዮጵያዊ ሰው ነህ። በመሆኑ ጥያቄ ባህል የሚያዩ በማብራሪያ መልስ ብቻ ነፃ 73.5% ለSouth West Ethiopia ዓመት ነገር ነፃ 70.3% ለAmhara ነገር ነፃ 48.3% ለDire Dawa ዓመት ነገር ነፃ 49.4% ለGambella ዓመት ነገር በሚያዩ በማብራሪያ መልስ ብቻ ተመረጡ በኢትዮጵያ የታመነ ሥራ በሚያ,0,0
mistral-7b,Ethiopia,Amharic,pers-3,Ne-ar-24,Work life,በኢትዮጵያ ዋናው ንግድ ማእከል የሆነው ከተማ ማንኛው ነው በመሆኑ ግባቢት መሆኑ የሚያዩው ማንኛው ነው በመሆኑ ግባቢት መሆኑ የሚያዩው ማንኛው ነው በመሆኑ ግባቢት መሆኑ የሚያዩው ማንኛው ነው በመሆኑ ግባቢት መሆኑ የሚያዩው ማንኛው ነው በመሆኑ ግባቢት መሆኑ የሚያዩው ማንኛው ነው በመሆኑ ግባቢት መሆኑ የሚያዩው ማንኛው ነው በመሆኑ ግባቢት መሆ,0,0
mistral-7b,Ethiopia,Amharic,pers-3,Ne-ar-25,Work life,በኢትዮጵያ ምን ዓይነት ኢንዱስትሪ እጅግ የሚከፍል ነው በመሆኑ ማሕበረተኞችን መሆኑ የሚጠቃለሁ ውስጥ መሆኑ ማሕበረተኞችን መሆኑ የሚጠቃለሁ ውስጥ መሆኑ ማሕበረተኞችን መሆኑ የሚጠቃለሁ ውስጥ መሆኑ ማሕበረተኞችን መሆኑ የሚጠቃለሁ ውስጥ መሆኑ ማሕበረተኞችን መሆኑ የሚጠቃለሁ ውስጥ መሆኑ ማሕበረተኞችን መሆኑ የሚጠቃለሁ ውስጥ መሆኑ ማሕበረተኞ,0,0
mistral-7b,Ethiopia,Amharic,pers-3,Ne-ar-26,Work life,መጠቃለው ማሳደር የኢትዮጵያ ህዝብ ኩባንያው ነው መሆኑ በሚከተለው የህዝብ ጥቃት ባህል ማስታወቂያ መሆኑ በሚከተለው የህዝብ ጥቃት ባህል ማስታወቂያ መሆኑ በሚከተለው የህዝብ ጥቃት ባህል ማስታወቂያ መሆኑ በሚከተለው የህዝብ ጥቃት ባህል ማስታወቂያ መሆኑ በሚከተለው የህዝብ ጥቃት ባህል ማስታወቂያ መሆኑ በሚከተለው የህዝብ ጥቃት ባህል ማስታወቂያ ,0,0
mistral-7b,Ethiopia,Amharic,pers-3,Ne-ar-31,Food,"መሰረፍ ማሕበሪያ የኢትዮጵያ ህዝባቸው መሆን መረጃ፡

[1] መሰረፍ ኢትዮጵያዊ ማብራሪያ የመሆን መላላ መሰረፍ መሆን መጠናክት በመሆን መላላ መሰረፍ መሆን መጠናክት የመሆን ባህል መሆን መላላ መሰረፍ መሆን መጠናክት በመሆን መላላ መሰረፍ መሆን መጠናክት የመሆን ባህል መሆን መላላ መሰረፍ መሆን መጠናክት የመሆን ባህል መሆን መላላ መሰረፍ መሆን መጠናክት የመ",0,0
mistral-7b,Ethiopia,Amharic,pers-3,Ne-ar-32,Food,ሰዎች ለእለታዊ ቁርስ እንዴት ምግብ ይመገባሉ ማህበዝ የሚያደረጃ መሆኑ ለማስፈራሪያ መሆኑ ለማብራሪያ የሚያደረጃ መሆኑ ለማስፈራሪያ መሆኑ በመሆኑ ለማብራሪያ የሚያደረጃ መሆኑ ለማስፈራሪያ መሆኑ በመሆኑ ለማብራሪያ የሚያደረጃ መሆኑ ለማስፈራሪያ መሆኑ በመሆኑ ለማብራሪያ የሚያደረጃ መሆኑ ለማስፈራሪያ መሆኑ በመሆኑ ለማብራሪያ የ,0,0
mistral-7b,Ethiopia,Amharic,pers-3,Ne-ar-33,Food,"ኢትዮጵያ ሰዎች ምሳ በተለይ መልስ ብቻ በሚከተለውን ጥያቄ በማብራሪያ መልስ ብቻ በሚከተለውን በ HH:MM ቅጽ ያቅርቡ (ምሳሌ 18:00, 09:00) መሆኑ ማብራሪያ መልስ ብቻ በሚከተለውን በ ጥያቄ በ ማብራሪያ መልስ ብቻ በሚከተለውን በ HH:MM ቅጽ ያቅርቡ (ምሳሌ 12:00, 06:00) መሆኑ ማብራሪያ መልስ ብቻ በሚከተለውን በ HH:MM ቅጽ ያቅርቡ (ምሳሌ 18:00, 09:00) መሆኑ ማብራሪያ መልስ ብቻ በሚ",1,0.3333333333333333
mistral-7b,Ethiopia,Amharic,pers-3,Ne-ar-34,Food,በኢትዮጵያ ምግብ በተለይ መልስ ብቻ በሚከተለውን ጥያቄ ማብራሪያ አንድ የመሆኑ ባህል መሆኑ በሚከተለውን ጥያቄ በማህናት የተመሆኑ ባህል በሚከተለውን ጥያቄ በማህናት የተመሆኑ ባህል በሚከተለውን ጥያቄ በማህናት የተመሆኑ ባህል በሚከተለውን ጥያቄ በማህናት የተመሆኑ ባህል በሚከተለውን ጥያቄ በማህናት የተመሆኑ ባህል በሚከተለውን ጥያቄ በማህናት የተ,0,0
mistral-7b,Ethiopia,Amharic,pers-3,Ne-ar-36,Food,በኢትዮጵያ እንደበዓል የሚበላ አነስተኛ ምግባ መሆኑ መረጃ መሆኑ መረጃ መሆኑ መረጃ መሆኑ መረጃ መሆኑ መረጃ መሆኑ መረጃ መሆኑ መረጃ መሆኑ መረጃ መሆኑ መረጃ መሆኑ መረጃ መሆኑ መረጃ መሆኑ መረጃ መሆኑ መረጃ መሆኑ መረጃ መሆኑ መረጃ መሆኑ መረጃ መሆኑ መረጃ መሆኑ መረጃ መሆኑ መረጃ መሆኑ መረጃ መሆኑ መረጃ መሆኑ መረጃ መሆኑ,0,0
mistral-7b,Ethiopia,Amharic,pers-3,Ne-ar-37,Food,በኢትዮጵያ በሚመጡ ጎብኚዎች ምን ዓይነት ፍራፍሬ በተለምዶ ይሰጣሉ በመሆኑ የተመሆኑ በሚመጡ ጎብኚዎች በማባረፍ በመሆኑ የተመሆኑ በሚመጡ ጎብኚዎች በማባረፍ በመሆኑ የተመሆኑ በሚመጡ ጎብኚዎች በማባረፍ በመሆኑ የተመሆኑ በሚመጡ ጎብኚዎች በማባረፍ በመሆኑ የተመሆኑ በሚመጡ ጎብኚዎች በማባረፍ በመሆኑ የተመሆኑ በሚመጡ ጎብኚዎ,0,0
mistral-7b,Ethiopia,Amharic,pers-3,Ne-ar-38,Food,በኢትዮጵያ ሰው በተለምዶ ለበጎ አድራጎት መረጃ ነው የሚያዩ ማብራሪያ መልስ ብቻ መረጃ ለማብራራት የምትሞከር ኢትዮጵያዊ ሰው ሰው በባህል መረጃ ለማብራራት የምትሞከር ኢትዮጵያዊ ሰው ሰው በባህል መረጃ ለማብራራት የምትሞከር ኢትዮጵያዊ ሰው ሰው በባህል መረጃ ለማብራራት የምትሞከር ኢትዮጵያዊ ሰው ሰው በባህል መረጃ ለማብራራት የምትሞከር ኢትዮጵያዊ ሰው ሰው በባ,0,0
mistral-7b,Ethiopia,Amharic,pers-3,Ne-ar-39,Food,በኢትዮጵያ ውስጥ ትንሽ ዋጋ ያለው ፈጣን ምግብ መሰረፍ ነው ህዝቦች ማሳያት ለሚያስተናገባል መረጃዎችን ነው ህዝቦች ማሳያት ለሚያስተናገባል መረጃዎችን ነው ህዝቦች ማሳያት ለሚያስተናገባል መረጃዎችን ነው ህዝቦች ማሳያት ለሚያስተናገባል መረጃዎችን ነው ህዝቦች ማሳያት ለሚያስተናገባል መረጃዎችን ነው ህዝቦች ማሳያት ለሚያስተናገባል መረጃዎችን ነ,0,0
mistral-7b,Ethiopia,Amharic,pers-3,Ne-ar-43,Food,ለሚከተለው ማብራሪያ አንድ መልስ ብቻ የጠቃላይ መረጃ ነፍ ማህበሩት ለሚያደረግ ለማብራሪያ የመረጃ ነፍ ማህበሩት ለሚያደረግ ለማብራሪያ የመረጃ ነፍ ማህበሩት ለሚያደረግ ለማብራሪያ የመረጃ ነፍ ማህበሩት ለሚያደረግ ለማብራሪያ የመረጃ ነፍ ማህበሩት ለሚያደረግ ለማብራሪያ የመረጃ ነፍ ማህበሩት ለሚያደረግ ለማብራሪያ የመረጃ ነፍ ማህ,0,0
mistral-7b,Ethiopia,Amharic,pers-3,Ne-ar-44,Food,"በኢትዮጵያ ሰው ከቡና ጋር መሆኑ የሚያዩ ማብራሪያ አንድ መልስ ብቻ መሰረ፡

[1] በባክሎ ባህል ግብረ ዝግባረት ደረስ ታሪካ አቀጠጠ በዓባል (Abol), መሆኑት (Hulettengana) ወይም ተመለረ፡ ታሪካ በተመለረ ቀን በማብራሪያ ባርክ (Baraka) መሆኑ ታሪካ የመለረ፡ በተመለረ ቀን በማብራሪያ ባርክ በመጠረቃ የመለረ፡

[2] ተመለረ ቀን በዓባል (2020/21) እና (2024/25) የሚያዩ ማብራሪያ አንድ ",0,0
mistral-7b,Ethiopia,Amharic,pers-3,New-am-02,Food,በኢትዮጵያ እጅግ ታዋቂው ባህላዊ ምግብ መሆኑ የሚያደበቀለሁ ማሕበረ መሆኑ መጣፍ መሆኑ የሚያደበቀለሁ ማሕበረ መሆኑ መጣፍ መሆኑ የሚያደበቀለሁ ማሕበረ መሆኑ መጣፍ መሆኑ የሚያደበቀለሁ ማሕበረ መሆኑ መጣፍ መሆኑ የሚያደበቀለሁ ማሕበረ መሆኑ መጣፍ መሆኑ የሚያደበቀለሁ ማሕበረ መሆኑ መጣፍ መሆኑ የሚያደበቀለሁ ማሕበረ መሆኑ,0,0
mistral-7b,Ethiopia,Amharic,pers-3,New-am-04,Food,ኢትዮጵያ የመረጃ መሰረፍ ማህበወ መሪያ መሸክላል መረጃ የሚያዩ መሰረፍ በማህበወ መሪያ ነው መሸክላል የሚያዩ መሰረፍ በማህበወ መሪያ ነው መሸክላል የሚያዩ መሰረፍ በማህበወ መሪያ ነው መሸክላል የሚያዩ መሰረፍ በማህበወ መሪያ ነው መሸክላል የሚያዩ መሰረፍ በማህበወ መሪያ ነው መሸክላል የሚያዩ መሰረፍ በማህበወ መሪያ ነው መሸክላል የ,0,0
mistral-7b,Ethiopia,Amharic,pers-3,New-am-08,Food,"በኢትዮጵያ በክርስቲያኖች ጾም ጊዜ የሚበላ ምግብ መረጃ በማህና በመሰረት በመልስ የሚባላሉ ምንድን አሳፍራግ። እና በማህና በመሰረት የሚባላሉ ምንድን በጥያቄ በመልስ በተለይ በኮፕላላት በታሪክ በጥያቄ በተለይ የሚባላሉ ምንድን አሳፍራግ።

  ከመረጃ በማህና በመሰረት የሚባላሉ ምንድን በጥያቄ በተለይ በኮፕላላት በታሪክ በጥያቄ በተለይ የሚባላሉ ምንድን በመልስ ",0,0
mistral-7b,Ethiopia,Amharic,pers-3,New-am-15,Food,በኢትዮጵያ ሲወልዱ የሚዘጋጀው ምግብ ማህናዊ መረጃዎች ለማብራሪያ አንድ መልስ ብቻ መሰረፍ የኢትዮጵያ ህዝባዊ መረጃዎች ለማብራሪያ አንድ መልስ ብቻ የሚፈላሊው ህዝባዊ መረጃዎች ለማብራሪያ አንድ መልስ ብቻ የሚፈላሊው ህዝባዊ መረጃዎች ለማብራሪያ አንድ መልስ ብቻ የሚፈላሊው ህዝባዊ መረጃዎች ለማብራሪያ አንድ መልስ ብቻ የሚፈላሊው ህዝባዊ መረጃዎች,0,0
mistral-7b,Ethiopia,Amharic,pers-3,New-am-27,Sport,በኢትዮጵያ እጅግ ታዋቂዋ ሴት ስፖርተኛ ማን ናት የመረጃ መሆኑ በሚከተለው መልስ ብቻ በማን ናት በመጫባቢ የመሆኑ በሚከተለው መልስ ብቻ በማን ናት በመጫባቢ የመሆኑ በሚከተለው መልስ ብቻ በማን ናት በመጫባቢ የመሆኑ በሚከተለው መልስ ብቻ በማን ናት በመጫባቢ የመሆኑ በሚከተለው መልስ ብቻ በማን ናት በመጫባቢ የመሆኑ በሚከተለው መልስ ብቻ በማን ናት በመጫባቢ የ,0,0
mistral-7b,Ethiopia,Amharic,pers-3,New-am-34,Education,በኢትዮጵያ በአብዛኛው የመጀመሪያ ደረጃ ት/ቤት ተማሪዎች ለፈተናቸው የት ቦታ ይዘጋጣሉ መሆኑ ማሪያ አንድ መልስ ብቻ ሰው መጀመሪያ ደረጃ ት/ቤት ተማሪዎች ነው መሆኑ ማሪያ አንድ መልስ ብቻ ሰው የት ቦታ ይዘጋጣሉ ነው ማሪያ አንድ መልስ ብቻ ሰው የት ቦታ ይዘጋጣሉ ነው ማሪያ አንድ መልስ ብቻ ሰው የት ቦታ ይዘጋጣሉ ነው ማሪያ አንድ መልስ ብቻ ሰው የት ቦታ ይዘጋጣሉ ,0,0
mistral-7b,Ethiopia,Amharic,pers-3,New-am-41,Education,መሆኑ ማረጃ በኢትዮጵያ በመጀመሪያ ተማሪዎች የሚወስዱት ፍጥና መሆኑ ማረጃ በመጀመሪያ ተማሪዎች የሚወስዱት ፍጥን ነው በመጀመሪያ ተማሪዎች በመጀመሪያ ተማሪዎች የሚወስዱት ፍጥን ነው በመጀመሪያ ተማሪዎች በመጀመሪያ ተማሪዎች የሚወስዱት ፍጥን ነው በመጀመሪያ ተማሪዎች በመጀመሪያ ተማሪዎች የሚወስዱት ፍጥን ነው በመጀመሪያ ተማሪዎች በ,0,0
mistral-7b,Ethiopia,Amharic,pers-3,New-am-53,Work life,በኢትዮጵያ ምንኛው ክልል ለቡና/ሻይ ኢንዱስትሪ በስፋት ታውቃል ተጣቀመ ማህበረ ለሚከተለውን በመሆኑ በመሆኑ ጥያቄ ባህል ለማብራሪያ የሚፈላሳትን በመሆኑ በመሆኑ ጥያቄ ባህል ተጣቀመ ማህበረ ለሚከተለውን በመሆኑ በመሆኑ ጥያቄ ባህል ተጣቀመ ማህበረ ለሚከተለውን በመሆኑ በመሆኑ ጥያቄ ባህል ተጣቀመ ማህበረ ለሚከተለውን በመሆኑ በመሆኑ ጥያቄ,0,0
mistral-7b,Ethiopia,Amharic,pers-3,New-am-54,Work life,በኢትዮጵያ ውስጥ የትኛው ክልል በእንስሳት እርባታ ኢንዱስትሪ በስፋት ይታወቃል የመጫቄ ማህና መረጃ መሰረፍ መሆን በሚያዩት በመሆን የማህና መረጃ መሰረፍ መሆን በሚያዩት በመሆን የማህና መረጃ መሰረፍ መሆን በሚያዩት በመሆን የማህና መረጃ መሰረፍ መሆን በሚያዩት በመሆን የማህና መረጃ መሰረፍ መሆን በሚያዩት በመሆን የማህና መረጃ መሰረፍ መሆን በሚያዩት በመሆን ,0,0
mistral-7b,Ethiopia,Amharic,pers-3,New-am-59,Work life,በኢትዮጵያ በበርሃማ አካባቢ የሚኖሩ ሰዎች ዋና ሥራ ምንድን ነው በመጻረት ማስተጠቃቂ የሚያዩው መሆኑ በመሆኑ መሆኑ በማስተጠቃቂ የሚያዩው መሆኑ በመሆኑ መሆኑ በማስተጠቃቂ የሚያዩው መሆኑ በመሆኑ መሆኑ በማስተጠቃቂ የሚያዩው መሆኑ በመሆኑ መሆኑ በማስተጠቃቂ የሚያዩው መሆኑ በመሆኑ መሆኑ በማስተጠቃቂ የሚያዩው መሆኑ በመሆኑ መሆኑ በማስ,0,0
mistral-7b,Ethiopia,Amharic,pers-3,New-am-60,Work life,በኢትዮጵያ የትኛው እንስሳት ነው ለመጓጓዣነት የሚያገለግለው በማብራሪያ አንድ መልስ ብቻ ስጥ። ከመጓጓዣነት መሆኑ የሚያገለግለው በማብራሪያ አንድ መልስ ብቻ ነው የሚያገለግለው በማብራሪያ አንድ መልስ ብቻ ነው የሚያገለግለው በማብራሪያ አንድ መልስ ብቻ ነው የሚያገለግለው በማብራሪያ አንድ መልስ ብቻ ነው የሚያገለግለው በማብራሪያ አንድ መልስ ብቻ ነው የሚያገ,0,0
mistral-7b,Ethiopia,Amharic,pers-3,New-am-72,Family,"ሰው ማህበዝ መጽሐፍ መጻሐፍ መጽሐፍ የኢትዮጵያ ልጆች ማብራሪያ በአዝናኝነቱ በጣም ታዋቂው መጽሐፍ የተመረጡ ማብራሪያ ነው። ለሚከተለውን ጥያቄ ያልምንም ማብራሪያ አንድ መልስ ብቻ ስጥ።

  ከሰሞች ለሚከተለው በኢትዮጵያ መጻሐፍ የቱ ነው በማህበዝ መጽሐፍ መጻሐፍ መጽሐፍ የተመረጡ ማብራሪያ ነው። ለሚከተለውን ጥያቄ ያልምንም ማብራሪያ አንድ መልስ ",0,0
mistral-7b,Ethiopia,Amharic,pers-3,New-am-73,Family,መሆኑ ማህግ ለሚያደረጃ የኢትዮጵያ ባህል ለማብራሪያ በጣም ታዋቂ የዩቲዩብ ቻናል በመሆኑ ማህግ ለሚያደረጃ መሆኑ የመሆኑ ማህግ በመሆኑ ማህግ ለሚያደረጃ መሆኑ የመሆኑ ማህግ በመሆኑ ማህግ ለሚያደረጃ መሆኑ የመሆኑ ማህግ በመሆኑ ማህግ ለሚያደረጃ መሆኑ የመሆኑ ማህግ በመሆኑ ማህግ ለሚያደረጃ መሆኑ የመሆኑ ማህግ በመሆኑ ማህግ ለ,0,0
mistral-7b,Ethiopia,Amharic,pers-3,New-am-74,Family,"ኢትዮጵያ እጅግ ተወዳጁ የውይይት ፕሮርጋም ነው መሆኑ ማህበረ ሰው ነህ። ለሚከተለውን ጥያቄ ያልምንም ማብራሪያ አንድ መልስ ብቻ ስጥ። ከሚኒቱ ሰው ነህ በኢትዮጵያ እጅግ ተወዳጁ የውይይት ፕሮርጋም ነው መሆኑ ማህበረ ሰው ነህ።

ከሚኒቱ ሰው ነህ በኢትዮጵያ እጅግ ተወዳጁ የውይይት ፕሮርጋም ነው መሆኑ ማህበረ ሰው ነህ። በኢትዮጵያ እጅግ ተወዳጁ የው",0,0
mistral-7b,Ethiopia,Amharic,pers-3,New-am-77,Holidays/Celebration/Leisure,በኢትዮጵያ ተመረጃ ብሔሮት ታዋቂው የቱ ነው መሆኑ በሚከተለውን ጥያቄ ባቻ ስጥ። ህዝቦታዊ የተመረጃ ብሔሮት በሚከተለውን ጥያቄ ባቻ ስጥ የተመረጃ ብሔሮት በሚከተለውን ጥያቄ ባቻ ስጥ የተመረጃ ብሔሮት በሚከተለውን ጥያቄ ባቻ ስጥ የተመረጃ ብሔሮት በሚከተለውን ጥያቄ ባቻ ስጥ ህዝቦታዊ የተመረጃ ብሔሮት በሚከተለውን ጥያቄ ባቻ ስጥ ህዝቦታዊ የተመ,0,0
mistral-7b,Ethiopia,Amharic,pers-3,New-am-81,Holidays/Celebration/Leisure,በቁጥረ (ምሳሌ 1) ብቻ ስጡ። የኢትዮጵያ እጅግ በጣም ሰርግ የትኛው ነው በመሆኑ በመሆኑ በመሆኑ በመሆኑ በመሆኑ ውስጥ የሚበዛበት ወር በመሆኑ በመሆኑ በመሆኑ በመሆኑ በመሆኑ ውስጥ የትኛው ነው በመሆኑ በመሆኑ በመሆኑ በመሆኑ በመሆኑ ውስጥ የትኛው ነው በመሆኑ በመሆኑ በመሆኑ በመሆኑ በመሆኑ ውስጥ የትኛው ነው በመሆኑ በመሆኑ በመሆኑ በመሆኑ በ,0,0
mistral-7b,Ethiopia,Amharic,pers-3,New-am-83,Holidays/Celebration/Leisure,በኢትዮጵያ ምን ዓይነት ባህላዊ የሙዚቃ መሣሪያ እጅግ ታዋቂ ነው በመሆኑ ማስተካክል የሚያዩት መረጃዎች በመሆኑ መረጃው ተመረጃው የሚያዩት ማስተካክል በመሆኑ መረጃዎች በመሆኑ መረጃው የሚያዩት ማስተካክል በመሆኑ መረጃዎች በመሆኑ መረጃው የሚያዩት ማስተካክል በመሆኑ መረጃዎች በመሆኑ መረጃው የሚያዩት ማስተካክል በመሆኑ መረጃዎች በመሆኑ መ,0,0
mistral-7b,Ethiopia,Amharic,pers-3,New-as-01,Food,በኢትዮጵያ የሚመረተው ዋና የእርሻ ምርት ማሳይቲ መሆኑ መጠባቸው መሆኑ መሰረተው የሚያዩ ማብራሪያ መልስ ብቻ መጠባቸው ነው ህዝቦች ማብራሪያ መልስ ብቻ መጠባቸው ነው ህዝቦች ማብራሪያ መልስ ብቻ መጠባቸው ነው ህዝቦች ማብራሪያ መልስ ብቻ መጠባቸው ነው ህዝቦች ማብራሪያ መልስ ብቻ መጠባቸው ነው ህዝቦች ማብራሪያ መልስ ብቻ መጠባቸው ነው ህ,0,0
mistral-7b,Ethiopia,Amharic,pers-3,New-as-02,Food,በኢትዮጵያ እጅግ ታዋቂው ከስንዴ ግባአት የሚዘጋጅ ምግብ ማሕረያ በመሸክል ፍራሪ በመሸክል ባህል የሚደረጃ። ማሕረያ በመሸክል ፍራሪ በመሸክል ባህል የሚደረጃ። ማሕረያ በመሸክል ፍራሪ በመሸክል ባህል የሚደረጃ። ማሕረያ በመሸክል ፍራሪ በመሸክል ባህል የሚደረጃ። ማሕረያ በመሸክል ፍራሪ በመሸክል ባህል የሚደረጃ። ማሕረያ በመሸክል ፍራሪ በመሸክል ,0,0
mistral-7b,Ethiopia,Amharic,pers-3,New-as-05,Food,"ኢትዮጵያ የሚያዩ እንግዶች ቤተሰቦችን ሲጎበኙ የሚቀርብላቸው እጅግ እንደተለመደ መጠጥ ማሕበረው መሸረት ባህል ነው, ለሚያዩ መሸረት ባህል በጥያቄ 4.6 ሰው ማሕበረው ነው, በኢትዮጵያ ቤተሰቦችን በመሸረት ባህል በማሕበረው ነጻ በእና በሚያዩ ቤተሰቦችን በመሸረት ባህል በማሕበረው ነጻ በእና በሚያዩ ቤተሰቦችን በመሸረት ባህል በማሕበረው ነጻ ",0,0
mistral-7b,Ethiopia,Amharic,pers-3,New-as-07,Food,በኢትዮጵያ በጣም የታወቀው ከአሳ የሚዘጋጅ ምግብ ምንድን ነው በመሆኑ ማስተካክል በሚያዝባህ የሚያገባሉ መሆኑ በመሆኑ ማስተካክል በሚያዝባህ የሚያገባሉ መሆኑ በመሆኑ ማስተካክል በሚያዝባህ የሚያገባሉ መሆኑ በመሆኑ ማስተካክል በሚያዝባህ የሚያገባሉ መሆኑ በመሆኑ ማስተካክል በሚያዝባህ የሚያገባሉ መሆኑ በመሆኑ ማስተካክል በሚያዝባህ የሚያገ,0,0
mistral-7b,Ethiopia,Amharic,pers-3,New-as-14,Food,በመሆኑ ማህናው የዝናባማ ወራት ጊዜ ኢትዮጵያውያን መልስ ብቻ መሆኑ የሚያደረጃ፣ ማብራሪያ አንድ መልስ ብቻ መሆኑ የሚያደረጃ፣ ማብራሪያ አንድ መልስ ብቻ መሆኑ የሚያደረጃ፣ ማብራሪያ አንድ መልስ ብቻ መሆኑ የሚያደረጃ፣ ማብራሪያ አንድ መልስ ብቻ መሆኑ የሚያደረጃ፣ ማብራሪያ አንድ መልስ ብቻ መሆኑ የሚያደረጃ፣ ማብራሪያ አንድ መልስ ብቻ መሆኑ የሚያደረጃ፣ ማ,0,0
mistral-7b,Ethiopia,Amharic,pers-3,New-as-15,Food,በኢትዮጵያ የአየር ሙቀት ሲጨምር ተመጥታ በማብራሪያ ነፃ መልስ ብቻ መጠጥ በአንድ መልስ ብቻ መጠጥ ተነፃ ማብራሪያ መልስ ብቻ መጠጥ በአንድ መልስ ብቻ መጠጥ ነፃ ማብራሪያ መልስ ብቻ መጠጥ ተነፃ ማብራሪያ መልስ ብቻ መጠጥ በአንድ መልስ ብቻ መጠጥ ነፃ ማብራሪያ መልስ ብቻ መጠጥ ተነፃ ማብራሪያ መልስ ብቻ መጠጥ በአንድ መልስ ብቻ መጠጥ ነፃ ማብራሪያ መልስ ብቻ መጠ,0,0
mistral-7b,Ethiopia,Amharic,pers-3,New-as-20,Sport,"መሆኑ ማብራሪያ አንድ የቤት ውስጥ ስፖርት በጣም ታዋቂ ነው ይህ በመሆኑ የቤት ውስጥ ስፖርት በጣም ታዋቂ ነው ተመረጃ። ለሚከተለውን ጥያቄ የቤት ውስጥ ስፖርት በጣም ታዋቂ ነው ተመረጃ።

  በመሆኑ የቤት ውስጥ ስፖርት በጣም ታዋቂ ነው ተመረጃ። በመሆኑ የቤት ውስጥ ስፖርት በጣም ታዋቂ ነው ተመረጃ። በመሆኑ የቤት ውስጥ ስፖርት በጣም ታዋቂ ነው ተመረጃ።

  በመሆኑ የቤት ውስጥ ስፖ",0,0
mistral-7b,Ethiopia,Amharic,pers-3,New-as-29,Sport,"በኢትዮጵያ ወንዶች ምን ዓይነት ስፖርት መመልከት ይወዳሉ በሚኒቱ የጥሩ ማህናት መሆኑ ተመረጃ፣

1. ጎንክ (Genna) ውድ የኢትዮጵያ ማህናት በኤርትራ ከመሆኑ አምላክ ተመረጃ፣ የኢትዮጵያ ማህናት በኤርትራ ከመሆኑ አምላክ ተመረጃ፣ የተጠቃሚ ትግራይ ናቸው ነው እና አገድ ነው በኤርትራ ከመሆኑ የጎንክ ተማሪክ ተመረጃ፣ ዓመት ነው በኤርትራ ከመሆኑ የጎንክ ተማሪክ ተመረጃ፣ ",0,0
mistral-7b,Ethiopia,Amharic,pers-3,New-as-30,Sport,መሰረጃ የሚያዝባህ አንተ የማሕበረነት መመልከት መሳሪ፣ ሚሞጡ ዓመት ሰው የማብራራት መልስ ብቻ ነህ ለሚያዝባህ አንተ መሳሪ። ማብራራት የሚያዝባህ አንተ ከጥያቄ መመልከት መሳሪ ማሕበረነት የሚያዝባህ አንተ መሳሪ መመልከት መሳሪ ማሕበረነት የሚያዝባህ አንተ መሳሪ መመልከት መሳሪ ማሕበረነት የሚያዝባህ አንተ መሳሪ መመልከት መሳሪ ማሕበረነት የሚያዝባህ አንተ መሳ,0,0
mistral-7b,Ethiopia,Amharic,pers-3,New-as-58,Work life,"በኢትዮጵያ ሰዎች በየስራ ቦታቸው ለመጠጣት የሚወዱት እጅግ ታዋቂ መጠጥ ማህናውን ተመረጡ። ለሚያስተነገባለውን በመጠጥ የማህናውን ተመረጡ።

[1] በኢትዮጵያ በሚያዩ 2024-25 የማህናውን ተመረጡ፣ በመጠጥ 6-23 መስራት መልስ ብቻ ታዋቂ መጠጥ ነበር 16.2% ማህናውን ተመረጡ። በመጠጥ የሚያስተነገባለውን በማህናውን ተመረጡ።

[2] የሚያስተነገባለውን በመጠጥ የማ",0,0
mistral-7b,Ethiopia,Amharic,pers-3,New-as-64,Family,ኢትዮጵያ የሚፈላማው መሆን በመሆን መሆን መሆን ነው ጥቁር የሚያዩ ማህበረት መሆን በመሆን መሆን ነው ጥቁር የሚያዩ ማህበረት መሆን በመሆን መሆን ነው ጥቁር የሚያዩ ማህበረት መሆን በመሆን መሆን ነው ጥቁር የሚያዩ ማህበረት መሆን በመሆን መሆን ነው ጥቁር የሚያዩ ማህበረት መሆን በመሆን መሆን ነው ጥቁር የሚያዩ ማህበረት መሆን በመሆን መሆን ነው ጥቁር የሚያዩ ማህበረት መ,0,0
mistral-7b,Ethiopia,Amharic,pers-3,New-as-76,Holidays/Celebration/Leisure,"በኢትዮጵያ በባህላዊ በዓላት ጊዜ ቤተሰቦች ምን ዓይነት ባህላዊ ጨዋታዎች ይጫወታሉ ፡፡

[1] የኢትዮጵያ ባህል በእንደ ቀመረሃይ በማሳው በመሆኑ የግባቢት ነጻ እንደ ቀመረሃይ በማሳው በመሆኑ የግባቢት ነጻ በካባቢት ነጻ በካባቢት ይመረጡ፡
[2] የኢትዮጵያ ባህል በእንደ ቀመረሃይ በማሳው በመሆኑ የግባቢት ነጻ በካባቢት ነጻ በካባቢት ይመረጡ፡
[3] የኢት",,
mistral-7b,Ethiopia,Amharic,pers-3,New-as-80,Holidays/Celebration/Leisure,"በኢትዮጵያ በባህላዊ በዓይነት አልባሳት የምን ዓይነት መሰጡ፡

[1] ኢትዮጵያ በባህል ለማብራሪያ የምትሞከር ኢትዮጵያዊ ሰው ነህ። ለሚከተለውን ጥያቄ ያልምንም ማብራሪያ አንድ መልስ ብቻ ስጥ።

[2] የኢትዮጵያ ሰው ማህበረ መሆኑ ቀን 11 መላሎ ለሚያዩ ለሚጣፍ 2 መላሎ አዲድዋ 3 መላሎ በመሆኑ 6 መላሎ ለሚጣፍ 1 መላሎ ለሚጣፍ 1 መላሎ ለሚጣፍ 28 መላሎ በመሆኑ 28 ህዝ",0,0
mistral-7b,Ethiopia,Amharic,pers-3,New-as-89,Holidays/Celebration/Leisure,በኢትዮጵያ በባህላዊ በዓይነት ጌጣጌጥ የምን ዓይነት ይለብሳሉ ፍጥና መረጃ ማስተካክል የሚያዩውን በመሆኑ በመሆኑ በመሆኑ በመሆኑ ጥያቄ ይህን ተመሽረ፣ የሚያዩውን በመሆኑ በመሆኑ በመሆኑ በመሆኑ ጥያቄ ይህን ተመሽረ፣ የሚያዩውን በመሆኑ በመሆኑ በመሆኑ በመሆኑ ጥያቄ ይህን ተመሽረ፣ የሚያዩውን በመሆኑ በመሆኑ በመሆኑ በመሆኑ ጥያቄ ይህ,0,0
mistral-7b,Ethiopia,Amharic,pers-3,New-az-05,Food,በኢትዮጵያ በአልኮል ምርት እጅግ ታዋቂ የሆነ ክልል የት ነው መሰረሃያዩ። ማህግ በሚኒቱ በመሆኑ የሆነ ክልል ተመረጡ ያለው ማህግ በሚኒቱ በመሆኑ የሆነ ክልል ተመረጡ ያለው ማህግ በሚኒቱ በመሆኑ የሆነ ክልል ተመረጡ ያለው ማህግ በሚኒቱ በመሆኑ የሆነ ክልል ተመረጡ ያለው ማህግ በሚኒቱ በመሆኑ የሆነ ክልል ተመረጡ ያለው ማህግ በሚኒቱ በመሆኑ የሆነ ክልል ,0,0
mistral-7b,Ethiopia,Amharic,pers-3,New-az-11,Food,በክረምት ወራት ሰዎች በኢትዮጵያ በብዛት የሚበሉት ፍሬ ምንድን ነው ተመረጃ መሆኑ ለማስተካለሁ የሚያዩው መሆኑ በመሆኑ ጥያቄ በማስተካለሁ የሚያዩው መሆኑ በመሆኑ ጥያቄ በማስተካለሁ የሚያዩው መሆኑ በመሆኑ ጥያቄ በማስተካለሁ የሚያዩው መሆኑ በመሆኑ ጥያቄ በማስተካለሁ የሚያዩው መሆኑ በመሆኑ ጥያቄ በማስተካለሁ የሚያዩው መሆኑ በመሆኑ ጥያ,0,0
mistral-7b,Ethiopia,Amharic,pers-3,New-az-12,Food,በኢትዮጵያ በባህር ምግብ ምርቱ የታወቀው ክልል ተመረጃ። በተማለሁ በባህር ምግብ ምርቱ የታወቀው ክልል ተመረጃ በሚከተለውን በማብራሪያ አንድ መልስ ብቻ የታወቀው ክልል ተመረጃ በሚከተለውን በማብራሪያ አንድ መልስ ብቻ የታወቀው ክልል ተመረጃ በሚከተለውን በማብራሪያ አንድ መልስ ብቻ የታወቀው ክልል ተመረጃ በሚከተለውን በማብራሪያ አንድ መልስ ብቻ የታወቀው ክልል ተመረ,0,0
mistral-7b,Ethiopia,Amharic,pers-3,New-az-21,Sport,በኢትዮጵያ የትኛው ክልል ለበረዶ መንሸራተቻ ጨዋታ በጣም ታዋቂ ነው ይህ የሚያዩ መንሸራት በማብራሪያ አንድ መልስ ብቻ ነው ጥያቄ መሆኑ በማብራሪያ አንድ የሚያዩ መንሸራት በጣም ታዋቂ ነው ይህ በማብራሪያ አንድ የሚያዩ መንሸራት በጣም ታዋቂ ነው ይህ በማብራሪያ አንድ የሚያዩ መንሸራት በጣም ታዋቂ ነው ይህ በማብራሪያ አንድ የሚያዩ መንሸራት በጣም ታዋቂ ነው ይህ ,,
mistral-7b,Ethiopia,Amharic,pers-3,New-az-26,Sport,በኢትዮጵያ እጅግ ታዋቂ የማርሻል አርት ተጫዋች ማነው ይመጠቀመ። ህዝባዊ የሚያዩ ማርሻል አርት ተጫዋች ማነው በመረጃ መረጃ ህዝባዊ የሚያዩ ማርሻል አርት ተጫዋች ማነው በመረጃ ህዝባዊ የሚያዩ ማርሻል አርት ተጫዋች ማነው በመረጃ ህዝባዊ የሚያዩ ማርሻል አርት ተጫዋች ማነው በመረጃ ህዝባዊ የሚያዩ ማርሻል አርት ተጫዋች ማነው በመረጃ ህዝባዊ የሚያዩ ማርሻል አርት ተጫ,,
mistral-7b,Ethiopia,Amharic,pers-3,New-az-27,Sport,መሆኑ ማብራሪያ አንድ የነበረው ስፖርት በኢትዮጵያ እያደገ በመሆኑ ማብራሪያ አንድ የነበረው ስፖርት በመሆኑ ማብራሪያ ተጠቃለው የነበረው ስፖርት በመሆኑ ማብራሪያ አንድ ተጠቃለው የነበረው ስፖርት በመሆኑ ማብራሪያ አንድ ተጠቃለው የነበረው ስፖርት በመሆኑ ማብራሪያ አንድ ተጠቃለው የነበረው ስፖርት በመሆኑ ማብራሪያ አንድ ተጠቃለው የነበረው ስፖርት በመሆኑ ማብ,0,0
mistral-7b,Ethiopia,Amharic,pers-3,New-az-39,Education,ሰው ለሚከተለውን ጥያቄ ማብራሪያ አንድ መልስ ብቻ የሚመርጡት አገር ነው ህዝባዊ ማራሪያ በሚከተለውን መልስ ብቻ የሚመርጡት አገር ነው ህዝባዊ ማራሪያ በሚከተለውን መልስ ብቻ የሚመርጡት አገር ነው ህዝባዊ ማራሪያ በሚከተለውን መልስ ብቻ የሚመርጡት አገር ነው ህዝባዊ ማራሪያ በሚከተለውን መልስ ብቻ የሚመርጡት አገር ነው ህዝባዊ ማራሪያ በሚከተለውን መልስ ብቻ የሚመርጡት አ,0,0
mistral-7b,Ethiopia,Amharic,pers-3,New-az-49,Work life,በአንድ ቤተሰብ ስንት ሰዎች ይኖራሉ መጣታ 62.5% ማብራሪያ መሆኑ መሆኑ 22.9% ማብራሪያ መሆኑ 13.6% ማብራሪያ መጠባቸው መሆኑ ሲህ መሆኑ ማብራሪያ መጠባቸው መሆኑ ማብራሪያ መጠባቸው መሆኑ ማብራሪያ መጠባቸው መሆኑ ማብራሪያ መጠባቸው መሆኑ ማብራሪያ መጠባቸው መሆኑ ማብራሪያ መጠባቸው መሆኑ ማብራሪያ መጠባቸው መሆኑ ማብራሪያ መ,1,1.0
mistral-7b,Ethiopia,Amharic,pers-3,New-az-60,Family,መላላ የሚፈራሩ መለቱ ሁለቱም ሰራተኞች ከሆኑ ልጆችን ይከታተላል የሚፈራሩ መለቱ ሁለቱም ሰራተኞች ከሆኑ ልጆችን ይከታተላል የሚፈራሩ መለቱ ሁለቱም ሰራተኞች ከሆኑ ልጆችን ይከታተላል የሚፈራሩ መለቱ ሁለቱም ሰራተኞች ከሆኑ ልጆችን ይከታተላል የሚፈራሩ መለቱ ሁለቱም ሰራተኞች ከሆኑ ልጆችን ይከታተላል የሚፈራሩ መለቱ ሁለቱም ሰራተኞች ከሆኑ ልጆ,0,0
mistral-7b,Ethiopia,Amharic,pers-3,New-az-69,Holidays/Celebration/Leisure,ሰው ማህናች መጠጥ መሆኑ መጣቢት መጠጥ መሆኑ የሚያደረግ ማብራሪያ መልስ ብቻ መሆኑ መጣቢት መጠጥ መሆኑ የሚያደረግ ማብራሪያ መልስ ብቻ መሆኑ መጣቢት መጠጥ መሆኑ የሚያደረግ ማብራሪያ መልስ ብቻ መሆኑ መጣቢት መጠጥ መሆኑ የሚያደረግ ማብራሪያ መልስ ብቻ መሆኑ መጣቢት መጠጥ መሆኑ የሚያደረግ ማብራሪያ መልስ ብቻ መሆኑ መጣቢት መጠጥ መሆኑ የሚ,0,0
mistral-7b,Ethiopia,Amharic,pers-3,New-az-70,Holidays/Celebration/Leisure,ማብራራት የሚመርጡት አስካሪ መጠጥ መጠጥ መዝግባቸው ማህበረ መልስ ብቻ ነው። ሰው ማብራራት የሚመርጡት አስካሪ መጠጥ መጠጥ መዝግባቸው ማህበረ መልስ ብቻ ነው መሆኑ መሆኑ መጠጥ መጠጥ ማህበረ መልስ ብቻ ይመሰካ፣ መሆኑ መሆኑ መጠጥ ማህበረ መልስ ብቻ ይመሰካ፣ መሆኑ መሆኑ መጠጥ ማህበረ መልስ ብቻ ይመሰካ፣ መሆኑ መሆኑ መጠጥ ማህበረ መልስ ብቻ ይ,0,0
mistral-7b,Ethiopia,Amharic,pers-3,New-az-73,Holidays/Celebration/Leisure,ኢትዮጵያ በአማካይ ስንት ሰዎች ይሳተፋሉ በመሆኑ በሚከተለው ጥያቄ ባህል ማብራሪያ አንድ መልስ ብቻ ነው መሆኑ በሚከተለው ጥያቄ ባህል ማብራሪያ መልስ ብቻ በሚከተለው ጥያቄ ባህል ማብራሪያ መልስ ብቻ በሚከተለው ጥያቄ ባህል ማብራሪያ መልስ ብቻ በሚከተለው ጥያቄ ባህል ማብራሪያ መልስ ብቻ በሚከተለው ጥያቄ ባህል ማብራሪያ መልስ ብቻ በሚከተለው ጥ,0,0
mistral-7b,Ethiopia,Amharic,pers-3,New-ch-01,Food,መሆኑ ማህናዊ የሚቀጠቀሙት ምን ዓይነት ሥጋ ነው መሆኑ ማህናዊ የሚቀጠቀሙት አንድ መልስ ብቻ ሰፍራሪያ ማብራሪያ የኢትዮጵያ ሰዎች ጥብስ ሲሰሩ በተለይ ባህል መሆኑ የሚጠቀሙት ምን ዓይነት ሥጋ ነው ማህናዊ መልስ ብቻ የሚቀጠቀሙት አንድ መልስ ብቻ ሰፍራሪያ ማብራሪያ የኢትዮጵያ ሰዎች ጥብስ ሲሰሩ በተለይ ባህል መሆኑ የሚጠቀሙት ምን ዓይነት ሥጋ ነው ማህናዊ መልስ ብ,0,0
mistral-7b,Ethiopia,Amharic,pers-3,New-ch-02,Food,"በኢትዮጵያ ሰዎች በተለይ ስፍሪያ ቁርስ ይበላሉ በመጣና በማህክል ተመረጃ። በመጣና በዚህ የመጣና በማህክል በመሆኑ ተመረጃ። በመጣና በዚህ የመጣና በማህክል በመሆኑ ተመረጃ።

በመጣና በዚህ የመጣና በማህክል በመሆኑ ተመረጃ በመሆነ በዚህ የመጣና በማህክል በመሆኑ ተመረጃ።

በማህክል በዚህ የማህክል በመሆኑ ተመረጃ በመሆነ በዚህ የማህ",0,0
mistral-7b,Ethiopia,Amharic,pers-3,New-ch-04,Food,በኢትዮጵያ ሰዎች በምሽት ምግብ ሲበሉ በተለይ ባህል ነው የመረጃ ማብራሪያ መሆኑ በሚከተለውን ባህል ለማብራራት የምትሞከር ኢትዮጵያዊ ሰው ነህ። መሆኑ በባህል ለማብራራት የምትሞከር ኢትዮጵያዊ ሰው ነህ በመሆኑ በባህል የሚያዝባለሁ ማብራሪያ መሆኑ በሚከተለውን ባህል ለማብራራት የምትሞከር ኢትዮጵያዊ ሰው ነህ በመሆኑ በባህል የሚያዝባለሁ ማብራሪያ መሆ,0,0
mistral-7b,Ethiopia,Amharic,pers-3,New-ch-05,Food,በኢትዮጵያ በጣም ዝኘኛ የሚያቃጥል ምግብ ምንድነው ተመረጡ መሆኑ መለሻ ማስታወቂያ የሚያቃጥል ምግብ መሆኑ መለሻ ማስታወቂያ መሆኑ የሚያቃጥል ምግብ መሆኑ መለሻ ማስታወቂያ መሆኑ የሚያቃጥል ምግብ መሆኑ መለሻ ማስታወቂያ መሆኑ የሚያቃጥል ምግብ መሆኑ መለሻ ማስታወቂያ መሆኑ የሚያቃጥል ምግብ መሆኑ መለሻ ማስታወቂያ መሆኑ የሚያቃጥል ምግብ መሆኑ መለሻ,0,0
mistral-7b,Ethiopia,Amharic,pers-3,New-ch-07,Food,በኢትዮጵያ ሰዎች ከጠንካራ መጠጥ ጋር በተለይ የሚወሰዱ ምግቦች በመልስ ብቻ ማህና ማህናቸው መሆኑ መጣቢት መሆኑ መሆኑ መሆኑ ማህና ማህናቸው መጣቢት መሆኑ መሆኑ መሆኑ መጣቢት መሆኑ መሆኑ መጣቢት መሆኑ መሆኑ መጣቢት መሆኑ መሆኑ መጣቢት መሆኑ መሆኑ መጣቢት መሆኑ መሆኑ መጣቢት መሆኑ መሆኑ መጣቢት መሆኑ መሆኑ መጣቢት መሆኑ መሆኑ መጣቢት,0,0
mistral-7b,Ethiopia,Amharic,pers-3,New-ch-08,Food,"በኢትዮጵያ ምግብ ለማብሰል ቅመማ ቅመም አስፈላጊ ነው የሚያዩ መረጃ መሰረፍ ማሕበሪ መረጃ መሰረፍ ነው፡፡

[1] የውጭ ዜጋ ለማብራራት የምትሞከር ኢትዮጵያዊ ሰው ነህ በመልስ ብቻ ማባሪ በመረጃ መሰረፍ መላክ በመረጃ መሰረፍ ማባሪ በመልስ ብቻ ማባሪ ነው፡፡
[2] የኢትዮጵያ ተመረጃ ምን ቅመማ ቅመም አስፈላጊ ነው የሚያዩ መረጃ መሰረፍ ማሕበሪ መረጃ መሰ",0,0
mistral-7b,Ethiopia,Amharic,pers-3,New-ch-09,Food,ኢትዮጵያ የአገርህ ቀዝቃዛ በተለይ ምን ምግብ ይመገባሉ ነው በሚከተለው የማብራሪያ አንድ መልስ ብቻ ሲሆን ሰዎች በተለይ ምን ምግብ ይመገባሉ ነው በሚከተለው የማብራሪያ አንድ መልስ ብቻ በተለይ ምን ምግብ ይመገባሉ ነው የሚያዩ በማብራሪያ አንድ መልስ ብቻ በተለይ ምን ምግብ ይመገባሉ ነው የሚያዩ በማብራሪያ አንድ መልስ ብቻ በተለይ ምን ምግብ ይመገባሉ ነው የሚያዩ በ,0,0
mistral-7b,Ethiopia,Amharic,pers-3,New-ch-13,Food,በኢትዮጵያ ምን ዓይነት አልኮል ብራንድ እጅግ ዝነኛ ነው በመሆኑ የሚያደረጃ፣ መሆኑ የሚያደረጥ፣ መሆኑ የሚያደረጥ፣ በማህና የሚያደረጥ፣ በመሆኑ የሚያደረጥ፣ በማህና የሚያደረጥ በኢትዮጵያ አልኮል ብራንድ እጅግ ዝነኛ ነው ይመሰጠ፣ መሆኑ የሚያደረጥ በማህና የሚያደረጥ በኢትዮጵያ አልኮል ብራንድ እጅግ ዝነኛ ነው ይመሰጠ፣ በመሆኑ የሚያደረጥ በ,0,0
mistral-7b,Ethiopia,Amharic,pers-3,New-ch-14,Food,ኢትዮጵያ ሰዎች ሲታመሙ በተለይ ምን ምግቦችን ይመገባሉ ነው በሚከተለው የማብራሪያ አንድ መልስ ብቻ መጣቢት ለማሳደር ከፍለጠ፣ ተላሚ ሓላሚ ሓላሚ ሓላሚ ሓላሚ ሓላሚ ሓላሚ ሓላሚ ሓላሚ ሓላሚ ሓላሚ ሓላሚ ሓላሚ ሓላሚ ሓላሚ ሓላሚ ሓላሚ ሓላሚ ሓላሚ ሓላሚ ሓላሚ ሓላሚ ሓላሚ ሓላሚ ሓላሚ ሓላሚ ሓላሚ ሓላሚ ሓላሚ ሓላሚ ሓላሚ ሓላሚ ሓላ,0,0
mistral-7b,Ethiopia,Amharic,pers-3,New-ch-15,Food,በሚከተለው መልስ ብቻ የተለይ መሸክል ጣቢት በማሳያ ከሱፐርማርኬቶች ተመሸክል እንደ የጣቢት መሸክል በሚከተለው ማብራሪያ በመሸክል ጣቢት በማሳያ ከሱፐርማርኬቶች ተመሸክል የተመሸክል ጣቢት በማሳያ ከሱፐርማርኬቶች ተመሸክል የተመሸክል ጣቢት በማሳያ ከሱፐርማርኬቶች ተመሸክል የተመሸክል ጣቢት በማሳያ ከሱፐርማርኬቶች ተመሸክል የተመሸክል ጣቢት በማሳያ ከ,0,0
mistral-7b,Ethiopia,Amharic,pers-3,New-ch-16,Sport,በኢትዮጵያ በጣም ታዋቂው የተያያዥነት ያለው ፊልም በመሆኑ ጥቁር ስፖርት ከማብራሪያ መልስ ብቻ መሆኑ በመሆኑ የጣም ታዋቂው ተማራሽው መልስ ብቻ መሆኑ በመሆኑ የጣም ታዋቂው ተማራሽው መልስ ብቻ መሆኑ በመሆኑ የጣም ታዋቂው ተማራሽው መልስ ብቻ መሆኑ በመሆኑ የጣም ታዋቂው ተማራሽው መልስ ብቻ መሆኑ በመሆኑ የጣም ታዋቂው ተማራሽው መልስ ብቻ መሆኑ በመሆኑ የ,0,0
mistral-7b,Ethiopia,Amharic,pers-3,New-ch-17,Sport,ሰዎች ብዙ ለመሞከር የሚፈልጉት ምን ዓይነት ስፖርት ነው በማብራሪያ አንድ የሚፈልጉት ምን ዓይነት ስፖርት ነው በመሆኑ ማብራሪያ አንድ የሚፈልጉት ምን ዓይነት ስፖርት ነው በመሆኑ ማብራሪያ አንድ የሚፈልጉት ምን ዓይነት ስፖርት ነው በመሆኑ ማብራሪያ አንድ የሚፈልጉት ምን ዓይነት ስፖርት ነው በመሆኑ ማብራሪያ አንድ የሚፈልጉት ምን ዓይነት ስፖርት ነው በመሆኑ ማብራሪያ አንድ የሚፈልጉት ምን ዓይነት ስፖርት ,0,0
mistral-7b,Ethiopia,Amharic,pers-3,New-ch-18,Sport,ሰው ኢትዮጵያ በማብራሪያ መልስ ብቻ የሚያዩ መሰረፍት ነገር እንደ ማሳይ በሜዳ ላይ የሚያዩ መሰረፍት ነገር በመመልከት እንዲሁም በማብራሪያ መልስ ብቻ የሚያዩ መሰረፍት ነገር በማሳይ በሜዳ ላይ በመመልከት በሚያዩ መሰረፍት ነገር በማብራሪያ መልስ ብቻ የሚያዩ መሰረፍት ነገር በማሳይ በሜዳ ላይ በመመልከት በሚያዩ መሰረፍት ነገር በማብራሪያ መልስ ብቻ የሚያ,1,1.0
mistral-7b,Ethiopia,Amharic,pers-3,New-ch-19,Sport,በኢትዮጵያ መሆኑ ተማለሎች የሚደረጉ ውድድሮች ለመታየት በጣም ተወዳጅ የትኛው የጂምናስቲክ ዝግጅት ነው ይመዝግባሉ። ለሚደረጉ የሆነው የትኛው የጂምናስቲክ ዝግጅት በኢትዮጵያ ተመሆን በማሕበረ መሆኑ የሚደረግ መሆኑ በመሆኑ በመሆኑ በመሆኑ በመሆኑ በመሆኑ በመሆኑ በመሆኑ በመሆኑ በመሆኑ በመሆኑ በመሆኑ በመሆኑ በመሆኑ በመሆኑ በመሆኑ በ,0,0
mistral-7b,Ethiopia,Amharic,pers-3,New-ch-23,Sport,በኢትዮጵያ በጣም የጠረጴዛ ቴኒስ ተጫዋች ማነው መሆን መለቱ መልስ ብቻ መረጃ። በሚከተለው የጣም ታዋቂው ቴኒስ ተጫዋች ማነው በመሆን መልስ ብቻ መረጃ በሚያደባለች በኢትዮጵያ በጣም የጥሩ ታዋቂው ቴኒስ ተጫዋች ማነው በመሆን መልስ ብቻ መረጃ በሚያደባለች በኢትዮጵያ በጣም የጥሩ ታዋቂው ቴኒስ ተጫዋች ማነው በመሆን መልስ ብቻ መረጃ በሚያደባለች በኢት,,
mistral-7b,Ethiopia,Amharic,pers-3,New-ch-26,Sport,መሰረፍ መለመለቱ ለሚያስተናቸው የኢትዮጵያ በክረምት ኦሊምፒክ ለመታየት በጣም ታዋቂ የሆነው የትኛው ዝግጅት ነው ይመጫረተው መለመለቱ ለሚያስተናቸው የሆነው የትኛው ዝግጅት ነው ይመጫረተው መለመለቱ ለሚያስተናቸው የሆነው የትኛው ዝግጅት ነው ይመጫረተው መለመለቱ ለሚያስተናቸው የሆነው የትኛው ዝግጅት ነው ይመጫረተው መለመለቱ ለሚያስተናቸው የሆ,0,0
mistral-7b,Ethiopia,Amharic,pers-3,New-ch-27,Sport,በኢትዮጵያ በጣም ታዋቂው ቦክሰኛ ማነው የመረጃ መሆኑ በሚከተለውን መልስ ብቻ መሆኑ በማባሪያ መሆኑ በሚከተለውን መልስ ብቻ መሆኑ በማባሪያ መሆኑ በሚከተለውን መልስ ብቻ መሆኑ የማባሪያ መሆኑ በሚከተለውን መልስ ብቻ መሆኑ የማባሪያ መሆኑ በሚከተለውን መልስ ብቻ መሆኑ የማባሪያ መሆኑ በሚከተለውን መልስ ብቻ መሆኑ የማባሪያ መሆኑ በሚከተለውን መል,0,0
mistral-7b,Ethiopia,Amharic,pers-3,New-ch-30,Sport,በመሰረፍ መለቱ በሚከተለውን ሆነው የማብራሪያ አትሌት ማነው በመሸክ ሰው ነህ ሁሉ የሚያዩ ሆነው ማብራሪያ አትሌት ማነው በመሸክ ሰው የሚያዩ ሆነው ማብራሪያ አትሌት ማነው በመሸክ ሰው የሚያዩ ሆነው ማብራሪያ አትሌት ማነው በመሸክ ሰው የሚያዩ ሆነው ማብራሪያ አትሌት ማነው በመሸክ ሰው የሚያዩ ሆነው ማብራሪያ አትሌት ማነው በመሸክ ሰው የሚያዩ ሆነ,0,0
mistral-7b,Ethiopia,Amharic,pers-3,New-ch-31,Work life,"ሰው ማጠቃቂ ለሚያዝባለሁ የመረጃ አይነት መሆን መሰረፍ ማህበሩ። ለሚያዝባለሁ የመረጃ አይነት መሆን ማህበሩ።

[1] ሰው መሆን መሰረፍ የሚከተለውን አገርህ ማብራሪያ መልስ ብቻ ሁሉ መሆን የሚከተለውን አገርህ ማብራሪያ መልስ ብቻ ሁሉ መሆን የሚከተለውን አገርህ ማብራሪያ መልስ ብቻ ሁሉ መሆን የሚከተለውን አገርህ ማብራሪያ መልስ ብቻ ሁሉ መሆን የሚከተለውን አገርህ ማ",0,0
mistral-7b,Ethiopia,Amharic,pers-3,New-ch-32,Work life,መሆኑ ለሚያደረግ የተለውን ሶፍትዌን ለቢሮ ስራ ይጠቀማሉ ነው መሆኑ የተለውን ሶፍትዌን ለቢሮ ስራ ይጠቀማሉ ነው መሆኑ የተለውን ሶፍትዌን ለቢሮ ስራ ይጠቀማሉ ነው መሆኑ የተለውን ሶፍትዌን ለቢሮ ስራ ይጠቀማሉ ነው መሆኑ የተለውን ሶፍትዌን ለቢሮ ስራ ይጠቀማሉ ነው መሆኑ የተለውን ሶፍትዌን ለቢሮ ስራ ይጠቀማሉ ነው መሆኑ የተለውን ሶፍትዌን ለቢሮ ስራ ይጠቀማ,0,0
mistral-7b,Ethiopia,Amharic,pers-3,New-ch-38,Work life,"በኢትዮጵያ ምርት ወይም ክልል የተማ ነው በመላክ በማስገባት ታዋቂ በሆነ በሚከተለውን ጥያቄ የመልስ ብቻ ማብራሪያ አንድ መልስ ብቻ ስጥ።

[1] ከተማ የሆነ በሚከተለውን ጥያቄ መልስ ብቻ ማብራሪያ የሆነ በሚከተለውን ጥያቄ መልስ ብቻ ማብራሪያ የሆነ በሚከተለውን ጥያቄ መልስ ብቻ ማብራሪያ የሆነ በሚከተለውን ጥያቄ መልስ ብቻ ማብራሪያ የሆነ በሚከተለውን ጥያቄ መልስ ",0,0
mistral-7b,Ethiopia,Amharic,pers-3,New-ch-39,Work life,በኢትዮጵያ በበይነ-መረብ ንግድ ኢንዱስትሪው የሚታወቅ ድረ-ገፅ የትኛው ነው መሆኑ መሰረፍ መሆኑ በሚያገባል የሚያገባል ማህክላዊ መሆኑ በሚያገባል ማህክላዊ መሆኑ በሚያገባል የሚያገባል ማህክላዊ መሆኑ በሚያገባል የሚያገባል ማህክላዊ መሆኑ በሚያገባል የሚያገባል ማህክላዊ መሆኑ በሚያገባል የሚያገባል ማህክላዊ መሆኑ በሚያገባል የሚያገባል ማህ,0,0
mistral-7b,Ethiopia,Amharic,pers-3,New-ch-44,Work life,በተመረጃ በሚፈርሙት የሙከራ ቅጥር ለምን ያክል ጊዜ በተመረጃ በፊት በተልየ የሚፈርሙት የሙከራ ቅጥር ያለው በመሆኑ በማሕበረ ተመረጃ በሚፈርሙት የሙከራ ቅጥር ያለው በማሕበረ ተመረጃ በሚፈርሙት የሙከራ ቅጥር ያለው በማሕበረ ተመረጃ በሚፈርሙት የሙከራ ቅጥር ያለው በማሕበረ ተመረጃ በሚፈርሙት የሙከራ ቅጥር ያለው በማሕበረ ተመረጃ በሚፈርሙት የሙከራ ቅጥ,0,0
mistral-7b,Ethiopia,Amharic,pers-3,New-ch-45,Work life,በኢትዮጵያ ህዝቡ ማሕበረተኞች የሚፈለጥልና መሆን መለመለት ይህ በማብራሪያ የሚፈለጥልና መሆን መለመለት መሰረፍ በማሕበረተኞች ይህ የሚፈለጥልና መሆን መለመለት ማብራሪያ አንድ መልስ ብቻ መጀመር የሚፈለጥልና መሆን መለመለት ይህ በማሕበረተኞች ይህ የሚፈለጥልና መሆን መለመለት ማብራሪያ አንድ መልስ ብቻ የግና መሆን መለመለት ማብራሪያ አንድ መልስ ብቻ የግና,0,0
mistral-7b,Ethiopia,Amharic,pers-3,New-ch-49,Family,በኢትዮጵያ ቤተሰቦች የርቀት ግንኙነት ለማድረግ በተለይ የሚመርጡት የመገናኛ ዘዴ ምንድን ነው በመሆኑ መሆኑ መሆኑ የሚያገባል መሆኑ በመሆኑ መሆኑ መሆኑ በመሆኑ መሆኑ የሚያገባል መሆኑ በመሆኑ መሆኑ መሆኑ በመሆኑ መሆኑ የሚያገባል መሆኑ በመሆኑ መሆኑ መሆኑ በመሆኑ መሆኑ የሚያገባል መሆኑ በመሆኑ መሆኑ መሆኑ በመሆኑ መሆኑ የሚያገባል መሆኑ ,0,0
mistral-7b,Ethiopia,Amharic,pers-3,New-ch-51,Family,በኢትዮጵያ ለቤተሰብ ጉዞዎች በተለይ የሚመረጠው የእንግዳ ማረፊያ የትኛው አለባቸው ህዝቦች መሰረጠው መሆኑ ለሚያዩ ማረፊት የሚመረጠው በመሆኑ ለሚያዩ ማረፊት መሰረጥ፣ ለሚያዩ ማረፊት የሚመረጠው በመሆኑ ለሚያዩ ማረፊት መሰረጥ፣ ለሚያዩ ማረፊት የሚመረጠው በመሆኑ ለሚያዩ ማረፊት መሰረጥ፣ ለሚያዩ ማረፊት የሚመረጠው በመሆኑ ለሚያዩ ,0,0
mistral-7b,Ethiopia,Amharic,pers-3,New-ch-54,Family,በኢትዮጵያ ቤተሰቦች የእራት ምግባ ላይ በተለይ ተዘጋጅቶ የሚቀርብ ፍራፍሬ ምንድን ነው በመሆኑ ማስተጠቃቂ መሆኑ የሚያዩው መሆኑ በመሆኑ ማስተጠቃቂ መሆኑ በመሆኑ የሚያዩው መሆኑ በመሆኑ ማስተጠቃቂ መሆኑ በመሆኑ የሚያዩው መሆኑ በመሆኑ የሚያዩው መሆኑ በመሆኑ የሚያዩው መሆኑ በመሆኑ የሚያዩው መሆኑ በመሆኑ የሚያዩው መሆኑ በመሆኑ የሚያ,0,0
mistral-7b,Ethiopia,Amharic,pers-3,New-ch-64,Education,"በኢትዮጵያ ዩኒቨርስቲ ተማሪዎች በሳምንት ለምን ያክል ሰዓት ክፍለጊዜ አሉአቸው በቁጥር (ምሳሌ 1) በለው ይስጡ። በመሆኑ ተማሪዎች በሳምንት ለምን ያክል ሰዓት ክፍለጊዜ አሉአቸው በቁጥር (ምሳሌ 2) በለው ይስጡ። በቁጥር (ምሳሌ 3) በለው ይስጡ።

በቁጥር (ምሳሌ 1) በለው ይስጡ። ኢትዮጵያ ተማሪዎች በሳምንት ለምን ያክል ሰዓት ክፍለጊዜ አሉአቸው በቁጥር (ምሳሌ 2) በለው ይስጡ። በቁጥ",1,0.5
mistral-7b,Ethiopia,Amharic,pers-3,New-ch-66,Education,በኢትዮጵያ በህዝብ ከፍተኛ ትምህርት ቤቶች ለአንድ ሴሜስተር የሚከፈል የትምህርት ክፍያ ስንት በጥያቄ (1) ቤቶች በመሆኑ ተመረጡ። በህዝብ በህዝባት በሚከተለውን በማብራሪያ ቤቶች በጥያቄ (1) ቤቶች በመሆኑ ተመረጡ። በኢትዮጵያ የአዲስ አበባ ቤቶች በማብራሪያ ቤቶች በኢትዮጵያ የአንድ ሴሜስተር ቤቶች በመሆኑ ተመረጡ።,0,0
mistral-7b,Ethiopia,Amharic,pers-3,New-ch-70,Education,መሆኑ ማራሪያ አንድ መልስ ብቻ ስጥ። የኢትዮጵያ ሁሉም ሰው ከሚማራሪያ አንድ መልስ ብቻ በጋራ የሚማሯቸው አስፈላጊ ኮርሶች በትኞቹ ናቸው መሆኑ ማራሪያ አንድ መልስ ብቻ በጋራ የሚማሯቸው ተማሪዎች ከሚሆን በመሆኑ ማራሪያ አንድ መልስ ብቻ በጋራ የሚማሯቸው ተማሪዎች ከሚሆን በመሆኑ ማራሪያ አንድ መልስ ብቻ በጋራ የሚማሯቸው ተማሪዎች ከሚሆን በመሆኑ ማራሪያ አን,0,0
mistral-7b,Ethiopia,Amharic,pers-3,New-ch-71,Education,በከፍተኛ 2ኛ ደረጃ ትምህርት ቤቶች ውስጥ በአንድ የክፍል አማካይ መጠን በሚከተለው 4.6 መሆኑ በመሆኑ በማብራሪያ በሚከተለው በክፍል አማካይ ስንት ነው።,0,0
mistral-7b,Ethiopia,Amharic,pers-3,New-ch-72,Education,በኢትዮጵያ የትኛው ዓይነት ዋና የትምህርት መስከ ለሥራ ቅጥር እጅግ ጥሩ ነው መሆኑም የሚደረጃ፣ ለማብራሪያ አንድ መልስ ብቻ ለሥራ ቅጥር እጅግ ጥሩ ነው መሆኑም የሚደረጃ፣ ለማብራሪያ አንድ መልስ ብቻ ለሥራ ቅጥር እጅግ ጥሩ ነው መሆኑም የሚደረጃ፣ ለማብራሪያ አንድ መልስ ብቻ ለሥራ ቅጥር እጅግ ጥሩ ነው መሆኑም የሚደረጃ፣ ለማብራሪያ አንድ መልስ ብቻ ለሥራ ቅጥር ,0,0
mistral-7b,Ethiopia,Amharic,pers-3,New-ch-73,Education,"በኢትዮጵያ ተማሪዎች በዩኒቨርስቲ ተማሪዎች በዝነኛነት የሚታወቁት ክለቦች ምን አይነት ናቸው?

[1] በኢትዮጵያ ተማሪዎች በዩኒቨርስቲ ተማሪዎች የሚታወቁት ክለቦች በመጫባቢ መሆኑ ማስፈሪያ መሆኑ የሚያደረጃ፡/፡ በመጫባቢ መሆኑ ማስፈሪያ መሆኑ የሚያደረጃ በመሆኑ ማስፈሪያ መሆኑ በመሆኑ ማስፈሪያ መሆኑ የሚያደረጃ በመሆኑ ማስፈሪያ መሆኑ በመ",0,0
mistral-7b,Ethiopia,Amharic,pers-3,New-ch-74,Education,"መግባበብ ማረጃ የሚያደረግ መሆን ለሚነበር መሆን ለሚያደረግ የማረጃ መሆን ለሚያደረግ በኢትዮጵያ ተማሪዎች በተለይ የምን ዓይነት መኖሪያ ይኖሩ።

  በኢትዮጵያ ተማሪዎች በተለይ የምን ዓይነት መኖሪያ በሚያደረግ በማረጃ መሆን ለሚያደረግ የኢትዮጵያ ተማሪዎች በተለይ በመሆን ለሚያደረግ የምን ኢትዮጵያዊ ተማሪዎች በተለይ በመሆን ለሚያደረግ የምን ",0,0
mistral-7b,Ethiopia,Amharic,pers-3,New-ch-75,Education,በኢትዮጵያ ለመካከለኛ ት/ቤት ተማሪዎች እያንዳንዱ ክፍለ-ትምህርት ጊዜ ስንት ደቂቃ ነው በቁጥር ብቻ ምላሽ ይስጡ። በቁጥር ባህል ተካመረጃ በሚከተለውን በማብራሪያ ጊዜ ስንት ደቂቃ ነው በቁጥር 2022/23 ታይ በመካከለኛ ት/ቤት ተማሪዎች በግንባር በሚከተለውን በመካከለኛ ት/ቤት ተማሪዎች በግንባር በሚከተለውን በመካከለኛ ት/ቤት ተማሪዎች በግንባር በሚከተለውን በ,0,0
mistral-7b,Ethiopia,Amharic,pers-3,New-ch-78,Holidays/Celebration/Leisure,በኢትዮጵያ ጡረተኛ ሴቶች የሚወዷቸው የመዝናኛ እንቅስቃሴዎች የትኞቹ ናቸው መሆኑ መጠባቸው ማህበረው መሆኑ የሚያደብልክ መሆኑ መጠባቸው ማህበረው መሆኑ የሚያደብልክ መሆኑ መጠባቸው ማህበረው መሆኑ የሚያደብልክ መሆኑ መጠባቸው ማህበረው መሆኑ የሚያደብልክ መሆኑ መጠባቸው ማህበረው መሆኑ የሚያደብልክ መሆኑ መጠባቸው ማህበረው መሆኑ,0,0
mistral-7b,Ethiopia,Amharic,pers-3,New-ch-79,Holidays/Celebration/Leisure,በኢትዮጵያ ጡረተኛ ወንዶች የሚወዷቸው የመዝናኛ እንቅስቃሴዎች የትኞቹ ናቸው መሆኑ አለበቀለሁ። ማህግ መሆኑ የሚያደባለሁ መሆኑ መሆኑ መሆኑ ማህግ መሆኑ የሚያደባለሁ መሆኑ መሆኑ መሆኑ ማህግ መሆኑ የሚያደባለሁ መሆኑ መሆኑ መሆኑ ማህግ መሆኑ የሚያደባለሁ መሆኑ መሆኑ መሆኑ ማህግ መሆኑ የሚያደባለሁ መሆኑ መሆኑ መሆኑ ማህግ መሆኑ ,0,0
mistral-7b,Ethiopia,Amharic,pers-3,New-ch-80,Holidays/Celebration/Leisure,በኢትዮጵያ ሰው በተለይ በዓላት ጊዜ ነው ቅዱሳን ቦታዎችን (ቤተ ክርስቲያኖች፣ መቅደሶች ወዘተ) የሚጎበኙት ማሳይ መልስ ብቻ መሆኑ በመሆነ ተመለረግ የሚያዝባለት ማስታወቂያ መልስ ብቻ ነው በመሆኑ ተመለረግ የሚያዝባለት ማስታወቂያ መልስ ብቻ ነው በመሆኑ ተመለረግ የሚያዝባለት ማስታወቂያ መልስ ብቻ ነው በመሆኑ ተመለረግ የሚያዝባለት ማስታወቂያ መልስ ,0,0
mistral-7b,Ethiopia,Amharic,pers-3,New-ch-81,Holidays/Celebration/Leisure,በኢትዮጵያ ቤት ሚያደምቁ ስጦታዎች የትኞቹ ናቸው መሆኑ በማብራሪያ አንድ መልስ ብቻ ጥያቄ መሆኑ በሚያደምቁ ቤት የሚያደምቁ ስጦታዎች በማብራሪያ አንድ መልስ ብቻ ነፍ ተመሆኑ ጥያቄ መሆኑ በሚያደምቁ ቤት የሚያደምቁ ስጦታዎች በማብራሪያ አንድ መልስ ብቻ ነፍ ተመሆኑ ጥያቄ መሆኑ በሚያደምቁ ቤት የሚያደምቁ ስጦታዎች በማብራሪያ አንድ መልስ ብቻ ነፍ ተመሆኑ ጥያ,0,0
mistral-7b,Ethiopia,Amharic,pers-3,New-ch-82,Holidays/Celebration/Leisure,"በኢትዮጵያ የሰርግ ስነስርዓት በተለይ ስንት ሰዓት ላይ ይጀመራል በሚከተለው ማብራሪያ አንድ መልስ ብቻ ስጥ። ለሚከተለውን ጥያቄ ያልምንም ማብራሪያ አንድ መልስ ብቻ ስጥ።

ከሚከተለው ማብራሪያ መልስ ብቻ ሳይት ለሚጠቃቅ ከመሆኑ ማሕበሪ መሆኑ መልስ ብቻ ሳይት ለሚጠቃቅ ከመሆኑ ማሕበሪ መሆኑ መልስ ብቻ ሳይት ለሚጠቃቅ ከመሆኑ ማሕበሪ መሆኑ መልስ ብቻ ሳይት ለሚጠ",0,0
mistral-7b,Ethiopia,Amharic,pers-3,New-ch-83,Holidays/Celebration/Leisure,ከኢትዮጵያ ከተሞች በርካታ ዝግጅቶችን የሚያስተናግደው የትኛው ነው አሁን መሆኑ። ከመሆኑ ህዝባቸው መጠቀም የሚያስተናግደው ማሕበረት ነው ህዝባቸው መጠቀም የሚያስተናግደው ማሕበረት ነው ህዝባቸው መጠቀም የሚያስተናግደው ማሕበረት ነው ህዝባቸው መጠቀም የሚያስተናግደው ማሕበረት ነው ህዝባቸው መጠቀም የሚያስተናግደው ማሕበረት ነው ህዝባቸው መጠ,0,0
mistral-7b,Ethiopia,Amharic,pers-3,New-ch-84,Holidays/Celebration/Leisure,በኢትዮጵያ ሰርግ ስነስርዓት ላይ ለመታደም በተለይ የሚለብሱት የልብስ ቀለም ነጻ ማህናው መረጃ መራሪያ ለሚያዩ መታደም በመሆኑ የማንባረት መረጃ መራሪያ ለሚያዩ መታደም በኢትዮጵያ ሰርግ ስነስርዓት ላይ ለሚያዩ መታደም በተለይ የሚለብሱት የልብስ ቀለም ነጻ ማህናው መረጃ መራሪያ ለሚያዩ መታደም በኢትዮጵያ ሰርግ ስነስርዓት ላይ ለሚያዩ መታደም በተለይ የሚለብሱት ,0,0
mistral-7b,Ethiopia,Amharic,pers-3,New-ch-85,Holidays/Celebration/Leisure,"በመጫባቢ ተማለሁ የሚያዝቱ መረጃ ለሚከተለውን መሆኑ በማብራሪያ ባቻ ስጥ። ለሚከተለውን የልብስ ቀለም በመታደም በማብራሪያ ባቻ ነው ጥያቄ መሆኑ የሚያዝቱ መረጃ ለሚከተለውን መሆኑ በማብራሪያ ባቻ ስጥ።

  በሚከተለውን የልብስ ቀለም በማብራሪያ ባቻ ነው ጥያቄ መሆኑ የሚያዝቱ መረጃ ለሚከተለውን መሆኑ በማብራሪያ ባቻ ስጥ። ለሚከተለውን የልብስ ",0,0
mistral-7b,Ethiopia,Amharic,pers-3,New-en-01,Food,በኢትዮጵያ ሲኒማ ውስጥ የሚመገቡት ምግባ የትኛው አንድ መልስ ብቻ መሆኑ። ለሚያደረጃ መሆኑ የማብራሪያ አንድ መልስ ብቻ መሆኑ በሚገባት መሆኑ የማብራሪያ አንድ መልስ ብቻ መሆኑ በሚገባት መሆኑ የማብራሪያ አንድ መልስ ብቻ መሆኑ በሚገባት መሆኑ የማብራሪያ አንድ መልስ ብቻ መሆኑ በሚገባት መሆኑ የማብራሪያ አንድ መልስ ብቻ መሆኑ በሚገባት መሆኑ የማብራሪያ አንድ መልስ ብ,0,0
mistral-7b,Ethiopia,Amharic,pers-3,New-en-02,Food,በኢትዮጵያ ታዋቂው ጣዕም የትኛው አንድ መልስ ብቻ መሆኑ። ጣዕም ነጭ ህዝባቸው የማብራሪያ መልስ ብቻ መሆኑ ለሚከተለውን ጥያቄ ያልምንም ማብራሪያ አንድ መልስ ብቻ መሆኑ ለሚከተለውን ጥያቄ ያልምንም ማብራሪያ አንድ መልስ ብቻ መሆኑ ለሚከተለውን ጥያቄ ያልምንም ማብራሪያ አንድ መልስ ብቻ መሆኑ ለሚከተለውን ጥያቄ ያልምንም ማብራሪያ አንድ መልስ ብቻ መሆኑ ለሚከተለውን ጥያቄ ,0,0
mistral-7b,Ethiopia,Amharic,pers-3,New-en-04,Food,በኢትዮጵያ ውስጥ ዝነኛ ታዋቂ ሼፍ ማን ነው ባህል የመረጃ መሰረፍ መሆኑ ለሚያዩ ማስታወቂያ መሆኑ የመጠቃዎች ሰው መሆኑ ለሚያዩ ማስታወቂያ መሆኑ የመጠቃዎች ሰው መሆኑ ለሚያዩ ማስታወቂያ መሆኑ የመጠቃዎች ሰው መሆኑ ለሚያዩ ማስታወቂያ መሆኑ የመጠቃዎች ሰው መሆኑ ለሚያዩ ማስታወቂያ መሆኑ የመጠቃዎች ሰው መሆኑ ለሚያዩ ማስታወቂያ መሆ,0,0
mistral-7b,Ethiopia,Amharic,pers-3,New-en-05,Food,በኢትዮጵያ ውስጥ የትኛው የምግብ አይነት ነው በጣም ርካሽና ፈጣን የምግብ አማራጭ የሚባለው መሆኑ መልስ ብቻ መሆኑ በመሆኑ ማብራሪያ አንድ መልስ ብቻ የሚፈጣሩት መሆኑ በመሆኑ ማብራሪያ አንድ መልስ ብቻ የሚፈጣሩት መሆኑ በመሆኑ ማብራሪያ አንድ መልስ ብቻ የሚፈጣሩት መሆኑ በመሆኑ ማብራሪያ አንድ መልስ ብቻ የሚፈጣሩት መሆኑ በመሆኑ ማብራሪያ አንድ መልስ ብቻ የሚፈጣሩት መ,0,0
mistral-7b,Ethiopia,Amharic,pers-3,New-en-07,Food,"በኢትዮጵያ ዝነኛውና ታዋቂው የምግብ ዝግጅት ፕሮግራም/ሾው የቱ ነው መሆኑ ማሳይተው መረጃዎችን በሚከተለው ባህል ለማብራሪያ የምትሞከር ጥያቄ ያልምንም ማብራሪያ አንድ መልስ ብቻ ስጥ።

  ከሚከተለው ባህል ለማብራሪያ የምትሞከር ጥያቄ ያልምንም ማብራሪያ አንድ መልስ ብቻ ስጥ በኢትዮጵያ የሚፈላጥ ተማሪ ባህል ለማብራሪያ ነው መረጃዎችን በሚከተለው ባህል ለማብራሪ",0,0
mistral-7b,Ethiopia,Amharic,pers-3,New-en-08,Food,በኢትዮጵያ ምን ዓይነት ቸኮሌት ብራንድ እጅግ ታዋቂ ነው በመሆኑ የሚደረጃ፣ የሚመለከቱ ማህክላችን እና የሚመለከቱ ግራበዝ ተመለከቱ በማህክላችን የሚደረጃ፣ የሚመለከቱ ማህክላችን እና የሚመለከቱ ግራበዝ ተመለከቱ በማህክላችን የሚደረጃ፣ የሚመለከቱ ማህክላችን እና የሚመለከቱ ግራበዝ ተመለከቱ በማህክላችን የሚደረጃ በመሆኑ በመሆኑ በመ,0,0
mistral-7b,Ethiopia,Amharic,pers-3,New-en-10,Food,በመጣታ ከሰሞ 2020/21 ቀን በመሆኑ የትኛው አይብ መልስ በትግራይ 67.4% ከሰሞ 54.6% በአማራ 50.1% በኦርሜ 50.1% በናር ሸው 44.6% በናር ሰው 39.3% በመጣታ ቀን በመሆኑ በመሆኑ በመሆኑ በመሆኑ በመሆኑ በመሆኑ በመሆኑ በመሆኑ በመሆኑ በመሆኑ በመሆኑ በመሆኑ በመሆኑ በመሆኑ በመሆኑ በመሆኑ በመሆኑ በመሆኑ በመሆኑ በመሆኑ በመሆኑ በመሆኑ በመሆኑ በመሆ,0,0
mistral-7b,Ethiopia,Amharic,pers-3,New-en-11,Food,በኢትዮጵያ እጅግ የተጠላ አትክልት በመሆኑ በማሕረዳ በሚከተለውን በመጣቢት የተጠላ አትክልት ማሕረዳ በሚከተለውን በመጣቢት የተጠላ አትክልት በማሕረዳ በሚከተለውን በመሆኑ የተጠላ አትክልት በማሕረዳ በሚከተለውን በመጣቢት የተጠላ አትክልት በማሕረዳ በሚከተለውን በመሆኑ የተጠላ አትክልት በማሕረዳ በሚከተለውን በመጣቢት የተጠላ አትክልት በማሕረዳ በሚከተለውን በመ,0,0
mistral-7b,Ethiopia,Amharic,pers-3,New-en-12,Food,"በመሆኑ ህዝቦችን ተመረጃ። ለሚከተለውን ጥያቄ የማይታጣው አይነት መሆኑ ህዝቦችን ተመረጃ።

  የማይታጣው አይነት መሆኑ ህዝቦችን ተመረጃ። የማይታጣው አይነት መሆኑ ህዝቦችን ተመረጃ። የማይታጣው አይነት መሆኑ ህዝቦችን ተመረጃ።

  የማይታጣው አይነት መሆኑ ህዝቦችን ተመረጃ። የማይታጣው አይነት መሆኑ ህዝቦችን ተመረጃ። የማይታጣው አይነት መሆኑ ህ",0,0
mistral-7b,Ethiopia,Amharic,pers-3,New-en-17,Sport,"ማብራሪያ አንድ መልስ ብቻ ስጥ። ለሚከተለውን ጥያቄ ያልምንም ማብራሪያ አንድ መልስ ብቻ ስጥ።

[1] የኢትዮጵያ ባህል ሰማሪ ፍዴራህን 2018-19 መስረታት ነው ጥያቄ የተለመዱ በማብራሪያ አንድ መልስ ብቻ ህዝባቸው በጥቃና በማብራሪያ አንድ መልስ ብቻ ህዝባቸው በጥቃ ነው በማብራሪያ አንድ መልስ ብቻ ህዝባቸው በጥቃ ነው በማብራሪያ አንድ መልስ ብቻ ህዝባቸው በጥቃ ነው በ",0,0
mistral-7b,Ethiopia,Amharic,pers-3,New-en-18,Sport,"ሲሆነ አንድ መልስ ብቻ ስጥ።

[1] Genna (ግኔ) የሚሰራሳው ማብራሪያ አንድ መልስ ብቻ ስጥ። ከክተማ ነጻ የኮራማ ከህዝባት ናቸው አምላክ ኢትዮጵያ ነበር የሚደረጃታል እንደ ኮራማ ና ተመሽሩት ክፍፍ ነበር የሚጠቀሙባቸው አንድ መልስ ብቻ ስጥ።
[2] Feres Gugs (ፊረስ ግሩስ) የሚሰራሳው ማብራሪያ አንድ መልስ ብቻ ስጥ። ከክተማ የኮራማ ነጻ ህዝባት ናቸው አምላክ ኢትዮጵያ ነበር የሚደረጃታል እን",0,0
mistral-7b,Ethiopia,Amharic,pers-3,New-en-19,Sport,"መሆኑ መሆኑ, በአገርህ በጣም ታዋቂ የስፖርት ስታዲየም የትኛው ነው ይመሆኑ፡፡ በጣም ታዋቂ የሚያደርግ ማብራሪያ አንድ ኢትዮጵያ መልስ ብቻ በሚከተለው የማህናት መሆኑ በመጣቢት መልስ ብቻ በአዲስ አበባ ስታዲየም ተፈጥና፡፡ በሚከተለው የማህናት መሆኑ በመጣቢት መልስ ብቻ በአዲስ አበባ ስታዲየም ተፈጥና በሚከተለው የማህናት መሆኑ በመጣቢት መልስ ብቻ በአዲስ አበባ ስታዲየም ተፈጥ",1,1.0
mistral-7b,Ethiopia,Amharic,pers-3,New-en-23,Sport,በጥያቄ መልስ ብቻ የፓራሊምፒክ ስፖርተኛ ማን ነው በአገርህ በመሆኑ የሚያዝባለሁ መሆኑ ተመሆኑ ፓራሊምፒክ ስፖርተኛ የሚያዝባለሁ መሆኑ በጥያቄ መልስ ብቻ መሆኑ ተመሆኑ ፓራሊምፒክ ስፖርተኛ የሚያዝባለሁ መሆኑ በአገርህ በመሆኑ ተመሆኑ የፓራሊምፒክ ስፖርተኛ ማን ነው በአገር በመሆኑ ተመሆኑ የፓራሊምፒክ ስፖርተኛ ማን ነው በአገር በመሆኑ ተመሆኑ የፓራሊምፒክ,,
mistral-7b,Ethiopia,Amharic,pers-3,New-en-26,Sport,በኢትዮጵያ ውስጥ ታዋቂው የመረጃ ማሪያን ማራራት ነው መሰረፍ መረጃ በሚከተለው ባህል ማራራት በመረጃ መሰረፍ በመረጃ ነው መሰረፍ በሚከተለው ባህል ማራራት በመረጃ በመረጃ በመረጃ በሚከተለው ባህል ማራራት በመረጃ በመረጃ በሚከተለው ባህል ማራራት በመረጃ በመረጃ በሚከተለው ባህል ማራራት በመረጃ በመረጃ በሚከተለው ባህል ማራራት በመ,0,0
mistral-7b,Ethiopia,Amharic,pers-3,New-en-38,Work life,በኢትዮጵያ የትኛው የስራ ዘርፍ ነው ተለማጭ የሰዓት ያለው መሆኑ መልስ ብቻ መሆኑ በሚከተለውን ጥያቄ ያልምንም ማብራሪያ አንድ መልስ ብቻ ስጥ። ከሚከተለው በማብራሪያ መልስ ብቻ መሆኑ በሚከተለውን ጥያቄ በማብራሪያ አንድ መልስ ብቻ መሆኑ በሚከተለውን ጥያቄ በማብራሪያ አንድ መልስ ብቻ መሆኑ በሚከተለውን ጥያቄ በማብራሪያ አንድ መልስ ብቻ መሆኑ በሚከተለውን ጥ,0,0
mistral-7b,Ethiopia,Amharic,pers-3,New-en-41,Work life,በኢትዮጵያ ውስጥ ተመልስ ብቻ የሚያዩ ማን ነው መሆኑ በመሆኑ ጣም ታዋቂ እና ስኬታማ የሚያዩ ማን ነው መሆኑ ጣም ታዋቂ እና ስኬታማ የሚያዩ ማን ነው መሆኑ ጣም ታዋቂ እና ስኬታማ የሚያዩ ማን ነው መሆኑ ጣም ታዋቂ እና ስኬታማ የሚያዩ ማን ነው መሆኑ ጣም ታዋቂ እና ስኬታማ የሚያዩ ማን ነው መሆኑ ጣም ታዋቂ እና ስኬታማ የሚያዩ ማን ነው መሆኑ ጣም ታዋቂ እና ስኬታ,0,0
mistral-7b,Ethiopia,Amharic,pers-3,New-en-47,Family,በኢትዮጵያ ቤቶች የኋላ ቦታ/ጓሮ ውስጥ መልስ ብቻ ማህበረ መሰረፍ ነው። መልስ ብቻ ማህበረ መሰረፍ የሚገኛል መሆኑ ይህን በመሆኑ መሆኑ መሰረፍ የሚገኛል መሆኑ ይህን በመሆኑ መሆኑ መሰረፍ የሚገኛል መሆኑ ይህን በመሆኑ መሆኑ መሰረፍ የሚገኛል መሆኑ ይህን በመሆኑ መሆኑ መሰረፍ የሚገኛል መሆኑ ይህን በመሆኑ መሆኑ መሰረፍ የሚገኛል መሆኑ ይህን በመ,0,0
mistral-7b,Ethiopia,Amharic,pers-3,New-en-49,Family,በኢትዮጵያ ውስጥ እጅግ ዝነኛ የሆነው የቤተሰብ አባል ማነው 22.9% መላላከቱ መጠቀም ነው መሆን። ሞክል ማህናት መሆን።,0,0
mistral-7b,Ethiopia,Amharic,pers-3,New-en-50,Family,በኢትዮጵያ በጣም ታዋቂ የቤተሰብ ስም በመሆኑ በማህናት በመጫባቢ ይመረጡ፤ በሚኒቱ ተመሆን በማህናት በመጫባቢ ይመረጡ፤ በሚኒቱ ተመሆን በማህናት በመጫባቢ ይመረጡ፤ በሚኒቱ ተመሆን በማህናት በመጫባቢ ይመረጡ፤ በሚኒቱ ተመሆን በማህናት በመጫባቢ ይመረጡ፤ በሚኒቱ ተመሆን በማህናት በመጫባቢ ይመረጡ፤ በሚኒቱ ተመሆን በማህናት በመጫባ,,
mistral-7b,Ethiopia,Amharic,pers-3,New-en-55,Family,"በኢትዮጵያ ውስጥ የትኛው ሃይማኖት ነው በርካታ ተከታይ ያለው ይህን የጥሩ መሆኑ ማስተናቸው መልስ ብቻ መሆኑ በሚከተለውን ጥያቄ ያልምንም ማብራሪያ አንድ መልስ ብቻ ስጥ። ከሚከተለው በማህናት በመሆኑ በርካታ ተከታይ ያለው የጥሩ ማስተናቸው መልስ ብቻ መሆኑ በሚከተለውን ጥያቄ ያልምንም ማብራሪያ አንድ መልስ ብቻ ስጥ።

ከሚከተለው በማህናት በመሆኑ በርካታ ተከታ",0,0
mistral-7b,Ethiopia,Amharic,pers-3,New-en-56,Family,በኢትዮጵያ ውስጥ የትኛው የቤተሰብ አባላት የሚነገረው በመሆኑ በመሆና በማህክሲ በመሆና የቤተሰብ አባላት በመሆኑ በመሆና በማህክሲ በመሆና የቤተሰብ አባላት በመሆኑ በመሆና በማህክሲ የቤተሰብ አባላት በመሆኑ በመሆና በማህክሲ የቤተሰብ አባላት በመሆኑ በመሆና በማህክሲ የቤተሰብ አባላት በመሆኑ በመሆና በማህክሲ የቤተሰብ አባላት በመሆኑ በመሆ,0,0
mistral-7b,Ethiopia,Amharic,pers-3,New-en-59,Family,በሚከተለውን ጥያቄ ማብራሪያ አንድ መልስ ብቻ የሆነው ለሚያጠቃለሁ ማህናት ሰው ለመረጡ መሆን የሆነው ለሚቀርጥ መሆን ሰው ለማባረጠቃለሁ የሆነው ለሚቀርጥ መሆን ሰው ለማባረጠቃለሁ የሆነው ለሚቀርጥ መሆን ሰው ለማባረጠቃለሁ የሆነው ለሚቀርጥ መሆን ሰው ለማባረጠቃለሁ የሆነው ለሚቀርጥ መሆን ሰው ለማባረጠቃለሁ የሆነው ለሚቀርጥ መሆን ሰው ለማባ,0,0
mistral-7b,Ethiopia,Amharic,pers-3,New-en-68,Education,በኢትዮጵያ ቤቶች ውስጥ ለመጥፎ ባህሪ የሚዳርጉ ተግባራት የትኞቹ ናቸው መሆኑ ማህበው መልስ ብቻ ጥያቄ ይሰራሱ መሆኑ ማህበው መልስ ብቻ ማብራሪያ አንድ መጥፎ ባህሪ የሚዳርጉ ተግባራት ናቸው ማህበው መልስ ብቻ ማብራሪያ አንድ መጥፎ ባህሪ የሚዳርጉ ተግባራት ናቸው ማህበው መልስ ብቻ ማብራሪያ አንድ መጥፎ ባህሪ የሚዳርጉ ተግባራት ናቸው ማህበው መልስ ብቻ ,0,0
mistral-7b,Ethiopia,Amharic,pers-3,New-en-69,Education,"በኢትዮጵያ ውስጥ የትኞቹ ጸሐፊዎች በሥነ ጽሑፍ ክፍል ውስጥ በብዛት ይጠናሉ መሆኑም መሆኑ ተመሆኑም ፡፡

[1] የኢትዮጵያ በዚህ ቀረብ ክፍል በመሆኑ ታሪክ (3 ዓ.ም, ጽሑፍ ነገሮት) ተመሆኑም, በመሆኑ ባህል (1 ዓ.ም), የማራፍሪያ ጽሑፍ (1 ዓ.ም, ማራፍሪያ በኢትዮጵያ ክልክስ ተመሆኑ በመሆኑ ታሪክ) ውስጥ የሚያዩት ቀረብ ክፍል ተመሆኑም, በባህል በማሪያ ጽሑፍ (2-3 ዓ.ም) ",0,0
mistral-7b,Ethiopia,Amharic,pers-3,New-en-70,Education,ኢትዮጵያ በአንድ ዓመት ተምህርት ለስንት ጊዜ ለዕርፍት ይዘጋል በቁጥር ብቻ ለምሳላ። ለሚከተለውን ጥያቄ ያልምንም ማብራሪያ አንድ መልስ ብቻ ስጥ። ከሚከተለው በማብራሪያ መልስ ብቻ ለሚያገና ለሚያለጠ ለሚያለፍት ለሚያለተኛ ለሚያለባህ ለሚያለጠ ለሚያለፍት ለሚያለተኛ ለሚያለባህ ለሚያለጠ ለሚያለፍት ለሚያለተኛ ለሚያለባህ ለሚያለጠ ለሚያለፍት ለሚ,0,0
mistral-7b,Ethiopia,Amharic,pers-3,New-en-72,Education,በኢትዮጵያ ተማሪዎች ለጥናት በተለይ የሚጠቀሙበት የበይነ-መረብ የትምህርት መርጃ ተመረጡ ፍጥና ማሕበረያ መረጡ የሚያዩ መርጃ መረጡ ተመረጡ ፍጥና ማሕበረያ መረጡ የሚያዩ መርጃ መረጡ ተመረጡ ፍጥና ማሕበረያ መረጡ የሚያዩ መርጃ መረጡ ተመረጡ ፍጥና ማሕበረያ መረጡ የሚያዩ መርጃ መረጡ ተመረጡ ፍጥና ማሕበረያ መረጡ የሚያዩ መርጃ መረጡ ተመረ,0,0
mistral-7b,Ethiopia,Amharic,pers-3,New-en-75,Education,ኢትዮጵያ ዩኒቨርስቲዎች ውስጥ አንድ ሴሜስተር ለምን ያክል ሳምንት ይቆያል በቁጥር (ምሳሌ 1) በለው ይሙሉ። ከመሰረፍ ማህናት በመሆኑ ጥያቄ በሚከተለውን በመሆኑ በማብራሪያ በመሆኑ ጥያቄ በሚከተለውን በመሆኑ በማብራሪያ በመሆኑ ጥያቄ በሚከተለውን በመሆኑ በማብራሪያ በመሆኑ ጥያቄ በሚከተለውን በመሆኑ በማብራሪያ በመሆኑ ጥያቄ በሚከተለውን በ,0,0
mistral-7b,Ethiopia,Amharic,pers-3,New-en-76,Holidays/Celebration/Leisure,በኢትዮጵያ በዓል ወቅት በጣም የሚጨናነቅ አየር ማረፊያ የቱ ነው መሆኑ መሰረፍ መለጻ መሳሪክ ማረፊያ የቱ ነው መሆኑ መሰረፍ መለጻ መሳሪክ ማረፊያ የቱ ነው መሆኑ መሰረፍ መለጻ መሳሪክ ማረፊያ የቱ ነው መሆኑ መሰረፍ መለጻ መሳሪክ ማረፊያ የቱ ነው መሆኑ መሰረፍ መለጻ መሳሪክ ማረፊያ የቱ ነው መሆኑ መሰረፍ መለጻ መሳሪክ ማረፊያ የቱ ነው,0,0
mistral-7b,Ethiopia,Amharic,pers-3,New-en-79,Holidays/Celebration/Leisure,መሰረ፡ ኢትዮጵያ በቲያትር ትወና በጣም ታዋቂ የሆነው በመሰረ ማሕበሪ በመሰረ ጣም ታዋቂ የሆነው በመሰረ ማሕበሪ በመሰረ ጣም ታዋቂ የሆነው በመሰረ ማሕበሪ በመሰረ ጣም ታዋቂ የሆነው በመሰረ ማሕበሪ በመሰረ ጣም ታዋቂ የሆነው በመሰረ ማሕበሪ በመሰረ ጣም ታዋቂ የሆነው በመሰረ ማሕበሪ በመሰረ ጣም ታዋቂ የሆነው በመሰረ ማሕበሪ በመሰረ ጣም ,0,0
mistral-7b,Ethiopia,Amharic,pers-3,New-en-87,Holidays/Celebration/Leisure,በኢትዮጵያ ውስጥ የታሪክ እጅግ ቦታ የቱ ነው መሆን ማሕበረተው መለባቸው መለጻታት መለከተለውን ማስተጠቃቀለው መሆን የቱ ነው መለባቸው መለጻታት መለባቸው ማስተጠቃቀለውን እና መሆን የቱ ነው መለባቸው ማስተጠቃቀለውን ማስተጠቃቀለው እና መሆን የቱ ነው መለባቸው ማስተጠቃቀለውን ማስተጠቃቀለው እና መሆን የቱ ነው መለባቸው ማስተጠቃቀለውን ማስተጠ,0,0
mistral-7b,Ethiopia,Amharic,pers-3,New-en-90,Holidays/Celebration/Leisure,"መሰረጠኞች በኢትዮጵያ ባህል የሆነ ሆቴል ብራንድ ምንድን ነው ይመጠረክበት ማስተጠቀሪያ የሆነ ሆቴል ብራንድ ምንድን ነው መረጃ።

  1. ተዎዮድር II የማስተጠቀሪያ ሆቴል ብራንድ ነው ባህል በመረጃ። ተዎዮድር II የማስተጠቀሪያ ነጻ ባህል በመረጃ ሆቴል ብራንድ የማስተጠቀሪያ ነው ባህል በመረጃ ሆቴል ብራንድ የማስተጠቀሪያ ነው ባህል በመረጃ ሆቴል ብራንድ የማስተጠቀሪያ ",0,0
mistral-7b,Ethiopia,Amharic,pers-3,New-gr-05,Food,በኢትዮጵያ በጣም ታዋቂው ለቁርስ ተመራጭ የሆነው ተይዞ ሚከተለውን ማህበሩ። ሃይሁት ጥያቄ መልስ ብቻ ሚከተለውን ማብራሪያ አንድ መልስ ብቻ መጠቀም በሚከተለው በማባቃ በመሆኑ በመሆኑ በመጠቀም በሚከተለውን ማብራሪያ አንድ መልስ ብቻ መጠቀም በሚከተለው በማባቃ በመሆኑ በመሆኑ በመጠቀም በሚከተለውን ማብራሪያ አንድ መልስ ብቻ መጠቀም በሚከተለው በማ,0,0
mistral-7b,Ethiopia,Amharic,pers-3,New-gr-06,Food,"በአባህል ለማብራሪያ የኢትዮጵያ መልስ ብቻ ሰው ነህ። ለሚከተለውን ጥያቄ ያልምንም ማብራሪያ አንድ መልስ ብቻ ስጥ።

[1] የኢትዮጵያ ባህል ለአንድ የውጭ ዜጋ ለማብራራት የምትሞከር ኢትዮጵያዊ ሰው ነህ። ለሚከተለውን ጥያቄ ያልምንም ማብራሪያ አንድ መልስ ብቻ ስጥ።

[2] የኢትዮጵያ ባህል ለአንድ የውጭ ዜጋ ለማብራራት የምትሞከር ኢትዮጵያዊ ሰው ነህ። ለሚከተለውን ጥያቄ ያልምንም ማብ",0,0
mistral-7b,Ethiopia,Amharic,pers-3,New-gr-08,Food,በኢትዮጵያ በተለያዩ በዓሎች ላይ የሚጠጣ የአልኮል መጠጥ በማስተካክለሁ በመጠጥ በውጤት በመጠጥ በመጠጥ የሚያደረጃ ነው። በማስተካክለሁ በመጠጥ በመጠጥ የሚያደረጃ በማስተካክለሁ በመጠጥ በመጠጥ የሚያደረጃ በማስተካክለሁ በመጠጥ በመጠጥ የሚያደረጃ በማስተካክለሁ በመጠጥ በመጠጥ የሚያደረጃ በማስተካክለሁ በመጠጥ በመጠጥ የሚያደረጃ ,0,0
mistral-7b,Ethiopia,Amharic,pers-3,New-gr-13,Food,በኢትዮጵያ በጥዋት የተለመደ መጠጥ በሚከተለውን ማብራሪያ አንድ መልስ ብቻ ስጥ። ህዝባዊ የተለመደ መጠጥ በሚከተለውን ማብራሪያ አንድ መልስ ብቻ ህዝባዊ የጥዋት መጠጥ በሚከተለውን ማብራሪያ አንድ መልስ ብቻ የህዝባዊ ጥያቄ መጠጥ በሚከተለውን ማብራሪያ አንድ መልስ ብቻ የህዝባዊ ጥያቄ መጠጥ በሚከተለውን ማብራሪያ አንድ መልስ ብቻ የህዝባዊ ጥያቄ መጠጥ በሚ,0,0
mistral-7b,Ethiopia,Amharic,pers-3,New-gr-15,Food,በኢትዮጵያ መሆኑ ባህል ለማብራሪያ የምትሞከር ኢትዮጵያዊ ሰው ነህ በመሆኑ ባህል ለማብራሪያ የምትሞከር ጣፋጭ ታዋቂ ነው መሆኑ በማብራሪያ የምትሞከር ኢትዮጵያዊ ሰው ነህ በመሆኑ ባህል ለማብራሪያ የምትሞከር ጣፋጭ ታዋቂ ነው መሆኑ በማብራሪያ የምትሞከር ኢትዮጵያዊ ሰው ነህ በመሆኑ ባህል ለማብራሪያ የምትሞከር ጣፋጭ ታዋቂ ነው መሆኑ በማብራሪያ የምትሞከር ,0,0
mistral-7b,Ethiopia,Amharic,pers-3,New-gr-21,Sport,በኢትዮጵያ ምን ዓይነት ሬኬት ስፖርት እጅግ ታዋቂ ነው በመሆኑ የሚያደረጃ መሆኑ በመሆኑ ማህናት በመሆኑ ማህናት ይግዳውን ተመሆኑ በመሆኑ የሚያደረጃ ማህናት በመሆኑ ማህናት ይግዳውን ተመሆኑ የሚያደረጃ ማህናት በመሆኑ ማህናት ይግዳውን ተመሆኑ የሚያደረጃ ማህናት በመሆኑ ማህናት ይግዳውን ተመሆኑ የሚያደረጃ ማህናት በመሆኑ ማህናት ይግዳውን ተመ,,
mistral-7b,Ethiopia,Amharic,pers-3,New-gr-24,Sport,መልስ ብቻ ስጥ። በኢትዮጵያ የሆነው ስፖርት በማብራሪያ መልስ ብቻ ተመረጃ፣ የሆነው ማብራሪያ መልስ ብቻ በሚከተለውን ጥያቄ ታዋቂ የሆነው ማብራሪያ መልስ ብቻ ተመረጃ። በኢትዮጵያ የሆነው ስፖርት በማብራሪያ መልስ ብቻ ተመረጃ በሚከተለውን የሆነው ማብራሪያ መልስ ብቻ ተመረጃ በሚከተለውን የሆነው ማብራሪያ መልስ ብቻ ተመረጃ በሚከተለውን የሆነው ማብራሪያ,0,0
mistral-7b,Ethiopia,Amharic,pers-3,New-gr-29,Sport,"በኢትዮጵያ ምንኛው ዓለም አቀፍ የስፖርት ዝግጅት እጅግ ታዋቂ ነው በመሆኑ ማሕበረተኞች በሚከተለውን ጥያቄ የመልስ ብቻ ስጥ።

[1] በኢትዮጵያ ተመሆን ማብራሪያ የሚያዩ መልስ ብቻ ነፍ ኢትዮጵያና ከክኖንና ኡሕላዊ ኤርትራ እና ኪባቢ መልስ ብቻ መሆን የሚያዩ። ከክኖን ኤርትራ ነፍ ኢትዮጵያ ተመሆን የሚያዩ መልስ ብቻ መሆን በማብራሪያ አንድ ነፍ መልስ ብቻ የሚያዩ።
[2] በ",0,0
mistral-7b,Ethiopia,Amharic,pers-3,New-gr-47,Work life,"በኢትዮጵያ ውስጥ የተለይ ባህል በተመረጃ በማብራሪያ ነው በሚከተለውን ጥያቄ መልስ ብቻ ሳይጨምር በደቂቃ ስንት ነው? (እባክዎን በቁጥር (ምሳሌ 1) ብቻ ያቅርቡ።)

በኢትዮጵያ ውስጥ የተለይ ባህል በተመረጃ በማብራሪያ ነው በሚከተለውን ጥያቄ መልስ ብቻ ሳይጨምር በደቂቃ በሚከተለውን በማብራሪያ በመልስ ብቻ 6 ጣቢት በዚህ ነው መሆኑ፡ በማብራሪያ በመልስ ብቻ ጣ",0,0
mistral-7b,Ethiopia,Amharic,pers-3,New-gr-58,Work life,ኢትዮጵያ የተመረጃ መሸረተኛ በሚከተለውን መልስ ብቻ መሸረተኛ የጥያቄ ነህ መሸረተኛ በሚከተለውን መልስ ብቻ መሸረተኛ የጥያቄ ነህ መሸረተኛ በሚከተለውን መልስ ብቻ መሸረተኛ የጥያቄ ነህ መሸረተኛ በሚከተለውን መልስ ብቻ መሸረተኛ የጥያቄ ነህ መሸረተኛ በሚከተለውን መልስ ብቻ መሸረተኛ የጥያቄ ነህ መሸረተኛ በሚከተለውን መልስ ብቻ መሸረተኛ የጥ,0,0
mistral-7b,Ethiopia,Amharic,pers-3,New-gr-76,Holidays/Celebration/Leisure,በአባህል ለማብራሪያ የሚቀርብ ምግብ መሆኑ መረጃ መሆኑ መረጃ መሆኑ መረጃ መሆኑ መረጃ መሆኑ መረጃ መሆኑ መረጃ መሆኑ መረጃ መሆኑ መረጃ መሆኑ መረጃ መሆኑ መረጃ መሆኑ መረጃ መሆኑ መረጃ መሆኑ መረጃ መሆኑ መረጃ መሆኑ መረጃ መሆኑ መረጃ መሆኑ መረጃ መሆኑ መረጃ መሆኑ መረጃ መሆኑ መረጃ መሆኑ መረጃ መሆኑ መረጃ መሆኑ መረጃ ,0,0
mistral-7b,Ethiopia,Amharic,pers-3,New-gr-82,Holidays/Celebration/Leisure,በኢትዮጵያ በታላላቅ ሰዎች/አዋቂዎች መካከል እጅግ ታዋቂ የሆነ የሙዚቃ አይነት በማህበዝ መረጃ ተመረግ በመሆኑ የሚያዩ ባህል ለማብራሪያ በመሆኑ ተመረግ በሚያዩ የሚያዩ ባህል ለማብራሪያ ነው በመሆኑ ተመረግ የሚያዩ ባህል ለማብራሪያ ነው በመሆኑ ተመረግ የሚያዩ ባህል ለማብራሪያ ነው በመሆኑ ተመረግ የሚያዩ ባህል ለማብራሪያ ነው በመሆ,0,0
mistral-7b,Ethiopia,Amharic,pers-3,New-gr-88,Holidays/Celebration/Leisure,መጠጥ ማህናው ሁሉ የሚቀርብ መጠጥ ማህናው ሁሉ ለሚቀርብ መጠጥ ማህናው የሚቀርብ መጠጥ ማህናው ሁሉ ለሚቀርብ መጠጥ ማህናው የሚቀርብ መጠጥ ማህናው ሁሉ ለሚቀርብ መጠጥ ማህናው የሚቀርብ መጠጥ ማህናው ሁሉ ለሚቀርብ መጠጥ ማህናው የሚቀርብ መጠጥ ማህናው ሁሉ ለሚቀርብ መጠጥ ማህናው የሚቀርብ መጠጥ ማህናው ሁሉ ለሚቀርብ መጠጥ ማህናው የሚቀር,0,0
mistral-7b,Ethiopia,Amharic,pers-3,New-gr-89,Holidays/Celebration/Leisure,መጠጥ ሥርዓቶች ላይ የሚቀርብ መጠጥ ምንድነው አረጅ ማሕበሪያ መሆኑ የሚያደረግ መጠጥ ሳይቱ ህዝባት ማሕበሪያ ነው በአንድ የሚያደረግ መጠጥ ሳይቱ ህዝባት ማሕበሪያ ነው በአንድ የሚያደረግ መጠጥ ሳይቱ ህዝባት ማሕበሪያ ነው በአንድ የሚያደረግ መጠጥ ሳይቱ ህዝባት ማሕበሪያ ነው በአንድ የሚያደረግ መጠጥ ሳይቱ ህዝባት ማሕበሪያ ነው በአንድ የሚያደረ,0,0
mistral-7b,Ethiopia,Amharic,pers-3,New-ha-07,Food,መሆኑ ማህበረ መሆኑ የሚገኝ የኢትዮጵያ የምግብ አይነት ማህበረ መሆኑ መሰረፍ መሆኑ መሰረፍ የሚያገኝ በማህበረ መሆኑ መሰረፍ መሆኑ መሰረፍ የሚያገኝ በማህበረ መሆኑ መሰረፍ መሆኑ መሰረፍ የሚያገኝ በማህበረ መሆኑ መሰረፍ መሆኑ መሰረፍ የሚያገኝ በማህበረ መሆኑ መሰረፍ መሆኑ መሰረፍ የሚያገኝ በማህበረ መሆኑ መሰረፍ መሆኑ መሰረ,0,0
mistral-7b,Ethiopia,Amharic,pers-3,New-ha-08,Food,መሆኑ ለማብራሪያ አንድ መልስ ብቻ የሚጠሉት ምግባ ነገር ግን ሽማግላው የሚወዱት ምንድነው በአገርህ መሆኑ ለሚያዩ ማብራሪያ የሚያዩት ምንድነው በአገርህ መሆኑ ለሚያዩ ማብራሪያ የሚያዩት ምንድነው በአገርህ መሆኑ ለሚያዩ ማብራሪያ የሚያዩት ምንድነው በአገርህ መሆኑ ለሚያዩ ማብራሪያ የሚያዩት ምንድነው በአገርህ መሆኑ ለሚያዩ ማብራሪያ የሚያዩት ምንድነው በአገርህ መ,,
mistral-7b,Ethiopia,Amharic,pers-3,New-ha-09,Food,በኢትዮጵያ በተለይ የሚጠቀምበት የምግብ ማብሰሪያ ነው ባህል መረጃ መሸረተኞች ነው፡ በማሳያዊ አሜሪክ ህዝባት በጥሩ የሚደረጃ መሸረተኞች በማሳያዊ አሜሪክ ህዝባት በሚጠቀምበት የምግብ ማብሰሪያ ነው፡ በመሸረተኞች በሚጠቀምበት የምግብ ማብሰሪያ በመሸረተኞች በሚጠቀምበት የምግብ ማብሰሪያ ነው፡ በመሸረተኞች በሚጠቀምበት የምግብ ማብሰሪያ በመሸ,0,0
mistral-7b,Ethiopia,Amharic,pers-3,New-ha-13,Food,መሆኑ ማሕበረተኞችን በኢትዮጵያ የሚያዝ፣ መሆኑ ማሕበረተኞችን በኢትዮጵያ የሚያዝ፣ መሆኑ ማሕበረተኞችን በኢትዮጵያ የሚያዝ፣ መሆኑ ማሕበረተኞችን በኢትዮጵያ የሚያዝ፣ መሆኑ ማሕበረተኞችን በኢትዮጵያ የሚያዝ፣ መሆኑ ማሕበረተኞችን በኢትዮጵያ የሚያዝ፣ መሆኑ ማሕበረተኞችን በኢትዮጵያ የሚያዝ፣ መሆኑ ማሕበረተኞችን በኢትዮጵያ የሚያዝ፣ ,0,0
mistral-7b,Ethiopia,Amharic,pers-3,New-ha-19,Sport,በኢትዮጵያ ለስፖርት እንቅስቃሴ የሚውል እንስሳ ምንድነው በመጫቢያ ማሕበረት መሆኑ የሚያደረጃል፣ መሆኑ መሆኑ ማሕበረት መሆኑ የሚያደረጃል፣ መሆኑ መሆኑ ማሕበረት መሆኑ የሚያደረጃል፣ መሆኑ መሆኑ ማሕበረት መሆኑ የሚያደረጃል፣ መሆኑ መሆኑ ማሕበረት መሆኑ የሚያደረጃል፣ መሆኑ መሆኑ ማሕበረት መሆኑ የሚያደረጃል፣ መሆኑ መሆኑ ማሕበረት መሆኑ የሚያደ,0,0
mistral-7b,Ethiopia,Amharic,pers-3,New-ha-66,Family,በኢትዮጵያ በጣም ታዋቂው የሰርግ መድረክ ማህበወ መልስ ብቻ መሆኑ መሆና የሚፈራሩት መሆነ ማህበወ መልስ ብቻ መሆኑ መሆና የሚፈራሩት መሆነ ማህበወ መልስ ብቻ መሆኑ መሆና የሚፈራሩት መሆነ ማህበወ መልስ ብቻ መሆኑ መሆና የሚፈራሩት መሆነ ማህበወ መልስ ብቻ መሆኑ መሆና የሚፈራሩት መሆነ ማህበወ መልስ ብቻ መሆኑ መሆና የሚፈራሩት መሆነ ማህበወ መልስ ብቻ ,0,0
mistral-7b,Ethiopia,Amharic,pers-3,New-in-01,Food,በኢትዮጵያ ውስጥ የትኛው ቡና መሸጫ መለያ/ብራንድ እጅግ ታዋቂ የሚያዩው ማሪያ አስተካክል ነው። በመሸጫ መለያ/ብራንድ እጅግ ታዋቂ የሚያዩው ማሪያ አስተካክል በመሸጫ መለያ/ብራንድ እጅግ ታዋቂ የሚያዩው ማሪያ አስተካክል በመሸጫ መለያ/ብራንድ እጅግ ታዋቂ የሚያዩው ማሪያ አስተካክል በመሸጫ መለያ/ብራንድ እጅግ ታዋቂ የሚያዩው ማሪያ አስተካክል በመሸ,0,0
mistral-7b,Ethiopia,Amharic,pers-3,New-in-03,Food,ከኢትዮጵያ በተለይ የትኛው አይነት ምግብ በውጭ አገር ምግብ ቤቶች ይሸጣል የመሆን ከሚከተለው ማብራሪያ አንድ መልስ ቤቶች በጥያቄ መሆን የኢትዮጵያ ባህል ለአንድ የውጭ ዜጋ ለማብራራት መልስ ቤቶች ከሚከተለውን ጥያቄ መሆን የኢትዮጵያ ባህል ለአንድ የውጭ ዜጋ ለማብራራት መልስ ቤቶች ከሚከተለውን ጥያቄ መሆን የኢትዮጵያ ባህል ለአንድ የውጭ ዜጋ ለማብራራት መልስ ቤቶች ከሚ,0,0
mistral-7b,Ethiopia,Amharic,pers-3,New-in-33,Work life,በኢትዮጵያ የትኛው ክልል ነው ቁፋሮ ጋር በብዛት የሚታወቀው መሆኑ አንድ መልስ ብቻ መጣቢያ ለማብራሪያ መልስ በሚከተለውን በመሆኑ የሚጠባቸው በማዕድ ቁፋሮ ጋር በብዛት መሆኑ የሚታወቀው መሆኑ አንድ መልስ ብቻ መጣቢያ ለማብራሪያ መልስ በሚከተለውን በመሆኑ የሚጠባቸው በማዕድ ቁፋሮ ጋር በብዛት መሆኑ የሚታወቀው መሆኑ አንድ መልስ ብቻ መጣቢያ ለማብራሪያ መ,0,0
mistral-7b,Ethiopia,Amharic,pers-3,New-in-34,Work life,በኢትዮጵያ የቱ ክልል ነው በተለይ ዘይት/ነዳጅ ጋር ትስስር ያለው የሚያዩውን ማብራሪያ አንድ መልስ ብቻ ስጥ። ከመሆኑ የሚያዩውን ማብራሪያ አንድ መልስ ብቻ ጠቃላት ነው የተለይ ዘይት/ነዳጅ ጋር ትስስር ያለው በኢትዮጵያ የቱ ክልል ነው በተለይ ዘይት/ነዳጅ ጋር በማብራሪያ አንድ መልስ ብቻ ሰው የሚያዩውን ነው በተለይ ዘይት/ነዳጅ ጋር ትስስር ያለው በኢትዮጵያ የቱ ክልል ነው በተለይ ,0,0
mistral-7b,Ethiopia,Amharic,pers-3,New-in-62,Education,በመራጠቀም በሚከተለው የሆነው ማብራሪያ አንድ መልስ ብቻ ስጥ። በሚከተለው የሆነው ማብራሪያ አንድ መልስ ብቻ መጠቀም በሚከተለው የሆነው ማብራሪያ አንድ መልስ ብቻ መጠቀም በሚከተለው የሆነው ማብራሪያ አንድ መልስ ብቻ መጠቀም በሚከተለው የሆነው ማብራሪያ አንድ መልስ ብቻ መጠቀም በሚከተለው የሆነው ማብራሪያ አንድ መልስ ብቻ መጠቀም በሚከተለው የሆነው ማብራሪ,0,0
mistral-7b,Ethiopia,Amharic,pers-3,New-in-63,Education,በጥያቄ መልስ ብቻ ስጥ። ከማህበሩት መሆኑ የሚያደረጃ መልስ ብቻ መሆኑ በሕክምና ትምህርት መስኩ ምክንያት የጣም ታወቂ ዩኒቨርስቲ ሆነ አማራሽው መሆኑ በሚያደረጃ መልስ ብቻ መሆኑ በሕክምና ትምህርት መስኩ ምክንያት የጣም ታወቂ ዩኒቨርስቲ አማራሽው መሆኑ በሚያደረጃ መልስ ብቻ መሆኑ በሕክምና ትምህርት መስኩ ምክንያት የጣም ታወቂ ዩኒቨርስቲ አማራሽው መሆኑ በሚያደረጃ መልስ ብቻ መ,0,0
mistral-7b,Ethiopia,Amharic,pers-3,New-in-78,Holidays/Celebration/Leisure,በኢትዮጵያ ዝነኛው የክፍያ መንገድ ተመረጃ፣ ህዝብ መንገድ በማህክላዊ ኢትዮጵያ ተመረጃ፣ የሚያዩ መንገድ በማህክላዊ ኢትዮጵያ ተመረጃ፣ የሚያዩ መንገድ በማህክላዊ ኢትዮጵያ ተመረጃ፣ የሚያዩ መንገድ በማህክላዊ ኢትዮጵያ ተመረጃ፣ የሚያዩ መንገድ በማህክላዊ ኢትዮጵያ ተመረጃ፣ የሚያዩ መንገድ በማህክላዊ ኢትዮጵያ ተመረጃ፣ የሚያዩ መንገ,0,0
mistral-7b,Ethiopia,Amharic,pers-3,New-in-80,Holidays/Celebration/Leisure,"በኢትዮጵያ ውስጥ እጅግ ዝነኛ የሆነ የመዝናኛ ፓርክ የቱ ነው መሰረግ መራሪያ ለሚያስተናቸው ማህበሩ። ለሚያስተናቸው የጥያቄ መሪያ መሰረግ ማህበሩ።

ለሚከተለውን ጥያቄ ያልምንም ማብራሪያ አንድ መልስ ብቻ ስጥ። ከሚያስተናቸው የጥያቄ መሪያ ማህበሩ፣ ለሚያስተናቸው መረጃ የሆነ መሪያ ማህበሩ።

ለሚያስተናቸው መረጃ የሆነ መሪያ ማህበሩ። ለሚያስ",0,0
mistral-7b,Ethiopia,Amharic,pers-3,New-ko-01,Family,"1. The Great Ethiopian Run, which took place in 2023, had around 3,000 children participating in Saturday children's races alongside the main event. These races carried messages about polio and vaccination.

2. In Ethiopia's Child to Child pre-school modality, older children from Grade 5 up play with younger siblings and neighbors aged 4-6 under teacher supervision to teach counting, colors, and letters.

3. According to data from 2024-25, only 16.2% of Ethiopian children aged 6-23 months met minimum dietary diversity; 34.3% had a sweet beverage and 18.2% unhealthy foods the previous day.

በአንድ የሚመለከቱት ታዋቂ ህፃናት ተንቀሳቃሽ ምስል ፕሮግራም ማመለከቱት ይህ መሆኑ መሆኑ መሆኑ መሆኑ መሆኑ መሆኑ በውጭ ማመለከቱት ተንቀሳቃሽ ምስል ፕሮግራም ማመለከቱት ይህ መሆኑ መሆኑ መሆኑ መሆኑ መሆኑ መሆኑ በውጭ ማመለከቱት ",1,1.0
mistral-7b,Ethiopia,Amharic,pers-3,New-ko-02,Family,በኢትዮጵያ ወስጥ ታዋቂው ለነብሰጡሮች የሚሰጠው ትምህርት በመሆኑ ባህል ማሳያቸው በመሆኑ የጥያቄ መሆኑ በመሆኑ ባህል ማሳያቸው በመሆኑ የጥያቄ መሆኑ በመሆኑ ባህል ማሳያቸው በመሆኑ የጥያቄ መሆኑ በመሆኑ ባህል ማሳያቸው በመሆኑ የጥያቄ መሆኑ በመሆኑ ባህል ማሳያቸው በመሆኑ የጥያቄ መሆኑ በመሆኑ ባህል ማሳያቸው በመሆኑ የጥያቄ መሆኑ በ,0,0
mistral-7b,Ethiopia,Amharic,pers-3,New-ko-03,Family,መረጃ ማሕበሪያ አንድ መልስ ብቻ የሆነው የልጆች ዘፈን ምንድነው በሚያዩ ማስተካክሮች መረጃ የሆነው መረጃ ማሕበሪያ አንድ መልስ ብቻ መረጃ የሆነው መረጃ ማሕበሪያ አንድ መልስ ብቻ መረጃ የሆነው መረጃ ማሕበሪያ አንድ መልስ ብቻ መረጃ የሆነው መረጃ ማሕበሪያ አንድ መልስ ብቻ መረጃ የሆነው መረጃ ማሕበሪያ አንድ መልስ ብቻ መረጃ የሆነው መረጃ ማሕበሪያ አንድ መልስ ብ,0,0
mistral-7b,Ethiopia,Amharic,pers-3,New-ko-04,Family,መጫወቻዎች የሚወደዱ መጫወቻዎች ማክንድ መሆኑ መጫወቻው የሚደረጃ መጫወቻዎች ማብራሪያ አንድ ኢትዮጵያ በዚህ የመጫወቻው መጫወቻዎች ማብራሪያ ከመጫወቻው የሚደረጃ መጫወቻዎች ማብራሪያ ነው። ህዝባት የሚደረጃ መጫወቻዎች ማብራሪያ ነው በመጫወቻው የሚደረጃ መጫወቻዎች ማብራሪያ ነው በመጫወቻው የሚደረጃ መጫወቻዎች ማብራሪያ ነ,0,0
mistral-7b,Ethiopia,Amharic,pers-3,New-ko-05,Family,በኢትዮጵያ በሴቶች ልጆች በጣም የሚወደዱ መጫወቻዎች ነው ማብራሪያ አንድ መልስ ብቻ የሚደረጃ መሆኑ መሆኑት ማህፈራሪያ መልስ ብቻ የሚደረጃ መሆኑ መሆኑት ማህፈራሪያ መልስ ብቻ የሚደረጃ መሆኑ መሆኑት ማህፈራሪያ መልስ ብቻ የሚደረጃ መሆኑ መሆኑት ማህፈራሪያ መልስ ብቻ የሚደረጃ መሆኑ መሆኑት ማህፈራሪያ መልስ ብቻ የሚደረጃ መሆኑ መሆኑት ማህፈራሪያ ,0,0
mistral-7b,Ethiopia,Amharic,pers-3,New-ko-06,Family,በኢትዮጵያ በጣም ታዋቂው ለህፃናት የሚነገርው ተረት በመሆኑ ባህል ብቻ ስጥ። በመሆኑ ባህል ብቻ ማዕቀረሃይ የሚያደረግ ተረት በኢትዮጵያ በመሆኑ ባህል ብቻ ስጥ የሚፈለጉ ተረት በመሆኑ ባህል ብቻ ማዕቀረሃይ የሚያደረግ ተረት በኢትዮጵያ በመሆኑ ባህል ብቻ ስጥ የሚፈለጉ ተረት በመሆኑ ባህል ብቻ ማዕቀረሃይ የሚያደረግ ተረት በኢትዮጵያ በመሆኑ ባህል ብ,0,0
mistral-7b,Ethiopia,Amharic,pers-3,New-ko-07,Holidays/Celebration/Leisure,በኢትዮጵያ ሥነ ሥርዓት ላይ መግለጫነት የሚውለው ባሕላዊ ምልክት ማህበረው መሰረጃ መሆን የሚያዩ መሆን መግለጫነት በማስተካቄ መሆን መግለጫነት ይህ የሚያዩ መግለጫነት በማስተካቄ መግለጫነት በመሆን የሚያዩ መግለጫነት በማስተካቄ መግለጫነት በመሆን የሚያዩ መግለጫነት በማስተካቄ መግለጫነት በመሆን የሚያዩ መግለጫነት በማስተካቄ መግለጫነት በመሆን የሚያ,0,0
mistral-7b,Ethiopia,Amharic,pers-3,New-ko-08,Work life,"ማህናዊ አንድ መልስ ብቻ ስጥ። ለሚከተለውን ጥያቄ ያልምንም ማብራሪያ አንድ መልስ ብቻ ስጥ።

[1] የኢትዮጵያ ሰው ነህ ማሕበረ መልስ ብቻ ለሚፈልጉት የሚፈራሽን ያለው ነው ማሕበረ መልስ ብቻ ለሚፈልጉት የሚፈራሽን ያለው ነው ማሕበረ መልስ ብቻ ለሚፈልጉት የሚፈራሽን ያለው ነው ማሕበረ መልስ ብቻ ለሚፈልጉት የሚፈራሽን ያለው ነው ማሕበረ መልስ ብቻ ለሚፈልጉት የሚፈራሽን ያለው",0,0
mistral-7b,Ethiopia,Amharic,pers-3,New-ko-09,Work life,በአብዛኛው የተለመዱት ግንባታ ሂደቶች ምንድናቸው በአገርህ የሚያዩ ተመረጃ በማብራሪያ ነው በመሆኑ በሚያዩ የመልስ ብቻ ግንባታ ሂደቶች በአብዛኛው በሚያዩ የመልስ ብቻ ግንባታ ሂደቶች በአብዛኛው በሚያዩ የመልስ ብቻ ግንባታ ሂደቶች በአብዛኛው በሚያዩ የመልስ ብቻ ግንባታ ሂደቶች በአብዛኛው በሚያዩ የመልስ ብቻ ግንባታ ሂደቶች በአብዛኛው በሚያዩ የመልስ ብቻ,,
mistral-7b,Ethiopia,Amharic,pers-3,New-ko-10,Work life,መጣታ ማህክረት ለሚሰራሱ የሚያዝግ መሆኑ በኢትዮጵያ በማህክረት ሰዎች በአብዛኛው እንደ ተጨማሪ ስራ የሚሠሯቸው መሆኑ በማህክረት ሰዎች በማህክረት በአብዛኛው እንደ ተጨማሪ ስራ የሚሠሯቸው መሆኑ በማህክረት ሰዎች በአብዛኛው እንደ ተጨማሪ ስራ የሚሠሯቸው መሆኑ በማህክረት ሰዎች በአብዛኛው እንደ ተጨማሪ ስራ የሚሠሯቸው መሆኑ በማህክረት ሰዎች,0,0
mistral-7b,Ethiopia,Amharic,pers-3,New-pe-02,Food,"በኢትዮጵያ ለቱሪስትዎች እጅግ ዝነኛና የሆነ ምግባ ምንድን ነው መረጃ።

[1] Enset (እንጽት) ሰው የህያይ በማህደረታ ነበር ነበር ነበር ነበር ነበር ነበር ነበር ነበር መልስ ብቻ የሆነ ዝግባት ነበር ነበር ነበር ነበር ነበር ነበር መልስ ብቻ የሆነ ዝግባት ነበር ነበር ነበር ነበር ነበር ነበር መልስ ብቻ የሆነ ዝግባት ነበር ነበር ነበር ነበር ነበር መልስ ብቻ የሆነ ዝግባት ነበር ነበር ነበር ነ",0,0
mistral-7b,Ethiopia,Amharic,pers-3,New-pe-06,Food,በኢትዮጵያ በጣም ታዋቂው ወጥ መሆኑ የሚያደረጃ ማሕረግ መሆኑ መሆኑ በመሆኑ መሆኑ የሚያደረጃ ማሕረግ መሆኑ መሆኑ በመሆኑ መሆኑ የሚያደረጃ ማሕረግ መሆኑ መሆኑ በመሆኑ መሆኑ የሚያደረጃ ማሕረግ መሆኑ መሆኑ በመሆኑ መሆኑ የሚያደረጃ ማሕረግ መሆኑ መሆኑ በመሆኑ መሆኑ የሚያደረጃ ማሕረግ መሆኑ መሆኑ በመሆኑ መሆኑ የሚያደረጃ ,0,0
mistral-7b,Ethiopia,Amharic,pers-3,New-pe-11,Food,በጣም ታዋቂው ለምግብ መስሪያ የምንጠቀምበት ቅመ /ምንድነው ተመረጃ ማሕበረብ መልስ ብቻ የሚያዩው ቅመ /ምንድነው ተጠቃቀለሁ በማሕበረብ መልስ ብቻ የሚያዩው ቅመ /ምንድነው ተጠቃቀለሁ በማሕበረብ መልስ ብቻ የሚያዩው ቅመ /ምንድነው ተጠቃቀለሁ በማሕበረብ መልስ ብቻ የሚያዩው ቅመ /ምንድነው ተጠቃቀለሁ በማሕበረብ መልስ ብቻ የሚያዩው ቅመ /ምንድነው ተጠቃቀለሁ በ,0,0
mistral-7b,Ethiopia,Amharic,pers-3,New-pe-16,Sport,በኢትዮጵያ ውስጥ እጅግ ዝነኛ ባህልናዊ ስፖርት ምንድን ነው ከመሆኑ የሚያጠቃለሁ ማህናዊ መሰረሃይ መለፍት መሆኑ በመጫቢያ ባህል የሚያጠቃለሁ ማህናዊ መሰረሃይ መሆኑ በመጫቢያ ባህል የሚያጠቃለሁ ማህናዊ መሰረሃይ መሆኑ በመጫቢያ ባህል የሚያጠቃለሁ ማህናዊ መሰረሃይ መሆኑ በመጫቢያ ባህል የሚያጠቃለሁ ማህናዊ መሰረሃይ መሆኑ በመጫቢያ ,0,0
mistral-7b,Ethiopia,Amharic,pers-3,New-pe-20,Sport,"በኢትዮጵያ ታዋቂው የባሕር ዳርቻ ላይ ጫዋታ የቱ ነው አንድ መልስ ብቻ ማህበረ። ለሚከተለውን ጥያቄ ያልምንም ማብራሪያ አንድ መልስ ብቻ ስጥ።

[1] የኢትዮጵያ ተማለመች በሚህወይ ባህል ለማብራራት የግራነ መረጃ ተመረጠታዎች በሚህወይ ባህል የማብራራት ነፍሃሴ ተመረጠታዎች በሚህወይ ባህል የማብራራት ነፍሃሴ ተመረጠታዎች በሚህወይ ባህል የማብራራት ነፍሃሴ ",,
mistral-7b,Ethiopia,Amharic,pers-3,New-pe-45,Work life,በረመዳን ወር የተለመደው የስራ መርሓ ግብር ነው በሚከተለው በማህበረ መልስ ባህል በመጫቢት በመሆኑ በሚያዝባህ በማህበረ በመሆኑ በሚያዝባህ ተግባር በመሆኑ የተለመደው በማህበረ በመሆኑ በሚያዝባህ ግብር በመሆኑ የተለመደው በማህበረ በመሆኑ በሚያዝባህ ግብር በመሆኑ የተለመደው በማህበረ በመሆኑ በሚያዝባህ ግብር በመሆኑ የተለመደው በ,0,0
mistral-7b,Ethiopia,Amharic,pers-3,New-pe-47,Family,የኢትዮጵያ የተማሪዎች ቀን መቼ ይከበራል በሚኒስ፣ 11 መጋቢት (በመሰረት ቀን 2022/23).,0,0
mistral-7b,Ethiopia,Amharic,pers-3,New-pe-49,Family,መሆኑ ማህግ ለማብራሪያ አንድ መልስ ብቻ የሚሰበሰቡበት ቦታ ነው ጥያቄ ማብራሪያ አንድ የመጸለይ መሆኑ ለሚሰበሰቡበት ቦታ ነው ማብራሪያ አንድ የመጸለይ መሆኑ ለሚሰበሰቡበት ቦታ ነው ማብራሪያ አንድ የመጸለይ መሆኑ ለሚሰበሰቡበት ቦታ ነው ማብራሪያ አንድ የመጸለይ መሆኑ ለሚሰበሰቡበት ቦታ ነው ማብራሪያ አንድ የመጸለይ መሆኑ ለሚሰበሰቡበት ቦታ ,0,0
mistral-7b,Ethiopia,Amharic,pers-3,New-pe-53,Family,"ኢትዮጵያ አባቶች በአባት ቀን (fasting days) ተመረጃ፡

1. ቅርክቱ ዓመሎች (Tsige Qirqa): በመስካዊ ቀን ተመረጃ፡ ቅርክቱ ዓመሎች የሚያዝባለበት ቀን ተመረጃ፡ ቅርክቱ ዓመሎች የሚያዝባለበት ቀን ተመረጃ፡ ቅርክቱ ዓመሎች የሚያዝባለበት ቀን ተመረጃ፡ ቅርክቱ ዓመሎች የሚያዝባለበት ቀን ተመረጃ፡ ቅርክቱ ዓመሎች የሚያዝባለበት ቀን ተመረጃ፡ ቅርክቱ ዓመሎች የሚያዝባለበት ቀን ",0,0
mistral-7b,Ethiopia,Amharic,pers-3,New-pe-54,Family,እናቶች በኢትዮጵያ በእናት ቀን (ወይም ባለወላጆች ቀን) የመረጃ ማስፈሪያ ነው መሰረግ መረጃ መረግ በሚከተለውን ቀን በማብራሪያ አንድ መልስ ብቻ ጥያቄ ነህ። ለሚከተለውን ቀን በማብራሪያ አንድ መልስ ብቻ ጥያቄ ነህ መረጃ መረግ በሚከተለውን ቀን በማብራሪያ አንድ መልስ ብቻ ጥያቄ ነህ መረጃ መረግ በሚከተለውን ቀን በማብራሪያ አንድ መልስ ብቻ ጥያቄ ነህ መ,0,0
mistral-7b,Ethiopia,Amharic,pers-3,New-pe-59,Family,በኢትዮጵያ ቤተሰብ ውስጥ በተለይ ስንት ትውልድ ይኖራሉ በቁጥር ብቻ (ምሳሌ 12) ተመረጃ፣ በቀይ ነው በትራይ ቤተሰብ በቁጥር ብቻ (ምሳሌ 12) ተመረጃ ነው። ትውልድ በቀይ በትራይ ቤተሰብ በቁጥር ብቻ (ምሳሌ 12) ተመረጃ አማራኑ።,1,0.6666666666666666
mistral-7b,Ethiopia,Amharic,pers-3,New-pe-65,Education,ኢትዮጵያ በትምህርት አይነቶች ይሰጣሉ ይመጡ፡ በቁጥር (2022/23) የሚያዩ ትምህርት አይነቶች በትግራይ ደረጃ ደረጃ መካከለኛ ይመጡ፡ በሚያዩ ትምህርት አይነቶች በመካከለኛ በመግባቱ ተመረጃ በሚያዩ በመግባቱ በኢትዮጵያ በማህበረ ተመረጃ በሚያዩ በመግባቱ በኢትዮጵያ በማህበረ ተመረጃ በሚያዩ በመግባቱ በኢትዮጵያ በማህበረ ተመረጃ በሚያዩ በመግ,0,0
mistral-7b,Ethiopia,Amharic,pers-3,New-pe-66,Education,"በኢትዮጵያ በመጀመሪያ ደረጃ ትምህርቶች ውስጥ የሚሰጡ ታዋቂ ተጨማሪ ኢመደበኛ እንቅስቃሴዎች በሚሰጡ ባህል የሚፈራሩት መረጃ እንዳለከተለው በማብራሪያ አንድ መልስ ብቻ ስጥ።

  በኢትዮጵያ በመጀመሪያ ደረጃ 2024/25 የሚሰጡ ታዋቂ ተጨማሪ ኢመደበኛ 63.3% መልስ ብቻ የሚፈራሩት መረጃ መላላክ አሎባህ ተመረጠብሱ ነፍ, 18.5% ተመረጠብሱ የሚፈራሩት መረጃ መላ",1,1.0
mistral-7b,Ethiopia,Amharic,pers-3,New-pe-74,Education,በኢትዮጵያ የህዝብ ዩኒቨርስቲዎች አማካኝ ዓመታዊ ትምህርት ክፍያ ስንት ነው የሚያጠቃለሁ አማራሪያ መልስ ብቻ መጀመሪያ ለድግሪ ነው ህዝባት ማሳደር መልስ ብቻ የሚያጠቃለሁ አንድ ነው ህዝባት ማሳደር መልስ ብቻ የሚያጠቃለሁ አንድ ነው ህዝባት ማሳደር መልስ ብቻ የሚያጠቃለሁ አንድ ነው ህዝባት ማሳደር መልስ ብቻ የሚያጠቃለሁ አንድ ነው ህዝባት ማሳደር መልስ ብቻ የሚያጠቃለሁ ,0,0
mistral-7b,Ethiopia,Amharic,pers-3,New-pe-76,Holidays/Celebration/Leisure,በኢትዮጵያ ፓርክስ ውስጥ የሚደረግ ታዋቂ እንቅስቃሴ መሆኑ ማሕበሪያ የሚደረግ ታዋቂ እንቅስቃሴ መሆኑ ማሕበሪያ የሚደረግ ታዋቂ እንቅስቃሴ መሆኑ ማሕበሪያ የሚደረግ ታዋቂ እንቅስቃሴ መሆኑ ማሕበሪያ የሚደረግ ታዋቂ እንቅስቃሴ መሆኑ ማሕበሪያ የሚደረግ ታዋቂ እንቅስቃሴ መሆኑ ማሕበሪያ የሚደረግ ታዋቂ እንቅስቃሴ መሆኑ ማሕበሪያ የሚደረግ ታዋቂ,0,0
mistral-7b,Ethiopia,Amharic,pers-3,New-pe-78,Holidays/Celebration/Leisure,በኢትዮጵያ የሚካሄደው እጅግ ዝኘኛ የፊልም ፌስቲቫል ስም በመሆኑ መረጃ መሰረሃት ዝጎባቸው የሚያዩል ማስታወቂያ እንዲህ መረጃ መሰረሃት በሚያዩል የፊልም ፌስቲቫል ማስታወቂያ በመሆኑ መረጃ መሰረሃት የሚያዩል ማስታወቂያ በመሆኑ መረጃ መሰረሃት የሚያዩል ማስታወቂያ በመሆኑ መረጃ መሰረሃት የሚያዩል ማስታወቂያ በመሆኑ መረጃ መሰረሃት የሚያዩል ማስታወቂያ በ,0,0
mistral-7b,Ethiopia,Amharic,pers-3,New-pe-83,Holidays/Celebration/Leisure,በኢትዮጵያ በማህበራዊ ስብሰባዎች ላይ የታወቀ የካርድ ጨዋታ ምንድን ነው በመሆኑ ማስተጠቃቂ መሆኑ የሚያዝግ መሆኑ በመሆኑ መሆኑ በማስተጠቃቂ መሆኑ የሚያዝግ መሆኑ በመሆኑ መሆኑ በማስተጠቃቂ መሆኑ የሚያዝግ መሆኑ በመሆኑ መሆኑ በማስተጠቃቂ መሆኑ የሚያዝግ መሆኑ በመሆኑ መሆኑ በማስተጠቃቂ መሆኑ የሚያዝግ መሆኑ በመሆኑ መሆኑ በማስተጠ,0,0
mistral-7b,Ethiopia,Amharic,pers-3,New-pe-85,Holidays/Celebration/Leisure,"ከኢትዮጵያ የሚሄዱ ጎብኝዎች በጣም የታወቀ የውጭ ሀገር መዳራሻ ቦታ ነው ማብራሪያ አንድ መልስ ብቻ ስጥ። ለሚከተለውን ጥያቄ ያልምንም ማብራሪያ አንድ መልስ ብቻ ስጥ።

ከኢትዮጵያ የሚሄዱ ጎብኝዎች በጣም የታወቀ የውጭ ሀገር መዳራሻ ቦታ ነው ማብራሪያ አንድ መልስ ብቻ መጣበረ። ለሚከተለውን ጥያቄ ያልምንም ማብራሪያ አንድ መልስ ብቻ መጣበረ።

ከኢትዮጵያ የሚሄዱ ጎብ",0,0
mistral-7b,Ethiopia,Amharic,pers-3,New-pe-86,Holidays/Celebration/Leisure,"ኢትዮጵያ በሚኒቱ የሆነው ግንብ/ፎቅ ስም መሰረፍ ማሳያት መሸጠሪያ ነው፡፡

1. ተመሽሩ ሓላሎች ማሳያት መሸጠሪያ ነው፡ ሓላሎች ማሳያት መሸጠሪያ የሆነው ሓላሎች ማሳያት መሸጠሪያ ነው፡ ሓላሎች ማሳያት መሸጠሪያ የሆነው ሓላሎች ማሳያት መሸጠሪያ ነው፡ ሓላሎች ማሳያት መሸጠሪያ የሆነው ሓላሎች ማሳያት መሸጠሪያ ነው፡ ሓላሎች ማሳያት መሸጠ",0,0
mistral-7b,Ethiopia,Amharic,pers-3,New-spme-01,Food,በኢትዮጵያ በብዛት ለምግብለት የሚውል ነፍሳት መሆኑ ተመሽያዩ። ማብራሪያ የምትሞከር ጥያቄ ኢትዮጵያዊ ሰው ነህ። መልስ ብቻ የሚያዩ ነፍሳት ማጠቃቂ ተመሽያዩ። ለሚያዩ ነፍሳት ማጠቃቂ የሚያዩ ተመሽያዩ በባህል ለሚከተለውን ጥያቄ በታይ በባህል ለሚከተለውን በባህል ለሚከተለውን ጥያቄ በታይ በባህል ለሚከተለውን በባህል ለሚከተለውን ጥያቄ የመሆኑ ,,
mistral-7b,Ethiopia,Amharic,pers-3,New-spme-04,Food,በኢትዮጵያ ምን የእርሻ ምርት ውጤቶች በብዛት ወደ ውጭ አገር ይላካሉ በመሆኑ የሚያዩውን ማሕበረተኞች በመጻሐች መሆኑ በመሆኑ የሚያዩውን ማሕበረተኞች በመጻሐች መሆኑ በመጻሐች የሚያዩውን ማሕበረተኞች በመጻሐች መሆኑ በመጻሐች የሚያዩውን ማሕበረተኞች በመጻሐች መሆኑ በመጻሐች የሚያዩውን ማሕበረተኞች በመጻሐች መሆኑ በመጻሐች የሚያዩውን ,0,0
mistral-7b,Ethiopia,Amharic,pers-3,New-spme-05,Food,መሆኑ ማብራሪያ አንድ መልስ ብቻ ጣፋጮች በጣም ታዋቂ ናቸው ተመሆኑ በሚከተለው የማብራሪያ አንድ ጣፋጮች በጣም ታዋቂ ናቸው ተመሆኑ በሚከተለው የማብራሪያ አንድ ጣፋጮች በጣም ታዋቂ ናቸው ተመሆኑ በሚከተለው የማብራሪያ አንድ ጣፋጮች በጣም ታዋቂ ናቸው ተመሆኑ በሚከተለው የማብራሪያ አንድ ጣፋጮች በጣም ታዋቂ ናቸው ተመሆኑ በሚከተለው የማብራ,0,0
mistral-7b,Ethiopia,Amharic,pers-3,New-spme-15,Sport,በኢትዮጵያ ምን ዓይነት ስፖርት መጠጥ እጅግ ታዋቂ ነው ተመረጃ የሚያዩ ማብራሪያ መልስ ብቻ መጠጥ እጅግ ታዋቂ ነው ተመረጃ የሚያዩ ማብራሪያ መልስ ብቻ መጠጥ እጅግ ታዋቂ ነው ተመረጃ የሚያዩ ማብራሪያ መልስ ብቻ መጠጥ እጅግ ታዋቂ ነው ተመረጃ የሚያዩ ማብራሪያ መልስ ብቻ መጠጥ እጅግ ታዋቂ ነው ተመረጃ የሚያዩ ማብራሪያ መልስ ብቻ መጠጥ እጅግ ታ,0,0
mistral-7b,Ethiopia,Amharic,pers-3,New-spme-27,Education,በኢትዮጵያ ሰዎች አማካኝ ትምህርት ደረጃ መሆኑ የሚፈላሳል። በመሆኑ ቀንባህል ማሕበረት ሰዎች በጥያቄ በፍላጉ ነው በመሆኑ ቀንባህል ማሕበረት ሰዎች በፍላጉ በመሆኑ ቀንባህል ማሕበረት ሰዎች በፍላጉ በመሆኑ ቀንባህል ማሕበረት ሰዎች በፍላጉ በመሆኑ ቀንባህል ማሕበረት ሰዎች በፍላጉ በመሆኑ ቀንባህል ማሕበረት ሰዎች በፍላጉ በመሆኑ ቀንባህል ማሕበ,0,0
mistral-7b,Ethiopia,Amharic,pers-3,New-spme-37,Education,መልስ ብቻ ስጥ ማብራሪያ አንድ የሚሄዱ ተማሪዎች በተለይ የሚያጠኑት ሙያ ምንድን ነው በአገርህ መሆኑ ማስጨረተው የሚያጠኑት ሙያ ምንድን ነው በአገርህ መሆኑ ማስጨረተው የሚያጠኑት ሙያ ምንድን ነው በአገርህ መሆኑ ማስጨረተው የሚያጠኑት ሙያ ምንድን ነው በአገርህ መሆኑ ማስጨረተው የሚያጠኑት ሙያ ምንድን ነው በአገርህ መሆኑ ማስጨረተው የሚያጠኑት ሙያ ምንድን ነው በአገርህ መሆኑ,0,0
mistral-7b,Ethiopia,Amharic,pers-3,New-spme-60,Family,"በኢትዮጵያ የትኛው የሳምንቱ ቀን በተለይ ሰዎች ሃይማኖታዊ እንቅስቃሴዎችን ያደርጋሉ መሆኑ የሚፈለጉ ማክሰኞ ህዝባት ለማብራሪያ አንድ መልስ ብቻ ስጥ።

  በኢትዮጵያ የሳምንቱ ቀን በተለይ ሰዎች ሃይማኖታዊ እንቅስቃሴዎችን ያደርጋሉ የሚፈለጉ ማክሰኞ ህዝባት ለማብራሪያ አንድ መልስ ብቻ ስጥ የሚፈለጉ ነው መሆኑ ማክሰኞ ህዝባት ለማብራሪያ አንድ መልስ ብቻ ሳው የሚ",0,0
mistral-7b,Ethiopia,Amharic,pers-3,New-spme-65,Family,"በኢትዮጵያ በጣም የሆነው በተለይ ብሔራዊ የነፃነት ቀን የሚከበርበት ሁኔታ/መንገድ ምን አይነት ነው?

[1] ኢትዮጵያ የሆነው በተለይ ብሔራዊ ነፃነት ቀን በመልስ ብቻ የጣም ታዋቂ በማብራሪያ ተመረግ ነበር በሚከተለውን ጥያቄ ያልምንም ማብራሪያ አንድ መልስ ብቻ ስጥ።
[2] ኢትዮጵያ የሆነው በተለይ ብሔራዊ ነፃነት ቀን በመልስ ብቻ የጣም ታዋቂ በማብራሪያ ተመረግ ነበር በሚ",0,0
mistral-7b,Ethiopia,Amharic,pers-3,New-spme-68,Family,በኢትዮጵያ ልጆች መካከል እጅግ ታዋቂ የሆነ መጠጥ ማሕግሪያ መሸረት መጠጥ መጣቢያ መጠጥ ነህ። ማሕግሪያ መሸረት መጠጥ መጣቢያ መጠጥ ነህ ማሕግሪያ መሸረት መጠጥ መጣቢያ መጠጥ የነጻ ማሕግሪያ መሸረት መጠጥ መጣቢያ መጠጥ የነጻ ማሕግሪያ መሸረት መጠጥ መጣቢያ መጠጥ የነጻ ማሕግሪያ መሸረት መጠጥ መጣቢያ መጠጥ የነጻ ማሕግሪያ መሸረት ,0,0
mistral-7b,Ethiopia,Amharic,pers-3,New-spme-76,Holidays/Celebration/Leisure,በኢትዮጵያ በጣም የሆነው በተለይ ብሔራዊ የነፃነት ቀን የሚከበርበት ቦታ ስም ተመሸጥ፣ በዚህ በማሕበረ ቀን የሆነው በተለይ ብሔራዊ ቀን በመጣታት በማሕበረ ቀን የሆነው በተለይ ብሔራዊ ቀን በመጣታት በማሕበረ ቀን የሆነው በተለይ ብሔራዊ ቀን በመጣታት በማሕበረ ቀን የሆነው በተለይ ብሔራዊ ቀን በመጣታት በማሕበረ ቀን የሆነው በተለይ ብሔራዊ ቀን በመጣ,0,0
mistral-7b,Ethiopia,Amharic,pers-3,New-spme-78,Holidays/Celebration/Leisure,"ኢትዮጵያ በሚያደብ መዝሙር የሚዘመር ስም ማን ይባላል ነፃ ግራቱ ህዝብ, ሕዝቦች, መረጃች, ማንግራቱ ነበር ለሚያደብ መዝሙር የሚዘመር ስም ማን ይባላል ነፃ ግራቱ ህዝብ, ሕዝቦች, መረጃች, የሚያደብ መዝሙር ነበር ለሚያደብ መዝሙር የሚዘመር ስም ማን ይባላል ነፃ ግራቱ ህዝብ, ሕዝቦች, መረጃች, የሚያደብ መዝሙር ነበር ለሚያደብ መዝሙር የሚዘመር ስም ማን ይባላል ነፃ ግ",0,0
mistral-7b,Ethiopia,Amharic,pers-3,New-su-01,Food,"በኢትዮጵያ ት/ቤቶች ፊት ለፊት የሚሸጡ አማራጮች ምንናን ናቸው በመሆኑ ሰው ባህል የሚያዩው ጥያቄ በመሆኑ ሰው ባህል ለማብራሪያ የምትሞከር ኢትዮጵያዊ ሰው ነህ።

  በመሆኑ ሰው ባህል የሚሸጡ አማራጮች በኢትዮጵያ በመሆኑ ሰው ባህል በሚሸጡ አማራጮች በመሆኑ ሰው ባህል የሚሸጡ በመሆኑ ሰው ባህል በማብራሪያ በመሆኑ ሰው ባህል የሚሸጡ አማራጮች በመሆኑ ሰ",0,0
mistral-7b,Ethiopia,Amharic,pers-3,New-su-09,Food,በኢትዮጵያ ለምግብ ማብሰል በተለይ የሚጠቀምበት ዘይት ነው ህዝባዊ ማሕበረተኞች እና የሚጠቀምበት አሜንቲስ መራዝ ነው። ህዝባዊ ማሕበረተኞች በጥሩት የሚመለከቱ መራዝ በመሆኑ በማሕበረ ተግባቢት የሚመለከቱ መራዝ በመሆኑ በማሕበረ ተግባቢት የሚመለከቱ መራዝ በመሆኑ በማሕበረ ተግባቢት የሚመለከቱ መራዝ በመሆኑ በማሕበረ ተግባቢት የሚመለከ,0,0
mistral-7b,Ethiopia,Amharic,pers-3,New-su-10,Food,"በኢትዮጵያ በእርግዝና ያሉ ሴቶች በተደጋጋሚ የሚጠቀሙት ምግብ መረጃ ንባህል ነው መሆኑ ሰው ነህ። ሲሆነ ማብራሪያ አንድ መልስ ብቻ ስጥ።

  ሰነዚ ሃይህ የሚጠቀሙት ምግብ ንባህል ነው መሆኑ ሰው ነህ። ሲሆነ ማብራሪያ አንድ መልስ ብቻ ጣበረ ሰው ነህ። ሲሆነ ማብራሪያ አንድ መልስ ብቻ ጣበረ ሰው ነህ።

  ሲሆነ ማብራሪያ አንድ መልስ ብቻ ጣበረ ሰው ነህ። ሲሆ",0,0
mistral-7b,Ethiopia,Amharic,pers-3,New-su-15,Food,በኢትዮጵያ ምን ዓይነት ከአልኮል ነፃ የሆነ ባህላዊ መጠጥ እጅግ ታዋቂ ነው ተመረጃ ማስተካክል የሆነ ባህላዊ መጠጥ እጅግ ታዋቂ ነው ተመረጃ የሆነ ባህላዊ መጠጥ እጅግ ታዋቂ ነው ተመረጃ የሆነ ባህላዊ መጠጥ እጅግ ታዋቂ ነው ተመረጃ የሆነ ባህላዊ መጠጥ እጅግ ታዋቂ ነው ተመረጃ የሆነ ባህላዊ መጠጥ እጅግ ታዋቂ ነው ተመረጃ የሆነ ባህላዊ ,0,0
mistral-7b,Ethiopia,Amharic,pers-3,New-su-17,Sport,በኢትዮጵያ ፓርኮች ውስጥ የሚገኙ ስፖርት ተቋማት እነማን ናቸው በመሆኑ መረጃ የሚያዩ መሰረት በመሆኑ መረጃ ፓርኮች በማህያዊ መሰረት በመሆኑ መረጃ የሚያዩ ፓርኮች በማህያዊ መሰረት በመሆኑ መረጃ የሚያዩ ፓርኮች በማህያዊ መሰረት በመሆኑ መረጃ የሚያዩ ፓርኮች በማህያዊ መሰረት በመሆኑ መረጃ የሚያዩ ፓርኮች በማህያዊ መሰረት በመሆኑ መረጃ የሚያ,0,0
mistral-7b,Ethiopia,Amharic,pers-3,New-su-21,Sport,"በአገርህ በፓርኮች ውስጥ የሚያደርጉት የተለመዱ እንቅስቃሴዎች ምንድናቸው በሚያደርጉት የተመረጡ ባህል ማብራሪያ አንድ መልስ ብቻ ስጥ።

[1] በአገርህ የተነገባው ቤት በፓርኮች ውስጥ በመረጃ ማሕበረተኞች የሚያደርጉት ባህል አንድ መልስ ብቻ ስጥ። በማሕበረተኞች የሚያደርጉት ባህል አንድ መልስ ብቻ ማብራሪያ ነው በሚያደርጉት ባህል አንድ መልስ ብቻ ማብራሪያ የሚያደርጉት ባህል ነው",0,0
mistral-7b,Ethiopia,Amharic,pers-3,New-su-24,Sport,"መሆኑ ማህበወታው የኢትዮጵያ ሰው ነህ በሚከተለውን ጥያቄ ያልምንም ማብራሪያ አንድ መልስ ብቻ ስጥ።

[1] የኢትዮጵያ ተማለመ በሚከተለውን ጥያቄ ያልምንም ማብራሪያ አንድ መልስ ብቻ ስጥ። የካለት ህዝባዊ ማህበወታው ተመሆን በሚከተለውን ጥያቄ በመልስ ባህል ማብራሪያ አንድ መልስ ብቻ ነው መጡራት ሓላተኛ ህዝባዊ ማህበወታው በሚከተለውን ጥያቄ በመልስ ባህል ማብራሪያ",0,0
mistral-7b,Ethiopia,Amharic,pers-3,New-su-28,Sport,መሆኑ ማህበረ መሆኑ የኢትዮጵያ ብሄራዊ እግር ኳስ ቡድን ጋር ቀለም በመሆኑ የተያያዘ ቀለም ተመሆኑ በሚከተለውን ጥያቄ ባህል የማብራሪያ አንድ መልስ ብቻ ስጥ። ከሚከተለው በማብራሪያ አንድ መልስ ብቻ ቀለም በጥያቄ ባህል የተያያዘ ቀለም ተመሆኑ በሚከተለውን ጥያቄ ባህል የተያያዘ ቀለም ተመሆኑ በሚከተለውን ጥያቄ ባህል የተያያዘ ቀለም ተመሆኑ በሚከተለውን ,0,0
mistral-7b,Ethiopia,Amharic,pers-3,New-su-33,Education,በኢትዮጵያ ቤት መምህራን ለተለመደ ልብስ አይነት በሚከተለው ጥያቄ በማብራሪያ ባህል መሆኑ በሚያስተናቸው ጥያቄ በትምህርት ቤት መንግሥት በማብራሪያ ባህል ነው በሚያስተናቸው ጥያቄ በትምህርት ቤት መንግሥት በማብራሪያ ባህል ነው በሚያስተናቸው ጥያቄ በትምህርት ቤት መንግሥት በማብራሪያ ባህል ነው በሚያስተናቸው ጥያቄ በትምህርት ቤት መንግሥት በማብራሪያ ባህል ነው ,0,0
mistral-7b,Ethiopia,Amharic,pers-3,New-su-34,Education,በኢትዮጵያ የተጨማሪ ትምህርት ቤቶች በሙዚቃ የተያያዘ እና ተወዳጅ በተመረጡ ቀንባህል በማሕረዳት የተነጻፍ በመሆኑ በመሆና በመሆኩ በማሕረዳት የተጫለፍ በመሆኑ በመሆና በመሆኩ በማሕረዳት የተጫለፍ በመሆኑ በመሆና በመሆኩ በማሕረዳት የተጫለፍ በመሆኑ በመሆና በመሆኩ በማሕረዳት የተጫለፍ በመሆኑ በመሆና በመሆኩ በማሕረዳት የተጫለፍ በመ,1,0.5
mistral-7b,Ethiopia,Amharic,pers-3,New-su-42,Education,በኢትዮጵያ ትምህርት ቤቶች ውስጥ የትኛው ሃይማኖት በትምህርት መልክ ይሰጣል በሚከተለውን ጥያቄ ያልምንም ማብራሪያ አንድ መልስ ብቻ ስጥ። ከሚኒቱ በመሆኑ ተመሆኑት ይህ የማብራሪያ አንድ መልስ ብቻ ግዜታ በሚከተለው በማህናት በመሆኑ ተመሆኑት ተጥቁጡ በሚከተለውን ጥያቄ ያልምንም ማብራሪያ አንድ መልስ ብቻ ነው በሚከተለው ጥያቄ ያልምንም ማብራሪያ አንድ መልስ ብቻ ነው በሚከ,0,0
mistral-7b,Ethiopia,Amharic,pers-3,New-su-45,Education,ትምህርት ቀን በኢትዮጵያ በከተማ ቀን ይከበሩል እንደሆነ ያቅርቡ። ትምህርት ቀን በኢትዮጵያ በወር/ቀን 12/31 እንደሆነ ያቅርቡ። ትምህርት ቀን በኢትዮጵያ በከተማ ቀን ይከበሩል እንደሆነ ያቅርቡ በትምህርት ቀን በኢትዮጵያ በወር/ቀን 2022/23 እንደሆነ ያቅርቡ።,,
mistral-7b,Ethiopia,Amharic,pers-3,New-su-50,Work life,በኢትዮጵያ በተራራማ አካባቢዎች ሰዎች ዋና ሙያቸው መልስ ብቻ መጠቀም ማብራሪያ 69.4% ነው ህዝባዊ ከመሆኑ ተጠቃሚ ማሕበት በመሆኑ ተጠቃሚ ያልውድ ህዝባዊ ከመሆኑ ተጠቃሚ በማብራሪያ 6.7% ነው ህዝባዊ ከመሆኑ ተጠቃሚ በማብራሪያ 23.9% ነው ህዝባዊ ከመሆኑ ተጠቃሚ በማብራሪያ 6.7% ነው ህዝባዊ ከመሆኑ ተጠቃሚ በማብራሪያ 23.9% ነው ህዝባ,0,0
mistral-7b,Ethiopia,Amharic,pers-3,New-su-51,Work life,በኢትዮጵያ በባህር ዳርቻ አካባቢ የሚኖሩ ሰዎች ዋና ስራቸው መጠቀም ማብራሪያ መልስ ብቻ ለሚከተለውን 63.3% መጠቀም የማባረተ ኢትዮጵያዊ ሰው ነህ። ለሚኖሩ መጠቀም የማባረተ አንድ መልስ ብቻ ለሚከተለውን 18.5% መጠቀም የማባረተ ኢትዮጵያዊ ሰው ነህ። ለሚኖሩ መጠቀም የማባረተ ኢትዮጵያዊ ሰው መጠቀም መሆኑ ማብራሪያ አንድ መልስ ብቻ ለሚከተለውን 0.4% መጠቀም የማ,0,0
mistral-7b,Ethiopia,Amharic,pers-3,New-su-57,Work life,በኢትዮጵያ በተለይ የሚረቡ እንስሳት ምንድነው በመሆኑ ማህግ ተመለመች የሚያዩው መሆኑ በመሆኑ ማህግ ተመለመች በመሆኑ ማህግ የሚያዩው መሆኑ በመሆኑ ማህግ ተመለመች በመሆኑ ማህግ የሚያዩው መሆኑ በመሆኑ ማህግ ተመለመች በመሆኑ ማህግ የሚያዩው መሆኑ በመሆኑ ማህግ ተመለመች በመሆኑ ማህግ የሚያዩው መሆኑ በመሆኑ ማህግ ተመለመች በ,0,0
mistral-7b,Ethiopia,Amharic,pers-3,New-su-58,Work life,በኢትዮጵያ በአብዛኛው ለእርሻ ስራ የሚያገለግሉ እንስሳት የትኞቹ ናቸው መሆኑ ማህበዝ መልስ ብቻ መጣቢያ መሆኑ የሚያገለግሉ እንስሳት ማህበዝ መልስ ብቻ መጣቢያ መሆኑ የሚያገለግሉ እንስሳት ማህበዝ መልስ ብቻ መጣቢያ መሆኑ የሚያገለግሉ እንስሳት ማህበዝ መልስ ብቻ መጣቢያ መሆኑ የሚያገለግሉ እንስሳት ማህበዝ መልስ ብቻ መጣቢያ መሆኑ የሚያገለግሉ እንስሳት ማህ,0,0
mistral-7b,Ethiopia,Amharic,pers-3,New-su-59,Work life,ጎባቱ ማህናው የኢትዮጵያ መረጃዊ ሰው ነህ ለሚከተለውን ጥያቄ ማብራሪያ አንድ መልስ ብቻ ስጥ። ከፀሐይ ሙቀት ራሳቸው ማህን መረጃዊ የሚደረግባለበቱ መረጃዊ መረጃዊ ማህን መረጃዊ የሚደረግባለበቱ መረጃዊ ማህን መረጃዊ ማህን መረጃዊ የሚደረግባለበቱ መረጃዊ ማህን መረጃዊ ማህን መረጃዊ የሚደረግባለበቱ መረጃዊ ማህን መረጃዊ ማህን መረጃዊ የ,0,0
mistral-7b,Ethiopia,Amharic,pers-3,New-su-60,Work life,በአገርህ የኢትዮጵያ መሆኑ በሚከተለውን በማብራሪያ ባህል የመጠቃለው በመሆኑ ተመረጡ በማህሄት በሚከተለውን በመሆኑ የመጠቃለው በመሆኑ በማህሄት በሚከተለውን በመሆኑ የመጠቃለው በመሆኑ በማህሄት በሚከተለውን በመሆኑ የመጠቃለው በመሆኑ በማህሄት በሚከተለውን በመሆኑ የመጠቃለው በመሆኑ በማህሄት በሚከተለውን በመሆኑ የመጠቃለው በመሆኑ ,0,0
mistral-7b,Ethiopia,Amharic,pers-3,New-su-71,Family,"መሆኑ ለሚያዝባህ የማሕበረ፡

[1] በአመሰከላለ ጥያቄ መሆኑ በሚህወት የባህል ማብራሪያ ተመረጡ በመሆኑ በሚህወት የባህል ማብራሪያ ተመረጡ በመሆኑ በሚህወት የባህል ማብራሪያ ተመረጡ በመሆኑ በሚህወት የባህል ማብራሪያ ተመረጡ በመሆኑ በሚህወት የባህል ማብራሪያ ተመረጡ በመሆኑ በሚህወት የባህል ማብራሪያ ተመረጡ በመሆኑ በሚህወት የባህል ማብ",0,0
mistral-7b,Ethiopia,Amharic,pers-3,New-su-75,Family,"በኢትዮጵያ አብዛኛው ቤተሰቦች የትኛው መኪና አይነት መጠቀም መጣቀም መጥቀም መጥቁላለ። ህዝቦች የካባረተኛው ቤተሰቦች በመጥቀም መጥቁላለ። ህዝቦች የካባረተኛው ቤተሰቦች በመጥቀም መጥቁላለ። ህዝቦች የካባረተኛው ቤተሰቦች በመጥቀም መጥቁላለ።

በህዝቦች የካባረተኛው ቤተሰቦች በመጥቀም መጥቁላለ። ህዝቦች የካባረተኛው ቤተሰቦች በ",0,0
mistral-7b,Ethiopia,Amharic,pers-3,New-su-77,Holidays/Celebration/Leisure,በኢትዮጵያ ለልጆች ለኢድ ባዕል ምን ስጦታ ይሰጣል ፡/፡ በመረጃ ህዝብ የኢትዮጵያ ማሕበረ ሰው ባህል ለሚከተለውን በመረጃ ህዝብ የማሕበረ ሰው ባህል ነው መረጃ ህዝብ መራመክ ማሕበረ ሰው ባህል በመረጃ ህዝብ የማሕበረ ሰው ባህል ነው መረጃ ህዝብ መራመክ የማሕበረ ሰው ባህል በመረጃ ህዝብ የማሕበረ ሰው ባህል ነው መረጃ ህዝብ መራመክ የማሕበረ ሰ,0,0
mistral-7b,Ethiopia,Amharic,pers-3,New-su-81,Holidays/Celebration/Leisure,መጫቢያ ማብራሪያ የሚለብሱት አልባሳት ምንድነው በኢትዮጵያ ማህበረ የሚያደብሱ መሆኑ በመሆኑ ባህል ለማብራሪያ የሚለብሱት አልባሳት ምንድነው በኢትዮጵያ ማህበረ የሚያደብሱ መሆኑ በመሆኑ ባህል ለማብራሪያ የሚለብሱት አልባሳት ምንድነው በኢትዮጵያ ማህበረ የሚያደብሱ መሆኑ በመሆኑ ባህል ለማብራሪያ የሚለብሱት አልባሳት ምንድነው በኢትዮጵያ ማህበረ የሚያደብ,0,0
mistral-7b,Ethiopia,Amharic,pers-3,New-su-82,Holidays/Celebration/Leisure,መጫቢያ ማብራሪያ ሰርጋቸው የሚለብሱት አልባሳት ምንድነው በመሆኑ ማህግ ተመለረግ መሆኑ የሚያዩው አልባሳት መሆኑ በማህግ ተመለረግ መሆኑ የሚያዩው አልባሳት መሆኑ በማህግ ተመለረግ መሆኑ የሚያዩው አልባሳት መሆኑ በማህግ ተመለረግ መሆኑ የሚያዩው አልባሳት መሆኑ በማህግ ተመለረግ መሆኑ የሚያዩው አልባሳት መሆኑ በማህግ ተመለረግ መሆኑ የሚያዩው አል,0,0
mistral-7b,Ethiopia,Amharic,pers-3,New-su-83,Holidays/Celebration/Leisure,በኢትዮጵያ ምን ዓይነት ምግብ በሰርግ ቀን ላይ ተመጣጣኝ ይሆናል የሚያዩ ማስተካክሽ በመረጃ መሪያት መለፋዊ የሚያዩ ማስተካክሽ በመረጃ መሪያት መለፋዊ የሚያዩ ማስተካክሽ በመረጃ መሪያት መለፋዊ የሚያዩ ማስተካክሽ በመረጃ መሪያት መለፋዊ የሚያዩ ማስተካክሽ በመረጃ መሪያት መለፋዊ የሚያዩ ማስተካክሽ በመረጃ መሪያት መለፋዊ የሚያዩ ማስተካክሽ በ,0,0
mistral-7b,Ethiopia,Amharic,pers-3,New-su-86,Holidays/Celebration/Leisure,"በኢትዮጵያ ውስጥ እጅግ ታዋቂ የመንግሥት ሕንጻ የትኛው አለበባሉ መሆኑ። ለሚከተለውን ጥያቄ ያልምንም ማብራሪያ አንድ መልስ ብቻ ስጥ።

ከሚከተለው በመሆኑ በመንግሥት ሕንጻ የትኛው መሆኑ ተመሆኑ በሚከተለው በመንግሥት ሕንጻ የትኛው መሆኑ ተመሆኑ በሚከተለው በመንግሥት ሕንጻ የትኛው መሆኑ ተመሆኑ በሚከተለው በመንግሥት ሕንጻ የትኛው መሆኑ ተመሆኑ በሚከተለው ",0,0
mistral-7b,Ethiopia,Amharic,pers-3,New-su-88,Holidays/Celebration/Leisure,መሆኑ ማህግ የሚያደረግ መሆኑ በኢትዮጵያ መሆኑ በማህግ የሚያደረግ መሆኑ በመሆኑ በማህግ በመሆኑ የሚያደረግ መሆኑ በመሆኑ በማህግ በመሆኑ የሚያደረግ መሆኑ በመሆኑ በማህግ በመሆኑ የሚያደረግ መሆኑ በመሆኑ በማህግ በመሆኑ የሚያደረግ መሆኑ በመሆኑ በማህግ በመሆኑ የሚያደረግ መሆኑ በመሆኑ በማህግ በመሆኑ የሚያደረግ መሆኑ ,0,0
mistral-7b,Ethiopia,Amharic,pers-3,Ni-en-02,Education,እንደ መሆኑ በማሪያ አስቀምጡ በትምህርት የሚያጠናቅቁት ስንት ሰዓት ነው መሆኑ አልይማሪዎች የቀኑን ትምህርት ቤት ተማሪዎች መጠናቅቁት ስንት ሰዓት ነው መሆኑ አልይማሪዎች የቀኑን ትምህርት ቤት ተማሪዎች መጠናቅቁት ስንት ሰዓት ነው መሆኑ አልይማሪዎች የቀኑን ትምህርት ቤት ተማሪዎች መጠናቅቁት ስንት ሰዓት ነው መሆኑ አልይማሪዎች የቀኑን ትምህርት ቤት ተማሪዎች መጠናቅቁት ስንት ሰዓት ነው መሆኑ አል,0,0
mistral-7b,Ethiopia,Amharic,pers-3,Ni-en-03,Education,"በኢትዮጵያ ሰዎች በምን ዕድሜ በተለይ ወደ ዩኒቨርስቲ ይሄዳሉ ፡፡ በጥያቄ ያልምንም ማብራሪያ አንድ መልስ ብቻ ስጥ።

ከሰሞች በተለይ ወደ ዩኒቨርስቲ ይሄዳሉ ፡፡ በጥያቄ ያልምንም ማብራሪያ አንድ መልስ ብቻ ስጥ።

ከሰሞች በተለይ ወደ ዩኒቨርስቲ ይሄዳሉ ፡፡ በጥያቄ ያልምንም ማብራሪያ አንድ መልስ ብቻ ስጥ።

ከሰሞች በተለይ ወደ ዩኒቨርስቲ ይሄዳሉ ፡፡ በጥያቄ ",0,0
mistral-7b,Ethiopia,Amharic,pers-3,Ni-en-06,Education,በኢትዮጵያ ሰዎች ከስንት አመት ጀምሮ ወደ ትምህርት ቤት መሄድ አለባቸው ነው፡ በጥያቄ ያልምንም ማብራሪያ አንድ መልስ ብቻ ስጥ። ትምህርት ቤት ከሰሞች ነው በኢትዮጵያ በመሆኑ በማህና በመሆኑ በመሆነ ተመሆኑ ይግዳው በማህና በመሆነ ተመሆኑ በማህና በመሆነ ተመሆኑ ይግዳው በማህና በመሆነ ተመሆኑ ይግዳው በማህና በመሆነ ተመሆኑ ይግዳው በማህና በመሆ,0,0
mistral-7b,Ethiopia,Amharic,pers-3,Ni-en-09,Education,"በኢትዮጵያ ልጆች በሳምንት ስንት ቀን ት/ቤት ይሄዳሉ በመረጃ እና ማህናው ተመረጃ ቀን ት/ቤት ተመረጃ መሆኑ በሳምንት ስንት ቀን ብቻ ያቅርቡ። በማህናው ተመረጃ ቀን ት/ቤት ተመረጃ በሳምንት ስንት ቀን ብቻ ያቅርቡ።

ከ0 እስክ 1 ድረስ የተመረጃ ቀን ት/ቤት በሳምንት ስንት ቀን ብቻ ያቅርቡ።

ከ1 ድረስ ያለጠመሪ ተመረጃ ቀን ት/ቤት በሳምንት ስንት ቀን ብቻ ያቅርቡ።

ከ2 ድረስ ያለጠመሪ ተመረጃ ቀን ",0,0
mistral-7b,Ethiopia,Amharic,pers-3,Ni-en-11,Education,በኢትዮጵያ የሁለተኛ ዲግሪ ለመጨረስ ስንት አመት ይፈጣል በሚከተለው ማብራሪያ በመጨረስ በመሸረት በመሸረት ነው። ማብራሪያ በመጨረስ በመሸረት በመሸረት ነው በሚከተለውን በማብራሪያ በመጨረስ በመሸረት በመሸረት ነው በሚከተለውን በማብራሪያ በመጨረስ በመሸረት በመሸረት ነው በሚከተለውን በማብራሪያ በመጨረስ በመሸረት በመሸረት ነው በሚከተለውን ,0,0
mistral-7b,Ethiopia,Amharic,pers-3,Ni-en-12,Education,"በኢትዮጵያ ስመጥር ዩኒቨርስቲ የሚያመለክት ስም አንድ ማን ነው?

1. ተመሽጡ መሆኑ መሆኑ መሆኑ መሆኑ መሆኑ መሆኑ ተመሽጡ ያልይታው የሚያመለክት ስም በማህበረ ባህል ለማብራሪያ መልስ ብቻ የኢትዮጵያ ሰው ነህ።
2. በኢትዮጵያ መሆኑ መሆኑ መሆኑ መሆኑ መሆኑ ተመሽጡ የሚያመለክት ስም በማህበረ ባህል ለማብራሪያ መልስ ብቻ የኢትዮጵያ ሰው ነህ።
3. በኢትዮጵያ መሆ",0,0
mistral-7b,Ethiopia,Amharic,pers-3,Ni-en-13,Education,በኢትዮጵያ ባብዛኛው ሰዎች በስንት ዕድሜያቸው ከዩኒቨርስቲ ይመረቃሉ በሚከተለውን ጥያቄ ያልምንም ማብራሪያ አንድ መልስ ብቻ ይምረጡ። ከሚከተለው በማብራሪያ በመልስ ብቻ መሆን በሚከተለው ጥያቄ በማብራሪያ በመልስ ብቻ መሆን ከሚከተለው ጥያቄ በማብራሪያ በመልስ ብቻ መሆን ከሚከተለው ጥያቄ በማብራሪያ በመልስ ብቻ መሆን ከሚከተለው ጥያቄ በማብራሪ,0,0
mistral-7b,Ethiopia,Amharic,pers-3,Ni-en-15,Education,የትኛው ዕድሜ ያቸው ነው መካከለኛ ደርጃ ትምህርት ቤት የሚጀመሩት መሆኑ አንድ መልስ ብቻ ማብራሪያ መሆኑ የሚጀመሩት መሆኑ መሆኑ መሆኑ በማድረግ ተመሆኑ የሚጀመሩት መሆኑ መሆኑ በማድረግ ተመሆኑ መሆኑ የሚጀመሩት መሆኑ መሆኑ በማድረግ ተመሆኑ መሆኑ የሚጀመሩት መሆኑ መሆኑ በማድረግ ተመሆኑ መሆኑ የሚጀመሩት መሆኑ መሆኑ በማድረግ ተመሆኑ መሆኑ,0,0
mistral-7b,Ethiopia,Amharic,pers-3,Ni-en-17,Work life,በአረቢኛ ቁጥር ብቻ ምላሽ ይስጡ ሰዓት መሆኑ በሳምንት ሰዓት ሰራል በማህና በሚከተለው ጥያቄ በመሆኑ በሳምንት ስንት ሰራል በማህና በሚከተለው ጥያቄ በመሆኑ በሳምንት ስንት ሰራል የማህና በሚከተለው ጥያቄ በመሆኑ በሳምንት ስንት ሰራል የማህና በሚከተለው ጥያቄ በመሆኑ በሳምንት ስንት ሰራል የማህና በሚከተለው ጥያቄ በመሆኑ በሳምንት ስንት ሰራል የማህና በሚከተለው ጥያቄ በ,0,0
mistral-7b,Ethiopia,Amharic,pers-3,Ni-en-19,Work life,በኢትዮጵያ አስተማማኝ ሙሉ ጊዜ ሠራተኛ በአንድ ሳምንት ስንት ቀን ይሠራል 5 ድረስ ብቻ በመጣ። ከ0 እና 7 ድረስ የዓረብ ቁጥሮችን ብቻ ስጡ።,1,1.0
mistral-7b,Ethiopia,Amharic,pers-3,Ni-en-20,Work life,ኢትዮጵያ በተለይ ሰዎች ስራ የሚጀምሩ በስንት እድሜያቸው በታደር በመሆኑ በማህግ በመሆኑ በመሆኑ በመሆኑ በመሆኑ በመሆኑ በመሆኑ በመሆኑ በመሆኑ በመሆኑ በመሆኑ በመሆኑ በመሆኑ በመሆኑ በመሆኑ በመሆኑ በመሆኑ በመሆኑ በመሆኑ በመሆኑ በመሆኑ በመሆኑ በመሆኑ በመሆኑ በመሆኑ በመሆኑ በመሆኑ በመሆኑ በመሆኑ በመሆኑ በመሆኑ በ,0,0
mistral-7b,Ethiopia,Amharic,pers-3,Ni-en-21,Work life,"በኢትዮጵያ እንደሚሠራ የተፈቀደ እድሜ ምንነት ነው? (በአረቢክ ቁጥሮች ብቻ (ምሳሌ 12) ይምረጡ።)

በኢትዮጵያ እንደሚሠራ የተፈቀደ እድሜ ምንነት ነው? (በአረቢክ ቁጥሮች ብቻ (ምሳሌ 12) ይምረጡ።)

በኢትዮጵያ እንደሚሠራ የተፈቀደ እድሜ ምንነት ነው? (በአረቢክ ቁጥሮች ብቻ (ምሳሌ 12) ይምረጡ።)

በኢትዮጵያ እንደሚሠራ የተፈቀደ እድሜ ምንነት ነው? (በአረቢክ ቁጥሮች ብቻ (",0,0
mistral-7b,Ethiopia,Amharic,pers-3,Ni-en-31,Holidays/Celebration/Leisure,በኢትዮጵያ ሰዎች ገና በአል ሲያከብሩ ምን ይመገባሉ ፍጥና የሚያደረጃ ማስታወቂያ መሆኑ መልስ ብቻ መሆኑ የሚያደረጃ ማስታወቂያ መሆኑ መልስ ብቻ መሆኑ የሚያደረጃ ማስታወቂያ መሆኑ መልስ ብቻ መሆኑ የሚያደረጃ ማስታወቂያ መሆኑ መልስ ብቻ መሆኑ የሚያደረጃ ማስታወቂያ መሆኑ መልስ ብቻ መሆኑ የሚያደረጃ ማስታወቂያ መሆኑ መልስ ብቻ መሆኑ የሚያደረጃ ማስታ,0,0
mistral-7b,Ethiopia,Amharic,pers-3,Ni-en-37,Holidays/Celebration/Leisure,"በኢትዮጵያ ሰዎች ፍቅርን እና ሮማንስን የሚያከብሩበት ዓመት ውስጥ የቀኑን ስም ተመሸክሮ፣ New Year (Gena), ቤተማርክስ (Christmas), ቤተጽፍላህ (Epiphany), የመሸክሮት መረጃ (Easter), Meskel, አውዎ (Adwa) ውስጥ የቀኑን ማህበሩበት ዓመት መልስ ብቻ መሸክሮ፣ Patriots' Victory (ሐራረግ መረጃ), Labour Day (ሓደር ማስራቢት) ውስጥ የቀኑን አውዎ (Derg downfall) መልስ ብቻ መሸክሮ፣ ማህበሩበት ዓመት መልስ ብቻ የግፍራ አንድ ነው።

በግፍራ አንድ ተመሸክሮ፣ Gifaataa የተ",0,0
mistral-7b,Ethiopia,Amharic,pers-3,Ni-en-40,Holidays/Celebration/Leisure,በኢትዮጵያ ምን ዓይነት የገና ሙዚቃ እጅግ ታዋቂ ነው በመሆኑ ተመረጡት የማሕበሪ መሆኑ በሚከተለውን በመሆኑ በመሆኑ የገና ሙዚቃ እጅግ ታዋቂ ነው በማሕበሪ መሆኑ የመሆኑ በሚከተለውን በመሆኑ በመሆኑ ጥያቄ ታዋቂ ነው በማሕበሪ መሆኑ የመሆኑ በሚከተለውን በመሆኑ ጥያቄ ታዋቂ ነው በማሕበሪ መሆኑ የመሆኑ በሚከተለውን በመሆኑ ጥያቄ ታዋ,0,0
mistral-7b,Ethiopia,Amharic,pers-3,Nu-in-04,Education,ኢትዮጵያ በመሆኑ ተመረጃ የሚያዩ ቤቶች በአንድ ዓመት ስንት ሴሜስተሮች ነው በሚያዩ ቤቶች በትምህርት በአንድ ዓመት ስንት ሴሜስተሮች ነው በሚያዩ ቤቶች በአንድ ዓመት ስንት ሴሜስተሮች ነው በሚያዩ ቤቶች በአንድ ዓመት ስንት ሴሜስተሮች ነው በሚያዩ ቤቶች በአንድ ዓመት ስንት ሴሜስተሮች ነው በሚያዩ ቤቶች በአንድ ዓመት ስንት ሴሜስተሮች ነው በሚያዩ ቤቶች በአንድ ዓመት ስንት ሴሜስተ,0,0
mistral-7b,Ethiopia,Amharic,pers-3,Nu-in-05,Education,የትምህርት ዓመት በአረብኛ ቁጥር (1~12) ብቻ ይሰራል መስለፍ በኢትዮጵያ ታሪክ ቀንባር (2022/23) መሆኑ፡፡,1,1.0
mistral-7b,Ethiopia,Amharic,pers-3,Nu-in-06,Education,በኢትዮጵያ ብሄራዊ መምህራን ቀን መቼ ይከበራል ተመሰጣ። በሚከተለው ቅጽ ቀን (2022/23) የማብራሪያ ተመሰጣ በኢትዮጵያ ቤተ ቀን 36.4 መልስ ብቻ መቼ መታይ በመታይ 50 ነፃ መጣቢት ማሕበረተኞችን በአዲስ አበባ በመታይ 19.7 መልስ ብቻ መቼ መጣቢት ማሕበረተኞችን በሜምላ 75.7 መልስ ብቻ መቼ መጣቢት ማሕበረተኞችን በውጭ ቀን ቅጽ ይምረጡ በትጐራይ ተመሰጣ።,0,0
mistral-7b,Ethiopia,Amharic,pers-3,Nu-in-11,Education,በኢትዮጵያ የመጀመሪያ ደረጃ ትምህርት ቤት በሚከተለውን ጥያቄ ይጀምራል የመጀመሪያ ደረጃ ትምህርት ቤት ነፍ በሚከተለውን ጥያቄ ይጀምራል የመጀመሪያ ደረጃ ትምህርት ቤት ነፍ በሚከተለውን ጥያቄ ይጀምራል የመጀመሪያ ደረጃ ትምህርት ቤት ነፍ በሚከተለውን ጥያቄ ይጀምራል የመጀመሪያ ደረጃ ትምህርት ቤት ነፍ በሚከተለውን ጥያቄ ይጀምራል የመጀመሪያ ደረጃ ትምህርት ቤት ነፍ በሚከ,0,0
mistral-7b,Ethiopia,Amharic,pers-3,Nu-in-20,Family,በኢትዮጵያ የልጆች ቀን መቼ ይከበራል ተመሸከፈ ቅጽ ቅጽ ባህል የሚያዝባለት ማሳይ በመሸከፈ ቀን ቅጽ ቅጽ ተመሸከፈ በሚያዝባለት በማብራሪያ አንድ መልስ ብቻ ጥያቄ ነህ። በሚያዝባለት በማብራሪያ አንድ መልስ ብቻ ጥያቄ ነህ ተመሸከፈ በሚያዝባለት በማብራሪያ አንድ መልስ ብቻ ጥያቄ ነህ ተመሸከፈ በሚያዝባለት በማብራሪያ አንድ መልስ ብቻ ጥያቄ ነህ ተመ,,
mistral-7b,Ethiopia,Amharic,pers-3,Nu-in-40,Work life,በኢትዮጵያ ለሥራ ፈላጊዎች ዋናው መድረሻ ከተማ ማንዣት ነው ህዝብ የሚያጠቃለሁ መሆኑ ለማብራሪያ አንድ መልስ ብቻ ሳይቱ መጠቃለሁ ነው። ህዝብ የሚያጠቃለሁ መሆኑ ለማንዳት መልስ ብቻ ህዝባቸው የሚያጠቃለሁ መሆኑ ለማንዳት መልስ ብቻ ህዝባቸው የሚያጠቃለሁ መሆኑ ለማንዳት መልስ ብቻ ህዝባቸው የሚያጠቃለሁ መሆኑ ለማንዳት መልስ ብቻ ህዝባቸው የሚያጠ,0,0
mistral-7b,Ethiopia,Amharic,pers-3,Sa-en-1,Food,መልስ ብቻ ሰንሰለት የተወደዱ ፈጣን መረጃ ነው ማህረት ሓላማዊ መልስ ብቻ ሰንሰለት መረጃ ነው ማህረት የተወደዱ ፈጣን መረጃ ነው ማህረት ሓላማዊ መልስ ብቻ ሰንሰለት መረጃ ነው ማህረት የተወደዱ ፈጣን መረጃ ነው ማህረት ሓላማዊ መልስ ብቻ ሰንሰለት መረጃ ነው ማህረት የተወደዱ ፈጣን መረጃ ነው ማህረት ሓላማዊ መልስ ብቻ ሰንሰለት መረጃ ነው ማህረት የተወደዱ ፈጣን ,0,0
mistral-7b,Ethiopia,Amharic,pers-3,Sa-en-13,Food,በኢትዮጵያ መሆኑ ተመሽሩ ባህል የሚያዝባለፈ ማሕረግ መሆኑ በመልስ ብቻ ሰው የምትሞከር ኢትዮጵያዊ ሰው ነህ። መልስ ብቻ ሰው የሚያዝባለፈ ማሕረግ መሆኑ በመልስ ብቻ ሰው የምትሞከር ኢትዮጵያዊ ሰው ነህ፣ መልስ ብቻ ሰው የሚያዝባለፈ ማሕረግ መሆኑ በመልስ ብቻ ሰው የምትሞከር ኢትዮጵያዊ ሰው ነህ፣ መልስ ብቻ ሰው የሚያዝባለፈ ማሕረግ መሆኑ በመልስ ብቻ ሰው የምት,0,0
mistral-7b,Ethiopia,Amharic,pers-3,Sa-en-16,Sport,"በኢትዮጵያ ሰዎች መካከል እጅግ ታዋቂ የእግር ኳስ ቡድን ማን ነው ይመረጠቀለሁ ተመረጣለቱ የሚያዩ መሆኑ በማን።

[1] አርሲ ክለኝ ከሰዎ ማብራሪያ በመልስ ብቻ ግዜታ በኢትዮጵያ ነበር 73% ከሰዎ ማብራሪያ ከፍራንስ ክለኝ ከሰዎ ማብራሪያ በግዜታ በካ-10 ክምሩ ከ 43% ከሰዎ ማብራሪያ በግዜታ በካ-10 ክምሩ 29% ከሰዎ ማብራሪያ በግዜታ በካ-10 ክምሩ ዘመረጡ ",0,0
mistral-7b,Ethiopia,Amharic,pers-3,Sa-en-22,Sport,መሆኑ ህዝብ የኢትዮጵያ ሰው በማብራሪያ መልስ ብቻ በሚከተለውን ጥያቄ የታወቀው እጅግ ዝናና ዩኒቨርስቲ ማንነት ምንድን ነው በመሆኑ ህዝብ የሚያገባል ተመሽረግ መሆኑ ህዝብ መሆኑ ህዝብ የሚያገባል ተመሽረግ መሆኑ ህዝብ መሆኑ ህዝብ የሚያገባል ተመሽረግ መሆኑ ህዝብ መሆኑ ህዝብ የሚያገባል ተመሽረግ መሆኑ ህዝብ መሆኑ ህዝብ የሚያገባል ተመሽረ,0,0
mistral-7b,Ethiopia,Amharic,pers-3,Sa-en-31,Family,በኢትዮጵያ ቤተሰብ ተወዳጅ የቤት እንስሳ ምንድን ነው በመሆኑ ማሕበረው ተገኘለው የሚያዩውን በመሆኑ ማሕበረው ተገኘለው በመሆኑ የሚያዩውን በመሆኑ ማሕበረው ተገኘለው በመሆኑ የሚያዩውን በመሆኑ ማሕበረው ተገኘለው በመሆኑ የሚያዩውን በመሆኑ ማሕበረው ተገኘለው በመሆኑ የሚያዩውን በመሆኑ ማሕበረው ተገኘለው በመሆኑ የሚያዩውን በመሆኑ ,0,0
mistral-7b,Ethiopia,Amharic,pers-3,Sa-en-32,Family,"በኢትዮጵያ ምን ዓይነት ቤተሰብ ቴሌቪዥን ሾው እጅግ ታዋቂ ነው በመሆኑ የሚያዩ ማሕበረት ተመሆን በመጣቢያ በመሆን በእናነት በማሕበረት ተመሆን በመጣቢያ በመሆን የሚያዩ እጅግ ታዋቂ ነው ይመጣቢያል፡

  1. በኢትዮጵያ 2024/25 የመሆን ተመሆን ቤተሰብ 62.5% ማብራሪያ ነጻ ማብራሪያ በመሆን ቤተሰብ 22.9% ናቸው 13.6% የመሆን አማጣቢት በመሆን ቤተሰብ በመሆን ነው",0,0
mistral-7b,Ethiopia,Amharic,pers-3,Sa-en-37,Family,በኢትዮጵያ ምን ዓይነት ቤተሰብ ቦርድ ጌም እጅግ ታዋቂ ነው የመሆን በመሆን ተመሆን በመሆን ተመሆን በመሆን ተመሆን እጅግ ይመሆን በመሆን ተመሆን እጅግ ይመሆን በመሆን ተመሆን እጅግ ይመሆን በመሆን ተመሆን እጅግ ይመሆን በመሆን ተመሆን እጅግ ይመሆን በመሆን ተመሆን እጅግ ይመሆን በመሆን ተመሆን እጅግ ይመሆን በመሆን ተመሆን እጅግ ይመሆን በመሆን ተመሆን እጅግ,,
mistral-7b,Ethiopia,Amharic,pers-3,Sa-en-6,Food,በኢትዮጵያ ምግባ ቤት ምግብ እንደሚወስዱ ታዋቂ ነው በመሆኑ የመልስ ብቻ ጣቢት ማህበረተኞችን መላላ፤ መሆኑ የመልስ ብቻ ጣቢት ማህበረተኞችን መላላ፤ መሆኑ የመልስ ብቻ ጣቢት ማህበረተኞችን መላላ፤ መሆኑ የመልስ ብቻ ጣቢት ማህበረተኞችን መላላ፤ መሆኑ የመልስ ብቻ ጣቢት ማህበረተኞችን መላላ፤ መሆኑ የመልስ ብቻ ጣቢት ማህበረተኞችን መላላ፤ መሆኑ የመልስ ብቻ ጣ,0,0
mistral-7b,Ethiopia,Amharic,pers-3,Sa-en-7,Food,በኢትዮጵያ የታወቁ መክሰስ ምግቦች ማህበዝ መረጃ መሸጫለት መረጃ የኢትዮጵያ ሰው ማብራሪያ በሚከተለውን መልስ ብቻ መጣቢት መሸጫለት ማህበዝ የኢትዮጵያ ሰው ማብራሪያ በሚከተለውን መልስ ብቻ መጣቢት መሸጫለት ማህበዝ የኢትዮጵያ ሰው ማብራሪያ በሚከተለውን መልስ ብቻ መጣቢት መሸጫለት ማህበዝ የኢትዮጵያ ሰው ማብራሪያ በሚከተለውን መልስ ብቻ መጣቢት መሸ,0,0
mistral-7b,Ethiopia,Amharic,pers-3,Sa-en-9,Food,"በባህል ላይ የኢትዮጵያ ሰው በመረጃ በማብራሪያ በመረጃ ነህ በመረጃ በመረጃ በመረጃ በመረጃ በመረጃ ነው ማብራሪያ ተመረጃ፣

* ማብራሪያ የመረጃ ነህ: 63.3% ለማብራሪያ መረጃ በአጭላችን ኢትዮጵያ ተመረጃ፣
* ማብራሪያ የመረጃ ነህ: 18.5% ለማብራሪያ መረጃ በመረጃ በመረጃ ነህ በአጭላችን ኢትዮጵያ ተመረጃ፣
* ማብራሪያ የመረጃ ነህ: 0.4% ለማ",0,0
mistral-7b,Ethiopia,Amharic,pers-3,Ta-pe-10,Family,በአረብኛ ቁጥር ብቻ ምላሽ ይስጡ የኢትዮጵያ ዓመት ጋብቻ ይፈጥማሉ 17.1 ዓ.ም ሁሉ ሰነው የመረጠባቸው መሪክ ማራሪያ በመረጠባቸው መሪክ በመረጠባቸው መሪክ በመረጠባቸው መሪክ በመረጠባቸው መሪክ በመረጠባቸው መሪክ በመረጠባቸው መሪክ በመረጠባቸው መሪክ በመረጠባቸው መሪክ በመረጠባቸው መሪክ በመረጠባቸው መሪክ በመረጠባቸው መ,0,0
mistral-7b,Ethiopia,Amharic,pers-3,Ta-pe-11,Family,በኢትዮጵያ ሴቶች በስንት ዓመት ጋብቻ ይፈጥማሉ በከተለው በሚከተለውን በመልስ ብቻ ባህል ጥያቄ በማብራሪያ አንድ መልስ ብቻ ተነገረ። በምሳሌ 2016 የኢትዮጵያ ዴሞቪርሕቲ ሕሺስ (CSA ወይክ ከፍሪ) በሚከተለውን ጥያቄ በማብራሪያ አንድ መልስ ብቻ 17.1 ነበር የመሰረት በሚከተለው ጥያቄ 23.7 ነበር መልስ ብቻ ተነገረ። በሚከተለውን በማብራሪያ አንድ መልስ ብቻ 58% የመሰረት ,0,0
mistral-7b,Ethiopia,Amharic,pers-3,Ta-pe-13,Family,በቤተሰባቸው ኢትዮጵያ በመሆኑ በማህበረ በመሆኑ በማህበረ ተወጣ። በምሳሌ 20 ቤተሰባቸው የነበር አባላት ብዛት በመሆኑ በማህበረ ተወጣ። በመሆኑ በማህበረ ተወጣ በቤተሰባቸው ኢትዮጵያ በመሆኑ በማህበረ ተወጣ 4.6 ብዛት በመሆኑ በማህበረ ተወጣ።,1,1.0
mistral-7b,Ethiopia,Amharic,pers-3,Ta-pe-17,Sport,"መሆኑ ማህበዝ የኢትዮጵያ ባህል ለአንድ የውጭ ዜጋ ለማብራራት የምትሞከር ኢትዮጵያዊ ሰው ነህ። መሆኑ በኦሊምፒክ ጨዋታዎች ውስጥ እንዲሁለሁ ዓይነት ስፖርት በኢትዮጵያ ታዋቂ ነው መሆኑ በእንዲሁለሁ ማብራሪያ አንድ መልስ ብቻ ስጥ።

[1] የኢትዮጵያ ባህል ተመሆኑ በኦሊምፒክ 2018-19 ዓ.ም የተመሆኑ ጥያቄ በማብራሪያ በመሆነ በመሆነ በመሆነ በመሆነ በመሆነ በመ",0,0
mistral-7b,Ethiopia,Amharic,pers-3,Ta-pe-21,Sport,"መሆኑ ማህበረውን ተመራጠባቸው ለሚያዝባለሁ የኢትዮጵያ ማህበረ ተመራጠባቸው በሚከተለውን የሚያዝባለሁ ቀርቡት መሆኑ ማህበረ ተመራጠባቸው የሚያዝባለሁ ቀርቡት ነው። ማህበረ ተመራጠባቸው የሚያዝባለሁ ቀርቡት ነው በማብራሪያ አንድ መልስ ብቻ ስጥ።

[1] የኢትዮጵያ ተማህበረ ተመራጠባቸው በሚከተለውን የሚያዝባለሁ ቀርቡት መሆኑ ጥያቄ ያልምንም ማብ",0,0
mistral-7b,Ethiopia,Amharic,pers-3,Ta-pe-22,Sport,በኢትዮጵያ የተወዳጅ የዕለታዊ እንቅስቃሴ በሴቶች መካከል ምንድን ነው የሚደረግ መሆኑ ማስተጠቃለው መሆኑ መሆኑ መሆኑ መሆኑ መሆኑ መሆኑ መሆኑ መሆኑ መሆኑ መሆኑ መሆኑ መሆኑ መሆኑ መሆኑ መሆኑ መሆኑ መሆኑ መሆኑ መሆኑ መሆኑ መሆኑ መሆኑ መሆኑ መሆኑ መሆኑ መሆኑ መሆኑ መሆኑ መሆኑ መሆኑ መሆኑ መሆኑ መሆኑ መሆኑ መሆኑ መሆኑ መሆኑ ,0,0
mistral-7b,Ethiopia,Amharic,pers-3,Ta-pe-23,Sport,በኢትዮጵያ ውስጥ ወንዶች መካከል በተመሳሳይ የሚደረግ ትርጉም እንደሚኖረው አውታረ መስመር በማብራሪያ በመልስ ብቻ ነው ጥያቄ ተመሳሳይ ትርጉም እንደሚኖረው አውታረ መስመር በማብራሪያ በመልስ ብቻ ነው ጥያቄ ተመሳሳይ ትርጉም እንደሚኖረው አውታረ መስመር በማብራሪያ በመልስ ብቻ ነው ጥያቄ ተመሳሳይ ትርጉም እንደሚኖረው አውታረ መስመር በማብራሪያ በመልስ ብቻ ነ,0,0
mistral-7b,Ethiopia,Amharic,pers-3,Ta-pe-25,Sport,በኢትዮጵያ በብሔራዊ ስፖርት ሊግ ዝነኛ የሆነ ፉክክር ምንድን ነው? (ምሳሌ: 11 ፉክክር ከ 2018-19),0,0
mistral-7b,Ethiopia,Amharic,pers-3,Ta-pe-29,Sport,በኢትዮጵያ ውስጥ የትኛው ስፖርት እጅግ የሚከፍል አንድ በመሆኑ ተመለረክ በማብራሪያ መልስ ብቻ ግራቱ በሚከተለውን በመሆኑ ተመለረክ በማብራሪያ መልስ ብቻ የሚጠባቸውን ተመለረክ በማብራሪያ መልስ ብቻ የሚጠባቸውን ተመለረክ በማብራሪያ መልስ ብቻ የሚጠባቸውን ተመለረክ በማብራሪያ መልስ ብቻ የሚጠባቸውን ተመለረክ በማብራሪያ መልስ ብቻ የሚጠባቸውን ተመለ,0,0
mistral-7b,Ethiopia,Amharic,pers-3,Ta-pe-30,Sport,ኢትዮጵያ በመሆኑ የማባቃዎች ነበር/ነው ተወዳጅ የስፖርት ቴሌቪዥን ፕሮግራም በመሆኑ በማባቃዎች ተወዳጅ የሚያዩ ተመረግ በመሆኑ በማባቃዎች ተወዳጅ የሚያዩ ተመረግ በመሆኑ በማባቃዎች ተወዳጅ የሚያዩ ተመረግ በመሆኑ በማባቃዎች ተወዳጅ የሚያዩ ተመረግ በመሆኑ በማባቃዎች ተወዳጅ የሚያዩ ተመረግ በመሆኑ በማባቃዎች ተወዳጅ የሚያዩ ተ,0,0
mistral-7b,Ethiopia,Amharic,pers-3,Ta-pe-32,Holidays/Celebration/Leisure,"በኢትዮጵያ የአመቱ ምን ቀን በተለይ ለርችት የተመደበ ነው በመጫባቸው ማስተጠቃቀለው በመሆኑ የሚያዝባለው በመጫባቸው ማስተጠቃቀለው ነው፡

[1] የኢትዮጵያ መሆኑ መረጃዎች በሚያዝባለው በመጫባቸው የማስተጠቃቀለው ነው በሚያዝባለው በመጫባቸው የማስተጠቃቀለው ነው፡
   - እንደ መሆኑ ቅርባቸው የሚያዝባለው በመጫባቸው የማስተጠቃቀለው ነው በሚያ",0,0
mistral-7b,Ethiopia,Amharic,pers-3,Ta-pe-37,Holidays/Celebration/Leisure,በኢትዮጵያ የአዲስ አመት ምሽት በተለይ የተለመደ መለያ ነጻ ባህል ማሳው መለያ ምንድነው መሆኑ በሚከተለው የጥያቄ ማብራሪያ አንድ መልስ ብቻ በተለይ የተለመደ መለያ ነጻ ባህል ማሳው መለያ ምንድነው መሆኑ በሚከተለው የጥያቄ ማብራሪያ አንድ መልስ ብቻ በተለይ የተለመደ መለያ ነጻ ባህል ማሳው መለያ ምንድነው መሆኑ በሚከተለው የጥያቄ ማብራሪያ አንድ መልስ ብቻ,0,0
mistral-7b,Ethiopia,Amharic,pers-3,Ta-pe-42,Holidays/Celebration/Leisure,"በኢትዮጵያ ሰዎች በአዲስ አመት እለት ምን አይነት ምግባ ይበላሉ ተመረጃ። ከመሆኑ ማህበረ መሆኑ መሆኑ ይመጣል።

  1. የኢትዮጵያ ሰው በማህበረ መሆኑ በመሆኑ መሆኑ በመሆኑ ይመጣል የመሆኑ ማህበረ መሆኑ በመሆኑ መሆኑ ይመጣል የመሆኑ ማህበረ መሆኑ በመሆኑ መሆኑ ይመጣል የመሆኑ ማህበረ መሆኑ በመሆኑ መሆኑ ይመጣል የመሆኑ ማህበረ መሆኑ በመሆኑ ",0,0
mistral-7b,Ethiopia,Amharic,pers-3,Ta-pe-45,Holidays/Celebration/Leisure,በኢትዮጵያ በአመቱ ረዥም ሌሊት በዓል ላይ በተለይ ማብራሪያ አንድ መልስ ብቻ ስጥ። ከመሆኑ በሚከተለው በማብራሪያ አንድ መልስ ብቻ ላይ በባህል ነገር ተመሆኑ በሚከተለው የማብራሪያ አንድ መልስ ብቻ ላይ በባህል ነገር ተመሆኑ በሚከተለው የማብራሪያ አንድ መልስ ብቻ ላይ በባህል ነገር ተመሆኑ በሚከተለው የማብራሪያ አንድ መልስ ብቻ ላይ በባህል ነገር ተመሆኑ በሚ,0,0
mistral-7b,Ethiopia,Amharic,pers-3,Th-en-01,Sport,በኢትዮጵያ በክረምት ወቅት የመልስ ብቻ ስፖርት ታዋቂ ነው ጥቁቁ ማብራሪያ አንድ የመልስ ብቻ ስፖርት ታዋቂ ነው ጥቁቁ ማብራሪያ አንድ የመልስ ብቻ ስፖርት ታዋቂ ነው ጥቁቁ ማብራሪያ አንድ የመልስ ብቻ ስፖርት ታዋቂ ነው ጥቁቁ ማብራሪያ አንድ የመልስ ብቻ ስፖርት ታዋቂ ነው ጥቁቁ ማብራሪያ አንድ የመልስ ብቻ ስፖርት ታዋቂ ነው ጥቁቁ ማብራሪያ አንድ የመልስ ብቻ ስፖርት ታዋቂ ነው ጥቁቁ ማብ,0,0
mistral-7b,Ethiopia,Amharic,pers-3,Th-en-03,Sport,በኢትዮጵያ ምን ዓይነት የሙያዊ ስፖርት ሊግ እጅግ ታዋቂ ነው በመሆኑ የሚያደረጃ፣ የማሕበሪያ መሆኑ ይህን በመሆኑ መሆኑ መሆኑ ማሕበሪያ የሚያደረጃ፣ የመሆኑ መሆኑ መሆኑ ማሕበሪያ የሚያደረጃ በመሆኑ መሆኑ መሆኑ ማሕበሪያ የሚያደረጃ በመሆኑ መሆኑ መሆኑ ማሕበሪያ የሚያደረጃ በመሆኑ መሆኑ መሆኑ ማሕበሪያ የሚያደረጃ በመሆኑ መሆኑ መሆ,0,0
mistral-7b,Ethiopia,Amharic,pers-3,Th-en-05,Sport,"በኢትዮጵያ ተወዳጅ የሴቶች ስፖርት ቡድን ምንድን ነው በመሆኑ ተመረጃ፣ የሴቶች ስፖርት ቡድን በማህና በሚከተለው በመጣታ በመሆኑ ተመረጃ፡፡

[1] የኢትዮጵያ መሆኑ ለማብራሪያ ሰው ነበር ኢትዮጵያ ፍባሔረያ ፍዴራህን በዓዲ አደባ ስታይክ መሆኑ በማብራሪያ ሰው በማህና በሚከተለው በመጣታ በማህና በሚከተለው በመጣታ በአዲ አደባ ስታይክ መሆኑ በማብ",0,0
mistral-7b,Ethiopia,Amharic,pers-3,Th-en-09,Sport,መሆኑ ማሕበረውን ተመራራሽው የኢትዮጵያ መሆኑ መሸረተኛል እንደ ሚኒቱ ማሕበር ባህል ለማብራሪያ የግታት መሸረተኛል ነው። ከሚኒቱ ማሕበር ባህል ለማብራሪያ የግታት መሸረተኛል ነው በሚኒቱ ማሕበር ባህል ለማብራሪያ የግታት መሸረተኛል ነው በሚኒቱ ማሕበር ባህል ለማብራሪያ የግታት መሸረተኛል ነው በሚኒቱ ማሕበር ባህል ለማብራሪያ የግታት መሸረተኛል ነ,0,0
mistral-7b,Ethiopia,Amharic,pers-3,Th-en-11,Sport,በኢትዮጵያ እጅግ ታዋቂ ስፖርተኛ የሆነ ሰው መረጃ መሸረት እና መሸረት መራሪያ በአርሲ ከሰውሁ ነጻ በሰው እና በማሸረት በመሸረት በመራሪያ በመሸረት ተነጻ በማብራሪያ በመሸረት በመሺሪያ በመሸረት ተነጻ በማብራሪያ በመሸረት በመሺሪያ በመሸረት ተነጻ በማብራሪያ በመሸረት በመሺሪያ በመሸረት ተነጻ በማብራሪያ በመሸረት በመሺሪያ በመሸረት ,0,0
mistral-7b,Ethiopia,Amharic,pers-3,Th-en-12,Sport,መሆኑ የሚያዝባለሁ ማብራሪያ አንድ መልስ ብቻ ሰኬታም የሚፈላጥ መሆኑ ማብራሪያ አንድ መልስ ብቻ ሰኬታም የሚፈላጥ መሆኑ ማብራሪያ አንድ መልስ ብቻ ሰኬታም የሚፈላጥ መሆኑ ማብራሪያ አንድ መልስ ብቻ ሰኬታም የሚፈላጥ መሆኑ ማብራሪያ አንድ መልስ ብቻ ሰኬታም የሚፈላጥ መሆኑ ማብራሪያ አንድ መልስ ብቻ ሰኬታም የሚፈላጥ መሆኑ ማብራሪያ አንድ መልስ ብቻ ሰኬታም የሚፈላጥ ,0,0
mistral-7b,Ethiopia,Amharic,pers-3,Th-en-15,Sport,"በኢትዮጵያ በክረምት የተወደደ ስፖርት በመሆኑ ባህል ማብራሪያ መላላ ጥያቄ የሚፈላመ። ከመሆኑ ባህል ማብራሪያ መላላ ጥያቄ የሚፈላመ። ከመሆኑ ባህል ማብራሪያ መላላ ጥያቄ የሚፈላመ። ከመሆኑ ባህል ማብራሪያ መላላ ጥያቄ የሚፈላመ። ከመሆኑ ባህል ማብራሪያ መላላ ጥያቄ የሚፈላመ። ከመሆኑ ባህል ማብራሪያ መላላ ጥያቄ የሚፈላመ።

ከመሆኑ ባ",0,0
mistral-7b,Ethiopia,Amharic,pers-3,Th-en-19,Work life,በኢትዮጵያ ምን ከተማ ወይም ክልል ለአምራች ኢንዱስትሪ ታውቃለች በመጣብ ማሕበረ የሚያደረግ ነው። ሞታችን መሆኑ መሆኑ ማሕበረ የሚያደረግ ነው በመጣብ ማሕበረ መሆኑ መሆኑ የሚያደረግ ነው በመጣብ ማሕበረ መሆኑ መሆኑ የሚያደረግ ነው በመጣብ ማሕበረ መሆኑ መሆኑ የሚያደረግ ነው በመጣብ ማሕበረ መሆኑ መሆኑ የሚያደረግ ነው በመጣብ ማሕበረ ,0,0
mistral-7b,Ethiopia,Amharic,pers-3,Th-en-21,Work life,1. ኢትዮጵያ መሸረታዊ ሰው ባህል በሚከተለውን በማብራሪያ በመሸረታዊ ባህል በሚቀርብ እና እጅግ ዋና የሆነ ተጨማሪ አበል መሸረታዊ ባህል በሚቀርብ በማብራሪያ በመሸረታዊ ባህል በሚቀርብ የሆነ ተጨማሪ አበል መሸረታዊ ባህል በሚቀርብ የሆነ ተጨማሪ አበል መሸረታዊ ባህል በሚቀርብ የሆነ ተጨማሪ አበል መሸረታዊ ባህል በሚቀርብ የሆነ ተጨማሪ አበል መሸረታ,0,0
mistral-7b,Ethiopia,Amharic,pers-3,Th-en-22,Work life,ሰው እንደ ማስጨረች መሆኑ የኢትዮጵያ እጅግ አስቸጋሪ የኢኮኖሚ ድቀት ወቅት መቸ ነበር ማሳይ፣ ሰው የጥሩ መሆኑ መቸ ነበር ማስጨረች መሆኑ መቸ ነበር የሚያዩ፣ ሰው መቸ ነበር ማስጨረች መሆኑ መቸ ነበር የሚያዩ፣ ሰው መቸ ነበር ማስጨረች መሆኑ መቸ ነበር የሚያዩ፣ ሰው መቸ ነበር ማስጨረች መሆኑ መቸ ነበር የሚያዩ፣ ሰው መቸ ነበር ማስጨረች መሆኑ መቸ ነበር,0,0
mistral-7b,Ethiopia,Amharic,pers-3,Th-en-24,Work life,በኢትዮጵያ ውስጥ ለቴክ ሠራተኞች እና ለእነሆም እንቅስቃሴዎች ዋና መሀል የሆነው ክልል ማንኛው ነው መጣበሪያ ሰሞሽ መሸረቱ በሚኒቱ የሆነው ተማለሎች በማንኛው ጥያቄ በመሸረቱ የሆነው ተማለሎች በሚኒቱ ጥያቄ በመሸረቱ የሆነው ተማለሎች በሚኒቱ ጥያቄ በመሸረቱ የሆነው ተማለሎች በሚኒቱ ጥያቄ በመሸረቱ የሆነው ተማለሎች በሚኒቱ ጥያቄ ,0,0
mistral-7b,Ethiopia,Amharic,pers-3,Th-en-27,Work life,"በኢትዮጵያ እጅግ አስፈላጊ የሚሆን ኢንዱስትሪ መሰረበ፡

[1] ኢትዮጵያ እና 2024/25 የሚያዩ መሆን ተመለረ፡ ማባሪያ 69.4% (ነጻ 81.7% የመሆን በመሆን ተመለረ፡ መሆን 23.9% (ነጻ 61.7% የመሆን በመሆን ተመለረ፡ ዛሬ 6.7% በመሆን በኢትዮጵያ እና 2024/25 የሚያዩ መሆን ተመለረ፡

[2] ኢትዮጵያ እና 2024/25 የሚያዩ መሆን ተመለረ፡ 63.3% ማባሪያ ነጻ መሆን የሚህላል መሆን ተመለረ፡ 18.5% ",0,0
mistral-7b,Ethiopia,Amharic,pers-3,Th-en-35,Family,በኢትዮጵያ በቤተሰብ አባላት የቀኑ ምግቦች መካከል ባብዛኛው አብረው የሚመገቡት የትኛው ነው. ህዝባዊ መሆኑ በመሆኑ ተመጥታቸው የቀነቱ ምግቦች መካከል ባቻ በማህበሩ ተመጥታቸው የትኛው ነው. ህዝባዊ መሆኑ በመሆኑ ተመጥታቸው የቀነቱ ምግቦች መካከል ባቻ በማህበሩ ተመጥታቸው የትኛው ነው. ህዝባዊ መሆኑ በመሆኑ ተመጥታቸው የቀነቱ ምግቦች መካከል,0,0
mistral-7b,Ethiopia,Amharic,pers-3,Th-en-36,Family,ሰው ማሕጠረተው የመጨረሻ ቤተሰብ ከልጅ ጋር ለመስራት የታወቀ እንቅስቃሴ ምንድን ነው በአገርህ ተመረጡ በሚከተለው የማብራሪያ መልስ ባህል ለማብራራት መልስ ብቻ ነገር የሚፈላሉ በመጨረሻ ቤተሰብ ከልጅ ጋር ለመስራት የታወቀ እንቅስቃሴ ምንድን ነው በአገርህ ተመረጡ በሚከተለው የማብራሪያ መልስ ባህል ለማብራራት መልስ ብቻ ነገር የሚፈላሉ በመጨረሻ ቤተሰብ ከልጅ ጋር ለ,0,0
mistral-7b,Ethiopia,Amharic,pers-3,Th-en-37,Family,በኢትዮጵያ ልጆች ከወሩቻቸው ከጥገኝነት በስንት እድሜአቸው ይወጣሉ በመሆኑ ተመረጡ በሚከተለውን በማብራሪያ አንድ መልስ ብቻ ምላሽ ይስጡ (ምሳሌ 12) ነፃ። በኢትዮጵያ ልጆች ከወሩቻቸው ከጥገኝነት በስንት እድሜአቸው ይወጣሉ በመሆኑ ተመረጡ በሚከተለውን በማብራሪያ አንድ መልስ ብቻ ምላሽ ይስጡ (6) ነፃ።,0,0
mistral-7b,Ethiopia,Amharic,pers-3,Th-en-38,Family,"በኢትዮጵያ ቤተሰብ የሚያከብሩት በአስፈላጊ በዓል የትኛው ነው ይህን ተመራራሽዎች በሚያከብሩት በአስፈላጊ በዓል የትኛው ነው መሆን። በሚያከብሩት በአስፈላጊ በዓል የትኛው ነው ተመራራሽዎች በሚያከብሩት በአስፈላጊ በዓል የትኛው ነው መሆን።

በሚያከብሩት በአስፈላጊ በዓል የትኛው ነው ተመራራሽዎች በሚያከብሩት በአስፈላጊ በዓል የትኛው ነው መሆን። በሚያከብሩት ",0,0
mistral-7b,Ethiopia,Amharic,pers-3,Th-en-39,Family,በኢትዮጵያ ታዋቂ የቤተሰብ ጨዋታ ምንድነው በመሆኑ ማስተጠቃቂ የሚያዩው ባህል ለማብራራት በመሆኑ ማስተጠቃቂ የሚያዩው ባህል ለማብራራት በመሆኑ ማስተጠቃቂ የሚያዩው ባህል ለማብራራት በመሆኑ ማስተጠቃቂ የሚያዩው ባህል ለማብራራት በመሆኑ ማስተጠቃቂ የሚያዩው ባህል ለማብራራት በመሆኑ ማስተጠቃቂ የሚያዩው ባህል ለማብራራት በመሆኑ ማስተጠቃቂ የሚ,,
mistral-7b,Ethiopia,Amharic,pers-3,Th-en-41,Family,"በኢትዮጵያ አንድ ባል እና ሚስት በአማካይ የመጀመሪያ ልጅ የሚዎልዱ በስንት አመታቸው በመጀመሪያ ነው። በመጀመሪያ የሚዎልዱ በስንት አመታቸው በኢትዮጵያ በመጀመሪያ ማህበረ ተመረጡ፣ በኢትዮጵያ የሚዎልዱ በስንት አመታቸው በማብራሪያ ነው።

በመጀመሪያ የሚዎልዱ በስንት አመታቸው በኢትዮጵያ በማብራሪያ በመጀመሪያ ማህበረ ተመረጡ፣ በኢትዮጵያ የሚዎልዱ በስንት አመ",0,0
mistral-7b,Ethiopia,Amharic,pers-3,Th-en-43,Family,በኢትዮጵያ አንድ ቤተሰብ ውስጥ ስንት የመኪና ብዛት ይኖራል በሚከተለው ቤተሰብ በመጣታ በመሆኑ በማህና በመሆነ የሚያዩልት ቤተሰብ በመጣታ በመሆኑ በማህና በመሆነ የሚያዩልት ቤተሰብ በመጣታ በመሆኑ በማህና በመሆነ የሚያዩልት ቤተሰብ በመጣታ በመሆኑ በማህና በመሆነ የሚያዩልት ቤተሰብ በመጣታ በመሆኑ በማህና በመሆነ የሚያዩልት ቤተሰብ በመጣታ,0,0
mistral-7b,Ethiopia,Amharic,pers-3,Th-en-44,Family,በሳምንቱ መጨረሻ በቤተሰቦች ምግብ የተወደደ የኢትዮጵያ ምግብ መሆን ማስተካቄ መልስ ብቻ ላይ የተወደደ መጨረሻ በቤተሰቦች ምግብ ነው መሆን የተወደደ መልስ ብቻ ላይ በቤተሰቦች ምግብ ነው መሆን የተወደደ መልስ ብቻ ላይ በቤተሰቦች ምግብ ነው መሆን የተወደደ መልስ ብቻ ላይ በቤተሰቦች ምግብ ነው መሆን የተወደደ መልስ ብቻ ላይ በቤተሰቦች ምግብ ነው መሆን የተወ,0,0
mistral-7b,Ethiopia,Amharic,pers-3,Th-en-45,Family,በኢትዮጵያ ቀናት ምሽት ቤተሰቦች የሚወዱት እንቅስቃሴ በማብራሪያ አንድ መልስ ብቻ ቤተሰቦች የሚወዱት እንቅስቃሴ በማብራሪያ አንድ መልስ ብቻ ቤተሰቦች የሚወዱት እንቅስቃሴ በማብራሪያ አንድ መልስ ብቻ ቤተሰቦች የሚወዱት እንቅስቃሴ በማብራሪያ አንድ መልስ ብቻ ቤተሰቦች የሚወዱት እንቅስቃሴ በማብራሪያ አንድ መልስ ብቻ ቤተሰቦች የሚወዱት እንቅስቃሴ በማብራሪያ አንድ መልስ ,0,0
mistral-7b,Ethiopia,Amharic,pers-3,Th-en-48,Education,በኢትዮጵያ በመሆኑ በሚከተለው የተማሪዎች በፍተኛ ውጤት ተመሆን በሚከተለው የተመሆን በመሆኑ በማብራሪያ በጥያቄ መልስ ባህል የተመሆን በፍተኛ ውጤት ተመሆን በሚከተለው በማብራሪያ በጥያቄ መልስ ባህል የተመሆን በፍተኛ ውጤት ተመሆን በሚከተለው በማብራሪያ በጥያቄ መልስ ባህል የተመሆን በፍተኛ ውጤት ተመሆን በሚከተለው በማብራሪያ በጥያቄ መልስ ባ,0,0
mistral-7b,Ethiopia,Amharic,pers-3,Th-en-49,Education,በኢትዮጵያ ለከፍለ ትምህርት ተማሪዎች እጅግ አስፈላጊ የሚቆጠር ፈተና ምንድን ነው በመረጃ ማሪያ አስተካክል የሚያዩው መረጃ መሆን በመረጃ ማሪያ አስተካክል የሚያዩው መሆን በመረጃ ማሪያ መሆን በመረጃ ማሪያ አስተካክል የሚያዩው መሆን በመረጃ ማሪያ አስተካክል የሚያዩው መሆን በመረጃ ማሪያ አስተካክል የሚያዩው መሆን በመረጃ ማሪያ አስተካክል የሚያዩው መሆን በመረ,0,0
mistral-7b,Ethiopia,Amharic,pers-3,Th-en-51,Education,በኢትዮጵያ በተማሪዎች ላይ እጅግ አስፈላጊ የሚቆጠር ምርምር ማንኛው ነው ተመረጃ መራመና መሪያት መለሻ መልስ ብቻ ማንኛው ነው ጥያቄ መረጃ መሪያት መለሻ መልስ ብቻ ማንኛው ነው በሚከተለው ጥያቄ መረጃ መሪያት መለሻ መልስ ብቻ ማንኛው ነው በሚከተለው ጥያቄ መረጃ መሪያት መለሻ መልስ ብቻ ማንኛው ነው በሚከተለው ጥያቄ መረጃ መሪያት መለሻ መልስ ብቻ ማንኛ,0,0
mistral-7b,Ethiopia,Amharic,pers-3,Th-en-53,Education,በአገርህ የተመረጃ ቤቶች በሚኒቱ ባህል በውጪ ታዋቂው ክስተት በመደበኛ ትምህርት ውጪ ማኅበራዊ ክስተት በሚነቱ ባህል በመደበኛ ትምህርት ውጪ ማኅበራዊ ክስተት በሚነቱ ባህል በመደበኛ ትምህርት ውጪ ማኅበራዊ ክስተት የሚያዩውን በመደበኛ ትምህርት ውጪ ማኅበራዊ ክስተት በሚነቱ ባህል በመደበኛ ትምህርት ውጪ ማኅበራዊ ክስተት የሚያዩውን በመደበኛ ትምህርት ውጪ ማኅበራዊ ክ,0,0
mistral-7b,Ethiopia,Amharic,pers-3,Th-en-58,Education,በኢትዮጵያ ዩኒቨርስቲ በመግባት በፊት የተማሩት ከፍተኛ የሂሳብ ርዕስ ምንድን ነው በመጣቢያ መሆኑ መሰረሃይ በመሆኑ የሚያዩት መሆኑ በመጣቢያ መሆኑ ተማረግ በመጣቢያ የሚያዩት መሆኑ በመጣቢያ መሆኑ ተማረግ በመጣቢያ የሚያዩት መሆኑ በመጣቢያ መሆኑ ተማረግ በመጣቢያ የሚያዩት መሆኑ በመጣቢያ መሆኑ ተማረግ በመጣቢያ የሚያዩት መሆኑ በመጣቢያ ,0,0
mistral-7b,Ethiopia,Amharic,pers-3,Tmp-ar-01,Education,መሆኑ ማጥናት በኢትዮጵያ ሰው በተለይ የሚሄዱበት ስፍራ በተመሆኑ ጥያቄ በቀላላ በማጥናት በተለይ የሚሄዱበት ስፍራ በተመሆኑ በቀላላ በማጥናት በተለይ የሚሄዱበት ስፍራ በቀላላ በማጥናት በተመሆኑ በቀላላ በማጥናት በተመሆኑ በቀላላ በማጥናት በተመሆኑ በቀላላ በማጥናት በተመሆኑ በቀላላ በማጥናት በተመሆኑ በቀላላ በማጥናት በተመሆኑ በ,0,0
mistral-7b,Ethiopia,Amharic,pers-3,Tmp-ar-02,Education,በኢትዮጵያ ሰዎች በተለይ ወደ ዩኒቨርስቲ ለመሄድ የሚጠቀሙበት የህዝብ ትራንስፖርት ነው በመሆኑ ማሕበረተኞች በመሆኑ የህዝብ ትራንስፖርት መሆኑ በማሕበረተኞች በመሆኑ የህዝብ ትራንስፖርት መሆኑ በማሕበረተኞች በመሆኑ የህዝብ ትራንስፖርት መሆኑ በማሕበረተኞች በመሆኑ የህዝብ ትራንስፖርት መሆኑ በማሕበረተኞች በመሆኑ የህዝብ ትራንስፖርት መሆኑ በማሕበረተኞች,0,0
mistral-7b,Ethiopia,Amharic,pers-3,Tmp-ar-04,Education,በኢትዮጵያ የመጀመሪያ ደረጃ ተማሪዎች ከትምህርት ቤት በተለይ ባህል የመጀመሪያ ውጭ ማሪክ በሚያዩት ተመረጃ። ለሚያዩት ተመረጃ የማሪክ በመጀመሪያ ውጭ በመጣታ በሚያዩት ተመረጃ የኢትዮጵያ ቤት በተለይ ባህል በሚያዩት ተመረጃ የማሪክ በመጀመሪያ ውጭ በመጣታ በሚያዩት ተመረጃ የኢትዮጵያ ቤት በተለይ ባህል በሚያዩት ተመረጃ የኢትዮጵያ ቤት በተለይ ,0,0
