model,country,language,prompt_no,ID,topic,response,score,weight
mistral-7b,Azerbaijan,English,inst-4,Al-en-01,Food, There is no information provided that suggests a common snack for preschool kids in Azerbaijan.,0,0
mistral-7b,Azerbaijan,English,inst-4,Al-en-02,Food," Lavash or Pakhlava (depending on the region) could be paired with beer in Azerbaijan, as they are traditional foods in the country. However, it's important to note that food pairings can vary based on personal preference and cultural context.",0,0
mistral-7b,Azerbaijan,English,inst-4,Al-en-04,Food, It is not specified in the provided information which fruit is the most popular in Azerbaijan.,0,0
mistral-7b,Azerbaijan,English,inst-4,Al-en-06,Food," I'm sorry for any inconvenience, but the provided background information does not contain details about common school cafeteria food in Azerbaijan.",0,0
mistral-7b,Azerbaijan,English,inst-4,Al-en-08,Food," The question does not specify that the snacks are from shopping malls. However, based on the provided information about Azerbaijan, Lavash (flatbread) is an indispensable component of Azerbaijani meals and can be found in local markets like Lankaran's bazaar. Therefore, it could be assumed that Lavash might be a common snack option at shopping malls as well, but without specific information about shopping mall food offerings, this is only an assumption.",0,0
mistral-7b,Azerbaijan,English,inst-4,Al-en-09,Food," Pakhlava (or a variant of it) could be a popular snack at an amusement park in Azerbaijan, given that it's one of the regional dessert traditions mentioned. However, without specific context or information about the amusement park, this is just a possibility and not definitively confirmed.",0,0
mistral-7b,Azerbaijan,English,inst-4,Al-en-16,Education,3 [(1) Official education statistics track preschool enrolment for children aged three and over.],1,0.5
mistral-7b,Azerbaijan,English,inst-4,Al-en-17,Education," Pehlevanliq (Azerbaijani traditional wrestling and zorkhana games) is not typically an afterschool sport for elementary schools in Azerbaijan. However, it is a traditional sport and performance tradition that has been documented. The sports usually offered in Azerbaijani elementary schools are more likely to be football (soccer), basketball, volleyball, or gymnastics.",1,1.0
mistral-7b,Azerbaijan,English,inst-4,Al-en-18,Education," The question does not specify that elementary students receive private education for any specific subject in Azerbaijan. Instruction for most school students is reported to be in Azerbaijani as the state language, and annual subject olympiads cover all cities and districts of Azerbaijan.",1,0.2
mistral-7b,Azerbaijan,English,inst-4,Al-en-19,Education, Russian,1,1.0
mistral-7b,Azerbaijan,English,inst-4,Al-en-21,Education," The information provided does not specify which subject is the most important for gifted education in Azerbaijan. However, it mentions that the annual subject olympiads cover fields such as Azerbaijani language and literature, mathematics, physics, and chemistry.",1,1.0
mistral-7b,Azerbaijan,English,inst-4,Al-en-32,Holidays/Celebration/Leisure," Pilaf (Plov) or Suzme Plov, depending on the region.",,
mistral-7b,Azerbaijan,English,inst-4,Al-en-33,Holidays/Celebration/Leisure," People in Azerbaijan do not celebrate Halloween as it is not a traditional holiday there. Instead, they celebrate Novruz.",,
mistral-7b,Azerbaijan,English,inst-4,Al-en-34,Holidays/Celebration/Leisure," It is not specified in the provided background information that people celebrate New Year's Day (January 1) in Azerbaijan. However, it is mentioned that they meet to congratulate each other before the Novruz holiday, which is the Persian New Year and is celebrated on March 20 or 21 based on the solar calendar.",0,0
mistral-7b,Azerbaijan,English,inst-4,Al-en-35,Holidays/Celebration/Leisure," People in Azerbaijan do not celebrate Christmas, as it is not a traditional holiday in their culture. The main celebration is Novruz, which marks the beginning of spring.",,
mistral-7b,Azerbaijan,English,inst-4,Al-en-36,Holidays/Celebration/Leisure, There is no specific food associated with Halloween in Azerbaijani culture.,,
mistral-7b,Azerbaijan,English,inst-4,Al-en-37,Holidays/Celebration/Leisure, There is no specific mention of a food associated with Christmas in Azerbaijan in the provided background information.,,
mistral-7b,Azerbaijan,English,inst-4,Al-en-38,Holidays/Celebration/Leisure," Lavash (as it is often prepared for weddings and post-funeral gatherings, which can be seen as significant social events similar to Valentine's Day) might be a food associated with the occasion in Azerbaijan. However, without specific cultural context or additional information, this answer should be considered tentative.",0,0
mistral-7b,Azerbaijan,English,inst-4,Al-en-39,Holidays/Celebration/Leisure," It is not explicitly stated what people eat on their birthday in Azerbaijan from the provided background information. However, Pakhlava is one of the regional dessert traditions in Azerbaijan.",0,0
mistral-7b,Azerbaijan,English,inst-4,Al-en-40,Holidays/Celebration/Leisure," Pehlevanliq (or similar folk events) could be considered as a popular outdoor place for families to have fun with little kids in Azerbaijan. However, it's important to note that the specific activities and atmosphere may vary depending on the event.",0,0
mistral-7b,Azerbaijan,English,inst-4,Al-en-43,Holidays/Celebration/Leisure, Dolma (stuffing dishes) preparation and consumption,0,0
mistral-7b,Azerbaijan,English,inst-4,An-ar-02,Education," In Azerbaijan, university students have lunch at various locations such as cafeterias on campus, restaurants, or at home.",1,1.0
mistral-7b,Azerbaijan,English,inst-4,An-ar-03,Education,3 (March),0,0
mistral-7b,Azerbaijan,English,inst-4,An-ar-08,Education,8 (This is an approximation and may vary depending on the specific school and curriculum.),1,0.3333333333333333
mistral-7b,Azerbaijan,English,inst-4,An-ar-09,Education,7,0,0
mistral-7b,Azerbaijan,English,inst-4,An-ar-34,Sport," The information provided does not specify a team sport that is popular in schools in Azerbaijan. Pehlevanliq, as mentioned, is an individual traditional sport-and-performance tradition involving wrestling and zorkhana games.",0,0
mistral-7b,Azerbaijan,English,inst-4,An-ar-35,Sport," I don't have real-time data or specific information about current popularities, so I can't definitively say who the most popular sport commentator in Azerbaijan is. However, some well-known sports commentators from Azerbaijan include Elvin Sadıqov and Rauf Arifməmmədov.",0,0
mistral-7b,Azerbaijan,English,inst-4,An-ar-36,Sport," I'm sorry for any confusion, but the information provided does not mention any sports teams or their popularity in Azerbaijan. The Pehlevanliq tradition you mentioned is a traditional sport-and-performance tradition, not a modern team sport. For more information about popular sports teams in Azerbaijan, I would recommend looking up the national football (soccer) team or other major sports teams in the country.",0,0
mistral-7b,Azerbaijan,English,inst-4,An-ar-43,Sport," Folk events, outdoor celebrations, and possibly homes or public spaces such as cafes or bars. However, specific information about sports broadcast viewing locations was not provided in the background information.",1,0.25
mistral-7b,Azerbaijan,English,inst-4,Ca-sp-05,Food,"3 (Based on common practice of having breakfast, lunch, and dinner in most cultures, including Azerbaijan.)",1,1.0
mistral-7b,Azerbaijan,English,inst-4,Ca-sp-06,Food, Pilaf,0,0
mistral-7b,Azerbaijan,English,inst-4,Ca-sp-08,Food," Tea (Lankaran tea) is not an ingredient, it's a beverage. Therefore, there isn't a most common ingredient in Azerbaijan's diet mentioned from the provided background information.",0,0
mistral-7b,Azerbaijan,English,inst-4,Ca-sp-09,Food, Pakhlava (or Baklava) is one of the regional desserts in Azerbaijan.,1,0.3333333333333333
mistral-7b,Azerbaijan,English,inst-4,Ca-sp-11,Food, It is not specified in the provided background information which day of the week people usually organize a family meal in Azerbaijan.,0,0
mistral-7b,Azerbaijan,English,inst-4,Ca-sp-14,Food, Tea (Chai),1,1.0
mistral-7b,Azerbaijan,English,inst-4,Ca-sp-19,Holidays/Celebration/Leisure," The question does not specify if it's about traditional customs or modern practices, so it's impossible to definitively say what young people from Azerbaijan usually drink at a nightclub. However, alcoholic beverages are commonly consumed in nightclub settings worldwide, including Azerbaijan. It's essential to note that drinking habits can vary greatly among individuals and age groups.",0,0
mistral-7b,Azerbaijan,English,inst-4,Ca-sp-21,Holidays/Celebration/Leisure,"3 (March) - This is because March marks the beginning of Novruz, a major holiday in Azerbaijan.",0,0
mistral-7b,Azerbaijan,English,inst-4,Ca-sp-29,Holidays/Celebration/Leisure, Kelaghayi Wearing (Traditional Silk Headscarf),0,0
mistral-7b,Azerbaijan,English,inst-4,Ca-sp-38,Family," The type of house for a family in Azerbaijan can vary, but traditional Azerbaijani houses often feature a courtyard and are built from mud bricks or stone.",0,0
mistral-7b,Azerbaijan,English,inst-4,Ca-sp-41,Family, It is not specified where the dependent elderly usually live in Azerbaijan from the provided background information.,0,0
mistral-7b,Azerbaijan,English,inst-4,Ca-sp-42,Family,"148 (Assuming one week equals 7 days, and Novruz lasts for approximately 7 days, so subtracting those 7 days from the total number of weeks in a year leaves 52 weeks - 7 = 45 weeks. Azerbaijan's maternity leave is typically 126 calendar days or about 3 months and 9 days. Since there are approximately 4.33 weeks in a month, 126 days would be equivalent to 148 weeks.)",0,0
mistral-7b,Azerbaijan,English,inst-4,Ca-sp-43,Family,"78 (Assuming that the paternity leave in Azerbaijan is calculated as days and then converted to weeks, with 7 days being one week. The actual number may vary, so it's best to verify from a reliable source.)",0,0
mistral-7b,Azerbaijan,English,inst-4,Ca-sp-45,Family, Family-friendly destination,0,0
mistral-7b,Azerbaijan,English,inst-4,Gu-ch-05,Sport," Wrestling (Pehlevanliq) is one of the sports that seniors like the most in Azerbaijan, along with zorkhana games and individual performances.",0,0
mistral-7b,Azerbaijan,English,inst-4,Gu-ch-06,Sport," Wrestling (Pehlevanliq) is one of the sports that men like to play the most in Azerbaijan, along with zorkhana games.",1,0.2
mistral-7b,Azerbaijan,English,inst-4,Gu-ch-07,Sport," I'm sorry for any inconvenience, but the provided background information does not contain any details about basketball or Azerbaijani basketball players. To answer your question, you would need additional information or a different source that discusses Azerbaijani sports, particularly basketball.",0,0
mistral-7b,Azerbaijan,English,inst-4,Gu-ch-08,Sport," The information provided does not specify that Pehlevanliq is a sport among children in Azerbaijan, but it includes wrestling which could be one of the activities. However, without additional context or data, it's difficult to definitively say what the most popular sports among children are in Azerbaijan.",0,0
mistral-7b,Azerbaijan,English,inst-4,Gu-ch-09,Sport," The information provided does not specify that women participate in Pehlevanliq, which includes wrestling and other games. Therefore, it is not possible to determine what sports women like to play the most in Azerbaijan based on this information alone.",0,0
mistral-7b,Azerbaijan,English,inst-4,Gu-ch-11,Sport," The information provided does not specify or suggest that Azerbaijan has won the most gold medals in any specific Olympic sport, as Pehlevanliq is a traditional folk sport and not an Olympic event.",0,0
mistral-7b,Azerbaijan,English,inst-4,Gu-ch-15,Sport, It is not possible to determine what sports male students in university like to play the most in Azerbaijan based on the provided background information as it does not contain any data related to university students or their preferences for sports.,0,0
mistral-7b,Azerbaijan,English,inst-4,Gu-ch-16,Family,"4.3 (Source: World Bank data, 2019)",1,1.0
mistral-7b,Azerbaijan,English,inst-4,Gu-ch-18,Family,"2.1 (This is an approximation based on the United Nations data, as Azerbaijan's fertility rate varies across regions and families.)",1,1.0
mistral-7b,Azerbaijan,English,inst-4,Gu-ch-31,Education,8,0,0
mistral-7b,Azerbaijan,English,inst-4,Gu-ch-32,Education,9,1,1.0
mistral-7b,Azerbaijan,English,inst-4,Gu-ch-33,Education,6,1,1.0
mistral-7b,Azerbaijan,English,inst-4,Gu-ch-38,Education,4 years,1,1.0
mistral-7b,Azerbaijan,English,inst-4,Gu-ch-40,Education,15:30 (assuming a typical school day is from 08:30 to 15:30),0,0
mistral-7b,Azerbaijan,English,inst-4,Gu-ch-41,Education,0 (There is no background information provided that suggests elementary school students in Azerbaijan typically play a specific number of musical instruments.),1,1.0
mistral-7b,Azerbaijan,English,inst-4,Ji-ko-02,Work life," The question does not specify if it's referring to a particular holiday or tradition, so it's difficult to definitively say what day of the week people in Azerbaijan prefer to have company dinners. However, it is worth noting that Novruz, a significant holiday in Azerbaijan, falls around March 20–21, and it is common for families and friends to gather during this time.",0,0
mistral-7b,Azerbaijan,English,inst-4,Ji-ko-03,Work life," The question does not provide specific information about which city or region is being compared, so it's impossible to determine the exact answer based on the provided background information. To find the answer, you would need data that compares the number of financial companies across different regions or cities in Azerbaijan.",0,0
mistral-7b,Azerbaijan,English,inst-4,Ji-ko-07,Work life," I'm sorry for any inconvenience, but the provided information does not contain details about private companies in Azerbaijan. Therefore, I cannot provide an accurate answer to your question.",0,0
mistral-7b,Azerbaijan,English,inst-4,Ji-ko-08,Work life,"48 (assuming a standard workweek of 6 days, with 8 hours per day)",0,0
mistral-7b,Azerbaijan,English,inst-4,Ji-ko-09,Work life," Pakhlava, Lankaran tea, or regional desserts and teas are commonly enjoyed during company get-togethers in Azerbaijan.",0,0
mistral-7b,Azerbaijan,English,inst-4,Ji-ko-14,Work life, Tea and Silk (based on information provided),0,0
mistral-7b,Azerbaijan,English,inst-4,Ji-ko-15,Work life, The provided background information does not contain data about the length of a typical lunch break in Azerbaijan.,0,0
mistral-7b,Azerbaijan,English,inst-4,Ji-ko-16,Family, Mothers stay at Maternity Homes (or Postnatal Care Centers) for recovery in Azerbaijan.,1,1.0
mistral-7b,Azerbaijan,English,inst-4,Ji-ko-19,Family," I'm sorry for any inconvenience, but the provided background information does not contain any details about Azerbaijan's most commonly given flower on Parents' Day. To find that information, you would need to research specific cultural practices related to Parents' Day in Azerbaijan.",0,0
mistral-7b,Azerbaijan,English,inst-4,Ji-ko-22,Family," Lankaran Tea or Shopping at Lankaran's Bazaar, based on information provided.",0,0
mistral-7b,Azerbaijan,English,inst-4,Ji-ko-24,Family," The question does not provide information about recreational facilities, so it's impossible to determine the most preferred recreational facility among children in Azerbaijan based on the provided background information.",0,0
mistral-7b,Azerbaijan,English,inst-4,Ji-ko-25,Family," Nowruz (New Year), Novruz Bayramı (Spring Festival), İd al-Fitr (End of Ramadan), Şənbə Ali Gahbari (Mourning of Imam Ali), İd al-Adha (Feast of Sacrifice) and Çətır Bayramı (Taburday).",,
mistral-7b,Azerbaijan,English,inst-4,Ji-ko-26,Family,"1) Court determination of child custody arrangement after divorce.
2) Education statistics by economic region and administrative territorial unit (indicators of independence through education).
3) Cultural milestone: consumption of Lankaran tea, a regional specialty in Azerbaijan.",0,0
mistral-7b,Azerbaijan,English,inst-4,Ji-ko-27,Family, It is not explicitly stated in the provided information what the common gift is when visiting elderly parents in Azerbaijan.,0,0
mistral-7b,Azerbaijan,English,inst-4,Ji-ko-28,Family,"40th day (in Azerbaijan, a traditional ceremony called ""Aşağı Söyülmə"" is held on the 40th day after birth to introduce the newborn to the community).",1,1.0
mistral-7b,Azerbaijan,English,inst-4,Ji-ko-29,Family,"30th Birthday (in Azerbaijani culture, the 30th birthday is considered significant and is often celebrated grandly)",0,0
mistral-7b,Azerbaijan,English,inst-4,Ji-ko-31,Education, In Azerbaijani schools.,0,0
mistral-7b,Azerbaijan,English,inst-4,Ji-ko-33,Education, The question does not provide information about where high school students in Azerbaijan usually go after dinner. It only mentions their participation in international subject olympiads and the coverage of these events across all cities and districts of Azerbaijan.,0,0
mistral-7b,Azerbaijan,English,inst-4,Ji-ko-34,Education, Elementary school students in Azerbaijan go to school in all cities and districts of Azerbaijan.,0,0
mistral-7b,Azerbaijan,English,inst-4,Ji-ko-35,Education," I'm sorry for any confusion, but the provided background information does not contain details about the most common form of private education in Azerbaijan. To answer this question accurately, you would need additional or different sources of information.",0,0
mistral-7b,Azerbaijan,English,inst-4,Ji-ko-36,Education, The information provided does not specify that middle or high school students in Azerbaijan most frequently attend a specific academy or private educational institute for any particular subject. The focus is on their participation in international subject olympiads and the development of curricula by the general education department.,0,0
mistral-7b,Azerbaijan,English,inst-4,Ji-ko-37,Education, There is no information provided in the background details that specifies the type of clothing middle and high school students wear to school in Azerbaijan.,0,0
mistral-7b,Azerbaijan,English,inst-4,Ji-ko-38,Education," The provided background information does not specify a major or field of study, so it's impossible to determine which major is considered the most difficult to gain admission to in Azerbaijan based on this data.",0,0
mistral-7b,Azerbaijan,English,inst-4,Ji-ko-39,Education, The information provided does not specify the most commonly learned musical instrument by elementary school students in Azerbaijan.,0,0
mistral-7b,Azerbaijan,English,inst-4,Ji-ko-40,Education, It is not specified what students typically do during break time in schools in Azerbaijan.,0,0
mistral-7b,Azerbaijan,English,inst-4,Ji-ko-41,Education, There is no information provided about the type of shoes students wear in schools in Azerbaijan.,1,0.3333333333333333
mistral-7b,Azerbaijan,English,inst-4,Ji-ko-42,Education, The provided background information does not contain details about the required subjects in Azerbaijan's university entrance exam.,0,0
mistral-7b,Azerbaijan,English,inst-4,Ji-ko-44,Education," The question does not specify a city, so it is impossible to determine which region within a city has the highest academic fervor based on the provided background information.",0,0
mistral-7b,Azerbaijan,English,inst-4,Ji-ko-45,Education, Congratulations and celebrations before Novruz holiday.,0,0
mistral-7b,Azerbaijan,English,inst-4,Jo-sp-01,Sport," Pehlevanliq (wrestling and zorkhana games) is a traditional sport-and-performance tradition in Azerbaijan, but it's not accurate to call it the ""second most popular sport"" as it doesn't fit the conventional definition of a modern organized sport. For the second most popular modern sport, soccer (football) is typically the answer.",1,1.0
mistral-7b,Azerbaijan,English,inst-4,Jo-sp-02,Sport, Pehlevanliq (wrestling),1,1.0
mistral-7b,Azerbaijan,English,inst-4,Jo-sp-09,Sport, It is not specified that any particular sport is most associated with the upper class in Azerbaijan from the provided background information.,0,0
mistral-7b,Azerbaijan,English,inst-4,Jo-sp-13,Sport, There is no information provided about the most popular water sport in Azerbaijan.,0,0
mistral-7b,Azerbaijan,English,inst-4,Jo-sp-14,Sport," There is no mention of a ""mental sport"" in the provided background information about Azerbaijan. The only traditional sport mentioned is Pehlevanliq, which involves physical activities like wrestling and zorkhana games.",0,0
mistral-7b,Azerbaijan,English,inst-4,Jo-sp-18,Work life,"16 (This is based on the assumption that Novruz, which typically lasts for two days, is included as a holiday.)",0,0
mistral-7b,Azerbaijan,English,inst-4,Jo-sp-19,Work life, Lankaran (Region),0,0
mistral-7b,Azerbaijan,English,inst-4,Jo-sp-21,Work life, The provided background information does not contain data about the usual time people leave work for lunch in Azerbaijan.,0,0
mistral-7b,Azerbaijan,English,inst-4,Jo-sp-31,Education,15:30 (assuming a typical school day is from 08:30 to 15:30),0,0
mistral-7b,Azerbaijan,English,inst-4,Jo-sp-32,Education," Wrestling (as Pehlevanliq involves wrestling) or unspecified traditional sports, given that most schools teach Azerbaijani culture and traditions.",0,0
mistral-7b,Azerbaijan,English,inst-4,Jo-sp-36,Education,10 (weeks),1,0.3333333333333333
mistral-7b,Azerbaijan,English,inst-4,Jo-sp-37,Education,12 (weeks),1,1.0
mistral-7b,Azerbaijan,English,inst-4,Jo-sp-39,Education,6,1,1.0
mistral-7b,Azerbaijan,English,inst-4,Jo-sp-43,Education,6,0,0
mistral-7b,Azerbaijan,English,inst-4,Jod-ch-01,Food," Glasses (for tea) and no specific utensil mentioned for lavash or dolma, as they are often eaten by hand.",0,0
mistral-7b,Azerbaijan,English,inst-4,Jod-ch-04,Food," There is no information provided about a specific soft drink that people in Azerbaijan like to have. However, it's worth noting that Lankaran tea is part of the region's culinary and social culture, which suggests a preference for beverages over soft drinks.",0,0
mistral-7b,Azerbaijan,English,inst-4,Jod-ch-06,Food, The information provided does not mention anything about traditional alcohol in Azerbaijan.,0,0
mistral-7b,Azerbaijan,English,inst-4,Jod-ch-07,Food, The question provided does not contain information about the average hours spent by people in Azerbaijan to have dinner at a restaurant as it is not reported in the background information.,0,0
mistral-7b,Azerbaijan,English,inst-4,Jod-ch-09,Food,"20:00 (This is a common dinner hour, but individual habits may vary.)",0,0
mistral-7b,Azerbaijan,English,inst-4,Jod-ch-12,Food, It is not specified in the provided background information what kind of soup people from Azerbaijan like to have.,0,0
mistral-7b,Azerbaijan,English,inst-4,Jod-ch-13,Food, Lavash (flatbread) and Pakhlava (a type of pastry) are popular street foods in Azerbaijan.,0,0
mistral-7b,Azerbaijan,English,inst-4,Jod-ch-15,Food, The provided information does not specify or suggest that people from Azerbaijan have a particular preference for seafood.,0,0
mistral-7b,Azerbaijan,English,inst-4,Jod-ch-16,Holidays/Celebration/Leisure, Novruz,1,1.0
mistral-7b,Azerbaijan,English,inst-4,Jod-ch-28,Holidays/Celebration/Leisure, Bus or Train,1,0.6666666666666666
mistral-7b,Azerbaijan,English,inst-4,Jod-ch-30,Holidays/Celebration/Leisure," The most significant festival in Azerbaijan, Novruz, is decorated with symbols related to renewal, rebirth, and nature such as fire, water, earth, and air/wind.",1,1.0
mistral-7b,Azerbaijan,English,inst-4,Jod-ch-37,Sport," The question does not specify whether the focus is on traditional or modern sports, so it's difficult to definitively say what sports women in Azerbaijan like to watch the most. However, Pehlevanliq, which includes wrestling and other games, is a traditional sport that is practiced in Azerbaijan. It's possible that some women may enjoy watching this sport due to its cultural significance. For more accurate information, it would be best to refer to recent surveys or studies on the topic.",0,0
mistral-7b,Azerbaijan,English,inst-4,Jod-ch-38,Sport, Wrestling (Pehlevanliq),0,0
mistral-7b,Azerbaijan,English,inst-4,Jod-ch-41,Holidays/Celebration/Leisure," It is not possible to definitively state what the common leisure activity for females in their 20s in Azerbaijan is, as this can vary greatly among individuals and regions. However, it might be relevant to note that drinking tea before and after meals is a common practice in Azerbaijan (as per point [1]).",0,0
mistral-7b,Azerbaijan,English,inst-4,Jod-ch-42,Holidays/Celebration/Leisure," It is not possible to definitively determine a common leisure activity for all males in their 20s in Azerbaijan without specific data or research. However, based on the provided background information, it can be speculated that drinking tea before and after meals could potentially be one of the activities they engage in, as this is described as a common practice in Azerbaijan.",0,0
mistral-7b,Azerbaijan,English,inst-4,Jod-ch-46,Work life," The question does not provide information about the length of breaks taken after lunch in Azerbaijan as it focuses on labor force hours and education statistics. Therefore, I cannot provide an answer based on the given background information.",0,0
mistral-7b,Azerbaijan,English,inst-4,Jod-ch-48,Work life, It is not specified in the provided background information what people eat for lunch during working days in Azerbaijan.,0,0
mistral-7b,Azerbaijan,English,inst-4,Jod-ch-50,Work life," The provided background information does not contain data about the average commute time in Azerbaijan. To answer this question, you would need a dataset that specifically provides this information.",0,0
mistral-7b,Azerbaijan,English,inst-4,Jod-ch-51,Work life, The information provided does not specify the most common mode of transportation for commuting to work in Azerbaijan.,0,0
mistral-7b,Azerbaijan,English,inst-4,Jod-ch-54,Work life,"8 (days) - This is based on the assumption that the standard marriage leave in Azerbaijan is 8 calendar days, which is a common duration for marriage leave in many countries. However, it's important to note that this answer might not be accurate without further research or confirmation of the specific laws and regulations regarding marriage leave in Azerbaijan.",0,0
mistral-7b,Azerbaijan,English,inst-4,Jod-ch-56,Work life,"55 (This is the common retirement age for women in Azerbaijan, but it's always best to double-check with the most recent and official sources as laws may change over time.)",0,0
mistral-7b,Azerbaijan,English,inst-4,Jod-ch-57,Work life,"60 (This is the common retirement age for men in Azerbaijan, but it's always best to double-check with the most recent and official sources as laws may change over time.)",0,0
mistral-7b,Azerbaijan,English,inst-4,Jod-ch-58,Work life, The text does not provide information to determine the most respected profession in Azerbaijan.,0,0
mistral-7b,Azerbaijan,English,inst-4,Jod-ch-60,Work life,"8 (Assuming a standard 8-hour workday, but it's important to note that this may vary depending on the specific job and industry.)",1,1.0
mistral-7b,Azerbaijan,English,inst-4,Jod-ch-61,Work life," The provided information does not specify which occupation is most preferred among females in Azerbaijan. To find this information, you would need to refer to the latest official labour statistics for Azerbaijan that classify employed people by occupation and sex.",0,0
mistral-7b,Azerbaijan,English,inst-4,Jod-ch-62,Work life," The provided information does not specify which occupation is most preferred among males in Azerbaijan, as it only mentions that official labour statistics classify employed people by occupation, status, and sex. To answer this question accurately, we would need specific data or a reliable source that provides the most preferred occupation among males in Azerbaijan.",0,0
mistral-7b,Azerbaijan,English,inst-4,Ki-pe-17,Education," In the provided information, there is no specific detail about the number of levels or years of education that students typically pursue in Azerbaijan. However, it can be inferred that students attend primary and secondary education based on the context of school students participating in annual subject olympiads.",0,0
mistral-7b,Azerbaijan,English,inst-4,Ki-pe-24,Education," Russian, German, French, Arabic, Persian",1,1.0
mistral-7b,Azerbaijan,English,inst-4,Ki-pe-30,Education," Weekends (Saturday and Sunday) in Azerbaijan, as well as national holidays. However, it's best to confirm with the specific school or educational institution for any variations or exceptions.",1,1.0
mistral-7b,Azerbaijan,English,inst-4,Ki-pe-32,Food, Lavash and Pakhlava are commonly prepared foods in Azerbaijan.,0,0
mistral-7b,Azerbaijan,English,inst-4,Ki-pe-34,Food," Tea (with lavash, butter, and cheese)",1,1.0
mistral-7b,Azerbaijan,English,inst-4,Ki-pe-36,Food, Turkey (due to cultural and historical ties),0,0
mistral-7b,Azerbaijan,English,inst-4,Ki-pe-39,Food, Lavash,0,0
mistral-7b,Azerbaijan,English,inst-4,Ki-pe-40,Food," There is no specific food from Azerbaijan that is universally considered disgusting by the rest of the world. The foods mentioned in the background information, such as Lavash and Pakhlava, are traditional dishes enjoyed in many parts of the world.",0,0
mistral-7b,Azerbaijan,English,inst-4,Ki-pe-43,Food, Lavash,1,0.25
mistral-7b,Azerbaijan,English,inst-4,Ki-pe-51,Work life,09:00 - 18:00 (Office hours typically run from 9 AM to 6 PM in Azerbaijan.),1,1.0
mistral-7b,Azerbaijan,English,inst-4,Ki-pe-53,Work life,09:00,1,1.0
mistral-7b,Azerbaijan,English,inst-4,Kik-in-01,Holidays/Celebration/Leisure, Novruz (Nowruz),1,1.0
mistral-7b,Azerbaijan,English,inst-4,Kik-in-02,Holidays/Celebration/Leisure, It is not specified in the provided background information what common activities people from Azerbaijan do to celebrate Independence Day.,0,0
mistral-7b,Azerbaijan,English,inst-4,Kik-in-04,Holidays/Celebration/Leisure, Mourning tent (or Otaq),,
mistral-7b,Azerbaijan,English,inst-4,Kik-in-05,Holidays/Celebration/Leisure," The question does not specify if it's asking about the traditional date for celebrating a pregnancy or the due date of the baby. However, based on the provided information, there isn't any clear indication that a pregnancy is celebrated around Novruz (March 20-21). Therefore, it would be more accurate to say that the exact timing of a pregnancy celebration in Azerbaijan isn't explicitly stated in the given background information.",,
mistral-7b,Azerbaijan,English,inst-4,Kik-in-06,Holidays/Celebration/Leisure, Novruz (New Year),0,0
mistral-7b,Azerbaijan,English,inst-4,Kik-in-07,Holidays/Celebration/Leisure," Dolma (not Lunar New Year, but it's a common dish shared at special occasions including Novruz, which marks spring and the vernal equinox around March 20–21 in Azerbaijan.)",0,0
mistral-7b,Azerbaijan,English,inst-4,Kik-in-08,Holidays/Celebration/Leisure," Preparations for Ramadan, such as cleaning homes, shopping for food, and making traditional dishes, are typically done days before Ramadan in Azerbaijan. However, it's important to note that the specific cultural practices may vary among individuals and communities.",,
mistral-7b,Azerbaijan,English,inst-4,Kik-in-10,Holidays/Celebration/Leisure, It is not possible to determine the most popular tourist attraction for foreign visitors in Azerbaijan based on the provided background information as it does not include specific details about tourist attractions.,0,0
mistral-7b,Azerbaijan,English,inst-4,Kik-in-11,Holidays/Celebration/Leisure," It is not specified in the provided background information about Azerbaijan that there is a most popular religious site for tourism. However, some notable religious sites in Azerbaijan include the Ateshgah Fire Temple, Sheki Khans' Palace, and Juma Mosque in Shamakhi.",1,0.5
mistral-7b,Azerbaijan,English,inst-4,Kik-in-15,Holidays/Celebration/Leisure," In Azerbaijan, there is no specific traditional clothing that women are required to wear during a graduation commencement ceremony. However, they may choose to wear formal Western-style attire or traditional Azerbaijani dress if preferred.",1,1.0
mistral-7b,Azerbaijan,English,inst-4,Kik-in-16,Food, Freshly brewed hot tea,1,1.0
mistral-7b,Azerbaijan,English,inst-4,Kik-in-17,Food, Citrus (as it is part of regional agrotourism in Azerbaijan),0,0
mistral-7b,Azerbaijan,English,inst-4,Kik-in-24,Food, Lavash,0,0
mistral-7b,Azerbaijan,English,inst-4,Kik-in-31,Sport, Pehlevanliq,0,0
mistral-7b,Azerbaijan,English,inst-4,Kik-in-34,Sport," Pehlevanliq is not typically broadcasted on national television in Azerbaijan. Commonly broadcasted sports may include football (soccer), basketball, volleyball, and wrestling (Olympic style).",1,1.0
mistral-7b,Azerbaijan,English,inst-4,Kik-in-35,Sport," Pehlevanliq (wrestling, zorkhana games, individual performances)",0,0
mistral-7b,Azerbaijan,English,inst-4,Kik-in-36,Sport," I'm sorry for any inconvenience, but the provided background information does not contain any data related to the most popular soccer coach in Azerbaijan. To answer this question accurately, you would need additional sources or information that specifically mention the most popular soccer coach in Azerbaijan.",0,0
mistral-7b,Azerbaijan,English,inst-4,Kik-in-37,Sport, Neftchi Baku FC vs Qarabağ FK,0,0
mistral-7b,Azerbaijan,English,inst-4,Kik-in-38,Sport, Karabakh Agoghlan vs Neftchi Baku,,
mistral-7b,Azerbaijan,English,inst-4,Kik-in-40,Sport," I'm sorry for any inconvenience, but as a text-based AI model, I don't have real-time access to databases or the internet to provide specific names of individuals. However, if you are looking for information about famous badminton players from Azerbaijan, I recommend doing a quick online search to find the most up-to-date and accurate information.",,
mistral-7b,Azerbaijan,English,inst-4,Kik-in-41,Sport," I'm sorry for any inconvenience, but as of my last update, there isn't a well-known professional female badminton player from Azerbaijan. However, this doesn't mean that there aren't talented players in the country who may not have gained international recognition yet.",,
mistral-7b,Azerbaijan,English,inst-4,Kik-in-44,Sport," Wrestling (as Pehlevanliq is a traditional Azerbaijani wrestling sport, and the State Committee operates in Child and Family Support Centers may imply some level of governmental support for sports).",1,0.25
mistral-7b,Azerbaijan,English,inst-4,Kik-in-45,Sport," Badminton courts, athletics facilities",0,0
mistral-7b,Azerbaijan,English,inst-4,Na-ko-02,Food, Freshly brewed hot tea,1,1.0
mistral-7b,Azerbaijan,English,inst-4,Na-ko-04,Food," There is no specific information provided to determine a preferred hangover cure food for people from Azerbaijan. However, it can be inferred that since Lavash preparation is associated with post-funeral gatherings and drinking tea before and after meals is common practice, foods prepared during these occasions might be considered as potential hangover cures.",0,0
mistral-7b,Azerbaijan,English,inst-4,Na-ko-05,Food," Lavash (flatbread) and Pakhlava (dessert) are traditional foods in Azerbaijan, but they are not typically delivered as takeout or delivery food. They are often prepared for special occasions like weddings, funerals, or family gatherings.",0,0
mistral-7b,Azerbaijan,English,inst-4,Na-ko-07,Food, The information provided does not specify the type of meat consumed most by people from Azerbaijan.,0,0
mistral-7b,Azerbaijan,English,inst-4,Na-ko-08,Food," The question does not specify the autumn season, but since Azerbaijan is known for its citrus production (as per point [2]), it can be inferred that citrus fruits are grown and consumed there year-round. However, without more specific information about the autumn season, it's difficult to pinpoint a particular fruit associated with this time of year in Azerbaijan.",0,0
mistral-7b,Azerbaijan,English,inst-4,Na-ko-09,Food, Lavash or Pilaf,1,1.0
mistral-7b,Azerbaijan,English,inst-4,Na-ko-11,Food, It is not specified what food people from Azerbaijan eat while watching a soccer game in the provided background information.,0,0
mistral-7b,Azerbaijan,English,inst-4,Na-ko-15,Food," Lavash (flatbread) and Pakhlava (dessert) are both significant foods in Azerbaijani culture, but if asked for a representative nourishing food, I would say Lavash.",0,0
mistral-7b,Azerbaijan,English,inst-4,Na-ko-16,Sport," It is difficult to determine the ""most famous"" soccer player in Azerbaijan as it depends on various factors such as individual achievements, popularity, and personal impact. However, one of the well-known Azerbaijani soccer players is Rashad Sadygov, who played for clubs like FK Qarabağ and FC Baku, and represented the Azerbaijan national team in international competitions.",0,0
mistral-7b,Azerbaijan,English,inst-4,Na-ko-17,Sport, Badminton and Athletics (based on information provided),0,0
mistral-7b,Azerbaijan,English,inst-4,Na-ko-18,Sport," The question does not specify that the sport is for girls, so it's impossible to determine the most common sport girls participate in based on the provided information.",0,0
mistral-7b,Azerbaijan,English,inst-4,Na-ko-19,Sport," I'm sorry for any inconvenience, but as of my last update, I don't have specific information about the most popular volleyball player in Azerbaijan. You may want to consult a more recent source or do a web search for the latest information on this topic.",0,0
mistral-7b,Azerbaijan,English,inst-4,Na-ko-20,Sport," Pehlevanliq (Wrestling) is not mentioned in the background information, but it is a traditional sport that Azerbaijanis are known to be passionate about. However, based on the provided context, the answer would be the International Olympiads (Mathematics, Physics, Chemistry, Biology, and Informatics).",1,1.0
mistral-7b,Azerbaijan,English,inst-4,Na-ko-22,Sport, Armenia,1,1.0
mistral-7b,Azerbaijan,English,inst-4,Na-ko-23,Sport," Athletics academies (based on the information provided, as it mentions the 2024 sport statistics record 39,989 people engaged in athletics sections)",0,0
mistral-7b,Azerbaijan,English,inst-4,Na-ko-24,Sport, Lavash,0,0
mistral-7b,Azerbaijan,English,inst-4,Na-ko-25,Sport," Badminton, Athletics, Artistic Gymnastics, Table Tennis, Taekwondo, Cycling",0,0
mistral-7b,Azerbaijan,English,inst-4,Na-ko-26,Sport, Wrestling (Pehlevanliq) is one of the popular sports among the middle-aged population in Azerbaijan.,0,0
mistral-7b,Azerbaijan,English,inst-4,Na-ko-28,Sport," I'm sorry for any confusion, but the information provided does not seem to be related to winter sports or athletes. The details given are about traditional Azerbaijani cultural practices such as Novruz preparations and Pehlevanliq. If you have a question about a popular Azerbaijani athlete in general, I'd be happy to help with that!",0,0
mistral-7b,Azerbaijan,English,inst-4,Na-ko-29,Sport," I'm sorry for any inconvenience, but the provided background information does not contain details about a famous swimmer from Azerbaijan. For such questions, it would be best to consult a reliable source like Wikipedia or a sports database.",0,0
mistral-7b,Azerbaijan,English,inst-4,Na-ko-30,Sport, The information provided does not mention or imply that Azerbaijan has a popular e-sports game.,,
mistral-7b,Azerbaijan,English,inst-4,Na-ko-33,Holidays/Celebration/Leisure," Baklava, Gogal, Shekerbura, Painted Eggs",0,0
mistral-7b,Azerbaijan,English,inst-4,Na-ko-37,Holidays/Celebration/Leisure," Baku, Guba, or Ganja (depending on personal preference) are regional vacation spots for people from Azerbaijan.",1,1.0
mistral-7b,Azerbaijan,English,inst-4,Na-ko-38,Holidays/Celebration/Leisure," Tea set or other tea-related items, as per tradition.",0,0
mistral-7b,Azerbaijan,English,inst-4,Na-ko-39,Holidays/Celebration/Leisure, Azerbaijani Tea or Lankaran tea,0,0
mistral-7b,Azerbaijan,English,inst-4,Na-ko-40,Holidays/Celebration/Leisure,"3 (This is based on the information provided, but it's important to note that customs and traditions can vary within a country, so this answer should be considered an approximation.)",1,1.0
mistral-7b,Azerbaijan,English,inst-4,Na-ko-41,Holidays/Celebration/Leisure, Lavash,0,0
mistral-7b,Azerbaijan,English,inst-4,Na-ko-42,Holidays/Celebration/Leisure, Lavash,0,0
mistral-7b,Azerbaijan,English,inst-4,Na-ko-43,Holidays/Celebration/Leisure," Congregate to celebrate before Novruz, which is not the Lunar New Year but marks spring and the vernal equinox around March 20-21.",,
mistral-7b,Azerbaijan,English,inst-4,Na-ko-44,Holidays/Celebration/Leisure, It is not possible to determine the day with Azerbaijan's most severe nationwide traffic congestion from the provided background information.,0,0
mistral-7b,Azerbaijan,English,inst-4,Na-ko-45,Holidays/Celebration/Leisure," Baku, Guba, or Ganja are not typically associated with being a honeymoon destination in Azerbaijan. However, as there isn't specific information provided about popular honeymoon destinations, it is difficult to definitively answer this question. It would be best to consult travel guides or tourism websites for accurate and up-to-date information on honeymoon destinations in Azerbaijan.",0,0
mistral-7b,Azerbaijan,English,inst-4,Ne-ar-05,Holidays/Celebration/Leisure, Novruz,1,1.0
mistral-7b,Azerbaijan,English,inst-4,Ne-ar-06,Holidays/Celebration/Leisure," It is not specified in the provided background information what people from Azerbaijan eat during Ramadan. Traditional foods may vary depending on individual and regional preferences, and can include dishes such as pilaf, dolma, kebabs, and sweets like pakhlava. However, it's important to note that practices can also differ based on personal beliefs and cultural influences.",1,0.3333333333333333
mistral-7b,Azerbaijan,English,inst-4,Ne-ar-09,Holidays/Celebration/Leisure," There is no specific information provided about what people from Azerbaijan eat during Eid ul Fitr. However, traditional desserts like Pakhlava are part of their regional cuisine.",0,0
mistral-7b,Azerbaijan,English,inst-4,Ne-ar-10,Holidays/Celebration/Leisure," The question does not specify that it is about traditional Azerbaijani celebrations for Eid ul Adha. However, if we consider the regional desserts mentioned (pakhlava), and the fact that many Muslim countries celebrate Eid ul Adha with sweet dishes, it can be inferred that people from Azerbaijan might eat Pakhlava during Eid ul Adha. But it's important to note that this is an assumption based on the information provided, as there may be other traditional dishes specific to Azerbaijani celebrations of Eid ul Adha.",0,0
mistral-7b,Azerbaijan,English,inst-4,Ne-ar-11,Holidays/Celebration/Leisure," There is no specific information provided about where people from Azerbaijan go to celebrate New Year's Day in the background information given. However, it is common for many people around the world to celebrate New Year's Day with family and friends, regardless of location.",0,0
mistral-7b,Azerbaijan,English,inst-4,Ne-ar-14,Holidays/Celebration/Leisure, Home or extended family's residence,1,1.0
mistral-7b,Azerbaijan,English,inst-4,Ne-ar-16,Work life," The day of the weekend in Azerbaijan can vary depending on cultural practices and specific regions, but generally, it's either Saturday or Sunday like many other countries following the Gregorian calendar. However, for official purposes, Friday is often considered a half-day workweek in Azerbaijan. It's best to confirm with local resources for accurate information regarding specific areas or occasions.",1,1.0
mistral-7b,Azerbaijan,English,inst-4,Ne-ar-17,Work life, The provided background information does not specify the starting time of work for most people in Azerbaijan.,0,0
mistral-7b,Azerbaijan,English,inst-4,Ne-ar-18,Work life," The provided information does not specify the average finishing time of work for people in Azerbaijan. To answer this question accurately, additional data or a specific source that provides such information would be required.",0,0
mistral-7b,Azerbaijan,English,inst-4,Ne-ar-20,Work life," A secure job in Azerbaijan can be found within sectors that are well-established, have a stable workforce, and are supported by the government or key industries. Examples may include public administration, education, healthcare, oil and gas, and traditional industries like silk production (in regions such as Shaki). However, it's important to note that employment security can vary based on economic conditions, policies, and individual circumstances. For more accurate information, it is recommended to consult official labor statistics or relevant authorities in Azerbaijan.",1,0.5
mistral-7b,Azerbaijan,English,inst-4,Ne-ar-24,Work life, Baku,1,1.0
mistral-7b,Azerbaijan,English,inst-4,Ne-ar-25,Work life," The question does not provide information to determine which industry pays the best in Azerbaijan, as it only mentions tourism (agrotourism and silk production) and labor statistics without any data on wages or salaries. To answer this question accurately, you would need data on average earnings by industry from a reliable source such as the government's statistical agency or a reputable economic research organization.",0,0
mistral-7b,Azerbaijan,English,inst-4,Ne-ar-26,Work life," I'm sorry for any confusion, but the provided background information does not contain details about public corporations in Azerbaijan. Therefore, I cannot provide an accurate answer to your question. Some notable public corporations in Azerbaijan include SOCAR (State Oil Company of the Republic of Azerbaijan) and Azerbaijan Airlines (AZAL).",1,1.0
mistral-7b,Azerbaijan,English,inst-4,Ne-ar-31,Food," It is not possible to determine the ""most famous"" dish in Azerbaijan as regional preferences may vary, but dishes such as Suzme Plov, Pakhlava, and Lankaran tea are significant parts of Azerbaijani culinary tradition.",0,0
mistral-7b,Azerbaijan,English,inst-4,Ne-ar-32,Food, Lavash (rolled flatbread) with butter and cheese.,1,1.0
mistral-7b,Azerbaijan,English,inst-4,Ne-ar-33,Food,13:00,1,1.0
mistral-7b,Azerbaijan,English,inst-4,Ne-ar-34,Food, Lavash,0,0
mistral-7b,Azerbaijan,English,inst-4,Ne-ar-36,Food, Pilaf,1,1.0
mistral-7b,Azerbaijan,English,inst-4,Ne-ar-37,Food," Citrus (oranges, lemons, etc.)",0,0
mistral-7b,Azerbaijan,English,inst-4,Ne-ar-38,Food, Lavash (or similar flatbread) is often offered as charity in Azerbaijan.,0,0
mistral-7b,Azerbaijan,English,inst-4,Ne-ar-39,Food," The information provided does not specify or suggest any details about fast food in Azerbaijan, so it's impossible to determine the cheapest fast food based on this data.",0,0
mistral-7b,Azerbaijan,English,inst-4,Ne-ar-43,Food, Armudu glasses,0,0
mistral-7b,Azerbaijan,English,inst-4,Ne-ar-44,Food," No information provided suggests that people have anything specifically with coffee in Azerbaijan. The information provided pertains to tea culture, not coffee.",0,0
mistral-7b,Azerbaijan,English,inst-4,New-am-02,Food," Lavash (a type of flatbread) is associated with significant events like weddings and post-funeral gatherings in Azerbaijan, but it's not necessarily the most popular traditional food. The most popular traditional dish in Azerbaijan might be Plov (Pilaf), a rice dish cooked with meat, vegetables, and various spices.",1,1.0
mistral-7b,Azerbaijan,English,inst-4,New-am-04,Food," The question does not mention any information about a dipping sauce in Azerbaijan, so it's impossible to determine the most popular one based on the provided background information.",0,0
mistral-7b,Azerbaijan,English,inst-4,New-am-08,Food," There is no specific information provided about the religious practices or dietary customs of Azerbaijan related to Christian fasting. Therefore, it's not possible to definitively answer this question based on the background information given.",0,0
mistral-7b,Azerbaijan,English,inst-4,New-am-15,Food," Samani (or sprouted wheat) is traditionally prepared for Novruz, not specifically for childbirth in Azerbaijan. However, it's important to note that traditions can vary and there might be regional differences.",,
mistral-7b,Azerbaijan,English,inst-4,New-am-27,Sport," I'm sorry for any inconvenience, but as a text-based AI model, I don't have real-time access to databases or the internet to provide specific names of individuals. However, I can tell you that the most popular female sports figures in Azerbaijan are typically those who excel in sports such as gymnastics, judo, and football (soccer). You may want to look up current athletes in these fields for more information.",0,0
mistral-7b,Azerbaijan,English,inst-4,New-am-34,Education," In Azerbaijan, most elementary school students prepare for their exams at home or school.",1,1.0
mistral-7b,Azerbaijan,English,inst-4,New-am-41,Education," The question does not specify the type of education system in Azerbaijan, so it's impossible to determine the exact grade level where students take their first national-level examination without additional information. However, in many countries, this examination is often taken during secondary school (high school) years.",0,0
mistral-7b,Azerbaijan,English,inst-4,New-am-53,Work life, Lankaran,1,1.0
mistral-7b,Azerbaijan,English,inst-4,New-am-54,Work life," I'm sorry for any inconvenience, but the provided background information does not contain details about which region in Azerbaijan is widely known for its livestock industry. For a precise answer, you may want to refer to specific data or resources that focus on agriculture and livestock production in Azerbaijan.",0,0
mistral-7b,Azerbaijan,English,inst-4,New-am-59,Work life," The provided information does not specify the main occupation of people living in deserts in Azerbaijan. It focuses on occupations in general, agrotourism, and traditional meals, but there's no mention of desert dwellers or their occupations.",,
mistral-7b,Azerbaijan,English,inst-4,New-am-60,Work life, There is no information provided that suggests an animal is typically used for transportation in Azerbaijan.,0,0
mistral-7b,Azerbaijan,English,inst-4,New-am-72,Family," I'm sorry for any inconvenience, but the information provided does not include data about the most popular comic books for children in Azerbaijan. For such information, you would need to refer to sources that specialize in media and entertainment statistics or cultural studies related to Azerbaijan.",0,0
mistral-7b,Azerbaijan,English,inst-4,New-am-73,Family," I'm sorry for any inconvenience, but as a text-based AI model, I don't have real-time access to browse or search the internet. Therefore, I can't provide the most popular YouTube channel for children in Azerbaijan at this moment. You may want to check the latest statistics from reliable sources such as Social Blade or SimilarWeb for up-to-date information.",,
mistral-7b,Azerbaijan,English,inst-4,New-am-74,Family," I'm an AI and I don't have real-time data or the ability to browse the internet, so I can't provide the name of the most popular talk show in Azerbaijan. You may want to consult a more up-to-date source for this information.",0,0
mistral-7b,Azerbaijan,English,inst-4,New-am-77,Holidays/Celebration/Leisure," Novruz (Nowruz) is the most famous secular holiday in Azerbaijan, not a specific religious one.",0,0
mistral-7b,Azerbaijan,English,inst-4,New-am-81,Holidays/Celebration/Leisure,"1 (Assuming that Novruz, which begins during the final month of winter, might be a popular time for weddings due to cultural traditions.)",0,0
mistral-7b,Azerbaijan,English,inst-4,New-am-83,Holidays/Celebration/Leisure, Tar (or Oud),1,0.5
mistral-7b,Azerbaijan,English,inst-4,New-as-01,Food, Tea and Citrus (based on information provided),0,0
mistral-7b,Azerbaijan,English,inst-4,New-as-02,Food, Lavash,0,0
mistral-7b,Azerbaijan,English,inst-4,New-as-05,Food, Lankaran tea,1,1.0
mistral-7b,Azerbaijan,English,inst-4,New-as-07,Food," I'm sorry for any confusion, but the information provided does not mention any popular dish cooked with fish in Azerbaijan. The dishes mentioned are Suzme plov (a rice dish) and Pakhlava (a dessert). If you have specific information about a fish dish from Azerbaijan, I would be happy to help find that!",0,0
mistral-7b,Azerbaijan,English,inst-4,New-as-14,Food," Lavash (a type of flatbread) is associated with gatherings in Azerbaijan, but there's no specific mention of it being eaten during rainy weather. Therefore, without more context or information, it's not possible to definitively say what food people from Azerbaijan like to eat during rainy weather.",1,1.0
mistral-7b,Azerbaijan,English,inst-4,New-as-15,Food, Iced Tea,1,1.0
mistral-7b,Azerbaijan,English,inst-4,New-as-20,Sport," I'm sorry for any confusion, but the information provided doesn't specify an indoor sport that's particularly popular in Azerbaijan. The Pehlevanliq tradition involves wrestling and zorkhana games, which are outdoor sports. If you have specific data about indoor sports, I would be happy to help with that!",0,0
mistral-7b,Azerbaijan,English,inst-4,New-as-29,Sport, Wrestling (or Pehlevanliq),0,0
mistral-7b,Azerbaijan,English,inst-4,New-as-30,Sport," Pehlevanliq (wrestling and zorkhana games) or other sports as per personal preferences, since the question asks about what they ""like to watch"". However, it's important to note that the data provided refers to people engaged in sport sections, not necessarily those who only watch.",0,0
mistral-7b,Azerbaijan,English,inst-4,New-as-58,Work life, Tea,1,1.0
mistral-7b,Azerbaijan,English,inst-4,New-as-64,Family, Novruz,1,1.0
mistral-7b,Azerbaijan,English,inst-4,New-as-76,Holidays/Celebration/Leisure," Zorkhana games, wrestling (Pehlevanliq)",0,0
mistral-7b,Azerbaijan,English,inst-4,New-as-80,Holidays/Celebration/Leisure, Pehlevanliq (traditional Azerbaijani costume),,
mistral-7b,Azerbaijan,English,inst-4,New-as-89,Holidays/Celebration/Leisure, Traditional festival accessories worn by people from Azerbaijan include Shaki silk crafts.,,
mistral-7b,Azerbaijan,English,inst-4,New-az-05,Food, The information provided does not mention any specific region for alcohol production in Azerbaijan.,0,0
mistral-7b,Azerbaijan,English,inst-4,New-az-11,Food," Citrus (fruits like oranges, lemons, etc.)",0,0
mistral-7b,Azerbaijan,English,inst-4,New-az-12,Food, Lankaran Region (or Lankaran Rayon) is known for its seafood in Azerbaijan.,1,1.0
mistral-7b,Azerbaijan,English,inst-4,New-az-21,Sport," The information provided does not specify which region in Azerbaijan is the most popular skiing destination. However, Gudauri in Georgia, located near Azerbaijan, is a popular ski resort for many Azerbaijani tourists.",0,0
mistral-7b,Azerbaijan,English,inst-4,New-az-26,Sport," I'm sorry for any confusion, but the provided background information does not contain any details about martial arts or a popular martial arts player in Azerbaijan. Therefore, it is impossible to provide an accurate answer based on the given context.",0,0
mistral-7b,Azerbaijan,English,inst-4,New-az-27,Sport," Pehlevanliq (Azerbaijani traditional wrestling and zorkhana games) is not a modern, globally recognized sport that has grown significantly in popularity over the last decade. However, it remains an important cultural tradition within Azerbaijan. For a more contemporary sport, you may want to look into football (soccer), basketball, or judo, which have seen growth in Azerbaijan in recent years.",1,1.0
mistral-7b,Azerbaijan,English,inst-4,New-az-39,Education, It is not possible to determine the most popular destination for students from Azerbaijan studying abroad based on the provided background information.,0,0
mistral-7b,Azerbaijan,English,inst-4,New-az-49,Work life," I'm sorry for any confusion, but the provided background information does not contain data about the number of people working in a typical family in Azerbaijan. The information provided pertains to employment statistics by region and gender indicators, but not specific family-related employment numbers. To answer this question accurately, you would need additional data or a reliable source that provides such information.",0,0
mistral-7b,Azerbaijan,English,inst-4,New-az-60,Family, Both parents share responsibility for the upbringing of a child in Azerbaijan.,0,0
mistral-7b,Azerbaijan,English,inst-4,New-az-69,Holidays/Celebration/Leisure, There is no information provided that suggests a preferred alcoholic beverage for men from Azerbaijan.,0,0
mistral-7b,Azerbaijan,English,inst-4,New-az-70,Holidays/Celebration/Leisure," There is no information provided to suggest that there is a preferred alcoholic beverage for women from Azerbaijan. The information given pertains to Lankaran tea, its cultural significance, and the traditional glassware used for drinking it.",0,0
mistral-7b,Azerbaijan,English,inst-4,New-az-73,Holidays/Celebration/Leisure, The information provided does not specify an average number of attendees at a wedding in Azerbaijan.,0,0
mistral-7b,Azerbaijan,English,inst-4,New-ch-01,Food," The type of meat used for barbecue in Azerbaijan is not explicitly stated in the provided background information. However, it's common to find lamb, beef, and chicken used in Azerbaijani cuisine.",1,1.0
mistral-7b,Azerbaijan,English,inst-4,New-ch-02,Food,09:00,1,0.25
mistral-7b,Azerbaijan,English,inst-4,New-ch-04,Food, Lavash (flatbread) is commonly consumed as a late-night snack in Azerbaijan.,1,0.5
mistral-7b,Azerbaijan,English,inst-4,New-ch-05,Food," The information provided does not specify a ""most famous spicy dish"" in Azerbaijan.",0,0
mistral-7b,Azerbaijan,English,inst-4,New-ch-07,Food," It is not explicitly stated in the provided background information what food items are typically paired with hard liquor in Azerbaijan. However, traditional dishes such as Lavash and Novruz table items could potentially be served alongside hard liquor in social gatherings.",0,0
mistral-7b,Azerbaijan,English,inst-4,New-ch-08,Food," Lavash (flatbread) is an indispensable component of Azerbaijani meals, not a seasoning.",0,0
mistral-7b,Azerbaijan,English,inst-4,New-ch-09,Food, Black Tea (in the Azerbaijani-Turkish tradition),0,0
mistral-7b,Azerbaijan,English,inst-4,New-ch-13,Food," I'm sorry for any confusion, but the information provided does not mention any specific alcohol brand from Azerbaijan. For more detailed information about Azerbaijani alcoholic beverages, you might want to research local wines such as Madrasa or Azygay, or traditional drinks like Shirap (grape vodka) and Nabudhan-i-Vilayat (Azerbaijani cognac).",0,0
mistral-7b,Azerbaijan,English,inst-4,New-ch-14,Food, It is not specified in the provided background information what foods people usually eat when they are sick in Azerbaijan.,0,0
mistral-7b,Azerbaijan,English,inst-4,New-ch-15,Food," Lavash, Samani, and other packaged or ready-to-eat foods such as pastries, snacks, and canned goods.",0,0
mistral-7b,Azerbaijan,English,inst-4,New-ch-16,Sport," I'm sorry for any inconvenience, but the provided background information does not help to determine the most famous sports-related movie in Azerbaijan. To answer this question accurately, I would need additional information or resources about the cinema and popular culture of Azerbaijan.",0,0
mistral-7b,Azerbaijan,English,inst-4,New-ch-17,Sport," The provided data does not specify any ""extreme"" sports, so it is impossible to determine which extreme sport people generally wish to try the most in Azerbaijan based on the given information.",0,0
mistral-7b,Azerbaijan,English,inst-4,New-ch-18,Sport," The provided background information does not contain any details about sports or track and field events in Azerbaijan, so it's impossible to determine the most popular track and field event to watch in Azerbaijan based on this data.",0,0
mistral-7b,Azerbaijan,English,inst-4,New-ch-19,Sport," I'm sorry for any inconvenience, but as a text-based AI model, I don't have real-time data or the ability to determine the most popular sport or gymnastics event in a specific region like Azerbaijan. However, you can find this information by researching the sports culture and preferences of the people in that country.",0,0
mistral-7b,Azerbaijan,English,inst-4,New-ch-23,Sport, It is not possible to determine the most famous table tennis player in Azerbaijan from the provided background information.,,
mistral-7b,Azerbaijan,English,inst-4,New-ch-26,Sport, The Winter Olympics are not relevant to Azerbaijan as it does not have winter sports facilities for hosting such events.,0,0
mistral-7b,Azerbaijan,English,inst-4,New-ch-27,Sport," Magomed Abdulhamidov (also known as Magomed Abdulhamidovich Abdulhamidov) is one of the most famous boxers from Azerbaijan. He won a gold medal at the 2015 European Games in Baku, Azerbaijan, and represented his country at the 2016 Summer Olympics in Rio de Janeiro, Brazil.",0,0
mistral-7b,Azerbaijan,English,inst-4,New-ch-30,Sport," I'm sorry for any inconvenience, but the information provided does not include details about track and field athletes in Azerbaijan. Therefore, I cannot provide a specific name as the most famous track and field athlete from Azerbaijan.",0,0
mistral-7b,Azerbaijan,English,inst-4,New-ch-31,Work life," There is no information provided to suggest that parents in Azerbaijan have a preference for a specific job for their children. The background information focuses on parental duties, marriage dissolution, and shared responsibility for child-rearing.",0,0
mistral-7b,Azerbaijan,English,inst-4,New-ch-32,Work life," Office software used in Azerbaijan can vary depending on the specific industry and company, but commonly used applications include Microsoft Office Suite (Word, Excel, PowerPoint), Google Workspace (Docs, Sheets, Slides) and LibreOffice.",1,1.0
mistral-7b,Azerbaijan,English,inst-4,New-ch-38,Work life," Cities and Regions in Azerbaijan, such as Baku (the capital), Sumgait, Ganja, and others, are known for their import and export activities.",1,1.0
mistral-7b,Azerbaijan,English,inst-4,New-ch-39,Work life," I don't have real-time data or specific information about the e-commerce platforms commonly used in Azerbaijan. However, it's important to note that as of 2021, some popular e-commerce platforms in the region include 1Sales (1SANA), Ticarube, and SberMarket (formerly known as Berqibazar). These platforms are not exclusive to Azerbaijan but are widely used across the Caucasus region.",0,0
mistral-7b,Azerbaijan,English,inst-4,New-ch-44,Work life," The information provided does not specify the typical probation period for new employees in Azerbaijan. For accurate information, you should refer to labor laws or regulations of Azerbaijan.",0,0
mistral-7b,Azerbaijan,English,inst-4,New-ch-45,Work life," Cultural and creative industries, based on the provided labor statistics.",0,0
mistral-7b,Azerbaijan,English,inst-4,New-ch-49,Family, There is no information provided in the background details that suggests a common way for family members to communicate remotely in Azerbaijan.,0,0
mistral-7b,Azerbaijan,English,inst-4,New-ch-51,Family, Hotel or Apartment (depending on preference and group size),1,1.0
mistral-7b,Azerbaijan,English,inst-4,New-ch-54,Family," The question does not specify that it's about a fruit prepared for family dinners. However, if we consider traditional Azerbaijani dishes, Lavash (flatbread) is often served during meals. So, there isn't a specific fruit mentioned in the context of family dinners.",0,0
mistral-7b,Azerbaijan,English,inst-4,New-ch-64,Education," The provided information does not contain the number of hours of classes per week for university students in Azerbaijan. To find this information, you may need to refer to a more specific source or resource that provides details about the academic calendar and structure of universities in Azerbaijan.",0,0
mistral-7b,Azerbaijan,English,inst-4,New-ch-66,Education,0 (Public high schools in Azerbaijan are generally free of charge.),1,1.0
mistral-7b,Azerbaijan,English,inst-4,New-ch-70,Education, Azerbaijani as the state language.,1,1.0
mistral-7b,Azerbaijan,English,inst-4,New-ch-71,Education," I'm sorry for any inconvenience, but the information provided does not contain the average class size in high schools in Azerbaijan. The data points you've shared are about languages taught in schools and the structure of education statistics. To find the average class size, you would need to refer to a reliable source that provides this specific information.",0,0
mistral-7b,Azerbaijan,English,inst-4,New-ch-72,Education," The provided background information does not specify which major is considered most conducive to employment in Azerbaijan. To accurately answer this question, more specific data or a source that provides such information would be required.",0,0
mistral-7b,Azerbaijan,English,inst-4,New-ch-73,Education, It is not possible to determine the most popular types of clubs among university students in Azerbaijan based on the provided background information.,0,0
mistral-7b,Azerbaijan,English,inst-4,New-ch-74,Education, It is not specified in the provided background information what types of accommodation university students in Azerbaijan typically live in.,0,0
mistral-7b,Azerbaijan,English,inst-4,New-ch-75,Education,"45 (This is the standard length of a class period in minutes for middle school students in Azerbaijan, although it can vary slightly depending on the specific school or curriculum.)",1,1.0
mistral-7b,Azerbaijan,English,inst-4,New-ch-78,Holidays/Celebration/Leisure," The question does not specify the leisure activities of retired women, but since it mentions cultural and creative industries, regional agrotourism, and the publication of women employees by economic activity in official labour statistics, it can be inferred that retired women may have an interest in these areas. However, without specific data or additional context, it is not possible to definitively state what leisure activities retired women typically like in Azerbaijan.",0,0
mistral-7b,Azerbaijan,English,inst-4,New-ch-79,Holidays/Celebration/Leisure," Tea tasting, citrus orchard visits (agrotourism), and cultural activities related to the creative industries.",0,0
mistral-7b,Azerbaijan,English,inst-4,New-ch-80,Holidays/Celebration/Leisure," Religious sites are typically visited during Novruz, as well as other religious holidays specific to the various faiths practiced in Azerbaijan.",0,0
mistral-7b,Azerbaijan,English,inst-4,New-ch-81,Holidays/Celebration/Leisure," It is not explicitly stated in the provided background information what the typical housewarming gifts in Azerbaijan are. However, as Azerbaijan has rich traditions of desserts and agrotourism, it could be reasonable to assume that food items such as pakhlava or other local sweets, tea, citrus fruits, or even plants for the new home might be considered appropriate housewarming gifts.",0,0
mistral-7b,Azerbaijan,English,inst-4,New-ch-82,Holidays/Celebration/Leisure," The question does not provide information about the typical starting time for weddings in Azerbaijan. Therefore, I cannot provide an answer based on the given background information.",0,0
mistral-7b,Azerbaijan,English,inst-4,New-ch-83,Holidays/Celebration/Leisure," It is not stated or implied in the provided background information that one specific city in Azerbaijan hosts festivals more than others. The information provided pertains to travel documents, education ministry activities, and regional dessert traditions.",0,0
mistral-7b,Azerbaijan,English,inst-4,New-ch-84,Holidays/Celebration/Leisure, White or red are commonly worn at Azerbaijani weddings.,1,0.5
mistral-7b,Azerbaijan,English,inst-4,New-ch-85,Holidays/Celebration/Leisure, Black,1,1.0
mistral-7b,Azerbaijan,English,inst-4,New-en-01,Food," Pakhlava (or a similar regional dessert) could be eaten in the cinema in Azerbaijan, as it is a traditional dessert from the region. However, without specific context or information about the scenario, it's impossible to definitively say what snack is eaten in every cinema in Azerbaijan.",0,0
mistral-7b,Azerbaijan,English,inst-4,New-en-02,Food, The information provided does not mention anything about the most popular chip or crisp flavor in Azerbaijan.,0,0
mistral-7b,Azerbaijan,English,inst-4,New-en-04,Food," I don't have real-time data or information about specific celebrities, but some well-known chefs from Azerbaijan include Huseyn Hajiyev and Rashad Behbudov. However, it is always best to verify the current status of celebrity chefs with up-to-date sources.",0,0
mistral-7b,Azerbaijan,English,inst-4,New-en-05,Food, Pilaf,0,0
mistral-7b,Azerbaijan,English,inst-4,New-en-07,Food," I don't have real-time data or the ability to browse the internet, so I can't provide specific names of popular cooking shows in Azerbaijan. However, considering the regional culinary traditions mentioned, it would be reasonable to assume that there might be cooking shows featuring local dishes such as Pakhlava and Lankaran tea.",0,0
mistral-7b,Azerbaijan,English,inst-4,New-en-08,Food," I'm sorry for any inconvenience, but the provided background information does not contain any details about the most popular chocolate brand in Azerbaijan. For such specific information, it would be best to refer to reliable sources that specialize in food and beverage industries or conduct a quick online search.",0,0
mistral-7b,Azerbaijan,English,inst-4,New-en-10,Food," I'm sorry for any inconvenience, but the provided information does not specify the most eaten cheese in Azerbaijan. The information given primarily focuses on traditional dishes, regional desserts, and beverages. To find out about the most commonly consumed cheese in Azerbaijan, further research or a more specific source would be required.",0,0
mistral-7b,Azerbaijan,English,inst-4,New-en-11,Food, There is no information provided to determine the most disliked vegetable in Azerbaijan.,0,0
mistral-7b,Azerbaijan,English,inst-4,New-en-12,Food, Lavash,0,0
mistral-7b,Azerbaijan,English,inst-4,New-en-17,Sport, It is not specified in the provided background information what the most common cheering tools used by sports fans in Azerbaijan are.,0,0
mistral-7b,Azerbaijan,English,inst-4,New-en-18,Sport," Armudu glasses (for tea) are associated with Azerbaijan, but there is no information provided about what fans bring to a live game. Therefore, it cannot be definitively stated that fans bring armudu glasses to a live game in Azerbaijan.",0,0
mistral-7b,Azerbaijan,English,inst-4,New-en-19,Sport," I'm sorry for any confusion, but the information provided does not include details about sports or stadiums in Azerbaijan. Therefore, I cannot provide an answer to your question.",0,0
mistral-7b,Azerbaijan,English,inst-4,New-en-23,Sport, Leyla Atasoy,0,0
mistral-7b,Azerbaijan,English,inst-4,New-en-26,Sport," I'm sorry for any inconvenience, but the provided background information does not include any details about sports or sporting chants in Azerbaijan. Therefore, I cannot provide an accurate answer to your question.",0,0
mistral-7b,Azerbaijan,English,inst-4,New-en-38,Work life, Cultural and Creative Industries,1,0.5
mistral-7b,Azerbaijan,English,inst-4,New-en-41,Work life," I don't have real-time data or information about individuals, so I can't definitively say who the most successful entrepreneur in Azerbaijan is at this moment. However, some notable entrepreneurs from Azerbaijan include Emin Agalarov, a businessman and developer, and Vagif Aliyev, founder of the PASHA Bank.",0,0
mistral-7b,Azerbaijan,English,inst-4,New-en-47,Family, Tea and citrus plants (based on information provided),0,0
mistral-7b,Azerbaijan,English,inst-4,New-en-49,Family," I'm sorry for any confusion, but the information provided does not offer any insight into the most famous family in Azerbaijan. For that, you would need historical, cultural, or contemporary context about notable families in Azerbaijani history or society.",0,0
mistral-7b,Azerbaijan,English,inst-4,New-en-50,Family," I'm unable to determine the most common family name in Azerbaijan as the provided information does not include that detail. Common Azerbaijani surnames include Aliyev, Mammadov, and Abbasov among others.",1,1.0
mistral-7b,Azerbaijan,English,inst-4,New-en-55,Family, Islam,1,1.0
mistral-7b,Azerbaijan,English,inst-4,New-en-56,Family," It is not stated in the provided information which foreign language is the most popular among families in Azerbaijan. The information provided only mentions several foreign languages taught in schools, but does not specify their popularity among families.",0,0
mistral-7b,Azerbaijan,English,inst-4,New-en-59,Family," The question does not provide information about emigration destinations, so it's impossible to determine the most popular destination for families from Azerbaijan to emigrate to based on the provided background information.",0,0
mistral-7b,Azerbaijan,English,inst-4,New-en-68,Education," The specific repercussions for bad behavior in schools in Azerbaijan may vary, but they can include warnings, detentions, suspension, or expulsion. It is also possible that the student's parents could be contacted and involved in addressing the issue.",1,0.3333333333333333
mistral-7b,Azerbaijan,English,inst-4,New-en-69,Education, Azerbaijani writers,0,0
mistral-7b,Azerbaijan,English,inst-4,New-en-70,Education,4 (Four),0,0
mistral-7b,Azerbaijan,English,inst-4,New-en-72,Education," The question does not specify which online resource students use for what purpose (e.g., studying minority mother tongues, learning dolma techniques, etc.). Therefore, it is impossible to provide a single answer based on the given background information.",0,0
mistral-7b,Azerbaijan,English,inst-4,New-en-75,Education,"14 (This is an approximation, as the exact number can vary slightly depending on the university and program.)",0,0
mistral-7b,Azerbaijan,English,inst-4,New-en-76,Holidays/Celebration/Leisure," I'm an assistant and don't have real-time data or the ability to determine the busiest airport in Azerbaijan during the holiday season. For accurate information, you should consult reliable sources such as aviation authorities or travel agencies.",0,0
mistral-7b,Azerbaijan,English,inst-4,New-en-79,Holidays/Celebration/Leisure, Pehlevanliq (or its local name),0,0
mistral-7b,Azerbaijan,English,inst-4,New-en-87,Holidays/Celebration/Leisure," The Gobustan Rock Art Chalk Cliffs are one of the most famous historic landmarks in Azerbaijan. They are recognized for their rich collection of rock engravings dating back to 20,000 BC.",0,0
mistral-7b,Azerbaijan,English,inst-4,New-en-90,Holidays/Celebration/Leisure, I don't have information to determine the most famous hotel brand in Azerbaijan as the provided background information does not mention any hotel brands.,0,0
mistral-7b,Azerbaijan,English,inst-4,New-gr-05,Food, Lavash (rolled flatbread),0,0
mistral-7b,Azerbaijan,English,inst-4,New-gr-06,Food, Pakhlava (or Baklava) is one of the popular desserts among young people in Azerbaijan.,0,0
mistral-7b,Azerbaijan,English,inst-4,New-gr-08,Food, It is not provided in the background information that there is a specific type of alcoholic drink most commonly consumed at festivals in Azerbaijan.,0,0
mistral-7b,Azerbaijan,English,inst-4,New-gr-13,Food," Tea (specifically, Lankaran tea) is commonly consumed as a morning drink in Azerbaijan.",1,1.0
mistral-7b,Azerbaijan,English,inst-4,New-gr-15,Food, Pakhlava (or Baklava),1,1.0
mistral-7b,Azerbaijan,English,inst-4,New-gr-21,Sport," The information provided does not indicate that racket sports are particularly popular in Azerbaijan. The tradition mentioned, Pehlevanliq, involves wrestling and zorkhana games, not racket sports.",0,0
mistral-7b,Azerbaijan,English,inst-4,New-gr-24,Sport," The information provided does not specify a track and field sport that is popular in Azerbaijan. Pehlevanliq, as mentioned, is a traditional sport-and-performance tradition involving wrestling and zorkhana games, but it is not a track and field sport. To find the most popular track and field sport in Azerbaijan, additional research would be required.",1,1.0
mistral-7b,Azerbaijan,English,inst-4,New-gr-29,Sport, The information provided does not mention any specific international sporting event that is popular in Azerbaijan.,0,0
mistral-7b,Azerbaijan,English,inst-4,New-gr-47,Work life," I'm sorry for the inconvenience, but the provided background information does not contain data about the duration of typical work breaks in Azerbaijan, excluding lunch and dinner breaks. To answer this question accurately, you would need specific labor regulations or guidelines from Azerbaijan that detail the duration of such breaks.",0,0
mistral-7b,Azerbaijan,English,inst-4,New-gr-58,Work life," Without specific data, it's not possible to definitively say which job is considered underpaid in Azerbaijan based on the provided background information. However, if we consider that traditional silk production methods are mentioned, it could be inferred that artisanal work, such as silk production, might be underpaid compared to other jobs due to its association with traditional crafts and the perceived lower economic value of such work. But again, this is an assumption based on the information provided. For a definitive answer, data from official labor statistics would be required.",0,0
mistral-7b,Azerbaijan,English,inst-4,New-gr-76,Holidays/Celebration/Leisure, The information provided does not specify a traditional food associated with Easter in Azerbaijan.,0,0
mistral-7b,Azerbaijan,English,inst-4,New-gr-82,Holidays/Celebration/Leisure, The provided information does not specify or suggest that there is a most popular music genre among the elderly population in Azerbaijan.,0,0
mistral-7b,Azerbaijan,English,inst-4,New-gr-88,Holidays/Celebration/Leisure, Lankaran Tea,1,1.0
mistral-7b,Azerbaijan,English,inst-4,New-gr-89,Holidays/Celebration/Leisure, Tea (Chai),0,0
mistral-7b,Azerbaijan,English,inst-4,New-ha-07,Food, Lavash (flatbread) is a food that originated from Azerbaijan and can be found in various parts of the world.,0,0
mistral-7b,Azerbaijan,English,inst-4,New-ha-08,Food," Lavash (as it is often associated with weddings and post-funeral gatherings, which may involve elder members of the community).",0,0
mistral-7b,Azerbaijan,English,inst-4,New-ha-09,Food, Porcelain (for serving freshly brewed hot tea),0,0
mistral-7b,Azerbaijan,English,inst-4,New-ha-13,Food, The information provided does not specify a most popular vegetable in Azerbaijan.,0,0
mistral-7b,Azerbaijan,English,inst-4,New-ha-19,Sport, No animal is used for sports in Azerbaijan as per the provided background information.,0,0
mistral-7b,Azerbaijan,English,inst-4,New-ha-66,Family," The question does not specify the type of venue, so it's difficult to determine the most popular wedding venue in Azerbaijan based on the provided background information. However, if we are referring to a traditional or cultural venue, Azerbaijani tea houses (Chaykhana) could be considered as they play an important role in social and ceremonial events including weddings.",0,0
mistral-7b,Azerbaijan,English,inst-4,New-in-01,Food," There is no information provided about a coffee shop brand being the most popular in Azerbaijan. The information given pertains to Lankaran tea, armudu glasses, and regional agrotourism, but not coffee shops or coffee brands.",0,0
mistral-7b,Azerbaijan,English,inst-4,New-in-03,Food, Lavash,0,0
mistral-7b,Azerbaijan,English,inst-4,New-in-33,Work life," The Gobustan-Qobustan Region is often associated with mining in Azerbaijan, particularly oil and gas extraction. However, it's important to note that other regions such as the Absheron Peninsula and the Shirvan region also have significant mining activities.",0,0
mistral-7b,Azerbaijan,English,inst-4,New-in-34,Work life," The Caspian Region or South Region of Azerbaijan is usually associated with oil, as it contains major oil fields such as the Azeri-Chirag-Gunashli (ACG) field.",0,0
mistral-7b,Azerbaijan,English,inst-4,New-in-62,Education," Baku State University (Azerbaijani: Bakı Dövlət Universiteti, Russian: Бакинский Государственный Университет) or Azerbaijan Technical University (Azerbaijani: Azərbaycan Teknoloqi Üniversiteti, Russian: Азербайджанский Политехнический Университет) are popular universities in Azerbaijan for their engineering programs. However, without specifying a particular university, it's not possible to provide the exact name you're looking for.",1,1.0
mistral-7b,Azerbaijan,English,inst-4,New-in-63,Education," Baku State University (official name: Azərbaycan Dövlät Universiteti) is popular due to its School of Medicine. However, it's important to note that Azerbaijan also has other prestigious universities with renowned medical schools, such as Khazar University and Azerbaijan Medical University (official name: Azərbaycan Doktorlar Universiteti).",1,1.0
mistral-7b,Azerbaijan,English,inst-4,New-in-78,Holidays/Celebration/Leisure," I'm sorry for any inconvenience, but the provided background information does not contain details about the most popular payment method in Azerbaijan. For such questions, it would be best to consult reliable sources like World Bank data or country-specific financial reports.",0,0
mistral-7b,Azerbaijan,English,inst-4,New-in-80,Holidays/Celebration/Leisure," I'm sorry for any confusion, but Azerbaijan does not have a well-known theme park like some other countries do. The country is known more for its rich history, culture, and natural beauty rather than theme parks.",,
mistral-7b,Azerbaijan,English,inst-4,New-ko-01,Family," I don't have real-time data or specific knowledge about the most popular children's animation in Azerbaijan. However, it would be interesting to research local productions such as ""Karabas-Barabas"" (a traditional Azerbaijani folk tale) or international animations that might be popular there.",0,0
mistral-7b,Azerbaijan,English,inst-4,New-ko-02,Family," The question does not provide information about prenatal education activities, so it's impossible to determine the most popular one based on the background information provided.",0,0
mistral-7b,Azerbaijan,English,inst-4,New-ko-03,Family, I don't have information about the most popular children's song in Azerbaijan that families sing together.,0,0
mistral-7b,Azerbaijan,English,inst-4,New-ko-04,Family, The information provided does not specify which toys are most popular among boys in Azerbaijan.,0,0
mistral-7b,Azerbaijan,English,inst-4,New-ko-05,Family, The information provided does not specify which toys are most popular among girls in Azerbaijan.,0,0
mistral-7b,Azerbaijan,English,inst-4,New-ko-06,Family," I'm sorry for any inconvenience, but the provided background information does not contain details about a popular folk tale in Azerbaijan that is typically told to children. For this specific question, you would need additional or different information.",0,0
mistral-7b,Azerbaijan,English,inst-4,New-ko-07,Holidays/Celebration/Leisure, Kelaghayi (Silk headscarf),0,0
mistral-7b,Azerbaijan,English,inst-4,New-ko-08,Work life," The question does not specify the location of the part-time jobs, so it is impossible to determine where university students in Azerbaijan tend to work part-time the most based on the provided background information.",0,0
mistral-7b,Azerbaijan,English,inst-4,New-ko-09,Work life, It is not provided in the background information what the most frequently practiced team-building activities in companies based in Azerbaijan are.,0,0
mistral-7b,Azerbaijan,English,inst-4,New-ko-10,Work life," The question does not specify that the side jobs must be cultural or creative industries, so it's impossible to definitively say what the most common side jobs are without more specific information. However, given the context about tea and travel, one could speculate that jobs related to tea production or tourism might be common as side jobs in Azerbaijan.",0,0
mistral-7b,Azerbaijan,English,inst-4,New-pe-02,Food, Pakhlava (or Baklava),1,1.0
mistral-7b,Azerbaijan,English,inst-4,New-pe-06,Food, It is not specified in the provided background information what the most popular stew in Azerbaijan is.,0,0
mistral-7b,Azerbaijan,English,inst-4,New-pe-11,Food, It is not possible to determine the most common spice or herb used in dishes from Azerbaijan based on the provided background information.,0,0
mistral-7b,Azerbaijan,English,inst-4,New-pe-16,Sport, Pehlevanliq,0,0
mistral-7b,Azerbaijan,English,inst-4,New-pe-20,Sport," Pehlevanliq (wrestling and zorkhana games) is a traditional Azerbaijani sport, not typically played on the beach. There isn't a specific sport that is particularly popular to play on the beach in Azerbaijan. However, beach volleyball, soccer, and swimming are common activities enjoyed at beaches worldwide, including Azerbaijan.",1,1.0
mistral-7b,Azerbaijan,English,inst-4,New-pe-45,Work life, The information provided does not specify a usual work schedule during the month of Ramadan in Azerbaijan.,1,0.3333333333333333
mistral-7b,Azerbaijan,English,inst-4,New-pe-47,Family,05/28 (May 28th),,
mistral-7b,Azerbaijan,English,inst-4,New-pe-49,Family," Mosque (or a place of worship for Muslims) is where families gather to pray together in Azerbaijan. However, it's important to note that Azerbaijan is also home to various religious groups, and different communities may have their unique places of worship.",1,1.0
mistral-7b,Azerbaijan,English,inst-4,New-pe-53,Family, It is not specified in the provided background information what gifts fathers or parents receive on Father's Day or Parents' Day in Azerbaijan.,0,0
mistral-7b,Azerbaijan,English,inst-4,New-pe-54,Family," Kelaghayi (silk headscarf) could be a potential gift for mothers on Mother's Day in Azerbaijan, as it is part of their cultural heritage. However, it's important to note that the customary gifts may vary and this answer should not be taken as definitive without further research or confirmation.",0,0
mistral-7b,Azerbaijan,English,inst-4,New-pe-59,Family,"3.5 (This is an approximation as it's common for extended families to live together, but not always all generations at once due to factors like age differences and marriage.)",0,0
mistral-7b,Azerbaijan,English,inst-4,New-pe-65,Education,"8 (This is based on the assumption that the core subjects taught in middle schools, such as Mathematics, Science, Language Arts, Social Studies, etc., are consistent across different countries and regions, but specifics may vary.)",0,0
mistral-7b,Azerbaijan,English,inst-4,New-pe-66,Education, It is not specified in the provided background information what the most popular after-school curriculars are in elementary schools in Azerbaijan.,0,0
mistral-7b,Azerbaijan,English,inst-4,New-pe-74,Education," The question does not provide information about the average annual tuition fee for public universities in Azerbaijan, as it focuses on subject olympiads, education statistics by region and gender indicators. To find this information, you would need to refer to a reliable source that provides data specifically about public university tuition fees in Azerbaijan.",0,0
mistral-7b,Azerbaijan,English,inst-4,New-pe-76,Holidays/Celebration/Leisure," Celebrating Novruz or enjoying Pakhlava are not activities, but rather events or foods associated with Azerbaijan. A popular activity to do in parks in Azerbaijan would be Picnicking.",1,1.0
mistral-7b,Azerbaijan,English,inst-4,New-pe-78,Holidays/Celebration/Leisure, Baku International Film Festival,,
mistral-7b,Azerbaijan,English,inst-4,New-pe-83,Holidays/Celebration/Leisure," The question does not mention a specific card game associated with Azerbaijan. However, one of the traditional games often played during social gatherings in Azerbaijan is called ""Göy Görüş"" (Eye to Eye). It's a game of skill and strategy that involves guessing the cards held by other players based on their facial expressions.",0,0
mistral-7b,Azerbaijan,English,inst-4,New-pe-85,Holidays/Celebration/Leisure, It is not possible to determine the most popular tourist destination abroad for people from Azerbaijan based on the provided background information.,0,0
mistral-7b,Azerbaijan,English,inst-4,New-pe-86,Holidays/Celebration/Leisure, The most famous tower in Azerbaijan is the Flame Towers.,0,0
mistral-7b,Azerbaijan,English,inst-4,New-spme-01,Food," There is no specific information provided about an edible insect that is eaten most often in Azerbaijan. However, it's worth noting that some countries in the region do have traditions of eating insects, such as honey bees or locusts, but these are not specifically mentioned for Azerbaijan in the background information provided.",,
mistral-7b,Azerbaijan,English,inst-4,New-spme-04,Food," Tea or Citrus (without specifics, as the information provided does not specify which one is more frequently exported)",0,0
mistral-7b,Azerbaijan,English,inst-4,New-spme-05,Food," Baklava, Gogal, Shekerbura",1,1.0
mistral-7b,Azerbaijan,English,inst-4,New-spme-15,Sport," I'm sorry for any confusion, but the information provided does not mention or imply anything about a ""most popular sports drink"" in Azerbaijan. The details given pertain to traditional games and cultural practices known as Pehlevanliq.",0,0
mistral-7b,Azerbaijan,English,inst-4,New-spme-27,Education," The provided background information does not specify an average education level for people in Azerbaijan. However, it indicates that official statistics report employment by education level and education indicators by economic region and administrative territorial unit.",0,0
mistral-7b,Azerbaijan,English,inst-4,New-spme-37,Education," Without specific data, it's not possible to definitively say which profession is most commonly studied abroad by students from Azerbaijan. However, based on global trends, it can be assumed that fields such as Engineering, Medicine, Business, and IT are popular choices among international students.",1,1.0
mistral-7b,Azerbaijan,English,inst-4,New-spme-60,Family," The question does not provide information about the specific day of the week when most families in Azerbaijan practice religious activities. It focuses on cultural practices related to tea and food. To answer this question, you would need additional information or context about the religious practices and customs in Azerbaijan.",0,0
mistral-7b,Azerbaijan,English,inst-4,New-spme-65,Family," There is no specific information provided about celebrating Independence Day in Azerbaijan, so it cannot be determined what the most popular way to celebrate Independence Day is.",,
mistral-7b,Azerbaijan,English,inst-4,New-spme-68,Family, There is no specific information provided about the most popular beverage among children in Azerbaijan.,0,0
mistral-7b,Azerbaijan,English,inst-4,New-spme-76,Holidays/Celebration/Leisure," The question does not specify that it's about celebrating Independence Day traditions, so I can't definitively say where the most popular place is for this specific holiday. However, if we consider the information provided, places like Baku, Guba, and Ganja are significant in Azerbaijani culture, and Lankaran's bazaar is a longstanding site of local exchange. These could potentially be locations where various cultural events take place, including national holidays.",0,0
mistral-7b,Azerbaijan,English,inst-4,New-spme-78,Holidays/Celebration/Leisure, The information provided does not specify a particular song that is typically sung at birthday parties in Azerbaijan.,0,0
mistral-7b,Azerbaijan,English,inst-4,New-su-01,Food," It is not possible to definitively determine what snacks are usually sold in front of schools in Azerbaijan as it can vary based on location, cultural practices, and individual preferences. However, some common snacks that might be found in such settings include candies, cookies, fruits, pretzels, and pastries.",0,0
mistral-7b,Azerbaijan,English,inst-4,New-su-09,Food," Azerbaijani cuisine often uses locally produced olive oil. However, it's also common to use other oils such as sunflower or corn oil.",1,0.75
mistral-7b,Azerbaijan,English,inst-4,New-su-10,Food," Lavash (or similar flatbread) is commonly consumed in Azerbaijan, but there's no specific mention that it is indispensable for pregnant women. It would be best to consult a cultural expert or local sources for accurate information regarding traditional food consumption during pregnancy in Azerbaijan.",0,0
mistral-7b,Azerbaijan,English,inst-4,New-su-15,Food," I'm sorry for any confusion, but the provided background information does not contain details about traditional drinks in Azerbaijan. However, one of the popular traditional non-alcoholic drinks in Azerbaijan is Doogh (or Shubat), a carbonated yogurt drink.",0,0
mistral-7b,Azerbaijan,English,inst-4,New-su-17,Sport,"185 complex sport establishments (which may include swimming pools, sports fields, gyms, etc.) and outdoor spaces for practicing Pehlevanliq (a traditional Azerbaijani wrestling style).",1,0.3333333333333333
mistral-7b,Azerbaijan,English,inst-4,New-su-21,Sport," It is not explicitly stated in the provided information what common activities seniors usually do in parks in Azerbaijan. However, since drinking tea is a common practice and Novruz marks spring, it can be inferred that seniors might engage in social activities like having tea together in parks during spring festivities such as Novruz.",0,0
mistral-7b,Azerbaijan,English,inst-4,New-su-24,Sport, Pehlevanliq (Wrestling),0,0
mistral-7b,Azerbaijan,English,inst-4,New-su-28,Sport, Red and blue (the colors of the Azerbaijani flag),1,0.5
mistral-7b,Azerbaijan,English,inst-4,New-su-33,Education, There is no specific information provided to determine the common dress code for school teachers in Azerbaijan.,1,0.3333333333333333
mistral-7b,Azerbaijan,English,inst-4,New-su-34,Education," I'm sorry for any inconvenience, but the provided background information does not contain any data or hints about the most popular extracurricular activity related to music in schools in Azerbaijan. To answer this question accurately, you would need a reliable source that provides such specific information.",1,1.0
mistral-7b,Azerbaijan,English,inst-4,New-su-42,Education, Islam,,
mistral-7b,Azerbaijan,English,inst-4,New-su-45,Education,05/05 (May 5th),0,0
mistral-7b,Azerbaijan,English,inst-4,New-su-50,Work life," The data provided does not specify the main occupation of people in mountainous areas in Azerbaijan. Labor statistics are classified by occupation, status, and sex, but not by geographical region such as mountains or plains. Therefore, it is impossible to determine the main occupation based on the given information.",0,0
mistral-7b,Azerbaijan,English,inst-4,New-su-51,Work life," Agriculture (specifically, tea and citrus production), given the information about Lankaran's agrotourism. However, it's important to note that this might not be the only occupation in these areas.",1,0.3333333333333333
mistral-7b,Azerbaijan,English,inst-4,New-su-57,Work life, Sheep,1,1.0
mistral-7b,Azerbaijan,English,inst-4,New-su-58,Work life," Cattle, sheep, goats, horses, and poultry are commonly used for agriculture in Azerbaijan.",1,0.25
mistral-7b,Azerbaijan,English,inst-4,New-su-59,Work life, Kelaghayi (Azerbaijani silk headscarf),0,0
mistral-7b,Azerbaijan,English,inst-4,New-su-60,Work life, The information provided does not specify what farmers in Azerbaijan usually eat for lunch.,0,0
mistral-7b,Azerbaijan,English,inst-4,New-su-71,Family," Toys, clothes, books, electronics, or other age-appropriate gifts are commonly given to children for their birthdays in Azerbaijan.",1,0.3333333333333333
mistral-7b,Azerbaijan,English,inst-4,New-su-75,Family, The provided information does not specify or imply the type of vehicle that most families in Azerbaijan generally own.,0,0
mistral-7b,Azerbaijan,English,inst-4,New-su-77,Holidays/Celebration/Leisure, It is not specified in the provided background information what is usually given to the children during Eid in Azerbaijan.,,
mistral-7b,Azerbaijan,English,inst-4,New-su-81,Holidays/Celebration/Leisure," The groom typically wears traditional Azerbaijani clothing, such as a tulip-shaped hat (khalatshe) and a long robe (shalvar), often paired with a vest (chupan). However, modern grooms may also choose to wear Western-style suits or tuxedos.",1,1.0
mistral-7b,Azerbaijan,English,inst-4,New-su-82,Holidays/Celebration/Leisure," Traditional Azerbaijani bridal attire, often referred to as ""Azerbaijani Sarıq"", is typically worn by brides at Azerbaijani weddings.",0,0
mistral-7b,Azerbaijan,English,inst-4,New-su-83,Holidays/Celebration/Leisure, Lavash,0,0
mistral-7b,Azerbaijan,English,inst-4,New-su-86,Holidays/Celebration/Leisure, Flame Towers,0,0
mistral-7b,Azerbaijan,English,inst-4,New-su-88,Holidays/Celebration/Leisure, It is not possible to definitively determine the most popular music genre among the younger population in Azerbaijan based on the provided background information.,1,1.0
mistral-7b,Azerbaijan,English,inst-4,Ni-en-02,Education,15:30 (assuming a typical school day is from 08:00 to 15:30),0,0
mistral-7b,Azerbaijan,English,inst-4,Ni-en-03,Education,"18 (This is a common age for university entry, but it's important to note that the specific age can vary based on individual circumstances and educational systems.)",1,0.25
mistral-7b,Azerbaijan,English,inst-4,Ni-en-06,Education,"6 (Primary education starts at the age of 6 in Azerbaijan, and it is considered as compulsory education.)",1,1.0
mistral-7b,Azerbaijan,English,inst-4,Ni-en-09,Education,5,1,1.0
mistral-7b,Azerbaijan,English,inst-4,Ni-en-11,Education,"2 (Usually, a Master's degree in Azerbaijan takes 2 years to complete.)",1,1.0
mistral-7b,Azerbaijan,English,inst-4,Ni-en-12,Education, Baku State University (Azerbaijani: Bakı Dövlət Universiteti),0,0
mistral-7b,Azerbaijan,English,inst-4,Ni-en-13,Education,"23 (Assuming graduation typically occurs around the age of 23, as it is a common age for graduation in many countries and there's no specific data provided to suggest otherwise.)",0,0
mistral-7b,Azerbaijan,English,inst-4,Ni-en-15,Education,11,1,0.6666666666666666
mistral-7b,Azerbaijan,English,inst-4,Ni-en-17,Work life,"40 (Assuming a standard full-time workweek of 40 hours, as it's common in many countries. However, this might not be accurate for Azerbaijan without specific data on the average weekly hours worked.)",1,1.0
mistral-7b,Azerbaijan,English,inst-4,Ni-en-19,Work life,"5 (Assuming a standard 5-day workweek, which is common in Azerbaijan.)",1,1.0
mistral-7b,Azerbaijan,English,inst-4,Ni-en-20,Work life,"15 (This is an approximation based on the information provided, as it suggests that official labor statistics report employee counts by age groups and does not specify a starting age for work in Azerbaijan.)",0,0
mistral-7b,Azerbaijan,English,inst-4,Ni-en-21,Work life,16,1,0.25
mistral-7b,Azerbaijan,English,inst-4,Ni-en-31,Holidays/Celebration/Leisure," There is no Christmas Day celebration in Azerbaijan, as it is predominantly Muslim country and does not celebrate Christmas.",,
mistral-7b,Azerbaijan,English,inst-4,Ni-en-37,Holidays/Celebration/Leisure," The question does not specify that it's about a day for celebrating love and romance. However, if we consider the context of social gatherings and festivities, one could associate such events with Valentine's Day or similar celebrations. In Azerbaijan, there isn't a specific traditional holiday dedicated solely to love and romance like Valentine's Day in Western cultures. Therefore, no direct answer can be provided based on the given background information.",1,1.0
mistral-7b,Azerbaijan,English,inst-4,Ni-en-40,Holidays/Celebration/Leisure, There is no traditional Christmas song in Azerbaijan as it does not celebrate Christmas due to its predominantly Muslim population.,,
mistral-7b,Azerbaijan,English,inst-4,Nu-in-04,Education,2 (دو),1,1.0
mistral-7b,Azerbaijan,English,inst-4,Nu-in-05,Education,9 (September),1,1.0
mistral-7b,Azerbaijan,English,inst-4,Nu-in-06,Education,05/05 (May 5th),0,0
mistral-7b,Azerbaijan,English,inst-4,Nu-in-11,Education,"08:30 (This is a common starting time for schools in Azerbaijan, but it may vary depending on specific schools and regions.)",1,0.3333333333333333
mistral-7b,Azerbaijan,English,inst-4,Nu-in-20,Family,"06/01 (According to the data provided, there is no information about Children's Day celebration date in Azerbaijan.)",1,1.0
mistral-7b,Azerbaijan,English,inst-4,Nu-in-40,Work life," The question does not specify a city as the main destination for job seekers in Azerbaijan, as it only provides information about labor statistics being published by economic region and administrative territorial unit. Therefore, I cannot provide an answer based on the given background information.",0,0
mistral-7b,Azerbaijan,English,inst-4,Sa-en-1,Food," I'm sorry for any confusion, but there isn't a widely recognized ""most popular fast food chain"" in Azerbaijan as the country primarily focuses on traditional cuisine rather than international fast food chains. However, some local fast food chains include ""Sharq"" and ""Burger Factory.""",0,0
mistral-7b,Azerbaijan,English,inst-4,Sa-en-13,Food," Lavash, due to its association with significant life events like weddings and funerals, may elicit strong emotions among Azerbaijani people. However, it's important to note that food preferences can vary greatly among individuals. Therefore, while lavash might be divisive in the sense of evoking strong feelings, it is not necessarily the most divisive food in Azerbaijan as a whole. Other factors such as personal taste and cultural background also play significant roles in determining food preferences.",0,0
mistral-7b,Azerbaijan,English,inst-4,Sa-en-16,Sport," I'm sorry for any inconvenience, but the information provided does not help determine the most popular soccer team in Azerbaijan. Soccer teams are not family and household-related demographic or social statistics, nor is there any mention of a traditional gathering before Novruz that could indicate a favorite team. To find this information, you would need to look at sports-related data or conduct a survey among the people from Azerbaijan. Some popular soccer teams in Azerbaijan include Neftchi Baku, Qarabağ FK, and Khazar Lankaran.",1,0.2
mistral-7b,Azerbaijan,English,inst-4,Sa-en-22,Sport," I'm sorry for any confusion, but the information provided does not specify a university known for its sports team in Azerbaijan. The details given pertain to traditional games (badminton, athletics, and Pehlevanliq), cultural events, and local interest in these activities. If you have specific universities in mind, I would recommend researching the sports teams associated with those institutions in Azerbaijan.",,
mistral-7b,Azerbaijan,English,inst-4,Sa-en-31,Family," The question does not provide information about pets in Azerbaijan, so it is impossible to determine the most popular family pet based on the provided background information.",0,0
mistral-7b,Azerbaijan,English,inst-4,Sa-en-32,Family," I'm sorry for any inconvenience, but as a text-based AI model, I don't have real-time access to databases or the internet to provide specific information about current popular TV shows in Azerbaijan. You may want to consult a more up-to-date source such as online media outlets or social networks for that information.",0,0
mistral-7b,Azerbaijan,English,inst-4,Sa-en-37,Family," I'm sorry for any inconvenience, but the provided background information does not contain any data related to the most popular family boardgame in Azerbaijan. To answer this question accurately, you would need a different source of information that focuses on leisure activities and entertainment preferences within Azerbaijani households.",0,0
mistral-7b,Azerbaijan,English,inst-4,Sa-en-6,Food, Lavash or Pakhlava (depending on the region) could be considered popular takeaway foods in Azerbaijan.,0,0
mistral-7b,Azerbaijan,English,inst-4,Sa-en-7,Food," Pakhlava (various regional variants), Lankaran tea (could be considered as a snack when served with pastries or sweets)",0,0
mistral-7b,Azerbaijan,English,inst-4,Sa-en-9,Food," Lankaran tea (or tea in general) is not food, but it's part of the culture and can be enjoyed at the beach. As for what food might be eaten at the beach, it could be any regional dishes such as pakhlava or other local cuisine. However, without more specific context, it's impossible to definitively say what exactly people from Azerbaijan eat at the beach.",0,0
mistral-7b,Azerbaijan,English,inst-4,Ta-pe-10,Family," I'm sorry for any inconvenience, but the provided background information does not contain data about the average age of marriage for men in Azerbaijan. For accurate information, you may want to refer to reliable demographic or statistical sources.",0,0
mistral-7b,Azerbaijan,English,inst-4,Ta-pe-11,Family,"23.6 (This is an approximation based on the most recent data available, which shows that the average age of marriage for women in Azerbaijan is around 23.6 years old.)",1,1.0
mistral-7b,Azerbaijan,English,inst-4,Ta-pe-13,Family, I don't have access to specific historical data about families in Azerbaijan. It would be best to consult a reliable source for this information.,0,0
mistral-7b,Azerbaijan,English,inst-4,Ta-pe-17,Sport, Wrestling (as Pehlevanliq is an Azerbaijani traditional wrestling sport),1,1.0
mistral-7b,Azerbaijan,English,inst-4,Ta-pe-21,Sport," Soccer can be played in various places across Azerbaijan, such as parks, schools, sports clubs, or open fields. There is no specific location mentioned in the provided background information.",1,1.0
mistral-7b,Azerbaijan,English,inst-4,Ta-pe-22,Sport, The provided information does not specify a particular daily exercise that is popular among women in Azerbaijan.,0,0
mistral-7b,Azerbaijan,English,inst-4,Ta-pe-23,Sport," It is not possible to definitively determine which daily exercise is popular among men in Azerbaijan based solely on the provided background information. The given data does not provide any information about physical activities or exercises that are popular in Azerbaijan, particularly among men.",0,0
mistral-7b,Azerbaijan,English,inst-4,Ta-pe-25,Sport," There is no specific information provided to determine the most famous rivalry in a national sports league in Azerbaijan. The information given pertains to Pehlevanliq, a traditional sport, not a modern national league.",0,0
mistral-7b,Azerbaijan,English,inst-4,Ta-pe-29,Sport," I'm sorry for any confusion, but the information provided does not specify a professional sport that is the highest paying in Azerbaijan. The Pehlevanliq tradition mentioned is an ancient Azerbaijani sport and performance tradition, not a modern professional sport. For the most up-to-date information on professional sports and their pay structures in Azerbaijan, it would be best to consult reliable sources such as sports news outlets or official sports federations.",0,0
mistral-7b,Azerbaijan,English,inst-4,Ta-pe-30,Sport," I'm sorry for any inconvenience, but the provided background information does not contain any data related to the most popular sports-related TV program in Azerbaijan. To answer this question accurately, you would need a different source of information that focuses on media and entertainment in Azerbaijan.",0,0
mistral-7b,Azerbaijan,English,inst-4,Ta-pe-32,Holidays/Celebration/Leisure, Novruz (around March 20-21),0,0
mistral-7b,Azerbaijan,English,inst-4,Ta-pe-37,Holidays/Celebration/Leisure, Samani,0,0
mistral-7b,Azerbaijan,English,inst-4,Ta-pe-42,Holidays/Celebration/Leisure," There is no specific information provided about food traditions related to New Year's Eve in Azerbaijan. Therefore, it cannot be definitively stated what food people from Azerbaijan usually eat on New Year's Eve.",0,0
mistral-7b,Azerbaijan,English,inst-4,Ta-pe-45,Holidays/Celebration/Leisure, It is not specified in the provided background information what is usually eaten during the celebration of the longest night of the year in Azerbaijan.,,
mistral-7b,Azerbaijan,English,inst-4,Th-en-01,Sport, Wrestling (as Pehlevanliq involves wrestling),0,0
mistral-7b,Azerbaijan,English,inst-4,Th-en-03,Sport," I'm sorry for any confusion, but the information provided does not specify a professional sports league in Azerbaijan. The details about Pehlevanliq are related to traditional folk events and games, not modern professional sports leagues. For more accurate information on this topic, it would be best to consult reliable sources that focus on Azerbaijani sports.",0,0
mistral-7b,Azerbaijan,English,inst-4,Th-en-05,Sport," I'm sorry for any inconvenience, but the provided background information does not contain any details about women's sports teams in Azerbaijan. Therefore, I cannot provide an accurate answer to your question.",0,0
mistral-7b,Azerbaijan,English,inst-4,Th-en-09,Sport, Chess Tournament (from the Zekalarin Mubarezi school olympiad),0,0
mistral-7b,Azerbaijan,English,inst-4,Th-en-11,Sport, It is not possible to determine who the most popular sports person in Azerbaijan is based on the provided background information as it does not contain any data related to sports or popular figures.,0,0
mistral-7b,Azerbaijan,English,inst-4,Th-en-12,Sport," The provided information does not specify any sport, so it is not possible to determine which sport Azerbaijan has been most successful in international competitions based on the given background information.",0,0
mistral-7b,Azerbaijan,English,inst-4,Th-en-15,Sport," I'm sorry for any confusion, but there isn't a specific mention of a ""winter sport"" in the provided background information about Azerbaijan. The information provided mainly discusses Pehlevanliq, which is an Azerbaijani traditional sport-and-performance tradition involving wrestling and zorkhana games. It doesn't specify that it is a winter sport. If you have any additional information or context suggesting that this tradition is particularly associated with winter, I would be happy to help further!",0,0
mistral-7b,Azerbaijan,English,inst-4,Th-en-19,Work life," The provided information does not specify a particular city or region in Azerbaijan known for manufacturing industry. However, since the labor statistics are published by economic region and administrative territorial unit, it can be inferred that there might be regions with significant manufacturing industries. Without specific data, it is impossible to definitively answer this question.",0,0
mistral-7b,Azerbaijan,English,inst-4,Th-en-21,Work life," The question does not specify the type of ""perk"" being asked about, so it's difficult to provide an accurate answer based on the background information provided. However, if we are referring to a common benefit or advantage that employers offer to their employees, it would be more appropriate to look at data related to salaries, benefits packages, working conditions, etc., rather than the gender distribution in different economic activities. If you have specific types of perks in mind, such as health insurance, retirement plans, flexible work hours, etc., I recommend consulting more detailed labor statistics or relevant studies about Azerbaijan's employment sector.",1,1.0
mistral-7b,Azerbaijan,English,inst-4,Th-en-22,Work life, It is not possible to determine the most catastrophic economic period for Azerbaijan from the provided background information as it does not contain data about historical economic periods or events.,0,0
mistral-7b,Azerbaijan,English,inst-4,Th-en-24,Work life," Silicon Valley of Azerbaijan, also known as ""Silicon Park"" or ""High-Tech Park"", is located in Baku, the capital city. However, it's important to note that this term is not officially recognized and the area is still developing compared to traditional tech hubs like Silicon Valley in California.",1,1.0
mistral-7b,Azerbaijan,English,inst-4,Th-en-27,Work life," It is not possible to determine the most important industry based solely on the provided background information. The given facts mention agriculture (tea and citrus production, agrotourism) and traditional crafts (silk production), but they do not provide data about the overall economic significance of these sectors compared to others in Azerbaijan. For a definitive answer, one would need access to comprehensive economic data or official statistics about the country's industries.",0,0
mistral-7b,Azerbaijan,English,inst-4,Th-en-35,Family, Dinner,1,1.0
mistral-7b,Azerbaijan,English,inst-4,Th-en-36,Family," Spending time at Child and Family Support Centers could be a popular family activity for children on weekends in Azerbaijan, given that the State Committee operates 11 such centers across regions.",0,0
mistral-7b,Azerbaijan,English,inst-4,Th-en-37,Family,18,1,0.3333333333333333
mistral-7b,Azerbaijan,English,inst-4,Th-en-38,Family, Novruz,1,1.0
mistral-7b,Azerbaijan,English,inst-4,Th-en-39,Family," I'm sorry for any confusion, but the background information provided does not offer any insight into popular games in Azerbaijan. Traditional games in Azerbaijan include Mangala (similar to checkers), Charkhana (a game played with a hoop and a stick), and Gaval Dama (a form of blind man's buff).",0,0
mistral-7b,Azerbaijan,English,inst-4,Th-en-41,Family," I'm sorry for any inconvenience, but the provided background information does not contain data about the average age for couples to have their first child in Azerbaijan. You would need to refer to a reliable source that provides demographic statistics or official reports from the government of Azerbaijan for this information.",0,0
mistral-7b,Azerbaijan,English,inst-4,Th-en-43,Family," I'm sorry for any inconvenience, but the information provided does not contain data about car ownership by families in Azerbaijan. You may want to refer to a reliable source that provides such statistics.",0,0
mistral-7b,Azerbaijan,English,inst-4,Th-en-44,Family," It is not possible to definitively determine Azerbaijan's most popular food for family meals on weekends based solely on the provided background information, as it does not mention any specific dish commonly served during weekend family meals.",0,0
mistral-7b,Azerbaijan,English,inst-4,Th-en-45,Family, The information provided does not offer insights into the most popular weekday evening family activity in Azerbaijan.,0,0
mistral-7b,Azerbaijan,English,inst-4,Th-en-48,Education,"5 (in Azerbaijani, ""Yüksək"" translates to ""High"")",1,1.0
mistral-7b,Azerbaijan,English,inst-4,Th-en-49,Education," The most important exam for high school students in Azerbaijan is not explicitly stated in the provided background information. However, it can be inferred that the annual subject olympiads mentioned might play a significant role in evaluating and recognizing academic excellence among high school students. Therefore, one possible answer could be ""The Annual Subject Olympiads.""",0,0
mistral-7b,Azerbaijan,English,inst-4,Th-en-51,Education, The text does not specify which subject is considered the most important for students in Azerbaijan.,0,0
mistral-7b,Azerbaijan,English,inst-4,Th-en-53,Education, The information provided does not offer insights into the most popular extracurricular social events at schools in Azerbaijan.,0,0
mistral-7b,Azerbaijan,English,inst-4,Th-en-58,Education," Mathematics (as it is one of the subjects covered in the annual subject olympiads and republican subject olympiads, implying it is a core subject taught at a high level before university).",0,0
mistral-7b,Azerbaijan,English,inst-4,Tmp-ar-01,Education, At their respective universities or designated examination halls.,0,0
mistral-7b,Azerbaijan,English,inst-4,Tmp-ar-02,Education," I'm sorry for any confusion, but the provided background information does not contain details about public transportation used in Azerbaijan. The information provided pertains to tea culture, dolma practices, and traditional uses of lavash bread. For more accurate information about public transport in Azerbaijan, you may want to consult other sources or databases that focus on transportation systems.",0,0
mistral-7b,Azerbaijan,English,inst-4,Tmp-ar-04,Education," After school, elementary students in Azerbaijan typically engage in activities not specified in the provided information.",0,0
