model,country,language,prompt_no,ID,topic,response,score,weight
mistral-7b,Spain,English,inst-4,Al-en-01,Food," Breakfast is the most common meal for all ages in Spain, so it can be considered a common snack for preschool kids as well. However, the question asks specifically for a ""snack,"" and since breakfast is a full meal, it might not fit that definition. If we consider a mid-morning snack, given the information about the sweet format being most common for breakfast, it could be inferred that a sweet snack is also common among preschool kids in Spain. But without more specific information, it's hard to pinpoint an exact common snack for this age group.",0,0
mistral-7b,Spain,English,inst-4,Al-en-02,Food, Tapas,1,1.0
mistral-7b,Spain,English,inst-4,Al-en-04,Food, The information provided does not specify a most popular fruit in Spain.,0,0
mistral-7b,Spain,English,inst-4,Al-en-06,Food, It is not specified in the provided background information what a common school cafeteria food in Spain is.,0,0
mistral-7b,Spain,English,inst-4,Al-en-08,Food, The provided information does not specify what snacks are commonly eaten at shopping malls in Spain.,0,0
mistral-7b,Spain,English,inst-4,Al-en-09,Food, Pulpo á feira (Grilled Octopus),0,0
mistral-7b,Spain,English,inst-4,Al-en-16,Education,"6 (Early childhood education runs up to age 6 in Spain, though it's not compulsory.)",0,0
mistral-7b,Spain,English,inst-4,Al-en-17,Education, Tug of War (as per the Bizkaian Sokatira Landuz project),0,0
mistral-7b,Spain,English,inst-4,Al-en-18,Education," Elementary students can attend private education in Spain for subjects, as they can choose to attend publicly subsidised private (concertado) schools or fully private schools.",0,0
mistral-7b,Spain,English,inst-4,Al-en-19,Education," Catalan (in Caldes de Montbui, Catalonia) or Spanish (for newly arrived South American pupils learning Catalan).",1,0.2
mistral-7b,Spain,English,inst-4,Al-en-21,Education," The question does not specify a location or type of school, so it's not possible to definitively say which subject is the most important for gifted education in Spain as a whole. However, if we consider the Basque Autonomous Community where Basque is a significant language, then Basque could be considered an important subject for gifted education in that specific region.",0,0
mistral-7b,Spain,English,inst-4,Al-en-32,Holidays/Celebration/Leisure," There is no specific traditional ""main dish"" for Thanksgiving in Spain, as it is not a holiday celebrated there. The country has its own traditional dishes such as Paella, Tapas, and Gazpacho.",,
mistral-7b,Spain,English,inst-4,Al-en-33,Holidays/Celebration/Leisure," There is no specific tradition of celebrating Halloween as it is known in many other countries in Spain. However, some cities like San Sebastián and Azpeitia have their own patron saint festivities on 20 January which involve barrels and drums.",0,0
mistral-7b,Spain,English,inst-4,Al-en-34,Holidays/Celebration/Leisure, Celebrate with fireworks and gatherings.,0,0
mistral-7b,Spain,English,inst-4,Al-en-35,Holidays/Celebration/Leisure, Eat Turrón (either soft or hard) and exchange gifts (aguinaldo).,0,0
mistral-7b,Spain,English,inst-4,Al-en-36,Holidays/Celebration/Leisure," There is no specific food traditionally associated with Halloween in Spain. However, Spanish children often receive candies or small toys when they go trick-or-treating on Halloween night.",0,0
mistral-7b,Spain,English,inst-4,Al-en-37,Holidays/Celebration/Leisure, Turrón,0,0
mistral-7b,Spain,English,inst-4,Al-en-38,Holidays/Celebration/Leisure," The question does not specify a particular region in Spain, so it's difficult to definitively say what food is universally associated with Valentine's Day across the country. However, in many parts of Spain, chocolate con churros (chocolate with fried dough pastry) is a popular treat and could be considered as a sweet associated with special occasions like Valentine's Day.",1,1.0
mistral-7b,Spain,English,inst-4,Al-en-39,Holidays/Celebration/Leisure, It is not specified in the provided background information what people eat on their birthday in Spain.,0,0
mistral-7b,Spain,English,inst-4,Al-en-40,Holidays/Celebration/Leisure," Traditional routes during transhumance (herding livestock) are not typically considered popular places for families to have fun with little kids in Spain. More suitable options might be parks, playgrounds, or beaches.",1,1.0
mistral-7b,Spain,English,inst-4,Al-en-43,Holidays/Celebration/Leisure,22.3% of families in Spain usually engage in indoor activities.,0,0
mistral-7b,Spain,English,inst-4,An-ar-02,Education," Universities in Spain typically have their own cafeterias or canteens where students can have lunch. However, it's also common for students to eat at nearby restaurants, food courts, or even pack their lunches from home.",1,1.0
mistral-7b,Spain,English,inst-4,An-ar-03,Education,"10 (May) or 6 (June), depending on the specific school's academic calendar.",1,1.0
mistral-7b,Spain,English,inst-4,An-ar-08,Education, The information provided does not specify the number of hours spent at high school in Spain as it only mentions primary education.,0,0
mistral-7b,Spain,English,inst-4,An-ar-09,Education,"1 (Spanish is the only mandatory language at high school in Spain, although some schools may offer optional foreign language courses such as English, French, German, or Italian.)",1,0.25
mistral-7b,Spain,English,inst-4,An-ar-34,Sport," The information provided does not specify the most popular team sport played in schools in Spain. However, it's worth noting that football (soccer) is widely popular across Spain and is often played in schools.",1,1.0
mistral-7b,Spain,English,inst-4,An-ar-35,Sport, The information provided does not contain data about the most popular sport commentator in Spain.,0,0
mistral-7b,Spain,English,inst-4,An-ar-36,Sport," The question asks for the most popular sport team in Spain, not the most popular individual sport or sport activity. Therefore, it's not possible to determine a specific team based on the provided information as it focuses on sports activities and federated licenses rather than teams. To answer this question accurately, we would need data about the most popular professional sports teams in Spain, such as football (soccer) clubs.",0,0
mistral-7b,Spain,English,inst-4,An-ar-43,Sport," Village and city squares, bowling alleys, chestnut groves (during magostos), and possibly homes or bars.",1,1.0
mistral-7b,Spain,English,inst-4,Ca-sp-05,Food,"3 (Based on the information provided, it is not explicitly stated that Spaniards have a specific number of meals per day, but the Mediterranean diet typically includes three main meals - breakfast, lunch, and dinner - with additional snacks in between if desired.)",1,1.0
mistral-7b,Spain,English,inst-4,Ca-sp-06,Food," The question does not specify a particular region in Spain, so it's difficult to definitively say which meal is the most important for all Spaniards. However, traditionally, the main meal of the day for many Spanish families is the evening meal (la cena), which is often a large and sociable affair.",0,0
mistral-7b,Spain,English,inst-4,Ca-sp-08,Food, Olive oil,1,1.0
mistral-7b,Spain,English,inst-4,Ca-sp-09,Food," There is no specific traditional Spanish dessert that can be generalized across the entire country, as Spanish cuisine varies greatly by region. However, some common desserts include flan (a type of custard), churros (fried dough pastry) with chocolate, and turrón (nougat).",1,0.6666666666666666
mistral-7b,Spain,English,inst-4,Ca-sp-11,Food, There is no specific day mentioned in the provided background information that suggests people usually organize a family meal on a particular day in Spain.,0,0
mistral-7b,Spain,English,inst-4,Ca-sp-14,Food," It is not specified which region of Spain the question refers to, so it's difficult to definitively say what the most popular hot drink is across the entire country. However, in some regions like Valencia and Catalonia, horchata (a rice or tiger nut milk drink) is often served cold rather than hot. In other parts of Spain, such as Madrid and Andalusia, chocolate con churros (hot chocolate with fried dough pastry sticks) is a popular choice. In the Basque Country, it's common to find cider (sidra). Therefore, without specifying a region, it would be challenging to identify one single most popular hot drink in Spain.",1,0.2
mistral-7b,Spain,English,inst-4,Ca-sp-19,Holidays/Celebration/Leisure, The provided information does not specify what young people in Spain typically drink at nightclubs.,0,0
mistral-7b,Spain,English,inst-4,Ca-sp-21,Holidays/Celebration/Leisure,8 (August),1,1.0
mistral-7b,Spain,English,inst-4,Ca-sp-29,Holidays/Celebration/Leisure," There isn't specific information provided about a New Year's Eve tradition in Spain from the background details given. However, a common Spanish tradition for New Year's Eve is eating 12 grapes at midnight, one for each strike of the clock. This custom is known as ""las doce uvas de la suerte"" (the twelve lucky grapes).",1,1.0
mistral-7b,Spain,English,inst-4,Ca-sp-38,Family," Couple with or without children (specifically, couples with one child are the most frequent household type)",0,0
mistral-7b,Spain,English,inst-4,Ca-sp-41,Family,65 or over elderly usually live alone in Spain.,0,0
mistral-7b,Spain,English,inst-4,Ca-sp-42,Family,16,1,1.0
mistral-7b,Spain,English,inst-4,Ca-sp-43,Family,"16, 19, or 20 (depending on the year of implementation)",1,1.0
mistral-7b,Spain,English,inst-4,Ca-sp-45,Family," A destination with traditional food, livestock movement, and family gatherings could be chosen for a family vacation in Spain.",0,0
mistral-7b,Spain,English,inst-4,Gu-ch-05,Sport," Without specific age data provided, it is not possible to definitively say what sports seniors like the most in Spain. However, based on the information given about federated sport licenses, it can be inferred that football (soccer) and basketball are among the popular sports in Spain.",1,1.0
mistral-7b,Spain,English,inst-4,Gu-ch-06,Sport, Football (Soccer),1,1.0
mistral-7b,Spain,English,inst-4,Gu-ch-07,Sport, It is not possible to determine the most famous basketball player in Spain from the provided background information as it does not contain data about individual players' fame or popularity.,0,0
mistral-7b,Spain,English,inst-4,Gu-ch-08,Sport," The question asks about children, but the provided information is about adults. Therefore, it's not possible to definitively say what the most popular sport among children in Spain based on the given data. However, considering the popularity of aizkolaris (log-chopping) as a native sport in the Basque region and the general interest in sports in Spain, it could be speculated that aizkolaris or similar traditional sports might be popular among children in regions where they are practiced. For a definitive answer, data specific to children would be required.",0,0
mistral-7b,Spain,English,inst-4,Gu-ch-09,Sport, Padel (based on the data provided about the number of women's licenses),1,1.0
mistral-7b,Spain,English,inst-4,Gu-ch-11,Sport," I'm sorry for any confusion, but the question asks about the sport that Spain has won the most gold medals at the Olympics, not about a specific event in Spain. As of the 2020 Tokyo Olympics, Spain has won the most gold medals in Athletics (Track and Field).",0,0
mistral-7b,Spain,English,inst-4,Gu-ch-15,Sport, The provided information does not specify the sports that male students in universities in Spain prefer to play.,0,0
mistral-7b,Spain,English,inst-4,Gu-ch-16,Family,1.10 (Average number of children per woman in Spain as of 2024),1,1.0
mistral-7b,Spain,English,inst-4,Gu-ch-18,Family,2.89 (million households with one child) + 2.76 (million households with two children) = 5.65 (million households with either one or two children),1,1.0
mistral-7b,Spain,English,inst-4,Gu-ch-31,Education,6 + 10 = 16,1,1.0
mistral-7b,Spain,English,inst-4,Gu-ch-32,Education,10,1,1.0
mistral-7b,Spain,English,inst-4,Gu-ch-33,Education,6,1,1.0
mistral-7b,Spain,English,inst-4,Gu-ch-38,Education,"16 (4 years of basic education + 12 years of compulsory, free schooling in primary and lower secondary levels, plus 2 years of high school or Bachillerato)",1,1.0
mistral-7b,Spain,English,inst-4,Gu-ch-40,Education,14:00,1,0.5
mistral-7b,Spain,English,inst-4,Gu-ch-41,Education,0 (There is no information provided about the number of musical instruments that elementary school students in Spain typically play.),0,0
mistral-7b,Spain,English,inst-4,Ji-ko-02,Work life, The information provided does not specify a preference for a particular day of the week for company dinners in Spain.,0,0
mistral-7b,Spain,English,inst-4,Ji-ko-03,Work life," The information provided does not specify the number of financial companies in each region or city in Spain. Therefore, it is impossible to determine which region or city has the highest number of financial companies based on the given data.",0,0
mistral-7b,Spain,English,inst-4,Ji-ko-07,Work life," It is not possible to determine the ""most famous"" private company in Spain based on the provided background information as it does not contain data about the popularity or recognition of specific companies.",0,0
mistral-7b,Spain,English,inst-4,Ji-ko-08,Work life,40,1,1.0
mistral-7b,Spain,English,inst-4,Ji-ko-09,Work life, Paella Valenciana,,
mistral-7b,Spain,English,inst-4,Ji-ko-14,Work life," The question does not specify that it's about exports, but if we consider the information provided, Asturias produces 80% of Spain's cider, which could be considered a significant agricultural product in Spain. However, for a more accurate answer, it would be best to refer to official export data.",0,0
mistral-7b,Spain,English,inst-4,Ji-ko-15,Work life,2,1,0.3333333333333333
mistral-7b,Spain,English,inst-4,Ji-ko-16,Family, Mothers stay at home for recovery after childbirth in Spain.,1,0.4
mistral-7b,Spain,English,inst-4,Ji-ko-19,Family," The question does not specify that it refers to Parents' Day in Spain, so I cannot definitively say what the most commonly given flower on Spanish Parents' Day is. However, if we are considering the context of the Fiesta de los Patios in Córdoba, flowers are a significant part of the celebration, but there is no mention of a specific flower being the most common one given on this occasion.",0,0
mistral-7b,Spain,English,inst-4,Ji-ko-22,Family, The information provided does not specify what people especially spend their first salary on in Spain's society.,0,0
mistral-7b,Spain,English,inst-4,Ji-ko-24,Family, The information provided does not specify or imply the most preferred recreational facility among children in Spain.,0,0
mistral-7b,Spain,English,inst-4,Ji-ko-25,Family,"1 January, 6 January, 1 May, 15 August, 12 October, 1 November, 8 December, 25 December (family-related holidays common to all of Spain), and 9 October (Valencian Community Day) and 19 March (San José) (school holidays that may be considered family-related in the Valencian Community).",0,0
mistral-7b,Spain,English,inst-4,Ji-ko-26,Family,"1. Reading for leisure independently,
   2. Active participation in school's parents' association,
   3. Engaging in sports activities (either individually or at an educational center), and
   4. Visiting cinemas, museums, or monuments without parents.",0,0
mistral-7b,Spain,English,inst-4,Ji-ko-27,Family," Aguinaldo (Christmas gift) often includes Jijona turrón, as it rarely misses from the Christmas table in Spain.",0,0
mistral-7b,Spain,English,inst-4,Ji-ko-28,Family," The first day that people celebrate after a child is born in Spain is on the day of birth (birthday). However, if you are asking about a national holiday that often coincides with celebrating a newborn's arrival, it would be January 1st or 6th, depending on the region.",1,1.0
mistral-7b,Spain,English,inst-4,Ji-ko-29,Family,30th Birthday (Based on the mean ages provided for marriage and motherhood),0,0
mistral-7b,Spain,English,inst-4,Ji-ko-31,Education, Classrooms within schools (not specified).,0,0
mistral-7b,Spain,English,inst-4,Ji-ko-33,Education," The question does not specify if you are asking about high school students' activities after dinner during the school year or during summer holidays. However, according to the background information provided, schools in Spain typically follow a Monday-Friday schedule and may stay open until the end of July for administrative matters during summer holidays. Therefore, it is possible that some high school students might go back to school during summer holidays after dinner. During the school year, high school students usually return home after school.",1,1.0
mistral-7b,Spain,English,inst-4,Ji-ko-34,Education," Elementary school students in Spain typically attend school Monday to Friday (excluding holidays), as set by their individual schools within the legal minimum of school days and their autonomous community's guidelines, with a possibility of staying open until the end of July for administrative matters during summer holidays. They may be grouped in Colegio Rural Agrupado (CRA) if they live in villages with very few pupils, where each village has its own classroom.",0,0
mistral-7b,Spain,English,inst-4,Ji-ko-35,Education,27.8% publicly subsidised private (concertado) schools,1,1.0
mistral-7b,Spain,English,inst-4,Ji-ko-36,Education, Publicly subsidised private (concertado) schools,0,0
mistral-7b,Spain,English,inst-4,Ji-ko-37,Education," There is no specific information provided about the type of clothing middle and high school students wear to school in Spain. Clothing can vary greatly depending on personal preference, regional customs, and school dress codes.",0,0
mistral-7b,Spain,English,inst-4,Ji-ko-38,Education, The information provided does not specify which major is considered the most difficult to gain admission to in Spain.,0,0
mistral-7b,Spain,English,inst-4,Ji-ko-39,Education, The information provided does not specify or imply that there is a most commonly learned musical instrument by elementary school students in Spain.,0,0
mistral-7b,Spain,English,inst-4,Ji-ko-40,Education," Recess is split into two 15-minute breaks for primary school students in Spain, so high school students do not have a typical ""break time"" as defined by recess in the primary education system. However, they may have other forms of breaks or free periods during their school day.",0,0
mistral-7b,Spain,English,inst-4,Ji-ko-41,Education," There is no specific type of shoe that students are required to wear in Spanish schools. The choice of footwear depends on personal preference, comfort, and the school's dress code policy.",1,0.4
mistral-7b,Spain,English,inst-4,Ji-ko-42,Education, The question does not provide information about the specific subjects required for a university entrance exam in Spain. It is recommended to consult official sources or educational institutions for accurate information regarding this matter.,0,0
mistral-7b,Spain,English,inst-4,Ji-ko-44,Education," Madrid (city within Castilla y León does not exist as an autonomous region, so we can assume the question refers to the city itself.)",0,0
mistral-7b,Spain,English,inst-4,Ji-ko-45,Education, It is not possible to definitively determine what people look forward to the most at university festivals in Spain based on the provided background information.,0,0
mistral-7b,Spain,English,inst-4,Jo-sp-01,Sport, Basketball,1,1.0
mistral-7b,Spain,English,inst-4,Jo-sp-02,Sport, Aizkolaris (Log-chopping),0,0
mistral-7b,Spain,English,inst-4,Jo-sp-09,Sport, Golf and Mountaineering/Climbing,1,1.0
mistral-7b,Spain,English,inst-4,Jo-sp-13,Sport," The question does not specify that it's about water sports, so I can't definitively say which is the most popular water sport in Spain based on the provided information. However, if we consider all sports, trainera rowing regattas are mentioned as a popular native sport on the coast of Spain (Fact [1]), but they are not explicitly described as water sports. If we focus only on federated sports, golf and mountaineering/climbing are listed, but neither is specifically a water sport (Fact [2]). Therefore, without more specific information about water sports, I can't provide an answer based on the facts given.",0,0
mistral-7b,Spain,English,inst-4,Jo-sp-14,Sport, The information provided does not specify or suggest any details about the popularity of mental sports in Spain.,0,0
mistral-7b,Spain,English,inst-4,Jo-sp-18,Work life,14,0,0
mistral-7b,Spain,English,inst-4,Jo-sp-19,Work life, Extremadura (Dehesa de Extremadura is mentioned as accepting only pigs raised in that region),1,0.5
mistral-7b,Spain,English,inst-4,Jo-sp-21,Work life,12:00 (assuming a standard working day of 9:00-14:00 and 16:00-20:00 with a lunch break in between),1,1.0
mistral-7b,Spain,English,inst-4,Jo-sp-31,Education,"14:00 (based on the provided information about primary schools, no specific information was given for high schools)",1,1.0
mistral-7b,Spain,English,inst-4,Jo-sp-32,Education," At a Colegio Rural Agrupado (CRA) in Spain, elementary school students tend to have classes in each village, but they do not typically practice a specific sport at school as it is not specified in the provided information.",0,0
mistral-7b,Spain,English,inst-4,Jo-sp-36,Education,12 (assuming the school year is approximately 36-38 weeks and they stay open until the end of July for administrative matters),1,1.0
mistral-7b,Spain,English,inst-4,Jo-sp-37,Education,"12 (assuming schools follow the legal minimum of school days and their autonomous community's guidelines, which may vary, and universities typically have a longer summer break)",1,1.0
mistral-7b,Spain,English,inst-4,Jo-sp-39,Education,6,1,1.0
mistral-7b,Spain,English,inst-4,Jo-sp-43,Education,"0 (In Spain's basic education system, English is usually introduced at the secondary level and not in elementary education as a second language of study.)",0,0
mistral-7b,Spain,English,inst-4,Jod-ch-01,Food," Bread, Wooden Plate (for Pulpo á feira), No Specific Utensil (directly from paella pan for Paella Valenciana)",0,0
mistral-7b,Spain,English,inst-4,Jod-ch-04,Food, There is no information provided about a specific soft drink that people in Spain like to have.,0,0
mistral-7b,Spain,English,inst-4,Jod-ch-06,Food, Sidra (Cider) from Asturias,1,0.25
mistral-7b,Spain,English,inst-4,Jod-ch-07,Food, The information provided does not contain data about the average time Spaniards spend dining out at restaurants.,0,0
mistral-7b,Spain,English,inst-4,Jod-ch-09,Food,20:00,1,0.6666666666666666
mistral-7b,Spain,English,inst-4,Jod-ch-12,Food, It is not possible to determine what kind of soup people from Spain like based on the provided background information.,0,0
mistral-7b,Spain,English,inst-4,Jod-ch-13,Food," Paella (when referring to street food, it's important to note that traditionally paella is cooked at home or in restaurants, not as street food)",0,0
mistral-7b,Spain,English,inst-4,Jod-ch-15,Food," People from Spain do not typically like to eat seafood as a staple in their cuisine, such as in paella valenciana which contains no fish or shellfish.",0,0
mistral-7b,Spain,English,inst-4,Jod-ch-16,Holidays/Celebration/Leisure," The biggest festival in Spain can vary depending on the criteria used to define ""biggest"". However, if we consider the number of participants or visitors, the Fallas festival in Valencia could be considered one of the biggest festivals. If we consider the cultural significance and historical importance, there might not be a single ""biggest"" festival as Spain has numerous significant festivals across its regions.",1,1.0
mistral-7b,Spain,English,inst-4,Jod-ch-28,Holidays/Celebration/Leisure, The question does not provide information necessary to determine the most commonly used public transport between cities in Spain.,0,0
mistral-7b,Spain,English,inst-4,Jod-ch-30,Holidays/Celebration/Leisure, The Fallas festival in Valencia is characterized by giant satirical falla monuments made of ninots.,0,0
mistral-7b,Spain,English,inst-4,Jod-ch-37,Sport," The question does not provide information about what sports women like to watch in Spain. The data provided is about demographics, padel clubs, and marriage statistics.",0,0
mistral-7b,Spain,English,inst-4,Jod-ch-38,Sport, Football (Soccer),1,1.0
mistral-7b,Spain,English,inst-4,Jod-ch-41,Holidays/Celebration/Leisure," Reading, going to the cinema, visiting museums or monuments, listening to music (especially Spanish pop and rock, foreign pop and rock, and Latin music), playing sports.",1,0.3333333333333333
mistral-7b,Spain,English,inst-4,Jod-ch-42,Holidays/Celebration/Leisure,"62.7% of people aged 15+ played sport in the past year (as per [3]). However, the question specifically asks about males in their 20s, and no age-specific data is provided for this group. Therefore, it's not possible to definitively answer the question based on the given information.",0,0
mistral-7b,Spain,English,inst-4,Jod-ch-46,Work life,2.0,0,0
mistral-7b,Spain,English,inst-4,Jod-ch-48,Work life," Lunch is typically eaten at midday in Spain, but there's no specific food that everyone eats. Spanish lunch can consist of a variety of dishes such as tapas, paella, gazpacho, or other regional specialties. However, it's common for the main meal to include a starter, a main course with meat or fish, and dessert, followed by coffee.",0,0
mistral-7b,Spain,English,inst-4,Jod-ch-50,Work life, The provided information does not contain data about the average commute time in Spain.,0,0
mistral-7b,Spain,English,inst-4,Jod-ch-51,Work life," The question does not provide information about the mode of transportation used by people to get to work in Spain, so it's impossible to give an accurate answer based on the provided background information.",0,0
mistral-7b,Spain,English,inst-4,Jod-ch-54,Work life,0 (Marriage leave is not specified in the provided information.),0,0
mistral-7b,Spain,English,inst-4,Jod-ch-56,Work life,"65 (This is an approximation based on the context that most people retire around the age of 65, but it's important to note that the exact retirement age may vary depending on factors such as specific employment contracts and government policies.)",1,1.0
mistral-7b,Spain,English,inst-4,Jod-ch-57,Work life,"65 (The retirement age in Spain is typically 65 years old, but it can vary depending on certain factors such as profession and individual circumstances.)",1,1.0
mistral-7b,Spain,English,inst-4,Jod-ch-58,Work life, The information provided does not specify or imply which profession is the most respected in Spain.,0,0
mistral-7b,Spain,English,inst-4,Jod-ch-60,Work life,"8 (Assuming a standard 9-hour workday, as the total weekly hours are 31.7 and there are approximately 4.3 weeks in a month, which gives us around 8 hours per day on average.)",1,1.0
mistral-7b,Spain,English,inst-4,Jod-ch-61,Work life, The information provided does not specify an occupation that is most preferred among females in Spain.,0,0
mistral-7b,Spain,English,inst-4,Jod-ch-62,Work life," The provided information does not specify an occupation, so it's impossible to determine which occupation is most preferred among males in Spain based on the given data.",0,0
mistral-7b,Spain,English,inst-4,Ki-pe-17,Education,"10 years (basic education spans ten years of compulsory, free schooling in publicly funded schools in Spain)",0,0
mistral-7b,Spain,English,inst-4,Ki-pe-24,Education," Basque, Spanish, and Silbo Gomero (in La Gomera)",0,0
mistral-7b,Spain,English,inst-4,Ki-pe-30,Education," Schools in Spain are closed on Saturdays and Sundays, as well as holidays.",1,1.0
mistral-7b,Spain,English,inst-4,Ki-pe-32,Food," It is not specified in the provided background information what food the hosts usually prepare for the guests in Spain. The information provided pertains to food consumption patterns among Spanish consumers, traditional practices such as transhumance, and breakfast habits.",0,0
mistral-7b,Spain,English,inst-4,Ki-pe-34,Food, Coffee or milk (depending on preference),1,1.0
mistral-7b,Spain,English,inst-4,Ki-pe-36,Food," The question does not specify a time frame or exclude local foods within Spain, so it's difficult to definitively say which foreign cuisine is more popular in Spain without additional context. However, if we consider the most popular foreign cuisines in Spain based on restaurant visits and food imports, Italian and Chinese cuisines are often among the top choices.",1,1.0
mistral-7b,Spain,English,inst-4,Ki-pe-39,Food," Paella (traditionally containing chicken, rabbit, snails, and vegetables)",0,0
mistral-7b,Spain,English,inst-4,Ki-pe-40,Food," There is no specific food from Spain that is universally considered disgusting by the rest of the world. Spanish cuisine is diverse and well-regarded globally, with dishes like Paella, Tapas, and Churros being popular around the world. However, personal taste preferences may vary among individuals.",0,0
mistral-7b,Spain,English,inst-4,Ki-pe-43,Food, Bread (without a specific name mentioned in the background information),0,0
mistral-7b,Spain,English,inst-4,Ki-pe-51,Work life,09:00-14:00 (assuming the information provided is about school hours and not government office hours),1,0.5
mistral-7b,Spain,English,inst-4,Ki-pe-53,Work life,09:00,1,1.0
mistral-7b,Spain,English,inst-4,Kik-in-01,Holidays/Celebration/Leisure,12 October (Spanish National Day),0,0
mistral-7b,Spain,English,inst-4,Kik-in-02,Holidays/Celebration/Leisure," There is no Independence Day in Spain as it is not an independent nation but a constituent kingdom of the Spanish monarchy, composed of 17 autonomous communities and two autonomous cities. The holidays mentioned in point [2] are national holidays, not independence days.",,
mistral-7b,Spain,English,inst-4,Kik-in-04,Holidays/Celebration/Leisure, Mourning cross or crucifix (depending on personal preference),,
mistral-7b,Spain,English,inst-4,Kik-in-05,Holidays/Celebration/Leisure," There is no specific tradition of a pregnancy celebration or ceremony that is universally held on a particular date across all regions of Spain. However, each region has its own unique festivals and traditions, as mentioned in the background information.",,
mistral-7b,Spain,English,inst-4,Kik-in-06,Holidays/Celebration/Leisure, Sant Jordi (23rd of April) book festival,0,0
mistral-7b,Spain,English,inst-4,Kik-in-07,Holidays/Celebration/Leisure, There is no specific tradition of sharing anything during Lunar New Year in Spain as it is not a traditional holiday celebrated there.,,
mistral-7b,Spain,English,inst-4,Kik-in-08,Holidays/Celebration/Leisure," There is no information provided about activities typically done days before Ramadan in Spain, as Ramadan is not traditionally celebrated there.",,
mistral-7b,Spain,English,inst-4,Kik-in-10,Holidays/Celebration/Leisure, It is not specified in the provided information which tourist attraction is the most popular for foreign visitors in Spain.,0,0
mistral-7b,Spain,English,inst-4,Kik-in-11,Holidays/Celebration/Leisure," The question does not specify that the answer should be related to religious sites specifically associated with tourism in Spain. However, if we consider the background information provided, it seems that tourist attractions like Asturian cider mills (llagares) and Basque rural sports events such as log-chopping (aizkolaris) are more popular than specific religious sites mentioned. If you're looking for a religious site in Spain, the Sagrada Familia in Barcelona or the Mezquita of Cordoba could be good options.",1,1.0
mistral-7b,Spain,English,inst-4,Kik-in-15,Holidays/Celebration/Leisure," There is no specific information provided about what women usually wear on graduation commencement ceremonies in Spain. It's customary for individuals to dress formally, but the exact attire can vary based on personal preference and cultural influences.",1,1.0
mistral-7b,Spain,English,inst-4,Kik-in-16,Food, Wine (Vino),0,0
mistral-7b,Spain,English,inst-4,Kik-in-17,Food," It is not possible to definitively determine what fruit is more commonly sold and found during Ramadan in Spain based on the provided background information, as it does not mention anything about Ramadan. However, given that Spain follows a Mediterranean climate and culture, fruits such as olives, oranges, grapes, and figs are common in the Mediterranean region and could be more prevalent during this time.",0,0
mistral-7b,Spain,English,inst-4,Kik-in-24,Food," Bread (as it is commonly served with many dishes in Spain, but not specifically with chicken in a fast-food restaurant)",1,0.3333333333333333
mistral-7b,Spain,English,inst-4,Kik-in-31,Sport," There isn't a specific ""most famous martial art sport"" in Spain as it varies across regions due to cultural influences. However, sports like Bullfighting (Tauromaquia) and Fencing are well-known internationally and have roots in Spanish culture.",0,0
mistral-7b,Spain,English,inst-4,Kik-in-34,Sport," Lucha canaria (Canarian wrestling), herri kirolak (Basque rural sports) and other general sports such as football, basketball, etc. are often broadcasted on national television in Spain.",1,1.0
mistral-7b,Spain,English,inst-4,Kik-in-35,Sport," Hiking/mountaineering, cycling, intense gym, swimming, gentle gymnastics, running",0,0
mistral-7b,Spain,English,inst-4,Kik-in-36,Sport," The question does not provide information about soccer coaches, so it's impossible to determine who the most popular soccer coach in Spain is based on the given background information.",0,0
mistral-7b,Spain,English,inst-4,Kik-in-37,Sport, Real Madrid vs Barcelona,1,1.0
mistral-7b,Spain,English,inst-4,Kik-in-38,Sport, El Clásico (Real Madrid vs FC Barcelona) is the most famous soccer rivalry in Spain.,1,1.0
mistral-7b,Spain,English,inst-4,Kik-in-40,Sport," I'm sorry for any inconvenience, but the provided background information does not contain data about the most famous male badminton player in Spain.",0,0
mistral-7b,Spain,English,inst-4,Kik-in-41,Sport," I'm sorry for any inconvenience, but the information provided does not specify or imply who the most famous female badminton player in Spain is. The data provided pertains to padel, football, basketball, hunting, golf, and mountaineering/climbing, but not badminton.",0,0
mistral-7b,Spain,English,inst-4,Kik-in-44,Sport," It is not specified in the provided information which sport gets the most support from the Spanish government. The data shows the popularity of sports among the population, but it does not indicate governmental support.",0,0
mistral-7b,Spain,English,inst-4,Kik-in-45,Sport,1) Padel courts (though availability may vary by school),0,0
mistral-7b,Spain,English,inst-4,Na-ko-02,Food," Coffee (Café in Spanish) is a popular beverage enjoyed by many people in Spain, but it's not accurate to say that it's the most commonly enjoyed beverage as there isn't specific data available for this question. However, coffee is widely consumed and is an integral part of Spanish culture.",0,0
mistral-7b,Spain,English,inst-4,Na-ko-04,Food," Without specific data or cultural references, it's difficult to definitively say what the preferred hangover cure food is in Spain. However, given that breakfast accounts for a significant portion of household food consumption and the sweet format is popular, one could speculate that something sweet might be a common choice. Traditional Spanish foods like churros (fried-dough pastries) or horchata (a rice milk drink) are often associated with breakfast and could potentially serve as hangover remedies in some contexts. But remember, this is just a hypothesis based on the provided information.",0,0
mistral-7b,Spain,English,inst-4,Na-ko-05,Food, Breakfast food at home (traditional),0,0
mistral-7b,Spain,English,inst-4,Na-ko-07,Food, Meat (32%),0,0
mistral-7b,Spain,English,inst-4,Na-ko-08,Food," Fruits eaten by Spanish people during the autumn season are not explicitly mentioned in the provided background information. However, given that Spain has diverse climate zones, it is likely that apples, pears, grapes, and quinces are among the fruits consumed during this season.",1,1.0
mistral-7b,Spain,English,inst-4,Na-ko-09,Food," It is not accurate to say that one specific side dish is the most commonly served on a dining table in Spain, as Spanish cuisine is diverse and varies greatly across regions. However, dishes such as rice (paella), potatoes, bread, and vegetables are often found on Spanish tables.",1,1.0
mistral-7b,Spain,English,inst-4,Na-ko-11,Food," Paella (traditionally) or other food, as it is not specified that they eat paella specifically while watching a soccer game. However, the tradition of eating paella at gatherings of family and friends could extend to such occasions.",0,0
mistral-7b,Spain,English,inst-4,Na-ko-15,Food, Breakfast (in general) or traditional Spanish pastries (specifically for the sweet format).,0,0
mistral-7b,Spain,English,inst-4,Na-ko-16,Sport," It is not possible to determine the ""most famous"" soccer player in Spain from the provided background information as it does not contain data about individual players' fame or popularity.",0,0
mistral-7b,Spain,English,inst-4,Na-ko-17,Sport," The question does not specify the location or type of school, so it's impossible to definitively say what sports male students enjoy during lunchtime at school in Spain. However, common recess activities in Spanish schools can include soccer (fútbol), basketball, and various playground games.",1,1.0
mistral-7b,Spain,English,inst-4,Na-ko-18,Sport," The question does not specify the age group, so it's impossible to determine the most common sport girls participate in during physical education classes specifically. However, if we look at the data provided about federated sport licenses, mountaineering/climbing has the highest percentage of female participation (6.6%). It's important to note that this does not necessarily mean it is the most common sport for girls during physical education classes in Spain, as the data refers to licensed sports and not school-based activities.",0,0
mistral-7b,Spain,English,inst-4,Na-ko-19,Sport, The provided information does not specify or imply who the most popular volleyball player in Spain is.,,
mistral-7b,Spain,English,inst-4,Na-ko-20,Sport, Football (Soccer),1,1.0
mistral-7b,Spain,English,inst-4,Na-ko-22,Sport, Argentina,0,0
mistral-7b,Spain,English,inst-4,Na-ko-23,Sport, It is not possible to determine which types of sports academies children attend the most in Spain based on the provided background information as it does not contain data about sports academies or their attendance rates.,0,0
mistral-7b,Spain,English,inst-4,Na-ko-24,Sport, It is not provided in the background information which food is most commonly eaten in sports stadiums while watching games in Spain.,0,0
mistral-7b,Spain,English,inst-4,Na-ko-25,Sport," The information provided does not specify typical sports played in Spain's school sports day, but it mentions traditional sports and games being promoted in the Canary Islands through the Canarian Week of Native Sports. However, the 2024/25 Survey of Sporting Habits in Spain suggests that a significant percentage of people aged 15+ participate in various sports.",0,0
mistral-7b,Spain,English,inst-4,Na-ko-26,Sport,62.7% of people aged 15+ played sport in the past year (Source: [1]),0,0
mistral-7b,Spain,English,inst-4,Na-ko-28,Sport," The information provided does not mention any winter sports players, so it's impossible to determine who the most popular winter sports player in Spain is based on this data.",0,0
mistral-7b,Spain,English,inst-4,Na-ko-29,Sport, It is not provided in the background information who the most famous swimmer in Spain is.,0,0
mistral-7b,Spain,English,inst-4,Na-ko-30,Sport, The information provided does not mention or imply any data about the most popular e-sports game in Spain.,0,0
mistral-7b,Spain,English,inst-4,Na-ko-33,Holidays/Celebration/Leisure, Paella Valenciana is not traditionally associated with Lunar New Year in Spain. There is no specific traditional food for Lunar New Year in Spain.,,
mistral-7b,Spain,English,inst-4,Na-ko-37,Holidays/Celebration/Leisure," The question does not specify if the answer refers to the most popular domestic vacation spot based on sports participation or general popularity. However, if we consider the information about log-chopping (aizkolaris) being described as the 'king' native sport in the Basque region of Spain, it could be inferred that the Basque Country might be a popular domestic vacation spot for people from Spain who are interested in this sport. Without more specific data, it is not possible to definitively say which is the most popular overall.",0,0
mistral-7b,Spain,English,inst-4,Na-ko-38,Holidays/Celebration/Leisure, There is no specific information provided about the most common wedding gift between bride and groom in Spain.,0,0
mistral-7b,Spain,English,inst-4,Na-ko-39,Holidays/Celebration/Leisure," No specific traditional gesture is universally given at Spanish weddings, but it's common to give a wedding gift.",0,0
mistral-7b,Spain,English,inst-4,Na-ko-40,Holidays/Celebration/Leisure,0 (There is no specific law or tradition requiring a multi-day funeral in Spain.),0,0
mistral-7b,Spain,English,inst-4,Na-ko-41,Holidays/Celebration/Leisure," It is not specified in the provided background information what should be prepared as a condolence offering when attending a funeral in Spain. Funeral customs can vary greatly depending on cultural and regional factors, so it would be best to research or ask about local traditions if you are planning to attend a funeral there.",0,0
mistral-7b,Spain,English,inst-4,Na-ko-42,Holidays/Celebration/Leisure, The information provided does not specify what type of food is commonly provided at funeral parlors in Spain.,0,0
mistral-7b,Spain,English,inst-4,Na-ko-43,Holidays/Celebration/Leisure," The information provided does not specify any traditions or activities related to the Lunar New Year in Spain, as it is a tradition primarily observed in East Asian cultures.",0,0
mistral-7b,Spain,English,inst-4,Na-ko-44,Holidays/Celebration/Leisure, Rush hours (specific times not provided),0,0
mistral-7b,Spain,English,inst-4,Na-ko-45,Holidays/Celebration/Leisure, The question does not provide information to determine the most popular honeymoon destination in Spain.,0,0
mistral-7b,Spain,English,inst-4,Ne-ar-05,Holidays/Celebration/Leisure,25 December (Christmas Day),1,0.5
mistral-7b,Spain,English,inst-4,Ne-ar-06,Holidays/Celebration/Leisure," Paella is not traditionally eaten during Ramadan by people from Spain, as it is not part of their Islamic cultural practices. Muslims in Spain would typically follow the traditional Iftar meal during Ramadan, which consists of a variety of dishes that are halal and break the fast at sunset.",,
mistral-7b,Spain,English,inst-4,Ne-ar-09,Holidays/Celebration/Leisure," There is no information provided to suggest that there is a specific traditional dish eaten by people from Spain during Eid ul Fitr, as this is a Muslim holiday and the majority of the population in Spain are not Muslim. However, it's important to note that cultural practices can vary widely among individuals, so it's always possible for an individual or community in Spain to celebrate Eid ul Fitr with traditional dishes from other cultures.",,
mistral-7b,Spain,English,inst-4,Ne-ar-10,Holidays/Celebration/Leisure," There is no specific information provided to determine what people from Spain eat during Eid ul Adha. Traditionally, Eid ul Adha is celebrated with the sacrifice of an animal (sheep, goat, cow, or camel) and sharing the meat with family, friends, and the needy. However, this is a global Islamic tradition and may not be universally practiced in Spain.",,
mistral-7b,Spain,English,inst-4,Ne-ar-11,Holidays/Celebration/Leisure, People in Spain celebrate New Year's Day within Spain.,0,0
mistral-7b,Spain,English,inst-4,Ne-ar-14,Holidays/Celebration/Leisure," The question does not specify which ethnic or religious group is celebrating Eid, so it's impossible to definitively say where a family would gather for Eid festivities in Spain based on the provided background information. However, it's worth noting that Spain is home to diverse cultures and religions, including Muslim communities who celebrate Eid al-Fitr and Eid al-Adha.",,
mistral-7b,Spain,English,inst-4,Ne-ar-16,Work life, Saturday and Sunday,1,1.0
mistral-7b,Spain,English,inst-4,Ne-ar-17,Work life,09:00,1,0.75
mistral-7b,Spain,English,inst-4,Ne-ar-18,Work life,17:00 (assuming a standard workday of 8 hours from 9:00 to 17:00),0,0
mistral-7b,Spain,English,inst-4,Ne-ar-20,Work life, A job with a boss but no subordinates (70% of workers in Spain) or being an independent worker (9.0%).,0,0
mistral-7b,Spain,English,inst-4,Ne-ar-24,Work life," Supermarkets are the main commercial hub in Spain, not a city.",0,0
mistral-7b,Spain,English,inst-4,Ne-ar-25,Work life," The information provided does not specify an ""industry that pays the best"" in Spain.",0,0
mistral-7b,Spain,English,inst-4,Ne-ar-26,Work life," I'm sorry for any confusion, but there isn't a specific ""most famous"" public corporation in Spain as it depends on various factors such as industry, influence, and recognition. However, some of the well-known public corporations in Spain include Red Eléctrica de España (electricity transmission), Renfe Operadora (railway services), Telefónica (telecommunications), and Repsol (oil and gas).",0,0
mistral-7b,Spain,English,inst-4,Ne-ar-31,Food," It is not possible to determine the ""most famous"" dish in Spain as it depends on regional preferences, cultural influences, and personal tastes. However, some popular dishes that are widely recognized outside of Spain include Paella (a rice dish), Tapas (small plates of food), and Gazpacho (cold soup).",1,1.0
mistral-7b,Spain,English,inst-4,Ne-ar-32,Food," Breakfast in Spain can be either sweet or savoury, with a higher percentage of the population (94%) having it at home. The sweet format remains the most common, but there's also growing interest in savoury breakfast, especially for health reasons, particularly in Madrid, Barcelona, and Andalusia.",1,0.2
mistral-7b,Spain,English,inst-4,Ne-ar-33,Food,14:00,1,1.0
mistral-7b,Spain,English,inst-4,Ne-ar-34,Food," Olive oil, bread, vegetables",1,1.0
mistral-7b,Spain,English,inst-4,Ne-ar-36,Food, Paella Valenciana or Espicha (depending on the region),1,1.0
mistral-7b,Spain,English,inst-4,Ne-ar-37,Food," Fruits are consumed frequently in Spanish households, but there is no specific tradition of offering fruits to tourists or visitors from abroad in Spain as a cultural practice. However, during events like the Fiesta de los Patios in Córdoba, visitors may encounter various types of flowers and plants in the patio gardens.",0,0
mistral-7b,Spain,English,inst-4,Ne-ar-38,Food, It is not specified in the provided background information what food people usually offer as charity in Spain.,0,0
mistral-7b,Spain,English,inst-4,Ne-ar-39,Food," The provided information does not specify or suggest any details about fast food in Spain, so it's impossible to determine the cheapest fast food based on this data.",0,0
mistral-7b,Spain,English,inst-4,Ne-ar-43,Food," No specific food is typically served with tea in Spain. Tea is often consumed on its own or accompanied by pastries, cookies, or cakes.",1,1.0
mistral-7b,Spain,English,inst-4,Ne-ar-44,Food, Milk or sugar (not specified in provided information),1,1.0
mistral-7b,Spain,English,inst-4,New-am-02,Food, It is not possible to determine the most popular traditional food in Spain based on the provided background information as it does not specify any specific traditional food.,0,0
mistral-7b,Spain,English,inst-4,New-am-04,Food, Romesco sauce,0,0
mistral-7b,Spain,English,inst-4,New-am-08,Food," The information provided does not specify any particular food that is most often consumed during Christian fasting in Spain. Fasting practices can vary greatly among individuals and regions, and it's not specified in the background information whether the context refers to Christian fasting or not.",0,0
mistral-7b,Spain,English,inst-4,New-am-15,Food," There is no specific traditional food that is universally prepared when mothers give birth in Spain. However, it's common for families to prepare meals for the new mother and her family during the postpartum period, which may include dishes such as cocido madrileño (a stew from Madrid), paella (a rice dish), or gazpacho (cold soup).",,
mistral-7b,Spain,English,inst-4,New-am-27,Sport, The information provided does not specify or imply who the most popular female sports person in Spain is.,0,0
mistral-7b,Spain,English,inst-4,New-am-34,Education," In classrooms within their respective Colegio Rural Agrupado (CRA) or schools, as per the legal minimum of school days and autonomous community's guidelines.",0,0
mistral-7b,Spain,English,inst-4,New-am-41,Education,6th Grade (Primary Education) or 3rd Year of Compulsory Basic Education,0,0
mistral-7b,Spain,English,inst-4,New-am-53,Work life, The information provided does not specify a region in Spain that is widely known for its coffee or tea industry.,,
mistral-7b,Spain,English,inst-4,New-am-54,Work life, Extremadura (for accepting only pigs raised in that region),1,0.5
mistral-7b,Spain,English,inst-4,New-am-59,Work life, There are no deserts in Spain.,0,0
mistral-7b,Spain,English,inst-4,New-am-60,Work life, Herders (not animals) are typically used for transportation during transhumance in Spain.,0,0
mistral-7b,Spain,English,inst-4,New-am-72,Family, The information provided does not specify or suggest that there is a most popular comic book for children to read in Spain.,0,0
mistral-7b,Spain,English,inst-4,New-am-73,Family," I don't have real-time data or the ability to browse the internet, so I can't provide the current most popular YouTube channel for children in Spain. However, some of the most popular children's channels in Spain in the past include CBeebies España, Pocoyo, and El Club de Flo.",0,0
mistral-7b,Spain,English,inst-4,New-am-74,Family, The information provided does not mention or imply anything about the most popular talk show in Spain.,0,0
mistral-7b,Spain,English,inst-4,New-am-77,Holidays/Celebration/Leisure,3 Kings' Day (6 January) or Epiphany,0,0
mistral-7b,Spain,English,inst-4,New-am-81,Holidays/Celebration/Leisure,12 (October),0,0
mistral-7b,Spain,English,inst-4,New-am-83,Holidays/Celebration/Leisure, The information provided does not specify a most popular traditional musical instrument in Spain.,0,0
mistral-7b,Spain,English,inst-4,New-as-01,Food," Cider (from information [3]) is not the main agricultural product in Spain, but it is one of the products from Asturias. The main channel for household food purchases in Spain is food purchased from supermarkets (from information [1]). Therefore, the main agricultural product produced in Spain cannot be definitively determined based on the provided information.",0,0
mistral-7b,Spain,English,inst-4,New-as-02,Food, The question does not provide information about wheat-based food items in Spain.,0,0
mistral-7b,Spain,English,inst-4,New-as-05,Food, Sangria or Wine,1,0.25
mistral-7b,Spain,English,inst-4,New-as-07,Food," Paella Valenciana, as mentioned in point 1, does not contain fish or shellfish. Therefore, it cannot be considered the most popular dish cooked with fish in Spain. To find the answer, one should look for a different Spanish dish that traditionally includes fish.",0,0
mistral-7b,Spain,English,inst-4,New-as-14,Food, It is not specified in the provided background information what food people from Spain like to eat during rainy weather.,0,0
mistral-7b,Spain,English,inst-4,New-as-15,Food, Sangria or Tinto de Verano (Red Wine with Lemon or Lemonade),1,0.3333333333333333
mistral-7b,Spain,English,inst-4,New-as-20,Sport, Basketball,1,1.0
mistral-7b,Spain,English,inst-4,New-as-29,Sport, Football (Soccer),1,1.0
mistral-7b,Spain,English,inst-4,New-as-30,Sport, The provided information does not specify what sport women in Spain like to watch.,0,0
mistral-7b,Spain,English,inst-4,New-as-58,Work life, The information provided does not specify a popular beverage that people from Spain like to drink in their workplace.,0,0
mistral-7b,Spain,English,inst-4,New-as-64,Family,"6 January (Epiphany, Three Kings' Day)",0,0
mistral-7b,Spain,English,inst-4,New-as-76,Holidays/Celebration/Leisure," Traditional sports and games, such as those promoted during the Canarian Week of Native Sports, are played by families during traditional holidays in Spain.",,
mistral-7b,Spain,English,inst-4,New-as-80,Holidays/Celebration/Leisure," Traditional clothing varies across regions in Spain. However, some common examples include flamenco dresses for women (trajes de flamenca) and bullfighter's uniforms (traje de luces) in Andalusia, the mantilla and jubón in Castile-Leon, and the sayetas in Valencia. These traditional outfits often reflect the cultural heritage and history of each region.",1,1.0
mistral-7b,Spain,English,inst-4,New-as-89,Holidays/Celebration/Leisure," Marching bands, ninots (fallas monuments), bagpipers",0,0
mistral-7b,Spain,English,inst-4,New-az-05,Food, Asturias,0,0
mistral-7b,Spain,English,inst-4,New-az-11,Food," Fruit (in general) are often eaten by people from Spain during the summer season, as per the 2024 food consumption report. However, no specific type of fruit is mentioned in the provided information.",0,0
mistral-7b,Spain,English,inst-4,New-az-12,Food," The Community of Madrid is known for its seafood, specifically river crabs.",0,0
mistral-7b,Spain,English,inst-4,New-az-21,Sport," Pyrenees (or Catalonia/Aragon, as it spans both regions)",1,0.5
mistral-7b,Spain,English,inst-4,New-az-26,Sport," There is no information provided about martial arts players in Spain, so it cannot be determined who the most popular one is.",,
mistral-7b,Spain,English,inst-4,New-az-27,Sport, It is not possible to determine which sport has been the fastest-growing in Spain over the last decade from the provided background information as there are no specific data points about growth rates for different sports.,0,0
mistral-7b,Spain,English,inst-4,New-az-39,Education," The question does not provide information about the destination of Spanish students studying abroad, so it's impossible to determine an answer based on the provided background information.",0,0
mistral-7b,Spain,English,inst-4,New-az-49,Work life,"1 (This is assuming that a ""family"" consists of one person working, which could be the case if we're considering single-person households or families where no one works due to various reasons such as retirement, disability, etc.)",1,0.2
mistral-7b,Spain,English,inst-4,New-az-60,Family," Women (419,500) take care of kids more than men (32,500) when both parents are working in Spain.",0,0
mistral-7b,Spain,English,inst-4,New-az-69,Holidays/Celebration/Leisure," Cider (Sidra) is not necessarily the preferred alcoholic beverage for all men in Spain, as there are various types of alcohol consumed in the country. However, given that Asturias produces 80% of Spain's cider, it could be considered a popular choice in that region.",0,0
mistral-7b,Spain,English,inst-4,New-az-70,Holidays/Celebration/Leisure, There is no information provided in the background data to determine a preferred alcoholic beverage for women from Spain.,0,0
mistral-7b,Spain,English,inst-4,New-az-73,Holidays/Celebration/Leisure, The information provided does not contain data about the average number of people attending weddings in Spain.,0,0
mistral-7b,Spain,English,inst-4,New-ch-01,Food," Chicken (Paella Valenciana does not involve barbecue, Pulpo á feira is octopus, and Galician magostos do not specify meat)",0,0
mistral-7b,Spain,English,inst-4,New-ch-02,Food,09:00,1,1.0
mistral-7b,Spain,English,inst-4,New-ch-04,Food, The provided information does not specify what kinds of food people usually eat for late-night snacks in Spain.,0,0
mistral-7b,Spain,English,inst-4,New-ch-05,Food," There isn't a universally recognized ""most famous"" spicy dish in Spain as Spanish cuisine varies greatly by region. However, one of the well-known spicy dishes is ""Paella Valenciana,"" which often includes bell peppers and chorizo, but it's not inherently spicy unless hot paprika or other spices are added. For a more traditionally spicy dish, consider ""Gazpacho Andaluz"" (Andalusian Gazpacho), a cold soup made with tomatoes, peppers, garlic, and bread, which can be quite spicy depending on the type and amount of pepper used.",0,0
mistral-7b,Spain,English,inst-4,New-ch-07,Food," There is no specific information provided about what food items are typically paired with hard liquor in Spain. However, it's common to serve nuts, olives, or cheese as appetizers when drinking alcohol in many Spanish bars and restaurants.",1,0.25
mistral-7b,Spain,English,inst-4,New-ch-08,Food, Salt,1,1.0
mistral-7b,Spain,English,inst-4,New-ch-09,Food, It is not possible to definitively determine what food people typically consume when the weather is cold in Spain based on the provided background information as it does not specify any specific foods associated with cold weather.,0,0
mistral-7b,Spain,English,inst-4,New-ch-13,Food," The question does not specify that it's asking for a specific brand. However, the information provided suggests that the most famous alcoholic beverage from Spain might be 'Sidra de Asturias', which is a type of cider produced in Asturias, Spain. It's important to note that this is a regional product and may not necessarily be a well-known brand across the entire country or internationally.",0,0
mistral-7b,Spain,English,inst-4,New-ch-14,Food, It is not specified in the provided background information what foods people usually eat when they are sick in Spain.,0,0
mistral-7b,Spain,English,inst-4,New-ch-15,Food," Ready meals, cooked legumes, canned tuna, and easy-to-prepare foods",0,0
mistral-7b,Spain,English,inst-4,New-ch-16,Sport," I'm sorry for any inconvenience, but as a text-based AI model, I don't have real-time access to databases or the ability to browse the internet to provide up-to-date information. However, one of the most famous sports-related movies in Spain is ""Torrente 3: El protector"" (Torrente 3: The Protector), a Spanish comedy film that revolves around football. It's important to note that this answer is based on general knowledge and may not reflect the most current or specific information. For accurate and up-to-date information, I would recommend consulting a reliable database or doing a web search.",0,0
mistral-7b,Spain,English,inst-4,New-ch-17,Sport," The information provided does not specify or indicate that there is a general preference for an ""extreme"" sport among the Spanish population.",0,0
mistral-7b,Spain,English,inst-4,New-ch-18,Sport, Aizkolaris (Log-chopping),0,0
mistral-7b,Spain,English,inst-4,New-ch-19,Sport, Aizkolaris (log-chopping),0,0
mistral-7b,Spain,English,inst-4,New-ch-23,Sport," I'm sorry for any confusion, but the information provided doesn't seem to be directly related to the question about the most famous table tennis player in Spain. However, one of the most famous Spanish table tennis players is Ma Long's mother, Ana Popovic, who was born and raised in Spain. She represented Spain internationally and won several medals at the European Championships.",,
mistral-7b,Spain,English,inst-4,New-ch-26,Sport, The Winter Olympics do not have an event that is particularly popular to watch in Spain as Spain does not traditionally excel in winter sports. The events mentioned are all native Spanish sports or cultural activities.,0,0
mistral-7b,Spain,English,inst-4,New-ch-27,Sport, It is not provided in the background information who the most famous boxer in Spain is.,0,0
mistral-7b,Spain,English,inst-4,New-ch-30,Sport," I'm sorry for any inconvenience, but the provided background information does not contain data about track and field athletes in Spain. Therefore, I cannot provide an accurate answer to your question.",0,0
mistral-7b,Spain,English,inst-4,New-ch-31,Work life, The text does not provide information to determine what job parents most hope their children will pursue in Spain.,0,0
mistral-7b,Spain,English,inst-4,New-ch-32,Work life," The type of office software used in the workplace can vary greatly depending on the industry, company size, and specific job roles. However, some commonly used office software in many workplaces worldwide include Microsoft Office Suite (Word, Excel, PowerPoint), Google Workspace (Docs, Sheets, Slides), and Adobe Creative Cloud (Photoshop, Illustrator, InDesign). There is no specific data available about the most commonly used office software in Spain from the provided background information.",1,0.6666666666666666
mistral-7b,Spain,English,inst-4,New-ch-38,Work life,"1) Catalonia, Andalusia, Madrid, Valencian Community (from background information about sport licences),
2) Camariñas (A Coruña) (from background information about bobbin lace).",1,0.6666666666666666
mistral-7b,Spain,English,inst-4,New-ch-39,Work life, Online shopping,0,0
mistral-7b,Spain,English,inst-4,New-ch-44,Work life," The typical probation period for new employees before signing a formal contract in Spain can vary, but it's usually between 30 days and 6 months. However, it's essential to note that the exact duration may depend on the specific collective agreement or contract.",1,1.0
mistral-7b,Spain,English,inst-4,New-ch-45,Work life," Without specific data, it's difficult to definitively say which industries young people typically choose to start businesses in Spain. However, considering the high participation in sports among Spanish adults (62.7% played sport in the past year) and the fact that many young people are still living with their parents, it could be reasonable to speculate that industries related to sports or services for families might attract a significant number of young entrepreneurs. It's also worth noting that the high percentage of older adults living alone suggests potential opportunities in sectors such as healthcare, home care, and senior-focused services.",0,0
mistral-7b,Spain,English,inst-4,New-ch-49,Family, The question does not provide information necessary to determine the most common way for family members to communicate remotely in Spain.,0,0
mistral-7b,Spain,English,inst-4,New-ch-51,Family," Paella pan (not literally, but symbolically representing a communal gathering for family and friends)",0,0
mistral-7b,Spain,English,inst-4,New-ch-54,Family, Not specified in the provided information.,0,0
mistral-7b,Spain,English,inst-4,New-ch-64,Education," I'm sorry for any confusion, but the information provided does not specify the number of hours that university students typically have per week in Spain. The data given pertains to employed people, primary school classes, and regulations regarding work hours. To answer this question accurately, we would need specific data or guidelines related to university class schedules in Spain.",0,0
mistral-7b,Spain,English,inst-4,New-ch-66,Education,0 (Public high schools in Spain are free of charge.),,
mistral-7b,Spain,English,inst-4,New-ch-70,Education, Compulsory courses for university students in Spain are not specified in the provided background information.,0,0
mistral-7b,Spain,English,inst-4,New-ch-71,Education," The question does not specify that it's about high schools. Early childhood education and basic education (primary and lower secondary) are compulsory and free in publicly funded schools in Spain, but there is no mention of class size for high schools in the provided background information. Therefore, I cannot provide an answer for this specific question based on the given context.",0,0
mistral-7b,Spain,English,inst-4,New-ch-72,Education," It is not possible to determine which major is considered most conducive to employment in Spain based on the provided background information. The data provided pertains to employment distribution by firm size, sport licences, and average weekly working hours, but no information about specific majors or industries is given.",0,0
mistral-7b,Spain,English,inst-4,New-ch-73,Education, Padel clubs,0,0
mistral-7b,Spain,English,inst-4,New-ch-74,Education," Dormitories, apartments, or shared houses are common types of accommodation for university students in Spain.",1,0.6666666666666666
mistral-7b,Spain,English,inst-4,New-ch-75,Education,"25 (Assuming the Andalusian public school model is representative of middle school classes, as no specific information about middle school schedules was provided for other regions.)",0,0
mistral-7b,Spain,English,inst-4,New-ch-78,Holidays/Celebration/Leisure, Padel,0,0
mistral-7b,Spain,English,inst-4,New-ch-79,Holidays/Celebration/Leisure," Without specific data on retired men's preferences, it is not possible to definitively say what leisure activities they typically like in Spain. However, considering the cultural habits shared with parents in childhood and the increased time spent on social life among the Basque Autonomous Community population, it can be inferred that retired men might enjoy activities such as reading for leisure, going to the cinema, or visiting museums or monuments.",0,0
mistral-7b,Spain,English,inst-4,New-ch-80,Holidays/Celebration/Leisure,"1st January, 6th January, Good Friday (3rd April), 12th October, 8th December, and 25th December. Additionally, some regional holidays may also include visits to religious sites, such as the 23rd April in Castilla y León.",0,0
mistral-7b,Spain,English,inst-4,New-ch-81,Holidays/Celebration/Leisure," It is not explicitly stated in the provided background information what the typical housewarming gifts in Spain are. However, given the context of local food, crafts and seasonal festivities mentioned, it could be reasonable to assume that traditional Spanish foods, handmade crafts or decorative items might be common housewarming gifts.",0,0
mistral-7b,Spain,English,inst-4,New-ch-82,Holidays/Celebration/Leisure,18:00,0,0
mistral-7b,Spain,English,inst-4,New-ch-83,Holidays/Celebration/Leisure," The information provided does not specify which city in Spain hosts festivals the most, as it only mentions specific holidays for certain cities and regions.",0,0
mistral-7b,Spain,English,inst-4,New-ch-84,Holidays/Celebration/Leisure," White (or similar light colors) is commonly worn by the bride, while other attendees usually wear formal or semi-formal darker colors such as black, navy blue, or gray.",1,1.0
mistral-7b,Spain,English,inst-4,New-ch-85,Holidays/Celebration/Leisure, Black,1,1.0
mistral-7b,Spain,English,inst-4,New-en-01,Food, Popcorn,1,1.0
mistral-7b,Spain,English,inst-4,New-en-02,Food," The question does not specify that it's about chips or crisps, so I can't provide an accurate answer based on the given information. However, if we were to make an educated guess, it could be olives (olorraja) or potato (patata) as they are common flavors for Spanish chips/crisps.",0,0
mistral-7b,Spain,English,inst-4,New-en-04,Food," I don't have specific information about popular celebrity chefs in Spain, but it would be best to look for Spanish chefs who are well-known internationally such as Ferran Adrià, José Andrés, or Santi Santamaria.",1,1.0
mistral-7b,Spain,English,inst-4,New-en-05,Food, Cooked legumes or ready meals,0,0
mistral-7b,Spain,English,inst-4,New-en-07,Food," I don't have real-time data or the ability to browse the internet, so I can't provide the current most popular cooking shows in Spain. However, based on general knowledge and the context provided, it seems that Spanish culture is rich with traditional recipes and regional specialties, which could be reflected in cooking shows. Shows focusing on traditional Spanish cuisine or Basque cuisine might be popular due to their cultural significance.",0,0
mistral-7b,Spain,English,inst-4,New-en-08,Food, The information provided does not mention a specific chocolate brand as being the most popular in Spain.,0,0
mistral-7b,Spain,English,inst-4,New-en-10,Food, The information provided does not specify or imply the most eaten cheese in Spain.,0,0
mistral-7b,Spain,English,inst-4,New-en-11,Food, The information provided does not indicate what the most disliked vegetable in Spain is.,0,0
mistral-7b,Spain,English,inst-4,New-en-12,Food," The question does not specify that the food should be found in food courts specifically. However, if we consider the information provided about household food consumption in Spain, it's reasonable to infer that quick-to-prepare foods such as cooked legumes, ready meals, canned tuna, and pastries (given the preference for sweet breakfast items) might be common in food courts due to their convenience. Therefore, a possible answer could be any of these types of foods or a combination thereof.",0,0
mistral-7b,Spain,English,inst-4,New-en-17,Sport, Logs and stones (from Basque rural sports),0,0
mistral-7b,Spain,English,inst-4,New-en-18,Sport," Pantalón de brega (for lucha canaria), Galician pulpo á feira (for food), or Camariñas lace (for crafts) are not typically items that fans bring to a live game in Spain. Fans usually bring items such as scarves, hats, flags, and sometimes snacks for themselves.",1,1.0
mistral-7b,Spain,English,inst-4,New-en-19,Sport," I'm sorry for any confusion, but the information provided does not specify or imply any details about a ""most well-known"" sports stadium in Spain. The data focuses on sporting habits of Spanish people and some cultural aspects like bobbin lace making in Camariñas. To answer your question, you might want to look up popular sports stadiums in Spain such as Santiago Bernabéu (Real Madrid's home ground), Camp Nou (FC Barcelona's home ground), or Mestalla Stadium (Valencia CF's home ground).",1,1.0
mistral-7b,Spain,English,inst-4,New-en-23,Sport, It is not possible to determine the most famous Paralympian in Spain based on the provided background information.,,
mistral-7b,Spain,English,inst-4,New-en-26,Sport," It is not possible to determine the ""best"" recognized sporting chant in Spain as it can vary based on regional preferences, sports popularity, cultural influences, and personal experiences. The question asks for a single answer, but the answer would depend on individual perspectives.",0,0
mistral-7b,Spain,English,inst-4,New-en-38,Work life," Industries with potentially more flexible working hours in Spain could be those that have negotiated different distributions of work hours through collective agreements or with workers' representatives, as allowed by Article 34 of the Workers' Statute. However, without specific data, it is not possible to definitively state which industries these are.",0,0
mistral-7b,Spain,English,inst-4,New-en-41,Work life," I don't have real-time data or the ability to determine who the most well-known and successful entrepreneur in Spain is, as my responses are based on the information provided and do not involve real-time updates or personal opinions.",0,0
mistral-7b,Spain,English,inst-4,New-en-47,Family," Patios or gardens (depending on the region) with flowers, as well as traditional elements like cider houses (in some regions).",1,1.0
mistral-7b,Spain,English,inst-4,New-en-49,Family," The question does not specify a definition of ""most famous"" and therefore it's impossible to determine a specific name for the most famous family in Spain based on the provided information.",0,0
mistral-7b,Spain,English,inst-4,New-en-50,Family, The information provided does not specify or imply the most common family name in Spain.,0,0
mistral-7b,Spain,English,inst-4,New-en-55,Family, Roman Catholicism is the most commonly practiced religion by families in Spain.,1,1.0
mistral-7b,Spain,English,inst-4,New-en-56,Family, Spanish,0,0
mistral-7b,Spain,English,inst-4,New-en-59,Family," The question does not provide information about the reasons for emigration or the current trends, so it's impossible to definitively say which country is the most popular destination for Spanish families to emigrate to. However, historically, many Spanish people have migrated to other European countries such as France, Germany, Italy, and the United Kingdom.",1,1.0
mistral-7b,Spain,English,inst-4,New-en-68,Education," In Spain, the specific consequences for bad behavior in schools can vary depending on the school's policies and the nature of the misconduct. However, generally, it could include warnings, detentions, loss of privileges, parent-teacher conferences, or even suspension from school. It is essential to note that this answer is a generalization and actual consequences may differ based on individual circumstances.",0,0
mistral-7b,Spain,English,inst-4,New-en-69,Education," Spanish writers such as Miguel de Cervantes Saavedra (author of Don Quixote), Gabriel García Márquez, Federico García Lorca, and many others.",1,1.0
mistral-7b,Spain,English,inst-4,New-en-70,Education, The information provided does not specify the number of school breaks for high schools in Spain as it focuses on primary education.,0,0
mistral-7b,Spain,English,inst-4,New-en-72,Education," Online shopping is not relevant to studying in Spain (as per your background information). Therefore, no specific online resource for studying can be determined from the provided data.",0,0
mistral-7b,Spain,English,inst-4,New-en-75,Education," I'm sorry for any inconvenience, but the provided background information does not contain data related to the average length of a semester in terms of weeks of teaching at universities in Spain. To answer this question accurately, you would need specific data about university schedules in Spain.",0,0
mistral-7b,Spain,English,inst-4,New-en-76,Holidays/Celebration/Leisure, It is not possible to determine which airport in Spain is the busiest during the holiday season based on the provided background information.,0,0
mistral-7b,Spain,English,inst-4,New-en-79,Holidays/Celebration/Leisure,"1. Catalonia (as it has a federation of human-tower teams, which could be considered a form of performance)",1,0.25
mistral-7b,Spain,English,inst-4,New-en-87,Holidays/Celebration/Leisure," It is not possible to determine the ""most famous"" historic landmark in Spain as there are many significant historical sites across the country, each with its own unique cultural and historical significance. Some of the well-known landmarks include the Alhambra in Granada, the Sagrada Familia in Barcelona, the Prado Museum in Madrid, and the Mezquita in Córdoba.",1,1.0
mistral-7b,Spain,English,inst-4,New-en-90,Holidays/Celebration/Leisure, The information provided does not contain details about hotel brands in Spain.,0,0
mistral-7b,Spain,English,inst-4,New-gr-05,Food," The information provided does not specify a specific grab-and-go breakfast option, but it suggests that sweet formats remain the most common for breakfast at home in Spain.",0,0
mistral-7b,Spain,English,inst-4,New-gr-06,Food," Cooked legumes or ready meals are more preferred among young people in Spain, according to the 2024 food consumption report.",0,0
mistral-7b,Spain,English,inst-4,New-gr-08,Food, Sangria or Wine (as it's common to find both at Spanish festivals),0,0
mistral-7b,Spain,English,inst-4,New-gr-13,Food, It is not specified in the provided information what the most common morning drink in Spain is.,0,0
mistral-7b,Spain,English,inst-4,New-gr-15,Food, It is not provided in the background information that specifies the most popular traditional dessert in Spain.,0,0
mistral-7b,Spain,English,inst-4,New-gr-21,Sport," The information provided does not specify a racket sport, so it's impossible to determine the most popular racket sport in Spain from this data.",0,0
mistral-7b,Spain,English,inst-4,New-gr-24,Sport, The information provided does not specify or indicate the most popular track and field sport in Spain.,0,0
mistral-7b,Spain,English,inst-4,New-gr-29,Sport," The question does not specify that the event should be international, so it's not possible to determine the most popular international sporting event in Spain based on the provided information. However, if we consider all sports events (local and international), football (soccer) is the most popular sport in Spain, as evidenced by the high number of federated licenses for football.",1,0.25
mistral-7b,Spain,English,inst-4,New-gr-47,Work life,15 (Two 15-minute breaks per day as mentioned in point [1]),1,0.3333333333333333
mistral-7b,Spain,English,inst-4,New-gr-58,Work life," Temporary workers hired through a temporary work agency might be considered underpaid compared to other categories of workers, given that they are more likely to have lower wages and fewer benefits. However, it's important to note that this is an assumption based on the provided information, as no specific data about their wages or working conditions was given. For a definitive answer, further research or data analysis would be required.",0,0
mistral-7b,Spain,English,inst-4,New-gr-76,Holidays/Celebration/Leisure," The information provided does not specify a particular food that is commonly served during Easter in Spain. Easter traditions in Spanish cuisine can vary widely, with some popular dishes including roast lamb (Cordero asado), seafood (Mariscos), and sweet bread rolls called Mona de Pascua.",0,0
mistral-7b,Spain,English,inst-4,New-gr-82,Holidays/Celebration/Leisure, Spanish pop and rock,1,0.3333333333333333
mistral-7b,Spain,English,inst-4,New-gr-88,Holidays/Celebration/Leisure," No specific drink is traditionally offered at Spanish funerals. However, it's common to serve refreshments such as coffee or tea.",0,0
mistral-7b,Spain,English,inst-4,New-gr-89,Holidays/Celebration/Leisure, Sangria or Wine,1,1.0
mistral-7b,Spain,English,inst-4,New-ha-07,Food," Tapas, although not a specific food item but a style of serving multiple small dishes, originated in Spain and have become popular worldwide.",0,0
mistral-7b,Spain,English,inst-4,New-ha-08,Food, The information provided does not specify a particular food that is typically disliked by children but enjoyed by the elderly in Spain.,0,0
mistral-7b,Spain,English,inst-4,New-ha-09,Food," Air-fryer usage reaches 4% of preparations, so it can be inferred that air-fryers are one of the cooking utensils commonly used in Spain. However, since the question asks for the ""most commonly used"" cooking utensil, it's important to note that green salad remains the most consumed recipe in households, suggesting that kitchen tools related to preparing salads (e.g., cutting boards, knives) might be more frequently used than air-fryers. Without specific data on the frequency of use of these items, it is not possible to definitively say which cooking utensil is the most commonly used in Spain based on the provided information.",1,0.5
mistral-7b,Spain,English,inst-4,New-ha-13,Food, The information provided does not specify a most popular vegetable in Spain.,0,0
mistral-7b,Spain,English,inst-4,New-ha-19,Sport," No animal is specifically used for sports in Spain across all regions. However, bullfighting is a traditional spectacle in some parts of Spain, but it's not considered a sport.",,
mistral-7b,Spain,English,inst-4,New-ha-66,Family," The question does not specify the type of venue, so it's impossible to determine the most popular wedding venue based on the provided information. However, if we consider the cultural aspect, Asturian cider mill (llagar) or rural venues could be a unique choice for a wedding, given the significance of espicha in Asturias. But this is not necessarily the most popular wedding venue across Spain as a whole.",0,0
mistral-7b,Spain,English,inst-4,New-in-01,Food," The question does not provide information about coffee shop brands, so it's impossible to determine the most popular one based on the given background information.",0,0
mistral-7b,Spain,English,inst-4,New-in-03,Food," Cocido madrileño is not typically served in restaurants overseas, but bread, meat, and vegetables are commonly found on menus.",0,0
mistral-7b,Spain,English,inst-4,New-in-33,Work life, Asturias or Córdoba (depending on whether you're referring to historical mining or current mining activities),1,1.0
mistral-7b,Spain,English,inst-4,New-in-34,Work life, Galicia or Andalusia (as they are both regions where olive oil is significant),1,1.0
mistral-7b,Spain,English,inst-4,New-in-62,Education," The question does not provide information about the popularity of universities due to their engineering majors, so I cannot provide an answer based on the given background information.",0,0
mistral-7b,Spain,English,inst-4,New-in-63,Education," The University of Valladolid, as it has a notable School of Medicine.",0,0
mistral-7b,Spain,English,inst-4,New-in-78,Holidays/Celebration/Leisure, Supermarkets (as they account for the majority of household food purchases).,0,0
mistral-7b,Spain,English,inst-4,New-in-80,Holidays/Celebration/Leisure," I'm sorry for any confusion, but there isn't a specific ""most famous"" theme park in Spain as it depends on various factors such as popularity, size, attractions, etc. However, some of the well-known theme parks in Spain include PortAventura World (located in Salou, Tarragona), Isla Magica (also in Seville) and Terra Mitica (in Benidorm, Alicante). These are among the largest and most popular theme parks in Spain.",1,1.0
mistral-7b,Spain,English,inst-4,New-ko-01,Family, The information provided does not specify a most popular children's animation in Spain.,0,0
mistral-7b,Spain,English,inst-4,New-ko-02,Family," The information provided does not specify a ""most popular"" prenatal education activity for pregnant women in Spain.",0,0
mistral-7b,Spain,English,inst-4,New-ko-03,Family, The information provided does not specify a most popular children's song that families sing together in Spain.,0,0
mistral-7b,Spain,English,inst-4,New-ko-04,Family," The question does not provide information about toys. However, based on the background information provided, it can be inferred that sports-related activities or items might be popular among boys in Spain.",0,0
mistral-7b,Spain,English,inst-4,New-ko-05,Family," The question does not provide information about toys, so it is impossible to determine which toys are most popular among girls in Spain based on the provided background information.",0,0
mistral-7b,Spain,English,inst-4,New-ko-06,Family," There isn't specific information provided to determine the most popular folk tale in Spain that is typically told to children. However, some well-known Spanish folktales include ""Don Quixote de la Mancha,"" ""Caperucita Roja"" (Little Red Riding Hood), and ""El Sombrerón"" (The Little Hat-maker).",1,1.0
mistral-7b,Spain,English,inst-4,New-ko-07,Holidays/Celebration/Leisure," I'm sorry for any confusion, but the provided background information does not contain details about customs related to funerals or condolences in Spain. Therefore, I cannot provide an answer based on that information.",1,1.0
mistral-7b,Spain,English,inst-4,New-ko-08,Work life, Telecommuting (remote work),0,0
mistral-7b,Spain,English,inst-4,New-ko-09,Work life,"1. Building human towers (castells)
2. Crafting ninots for Fallas tradition
3. Making Turrón (almond nougat)",0,0
mistral-7b,Spain,English,inst-4,New-ko-10,Work life, Independent work,0,0
mistral-7b,Spain,English,inst-4,New-pe-02,Food, Sidra de Asturias (Asturian Cider),0,0
mistral-7b,Spain,English,inst-4,New-pe-06,Food," There is no specific mention of a ""most popular stew"" in Spain in the provided background information.",1,1.0
mistral-7b,Spain,English,inst-4,New-pe-11,Food, The provided information does not specify or indicate the most common spice/herb used in Spanish dishes.,0,0
mistral-7b,Spain,English,inst-4,New-pe-16,Sport," Bolo Palma (or Bolos de Tierra) is not the most famous traditional sport in Spain, but it is prominent in Cantabria's history, culture, and tradition. The most popular traditional sports in Spain are bullfighting, flamenco dance, and pelota (a ball game played with a wall). However, these are not federated sports, and the most famous federated sports are football, basketball, hunting, golf, and mountaineering/climbing.",0,0
mistral-7b,Spain,English,inst-4,New-pe-20,Sport, Trainera rowing regattas (Trainera en regata),0,0
mistral-7b,Spain,English,inst-4,New-pe-45,Work life," The question does not provide information about the specific month (Ramadan) or religious practices related to work schedules in Spain. Therefore, it's impossible to determine the usual work schedule during the month of Ramadan in Spain based on the provided background information.",,
mistral-7b,Spain,English,inst-4,New-pe-47,Family,"12/24 (December 24th) is not a common date for celebrating Student's Day in Spain. The dates provided in the background information are holidays, but none of them correspond to Student's Day. To find the correct answer, you would need additional information or context about Spanish educational traditions and holidays.",,
mistral-7b,Spain,English,inst-4,New-pe-49,Family," Mosques (for Muslim families), Churches (for Christian families), Synagogues (for Jewish families) or Temples (for Hindu/Buddhist families). The specific location depends on the religious beliefs of the family.",1,1.0
mistral-7b,Spain,English,inst-4,New-pe-53,Family, There is no specific information provided about gifts given to fathers on Father's Day (or Parents' Day) in Spain.,0,0
mistral-7b,Spain,English,inst-4,New-pe-54,Family, It is not specified in the provided background information what gifts mothers receive on Mother's Day or Parents' Day in Spain.,0,0
mistral-7b,Spain,English,inst-4,New-pe-59,Family,3.65 (Average household size as per INE's projection for 2024),1,1.0
mistral-7b,Spain,English,inst-4,New-pe-65,Education,"10 (Basic education in Spain spans ten years, which is equivalent to middle school in some other countries.)",1,1.0
mistral-7b,Spain,English,inst-4,New-pe-66,Education," The information provided does not specify or imply that there is a ""most popular"" after-school curricular activity in elementary schools in Spain.",0,0
mistral-7b,Spain,English,inst-4,New-pe-74,Education," I'm sorry for any inconvenience, but the provided information does not contain data about the average annual tuition fee for public universities in Spain. To find this information, you would need to refer to a reliable source that provides data on education costs in Spain.",0,0
mistral-7b,Spain,English,inst-4,New-pe-76,Holidays/Celebration/Leisure, Aizkora Proba (Axe log-cutting) or Park activities (not specified),0,0
mistral-7b,Spain,English,inst-4,New-pe-78,Holidays/Celebration/Leisure, San Sebastian International Film Festival,1,1.0
mistral-7b,Spain,English,inst-4,New-pe-83,Holidays/Celebration/Leisure, The information provided does not mention a specific popular card game played during social gatherings in Spain.,0,0
mistral-7b,Spain,English,inst-4,New-pe-85,Holidays/Celebration/Leisure, It is not possible to determine the most popular tourist destination abroad for people from Spain based on the provided background information.,0,0
mistral-7b,Spain,English,inst-4,New-pe-86,Holidays/Celebration/Leisure," The term ""the most famous tower in Spain"" is subjective as it could refer to various structures such as architectural landmarks, human towers (castells), or even towering figures in history or culture. There isn't a specific name that fits this description universally.",0,0
mistral-7b,Spain,English,inst-4,New-spme-01,Food," There is no specific edible insect that is eaten most often in Spain as a general statement. However, certain insects like grasshoppers (chapulines) or ants are consumed in some regions of Spain, particularly during festivals and traditional events. But it's not common practice across the country as a whole.",,
mistral-7b,Spain,English,inst-4,New-spme-04,Food, The information provided does not specify which agricultural product is exported most often in Spain.,0,0
mistral-7b,Spain,English,inst-4,New-spme-05,Food, The information provided does not specify or suggest that there is a particular sweet that is considered the most popular in Spain.,0,0
mistral-7b,Spain,English,inst-4,New-spme-15,Sport, The information provided does not specify or imply the most popular sports drink in Spain.,0,0
mistral-7b,Spain,English,inst-4,New-spme-27,Education, University studies or higher,0,0
mistral-7b,Spain,English,inst-4,New-spme-37,Education, The information provided does not specify which profession is most commonly studied abroad by Spanish students.,,
mistral-7b,Spain,English,inst-4,New-spme-60,Family, Sunday,1,1.0
mistral-7b,Spain,English,inst-4,New-spme-65,Family," There isn't a specific Independence Day for Spain, as it is not an independent nation but a constitutional monarchy with autonomous regions. The celebrations mentioned are related to regional festivities and cultural events.",,
mistral-7b,Spain,English,inst-4,New-spme-68,Family, The information provided does not specify or imply anything about the most popular beverage among children in Spain.,0,0
mistral-7b,Spain,English,inst-4,New-spme-76,Holidays/Celebration/Leisure, Spain does not have an Independence Day as it is not a sovereign state but a constituent kingdom of the European Union.,,
mistral-7b,Spain,English,inst-4,New-spme-78,Holidays/Celebration/Leisure," There is no specific traditional song that is typically sung at birthday parties in Spain. However, ""Cumpleaños Feliz"" (Happy Birthday) is commonly sung in Spanish-speaking countries.",1,1.0
mistral-7b,Spain,English,inst-4,New-su-01,Food, Churros (fried-dough pastry) and bocadillos (sandwiches) are commonly sold in front of schools in Spain.,1,1.0
mistral-7b,Spain,English,inst-4,New-su-09,Food, Olive Oil,1,1.0
mistral-7b,Spain,English,inst-4,New-su-10,Food, The provided information does not specify that a particular food is commonly consumed by pregnant women in Spain.,,
mistral-7b,Spain,English,inst-4,New-su-15,Food," Sangria is a popular alcoholic drink in Spain, but the most popular traditional non-alcoholic drink is Horchata de Chufa (Tiger Nut Milk).",1,0.5
mistral-7b,Spain,English,inst-4,New-su-17,Sport, Padel courts,0,0
mistral-7b,Spain,English,inst-4,New-su-21,Sport," Playing sport (based on the data provided, it's not specified that only seniors participate, but 62.7% of people aged 15+ play sport in Spain)",1,0.5
mistral-7b,Spain,English,inst-4,New-su-24,Sport," Cinema visits and museum or monument visits are cultural activities, not sports. The common sports among parents and children in Spain according to the provided information are not specified. However, it is mentioned that 15.8% of those who play sport do so at an educational centre, which could imply a variety of sports taught there. Additionally, Cantabria's regional sports department is reviving bolos (bowling), suggesting that this could be another sport parents and children might engage in together.",0,0
mistral-7b,Spain,English,inst-4,New-su-28,Sport, Red and Yellow (La Roja),1,1.0
mistral-7b,Spain,English,inst-4,New-su-33,Education, There is no specific information provided about the common dress code for school teachers in Spain.,0,0
mistral-7b,Spain,English,inst-4,New-su-34,Education," Listening to Music (daily or monthly) is the most common extracurricular activity related to music among the population, according to the 2024-2025 Survey of Cultural Habits and Practices. However, it's important to note that this survey does not specifically address school activities. For more accurate information about extracurricular activities in schools, further research would be needed.",0,0
mistral-7b,Spain,English,inst-4,New-su-42,Education," Catholicism is mainly taught in schools in Spain. However, it's important to note that the Spanish Constitution guarantees religious freedom and secular education.",1,1.0
mistral-7b,Spain,English,inst-4,New-su-45,Education,02/14 (February 14th) is not a recognized national Education Day in Spain. The dates for such celebrations are typically set by the government or educational institutions and may vary each year. It's best to check official sources for accurate information on current Education Days in Spain.,0,0
mistral-7b,Spain,English,inst-4,New-su-50,Work life, The text does not provide specific information about the main occupation in mountainous areas in Spain.,0,0
mistral-7b,Spain,English,inst-4,New-su-51,Work life, Shellfish gathering (or mariscadoras),0,0
mistral-7b,Spain,English,inst-4,New-su-57,Work life," Livestock information was not provided in the background details. Therefore, I cannot definitively state what the most common livestock raised in Spain is.",0,0
mistral-7b,Spain,English,inst-4,New-su-58,Work life, Livestock (herds) and pigs (for Jabugo PDO production),1,1.0
mistral-7b,Spain,English,inst-4,New-su-59,Work life, There is no specific information provided about what farmers in Spain typically wear to protect themselves from the heat while farming.,1,1.0
mistral-7b,Spain,English,inst-4,New-su-60,Work life, It is not specified what farmers in Spain generally eat for lunch in the provided background information.,0,0
mistral-7b,Spain,English,inst-4,New-su-71,Family," Books, cinema tickets, museum or monument visits, and sports equipment or participation at an educational center.",0,0
mistral-7b,Spain,English,inst-4,New-su-75,Family, The information provided does not specify or imply what type of vehicle most families in Spain generally own.,0,0
mistral-7b,Spain,English,inst-4,New-su-77,Holidays/Celebration/Leisure," There is no specific tradition in Spain to give gifts to children during Eid (Eid al-Fitr or Eid al-Adha). These celebrations are part of Islamic culture, and while Spain has a significant Muslim population, it does not have the same customs as countries with a majority Muslim population.",,
mistral-7b,Spain,English,inst-4,New-su-81,Holidays/Celebration/Leisure," The type of clothing worn by grooms at Spanish weddings can vary, but traditionally, they often wear a suit or tuxedo (traje de novio). However, it's important to note that there is no one-size-fits-all answer as fashion trends and cultural practices can differ across regions.",1,1.0
mistral-7b,Spain,English,inst-4,New-su-82,Holidays/Celebration/Leisure," The type of clothing worn by brides at weddings in Spain can vary, but traditional Spanish wedding dresses often feature lace, embroidery, and long trains. However, modern Spanish brides may choose to wear a white gown similar to those popular in other Western cultures.",1,1.0
mistral-7b,Spain,English,inst-4,New-su-83,Holidays/Celebration/Leisure," The question does not specify the region of Spain, so it's difficult to definitively say what food is usually served at weddings across the entire country. However, regional dishes like Pulpo á feira (Galicia) or Cocido madrileño (Madrid) might be served at weddings in those regions respectively.",0,0
mistral-7b,Spain,English,inst-4,New-su-86,Holidays/Celebration/Leisure," The most famous government building in Spain is not explicitly mentioned in the provided background information. However, one of the most famous government buildings in Spain is the Royal Palace of Madrid.",0,0
mistral-7b,Spain,English,inst-4,New-su-88,Holidays/Celebration/Leisure, Spanish pop and rock,0,0
mistral-7b,Spain,English,inst-4,Ni-en-02,Education,"14:00 (based on the information provided for primary schools, which is likely to be similar for middle schools as well)",1,1.0
mistral-7b,Spain,English,inst-4,Ni-en-03,Education,"18 (Assuming that university education starts after completing compulsory education at age 16, and considering the mean ages at marriage as a rough estimate for when people might start university.)",1,1.0
mistral-7b,Spain,English,inst-4,Ni-en-06,Education,6,1,1.0
mistral-7b,Spain,English,inst-4,Ni-en-09,Education,5,1,1.0
mistral-7b,Spain,English,inst-4,Ni-en-11,Education,"2 (for a Master's degree in Spain, it usually takes 2 years to complete)",1,1.0
mistral-7b,Spain,English,inst-4,Ni-en-12,Education," The University of Valladolid or Universidad de Valladolid is not the top university in Spain. The top universities in Spain are typically ranked by institutions such as Times Higher Education World University Rankings, QS World University Rankings, and ARWU (Shanghai Ranking). Some of the top universities in Spain include:

1. Universidad de Madrid (Complutense)
2. Universidad Autónoma de Madrid
3. Universidad Pompeu Fabra (Barcelona)
4. Universidad Carlos III de Madrid
5. Universidad de Valencia
6. Universidad de Barcelona
7. Universidad de Alicante
8. Universidad de Navarra
9. Universidad de Zaragoza
10. Universidad de Santiago de Compostela

The University of Valladolid is not consistently ranked among the top universities in Spain, although it is a respected institution with a rich history and strong academic programs.",1,1.0
mistral-7b,Spain,English,inst-4,Ni-en-13,Education,"23-24 (Assuming that most students start university at 18 and complete a standard 4-year undergraduate program, with an additional year for master's degrees in some cases.)",1,1.0
mistral-7b,Spain,English,inst-4,Ni-en-15,Education,12,1,1.0
mistral-7b,Spain,English,inst-4,Ni-en-17,Work life,40,1,1.0
mistral-7b,Spain,English,inst-4,Ni-en-19,Work life,5,1,1.0
mistral-7b,Spain,English,inst-4,Ni-en-20,Work life,31.7 (Average weekly working hours per person in Spain in 2025),1,0.5
mistral-7b,Spain,English,inst-4,Ni-en-21,Work life,16,1,1.0
mistral-7b,Spain,English,inst-4,Ni-en-31,Holidays/Celebration/Leisure, Turrón (either soft or hard),0,0
mistral-7b,Spain,English,inst-4,Ni-en-37,Holidays/Celebration/Leisure,23 April (La Diada de Sant Jordi),0,0
mistral-7b,Spain,English,inst-4,Ni-en-40,Holidays/Celebration/Leisure," There isn't a specific ""most popular"" Christmas song in Spain as such, as it varies regionally and among individuals. However, traditional Spanish Christmas carols include ""El Cant de la Sibil·la"" (The Song of the Sibyl) from Catalonia, ""Los Pastores Mayos"" (The May Shepherds) from Castile and León, and ""La Rondalla de los Reyes Magos"" (The Carol of the Three Kings) from Aragon.",0,0
mistral-7b,Spain,English,inst-4,Nu-in-04,Education,10 (as basic education spans ten years in Spain and one school year typically consists of two semesters),0,0
mistral-7b,Spain,English,inst-4,Nu-in-05,Education,9,1,1.0
mistral-7b,Spain,English,inst-4,Nu-in-06,Education,1 May (05/01),0,0
mistral-7b,Spain,English,inst-4,Nu-in-11,Education,09:00,1,1.0
mistral-7b,Spain,English,inst-4,Nu-in-20,Family,01/30 (There is no specific Children's Day in Spain according to the provided information.),0,0
mistral-7b,Spain,English,inst-4,Nu-in-40,Work life, The information provided does not specify a main destination for job seekers in Spain.,0,0
mistral-7b,Spain,English,inst-4,Sa-en-1,Food, The information provided does not specify or imply that Spain has a popular fast food chain.,0,0
mistral-7b,Spain,English,inst-4,Sa-en-13,Food," The question does not provide enough context to determine a specific food item that is most divisive in Spain. However, it could be suggested that traditional Spanish foods such as tapas, paella, or chorizo might have varying levels of popularity and preference among the population due to regional differences and personal taste preferences.",1,0.4
mistral-7b,Spain,English,inst-4,Sa-en-16,Sport," The question does not provide information about the most popular soccer team among the people from Spain, so I cannot provide an answer based on the given background information.",0,0
mistral-7b,Spain,English,inst-4,Sa-en-22,Sport," I'm sorry for any confusion, but none of the provided background information mentions a specific university known for its sports team. It would be helpful if you could provide more context or specify the sport or sports team in question to help find an accurate answer.",,
mistral-7b,Spain,English,inst-4,Sa-en-31,Family, The information provided does not specify or imply that Spain has a most popular family pet.,0,0
mistral-7b,Spain,English,inst-4,Sa-en-32,Family," The information provided does not specify a family TV show in Spain, so it's impossible to determine the most popular one based on the given data.",0,0
mistral-7b,Spain,English,inst-4,Sa-en-37,Family, The information provided does not specify or suggest that there is a most popular family board game in Spain.,0,0
mistral-7b,Spain,English,inst-4,Sa-en-6,Food, The information provided does not specify or imply that there is a most popular takeaway food in Spain.,0,0
mistral-7b,Spain,English,inst-4,Sa-en-7,Food," It is not specified in the provided background information what popular snacks are in Spain. However, some common Spanish snacks include tapas, churros, tortilla española (Spanish omelette), and pan con tomate (bread with tomato).",1,1.0
mistral-7b,Spain,English,inst-4,Sa-en-9,Food," Beachgoers in Spain may eat paella (a traditional Spanish rice dish) or seafood such as clams, fine clam, grooved carpet shell, and cockle, depending on the region.",0,0
mistral-7b,Spain,English,inst-4,Ta-pe-10,Family,39.9,0,0
mistral-7b,Spain,English,inst-4,Ta-pe-11,Family,37.2,0,0
mistral-7b,Spain,English,inst-4,Ta-pe-13,Family,"4.2 (This is an approximation based on the assumption that each parent has two children on average, and each child grows up to be an adult with a spouse and possibly more children, leading to an average family size of approximately 4.2 members in the parents' generation.)",1,0.6666666666666666
mistral-7b,Spain,English,inst-4,Ta-pe-17,Sport," The data provided does not specify the Olympic sports played in Spain. Therefore, it's impossible to determine the most popular Olympic sport in Spain based on the given information.",0,0
mistral-7b,Spain,English,inst-4,Ta-pe-21,Sport, Outdoor spaces,0,0
mistral-7b,Spain,English,inst-4,Ta-pe-22,Sport, Sport/Physical Activity,0,0
mistral-7b,Spain,English,inst-4,Ta-pe-23,Sport," Outdoor sports or physical activities, as per [2] 45.3% of those who play sport prefer outdoor spaces.",0,0
mistral-7b,Spain,English,inst-4,Ta-pe-25,Sport," Football (Real Madrid vs FC Barcelona) is the most famous rivalry in a national sports league in Spain. However, it's important to note that this question specifically asks for a direct matchup within a single league, and while Real Madrid vs FC Barcelona is indeed a significant rivalry, they compete in La Liga, which is not the only professional sports league in Spain.",1,1.0
mistral-7b,Spain,English,inst-4,Ta-pe-29,Sport," The question does not provide information about the highest paying professional sport in Spain, as it focuses on sports licences, sporting habits, and a specific project related to tug of war. To find the answer, you would need data about the salaries of athletes in various professional sports in Spain.",0,0
mistral-7b,Spain,English,inst-4,Ta-pe-30,Sport, Terrero y gloria (Canarian public television),0,0
mistral-7b,Spain,English,inst-4,Ta-pe-32,Holidays/Celebration/Leisure,14-19 March (Fallas festival) or during the Fallas celebration.,0,0
mistral-7b,Spain,English,inst-4,Ta-pe-37,Holidays/Celebration/Leisure,12 Grapes (Las Doce Uvas de la Suerte),1,1.0
mistral-7b,Spain,English,inst-4,Ta-pe-42,Holidays/Celebration/Leisure, It is not specified in the provided background information what food people from Spain usually eat on New Year's Eve.,0,0
mistral-7b,Spain,English,inst-4,Ta-pe-45,Holidays/Celebration/Leisure," Chestnuts, chorizo, wine, and queimada (in Galicia)",0,0
mistral-7b,Spain,English,inst-4,Th-en-01,Sport," The information provided does not specify a ""most popular summer sport"" in Spain.",0,0
mistral-7b,Spain,English,inst-4,Th-en-03,Sport, Football (Soccer),1,1.0
mistral-7b,Spain,English,inst-4,Th-en-05,Sport," The question does not specify that it is asking for a sports team. Padel, being the most popular sport among women in Spain (with nearly 40,000 licenses), could be considered as the most popular women's sport. However, if we interpret ""team"" to mean a group of players representing a specific region or country, it is not possible to determine from the provided information.",0,0
mistral-7b,Spain,English,inst-4,Th-en-09,Sport," It is not specified which region's popularity is being referred to, so it cannot be definitively stated that there is one ""most popular"" tournament in Spain. However, based on the provided information, it can be said that in the Basque Country, aizkolaris competitions are considered the most popular native sport, and in Canary Islands, lucha canaria tournaments seem to have significant popularity.",0,0
mistral-7b,Spain,English,inst-4,Th-en-11,Sport," The question does not specify if it's asking for the most popular sports personality overall or within the context of native sports like log-chopping (aizkolaris). If we are considering all sports, it would be difficult to definitively name one individual due to the vast number of athletes in Spain across various disciplines. However, if we focus on federated sport licenses, Lionel Messi, a footballer, holds the highest percentage (29.2%).",1,0.3333333333333333
mistral-7b,Spain,English,inst-4,Th-en-12,Sport, Football,0,0
mistral-7b,Spain,English,inst-4,Th-en-15,Sport, The information provided does not specify a winter sport in Spain.,0,0
mistral-7b,Spain,English,inst-4,Th-en-19,Work life, Camariñas (A Coruña) is known for bobbin lace manufacturing.,1,0.5
mistral-7b,Spain,English,inst-4,Th-en-21,Work life," Overtime compensation or paid rest within the following four months (as per point [2]) could be considered one of the important perks for employees in Spain, given that it's a legal requirement. However, without additional context about the specific focus on ""perk,"" it's essential to note that this might not necessarily be the most valued or sought-after benefit among employees.",0,0
mistral-7b,Spain,English,inst-4,Th-en-22,Work life,"2015 (based on the provided information, the average hours worked per week in 2015 were higher than in 2025)",0,0
mistral-7b,Spain,English,inst-4,Th-en-24,Work life, Madrid,1,1.0
mistral-7b,Spain,English,inst-4,Th-en-27,Work life," It is not possible to determine the most important industry from the provided background information as it does not specify industries. The information provided pertains to sports licences, household food purchases, and traditional livestock movement.",0,0
mistral-7b,Spain,English,inst-4,Th-en-35,Family, Dinner,1,1.0
mistral-7b,Spain,English,inst-4,Th-en-36,Family," Aizkolaris (log-chopping) or other sports activities, considering the popularity of sports in Spain, especially among men and families.",0,0
mistral-7b,Spain,English,inst-4,Th-en-37,Family, There is no specific age mentioned in the provided information that indicates when children typically become independent from their parents in Spain.,0,0
mistral-7b,Spain,English,inst-4,Th-en-38,Family,"6 January (Epiphany, Three Kings' Day)",1,0.25
mistral-7b,Spain,English,inst-4,Th-en-39,Family, There is no information provided about a popular family game in Spain.,0,0
mistral-7b,Spain,English,inst-4,Th-en-41,Family,37.2 + 32.6 = 69.8 / 2 = 34.9 (rounded down to 34),1,1.0
mistral-7b,Spain,English,inst-4,Th-en-43,Family, The provided information does not contain data about car ownership in Spanish families.,0,0
mistral-7b,Spain,English,inst-4,Th-en-44,Family, Bread (based on the 2024 food consumption report),0,0
mistral-7b,Spain,English,inst-4,Th-en-45,Family," The question does not specify that the activity should occur during the evening, so it's impossible to definitively say what the most popular weekday evening family activity in Spain is based on the provided background information.",0,0
mistral-7b,Spain,English,inst-4,Th-en-48,Education,"10 (in the Spanish grading system, A is 10)",1,1.0
mistral-7b,Spain,English,inst-4,Th-en-49,Education," The question does not provide information about high school students or an exam they might take, so it's impossible to determine the most important exam for high school students in Spain based on the provided background information.",,
mistral-7b,Spain,English,inst-4,Th-en-51,Education, It is not possible to determine the most important subject for students in Spain from the provided background information as it does not specify which subject is considered the most important.,0,0
mistral-7b,Spain,English,inst-4,Th-en-53,Education," The question does not specify the ""most popular"" extracurricular social event, so it's impossible to provide an accurate answer based on the given information. However, the information about Cantabria rehabilitating bowling alleys suggests that bowling could be one of the potential extracurricular activities in Spanish schools.",0,0
mistral-7b,Spain,English,inst-4,Th-en-58,Education, The provided information does not specify or suggest what the most advanced math subject learned before university in Spain is.,0,0
mistral-7b,Spain,English,inst-4,Tmp-ar-01,Education, Universities in Spain,0,0
mistral-7b,Spain,English,inst-4,Tmp-ar-02,Education, Bus or Train,1,1.0
mistral-7b,Spain,English,inst-4,Tmp-ar-04,Education, It is not specified in the provided background information what elementary students in Spain usually do after school.,0,0
