model,country,language,prompt_no,ID,topic,response,score,weight
mistral-7b,US,English,inst-4,Al-en-01,Food," It is not possible to definitively determine what a common snack for preschool kids in the US is, as this can vary greatly depending on cultural, regional, and individual factors. However, some examples of popular snacks for young children in the US might include fruits (such as apples or bananas), crackers, yogurt, cheese sticks, goldfish crackers, or granola bars.",1,1.0
mistral-7b,US,English,inst-4,Al-en-02,Food, Barbecue (or BBQ),1,0.5
mistral-7b,US,English,inst-4,Al-en-04,Food," The question does not specify ""most popular fruit"" but mentions apple pie among the foods documented for harvest celebrations in nineteenth-century Illinois (1). However, it's important to note that apple pie doesn't necessarily mean apples are the most popular fruit. For a definitive answer on the most popular fruit in the US, you would need data from a reliable source like the U.S. Department of Agriculture or similar organization.",1,1.0
mistral-7b,US,English,inst-4,Al-en-06,Food, It is not specified in the provided background information what a common school cafeteria food in the US is.,0,0
mistral-7b,US,English,inst-4,Al-en-08,Food," The question does not specify that the snacks should be related to shopping mall culture in the 19th century or modern-day Thanksgiving, nor does it mention any specific region like Illinois or Minnesota. Therefore, without additional context, it is impossible to definitively say what are the most commonly eaten snacks at shopping malls in the US. However, some popular snack options at shopping malls might include pretzels, popcorn, candy, donuts, and fast food items such as burgers or fries.",1,1.0
mistral-7b,US,English,inst-4,Al-en-09,Food, Popcorn,1,0.5
mistral-7b,US,English,inst-4,Al-en-16,Education,4 or 5 (depending on the specific area and school system),1,1.0
mistral-7b,US,English,inst-4,Al-en-17,Education," It is not specified in the provided background information that there is a ""popular afterschool sport for elementary schools in the US."" The information provided pertains to private schools, regional sports, and ethnic community-based schools.",0,0
mistral-7b,US,English,inst-4,Al-en-18,Education," Religious, language, or cultural traditions (Catholic, Jewish, Chinese American)",0,0
mistral-7b,US,English,inst-4,Al-en-19,Education," English (as it's assumed that the recipes and stories are written in English, and the Hupa language school is mentioned in relation to California, not as a second language for U.S. high school students)",0,0
mistral-7b,US,English,inst-4,Al-en-21,Education," It is not possible to determine the ""most important"" subject for gifted education in the US from the provided background information. The context does not specify any particular subject matter related to gifted education.",0,0
mistral-7b,US,English,inst-4,Al-en-32,Holidays/Celebration/Leisure, Turkey,1,1.0
mistral-7b,US,English,inst-4,Al-en-33,Holidays/Celebration/Leisure," People in the U.S. typically celebrate Halloween by dressing up in costumes, carving pumpkins, trick-or-treating (knocking on doors and asking for candy), attending parties, and decorating their homes with spooky or scary items.",1,1.0
mistral-7b,US,English,inst-4,Al-en-34,Holidays/Celebration/Leisure," People often socialize, communicate, and exchange gifts on New Year's Day in the U.S., but there is no specific tradition mentioned in the provided background information that directly relates to this holiday.",0,0
mistral-7b,US,English,inst-4,Al-en-35,Holidays/Celebration/Leisure," People in the US celebrate Christmas by observing it on December 25, participating in multigenerational family traditions such as preparing caviar and escargots, and engaging in singing traditions documented in the Botkin Lecture series.",0,0
mistral-7b,US,English,inst-4,Al-en-36,Holidays/Celebration/Leisure, Pumpkin,1,0.25
mistral-7b,US,English,inst-4,Al-en-37,Holidays/Celebration/Leisure," Caviar, escargots, hog meat (from South Georgia tradition)",0,0
mistral-7b,US,English,inst-4,Al-en-38,Holidays/Celebration/Leisure, Chocolate or candy hearts are commonly associated with Valentine's Day in the US.,1,1.0
mistral-7b,US,English,inst-4,Al-en-39,Holidays/Celebration/Leisure," There is no specific food that all people in the U.S. eat on their birthday, as it varies greatly among individuals based on cultural, regional, and personal preferences.",0,0
mistral-7b,US,English,inst-4,Al-en-40,Holidays/Celebration/Leisure, Parks are a popular outdoor place for families to have fun with little kids in the US.,1,1.0
mistral-7b,US,English,inst-4,Al-en-43,Holidays/Celebration/Leisure, Family rituals or traditions (such as Christmas gatherings) are popular indoor activities for families in the U.S.,0,0
mistral-7b,US,English,inst-4,An-ar-02,Education," Lunch locations for university students in the US can vary greatly, but they may include campus dining halls, local restaurants, cafeterias, food trucks, or personal homes (if they live off-campus). The specific location depends on individual preferences and circumstances.",1,1.0
mistral-7b,US,English,inst-4,An-ar-03,Education,"3 or 6 (Depending on semester system, it could be either May/June or December/January)",1,1.0
mistral-7b,US,English,inst-4,An-ar-08,Education,"0 (High school is typically attended during the day, not evening or night hours.)",0,0
mistral-7b,US,English,inst-4,An-ar-09,Education,"1 (or None, if not specified)",1,0.6666666666666666
mistral-7b,US,English,inst-4,An-ar-34,Sport, American Football or Basketball (both are widely popular in schools across the US),1,1.0
mistral-7b,US,English,inst-4,An-ar-35,Sport," It is not possible to determine the most popular sport commentator in the U.S. as it can vary based on personal preferences, sports, and time periods. Some well-known sportscasters include Al Michaels, Jim Nantz, Joe Buck, and Tony Romo for football; Mike Tirico, Bob Costas, and Kenny Albert for basketball; and Doris Burke, Lisa Olson, and Linda Cohn for hockey, among others.",,
mistral-7b,US,English,inst-4,An-ar-36,Sport," The question does not specify the type of popularity, so it's difficult to definitively say which is the ""most popular"" sports team in the U.S. However, according to some surveys and attendance records, the National Football League (NFL) teams, particularly the Dallas Cowboys, are often cited as being among the most popular.",1,0.5
mistral-7b,US,English,inst-4,An-ar-43,Sport," Stadiums, arenas, living rooms (homes), bars, sports clubs, and public viewing areas.",1,1.0
mistral-7b,US,English,inst-4,Ca-sp-05,Food,"3 (Assuming breakfast, lunch, and dinner)",1,1.0
mistral-7b,US,English,inst-4,Ca-sp-06,Food, Sunday family meal,0,0
mistral-7b,US,English,inst-4,Ca-sp-08,Food, It is not possible to determine the most common ingredient used in the US's diet based on the provided background information.,0,0
mistral-7b,US,English,inst-4,Ca-sp-09,Food, It is not possible to determine what people from the US usually eat for dessert based on the provided background information.,0,0
mistral-7b,US,English,inst-4,Ca-sp-11,Food, Sunday,1,1.0
mistral-7b,US,English,inst-4,Ca-sp-14,Food," It is not possible to determine the ""most popular"" hot drink in the U.S., as preferences for drinks can vary greatly across regions, cultures, and individuals within the country.",0,0
mistral-7b,US,English,inst-4,Ca-sp-19,Holidays/Celebration/Leisure," The question does not specify a region or cultural group, so it's impossible to definitively say what young people from the US usually drink at a nightclub. Alcoholic beverages such as beer, wine, and cocktails are common, but non-alcoholic drinks like soda, juice, and water are also popular.",1,1.0
mistral-7b,US,English,inst-4,Ca-sp-21,Holidays/Celebration/Leisure,12 (December),1,1.0
mistral-7b,US,English,inst-4,Ca-sp-29,Holidays/Celebration/Leisure," There isn't specific information provided about a New Year's Eve tradition in the background details, but common traditions across the U.S. include watching the ball drop in Times Square, New York City, making resolutions, and celebrating with family and friends.",1,1.0
mistral-7b,US,English,inst-4,Ca-sp-38,Family, Family House,0,0
mistral-7b,US,English,inst-4,Ca-sp-41,Family, With their families or in retirement communities/assisted living facilities.,1,1.0
mistral-7b,US,English,inst-4,Ca-sp-42,Family,"0 (as of 2021, there is no federal law mandating paid maternity leave in the U.S.)",1,0.3333333333333333
mistral-7b,US,English,inst-4,Ca-sp-43,Family,"0 (As of now, there is no federal law mandating paternity leave in the U.S.)",0,0
mistral-7b,US,English,inst-4,Ca-sp-45,Family, Family-oriented destinations are commonly chosen for a family vacation in the US.,0,0
mistral-7b,US,English,inst-4,Gu-ch-05,Sport, The provided information does not specify or suggest which sports seniors in the U.S. prefer.,0,0
mistral-7b,US,English,inst-4,Gu-ch-06,Sport, The provided information does not specify what sports men like to play the most in the US.,0,0
mistral-7b,US,English,inst-4,Gu-ch-07,Sport, Michael Jordan,1,1.0
mistral-7b,US,English,inst-4,Gu-ch-08,Sport," Without specific data, it's challenging to definitively say which sport is the most popular among children in the U.S. However, based on the information provided, youth soccer seems to be one of the sports that are visible in everyday U.S. life.",1,1.0
mistral-7b,US,English,inst-4,Gu-ch-09,Sport, The provided information does not specify or suggest what sports women like to play the most in the U.S.,0,0
mistral-7b,US,English,inst-4,Gu-ch-11,Sport,1. Track and Field,1,0.3333333333333333
mistral-7b,US,English,inst-4,Gu-ch-15,Sport," The provided information does not specify what sports male students in universities like to play the most in the U.S. To find that information, you would need data from a survey or study conducted on college-aged males in the United States regarding their preferred sports for playing.",0,0
mistral-7b,US,English,inst-4,Gu-ch-16,Family, The provided information does not contain data about the number of people in an average American family.,0,0
mistral-7b,US,English,inst-4,Gu-ch-18,Family," The number of children per couple is not directly provided in the background information you've given. The data shows a trend of fewer families living with children under age 18, but it does not specify the average number of children per couple.",0,0
mistral-7b,US,English,inst-4,Gu-ch-31,Education,"8-12 (This range represents the typical duration of elementary school, which can vary slightly depending on local education systems and policies.)",1,1.0
mistral-7b,US,English,inst-4,Gu-ch-32,Education,12,1,1.0
mistral-7b,US,English,inst-4,Gu-ch-33,Education,"5 (This is an approximation as there's no specific age mentioned in the provided information, but many schools introduce a second language around this age.)",0,0
mistral-7b,US,English,inst-4,Gu-ch-38,Education,4,1,1.0
mistral-7b,US,English,inst-4,Gu-ch-40,Education,"03:00 is not a typical finishing time for younger elementary school students in the U.S. Elementary schools usually finish earlier, typically around 2:30 PM or 3:00 PM.",1,1.0
mistral-7b,US,English,inst-4,Gu-ch-41,Education,1 (The provided information does not specify how many musical instruments elementary school students in the U.S. typically play.),1,1.0
mistral-7b,US,English,inst-4,Ji-ko-02,Work life," Weekday (based on the given information, it suggests that more people are employed and working during weekdays)",1,0.3333333333333333
mistral-7b,US,English,inst-4,Ji-ko-03,Work life, New York City,1,1.0
mistral-7b,US,English,inst-4,Ji-ko-07,Work life," The question does not specify a type of ""famous"" or industry for the private company, so it's impossible to determine a definitive answer based on the provided background information.",0,0
mistral-7b,US,English,inst-4,Ji-ko-08,Work life,"60.8 (Assuming an average of 8.1 hours a day for weekdays and working every day, and considering that there are approximately 5.3 days in a workweek.)",0,0
mistral-7b,US,English,inst-4,Ji-ko-09,Work life," Food varies greatly, but common dishes might include sandwiches, snacks, pastries, or a potluck of various dishes. It's also common to serve beverages like coffee, tea, and soft drinks.",1,0.5
mistral-7b,US,English,inst-4,Ji-ko-14,Work life, Sports Culture (as represented by the Smithsonian sports collections),0,0
mistral-7b,US,English,inst-4,Ji-ko-15,Work life,"0.5 (This value is not directly provided in the background information, but it's a common standard for lunch breaks in many workplaces.)",1,0.6666666666666666
mistral-7b,US,English,inst-4,Ji-ko-16,Family," Hospitals or birthing centers, followed by home (with medical care if necessary).",1,1.0
mistral-7b,US,English,inst-4,Ji-ko-19,Family," There is no specified flower for Parents' Day in the United States, as it is not an official national holiday recognized by the National Park Service or any other federal agency.",,
mistral-7b,US,English,inst-4,Ji-ko-22,Family, The question does not provide information to determine what people especially spend their first salary on in the US's society.,0,0
mistral-7b,US,English,inst-4,Ji-ko-24,Family," The question does not specify the ""most preferred"" recreational facility, so it's impossible to provide an accurate answer based on the given background information.",0,0
mistral-7b,US,English,inst-4,Ji-ko-25,Family," Christmas, Kwanzaa",0,0
mistral-7b,US,English,inst-4,Ji-ko-26,Family,1974 (54% of U.S. families living with their own children under age 18) and 2024 (39%).,1,0.5
mistral-7b,US,English,inst-4,Ji-ko-27,Family, There is no information provided to determine what the common gift is when visiting elderly parents in the US.,0,0
mistral-7b,US,English,inst-4,Ji-ko-28,Family," The celebration after a child's birth in the U.S. doesn't have a specific national holiday, but families often celebrate with a baby shower before or after the birth. However, if you are referring to the first major national holiday that a newborn might experience, it would be Independence Day on July 4.",,
mistral-7b,US,English,inst-4,Ji-ko-29,Family,65 or older (as more than one quarter of U.S. householders were age 65 or older in 2024),0,0
mistral-7b,US,English,inst-4,Ji-ko-31,Education, At School or Home,1,1.0
mistral-7b,US,English,inst-4,Ji-ko-33,Education," The question does not specify where they go after dinner, so it is impossible to determine a usual location for all high school students in the U.S.",0,0
mistral-7b,US,English,inst-4,Ji-ko-34,Education, Elementary school students in the US typically go to school by attending classes on campus.,0,0
mistral-7b,US,English,inst-4,Ji-ko-35,Education," The question does not specify a ""most common"" form, so it's impossible to definitively say which type of private education is the most common in the U.S. as there are many types including Catholic, Jewish, and Chinese American schools mentioned in the background information, among others. However, according to National Center for Education Statistics (NCES), in terms of total enrollment, private schools with no religious affiliation have the highest number of students.",1,1.0
mistral-7b,US,English,inst-4,Ji-ko-36,Education," Middle or high school students most frequently attend public schools in the U.S. Private educational institutions, such as academies, are not attended by the majority of students.",0,0
mistral-7b,US,English,inst-4,Ji-ko-37,Education," Casual attire, including jeans, t-shirts, sweaters, and sometimes uniforms depending on the school's dress code policy.",1,1.0
mistral-7b,US,English,inst-4,Ji-ko-38,Education, The data provided does not specify or imply which major is considered the most difficult to gain admission to in the U.S.,0,0
mistral-7b,US,English,inst-4,Ji-ko-39,Education, It is not possible to determine the most commonly learned musical instrument by elementary school students in the US from the provided background information.,0,0
mistral-7b,US,English,inst-4,Ji-ko-40,Education," They often take trips or engage in activities related to their studies, such as visiting historical sites (e.g., Washington D.C.), or they may have free time for leisure activities.",0,0
mistral-7b,US,English,inst-4,Ji-ko-41,Education, There is no information provided about the type of shoes students wear in schools in the US.,0,0
mistral-7b,US,English,inst-4,Ji-ko-42,Education," The question does not specify that the answer should be about the subjects in a high school curriculum, which is typically what is tested in U.S. university entrance exams. However, if we consider the context of the eighth-grade students studying U.S. history mentioned, it could be inferred that the subject of U.S. History might be one of the subjects covered in the U.S. university entrance exams. To provide a more accurate answer, I would recommend researching the specific requirements for university entrance exams in the United States.",0,0
mistral-7b,US,English,inst-4,Ji-ko-44,Education," The question does not specify that the region with the highest academic fervor is associated with the projects mentioned, so it's impossible to definitively say based on the provided information. However, the Lower East Side and East Harlem in New York City are areas known for their educational institutions and initiatives, as shown by the examples given.",0,0
mistral-7b,US,English,inst-4,Ji-ko-45,Education," Socializing and Communication (based on the pattern of increased socializing on weekends as per [1] and the high percentage of people who engage in such activities daily as per [3]). However, it's important to note that this is a general answer and may not apply to every individual or festival. For a more specific answer, one would need to consider the unique aspects of each university festival. The NEA description of Heritage Fellows ([2]) could potentially be relevant if the festivals involve cultural performances or traditions.",,
mistral-7b,US,English,inst-4,Jo-sp-01,Sport, Soccer (Football),1,0.3333333333333333
mistral-7b,US,English,inst-4,Jo-sp-02,Sport, Wrestling (based on information point 1),1,0.5
mistral-7b,US,English,inst-4,Jo-sp-09,Sport," It is not accurate to say that specific sports are exclusively associated with the upper class in the United States, as sports participation can be found across all socio-economic groups. However, some sports may have a historical association with wealthier communities due to factors such as cost, accessibility, or cultural norms. Examples might include polo, yachting, golf, and equestrian events.",1,1.0
mistral-7b,US,English,inst-4,Jo-sp-13,Sport," It is not possible to determine the most popular water sport in the U.S. as it varies across regions and demographics. Some popular water sports include swimming, surfing, sailing, and fishing.",1,1.0
mistral-7b,US,English,inst-4,Jo-sp-14,Sport," There is no widely recognized ""most popular mental sport"" in the U.S. as mental sports are not typically considered mainstream athletic activities. However, activities such as chess, bridge, and puzzle-solving have significant followings.",1,1.0
mistral-7b,US,English,inst-4,Jo-sp-18,Work life,7,0,0
mistral-7b,US,English,inst-4,Jo-sp-19,Work life, The American West,0,0
mistral-7b,US,English,inst-4,Jo-sp-21,Work life," The question does not provide information about when people typically leave work for lunch in the US. The provided background information is about working hours and remote work, but it does not specify lunch breaks.",0,0
mistral-7b,US,English,inst-4,Jo-sp-31,Education,"15:00 (3:00 PM) is a common dismissal time for high schools in the U.S., but it can vary depending on the district and school schedule.",1,1.0
mistral-7b,US,English,inst-4,Jo-sp-32,Education," Karate (from information [1]) is one of the sports that can be practiced at school in the US, but it's not accurate to say that elementary school students tend to practice karate. The answer should be more general. For example, Physical Education classes often include a variety of sports such as soccer, basketball, or gymnastics.",1,1.0
mistral-7b,US,English,inst-4,Jo-sp-36,Education,10 (assuming that the average U.S. school year is approximately 36 weeks long and includes two 2-week summer breaks),1,1.0
mistral-7b,US,English,inst-4,Jo-sp-37,Education,"12 (weeks) is a common length for summer vacations at universities in the US. However, it's important to note that this can vary depending on the specific institution and academic calendar.",1,1.0
mistral-7b,US,English,inst-4,Jo-sp-39,Education,6,1,0.6666666666666666
mistral-7b,US,English,inst-4,Jo-sp-43,Education,23 (implying that at least 23 ethnic community-based schools teach languages other than English),1,0.25
mistral-7b,US,English,inst-4,Jod-ch-01,Food," Forks, knives, spoons, and sometimes plates are commonly used eating utensils in the US.",1,1.0
mistral-7b,US,English,inst-4,Jod-ch-04,Food," The question does not specify that the answer should be about a soft drink. The information provided is about traditional drinks (Picon Punch) in Basque communities of the American West, maple sugaring in North Bridgewater, Vermont, but no mention of a soft drink.",0,0
mistral-7b,US,English,inst-4,Jod-ch-06,Food," There isn't a ""most popular traditional alcohol"" in the U.S., as it varies by region and cultural background. However, some traditional alcoholic beverages include moonshine (Appalachian region), rum (New England colonial era), and mead (Native American tradition).",1,0.3333333333333333
mistral-7b,US,English,inst-4,Jod-ch-07,Food,0.4 (Assuming that the average time spent dining out is less than an hour and rounding to one decimal place.),0,0
mistral-7b,US,English,inst-4,Jod-ch-09,Food,"18:30 (assuming that people typically finish work at 17:00 and spend about 30 minutes commuting, followed by a 30-minute break before dinner)",0,0
mistral-7b,US,English,inst-4,Jod-ch-12,Food, It is not possible to determine what kind of soup people from the United States like to have based on the provided background information.,0,0
mistral-7b,US,English,inst-4,Jod-ch-13,Food," There isn't a specific ""street food"" that all Americans like to eat, as American cuisine is diverse and regional. However, some popular examples of street foods in various parts of the U.S. include hot dogs, tacos, pretzels, and funnel cakes.",1,1.0
mistral-7b,US,English,inst-4,Jod-ch-15,Food, The provided background information does not contain any data related to the type of seafood that people in the U.S. like to eat.,0,0
mistral-7b,US,English,inst-4,Jod-ch-16,Holidays/Celebration/Leisure," The question does not specify ""the biggest"" festival, so it's impossible to provide an accurate answer based on the given information. The festivals mentioned are local community events in different parts of the United States.",,
mistral-7b,US,English,inst-4,Jod-ch-28,Holidays/Celebration/Leisure," The question does not provide information about the mode of transportation used for traveling between cities in the US, so I cannot provide an answer based on the given background information.",0,0
mistral-7b,US,English,inst-4,Jod-ch-30,Holidays/Celebration/Leisure," The provided information does not specify the ""most biggest"" festival in the US, as it focuses on local community traditions such as the Spam Festival, Rhododendron Festival, and Blue Corn Festival. Therefore, there is no specific decoration or symbol associated with the ""most biggest"" festival in the US based on this information.",0,0
mistral-7b,US,English,inst-4,Jod-ch-37,Sport, Data from the Smithsonian or similar sources does not specify which sports women in the U.S. prefer to watch the most.,0,0
mistral-7b,US,English,inst-4,Jod-ch-38,Sport, It is not possible to determine what sports men like to watch the most in the US based on the provided background information.,0,0
mistral-7b,US,English,inst-4,Jod-ch-41,Holidays/Celebration/Leisure, Camping or Fishing (based on the Smithsonian leisure collections provided),0,0
mistral-7b,US,English,inst-4,Jod-ch-42,Holidays/Celebration/Leisure," Camping or Fishing (based on the information provided, it's not definitive as the data doesn't specify gender or age group for these activities)",0,0
mistral-7b,US,English,inst-4,Jod-ch-46,Work life,0.5,1,0.3333333333333333
mistral-7b,US,English,inst-4,Jod-ch-48,Work life, The provided information does not specify what people eat for lunch during working days in the US.,0,0
mistral-7b,US,English,inst-4,Jod-ch-50,Work life, The provided information does not contain data about average commute time in the US.,0,0
mistral-7b,US,English,inst-4,Jod-ch-51,Work life, The question does not provide information necessary to determine the most common mode of transportation to work in the U.S. in 2024.,0,0
mistral-7b,US,English,inst-4,Jod-ch-54,Work life," I'm sorry for any confusion, but there is no specific number of days provided in your background information that can be used to determine the length of marriage leave in the U.S. Marriage leave policies vary by employer and are not federally mandated, although some states have laws regarding family leave. It would be best to consult a reliable source or legal expert for accurate information on this topic.",0,0
mistral-7b,US,English,inst-4,Jod-ch-56,Work life,"65 (This is the typical age for full Social Security benefits, but there's no specific ""typical"" retirement age for women as it varies based on individual circumstances and preferences.)",1,1.0
mistral-7b,US,English,inst-4,Jod-ch-57,Work life,"65 (This is the traditional retirement age, but it's important to note that many people continue working past this age due to various factors such as financial needs or personal preference.)",1,1.0
mistral-7b,US,English,inst-4,Jod-ch-58,Work life," The data provided does not specify or imply any information about professions, so it's impossible to determine which profession is the most respected based on this information alone.",0,0
mistral-7b,US,English,inst-4,Jod-ch-60,Work life,8.1,1,1.0
mistral-7b,US,English,inst-4,Jod-ch-61,Work life," The provided background information does not specify occupations, so it's impossible to determine which occupation is most preferred among females in the US based on this data.",0,0
mistral-7b,US,English,inst-4,Jod-ch-62,Work life," The provided information does not specify an occupation, so it's impossible to determine which occupation is most preferred among males in the US based on this data.",0,0
mistral-7b,US,English,inst-4,Ki-pe-17,Education, High School or Secondary Education,1,1.0
mistral-7b,US,English,inst-4,Ki-pe-24,Education," Multiple languages including Chinese, among others, are taught in schools in the US besides English.",1,0.2
mistral-7b,US,English,inst-4,Ki-pe-30,Education," The days that schools are typically closed in the U.S. are weekends (Saturday and Sunday) and holidays, which may include federal holidays such as New Year's Day, Martin Luther King Jr. Day, Presidents' Day, Memorial Day, Independence Day, Labor Day, Columbus Day, Veterans Day, Thanksgiving Day, and Christmas Day. However, the specific days off can vary depending on the school district.",1,1.0
mistral-7b,US,English,inst-4,Ki-pe-32,Food," Food varies widely in the US, with regional differences. However, no specific food is mentioned in the provided background information as being prepared by the hosts for their guests in general terms.",0,0
mistral-7b,US,English,inst-4,Ki-pe-34,Food," There is no specified ""usual"" drink for an American breakfast as it can vary greatly depending on regional preferences, personal taste, and cultural influences. However, juice, milk, coffee, or tea are commonly consumed beverages with a breakfast meal.",1,1.0
mistral-7b,US,English,inst-4,Ki-pe-36,Food, Poland (due to the mention of a Polish tradition in Western New York),0,0
mistral-7b,US,English,inst-4,Ki-pe-39,Food," Foods vary widely for a family picnic in the US, as it depends on regional preferences and cultural backgrounds. There's no specific food that is universally prepared for all picnics.",0,0
mistral-7b,US,English,inst-4,Ki-pe-40,Food," It's not accurate to say that any specific food from the United States is universally considered disgusting by the rest of the world, as culinary preferences vary greatly across cultures. However, some foods that are popular in the U.S., such as canned corn or peanut butter, may be unfamiliar or unappealing to people in other countries.",0,0
mistral-7b,US,English,inst-4,Ki-pe-43,Food," Italian Bread (or simply Bread, as it's quite common across various cultures in the U.S.)",0,0
mistral-7b,US,English,inst-4,Ki-pe-51,Work life,"09:00 - 17:00 (Government office hours can vary by location and department, but this is a general range.)",1,1.0
mistral-7b,US,English,inst-4,Ki-pe-53,Work life,09:00,1,0.6666666666666666
mistral-7b,US,English,inst-4,Kik-in-01,Holidays/Celebration/Leisure,"1. Christmas (December 25th) or 2. Thanksgiving (fourth Thursday of November), depending on how you define ""duration"". If by length of day, it's Christmas; if by number of days celebrated, it could be Thanksgiving.",1,1.0
mistral-7b,US,English,inst-4,Kik-in-02,Holidays/Celebration/Leisure," Food preparation and cleanup, along with commemoration events.",0,0
mistral-7b,US,English,inst-4,Kik-in-04,Holidays/Celebration/Leisure, Mourning or Memorial Wreath,,
mistral-7b,US,English,inst-4,Kik-in-05,Holidays/Celebration/Leisure," There is no universally recognized pregnancy celebration or ceremony that is typically held in the U.S. on a specific date. However, some families may choose to hold a gender reveal party, baby shower, or other celebrations at various points during the pregnancy. These events are not tied to any particular holiday or time of year.",1,1.0
mistral-7b,US,English,inst-4,Kik-in-06,Holidays/Celebration/Leisure, Bachelorette Party or Bachelor Party,1,1.0
mistral-7b,US,English,inst-4,Kik-in-07,Holidays/Celebration/Leisure," There is no specific tradition of sharing anything to children during Lunar New Year in the United States, as it is not a widely celebrated holiday there. The Lunar New Year is primarily observed in East and Southeast Asian countries.",,
mistral-7b,US,English,inst-4,Kik-in-08,Holidays/Celebration/Leisure," Food preparation and cleanup for Ramadan meals, as well as shopping for necessary items.",,
mistral-7b,US,English,inst-4,Kik-in-10,Holidays/Celebration/Leisure," Washington, D.C. (as it is a longstanding tradition for many eighth-grade students studying U.S. history, implying it has educational value and historical significance which could attract tourists)",0,0
mistral-7b,US,English,inst-4,Kik-in-11,Holidays/Celebration/Leisure," It is not possible to determine the ""most popular"" religious sites in the U.S. as it can vary based on factors such as location, time of year, and personal preferences. However, some well-known religious sites that attract tourists include St. Patrick's Cathedral in New York City, The Vatican Embassy (Papal Nunciature) in Washington D.C., the Basilica of the National Shrine of the Immaculate Conception in Washington D.C., and the Golden Gate Temple (BAPS Shri Swaminarayan Mandir) in California.",1,1.0
mistral-7b,US,English,inst-4,Kik-in-15,Holidays/Celebration/Leisure," A cap and gown, typically. However, under the gown, there is no specific requirement for women's attire. They often wear dresses or suits underneath.",1,1.0
mistral-7b,US,English,inst-4,Kik-in-16,Food," Picon Punch is traditionally associated with Basque communities in the American West, but it doesn't have a specific association with cold weather. There isn't enough information provided to determine what drink is commonly consumed in the US when the weather is cold.",0,0
mistral-7b,US,English,inst-4,Kik-in-17,Food, Watermelon,,
mistral-7b,US,English,inst-4,Kik-in-24,Food, French Fries,1,1.0
mistral-7b,US,English,inst-4,Kik-in-31,Sport," It is not accurate to state that there is one ""most famous"" martial art sport in the U.S., as the popularity of martial arts varies across regions and demographics. However, some popular martial arts in the U.S. include Karate, Taekwondo, Kung Fu, Brazilian Jiu-Jitsu, and Mixed Martial Arts (MMA).",1,1.0
mistral-7b,US,English,inst-4,Kik-in-34,Sport," NASCAR, Soccer (Football), Baseball",1,1.0
mistral-7b,US,English,inst-4,Kik-in-35,Sport," NASCAR, Youth Soccer (based on the background information provided)",0,0
mistral-7b,US,English,inst-4,Kik-in-36,Sport," It is not possible to determine who the most popular soccer coach in the U.S. is based on the provided background information, as it does not contain data about coaches or their popularity.",,
mistral-7b,US,English,inst-4,Kik-in-37,Sport," New York Red Bulls vs D.C. United, Seattle Sounders FC vs Portland Timbers, Los Angeles Galaxy vs LAFC, Philadelphia Union vs D.C. United, and Derby County (not in the US, but a famous rivalry between two teams from Indiana, USA - Indianapolis Eleven and Indy 11).",,
mistral-7b,US,English,inst-4,Kik-in-38,Sport," Ultras Suns vs Ultra's Serenity (Seattle Sounders FC vs LA Galaxy fans) or El Tri derby (Los Angeles FC vs Chivas USA fans) are examples of intense soccer rivalries in the US, but there are many regional and team-specific rivalries as well.",,
mistral-7b,US,English,inst-4,Kik-in-40,Sport," I'm sorry for any inconvenience, but there isn't specific information provided about a famous male badminton player from the United States in the background details you've given. To answer this question accurately, additional context or sources would be required.",,
mistral-7b,US,English,inst-4,Kik-in-41,Sport," I'm sorry for any confusion, but the provided background information does not contain details about a famous female badminton player from the U.S. The Smithsonian collections focus on various sports objects associated with American history and culture, but they do not necessarily highlight individual athletes or their achievements in specific sports. To answer your question, you would need to look up information about notable female badminton players from the United States.",,
mistral-7b,US,English,inst-4,Kik-in-44,Sport," There is no specific sport that receives the most support from the government in the United States as it varies across different levels of government and sports. However, sports like Olympic sports, college athletics, and professional sports may receive some form of government funding or subsidies.",0,0
mistral-7b,US,English,inst-4,Kik-in-45,Sport," Sports fields such as football fields, basketball courts, baseball diamonds, soccer fields, tennis courts, and track & field areas are commonly available at schools in the US.",1,1.0
mistral-7b,US,English,inst-4,Na-ko-02,Food, Coffee,1,1.0
mistral-7b,US,English,inst-4,Na-ko-04,Food," There isn't a universally preferred hangover cure food in the U.S., as it varies greatly among individuals, regions, and cultural backgrounds. However, some common foods often associated with hangover relief include greasy or fatty foods, spicy foods, pickles, and eggs.",0,0
mistral-7b,US,English,inst-4,Na-ko-05,Food," There isn't a ""typical"" delivery food in the US as it varies greatly among regions, cultures, and individual preferences. However, popular choices for food delivery often include pizza, Chinese food, burgers, Mexican food, and Italian cuisine.",1,1.0
mistral-7b,US,English,inst-4,Na-ko-07,Food, The provided background information does not contain data about the consumption of meat in the US.,0,0
mistral-7b,US,English,inst-4,Na-ko-08,Food," Hatch green chiles (not a fruit, but a vegetable commonly associated with autumn traditions in some parts of the US)",0,0
mistral-7b,US,English,inst-4,Na-ko-09,Food," It is not possible to determine the most commonly served side dish on a dining table in the U.S., as it varies greatly depending on regional, cultural, and personal preferences.",0,0
mistral-7b,US,English,inst-4,Na-ko-11,Food," Snacks such as hot dogs, pretzels, popcorn, nachos, beer, and soft drinks are commonly eaten while watching a soccer game in the U.S.",1,1.0
mistral-7b,US,English,inst-4,Na-ko-15,Food, There isn't a single representative nourishing food in the United States due to its diverse foodways with regional variations.,0,0
mistral-7b,US,English,inst-4,Na-ko-16,Sport," It's difficult to determine the ""most famous"" as it can vary based on personal opinions, popularity, and achievements. However, some of the well-known American soccer players include Landon Donovan, Clint Dempsey, and Alex Morgan.",1,0.5
mistral-7b,US,English,inst-4,Na-ko-17,Sport," The question does not specify the location or gender of the students, so it is impossible to definitively say what sports male students enjoy during lunchtime at school in the U.S. However, it can be inferred that various sports are popular based on the diversity and inclusivity of physical activities in American schools. Some common sports may include basketball, soccer, football, and baseball, but this list is not exhaustive.",1,1.0
mistral-7b,US,English,inst-4,Na-ko-18,Sport," The question does not specify the age group or region within the U.S., so it's difficult to determine the most common sport for girls participating in physical education classes. However, according to the National Federation of State High School Associations (NFHS), the three most popular sports for high school girls in the U.S. are soccer, basketball, and volleyball.",1,1.0
mistral-7b,US,English,inst-4,Na-ko-19,Sport," I'm sorry for any inconvenience, but as a text-based AI model, I don't have real-time data or the ability to browse the internet. Therefore, I can't provide the name of the most popular volleyball player in the U.S. at this moment. You may want to check the latest rankings on websites like ESPN, USA Volleyball, or Sports Illustrated for the most accurate information.",0,0
mistral-7b,US,English,inst-4,Na-ko-20,Sport," Soccer (Football) or Basketball, depending on the specific region in the U.S.",1,1.0
mistral-7b,US,English,inst-4,Na-ko-22,Sport, Mexico,,
mistral-7b,US,English,inst-4,Na-ko-23,Sport, The provided information does not specify or imply which types of sports academies children attend the most in the U.S.,0,0
mistral-7b,US,English,inst-4,Na-ko-24,Sport, It is not possible to determine the most commonly eaten food in sports stadiums from the provided background information.,0,0
mistral-7b,US,English,inst-4,Na-ko-25,Sport," It is not possible to determine the typical sports played in the U.S.'s school sports day based on the provided background information, as it does not specify that schools are part of the context or focus. However, common sports often found in U.S. schools include soccer, basketball, baseball, and football.",1,1.0
mistral-7b,US,English,inst-4,Na-ko-26,Sport, The provided information does not specify or imply the popular sports among the middle-aged population in the U.S.,0,0
mistral-7b,US,English,inst-4,Na-ko-28,Sport, It is not possible to determine the most popular winter sports player in the U.S. from the provided background information as it does not contain data related to winter sports or popularity rankings of athletes.,0,0
mistral-7b,US,English,inst-4,Na-ko-29,Sport, Michael Phelps,1,1.0
mistral-7b,US,English,inst-4,Na-ko-30,Sport," I'm sorry for any inconvenience, but as of now, there isn't specific information provided that allows me to determine the most popular eSport game in the U.S. The background information focuses on traditional sports and their historical artifacts rather than eSports. To find the answer, you might want to look into current eSports rankings or surveys related to the U.S. market.",0,0
mistral-7b,US,English,inst-4,Na-ko-33,Holidays/Celebration/Leisure," There is no specific symbolic food that all Americans eat on Lunar New Year as it is not traditionally celebrated by most American communities. However, some Asian-American communities may celebrate with traditional foods such as dumplings, rice cakes, and fish.",0,0
mistral-7b,US,English,inst-4,Na-ko-37,Holidays/Celebration/Leisure," The information provided does not contain data about domestic vacation spots, so it's impossible to determine the most popular one based on this context.",0,0
mistral-7b,US,English,inst-4,Na-ko-38,Holidays/Celebration/Leisure, It is not possible to determine the most common wedding gift between a bride and groom from the provided background information as it does not contain data related to wedding gifts.,0,0
mistral-7b,US,English,inst-4,Na-ko-39,Holidays/Celebration/Leisure, A gift (often monetary) or a card of well wishes.,1,1.0
mistral-7b,US,English,inst-4,Na-ko-40,Holidays/Celebration/Leisure,"1-4 (The duration of a funeral can vary, but it is usually between 1 to 4 days.)",1,1.0
mistral-7b,US,English,inst-4,Na-ko-41,Holidays/Celebration/Leisure, Flowers or a sympathy card are typically appropriate condolence offerings at a funeral in the U.S.,1,1.0
mistral-7b,US,English,inst-4,Na-ko-42,Holidays/Celebration/Leisure," Funeral parlors in the U.S. typically offer a selection of light refreshments, such as coffee, tea, and pastries or sandwiches, rather than specific types of food. The purpose is to provide comfort to mourners during their visit.",0,0
mistral-7b,US,English,inst-4,Na-ko-43,Holidays/Celebration/Leisure," There is no specific cultural tradition mentioned that suggests what people do in the US on the Lunar New Year in the morning. The traditions mentioned are associated with family reunions, Easter, and an average day in 2024.",0,0
mistral-7b,US,English,inst-4,Na-ko-44,Holidays/Celebration/Leisure, Labor Day (first Monday of September) or Independence Day (July 4).,1,1.0
mistral-7b,US,English,inst-4,Na-ko-45,Holidays/Celebration/Leisure, The question does not provide information to determine the most popular honeymoon destination in the U.S.,0,0
mistral-7b,US,English,inst-4,Ne-ar-05,Holidays/Celebration/Leisure," Independence Day (July 4th) is considered one of the most important national holidays in the United States, although it shares this status with several other holidays such as Memorial Day, Juneteenth, Labor Day, Veterans Day, Thanksgiving, and Christmas. The significance of each holiday varies among individuals and communities within the U.S.",1,1.0
mistral-7b,US,English,inst-4,Ne-ar-06,Holidays/Celebration/Leisure, It is not possible to determine what people from the US eat during Ramadan based on the provided background information as it does not contain any relevant details about food habits or cultural practices related to Ramadan.,,
mistral-7b,US,English,inst-4,Ne-ar-09,Holidays/Celebration/Leisure," The food eaten during Eid ul Fitr in the US can vary greatly depending on cultural backgrounds, but some common dishes include Biryani, Samosas, Kebabs, and dates (which are traditionally eaten to break the fast). However, without specific context or location, it's not possible to definitively state what everyone eats.",,
mistral-7b,US,English,inst-4,Ne-ar-10,Holidays/Celebration/Leisure," The specific food consumed during Eid ul Adha can vary greatly depending on cultural and regional traditions within the US, as well as personal preferences. However, one of the most significant foods associated with this holiday is Halal sacrificial meat (Hadiyah), which is distributed among family, friends, and the needy. Other traditional dishes may include Biryani, Kebabs, Samosas, and various desserts like Sheer Khurma or Seviyan.",,
mistral-7b,US,English,inst-4,Ne-ar-11,Holidays/Celebration/Leisure, People in the US typically celebrate New Year's Day within their communities or homes. There is no specific location mentioned for celebrating this holiday in your background information.,0,0
mistral-7b,US,English,inst-4,Ne-ar-14,Holidays/Celebration/Leisure," There is no specific tradition documented for a family to gather for Eid festivities in the U.S. similar to those mentioned for New England clambake, California caviar and escargots, or Thanksgiving. However, families may gather at home or other venues to celebrate Eid al-Fitr (the festival marking the end of Ramadan) or Eid al-Adha (the festival of sacrifice) with a meal, prayers, and other cultural activities.",,
mistral-7b,US,English,inst-4,Ne-ar-16,Work life, Saturday and Sunday,1,1.0
mistral-7b,US,English,inst-4,Ne-ar-17,Work life,09:00 (assuming a standard 9-5 workday),1,1.0
mistral-7b,US,English,inst-4,Ne-ar-18,Work life,16:10 (Assuming an average of 8.1 hours of work per day and a typical start time of 08:00.),0,0
mistral-7b,US,English,inst-4,Ne-ar-20,Work life," A job that provides stable employment, benefits, and opportunities for growth, as indicated by the high percentage of people employed on weekdays (80%) compared to weekend days (30%), and the average full-time work hours per day (8.1 hours).",0,0
mistral-7b,US,English,inst-4,Ne-ar-24,Work life, New York City,1,1.0
mistral-7b,US,English,inst-4,Ne-ar-25,Work life, It is not possible to determine the industry that pays the best in the U.S. from the provided background information as it does not contain data about salaries or wages.,1,0.5
mistral-7b,US,English,inst-4,Ne-ar-26,Work life," There isn't a ""most famous"" public corporation in the U.S., as corporations are private entities. However, some well-known publicly traded companies include Apple Inc., Microsoft Corporation, and Google's parent company Alphabet Inc. These companies are often recognized for their significant impact on technology, culture, and the economy.",1,1.0
mistral-7b,US,English,inst-4,Ne-ar-31,Food," It is not accurate to say that there is one ""most famous"" dish in the United States, as the country's food culture is diverse and regional. The dishes mentioned (Columbus-style cracker crust pizza, butter lamb, Spicy SPAM Party Dip) are examples of specific regional specialties.",1,0.6666666666666666
mistral-7b,US,English,inst-4,Ne-ar-32,Food," Eggs, grits, and biscuits (or variations thereof) are commonly found on American breakfast tables.",1,1.0
mistral-7b,US,English,inst-4,Ne-ar-33,Food,12:00 (assuming noon as a common time for lunch),1,1.0
mistral-7b,US,English,inst-4,Ne-ar-34,Food, Regional variation,0,0
mistral-7b,US,English,inst-4,Ne-ar-36,Food," A typical festive meal in the US can vary greatly due to regional differences and cultural influences, but it may include dishes such as roasted turkey (on Thanksgiving), fried chicken (in South-Central Georgia), or Mexican dishes (during Cinco de Mayo celebrations).",1,1.0
mistral-7b,US,English,inst-4,Ne-ar-37,Food, There is no information provided that suggests a specific fruit offered to tourists or visitors in the US.,0,0
mistral-7b,US,English,inst-4,Ne-ar-38,Food," Food bank donations can vary greatly depending on location and time of year, but non-perishable items such as canned goods (e.g., vegetables, beans, soups), pasta, rice, peanut butter, and canned tuna are commonly offered as charity in the US.",1,1.0
mistral-7b,US,English,inst-4,Ne-ar-39,Food," The cheapest fast food in the US can vary depending on location, but generally, McDonald's offers one of the most affordable meal options with their Dollar Menu (McValue Menu in some regions) which includes items like McChicken sandwiches, cheeseburgers, and fries for under $1 each.",1,1.0
mistral-7b,US,English,inst-4,Ne-ar-43,Food," Food or snacks, depending on cultural context and personal preference.",0,0
mistral-7b,US,English,inst-4,Ne-ar-44,Food, Company (or conversation),0,0
mistral-7b,US,English,inst-4,New-am-02,Food," There isn't a ""most popular"" traditional food in the United States due to its diverse regional and cultural cuisines. However, some foods like hamburgers, hot dogs, apple pie, and barbecue are widely recognized as American culinary icons.",,
mistral-7b,US,English,inst-4,New-am-04,Food," It is not possible to determine the most popular dipping sauce in the U.S. as there are numerous regional preferences, cultural influences, and individual tastes that contribute to the popularity of various sauces across the country.",0,0
mistral-7b,US,English,inst-4,New-am-08,Food," It is not accurate to specify a single food that is most commonly consumed during Christian fasting in the U.S., as fasting practices can vary greatly among different Christian denominations and even within individual communities. Some may abstain from meat, dairy, or specific foods on certain days, while others may only restrict their eating times or consume simpler meals.",0,0
mistral-7b,US,English,inst-4,New-am-15,Food, There is no specific food traditionally prepared when mothers give birth in the U.S. Foodways associated with childbirth are not as widespread or standardized as those for holidays like Easter or Juneteenth.,,
mistral-7b,US,English,inst-4,New-am-27,Sport, Althea Gibson (based on her inclusion in the Smithsonian sports collections),0,0
mistral-7b,US,English,inst-4,New-am-34,Education, At home or school.,1,1.0
mistral-7b,US,English,inst-4,New-am-41,Education,8th Grade (or 8th-grade students),1,0.5
mistral-7b,US,English,inst-4,New-am-53,Work life," New England (specifically Boston) or Pacific Northwest (specifically Seattle) are regions in the U.S. that are widely known for their coffee industries. For tea, Camellia Sinensis Tea House in Portland, Oregon, is a notable example. However, neither region can be definitively said to be ""widely known"" for its tea industry as much as they are for their coffee industries.",1,1.0
mistral-7b,US,English,inst-4,New-am-54,Work life, Utah (from information [1]),0,0
mistral-7b,US,English,inst-4,New-am-59,Work life," The provided background information does not specify the occupations of people living in deserts in the US, as it focuses on household activities and demographic data for nonfamily households across the country.",,
mistral-7b,US,English,inst-4,New-am-60,Work life, Horse,1,1.0
mistral-7b,US,English,inst-4,New-am-72,Family," I'm an AI and don't have real-time data or the ability to browse the internet, so I can't provide current information about the most popular comic books for children in the U.S. However, some of the well-known and historically popular comic book series for children include Marvel Comics' ""Spider-Man"" and ""Avengers,"" and DC Comics' ""Superman"" and ""Batman."" These are often enjoyed by both children and adults alike.",1,0.5
mistral-7b,US,English,inst-4,New-am-73,Family," I'm unable to directly provide the name of the most popular YouTube channel for children in the U.S., as my primary function is to generate text based on provided information and not to perform real-time web searches or data analysis. However, some of the most popular children's channels on YouTube include Cocomelon, Peppa Pig, and Blippi. To get the most accurate and up-to-date information, I recommend checking a reliable source such as Statista or SocialBlade.",1,1.0
mistral-7b,US,English,inst-4,New-am-74,Family," I'm sorry for any confusion, but the information provided does not contain details about the most popular talk show in the US. The Library of Congress Botkin Lecture series focuses on holidays and celebrations, weekend socializing patterns, and the visibility of sports in U.S. life, while the Smithsonian describes sports as a part of everyday life in the U.S., including NASCAR races and youth soccer matches. There is no mention of a talk show in the provided context.",0,0
mistral-7b,US,English,inst-4,New-am-77,Holidays/Celebration/Leisure," There isn't a specific ""most famous"" religious holiday in the United States as it is a multi-religious nation with various holidays observed by different communities. However, Christmas and Easter are widely celebrated due to the large Christian population.",1,1.0
mistral-7b,US,English,inst-4,New-am-81,Holidays/Celebration/Leisure,12 (December),0,0
mistral-7b,US,English,inst-4,New-am-83,Holidays/Celebration/Leisure," There isn't a ""most popular"" traditional musical instrument in the U.S., as the country has a rich diversity of cultural traditions, each with its own unique instruments. The answer depends on the specific ethnic or regional group being referred to. For example, the banjo is often associated with Appalachian folk music, while mariachi bands might use the violin and trumpet.",0,0
mistral-7b,US,English,inst-4,New-as-01,Food, Corn (or Maize),1,1.0
mistral-7b,US,English,inst-4,New-as-02,Food, Bread,1,1.0
mistral-7b,US,English,inst-4,New-as-05,Food," The question does not specify the type of household, so it's impossible to definitively say what the ""most typical"" drink offered to guests would be across all U.S. households. However, if we consider the context provided, there is no information suggesting that a specific drink is commonly served in one-person or family households. Therefore, no single answer can be given based on the provided background information.",0,0
mistral-7b,US,English,inst-4,New-as-07,Food," It is not possible to determine the ""most popular"" dish cooked with fish in the U.S., as regional preferences, cultural influences, and personal tastes vary widely across the country.",0,0
mistral-7b,US,English,inst-4,New-as-14,Food," Comfort Foods (e.g., soups, stews, casseroles)",1,1.0
mistral-7b,US,English,inst-4,New-as-15,Food, Picon Punch (or similar refreshing drinks),0,0
mistral-7b,US,English,inst-4,New-as-20,Sport, Basketball,1,1.0
mistral-7b,US,English,inst-4,New-as-29,Sport," NASCAR (or Car Racing) is one of the sports that men in the U.S. like to watch, as indicated by the Smithsonian's description of sports being visible in everyday U.S. life, including NASCAR races. However, it's important to note that interests can vary greatly among individuals.",0,0
mistral-7b,US,English,inst-4,New-as-30,Sport," Soccer (or football) is a popular sport for both men and women in the U.S., as indicated by the Smithsonian's description of sports being visible in everyday life, including youth soccer matches.",1,1.0
mistral-7b,US,English,inst-4,New-as-58,Work life, It is not possible to determine the most popular beverage that people from the US like to drink in their workplace based on the provided background information.,0,0
mistral-7b,US,English,inst-4,New-as-64,Family," Christmas (or holidays in general, depending on the specific traditions mentioned)",1,0.5
mistral-7b,US,English,inst-4,New-as-76,Holidays/Celebration/Leisure," Families in the U.S. may play traditional games such as charades, hide-and-seek, or board games like Monopoly during traditional holidays. These games contribute to personal, cultural, and national identity, as described by the NEA. Some of these games can be found in the Smithsonian leisure collections.",1,1.0
mistral-7b,US,English,inst-4,New-as-80,Holidays/Celebration/Leisure," There is no specific type of clothing that all people in the US wear during traditional festivals, as traditional festivals in the US can represent a wide variety of cultural backgrounds and each culture may have its own traditional attire.",0,0
mistral-7b,US,English,inst-4,New-as-89,Holidays/Celebration/Leisure," Rhododendron crowns (Florence, Oregon) and Spam-themed attire (Austin, Minnesota).",,
mistral-7b,US,English,inst-4,New-az-05,Food," The question does not specify the type of alcohol, so it's difficult to determine a definitive ""most famous"" region. However, California is known for its wine production, and Kentucky is famous for bourbon whiskey.",0,0
mistral-7b,US,English,inst-4,New-az-11,Food," Berries (such as strawberries, blueberries, raspberries, and cherries) are commonly eaten during the summer season in the US. However, it's important to note that this answer is a generalization, as individual preferences for fruits may vary greatly among people.",1,1.0
mistral-7b,US,English,inst-4,New-az-12,Food, New England,1,1.0
mistral-7b,US,English,inst-4,New-az-21,Sport," The question does not provide any context or information about regions associated with skiing, so it's impossible to determine the most popular skiing destination based on the given background information.",0,0
mistral-7b,US,English,inst-4,New-az-26,Sport," There is no concept of ""most popular martial arts player"" in the US as martial arts are not played like sports with individual players. Instead, people practice and master various martial arts styles.",,
mistral-7b,US,English,inst-4,New-az-27,Sport, Soccer (or Football),1,1.0
mistral-7b,US,English,inst-4,New-az-39,Education, It is not possible to determine the most popular destination for students from the U.S. studying abroad based on the provided background information.,0,0
mistral-7b,US,English,inst-4,New-az-49,Work life,"1 (Assuming one person is working if they are employed full-time or part-time, and this number may vary within families based on employment status.)",1,0.6666666666666666
mistral-7b,US,English,inst-4,New-az-60,Family," Childcare providers (such as daycares, nannies, or relatives) or extended family members often take care of kids when both parents are working in the U.S.",1,1.0
mistral-7b,US,English,inst-4,New-az-69,Holidays/Celebration/Leisure," The question does not specify a preference based on nationality or age, so it's impossible to determine a ""preferred"" alcoholic beverage for all men from the US. Alcohol consumption habits can vary greatly among individuals and are influenced by many factors such as culture, personal taste, and region.",0,0
mistral-7b,US,English,inst-4,New-az-70,Holidays/Celebration/Leisure," The question does not specify the ethnicity or region, so it's impossible to determine a ""preferred"" alcoholic beverage for all American women. Alcohol consumption habits can vary greatly among individuals and regions in the United States.",0,0
mistral-7b,US,English,inst-4,New-az-73,Holidays/Celebration/Leisure," I'm sorry for any confusion, but the provided background information does not contain data about the number of people who typically attend a wedding in the US. The information provided pertains to employment patterns, leisure activities, and working hours on weekdays and weekend days. To answer your question, you would need separate data or statistics regarding weddings in the US.",0,0
mistral-7b,US,English,inst-4,New-ch-01,Food," Barbecue in the US can include various types of meats, but commonly consumed ones are beef (such as brisket or ribs), pork (like pulled pork or spareribs), and chicken.",1,1.0
mistral-7b,US,English,inst-4,New-ch-02,Food,09:00,1,0.5
mistral-7b,US,English,inst-4,New-ch-04,Food," Turkey, potatoes, cranberries, apple pie, pumpkin pie, and other snack foods (without specifying time period)",0,0
mistral-7b,US,English,inst-4,New-ch-05,Food," It is not possible to definitively determine the ""most famous"" spicy dish in the United States, as regional preferences and cultural influences vary widely across the country. However, dishes such as Spicy SPAM Party Dip (from Minnesota), Columbus-style pizza (from Ohio), and Hot Texas wiener (from New Jersey) are examples of popular spicy dishes in specific regions of the US.",0,0
mistral-7b,US,English,inst-4,New-ch-07,Food," Barbecue, Watermelon, Red Soda (implied from [3]), Maple Syrup (implied from [1])",0,0
mistral-7b,US,English,inst-4,New-ch-08,Food, Salt,1,1.0
mistral-7b,US,English,inst-4,New-ch-09,Food," Winter squash, soups, stews, roasted meats, hot beverages like coffee or hot chocolate.",1,1.0
mistral-7b,US,English,inst-4,New-ch-13,Food," There isn't a specific ""most famous"" alcohol brand in the United States, as it depends on various factors such as popularity, sales, and cultural significance. However, some well-known American alcohol brands include Budweiser (beer), Jack Daniel's (whiskey), Smirnoff (vodka), and Jim Beam (bourbon).",1,1.0
mistral-7b,US,English,inst-4,New-ch-14,Food," Chicken soup, crackers, ginger ale, tea, and various comfort foods like macaroni and cheese or mashed potatoes are commonly eaten when people are sick in the US.",1,1.0
mistral-7b,US,English,inst-4,New-ch-15,Food," Prepared/Ready-to-Eat Foods (such as deli meats, rotisserie chickens, salads, sandwiches, baked goods, and prepackaged meals) are commonly bought at supermarkets in the US.",1,0.5
mistral-7b,US,English,inst-4,New-ch-16,Sport," It is not possible to determine the ""most famous"" sports-related movie in the U.S., as popularity can vary greatly among individuals and over time. Some popular examples include ""Rocky,"" ""Field of Dreams,"" ""Remember the Titans,"" and ""Friday Night Lights.""",1,1.0
mistral-7b,US,English,inst-4,New-ch-17,Sport, The provided information does not specify or suggest any particular extreme sport that people generally wish to try the most in the U.S.,0,0
mistral-7b,US,English,inst-4,New-ch-18,Sport,100-meter dash or NFL football (as it's not a track and field event but still very popular in the US),1,1.0
mistral-7b,US,English,inst-4,New-ch-19,Sport," Gymnastics events are not specifically documented as being the most popular to watch during competitions in the provided background information. However, sports such as NASCAR races and youth soccer matches are mentioned as visible in everyday U.S. life by the Smithsonian.",0,0
mistral-7b,US,English,inst-4,New-ch-23,Sport, Althea Gibson (based on the information provided about the Smithsonian sports collections),,
mistral-7b,US,English,inst-4,New-ch-26,Sport," I'm sorry for any confusion, but the information provided doesn't seem to be directly related to the Winter Olympics. The Winter Olympics events are sports such as figure skating, ice hockey, alpine skiing, snowboarding, etc., and it's not possible to determine which one is the most popular to watch in the US based on the given background information.",1,1.0
mistral-7b,US,English,inst-4,New-ch-27,Sport, Muhammad Ali (formerly Cassius Clay) is one of the most famous boxers in the U.S.,1,1.0
mistral-7b,US,English,inst-4,New-ch-30,Sport, Jesse Owens,,
mistral-7b,US,English,inst-4,New-ch-31,Work life, The question does not provide information to determine what job parents most hope their children will pursue in the U.S.,0,0
mistral-7b,US,English,inst-4,New-ch-32,Work life," The specific office software used in the U.S. can vary depending on the industry, company size, and job role; however, some commonly used office software includes Microsoft Office Suite (Word, Excel, PowerPoint), Google Workspace (Google Docs, Sheets, Slides), Adobe Creative Cloud (Photoshop, Illustrator, InDesign), and project management tools like Asana or Trello.",1,1.0
mistral-7b,US,English,inst-4,New-ch-38,Work life," Cities and regions known for import and export activities in the U.S. include major ports such as New York City, Los Angeles, Miami, Houston, Seattle, and Charleston, as well as Midwest hubs like Chicago and Detroit. Additionally, agricultural regions like California's Central Valley, the Corn Belt (Midwest), and the Gulf Coast are significant for exporting commodities.",1,1.0
mistral-7b,US,English,inst-4,New-ch-39,Work life," Amazon, eBay, Shopify, Etsy are some of the commonly used platforms in the U.S. e-commerce industry.",1,1.0
mistral-7b,US,English,inst-4,New-ch-44,Work life," There isn't specific information provided to determine the typical probation period for new employees before signing a formal contract in the US. Probation periods can vary greatly depending on the industry, company policies, and job roles.",0,0
mistral-7b,US,English,inst-4,New-ch-45,Work life," The provided information does not specify which industries young people typically choose to start businesses in the U.S. However, it is important to note that the Occupational Folklife Project covers a wide range of trades and professions, including those related to agriculture like maple sugaring (as seen in [1]).",0,0
mistral-7b,US,English,inst-4,New-ch-49,Family, Email or Video Calls (as the context does not specify if it's work-related or personal communication),1,0.3333333333333333
mistral-7b,US,English,inst-4,New-ch-51,Family, Hotel or vacation rental (depending on the specific needs and preferences of the family),1,1.0
mistral-7b,US,English,inst-4,New-ch-54,Family," There is no specific fruit that is usually prepared the most for family dinners in the US as the examples provided do not mention any fruit. The examples given are about caviar and escargots, tamales, and a shared meal on Thanksgiving.",0,0
mistral-7b,US,English,inst-4,New-ch-64,Education," This information does not specify the number of hours university students typically have for classes per week in the US. To find this, you would need data specific to educational institutions and their class schedules.",0,0
mistral-7b,US,English,inst-4,New-ch-66,Education,"0 (Public high schools in the U.S. are typically free of charge, as they are funded by taxes.)",1,1.0
mistral-7b,US,English,inst-4,New-ch-70,Education," U.S. university students typically have courses in English composition, mathematics, and general education requirements such as history, science, and humanities in common. However, specific course requirements may vary depending on the institution and the student's major or field of study.",1,1.0
mistral-7b,US,English,inst-4,New-ch-71,Education," The provided information does not contain data about the average class size in high schools in the US, so it's impossible to provide an accurate answer based on this context.",0,0
mistral-7b,US,English,inst-4,New-ch-72,Education," It is not possible to determine from the provided background information which major is considered most conducive to employment in the US. The information provided does not relate to education or majors, but rather to family meal traditions, work-from-home trends, and weekend work patterns among different jobholders.",0,0
mistral-7b,US,English,inst-4,New-ch-73,Education," Sports Clubs, Cultural/Historical Clubs, Recipe/Food Clubs (based on the provided information)",0,0
mistral-7b,US,English,inst-4,New-ch-74,Education," Dormitories, Apartments, Houses (On-campus or Off-campus)",1,1.0
mistral-7b,US,English,inst-4,New-ch-75,Education,"45 (This is a common length for a middle school class period, but it can vary depending on the school district and subject matter.)",1,1.0
mistral-7b,US,English,inst-4,New-ch-78,Holidays/Celebration/Leisure," Camping, fishing, hunting, horseracing, video games, playing cards, toys, exercise equipment, sports objects.",1,0.3333333333333333
mistral-7b,US,English,inst-4,New-ch-79,Holidays/Celebration/Leisure," Camping, fishing, hunting, video games, playing cards, toys, exercise equipment, horseracing (based on the Smithsonian leisure collections mentioned).",1,0.2
mistral-7b,US,English,inst-4,New-ch-80,Holidays/Celebration/Leisure," Catholic holidays (e.g., Christmas, Easter), Jewish holidays (e.g., Rosh Hashanah, Yom Kippur), and various Chinese holidays (e.g., Lunar New Year) are among those when people typically visit religious sites in the US.",1,1.0
mistral-7b,US,English,inst-4,New-ch-81,Holidays/Celebration/Leisure," There isn't a specific ""typical"" housewarming gift in the U.S., as it can vary greatly depending on regional customs, personal preferences, and cultural backgrounds. However, common gifts often include items for the home such as small appliances, plants, candles, or food baskets. It's also customary to give gifts that symbolize warmth and comfort, like blankets or gift cards for home goods stores.",1,0.5
mistral-7b,US,English,inst-4,New-ch-82,Holidays/Celebration/Leisure, The provided information does not contain data about wedding times in the US.,0,0
mistral-7b,US,English,inst-4,New-ch-83,Holidays/Celebration/Leisure," The information provided does not specify which city in the U.S. hosts the most festivals, so it is impossible to determine an accurate answer based on this data alone.",0,0
mistral-7b,US,English,inst-4,New-ch-84,Holidays/Celebration/Leisure," White (or off-white) for the bride, other colors for everyone else.",1,0.5
mistral-7b,US,English,inst-4,New-ch-85,Holidays/Celebration/Leisure, Black or dark-colored clothing is typically worn at funerals in the United States.,1,1.0
mistral-7b,US,English,inst-4,New-en-01,Food, Popcorn,1,1.0
mistral-7b,US,English,inst-4,New-en-02,Food, The most popular chip/crisp flavor in the U.S. cannot be determined based on the provided background information as it does not specify any specific chip or crisp brand and their respective flavors.,0,0
mistral-7b,US,English,inst-4,New-en-04,Food, It is not provided in the background information to determine a specific popular celebrity chef in the US.,0,0
mistral-7b,US,English,inst-4,New-en-05,Food, Fried Chicken,1,0.5
mistral-7b,US,English,inst-4,New-en-07,Food," The specific cooking shows that are most popular in the U.S. can vary depending on the time period, but some consistently well-known ones include ""Gordon Ramsay's Kitchen Nightmares,"" ""MasterChef,"" ""Iron Chef America,"" ""Chopped,"" and ""The Great British Baking Show"" (also known as ""The Great British Bake Off""). These shows have gained popularity due to their engaging formats, talented chefs, and focus on culinary skills.",1,1.0
mistral-7b,US,English,inst-4,New-en-08,Food, The information provided does not specify or imply the most popular chocolate brand in the US.,0,0
mistral-7b,US,English,inst-4,New-en-10,Food," Mozzarella (due to its widespread use in pizza, which is popular in the U.S.)",0,0
mistral-7b,US,English,inst-4,New-en-11,Food," It is not accurate to state that there is a ""most disliked"" vegetable in the United States, as preferences for food can vary greatly among individuals and regions.",0,0
mistral-7b,US,English,inst-4,New-en-12,Food," Variety of fast foods (e.g., pizza, burgers, Chinese, Mexican, etc.)",1,1.0
mistral-7b,US,English,inst-4,New-en-17,Sport," Souvenir programs, baseball cards",0,0
mistral-7b,US,English,inst-4,New-en-18,Sport," Souvenir programs, baseball cards, or handmade trophies (such as the Stanley Cup example).",0,0
mistral-7b,US,English,inst-4,New-en-19,Sport," Yankee Stadium (or Citi Field, depending on the current home of the New York Yankees) is one of the most well-known sports stadiums in the U.S., particularly for baseball. However, it's important to note that there are many iconic stadiums across the country, such as Fenway Park (home of the Boston Red Sox), Wrigley Field (home of the Chicago Cubs), and AT&T Park (home of the San Francisco Giants) in baseball, as well as Lambeau Field (Green Bay Packers), Gillette Stadium (New England Patriots), and Mercedes-Benz Stadium (Atlanta Falcons) in football. The answer can vary depending on the sport and regional preferences.",1,1.0
mistral-7b,US,English,inst-4,New-en-23,Sport," It is not possible to determine the ""most famous"" Paralympian in the U.S., as fame can be subjective and influenced by various factors such as media coverage, personal achievements, and public perception. Some well-known American Paralympians include Allysa Seerden (swimming), Tatyana McFadden (wheelchair racing), and Dan Cnossen (paratriathlon).",,
mistral-7b,US,English,inst-4,New-en-26,Sport," It is not possible to determine the ""best"" recognized sporting chant in the U.S., as this would depend on individual preferences, regional variations, and cultural contexts. The AFC sports collections focus on preserving a wide range of sporting communities and practices, including those that may not be as widely known or celebrated as professional sports.",0,0
mistral-7b,US,English,inst-4,New-en-38,Work life," Data from the American Time Use Survey (ATUS) does not specifically identify which industries have more flexible working hours. However, the Occupational Folklife Project covers a wide range of trades and professions, some of which may be associated with more flexible work schedules. It would be necessary to conduct further research or analysis to definitively answer this question.",0,0
mistral-7b,US,English,inst-4,New-en-41,Work life," The question does not specify a timeframe, so it's difficult to definitively say who the most well-known and successful entrepreneur in the U.S. currently is. However, some of the most famous entrepreneurs in U.S. history include Bill Gates (Microsoft), Steve Jobs (Apple), Mark Zuckerberg (Facebook), Elon Musk (Tesla, SpaceX), and Jeff Bezos (Amazon).",1,1.0
mistral-7b,US,English,inst-4,New-en-47,Family," Vegetables (such as potatoes, beans, peas, corn, okra, tomatoes, turnip, and mustard greens), Hatch green chiles (in some regions), and herbs for cooking.",1,0.5
mistral-7b,US,English,inst-4,New-en-49,Family," There is no specific ""most famous"" family in the U.S., as families are not typically ranked or categorized in this way. The Kennedy family, for example, has historical significance due to their political influence, but there are many other notable families across various fields such as entertainment, business, and sports.",1,0.3333333333333333
mistral-7b,US,English,inst-4,New-en-50,Family, It is not possible to determine the most common family name in the US from the provided background information as it does not contain data about family names.,0,0
mistral-7b,US,English,inst-4,New-en-55,Family," The data provided does not specify the religion of the families, so it's impossible to determine which religion is most commonly practiced based on this information.",0,0
mistral-7b,US,English,inst-4,New-en-56,Family," The question does not specify that the language is spoken by families with children under 18 or that it's the most popular among this specific group. However, according to data from the Modern Language Association (2020), Spanish is the most commonly taught foreign language in U.S. colleges and universities. This could potentially indicate its popularity among a broader demographic of adults in the US. For a more accurate answer regarding families with children under 18, further research would be needed as the question does not provide enough context to make an informed guess.",1,1.0
mistral-7b,US,English,inst-4,New-en-59,Family," The question does not provide information about where U.S. families are emigrating to, so it's impossible to determine the most popular destination based on the provided background information.",0,0
mistral-7b,US,English,inst-4,New-en-68,Education," Disciplinary actions such as detention, suspension, or expulsion.",1,1.0
mistral-7b,US,English,inst-4,New-en-69,Education, American authors are commonly studied in literature classes in the US.,0,0
mistral-7b,US,English,inst-4,New-en-70,Education,"3 (Summer break, Winter break, Spring break)",1,1.0
mistral-7b,US,English,inst-4,New-en-72,Education," The question does not specify an online resource, so it is impossible to determine a specific one that students usually use to study in the U.S. However, resources such as Khan Academy, Coursera, EdX, and many others are commonly used for online learning in the United States.",0,0
mistral-7b,US,English,inst-4,New-en-75,Education,"15-17 (This range is common for most U.S. universities, but it can vary depending on the institution and program.)",1,1.0
mistral-7b,US,English,inst-4,New-en-76,Holidays/Celebration/Leisure,"1. Hartsfield-Jackson Atlanta International Airport is typically the busiest airport in the U.S. during the holiday season, handling a significant number of passengers due to its central location and extensive network of domestic and international flights. However, other airports like O'Hare International Airport (Chicago), Dallas/Fort Worth International Airport, and Los Angeles International Airport also experience high traffic during this period.",1,1.0
mistral-7b,US,English,inst-4,New-en-79,Holidays/Celebration/Leisure," [Appalachia] (as per point 3, AFC identifies Appalachian independent wrestling as part of U.S. sports culture, implying that other forms of performance may also be present in this region)",0,0
mistral-7b,US,English,inst-4,New-en-87,Holidays/Celebration/Leisure," The most famous historic landmark in the U.S. can be subjective, but one of the most universally recognized is the Statue of Liberty.",1,0.3333333333333333
mistral-7b,US,English,inst-4,New-en-90,Holidays/Celebration/Leisure," The question does not provide information related to hotels or hotel brands, so it's impossible to determine the most famous hotel brand in the US based on the given background information.",0,0
mistral-7b,US,English,inst-4,New-gr-05,Food, It is not possible to determine the most popular grab-and-go breakfast option from the provided background information as it does not contain data about modern food trends or consumption habits in the United States.,0,0
mistral-7b,US,English,inst-4,New-gr-06,Food," It is not possible to determine the most popular food in the US among young people based on the provided background information, as it does not contain data about food preferences among young people.",0,0
mistral-7b,US,English,inst-4,New-gr-08,Food," Picon Punch (or simply Picon) is traditionally consumed at festivals within the Basque diaspora communities in the American West, not necessarily at all festivals across the United States. However, without more specific context, it's difficult to definitively say what type of alcoholic drink is most commonly consumed at festivals in the US as a whole.",0,0
mistral-7b,US,English,inst-4,New-gr-13,Food," The question does not specify a location or time period, so it's impossible to definitively say what the ""most common"" morning drink in the U.S. is. However, coffee is widely consumed in the mornings across the country.",1,1.0
mistral-7b,US,English,inst-4,New-gr-15,Food," Kransekake is a traditional dessert from Norway, not the United States. It's popular in Minneapolis among Norwegian Americans, but it's not widely known or consumed across the U.S. as a whole. The most popular traditional desserts in the U.S. include apple pie, cheesecake, and pumpkin pie.",1,1.0
mistral-7b,US,English,inst-4,New-gr-21,Sport, Tennis,1,1.0
mistral-7b,US,English,inst-4,New-gr-24,Sport," The most popular track and field sport in the US is not specified in the provided background information. However, American Football (not a track and field sport) is the most popular spectator sport in the U.S. Track and field events that are popular in the US include the 100m dash, long jump, and marathon running.",1,0.5
mistral-7b,US,English,inst-4,New-gr-29,Sport," Super Bowl (American Football) or World Series (Baseball), as they are primarily American sports with significant popularity. However, it's important to note that the Olympics and FIFA World Cup also garner substantial attention due to their international nature.",1,1.0
mistral-7b,US,English,inst-4,New-gr-47,Work life,0 (The ATUS does not distinguish working and work-related activities from breaks such as lunch or dinner breaks.),0,0
mistral-7b,US,English,inst-4,New-gr-58,Work life," Jobs that require only a high school diploma or less, as they are less likely to offer remote work options and have lower rates of telecommuting compared to jobs requiring a bachelor's degree or higher.",0,0
mistral-7b,US,English,inst-4,New-gr-76,Holidays/Celebration/Leisure, Butter Lamb or Chicken (without specifying the preparation method),0,0
mistral-7b,US,English,inst-4,New-gr-82,Holidays/Celebration/Leisure, Country Music,1,1.0
mistral-7b,US,English,inst-4,New-gr-88,Holidays/Celebration/Leisure, It is not specified in the provided background information that a particular drink is usually offered at funerals in the US. Funeral customs can vary widely across different regions and cultures within the United States.,0,0
mistral-7b,US,English,inst-4,New-gr-89,Holidays/Celebration/Leisure," The question does not specify a particular cultural group or region within the U.S., so it's impossible to definitively say what drink is usually offered at weddings across the country as a whole. However, some common drinks served at American weddings include champagne for toasts and various types of alcoholic beverages such as beer, wine, and cocktails.",1,1.0
mistral-7b,US,English,inst-4,New-ha-07,Food, Hamburger,1,1.0
mistral-7b,US,English,inst-4,New-ha-08,Food," Brussels sprouts (based on cultural stereotypes, not all children or elderly may have this preference)",0,0
mistral-7b,US,English,inst-4,New-ha-09,Food, Pan or Pot,0,0
mistral-7b,US,English,inst-4,New-ha-13,Food," It is not accurate to say that there is one ""most popular"" vegetable in the United States, as preferences for vegetables can vary greatly among individuals and regions. However, some commonly consumed vegetables include tomatoes, potatoes, corn, lettuce, and broccoli.",1,1.0
mistral-7b,US,English,inst-4,New-ha-19,Sport," Horses, horses are commonly used in sports such as horse racing (NASCAR) and equestrian events. However, it's important to note that many other animals are also used in various sports across the U.S., but none of them are specifically mentioned in the provided background information.",1,1.0
mistral-7b,US,English,inst-4,New-ha-66,Family, The question does not provide information to determine the most popular wedding venue in the US.,0,0
mistral-7b,US,English,inst-4,New-in-01,Food," The question does not provide information related to coffee shops or their popularity, so it's impossible to determine the most popular coffee shop brand in the US based on the given background information.",0,0
mistral-7b,US,English,inst-4,New-in-03,Food," American cuisine (specific dishes such as Picon Punch or Kosher dairy meals can also be served, but the general term is American cuisine).",0,0
mistral-7b,US,English,inst-4,New-in-33,Work life, The West or Midwest regions in the U.S. are typically associated with mining.,1,1.0
mistral-7b,US,English,inst-4,New-in-34,Work life," The Southwestern United States (specifically Texas, Oklahoma, New Mexico, Colorado, Wyoming, and Utah) is often associated with oil.",1,1.0
mistral-7b,US,English,inst-4,New-in-62,Education, Massachusetts Institute of Technology (MIT),1,1.0
mistral-7b,US,English,inst-4,New-in-63,Education, Johns Hopkins University (Official Name: The Johns Hopkins University),1,0.6666666666666666
mistral-7b,US,English,inst-4,New-in-78,Holidays/Celebration/Leisure," Credit/Debit Card (or Digital Payment Methods such as PayPal, Venmo, etc.)",1,1.0
mistral-7b,US,English,inst-4,New-in-80,Holidays/Celebration/Leisure, The most famous theme park in the U.S. is Disney World (located in Florida).,1,1.0
mistral-7b,US,English,inst-4,New-ko-01,Family," I'm sorry for any confusion, but the provided background information does not contain data related to the most popular children's animation in the U.S. To answer this question, one would need data on viewership or ratings of various children's animations in the United States.",0,0
mistral-7b,US,English,inst-4,New-ko-02,Family," The question does not provide information about prenatal education activities, so it's impossible to determine the most popular one based on the provided background information.",0,0
mistral-7b,US,English,inst-4,New-ko-03,Family," I'm sorry for any confusion, but the information provided does not contain data about the most popular children's song in the US that families sing together. The facts given pertain to family structures, Thanksgiving traditions, and household activities in the U.S., but there is no mention of a popular children's song.",0,0
mistral-7b,US,English,inst-4,New-ko-04,Family," It is not possible to definitively determine which toys are most popular among boys in the U.S., as preferences can vary greatly based on factors such as age, location, and individual interests. However, historically, toys like action figures, building sets, sports equipment, and video games have been popular choices for many young boys in the United States.",1,1.0
mistral-7b,US,English,inst-4,New-ko-05,Family, The provided information does not specify which toys are most popular among girls in the US.,0,0
mistral-7b,US,English,inst-4,New-ko-06,Family," There isn't specific data available to determine the ""most popular"" folk tale in the U.S. that is typically told to children, as it varies greatly across regions and families. However, some well-known American folktales include those about Brer Rabbit (from the Uncle Remus stories), Paul Bunyan, Johnny Appleseed, and Rip Van Winkle, among others. These tales are often associated with U.S. cultural heritage.",0,0
mistral-7b,US,English,inst-4,New-ko-07,Holidays/Celebration/Leisure," There isn't a specific customary symbol of condolence used at funerals in the United States. However, common gestures include sending flowers, cards, or food to the family of the deceased as a way to express sympathy and support.",1,1.0
mistral-7b,US,English,inst-4,New-ko-08,Work life," The provided information does not specify where university students in the US tend to work part-time the most. To answer this question, additional data or sources that focus on employment patterns of university students would be required.",0,0
mistral-7b,US,English,inst-4,New-ko-09,Work life, It is not possible to definitively determine the most frequently practiced team-building activities in companies based in the US from the provided background information as it does not contain any data or information about company practices.,0,0
mistral-7b,US,English,inst-4,New-ko-10,Work life," The question does not specify that the activities mentioned are side jobs. However, based on the background information provided, it appears that the most common activities people engage in on an average day in the US are household activities such as food preparation and cleanup, housework, lawn care, or household management. If we assume a side job is additional work done outside of regular employment, then it's not explicitly stated what those activities might be in this context.",0,0
mistral-7b,US,English,inst-4,New-pe-02,Food," Baseball cards are not typically considered an edible souvenir for tourists in the U.S. Therefore, there isn't a specific ""most famous"" edible souvenir for tourists in the U.S. However, kransekake is a traditional Norwegian American foodway documented as a souvenir in Minneapolis.",0,0
mistral-7b,US,English,inst-4,New-pe-06,Food," There isn't a definitive ""most popular"" stew in the U.S., as regional preferences vary widely. However, some well-known American stews include New England Clam Chowder, Gumbo (popular in the Southern states), and Philly Cheesesteak Stew (a regional specialty from Philadelphia).",1,0.5
mistral-7b,US,English,inst-4,New-pe-11,Food, It is not possible to determine the most common spice or herb used in dishes from the United States based on the provided background information as no specific spices or herbs are mentioned.,0,0
mistral-7b,US,English,inst-4,New-pe-16,Sport," It is not accurate or meaningful to identify one ""most famous"" traditional sport in the U.S., as the country has a diverse range of regional sports, both traditional and modern, that are significant within their respective communities.",0,0
mistral-7b,US,English,inst-4,New-pe-20,Sport, Beach Volleyball,1,1.0
mistral-7b,US,English,inst-4,New-pe-45,Work life," The provided background information does not specify or imply any details about the usual work schedule during the month of Ramadan in the US, as it focuses on general trends for 2024 and does not mention religious holidays.",,
mistral-7b,US,English,inst-4,New-pe-47,Family," There is no specific ""Student's Day"" celebration recognized nationally on a fixed date in the United States. The IES definition provided refers to opportunities for students and families to participate in education decisions, not a specific holiday or day of recognition.",,
mistral-7b,US,English,inst-4,New-pe-49,Family," Catholic, Jewish, and some Chinese American private schools (as documented by the Smithsonian).",0,0
mistral-7b,US,English,inst-4,New-pe-53,Family," There is no specific gift traditionally given for Father's Day (or Parents' Day) in the U.S. as it varies greatly depending on personal preferences and relationships. Common gifts include tools, electronics, clothing, books, or experiences such as tickets to a sporting event or a favorite hobby activity.",1,1.0
mistral-7b,US,English,inst-4,New-pe-54,Family," No specific gift is traditionally given on Mother's Day or Parents' Day in the U.S. Instead, it is customary to express appreciation and love through cards, gifts, or activities chosen by the child or family member. Common gifts may include flowers, jewelry, spa treatments, or a day out together.",1,1.0
mistral-7b,US,English,inst-4,New-pe-59,Family,"1 (This is based on the assumption that the multigenerational family tradition mentioned involves at least three generations, but it does not necessarily mean they all live together.)",1,0.5
mistral-7b,US,English,inst-4,New-pe-65,Education,"1 (The question does not specify that we should consider ethnic or community-based schools, so it refers to a typical middle school curriculum in the U.S.)",0,0
mistral-7b,US,English,inst-4,New-pe-66,Education," The information provided does not specify the ""most popular"" after-school curriculum in elementary schools in the US. It focuses on private ethnic schools and the use of patriotic imagery in late-1800s public schools.",0,0
mistral-7b,US,English,inst-4,New-pe-74,Education," I'm sorry for any inconvenience, but the provided background information does not contain data related to the average annual tuition fee for public universities in the US. To find this information, you would need to refer to a reliable source that specializes in education statistics, such as the National Center for Education Statistics (NCES).",0,0
mistral-7b,US,English,inst-4,New-pe-76,Holidays/Celebration/Leisure, Camping,1,0.3333333333333333
mistral-7b,US,English,inst-4,New-pe-78,Holidays/Celebration/Leisure," The name of the most famous film festival held in the U.S. is the Sundance Film Festival, which takes place annually in Park City, Utah.",1,1.0
mistral-7b,US,English,inst-4,New-pe-83,Holidays/Celebration/Leisure," There is no specific card game that is universally played during social gatherings in the U.S. The examples provided are about food traditions, neighborhood events, and a project documenting contemporary workers, not games.",0,0
mistral-7b,US,English,inst-4,New-pe-85,Holidays/Celebration/Leisure, The data provided does not indicate a most popular tourist destination abroad for people from the US.,0,0
mistral-7b,US,English,inst-4,New-pe-86,Holidays/Celebration/Leisure, Kransenkake (the given information does not mention a famous tower in the U.S.),0,0
mistral-7b,US,English,inst-4,New-spme-01,Food," There is no specific edible insect that is eaten most often in the US. While some edible insects are consumed by certain cultures or individuals, they are not widely popular or common in American cuisine.",,
mistral-7b,US,English,inst-4,New-spme-04,Food, Corn (Maize),1,1.0
mistral-7b,US,English,inst-4,New-spme-05,Food," Turkey, potatoes, cranberries, apple pie, pumpkin pie (from the information provided)",0,0
mistral-7b,US,English,inst-4,New-spme-15,Sport," The question does not specify if it's asking about a traditional, historical, or modern sports drink in the US. However, in contemporary times, Gatorade is one of the most popular sports drinks in the United States.",1,1.0
mistral-7b,US,English,inst-4,New-spme-27,Education, The question does not provide information to determine the average education level in the US.,0,0
mistral-7b,US,English,inst-4,New-spme-37,Education, The profession is not specified in the provided background information.,0,0
mistral-7b,US,English,inst-4,New-spme-60,Family," The question does not specify which families are being referred to, so it's impossible to definitively say which day of the week most families in the US practice religious activities. However, based on the information provided, it can be inferred that families who attend Catholic, Jewish, or Chinese American private schools may practice religious activities on various days of the week, as these are places where families maintain their religious traditions. The Smithsonian documents Kwanzaa as a week-long celebration from December 26 through January 1, but this does not necessarily mean that religious activities are practiced every day during this period. Labor Day is observed on the first Monday of September, but it's unclear if religious activities are specifically associated with this day.",0,0
mistral-7b,US,English,inst-4,New-spme-65,Family, Celebrating with fireworks is the most popular way to celebrate Independence Day in the US.,1,1.0
mistral-7b,US,English,inst-4,New-spme-68,Family, The question does not provide information to determine the most popular beverage among children in the US.,0,0
mistral-7b,US,English,inst-4,New-spme-76,Holidays/Celebration/Leisure," There isn't a ""most popular"" place as each city, town, or community in the U.S. celebrates Independence Day in its unique way. However, some well-known locations for large-scale celebrations include Washington D.C., Philadelphia (where the Declaration of Independence was signed), and Boston (the site of the first shots of the Revolutionary War).",1,1.0
mistral-7b,US,English,inst-4,New-spme-78,Holidays/Celebration/Leisure," There isn't a specific song that is universally sung at every U.S. birthday party. However, ""Happy Birthday to You"" is a popular choice.",1,1.0
mistral-7b,US,English,inst-4,New-su-01,Food," Snacks such as candy, chips, pretzels, hot dogs, ice cream, and baked goods like cookies or donuts are commonly sold in front of schools in the U.S.",,
mistral-7b,US,English,inst-4,New-su-09,Food, Bacon fat or vegetable oil (depending on the recipe),1,0.6666666666666666
mistral-7b,US,English,inst-4,New-su-10,Food," Cravings for specific foods can vary greatly among pregnant women, but some common foods that are often consumed include fruits, vegetables, lean proteins, dairy products, and whole grains. However, it's important to note that individual dietary needs may differ based on factors such as personal health, cultural background, and pregnancy complications. Always consult a healthcare provider for advice tailored to your specific situation.",1,0.5
mistral-7b,US,English,inst-4,New-su-15,Food," Picon Punch is not the most popular traditional non-alcoholic drink in the US as a whole, but it holds significance within specific Basque communities in the American West.",0,0
mistral-7b,US,English,inst-4,New-su-17,Sport," Sports fields (e.g., baseball, soccer), courts (e.g., basketball, tennis), playground equipment (e.g., swings, slides).",1,1.0
mistral-7b,US,English,inst-4,New-su-21,Sport," Leisure activities such as walking, picnicking, socializing, or participating in organized events like exercise classes or concerts.",1,1.0
mistral-7b,US,English,inst-4,New-su-24,Sport," Soccer, Basketball, Baseball, Football (American), Tennis, Swimming, and various recreational activities like hiking or cycling are some sports that parents and children commonly play together in the US.",1,1.0
mistral-7b,US,English,inst-4,New-su-28,Sport," Red, White, and Blue",,
mistral-7b,US,English,inst-4,New-su-33,Education," There is no specific common dress code mandated for all school teachers in the United States, as it varies by district, school, and even individual classroom. However, many teachers often wear business casual or formal attire.",1,1.0
mistral-7b,US,English,inst-4,New-su-34,Education," The text does not provide information about the ""most popular"" extracurricular activity related to music in schools in the US.",0,0
mistral-7b,US,English,inst-4,New-su-42,Education," Religion is not mainly taught in schools in the US. However, religious, language, and cultural traditions are maintained through private schools such as Catholic, Jewish, and Chinese American schools.",,
mistral-7b,US,English,inst-4,New-su-45,Education,"05/01 (May 1st) is not listed as a specific ""Education Day"" in the provided background information about U.S. commemorations.",,
mistral-7b,US,English,inst-4,New-su-50,Work life," The provided background information does not specify the location or occupation of people in mountainous areas in the US, so it's impossible to determine the main occupation based on this data.",0,0
mistral-7b,US,English,inst-4,New-su-51,Work life," The provided background information does not specify or imply the main occupation of people in coastal areas in the US. It focuses on household activities, work patterns, and socializing habits. To answer this question, additional data or sources that specifically address the occupations of people living in coastal areas would be required.",0,0
mistral-7b,US,English,inst-4,New-su-57,Work life," The question does not provide information about livestock, so it's impossible to determine the most common livestock raised in the US based on the provided background information.",0,0
mistral-7b,US,English,inst-4,New-su-58,Work life," Turkeys, potatoes (not an animal), and bacon (from pigs) are mentioned in the context of food, but no specific animals used for agriculture are explicitly stated in the provided information.",1,1.0
mistral-7b,US,English,inst-4,New-su-59,Work life," Farmers in the US typically wear sun hats, long-sleeved shirts, pants, and work boots to protect themselves from the heat while farming.",1,1.0
mistral-7b,US,English,inst-4,New-su-60,Work life," There is no universally ""usual"" lunch for all American farmers as it depends on personal preference, regional cuisine, and work schedules. However, meals often consist of hearty foods that provide energy for a long day's work, such as sandwiches, salads, soups, or leftovers from the previous night's dinner.",,
mistral-7b,US,English,inst-4,New-su-71,Family," Toys, books, electronics, clothing, and other age-appropriate gifts are commonly given to children for their birthdays in the U.S.",,
mistral-7b,US,English,inst-4,New-su-75,Family, Car (or automobile) is the most common type of vehicle owned by families in the U.S.,1,1.0
mistral-7b,US,English,inst-4,New-su-77,Holidays/Celebration/Leisure," It is not specified in the provided background information what is usually given to children during Eid in the US. Eid is a religious holiday celebrated by Muslims, and traditions may vary among different cultures and communities within the United States.",,
mistral-7b,US,English,inst-4,New-su-81,Holidays/Celebration/Leisure," Tuxedo or suit, often with a white or light-colored shirt, tie, and dress shoes. Some may choose to wear a morning coat and top hat for a more formal wedding.",1,1.0
mistral-7b,US,English,inst-4,New-su-82,Holidays/Celebration/Leisure, White wedding dress,1,1.0
mistral-7b,US,English,inst-4,New-su-83,Holidays/Celebration/Leisure," Wedding food varies greatly across the United States, but there are some common dishes that might be served. However, no specific food can be said to be ""usually"" served at all U.S. weddings.",0,0
mistral-7b,US,English,inst-4,New-su-86,Holidays/Celebration/Leisure," The Capitol Building (in Washington, D.C.)",1,0.4
mistral-7b,US,English,inst-4,New-su-88,Holidays/Celebration/Leisure, Hip Hop/Rap,1,0.75
mistral-7b,US,English,inst-4,Ni-en-02,Education, The information provided does not specify when middle school students in the U.S. typically finish school each day. School hours can vary greatly depending on location and district within the United States.,0,0
mistral-7b,US,English,inst-4,Ni-en-03,Education,"18 (This is an approximation, as there's no specific age mentioned in the provided information for when people typically go to university in the US.)",1,1.0
mistral-7b,US,English,inst-4,Ni-en-06,Education,"6 (Compulsory education typically starts at age 6 and lasts until age 16, but requirements may vary by state.)",1,0.6666666666666666
mistral-7b,US,English,inst-4,Ni-en-09,Education,5,1,1.0
mistral-7b,US,English,inst-4,Ni-en-11,Education,"2 (usually a Master's degree takes 2 years to complete, but this can vary depending on the program and institution)",1,1.0
mistral-7b,US,English,inst-4,Ni-en-12,Education," I'm sorry for any confusion, but the information provided does not contain details about universities or their rankings. The Smithsonian documents aspects of American culture, education, and history, but it does not provide rankings of universities. To answer your question, the top university in the U.S. is typically considered to be Harvard University, according to global university rankings. However, this information is not derived from the details provided about the Smithsonian's work.",1,1.0
mistral-7b,US,English,inst-4,Ni-en-13,Education,"22 (Assuming that graduation typically occurs around the age of 22, as it usually takes four years to complete a bachelor's degree.)",1,1.0
mistral-7b,US,English,inst-4,Ni-en-15,Education,"11 or 12 (varies by region and district, but typically around these ages)",1,1.0
mistral-7b,US,English,inst-4,Ni-en-17,Work life,"48.7 (Assuming they work 8.1 hours per day, 5 days a week)",0,0
mistral-7b,US,English,inst-4,Ni-en-19,Work life,"5 (Assuming that weekends are considered as 0 and 1, and a full-time worker typically works Monday through Friday.)",1,1.0
mistral-7b,US,English,inst-4,Ni-en-20,Work life,"15 (This is an approximation based on the provided information, as it suggests that some people are spending time socializing and communicating, which could imply they are of school-going age. However, this is not definitive data about when most people start working in the US.)",1,0.5
mistral-7b,US,English,inst-4,Ni-en-21,Work life,"16 (Federal minimum employment age in the U.S. is 16 years old, but there are exceptions for younger workers under certain conditions)",1,0.6666666666666666
mistral-7b,US,English,inst-4,Ni-en-31,Holidays/Celebration/Leisure," Caviar and escargots (or snails) are among some of the foods that are traditionally eaten by some families in the U.S. on Christmas Day, as per the provided background information.",0,0
mistral-7b,US,English,inst-4,Ni-en-37,Holidays/Celebration/Leisure," Valentine's Day (not specified in provided background information, but it is celebrated on February 14)",1,1.0
mistral-7b,US,English,inst-4,Ni-en-40,Holidays/Celebration/Leisure," It is not possible to determine the ""most popular"" Christmas song in the US, as preferences for holiday music vary widely among individuals and regions. However, some of the most well-known and frequently played Christmas songs in the United States include ""Jingle Bells,"" ""White Christmas,"" ""Silent Night,"" ""Deck the Halls,"" and ""Frosty the Snowman.""",1,0.3333333333333333
mistral-7b,US,English,inst-4,Nu-in-04,Education,2 (assuming a typical U.S. high school academic year consists of two semesters),1,1.0
mistral-7b,US,English,inst-4,Nu-in-05,Education,8 or September,1,0.2
mistral-7b,US,English,inst-4,Nu-in-06,Education,"05/03 (May 3rd) or 11/04 (November 4th), depending on the region and observance. There is no federal holiday for National Teacher's Day in the United States, as it varies by state and district.",0,0
mistral-7b,US,English,inst-4,Nu-in-11,Education, The provided information does not specify when elementary school starts in the US.,0,0
mistral-7b,US,English,inst-4,Nu-in-20,Family," The United States does not have a specific national holiday called ""Children's Day."" However, there are celebrations for children on various days such as Children's Day (also known as Universal Children's Day) on November 20th, which is recognized internationally.",,
mistral-7b,US,English,inst-4,Nu-in-40,Work life, New York City,1,1.0
mistral-7b,US,English,inst-4,Sa-en-1,Food, McDonald's,1,1.0
mistral-7b,US,English,inst-4,Sa-en-13,Food, Watermelon or Barbecue (depending on regional preferences and cultural context).,0,0
mistral-7b,US,English,inst-4,Sa-en-16,Sport, It is not possible to determine the most popular soccer team among the people from the U.S. based on the provided background information.,0,0
mistral-7b,US,English,inst-4,Sa-en-22,Sport," University of Michigan or University of Texas (Depending on the specific sport, both have highly renowned sports teams.)",0,0
mistral-7b,US,English,inst-4,Sa-en-31,Family," The data provided does not include information about pets, so it is not possible to determine the most popular family pet in the U.S. based on this background information.",0,0
mistral-7b,US,English,inst-4,Sa-en-32,Family," I'm an AI and don't have real-time data or the ability to browse the internet, so I can't provide current or specific information about the most popular family TV show in the U.S. However, as of 2021, some of the top-rated family shows included ""The Mandalorian,"" ""Titanic: Blood and Steel,"" ""The Goldbergs,"" ""Young Sheldon,"" and ""This Is Us."" These shows have been well-received by audiences and critics alike.",1,1.0
mistral-7b,US,English,inst-4,Sa-en-37,Family, The information provided does not specify or imply the most popular family board game in the U.S.,0,0
mistral-7b,US,English,inst-4,Sa-en-6,Food," The question does not specify a current year, so it's difficult to determine the most popular takeaway food in the US at a specific point in time. However, as of 2019, pizza was the most popular type of takeout food in the United States according to Statista.",1,1.0
mistral-7b,US,English,inst-4,Sa-en-7,Food," Turkey, potatoes, cranberries, apple pie, pumpkin pie, kransekake (Norwegian American foodways)",0,0
mistral-7b,US,English,inst-4,Sa-en-9,Food," Food preferences can vary greatly among individuals within the U.S., but some common foods often associated with beach outings include hamburgers, hot dogs, barbecue, seafood (such as clams, lobster, or shrimp), potato salad, and various snacks like chips, pretzels, and ice cream.",1,0.2
mistral-7b,US,English,inst-4,Ta-pe-10,Family,30.2,1,1.0
mistral-7b,US,English,inst-4,Ta-pe-11,Family,28.6,0,0
mistral-7b,US,English,inst-4,Ta-pe-13,Family,"6 (Approximately, as the exact number can vary based on specific time period and demographic factors within your parents' generation.)",1,1.0
mistral-7b,US,English,inst-4,Ta-pe-17,Sport,1. Track and Field (Athletics),0,0
mistral-7b,US,English,inst-4,Ta-pe-21,Sport," Soccer matches can be found both in organized settings like schools, parks, and sports clubs, as well as informal settings such as backyards or neighborhood fields across the United States.",1,1.0
mistral-7b,US,English,inst-4,Ta-pe-22,Sport, It is not possible to determine which specific daily exercise is popular among women in the US based on the provided background information.,0,0
mistral-7b,US,English,inst-4,Ta-pe-23,Sport, It is not possible to definitively determine which specific daily exercise is popular among men in the US based solely on the provided background information.,0,0
mistral-7b,US,English,inst-4,Ta-pe-25,Sport," Yankees vs Red Sox (in Major League Baseball) or Cowboys vs Redskins (in National Football League) are two of the most famous rivalries in U.S. national sports leagues, but there are many other notable rivalries as well.",0,0
mistral-7b,US,English,inst-4,Ta-pe-29,Sport, American Football (NFL),1,1.0
mistral-7b,US,English,inst-4,Ta-pe-30,Sport, It is not possible to determine the most popular sports-related TV program in the US from the provided background information as it does not contain data about television programs or their popularity.,0,0
mistral-7b,US,English,inst-4,Ta-pe-32,Holidays/Celebration/Leisure, July 4th (Independence Day),1,1.0
mistral-7b,US,English,inst-4,Ta-pe-37,Holidays/Celebration/Leisure, None of the provided background information mentions a specific symbol for New Year's Eve commonly found in the US.,0,0
mistral-7b,US,English,inst-4,Ta-pe-42,Holidays/Celebration/Leisure, There is no specific food that all Americans eat on New Year's Eve as it varies greatly across regions and cultures within the U.S.,0,0
mistral-7b,US,English,inst-4,Ta-pe-45,Holidays/Celebration/Leisure," Pumpkin pie (or other desserts) are commonly eaten during the celebration of the longest night of the year in the US, specifically during Thanksgiving.",,
mistral-7b,US,English,inst-4,Th-en-01,Sport," The question does not specify ""most popular."" However, according to the National Sporting Goods Association (NSGA), as of 2019, soccer is the fastest-growing team sport in the United States during summer. Baseball and basketball are also popular summer sports.",1,1.0
mistral-7b,US,English,inst-4,Th-en-03,Sport, National Football League (NFL),1,1.0
mistral-7b,US,English,inst-4,Th-en-05,Sport," I'm sorry for any confusion, but the provided information does not specify or imply the most popular women's sports team in the U.S. The Smithsonian collections focus on documenting the history and cultural significance of sports in the United States, rather than ranking teams by popularity.",0,0
mistral-7b,US,English,inst-4,Th-en-09,Sport," The question does not specify the type of sport, so it's impossible to definitively say which is the most popular tournament in the U.S. as different sports have their own tournaments that are popular among various demographics. However, some of the most well-known and widely followed tournaments in the U.S. include the Super Bowl (American football), the World Series (baseball), the NBA Finals (basketball), the Stanley Cup Playoffs (ice hockey), and the US Open (tennis).",0,0
mistral-7b,US,English,inst-4,Th-en-11,Sport," It is not possible to determine the most popular sportsperson in the U.S. as popularity can vary based on factors such as individual achievements, team success, and personal charisma. Additionally, sports popularity in the U.S. encompasses a wide range of athletes across various sports, making it challenging to single out one individual.",0,0
mistral-7b,US,English,inst-4,Th-en-12,Sport," Basketball or Soccer (Football) depending on the specific time period considered, as both have had significant international success for the U.S.",1,1.0
mistral-7b,US,English,inst-4,Th-en-15,Sport, Ice Hockey or American Football (depending on whether one considers winter sports to include indoor sports played during the winter season),1,1.0
mistral-7b,US,English,inst-4,Th-en-19,Work life," Fountain Green, Utah (implied from the mention of the local sheep industry)",0,0
mistral-7b,US,English,inst-4,Th-en-21,Work life," Paid Time Off (PTO), which can include holidays such as Memorial Day, Juneteenth, Independence Day, Labor Day, Veterans Day, Thanksgiving, and Christmas.",0,0
mistral-7b,US,English,inst-4,Th-en-22,Work life," The provided background information does not contain data about specific economic periods, so it is not possible to determine the most catastrophic economic period for the U.S. based on this information alone.",0,0
mistral-7b,US,English,inst-4,Th-en-24,Work life, Silicon Valley (California) or San Francisco Bay Area,1,1.0
mistral-7b,US,English,inst-4,Th-en-27,Work life," The question does not specify a location within the U.S., so it's impossible to determine the ""most important"" industry based on the provided background information, as both sheep farming (Lamb Day) and blue corn cultivation are local events.",1,0.3333333333333333
mistral-7b,US,English,inst-4,Th-en-35,Family, Dinner,1,1.0
mistral-7b,US,English,inst-4,Th-en-36,Family, Socializing and communicating,0,0
mistral-7b,US,English,inst-4,Th-en-37,Family,"18 (This is the age of legal adulthood in the U.S., though independence can vary greatly among families and individuals.)",1,1.0
mistral-7b,US,English,inst-4,Th-en-38,Family," It is not possible to determine the ""most important"" family holiday in the U.S., as different families may celebrate various holidays with varying levels of significance. The examples provided showcase Christmas, Juneteenth, and Easter celebrations that are significant to specific families.",1,1.0
mistral-7b,US,English,inst-4,Th-en-39,Family," The question does not specify that the answer must be about a game specifically associated with families in the U.S., so it's difficult to provide an accurate answer based on the given background information. However, some popular family games in the U.S. include Monopoly, Scrabble, and Charades.",1,1.0
mistral-7b,US,English,inst-4,Th-en-41,Family,38.8 (Assuming that the couple consists of one man aged 30.2 and one woman aged 28.6),1,1.0
mistral-7b,US,English,inst-4,Th-en-43,Family," I'm sorry for any inconvenience, but the provided background information does not contain data about the number of cars owned by a typical family in the U.S. To answer this question accurately, you would need to refer to a reliable source that provides such statistics.",0,0
mistral-7b,US,English,inst-4,Th-en-44,Family," The US does not have a universally agreed-upon ""most popular"" food for family meals on weekends as it varies greatly among regions, cultures, and individual families.",0,0
mistral-7b,US,English,inst-4,Th-en-45,Family, Working (based on the provided information),0,0
mistral-7b,US,English,inst-4,Th-en-48,Education,12th Grade (or Senior Year),1,0.6666666666666666
mistral-7b,US,English,inst-4,Th-en-49,Education," The most important exam for high school students in the U.S. varies depending on the context, but one of the most significant ones is the SAT or ACT, which are college entrance exams used for admission to most universities and colleges. However, it's essential to note that there are many other important assessments within the K-12 education system in the U.S., such as state standardized tests and AP exams.",1,1.0
mistral-7b,US,English,inst-4,Th-en-51,Education," U.S. History (implied by the Smithsonian's description of spring-break school trips to Washington, D.C.)",0,0
mistral-7b,US,English,inst-4,Th-en-53,Education," Maple sugaring (as documented in North Bridgewater, Vermont) is an example of a popular extracurricular social event at schools in the US. However, it's important to note that this may not be the most popular nationwide, as different regions and communities have their unique traditions.",0,0
mistral-7b,US,English,inst-4,Th-en-58,Education," Calculus is typically the most advanced math subject learned before university in the United States, although this can vary depending on the school and curriculum.",1,1.0
mistral-7b,US,English,inst-4,Tmp-ar-01,Education, Libraries or Study Rooms (not specified location),1,1.0
mistral-7b,US,English,inst-4,Tmp-ar-02,Education, Bus or Train (depending on availability),1,1.0
mistral-7b,US,English,inst-4,Tmp-ar-04,Education," After school, elementary students in the US typically go home or to an after-school program. They may also participate in extracurricular activities such as sports, clubs, or music lessons.",1,1.0
