model,country,language,prompt_no,ID,topic,response,score,weight
mistral-7b,South_Korea,English,inst-4,Al-en-01,Food, Tteok (Rice Cake),0,0
mistral-7b,South_Korea,English,inst-4,Al-en-02,Food, Makgeolli,0,0
mistral-7b,South_Korea,English,inst-4,Al-en-04,Food," The question does not specify a ""most popular"" fruit, but apples are commonly consumed in South Korea.",1,1.0
mistral-7b,South_Korea,English,inst-4,Al-en-06,Food, It is not specified in the provided background information what a common school cafeteria food in South Korea is.,0,0
mistral-7b,South_Korea,English,inst-4,Al-en-08,Food, It is not possible to determine the most commonly eaten snacks at shopping malls in South Korea based on the provided background information.,0,0
mistral-7b,South_Korea,English,inst-4,Al-en-09,Food, Tteokbokki (Spicy Rice Cakes) or Yeongyang-tteok (Steamed Rice Cake) are popular snacks at amusement parks in South Korea.,0,0
mistral-7b,South_Korea,English,inst-4,Al-en-16,Education,"5 (Assuming that ""kids"" refers to children of kindergarten age, which typically starts at around 5 years old in South Korea.)",1,1.0
mistral-7b,South_Korea,English,inst-4,Al-en-17,Education, Ganggangsullae,0,0
mistral-7b,South_Korea,English,inst-4,Al-en-18,Education," Elementary students in South Korea get private education for various subjects, as indicated by the percentage of students taking private education being highest at 87.7% among elementary school students (from information [1]). The specific subject(s) are not specified in the provided background information.",0,0
mistral-7b,South_Korea,English,inst-4,Al-en-19,Education, English,1,1.0
mistral-7b,South_Korea,English,inst-4,Al-en-21,Education, Private Education (based on the information provided),0,0
mistral-7b,South_Korea,English,inst-4,Al-en-32,Holidays/Celebration/Leisure," There isn't a specific traditional ""Thanksgiving"" meal in South Korea that corresponds to the North American holiday. The Korean equivalent of Thanksgiving, Chuseok, has different customs and food offerings.",0,0
mistral-7b,South_Korea,English,inst-4,Al-en-33,Holidays/Celebration/Leisure," Trick-or-treating is not traditionally practiced in South Korea, but there are various events and festivals held around Halloween such as costume parties, parades, and concerts.",0,0
mistral-7b,South_Korea,English,inst-4,Al-en-34,Holidays/Celebration/Leisure," People greet ancestors, wish for family health and abundant farming, with customs such as charye, sebae, yutnori, neolttwigi, kite flying, and bokjori.",0,0
mistral-7b,South_Korea,English,inst-4,Al-en-35,Holidays/Celebration/Leisure," People in South Korea don't traditionally celebrate Christmas as it is not a national holiday, but it has become increasingly popular due to commercialization and cultural exchange. Some common activities include exchanging gifts, decorating trees, attending church services, and enjoying festive food and drinks with family or friends.",1,0.5
mistral-7b,South_Korea,English,inst-4,Al-en-36,Holidays/Celebration/Leisure," There is no specific food traditionally associated with Halloween in South Korea. However, modern celebrations may include Western-style sweets or snacks.",,
mistral-7b,South_Korea,English,inst-4,Al-en-37,Holidays/Celebration/Leisure," There isn't a specific food traditionally associated with Christmas in South Korea. However, Western-style foods such as cakes, cookies, and chocolate are becoming more popular during the holiday season.",1,1.0
mistral-7b,South_Korea,English,inst-4,Al-en-38,Holidays/Celebration/Leisure," Chocolate Strawberry (not directly mentioned, but it is a popular gift on Valentine's Day in South Korea)",1,1.0
mistral-7b,South_Korea,English,inst-4,Al-en-39,Holidays/Celebration/Leisure, It is not specified in the provided background information what people eat on their birthday in South Korea.,0,0
mistral-7b,South_Korea,English,inst-4,Al-en-40,Holidays/Celebration/Leisure," Playgrounds or amusement parks are popular outdoor places for families to have fun with little kids in South Korea, but no specific location was mentioned in the provided background information.",1,1.0
mistral-7b,South_Korea,English,inst-4,Al-en-43,Holidays/Celebration/Leisure," Ssireum or family meals are not exclusively indoor activities, but if we consider an indoor activity specific to families, it could be having a meal together (e.g., enjoying typical foods like songpyeon, japchae, namul, jeon and fruit during Chuseok). However, the question asks for a popular indoor activity, so I would answer: There is no single popular indoor family activity mentioned in the provided background information.",1,0.5
mistral-7b,South_Korea,English,inst-4,An-ar-02,Education," University students in South Korea typically have lunch at their respective universities or nearby cafeterias, restaurants, or food courts.",1,1.0
mistral-7b,South_Korea,English,inst-4,An-ar-03,Education,3 (March) or 6 (June) depending on the school's academic calendar.,1,0.75
mistral-7b,South_Korea,English,inst-4,An-ar-08,Education, The provided information does not specify the number of hours students in South Korea spend at high school.,0,0
mistral-7b,South_Korea,English,inst-4,An-ar-09,Education,3,1,1.0
mistral-7b,South_Korea,English,inst-4,An-ar-34,Sport," The question asks about the most popular team sport in South Korean schools, not traditional games like Ssireum or Ganggangsullae. Therefore, the answer would be soccer (football), as it's one of the most widely played and organized sports in South Korean schools.",1,1.0
mistral-7b,South_Korea,English,inst-4,An-ar-35,Sport, The information provided does not specify or imply who the most popular sport commentator in South Korea is.,0,0
mistral-7b,South_Korea,English,inst-4,An-ar-36,Sport, The information provided does not specify a most popular sports team in South Korea.,0,0
mistral-7b,South_Korea,English,inst-4,An-ar-43,Sport," Sports stadiums, bars, cafes, and homes (private residences) are common places or venues where individuals in South Korea usually gather to watch sports broadcasts.",1,1.0
mistral-7b,South_Korea,English,inst-4,Ca-sp-05,Food,3,1,1.0
mistral-7b,South_Korea,English,inst-4,Ca-sp-06,Food," Every meal, as per the given information, 64% of Koreans eat kimchi with every meal.",0,0
mistral-7b,South_Korea,English,inst-4,Ca-sp-08,Food," Jang (soybean paste, soy sauce, red chili paste)",1,0.5
mistral-7b,South_Korea,English,inst-4,Ca-sp-09,Food," It is not specified in the provided background information what people from South Korea usually eat for dessert. However, some traditional Korean desserts include Patbingsu (shaved ice with sweet red beans and various toppings), Yakgwa (a type of honey cake), and Hwajeon (lotus leaf-wrapped rice cake).",1,1.0
mistral-7b,South_Korea,English,inst-4,Ca-sp-11,Food," The question does not specify if it refers to a traditional or modern family meal, nor does it mention a specific day. However, if we consider the custom mentioned in point [2] about Seol (the 1st day of the 1st lunar month), it could be inferred that this is a significant day for family gatherings in South Korea. But without more context or information, it's impossible to definitively say which day of the week people usually organize a family meal in South Korea.",0,0
mistral-7b,South_Korea,English,inst-4,Ca-sp-14,Food," It is not provided in the background information which specific hot drink is the most popular in South Korea. However, one of the well-known traditional Korean hot drinks is ""Dongdongju"" (rice wine tea) or ""Sujeongwang"" (citrus punch).",0,0
mistral-7b,South_Korea,English,inst-4,Ca-sp-19,Holidays/Celebration/Leisure," It is not possible to definitively determine what young people in South Korea typically drink at nightclubs, as individual preferences can vary widely. However, popular alcoholic beverages in South Korea include soju (a distilled spirit made from rice or barley), makgeolli (a milky, slightly alcoholic rice drink), and beer.",1,1.0
mistral-7b,South_Korea,English,inst-4,Ca-sp-21,Holidays/Celebration/Leisure,"5 (for Hansik) or 4, 7, or 9 (for Seollal, Chuseok, and Dano respectively)",1,1.0
mistral-7b,South_Korea,English,inst-4,Ca-sp-29,Holidays/Celebration/Leisure," Circle-dance (Ganggangsullae) on Chuseok night under the full moon, although it's not exclusively a New Year's Eve tradition but rather a Chuseok tradition.",0,0
mistral-7b,South_Korea,English,inst-4,Ca-sp-38,Family," The type of house for a family in South Korea can vary, but traditionally, many families live in Hanok (Korean traditional houses) or modern apartment buildings (apt. complexes).",1,1.0
mistral-7b,South_Korea,English,inst-4,Ca-sp-41,Family, One-person households (37.8%) or couple-only households (35.0%),1,1.0
mistral-7b,South_Korea,English,inst-4,Ca-sp-42,Family,"16 (Assuming that the '6+6' joint parental leave scheme applies equally to both parents, and since it's a joint leave, each parent gets 6 months, which is equivalent to 26 weeks. However, maternity leave is typically considered as leave taken by the biological mother after childbirth, so we need to consider only her leave. In this case, she would take her 6 months of leave, leaving 26 weeks - 18 weeks (taken by the father) = 8 weeks.)",0,0
mistral-7b,South_Korea,English,inst-4,Ca-sp-43,Family,"6 (Assuming that the '6+6' joint parental leave scheme means each parent gets 6 months of leave, and since we are asking about paternity leave specifically for dads, we take into account only their half of the leave.)",0,0
mistral-7b,South_Korea,English,inst-4,Ca-sp-45,Family," A cultural destination, featuring traditions like Ganggangsullae and Pansori, could be commonly chosen for a family vacation in South Korea.",0,0
mistral-7b,South_Korea,English,inst-4,Gu-ch-05,Sport,"59.5% of seniors (people 70+) participate in sports in South Korea, but the specific sport(s) are not provided in the given information.",0,0
mistral-7b,South_Korea,English,inst-4,Gu-ch-06,Sport," Without specific data, it's not possible to definitively say what sports men in South Korea like to play the most. However, considering the cultural context and the high participation rate in sports among different age groups, it can be inferred that traditional Korean games such as yunnori and neolttwigi might be popular, especially during holidays like Seollal. Additionally, given the high sports participation rates across all ages, it's likely that a variety of sports are enjoyed by men in South Korea.",0,0
mistral-7b,South_Korea,English,inst-4,Gu-ch-07,Sport, It is not possible to determine the most famous basketball player in South Korea based on the provided background information.,0,0
mistral-7b,South_Korea,English,inst-4,Gu-ch-08,Sport," The question does not provide information about children's sports participation, so it is impossible to determine the most popular sports among children based on the given background information.",0,0
mistral-7b,South_Korea,English,inst-4,Gu-ch-09,Sport," Yunnori and Neolttwigi are traditional Korean folk games that many women enjoy playing during Seollal, a three-day holiday in South Korea. However, it's important to note that South Korean women also participate in various modern sports as well.",0,0
mistral-7b,South_Korea,English,inst-4,Gu-ch-11,Sport," The provided information does not specify or suggest any particular sport that South Korea has won the most gold medals at the Olympics. Therefore, it is impossible to provide an accurate answer based on the given background information.",0,0
mistral-7b,South_Korea,English,inst-4,Gu-ch-15,Sport," The question does not specify ""sports"" as being related to university activities, so it's difficult to definitively say what sports male students in university like to play the most in South Korea. However, if we consider the background information about weekly sports participation rates, it suggests that a significant percentage of people aged 20-60 participate in sports. Therefore, it can be inferred that many male students in universities might participate in various sports.",0,0
mistral-7b,South_Korea,English,inst-4,Gu-ch-16,Family,2.16,0,0
mistral-7b,South_Korea,English,inst-4,Gu-ch-18,Family,"1.58 (This is an approximation based on the average number of people per household and the distribution of households by size, assuming that most additional members beyond two are children.)",1,0.75
mistral-7b,South_Korea,English,inst-4,Gu-ch-31,Education,6,1,1.0
mistral-7b,South_Korea,English,inst-4,Gu-ch-32,Education,6,1,0.5
mistral-7b,South_Korea,English,inst-4,Gu-ch-33,Education,6 (usually English as a second language is introduced at the age of 6 in South Korean schools),0,0
mistral-7b,South_Korea,English,inst-4,Gu-ch-38,Education,"4 (usually 4 years, but can vary depending on the field of study and institution)",1,1.0
mistral-7b,South_Korea,English,inst-4,Gu-ch-40,Education,15:30 (assuming a standard school day of approximately 7 hours and 30 minutes),0,0
mistral-7b,South_Korea,English,inst-4,Gu-ch-41,Education,"1 (Ganggangsullae is a traditional Korean dance, not an instrument)",1,1.0
mistral-7b,South_Korea,English,inst-4,Ji-ko-02,Work life, It is not possible to determine the preferred day for company dinners based on the provided background information.,0,0
mistral-7b,South_Korea,English,inst-4,Ji-ko-03,Work life," The question does not provide information about the number of financial companies in each region or city, so it is impossible to determine an answer based on the provided background information.",0,0
mistral-7b,South_Korea,English,inst-4,Ji-ko-07,Work life," I'm sorry for any confusion, but the provided background information does not contain details about private companies in South Korea. Some of the well-known private companies in South Korea include Samsung Group, Hyundai Motor Group, LG Corporation, and SK Group.",1,1.0
mistral-7b,South_Korea,English,inst-4,Ji-ko-08,Work life,52,1,1.0
mistral-7b,South_Korea,English,inst-4,Ji-ko-09,Work life," It is not specified in the provided background information what people typically eat during company get-togethers in South Korea. However, common Korean dishes that are often served at social gatherings include Bibimbap (mixed rice), Bulgogi (grilled marinated beef), Kimchi Jjigae (spicy stew made with kimchi and tofu), and Tteokbokki (spicy rice cakes).",0,0
mistral-7b,South_Korea,English,inst-4,Ji-ko-14,Work life, Electronics or Semiconductors,1,1.0
mistral-7b,South_Korea,English,inst-4,Ji-ko-15,Work life, The information provided does not specify a typical lunch break duration for South Korea.,0,0
mistral-7b,South_Korea,English,inst-4,Ji-ko-16,Family, Mothers' Hospitals (or Maternity Hospitals) in South Korea.,0,0
mistral-7b,South_Korea,English,inst-4,Ji-ko-19,Family," I'm sorry for any inconvenience, but there isn't specific information provided about the most commonly given flower on Parents' Day in South Korea. In general, roses are often associated with Mother's Day and carnations with Father's Day, but these might not be the most common flowers given on Parents' Day in South Korea. For accurate information, it would be best to refer to a reliable source that discusses Korean holidays and traditions.",1,1.0
mistral-7b,South_Korea,English,inst-4,Ji-ko-22,Family, It is not possible to definitively determine what people especially spend their first salary on in South Korea's society based on the provided background information.,0,0
mistral-7b,South_Korea,English,inst-4,Ji-ko-24,Family," The question does not specify that it's about children. However, if we are to make an assumption based on the provided information, there is no direct link between the preferences of workplaces among 13-34-year-olds and recreational facilities for children. Therefore, without more specific context or information, it's not possible to accurately answer this question.",0,0
mistral-7b,South_Korea,English,inst-4,Ji-ko-25,Family," Seollal, Hansik, Dano, and Chuseok",0,0
mistral-7b,South_Korea,English,inst-4,Ji-ko-26,Family,"1) Completion of Education (University or equivalent)
2) Achieving Financial Independence (Securing a job and managing personal expenses)
3) Taking advantage of the '6+6' joint parental leave scheme (Usually around childbirth)
4) Age of 65 (When parents become eligible for retirement benefits and are considered older adults in South Korea)",0,0
mistral-7b,South_Korea,English,inst-4,Ji-ko-27,Family, Perfume or Cosmetics,0,0
mistral-7b,South_Korea,English,inst-4,Ji-ko-28,Family, The first day that people celebrate after a child is born in South Korea is on the 1st day of the 1st lunar month (Seol).,0,0
mistral-7b,South_Korea,English,inst-4,Ji-ko-29,Family,"30th Birthday (assuming ""celebrated the most grandly"" refers to societal emphasis or tradition)",0,0
mistral-7b,South_Korea,English,inst-4,Ji-ko-31,Education, At school and through private education (tutoring or cram schools),1,0.25
mistral-7b,South_Korea,English,inst-4,Ji-ko-33,Education, They usually engage in private education or study at home.,1,0.5
mistral-7b,South_Korea,English,inst-4,Ji-ko-34,Education," Elementary school students in South Korea typically go to school in class sizes of approximately 20.9, as reported by Kyunghyang for the year 2024. However, a significant portion of them also take private education.",0,0
mistral-7b,South_Korea,English,inst-4,Ji-ko-35,Education, Elementary school,0,0
mistral-7b,South_Korea,English,inst-4,Ji-ko-36,Education," English (assuming that ""academy"" refers to private institutions focusing on specific subjects)",1,0.8
mistral-7b,South_Korea,English,inst-4,Ji-ko-37,Education," Uniforms are commonly worn by middle and high school students in South Korea. However, it's important to note that not all schools require uniforms, and some students may choose to wear casual or sports attire on certain days.",1,1.0
mistral-7b,South_Korea,English,inst-4,Ji-ko-38,Education," I'm an AI and don't have real-time data or personal experiences, so I can't definitively say which major is the most difficult to get into in South Korea without a specific context or recent data. However, generally speaking, competitive fields such as medicine, law, engineering, and business administration are often challenging to gain admission to due to high demand and limited spots.",1,1.0
mistral-7b,South_Korea,English,inst-4,Ji-ko-39,Education," Ganggangsullae (traditional Korean dance) is taught in elementary-school music classes, not a musical instrument. Therefore, it's not possible to determine the most commonly learned musical instrument from the provided information.",0,0
mistral-7b,South_Korea,English,inst-4,Ji-ko-40,Education, Socialize or engage in leisure activities.,0,0
mistral-7b,South_Korea,English,inst-4,Ji-ko-41,Education," There is no specific information provided about the type of shoes worn by students in South Korean schools. However, it's common for students to wear casual shoes such as sneakers or loafers.",1,0.5
mistral-7b,South_Korea,English,inst-4,Ji-ko-42,Education," The required subjects for South Korea's university entrance exam are not explicitly provided in the given background information. However, typically, they include Korean language, Math, Science (Physics and Chemistry), English, Social Studies, and additional elective subjects such as History, Geography, Art, Music, etc. It is best to consult a reliable source for the most accurate and up-to-date information on this topic.",1,1.0
mistral-7b,South_Korea,English,inst-4,Ji-ko-44,Education, Seoul,1,1.0
mistral-7b,South_Korea,English,inst-4,Ji-ko-45,Education," Talchum mask dance dramas or Ganggangsullae performances are not typically associated with university festivals in South Korea. University festivals often feature cultural events, concerts, sports competitions, and food fairs. Therefore, it is difficult to pinpoint a specific event that people look forward to the most at university festivals in South Korea.",1,1.0
mistral-7b,South_Korea,English,inst-4,Jo-sp-01,Sport, Ssireum,0,0
mistral-7b,South_Korea,English,inst-4,Jo-sp-02,Sport, Ssireum,0,0
mistral-7b,South_Korea,English,inst-4,Jo-sp-09,Sport, It is not possible to definitively determine which sports are most associated with the upper class in South Korea based on the provided background information. The data presented does not offer insights into socio-economic status or class distinctions related to sports participation.,0,0
mistral-7b,South_Korea,English,inst-4,Jo-sp-13,Sport, There is no information provided about a popular water sport in South Korea in the background details you've given.,0,0
mistral-7b,South_Korea,English,inst-4,Jo-sp-14,Sport," There is no information provided to suggest that there is a ""most popular mental sport"" in South Korea. The background information provided pertains to traditional rituals, agricultural practices, and demographic data.",0,0
mistral-7b,South_Korea,English,inst-4,Jo-sp-18,Work life,13 (assuming 12 public holidays + 1 day off for Lunar New Year's Eve),0,0
mistral-7b,South_Korea,English,inst-4,Jo-sp-19,Work life, South-western Korea,0,0
mistral-7b,South_Korea,English,inst-4,Jo-sp-21,Work life, The question does not provide information about the time people usually leave work for lunch in South Korea.,0,0
mistral-7b,South_Korea,English,inst-4,Jo-sp-31,Education,15:30 (assuming a standard school day of approximately 7 hours and 30 minutes),0,0
mistral-7b,South_Korea,English,inst-4,Jo-sp-32,Education, Ganggangsullae is not a sport but a traditional Korean dance taught in elementary schools. It's not clear what sport the students tend to practice at school from the provided information.,0,0
mistral-7b,South_Korea,English,inst-4,Jo-sp-36,Education,10 (Assuming the standard length of summer vacation in South Korea is typically around 10 weeks based on common practices in other countries and no specific data was provided for this aspect in the background information.),0,0
mistral-7b,South_Korea,English,inst-4,Jo-sp-37,Education,12 (weeks),0,0
mistral-7b,South_Korea,English,inst-4,Jo-sp-39,Education,6,0,0
mistral-7b,South_Korea,English,inst-4,Jo-sp-43,Education,1 (Assuming that the official language of South Korea is taught as a first language and English is commonly taught as a second language in elementary education.),1,1.0
mistral-7b,South_Korea,English,inst-4,Jod-ch-01,Food," Spoon, Fork, Chopsticks (Dwit-i)",1,1.0
mistral-7b,South_Korea,English,inst-4,Jod-ch-04,Food, It is not possible to determine what specific soft drink people in South Korea like based on the provided background information.,0,0
mistral-7b,South_Korea,English,inst-4,Jod-ch-06,Food," Andong soju, Yangpyeong makgeolli, Seocheon's Hansan sogokju are all regional traditional liquors in South Korea. Without specifying a region, it's not possible to determine the most popular one.",1,1.0
mistral-7b,South_Korea,English,inst-4,Jod-ch-07,Food, The question does not provide information about the duration of time spent dining at restaurants in South Korea.,0,0
mistral-7b,South_Korea,English,inst-4,Jod-ch-09,Food,18:08 (assuming the average work day ends at 18:00 and considering the average sleep duration of 8 hours),1,0.6666666666666666
mistral-7b,South_Korea,English,inst-4,Jod-ch-12,Food, Samgyetang (ginseng chicken soup),0,0
mistral-7b,South_Korea,English,inst-4,Jod-ch-13,Food," Tteokbokki is a popular South Korean street food. However, it's important to note that there are many other beloved street foods in South Korea such as Odeng (fish cake), Hotteok (sweet and savory pancake), and Ggulgguim (spicy stir-fried squid).",1,1.0
mistral-7b,South_Korea,English,inst-4,Jod-ch-15,Food, Fermented seafood,0,0
mistral-7b,South_Korea,English,inst-4,Jod-ch-16,Holidays/Celebration/Leisure," Chuseok (Korean Thanksgiving) is considered one of the biggest festivals in South Korea, but it doesn't have a specific location like Gangneung's Danoje Festival or the March 1st Cultural Festival in Yeongsan-myeon.",1,1.0
mistral-7b,South_Korea,English,inst-4,Jod-ch-28,Holidays/Celebration/Leisure, Subway (Metro) or Train (KTX/Mugunghwa),1,1.0
mistral-7b,South_Korea,English,inst-4,Jod-ch-30,Holidays/Celebration/Leisure," The specific decorations or symbols associated with the biggest festival in South Korea vary depending on the festival. However, some common symbols include traditional Korean flags (Taegukgi), lanterns (ddeokjae), and various traditional Korean costumes. For example, during Chuseok (Korean Thanksgiving), people often decorate their homes with ddeokjae lanterns, while during the Danoje Festival, participants may wear traditional Korean clothing like hanbok.",,
mistral-7b,South_Korea,English,inst-4,Jod-ch-37,Sport, There is no specific information provided about what sports women like to watch the most in South Korea.,0,0
mistral-7b,South_Korea,English,inst-4,Jod-ch-38,Sport, It is not possible to definitively determine what sports men in South Korea like to watch the most based on the provided background information as it does not contain data about sports preferences.,0,0
mistral-7b,South_Korea,English,inst-4,Jod-ch-41,Holidays/Celebration/Leisure," Circle-dancing (Ganggangsullae) is popular among unmarried village women, but it's not specified that the females in their 20s are from rural areas or engaged in this specific activity. However, according to the data provided, a majority of single-person households aged 30-39 (63.7%) are employed, suggesting they may engage in various leisure activities based on their individual preferences and lifestyles.",0,0
mistral-7b,South_Korea,English,inst-4,Jod-ch-42,Holidays/Celebration/Leisure, It is not provided in the background information which specific leisure activity males in their 20s in South Korea engage in.,0,0
mistral-7b,South_Korea,English,inst-4,Jod-ch-46,Work life,0.0 (No specific data provided for a lunch break afternoons in the given information.),1,0.25
mistral-7b,South_Korea,English,inst-4,Jod-ch-48,Work life," Lunch in South Korea can vary, but according to the provided information, no specific food is mentioned as being eaten for lunch on weekdays. However, it's important to note that the information about the Time Use Survey suggests an increase in eating alone during breakfast, lunch, and dinner on weekdays.",0,0
mistral-7b,South_Korea,English,inst-4,Jod-ch-50,Work life, The provided information does not contain data about the average commute time in South Korea.,0,0
mistral-7b,South_Korea,English,inst-4,Jod-ch-51,Work life, The question does not provide information necessary to determine the most common mode of transportation for commuting to work in South Korea.,0,0
mistral-7b,South_Korea,English,inst-4,Jod-ch-54,Work life,"60 (Assuming that the parental leave of 60,117 fathers in 2024 is the marriage leave in South Korea, as there's no specific information provided about a separate marriage leave duration.)",1,0.5
mistral-7b,South_Korea,English,inst-4,Jod-ch-56,Work life,"60 (based on the information provided, it's not explicitly stated that this is the typical retirement age for women, but it can be inferred as the oldest age group with 40.2% employment rate)",1,1.0
mistral-7b,South_Korea,English,inst-4,Jod-ch-57,Work life,"60 (based on the information provided, it's not explicitly stated that this is the typical retirement age for men in South Korea, but it can be inferred from the fact that 40.2% of those aged 60+ are employed, suggesting that most people retire around or after 60)",1,1.0
mistral-7b,South_Korea,English,inst-4,Jod-ch-58,Work life," The question does not specify a profession, so it's impossible to determine which one is the most respected based on the provided background information.",0,0
mistral-7b,South_Korea,English,inst-4,Jod-ch-60,Work life,"38.2 (Assuming this is the average weekly working hours divided by 5, as most countries consider a standard workweek to be 5 days.)",1,1.0
mistral-7b,South_Korea,English,inst-4,Jod-ch-61,Work life, The text does not provide specific information about the occupation preferences of females in South Korea.,0,0
mistral-7b,South_Korea,English,inst-4,Jod-ch-62,Work life," The question does not specify the gender, so it's impossible to determine from the provided information which occupation is most preferred among males in South Korea.",0,0
mistral-7b,South_Korea,English,inst-4,Ki-pe-17,Education, High School,1,0.2
mistral-7b,South_Korea,English,inst-4,Ki-pe-24,Education, Korean,0,0
mistral-7b,South_Korea,English,inst-4,Ki-pe-30,Education," Schools in South Korea typically follow a 5-day school week, with weekends off (Saturday and Sunday). However, specific holidays may cause adjustments to this schedule.",1,1.0
mistral-7b,South_Korea,English,inst-4,Ki-pe-32,Food," Songpyeon, Japchae, Namul, Jeon, Fruit",1,0.5
mistral-7b,South_Korea,English,inst-4,Ki-pe-34,Food," The usual drink in a typical Korean breakfast can be either tea (green or black) or coffee, but it's also common to have traditional Korean rice wine (makgeolli) or soju on special occasions. However, water is also commonly consumed with meals.",1,1.0
mistral-7b,South_Korea,English,inst-4,Ki-pe-36,Food," The question does not specify a specific country for comparison, so it is impossible to determine an answer based on the provided information.",0,0
mistral-7b,South_Korea,English,inst-4,Ki-pe-39,Food," Songpyeon, Japchae, Namul, Jeon, Fruit (These are typical foods prepared for a family picnic in South Korea as mentioned in point 2 of the background information.)",0,0
mistral-7b,South_Korea,English,inst-4,Ki-pe-40,Food," There is no specific food from South Korea that is universally considered disgusting. However, some foreigners may find certain dishes unusual due to cultural differences in taste preferences or dietary habits. For example, live octopus (sannakji) can be a shock for those unfamiliar with eating live seafood. But it's important to note that many people who try it enjoy the experience once they overcome their initial surprise.",1,1.0
mistral-7b,South_Korea,English,inst-4,Ki-pe-43,Food," The name of the popular bread in South Korea is not directly mentioned in the provided background information. However, one common type of Korean bread is called ""ppang"" or ""buns"".",0,0
mistral-7b,South_Korea,English,inst-4,Ki-pe-51,Work life,09:00 (assuming the question refers to the opening time of government offices),0,0
mistral-7b,South_Korea,English,inst-4,Ki-pe-53,Work life,"09:00 (assuming a standard workday starts at 9 AM, which is common in many countries including South Korea)",1,1.0
mistral-7b,South_Korea,English,inst-4,Kik-in-01,Holidays/Celebration/Leisure, Seollal (Lunar New Year),1,1.0
mistral-7b,South_Korea,English,inst-4,Kik-in-02,Holidays/Celebration/Leisure," There is no specific Independence Day in South Korea that corresponds to the given background information. The country celebrates Liberation Day on August 15, but it does not involve the activities mentioned (Seollal, Ganggangsullae).",0,0
mistral-7b,South_Korea,English,inst-4,Kik-in-04,Holidays/Celebration/Leisure, Buddhist Altar (Chaek-kot) or Burial Marker (Tap),,
mistral-7b,South_Korea,English,inst-4,Kik-in-05,Holidays/Celebration/Leisure, Chuseok (Korean Thanksgiving Day),0,0
mistral-7b,South_Korea,English,inst-4,Kik-in-06,Holidays/Celebration/Leisure," Ganggangsullae is not related to weddings, it's a harvest and fertility ritual. The Yeongsan Juldarigi is a folk game, not a pre-wedding event. Pansori is an epic chant, not a ceremony or event related to weddings. Therefore, there isn't a specific event usually held before a wedding in South Korea that can be directly linked from the provided information.",0,0
mistral-7b,South_Korea,English,inst-4,Kik-in-07,Holidays/Celebration/Leisure, Ogokbap (five-grain rice),0,0
mistral-7b,South_Korea,English,inst-4,Kik-in-08,Holidays/Celebration/Leisure," There is no specific cultural tradition in South Korea that corresponds to activities done days before Ramadan, as Ramadan is not a traditional holiday in South Korea.",,
mistral-7b,South_Korea,English,inst-4,Kik-in-10,Holidays/Celebration/Leisure," It is not specified in the provided background information which tourist attraction is the most popular for foreign visitors in South Korea. However, popular tourist attractions in South Korea include Seoul (the capital city), Gyeongju (ancient capital cities and tombs), Jeju Island (volcanic landscape, beaches, and UNESCO World Heritage sites), and Busan (beaches, temples, and the Busan Tower).",1,0.5
mistral-7b,South_Korea,English,inst-4,Kik-in-11,Holidays/Celebration/Leisure," It is not specified in the provided background information that there is a most popular religious site for tourism in South Korea specifically related to temples or churches. However, one of the most famous tourist attractions in South Korea is the Jogyesa Temple, which is a significant Buddhist temple located in Seoul. Other notable religious sites include Bulguksa Temple and Haeinsa Temple, both UNESCO World Heritage Sites, as well as many Christian churches such as Myeongdong Cathedral and Yoido Full Gospel Church.",1,1.0
mistral-7b,South_Korea,English,inst-4,Kik-in-15,Holidays/Celebration/Leisure," There is no specific information provided about what clothes women usually wear on graduation commencement ceremonies in South Korea. Graduation attire can vary depending on the institution and cultural traditions, so it's best to check with the specific educational institution for accurate information.",0,0
mistral-7b,South_Korea,English,inst-4,Kik-in-16,Food, Makgeolli or rice wine,0,0
mistral-7b,South_Korea,English,inst-4,Kik-in-17,Food, There is no specific fruit that is more commonly sold and found during Ramadan in South Korea as it is not a traditional holiday or festival celebrated there.,,
mistral-7b,South_Korea,English,inst-4,Kik-in-24,Food," Rice (in Korean, 밥 - bap)",0,0
mistral-7b,South_Korea,English,inst-4,Kik-in-31,Sport, Taekwondo,1,1.0
mistral-7b,South_Korea,English,inst-4,Kik-in-34,Sport, It is not possible to determine specific sports from the provided background information as it does not mention any sports being broadcasted on national television in South Korea.,0,0
mistral-7b,South_Korea,English,inst-4,Kik-in-35,Sport," Weekly sports participation was high among all age groups in South Korea before the pandemic, with 65% for ages 20-60, 43.2% for teens and 59.5% for people 70+ (source: [3]). However, it's not possible to determine if these sports remained popular during the COVID-19 pandemic without additional context or information about specific restrictions and guidelines related to sports activities during that time.",1,0.5
mistral-7b,South_Korea,English,inst-4,Kik-in-36,Sport," The most popular soccer coach in South Korea can vary, but as of recent years, it's likely to be either Uli Stielike or Paulo Bento, both of whom have coached the South Korean national team. However, for specific and up-to-date information, it would be best to refer to current statistics or polls.",0,0
mistral-7b,South_Korea,English,inst-4,Kik-in-37,Sport," Seoul Dynamo vs Pusan Icons (fictional teams based on Seoul and Busan, the real rivals are FC Seoul vs Pohang Steelers or Suwon Bluewings vs Jeonbuk Hyundai Motors)",1,1.0
mistral-7b,South_Korea,English,inst-4,Kik-in-38,Sport," Ultra Supremacy (Green Crew, Daegu FC) vs. Red Devils (Blue Square Zone, Suwon FC) or Ultra Blue Square (FC Seoul) vs. Black Army (Jeonbuk Hyundai Motors) are some examples of intense rivalries among South Korean soccer supporters. However, it's important to note that these groups represent specific teams and the rivalry can vary depending on the context.",,
mistral-7b,South_Korea,English,inst-4,Kik-in-40,Sport, Lee Yong-Dae,1,1.0
mistral-7b,South_Korea,English,inst-4,Kik-in-41,Sport," Saina Nehwal (This is incorrect, as the question asks for a South Korean player. The correct answer would be Sung Ji Hyun or Lee Yong Dae, both of whom are famous South Korean badminton players.)",0,0
mistral-7b,South_Korea,English,inst-4,Kik-in-44,Sport, It is not possible to determine which sport receives the most support from the government in South Korea based on the provided background information.,0,0
mistral-7b,South_Korea,English,inst-4,Kik-in-45,Sport," Ssireum facilities, along with other standard sports fields such as basketball courts, soccer fields, etc.",1,1.0
mistral-7b,South_Korea,English,inst-4,Na-ko-02,Food, It is not possible to determine the most commonly enjoyed cafe beverage in South Korea based on the provided background information.,0,0
mistral-7b,South_Korea,English,inst-4,Na-ko-04,Food," Sundubu (soft tofu stew) from Gangneung, as per the K-Local Food Trip 33 list provided.",0,0
mistral-7b,South_Korea,English,inst-4,Na-ko-05,Food," There isn't a specific ""typical"" delivery food in South Korea as it varies widely, but popular options often include fried chicken (chicken), pizza, bibimbap, jjajangmyeon (black bean noodles), and Korean BBQ.",1,1.0
mistral-7b,South_Korea,English,inst-4,Na-ko-07,Food," The consumption data about specific types of meat for South Koreans isn't readily available in the provided background information. However, it's well-known that pork, beef, and chicken are commonly consumed in Korean cuisine.",1,1.0
mistral-7b,South_Korea,English,inst-4,Na-ko-08,Food, Apples,1,1.0
mistral-7b,South_Korea,English,inst-4,Na-ko-09,Food, Kimchi,1,1.0
mistral-7b,South_Korea,English,inst-4,Na-ko-11,Food," It is not possible to definitively determine what people in South Korea eat while watching a soccer game as it can vary greatly among individuals, families, and regions. However, some popular Korean snacks that are commonly consumed during sports events include Kimbap (sushi rolls), Tteokbokki (spicy rice cakes), and Fried Chicken.",1,1.0
mistral-7b,South_Korea,English,inst-4,Na-ko-15,Food, Samgyetang (ginseng chicken soup),1,1.0
mistral-7b,South_Korea,English,inst-4,Na-ko-16,Sport," Park Ji-Sung is one of the most famous soccer players from South Korea. He played for Manchester United, among other teams, and represented South Korea in international competitions. However, it's important to note that there are many talented South Korean soccer players, and opinions on who is the ""most famous"" can vary.",1,0.75
mistral-7b,South_Korea,English,inst-4,Na-ko-17,Sport," Ssireum (Korean traditional wrestling) is taught in South Korean schools, but it's not specified that it's enjoyed during lunchtime by male students specifically. Therefore, without additional context, it's not possible to definitively say what sports male students enjoy during lunchtime at school in South Korea.",0,0
mistral-7b,South_Korea,English,inst-4,Na-ko-18,Sport, Ganggangsullae (traditional Korean dance),0,0
mistral-7b,South_Korea,English,inst-4,Na-ko-19,Sport," I don't have real-time data or the ability to determine popularity, but one of the well-known South Korean volleyball players is Kim Yeon-koung. She has played professionally both domestically and internationally, including for the South Korean national team.",1,1.0
mistral-7b,South_Korea,English,inst-4,Na-ko-20,Sport, It is not possible to determine the most passionately supported international sporting event by South Koreans based on the provided background information.,0,0
mistral-7b,South_Korea,English,inst-4,Na-ko-22,Sport, Japan,1,1.0
mistral-7b,South_Korea,English,inst-4,Na-ko-23,Sport, The provided data does not specify the types of sports academies that children attend the most in South Korea.,0,0
mistral-7b,South_Korea,English,inst-4,Na-ko-24,Sport," Tteokguk or Japchae are not typically associated with sports stadiums in South Korea. The most common snack during sports events is likely to be fried chicken, hot dogs, or instant noodles.",1,1.0
mistral-7b,South_Korea,English,inst-4,Na-ko-25,Sport," The specific sports played on School Sports Day in South Korea can vary, but traditional events often include Track and Field (Running, Long Jump, High Jump, Shot Put), Tug of War, Archery, and Soccer. However, the exact sports may depend on the region or school.",1,1.0
mistral-7b,South_Korea,English,inst-4,Na-ko-26,Sport," Sports participation among the middle-aged population (10+ years old) in South Korea, as per the 2025 national survey, includes those who participate weekly (62.9%) and twice weekly (52.2%). Therefore, it is not possible to definitively determine the ""popular"" sports without further information about specific sports categories or regional preferences. However, given the high participation rates, it can be inferred that a variety of sports are popular among this age group in South Korea.",0,0
mistral-7b,South_Korea,English,inst-4,Na-ko-28,Sport," The question does not provide information about a specific winter sports player, so it's impossible to determine who the most popular one is based on the given background information.",0,0
mistral-7b,South_Korea,English,inst-4,Na-ko-29,Sport," It is not provided in the background information given. However, one of the well-known South Korean swimmers is Park Tae-hwan.",1,1.0
mistral-7b,South_Korea,English,inst-4,Na-ko-30,Sport, League of Legends (LoL),1,1.0
mistral-7b,South_Korea,English,inst-4,Na-ko-33,Holidays/Celebration/Leisure, Ogokbap (five-grain rice),0,0
mistral-7b,South_Korea,English,inst-4,Na-ko-37,Holidays/Celebration/Leisure, The question does not provide information to determine a specific most popular domestic vacation spot for people from South Korea.,0,0
mistral-7b,South_Korea,English,inst-4,Na-ko-38,Holidays/Celebration/Leisure," There is no specific traditional custom of exchanging wedding gifts between the bride and groom in South Korea. However, it's common for the bride's family to give a dowry (known as ""dowry"" or ""jeungsin"") to the groom's family, which includes household items, furniture, and sometimes money. The groom's family may also present gifts to the bride's family.",0,0
mistral-7b,South_Korea,English,inst-4,Na-ko-39,Holidays/Celebration/Leisure," A traditional gift for a Korean wedding is often a set of household items, known as ""dowry"" or ""dak"". However, it's also common to give money in a red envelope (called ""secae"") with a congratulatory message.",1,1.0
mistral-7b,South_Korea,English,inst-4,Na-ko-40,Holidays/Celebration/Leisure,3,1,1.0
mistral-7b,South_Korea,English,inst-4,Na-ko-41,Holidays/Celebration/Leisure, White Chrysanthemums (baek-ho) or white condolence money (baek-jeok) are commonly prepared as condolence offerings at funerals in South Korea.,1,1.0
mistral-7b,South_Korea,English,inst-4,Na-ko-42,Holidays/Celebration/Leisure," Jeon (Korean pancake) or other types of Korean side dishes (banchan), not specifically ""Chuncheon dakgalbi"", ""Hoengseong hanu beef"", ""Gangneung Chodang sundubu"", ""Pyeongchang wild vegetables"" or ""Yangyang pine mushroom"".",0,0
mistral-7b,South_Korea,English,inst-4,Na-ko-43,Holidays/Celebration/Leisure, People greet ancestors and wish for family health and abundant farming in the morning of the (Lunar) New Year in South Korea.,0,0
mistral-7b,South_Korea,English,inst-4,Na-ko-44,Holidays/Celebration/Leisure," The day with South Korea's most severe nationwide traffic congestion could be during the Yeondeunghoe festival, as it involves people carrying lanterns they have made and moving around the country. However, without specific data or context, this is just an educated guess.",0,0
mistral-7b,South_Korea,English,inst-4,Na-ko-45,Holidays/Celebration/Leisure, The information provided does not specify a popular honeymoon destination in South Korea.,0,0
mistral-7b,South_Korea,English,inst-4,Ne-ar-05,Holidays/Celebration/Leisure, Seollal (Lunar New Year),1,0.2
mistral-7b,South_Korea,English,inst-4,Ne-ar-06,Holidays/Celebration/Leisure," People from South Korea do not celebrate Ramadan as it is an Islamic holiday, and South Korea is predominantly non-Muslim.",,
mistral-7b,South_Korea,English,inst-4,Ne-ar-09,Holidays/Celebration/Leisure," There is no information provided that suggests what people from South Korea eat during Eid ul Fitr, as this is a Muslim holiday originating from the Middle East and not traditionally celebrated in South Korea.",,
mistral-7b,South_Korea,English,inst-4,Ne-ar-10,Holidays/Celebration/Leisure," People from South Korea do not traditionally celebrate Eid ul Adha, which is an Islamic holiday, so they do not typically eat food associated with that celebration.",,
mistral-7b,South_Korea,English,inst-4,Ne-ar-11,Holidays/Celebration/Leisure, Seol (1st day of the 1st lunar month) is celebrated as New Year's Day in South Korea.,0,0
mistral-7b,South_Korea,English,inst-4,Ne-ar-14,Holidays/Celebration/Leisure," There is no information provided that suggests Eid festivities are celebrated in South Korea as it is a tradition from Islamic cultures, not Korean culture.",,
mistral-7b,South_Korea,English,inst-4,Ne-ar-16,Work life, Saturday and Sunday,1,1.0
mistral-7b,South_Korea,English,inst-4,Ne-ar-17,Work life,09:00 (assuming a standard 9-hour workday starting at 9 AM),1,1.0
mistral-7b,South_Korea,English,inst-4,Ne-ar-18,Work life,20:17 (based on the average daily work hours provided in point [3]),0,0
mistral-7b,South_Korea,English,inst-4,Ne-ar-20,Work life," A job that provides stable income, as indicated by the 2025 Social Survey results where stability ranks second among important factors when choosing a job.",0,0
mistral-7b,South_Korea,English,inst-4,Ne-ar-24,Work life, Seoul,1,1.0
mistral-7b,South_Korea,English,inst-4,Ne-ar-25,Work life," I'm an AI and don't have real-time data, but as of 2019, according to the OECD, the highest average earnings were in the Financial and Insurance sector. However, it's important to note that this can change over time due to various factors such as economic conditions, government policies, and technological advancements. For the most accurate and up-to-date information, I would recommend checking with a reliable statistical source or organization.",1,0.3333333333333333
mistral-7b,South_Korea,English,inst-4,Ne-ar-26,Work life," The most famous public corporation in South Korea is Samsung Electronics, not a public corporation but a private multinational conglomerate. However, if you're asking for a well-known public corporation, the answer would be Korea Electric Power Corporation (KEPCO).",1,1.0
mistral-7b,South_Korea,English,inst-4,Ne-ar-31,Food," Kimchi is one of the most famous dishes in South Korea, although it doesn't have a specific UNESCO designation like Pansori or Ganggangsullae.",1,1.0
mistral-7b,South_Korea,English,inst-4,Ne-ar-32,Food, It is not possible to determine what people usually have for breakfast in South Korea based on the provided background information.,0,0
mistral-7b,South_Korea,English,inst-4,Ne-ar-33,Food,12:00 (assuming a typical lunch hour is from 12:00 PM to 1:00 PM),1,1.0
mistral-7b,South_Korea,English,inst-4,Ne-ar-34,Food, Kimchi,1,0.75
mistral-7b,South_Korea,English,inst-4,Ne-ar-36,Food," A typical festive meal in South Korea includes songpyeon, japchae, namul, jeon, and fruit.",0,0
mistral-7b,South_Korea,English,inst-4,Ne-ar-37,Food," No specific fruit is mentioned to be offered to tourists or visitors from abroad in South Korea. The information provided pertains more to traditional Korean holidays, festivals, and demographic data.",0,0
mistral-7b,South_Korea,English,inst-4,Ne-ar-38,Food," It is not specified in the provided background information which food people usually offer as charity in South Korea. However, it's common for Koreans to donate rice and other staple foods during Chuseok (as part of their ancestor rites) or on other occasions.",1,1.0
mistral-7b,South_Korea,English,inst-4,Ne-ar-39,Food," It is not specified in the provided information which food item is the cheapest fast food in South Korea. Fast food prices can vary depending on location, restaurant chain, and menu items ordered.",0,0
mistral-7b,South_Korea,English,inst-4,Ne-ar-43,Food, Dessert (or sweet snack),0,0
mistral-7b,South_Korea,English,inst-4,Ne-ar-44,Food, Coffee is typically consumed individually or by a small group in South Korea.,0,0
mistral-7b,South_Korea,English,inst-4,New-am-02,Food, It is not specified which traditional food is the most popular in South Korea from the provided background information.,0,0
mistral-7b,South_Korea,English,inst-4,New-am-04,Food," Jang (soybean paste, soy sauce, red chili paste)",1,1.0
mistral-7b,South_Korea,English,inst-4,New-am-08,Food," There is no specific food that is most often consumed during Christian fasting in South Korea as it varies based on personal preference and cultural influences. Fasting typically involves abstaining from food, not consuming a particular type of food.",,
mistral-7b,South_Korea,English,inst-4,New-am-15,Food," Jang (fermented soybean paste) is not typically prepared when mothers give birth in South Korea. However, it is passed down within Korean families and is used in various dishes.",0,0
mistral-7b,South_Korea,English,inst-4,New-am-27,Sport," I don't have real-time data or the ability to determine popularity, but some well-known female athletes from South Korea include golfers Inbee Park and Park In-bee, figure skater Yuna Kim, and tennis player Na Li (who was born in China but represents South Korea).",1,1.0
mistral-7b,South_Korea,English,inst-4,New-am-34,Education, Most elementary school students prepare for their exams through private education in South Korea.,1,0.2
mistral-7b,South_Korea,English,inst-4,New-am-41,Education,3rd Grade (Elementary School),0,0
mistral-7b,South_Korea,English,inst-4,New-am-53,Work life, The information provided does not specify or suggest that any particular region in South Korea is widely known for its coffee or tea industry.,0,0
mistral-7b,South_Korea,English,inst-4,New-am-54,Work life," The information provided does not specify a region in South Korea that is widely known for its livestock industry. However, Jeolla Province, where Pansori originated, is known for agriculture and fishing, not livestock.",0,0
mistral-7b,South_Korea,English,inst-4,New-am-59,Work life," There are no deserts in South Korea, so there are no people living in deserts in South Korea.",,
mistral-7b,South_Korea,English,inst-4,New-am-60,Work life," No specific animal is typically used for transportation in modern-day South Korea. However, horses were historically used for transportation and are still used in traditional ceremonies or events.",,
mistral-7b,South_Korea,English,inst-4,New-am-72,Family, I don't have information about the most popular comic book for children in South Korea.,0,0
mistral-7b,South_Korea,English,inst-4,New-am-73,Family," I'm sorry for any inconvenience, but the provided background information does not contain data about the most popular YouTube channel for children in South Korea. To find that information, you would need to conduct a separate research or refer to reliable sources that track such data. Examples of such sources could be social media analytics platforms like Social Blade or Tubular Labs, or news articles from reputable outlets that cover the Korean entertainment industry.",0,0
mistral-7b,South_Korea,English,inst-4,New-am-74,Family," I don't have real-time data or the ability to browse the internet, so I can't provide the name of the most popular talk show in South Korea at this moment. However, some of the well-known talk shows in South Korea include ""Healing Camp, Aren't You Happy?"" and ""You Hee-yeol's Sketchbook.""",0,0
mistral-7b,South_Korea,English,inst-4,New-am-77,Holidays/Celebration/Leisure," The question does not specify ""religious"" holiday, so it's hard to definitively say which is the most famous holiday overall in South Korea. However, if we are to focus on religious holidays, Buddha's Birthday (Seokbulsuje) and Chuseok (Chuseok) are significant religious holidays in South Korea, with Chuseok being more culturally significant as it involves ancestor worship.",1,1.0
mistral-7b,South_Korea,English,inst-4,New-am-81,Holidays/Celebration/Leisure,1 (December),0,0
mistral-7b,South_Korea,English,inst-4,New-am-83,Holidays/Celebration/Leisure," The question does not specify a particular traditional musical instrument as being the ""most popular"" in South Korea. However, one of the most well-known traditional Korean instruments is the Gayageum, a 12-stringed zither.",1,1.0
mistral-7b,South_Korea,English,inst-4,New-as-01,Food, Ox (symbolically),0,0
mistral-7b,South_Korea,English,inst-4,New-as-02,Food," The question does not specify that the food item is wheat-based, so it's impossible to determine the most popular wheat-based food item in South Korea based on the provided background information.",0,0
mistral-7b,South_Korea,English,inst-4,New-as-05,Food, Soju (Korean rice liquor) or tea are commonly offered drinks when guests visit households in South Korea.,1,0.5
mistral-7b,South_Korea,English,inst-4,New-as-07,Food," Jeonbok-jjuk (abalone rice porridge) or Haemul-jeon (seafood pancake) are popular dishes cooked with fish in South Korea, but there isn't a single ""most popular"" dish. The cuisine is diverse and varies by region.",0,0
mistral-7b,South_Korea,English,inst-4,New-as-14,Food," Kimchi (Kimchi is a traditional Korean side dish made of fermented vegetables, most commonly cabbage or radish.)",0,0
mistral-7b,South_Korea,English,inst-4,New-as-15,Food, Soju,0,0
mistral-7b,South_Korea,English,inst-4,New-as-20,Sport," The question does not specify that the sport should be indoor, so it's impossible to determine the most popular indoor sport in South Korea based on the provided background information.",0,0
mistral-7b,South_Korea,English,inst-4,New-as-29,Sport," Soccer (Football) is popular among men in South Korea, but it's important to note that interests can vary greatly among individuals. Other sports such as baseball, basketball, and esports are also widely followed.",1,1.0
mistral-7b,South_Korea,English,inst-4,New-as-30,Sport," I'm sorry for any confusion, but the provided background information does not contain any details about sports that women in South Korea like to watch. The information provided is about traditional rituals, holidays, and crafts from South Korea.",0,0
mistral-7b,South_Korea,English,inst-4,New-as-58,Work life, It is not specified in the provided background information what the most popular beverage is that people from South Korea like to drink in their workplace.,0,0
mistral-7b,South_Korea,English,inst-4,New-as-64,Family, Chuseok,1,1.0
mistral-7b,South_Korea,English,inst-4,New-as-76,Holidays/Celebration/Leisure, Yunnori and Neolttwigi,0,0
mistral-7b,South_Korea,English,inst-4,New-as-80,Holidays/Celebration/Leisure," Traditional Korean clothing, such as Hanbok for women and Jeogori for men, are often worn during traditional festivals in South Korea. However, it's important to note that the specific attire can vary depending on the region and the festival being celebrated.",1,1.0
mistral-7b,South_Korea,English,inst-4,New-as-89,Holidays/Celebration/Leisure," Ox (for Jangsa), Rope-swing (for Geunetagi)",0,0
mistral-7b,South_Korea,English,inst-4,New-az-05,Food," The information provided does not specify a region known for alcohol production in South Korea. However, Jeju Island is famous for its makgeolli (rice wine) and soju (distilled liquor).",0,0
mistral-7b,South_Korea,English,inst-4,New-az-11,Food, Fruit (generic),0,0
mistral-7b,South_Korea,English,inst-4,New-az-12,Food, South-western Korea,0,0
mistral-7b,South_Korea,English,inst-4,New-az-21,Sport, Gangwon,0,0
mistral-7b,South_Korea,English,inst-4,New-az-26,Sport," The question does not specify ""most popular"" as it pertains to contemporary or modern popularity, so it's difficult to definitively answer this question based on the provided background information. However, if we are referring to traditional martial arts in South Korea, the term ""player"" might not be entirely accurate, as these martial arts often focus more on practice and preservation rather than competition. The Korean Taekkyeon Association leads transmission of Taekkyeon, but it counts about 50 recognized practitioners, which suggests that there is no single most popular player in the traditional sense.",0,0
mistral-7b,South_Korea,English,inst-4,New-az-27,Sport," It is not stated in the provided information that a specific sport has been one of the fastest-growing in South Korea over the last decade. The information provided pertains to demographics, cultural traditions, and UNESCO-recognized activities.",0,0
mistral-7b,South_Korea,English,inst-4,New-az-39,Education," The question does not specify the time frame, but according to the provided information, China was the most popular destination for South Korean students in 2025.",0,0
mistral-7b,South_Korea,English,inst-4,New-az-49,Work life,1 or 2 (depending on the family structure),1,1.0
mistral-7b,South_Korea,English,inst-4,New-az-60,Family," Childcare is provided by both parents in South Korea, as indicated by the '6+6' joint parental leave scheme. However, it's important to note that this doesn't exclude other forms of childcare such as daycares or nannies.",1,0.25
mistral-7b,South_Korea,English,inst-4,New-az-69,Holidays/Celebration/Leisure," Soju is a popular alcoholic beverage in South Korea, often enjoyed by both men and women. However, if you're looking for a traditional beverage specifically associated with men, Makgeolli (rice wine) could also be mentioned.",1,1.0
mistral-7b,South_Korea,English,inst-4,New-az-70,Holidays/Celebration/Leisure," It is not possible to definitively determine a ""preferred"" alcoholic beverage for all women in South Korea, as preferences can vary greatly among individuals. However, one of the most popular traditional Korean alcoholic beverages is Soju (소주), which is distilled from rice, barley, or wheat. It's often enjoyed by both men and women in social settings.",1,0.25
mistral-7b,South_Korea,English,inst-4,New-az-73,Holidays/Celebration/Leisure, The information provided does not specify the average number of attendees at a wedding in South Korea.,0,0
mistral-7b,South_Korea,English,inst-4,New-ch-01,Food, Beef or Pork,1,0.6666666666666666
mistral-7b,South_Korea,English,inst-4,New-ch-02,Food,09:00,0,0
mistral-7b,South_Korea,English,inst-4,New-ch-04,Food, Kimchi,0,0
mistral-7b,South_Korea,English,inst-4,New-ch-05,Food," Kimchi Jjigae (Kimchi Stew) is one of the most famous spicy dishes in South Korea, but it's not as universally recognized as Bibimbap or Bulgogi.",0,0
mistral-7b,South_Korea,English,inst-4,New-ch-07,Food," Andong soju, Yangpyeong makgeolli, Seocheon's Hansan sogokju (regional traditional liquors)",0,0
mistral-7b,South_Korea,English,inst-4,New-ch-08,Food, Gochugaru (Korean red pepper powder),1,0.6666666666666666
mistral-7b,South_Korea,English,inst-4,New-ch-09,Food, Hansik (traditional Korean food),0,0
mistral-7b,South_Korea,English,inst-4,New-ch-13,Food," It is not possible to determine the ""most famous"" alcohol brand in South Korea from the provided background information as it does not mention any alcohol brands. Some popular Korean alcoholic beverages include Soju, Makgeolli, and Baekjeong.",0,0
mistral-7b,South_Korea,English,inst-4,New-ch-14,Food," In South Korea, people often consume ginseng chicken soup (samgyetang) or rice porridge with ginger (yukgaejang) when they are sick. These dishes are believed to have healing properties and boost the immune system.",1,1.0
mistral-7b,South_Korea,English,inst-4,New-ch-15,Food," Kimchi, among other prepared/ready-to-eat foods, is commonly bought at supermarkets in South Korea.",0,0
mistral-7b,South_Korea,English,inst-4,New-ch-16,Sport," The most famous sports-related movie in South Korea is ""Miracle on 1st Street"" (1st Base in Korean). It's a 2005 film about a group of elderly men who form a baseball team to compete in the national senior games.",0,0
mistral-7b,South_Korea,English,inst-4,New-ch-17,Sport, The question does not provide information about an extreme sport that people generally wish to try the most in South Korea.,0,0
mistral-7b,South_Korea,English,inst-4,New-ch-18,Sport," I'm sorry for any confusion, but the information provided doesn't seem to relate to a track and field event. The activities mentioned are traditional Korean rituals and performances, such as Ganggangsullae, ssireum, and Pansori. If you have more specific information about a track and field event popular in South Korea, I would be happy to help!",0,0
mistral-7b,South_Korea,English,inst-4,New-ch-19,Sport," I'm sorry for any confusion, but the information provided doesn't seem to relate to gymnastics events in South Korea. If you have specific details about a popular gymnastics event in South Korea, I would be happy to help find an answer!",0,0
mistral-7b,South_Korea,English,inst-4,New-ch-23,Sport," The most famous table tennis player from South Korea is probably Ryu Seung-min, also known as ""The Tornado."" He won a gold medal at the 2016 Summer Olympics and has been ranked world No. 1 multiple times. However, it's important to note that there are many talented table tennis players in South Korea, and the answer could change based on personal opinions or specific achievements.",0,0
mistral-7b,South_Korea,English,inst-4,New-ch-26,Sport," It is not possible to definitively determine the ""most popular"" event to watch in the Winter Olympics for an entire country based on the provided background information. The popularity of specific events can vary greatly among individuals and regions within a country, and is often influenced by factors such as cultural traditions, personal interests, and media coverage.",0,0
mistral-7b,South_Korea,English,inst-4,New-ch-27,Sport," I'm sorry for any confusion, but the information provided does not relate to boxing, so I cannot identify the most famous boxer in South Korea based on this context. However, one of the most well-known South Korean boxers is Park Si-Hun, who won a bronze medal at the 2016 Summer Olympics in Rio de Janeiro.",0,0
mistral-7b,South_Korea,English,inst-4,New-ch-30,Sport," I'm sorry for any confusion, but the information provided does not include details about track and field athletes from South Korea. To answer your question, one of the most famous South Korean track and field athletes is Park Tae-hwan, a former Olympic gold medalist in swimming who also competed in track events. However, since the question specifically asks for a track and field athlete, I should have mentioned a track and field athlete such as Bae Rigu (long jump) or Kim Hyun-sub (high jump), both of whom have represented South Korea at the Olympic Games.",0,0
mistral-7b,South_Korea,English,inst-4,New-ch-31,Work life," It is not possible to definitively determine what job parents most hope their children will pursue based on the provided background information. The data suggests that income, stability, and aptitude/interest are important factors when choosing a job, but it does not provide any specific insights into the jobs that parents most hope their children will pursue. Additionally, the data indicates that education costs are a burden for many families in South Korea, which may influence the types of careers parents hope their children will pursue based on potential financial stability. However, without more specific information about parental aspirations and preferences, it is not possible to accurately answer this question.",0,0
mistral-7b,South_Korea,English,inst-4,New-ch-32,Work life, It is not possible to determine the specific office software used in South Korea based on the provided background information.,0,0
mistral-7b,South_Korea,English,inst-4,New-ch-38,Work life,"1. Busan (port city)
2. Incheon (port city)
3. Gyeonggi-do (province surrounding Seoul, home to major industries like electronics and automobiles)
4. Jeolla-do (regions of Jeonnam and Jeonbuk, known for agriculture and fisheries)",1,1.0
mistral-7b,South_Korea,English,inst-4,New-ch-39,Work life,"11Street, Coupang, Gmarket, Auction, SSG.com (also known as Shinsegae), TMON, Gumtree, eBay Korea, Interpark, WeMakePrice are some of the commonly used e-commerce platforms in South Korea.",1,1.0
mistral-7b,South_Korea,English,inst-4,New-ch-44,Work life, The information provided does not specify the typical probation period for new employees in South Korea.,0,0
mistral-7b,South_Korea,English,inst-4,New-ch-45,Work life, It is not possible to definitively determine which industries young people typically choose to start businesses in South Korea based on the provided background information. The data presented does not provide insights into the preferences of young people regarding business ventures.,1,1.0
mistral-7b,South_Korea,English,inst-4,New-ch-49,Family, Video Calls or Online Messaging,1,0.75
mistral-7b,South_Korea,English,inst-4,New-ch-51,Family, Traditional Hanok or Modern Hotels,1,1.0
mistral-7b,South_Korea,English,inst-4,New-ch-54,Family, It is not specified which fruit is usually prepared the most for family dinners in South Korea from the provided background information.,0,0
mistral-7b,South_Korea,English,inst-4,New-ch-64,Education,0 (This information is not provided in the background details. University class hours can vary depending on the institution and program.),0,0
mistral-7b,South_Korea,English,inst-4,New-ch-66,Education,"0 (Public high schools in South Korea are free of charge, as they are funded by the government.)",1,1.0
mistral-7b,South_Korea,English,inst-4,New-ch-70,Education," Ssireum (Korean wrestling) is not a compulsory course for university students in South Korea. However, it is taught in schools and learned in families and local tournaments. The only common compulsory courses for university students are academic subjects related to their chosen field of study.",0,0
mistral-7b,South_Korea,English,inst-4,New-ch-71,Education,23.4,0,0
mistral-7b,South_Korea,English,inst-4,New-ch-72,Education, It is not possible to determine which major is considered most conducive to employment in South Korea based on the provided background information as it does not specify the field of study or occupation.,0,0
mistral-7b,South_Korea,English,inst-4,New-ch-73,Education, Talchum mask dance clubs or traditional Korean performing arts clubs are popular among university students in South Korea.,0,0
mistral-7b,South_Korea,English,inst-4,New-ch-74,Education, Apartments,1,0.3333333333333333
mistral-7b,South_Korea,English,inst-4,New-ch-75,Education,"45 (Assuming that the average class period for middle school students in South Korea is typically 45 minutes, as it is a common duration for many educational systems around the world.)",1,1.0
mistral-7b,South_Korea,English,inst-4,New-ch-78,Holidays/Celebration/Leisure," Yunnori, Neolttwigi, and traditional crafts such as mosi weaving.",0,0
mistral-7b,South_Korea,English,inst-4,New-ch-79,Holidays/Celebration/Leisure," It is not possible to definitively state what leisure activities retired men typically like in South Korea as preferences can vary greatly among individuals. However, considering the cultural context provided, it might be reasonable to suggest that they may enjoy participating in traditional Korean folk games such as yunnori and neolttwigi during Seollal or other holidays.",0,0
mistral-7b,South_Korea,English,inst-4,New-ch-80,Holidays/Celebration/Leisure," Seollal, Chuseok",0,0
mistral-7b,South_Korea,English,inst-4,New-ch-81,Holidays/Celebration/Leisure," In South Korea, common housewarming gifts include traditional items such as rice cakes (sikhye), wine (makgeolli or soju), and money in a red envelope. Other popular gifts can be household appliances, bedding sets, or plants for good luck.",0,0
mistral-7b,South_Korea,English,inst-4,New-ch-82,Holidays/Celebration/Leisure, The information provided does not specify a typical starting time for weddings in South Korea.,,
mistral-7b,South_Korea,English,inst-4,New-ch-83,Holidays/Celebration/Leisure," The information provided does not specify a particular city in South Korea that hosts festivals the most. It mentions local festivals in general, but no specific city is mentioned.",0,0
mistral-7b,South_Korea,English,inst-4,New-ch-84,Holidays/Celebration/Leisure," White (or shades of white) is commonly worn by the bride, while other attendees usually wear formal black or dark-colored outfits. However, it's important to note that there can be regional variations and personal preferences.",,
mistral-7b,South_Korea,English,inst-4,New-ch-85,Holidays/Celebration/Leisure, Black,1,1.0
mistral-7b,South_Korea,English,inst-4,New-en-01,Food, Tteokbokki (Spicy Rice Cakes) or Popcorn are commonly eaten snacks in cinemas in South Korea.,1,1.0
mistral-7b,South_Korea,English,inst-4,New-en-02,Food," I don't have real-time data or specific information about the most popular chip/crisp flavor in South Korea. However, it's worth noting that South Korea has a vibrant food culture with unique flavors, and it's possible that local flavors might influence the preferences for chip/crisp flavors as well. For example, flavors like kimchi or bulgogi could potentially be popular choices. To get an accurate answer, I would recommend looking up current data from reliable sources such as market research reports or surveys on South Korean snack food preferences.",0,0
mistral-7b,South_Korea,English,inst-4,New-en-04,Food," I don't have specific information about a popular celebrity chef in South Korea, but famous Korean chefs include Baek Jong-won (백종원) and Jang Duk-sung (장덕성).",1,1.0
mistral-7b,South_Korea,English,inst-4,New-en-05,Food, Jjajangmyeon (Black bean noodles),0,0
mistral-7b,South_Korea,English,inst-4,New-en-07,Food," I don't have real-time data or the ability to browse the internet, so I can't provide specific names of currently popular cooking shows in South Korea. However, given the rich cultural heritage and culinary traditions of South Korea, it is likely that cooking shows featuring traditional Korean cuisine are quite popular. Some examples might include shows focusing on Bibimbap, Kimchi, or Bulgogi preparation.",0,0
mistral-7b,South_Korea,English,inst-4,New-en-08,Food, The information provided does not indicate a popular chocolate brand in South Korea.,0,0
mistral-7b,South_Korea,English,inst-4,New-en-10,Food," Cheese is not traditionally a staple food in South Korea, so it does not have a ""most eaten"" cheese.",0,0
mistral-7b,South_Korea,English,inst-4,New-en-11,Food, There is no information provided that suggests a most disliked vegetable in South Korea.,0,0
mistral-7b,South_Korea,English,inst-4,New-en-12,Food, Jjajangmyeon or Japchae,0,0
mistral-7b,South_Korea,English,inst-4,New-en-17,Sport, Cheong-chunbae (drums) and Kkokdugi (gongs),0,0
mistral-7b,South_Korea,English,inst-4,New-en-18,Sport," Game, cheering culture, food",0,0
mistral-7b,South_Korea,English,inst-4,New-en-19,Sport," I'm sorry for any confusion, but the information provided doesn't seem to relate to a specific sports stadium in South Korea. If you have a specific stadium in mind, such as the World Cup Stadium or the Jamsil Olympic Stadium, I could provide more context about them. However, without a specific stadium mentioned, it's not possible to answer your question accurately based on the information given.",1,0.3333333333333333
mistral-7b,South_Korea,English,inst-4,New-en-23,Sport," I'm sorry for any inconvenience, but as a text-based AI model, I don't have real-time data or the ability to browse the internet to provide specific names of individuals. However, I can tell you that South Korea has produced many renowned Paralympians across various sports. To find out who the most famous one is, I would recommend looking up information about South Korean Paralympians and their achievements.",,
mistral-7b,South_Korea,English,inst-4,New-en-26,Sport, Pansori,0,0
mistral-7b,South_Korea,English,inst-4,New-en-38,Work life, Construction and education services,0,0
mistral-7b,South_Korea,English,inst-4,New-en-41,Work life," It is not possible to definitively identify the most well-known and successful entrepreneur in South Korea as this can vary based on personal opinions, industries, and time periods. However, some notable entrepreneurs from South Korea include Lee Kun-hee (Samsung), Byung-Hun Lee (LG Group), and Kim Beom-su (POSCO).",1,0.25
mistral-7b,South_Korea,English,inst-4,New-en-47,Family," Apartment buildings are predominantly found in the back gardens of homes in South Korea, as most homes are apartments. However, detached houses may also have back gardens.",0,0
mistral-7b,South_Korea,English,inst-4,New-en-49,Family," There is no specific ""most famous"" family in South Korea that stands out as a cultural or historical icon, unlike families such as the Kennedys in the United States or the Windsors in the United Kingdom. However, notable South Korean families include the Lee family (Lee Myung-bak and Park Geun-hye were presidents of South Korea), the Samsung family (founders of Samsung Group), and the Hyundai family (founders of Hyundai Motor Company).",0,0
mistral-7b,South_Korea,English,inst-4,New-en-50,Family, The most common family name in South Korea is Kim.,1,0.75
mistral-7b,South_Korea,English,inst-4,New-en-55,Family," Buddhism and Christianity are the two major religions practiced in South Korea, with Buddhism being the traditional faith of the country. However, it's important to note that a significant portion of the population identifies as non-religious or follows Confucianism for cultural reasons rather than religious ones.",1,1.0
mistral-7b,South_Korea,English,inst-4,New-en-56,Family," The question does not specify ""foreign"" as referring to languages other than Korean, which is the primary language spoken by families in South Korea. Therefore, no specific foreign language can be identified as the most popular one spoken by families in South Korea.",0,0
mistral-7b,South_Korea,English,inst-4,New-en-59,Family," The question does not provide information suggesting that South Korean families emigrate to a specific country. Therefore, it's impossible to determine an answer based on the provided background information.",0,0
mistral-7b,South_Korea,English,inst-4,New-en-68,Education," Disciplinary actions may include detention, suspension, or expulsion. In some cases, severe misconduct could lead to legal consequences.",1,0.5
mistral-7b,South_Korea,English,inst-4,New-en-69,Education," Korean authors such as Yi Sang, Hyeon-seo Lee, Shin Kyung-sook, and others are commonly studied in literature classes in South Korea. However, it's important to note that the specific authors may vary depending on the curriculum and level of education.",0,0
mistral-7b,South_Korea,English,inst-4,New-en-70,Education,3 (Three),1,1.0
mistral-7b,South_Korea,English,inst-4,New-en-72,Education, It is not specified in the provided background information which online resource students usually use for studying in South Korea.,0,0
mistral-7b,South_Korea,English,inst-4,New-en-75,Education,"15 (This number is an approximation based on common practices, as the exact number can vary depending on the university and program.)",0,0
mistral-7b,South_Korea,English,inst-4,New-en-76,Holidays/Celebration/Leisure," I'm an assistant and don't have real-time data, so I can't definitively say which airport in South Korea is the busiest during the holiday season without a specific timeframe. However, Incheon International Airport (ICN) is one of the busiest airports in Asia and often experiences increased traffic during holidays such as Chuseok and Seollal.",1,1.0
mistral-7b,South_Korea,English,inst-4,New-en-79,Holidays/Celebration/Leisure, South-west Korea,0,0
mistral-7b,South_Korea,English,inst-4,New-en-87,Holidays/Celebration/Leisure," I'm sorry for any confusion, but the question asks for the ""most famous historic landmark,"" which is not directly related to the background information provided about Pansori, Ganggangsullae, or demographic data. A well-known historic landmark in South Korea is the Gyeongbokgung Palace in Seoul.",1,1.0
mistral-7b,South_Korea,English,inst-4,New-en-90,Holidays/Celebration/Leisure, I don't have information to determine the most famous hotel brand in South Korea.,0,0
mistral-7b,South_Korea,English,inst-4,New-gr-05,Food, The question does not provide information to determine the most popular grab-and-go breakfast option in South Korea.,0,0
mistral-7b,South_Korea,English,inst-4,New-gr-06,Food," The question does not specify that the food should be popular among young people specifically in South Korea, so it's difficult to determine the most popular food based on the provided information. However, if we are to make an assumption, K-pop and K-drama popularity suggest that younger generations might be more familiar with Korean Fried Chicken (jjajangmyeon is a type of noodle dish) due to its association with these cultural phenomena. But it's essential to note that this is just an assumption, as the preferences can vary greatly among individuals.",1,0.5
mistral-7b,South_Korea,English,inst-4,New-gr-08,Food, Soju,1,1.0
mistral-7b,South_Korea,English,inst-4,New-gr-13,Food, Green tea or coffee are commonly consumed as morning drinks in South Korea.,1,1.0
mistral-7b,South_Korea,English,inst-4,New-gr-15,Food," The question does not specify that the answer should be about a traditional liquor, so it's not possible to determine the most popular traditional dessert in South Korea based on the provided information. Some popular traditional Korean desserts include Patbingsu (shaved ice with red beans and sweetened azuki beans), Hongdak-guk (ginseng chicken soup), and Yakgwa (a honey-flavored, deep-fried cake).",1,1.0
mistral-7b,South_Korea,English,inst-4,New-gr-21,Sport, The information provided does not mention any racket sport as being popular in South Korea.,0,0
mistral-7b,South_Korea,English,inst-4,New-gr-24,Sport, There is no information provided to determine the most popular track and field sport in South Korea.,0,0
mistral-7b,South_Korea,English,inst-4,New-gr-29,Sport," The most popular international sporting event in South Korea is the Summer Olympics, as they have participated in every edition since 1948 and have hosted the games twice (in 1988 and potentially in 2032). However, it's important to note that traditional Korean sports like ssireum and Ganggangsullae are significant within their cultural context but do not fall under the category of international sporting events.",1,0.5
mistral-7b,South_Korea,English,inst-4,New-gr-47,Work life," The provided information does not contain data about work breaks in South Korea, so it is impossible to provide an answer based on the given background information.",0,0
mistral-7b,South_Korea,English,inst-4,New-gr-58,Work life," It is not possible to definitively determine which job is considered underpaid based solely on the provided background information, as it does not specify specific jobs or their salaries. However, given that people prioritize income when choosing a job and South Korea has a high percentage of single-person households with employment, it can be inferred that jobs with lower pay may be perceived as underpaid.",0,0
mistral-7b,South_Korea,English,inst-4,New-gr-76,Holidays/Celebration/Leisure," There is no specific food that is commonly served during Easter in South Korea as it is not a traditional Korean holiday. The holidays mentioned are Chuseok (Korean Thanksgiving) and Christmas, which have their own unique foods associated with them.",0,0
mistral-7b,South_Korea,English,inst-4,New-gr-82,Holidays/Celebration/Leisure," The question does not specify if it's asking about the most popular music genre that the elderly population actively participates in or the one they grew up with. However, since Ganggangsullae is taught in elementary-school music classes and is mainly kept up today by middle-aged women (who are now part of the elderly population), it can be assumed that traditional Korean folk music, including Ganggangsullae, might have a significant presence among the elderly. For a more accurate answer, further research or data would be needed to determine the most popular genre among the elderly population in South Korea.",0,0
mistral-7b,South_Korea,English,inst-4,New-gr-88,Holidays/Celebration/Leisure, Soju (Korean rice wine),1,1.0
mistral-7b,South_Korea,English,inst-4,New-gr-89,Holidays/Celebration/Leisure, Soju,0,0
mistral-7b,South_Korea,English,inst-4,New-ha-07,Food, Kimchi,1,0.3333333333333333
mistral-7b,South_Korea,English,inst-4,New-ha-08,Food, Hansik (traditional Korean food),0,0
mistral-7b,South_Korea,English,inst-4,New-ha-09,Food, Kimchi jar or pot (Korean: 김치갈덩이),1,0.5
mistral-7b,South_Korea,English,inst-4,New-ha-13,Food," The information provided does not specify or imply a ""most popular"" vegetable in South Korea.",0,0
mistral-7b,South_Korea,English,inst-4,New-ha-19,Sport, Ox,0,0
mistral-7b,South_Korea,English,inst-4,New-ha-66,Family, The information provided does not specify a popular wedding venue in South Korea.,0,0
mistral-7b,South_Korea,English,inst-4,New-in-01,Food," I'm sorry for any inconvenience, but the provided background information does not contain data about the most popular coffee shop brand in South Korea. To answer this question accurately, additional research or a reliable source would be needed.",0,0
mistral-7b,South_Korea,English,inst-4,New-in-03,Food," Jjajangmyeon, Dakgalbi, Budaejjigae, Sundubu, Ganjanggejang, Makgeolli are examples of Korean foods that can be found in restaurants overseas.",0,0
mistral-7b,South_Korea,English,inst-4,New-in-33,Work life," The answer cannot be definitively determined based on the provided background information as it does not mention any specific region in South Korea that is usually associated with mining. However, South Korea has a rich history of mining, particularly for coal and iron ore, and these resources are found throughout the country, including the north-eastern regions such as Gangwon-do and Gyeongsangbuk-do.",1,1.0
mistral-7b,South_Korea,English,inst-4,New-in-34,Work life," The information provided does not indicate that any specific region in South Korea is usually associated with oil. South Korea is primarily known for its industrialization, technology, and cultural practices like Ganggangsullae and Pansori, not for oil production.",,
mistral-7b,South_Korea,English,inst-4,New-in-62,Education," The official name of the university that is popular for its engineering program is Seoul National University (SNU). However, it's important to note that South Korea has many prestigious universities with strong engineering programs, and SNU is just one example.",1,0.2
mistral-7b,South_Korea,English,inst-4,New-in-63,Education," Seoul National University (SNU) is popular for its School of Medicine, although other universities in South Korea also have reputable medical schools.",1,1.0
mistral-7b,South_Korea,English,inst-4,New-in-78,Holidays/Celebration/Leisure," Credit/Debit Cards (Card Payments) or Mobile Payment Apps (e.g., Toss, KakaoPay) are widely used in South Korea. Cash is also common but less preferred compared to digital payments.",1,1.0
mistral-7b,South_Korea,English,inst-4,New-in-80,Holidays/Celebration/Leisure, The most famous theme park in South Korea is Lotte World.,1,0.75
mistral-7b,South_Korea,English,inst-4,New-ko-01,Family," I'm sorry for any inconvenience, but the provided background information does not contain details about a popular children's animation in South Korea. Some well-known Korean animated series include ""Please Touch the Kitten"" (2013), ""Dinosaur King"" (2007), and ""Pororo the Little Penguin"" (2003). These are not definitively the most popular, as tastes can vary among individuals.",1,1.0
mistral-7b,South_Korea,English,inst-4,New-ko-02,Family," Ganggangsullae is not a prenatal education activity, it is a harvest and fertility ritual. Therefore, there isn't a specific answer to this question based on the provided background information.",0,0
mistral-7b,South_Korea,English,inst-4,New-ko-03,Family," Ssireum is not a children's song, it is a traditional wrestling game. There isn't a universally recognized ""most popular"" children's song in South Korea that families sing together. However, one of the most well-known children's songs in South Korea is ""Arirang.""",0,0
mistral-7b,South_Korea,English,inst-4,New-ko-04,Family," I'm sorry for any confusion, but the provided background information does not contain details about toys that are popular among boys in South Korea. However, some common toys among Korean boys might include action figures (such as Transformers or Gundam), electronic games, and traditional toys like tops or yo-yos. For a more accurate answer, I would recommend consulting a reliable source specializing in Korean culture or conducting further research.",0,0
mistral-7b,South_Korea,English,inst-4,New-ko-05,Family, It is not possible to definitively determine the most popular toys among girls in South Korea based solely on the provided background information.,0,0
mistral-7b,South_Korea,English,inst-4,New-ko-06,Family," I'm sorry for any confusion, but the information provided doesn't seem to contain details about a specific folk tale that is typically told to children in South Korea. The information focuses more on cultural practices and customs related to harvest festivals and full moon rituals. If you have more specific information or context about a particular folk tale, I would be able to help with that!",0,0
mistral-7b,South_Korea,English,inst-4,New-ko-07,Holidays/Celebration/Leisure, Mosi ramie cloth,0,0
mistral-7b,South_Korea,English,inst-4,New-ko-08,Work life," The question does not provide information about where university students in South Korea tend to work part-time, so it is impossible to determine an answer based on the provided background information.",0,0
mistral-7b,South_Korea,English,inst-4,New-ko-09,Work life, The information provided does not specify or suggest the most frequently practiced team-building activities in companies based in South Korea.,0,0
mistral-7b,South_Korea,English,inst-4,New-ko-10,Work life," It is not possible to definitively determine the most common activities people do as a side job in South Korea based solely on the provided background information. However, given that the data shows a high percentage of employment among single-person households and that people rank income first when choosing a job, it can be inferred that many people may engage in part-time work or freelance jobs to supplement their primary income. The specific activities could range from teaching English as a foreign language, driving for ride-sharing services, selling goods online, tutoring, and various other service-oriented jobs.",1,0.3333333333333333
mistral-7b,South_Korea,English,inst-4,New-pe-02,Food, Kimchi,0,0
mistral-7b,South_Korea,English,inst-4,New-pe-06,Food, Kimchi Jjigae (Kimchi Stew) is the most popular stew in South Korea.,1,1.0
mistral-7b,South_Korea,English,inst-4,New-pe-11,Food," Kimchi, while not technically a spice, is a central element in Korean cuisine and contains various herbs such as radish greens, garlic, ginger, and chili peppers.",1,1.0
mistral-7b,South_Korea,English,inst-4,New-pe-16,Sport," Ssireum (or Siheungpe, traditional Korean wrestling)",1,1.0
mistral-7b,South_Korea,English,inst-4,New-pe-20,Sport," Ssireum, not specifically on the beach but in sand-filled neighborhood spaces or open areas.",0,0
mistral-7b,South_Korea,English,inst-4,New-pe-45,Work life," The question does not provide information about the month of Ramadan, which is a significant religious observance for Muslims, taking place during the ninth month of the Islamic calendar. Therefore, it's impossible to determine the usual work schedule during this period in South Korea without additional context or specific data related to Muslim workers and their practices in the country.",,
mistral-7b,South_Korea,English,inst-4,New-pe-47,Family,05/05 (May 5th),,
mistral-7b,South_Korea,English,inst-4,New-pe-49,Family," In South Korea, families often gather for prayer at their homes or temples.",,
mistral-7b,South_Korea,English,inst-4,New-pe-53,Family," There is no specific information provided about gifts given to fathers on Father's Day or Parents' Day in South Korea. Customs and traditions regarding gifts can vary widely, so it would be best to consult a source that specializes in Korean culture or ask someone familiar with the country for more accurate information.",0,0
mistral-7b,South_Korea,English,inst-4,New-pe-54,Family," Jang, traditional Korean fermented soybean paste, is often given as a gift to mothers on Mother's Day in South Korea.",0,0
mistral-7b,South_Korea,English,inst-4,New-pe-59,Family,"1.66 (for households in Seoul, assuming one generation is represented by a single person)",1,0.25
mistral-7b,South_Korea,English,inst-4,New-pe-65,Education,"8 (This is a common number of subjects taught in middle schools in South Korea, but it may vary depending on the specific school and curriculum.)",0,0
mistral-7b,South_Korea,English,inst-4,New-pe-66,Education," Ganggangsullae or Ssireum are not typically considered as after-school curricular activities in elementary schools in South Korea. The main focus of after-school programs often revolves around academic subjects, sports, arts, and other extracurricular activities. However, both Ganggangsullae and Ssireum are traditional Korean folk games that are taught in school music classes or learned in families and local communities, but not necessarily as after-school curricular activities.",1,1.0
mistral-7b,South_Korea,English,inst-4,New-pe-74,Education," I'm sorry for any inconvenience, but the provided background information does not contain data about the average annual tuition fee for public universities in South Korea. To find that information, you would need to refer to a different source or database that specializes in education statistics.",0,0
mistral-7b,South_Korea,English,inst-4,New-pe-76,Holidays/Celebration/Leisure," Circle-dancing (Ganggangsullae) is a popular activity to do in parks in South Korea, especially during Chuseok.",0,0
mistral-7b,South_Korea,English,inst-4,New-pe-78,Holidays/Celebration/Leisure, The Busan International Film Festival (BIFF) is the most famous film festival held in South Korea.,1,1.0
mistral-7b,South_Korea,English,inst-4,New-pe-83,Holidays/Celebration/Leisure," There isn't specific information provided about a popular card game played during social gatherings in South Korea. However, if we consider traditional games mentioned, Yutnori (a board game) might be one of them, but it is not a card game.",1,0.5
mistral-7b,South_Korea,English,inst-4,New-pe-85,Holidays/Celebration/Leisure, Japan,1,1.0
mistral-7b,South_Korea,English,inst-4,New-pe-86,Holidays/Celebration/Leisure, Namsan Tower (N Seoul Tower),1,1.0
mistral-7b,South_Korea,English,inst-4,New-spme-01,Food, Silkworm pupae (beondae) are eaten most often in South Korea.,1,1.0
mistral-7b,South_Korea,English,inst-4,New-spme-04,Food," I'm sorry for any confusion, but the information provided doesn't directly indicate what agricultural product is most frequently exported from South Korea. For that, you would need data on South Korea's agricultural exports. Some of the major agricultural products South Korea exports include rice, fruits (such as apples and pears), vegetables, fish, and livestock products like beef and dairy. However, for the most accurate answer, I would recommend checking a reliable source that provides up-to-date statistics on international trade.",1,1.0
mistral-7b,South_Korea,English,inst-4,New-spme-05,Food," It is not possible to determine the most popular sweets in South Korea based on the provided background information as there is no mention of sweets or desserts. Some well-known Korean sweets include Patbingsu (shaved ice dessert), Hongdak-guk (ginseng chicken soup, which can be sweet), and Yakgwa (a honey-flavored pastry).",0,0
mistral-7b,South_Korea,English,inst-4,New-spme-15,Sport, The information provided does not specify or imply the most popular sports drink in South Korea.,0,0
mistral-7b,South_Korea,English,inst-4,New-spme-27,Education," It is not possible to determine the average education level directly from the provided background information. However, we can infer that a significant portion of the population attends high school based on the monthly spending data (799,000 won peaks at high-school year one). But without more specific data about the distribution of the population across different educational levels, it is not possible to accurately determine the average education level.",1,1.0
mistral-7b,South_Korea,English,inst-4,New-spme-37,Education," The question does not specify a current year, so I'll assume it refers to 2025 data. In 2025, the most common professions studied abroad by students from South Korea were not specified. However, the leading countries of origin for foreign students in South Korea are China and Vietnam. This suggests that students from these countries might be studying professions other than those commonly studied by Korean students abroad.",0,0
mistral-7b,South_Korea,English,inst-4,New-spme-60,Family, Chuseok falls on specific lunar dates and can occur on any day of the week. It lasts for three days.,0,0
mistral-7b,South_Korea,English,inst-4,New-spme-65,Family," There is no specific mention of how Independence Day is celebrated in South Korea in the provided background information. Independence Day celebrations may vary and are not necessarily tied to traditional rituals, holidays, or performances mentioned.",0,0
mistral-7b,South_Korea,English,inst-4,New-spme-68,Family," Gwibalgi-sul (ear-brightening liquor) is not typically associated with children, but it is mentioned as a custom related to Jeongwol Daeboreum. A more likely answer for a popular beverage among children in South Korea would be juice or milk.",0,0
mistral-7b,South_Korea,English,inst-4,New-spme-76,Holidays/Celebration/Leisure," There is no specific location mentioned for celebrating Independence Day in South Korea as it is a national holiday, and celebrations take place across the country.",0,0
mistral-7b,South_Korea,English,inst-4,New-spme-78,Holidays/Celebration/Leisure," Yeondeunghoe (not the entire ritual, but specifically the song associated with it)",0,0
mistral-7b,South_Korea,English,inst-4,New-su-01,Food," Tteokbokki, Odeng, and Hotteok are some snacks that are commonly sold in front of schools in South Korea.",1,1.0
mistral-7b,South_Korea,English,inst-4,New-su-09,Food," Vegetable Oil (or more specifically, various types of refined vegetable oils such as soybean, corn, or canola oil are commonly used for cooking in South Korea.)",1,1.0
mistral-7b,South_Korea,English,inst-4,New-su-10,Food, Songpyeon (송편),,
mistral-7b,South_Korea,English,inst-4,New-su-15,Food," There isn't specific information provided to determine the most popular traditional non-alcoholic drink in South Korea. However, it's worth noting that South Korea has a rich variety of traditional beverages like Sujeonggwa (cinnamon punch), Barley tea (orong-cha), and Rice tea (yakju).",1,1.0
mistral-7b,South_Korea,English,inst-4,New-su-17,Sport," Public facilities (such as gyms, sports courts, and fields) are generally available in parks in South Korea.",0,0
mistral-7b,South_Korea,English,inst-4,New-su-21,Sport," It is not specified in the provided background information what activities seniors commonly do in parks in South Korea. However, it can be inferred that they might participate in social activities such as group exercises or gatherings, given the importance of community and social interaction in Korean culture. Additionally, considering the mention of Ganggangsullae and Pansori, it is possible that seniors may also engage in traditional cultural activities like dance or music performances in parks.",1,0.3333333333333333
mistral-7b,South_Korea,English,inst-4,New-su-24,Sport," Tug-of-war (as it is a common activity during Chuseok, a major holiday in South Korea)",0,0
mistral-7b,South_Korea,English,inst-4,New-su-28,Sport, Red (Taegeukgi),1,1.0
mistral-7b,South_Korea,English,inst-4,New-su-33,Education, There isn't specific information provided to determine the common dress code for school teachers in South Korea.,,
mistral-7b,South_Korea,English,inst-4,New-su-34,Education, Ganggangsullae is taught in elementary-school music classes in South Korea.,0,0
mistral-7b,South_Korea,English,inst-4,New-su-42,Education, The information provided does not indicate that a specific religion is mainly taught in South Korean schools.,,
mistral-7b,South_Korea,English,inst-4,New-su-45,Education,05/05 (May 5th),0,0
mistral-7b,South_Korea,English,inst-4,New-su-50,Work life," Farming and fishing are common occupations in mountainous areas in South Korea, as these activities are often integrated into the traditional lifestyle and economy of these regions. However, it's important to note that modernization has led to a variety of occupations in these areas as well, including forestry, mining, tourism, and more.",1,0.25
mistral-7b,South_Korea,English,inst-4,New-su-51,Work life, The text does not provide specific information about the main occupation of people in coastal areas in South Korea.,0,0
mistral-7b,South_Korea,English,inst-4,New-su-57,Work life," The question does not provide information about livestock farming in South Korea, so it's impossible to determine the most common livestock raised there based on the provided background information. Common livestock in South Korea include cattle, pigs, chickens, and sheep.",1,0.5
mistral-7b,South_Korea,English,inst-4,New-su-58,Work life," Cattle, Pigs, Chickens, and Horses are commonly used for agriculture in South Korea.",1,0.5
mistral-7b,South_Korea,English,inst-4,New-su-59,Work life, Mosi ramie cloth,0,0
mistral-7b,South_Korea,English,inst-4,New-su-60,Work life, Kimchi (or may include other dishes along with kimchi),1,0.3333333333333333
mistral-7b,South_Korea,English,inst-4,New-su-71,Family, It is not possible to definitively determine what gifts parents generally give to their children for their birthdays in South Korea based solely on the provided background information.,0,0
mistral-7b,South_Korea,English,inst-4,New-su-75,Family," Car (assuming ""most"" refers to a majority, not all)",1,1.0
mistral-7b,South_Korea,English,inst-4,New-su-77,Holidays/Celebration/Leisure," There is no specific custom of giving gifts to children during Eid in South Korea, as Eid is an Islamic holiday that originates from the Middle East and is not traditionally celebrated in South Korea. The customs mentioned in your background information are related to Korean harvest festivals and lunar celebrations.",,
mistral-7b,South_Korea,English,inst-4,New-su-81,Holidays/Celebration/Leisure, Hanbok (traditional Korean clothing) or Western-style suit/tuxedo.,1,1.0
mistral-7b,South_Korea,English,inst-4,New-su-82,Holidays/Celebration/Leisure, Traditional Korean Hanbok,1,0.3333333333333333
mistral-7b,South_Korea,English,inst-4,New-su-83,Holidays/Celebration/Leisure," The question does not specify that the food should be traditional for weddings specifically, but if we are to assume that based on the context provided, it would be reasonable to say that there isn't a specific food that is universally served at all weddings in South Korea. However, some common Korean dishes like bulgogi (grilled marinated meat) or bibimbap (mixed rice dish) might be served at weddings.",1,0.3333333333333333
mistral-7b,South_Korea,English,inst-4,New-su-86,Holidays/Celebration/Leisure," The most famous government building in South Korea is the Blue House, also known as Cheong Wa Dae.",1,1.0
mistral-7b,South_Korea,English,inst-4,New-su-88,Holidays/Celebration/Leisure," It's not possible to definitively determine the ""most popular"" music genre among the younger population in South Korea based on the provided background information, as it wasn't mentioned in the context. However, K-pop is a well-known and globally influential genre that originated from South Korea and has gained significant popularity among young people both domestically and internationally.",1,1.0
mistral-7b,South_Korea,English,inst-4,Ni-en-02,Education,15:30 (assuming a standard school day of approximately 7 hours and 30 minutes),0,0
mistral-7b,South_Korea,English,inst-4,Ni-en-03,Education,"18-22 (Typically, students in South Korea start university after completing high school at the age of 18 and graduate around the age of 22.)",0,0
mistral-7b,South_Korea,English,inst-4,Ni-en-06,Education,6 (usually elementary school starts at age 6 and is part of the compulsory education in South Korea),0,0
mistral-7b,South_Korea,English,inst-4,Ni-en-09,Education,5,1,1.0
mistral-7b,South_Korea,English,inst-4,Ni-en-11,Education,2 (usually 2 years for a full-time Master's program in South Korea),1,1.0
mistral-7b,South_Korea,English,inst-4,Ni-en-12,Education, Seoul National University (SNU) or 서울 national 대학교 (Seoul National Taehakkyo) in Korean.,1,1.0
mistral-7b,South_Korea,English,inst-4,Ni-en-13,Education,"22 (Assuming graduation typically occurs around the age of 22, as it is common in many countries for students to graduate at this age after four years of undergraduate study.)",0,0
mistral-7b,South_Korea,English,inst-4,Ni-en-15,Education,"6 (Assuming middle school starts after elementary school, which typically ends at age 12)",0,0
mistral-7b,South_Korea,English,inst-4,Ni-en-17,Work life,48,0,0
mistral-7b,South_Korea,English,inst-4,Ni-en-19,Work life,5,1,1.0
mistral-7b,South_Korea,English,inst-4,Ni-en-20,Work life,30,0,0
mistral-7b,South_Korea,English,inst-4,Ni-en-21,Work life,"29 (based on the data provided, the lowest age group with employment statistics is 29 and under)",0,0
mistral-7b,South_Korea,English,inst-4,Ni-en-31,Holidays/Celebration/Leisure," There is no specific traditional food that Koreans eat on Christmas Day. Christmas is not a traditional holiday in South Korea, and it is not celebrated with the same fervor as other major holidays such as Seollal (Lunar New Year), Dano, Chuseok, or Hansik. However, in recent years, some Koreans have started to celebrate Christmas more, often by eating Western-style foods like cake or having a meal at a restaurant that serves Western cuisine.",1,1.0
mistral-7b,South_Korea,English,inst-4,Ni-en-37,Holidays/Celebration/Leisure," The question does not provide information about a specific day in South Korea that is celebrated for love and romance. However, Valentine's Day (Valentine's) is widely celebrated in South Korea, but it's an international holiday, not a traditional Korean one. If you are referring to a traditional Korean holiday, Pepero Day (11/11) could be considered as it is associated with love and romance, although it's more about sharing Pepero snacks rather than celebrating love itself.",1,1.0
mistral-7b,South_Korea,English,inst-4,Ni-en-40,Holidays/Celebration/Leisure," There isn't a universally recognized ""most popular"" Christmas song in South Korea as it doesn't have a traditional Christmas carol like Western countries. However, modern Korean pop songs with Christmas themes are popular during this season. Examples include ""Winter Snow"" by Sistar and ""White Christmas"" by Gary (feat. Junggigo).",0,0
mistral-7b,South_Korea,English,inst-4,Nu-in-04,Education,"2 (in most cases, South Korean high schools follow a 2-semester system with each semester lasting approximately 18 weeks)",1,1.0
mistral-7b,South_Korea,English,inst-4,Nu-in-05,Education,3,1,1.0
mistral-7b,South_Korea,English,inst-4,Nu-in-06,Education,05/15 (May 15th),1,1.0
mistral-7b,South_Korea,English,inst-4,Nu-in-11,Education,09:00 (assuming the start of the day is considered as morning and the format provided is for a 24-hour clock),1,1.0
mistral-7b,South_Korea,English,inst-4,Nu-in-20,Family,5/5,0,0
mistral-7b,South_Korea,English,inst-4,Nu-in-40,Work life," The question does not specify a city, so it's impossible to determine the main destination for job seekers based on the provided information.",0,0
mistral-7b,South_Korea,English,inst-4,Sa-en-1,Food," I'm sorry for any confusion, but South Korea doesn't have a globally recognized fast-food chain originating from the country that could be considered its ""most popular."" However, some well-known Korean fast-food chains include Bibigo (a global Korean food brand by actor Danny Choo), Lotteria (which is similar to McDonald's but with more Korean-style menu items), and Twosome Place (a popular bakery chain). These chains are quite popular within South Korea, but they may not be as well-known globally compared to American fast-food chains.",1,1.0
mistral-7b,South_Korea,English,inst-4,Sa-en-13,Food, Dakgalbi (Chuncheon specialty) or Jjajangmyeon (Incheon specialty) are often cited as foods that people either love or hate in South Korea.,0,0
mistral-7b,South_Korea,English,inst-4,Sa-en-16,Sport, The question does not provide information to determine the most popular soccer team among the people from South Korea.,0,0
mistral-7b,South_Korea,English,inst-4,Sa-en-22,Sport," I'm sorry for any confusion, but the information provided does not specify a particular university known for its sports team in South Korea. The details given pertain to traditional Korean arts and cultural practices like Pansori and Talchum mask dance drama, as well as a survey about sports team preferences among South Koreans.",1,1.0
mistral-7b,South_Korea,English,inst-4,Sa-en-31,Family, The information provided does not specify or suggest what South Korea's most popular family pet is.,0,0
mistral-7b,South_Korea,English,inst-4,Sa-en-32,Family," I don't have real-time data or the ability to determine the most popular family TV show in South Korea. However, as of my last update, South Korean dramas and variety shows are quite popular among families. Some examples include ""Reply 1988,"" ""Goblin,"" ""Running Man,"" and ""The Return of Superman."" It's best to check current ratings or ask a local for the most up-to-date information.",1,1.0
mistral-7b,South_Korea,English,inst-4,Sa-en-37,Family, The information provided does not specify or suggest any details about a popular family board game in South Korea.,0,0
mistral-7b,South_Korea,English,inst-4,Sa-en-6,Food," Jjajangmyeon or Black Bean Noodles (from Incheon) is one of the popular takeaway foods in South Korea, but it's not the most popular as there are many regional specialties like Dakgalbi (Chuncheon), Sundubu (Gangneung), Hanu beef (Hoengseong), and Makgeolli (Yangpyeong) among others. It's difficult to pinpoint a single most popular takeaway food due to the diversity of regional cuisines in South Korea.",0,0
mistral-7b,South_Korea,English,inst-4,Sa-en-7,Food,"1. Tteokbokki (spicy rice cakes)
2. Kimbap (seaweed rolls with rice, vegetables, and meat or fish)
3. Mandu (dumplings)
4. Bindaetteok (mung bean pancake)
5. Hoddeok (sweet, round, stuffed pancakes)
6. Yakgwa (traditional Korean pastries made with honey and sesame seeds)
7. Gimbap (similar to kimbap but wrapped in dried seaweed)
8. Hotteok (stuffed pancake filled with brown sugar, cinnamon, and sometimes nuts)
9. Bbopkki (spicy rice or noodle dishes)
10. Tteokguk (rice cake soup, traditionally eaten on New Year's Day)",1,0.5
mistral-7b,South_Korea,English,inst-4,Sa-en-9,Food," It is not specified in the provided background information what people from South Korea eat at the beach. However, it's worth noting that due to the avoidance of fire during Hansik (around 5 April), they might prefer cold food when visiting the beach during this time.",0,0
mistral-7b,South_Korea,English,inst-4,Ta-pe-10,Family,"34.3 (for Seoul in 2024), 33.9 (nationwide in 2024)",1,0.5
mistral-7b,South_Korea,English,inst-4,Ta-pe-11,Family,31.6 (for the national average) or 32.4 (for Seoul in 2024),1,0.5
mistral-7b,South_Korea,English,inst-4,Ta-pe-13,Family,"2.16 (This is the average number of people per household in 2025, which can be considered as the parents' generation if we assume a generation to last approximately 20 years.)",1,1.0
mistral-7b,South_Korea,English,inst-4,Ta-pe-17,Sport," SSireum is not an Olympic sport. The most popular sports in South Korea that are part of the Olympic Games include Archery, Taekwondo, and Short Track Speed Skating.",1,0.6666666666666666
mistral-7b,South_Korea,English,inst-4,Ta-pe-21,Sport," There is no specific information provided about where children usually play soccer in South Korea. However, it can be assumed that they might play soccer at schools, parks, or sports facilities similar to other countries.",0,0
mistral-7b,South_Korea,English,inst-4,Ta-pe-22,Sport, Ganggangsullae,0,0
mistral-7b,South_Korea,English,inst-4,Ta-pe-23,Sport,6 hours and 8 minutes of work (as per [2]),0,0
mistral-7b,South_Korea,English,inst-4,Ta-pe-25,Sport," K League Classic (FC Seoul vs Suwon Samsung Bluewings) or KBO League (Doosan Bears vs LG Twins) are two of the most famous sporting rivalries in South Korea, but neither is officially recognized as a national sports league. The correct answer would be to provide the teams from the official national sports leagues that have a significant rivalry. For example: K League 1 (Jeonbuk Hyundai Motors vs Ulsan Hyundai FC) or KBO League (NC Dinos vs Lotte Giants).",1,1.0
mistral-7b,South_Korea,English,inst-4,Ta-pe-29,Sport," I'm sorry for any confusion, but the provided background information does not contain details about professional sports in South Korea. Therefore, it is impossible to determine the highest-paying professional sport based on the given data.",0,0
mistral-7b,South_Korea,English,inst-4,Ta-pe-30,Sport," I'm sorry for any inconvenience, but as a text-based AI model, I don't have real-time access to databases or the ability to browse the internet to find specific information like the most popular sports-related TV program in South Korea. However, if you provide me with the name of a well-known sports-related TV program in South Korea, I can confirm or deny whether it is correct.",0,0
mistral-7b,South_Korea,English,inst-4,Ta-pe-32,Holidays/Celebration/Leisure, Chuseok (Chuseok Nights),0,0
mistral-7b,South_Korea,English,inst-4,Ta-pe-37,Holidays/Celebration/Leisure, Ox (or Jangsa) parade,0,0
mistral-7b,South_Korea,English,inst-4,Ta-pe-42,Holidays/Celebration/Leisure," Tteokguk (rice cake soup) is traditionally eaten on New Year's Day in South Korea, not New Year's Eve. However, there isn't a specific food that people from South Korea usually eat on New Year's Eve as such.",,
mistral-7b,South_Korea,English,inst-4,Ta-pe-45,Holidays/Celebration/Leisure, It is not specified in the provided background information what food is typically consumed during the celebration of the longest night (Dongji) in South Korea.,0,0
mistral-7b,South_Korea,English,inst-4,Th-en-01,Sport, Ssireum,0,0
mistral-7b,South_Korea,English,inst-4,Th-en-03,Sport, K League 1,0,0
mistral-7b,South_Korea,English,inst-4,Th-en-05,Sport, There is no information provided about a women's sports team in South Korea in the background details given.,0,0
mistral-7b,South_Korea,English,inst-4,Th-en-09,Sport, Ssireum,0,0
mistral-7b,South_Korea,English,inst-4,Th-en-11,Sport," The question does not specify the current or past status of the sportsperson, nor does it mention a specific sport. Therefore, it's impossible to determine the most popular sportsperson in South Korea based on the provided information.",0,0
mistral-7b,South_Korea,English,inst-4,Th-en-12,Sport, It is not possible to determine the sport in which South Korea has been most successful in international competitions based on the provided background information as it does not mention any sports achievements.,0,0
mistral-7b,South_Korea,English,inst-4,Th-en-15,Sport," There is no information provided about a ""winter sport"" in South Korea. The given background information discusses traditional rituals, customs, and activities related to agriculture, harvest, fertility, and solstice celebrations.",0,0
mistral-7b,South_Korea,English,inst-4,Th-en-19,Work life," Manufacturing industry is prominent in South Korea as a whole, but if you're looking for a specific city or region, Seoul Metropolitan Area and Gyeongsangbuk-do Province are notable for their industrial activities.",0,0
mistral-7b,South_Korea,English,inst-4,Th-en-21,Work life," Work-life balance, indicated by the reduced workweek and parental leave policies, appears to be an increasingly important perk for employees in South Korea.",1,0.5
mistral-7b,South_Korea,English,inst-4,Th-en-22,Work life,1997 Asian Financial Crisis,1,1.0
mistral-7b,South_Korea,English,inst-4,Th-en-24,Work life, Gangnam-gu (Seoul),1,0.3333333333333333
mistral-7b,South_Korea,English,inst-4,Th-en-27,Work life," It is not possible to determine the ""most important"" industry in South Korea based solely on the provided background information, as it does not mention any specific industries. However, South Korea is known for its strong electronics and automotive industries, among others.",0,0
mistral-7b,South_Korea,English,inst-4,Th-en-35,Family, Dinner,1,1.0
mistral-7b,South_Korea,English,inst-4,Th-en-36,Family," Circle-dancing during Ganggangsullae or attending a Pansori performance are not typically considered family activities with a child on weekends in South Korea. More common activities might include visiting theme parks, going to the cinema, playing sports, or spending time at local attractions.",1,0.5
mistral-7b,South_Korea,English,inst-4,Th-en-37,Family,29 (based on the highest percentage of one-person households being among ages 29 and under),0,0
mistral-7b,South_Korea,English,inst-4,Th-en-38,Family, Chuseok,0,0
mistral-7b,South_Korea,English,inst-4,Th-en-39,Family, Yutnori,1,1.0
mistral-7b,South_Korea,English,inst-4,Th-en-41,Family,"35.7 (Assuming the woman marries at 32.4 and has a child two years later, on average.)",1,0.5
mistral-7b,South_Korea,English,inst-4,Th-en-43,Family," I'm sorry for any inconvenience, but the provided background information does not contain data about car ownership in South Korea. Therefore, it is impossible to provide an accurate answer based on the given context.",0,0
mistral-7b,South_Korea,English,inst-4,Th-en-44,Family, Kimchi,0,0
mistral-7b,South_Korea,English,inst-4,Th-en-45,Family," The question does not specify a family activity, so it's impossible to determine the most popular weekday evening family activity based on the provided background information.",0,0
mistral-7b,South_Korea,English,inst-4,Th-en-48,Education,"100 points (or ""A+"") is often used as the highest grade for top-achieving high school students in South Korea, although the exact grading system may vary by school or institution.",1,1.0
mistral-7b,South_Korea,English,inst-4,Th-en-49,Education," College Entrance Exam (in South Korea, it's called ""고사"" or ""Gosu"")",0,0
mistral-7b,South_Korea,English,inst-4,Th-en-51,Education, Income,0,0
mistral-7b,South_Korea,English,inst-4,Th-en-53,Education," Ssireum is taught in South Korean schools as well as learned in families and local tournaments, suggesting it could be one of the popular extracurricular social events. However, without more specific context about the nature of the ""extracurricular social event,"" it's difficult to definitively say which activity is the most popular.",0,0
mistral-7b,South_Korea,English,inst-4,Th-en-58,Education," Korean students learn advanced mathematics before university, but no specific subject can be identified as ""the most advanced"" due to the diverse curriculum and varying levels of difficulty across different subjects. However, it's common for students to study advanced algebra, calculus, geometry, and statistics at high school level in South Korea.",1,1.0
mistral-7b,South_Korea,English,inst-4,Tmp-ar-01,Education, University or cram schools (hagwon) in South Korea.,0,0
mistral-7b,South_Korea,English,inst-4,Tmp-ar-02,Education, Bus or Subway (Metro),1,1.0
mistral-7b,South_Korea,English,inst-4,Tmp-ar-04,Education, Take private education,0,0
