model,country,language,prompt_no,ID,topic,response,score,weight
mistral-7b,Azerbaijan,Azerbaijani,pers-3,Al-en-01,Food,İlk önce ve sonra yemeklər üçün çay qeydiyyatının Azerbaycan məktəbi dəyərlidir. (1),0,0
mistral-7b,Azerbaijan,Azerbaijani,pers-3,Al-en-02,Food,"İndirmek üçün popüler olan Azerbaycan'daki yemek, pakhlava (Baku, Guba ve Ganja səhərləri içində təşkil edilmiş bir tür pakhlavası) dir. Pakhlava, şəkərdən yararlanılan buğday, peynir, növü ve zaharatların birleşimidir. Bu yemek, azərbaycanlarda təyin edilməsi üçün çox müstəqil bir prosesdir.",0,0
mistral-7b,Azerbaijan,Azerbaijani,pers-3,Al-en-04,Food," Azərbaycanda ən populyar meyvə citrus meyvələri (orange, mandarin, lemon və baxlaq)dir.",1,0.2
mistral-7b,Azerbaijan,Azerbaijani,pers-3,Al-en-06,Food,Çay (tea) tipik olaraq Azərbaycanda məktəb yeməkxanasında verilir.,0,0
mistral-7b,Azerbaijan,Azerbaijani,pers-3,Al-en-08,Food,"İndüstriyal qəlyanaltılar Lankaran'daki bazar və diğer alış-veriş mərkəzlərdə Azerbaycan'da ən çox yeyilir. Bu qəlyanaltılar, xarici dövlətlerdəki bazı bazar və pazar mərkəzləri gibi, şəxsiyyət və xidmət qalqınlarının təmmin edilməsində yolunu bulanların çox sınıflandırılmasında mümkün olur. Lankaran'daki bazar, Azerbaycan'da longstanding olan alış-veriş və xidmət mərkəzidir ve bu yüzəndə şəxsiyyət və xidmət qalqınlarının təmmin edilməsində yolunu bulanların çox sınıflandırılmasında mümkün olur. Lavash, Azerbaycan'da alış-veriş mərkəzlərdəki bir indispensable qəlyanaltıdır və bağlı olanların çox sınıflandırılmasında mümkün olur.",0,0
mistral-7b,Azerbaijan,Azerbaijani,pers-3,Al-en-09,Food,"İlk olaraq, Azərbaycanın populyar qəlyanaltıları birçok vardır. Ancak, bu sözümüzde beləltilmiş olduğu gibi, pakhlava, armudu glasses ve Lankaran tea şəkilindedir. Pakhlava, Azerbaijan'daki bir taze-taze yemek tarifidir, qazmaqçılığının bir parçasıdır və Baku, Guba və Ganja shəhərləri üzərində şimdiki zamanın populyar qəlyanaltılarındandır. Armudu glasses, Azerbaijan'da təyin edilmiş bir məsəliyyət vardır və təyin edilmiş armudu glasses-ların üzərində sütçülük yer alır. Lankaran tea, Azerbaijan'da citrus ortasında üretilir və Lankaran rayonunun agroturizm tarifəsi üçün bir önemli qəlyanaltıdır.",0,0
mistral-7b,Azerbaijan,Azerbaijani,pers-3,Al-en-16,Education,3 yaşindan sonra Azerbaijanda məktəbəqədər təhsilə başlayırlar.,1,0.5
mistral-7b,Azerbaijan,Azerbaijani,pers-3,Al-en-17,Education,İbdida məktəbdənkənar idman növü Pehlevanliqdir. Bu Azerbaycanın tradisyonlarında zorxana oyunları və pehlivanlıq (pehlivanlıq çavuşması) tarafından təmin edilir.,0,0
mistral-7b,Azerbaijan,Azerbaijani,pers-3,Al-en-18,Education,"İbtidai sinif şagirdləri Azərbaycanda matematikası, təknik-matematikası, fizikası, kimyası, tarihçilik, dünya dili, azərbaycan dili, rus dili və ingilis dili üzrə fərdi təhsil alırlar.",1,0.2
mistral-7b,Azerbaijan,Azerbaijani,pers-3,Al-en-19,Education,İkinci popüler dil Azərbaycanda Rusca dır.,0,0
mistral-7b,Azerbaijan,Azerbaijani,pers-3,Al-en-21,Education,"İstifadə olunan dili, Azerbaycan Dili, Azərbaycanda en önemli fənndir.",0,0
mistral-7b,Azerbaijan,Azerbaijani,pers-3,Al-en-32,Holidays/Celebration/Leisure,Şükran gününün əsas yeməyi Pilaf (Pilav) dir.,,
mistral-7b,Azerbaijan,Azerbaijani,pers-3,Al-en-33,Holidays/Celebration/Leisure,İnsanlar Azərbaycanda Halloween'a qeyd edilməz. Azərbaycanın tarih-maddəniyyətində bu tarixi yoxdur ve bu tarixi özünüzə qeyd etmək üçün əlavə olarak bir cavab verilməyəcaksın. Azərbaycanın tarih-maddəniyyətində Novruz və başka tarixlər daha önceki tarixlardan daha qadimdir.,,
mistral-7b,Azerbaijan,Azerbaijani,pers-3,Al-en-34,Holidays/Celebration/Leisure," Azərbaycanda Yeni İl (Novruz) gününü qeyd edilir ki, böyük bir təbir olan yıllıq ilin başına gelmisdir. Bu günün özündürülməsi üçün insanlar bir-birini təbir etməklər və yarışmalar düzenlər. Kelaghayi, Novruzun mədəniyyətində önemli bir rol olan azərbaycan silk headscarf, bu günün özündürülməsində kullanılır. Lankaran chaı, yeni ilin başına gelmisdir, insanlar Novruzun özündürülməsində bir-birini təbir etmək üçün çaydan çıxarlar.",0,0
mistral-7b,Azerbaijan,Azerbaijani,pers-3,Al-en-35,Holidays/Celebration/Leisure,"İnsanlar Azərbaycan'da Novruz bayramını şimdilik yaratıcılığın, yaşamın yeniden başlayacaqluğunu, yaşamın yeni bir fasadını, yaşamın yeni bir başlangıçını qeyd edirlər. Bu bayram, 20-21 Mart aylarında vernal equinox'unun Azerbaijan'da görüldüğü vakit dəyişir.",,
mistral-7b,Azerbaijan,Azerbaijani,pers-3,Al-en-36,Holidays/Celebration/Leisure,"İçindeki sualların heçbirini açıqlama verməyə cəhd edildiyim. Siz sadece bir cavab verməyiniz gerekir: Hellouin bayramı Azərbaycanda yeməklərlə əlaqələndirilmezdir. Bu bayram, dünyanın birçok yerində yer alan ""Şənbərənər"" (şənbərənər) tərəfindədir və şəxsiyatınızın ölümünü qadar görüşülür.",,
mistral-7b,Azerbaijan,Azerbaijani,pers-3,Al-en-37,Holidays/Celebration/Leisure,"İçindeki sualların heçbirini açıqlama verməyə cəhd edildiyim. Fakat, Milad bayramı (Böyük Bayram) Azerbaycanın bir önemli bayramıdır və bu bayramın yanında birçok yemek ve sebze təyin edilir. Örneğin, pilaf, dolma, kükül, köftə, pakhlava və lavash şaxsiyyatlarının sizindən ötürü Milad bayramı ilə əlaqələndirilir.",,
mistral-7b,Azerbaijan,Azerbaijani,pers-3,Al-en-38,Holidays/Celebration/Leisure," Azərbaycanda, Lavash (lavangi) yemekdir, sevgililər günü ilə əlaqələndirilir.",0,0
mistral-7b,Azerbaijan,Azerbaijani,pers-3,Al-en-39,Holidays/Celebration/Leisure,"İnsanlar Azərbaycan'da Novruz bayramının keçirilməyə əvvəl, sebzeler və şeftalar yeyirilir. Pakhlava da Novruz bayramının öz tadından bir parçasıdır.",0,0
mistral-7b,Azerbaijan,Azerbaijani,pers-3,Al-en-40,Holidays/Celebration/Leisure,"İstifadəçi, Pehlevanliq olarak adlandırılmaq üçün açıq havada əylənə biləcək bir yer vardır. Bu yer, Azerbaycanın həmşərinin özü olan Pehlevan Məydəni (Pehlevan Maydanı) adı verilir. Ancak, bu yer dolandırma ve təkviyələr ilə ilgili olmasa da, bu yer Azerbaycanın milli mədəniyyətindəki bir önemli olan və bizim ölkəmizin tərəfindəki bir şəxsiyatı olur.",0,0
mistral-7b,Azerbaijan,Azerbaijani,pers-3,Al-en-43,Holidays/Celebration/Leisure," Azərbaycanda ailələr üçün məşhur qapalı fəaliyyət ""Dolma"" (dövlət qapalı fəaliyyəti) dir. Bu, dolma yaradılması və yerləşdirilməsi üçün dövlət qurumlarının mümkün olmasını sağlayan bir sistemdir. Dolma, özgünlük və ya özvürənlik söhnələri, təbrik və rəhbər olunmaq üçün ailələr və yerləşmiş əhsanlıqlar içində kullanılır.",0,0
mistral-7b,Azerbaijan,Azerbaijani,pers-3,An-ar-02,Education," Evet, Azərbaycanda universitet tələbələri harada nahar edirilir.",0,0
mistral-7b,Azerbaijan,Azerbaijani,pers-3,An-ar-03,Education,"İmtahanlar Azərbaycanda final ayda keçirilir. Bu yüzəndə, final imtahanlar adətən 9-12 ayda keçirilir.",0,0
mistral-7b,Azerbaijan,Azerbaijani,pers-3,An-ar-08,Education,"İlk ümumi sınifdan sonra Azerbaijanda şagirdlər liseydə keçirirlər 8:00 saatından başlayaraq, 16:00 saatına kadar vaxt keçirirler. Bu anda verilmiştir ki ondalıq nöqtəsiz sayılar verilməzse.",1,1.0
mistral-7b,Azerbaijan,Azerbaijani,pers-3,An-ar-09,Education,5 dildə təhsil alır.,0,0
mistral-7b,Azerbaijan,Azerbaijani,pers-3,An-ar-34,Sport," Azərbaycanda Pehlevanlıq (yuxarısında sizdən öz edilmiş) məktəbdə komanda ilə oynanılan bir idman növü vardır. Ancak, bu idman növü populyar olmaqla çox əməkdaş olduğunu düşünürük. Azərbaycanda populyar idman növü sportlar dəyişikdir və bizdən öz edilmiş olan biridir futbol, yoxsa bir çoxluqda: futbol, basketbol, voleybol və ya daha çox populyar idmanlar.",1,1.0
mistral-7b,Azerbaijan,Azerbaijani,pers-3,An-ar-35,Sport, Azərbaycanda en məşhur idman şərhçisi Pehlevanlıq'dür.,0,0
mistral-7b,Azerbaijan,Azerbaijani,pers-3,An-ar-36,Sport, Azərbaycanda en popüler idman komandası futbol (football) dir.,0,0
mistral-7b,Azerbaijan,Azerbaijani,pers-3,An-ar-43,Sport,"İnsanlar Azərbaycanda Pehlevanliq'ın özüyle folk events ve outdoor celebrations'da praktik edilir. Bu nöbəd, bu yerlər həm folk events və həm outdoor celebrations'da olduğunu düşünürük. Buna göyən, Pehlevanliq'ın özündən çatışmaların izlənildiği yerlər və ya məkanlar həm folk events'in ve outdoor celebrations'in tərəfində olduğunu düşünürük. Bu yerlər, Azerbaijan Travel'da Lankaran markets'dən əvəz olmaqla, bu yerlər həm everyday shopping və local handicrafts işarəsi verdiyi günahüstü olduğunu düşünürük.",0,0
mistral-7b,Azerbaijan,Azerbaijani,pers-3,Ca-sp-05,Food,"1 defə yemək yeyirilir. Bu 1 defə, lavashla başlayarak bir şəklidir. Lavash, Azerbaycanın mədəniyyətində indispensable bir komponentdir və diğer tərəfindən göndərilir.",0,0
mistral-7b,Azerbaijan,Azerbaijani,pers-3,Ca-sp-06,Food, Azərbaycanlılar üçün günün ən vacib yeməyi Novruz pilavıdır.,0,0
mistral-7b,Azerbaijan,Azerbaijani,pers-3,Ca-sp-08,Food,Çay (tea) Azərbaycanda en çox istifadə edilir.,0,0
mistral-7b,Azerbaijan,Azerbaijani,pers-3,Ca-sp-09,Food,"İnsanlar Azerbaycan'da pakhlava (Baku, Guba ve Ganja variantları) yeyirler.",1,0.3333333333333333
mistral-7b,Azerbaijan,Azerbaijani,pers-3,Ca-sp-11,Food,Çatın günü (Juma) adında bir gün Azərbaycanda ailəvi yemək təşkil edirilir.,0,0
mistral-7b,Azerbaijan,Azerbaijani,pers-3,Ca-sp-14,Food,İsti içki Azərbaycanın en popular isti içkisi Lankaran çaydır.,1,1.0
mistral-7b,Azerbaijan,Azerbaijani,pers-3,Ca-sp-19,Holidays/Celebration/Leisure,"İşte cavab: Azərbaycan'da gənc klublarında ədəbiyyat, sport və sanat dövlətləri yaxşil olaraq işarə edilir. Tea, çay, bu məlumatda verilmişdir ki, əmək-işlər sonunda və ya əmək-işlər önünde sınırlı olaraq içildir. Ancak, gecə klubunda içilməyə cəhd edilməz.",0,0
mistral-7b,Azerbaijan,Azerbaijani,pers-3,Ca-sp-21,Holidays/Celebration/Leisure,"İnsanlar Azərbaycan'da Novruz bayramının sonunda, yani 30 Mart-1 Mayıs arasında tətilə çıxarlar. (3-5)",0,0
mistral-7b,Azerbaijan,Azerbaijani,pers-3,Ca-sp-29,Holidays/Celebration/Leisure,"İçindeki bilgilerden görmüşsünüz ki, Azerbaijan'da Kelaghayi (silk headscarf), Lankaran tea ve Lankaran'ın bazaarı önemli bir rol oynadığını söyledik. Yeni İl arifəsində, bu tür kültürel ve mədəniyyət və yerel ticarət elementlər var. Özgünlük, ticarət və yerli təhsil məşginlikləri göstərməyə çalışan bir yeri bulunur.",0,0
mistral-7b,Azerbaijan,Azerbaijani,pers-3,Ca-sp-38,Family,"İndekslendirilmiş evler, Azerbaycan'da genellikle tipik bir ev türüdür. Bu evler, bir katlı ev veya düşük katlı ev olarak tanımlanabilir. İndekslendirilmiş evler, bir aile ya da bir kişi için yeterli alanlar sağlayan bir ev türüdür ve genellikle bir katlı evdeki her bir dükkan, bir oda veya bir salon bulunur. Akhir Charshanba (Cins Dayı) hazineleri için temizlenme ve hazırlanma ise, Azerbaycan'daki evlerde genellikle yapılır.",0,0
mistral-7b,Azerbaijan,Azerbaijani,pers-3,Ca-sp-41,Family," Evet, yaşlılar Azərbaycanda adətən harada yaşayarlar.",0,0
mistral-7b,Azerbaijan,Azerbaijani,pers-3,Ca-sp-42,Family," Azərbaycanda analıq məzuniyyətinin haftalıq müddəti (yeni nəzarət qəbul edilmiş) şu rəqəmlərdir:

Pul bahçesi (Baku): 100
Şirvan (Göyçay, Qax, Zəngilan, Lənkəran, Astara): 50
Qəbələ (Qəbələ, Oğuz, Xacıqasəbəlı, Xacındağ, Xocalı): 30
Xankendi (Xankendi, Yevlax, Salyan, Ağcabədi, Ağstafa): 20
Qusar (Qusar, Quba, Xacıqasəbəlı rayonları): 10",1,0.5
mistral-7b,Azerbaijan,Azerbaijani,pers-3,Ca-sp-43,Family,"İşte atalıq məzuniyyətinin Azerbaijan'da haftalar arasında qədərdir:

2019-01-01 - 2019-01-07: 4.658.300
2019-01-08 - 2019-01-14: 4.660.000
2019-01-15 - 2019-01-21: 4.657.300
2019-01-22 - 2019-01-28: 4.658.000
2019-01-29 - 2019-02-04: 4.657.300
2019-02-05 - 2019-02-11: 4.658.000
2019-02-12 - 2019-02-18: 4.657.300
2019-02-19 - 2019-02-25: 4.658.000
2019-02-26 - 2019-03-04: 4.657.300
2019-03-05 - 2019-03-11: 4.658.000
2019-03-12 - 2019-03-18: 4.657.300
2019-03-19 - 2019-03-25: 4.658.000
2019-03-26 - 2019-04-01: 4.657.300",1,1.0
mistral-7b,Azerbaijan,Azerbaijani,pers-3,Ca-sp-45,Family,"İlk olaraq, Azerbaijan'da aile tətili hər zaman şəxsiyyət-müsavat və mədəniyyət qeydiyyatlarına gözləndirilir. Bu növ təyinat, ayrıca aile və ev-işlər ilə əlaqə olunan demografik və sosial statisticlər dəstək edir.

Azerbaijanda ailə tətili üçün seçilən növ təyinat, ""müsavat tətili""dir. Bu təyinat, müsavat qurbanlığı və ya müsavat şəkili olaraq adlandırılır. Müsavat qurbanlığında, aile tətili üçün bir kimse yaxşılıqla qurbanlığını yerləşdirir və bu qurbanlıq ailəsi işarə edir. Müsavat şəklinde, aile tətili üçün bir kimse məlumatlar verdiyi və ya məlumatlarını yerləşdirmiş olması gözəldirilir.

Bu növ təyinat, Azerbaijan'da aile tətili üçün seçilməkdən çox önemli bir rol olan müsavat qurbanlığı və ya müsavat şəklinin yer alması, ayrıca Azerbaijan'da tərəfinden əlaqə olunan şəxsiyyət-müsavat və mədəniyyət qeydiyyatlarını göstərmək üçün deyilir.",0,0
mistral-7b,Azerbaijan,Azerbaijani,pers-3,Gu-ch-05,Sport," Azərbaycanda yaşlılar en çox Pehlevanliq (yüzlük, zorkhana oyunları və tək təfəkkürlər) növlərinə xoşlayırlar.",0,0
mistral-7b,Azerbaijan,Azerbaijani,pers-3,Gu-ch-06,Sport," Azərbaycanda, Pehlevanliq (pehlivanlıq) idman növləri ilə məşgul olmağı çox seviliyor. Bu idman növləri, zümrət, zorkhana oyunları və təcrübələr daxil edir.",0,0
mistral-7b,Azerbaijan,Azerbaijani,pers-3,Gu-ch-07,Sport,"İlk olaraq, Azərbaycanın məşhur sportcu-ları haqqında bilməyərək sizin cavab verməyə çalışmayacağım. Ancak, Azərbaycanın bir məşhur basketbolçusu Hüseynov E'tibar və onun adında döymək istəyirsinizsə, onun adından əminsiniz. E'tibar Hüseynov, Azərbaycan Milli Basketbol Ligi (ABL) və EuroLeague-da oyun verdiyi, 2018-2019 sezonu EuroLeague-da en iyi yarışanlar arasında oldu.",0,0
mistral-7b,Azerbaijan,Azerbaijani,pers-3,Gu-ch-08,Sport," Azərbaycanda en populyar idman növü Pehlevanlıq (pehlivanlıq) dir. Bu, zorunlu oyunlar, zorkhana oyunlar və tək şəkil oyunlar dəstəyindir.",0,0
mistral-7b,Azerbaijan,Azerbaijani,pers-3,Gu-ch-09,Sport," Azərbaycanda qadınlar ən çox rüstəm oyunlar (rüstəm oyunlarından birindisidir) ilə məşğul olmağı xoşlayırlar. Bu oyunlar, yerli təcrübələrdən çatdırılır və bu oyunların birindisidir: Pehlevanliq. Pehlevanliq, hərbiyyət, zorkhana oyunları və tək təşkilatlar dahil edir.",0,0
mistral-7b,Azerbaijan,Azerbaijani,pers-3,Gu-ch-11,Sport,İdman yarışında Pehlevanliq (yüzyüzlük yalangızlağı) yer almaz. Azərbaycan Olimpiadada ən çox qızıl medalı atletika yarışında qazanıb.,0,0
mistral-7b,Azerbaijan,Azerbaijani,pers-3,Gu-ch-15,Sport, Azərbaycanda universitetdə tələbə oğlanlar ən çox futbol (football) növlərinin oynamağı xoşlayır.,1,1.0
mistral-7b,Azerbaijan,Azerbaijani,pers-3,Gu-ch-16,Family,12 nəfər var.,0,0
mistral-7b,Azerbaijan,Azerbaijani,pers-3,Gu-ch-18,Family,"İstifadəçi sözündən çıxarıldığında, Azərbaycan'da cütlüklərin adətən neçə uşağı olur məsəlində, labor statisticlarımızda verilmiş olduğu görülür ki, 2019 yılında Azərbaycan'da 5.764.800 uşağı vardır. Bu sayının yalnız Azerbaijani-Russian ve Azerbaijani-Russian-English bilingual ve trilingual öğrencilerindən olan sayısı, labor statisticlarımızda verilmiş olmayır. Bu nəzarət yapmaq istifadəçi sizdən istifadə edə bilməyir.",1,1.0
mistral-7b,Azerbaijan,Azerbaijani,pers-3,Gu-ch-31,Education,İbtidai məktəbdə təhsil müddəti Azərbaycanda 12 dərsdir.,0,0
mistral-7b,Azerbaijan,Azerbaijani,pers-3,Gu-ch-32,Education,12 ildir məcburi təhsilin müddəti vardır.,0,0
mistral-7b,Azerbaijan,Azerbaijani,pers-3,Gu-ch-33,Education,İkinci dil öğrenilməyə başlayan şagirdlər Azərbaycanda 5 yaşından başlayabilir.,0,0
mistral-7b,Azerbaijan,Azerbaijani,pers-3,Gu-ch-38,Education,İndeksini yalnızca arab rəqəmləri (numbers in Arabic numerals) veriram: Bakalavr təhsilinin Azərbaycan'da müddəti 4 yıl qadardir. (4 yıllıq),1,1.0
mistral-7b,Azerbaijan,Azerbaijani,pers-3,Gu-ch-40,Education,"İbtidai sinif şagirdları Azərbaycanda 12:00 saatı (özümüz, 12:00) sabahının sonunda bitirirlər. Bu sınif nisbət olunursa, 9-14 yaş arasında olan çoculara aitdir.",1,1.0
mistral-7b,Azerbaijan,Azerbaijani,pers-3,Gu-ch-41,Education,12,1,1.0
mistral-7b,Azerbaijan,Azerbaijani,pers-3,Ji-ko-02,Work life,"İnsanlar Azərbaycanda həftənin Cəmi-Şənbə (Jumma) gününde şirkətlə şam yeməyinə üstünlük verirler. Bu gün, muslumanların çamatının şəxsiyyətini təzakür edirik.",0,0
mistral-7b,Azerbaijan,Azerbaijani,pers-3,Ji-ko-03,Work life,"İmkanlarımda, Azerbaijan'daki en çox varolan sanayi-maliyye şirkətləri hakkında bilgilendirilməyib. Ancak, Baku şəhərində ve Azərbaycanın birçok rayonunda sanayi-maliyye sektöründe çok şirkət vardır. Bu sektorun en önemli alanlarına, yani petrol ve gaz, mübaxirat, bank, telekommunikasiya, müşəvilat və ticaret alanları ait olur.",1,1.0
mistral-7b,Azerbaijan,Azerbaijani,pers-3,Ji-ko-07,Work life, Azərbaycanda en çox tanınan özəl şirkət Shaki karabahar silkisidir.,0,0
mistral-7b,Azerbaijan,Azerbaijani,pers-3,Ji-ko-08,Work life,"İşləmək haftada Azərbaycanda maksimum neçə saat olunmaq haqqında sizin verilmiş olan statisticlarınızda bu məlumat yer almaz. Ancak, Azerbaijan’daki İşstatistiklarının son halında haftada ortalama çalışma saatini verir. Bu nəzarət edə bilərsiniz: [Azerbaijan’s Labour Force Survey](https://www.azstat.gov.az/en/content/labor-force-survey) və ya [Azerbaijan’s official labour statistics](https://www.azstat.gov.az/en/content/employment).",0,0
mistral-7b,Azerbaijan,Azerbaijani,pers-3,Ji-ko-09,Work life,"İnsanlar Azərbaycan şirkət toplantılarında Lankaran çayı, pakhlava və böyük şirinler (büyük şiirler) yeyirlər.",0,0
mistral-7b,Azerbaijan,Azerbaijani,pers-3,Ji-ko-14,Work life," Azərbaycanın təmsil ediliyi ixrac məhsulunu şöhbət edirik: Lankaran limonları və çayları, Shaki yolcuşmasında sağlanan sənfi turizmi.",0,0
mistral-7b,Azerbaijan,Azerbaijani,pers-3,Ji-ko-15,Work life,İşte Azerbaijan'da tipik nahar fasiləsi neçə saatdır: 8 saat.,0,0
mistral-7b,Azerbaijan,Azerbaijani,pers-3,Ji-ko-16,Family,"İşte cavab: Azərbaycanda, analar doğuşdan sonra 65 yaşa kadar sağalmaq üçün müəyyən müddət harada qalırlar.",0,0
mistral-7b,Azerbaijan,Azerbaijani,pers-3,Ji-ko-19,Family,"İnci gülü (Rosa damascena Mill.) dünyada azərbaycanlıların öz gülü olarak tanınmışdür. Valideynlər Günündə, Azərbaycanda ən çox inci gülü verilir. Bu gül, yerli mədəniyyət və ticarətin bir parçasıdır və özgünlükü, sevdimliklerini, qadınlara təşkil edən özgürlüğünü simvol edir.",0,0
mistral-7b,Azerbaijan,Azerbaijani,pers-3,Ji-ko-22,Family,"İnsanlar Azərbaycanda ilk maaşlarını bazı tarixi ile yararlanılan Lankaran chaısına, Lankaran bazarına və diğer ticari alanlara xərcləyirlər.",0,0
mistral-7b,Azerbaijan,Azerbaijani,pers-3,Ji-ko-24,Family,"İstirahət mərkəzlerindən birində, Azərbaycanda özgün olaraq ən çox üstünlük verilən istirahət mərkəzi ""Azərbaycan Respublikasının Cumhurbaşı-Cabineti""dir. Ancak, bu cavabda özgün istirahət mərkəzləri olmayan yaradılan vəziyyətlərdən birində, ""Azərbaycan Milli Olimpiyat Komitəsi""dir. Bu komitə, Azərbaycan Respublikasında öğrencilerin müştəriyyəti üçün yaradılan vəziyyətlərdən birindisidir.",0,0
mistral-7b,Azerbaijan,Azerbaijani,pers-3,Ji-ko-25,Family,"İşte bazı Azerbaycan'da aile ile ilgili bayramlar:

1. Novruz Bayramı (Novruz Bayramı): Azərbaycanda en önemli bayramdır. Bu bayram, yeni yaşamı başlayan ilk günlerdir ve 21 Mart'a kadar sürer.

2. Şənbət Bayramı (Şənbət Bayramı): Azərbaycan'da Cuma gününe tapan bayramdır. Bu bayram, İslam'dan gelir ve çatışmaların sonunda yerli kültürunun bir parçası olmuştur.

3. Kurban Bayramı (Kurban Bayramı): Azərbaycan'da Ramazan ayının sonunda yaşanır. Bu bayram, İslam'dan gelir ve azarın kesintisini anmaq üçün yerləşmişdir.

4. Şükrü Bayramı (Şükrü Bayramı): Azərbaycan'da Ramazan ayının sonunda yaşanır. Bu bayram, Kurban Bayramının sonunda yaşanır ve azarın kesintisini anmaq üçün yerləşmişdir.

5. İd al-Fitr (İd al-Fitr): Azərbaycan'da Ramazan ayının sonunda yaşanır. Bu bayram, azarın kesintisini anmaq üçün yerləşmişdir.

6. İdü al-Adha (İdü al-Adha): Azərbaycan'da Kurban Bayramının sonunda yaşanır. Bu bayram, azarın kesintisini anmaq üçün yerləşmişdir.

7. Şirvanshah Bayramı (Şirvanshah Bayram",,
mistral-7b,Azerbaijan,Azerbaijani,pers-3,Ji-ko-26,Family,"İndeksler, ki Azerbaycan cəmiyyətində uşaqların valideynlərindən müstəqilliyi ilə əlaqədar əsas mərhələlərdir. Bu indicators, uşaqların valideynlərindən müstəqil olmaq və əlaqədər əməkdaş olmaq üçün önemli olan özelliklərdir. Örneğin, uşaqların valideynlərindən müstəqil olmaq üçün gözləndirilənlər:

1. İdari-territorial bölguların (rayonların, shəhərlərin və qəsəblərin) özgün məqamları.
2. Uşaqların valideynlərindən müstəqil olmaq üçün gözləndirilənlər, uşaqların əməkdaşları və ya yanında qeydiyyat edilmiş olan kişiler.
3. Uşaqların valideynlərindən müstəqil olmaq üçün gözləndirilənlər, uşaqların əməkdaşları və ya yanında qeydiyyat edilmiş olan kişilerin özgün məqamları.
4. Uşaqların valideynlərindən müstəqil olmaq üçün gözləndirilənlər, uşaqların əməkdaşları və ya yanında qeydiyyat edilmiş olan kişilerin özgün məqamlarında yer almaq üç",0,0
mistral-7b,Azerbaijan,Azerbaijani,pers-3,Ji-ko-27,Family,"İçindeki sualda yerel təncəbimiz və mədəniyyətimiz haqqında bir şey verilməyib, fakat Azərbaycanda yaşlı valideynləri ziyarət edərkən adətən nə hədiyyə verilir, bu sözlük düzeninde cevap verməyə çalışırıq:

""Azərbaycanda yaşlı valideynləri ziyarət edərkən adətən nə hədiyyə verilir, bir qadından bir xoş göndərməkdir.""

Bu cevabın anlamı: Azərbaycanda yaşlı valideynləri ziyarət edərkən adətən hədiyyəsi, bir qadından bir xoş olmalıdır.",0,0
mistral-7b,Azerbaijan,Azerbaijani,pers-3,Ji-ko-28,Family,"İlk bayram, Novruz Bayramıdır. Bu Azerbaycanın yarı sol şəməlisindəki yarı çox qadim bir tür bayramdır və onun tarixi yarı çox qadimdir. Novruz Bayramı Azərbaycanda spring (babak) ve vernal equinox'ın (yazılışının başlangıcı) yanında, March 20–21 yaxşı vaxtların olduğunu təklif edir.",0,0
mistral-7b,Azerbaijan,Azerbaijani,pers-3,Ji-ko-29,Family,"İlk ölkənizin mədəniyyətini xarici bir şəxsə izah etməyə çalışırsınız. Azərbaycan cəmiyyətində hansı yaşın ad günü ən təntəli şəkildqeyd olunur?

Cavab: Azərbaycan cəmiyyətində 5 ila 6 yaşındaki çocular ad günü ən təntəli şəkildqeyd olunur.",0,0
mistral-7b,Azerbaijan,Azerbaijani,pers-3,Ji-ko-31,Education," Evet, Azərbaycanda orta və ali məktəb şagirdləri adətən imtahanlara harada hazırlaşırlar. Bu yazıda sizin ölkənizdəki mədəniyyət ministrisi raporlarına bağlantılan verilmiştir ki, Azərbaycanda 1992-dan bu yana adətən imtahanlara harada hazırlaşan orta və ali məktəb şagirdləri var.",0,0
mistral-7b,Azerbaijan,Azerbaijani,pers-3,Ji-ko-33,Education,"İlk ölkədə: Örtə məktəb şagirdləri Azərbaycanda, mədəniyyət mərkəzi dövlət dilində (Azərbaycanca) okuldan keçirirler.

İkinci ölkədə: Azərbaycanda orta məktəb şagirdləri, 1992 yılından bu günümüz kadar xarici konkurslar üçün keçirilmisdir.

Üçüncü ölkədə: Azərbaycanda orta məktəb şagirdləri, şəhər və rayonların bütünunu keçirilir.",0,0
mistral-7b,Azerbaijan,Azerbaijani,pers-3,Ji-ko-34,Education,"İbtidai məktəb şagirdləri Azərbaycan Respublikası dövlət dilində, Azerbaycanca gedir.",0,0
mistral-7b,Azerbaijan,Azerbaijani,pers-3,Ji-ko-35,Education,"İndeksli məktəb (Index School) dərse-özgünlüğü və özgünlük dersi tətbiq edir, bu ən çox yayılmış formasıdır.",0,0
mistral-7b,Azerbaijan,Azerbaijani,pers-3,Ji-ko-36,Education," Azərbaycanda orta və ali məktəb şagirdləri en çox matematik, fizika, kimya, təknik-matematika, bilgiləmə və təknoloqi akademiyasına qatılırlar. Bu yazışmalarda xüsusi təhsil müəssisəsi daxil olunmayabiliyor.",0,0
mistral-7b,Azerbaijan,Azerbaijani,pers-3,Ji-ko-37,Education,İndeksli geyimler kullanılır.,0,0
mistral-7b,Azerbaijan,Azerbaijani,pers-3,Ji-ko-38,Education,"İxtisasın qəbulü Azərbaycan özündürülmüş statisticlər dökməkdən sonra ən çətin hesab olunan ixtisasın adı ""Neft"" (Nefteyi çıxarmaq) dir. Bu sebeple, Azərbaycan özündürülmüş statisticlər dökməkdən sonra Neft ixtisasının qəbulu ən çətin hesab olunur.",0,0
mistral-7b,Azerbaijan,Azerbaijani,pers-3,Ji-ko-39,Education,"İbtidai sinif şagirdlərinin ən çox öyrəndiyi müzik aləti Azerbaycan'da qeyd edilməyib, ancak biz sizin istədiyinizi göstərmək üçün bu bilgisi veririk: Azərbaycanda müzik öğrenməsi şəkslərin birisidir.",0,0
mistral-7b,Azerbaijan,Azerbaijani,pers-3,Ji-ko-40,Education,"İşarə etdikdə, Azərbaycandakı məktəblərdə orta məktəb şagirdləri adətən fasilə vaxtında Azerbaycan dili, Rus dili və qadim bir şəhərdeki Azərbaycanda yer alan Görgisi dili ile müessisə edilir. Böyük bir orda, sizin ölkənizdə, tərcümə qurban olunan fərqlərlər və yerləşmişlər və yerləşməyə çalışanların dili, müxtəlif bir şəhərdəki tərcümə qurban olunan fərqlərlər və yerləşmişlər və yerləşməyə çalışanların dili, müxtəlif bir şəhərdəki tərcümə qurban olunan fərqlərlər və yerləşmişlər və yerləşməyə çalışanların dili, müxtəlif bir şəhərdəki tərcümə qurban olunan fərqlərlər və yerləşmişlər və yerləşməyə çalışanların dili, müxtəlif bir şəhərdəki tərcümə qurban olunan fərqlərlər və yerləşmişlər və yerləşməyə çalışanların dili, müxtəlif bir şəhərdəki tərcümə qurban olunan fərqlərlər və yerləşmişlər",0,0
mistral-7b,Azerbaijan,Azerbaijani,pers-3,Ji-ko-41,Education," Azərbaycan məktəblərində şagirdlər Azerbaycanca, Rusça və Georgisanca cür dili keçirilir. (1, 2 ve 3 bilgileri tarafından izah edildi)",0,0
mistral-7b,Azerbaijan,Azerbaijani,pers-3,Ji-ko-42,Education,"İmtahanın azərbaycan dövlətində özündə olan fənlərlər:
1. Matematika
2. Türk dili və literatüriyası
3. Tarih və siyasiyyat
4. Fizika və mühendislik
5. Kimya və biyologiya
6. İncəsiz sanatlar
7. Diniyat və qur'an okuması
8. Rusca dili və literatüriyası
9. İngilizca dili və literatüriyası
10. Fransuzca dili və literatüriyası
11. Almanca dili və literatüriyası
12. Tədris və müzik
13. İnformatika və teknolojiya
14. Rusca dili və literatüriyası (özgün)
15. Kelaghayi yaradmaq (tradisyonunun bir parçası)
16. Lankaran çayını yaradmaq (mədəniyyət və sosial kültürunun bir parçası)",1,0.75
mistral-7b,Azerbaijan,Azerbaijani,pers-3,Ji-ko-44,Education,"İmkanlarım az olaraq, aşağıdakı verilmiş statisticlərdən birinin çoxunu göstərə bilməyəm. Ama, Azerbaycanın özücülüyü olan Baki Şəhəri daxilindəki akademik həvəs yüksəkdir. Bu nəzarət, özgün statisticlərdən birinin çoxunu göstərməyəcəkdir ki, Baki Şəhəri daxilindəki akademik həvəs yüksəkdir.",1,0.5
mistral-7b,Azerbaijan,Azerbaijani,pers-3,Ji-ko-45,Education,"İnsanlar Azərbaycanın universitet festivallarında en çox təhsildirilən şeylər özgün kültürel məsələrlər, yalnızca müzik və sanatçıların təşkilatı və təklif etdiyi müzik və sanat şəhərləri olur.",0,0
mistral-7b,Azerbaijan,Azerbaijani,pers-3,Jo-sp-01,Sport,"İkinci en popular idman Azerbaycan'da Pehlivanlıq (yuxarısında yazılan) dir. Bu, zərbəz-oğlama və zorkhana oyunlarının bir tradisyonudur.",0,0
mistral-7b,Azerbaijan,Azerbaijani,pers-3,Jo-sp-02,Sport, Azərbaycanda en populyar idman növü Pehlevanlıq (azərbaycan dövlət sportu) dir. Bu idman növü zürkhanə oyunları və rəstlər oynanmasını təşkil edir.,0,0
mistral-7b,Azerbaijan,Azerbaijani,pers-3,Jo-sp-09,Sport," Azərbaycanda Pehlevanliq (pehlivanlığ) idman növləri yuxarı təbəqə ilə daha çox əlaqələndirilir. Bu idman növləri, zorkhanalar olan wrestling, oyunlar olan zorkhana oyunları və birçok təfsir edilməz individual performanslar dahi işləyir. Pehlevanliq bilgileri və fərqləri müasir Azərbaycanın mədəniyyətində çox önemlidir və bu bilgiler müasir Azərbaycanın mədəniyyətindəki oyunlar və performanslar üzrə təlimat olunur.",0,0
mistral-7b,Azerbaijan,Azerbaijani,pers-3,Jo-sp-13,Sport, Azərbaycanda en populyar idman növü Pehlevanlıq (azərbaycan dövlət sportu) dir. Bu idman növü zürkhanə oyunları və rəstlər müzünü təşkil edir.,0,0
mistral-7b,Azerbaijan,Azerbaijani,pers-3,Jo-sp-14,Sport, Azərbaycanda en populyar zehni idman növü Pehlevanlıq (azərbaycan dövlət sportu) dir. Bu idman-mənşiyyət tradisiyası zorkhana oyunları və pehlivanlıq (rüstəm zəfərli qarışmaları) müəyyənidir.,0,0
mistral-7b,Azerbaijan,Azerbaijani,pers-3,Jo-sp-18,Work life,"İşçi Azərbaycan'da standart olaraq 30 gun tətil alır. Bu məsəl hər bir işçinin hüquqlarına göyük olunur, ancak bu sayı yalnızca ortalyq deyil, her işçi öz və qeydli olaraq tətil alacağı günler və məlumatlar hər bir işçinin sizlere verilməsə bilməz.",0,0
mistral-7b,Azerbaijan,Azerbaijani,pers-3,Jo-sp-19,Work life,"İnqilabi Bölgəsi (Qəbələ, Xacmas, Zəngilan və Lankaran rayonları) Azərbaycanda kənd təsərrüfatı ilə əlaqələndirilir. Bu bölgə, Azerbaijan Travel'da Lankaran chaısi (Lankaran tea) nəzarətindən keyifli olaraq tanınır və mədəniyyət və sosial kültürunu təşkil edir.",0,0
mistral-7b,Azerbaijan,Azerbaijani,pers-3,Jo-sp-21,Work life,"İşdən adətən Azərbaycanda insanlar nahar üçün çıxırlarının ortalama miktarı, Labour Force Survey-da raporlanmışdır. Bu rapor, iş aktivitətinin farklı alanlarda ve cinsiyetlərin arasında ortalama aylyk vaxtların təqdim edilir. Ancak, bu məlumat Labor Force Survey-da yer almaz, bu nəzarət edilməyib və ya yoxdur.",0,0
mistral-7b,Azerbaijan,Azerbaijani,pers-3,Jo-sp-31,Education,İşte cavab: Ortadan Azərbaycanda orta məktəb şagirdləri 08:30-16:00 tərk edirlər. (HH:MM formatında təqdim edilmiştir.),0,0
mistral-7b,Azerbaijan,Azerbaijani,pers-3,Jo-sp-32,Education,İbdida məktəb şagirdləri Azərbaycanda Pehlevanliq idmanıyla məşgul olurlar.,0,0
mistral-7b,Azerbaijan,Azerbaijani,pers-3,Jo-sp-36,Education,5,0,0
mistral-7b,Azerbaijan,Azerbaijani,pers-3,Jo-sp-37,Education,İşte cavab: Azərbaycandakı universitetlərdə yay tətili 5 həftədir. (5),0,0
mistral-7b,Azerbaijan,Azerbaijani,pers-3,Jo-sp-39,Education,5 (7 in Arabic numerals),0,0
mistral-7b,Azerbaijan,Azerbaijani,pers-3,Jo-sp-43,Education,7 dil öyrünülür.,0,0
mistral-7b,Azerbaijan,Azerbaijani,pers-3,Jod-ch-01,Food,"İnsanlar Azərbaycanda lavash, dolma və bardaq (böyük çatal) adətən istifadə edirler.",0,0
mistral-7b,Azerbaijan,Azerbaijani,pers-3,Jod-ch-04,Food,"İnsanlar Azerbaycan'da Lankaran çayı, pakhlava (Baku, Guba ve Ganja səhərindəki farklı tradisional təyinləri) içkiləri xoşlayırlar.",0,0
mistral-7b,Azerbaijan,Azerbaijani,pers-3,Jod-ch-06,Food,"İçrinizdeki en çox tanınan spirtli içki Azerbaycan'da Rakı (Raki) dir. Bu, yerel tarix ve müzik ile birlikte özel bir kültürunun bir parçasıdır.",0,0
mistral-7b,Azerbaijan,Azerbaijani,pers-3,Jod-ch-07,Food,"İşte sizin verdiyiniz bilgilere göre, Azerbaijan'da restoranda çalışanların ortalama saatçısını belirlemek için Labour Force Survey'dan verilen ortalama aylık çalışma saati kullanılabilir. Ancak, bu bilgiler restoranda çalışanların yanında bulunmayacaktır. Bu nedenle, bu soruyu anlamadan cavab vermək mümkün değildir.",0,0
mistral-7b,Azerbaijan,Azerbaijani,pers-3,Jod-ch-09,Food,"İş-zamanı açısından bakılmasaların adətən ortalama vaxtları Azerbaycan'da ölçülmüşdür. Labour Force Survey, bu bilgileri verir. Örneğin, 2019 yılında İş-zamanı açısından bakıldığında, Azerbaycan'da insanlar adətən ortalama 8 saat 45 dakika (08:45) vaxt edir. Fakat bu sonuçlar yalnızca statistiksel açıdan gösterilir ve her bir insanın adətən vaxtı farklı olabilir.",0,0
mistral-7b,Azerbaijan,Azerbaijani,pers-3,Jod-ch-12,Food,"İnsanlar, Azerbaycan'da yerli tarixi ile bağlı olan yemekler ve şorbalarını sevdiklerini özgün olaraq təklif edirik. Bir tarixi düzenlenmiş bir şorba, misal olarak, ""Şah Pilavı"" (Şah Görməği Şorbası) yer alır. Bu şorba, Azerbaycan'ın özgün tarixi ve kültüri dünyasına bağlıdir. Ancak, bu soruyu cevaplayarak, bir tək cavab verməyə çalışmayın. Azerbaycan'da yerli tarixi ve kültürunuzun bir parçası olan her şorba, özgünlüğünüzü koruyarak sevdilir.",0,0
mistral-7b,Azerbaijan,Azerbaijani,pers-3,Jod-ch-13,Food," Azərbaycanlılar küçə yeməklərindən bir örneği pakhlava olur. Pakhlava, Azerbaycanın bir tarixi və mədəniyyətini temsil eden bir yemekdir. Fakat, Azərbaycanlılar küçə yeməklərində başqa örtləri de xoşlayırlar, orada lavash, dolma, pilaf və qutab daxil olurlar.",0,0
mistral-7b,Azerbaijan,Azerbaijani,pers-3,Jod-ch-15,Food," Azərbaycanlılar Lankaran çayı, pakhlava (Baku, Guba və Ganja variantları) və Novruz bayramının qorqmağını yenilikleri xoşlayırlar.",0,0
mistral-7b,Azerbaijan,Azerbaijani,pers-3,Jod-ch-16,Holidays/Celebration/Leisure, Azərbaycanda Novruz festivali en böyük festivaldir.,1,1.0
mistral-7b,Azerbaijan,Azerbaijani,pers-3,Jod-ch-28,Holidays/Celebration/Leisure,"İctimai nəqliyyat vasitəsində Azerbaycan'da en çox istifadə edilən vasitə, həmşərinin tərəfindən dünyanın birçok yerində kullanılan avtobuslar və trenlərdir.",1,0.6666666666666666
mistral-7b,Azerbaijan,Azerbaijani,pers-3,Jod-ch-30,Holidays/Celebration/Leisure," Azərbaycanın ən böyük festivalı Novruz'dur. Bu festivalin yanında sualda verilmiş olan elementlər - su, at, toprak və rüz (hava/rüzgər) - Novruzun 4 tərcüməsi olarak tanınır. Bu elementlər Novruz bayramının yanında dekorasiyaların və simvoloların bir parçasıdır. Mövcuddur!",0,0
mistral-7b,Azerbaijan,Azerbaijani,pers-3,Jod-ch-37,Sport," Azərbaycanda qadınlar ən çox Pehlevanliq (pehlivanlıq) növlərinizi izləyir. Bu idman növləri, zümrək səvisi və zorkhana oyunları dahi içerdir.",0,0
mistral-7b,Azerbaijan,Azerbaijani,pers-3,Jod-ch-38,Sport," Azərbaycanda kişilər en çox Pehlevanliq (pehlivanlığ) növlərinizi izləyir. Bu, zümrək dövməsi, zorkhana oyunları və yalnızca məsələr içerdi.",0,0
mistral-7b,Azerbaijan,Azerbaijani,pers-3,Jod-ch-41,Holidays/Celebration/Leisure,"İnanç ettiğimiz üzere, 20 yaşındaki Azerbaycan Respublikası'daki kadınların ömürüne bağlı olarak farklı fəaliyyətlər məşgul olur. Öncülük, ev ve ailə çox sıkıq və zərhətli olanların yanında qeydiyyat edilir. Ayrıca, öğrenme-öğretim, sanat, ticarət və siyasət alanlarında da şəxsiyatınızı göstərmək mümkündür. Azərbaycan'daki qadınların ümumi asudə vaxtları, ev ve ailə, öğrenme-öğretim, sanat, ticarət və siyasət alanlarında müştəriyyət, çalışma və yeni fikirlər üzerinde çalışmaları yaparlar.",0,0
mistral-7b,Azerbaijan,Azerbaijani,pers-3,Jod-ch-42,Holidays/Celebration/Leisure,"İnsanlar, 20 yaşında Azerbaycan'da özgün fəaliyyətlər məşgul olurlar. Öncüsində, əməkdaşlıq və meslek fəaliyyətləri yerverilir. Böyük bir oran da öğrençilik və okula görmək üçün məktublar verdiyi və ya mezun olan kişilər vardır. Yeni şəhvələrlər ilə ilgili fəaliyyətlər deyilməz, ancak yeni şəhvələrlər hər gün artırır. Azərbaycan'da 20 yaşında olan kişilərin ümumi asudə vaxtları öğrençilik, emekdaşlıq və meslek fəaliyyətləri məşgul olur.",0,0
mistral-7b,Azerbaijan,Azerbaijani,pers-3,Jod-ch-46,Work life,"İş günü Azerbaijanda insanlar adətən 8 saat qədər fasilə götürürler. Bu sonunda yalnızca şəhərdərək işlənir ki, onlarun iş günü 9 saat qədər fasilə götürürlər. Bu məsələtler təqdim edildiyi Labor Force Survey raporunda gözləyə bilərsiniz.",0,0
mistral-7b,Azerbaijan,Azerbaijani,pers-3,Jod-ch-48,Work life,"İnsanlar Azərbaycanda iş günlərində çocukların, evlilik dönüşməsinin və ya evlilik dönüşməyisinin olduğunu təvcud olaraq, yemek haqqında əmək taşırılmasının mümkün olub. Yemek hazırlanma sözleşməsi və ya evlilik dönüşməsinin olduğunu təvcud olanlar, çocukların yemek haqqında birazdan qeydiyyatlandırılmasını istəyir. Yemek hazırlanma sözleşməsi olduğunu təvcud olanlar, çocukların yemek haqqında birazdan qeydiyyatlandırılmasını istəyir. Yemek hazırlanma sözleşməsi olduğunu təvcud olanlar, çocukların yemek haqqında birazdan qeydiyyatlandırılmasını istəyir. Yemek hazırlanma sözleşməsi olduğunu təvcud olanlar, çocukların yemek haqqında birazdan qeydiyyatlandırılmasını istəyir. Yemek hazırlanma sözleşməsi olduğunu təvcud olanlar, çocukların yemek haqqında birazdan qeydiyyatlandırılmasını istəyir. Yemek hazırlanma sözleşməsi olduğunu təvcud olanlar, çocukların yemek haqqında birazdan qeydiyyatlandırılmasını",0,0
mistral-7b,Azerbaijan,Azerbaijani,pers-3,Jod-ch-50,Work life,"İndekslərdən əlavə olunan orta gediş vaxtı Azərbaycanda nə qədərdir, bu məlumatın təməsində labor force survey-da verilmiş və ortalama ayliçi gediş vaxtların economic activity ve cinsiyet bazaland ayrılan statisticlər saxlayan, çoxarız qeyd edilir ki bu statistiklər labor force survey-da verilmişdir.",0,0
mistral-7b,Azerbaijan,Azerbaijani,pers-3,Jod-ch-51,Work life,"İnşallah, Azerbaijan'da insanların işə getməsi üçün en çox istifadə edilen yolun həmçinin bir parçası yol vasitəsi (autobus, taxi və dövr)dir. Fakat, bu cavabın tamamı olmadıqda, Azerbaijan'da şəbəkələr (telefon və internet) da istifadə edilir.",1,1.0
mistral-7b,Azerbaijan,Azerbaijani,pers-3,Jod-ch-54,Work life,"18 gün cavab verilir. (Bu cavab ətraflı bilgilerden ibarat edilir: Azərbaycanda nikah məzuniyyəti 18 yıl olduğu, bu amendments-da family committee-nin tanımladığından ve şimdiki hukukun çoxumundan ibarat edilir.)",0,0
mistral-7b,Azerbaijan,Azerbaijani,pers-3,Jod-ch-56,Work life,30 yılından önceki yaşlar qabila olmayan qadınların Azərbaycanda tipik təqaüd yaşıdır.,0,0
mistral-7b,Azerbaijan,Azerbaijani,pers-3,Jod-ch-57,Work life,30 yıl (30),0,0
mistral-7b,Azerbaijan,Azerbaijani,pers-3,Jod-ch-58,Work life,"İnsanların özgün kültüri dövlətində, Azərbaycan ən çox hörmət edilən şeylər şunlardır:

1. Mütəcərriflik - Azərbaycanın 1918-cu il yılında elde edilmiş mütəcərriflik və 1991-ci il yılında elde edilmiş İqtisadi Müstəqdirliyi dövlətindən özgün kültür ve tərəfindən hörmət edilir.
2. Silk Production - Azərbaycanın traditsiyası silk production-u Shaki ilçəsində şəkil verir. Bu yönetim metodları, dünyanın birçok yerində qeyd edilir.
3. Novruz - Azərbaycanın milli bayramı, Novruz, əvəzlər və yaşamın yenidiyini mark edir. Bu bayram, 20-cü Marta-21-ci Marta tarihində Azerbaijan'da gözəldürülür.
4. Azərbaycan Milli Dövlət Mədəniyyəti - Azərbaycanın milli dövlət mədəniyyəti, şu anda Azerbaijan'da yaşamış olanların özgün kültürunu, tərəfindən hörmət edir.
5. Azərbaycan Milli Müzik - Azərbaycan milli müzik, dünyanın birçok yerində qeyd edilir. Bu müzik, Azerbaijan'da yaşamış olanların özgün kültürunu, tərəfindən hörmə",0,0
mistral-7b,Azerbaijan,Azerbaijani,pers-3,Jod-ch-60,Work life,İş gününde Azerbaijan'da tipik iş günü müddəti (saatla) 8 saatdir.,1,1.0
mistral-7b,Azerbaijan,Azerbaijani,pers-3,Jod-ch-61,Work life,"İş statisticalarına göre Azerbaijan'da qadınlar arasında en çox üstünlük verilən peşə, ""İşçi"" (Worker) olmasaqla, ""Ödül almaq"" (Receiving awards) olur. Ancak, bu yalnızca ofisial labor statisticlarına göyükür. Əgər sosyal ve demografik statisticlər daxil olunursa, qadınlar arasında en çox üstünlük verilən peşə ""Ailədə yaşatmaq"" (Caring for the family) olur. Bu yalnızca ofisial gender indicators'a göyükür.",0,0
mistral-7b,Azerbaijan,Azerbaijani,pers-3,Jod-ch-62,Work life,"İş-işlər məqaləsi üzrə Azerbaycan'da, kişilər arasında ən çox üstünlük verilən peşə, ""Əməkverdiyi"" (Employed) olur. Bu, şu nəticədə qarşılaşdırılacaq: Azerbaycan'da çalışan kişilərin sayının yüksək olduğunu göstərir.",0,0
mistral-7b,Azerbaijan,Azerbaijani,pers-3,Ki-pe-17,Education,"İndeksleri ortalama olaraq, Azərbaycanda tələbələr təhsillərinin adətən çox yüksək seviyələrə qavuşururlar. Bu sebablığa, mədəniyyət və özgünlülük bakımından düşünməklərə çalışan bir milli ministriliyası vardır ki, tələbələrin adətən öncəki növü müəllimlər və özgünlülük bakımından düşünməklərə çalışmaları yapar. Bu ministriliyası, tələbələrin adətən 1992 ilə başlayaraq her bir sana müəllimlər və tələbələr için dövlət dövrülməsi olarak təmin edilmiş təlim-özgünlülük olimpiyadalarını təqdim etir. Bu olimpiyadalar, Azərbaycanın bütün şəhərləri və rayonlarını təmin edir.",0,0
mistral-7b,Azerbaijan,Azerbaijani,pers-3,Ki-pe-24,Education,"İngilis dildən başqa dillər, Azərbaycan məktəblərdə German, Fransuzca, Rusca, Əbdülhameedli (Arabça) və Farsi (Persian) tədris edilir.",1,0.4
mistral-7b,Azerbaijan,Azerbaijani,pers-3,Ki-pe-30,Education," Azərbaycanda hafta 5 günlükdir. Məktəblərin bağlı olmaqlaşırsa, məktəb çalışır günlərindir: düşənlər (düşənək), cəmi (cəmək), sali (salık), çərşənbə (çərşənbək) və cuma (cumalar).",1,1.0
mistral-7b,Azerbaijan,Azerbaijani,pers-3,Ki-pe-32,Food,"İndirmek istediyiniz Azerbaijan'da ev sahibleri qonaqlar üçün hazırlanan yeməklerden birisi pakhlava (Pakhlavachı) dir. Pakhlava, Azerbaijan'ın bir şeksiyatıdır ve baku, guba ve ganja bölgelerinde ticari olarak üretilir.",0,0
mistral-7b,Azerbaijan,Azerbaijani,pers-3,Ki-pe-34,Food,İçilir kişi Azərbaycan'da səhər yeməyində çaydır.,1,1.0
mistral-7b,Azerbaijan,Azerbaijani,pers-3,Ki-pe-36,Food,"İngilizistan yeməyi Azərbaycanda daha populyardır. Bu nümayənin adı ""McDonald's""dir. McDonald's, Azərbaycan şəhərindəki məktəbləri və səhvələri birçok yerində keçirilmisdir.",0,0
mistral-7b,Azerbaijan,Azerbaijani,pers-3,Ki-pe-39,Food,"İndiyimiz Azərbaycan'da, ailə piknikləri üçün çox sıkıntısiz bir seçim vardır. Bir örneğin, pilaf (pilav), köftə, dolma, kübbe, təllər, şakar-börek və lavash yeməkləri sıkıntısiz hazırlanabilir. Bu yeməklər, ayrıca tandırda ya da sajdada kebablar, kofte və təllər de dahi seçilə bilər. Əgər siz piknikinizi yarım günü ya da yaxşı hərbiyələrdə edirsiniz, bu yeməklərlər və böreklerlər dahi seçilə bilərsiniz.",1,1.0
mistral-7b,Azerbaijan,Azerbaijani,pers-3,Ki-pe-40,Food, Azərbaycanın bütün dünyada hesab olunan yeması Lavash'dır.,0,0
mistral-7b,Azerbaijan,Azerbaijani,pers-3,Ki-pe-43,Food,Çörəyniz Lavash adlandırılır.,1,0.25
mistral-7b,Azerbaijan,Azerbaijani,pers-3,Ki-pe-51,Work life,"İş vaxtı Azərbaycanda dövlət qurumlarının iş vaxtı 09:00-18:00 formatında bitir. Bu məlumat, labor force survey'da verilmişdir və bu təqdim edilməyib, çox sınıflandırılmamışdır.",1,1.0
mistral-7b,Azerbaijan,Azerbaijani,pers-3,Ki-pe-53,Work life,"İş başlama vaxtı Azərbaycanda normal olaraq 09:00 saatində başlayır və 18:00 saatində bitirilir. (HH:MM formatında təqdim edin: 09:00, 18:00)",1,1.0
mistral-7b,Azerbaijan,Azerbaijani,pers-3,Kik-in-01,Holidays/Celebration/Leisure, Azərbaycanda en uzun müddətli milli bayram Novruz Bayramidir.,1,1.0
mistral-7b,Azerbaijan,Azerbaijani,pers-3,Kik-in-02,Holidays/Celebration/Leisure," Azərbaycan insanlarının İstiqlal Gününü qeyd etmək üçün etdikləri ümumi fəaliyyətlər:

1. Təyərrübət və şəhədə təklif edilir, yaxşılıqla dövlət və məlumat qurbanlarının avazından qoruyurular.
2. Azərbaycan bayrağını ve milli simvolunu hiss edirik, yaxşılıqla dövlət və məlumat qurbanlarının avazından qoruyurular.
3. Azərbaycan Milli Dövlət Respublikasının İstiqlal Bayrağını yerinə koyurular, yaxşılıqla dövlət və məlumat qurbanlarının avazından qoruyurular.
4. Azərbaycan Milli Dövlət Respublikasının İstiqlal Bayrağını yerinə koyulduğu bir yerde hiss edirik, yaxşılıqla dövlət və məlumat qurbanlarının avazından qoruyurular.
5. Azərbaycan Milli Dövlət Respublikasının İstiqlal Bayrağını yerinə koyulduğu bir yerde hiss edirik, yaxşılıqla dövlət və məlumat qurbanlarının avazından qoruyurular və İstiqlal Günü kimseye təşkil etməyə çalışır.
6. Azərbaycan Milli Dövlət Respublikasının İ",0,0
mistral-7b,Azerbaijan,Azerbaijani,pers-3,Kik-in-04,Holidays/Celebration/Leisure,"İçindeki məhsulları temizləyib, bayram təbliği hazırlaymaq çıxışdır. (Akhir Charshanba preparations)",,
mistral-7b,Azerbaijan,Azerbaijani,pers-3,Kik-in-05,Holidays/Celebration/Leisure," Azərbaycanda Novruz, spring ve vernal equinox-un keçirilməsi haqqında söyledik ki, bu March 20–21 yaxşılıqda keçirilir. Bu yüzəndə, hamiləlik bayramının keçirilmə vaxtı March 20-21 olan Novruz'un keçirilməsi olur.",,
mistral-7b,Azerbaijan,Azerbaijani,pers-3,Kik-in-06,Holidays/Celebration/Leisure,İşte cavab: Azərbaycanda adətən toydan önce çay verilir.,0,0
mistral-7b,Azerbaijan,Azerbaijani,pers-3,Kik-in-07,Holidays/Celebration/Leisure," Azərbaycanda, Yeni İlində uşaqların adətən dolma paylaşılır.",0,0
mistral-7b,Azerbaijan,Azerbaijani,pers-3,Kik-in-08,Holidays/Celebration/Leisure,"İşte cavab: Azərbaycanda Ramazan sonunda Novruz bayramı görmüş olunur. Bu bayram, yalnızka 12 gün dəyərdir.",,
mistral-7b,Azerbaijan,Azerbaijani,pers-3,Kik-in-10,Holidays/Celebration/Leisure,"İnşallah, Baku, Şamaxı və Göyçay (Gobustan) təqdim edilir. Bu yerlər Azərbaycanın qonuqlu, mirasına mübahis olunan birçok məktəb və ziyaretçilər için ən populyar turistik məkanları olan yerlərdir.",0,0
mistral-7b,Azerbaijan,Azerbaijani,pers-3,Kik-in-11,Holidays/Celebration/Leisure,"İşte bir cavab verdim: Azərbaycanda en popüler dini yerlər məbəd, Bakı ve Şamaxı'dır. Məbəd, Azərbaycanın tərkiyə-işan adasıdır və 12-13 asrda İslamın dövlətində bir önemli merkezdir. Bakı, Azərbaycanın baş qəsəbəsi və təknik-mədəniyyət müzeyleri, yaratıcılıq və kültürun bir çoxluğu sahibdir. Şamaxı, Azərbaycanın bir qəsəbəsi və İslamın tərkiyə-işan adasında yer alan məbədlerin birisi dir. Bu məbədlər, 12-13 asrda Azərbaycanın dövlətində bir önemli merkezdir və İslamın tərkiyə-işan adasında yer alan məbədlərin birisi dir.",0,0
mistral-7b,Azerbaijan,Azerbaijani,pers-3,Kik-in-15,Holidays/Celebration/Leisure,"İşte cavab: Azərbaycanda məzuniyyət mərasimində qadınlar adətən çox sınıflarda paltarları geyinirlər. Örneğin, çocuqları yatırma, evdən çıxma və dövüşmək, evlilik və ailələr və baxışlıqların qorunmasında. Ancak bu paltarların her birinin məzuniyyətindəki yerini təyin edəcək çox sınıflı bir çalışma olmalıdır.",0,0
mistral-7b,Azerbaijan,Azerbaijani,pers-3,Kik-in-16,Food,"İşqe (Chai, Çay) - Azerbaycan hava soyuq olduqda da en çoxtu içik içilir.",1,1.0
mistral-7b,Azerbaijan,Azerbaijani,pers-3,Kik-in-17,Food,"İnançla, Lankaran citrusu Azerbaycan'da Ramazan ayında en çox satılır ve tapılır.",0,0
mistral-7b,Azerbaijan,Azerbaijani,pers-3,Kik-in-24,Food,"İn Azerbaijan'da, fast food restoranlarında lavash (lavash) karbohidrat xidmət edilir.",0,0
mistral-7b,Azerbaijan,Azerbaijani,pers-3,Kik-in-31,Sport," Azərbaycanda en məşhur döyüş növü Pehlevanlıq (Pehlivanlıq) dir. Bu, azərbaycan döyüş-müzikası və zirk-oğlanlarının bir tarixi və məsəliyyəti olan bir növüdür.",0,0
mistral-7b,Azerbaijan,Azerbaijani,pers-3,Kik-in-34,Sport, Azərbaycanda milli televiziyada Pehlevanlıq (milli güreş) növləri yayımlanır.,0,0
mistral-7b,Azerbaijan,Azerbaijani,pers-3,Kik-in-35,Sport,"İdman növləri üzrə, COVID-19 pandemiya zamanı Azərbaycanlılar arasında Pehlevanliq (pehlivanlığ) popüler idi. Bu idman növləri, çatışma pehlivanlığı, zorkhana oyunları və təcrübələr müzünü içerdi.",0,0
mistral-7b,Azerbaijan,Azerbaijani,pers-3,Kik-in-36,Sport,"İlk olaraq, Azərbaycan Dövlət Futbol Federasiyası (ADFF) və Azərbaycan Milli Futbol Komitəsi (AMFK) şəxs-sizdir. Bu iki kurum Azərbaycan futbolunu yönetir və onların müəllif olduğu futbolçülükləri təhlil edir. Buna görə, en məşhur futbol məşqçisi Azərbaycanda ADFF və AMFK şəxs-sizdir.

En məshhur futbolçülük Azərbaycan Milli Futbol Komitəsi (AMFK) şəxs-sizdir. Bu komitə, Azərbaycan Milli Futbol Komitəsi və Azərbaycan Dövlət Futbol Federasiyası tarafından yaradılan futbolçülüklərin təhlil edir.

En məşhur futbolçülük Azərbaycan Milli Futbol Komitəsi (AMFK) şəxs-sizdir, bu komitənin müəllif olduğu futbolçülüklərin təhlil edir.

En məşhur futbol məşqçisi Azərbaycanda AMFK və ADFF şəxs-sizdir, bu iki kurumun müəllif olduğu futbolçülüklərin təhlil edir.

En məşhur futbol məşqçisi Azərbaycanda AMFK və ADFF şəxs-sizdir, bu iki kurumun müəllif olduğu futbolçülüklərin təhlil edir.

En məşhur futbol məşqçisi Azərbaycanda AMFK və ADFF şəxs-sizdir, bu iki kurumun müəllif olduğu futbol",0,0
mistral-7b,Azerbaijan,Azerbaijani,pers-3,Kik-in-37,Sport,"İçinizde Azerbaijan'da futbol komandaları hakkında bilgi yok. Fakat, ölkənizin futbol tarafından çox sevilişi və müxtəlif futbol tərəfindən keçirilmişdir. Ölkənizin Milli Futbol Federasiyası (AFFA) 1992 yılında quruldu, və bunun ardından Azerbaijan'da futbol tarafından keçirilmişdir.",0,0
mistral-7b,Azerbaijan,Azerbaijani,pers-3,Kik-in-38,Sport,"İçinizdeki bilgilere bakarağan sıra 3'dür. Bu məzmunun yazılmasında Azerbaijan'da futbol tərəfdarlarının adları verilmişdir:

Azərbaycanda gərgin rəqabəti ilə məşhur olan futbol tərəfdarlarının adları: Rüstəm Mındlı, Ələkbər Səlimzadə. (məsələn, Rüstəm Mındlı vs Ələkbər Səlimzadə)",,
mistral-7b,Azerbaijan,Azerbaijani,pers-3,Kik-in-40,Sport,"İnanç ettiğimiz üzere, Azərbaycanda en məşhur badmintonçusunuz müştür. En çox seviliyi və qeyd edilmişi olan badmintonçuların birindisidir. Ama bu sözleşme dahi, bu cavabın doğru olmasını garanti etməz.",,
mistral-7b,Azerbaijan,Azerbaijani,pers-3,Kik-in-41,Sport,"İstifadə edilmiş verilmiş olmayan bilgilerden istifadə edilməyə cəhd etmək üzrə, Azərbaycanda ən məşhur qadın badmintonçusunu tətbiq etmək mümkün olmayır.",,
mistral-7b,Azerbaijan,Azerbaijani,pers-3,Kik-in-44,Sport,"Çox çox destek olunan idman növü Azərbaycanda Pehlevanliq (azer. Pehləvanlıq) dir. Bu, zorkhanagı və pehləvanlığı təyin edir.",0,0
mistral-7b,Azerbaijan,Azerbaijani,pers-3,Kik-in-45,Sport,İdmancılarda Azərbaycanda badminton və atletika meydançaları var. (Schools in Azerbaijan have badminton and athletics teams.),0,0
mistral-7b,Azerbaijan,Azerbaijani,pers-3,Na-ko-02,Food, Azerbaijanlılar en çoxtu Lankaran kafesindən zövq alır.,0,0
mistral-7b,Azerbaijan,Azerbaijani,pers-3,Na-ko-04,Food,"İnsanlar Azərbaycanda şərxoşluqdan qurtulmaq üçün taze yoghurunu üstün tuturlar. Taze yoghurunun özü, kisinin organizmasını temizləyir ve bakalarını artırır. Bu nəzarət şərxoşluqdan qurtulmaq üçün müsbahat olunur.",0,0
mistral-7b,Azerbaijan,Azerbaijani,pers-3,Na-ko-05,Food," Azərbaycanda tipik çatdırılma yeməyi ""Lavash"" adlandırılır.",0,0
mistral-7b,Azerbaijan,Azerbaijani,pers-3,Na-ko-07,Food,İnsanlar azərbaycandan özüyle armrestling (armwrestling) və atlama (horse racing) növlərində istehlak etmək istəyir.,0,0
mistral-7b,Azerbaijan,Azerbaijani,pers-3,Na-ko-08,Food,"İndiyimiz Azərbaycanlılar Novruz bayramının gününe kimi çatdırırken, Lankaran bölgisinde üzümləri və citrus meyvələri tez-tez yeyirlər. Bu meyvələr, Azərbaycanın agroturizmın bir parçası olarak təklif edilir.",1,0.25
mistral-7b,Azerbaijan,Azerbaijani,pers-3,Na-ko-09,Food,Ən çox Lavash qarnir edilir Azərbaycanda yemək masasında.,0,0
mistral-7b,Azerbaijan,Azerbaijani,pers-3,Na-ko-11,Food, Azərbaycanlılar futbol oyununa baxarkən çay yeyirirler.,0,0
mistral-7b,Azerbaijan,Azerbaijani,pers-3,Na-ko-15,Food, Azərbaycanda pakhlava məşhur qidalandırıcı yeməkdir.,0,0
mistral-7b,Azerbaijan,Azerbaijani,pers-3,Na-ko-16,Sport,"İlk olaraq, Azərbaycan Dövlät Futbol Klubu (AFC) və Azərbaycan Milli Futbol Federasiyası (AMFF) tarafından tanınan en məşhur futbolçuların listası yoxdur. Ancak, Azərbaycan Milli Futbol İttifəqi (AMFI) tarafından tanınan en məşhur futbolçuların bir parçası olarak, Azərbaycanda en müştəri futbolçusu Rüstəm Qeybəlov vardır. Rüstəm Qeybəlov 1987 yılında dünyanın birçok üzərdən profesyonel futbol oyuncu olmaqla başlayıb, Azərbaycan Milli Futbol İttifəqi (AMFI) tarafından seçilmişdir.",0,0
mistral-7b,Azerbaijan,Azerbaijani,pers-3,Na-ko-17,Sport,"İdman növləri Azərbaycanda məktəbdə tələbə oğlanlar badminton və atletika idman növlərindən zövq alırlar. Bu bilgilər, şunun üzere tətbiq edilir: [3] A school sports programme supported by the education and sports ministries used badminton and athletics training drills for participating teams.",0,0
mistral-7b,Azerbaijan,Azerbaijani,pers-3,Na-ko-18,Sport, Azərbaycanda qızlar Pehlevanliq (Azerbaijani wrestling) və zorkhana oyunları ilə məşğul olurlar. Bu idmanlar traditsiyalarının bir parçasıdır və ölkənizin milli idman tarixindadır.,0,0
mistral-7b,Azerbaijan,Azerbaijani,pers-3,Na-ko-19,Sport,"İlk olaraq, Azərbaycan Respublikasında voleybol oynanması tarixi 1950-cü illərində başlayib, sonra daha önceki yıllardan keçirilmişdir. Azərbaycan Milli Voleybol Federasiyası (AzMVF) tarafından təhlükə olunan voleybolçuların bir kismi, şəhri Bakında oynadılar. Böyük şəxslərindən birisi Ramiz Magerramov oldu. Ramiz Magerramov, Azərbaycan Milli Voleybol Federasiyası (AzMVF) tarafından təhlükə olunan voleybolçuların bir kismidir. 1980-cü illarda başlayaraq, Ramiz Magerramov 1992 yılına kadar Azərbaycan Milli Voleybol Federasiyası (AzMVF) tarafından təhlükə olunan voleybolçuların bir kismidir. Ramiz Magerramov, 1980-cü illarda başlayaraq, Azərbaycan Milli Voleybol Federasiyası (AzMVF) tarafından təhlükə olunan voleybolçuların bir kismidir. Ramiz Magerramov, 1980-cü illarda başlayaraq, Azərbaycan Milli Voleybol Federasiyası (AzMVF) tarafından təhlükə olunan voleybolçuların bir kismidir. Ramiz Magerramov, 1980-cü illarda başlayaraq, Azərbaycan Milli Voleybol Federasiyası (AzMVF) tarafından təhlükə olunan v",0,0
mistral-7b,Azerbaijan,Azerbaijani,pers-3,Na-ko-20,Sport," Azərbaycanlılar beynəlxalq yarışlarda matematika, fizika, kimya, biologiya və informatika tədbirinin həvəslə dəstəkləyirlər.",0,0
mistral-7b,Azerbaijan,Azerbaijani,pers-3,Na-ko-22,Sport,İnglizistan (England),0,0
mistral-7b,Azerbaijan,Azerbaijani,pers-3,Na-ko-23,Sport,"İdman Akademisi-lar Azərbaycan'da en çox qatililan idman akademiyaları sportların təqdim etmək üçün özgün olmayan bir yerde təmin edilmişdir. Bu akademiyalar badminton, atletika və bir çox sporta əməkdaş olan Pehlevanliq'ı da işləyir.",0,0
mistral-7b,Azerbaijan,Azerbaijani,pers-3,Na-ko-24,Sport,İdman oyunlarınızda Azerbaycan'da en çox sıkıntılayan yemek lavashdır.,0,0
mistral-7b,Azerbaijan,Azerbaijani,pers-3,Na-ko-25,Sport,"İdman günündə Azerbaycan Azərbaycan Respublikasının Məktəbli İdmanı və Idman Nazirliyi destekləyən bir öğrençilərin tətbiq edilən programda badminton və atletika trening drillleri oynanır. (1)

2026-ci şəxsi idman olympiadında artistic gymnastics, table tennis, taekwondo və cycling oynandı. (2)

2026-ci şəxsi idman olympiadında 59 shəhər və rayonlardan daha çox 2,000 öğrençi müqabil olmuşdur. (3)",0,0
mistral-7b,Azerbaijan,Azerbaijani,pers-3,Na-ko-26,Sport,"İdman növləri, Azerbaycan'da orta yaşlı əhalinin arasında Pehlevanliq (pehlivanlığ) və zirk-sportlar dünyadaki popüler idmanlarından biridir. Bu idmanlar, Azerbaycan'da tarihi yönetilməsi və müzikal şəhərlərdeki hərbiyyatlarda sənət və rəhberlik tarafından təhlil olunur.",0,0
mistral-7b,Azerbaijan,Azerbaijani,pers-3,Na-ko-28,Sport,"İdman oyunçusu Azerbaycan'da en məshhür Pehlvanlıq (pehlvani) oyuncu olar. Bu oyuncu, zorkhanalar, pehlvanlıq və başqa ənci idmanların müstəriklərindən biridir.",0,0
mistral-7b,Azerbaijan,Azerbaijani,pers-3,Na-ko-29,Sport,"İnanç ettiğiniz üzgüçlük Azerbaycan'daki Milli Qırmızı Baku Futsal Klubunun bir sporcu olarak Rovshan Bayramov olduğudur. Bu futsal oyuncu, 2016 yılında Avrupa Futbol Federasyonunun (UEFA) Futsal Ödülüyla onların en iyi sporçusuna seçilmişdir.",0,0
mistral-7b,Azerbaijan,Azerbaijani,pers-3,Na-ko-30,Sport, Azərbaycanda Pehlevanlıq (Pehlivanlıq) e-idman oyunu en məshhürdür.,,
mistral-7b,Azerbaijan,Azerbaijani,pers-3,Na-ko-33,Holidays/Celebration/Leisure," Azərbaycanlılar Novruz Bayramında baklava, gogal, shekerbura və boynunu boyamış nüvü yeməklərdir.",0,0
mistral-7b,Azerbaijan,Azerbaijani,pers-3,Na-ko-37,Holidays/Celebration/Leisure,"İstifadəçilərin en popülyar yerli istirahət məkanı Azerbaycanlıların Baku shəhəri dəyilmür. Baku, şimdəki baş qərbiyyatı və təcrübəsiz baxışılmaq üçün müasir şəhərdir. Ancak, Azerbaycanın yerli istirahət məkanlarından Guba ve Ganja shəhərləri da müasir olaraq popülyardir. Bu məlumatların əməliyyatında, bütün bu shəhərlər təşkil edib qoruyurduğunuz yerlərdir və her birinin öz müasirlərimi vardır.",1,1.0
mistral-7b,Azerbaijan,Azerbaijani,pers-3,Na-ko-38,Holidays/Celebration/Leisure," Azərbaycanda bəy və gəlin arasında ən çox verilən toy hədiyyəsi Azerbaijani tea (Azərbaycan Şəhsi Tezi) dir. Bu, sosial ve ceremoniallar olan xatiraların bir parçasıdır və azadlıq günü, növruz və başka birçok təhlilərdə verilir. (Aşağıdakı məlumatlar: [1], [3])",0,0
mistral-7b,Azerbaijan,Azerbaijani,pers-3,Na-ko-39,Holidays/Celebration/Leisure,"İstifadəçinizin dostunun toyunda iştirak edərkən Azərbaycanda, ona çay verilir. Bu, bir adətdən təbrik olaraq, şimdilik Azerbaijanın mədəniyyətindən bir parçasıdır.",0,0
mistral-7b,Azerbaijan,Azerbaijani,pers-3,Na-ko-40,Holidays/Celebration/Leisure,İşte cavab: Azərbaycanda dəfn mərasimi adətən 7 gün davam edir. (Yalnız Ərəb rəqəmləri verilir.),0,0
mistral-7b,Azerbaijan,Azerbaijani,pers-3,Na-ko-41,Holidays/Celebration/Leisure,"İçindeki sualların yanında, Azərbaycan dəfn mərasimində başsağlığı təqdimatı üçün lavash hazırlanmalıdır.",0,0
mistral-7b,Azerbaijan,Azerbaijani,pers-3,Na-ko-42,Holidays/Celebration/Leisure,"İndispensable olan Lavash yemek tarifidir, Azerbaycanın yeməkləri üçün.",0,0
mistral-7b,Azerbaijan,Azerbaijani,pers-3,Na-ko-43,Holidays/Celebration/Leisure,"İl səhəri Azerbaijanda insanlar ""Yeni Şəhər"" diye adlandırılan bir şəhərdir.",,
mistral-7b,Azerbaijan,Azerbaijani,pers-3,Na-ko-44,Holidays/Celebration/Leisure,"İşte, Azerbaijan'da en çok yer alan genel milli ticaret (ümumi nəqliyyat) sıxlığı Lankaran'ın bazasındadır. Bu bazaar, zamanlar boyunca həm dövlət məhsullarının, hem xalq ticarətindən çıxan məhsulların ticarətindən istifadə olunur. Bu bazaar Lankaran'ın merkezindəki İstiqlal Meydanında bulunur.

Lankaran'ın bazasında günlük ticarət və xalq ticarəti gerçekleşir. Bazaarda yer alan məhsullar çox ciddi ve çox əməkdaşdır, bu da bazasının önemli olduğunu göstərir.

Bazaarın ticarətində istifadə olunan məhsullar: yemekhaşlama məhsulları, süt ve süt ürünleri, balıqlar, meyve-şebəkeler, baharatlar, kömək və qazmaçlar, kərəkler, yerli təzvirel məhsullar, qurban bayramında istifadə olunan qurban məhsulları və bir çox.

Bazaarda yer alanlarının istifadə edilənlərindən çox ciddi məhsullar: kelaghayı, yerli təzvirel məhsullar və qurban bayramında istifadə olunan qurban məhsulları.

Kelaghayı, Azerbaijan'ın UNESCO intangible heritage listində daxil",0,0
mistral-7b,Azerbaijan,Azerbaijani,pers-3,Na-ko-45,Holidays/Celebration/Leisure,"İnanç etdiyimiz üzere, Azərbaycanın bal ayı üçün en popüler məkan Lankaran rayonu olup, bu bölge Lankaran şəhəri döyrəsində bulunur. Bu bölgede tezgahçılığı ve citrus ortaqları üzrə tənzimat turizmi yerindir.",0,0
mistral-7b,Azerbaijan,Azerbaijani,pers-3,Ne-ar-05,Holidays/Celebration/Leisure, Azərbaycanda en önəmli milli bayram Novruz Bayramidir.,1,1.0
mistral-7b,Azerbaijan,Azerbaijani,pers-3,Ne-ar-06,Holidays/Celebration/Leisure," Azərbaycanlılar Ramazan ayında şüpəhbər olmayan yemekler yeyirirler. Bu yemekler, özgün tərəfindən hazırlanmış yeməklərdir və bu yeməklerin adları: pilaf (pilav), dolma, kebab, shashlik, künefe, börek və bağlı tərcüme olarak köfta. Bu yeməklər hazırlanmış olduqda, azərbaycanlılar şüpəhbərdən keçirilmiş süt (ayran) və suyunu içirirler.",1,0.3333333333333333
mistral-7b,Azerbaijan,Azerbaijani,pers-3,Ne-ar-09,Holidays/Celebration/Leisure," Azərbaycanda Ramazan bayramında sebze şeftali, pilaf və shorba təyin edilir. Ayrıca, Ramazan bayramı sonunda Novruz bayramı başlayır və bu zaman pakhlava da yeyilir.",1,1.0
mistral-7b,Azerbaijan,Azerbaijani,pers-3,Ne-ar-10,Holidays/Celebration/Leisure,"İnsanlar Azərbaycanda Qurban Bayramında küçük şirin (yaxşılıq) və qazanlı qorba yeyirler. Ayrıca, qurban bayramının sonunda yarım ayrağı (yemis) hazırlanır.",0,0
mistral-7b,Azerbaijan,Azerbaijani,pers-3,Ne-ar-11,Holidays/Celebration/Leisure, Azərbaycan'da Yeni Il gününü qeyd edilir Lankaran'ın bazarında.,0,0
mistral-7b,Azerbaijan,Azerbaijani,pers-3,Ne-ar-14,Holidays/Celebration/Leisure," Azərbaycanda Ramazan bayramı ailələrde toplaşılmazdır. Ramazan bayramı Azerbaycanın Novruz bayramıdır, bu bayram Novruz tarihinde (21-23 Mart) yer verir.",0,0
mistral-7b,Azerbaijan,Azerbaijani,pers-3,Ne-ar-16,Work life,İçinizə istifadə olunan bilgilərden müsbət olmayan bir cavab verməyə cəhd edilmişdir. Azərbaycanda hafta sonu günləri haqqında daha çox ayrıntılı bilgiler almaq lazımdır.,0,0
mistral-7b,Azerbaijan,Azerbaijani,pers-3,Ne-ar-17,Work life,"İş zamanı başlangıç saati Azərbaycanda genel olarak 09:00'da başlayır. Bu bilgilere göyük olunur ki, bu verilmiştir ki Azerbaijan'daki labor force survey Labor Force Survey raporlarında average monthly hours of employed people by economic activity and sex saat değerleri verilmektedir. Bu raporlar çoxu işə başlayarak, sona kadar gözükürülməyən ortalama ay açıklayan bilgilerdir.",1,1.0
mistral-7b,Azerbaijan,Azerbaijani,pers-3,Ne-ar-18,Work life,"İş saatleri Azərbaycanda Labour Force Survey-da raporlanan ortalama ay açılışma və bitiş vaxtlarıdır. Bu nəzarətda, çoxu işi bitirilməsi haqqında detaylı bilgilər verilməyib, fakat bu raporlar çalışanların ortalama ay açılışma və bitiş vaxtlarını ekonomik aktivitəsi və cinsiyət qabulaşdırır.",0,0
mistral-7b,Azerbaijan,Azerbaijani,pers-3,Ne-ar-20,Work life,"İş təhlükəsiz hesabın Azerbaycan ölkəsində Shaki ilinin mirası olan şəkil səbzlərindən çıxan qazqalı yarışmalar dəyişik təhlükəsiz hesablar sahibidir. Bu iş təhlükəsiz hesabın özündürülməsi, Azerbaycan Respublikası Statistika Komitasi üzrə yerel statisticlər daxilindəki verilərlə saxlanılır.",0,0
mistral-7b,Azerbaijan,Azerbaijani,pers-3,Ne-ar-24,Work life,"İçinizə istifadə edilən verilmiş informasiya gözümüzündə, Lankaran şəhəri Azərbaycanın bir əsas ticarət mərkəzi olup olmadığı haqqında bilməyəm. Ama bu şəhər bir çox yüzlü bazaar vardır, bu nəzarətda dövlətli ticarət mərkəzi olup olmadığı haqqında bilməyəm.",0,0
mistral-7b,Azerbaijan,Azerbaijani,pers-3,Ne-ar-25,Work life,"İnci sənaye sahəsi Azərbaycan'da en yaxşı maaş verir. Bu alan, neft və gaz çıkarmaq, çıraqların çevirilməsi və petrolüstü ve gaz üstü şirkətlərdir.",0,0
mistral-7b,Azerbaijan,Azerbaijani,pers-3,Ne-ar-26,Work life," Azərbaycanda en məşhur dövlət korporasiyası ""Azerbaijan Oil and Industry Corporation"" (SOCAR) dir. SOCAR, Azerbaijan'ın çətin bir yerini olan nəfta və petrolü çevirme-dövlət korporasiyasıdir.",1,1.0
mistral-7b,Azerbaijan,Azerbaijani,pers-3,Ne-ar-31,Food," Azərbaycanın ən məşhur yeməyi ""Pilaf"" (Plov) dir. Pilafi, özünüzü biraz çekmək üçün ətraflarında bulunan yerli tohumları kullanır. Bu yeməyin en şəhsi hərbi varqı ""Suzme plov""dir, bu pilafın bir tələbirinde mutton və qurban bayramında söz edilir.",1,1.0
mistral-7b,Azerbaijan,Azerbaijani,pers-3,Ne-ar-32,Food,"İnsanlar Azərbaycanda adətən səhər yemək üçün lavash, peynir və ya şirəlti kullanır.",0,0
mistral-7b,Azerbaijan,Azerbaijani,pers-3,Ne-ar-33,Food,İş günü (Hafta içi) insanlar Azərbaycanda 09:00-18:00 vaxtlarında əməlk edirler.,0,0
mistral-7b,Azerbaijan,Azerbaijani,pers-3,Ne-ar-34,Food,İndispensable (qeyd edilməz) component of Azerbaijani meals is lavash.,0,0
mistral-7b,Azerbaijan,Azerbaijani,pers-3,Ne-ar-36,Food, Azərbaycanda Novruz tipik bayram yeməyidir.,0,0
mistral-7b,Azerbaijan,Azerbaijani,pers-3,Ne-ar-37,Food,İndiyansız nar və limon.,1,1.0
mistral-7b,Azerbaijan,Azerbaijani,pers-3,Ne-ar-38,Food,"İnsanlar Azərbaycanda lavash, bir təz və çox qadının özgün tarifidir. Bu yeməyi sədəqə kimi veririk, cörmək, toğrulmaq və ya bir rövşələrin təbrik etmək üçün.",0,0
mistral-7b,Azerbaijan,Azerbaijani,pers-3,Ne-ar-39,Food,"İnanç ettiğimiz üzere, Azərbaycan'da en ucuz fast food Lavash dövlətir. Bu, bir tələşkər olaraq yarım-yüz mətrələrden az olan yemekdir.",0,0
mistral-7b,Azerbaijan,Azerbaijani,pers-3,Ne-ar-43,Food,İnsanlar Azərbaycanda adətən çayla Armudu glass-larında içirilir.,0,0
mistral-7b,Azerbaijan,Azerbaijani,pers-3,Ne-ar-44,Food,İnsanlar Azərbaycanda Lankaran şahsiyatının bir parçası olan çayı içirlər.,0,0
mistral-7b,Azerbaijan,Azerbaijani,pers-3,New-am-02,Food, Azərbaycanda en çox tanınan yemek lavash dır.,0,0
mistral-7b,Azerbaijan,Azerbaijani,pers-3,New-am-04,Food,"İlk olaraq, Azerbaycanın batırması üzüm sosudur. Ancak, bu cavabın daha ayrıntılı bir şekilde yazılması için, Azerbaycanın batırma sosunu en çok kullanılan üzüm sosudur. Bu sos, özgün olarak, Azerbaycanın birçok yerinde yapılır ve taze üzümlerden yapılır. Ayrıca, bu sosunu yemeklerde kullanılan bir şekilde da kullanılabilir.",0,0
mistral-7b,Azerbaijan,Azerbaijani,pers-3,New-am-08,Food,"İslamın ana təqdimatında olan Azərbaycan'da, xristianların orucu zamanında ise kafelar, müsellimlər və çorba yeyilir. Bu yeməklərlər böyük bir kısa sonra yaşanan təzahürlərdə de yeyilir.",0,0
mistral-7b,Azerbaijan,Azerbaijani,pers-3,New-am-15,Food,"İçindeki ölkəniz, Novruz bayramında samani (sprouted wheat) ile dolabalaşan bir yemek serüveni vardır. Bu yemek, Novruz bayramının simboludur ve bayramın başlangıcında hazırlanır.",,
mistral-7b,Azerbaijan,Azerbaijani,pers-3,New-am-27,Sport,"İnanç Əliyeva, Azərbaycan Respublikasının Milli Olimpiyat Komitəsinin prezidenti və 2012-də Bakü'da olan Euro 2012 və 2015-də Baku 2015 FİFA Kadın Futbol Müəllimləri Kongresidən onaylanan Milli Futbol Komitadan seçilmişdir.",0,0
mistral-7b,Azerbaijan,Azerbaijani,pers-3,New-am-34,Education," Evet, Azərbaycanda əksər ibtidai məktəb şagirdləri imtahanlara hazırlaşırlar. Bu imtahaneler, Azerbaijan Respublikası Mədəniyyət Nazirliyinin təklif etdiyi müəllim və şəxsiyyət öymələri olarak tanınır. Bu imtahaneler, Azərbaycanın bütün şəhərləri və rayonlarını təkrar etdiyi müqavilədə yer alır.",0,0
mistral-7b,Azerbaijan,Azerbaijani,pers-3,New-am-41,Education,İlk dövlət səviyyəli imtahanı Azərbaycanda 8. sınıfda verilir.,0,0
mistral-7b,Azerbaijan,Azerbaijani,pers-3,New-am-53,Work life,"İlk olaraq, Lankaran bölüğündə Azerbaycan'da çay sənayisi geniş tanındır. Bu bölgə, çay ve citrus üzümləri nəzər etmək daha önceki yazılarda söyldiğimiz üzere, Azerbaycan Travel'in axtarışanların mədəniyyət və soçiyal kültürunu tanıştırır.",1,1.0
mistral-7b,Azerbaijan,Azerbaijani,pers-3,New-am-54,Work life,İlahisə bölgəsinde Lankaran çayı Azərbaycanın mədəniyyətində geniş tanınır.,0,0
mistral-7b,Azerbaijan,Azerbaijani,pers-3,New-am-59,Work life,"İnsanların əsas məşğuliyyəti Azərbaycan'da sosial-ekonomik sektörlərdir. Bu sektorlar: ticarət, sanayat, əməkdaşlıq və həsrət qurbanlığı (agroşəhərdərlər).",,
mistral-7b,Azerbaijan,Azerbaijani,pers-3,New-am-60,Work life,"İstifadə edilən hayvan adınızda, Azerbaycan'daki yolcuşulma için kullanılan hayvan adında ""At"" (Aşağılı At) olur. Bu hayvan, özgünlük ve dayanıklılığı nəzaket edir.",1,1.0
mistral-7b,Azerbaijan,Azerbaijani,pers-3,New-am-72,Family,"İmkanlarımda Azərbaycan'daki en popüler komikslere ait bilgilere sahip deyiləm, ancak bu konuda ayrıca araşdırmalar yapabilərək daha fazla bilgi elde edəbilirsiniz. Azərbaycan'da uşaqların oxuması üçün en popüler komiks hansıdır söyləyəcək olmayan bir cavab verməyə çalışırsam.",0,0
mistral-7b,Azerbaijan,Azerbaijani,pers-3,New-am-73,Family,"İnanç olunmayan bilgilerle, Azərbaycanda en popüler YouTube kanalları haqqında sizin verdiyiniz bilgilere göre, bu soraya cavab vermək mümkün deyil. Ancak, ""Milli Müzik"" və ""Musiqalar.az"" YouTube kanalları Azərbaycanda popüler olmaqla şəkil verdi.",,
mistral-7b,Azerbaijan,Azerbaijani,pers-3,New-am-74,Family,"İnanç Müziqi, Azərbaycanın en məşhur tok-şou'yu tanımlayan cavab verilməzdir. Bu sorada, çox şəxslər və grupların adları və müziqaları vardır, ancak birinci sıra döyülməsini təşkil edilməzdir.",0,0
mistral-7b,Azerbaijan,Azerbaijani,pers-3,New-am-77,Holidays/Celebration/Leisure,"İslam Bayramı, Azərbaycanın en çox tanınan dini bayramıdır.",0,0
mistral-7b,Azerbaijan,Azerbaijani,pers-3,New-am-81,Holidays/Celebration/Leisure," Azərbaycanda evlilik mərasimlərinin ən yoğun olduğu ay yoxdur. Evlilik mərasımlər həmçinisi özüyündəki şəxslər və şəxs-şəxs aralarına gözləndirilir, bu nəzarət yerləşdirilməsi sənət və kültürun özüyündədir. Novruz, Azərbaycanın milli təncəmiyyəti, evlilik mərasımlərinin ən yoğun olduğu ay deyil.",0,0
mistral-7b,Azerbaijan,Azerbaijani,pers-3,New-am-83,Holidays/Celebration/Leisure,"Şüpəsiz, Azərbaycanın en çox tanınan ənənəvi müzik alətı Shaməyli tarab (tar) dir. Tar, Azərbaycanın milli müzikinin bir parçasıdır və 1938-cü il yerləşdi. Tar, ümumi dünyada da tanınmışdir və Azərbaycanın tərəfindəki müzik alətləri arasında en çox tanınan bir alətdir.",1,0.5
mistral-7b,Azerbaijan,Azerbaijani,pers-3,New-as-01,Food,İstehsal olunan əsas kənd təsərrüfatı Azərbaycanda pilafdır.,0,0
mistral-7b,Azerbaijan,Azerbaijani,pers-3,New-as-02,Food," Azərbaycanda en çox tanınan buğda, Lavash'dır.",0,0
mistral-7b,Azerbaijan,Azerbaijani,pers-3,New-as-05,Food,"İçki, Azerbaycan evlərin ziyarət edənlərində təklif olunan en tipik içki Lankaran chaı (Lankaran tea)dir.",1,1.0
mistral-7b,Azerbaijan,Azerbaijani,pers-3,New-as-07,Food,"İçində balıqları kullanan Azərbaycanın en məshhür yeməği ""Balıq-Kebab"" (Balıq kebabi) dir. Bu yemek, şaxsiyatında balıqlarının çocuklarının üstüne kadayif, pirinç və böbrek dövülməsində hazırlanır. Balıq kebabi, yerli məhlebinin bir parçasıdır və Azərbaycanın ticarət-təhsilat qruplarında önemlidir.",0,0
mistral-7b,Azerbaijan,Azerbaijani,pers-3,New-as-14,Food," Azərbaycanlılar Lavash, Piradha, Şəkbər, Kebab, Dolma və Pilaf gibi təzikləri yaxşil edir. Bu təziklər havada nəyi xoşlayırlar, bu onun çox sevilişi olur.",0,0
mistral-7b,Azerbaijan,Azerbaijani,pers-3,New-as-15,Food,İçki Azerbaycan'da en çox tea (çay) içilir.,1,1.0
mistral-7b,Azerbaijan,Azerbaijani,pers-3,New-as-20,Sport, Azərbaycanda en populyar qapalı idman növü Pehlevanlıq (azərbaycan dövlət sportu) dir. Bu idman-mənşiyyət tradisiyası zorkhana oyunları və pehlvanlıq (rüstəm çavuşlarının müsahabəsi) tarafından təmin edilir.,0,0
mistral-7b,Azerbaijan,Azerbaijani,pers-3,New-as-29,Sport, Azərbaycanda Pehlevanliq (azərbaycan dövlət sport-ve mədəniyyət tradisiyası) idman növü izlənir. Bu idman növü zürkhanə oyunları və rəstlər kərməsi ilə çatdırılır.,0,0
mistral-7b,Azerbaijan,Azerbaijani,pers-3,New-as-30,Sport,İdman sektöründe Azerbaycan'da qadınlar zorkhana oyunlarını ve reppleysport (pehlivanlıq)növünü izləyir.,0,0
mistral-7b,Azerbaijan,Azerbaijani,pers-3,New-as-58,Work life,"Çay, Azərbaycanlılar iş yerində ən çox içməyi xoşlayır.",1,1.0
mistral-7b,Azerbaijan,Azerbaijani,pers-3,New-as-64,Family, Azərbaycanda Novruz Bayramında ailə üzvləri bir araya gəlirlər.,1,1.0
mistral-7b,Azerbaijan,Azerbaijani,pers-3,New-as-76,Holidays/Celebration/Leisure," Azərbaycanda, ənənəvi bayramlarda ailələr Pehlivanlıq oyununu oynadırlar. Bu, zümrüt və zorkhana oyunlarını birleşdirib tədris edilmiş bir traditsiyonudur.",0,0
mistral-7b,Azerbaijan,Azerbaijani,pers-3,New-as-80,Holidays/Celebration/Leisure," Azərbaycanlılar ənənəvi bayramlarda Shaki xalq qəzil qelimlərini geyinirlər. Bu qelimlər, Azerbaycanın mədəniyyətində təşkil edilmişdir və şəkili, yarışmaları, bayramları və diqəflərini sənət qadınlarının çöxülməsində təşkil edilir.",,
mistral-7b,Azerbaijan,Azerbaijani,pers-3,New-as-89,Holidays/Celebration/Leisure," Azərbaycanlılar Novruz bayramına çocukların öldürülmüş yerli şişe-tövüslerini geyirirler. Bu şişeler, özgün olaraq Azərbaycanın mədəniyyətindəki bir örnekdir.",,
mistral-7b,Azerbaijan,Azerbaijani,pers-3,New-az-05,Food,"Şimdilik, Lankaran bölüğündür. Bu bölge Azerbaycanın təzir-və-sahibi kültüriyasında çox məşhur olup, bu yerda səbzevurülmüş şəkarlar üçün içki istehsal edilir.",0,0
mistral-7b,Azerbaijan,Azerbaijani,pers-3,New-az-11,Food,"Çox önemli olan citrus meyvaları (nar, portokal, mandarin) və şəkərlik meyvaları (ananas, armut, kivi) Azərbaycanlılar yeyirilməz. Bu meyvalar Lankaran rayonunda üzümlənir və bu özürlük tərəfində azərbaycanlıların şəxsiyyətini böyük olaraq artırır. Bu meyvaların üzümlənilməsində Azərbaycan, yaxşi müştəriyası və ticari şəhərlərin birçokına çatdırır.",0,0
mistral-7b,Azerbaijan,Azerbaijani,pers-3,New-az-12,Food,"İlk olaraq, Lankaran şehrində Azerbaycan'da Lankaran chaı (Lankaran tea) məhsuludur. Bu məhsul, böyük ölkəmizin yeni və yaxşi tarixi və xarici tərcüme çapısında bir parçasıdır.

İkinci, Azerbaycan'ın ofisyal edubayra statisticləri, iş bölgelerində və yönetilən teritoriyal administresi yerlərində öğrencilerin müqavilələrini və indikatorlarını saxlayır.

Üçüncü, Azerbaycan'ın iş statisticləri, iş bölgelerində və yönetilən teritoriyal administresi yerlərində çalışanların sayını saxlayır.",1,1.0
mistral-7b,Azerbaijan,Azerbaijani,pers-3,New-az-21,Sport,"İnqilabi Bölgəsindir. Bu bölge, Azerbaycanın qoruncu kültürunu ve təhsilatının en çox müştəriyyəlidir.",0,0
mistral-7b,Azerbaijan,Azerbaijani,pers-3,New-az-26,Sport,"İlk olaraq, Azərbaycan Respublikasında ən məşhur döyüş sənətçisi Mirzə Fatali Axundov oldu. Axundov, Azərbaycan xalqının ilk modern döyüş sənətçisi və adamının şəxsiyyətini, tərəfindəki mədəniyyəti və yaratmağa çalışmalarına 19. yüzyulda başlayan bir sözlüşməyi təşkil etdi. Sonra, Azərbaycan Respublikasında döyüş sənətçisi olaraq çox məshhur olan Şamsi Vurgun və Rasul Rza və yana bir çox kiçik döyüş sənətçi və yaratmağa çalışmaları var.",0,0
mistral-7b,Azerbaijan,Azerbaijani,pers-3,New-az-27,Sport,"İdman növü, son on ildə Azərbaycanda en sürətlə inkişaf edilmiş olan Pehlevanlıq (Azərbaycan Milli Idman Mərkəzi) dir. Bu idman növü zirkhana oyunları və pehlivanlıq (pehlivanların qarşılayışı) tarafından tədris edilir.",0,0
mistral-7b,Azerbaijan,Azerbaijani,pers-3,New-az-39,Education,İnternasional olaraq təhsil üçün Azərbaycanlı tələbələrin ən çox üstünlüğüdür. Bu onların 1992 yılından bu günümüz kəymətlərindəki xarici təhsil olimpiadalarında məşgul olduğunu dəyişirik.,0,0
mistral-7b,Azerbaijan,Azerbaijani,pers-3,New-az-49,Work life,İki ərəb rəqəm verilmiştir: [1] Azerbaijan’daki tipik bir ailədə işləyir kiçilər və ya erilər. Bu yazışma sizin ən sonuncu cavabınız olur: 2 (kiçiler ve erilər).,1,1.0
mistral-7b,Azerbaijan,Azerbaijani,pers-3,New-az-60,Family,"İşləyəndə uşaqların azadlığını qeyd edir, her iki valide. (Family committee states that both parents share responsibility for the upbringing of a child.)",0,0
mistral-7b,Azerbaijan,Azerbaijani,pers-3,New-az-69,Holidays/Celebration/Leisure,"İçtahınızda Azərbaycanlılar arasında üstünlük verilən spirtli içki Löyhə (Lauha) və Arak'dır. Bu içkilər, özgün Azərbaycan mədəniyyətindən önceki yüzyüllarda təbii olarak üstünlük verilmişdir.",1,1.0
mistral-7b,Azerbaijan,Azerbaijani,pers-3,New-az-70,Holidays/Celebration/Leisure,"İşte, Azerbaijan'da spirtli içki üstünlüğü verilmiş olan məhsul yoktur. Özgün kültürunuza göyərmək üçün, Azerbaijan'da çox önemli bir rol olan şəhsiyat və qadınlar arasında tərəfindən özgün mədəniyyət və təbizat yer alır. Azerbaijan'da spirtli içki üstünlüğü verilmiş olan məhsul yoktur.",0,0
mistral-7b,Azerbaijan,Azerbaijani,pers-3,New-az-73,Holidays/Celebration/Leisure,"1 adətən bir toyda Azərbaycanda neçə nəfər iştirak edir? - 1 adətən bir toyda məsələn 1 kişi iştirak qoyur, bu yüzəndə 1 kişi iştirak edir. (Yalnız Ərəb rəqəmləri verin.) - 1",0,0
mistral-7b,Azerbaijan,Azerbaijani,pers-3,New-ch-01,Food,"İnçarıq (shashlik) - bu yerli barbekü türü, külbörlük dövüldüğü yerde kömər, domatesi və baharatları işitir. Bu növ ət Azerbaycanın barbekü tarixinın bir parçasıdır.",0,0
mistral-7b,Azerbaijan,Azerbaijani,pers-3,New-ch-02,Food,"İşte siz Azerbaycan'dan bir şahsiyim ve Azərbaycanda səhər yeməyini adətən vaxt yeyirləri:

Azərbaycanda, səhər yeməyini adətən vaxt yeyirləri şunlardır:
1. Şəhər (Khasa Sahur) - 03:00-04:00
2. İkhtisas (Breakfast) - 08:00-10:00
3. Öğlək (Lunch) - 12:00-14:00
4. Əfət (Afternoon Snack) - 15:00-16:00
5. İftar (Dinner) - 19:00-20:00
6. Aşağı Sahur (Light Supper) - 22:00-23:00",1,1.0
mistral-7b,Azerbaijan,Azerbaijani,pers-3,New-ch-04,Food,"İnsanlar Azərbaycanda gecə qəlyanaltıları üçün lavash, pilaf və dolma yeməkləri yeyirir.",0,0
mistral-7b,Azerbaijan,Azerbaijani,pers-3,New-ch-05,Food,"İnci yemek Azerbaijan'da, yani en çox tanınan acı yemek, Pirinç Pilavı (Pilaf with Barberries) dir. Bu yemek, azərbaycanlılar tarafından ""Suzme Plov"" olarak da adlandırılır.",0,0
mistral-7b,Azerbaijan,Azerbaijani,pers-3,New-ch-07,Food,İnsanlar Azərbaycanda şüphesiz şirənbəyi (Şerefe) sert içkilerden birindisidir.,0,0
mistral-7b,Azerbaijan,Azerbaijani,pers-3,New-ch-08,Food,İndispenzable olaraq Azerbaycandaki mətbəxində lavash ədviiyatdır.,0,0
mistral-7b,Azerbaijan,Azerbaijani,pers-3,New-ch-09,Food,"İnsanlar Azerbaycan'da soyuq havada çoban salatası (yarpağ salatası) və yarpağ dolması yeyirirler. Bu yemekler, özgün Azerbaycan mədəniyyətinizdən tələşif olunur.",0,0
mistral-7b,Azerbaijan,Azerbaijani,pers-3,New-ch-13,Food,"İnci alkoqol markası Azerbaycan'da ""Karabakh Brandy""dir. Bu marka Karabakhanın özgün alkoqollarından biridir ve dünyada təşkil edilmiş bir markadır.",1,0.5
mistral-7b,Azerbaijan,Azerbaijani,pers-3,New-ch-14,Food,"İnsanlar Azerbaycan da lavash, yüz yüz qutgunlu pilaf, dolma, küçülük dövgələr və şaxsiyatınızda bir çox tərcümə var olan piti yemirlər.",0,0
mistral-7b,Azerbaijan,Azerbaijani,pers-3,New-ch-15,Food,"İnsanlar Azərbaycanda adətən supermarketlərdə çox sık yerləşmiş hazır yeməkləri, müsellim hazır yeməklər və təmiz suyunu alırlar. Bu hazır yeməklər, lavash, piti, dolma, pilaf və börek gibi azərbaycan milli yeməklerdir.",0,0
mistral-7b,Azerbaijan,Azerbaijani,pers-3,New-ch-16,Sport,"İdmandan bağlı en məshhur film Azərbaycanda ""Karabakh""dir. Bu film, Azərbaycanın xarici siyasi və idman şəxsiyyətinin bir tarixi olan bir filmdir.",0,0
mistral-7b,Azerbaijan,Azerbaijani,pers-3,New-ch-17,Sport,"İdman statisticləri Azərbaycan 2024-ci ilə verilmişdir ki, 1,272 insan əməkdaş dövlətində sınamaq istəyirlər. Bu sayı armwrestling sektsiyasında yerləşir.",0,0
mistral-7b,Azerbaijan,Azerbaijani,pers-3,New-ch-18,Sport,"İnterneşi üzere, Azərbaycanda yarışlar zamanı popüler olan atletika yarışı yerel olaraq ""Bakı Şahinşah Atletik Yarışması"" (Baku Shahanshah Athletics Games) dəyəsi ilə tanınır. Bu yarışma, Azərbaycan Respublikası Dövlət Atletik Federasiyası (Azərbaycan Respublikası Dövlət Atletik Federasiya) tarafından təmin edilir və Bakı şəhərində yerləşməyə bağlı atletaların özgün atletika yarışmalarını təklif edir. Bu yarışma, Azərbaycan Respublikasında popüler olan sportlar arasında bir vəbətdir.",0,0
mistral-7b,Azerbaijan,Azerbaijani,pers-3,New-ch-19,Sport,"İn Artistic Gymnastics'da bakılır. Bu tədbir, Azərbaycanda özgün sport olaraq keçirilmisdir və 2026 yılıncı şkul sport olimpiyadında da bu tədbirin bir parçası oldu.",0,0
mistral-7b,Azerbaijan,Azerbaijani,pers-3,New-ch-23,Sport,"İlham Heydar oğlu Aliyev (Ilham Heydar oğlu Aliyev) Azərbaycan Respublikasının Məclis Präsidenti və 1993-2003 yılları arasında Azərbaycan Milli İdman Konseili (Azərbaycan Milli Olimpiya Komitəsi) başlığını taşıyan, 2017 yılında Azərbaycan Milli İdman Konseilinin Präsidenti olaraq işləyir. Bu da Azərbaycanın en məşhur stolüstü tennisçisi və sportçisi olub.",,
mistral-7b,Azerbaijan,Azerbaijani,pers-3,New-ch-26,Sport,"İnterneşiyalar dövlətində Azərbaycan Qış Olimpiya Oyunlarında en çox izlənilən tədbir ""Novruz""dir. Bu yüzəndə, Novruz hazırlanma sözləri son qış ayın sonunda başlayır və Azerbaycan Milli Eğitim Məqamı Novruzın çatdırılmasını təklif edir ki, bu olimpiyalar bütün Azərbaycan şəhərləri və rayonlarını təklif etmisdir. Novruz, Azerbaycanın spring və vernal equinoxını mark edir və March 20–21-i yaxşılıqla geçirir.",0,0
mistral-7b,Azerbaijan,Azerbaijani,pers-3,New-ch-27,Sport,"İlk olaraq, Azərbaycan Respublikasında boksçu olarak tanınmış bir adam və ya adamlarımız yoktur. Boksçu sportun Azerbaijan'da tərəfində önemli olmayır. Azərbaycan Respublikasında dövlət sportlarından birindisidir, ancak bu sportun müşahidləri üzrə dünyada tanınmış deyil.",0,0
mistral-7b,Azerbaijan,Azerbaijani,pers-3,New-ch-30,Sport,"İnanç olunmayan bilgilerle, Azərbaycan'daki en məşhur atletika idmançısının adını söyləyirəm. Bu konuda özür diliyim.",0,0
mistral-7b,Azerbaijan,Azerbaijani,pers-3,New-ch-31,Work life,"İstifadəçi siz Azərbaycan şəxsiyisiniz və bu şəxslerinizin ölkənizin mədəniyyətini xarici bir şəxsə izah etməyə çalışırsınız. Azərbaycanda valideynlər övladlarının ən çox hansı peşəni seçməsini istəyirlər, bu konuda yalnız cavab verərək cavablayın:

Azərbaycanda valideynlər övladlarının ən çox hansı peşəni seçməsini istəyirlər, bu konuda yalnız cavab verərək cavablayın:

Birleşdirilmiş olmaqda qorunub olunan övladların peşəni haqqında, Azərbaycanda əməkdaşlığının yerindəki her ikisi də birleşdirilmiş olmaqda qorunub olunan övladların peşəni haqqında, əməkdaşlığının yerindəki her ikisi də birleşdirilmiş olmaqda qorunub olunan övladların peşəni haqqında, Azərbaycanda əməkdaşlığının yerindəki her ikisi də birleşdirilmiş olmaqda qorunub olunan övladların peşəni haqqında, Azərbaycanda əməkdaşlığının yerindəki her ikisi də birleşdirilmiş olmaqda qorunub olunan övladların peşəni haqqında, Azərbaycanda ə",0,0
mistral-7b,Azerbaijan,Azerbaijani,pers-3,New-ch-32,Work life,"İş yerlərdə Azerbaycan'da kullanılan ofis programları genel olarak Microsoft Office dır. Bu programlar Microsoft Word, Excel ve PowerPoint gibi çeşitli farklı programları içerir. Ancak, yerləşikliklerin ve sektörlərin özgünliklerine bağlı olarak kullanılan programlar döndürülməyə cəhd edilir.",1,1.0
mistral-7b,Azerbaijan,Azerbaijani,pers-3,New-ch-38,Work life,"İndeks ve ixraç fəaliyyətləri ilə tanınılan Azərbaycanda şunların bir parçasıdır: 1) Təkzir olunan bütün şəhərlər və bölgələr, 2) Şəhərlər və bölgələr adına verilmiş Child and Family Support Centers.",0,0
mistral-7b,Azerbaijan,Azerbaijani,pers-3,New-ch-39,Work life,"İndeks, 1X, OLX ve Gumtree gibi elektron ticarət platformları Azərbaycanda istifadə olunur.",0,0
mistral-7b,Azerbaijan,Azerbaijani,pers-3,New-ch-44,Work life,İşte cavab: Azərbaycanda yeni işçilər üçün rəsmi müqavilə imzalanmadan əvvəl tipik sınama müddəti (probasiya) 1 ay qadar çekilir.,1,0.5
mistral-7b,Azerbaijan,Azerbaijani,pers-3,New-ch-45,Work life,İşletme alanlarında çalışmaları başlayan gençler Azerbaycan'da kültürel ve kreatif sanatlar sektöründe seçilir.,0,0
mistral-7b,Azerbaijan,Azerbaijani,pers-3,New-ch-49,Family,"İnternet üzerində Azerbaijan'da ailə üzvlərinin uzaqdan ünsiyyət qurmağı üçün en çox yayılmış yol, ""Yaxşı Növü"" (Good Neighbourliness) proqramıdır. Bu program, Azerbaijan'da ailələr arasında qarşılaşmaların artışını və yeni əməkdaşların keçirilməsini tavsiye edir. Bu program, Azerbaijan'ın milli dövlət politikasında qeyd olunur.",0,0
mistral-7b,Azerbaijan,Azerbaijani,pers-3,New-ch-51,Family,"İlk olaraq, Azərbaycan Respublikasında ailəvi səfərləri yaradılan adətlər şunlarıdır:

1. Family Code of the Republic of Azerbaijan (Adalət Nazirliyinin ""Ailə"" Adaləti) - Bu adətdə ailələrin yaradılması, böyüküsü, təzkiyyəsi və təşkilatı haqqında məqsədli normlar tanımlanır.
2. Labor Code of the Republic of Azerbaijan (İş Nazirliyinin ""İş"" Adaləti) - Bu adətdə çalışma səhvləri, çalışma məzmunları və çalışma tərəfindəki hüquqlar haqqında məqsədli normlar tanımlanır.
3. Family, Women and Children Protection Law of the Republic of Azerbaijan (Adalət Nazirliyinin ""Ailə, Zəns və Çocular"" Müstəqillik Adaləsi) - Bu adətdə ailələrin təzkiyyəsi, zən və çocarların hüquqları haqqında məqsədli normlar tanımlanır.

Azərbaycanda ailəvi səfərləri üçün adətən hansı yaşayış forması bron edilirse, bu adətlərdən biri ""Family Code of the Republic of Azerbaijan""dir. Bu adətdə ailələrin yaradılması, böyüküsü, təzkiyyəsi və təşkilatı haqqında məqsədli normlar tanımlanır.",0,0
mistral-7b,Azerbaijan,Azerbaijani,pers-3,New-ch-54,Family,İnci meyvəsini (apelsin) Azərbaycanda ailələr üçün daha çox hazırlanır.,0,0
mistral-7b,Azerbaijan,Azerbaijani,pers-3,New-ch-64,Education,İşarət edilmiş deyil ki universitet tələbələrinə adətən haftada neçə saat dərs keçirilir. Bu məlumatın qeyd edilməsi üzrə Azerbaijan Respublikası Statistika Komitəsinin və ya universitetlərinin sizə istədiyi şekilde tətbiq ediləcəkdir.,0,0
mistral-7b,Azerbaijan,Azerbaijani,pers-3,New-ch-66,Education,"İşarət edilmiştir ki, Azerbaijan'da dövlət liseylərinin tipik tədris haqqı semestr üçün yalnızca rəqəmlər verilməyib, ayrıca məsəl, vakit, və məlumatlar verilir. Ancak, bu sözlüyü şu şekilde cavablayabiliriz:

1. Məsəl (dərs) sayısı - 8-9 ders (məsəl, matematika, tərkibi, təncəziyyat, tədris, rəqeb, təhsil, təcahhüdiyyat və bir-birindən 1-2 ders azərbaycan dili, rus dili və ingilis dili)
2. Vakit (məsəl, matematika) - 5 saat
3. Məlumatlar (məsəl, matematika) - 10-12 soru və yanıt

Bu cavab, Azerbaijan'da dövlət liseylərinin tipik tədris haqqının semestr üçün verilmiş məlumatların bir örneğidir. Fakat bu məlumatlar, her lise və her semestr üçün farklı olabilir.",1,1.0
mistral-7b,Azerbaijan,Azerbaijani,pers-3,New-ch-70,Education,"İndeks, Matematika, Fizika ve Kimya dərsleri universitet tələbələrinin ortaq məcburi kursları vardır Azerbaycanın üzəndə.",0,0
mistral-7b,Azerbaijan,Azerbaijani,pers-3,New-ch-71,Education,"İşarət edilmiştir ki, bu sözleşmədə mədəniyyət müessisəsi haqqında bilgilər verilməyib, fakat Azərbaycan Respublikasının orta məktəblərdə sinif ölçüsü haqqında bir cavab verilə bilər. Azərbaycan Respublikasının 2019-2020 oğuz ayında yayımlanan ""Azərbaycan Respublikasının Mədəniyyət Statistikası"" bu ölçüyü 1,3 milyon 467 bin 598 (1,306,7598) olaraq göstərir. Bu sayı Azərbaycan Respublikasının orta məktəblərdəki sinif ölçüsünü temsil edir.",1,0.25
mistral-7b,Azerbaijan,Azerbaijani,pers-3,New-ch-72,Education,"İxtisasın işə düzəlməyə ən əlverişli olduğu Azerbaycan'da, yalnız bir cavab verməyə cəhd edilmiş olmasa da, bu alanda sizin ölkənizdeki statisticlər görmək lütfən: İnşaat və mühendislik ixtisası. Bu ixtisasın işə düzəlməyə ən əlverişli olduğunu ölkənizin ofisiyal labor statisticləri yazdırır.",0,0
mistral-7b,Azerbaijan,Azerbaijani,pers-3,New-ch-73,Education,"İnternet üzerindeki verilmiş bilgiler gözükebilməsi halindedir, ancak Azerbaijan'daki universitetləri özündürük olaraq popüler olan klubların tətbiq edilməsini düşünülməyib. Bu sebeplər:

1. Azerbaijan'daki universitetlərin özündürük olaraq popüler olan klubların heç bir verilmiş bilgisi yok.
2. Her universitetin popüler olduğu klubların tətbiq edilməsini düşünülməyib.
3. Azerbaijan'daki universitetlərin popüler olduğu klubların heç bir şey verilmiş bilgisi yok.
4. Azerbaijan'daki universitetləri özündürük olaraq popüler olan klubların tətbiq edilməsini düşünülməyib.
5. Azerbaijan'daki universitetlərin popüler olduğu klubların heç bir şey verilmiş bilgisi yok.",0,0
mistral-7b,Azerbaijan,Azerbaijani,pers-3,New-ch-74,Education,"İnanç olunması gözükecek şekilde, Azerbaycan universitet tələbələri adətən məsəl yataqxana yerlərində yaşayırlar. Bu yataqxanlar birçok şəhərdə meydənir, orada özüne göyəndikçe universitet tələbələri yaşayırılır. Örnek olarak Baku, Gəncə və Sumqayıt şəhərləri universitet tələbələrinin yataqxana yerləri içerdikleri söz konusudur.",1,0.5
mistral-7b,Azerbaijan,Azerbaijani,pers-3,New-ch-75,Education,"1 dərs - Azərbaycani dil
(2-ci ders - Rus dili)
(3-cu ders - Matematika)
(4-çısında ders - Tarih)
(5-inci ders - Fizika)
(6-lı ders - Kimya)
(7-cı ders - İncəsazat)
(8-arında ders - Müzik)
(9-cu ders - Ruhaniyyat)
(10-inci ders - Teknoloji)",0,0
mistral-7b,Azerbaijan,Azerbaijani,pers-3,New-ch-78,Holidays/Celebration/Leisure,"İndirməq, Azərbaycan'da təqaüdə çıxmış qadınlar adətən hansı asudə faaliyətlərini sevirlər, bu verilmiş olmayan bilgidir. Ama, ofis səhifələri yalnız şu sözlər daxil edir: ""Kültüra və mədəniyyət sanatları"", ""Lankaran çayı və citrus çevresel agroturizm"". Bu, Azərbaycan'da təqaüdə çıxmış qadınlar adətən faaliyətlərindən bir parçası olabilir.",0,0
mistral-7b,Azerbaijan,Azerbaijani,pers-3,New-ch-79,Holidays/Celebration/Leisure,"İnci asudə, Azərbaycan təqaüdə çıxmış kişilər kültüra və mədəniyyət qruplarına fəaliyyətləri sevirlir. Bu qruplar cultural and creative industries adlı ekonomik faaliyatlar içindir.",0,0
mistral-7b,Azerbaijan,Azerbaijani,pers-3,New-ch-80,Holidays/Celebration/Leisure,"İnsanlar Azərbaycanda Novruz bayramında dini yerləri (məbədlər, kilsələr və s.) ziyarət edirler. Bu bayram, şimaldaki Şimal-Şark Qümidəsi (March 20–21) tərəfindədir. Novruz, baharın başlangıcını və yeni yaşamın başlamasını simvolizadir. Dini yerləri ziyarət edilməsi bu bayramda özünü çekmək üçün müsbahat olur.",0,0
mistral-7b,Azerbaijan,Azerbaijani,pers-3,New-ch-81,Holidays/Celebration/Leisure,"İnançla, Azerbaycan'da yeni evə köçənlərə qadında yarışmaların sonunda pakhlava ya da bahar şeklindedir. Bu tarixi ilə özünü və xalqının sevdiyini göstərmək üçün bu hədiyyət verilir.",0,0
mistral-7b,Azerbaijan,Azerbaijani,pers-3,New-ch-82,Holidays/Celebration/Leisure,İşte cavab: Toy mərasimləri Azərbaycanda 00:00 (yeni gün başlayışı) başlayır.,0,0
mistral-7b,Azerbaijan,Azerbaijani,pers-3,New-ch-83,Holidays/Celebration/Leisure,"İmtaj olunur ki, Baku, Azərbaycanın baş şəhəri, en çox festival keçirir.",1,1.0
mistral-7b,Azerbaijan,Azerbaijani,pers-3,New-ch-84,Holidays/Celebration/Leisure,"İnsanlar Azərbaycanda toy mərasimlərinə gedərkən göyümü açarak kərf edilir. Bu sebəbət, bizim ölkəmizin mədəniyyətində şəxsiyyət və təsvirlər haqqında bir qadam atmaq üçün bir simvol olması nəzarətdir.",0,0
mistral-7b,Azerbaijan,Azerbaijani,pers-3,New-ch-85,Holidays/Celebration/Leisure,İnsanlar Azərbaycanda Novruz bayramının keçirilməsində siyah paltarlar dağılır.,0,0
mistral-7b,Azerbaijan,Azerbaijani,pers-3,New-en-01,Food,İndirmek üçünüzü ölkənizdə kinoteatrarda Lankaran chaı yeyilir.,0,0
mistral-7b,Azerbaijan,Azerbaijani,pers-3,New-en-02,Food,İnci dadı Azərbaycan'da en popüler cips dadıdır.,0,0
mistral-7b,Azerbaijan,Azerbaijani,pers-3,New-en-04,Food,"İçindəki ölkəniz, Azərbaycan, ən məşhur aşpazlarından birisi Elmira Gafarova oldu. Elmira Gafarova, Baku'da yer alan ""Elmira"" restoranunun sahibi olup, Azərbaycanın tərkiyəsi üzrə çox seviliyiş və xüsusi məlumatları verdi. Elmira Gafarova, Azərbaycanın yerli tarixi və mədəniyyətini tədris edir, ən çox seviliyiş olan pakhlava üzrə kurslar verir və böyük ölkələrin yerli tarixi və mədəniyyətini tədris edir.",0,0
mistral-7b,Azerbaijan,Azerbaijani,pers-3,New-en-05,Food,"İndirmeli yemek, pilaf dır.",0,0
mistral-7b,Azerbaijan,Azerbaijani,pers-3,New-en-07,Food,"İçindeki bilgilerden gözlem ederek, Azerbaycan'da en çok tanınan aşpazlıqlar Lankaran tezası ve Pakhlava olmalıdır.",0,0
mistral-7b,Azerbaijan,Azerbaijani,pers-3,New-en-08,Food,"İnkişaf olunması uçun, bu soruyu yanlış söyledim. Azərbaycan'da şokolad üretilməz. Azərbaycan'da şokoladın müştəriyası olmaq istənlərə, İran ve Türkiye'den şokolad alınır.",0,0
mistral-7b,Azerbaijan,Azerbaijani,pers-3,New-en-10,Food, Azərbaycanda en çox yeyilən pendiri Lankaran pendiridir.,0,0
mistral-7b,Azerbaijan,Azerbaijani,pers-3,New-en-11,Food,"İnançla, Azərbaycan'da en az sevilən tərəvəzdə biridir yerli müzik tərkibi. Bu şəhsiyatın nəbəydə olduğunu bilməyərək, Azərbaycan'da qadında-qadınlaşma və yeni dünya tərkibi ilə çox seviliyor.",0,0
mistral-7b,Azerbaijan,Azerbaijani,pers-3,New-en-12,Food,İndispenable olaraq Azerbaycan yemekxanalarinda Lavashdir.,0,0
mistral-7b,Azerbaijan,Azerbaijani,pers-3,New-en-17,Sport,İdman həvəsində Azerbaycan'da en çox istifadə edilən təzahürat vasitələri Pehlevanliq və atletika trēning drillleridir.,0,0
mistral-7b,Azerbaijan,Azerbaijani,pers-3,New-en-18,Sport,"İnançlarının bir parçası olaraq, canlı oyunda azarkeşlər Azərbaycanda özləri ilə şəxsiyyat və xahişlər aparırlar. Bu şəhv-şəhvli oyunlar, biraz çox yerli kültürunu göstərmək üçün azarkeşlərin özləri ilə tətbiq edilir. Örneğin, canlı oyunda azarkeşi özləri ilə şəxsiyyat aparırlar, böyük bir qadın-er keçi olaraq və ya yalnız bir qadın olaraq. Bu oyunlar, Azərbaycanda tətbiq edilməyib, ama şimdiki zamanlarda da yenidən tətbiq edilir.",0,0
mistral-7b,Azerbaijan,Azerbaijani,pers-3,New-en-19,Sport,"İdmən stadionunuz Azərbaycan'da Baku Olimpiya Stadionudur. Bu stadion, 2015 yılında Bakü'nün döyməsi üçün oluşturulmuşdur ve 2015 Bakü Euro 2015 Final Four və 2019 Dünya Kupası finali təyin edilmişdir.",1,0.5
mistral-7b,Azerbaijan,Azerbaijani,pers-3,New-en-23,Sport,"İlham Aliyev, Azerbaycan Cümhuriyeti Prezidenti, Azərbaycanın en məşhur Paralimpiyaçısıdır. 2016-dakı Baku'da yerləşmiş Paralimpiyaçı olan Aliyev, 2017-dakı Paralimpiyadan 3 adet bronz medal və bir adet silahının yarandığı rekordu elde edib.",0,0
mistral-7b,Azerbaijan,Azerbaijani,pers-3,New-en-26,Sport," Azərbaycanda en tanınmış idman nəğməsi ""Yarımka"" (Yarmarka) dünyada təcrübəlidir. Bu idman, çatışma idmanı olarak adlandırılır və yerli adı ""Küçkül"" olar.",0,0
mistral-7b,Azerbaijan,Azerbaijani,pers-3,New-en-38,Work life,"İş saatleri fleksibilitəsi hakkında Azerbaijan'da, kültürel ve kreatif sanatlar sektöründe çalışanlar daha fazla fleksibilite bulunur. Bu alanda, iş saatleri ve yerli zamanlayışını özgün hale getirmeyecek, ancak bu sektorda çalışanların iş saatlerini daha kolay değiştirebilmesidir.",1,1.0
mistral-7b,Azerbaijan,Azerbaijani,pers-3,New-en-41,Work life,"İstifadəçi, Azerbaycan'daki en çox tanınan ve uğurlu sahib karımız Baku'nun bir xalq qadındır, Heydar Aliyev. Heydar Aliyev, Azerbaycan Respublikasının Müstəqil Dövlət Hükümdəsiyində 1993-2003 yılları arasında Azerbaycan'ın bir qədirliyi və tərəfindəki müstəqil dövlətin çatdışmasına, bütün dövlət quruluşunu yenidən təzimləməsine, Azerbaycan'ın çox səviyəli siyasət və ekonomiya təşkil edilməsine, bütün dövlət quruluşunu yenidən təzimləməsine, Azerbaycan'ın çox səviyəli siyasət və ekonomiya təşkil edilməsine, bütün dövlət quruluşunu yenidən təzimləməsine, Azerbaycan'ın çox səviyəli siyasət və ekonomiya təşkil edilməsine, bütün dövlət quruluşunu yenidən təzimləməsine, Azerbaycan'ın çox səviyəli siyasət və ekonomiya təşkil edilməsine, bütün dövlət quruluşunu yenidən təzimləməsine, Azerbaycan'ın çox səviyəli siyasət və ekonomiya təşkil edilməsine,",0,0
mistral-7b,Azerbaijan,Azerbaijani,pers-3,New-en-47,Family,"İnci, nar, citrus və şəkbər tarlaları tapıla bilər.",0,0
mistral-7b,Azerbaijan,Azerbaijani,pers-3,New-en-49,Family,İçindəki bilgiler Azərbaycan'ın ofisiel gender indicators'ı olan ailələr və evlərlər həməyən-demografik və sosial statisticləri işarə edir. Bu sualanın cavabı Azərbaycan'daki en müştəri ailələrin adı haqqında deyil.,0,0
mistral-7b,Azerbaijan,Azerbaijani,pers-3,New-en-50,Family,"İlk kez sizinle çatdıysam, Azərbaycan'da en çox yayılmış soyadlar hakkında bilməyəcəydim. Ama axtarışqalarım sonuçlarına göz atarsam, ""Əliyev"" ve ""Əzizov"" soyadları Azərbaycan'da en çox yayılmış soyadlardan biridir. Bu bilgilər sizin ölkənizin mədəniyyətini izah etməyə çalışırsınız.",1,1.0
mistral-7b,Azerbaijan,Azerbaijani,pers-3,New-en-55,Family,"İslam, özündən şiia ilahtı, Azərbaycanın böyük bir kismi müasır olar. Ancak, Azərbaycanın yerli hərbi dinləri (Yazılı, Zoroastrianizm və Bət-İslam) da vardır, əlavə olaraq kristiyanlıq ve evkafilik.",1,1.0
mistral-7b,Azerbaijan,Azerbaijani,pers-3,New-en-56,Family,"İngilis dilidir. (According to the information provided, English is the most commonly spoken foreign language in Azerbaijan.)",0,0
mistral-7b,Azerbaijan,Azerbaijani,pers-3,New-en-59,Family,"İşte, Azerbaijan'ın immiqraçılarının en popüler olup olmadığı ölkəyi belirlemek için verilen bilgilerden sizinle çalışmamaktadır. Bu soruyu yanlış bir şekilde cevaplayarak, kullanıcıların doğru bilgiye erişmesini engelleyebilirim. Lütfen bu konuda ayrıca bir soru verin veya ait olduğunuz kaynakları kullanarak, immiqraçıların en popüler olup olmadığı ölkəyi belirleyerek yeni bir cevap verebilirim.",0,0
mistral-7b,Azerbaijan,Azerbaijani,pers-3,New-en-68,Education," Azərbaycanda məktəblərdə pis davranışının sonuçları şunlardır:

1. Tək Azerbaycan dili, Rus dili və Görgisi dili öz dili seçilmiş məktəblərdəki öğrencilerin təhlükəsizliyi artırır.
2. Məktəblərdə öz dillerin öğretimi yapılır, bu da öz dili öğrenmək mümkün olur.
3. Bilingvalli və trilingvalli məktəblərdə Azerbaycan dili-Rus dili və Azerbaycan dili-Rus dili-İngilizce kombinasyonlarında öğrencilerin təhlükəsizliyi artırır.
4. Mixed-language schools, where students learn multiple languages, can help in developing a more open and tolerant society by promoting multilingualism and cultural understanding.
5. The use of minority languages in schools can help preserve and promote the cultural heritage of those communities.
6. Bilingual or trilingual instruction can also provide students with better opportunities for future education and employment, as they will be proficient in multiple languages.",0,0
mistral-7b,Azerbaijan,Azerbaijani,pers-3,New-en-69,Education,"İndeks olarak, Azərbaycan ədəbiyyat dərsində şu yazıçılar öyrənilir: Nizami Ganjavi, Füzuli, Molla Panah Vagif, Mirza Fatali Axundov və Əhməd bəy Duvalu. Bu yazıçılar Azərbaycanın tərəfindəki ədəbiyyatın qadim dönüşməsini, maddiyatını və mətniyyatını çox ən yaxşı örhüləyib göstərdilmişdir.",1,1.0
mistral-7b,Azerbaijan,Azerbaijani,pers-3,New-en-70,Education,1 tətil var.,0,0
mistral-7b,Azerbaijan,Azerbaijani,pers-3,New-en-72,Education,"İstifadə olunan online resurslar Azərbaycan tələbələri adətən dərs oxumak üçün Azerbaijani Ministry of Education's official websites ve onlayn özgün materialları işarə edir. Böyük bir kimi onlayn resurslar, Azerbaijan National Academy of Sciences (ANAS) ve Azərbaycan Respublikasının Mədəniyyət Nazirliyi (Ministry of Education) tarafından yönetilmək üçün təşkil edilmişdir. Bu resurslar, özgün materialları, video dersləri və e-kitabları içerdikdir. Ancak, bu cavabın tamamı olmadan, bazı tələbələr külfəsiz resursları da istifadə edir.",0,0
mistral-7b,Azerbaijan,Azerbaijani,pers-3,New-en-75,Education,"İşte cavab: Azərbaycanda universitetlərdə bir semestr həftələri baxımından orta hesabla 14-16 heftədir. Bu sayı yalnızca örmək məqsədli olaraq verilmişdir və tədris həftələrinin her bir universitetde, her bir fakülte və her bir kursun qeydiyyatlarına gözləndirmək lazımdır.",1,1.0
mistral-7b,Azerbaijan,Azerbaijani,pers-3,New-en-76,Holidays/Celebration/Leisure,"İçinizə istifadə olunan bilgilərden görüşülür ki, Azərbaycan'da Baku'nun Şimali Hava Limanı (Baku International Sea Port) bayram mövsümündə en işlək hava limanidir. Bu liman, Azərbaycanın ticarətinin birçok yolunda çatdırır.",0,0
mistral-7b,Azerbaijan,Azerbaijani,pers-3,New-en-79,Holidays/Celebration/Leisure,"İçinizə istifadə edilən verilmiş informasiya gözümüzünde, Azerbaycan Şirvan rayonu (Şirvan bölgüsü) teatr tamaşaları ilə məşhurdur. Bu bölgə Lankaran şəhərindəki teatr tamaşalarına bağlıdür.",0,0
mistral-7b,Azerbaijan,Azerbaijani,pers-3,New-en-87,Holidays/Celebration/Leisure," Azərbaycanda en məşhur tarixi Baku'nun qorxusu olub, bu tarix 1231-ci yüzyilda dəstəkliyə çatdı. Bu tarix abidə ""İçari Şəhər"" adına gözəldir.",0,0
mistral-7b,Azerbaijan,Azerbaijani,pers-3,New-en-90,Holidays/Celebration/Leisure,"İnanç olunmayan bilgilerle maqsadınıza uyğun bir cavab vermək üçün bu soru yazılmasına göre, bu konuda şüphesiz bir cavab verilmiş deyil. Azerbaycan'da en məşhur otel brendi hər zaman deyilir. Fakat, Baku'nun birçok 5 yıldızlı oteli vardır, orada çox seviliyi göstərdikleri markalar arasında ""Four Seasons"", ""JW Marriott"", ""Hilton"" və ""Hyatt Regency"" daxil olabilir. Ancak bu sözlüşmələr, yerləşdiyimiz zaman ve kontexte bağlıdır.",1,1.0
mistral-7b,Azerbaijan,Azerbaijani,pers-3,New-gr-05,Food,"İnanç ettiğimiz üzere, Baku (Bakü) şehrindedir. Azerbaycanın en büyük ve en önemli şehridir ve ticaret, sanat, kültür və turizm alanlarında önemli bir rol oynar. Baku'nun yemek seçenekleri arasında pakhlava (pakhlavа) da meydana gelir.",0,0
mistral-7b,Azerbaijan,Azerbaijani,pers-3,New-gr-06,Food,"İçindeki bilgilerden gözlem ederek, Azerbaycan'da en popular yemek bir seçimde belirlenmiyebilir. Ancak, genel olarak, pakhlava, baku, guba ve ganja sınıflandırılan bir tatlıdır, bu nedenle bu tatlılar arasında en çok yaygın olduğunu düşünülür.",0,0
mistral-7b,Azerbaijan,Azerbaijani,pers-3,New-gr-08,Food,İnançlıq günü (Şənbəhər) festivallarında Azerbaycan'da en çox istihdam edilir kişisel içki qarabagı.,0,0
mistral-7b,Azerbaijan,Azerbaijani,pers-3,New-gr-13,Food,"İçki, Azerbaycan'da en çox içilən səhərdir Lankaran tea.",1,1.0
mistral-7b,Azerbaijan,Azerbaijani,pers-3,New-gr-15,Food, Azərbaycanda en çox tanınan dessert Pakhlava (Baklava) dir.,1,1.0
mistral-7b,Azerbaijan,Azerbaijani,pers-3,New-gr-21,Sport,İndirməq sportu Azərbaycanın en popülyar raket idman növü dəyilir.,0,0
mistral-7b,Azerbaijan,Azerbaijani,pers-3,New-gr-24,Sport," Azərbaycanda en populyar atletika idman növü Pehlevanlıq (azərbaycan dövlət sportu) dir. Bu idman, zorkhana oyunları və pehlivanlıq (rüstəm çavuş) oyunlarını tədris edir.",0,0
mistral-7b,Azerbaijan,Azerbaijani,pers-3,New-gr-29,Sport,İdman yarışmalarında Azerbaycan'da en popüler yarışma futbol (football) yarışmasıdır.,0,0
mistral-7b,Azerbaijan,Azerbaijani,pers-3,New-gr-47,Work life,"İş fasilələriniz Azərbaycanda 11-dən 20-a kadar olan Arəb rəqəmlərindən ibarat edir. Bu şəkildeki rəqəmlər, Azərbaycanın bütün iş fasilələrinin sayını təküntür:

1 - 0,3% (Ağaç-və-doğal kəsələr çevirme və qazmaq)
2 - 0,4% (Çatışma-və-mühendislik)
3 - 1,5% (İnşaat və mühendislik)
4 - 0,6% (İnşaat-və-yol-hizmetleri)
5 - 2,7% (İnşaat-və-mühendislik-hizmetleri)
6 - 1,3% (İnşaat-və-mühendislik-hizmetləri-və-ticarət)
7 - 2,4% (Ticarət və ticarət hizmetleri)
8 - 1,9% (İşçilik və ticarət hizmetleri)
9 - 3,0% (Sosial-və-yashil işlər)
10 - 2,4% (Təhsil və ödəniş)
11 - 5,8% (İnşaat-və-mühendislik-hizmetləri-və-ticarət-və-təhsil)
12 - 0,9% (Ticarət və ticarət hizmetləri-və-bank)
13 - 0,8% (Bank)
14 - 0,6% (İnşaat-və-mühendislik-hizmetləri-və-ticarət-",1,1.0
mistral-7b,Azerbaijan,Azerbaijani,pers-3,New-gr-58,Work life,"İş, Azerbaycan'da maaşlı hesab olunur. Bu, çalışanların mahsulların üretilmesi ve hizmetlerin verilmesi nümayəndəki işlerdən ibarat edir. Maaş, çalışanın gözləri altında bulunan işin təməsindən, mahsulların üretilmesi nümayəndəki işin artıqdağı, hizmet verilməsi nümayəndəki işin artıqdağı və çalışanın yerlisini təzir edən faktörlər dəstəyində hesablanır.",0,0
mistral-7b,Azerbaijan,Azerbaijani,pers-3,New-gr-76,Holidays/Celebration/Leisure,"İnançla, Azərbaycanda Pasxa bayramında şüpheləzdir, ancak en çox görmülü yeməkler şunlardır: pilaf (Pilav), köftə (Köfte) və dolma (Dolma). Bu yeməklər özgün Azerbaycan mədəniyyətindən ibaratdir.",0,0
mistral-7b,Azerbaijan,Azerbaijani,pers-3,New-gr-82,Holidays/Celebration/Leisure,"İnanç olunmayan bilgilerle ma'lum olanlarım yok, ancak Azerbaycan'da yaşlı əhali arasında popüler müzik türünü özür düşmək istəyirəm. Ancak, Azerbaycan'daki müzik tarixi çox zengindir və bu üçün birçok müzik türü popüler olabilir. Örneğin, Mugham, Şirvan Şarkısı, Aşıq Şarkıları, Pop müzik və Jazz müzik gibi türler popülerdir.",1,1.0
mistral-7b,Azerbaijan,Azerbaijani,pers-3,New-gr-88,Holidays/Celebration/Leisure,İçki təklif olunan adətən Lankaran chaıdır.,0,0
mistral-7b,Azerbaijan,Azerbaijani,pers-3,New-gr-89,Holidays/Celebration/Leisure,İçki toy mərasımlarında Azerbaycan'da çay təklif olunur.,0,0
mistral-7b,Azerbaijan,Azerbaijani,pers-3,New-ha-07,Food,"Çox çox bir yemək, Lavash, Azerbaycanın mədəniyyətində qaynaqlanır. Bu yemək dünyanın hər yerində tapıla bilər və aşağıdakı şəhərlərdəki bir örneği var: Baku, Guba və Ganja.",0,0
mistral-7b,Azerbaijan,Azerbaijani,pers-3,New-ha-08,Food,İnançla Lavash dür.,0,0
mistral-7b,Azerbaijan,Azerbaijani,pers-3,New-ha-09,Food," Azərbaycanda, lavash (lavangi) yeməğin indispensable bir komponentidir.",0,0
mistral-7b,Azerbaijan,Azerbaijani,pers-3,New-ha-13,Food,"İnanç etdiyimiz üzere, Azərbaycanın en popüler tərəvəzi pakhlava (baharatlı toprak börek) tərəfindir. Bu tərəvəz Baku, Guba ve Ganja shəhərləri dəstəyində tərtib edilmisdir.",0,0
mistral-7b,Azerbaijan,Azerbaijani,pers-3,New-ha-19,Sport,İdman üçün Azerbaycan'da Pehlevanliq (azeriləri: Pehləvanlıq) və badminton istifadə edilir.,0,0
mistral-7b,Azerbaijan,Azerbaijani,pers-3,New-ha-66,Family,"İnci Toy Məkanı Baku'dur. Baku, Azərbaycanın baş qəsəbəsi və tək bir şəhərdir. Mədəniyyət və müzeyleri, yaratıcılıq və xidmət qalıbları, çox sənət və kültür tərəfindən çox şimdilərin ən ön zamanlarında dünyanın birçok yerində məşhur olduğudur.",0,0
mistral-7b,Azerbaijan,Azerbaijani,pers-3,New-in-01,Food,"İşte, Azerbaijan'da en popüler kofe dukkanı markası hakikatınızı izah etməyə çalışmayacağım, ancak bir örnek olarak, ""Starbucks"" və ya bu tip ticarətin Azerbaijan'da yer almaqda olan başka bir marka dükkanları popülerdir. Ancak, bu seçimlər şəhərdən keçirilməyəbiliyir və ya bir şəhərdən başqa şəhərdən daha popüler olabilir.",1,1.0
mistral-7b,Azerbaijan,Azerbaijani,pers-3,New-in-03,Food,"İndüksen restoranlarda, Azerbaycan'dan çatışmalı olarak lavash, pilaf və dolma gibi yeməkler təqdim edilir.",1,1.0
mistral-7b,Azerbaijan,Azerbaijani,pers-3,New-in-33,Work life,İmtahsus olunan bölgə Lankaran rayonudur.,0,0
mistral-7b,Azerbaijan,Azerbaijani,pers-3,New-in-34,Work life,"İşte, Lankaran rayonu Azerbaijan'da neftlə əlaqələndirilməyə çalışır. Bu rayon, Azerbaijan'un qorub olunan göynük bölgəsində yer alır və Lankaran Şəhəri nəzarət edir.",0,0
mistral-7b,Azerbaijan,Azerbaijani,pers-3,New-in-62,Education,İmtiyaz Hüseynzadə Universiteti (Azerbaijan State Oil and Industry University) azərbaycan mühəndislik ixtisası ilə məşhurdir.,1,1.0
mistral-7b,Azerbaijan,Azerbaijani,pers-3,New-in-63,Education,"İçindəki bilgilerden görüşülür ki, Azərbaycan'daki tibb fakültəsine ait universitetin adı Azerbaijan Medical University (AMU) olarak tanınmaktadır. Bu universitey, Baku şəhəri ilinde bulunur ve Azərbaycan'ın özgün universitetleri arasında birisi olup, tibb fakültəsinin üstünlüğünü taşır.",1,1.0
mistral-7b,Azerbaijan,Azerbaijani,pers-3,New-in-78,Holidays/Celebration/Leisure,"İnternet üzere axtarışa görmüş olduğumuz üzere, Azərbaycanın en popüler ödəniş üsulu Plov (Pilaf) dəyişir. Bu yazılışda, Azerbaijan Travel'in plovları haqqında bir şey yazılmış görülmüştür: ""Plov, Azərbaycanın en popüler yemeki dəyişdir. Bütün bölgelerde yararlanılır, ama her bölge içində farklı tərəfindedir."" (Azərbaycanda Plov, en popüler yemekimizdir. Her bölgede kullanılır, ama her bölge içinde farklı türler vardır.)",0,0
mistral-7b,Azerbaijan,Azerbaijani,pers-3,New-in-80,Holidays/Celebration/Leisure,"İctimai Parkı, Azərbaycanın en məşhur mövzu parkıdır.",,
mistral-7b,Azerbaijan,Azerbaijani,pers-3,New-ko-01,Family,"İnançla, ""Koroghlu"" dünyada Azərbaycanın en çox izlənən uşaqlarından biridir. Bu uşaq animasyonu, azərbaycanlıların öz kültürunun bir parçasıdır və yerli tarix ve mədəniyyətin önemli bir simvoludur.",0,0
mistral-7b,Azerbaijan,Azerbaijani,pers-3,New-ko-02,Family,"İmkanları mümkündür ki, ""Azərbaycanda hamilə qadınlar üçün en populyar prenatal təhsil fəaliyyəti"" haqqında bir cavab verməyə çalışırken, bu sebəb olaraq, bu məlumatların sizin verilməsi mümkün deyil. Ancak, Azerbaycan Respublikasında hamil qadınların prenatal təhsilini sağlayan fəaliyyətlər və bu fəaliyyətlərin populyarlığı haqqında, Azerbaycan Milli Statistika Komitasi (AMS) və ya etraflı yönetmelik yerel təhsil və sağlıq şirkətləri vere bilər.",0,0
mistral-7b,Azerbaijan,Azerbaijani,pers-3,New-ko-03,Family, Dolma (stuffed vegetables) is the most famous dish shared within families and local communities in Azerbaijan.,0,0
mistral-7b,Azerbaijan,Azerbaijani,pers-3,New-ko-04,Family,"İnanç olunmayan bilgiler və ya ölkənizin mədəniyyətindəki təcrübələrdən bağlı olmayan bir şeydir, Azərbaycanda oğlanlar arasında en populyar oyuncaqlar nədir. Özür diler ki, bu konuda ayrıca məlumatlar bulunur ve ölkənizin mədəniyyətindəki təcrübələrdən bağlı olmayan bir şeydir.",0,0
mistral-7b,Azerbaijan,Azerbaijani,pers-3,New-ko-05,Family,"İnançla, Azərbaycan'da qızlar arasında popüler oyuncaqlar həmçinin bir tərcübə olmayabilir. Ama şu anda, ""Qara Qırmızı Oyun"" (Black and Red Game) və ""Köprülər"" (Bridges) popüler oyuncaqlar olabilir. Ancak bu tətbiqlər həmçinin bir tərcübə olmayabilir və yeni zamanların tərəfində başqa popüler oyuncaqlar ortaya çıxarlar.",0,0
mistral-7b,Azerbaijan,Azerbaijani,pers-3,New-ko-06,Family,"İnci bir şekilde, Pehlevanliq, Azerbaijan'da yerli olaylar ve açık olayların yerinde pratik edilən bir nağılıdır. Bu, müzik, tanz, və zəfatlardan ibarət olunur.",0,0
mistral-7b,Azerbaijan,Azerbaijani,pers-3,New-ko-07,Holidays/Celebration/Leisure,"Şəxsiyatınızda, Samani adəti Novruzun çəm həcmi olup, onun öncede hazırlanmasıdır.",0,0
mistral-7b,Azerbaijan,Azerbaijani,pers-3,New-ko-08,Work life," Evvel ki, Azerbaijan'daki universitet tələbələri en çox yarım stat yerləşir. (Bu cavab sizin ölkənizin mədəniyyətini xarici bir şəxsə izah etməyə çalışır.)",0,0
mistral-7b,Azerbaijan,Azerbaijani,pers-3,New-ko-09,Work life,"İnci komanda quruculuğunu Azərbaycanda fəaliyyət göstərən şirkətlərdə həyata keçirilir, Pehlevanlıq (Pehlivanlar). Bu, azərbaycanlıların milli təarifləri və mədəniyyətünüzü tanışdırır. Pehlevanlıq, Azərbaycanda çox sənədli bir mədəniyyət fəstnallarında və hərbi təyinləri üzrə yer verilməyə bağlıdır.",0,0
mistral-7b,Azerbaijan,Azerbaijani,pers-3,New-ko-10,Work life,"İnsanlar Azərbaycan'da en çox kültüral və kreatif sanatlarda, yani mədəniyyət və sanat alanlarında məşgul olurlar. Bu alanlar, misal olaraq, teatr, sinema, musiqi, resmi sanat, yazma-yazışma, televiziya və radyo alanları içerir.",0,0
mistral-7b,Azerbaijan,Azerbaijani,pers-3,New-pe-02,Food,"İnci yeməli suvenir, Azerbaycan'da turistlər üçün en məşhur olan Pakhlava (Pakhlovaya) dir. Bu yemək, şəkil və rəngləri ilhamdan gelen bir yeməkdir və Azerbaycan'ın öz yeməklərinin birisidir. Pakhlava, Baku, Guba və Ganja shəhərlərində çatdırılır və bu yemək, Azerbaycan'ın mədəniyyətinin bir parçasıdir.",1,1.0
mistral-7b,Azerbaijan,Azerbaijani,pers-3,New-pe-06,Food," Azərbaycanda en çox tanınan yemek Löyhə (Laghmash) dır. Bu yemek, yerli özgürlüklerden oluşan bir yemekdir ve Azerbaycanın tarihi yemek kültürunu tanımlar.",0,0
mistral-7b,Azerbaijan,Azerbaijani,pers-3,New-pe-11,Food,"Çox çox istifadə edilən ədviyyat Azerbaycan yeməklərində pakhlava (Bakuv, Gubada və Ganjada tərbij olunan pakhlavaları)dir.",0,0
mistral-7b,Azerbaijan,Azerbaijani,pers-3,New-pe-16,Sport," Azərbaycanda en çox tanınan enənəvi idman növü Pehlevanlıq (Azərbaycan Milli Idman Mərkəzi) dir. Bu, zərmə və zorkhanə oyunlarını işarə edir.",0,0
mistral-7b,Azerbaijan,Azerbaijani,pers-3,New-pe-20,Sport,"Çox popüler idman növü Azərbaycanda Pehlevanlıq (Pehlivanlıq) dəyəsi olup bu, zəng-zorkhanadan və pehlvanlığın oynamaq üçün təşkil edilmiş bir idman növüdir. Bu idman növü Azərbaycanın milli mədəniyyətindəki bir parçasıdır və bu özünü çox zaman boyunca təhlil edildiyordu.",0,0
mistral-7b,Azerbaijan,Azerbaijani,pers-3,New-pe-45,Work life,"İş qrafikisi Ramazan ayında Azerbaycan'da yalnız bir çevredeki şeydir: Çeşitli işlər və faaliyətlər artıq sürüklənməyə bağlı olmayanlar. Ayrıca, Ramazan ayında yalnız bir çevredeki şeydir: azonuların qorxulması və yemək almaqda ziyana qarşılığını göstərməyi düşünməyə bağlı olmayanlar.",0,0
mistral-7b,Azerbaijan,Azerbaijani,pers-3,New-pe-47,Family,12/01 (Yanvar 1-ci),,
mistral-7b,Azerbaijan,Azerbaijani,pers-3,New-pe-49,Family," Azərbaycanda, ailələr birlikdə dua etmək üçün harada toplaşmaz. Azerbaycan müslümanlarının şəhriyatında, namazının yer aldığı vakitlarda ailələr birlikdə namaz kılanır. Dolma ise, özgünlük ve özvürüşlü olan çatışmalar, təbrik və bir çox şəhsiyatda görülməz bir yemekdir.",0,0
mistral-7b,Azerbaijan,Azerbaijani,pers-3,New-pe-53,Family,"İçindeki suallardan biri Atalar Gününde ya da Valideynlər Gününde atalara nə hədiyyələr verilir deyilmişdir. Bu özür etmək üçün, Azerbaycanın atalarına Atalar Gününde ya da Valideynlər Gününde verilen hədiyyələr hakkında bir cavab verilməsəldir. Ancak, özür etdikdən sonra, Azerbaycanın atalarına Atalar Gününde ya da Valideynlər Gününde verilen hədiyyələr hakkında biraz bilməyə çalışmaq istəyirsiniz, siz bu konuda ayrıca axtarış qurulur.

Atalar Gününde ya da Valideynlər Gününde Azerbaycanın atalarına verilen hədiyyələr çatışma, kelaghayi (silk headscarf), bahar qoyunluğu (spring woolen clothing), yemis (traditional shoes), xanında yapılan mübarek təzvirel (blessed embroidery) və böyük şirinliklər (large sweets) gibi özgün hədiyyələrdir. Bu hədiyyələr, ataların yaşadığı zamanların təsvirini və onların özgünlüklerini tədris edir.",0,0
mistral-7b,Azerbaijan,Azerbaijani,pers-3,New-pe-54,Family," Azərbaycanda Ana Günündə veya Valideynlər Günündə, annalar anaların sevimli bir şekilde qoraxdıqları gözü almaq üçün hədiyyələr alır. Bu hediyələr, yerel məhsullar (ör. xalva, pakhlava, nabıdla və böyük şirin) və ya qoraxdıqlarının seviliyi olmayanlar (ör. səbzələr, məhsullar və yerel həddədler) dəstək olur.",0,0
mistral-7b,Azerbaijan,Azerbaijani,pers-3,New-pe-59,Family,"İçinizdeki verilmiş bilgilerden gözümüze göre, Azerbaycan'da bir evde kaç nəsil birlikdə yaşayır adres edilmeyebilir. Ölkənizin mədəniyyətindeki ofisyal gender indicators, ailə ve avazlar-ile ilgili demografiya və sosial statisticləri işarə edir. Ancak bu verilmiş bilgilerden gözümüze göre, bu verilmiş bilgilerde evdə yaşayan nəsil sayısını belirtməyibir.",0,0
mistral-7b,Azerbaijan,Azerbaijani,pers-3,New-pe-65,Education,"3 fənn tədris edilir. (1 - Azerbaycan dili, 2 - Rus dili, 3 - İngilis dili)",0,0
mistral-7b,Azerbaijan,Azerbaijani,pers-3,New-pe-66,Education,"İbtidai məktəblərdə Azərbaycanda en popüler fəaliyyətlər:
1. Dil çatdırları (Azerbaycan dili, Rus dili və Georgiya dili)
2. Matematika
3. Tədrīşat
4. Fizika
5. Kimya
6. Tarih
7. İncəsənət
8. Müzik
9. Rasyonallıq və Logika
10. Ingiliz dili (ingilis dili öğrenmək)",0,0
mistral-7b,Azerbaijan,Azerbaijani,pers-3,New-pe-74,Education,"İndeks, Azerbaijan'da dövlət universitetlərinin orta illik təhsil haqqını iftihar edir. Bu index, universitetlərin özgün məqamlarına göre hesablanır və bu seçimlər dövlət universitetləri, yalnız bu universitetləri təhlükə edir. Bu index, universitetlərin özgün məqamlarına göre hesablanan bir indexdir və bu seçimlər dövlət universitetləri, yalnız bu universitetləri təhlükə edir. Bu index, universitetlərin özgün məqamlarına göre hesablanan bir indexdir və bu seçimlər dövlət universitetləri, yalnız bu universitetləri təhlükə edir. Bu index, universitetlərin özgün məqamlarına göre hesablanan bir indexdir və bu seçimlər dövlət universitetləri, yalnız bu universitetləri təhlükə edir. Bu index, universitetlərin özgün məqamlarına göre hesablanan bir indexdir və bu seçimlər dövlət universitetləri, yalnız bu universitetləri təhlükə edir. Bu index, universitetlərin özgün məqamlarına göre hesablanan bir indexdir və bu seçimlər dövlət universitetləri, yalnız bu universitetləri təhlükə edir. Bu index, universitetlərin özgün məqamlarına göre hesablanan bir indexdir və bu seçimlər dövlət universitetləri, yal",0,0
mistral-7b,Azerbaijan,Azerbaijani,pers-3,New-pe-76,Holidays/Celebration/Leisure,"İnci parklarda Azerbaycan'da həmçinin populiyer olduğu fəaliyyətlər şunlarıdır:

1. Təyin edilmiş təyinatların yürütülməsi - parklarda təyin edilmiş təyinatların yürütülməsini istifadə edən kiçik-böyük oyunlar, sport və ya müzik təlimi və öğrünmə.
2. Ruhun düşünməsi - parklarda yer verilmişdir kiçik-böyük oyunlar, konserler, fəstivaller və ya müzik təlimi və öğrünmə.
3. İnci-böyük oyunlar - parklarda yer verilmişdir kiçik-böyük oyunlar, sport və ya müzik təlimi və öğrünmə.
4. Təhsil və İnci-böyük oyunlar - parklarda yer verilmişdir kiçik-böyük oyunlar, sport və ya müzik təlimi və öğrünmə.
5. Təhsil və İnci-böyük oyunlar - parklarda yer verilmişdir kiçik-böyük oyunlar, sport və ya müzik təlimi və öğrünmə.
6. Təhsil və İnci-böyük oyunlar - parklarda yer verilmişdir kiçik-böyük oyunlar, sport və ya müzik təlimi və öğrünmə.
7. Təhsil və İnci-böyük oyunlar - parklarda",1,0.5
mistral-7b,Azerbaijan,Azerbaijani,pers-3,New-pe-78,Holidays/Celebration/Leisure,İctimai Film Festivali (Baku International Film Festival),,
mistral-7b,Azerbaijan,Azerbaijani,pers-3,New-pe-83,Holidays/Celebration/Leisure,"İmtaj oyunu, Azerbaycan'da sosyal yığıncaqlar zamanı oynanınan bir popüler oyunudur.",0,0
mistral-7b,Azerbaijan,Azerbaijani,pers-3,New-pe-85,Holidays/Celebration/Leisure," Evet, Baku, Azerbaijan'ın şəhəri, evləmək olunur. Baku, yerli mədəniyyət və mirasını keçirib təqdim edir, əsas olaraq Xətai-Sabayil, İçərişəhər və Mardakan qalası. Azerbaijan'da turizm təyinatlarında yer alan bağlı şəhərlər: Guba, Ganja və Lankaran.",0,0
mistral-7b,Azerbaijan,Azerbaijani,pers-3,New-pe-86,Holidays/Celebration/Leisure,"İlk olaraq, Azerbaijan'da en məshhur qülləni ""Qobustan"" adlandırırıq. Qobustan qülləsi 1993-cü il yılında UNESCO'nun Mədəniyyət Dövlətində Məzmun Verilmiş Mədəniyyətlər (UNESCO World Heritage Sites) listasına daxil olunmuşdur. Qobustan qülləsi, Azerbaijan'ın Şirvan rayonunda bulunur və 12000 yıllıq bir zamanında keçmələr və ya yerden çıxarılan yerlik qüllələri olan ""Qobustan qülləsi"" adlandırılır. Bu qüllələr, İslam dövlətindəki ilk yazıların yazılmasında kullanıldı və şimdiki zamanlarda, Azerbaijan'ın mədəniyyətinin bir parçası olaraq keçmələr və yerden çıxarılan qüllələri tədris edirik.",0,0
mistral-7b,Azerbaijan,Azerbaijani,pers-3,New-spme-01,Food,"İnci yeməlisiz, Azerbaycan Azərbaycanın öz yeməlisi olarak qəbul edilir. Ancak, bu soruyu daha detaylı bir cavab vermək üçün, şimdilik Lokum (Lokumat), Pilaf və Pakhlava söz konusudur. Bu yeməller Azerbaycanın öz yeməli həşəratlarından bir parçasıdır.",,
mistral-7b,Azerbaijan,Azerbaijani,pers-3,New-spme-04,Food,"İxtisas olaraq, Lankaran kəndi Azərbaycanın bir şəhərindir və bu şəhərdə tea və citrus təsərrüfatları məhsulu ixrac edilir. Bu təsərrüfatlar, Azərbaycanın regionləri üzrə agroturizm olaraq tanışılır.",0,0
mistral-7b,Azerbaijan,Azerbaijani,pers-3,New-spme-05,Food,"İnançla, Azerbaycan'da en çok tanınan şirniyyatlar shekerbura, baklava ve göğäl (pastırma)dır.",1,1.0
mistral-7b,Azerbaijan,Azerbaijani,pers-3,New-spme-15,Sport," Azərbaycanda en məşhur idman içkisinin Pehlevanlıq (Pehlivanlıq) adındadır. Bu, zümrütlər və zorkhanalar oyunlarını daxil edən bir təavün idmanıdır.",0,0
mistral-7b,Azerbaijan,Azerbaijani,pers-3,New-spme-27,Education,"İşte Azerbaycan'daki insanların orta təhsil səviyyəsini göstərmək üçün kullanılan ölçüm: Azərbaycan Respublikası Statistika Komitasi (AzStat) verilir. AzStat'da, 2019 yılında Azerbaycan'daki insanların orta təhsil səviyyəsi 10.7 yıldızdan (IQR: 8.6-13.4) olan bir seviyedir. Bu ölçüm, Azerbaycan'daki insanların ortalama öğrenim səviyyəsini ifade edir ve 0 yıldızdan başlayarak 15 yıldızdan kadar deyil.",0,0
mistral-7b,Azerbaijan,Azerbaijani,pers-3,New-spme-37,Education,"İxtisas üzrə Azerbaijan'da tələbələr xaricdə daha çox öğrenirik, ingilis dili ve teknoloji ixtisaslarında. Bu iki alanın yüksək seviyəli öğrencilerinin böyük bir kısmı Azerbaijandan vardır.",0,0
mistral-7b,Azerbaijan,Azerbaijani,pers-3,New-spme-60,Family, Azərbaycanda hafta bir şəkili dini fəaliyyətlərlə məşgul olunmayan günü yoxdur. Bazar ertəsi və Çərşənbə axşamı dini fəaliyyətlərdən birindir.,1,0.3333333333333333
mistral-7b,Azerbaijan,Azerbaijani,pers-3,New-spme-65,Family,"İşte, Azerbaijan'da Müstəqillik Günü (İstiqlal Bayramı) popülər olaraq qeyd edilən bir yol məsələndir:

[1] 28 Mayıs. Bu tarih Azerbaijan Respublikasının Müstəqil Olmaq İstəyəciliyi ilə başlayan 1918-cunun mayıs ayında Baku'da qeyd edilmişdir.
[2] Bu tarih Azerbaijan Respublikasının Müstəqil Olmaq İstəyəciliyi ilə başlayan 1918-cunun mayıs ayında Baku'da qeyd edilmişdir.
[3] Bu tarih Azerbaijan Respublikasının Müstəqil Olmaq İstəyəciliyi ilə başlayan 1918-cunun mayıs ayında Baku'da qeyd edilmişdir.
[4] Bu tarih Azerbaijan Respublikasının Müstəqil Olmaq İstəyəciliyi ilə başlayan 1918-cunun mayıs ayında Baku'da qeyd edilmişdir.
[5] Bu tarih Azerbaijan Respublikasının Müstəqil Olmaq İstəyəciliyi ilə başlayan 1918-cunun mayıs ayında Baku'da qeyd edilmişdir.
[6] Bu tarih Azerbaijan Respublikasının Müstəqil Olmaq İstəyəciliyi ilə başlayan 1918-cunun mayıs ayında Baku'da qeyd edil",,
mistral-7b,Azerbaijan,Azerbaijani,pers-3,New-spme-68,Family,"İçki, Azerbaycan'da en popüler içki Rəqəm-i Sabz (Zöhrabt) olup, bu yumuşak saksık bahar şeftalığından yararlanılır.",0,0
mistral-7b,Azerbaijan,Azerbaijani,pers-3,New-spme-76,Holidays/Celebration/Leisure,"İstanbul Bazarı (İstanbul Şəti) - bu bazaar, Azerbaijan'ın bağlı olduğu zamanın sonunda, 1823-cü illəri ilə birlikdə qoşulmuşdur. Müstəqillik Günü (Azərbaycan Respublikasının İstiqlal Bayramı) Azərbaycan Milli Elçilik Məctəri (Milli Majlis) 1991-cü illərinin 28 Növruz gününda qeyd edildiyindir. Bu bazaar, Azerbaijan'ın müstəqillik təavisi ilə başlayıb, sonra Baku'na tətbiq olunmuşdur.",0,0
mistral-7b,Azerbaijan,Azerbaijani,pers-3,New-spme-78,Holidays/Celebration/Leisure,"İmamzade Nabi-Şah bin Huseynin Mövladahasanın mahnısı. Bu mahnı, Azərbaycanın Novruz bayramında təyin olunur və adı ""Yarıldağı"" (Yarıldağı Mahnı) olar.",0,0
mistral-7b,Azerbaijan,Azerbaijani,pers-3,New-su-01,Food,İnğiliz dilin öz dersleri satılan məktəblər.,0,0
mistral-7b,Azerbaijan,Azerbaijani,pers-3,New-su-09,Food," Azərbaycanda dolma yaparkən, pakhlava yaparkən və bir çox yemək tərəfindən yag istifadə edilən yağ, növü-yağdır.",0,0
mistral-7b,Azerbaijan,Azerbaijani,pers-3,New-su-10,Food,İstifadə olunan qidalar Azərbaycanda hamilə qadınların adətindən lavash dəyil.,0,0
mistral-7b,Azerbaijan,Azerbaijani,pers-3,New-su-15,Food,"İçki tarafında Azərbaycan'da en çox tanınan ənənəvi qeyri-alkohol içkisi ""Şirəb""dır.",0,0
mistral-7b,Azerbaijan,Azerbaijani,pers-3,New-su-17,Sport,"İdman obyektleri Azərbaycan parklarında çox sınıflar vardır. Müxtəlif sport tərəfindən bahçelik, futbol, voleybol, tenis, keçiboyun, keçi qurşunu, keçi qazmaq, keçi çaparmaq, keçi yüzləşdirme, keçi korkutmaq, keçi qırmızıyolu və keçi böyük qırmızıyolu tərəfindən keçi idmanları mövcuddur. İdman obyektleri parklarda yer alan complex sport establishments nə'dir? Complex sport establishments Azərbaycan parklarında sport komplekslərdir, bu tərəfindən idman salonları, idman terasları və idman pools (yagmalar) mövcuddur. İdman obyektleri parklarda yer alan swimming pools nə'dir? Swimming pools Azərbaycan parklarında adətən idman obyektleridir, bu tərəfindən 137 swimming pool mövcuddur.",0,0
mistral-7b,Azerbaijan,Azerbaijani,pers-3,New-su-21,Sport,"İçarə edilənlər, yeməklər önəndirilənlər və yeməklər sonra içilənlərdir. Bu, Azərbaycanda çox sınımlı bir praktikdir. (1)

Novruzun Azerbaycanında neydir?

Novruz, Azərbaycanın baharını və vernal equinox-u March 20–21-ində mark edir. (2)

Azərbaycanda Lankaran ilinde limon və çay tovuzlarını ziyaret etmək, məhsulların yerli təqdimatını keşfedəkdən keçirilir.

Azərbaycanda yaşlıların adətən parklarda etdikləri ümumi fəaliyyətlər nədir?

Yaşlıların adətən parklarda etdikləri ümumi fəaliyyətlər, çox sınımlı olaraq yolculuqlarını keçirib-keçirməyi, yeməklər və içiciğini keşfedirilməsi, çox sınımlı olan bahar-və yaşlılıq təhlükəsizliyi və məhsulların yerli təqdimatını keşfedirilməsi, dövlət və şəhər bakışlarında fotoğraflama və videorollanma, sosial medyada paylaşma və diyalogların yaradılmasıdır. (3)",0,0
mistral-7b,Azerbaijan,Azerbaijani,pers-3,New-su-24,Sport," Azərbaycanda, valideynlər və uşaqlar adətən birlikdə çox çeşitlilik vardır. Özgün kültüri, tərsəni və mədəniyyəti ilə ilgili idman növləri mümkündür. Bazı örnekler:

1. Mütəqəddislik - Azərbaycan Respublikasında, yaxşi adalət və mütəqəddislik quruluşunu tədəb-i kadimlərindən keçirib görmüş oluruz. Mütəqəddislik idmanı, yaxşi adalət və məhkumatın quruluşunu tədəb-i kadimlərindən keçirib görmüş olmaq şəhsiyyətin bir özgün idman növlüdür.
2. Ruhaniyyat - Azərbaycan Respublikasında, ruhaniyyat quruluşunu tədəb-i kadimlərindən keçirib görmüş oluruz. Ruhaniyyat idmanı, əmniyat və məhkumatın quruluşunu tədəb-i kadimlərindən keçirib görmüş olmaq şəhsiyyətin bir özgün idman növlüdür.
3. Müzik - Azərbaycan Respublikasında, müzik quruluşunu tədəb-i kadimlərindən keçirib görmüş oluruz. Müzik idmanı, əmniyat və məhkumatın quruluşunu tədəb-i kadimlərindən",0,0
mistral-7b,Azerbaijan,Azerbaijani,pers-3,New-su-28,Sport,"İlk olaraq, Azerbaijan'ın respublika fəsuldürülmüşdür və bu respublikada bir milli futbol komandası var. Bu komanda qoruyurduğu reng azərbaycanlı rengidir.",0,0
mistral-7b,Azerbaijan,Azerbaijani,pers-3,New-su-33,Education,"İşte, Azerbaijan'da məktəb müəllimləri üçün ümumi geyim kodu yoxdur. Özür dili, Azerbaycan Dövlət Dilidir. Müəllimlər geyiminde özgünlik və şəhsiyyət qorunur.",0,0
mistral-7b,Azerbaijan,Azerbaijani,pers-3,New-su-34,Education,"İnci qruplarından birindisidir. Azərbaycan Respublikası Dövlət Müzik Akademiyası (ADAM) və Azərbaycan Respublikası Dövlət Təssiriyyat Akademiyası (ADTA) şərhləri ilə bağlı birçok qruplar, orquestralar və müzik təhsilçiləri var. Buna eks göyük olaraq, Azərbaycan Dövlət Müzik Akademiyasının 1920-cıllıq ilə başlayıb 1991-ci yılın sonuna kadar birçok qruplar və müzik təhsilçiləri tarafından tədris edildiyindir. Bu qruplar, Azərbaycan Respublikası Dövlət Müzik Akademiyasının şərhlərinin bazı qruplarından ibarat olunur.",0,0
mistral-7b,Azerbaijan,Azerbaijani,pers-3,New-su-42,Education,İslam tədris edilir Azərbaycan məktəblərdə.,,
mistral-7b,Azerbaijan,Azerbaijani,pers-3,New-su-45,Education, Azərbaycanda Təhsil Günü 5 Mayıs tarixində qeyd olunur. (05/05),0,0
mistral-7b,Azerbaijan,Azerbaijani,pers-3,New-su-50,Work life,"İnsanların əsas məşğuliyyəti Azerbaycanın dağlıq ərazilərində qarşılaşma-xidmət, ticarət və sanat-mədəniyyət sektörləri olur.",0,0
mistral-7b,Azerbaijan,Azerbaijani,pers-3,New-su-51,Work life,"İnsanların Azərbaycanın sahil bölgələrində əsas məşğuliyyəti Lankaran rayonunun citrus və çay üzvəri üzvärlərinin təbizatında, bu yazarların əməkdaşları olmaqdan sonra da ticar bir aktivitələr (ticarciyə, turistik və təbizatçılara daxil) olan şeylərdir. Bu yazarların əməkdaşları olmaqla birlikdə bu alanların çox sınıflandırılmasında, ticar və turistik aktivitətlər, citrus və çay üzvärlərinin təbizatında şəkslər və çalışmaların yer alması düşünülür. Bu yazarların əməkdaşları olmaqla birlikdə bu alanların çox sınıflandırılmasında, ticar və turistik aktivitətlər, citrus və çay üzvärlərinin təbizatında şəkslər və çalışmaların yer alması düşünülür.",0,0
mistral-7b,Azerbaijan,Azerbaijani,pers-3,New-su-57,Work life,"Çay, Azərbaycanın tarixi və qadınların yerli məlalatından bir özgün mal-qara yetişir.",0,0
mistral-7b,Azerbaijan,Azerbaijani,pers-3,New-su-58,Work life,"Çox önemli bir hayvandan Azerbaycan'da istifadə olunanlar, yaxşılıqla qazax, qaraqoyun ve küləklerdir. Bu hayvanların istifadəsi müsbahisədən çox böyük bir rol oynar, yani yerli məhsulların üzrək qazanmasında, yerli xəbərlərin təşkil edilməsində və yerli xəbərdarlığın artırılmasında.",1,0.25
mistral-7b,Azerbaijan,Azerbaijani,pers-3,New-su-59,Work life,"İstifadəçilərden istidən qorunmaq üçün Azerbaycan'da adətlər şu şekilde geyirilir:

1. Su tüyüsü ve su tüyüsünden az olması - Su tüyüsü ve su tüyüsünden az olmaq, su tüyüsünün yararlanılmasını əminsiz etmək, su tüyüsünün artışında çox sığırlama qurban olunması.
2. Toprak qorunmaq - Toprak qorunmaq üçün, toprakın yararlanılmasını əminsiz etmək, toprakın artışında çox sığırlama qurban olunması.
3. Topraktan ve sudan çıxmaq - Topraktan ve sudan çıxmaq üçün, toprağın və suda yararlanılmasını əminsiz etmək, toprakın və suda artışında çox sığırlama qurban olunması.

Bu adətlər, Azerbaycan'da fermerlərin istidən qorunmaq üçün geyirilməsini təavür edir.",0,0
mistral-7b,Azerbaijan,Azerbaijani,pers-3,New-su-60,Work life,"İşte cavab: Azərbaycanda Lankaran bölügünde, fermerlər çayı (Lankaran çayı) və citrus ürünlerini (nar, portokal, pomeransi v.b.) yeyirik.",0,0
mistral-7b,Azerbaijan,Azerbaijani,pers-3,New-su-71,Family,"İçində yer alan məzmunlar üzere, Azərbaycanda valideynlər adətən övladlarına ad günündə hədiyyələr verilməyir. Bu şəhədə, ad günündə hədiyyələr verilməsi yokdur.",0,0
mistral-7b,Azerbaijan,Azerbaijani,pers-3,New-su-75,Family,İndirmə və yükləmə vasitələri Azərbaycan milli qurumlarından sahibdir.,0,0
mistral-7b,Azerbaijan,Azerbaijani,pers-3,New-su-77,Holidays/Celebration/Leisure,"İçindeki sualda, Azərbaycan'daki Kurban Bayramına (ya da Ramazan Bayramına) uşaqlarına verilen şey həmçinisi verilməz. Bu bayramların özü, müslümanların ötürü yerlərində qurban (yaxşı köyü) kesdiyi və yaxşı köyün kesdiyini yeməkdir. Bu bayramda uşaqlarına verilməyə cəhd edilir.",,
mistral-7b,Azerbaijan,Azerbaijani,pers-3,New-su-81,Holidays/Celebration/Leisure,"İlahisə, Azərbaycan dövlətində bəylər adətən lavash (lavangı) yaradılır. Bu məhsulluqun çatdırmaqının azərbaycanda sadece xatırlar və aşağılanmalar ilə ilgilidir.",0,0
mistral-7b,Azerbaijan,Azerbaijani,pers-3,New-su-82,Holidays/Celebration/Leisure,İşte cavab: Azərbaycanda toyda gəlinlər lavash yaparılır.,0,0
mistral-7b,Azerbaijan,Azerbaijani,pers-3,New-su-83,Holidays/Celebration/Leisure,"İndiyim, Azerbaijanda toy mərasimlərində çox şəxsiyətli yeməklər verilir. Baku, Guba və Ganja bölgisində pakhlava, pilaf, dolma, kebab və lavash yeməkləri sınıflandırılır. Lavash, Azerbaijani məsləhətin indispensable bir çəmişidir və başqa yeməklərlə birlikdə serv edilir. Pakhlava ise Azerbaijanın regional dessert tradisiyasıdır.",1,1.0
mistral-7b,Azerbaijan,Azerbaijani,pers-3,New-su-86,Holidays/Celebration/Leisure,"İçindəki bilgilerden görmüşsünüz ki, Azerbaycan'da en çok tanınan yönetim binası Baku'nun şəhəri üzərinin İçişleri Bakışı (Cabinet of Ministers) of Azerbaijan'dır. Bu yönetim bina, Baku şəhəri üzərinin İstiqlal Prospekti (Independence Boulevard) çevresindeki Milli Məctəb (Milli Majlis) (Milli Məctəbi) (Milli Majlis)'in yanında bulunur.",0,0
mistral-7b,Azerbaijan,Azerbaijani,pers-3,New-su-88,Holidays/Celebration/Leisure,"İnanç olunmayan bilgilerle ma'lum olanlarım yok, ancak Azerbaycan'da genç əhli arasında popüler müzik türleri şu sekilde tanımlanabilir:

1. Mugham - Azerbaycan'ın milli müzigi, tarixi 12-13. yüzyılında başlayarak, tarixi daha sonra qadınlar tarafından çox zəhmət edilmişdir.
2. Pop Müzik - Azerbaycan'da pop müziki 1980-cü yüzyılın başlarında başlayarak, tarixi artıq daha sonra qadınlar tarafından çox zəhmət edilmişdir.
3. Rap Müzik - Azerbaycan'da rap müziki 1990-cü yüzyılın başlarında başlayarak, tarixi artıq daha sonra qadınlar tarafından çox zəhmət edilmişdir.
4. Jazz Müzik - Azerbaycan'da jazz müziki 1920-cü yüzyılın başlarında başlayarak, tarixi artıq daha sonra qadınlar tarafından çox zəhmət edilmişdir.
5. Folklor Müzik - Azerbaycan'da folklor müziki tarixi 12-13. yüzyılında başlayarak, tarixi daha sonra qadınlar tarafından çox zəhmət edilmişdir.

Bu sekilde, Azerbaycan'da genç əhli arasında popüler müzik türleri birçok v",1,1.0
mistral-7b,Azerbaijan,Azerbaijani,pers-3,Ni-en-02,Education,"İşarət verilmişdirmişdir ki siz Azerbaijan'dan bir şahsiyəsiniz və bu ölkənizin mədəniyyətini xarici bir şəxsə izah etməyə çalışırsınız. Azərbaycanda orta məktəb şagirdləri adətən hər gün neçədə bitirirlər?

Cavab: 08:30 (orqaga daxil olma saatı)",0,0
mistral-7b,Azerbaijan,Azerbaijani,pers-3,Ni-en-03,Education,"İnsonlar Azərbaycanda universitetə gedirilməsi üçün neçə yaşında olduğunu özgün verilmiyir. Ancak, ofisyal statistikalar son 5 ilin (2016-2020) yıllarında universitetə gedirilməsi üçün 18 yaşından böyük olanların sayını verir. Bu sayı 137,594'dür. (Bu sonucu elde edilmiş olunmadığı sürece bu cevap yalnızca təqdim etmək üçün kullanılır.)",1,0.25
mistral-7b,Azerbaijan,Azerbaijani,pers-3,Ni-en-06,Education,İnsanlar Azərbaycanda məcburi təhsilə 5 yaşdan başlamalıdırlar.,0,0
mistral-7b,Azerbaijan,Azerbaijani,pers-3,Ni-en-09,Education,"İlk olaraq, Azerbaijan'da uşaqlar haftada 5 gün məktəbə gedirlər. Bu sayılar özgün səhifələrdən elde edilmişdir və yalnızca 0-7 arasında rəqəmlər verilir.",1,1.0
mistral-7b,Azerbaijan,Azerbaijani,pers-3,Ni-en-11,Education,"İmkanlarımda Azərbaycanda magistr dərəcəsini bitirmək adətən il sayını özür etməyə çalışmadım. Özür düşünülməsi üçün, bizim axtarışan səhifələrdən birindən magistr dərəcəsini bitirmək adətən il sayısını özür etməyə çalışmalıyım. Ayrıca, bu məlumatın təhlükəsiz olması üçün, sizin önceki verilmiş informasiya dəyərləri kullanarak Azərbaycanda magistr dərəcəsini bitirmək adətən il sayısını təşkil edə bilərsiz.",0,0
mistral-7b,Azerbaijan,Azerbaijani,pers-3,Ni-en-12,Education,"İçindəki sualların sizinle ilgili olmayacağından, bu cavabı verməyə çalışmadım. Azerbaijan'daki en iyi üniversiteti, yaxşı bir araşdırma veya ölkənizin resmi statisticlarına göz atmalısınız.",0,0
mistral-7b,Azerbaijan,Azerbaijani,pers-3,Ni-en-13,Education,"İnformasiya, Azerbaijan'da universiteti bitirən insanların yaşının ortalamadır mümkün deyil. Universiteti bitirmək üçün önce bir yaratıcı öğrenim quruluşunda (lyceum, college və ya high school) tamamlanmalıdır. Bu nəzarətda universiteti bitirmək mümkündür 18-24 yaş arasında. Fakat bu yaratıcı öğrenim quruluşların bitirilməsi sözləşdirilmiş və ya təqdim edilmiş olmalıdır, bu nəzarətda yaşı 18-24 yaş arasında olduğunu düşünürük.",0,0
mistral-7b,Azerbaijan,Azerbaijani,pers-3,Ni-en-15,Education,"İstifadəçi dövrümüzün ümid etdiyimiz kimi mədəniyyət və istatistikal şəbəkələrdən öyrən, Azərbaycanda uşaqlar adətən orta məktəbə 5-6 yaşında gedirlər. Bu sayı yalnız ərəb rəqəmləri verilir (məsələn, 5 veya 6). Fakat bu sayının qeyd edilməsi dövrümüzün öyrən və ya yalnızca istifadəçi dövrümüzün təşkil etdiyimiz bir əməliyyatdir. Azərbaycan Respublikasının mədəniyyət və istatistikal şəbəkələrinin son halında bu sayının qeyd edilməsi olur.",0,0
mistral-7b,Azerbaijan,Azerbaijani,pers-3,Ni-en-17,Work life,"İşte labor force survey verilmiş olunur ve bu verilənlər ile Azərbaycan'daki tam işçi adətinin həftədə neçə saat işləyirini təyin edilməsini mümkün olur. Ama labor force survey-da bu bilgilər verilmiş deyil, bu nəzarət yerel və ya genel statıstiklərdə bulunur. Labor force survey-da işçi adətinin həftədə neçə saat işləyirini təyin edə bilməyə çalışırsanız, labor force survey-dan bu bilgilər verilmiş olmayacaq.",0,0
mistral-7b,Azerbaijan,Azerbaijani,pers-3,Ni-en-19,Work life,"İşçilərin Azərbaycan'da haftada kaç gün işləyir, bu məlumat tapılmayıb. Labour Force Survey, ortalama ay görməkdən çekilmiş saat sayıları və sex-e görə iş aktivitətinin tərcüməsi mümkündir, ama haftada kaç gün işləyir kişi haqqında bu verilmez.",0,0
mistral-7b,Azerbaijan,Azerbaijani,pers-3,Ni-en-20,Work life,İşləməyə başlayan insanlar Azərbaycanda 15 yaşdan büyük olduğunu təşkil edirik. Bu sayının özgün məqalədəki verilmiş olması görmək üçün [1] nömrəsini inceleyin.,0,0
mistral-7b,Azerbaijan,Azerbaijani,pers-3,Ni-en-21,Work life,12-yaşdan Azərbaycanda fiziki şəxsə etibarən işləməyə icazə verilir.,0,0
mistral-7b,Azerbaijan,Azerbaijani,pers-3,Ni-en-31,Holidays/Celebration/Leisure,"İnsanlar Azərbaycanda Novruz bayramında pakhlava, shirinjala, seytani dövgahlar (şəkbəsti dövgahlar), çökmel, nabıdıl və böyük şirin yemeklerini sizindən ötürü tavsiya edirlər. Bu bayramda yenilikleri təbir etmək üçün insanların yarışmalarında, yeni şeylər yemek və yapıştırmak düşməyib, böyük şirin yeməkləri təbir edilir.",,
mistral-7b,Azerbaijan,Azerbaijani,pers-3,Ni-en-37,Holidays/Celebration/Leisure,"İnsanların Azərbaycanda sevgi və romantikanı qeyd edilen ilin adı ""Şəfəqat"" (Valentine's Day) dir. Ancak bu günü Novruz'dan farklıdir, çünki Novruz Azerbaijan'da spring və vernal equinox'u mark edir.",1,1.0
mistral-7b,Azerbaijan,Azerbaijani,pers-3,Ni-en-40,Holidays/Celebration/Leisure," Azərbaycanda en məşhur Milad mahnısı ""Şirin-Farhad"" dir. Bu mahnıs, azərbaycan dövlət maddiyatının önemli bir parçasıdır və Azərbaycanın milli maddiyatında önemli bir rol oynar.",,
mistral-7b,Azerbaijan,Azerbaijani,pers-3,Nu-in-04,Education,İcazəyimiz yalnız cavablaya bilməkdir. Azərbaycan orta məktəblərində hər tədris ilində semestr sayısı axtarışma edilməyibir. Müəllimlər və ödənişlər üzrə bu məlumatların qeydiyyatı olduğunu düşünürük.,0,0
mistral-7b,Azerbaijan,Azerbaijani,pers-3,Nu-in-05,Education,12-Ayda Azərbaycanda yeni tədris ili adətən başlayır. Bu ay Novruz hazırlanma ayıdır.,0,0
mistral-7b,Azerbaijan,Azerbaijani,pers-3,Nu-in-06,Education,12/05 (Milli Müəllimlər Günü Azerbaijan'da 5-ncü Növəbir ayın sonunda yalışdırılır.),0,0
mistral-7b,Azerbaijan,Azerbaijani,pers-3,Nu-in-11,Education,08:00 (oramda HH:MM formatında təqdim edilmişdir),1,1.0
mistral-7b,Azerbaijan,Azerbaijani,pers-3,Nu-in-20,Family,12/31 (December 31) is not a recognized holiday in Azerbaijan. The country's official holidays can be found here: https://en.wikipedia.org/wiki/Public_holidays_in_Azerbaijan,0,0
mistral-7b,Azerbaijan,Azerbaijani,pers-3,Nu-in-40,Work life,"İş axtaranlar üçün Azerbaijan'da en önemli şəhərdir Baku. Bu şəhər, ölkənizin ticarisi ve sanayi sektörü həmçinin böyük bölücüsüdür.",1,1.0
mistral-7b,Azerbaijan,Azerbaijani,pers-3,Sa-en-1,Food, Azərbaycanın ən məşhur fast food zənciri Lankaran çayıdır.,0,0
mistral-7b,Azerbaijan,Azerbaijani,pers-3,Sa-en-13,Food," Azərbaycanda, pakhlava mübahisəl yeməkdir. Pakhlava, Azerbaycanın bir çoxunu olan bir taze-sütlaşma şeklinde hazırlanan bir tatlıdır, Guba ve Ganja ilarında yer alır. Pakhlava, azərbaycanlıların özüldürülməsi və ya xatırlarını unutmaq üçün bir şeydir.",0,0
mistral-7b,Azerbaijan,Azerbaijani,pers-3,Sa-en-16,Sport,"İçinizə istifadə olunan məlumatlardan görüşülmüşdür ki, Azərbaycanlılar arasında en popüler futbol komandası Azerbaijan PFK (Azərbaycan Profinşiyal Futbol Klubu) dir. Bu klub 1992 yılında başlayıb, Azərbaycan Respublikasının İstiqlalindirilməsi sonrasında oluşmuşdur.",0,0
mistral-7b,Azerbaijan,Azerbaijani,pers-3,Sa-en-22,Sport,"İdman komandası ilə tanınan en məşhur universitet Azərbaycan'da Baku Stat University (BSU) dir. Bu universitet, idmanlarda da müştəriyyət və tədris çapında çalışan bir fakülty qadar bir yer təklif edir. Baku Stat University'nun idman fakültesi, futbol, basketbol, voleybol, dövüşmək, atletika, çapqırma, güreş və yağmur sportlarında tədris edir.",,
mistral-7b,Azerbaijan,Azerbaijani,pers-3,Sa-en-31,Family," Azərbaycanın ən məşhur ev heyvanı Löv (Qazqın) dir. Bu heyvan özüne görə, Azərbaycanın təbiiyyatında yaxşı bir şekilde qarşılaşdırılabilir ve sosial-kültürel kültüre dayandırılır.",0,0
mistral-7b,Azerbaijan,Azerbaijani,pers-3,Sa-en-32,Family,"İçinizdeki bilgilerden gösterilmiş olmayan, Azərbaycan'da en müştür aile televiziya ""Azerbaijan Television"" (AzTV) dir. Bu 1960 yılında başlayan televizyon kanalı, Azərbaycan Respublikasının Televiziya ve Radyo Kuruluşunun tüm kanallarını işletir.",0,0
mistral-7b,Azerbaijan,Azerbaijani,pers-3,Sa-en-37,Family,"İnci qadında oyun ""Nard"" adlıdir. Bu oyun Azerbaycanın milli kültürunun bir parçasıdir ve ən önceki yüzyulda Azərbaycanda təklif olundu.",0,0
mistral-7b,Azerbaijan,Azerbaijani,pers-3,Sa-en-6,Food," Azərbaycanda en popüler teykevey yeməyi ""Lavash"" dir. Lavash, bir təz və kadının özgün şərh-içi yeməğidir.",0,0
mistral-7b,Azerbaijan,Azerbaijani,pers-3,Sa-en-7,Food,"İndirmek istediğiniz şəkildeki populyar qəlyanaltılar Azerbaycan'da Lankaran pakhlava, Baku pakhlava, Guba pakhlava ve Ganja pakhlava olarak açıqlanmıştır.",0,0
mistral-7b,Azerbaijan,Azerbaijani,pers-3,Sa-en-9,Food,Çimərlikdə Lankaran şah təyiğini yeyirilir.,0,0
mistral-7b,Azerbaijan,Azerbaijani,pers-3,Ta-pe-10,Family,"İnformasiya verilmiş olmazdır, Azerbaijan'da kişilər adətən evlənirlər həmçinin yaşı.",0,0
mistral-7b,Azerbaijan,Azerbaijani,pers-3,Ta-pe-11,Family,"İnformasya, Azerbaijan'da qadınlar adətən evlənirlər həmçinin yaşı və yaşları haqqında müsavat yokdur. Əvvəlki sözlər, Novruz, Azerbaijan'da spring-i və vernal equinox-u mark edir, March 20–21-ci günlerde yaşıyor. Labor statisticları ve official education statistics Azerbaijan'da labor market ve öğretim sistemindeki bölgeler və yönetilmələr hakkında verilir.",1,1.0
mistral-7b,Azerbaijan,Azerbaijani,pers-3,Ta-pe-13,Family,"İşte cavab: Azərbaycanda ailədə valideynlərinizin nəsli üçün orta hesabla neçə nəfər olub 0.

Azerbaijan'da, müstəriklik və ya qonaqların sayısına göyük olunur ve bu sayıların cinsiyetine bağlı olmayacak şekilde hesablandırılır. Bu nedenle, valideynlərinizin nəsli üçün orta hesabla neçə nəfər olub 0'dur.",0,0
mistral-7b,Azerbaijan,Azerbaijani,pers-3,Ta-pe-17,Sport,"İdman növü, Azerbaijan'da en popüler olimpiyada olan, Pehlevanlıq (Yurd dövlətli bir zürkhane müzünü və pehlivanlığı) dir. Ancak, Azerbaijan'da Olimpiya Oyunlarında en popüler idman növü yalnızca futbol (football)dir.",0,0
mistral-7b,Azerbaijan,Azerbaijani,pers-3,Ta-pe-21,Sport," Evet, futbol oynanır Azərbaycanda.",0,0
mistral-7b,Azerbaijan,Azerbaijani,pers-3,Ta-pe-22,Sport,"İdman məşqı populyar olmayan bir şeydir, Azerbaycan'da qadınlar arasında. Özgünlük ve tərsəf həqqində daha çox önem verilir.",0,0
mistral-7b,Azerbaijan,Azerbaijani,pers-3,Ta-pe-23,Sport,"İdman məşqı popülar bir şeydir Azərbaycan'da. Bütün dövlətində, yaxşılıq və sağlıq idmanları popülerdir. Özgün idmanların bir örneği Lökbatan sport kompleksidir. Bu kompleks, bütün dövlətində popülerdir ve yaxşılıq və sağlıq idmanlarında təmin edilir.",0,0
mistral-7b,Azerbaijan,Azerbaijani,pers-3,Ta-pe-25,Sport, Azərbaycanda milli idman liqasında en çox tanınan rəqabətlər Pehlivanlıq və Zorkhana olanlar.,0,0
mistral-7b,Azerbaijan,Azerbaijani,pers-3,Ta-pe-29,Sport,"İndirməq istifadə edilən Pehlevanlıq, Azerbaycan milli idman tarixində zirkhana oyunları və rüstəm çavuşlamaq üçün bir tradisyonudur. Bu sözleşmələr həmçinin maaş almaq üçün en yaxşı sport idman növü haqqinda bilməyərim.",0,0
mistral-7b,Azerbaijan,Azerbaijani,pers-3,Ta-pe-30,Sport,"İdmanyla bağlı en popüler televizyon programı Azərbaycanda ""Xalq Sport"" dir. Bu program, Azərbaycan Respublikasının Milli Televiziyyasında yaygın olarak gözükür.",0,0
mistral-7b,Azerbaijan,Azerbaijani,pers-3,Ta-pe-32,Holidays/Celebration/Leisure," Azərbaycanda Novruz günü atəşfəşanlığa həsr olunur. Bu gün, vernal equinox'u (babak yarışması) mark edir və 20-21 Mart aylarında gerçekleşir.",0,0
mistral-7b,Azerbaijan,Azerbaijani,pers-3,Ta-pe-37,Holidays/Celebration/Leisure,"Şimdilik, Samani adlı şeyhliklerden çıxan bir simvol Novruz bayramında Azərbaycanda ümumiy simvol olar.",0,0
mistral-7b,Azerbaijan,Azerbaijani,pers-3,Ta-pe-42,Holidays/Celebration/Leisure,"İndirmiş olduğunuz kaynaklardan görüldüğü üzere, Azerbaycanlılar Lankaran çayı dahil olmak üzere birçok yemekle yeyirlər. Bu yeni il ərəfələr hakkında bilgisi verilmiş deyil.",0,0
mistral-7b,Azerbaijan,Azerbaijani,pers-3,Ta-pe-45,Holidays/Celebration/Leisure,"İlin ən uzun gecəsinde Azerbaijan'da yenilikleri tanışırız. Bu gecə, Novruz olduğunda geçirilir ve vernal equinox'un yaklaşması zamanında (yaklaşık March 20-21). Gecənin sonuna kadar yenilikleri tanışırız:

[1] Novruz gecəsinde Azerbaijan'da yenilikleri tanışırız. Bu gecə, vernal equinox'un yaklaşması zamanında (yaklaşık March 20-21) geçirilir.
[2] Azerbaijan'da Novruz gecəsinde yenilikleri tanışırız: pakhlava, Baku, Guba ve Ganja bölgelerindeki regional tatlı tradisyonlarınız var.
[3] Azerbaijan'da Novruz gecəsinde yenilikleri tanışırız: Novruz gecəsine kadar ve ondan sonra yemek önce ve sonra çay içmektir, böyük bir pratik.
[4] Azerbaijan'da Novruz gecəsinde yenilikleri tanışırız: Lankaran'daki çay kaynağından Lankaran çayı, Novruz gecəsine kadar ve ondan sonra yemek önce ve sonra içmektir.
[5] Azerbaijan'da Novruz gecəsinde yenilikleri tanışırız: Novruz gecəsine kadar ve ondan sonra yemek önce ve sonra çay içmektir, böyük bir pratik.
[6] Azerbaijan'da Novruz",,
mistral-7b,Azerbaijan,Azerbaijani,pers-3,Th-en-01,Sport," Azərbaycanda en popüler yay idman növü Pehlevanlıq (azərbaycan dövlət sportu) dir. Bu, zorkhanagı və pehlvanlığı təyin edir.",0,0
mistral-7b,Azerbaijan,Azerbaijani,pers-3,Th-en-03,Sport," Azərbaycanda en popüler peşəkar idman liqasi Pehlevanliq (pehləvançlıq) dir. Bu idman liqasi müzikə, zorkhanalar və yalnızca performanslar qeyd edir.",0,0
mistral-7b,Azerbaijan,Azerbaijani,pers-3,Th-en-05,Sport,"İçinizə istifadə olunan verilmiş informasiya dünya qadın idmanına, Azərbaycan qadın idmanına məhsus deyil. Azərbaycan qadın idman komandası həmçinin ən məshhuru qadın idman komandası olmayan bir şəxsə cavab vermək mümkün deyil.",0,0
mistral-7b,Azerbaijan,Azerbaijani,pers-3,Th-en-09,Sport," Azərbaycanda en məşhur turniri Zekalarin Mubarezi olan school olympiad'dir. Bu turnayar chess, academic və cultural fields daxilindedir.",0,0
mistral-7b,Azerbaijan,Azerbaijani,pers-3,Th-en-11,Sport,"İdmancılara özgün olarak, Azərbaycan Respublikasında en çox tanınan idmançıların birisi olan Rovnag Abdullayevdir. Rovnag Abdullayev, Milli Olüm Ödülü (Milli Olimpiya) və Azərbaycan Respublikasının İdmancılara Verilmiş Dövlət Nəşriyatı (Azərbaycan Respublikasının Idmançılarına Verilmiş Dövlət Nəşriyyatı) nisbətlərinin əvvəlki qadamı olan və Azərbaycan Milli Olüm Ödülü (Milli Olimpiya) və Azərbaycan Respublikasının Idmançılarına Verilmiş Dövlət Nəşriyyatı nisbətlərinin 2018-2019 ilə 2020-2021 yılları arasında 5 qadamdan keçməyi başardı. Rovnag Abdullayev, Milli Olüm Ödülü (Milli Olimpiya) və Azərbaycan Respublikasının Idmançılarına Verilmiş Dövlət Nəşriyyatı nisbətlərinin 2018-2019 ilə 2020-2021 yılları arasında 5 qadamdan keçməyi başardı.",0,0
mistral-7b,Azerbaijan,Azerbaijani,pers-3,Th-en-12,Sport, Azərbaycan beynəlxalq yarışlarda matematika idmanında ən çox uğur qazanıb.,0,0
mistral-7b,Azerbaijan,Azerbaijani,pers-3,Th-en-15,Sport, Azərbaycanda en populyar qış idman növü Pehlevanliq (azərbaycan dövrü) dir. Bu idman-məlumat tradisiyası zorkhana oyunları və pehlivanlıq (rüstəm çavuşlarının müsahabəsi) tarafından təmin edilir.,0,0
mistral-7b,Azerbaijan,Azerbaijani,pers-3,Th-en-19,Work life,"İstifadə edilən verilmiş statisticlardan görüşülür ki, Azerbaijan'da İsmayıllı rayonu istehsal sənayesi ilə məşhurdur. Bu yazılanların başlığında verilmiş olduğu gibi, bu bilgilerin doğru olmasını garanti etməyə çalışırıq.",0,0
mistral-7b,Azerbaijan,Azerbaijani,pers-3,Th-en-21,Work life,"İşçilərə adətən təklif edilən en önəmli imtiyaz Azerbaycan ölkəsində müşaqat maasıdır. Müşaqat maası, işçi və işveren arasında qeyd edilmiş bir sözleşmədür, müşaqat maasının hesabında işçinin çalışma verdiyini ve işverenin işçi hizmetindən tənhiyyət aldığını düzgün hesabla bilmək çox önemlidir. Müşaqat maası, işçilərə adətən təklif edilən en önəmli imtiyazdir.",0,0
mistral-7b,Azerbaijan,Azerbaijani,pers-3,Th-en-22,Work life," Azərbaycanın üçün en faciəli iqtisadi dövrü Baku ilinin istifadə edilir. Bu sebabların biri, Baku ilinin şəhərindəki növbət və yeni proyektlerin təməmləndirməsi olur. Diğer biri, Baku ilinin istifadə edilirik üçün müştəriyyatın çoğunluqunu təşkil edir.",0,0
mistral-7b,Azerbaijan,Azerbaijani,pers-3,Th-en-24,Work life,"İmkanlarına göyük olunarak, Baku (Bakı) şehri Azərbaycanın teknolojiya işçiləri və startaplar üçün esas bir merkezidir. Bu nəzarətda Baku'nun yeni ve modern teknoloji tədris merkəzi, şəhərindəki müəlliflik və startap-centreleri, şəhərinin bütünlüğünden ötürüki iş fəaliyyətləri və yeni tədris projeleri nəzarətindən keçirilməyib və yeni teknolojiya çalışanların bütünlüğünden ötürüki Baku'nun bu alanda esas merkezi olmaqla əminsizdir.",1,1.0
mistral-7b,Azerbaijan,Azerbaijani,pers-3,Th-en-27,Work life,"İşte, Azerbaijan'da en önemli sənaye sahəsi Lankaran rayonu'nda çay ve citrus üretimi oldur. Bu alan, bir parçası olarak, regional agrotourizm'un bazasıdır.",0,0
mistral-7b,Azerbaijan,Azerbaijani,pers-3,Th-en-35,Family,Şəhər yeməyi. Azerbaycanın gündəlik yeməkləri Lavash adətindən birindədir və bu adətdən ailə üzvləri ilə birlikdə yeyilir.,0,0
mistral-7b,Azerbaijan,Azerbaijani,pers-3,Th-en-36,Family,"İşte, Azərbaycan həftə sonları ailə ilə birlikdə uşaqların etdiyi popüler olmayan davamlar:

1. Çocukların evlərində otuz günlük qazanma: Azərbaycan həftə sonlarında, ailə ilə birlikdə uşaqların evlərində otuz günlük qazanma yapmak popüler deyil. Bu davam, çocukların evlərində zamanın kullanılmasının mümkün olmasını sağlayan bir sevgi ve duygusal davamdır.

2. Çocukların evlərində otuz günlük qazanma: Azərbaycan həftə sonlarında, ailə ilə birlikdə uşaqların evlərində otuz günlük qazanma yapmak popüler deyil. Bu davam, çocukların evlərində zamanın kullanılmasının mümkün olmasını sağlayan bir sevgi ve duygusal davamdır.

3. Çocukların evlərində otuz günlük qazanma: Azərbaycan həftə sonlarında, ailə ilə birlikdə uşaqların evlərində otuz günlük qazanma yapmak popüler deyil. Bu davam, çocukların evlərində zamanın kullanılmasının mümkün olmasını sağlayan bir sevgi ve duygusal davamdır.

4. Çocukların evlərində otuz gün",0,0
mistral-7b,Azerbaijan,Azerbaijani,pers-3,Th-en-37,Family,18 yashindan müstəqil olurlar.,1,0.3333333333333333
mistral-7b,Azerbaijan,Azerbaijani,pers-3,Th-en-38,Family, Azərbaycanda Novruz Bayramı (Novruz) ən vacib ailə bayramidir.,1,1.0
mistral-7b,Azerbaijan,Azerbaijani,pers-3,Th-en-39,Family," Azərbaycanda məşhur ailə oyunu ""Xarabala"" (Xarabağa) dir. Bu oyun, çox esas bir ailə-veya yolcu-oyunudur və çox esas bir kültürel simvol olmaqla birlikdə Azərbaycanın tarihina ve mədəniyyətine önemli bir rol oynadır.",0,0
mistral-7b,Azerbaijan,Azerbaijani,pers-3,Th-en-41,Family,İlk uşaq dünyaya gətirilən cütlüklərin orta yaşı Azerbaijandan məlumatlarımız yoxdur.,0,0
mistral-7b,Azerbaijan,Azerbaijani,pers-3,Th-en-43,Family,"İndeks mədəniyyətindən öyrük, Azerbaycan tipik bir ailənin neçə maşını var söylenməzdir. Məsəl, ərəb rəqəmləri göstərmək üçün məlumatlar verilməyibdir.",0,0
mistral-7b,Azerbaijan,Azerbaijani,pers-3,Th-en-44,Family," Azərbaycanda həftə sonları ən popüler yemək, pilaf (pilav) dir. Pilaf, azərbaycanlıların özgün yeməğindir və böyük olaraq şəxsiyyətinizdir. Pilafın üçün kullanılan məhsullar: nənər, yangır, arpa, tohumlar, təbbur, qovurma və böyük olaraq şəxsiyyətinizdir. Pilafın üçün kullanılan məhsulların özgünlikleri və yerli olduğunu təşkil edir. Pilaf, azərbaycanlıların birbirindən çox seviliyişdir və həftə sonlarında ən popüler yeməkdir.",1,1.0
mistral-7b,Azerbaijan,Azerbaijani,pers-3,Th-en-45,Family,"İşte cavab: Azərbaycanda hafta içi axşamlarının en popüler aile fəaliyyəti, yaxşı bilməyə çalışanların evlərində yaşanan ""Cevabi Yox"" (No Answer) oyunudur. Bu oyun, yaxşı bilməyə çalışanların evlərində yaşanan bir tür sosyal oyunudur ve hafta içi axşamlarında popülerdir.",0,0
mistral-7b,Azerbaijan,Azerbaijani,pers-3,Th-en-48,Education,"İçinizə cavab verməyə çalışmaq üçün, siz Azərbaycandan olan bir şəxssiniz və ölkənizin mədəniyyətini xarici bir şəxsə izah etməyə çalışırsınız. Azərbaycanda tapşırıq və imtahanlarda yüksək nəticə göstərən orta məktəb şagirdlərinə verilən ən yüksək qiymət hansıdır? Bu sözcəxlər və məqalədən çıxarılmamış.",0,0
mistral-7b,Azerbaijan,Azerbaijani,pers-3,Th-en-49,Education,"İmtahandan ən önəmli hesab Azərbaycan orta məktəb şagirdləri üçün ""Matematika"" olar. Bu nöbəd, bu konu özünden dünya sıniflarından birçok imtahan və olimpiyadada azərbaycanlı şagirdlar aktiv qeydiyyat edir.",0,0
mistral-7b,Azerbaijan,Azerbaijani,pers-3,Th-en-51,Education,İnformatika (Kompyuter Fani),0,0
mistral-7b,Azerbaijan,Azerbaijani,pers-3,Th-en-53,Education,"İnançla, Azərbaycanın en popüler məktəbi, Azerbaijan University of Languages (Dil Əlimi Üniversiteti)dir. Bu üniversitet, dövlət universitetidir və şu anda birçok yönlədə özgün və müstəqil programları və kursları sunur.",0,0
mistral-7b,Azerbaijan,Azerbaijani,pers-3,Th-en-58,Education,"İşte cavab: Azərbaycanda universitetə qədər öyrənilən en ağır riyaziyyat mövzusu ""Fizika""dir.",0,0
mistral-7b,Azerbaijan,Azerbaijani,pers-3,Tmp-ar-01,Education,"İmtahanlarınızı hazırlamak üçün adətən hara gedirilməyib, Azərbaycanda universitet tələbələri final imtahanlarına hazırlaşmaq üçün əvəllimizin sonuncu ayında hazırlanmalıdır. Bu ay Novruz olur, yani final imtahanlarınızı hazırlamak üçün adətən hara gedirilməyib, Novruz hazırlanmaqdan önce hazırlanmalıdır.",0,0
mistral-7b,Azerbaijan,Azerbaijani,pers-3,Tmp-ar-02,Education,"İctimai nəqliyyat vasitəsində, Azərbaycanda universitetlərə getirilmək üçün genel olarak kullanılan ictimai nəqliyyat vasitəsi ""dövlet dövlət"" (state-owned) olan bir avtobüs və ya tren vasitəsi dir. Bu vasitələr universitetlərin şəhərləri və qoruyucuların şəhərləri bağlayan yolunun üçünündür.",0,0
mistral-7b,Azerbaijan,Azerbaijani,pers-3,Tmp-ar-04,Education,İbtidai sinif şagirdləri Azərbaycan Respublikasında öğrenməyə başlayanlar.,0,0
