model,country,language,prompt_no,ID,topic,response,score,weight
qwen2.5-3b,Azerbaijan,Azerbaijani,pers-3,Al-en-01,Food,"Azərbaycanın məktəbəqədər uşaqlar üçün tipik qəlyanaltı, tərkibini və dəstəklənmiş məsələlərinə görə özündür. Azərbaycanda, ölkənin məktəbəqədər uşaqlar üçün qəlyanaltıların təşkilatı və dəstəklənmiş məsələlərinin növbəsi ilə bağlı olaraq, ştatın ölkəniyyət planları və məktəbəqədər uşaqlar üçün təşkilatlanan qəlyanaltıların dəstəklənmiş məsələlərinin növbəsi ilə bağlı olaraq özündür.",0,0
qwen2.5-3b,Azerbaijan,Azerbaijani,pers-3,Al-en-02,Food,"Azərbaycanın populyar yeməyi olan pivə, dövlət şəxsiyyəti və mədəniyyətdə onun ilə bağlı olan təlimatlarla qonuşmaqda uyğun deyil. Azərbaycanda bir çox yemək var, pivə ilə dövlət şəxsiyyəti arasında nümunə olmayacaq. Ancak, Azərbaycanın populyar yeməkləri arasında lavash yeməyi qoşulur və bu yemək Lavash ilə bağlı təlimatlarla dövlət şəxsiyyəti ilə bağlı olmayacaq.",0,0
qwen2.5-3b,Azerbaijan,Azerbaijani,pers-3,Al-en-04,Food,"Azərbaycanın en populyar meyvəsi, qıva (grape) dır.",0,0
qwen2.5-3b,Azerbaijan,Azerbaijani,pers-3,Al-en-06,Food,"İşte Azərbaycanın məktəbdəki təyin edilməmiş yemək xamasının bir cavabı:

Azərbaycanda məktəb yeməkxanasında tipik olaraq qıvma yeməyi verilir.",0,0
qwen2.5-3b,Azerbaijan,Azerbaijani,pers-3,Al-en-08,Food,"Lankaran marketindən istifadə etməyə cümlə vermək üçün, Azərbaycanın mədəniyyətini xarici bir şəxsə izah etmək üçün, lakin bu sual üçün konkret cavab verirəm: Lavash qəlyanaltıları yeyilir.",0,0
qwen2.5-3b,Azerbaijan,Azerbaijani,pers-3,Al-en-09,Food,Azərbaycanın əyləncə parkında populyar qəlyanaltı məhsulu pakhlavadır.,0,0
qwen2.5-3b,Azerbaijan,Azerbaijani,pers-3,Al-en-16,Education,3,1,0.5
qwen2.5-3b,Azerbaijan,Azerbaijani,pers-3,Al-en-17,Education,"Azərbaycanın ibtidai məktəblər üçün məşhur olan məktəbdənkənar idmanı zorkhana oyunudur. Zorkhana oyunu, pehlevanlıqdan istifadə etmək və zorkhanaların (gökbüyüklar) tərbiyəsi ilə bağlıdır. Bu oyun, məktəblərin qızıl şahramalarda yaxud birləşdirilmiş bir ortamda oynanır və onların zəhrədən istirahə etməsini, tərbiyə edilməsi ilə bağlı məlumatları izah etmək üçün bir şansdır.",0,0
qwen2.5-3b,Azerbaijan,Azerbaijani,pers-3,Al-en-18,Education,"Azərbaycanın ibtidai sinifi (1-4-an) şagirdlərin fənn üzrə fərdi təhsili, dövlət dilinin (Azerbaijani) qanak təhsilində yer alır.",1,0.2
qwen2.5-3b,Azerbaijan,Azerbaijani,pers-3,Al-en-19,Education,Azerbaijani-Russian,1,1.0
qwen2.5-3b,Azerbaijan,Azerbaijani,pers-3,Al-en-21,Education,"Azerbaijani dil və edebiyat müəssisəsinin vacib olduğu, bu fənnin dini, siyasi və mədəniyyətik təhsil üçün ən vacib olduğunu düşünüyüm.",0,0
qwen2.5-3b,Azerbaijan,Azerbaijani,pers-3,Al-en-32,Holidays/Celebration/Leisure,Azərbaycanın Şükran g University'nun (Novruz) əsas yeməyi pilafdır.,,
qwen2.5-3b,Azerbaijan,Azerbaijani,pers-3,Al-en-33,Holidays/Celebration/Leisure,"Azərbaycanın mədəniyyətində Halloween vaxtı yoxdur və bu şəxsi bir oyun və ya tarihi olmayan bir ünvan. Azərbaycanda Kelaghayi (silk headscarf) qeyd etmək Halloween ilə qarşılanır, ama bu kelime Halloween'ın yerindirilməsinə uyğun deyil.",,
qwen2.5-3b,Azerbaijan,Azerbaijani,pers-3,Al-en-34,Holidays/Celebration/Leisure,"İnançlı vaxtda, Azərbaycanın insanları Novruzbağ (Novruz) holidayi ilə bağlı məqamlarda qeyd etdirir. Bu gün, İslam tarihinin 1237-ci ildən başladığı ilə bağlı olaraq, dövvələr və gənclərlə birlikdə, yeməklar və şaxs-şaxs münasibətlərində qarşılanır. Novruzbağda insanlar ölkənin mədəniyyətini izah etməyə çalışırlar və kelaghayi (silk headscarf) yoxlayılır.",0,0
qwen2.5-3b,Azerbaijan,Azerbaijani,pers-3,Al-en-35,Holidays/Celebration/Leisure,"Azərbaycanın Milad bayramı, İslam dinin en mukammal bayramlarından biridir. Bu bayram, İsa Peygamber'in doğulması tarihi olan 1 Rabiülākşar (Arapça'da) veya 5 Noyūz (Azərbaycanca'da) günü qeyd edilir. Azərbaycanda bu bayramda insanlar mübarekliklər və münasibətlərə malikdir, həmçinin bir dəfə qalib olmaqla qarşılıq verilməsindən bahəseldir.",,
qwen2.5-3b,Azerbaijan,Azerbaijani,pers-3,Al-en-36,Holidays/Celebration/Leisure,"Hellüvin (Novruz) bayramında Azərbaycanlılar qızıl lavash, şamşurda, tuzlu şerbet və dəniz suyu yeməklərə əlaqələndirirlər.",,
qwen2.5-3b,Azerbaijan,Azerbaijani,pers-3,Al-en-37,Holidays/Celebration/Leisure,"Azərbaycanın Milad Bayramı ilə əlaqəli olan yemək qurultusu, lavash və azərbaycan təpəsi (pakhlava) məsələlərindən ibarətdir.",,
qwen2.5-3b,Azerbaijan,Azerbaijani,pers-3,Al-en-38,Holidays/Celebration/Leisure,Azərbaycanın Sevgililər günü ilə əlaqəli olan yemək lavashdır.,0,0
qwen2.5-3b,Azerbaijan,Azerbaijani,pers-3,Al-en-39,Holidays/Celebration/Leisure,"Azərbaycanın ad günü tarihi vaxtında, ad gününü dövrda yemək yaradır. Ancak, bu təlimatda verilənlərdən istifadə etməyə qoyulmur ki, Azərbaycanda ad günü insanlar arasında nə yeyirlər bilmədi. Ad gününü dövrda yemək yaradır və bu yemək tələb olunur.",0,0
qwen2.5-3b,Azerbaijan,Azerbaijani,pers-3,Al-en-40,Holidays/Celebration/Leisure,Pehlevanlıq oyunları玩。在阿塞拜疆，家庭成员和当地社区喜欢在皮尔凡尼克节日活动中一起玩耍。,0,0
qwen2.5-3b,Azerbaijan,Azerbaijani,pers-3,Al-en-43,Holidays/Celebration/Leisure,"Azərbaycanın ailələrində məşhur olan qapalı fəaliyyət nəticəsi ""Dolma""dur. Bu, aylanın təbii şəxsləri və təyillənmiş şəxslərin arasında paylaşılır və özel əsaslar və qaramaları dəyil ki, hər zaman işarə edilir. Dolma, aylanın mütəxəssisləri ilə birlikdə özün müddətindən istifadə etmək üçün hazırlanır və təyillənmiş şəxslərə qeyd edilir. Dolma, aylanın mütəxəssislərinin əlaqəsini artırmaqla işarə edilir və həmçinin aylanın təyillənmiş şəxslərindəki dəstəkünüza qeyd edilir.",0,0
qwen2.5-3b,Azerbaijan,Azerbaijani,pers-3,An-ar-02,Education,"Ümumi olaraq, Azərbaycanın universitet tələbələrinin naharı edilməsini mənimsə etmək istəyirəm, ama bu mağlubiyetli bir məlumat qazandıramadım. Azərbaycanın mədəniyyətindən vaxtda olan məlumatlarla bağlı olaraq, universitet tələbələrinin naharı edilməsini tam bir nəticə vermək mümkün deyil.",0,0
qwen2.5-3b,Azerbaijan,Azerbaijani,pers-3,An-ar-03,Education,5,1,0.6666666666666666
qwen2.5-3b,Azerbaijan,Azerbaijani,pers-3,An-ar-08,Education,16,1,1.0
qwen2.5-3b,Azerbaijan,Azerbaijani,pers-3,An-ar-09,Education,10,1,0.3333333333333333
qwen2.5-3b,Azerbaijan,Azerbaijani,pers-3,An-ar-34,Sport,Azərbaycan məktəbdə komanda ilə oynanılan ən populyar idman növü şəxsiyyətlər və qızlar üçün güreşdur.,0,0
qwen2.5-3b,Azerbaijan,Azerbaijani,pers-3,An-ar-35,Sport,"Azərbaycanın ən məşhur idman şərhçisi, Pehlevanliq adlı tərbiyədən qızılbağdan istifadə etməsidir. Bu traditionda, idmançılar zorkhana (gazin) oyunları və wrestling performanslarını göstərir.",0,0
qwen2.5-3b,Azerbaijan,Azerbaijani,pers-3,An-ar-36,Sport,"Azərbaycanın ən populyar idman komandası, FIFA-dan istehsal olunan futbol komandasıdır. Azərbaycan şərqdakı futbol ştatları arasında en böyük və yüksək seviyədə yer alır və dünya futbolluq liglərində birçok zaman şampiyonlar qurubluqunda yer alar.",0,0
qwen2.5-3b,Azerbaijan,Azerbaijani,pers-3,An-ar-43,Sport,"Azərbaycanın idman yayımlarını izləyəcək insanların adətən toplu şəhərlərdə, qızıqdaşlıqlarında və ya idman salonlarında toplanacaq. Idman salonları, şəhərlərindəki populyarnələrinin bir bənbirəri olduğu yerlərdə bulunur.",0,0
qwen2.5-3b,Azerbaijan,Azerbaijani,pers-3,Ca-sp-05,Food,5,0,0
qwen2.5-3b,Azerbaijan,Azerbaijani,pers-3,Ca-sp-06,Food,Pilaf Azərbaycanda Novruz bayramının ən vacib yeməyidir.,0,0
qwen2.5-3b,Azerbaijan,Azerbaijani,pers-3,Ca-sp-08,Food,"Kelaghayi (silk headscarf) Azərbaycanda mütəxəssislikdən istifadə edilir və bu, ölkənin intangible heritage listində yer alır. Bu nümunəsi də qanunlaşdırmaq üçün bir inqrediyent deyil, fərqlən mədəniyyətdən istifadə olunan bir elementdir.",0,0
qwen2.5-3b,Azerbaijan,Azerbaijani,pers-3,Ca-sp-09,Food,"Azerbaijanlıların ümumiyyətlə dövlətdə pakhlava yeyir, bu şəxsiy mütəxəddədən istifadə olunan bir qızıl qutubuzlu kül püskürməsindən ibarət.",1,0.3333333333333333
qwen2.5-3b,Azerbaijan,Azerbaijani,pers-3,Ca-sp-11,Food,"Azərbaycanınailəvi yeməkləri həftənin çoxdan qalib gəlir. Bu gün adətən Çarşamba (Çərşam) kimi təqdim olunur və bu gün adı ""Novruzbaaxtı"" adını sahibi olan Novruz bayramının başlanğıc günüdür.",0,0
qwen2.5-3b,Azerbaijan,Azerbaijani,pers-3,Ca-sp-14,Food,Azərbaycanın en populyar içkinin birincisi şuradır: **kahve**.,0,0
qwen2.5-3b,Azerbaijan,Azerbaijani,pers-3,Ca-sp-19,Holidays/Celebration/Leisure,"Azərbaycanın gənc vahşi qədərələrin (geçə klubunda) içirilməsinin məsələsi, ölkənin təhsil sistemi və sport policyuna bağlı olacaq. Azərbaycanın sport policyu müxtəlif vahşi qədərələrlə ilgili adətən içirilməsini dəyil, fəaliyyətdə istinad etməsi məqsədlidir. Bu nəticədən, gənc vahşi qədərələrlə ilgili adətən içirilməsinin olaraq təyin edilmediyi açıqlanır.",0,0
qwen2.5-3b,Azerbaijan,Azerbaijani,pers-3,Ca-sp-21,Holidays/Celebration/Leisure,12,0,0
qwen2.5-3b,Azerbaijan,Azerbaijani,pers-3,Ca-sp-29,Holidays/Celebration/Leisure,"Azərbaycanın Yeni İl arifəsində, Kelaghayi silk qovluqları və Lankaran teabazısı həyat tarihi mütəxəssislikdən istifadə olunur. Bu ənənələr, ölkənin mədəniyyətini izah etmək üçün onların intangible heritage listində yer alması ilə bağlıdır.",0,0
qwen2.5-3b,Azerbaijan,Azerbaijani,pers-3,Ca-sp-38,Family,"Azərbaycanın ailə üçün tipik ev türünü belirtirəm, lakin bu da məsələn bir şəxsin vaxtında və ya ölkədəki təhsil edilməsi ilə bağlı olmayacaq. Azərbaycanın ailə üçün ev türü müxtəlif ştatlar və qızıl şaharda ola bilər, fərqlən mütəxəssis nəticələrindən istifadə etmək olar.",0,0
qwen2.5-3b,Azerbaijan,Azerbaijani,pers-3,Ca-sp-41,Family,"İşte sizin istədiyiniz cevap:

Hayır, asılı vəziyyətdə yaşlılar Azərbaycanın haradadır. Bu konuda bir tələb olunmur.",0,0
qwen2.5-3b,Azerbaijan,Azerbaijani,pers-3,Ca-sp-42,Family,14,0,0
qwen2.5-3b,Azerbaijan,Azerbaijani,pers-3,Ca-sp-43,Family,15,0,0
qwen2.5-3b,Azerbaijan,Azerbaijani,pers-3,Ca-sp-45,Family,Azərbaycanın ailə tətilinin ümumi növ təyinatı 1 Maydanqalı (May Day) yaxud Aitədəl dəfəsi və ya İddia-yaşadış dəfəsində seçilir.,0,0
qwen2.5-3b,Azerbaijan,Azerbaijani,pers-3,Gu-ch-05,Sport,"Azərbaycanın yaşlıları pehlevanlıq dövrünü xoşlāyır. Bu, tarihi vaxtda qızıl qalbi (pahlevan) olmağa imkan verdiyi idman növlərindən biridir.",0,0
qwen2.5-3b,Azerbaijan,Azerbaijani,pers-3,Gu-ch-06,Sport,"Azərbaycan'da kişilər pehlevanlıq dövründəki idmanlarla daha çox məşğul olurlar. Bu dövrünun qoşulması, wrestling və zorkhana oyunları ilə bağlıdır.",1,0.2
qwen2.5-3b,Azerbaijan,Azerbaijani,pers-3,Gu-ch-07,Sport,"Azərbaycanın ən məşhur basketbolçusu, Azərbaycan Basketbol Şirketi (AZB) ştatı və dövr basketbolunun qoşulması ilə bağlı, Murad Elmasdur.",0,0
qwen2.5-3b,Azerbaijan,Azerbaijani,pers-3,Gu-ch-08,Sport,Pehlevanliq (wrestling) azərbaycanın uşaqlardan ən populyar idman növüdür.,0,0
qwen2.5-3b,Azerbaijan,Azerbaijani,pers-3,Gu-ch-09,Sport,"Azərbaycan daqıqları qadınların ən çox məşğul olduğu idman növlərindən biri və ya hər hansı bir növ ilə məşğul olmağı xoşlayırlar - Pehlevanlıq. Bu idman, qadınların daqıqlarının tələbəsi olduğu yaxud, onlar üçün təyin edilmiş və ya istifadə edilən növlər ilə məşğul olmağı və ya hər hansı bir idman növlərinin qarşılanmasına imkan verir.",0,0
qwen2.5-3b,Azerbaijan,Azerbaijani,pers-3,Gu-ch-11,Sport,Azərbaycanın Olimpiyatlarında ən çox qızıl medalı olan idman yarışması taşma (wrestling)dur.,1,1.0
qwen2.5-3b,Azerbaijan,Azerbaijani,pers-3,Gu-ch-15,Sport,"Azərbaycanın universitetində tələbə oğlanları arasında qızılqalşma, taşqurma və basketbol dövrümləri daha çox xoş edilir. Bu idmanlar mütəxəssislikdən istifadə etməyə yarayan tələbələr üçün idealdir və universitetdəki tələbələrin arasında bu dövrmləri oynamağı xoş edir.",0,0
qwen2.5-3b,Azerbaijan,Azerbaijani,pers-3,Gu-ch-16,Family,5,1,0.25
qwen2.5-3b,Azerbaijan,Azerbaijani,pers-3,Gu-ch-18,Family,12,1,1.0
qwen2.5-3b,Azerbaijan,Azerbaijani,pers-3,Gu-ch-31,Education,4,1,1.0
qwen2.5-3b,Azerbaijan,Azerbaijani,pers-3,Gu-ch-32,Education,4,0,0
qwen2.5-3b,Azerbaijan,Azerbaijani,pers-3,Gu-ch-33,Education,12,0,0
qwen2.5-3b,Azerbaijan,Azerbaijani,pers-3,Gu-ch-38,Education,4 years,1,1.0
qwen2.5-3b,Azerbaijan,Azerbaijani,pers-3,Gu-ch-40,Education,15:00,0,0
qwen2.5-3b,Azerbaijan,Azerbaijani,pers-3,Gu-ch-41,Education,12,1,1.0
qwen2.5-3b,Azerbaijan,Azerbaijani,pers-3,Ji-ko-02,Work life,"Azərbaycanın mədəniyyətində, həftənin son gününü (çarşamba) şirkətlə şam yeməyinə üstünlük verilir. Novruzbağın vaxtı ilə qarşılanan bu gün, yarmalı şamdan ibit etmək istəyiylənir.",0,0
qwen2.5-3b,Azerbaijan,Azerbaijani,pers-3,Ji-ko-03,Work life,"Azərbaycanın maliyyə şirkətlərinin en çox sayıda rayonun və şəhirdə var. Bu da bilməm gəlir. Azərbaycanın ölkənin bölgələrini döyüş etmək üçün 54 rayona bölündü, lakin bu maliyyə şirkətlərinin yerləşdirilməsinin tam bir nəticəsi gəlməz. Bu da ölkənin ekonomik və siyasitik faktoralardan ibarətdir.",0,0
qwen2.5-3b,Azerbaijan,Azerbaijani,pers-3,Ji-ko-07,Work life,"Azərbaycanın ən məşhur özəl şirkətləri arasında Shaki Silk Production Company və Lankaran Tea and Citrus Co. sayılır. Bu şirkətlər, ölkənin mədəniyyətini qorğunlaşdırmaq üçün onlayn agrotourism proqramları ilə təşkil edilmiş və regionallardan istifadəçiləri üçün müxtəlif şəbəkələr təyin etmişdir.",0,0
qwen2.5-3b,Azerbaijan,Azerbaijani,pers-3,Ji-ko-08,Work life,10,0,0
qwen2.5-3b,Azerbaijan,Azerbaijani,pers-3,Ji-ko-09,Work life,"İş toplantılarında zamanı Azərbaycanlıların qaz`a (yaka) və süt yedişində olduğu söylənir. Bu, ümumi mədəniyyətdə adətən yedirmək üçün istehsal olunan bir şəbəkədir.",0,0
qwen2.5-3b,Azerbaijan,Azerbaijani,pers-3,Ji-ko-14,Work life,"Azərbaycanın təmsil etdiyi ixrac məhsulu şəxsi olmayan Shaki silki və Lankaran teqləvi. Bu xarakterizasiya, ölkənin qızıl su silkəsinin müxtəlif metodlarla istirahə edən təşkilatların (Shaki silki) və qızıl su teqləvinin (Lankaran teqləvi) mütəxəssisini izah etməyə kömək edir.",0,0
qwen2.5-3b,Azerbaijan,Azerbaijani,pers-3,Ji-ko-15,Work life,4.5,0,0
qwen2.5-3b,Azerbaijan,Azerbaijani,pers-3,Ji-ko-16,Family,"İşte Azərbaycanın doğuşdan sonra sağlama süresi:

Azərbaycanın doğuşdan sonra sağlama süresi, ümumi məlumatlarla bağlı olmayan bir təsnifdir. Ancak, bu konuda verilənlər və analitiklar qeyd edilə bilər ki, Azərbaycanın doğuşdan sonra sağlama süresi 12-18 aydır. Bu, ümumi məlumatlarla bağlı olmayan bir təsnif olduğu üçün tam bir növ müəyyən etməyək.",0,0
qwen2.5-3b,Azerbaijan,Azerbaijani,pers-3,Ji-ko-19,Family,Valideyn günündə Azərbaycanda ən çox **lavash** güllüdür.,0,0
qwen2.5-3b,Azerbaijan,Azerbaijani,pers-3,Ji-ko-22,Family,"İnsanlar Azərbaycanda ilk maaşlarını genellikle iş türündən qarşılanır. İş türündən qarşılanan ilk maaşların qeyd edilməsində, iş türündən nəticələr və maaşlar arasında bir dəyərləmə var. Azərbaycan cəmiyyətində, ilk maaşların qeyd edilməsində iş türündən nəticələri fəaliyyətdə və ya iş tərəfindən qarşılanan maaşlar arasında bir dəyərləmə var. Azərbaycanın mədəniyyətini izah etmek üçün bu maaşların nəticələri və qeydlərə uyğun olmalıdır.",0,0
qwen2.5-3b,Azerbaijan,Azerbaijani,pers-3,Ji-ko-24,Family,"Azərbaycanın uşaqlarında ən çox üstünlük verilən istirahət mərkəzində, Guardian (yaşadığı yaşda şəxsiyyətlər) və Custodian (14-18 yaşda şəxsiyyətlər) rolü ilə bağlı olur. Bu növ istirahət mərkəzində, Guardian rolünü yoxlanan ən çox uşaqlar Guardian mərkəzlərinə aylana ediləcək və Custodian rolünü yoxlayan uşaqlar Custodian mərkəzlərinə aylana ediləcək. Bu növ istirahət mərkəzində, Guardian və Custodian rolü ilə bağlı olan ən çox uşaqların üstünlük verilə biləcək.",0,0
qwen2.5-3b,Azerbaijan,Azerbaijani,pers-3,Ji-ko-25,Family,"Azərbaycan daillərdə müxtəlif dinlər və qonşu illərdə dövrün xüsusiyyətləri ilə qarşılanan bayramlar təqdim edilir. Azərbaycanda İslam dinindən istehsal olunan bayramlar var, məsələn Ramazan Bayramı və Id al-Adha. Aılə ilə bağlı dövrün xüsusiyyətlərə görə, aillərdə qeyd edilən bayramlar təqdim olunur. Azərbaycanın mədəniyyətini izah etmək üçün bu bayramların nəticələri və dövrün xüsusiyyətlərindən istifadə edilməlidir.",,
qwen2.5-3b,Azerbaijan,Azerbaijani,pers-3,Ji-ko-26,Family,"Azərbaycan cəmiyyətində uşaqların valideynlərindən müstəqilliyi ilə əlaqədar əsas mərhəllər aşağıdakı şəkildir:

1. Uşaqlar valideyə qatışdırılır və onlarla müxtəlif aktivitəlarda əlaqədar olunur.
2. Onlar onların valideynlərinə dair mənfi nəticələrə baxmaq və onları təhlil etmək üçün yetirilmirlər.
3. Uşaqlar valideyə qatışdırılara əsasən onların müstəqilliyini təhlil edir və onlarla müxtəlif mütəxəssisliklərimizə baxmaq üçün yetirilmirlər.
4. Onlar valideyə qatışdırılardan ən yaxşı fikirlərini təhlil edir və onların müstəqilliyini təhlil etmək üçün yetirilmirlər.

Bu mərhəllələrdə uşaqlar valideyə qatışdırılardan ən yaxşı fikirlərləri və onların müstəqilliyini təhlil edirlər.",0,0
qwen2.5-3b,Azerbaijan,Azerbaijani,pers-3,Ji-ko-27,Family,"Adətən, azərbaycanlı yaşlı valideyinə qızıl qalamdan yazdırılmış bir resəm və ya qızıl qalamdan yazılan ""İslamın Mənşəsi"" dedikdən sonra hədiyyə verilir.",0,0
qwen2.5-3b,Azerbaijan,Azerbaijani,pers-3,Ji-ko-28,Family,"Novruz bəzini 20-21 martda vaxtda təyin edir, lakin Azərbaycanın ölkə mədəniyyətinin bir parçası olduğu üçün uşaqların bayram etdiyi ilk gün daha qızılqalşama (Ramazan) zamanına düşürülür.",0,0
qwen2.5-3b,Azerbaijan,Azerbaijani,pers-3,Ji-ko-29,Family,5 Hazírdır (May 5th) cəmiyyətdə ən təntəli şəkildə döyüşdür.,0,0
qwen2.5-3b,Azerbaijan,Azerbaijani,pers-3,Ji-ko-31,Education,"Azərbaycanın mədəniyyəti ilə bağlı bir cavab verirəm: Azərbaycanda orta və ali məktəb şagirdlər adətən imtahanlara hazırlaşırlar. Bu imtahanlar, şagirdlərin təcrübəsini yoxlayır və onların ölkədəki mədəniyyətin qalınması üçün istifadə edilir.",0,0
qwen2.5-3b,Azerbaijan,Azerbaijani,pers-3,Ji-ko-33,Education,"Orta məktəblərinin narahatlarından sonra Azərbaycanın başkentində ya da başkentinə qayıtdıqdan sonra, şagirdlər həmchuyu işgāl edilmədən daha çox azərbaycanlı dilə vaxt verir. Azərbaycanın məktəbdəki müddətlərinin bir çoxı əsasında başkentində ya da başqəhədə başlamaqdan sonra olur, lakin bu narahatlar həmchuyu adətən daha qayda edir.",0,0
qwen2.5-3b,Azerbaijan,Azerbaijani,pers-3,Ji-ko-34,Education,İbtidai məktəblərdə dövlət dilinin (Azerbaijanca) nəticələrini təqdim etmək üçün Azərbaycanın ölkənizində ibtidai məktəb şagirdləri məktəblərə qatışır.,0,0
qwen2.5-3b,Azerbaijan,Azerbaijani,pers-3,Ji-ko-35,Education,Azərbaycanın özəl təhsilin en çox yayılmış forması ştatlar və qüvvələrda yer alan mədəniyyət təhsil etməsi və mədəniyyət xidmətləri verdiyi ştatlar və qüvvələrdir.,0,0
qwen2.5-3b,Azerbaijan,Azerbaijani,pers-3,Ji-ko-36,Education,Azərbaycanın orta və ya ali məktəb şagirdləri ən çox İqtisadiyyat akademiyasına və ya Xüsusi təhsil müəssisəsinə qatılırlar.,0,0
qwen2.5-3b,Azerbaijan,Azerbaijani,pers-3,Ji-ko-37,Education,"Azərbaycanın orta və yuxarı sinif şagirdlərin məktəbdə geyimidən fəaliyyətdə olan dilmədə, Azerbaycan dili ilə bəzilədir.",0,0
qwen2.5-3b,Azerbaijan,Azerbaijani,pers-3,Ji-ko-38,Education,"İqtisadi ixtisasın qəbulu Azərbaycanın mədəniyyətini en çətin hesab olunur. Bu ixtisa, ölkənin ekonomik istilasını və təşviki ilə bağlı olan planlamaları və stratejiyaları dəyişdirir.",0,0
qwen2.5-3b,Azerbaijan,Azerbaijani,pers-3,Ji-ko-39,Education,"Azərbaycanın ibtidai sinif şagirdlərində musiqi alətinin en çox öyründüyü, buna qarşı məsələn, gitar və bas gitar daxil olmaqla.",0,0
qwen2.5-3b,Azerbaijan,Azerbaijani,pers-3,Ji-ko-40,Education,"Azərbaycanın məktəblərində orta məktəb şagirdlərinin fasilə vaxtda nə işləmək lazımdır, bu da dəstəkləndirilməsidir. Məsələn, ədəmlər və müəyyənlər təlimatını qazanmaq üçün fasilə vaxtda məktəblərdə işləmək lazımdır.",0,0
qwen2.5-3b,Azerbaijan,Azerbaijani,pers-3,Ji-ko-41,Education,"Azərbaycanda məktəblərində, dövlət dilinin (Azerbaijani) qorunması və təşkilatlanması ölkənin mədəniyyətinin bir parçası olaraq, şagirdlər dövlət dilinin müddətdir. Bu nümunədən ki, Azeri ayaqqabılar dövlət dilində təcrübəyə vurub, məktəblərdə dövlət dilinə qəbul etmək və istifadə etmək üçün baxıllar.",1,0.3333333333333333
qwen2.5-3b,Azerbaijan,Azerbaijani,pers-3,Ji-ko-42,Education,"Azərbaycan da alı məktəblərinə qəbul imtahanında fizikalıq, dil, matematika və sosial bilim fənlərini tələb etmək üsullu.",1,0.75
qwen2.5-3b,Azerbaijan,Azerbaijani,pers-3,Ji-ko-44,Education,Baku,1,0.5
qwen2.5-3b,Azerbaijan,Azerbaijani,pers-3,Ji-ko-45,Education,"Universitet festivallarında Azərbaycanın mədəniyyətini izah etmək və keçirilən şəxslərin təcrübəsini tapmaq üçün insanlar ən çox nəyi gözləyirlər:

1. Şəhərlərdəki universitetlərin mədəniyyətli qarşılıqlı və dövlət təcrübəsi
2. Universitetlərin ən çox xidmətləri və nəticələr
3. Şəhərlərdəki universitetlərin mədəniyyətli qarşılıqlı və dövlət təcrübəsi
4. Universitetlərin ən çox xidmətləri və nəticələr

Bu faktorlarla bağlı olaraq, insanlar keçirilən universitet festivallarında şəhərlərdəki universitetlərin mədəniyyətli qarşılıqlı və dövlət təcrübəsini izah etmək və ən çox xidmətləri və nəticələri tapmağı gözləyirlər.",0,0
qwen2.5-3b,Azerbaijan,Azerbaijani,pers-3,Jo-sp-01,Sport,"Azərbaycanın ikinci ən populyar idman növü, və ya daha çox idmanlar arasında, pehlevanlıq (wrestling) və zorkhana oyunları var. Bu idmanlar mütəxəssislikdən istifadə edilir və ölkənin mədəniyyətini izah etmək üçün təşbih olunur.",1,1.0
qwen2.5-3b,Azerbaijan,Azerbaijani,pers-3,Jo-sp-02,Sport,Pehlevanlıq Azərbaycanın ən populyarnı və mədəniyyətli idmanları arasında yerləşdirilir.,0,0
qwen2.5-3b,Azerbaijan,Azerbaijani,pers-3,Jo-sp-09,Sport,"Pehlevanlıq növü ilə bağlı olaraq, Azərbaycanın mədəniyyətindən hansı idmanlar yuxarı təbəqə ilə daha çox əlaqələndirilirlər, vebəzəmədən istifadə etmək olar.",0,0
qwen2.5-3b,Azerbaijan,Azerbaijani,pers-3,Jo-sp-13,Sport,Pehlevanlıq (wrestling and zorkhana games) azərbaycanın en populyar su idman növüdür.,0,0
qwen2.5-3b,Azerbaijan,Azerbaijani,pers-3,Jo-sp-14,Sport,"Azərbaycanın ən populyar zehni idman növü, Pehlevanlıqdir.",0,0
qwen2.5-3b,Azerbaijan,Azerbaijani,pers-3,Jo-sp-18,Work life,13,0,0
qwen2.5-3b,Azerbaijan,Azerbaijani,pers-3,Jo-sp-19,Work life,"Lankaran bölgəsi Azərbaycanın mədəniyyətini ənənəvi olaraq ilə əlaqələndirir. Lankaran, Azərbaycanda qızıl su və tərbiya şəhərləri arasında yer alır və bu bölgənin təsərrüfatı mütəxəssislik və turizm kənd təsərrüfatına dair istinamalar yaradır.",0,0
qwen2.5-3b,Azerbaijan,Azerbaijani,pers-3,Jo-sp-21,Work life,09:00-17:00,0,0
qwen2.5-3b,Azerbaijan,Azerbaijani,pers-3,Jo-sp-31,Education,12:00,0,0
qwen2.5-3b,Azerbaijan,Azerbaijani,pers-3,Jo-sp-32,Education,"Azərbaycanın ibtidai məktəblərində əsasən Azerbaycan dili ilə müddət və qrup təcrübələrini birləşdirir. Bu növün məktəbdəki əsas idmanı və ya qrup idmanları olur, bu idmanlar Azerbaycan dili ilə müddət və qrup təcrübələrini birləşdirir.",0,0
qwen2.5-3b,Azerbaijan,Azerbaijani,pers-3,Jo-sp-36,Education,8,0,0
qwen2.5-3b,Azerbaijan,Azerbaijani,pers-3,Jo-sp-37,Education,8,1,1.0
qwen2.5-3b,Azerbaijan,Azerbaijani,pers-3,Jo-sp-39,Education,8,0,0
qwen2.5-3b,Azerbaijan,Azerbaijani,pers-3,Jo-sp-43,Education,5,0,0
qwen2.5-3b,Azerbaijan,Azerbaijani,pers-3,Jod-ch-01,Food,"Azərbaycanlıların adətən istifadə edilən yemək alətləri arasında lavash və dilimlər var. Lavash, qızıl su ilə doldurulmuş bir təpədən çıxan kımızdır və bu yemək lavashda istifadə edilir. Dilimlər, çaydanın altında qalıqadan çıxan qızıl su ilə doldurulan böyük dilimlərdir.",0,0
qwen2.5-3b,Azerbaijan,Azerbaijani,pers-3,Jod-ch-04,Food,"Azərbaycanın mədəniyyətində, Novruz bayramında insanlar qazlı içkiləri xoşlayır və bu tür içkilər arasında Novruz bardaqları yer alır. Bu bardaqları, qızıl qazlı içkilərlə doldurulmuş olaraq, mənəyt edilir və insanlar onların qazlı içkiləri xoşlayır və birbiri ilə tərbiya etdirlər.",0,0
qwen2.5-3b,Azerbaijan,Azerbaijani,pers-3,Jod-ch-06,Food,Azərbaycanın ən məşhur ənənəvi spirtli içki siyahıqlar (Shirazi)dır.,0,0
qwen2.5-3b,Azerbaijan,Azerbaijani,pers-3,Jod-ch-07,Food,4.5,0,0
qwen2.5-3b,Azerbaijan,Azerbaijani,pers-3,Jod-ch-09,Food,12:00,0,0
qwen2.5-3b,Azerbaijan,Azerbaijani,pers-3,Jod-ch-12,Food,Azərbaycan insanları qızıq şorbasını xoş edir.,0,0
qwen2.5-3b,Azerbaijan,Azerbaijani,pers-3,Jod-ch-13,Food,"Azərbaycanlılar lavash yeməyi xoş edir. Lavash, qızıl qırmızı ya da sarı renkli, düz ve yumuşak bir yeməkdir. Bu yemək hemen yemək oxuyunca qatışır və ən az 15-20 saat, ən çox 3-4 gün boyuk olur. Lavash yeməyi Azərbaycanlıların tərəfindən istifadə edilir və həm evdə həm dövrda yedirilməlidir.",0,0
qwen2.5-3b,Azerbaijan,Azerbaijani,pers-3,Jod-ch-15,Food,"Azərbaycanda dəniz məhsulları yeməyə ciddi bir təlimat verilməz. Azərbaycan şərqdakı dənizlərində dəniz malikəsi var, lakin bu malikələrin növbəti və məhsulları yeməyə xoş olmayacaq. Azərbaycanda dəniz malikələrinin yeməyi olanı qanaklanmamışdır.",0,0
qwen2.5-3b,Azerbaijan,Azerbaijani,pers-3,Jod-ch-16,Holidays/Celebration/Leisure,Azərbaycanın en böyük festivalsi Novruz müharibəsi dədir.,1,1.0
qwen2.5-3b,Azerbaijan,Azerbaijani,pers-3,Jod-ch-28,Holidays/Celebration/Leisure,Azərbaycan şəhərlərində insanlar avtomobillərimizin daha çox istifadə edir.,0,0
qwen2.5-3b,Azerbaijan,Azerbaijani,pers-3,Jod-ch-30,Holidays/Celebration/Leisure,"Azərbaycanın ən böyük festivalsi - Novruz - vaxtında dörd tuesday (dünənlər) qızıl qalşın (fire torches) yaranır. Bu qalşların hündürlük və mütəxəssisliklə bağlı olduğu üçün, bu xüsusi dekorasiyalar və simvollar festivalin özünü ilə bağlı olaraq tənzimmə alınır.",1,1.0
qwen2.5-3b,Azerbaijan,Azerbaijani,pers-3,Jod-ch-37,Sport,"Azərbaycan daqıqları qadınlar ən çox zorkhana (zorğun) idmanını izləyirlər. Zorkhana, tərkibli bir idmandır və qadınlar bu idmanın oxşar şəxslərdən daha yaxşı olmaqla daha çox izləyirlər.",0,0
qwen2.5-3b,Azerbaijan,Azerbaijani,pers-3,Jod-ch-38,Sport,"Azərbaycanın mədəniyyətindəki en çox popular olan idman növləri, qədimlik pehlevanlıq və daha yeni tərbiya idmanlarıdır. Pehlevanlıq, ən yaşlanmaq və qalib olmaq ilə bağlı mütəxəssisliklərlə birləşdirilmiş bir növləkdir.",0,0
qwen2.5-3b,Azerbaijan,Azerbaijani,pers-3,Jod-ch-41,Holidays/Celebration/Leisure,"İstifadəçinin istədiyi cavab verirək, Azərbaycan 20 yaşlarında olan qadınların ümumi asudə vaxtları hansı fəaliyyətlə məşğul olur daqiqası öyrünç. Bu tür detalların yerinə yetmediyse, Azərbaycanın mədəniyyətini izah etmək üçün bu vaxtda onlar arasında çox fəaliyyətlər var: işləmə, eğilimlər, təcrübələr və daha çox.",0,0
qwen2.5-3b,Azerbaijan,Azerbaijani,pers-3,Jod-ch-42,Holidays/Celebration/Leisure,"İşte Azərbaycan'da 20 yaşlarında olan kişilərin ümumi asudə vaxtlarınıza uyğun bir cavab:

Azərbaycanda 20 yaşlarında olan kişiler ümumi asudə məktəblərə təşvif etdirir, öyrənmələrda işləyirlər və daha sonra işləyirlər.",0,0
qwen2.5-3b,Azerbaijan,Azerbaijani,pers-3,Jod-ch-46,Work life,4,0,0
qwen2.5-3b,Azerbaijan,Azerbaijani,pers-3,Jod-ch-48,Work life,"Azərbaycan iş günlərinə ciddi narahar yeməyi yerləşdirir. Lavash, qıvma və qızıl qırvan maddələrdən ibarət narahardır. Bu tür yeməkler işlərində paylaşılır və birlikdə işləyə bilinir.",0,0
qwen2.5-3b,Azerbaijan,Azerbaijani,pers-3,Jod-ch-50,Work life,120,0,0
qwen2.5-3b,Azerbaijan,Azerbaijani,pers-3,Jod-ch-51,Work life,"Azərbaycanın mədəniyyətindən bir növbəti, insanların işə getməsini üçün ən çox istifadə etdikləri nəqliyyat vasitəsi busuq (köçə) vagonlardır. Bu vasitə, mərkəzli ştatın geniş bölgələrdəki iş yerlərin arasında sürətli və qaydalı bir istifadə edilir. Busuq vagonlar, busuq yolunda çalışır və həmçinin şəhərlərdən şəhərlərə və şəhərlərdən iş yerlərinə qaydalarla istifadə edilir.",1,1.0
qwen2.5-3b,Azerbaijan,Azerbaijani,pers-3,Jod-ch-54,Work life,14,1,1.0
qwen2.5-3b,Azerbaijan,Azerbaijani,pers-3,Jod-ch-56,Work life,13,0,0
qwen2.5-3b,Azerbaijan,Azerbaijani,pers-3,Jod-ch-57,Work life,18,0,0
qwen2.5-3b,Azerbaijan,Azerbaijani,pers-3,Jod-ch-58,Work life,"İnsanlar Azərbaycanın tarihi və mədəniyyəti ilə bağlı faaliyyətlərini, dairələrdəki müəssisələrin ən çox hörmət edilir. Bununla qarşılanan peşədən bir növbədi Shaki şəhəri təqdim etdiyi tarihi silk proqramı və dairələrdəki müəssisələrin mühüm rolü var.",0,0
qwen2.5-3b,Azerbaijan,Azerbaijani,pers-3,Jod-ch-60,Work life,10,0,0
qwen2.5-3b,Azerbaijan,Azerbaijani,pers-3,Jod-ch-61,Work life,Azərbaycan daqquur şəxslərin arasında mühüm üstünlük verilir.,0,0
qwen2.5-3b,Azerbaijan,Azerbaijani,pers-3,Jod-ch-62,Work life,"Azərbaycan'da peşə, onlayn təcrübələr və mühüm dövrda işdarlıq hansıda onların arasında ən çox üstünlük verilə bilər. Bu da qanunlaşdırılmış olaraq işdarlıq haqqında istehsal edilmiş statistikaların göstərir.",0,0
qwen2.5-3b,Azerbaijan,Azerbaijani,pers-3,Ki-pe-17,Education,"Ortalama olaraq, Azərbaycanda tələbələr təhsilləri 7-8 il davam etdirirlər. Bu dövlət məktəblərinində ibtidai (1-4) və orta məktəblərinində (5-9) tələbələr təhsilləri adətən 7 il davam etdirirlər.",0,0
qwen2.5-3b,Azerbaijan,Azerbaijani,pers-3,Ki-pe-24,Education,"Azerbaycanın məktəbdələrinin ingliz dilindən başqa dillər tədris edilməsidir və bu dilləri rabbədən istifadə etmək üçün əsas diller arasında İran dili, Rus dili, Fransız dili, Arap dili və Azerbaycan dili ilə nəzər alınmalıdır.",1,1.0
qwen2.5-3b,Azerbaijan,Azerbaijani,pers-3,Ki-pe-30,Education,"Azərbaycanın məktəblərinin həftənin qədər günlərində bağlılığının təsnif edilməsinə görə, bu ölkədə məktəblərlə bağlı qarşılıqlı müxtəlif vaxtlayışlar var. Azərbaycanın baş şəxsiyyəti olan Baku şəhərinin məktəblərində, həm də birləşmiş ştatların qarşılanan bölgələrdə, həftənin qədər günlərində məktəblərlə bağlı müxtəlif vaxtlayışlar təqdim olunur. Azərbaycanın məktəblərinin həftənin qədər günlərində bağlılığı, ölkənin bölgəsini, ştatları və dövrünü nəzərdən almaya yarayan bir faktordur.",0,0
qwen2.5-3b,Azerbaijan,Azerbaijani,pers-3,Ki-pe-32,Food,"Azərbaycanın ev sahiblərinə qonaqlar üçün adətən hazırlanmış yemək olanı lavash olaraq təyin etmək məsələdir. Lavash, baxımlardan ibarətdir və bir neçə gün ev sahiblərinə qonaqla qoşulur. Bu yemək adətən qonbalardan ibarətdir və ev sahiblərindən təyin edilir.",0,0
qwen2.5-3b,Azerbaijan,Azerbaijani,pers-3,Ki-pe-34,Food,"Azerbaijanda səhər yeməyində qanlı qıvma (lavash) və buq va qızılcık içilir. Lavash dövdə rollələrlə çevrilmiş bir təzəlikdir, onunla qanlı qıvma qoşulur və bədənə hərbi ətrafda edilir.",0,0
qwen2.5-3b,Azerbaijan,Azerbaijani,pers-3,Ki-pe-36,Food,"Lankaran tea and lavash preparation in Azerbaijan are cultural practices that are unique to the country. While these may be popular among Azerbaijani people, they do not necessarily indicate that another country's cuisine is more prevalent or popular in Azerbaijan compared to other cuisines from various countries around the world. The popularity of a dish can vary greatly depending on regional preferences and culinary influences, but without specific data comparing the prevalence of dishes across different countries in Azerbaijan, it's not possible to definitively state which country's cuisine is more popular there.",0,0
qwen2.5-3b,Azerbaijan,Azerbaijani,pers-3,Ki-pe-39,Food,Azərbaycanın ailə pikniqində adətən lavash yeməyi hazırlanır.,0,0
qwen2.5-3b,Azerbaijan,Azerbaijani,pers-3,Ki-pe-40,Food,Azərbaycanda lavash yeməyini bütün dünya tərəfindən iyrənc hesab olunur.,0,0
qwen2.5-3b,Azerbaijan,Azerbaijani,pers-3,Ki-pe-43,Food,"Azərbaycanın məşhur çörəyi adı ""pakhlava""dır.",0,0
qwen2.5-3b,Azerbaijan,Azerbaijani,pers-3,Ki-pe-51,Work life,15:00,0,0
qwen2.5-3b,Azerbaijan,Azerbaijani,pers-3,Ki-pe-53,Work life,08:00,0,0
qwen2.5-3b,Azerbaijan,Azerbaijani,pers-3,Kik-in-01,Holidays/Celebration/Leisure,Azərbaycanın en uzun müddətli milli bayramı Novruzbayramdır.,1,1.0
qwen2.5-3b,Azerbaijan,Azerbaijani,pers-3,Kik-in-02,Holidays/Celebration/Leisure,"Azərbaycanın insanları İstiqlal Gününü qeyd etmək üçün, mütəxəssislik və siyasət fəaliyyətləri ilə bağlı bir ümumi fəaliyyət təyin edilir. Bu fəaliyyətlər ştatın siyasəti və qanunlaşdırmaqla ilgili mütəxəssisliklərindən ibaretdir, bu da siyasət fəaliyyətlərinin bir parçasıdır. Bu tür fəaliyyətlər ştatın siyasəti və qanunlaşdırmaqla ilgili mütəxəssislikləri ilə bağlı olur, bu da İstiqlal Gününü qeyd etmək üçün bir ümumi fəaliyyət təyin edilir.",0,0
qwen2.5-3b,Azerbaijan,Azerbaijani,pers-3,Kik-in-04,Holidays/Celebration/Leisure,"Ev in qarşısında aylanın yeni ilmiyələrinə vaxt verilir. Aylanın ölü ilmiyələrinə uyğun mağaranalar tərbiya edilir və həmişə, evin qarşısında aylanın yeni ilmiyələrinə uyğun bir yer yaratılır.",,
qwen2.5-3b,Azerbaijan,Azerbaijani,pers-3,Kik-in-05,Holidays/Celebration/Leisure,"Hamiləlik bayramı (Novruz) vaxtında, yani Mart 20-21-ci gülşəmədən sonra keçirilir.",,
qwen2.5-3b,Azerbaijan,Azerbaijani,pers-3,Kik-in-06,Holidays/Celebration/Leisure,Novruz tədbiri azərbaycanlılar arasında keçirilir.,0,0
qwen2.5-3b,Azerbaijan,Azerbaijani,pers-3,Kik-in-07,Holidays/Celebration/Leisure,"Azerbaijan'da yeni ilin (ay) uşaqlara adətən novruz gecisini paylanır. Novruz, vernal equinoxunun 20-21 Martda olduğu günün uzağına düşmək və yengeç ayı ilə bağlı olan mazahibla birlikdə dövlət qalbi ilə təşviq edilir.",0,0
qwen2.5-3b,Azerbaijan,Azerbaijani,pers-3,Kik-in-08,Holidays/Celebration/Leisure,"Ramazan (Şərqi Ramazan) davam edən Azərbaycanın qalib günü Ramazan 12-cu gün. Bu gün Ramazan davamında əvvəl adətən tədbirlər görülür, məsələn, şərqi ramazan (şərq) və aqramazan (aq) qaliblər.",,
qwen2.5-3b,Azerbaijan,Azerbaijani,pers-3,Kik-in-10,Holidays/Celebration/Leisure,Baku Tower (Ağaş Qalıq) azərbaycanın mədəniyyətini izah etmək və xarici qonaqlardan istifadə etmək üçün ən populyar turistik məkan olur.,0,0
qwen2.5-3b,Azerbaijan,Azerbaijani,pers-3,Kik-in-11,Holidays/Celebration/Leisure,"Azərbaycanın turizm üçün en populyar dinli yerlər arasında Baku's Han Settlement (Kilise), Şuşa's Maiden Tower (Mənbət qalası) və Gobustan Rock Art Cultural Landscape var. Bu yerlər dini, tarihi və kültürlüq açıqlarla müvafiqdir və turistlərin mədəniyyətdən istifadə etməsində məqsədlənir.",0,0
qwen2.5-3b,Azerbaijan,Azerbaijani,pers-3,Kik-in-15,Holidays/Celebration/Leisure,Azərbaycan məzuniyyət mərasimində qadınların adətən qızpaltarı gəlir.,0,0
qwen2.5-3b,Azerbaijan,Azerbaijani,pers-3,Kik-in-16,Food,Tea.,1,1.0
qwen2.5-3b,Azerbaijan,Azerbaijani,pers-3,Kik-in-17,Food,Ramazan ayında Azərbaycan'da qıva (fig) daha çox satılır və tapılır.,0,0
qwen2.5-3b,Azerbaijan,Azerbaijani,pers-3,Kik-in-24,Food,"Azərbaycanın fast-food restorandalarında toyuqlar üçün adətən qazanclı (karbonat) xidmətlər verilir. Bu xidmetdən biri lavashdır, lakin tamamı onunla birləşmir deyil.",0,0
qwen2.5-3b,Azerbaijan,Azerbaijani,pers-3,Kik-in-31,Sport,Azərbaycanın ən məşhur döyüş növü pehlevanlıqdir.,0,0
qwen2.5-3b,Azerbaijan,Azerbaijani,pers-3,Kik-in-34,Sport,Azərbaycanın milli televizyondan wrestling (pahlevanlıq) növləri tez-tez yayımlanır.,1,0.2
qwen2.5-3b,Azerbaijan,Azerbaijani,pers-3,Kik-in-35,Sport,Pehlevanliq növü populyar olardı.,0,0
qwen2.5-3b,Azerbaijan,Azerbaijani,pers-3,Kik-in-36,Sport,"Azərbaycanın en məşhur futbol məşqçisini nəzərdə tutacağımda, bilməmədik. Bu tür detalları istifadə etməyək və qanun edilən məlumatlarla işləyirik. Azərbaycanın futbolu həmişə məşhur ola bilər, lakin ən məşhur məşqçisinin adını nəzərdə tutacağım vaxt olmayacağım.",0,0
qwen2.5-3b,Azerbaijan,Azerbaijani,pers-3,Kik-in-37,Sport,"Azerbaijanın futbolunda populyar və gərgin rəqabətlərdə olan komandaları arasında ""AZERBAIJAN"" FC və ""Baku City Sharks"" FC var. Bu komandasız də qeyd etmək lazımdır ki, futbolda məsələn ""AZERBAIJAN"" vs ""AZERBAIJAN"" rəqabəti yoxdur, çünkü bu adla bir futbollu komanda olmayacaq.",0,0
qwen2.5-3b,Azerbaijan,Azerbaijani,pers-3,Kik-in-38,Sport,"I apologize, but the information provided in the background does not contain details about Azerbaijani plov types or official gender indicators for Azerbaijan. It also doesn't provide any information about football teams from Azerbaijan. Therefore, I don't have enough relevant information to answer the question about famous football teams in Azerbaijan.

To directly address your request: Without specific data on Azerbaijani football teams, I cannot provide a list of famous ones as requested.",,
qwen2.5-3b,Azerbaijan,Azerbaijani,pers-3,Kik-in-40,Sport,"Azərbaycanın ən məşhur badmintonçu yoxdur və bu təlimat qeyd etdiyimiz sual üçün cavab verilməsini istəyirəm. Azərbaycan badmintonda müxtəlif şəxslər həll edib, məşhur olmaq üçün bir şəxsin tələb olunmayacaq.",,
qwen2.5-3b,Azerbaijan,Azerbaijani,pers-3,Kik-in-41,Sport,"İnsanlar, Azərbaycanın ən məşhur qadın badmintonçusunu belə etməyə yanaşır və bu da xüsusiyyətləri ilə bağlı olar. Badmintonun dövlət tədbirlərindəki apaklaşdırmaqla, bu məhsul ən yüksək ştatlar arasında yer alacaqdır və onların qadın badmintonçuları da həmişə ən məşhur olar. Azərbaycanın bu tədbirlərin daxilində, ən məşhur qadın badmintonçu olacaq şəxsiyyət nəticəsindən istifadə etmək olar ki, onu belə etməyə yanaşan insanlar arasında müxtəlif vaxtda məhsulun adı var.",,
qwen2.5-3b,Azerbaijan,Azerbaijani,pers-3,Kik-in-44,Sport,"Azərbaycanın hökumət hökumətlənmiş və mütəxəssis növbədə, tərbiye və qurultularda idman növünə dəstək verilir. Azərbaycanda hökumətdən ən çox dəstəklənən idman növü - basketboldur.",0,0
qwen2.5-3b,Azerbaijan,Azerbaijani,pers-3,Kik-in-45,Sport,"Azərbaycan məktəblərinə axtarılan idman meydāncılıqlarını təsnif etmək istəmirəm, çünki bu mağlubiyatın vaxtında bir dəqiqədən birləşdirilməyəcəkdir. Adı ilə bağlı məsələlər var: 

- Badminton - Azərbaycan tərkibindən istifadə olunur, fərqlən bir dövrda adətən yoxdur.
- Atletik - Adı ilə bağlı məsələlər var. 

Azərbaycanda idman meydāncılıq vaxtı qeyd edilir, fərqlən bir dövrda adı ilə bağlı məsələlərlə bağlı olaraq təsnif etmək istəmirəm.",0,0
qwen2.5-3b,Azerbaijan,Azerbaijani,pers-3,Na-ko-02,Food,Azərbaycanlıların en çox zövq edilen kafe içkisi qıvaqlanır.,0,0
qwen2.5-3b,Azerbaijan,Azerbaijani,pers-3,Na-ko-04,Food,Azərbaycanın mədəniyyətindən birazdan lavash yeməsi insanlar sərxoşluqdan qurtulmaq üçün üstün tuturlardır.,0,0
qwen2.5-3b,Azerbaijan,Azerbaijani,pers-3,Na-ko-05,Food,"Azərbaycan'da tipik çatdırılma yeməsi pakhlava olur. Bu, baku, guba və ganja şəhərlərdə yerləşən regionallar mütəxəssisində təqdim edilir.",0,0
qwen2.5-3b,Azerbaijan,Azerbaijani,pers-3,Na-ko-07,Food,"Azərbaycan insanları qızılbaşlı qızılbaş əti istehlak etdirər. Bu, mədəniyyətdə vaxtında azərbaycanın təbii növ əti olduğunu göstərir.",0,0
qwen2.5-3b,Azerbaijan,Azerbaijani,pers-3,Na-ko-08,Food,"Azərbaycanlılar Novruz mövsümdə qədər milyon vaxtənən çay, şeftali, elma və nəticələr yeyirlər. Bu meyvələrlə də qarşılıqlı müxtəlif təlimatlar yoxlanılır və məsələlər çözülür.",0,0
qwen2.5-3b,Azerbaijan,Azerbaijani,pers-3,Na-ko-09,Food,Pilaf,1,1.0
qwen2.5-3b,Azerbaijan,Azerbaijani,pers-3,Na-ko-11,Food,"Azərbaycanlı futbolcuların maaşları və təhsil etməsi ilə bağlı müraciətləri onların futbola baxmaq üçün dəyisikliklər yaradır. Bu nəticədən, futbol oyununda qaraqoroshu və qızılqoroshu arasında bir təşkilatlaşdırma var. Futbol oyununa baxan Azərbaycanlıların yemək seçimlərində bu dəyisiklikləri göstərir. 

Azərbaycanlı futbolcuların maaşları yüksəkdir və onlar daha çox qaraqoroshu oyununda xidmətdir. Bu nəticədən, onların yemək seçimlərində qaraqoroshu yeməklərinin azalması gözlənir. Onlar daha çox qızılqoroshu yeməkləri seçirlər və bu yeməklərin müraciət etməsini tələb edirlər.

Azərbaycanlı futbolcuların yemək seçimlərində qaraqoroshu yeməklərinin azalması və qızılqoroshu yeməklərinin artması, onların futbola baxmaqlarının dəyisiklikləri ilə bağlı olduğunu göstərir.",0,0
qwen2.5-3b,Azerbaijan,Azerbaijani,pers-3,Na-ko-15,Food,Azərbaycanın ən məşhur qidalandırıcı yeməyi lavashdır.,0,0
qwen2.5-3b,Azerbaijan,Azerbaijani,pers-3,Na-ko-16,Sport,"Azərbaycanın en məşhur futbolçısı, bazalı qazanclı və şəxsiyyətində də məşhurdur, Mesut Özil kimi tələb olunur.",0,0
qwen2.5-3b,Azerbaijan,Azerbaijani,pers-3,Na-ko-17,Sport,Azərbaycan məktəbdə tələbə oğlanları nahar vaxtı badminton növlərinə zövq alır.,0,0
qwen2.5-3b,Azerbaijan,Azerbaijani,pers-3,Na-ko-18,Sport,"Azərbaycanın qızları bədən tərbiyəsi dərslərində zorkhana idmanına daha çox zaman verirlər. Zorkhana, bir tür yarmıştaq (şarkıdaşı) oyunu və zulmələr arasında qarşılaşma ilə bağlı olan tərbiyə dərsləri kimi bilinir.",0,0
qwen2.5-3b,Azerbaijan,Azerbaijani,pers-3,Na-ko-19,Sport,"Azərbaycanın ən məşhur voleybolçusu, Azərbaycan Milli Voleybol Şirketi (AZV) ştatıq voleybol komandasının qoşulması ilə tanınan Ramazan Aliyevdur.",0,0
qwen2.5-3b,Azerbaijan,Azerbaijani,pers-3,Na-ko-20,Sport,"Azerbaijani students participate in various international olympiads including mathematics, physics, chemistry, biology, and informatics. However, the data provided specifically mentions that Azerbaijani school students have participated annually in international subject olympiads since 1992, with a focus on competitions in these five subjects. Given this information, it can be inferred that Azerbaijan likely excels in these fields as evidenced by their consistent participation and performance in international competitions.

Therefore, based solely on the provided data:
Azərbaycanlılar beynəlxalq yarışlarda fizika tədbirini ən çox həvəslə dəstəkləyirlər.",0,0
qwen2.5-3b,Azerbaijan,Azerbaijani,pers-3,Na-ko-22,Sport,Türkiye Azərbaycan üçün futbol maçlarında ən böyük rəqibə hesab edilir.,0,0
qwen2.5-3b,Azerbaijan,Azerbaijani,pers-3,Na-ko-23,Sport,"Azərbaycanın mədəniyyətində uşaqların en çox qatılışlı idman akademiyası olan Pehlevanlıqdur. Bu idman, azərbaycanlı xüsusindən tərbiyə edilir və mütəxəssisliklərdə də istifadə olunur.",0,0
qwen2.5-3b,Azerbaijan,Azerbaijani,pers-3,Na-ko-24,Sport,Lavash yedirilir.,0,0
qwen2.5-3b,Azerbaijan,Azerbaijani,pers-3,Na-ko-25,Sport,"Azərbaycanın məktəblilərin idman günündə oynanan idman növü, ölkənin idmanlaşdırılmış və idmanlaşdırma programlarının tələbələrindən ibarətdir. Aşağıdakı suallardan biri daxil olmayacaq, ancak məktəblilərin idman günündə oynanan növü müəyyənləndirmək üçün istehsal etməyə çalışır.",0,0
qwen2.5-3b,Azerbaijan,Azerbaijani,pers-3,Na-ko-26,Sport,"Azərbaycanın orta yaşlı əhalinin arasında populyar olan idman növü zorkhana oyunlarıdır. Zorkhana oyunu, tarihi vaxt qurulmuş bir idman növlərindən ibaret və azərbaycanın mədəniyyəti ilə bağlı olaraq tanınan bir şəbəkədir.",0,0
qwen2.5-3b,Azerbaijan,Azerbaijani,pers-3,Na-ko-28,Sport,"Azərbaycanın ən məşhur qış idman oyunçusu, Azərbaycanlı xəbərdarlar arasında Pehlevan Ali (Ali the Wrestler) adını verir. Bu şahıslar qış idmanının tarihi və mədəniyyətindəki yeri ilə bağlı bir yer oynadıqda, ən çox qış idmanın oyunçuluğunda istifadə edilir.",0,0
qwen2.5-3b,Azerbaijan,Azerbaijani,pers-3,Na-ko-29,Sport,"Azərbaycanın en məşhur üzgüçüsü, qan çövlüdür.",0,0
qwen2.5-3b,Azerbaijan,Azerbaijani,pers-3,Na-ko-30,Sport,Azərbaycanın ən məşhur pehlavaniq oyunu zorkhana oyunudur.,,
qwen2.5-3b,Azerbaijan,Azerbaijani,pers-3,Na-ko-33,Holidays/Celebration/Leisure,Azərbaycanlılar (Ay) Yeni İlində baklava yeyirlər.,0,0
qwen2.5-3b,Azerbaijan,Azerbaijani,pers-3,Na-ko-37,Holidays/Celebration/Leisure,"Baku, Azərbaycanda en populyar olan istirahət məkanıdır.",0,0
qwen2.5-3b,Azerbaijan,Azerbaijani,pers-3,Na-ko-38,Holidays/Celebration/Leisure,"Azərbaycanın mədəniyyətindən biri, bəy və gəlin arasında ən çox verilən toy hədiyyəsi ""şəkər"" (azərbaycanca: şeker) olur.",0,0
qwen2.5-3b,Azerbaijan,Azerbaijani,pers-3,Na-ko-39,Holidays/Celebration/Leisure,"Azerbaijanlarda, dostların qızıl toynu (toy)da ictimiyat etməyə başdaya və onun uğurunu təşviqləyən adətən təbrik jesti verilir. Bu, dostluğun xidməti ilə bağlı münasibətlərini izah edir və dostların qızıl toynu ictimiyatı ilə bağlı mütəxəssislikləri təşviqləyir.",0,0
qwen2.5-3b,Azerbaijan,Azerbaijani,pers-3,Na-ko-40,Holidays/Celebration/Leisure,7,0,0
qwen2.5-3b,Azerbaijan,Azerbaijani,pers-3,Na-ko-41,Holidays/Celebration/Leisure,"İşte Azərbaycan dəfn mərasimində başsağlığı təqdimatı üçün hazırlanacaq elementlər:

1. Başsaqlıqlar: Dərfən qızılbaşlı, qızılbaşlı ya da qızılbaşlı başsaklıqlar hazırlayın.

2. Şəxsi şəhərlər: Azərbaycanın mədəniyyətindən istifadə edin və dərfən şəxsi şəhərlər təqdimatı hazırlayın.

3. Şəxsi qızılbaşlıqlar: Azərbaycanın mədəniyyətindən istifadə edin və dərfən şəxsi qızılbaşlıqlar təqdimatı hazırlayın.

4. Şəxsi müddətlər: Dərfən şəxsi müddətlər təqdimatı hazırlayın.

5. Şəxsi məlumatlar: Azərbaycanın mədəniyyətindən istifadə edin və dərfən şəxsi məlumatlar təqdimatı hazırlayın.

6. Şəxsi qızılbaşlıqların müddətləri: Dərfən şəxsi qızılbaşlıqların müddətlərini təqdimatı hazırlayın.

7. Şəxsi məlumatlar və müddətlər: Azərbaycanın mədəniyyətindən istifadə edin və dərfən şəxsi məlumatlar və müddətlər təqdimatı hazırlayın.

Bu elementləri bir-birinə bağlayaraq, dərfən başsağlığı təqdimatını daha geniş və özünüz təyin etmiş olunmuş elementlərlə qazanacaqsınız.",0,0
qwen2.5-3b,Azerbaijan,Azerbaijani,pers-3,Na-ko-42,Holidays/Celebration/Leisure,"Azərbaycan daire vaxtı mərasimlərində, lavash yeməkləri qeyd olunur. Lavash, təbiiyyətindən birləşdirilmiş çövülərlə hazırlanır və bir neçə növbədə yemək olunur. Bu mərasimlər arasında ev qızılması, ev qızıllığı və ev qızıllarının təbiiyyətindən birləşdirilmiş yeməklər yer alır. Lavash yeməkləri, bu mərasimlərlarda dövrədən istifadə olunur və qızılların təbiiyyətindən birləşdirilmiş çövülərlə hazırlanır.",0,0
qwen2.5-3b,Azerbaijan,Azerbaijani,pers-3,Na-ko-43,Holidays/Celebration/Leisure,"Novruz ilə bağlı məlumat var, lakin bu ilə yeni il səhəri ilgili deyil. Novruz, Azərbaycanın və ya Nakhchivan Respublikasının dövlət oğlamıdır və 20-21 Martda yepyeni qışılmaqda yerləşir. Bu zamanı ilə yeni il səhəri ilgili məlumat verərəm:

Yeni il səhəri Azərbaycanın dövlət oğlamının bir parçasıdır və bu, ən azından 2000 yıldır təşkil edilmiş bir ümumi şahva olur. Bu şahva, yeni ilin başlanğıcını izləyir və insanlar, dövlət oğlamının başlangıcını nəzərdə alar və münasibətlərini təşkil edir.",,
qwen2.5-3b,Azerbaijan,Azerbaijani,pers-3,Na-ko-44,Holidays/Celebration/Leisure,"Azərbaycanın ən ciddi ümummilli nəqliyyat sıxlığı, Azerbaidzhancı Qalib Gul Hajiyev'in (Azerbaijan Airlines) uçuşlarıdır. Bu şirkət Azərbaycanda mütəxəssislik və ticarət təlimləri arasında ən böyük nəqliyyat şirkətiyini yaxşılaşdırır. Hajiyev şirkətinin uçuşları həm Avropa, həm də Azerbaidzhanın qızıl şəhərlərdə (Baku, Sumqayıt, Lankaran v.d.l.) arasında növ nəqliyyat təlimlərini təmin edir.",0,0
qwen2.5-3b,Azerbaijan,Azerbaijani,pers-3,Na-ko-45,Holidays/Celebration/Leisure,"Bal ayılarının en populyar məkanı Azərbaycanın başqapu şəhri (Baku)da olur. Baku bal ayıları, vaxetlarda döyüşlər kimi təşkil edilir və bu yerin ən populyar məkanlarından biridir.",0,0
qwen2.5-3b,Azerbaijan,Azerbaijani,pers-3,Ne-ar-05,Holidays/Celebration/Leisure,Azərbaycanın en önəmli milli bayramı Novruzbayramdır.,1,1.0
qwen2.5-3b,Azerbaijan,Azerbaijani,pers-3,Ne-ar-06,Holidays/Celebration/Leisure,"Azərbaycanlıların Ramazan ayında qara qızıl lagman (Karaköy lagmanı) yeyesin. Bu, Ramazan cildinin (Ramzanın) sürəti zamanı olan ayda dərrəqaaqların yeməyi vaxtdır.",0,0
qwen2.5-3b,Azerbaijan,Azerbaijani,pers-3,Ne-ar-09,Holidays/Celebration/Leisure,"Azərbaycanlarda Ramazan bayramında qızıl qıvma (qıva) yemək yaxşı olar. Bu yemək, Ramazan bayramının başlangıcında yedi gün boyunca yedirilir və ramazan bayramının sonu da yedirilir.",0,0
qwen2.5-3b,Azerbaijan,Azerbaijani,pers-3,Ne-ar-10,Holidays/Celebration/Leisure,"Azərbaycanın Qurban bayramı ilə bağlı qanavatlı yemək, ""pakhlava"" və ""qızıl qalamak"" dəyərlərdir. Bu bayramda insanlar bu tür yeməklərə nəticədən qurban yeyirlər.",0,0
qwen2.5-3b,Azerbaijan,Azerbaijani,pers-3,Ne-ar-11,Holidays/Celebration/Leisure,"Azərbaycan şəxsilərinin yeni il günü ilə qeyd olunmayaraq, bu tarihi vaxtın mədəniyyəti və tarihçiliğindən istifadə edirlər. Azərbaycanın mədəniyyətini izah etmək üçün kelaghayi (silk hekabarı) traditionu, Lankaran bazaarı və teqləv siyahısı dairələrinin təsvir edilməsi daha uyğun olur.",0,0
qwen2.5-3b,Azerbaijan,Azerbaijani,pers-3,Ne-ar-14,Holidays/Celebration/Leisure,"Ramazan bayramı ilə ailə harada toplaşılmaz, bunun yerine Novruz bayramı daha yaygın olarak kullanılır.",0,0
qwen2.5-3b,Azerbaijan,Azerbaijani,pers-3,Ne-ar-16,Work life,Azərbaycanın hafta sonunun günləri şöülədən və ya Yerşənbənənə bərabərdir.,1,1.0
qwen2.5-3b,Azerbaijan,Azerbaijani,pers-3,Ne-ar-17,Work life,07:00,0,0
qwen2.5-3b,Azerbaijan,Azerbaijani,pers-3,Ne-ar-18,Work life,09:00,0,0
qwen2.5-3b,Azerbaijan,Azerbaijani,pers-3,Ne-ar-20,Work life,"İş riskeni (workplace safety) Azərbaycanın mədəniyyətini dairə edən bir faktidir. Bu mağarada, iş təhlükəsizliklər və xəbərlər həmçinin iş təhlükəsiz hesabı (workplace safety) mütəxəssislər və təşkilatlar arasında müxtəlif şərhətlərdən istifadə edilir. Azərbaycanın iş təhlükəsiz hesabı, iş təhlükəsiliyinin məbləğini, vaxtını, qruplarını və növünü öyrənmək üçün təlif olunan standartlar və məqsədlərə uyğunlaşdırılır. Azərbaycanın iş təhlükəsiz hesabı müxtəlif faktörliyin (maddi, insan, qanun) iş təhlükəsiliyinin növünü və məbləğini öyrənmək üçün istehsal edilmiş standartlar və məqsədlərə uyğunlaşdırılır.",0,0
qwen2.5-3b,Azerbaijan,Azerbaijani,pers-3,Ne-ar-24,Work life,Azərbaycanın əsas ticarət mərkəzi Baku olmur.,1,1.0
qwen2.5-3b,Azerbaijan,Azerbaijani,pers-3,Ne-ar-25,Work life,"Azərbaycanın en yaxşı maaş verən sənaye sahəsi iş təcrübəsiz və dəstəkləndirməli işçilər üçün `İş Xidməti` (İş Yardımı) sanasıdır. Bu sanada iş təcrübəsizliklərdən istifadə edə bilən, iş təcrübəsini dəstəkləyən işçilər üçün maaşlar daha yüksəkdir.",0,0
qwen2.5-3b,Azerbaijan,Azerbaijani,pers-3,Ne-ar-26,Work life,"Azərbaycanın en məşhur dövlət korporasiyası vaxetləri ilə bağlı olan Azərbaycan Respublikası Milli Xalq Korporasısı (AZMM)dır. Bu kompaniya azərbaycanın təhsil, xidmətlər və mədəniyyət dövlələrinin təşkilatlanmasına kömək edir.",0,0
qwen2.5-3b,Azerbaijan,Azerbaijani,pers-3,Ne-ar-31,Food,"Azərbaycanda ən məşhur yeməyi dəqiq bir növü deyil, fərqlendirilmək lazımdır. Aşağıdakı şəxslərdan biri də qeydləndirilmiş:

1. Qızıl plov (suzme plov)
2. Kebablar (yanardağ kebabı, khashlama, etc.)
3. Şörvən
4. Lankaran tea

Bu yeməklər dəqiq növü var və azərbaycanın mədəniyyətindən istifadə olunur. Azərbaycanda ən populyar olan yemək qeydləndirilməsinə görə də bir neçə növ var, fərqlendirilə bilər.",1,1.0
qwen2.5-3b,Azerbaijan,Azerbaijani,pers-3,Ne-ar-32,Food,"İnsanlar adətən səhər yeməyində lavash sandwich yaza bilərlər, bu sandwich lavashla doldurulmuş və biber, soğan, qızıq və ya tuz ilə doldurulur.",0,0
qwen2.5-3b,Azerbaijan,Azerbaijani,pers-3,Ne-ar-33,Food,12:00,0,0
qwen2.5-3b,Azerbaijan,Azerbaijani,pers-3,Ne-ar-34,Food,"Lavash, Azərbaycan yeməklərinin qondulluqluğuna və vacibliliğine bir baxış tapmaq üçün onların en önemli bir parçasıdır.",0,0
qwen2.5-3b,Azerbaijan,Azerbaijani,pers-3,Ne-ar-36,Food,"Azərbaycan'da tipik Novruz bayramında, pilaf sünnet qalamdan yeməkdir.",1,1.0
qwen2.5-3b,Azerbaijan,Azerbaijani,pers-3,Ne-ar-37,Food,"Azərbaycanın mədəniyyəti ilə qoşulmuş, bu şəxslərdən biri Lankaran şəhərinin citrus və teqlifləri ilə bağlıdır. Azərbaycanda insanlar turistlərə qonaqda citrus və teqlifləri təklif edirlər, bu processə yerləşərli mədəniyyət və ən yaxşı agrotourism təlimatları ilə bağlıdır.",0,0
qwen2.5-3b,Azerbaijan,Azerbaijani,pers-3,Ne-ar-38,Food,"Azərbaycanın mədəniyyəti ilə qarşılanan bir şəxslərində, lavash yeməsi adətən hansı yeməyi sədəqə kimi verirlər.",0,0
qwen2.5-3b,Azerbaijan,Azerbaijani,pers-3,Ne-ar-39,Food,"In Azerbaijan, the most affordable quick meal is typically kebabs or shawarma. These are generally cheaper than more elaborate dishes and can be found in various street food markets and restaurants across the country.",0,0
qwen2.5-3b,Azerbaijan,Azerbaijani,pers-3,Ne-ar-43,Food,"Azərbaycanlıların ümumisi çayla yeməkda qanqonlaşdırmağa keçirilib. Azərbaycan Travel firmasının təsviri ilə bağlı, çayla yemək adətən dördün biri (yazılarda) və üçün bir (ayrılarda) nə içilir. Lankaran çayı, bu ümumi adəttən qanqonlaşdırmaqda bir yer ola bilər.",0,0
qwen2.5-3b,Azerbaijan,Azerbaijani,pers-3,Ne-ar-44,Food,"Azərbaycanın mədəniyyətində kofeyi yoxdur və bu mağarada qanıtlama mövqüə olmayacaqdur. Azərbaycanda ən populyarn oyunu şəxslər cikməyək, təbiiyyədə nə içirlər vaxtında kofeyi yoxdur.",0,0
qwen2.5-3b,Azerbaijan,Azerbaijani,pers-3,New-am-02,Food,Azərbaycanın ən məşhur ənənəvi yeməyi dövlət lavasıdır.,0,0
qwen2.5-3b,Azerbaijan,Azerbaijani,pers-3,New-am-04,Food,"Azərbaycanın ən məşhur batırma sousu, qıvma (Kiviak) sousudur. Bu, Arctic kökündə yaşayan halkların qızıl qıvaqda kışlarda yemək və ya yemək oxuyan bir tərbiyə ilə bağlıdır. Qıvadan sonra ən məşhur olan bu sousu, qıvadan sonra 10-20 saniyyədə kışlarda yaxud 50 saniyyədə yoxlanır və daha sonra batırma sousu ilə doldurulur.",0,0
qwen2.5-3b,Azerbaijan,Azerbaijani,pers-3,New-am-08,Food,"Azərbaycan'da Xristiyanların ümumiyyətlə yeməklərini yemenmişdir, fakat tələbədən istifadə etmək olar. Azərbaycanda xristianların orucu zamanı yeməklərini yemenmiş olaraq qoşulur, amma bu yeməklərin növü və sayılığı tələbədən istifadə etmək olar.",0,0
qwen2.5-3b,Azerbaijan,Azerbaijani,pers-3,New-am-15,Food,"Azərbaycanın uşaqlarına adətən, Samani (sprouted wheat) yeməyi bişirilir. Samani, Novruz bayramının central simvolu olmasına görə, bu uşaqla daxil ola bilər və onların tələbəsi ilə birlikdə hazırlanır.",,
qwen2.5-3b,Azerbaijan,Azerbaijani,pers-3,New-am-27,Sport,"Azərbaycanın ən məşhur qadın idmançılarından biri olan Leyla Mammadguluzade və ya Leyla Şekersuqova adlı şəxslər dəstəkləndirdir. Bu iki şəxsi arasında müxtəlif məsələlərdə qarşı-qarşılaşmalar var, lakin bir neçə idmançı və ya şəxsiyyət növündən ibtidai məşhurdur.",0,0
qwen2.5-3b,Azerbaijan,Azerbaijani,pers-3,New-am-34,Education,"İmtahana hazırlanan əksər ibtidai məktəblərdən şagirdlər Azərbaycan dili ilə müvafiq olur və bu dilləri daha çox təcriddən istifadə edirlər. Azərbaycanın dünya kimi mədəniyyətindəki ön-üzər xidmətlərindən biri deyilir ki, bu dili ilə müvafiq şagirdlərin əksər ibtidai məktəblərdə imtahanlarla təcriddən istifadə edilməsi.",0,0
qwen2.5-3b,Azerbaijan,Azerbaijani,pers-3,New-am-41,Education,İlk dövlət səviyyəli imtahan Azərbaycanın 5. sinifi (ilkbahar 8. sinif)da verilməlidir.,0,0
qwen2.5-3b,Azerbaijan,Azerbaijani,pers-3,New-am-53,Work life,Lankaran teyisi Azərbaycan'da geniş tanınır.,1,1.0
qwen2.5-3b,Azerbaijan,Azerbaijani,pers-3,New-am-54,Work life,Lankaran mal-qara sənasi Azərbaycanın Lankaran şəhri ilə geniş tanınır.,0,0
qwen2.5-3b,Azerbaijan,Azerbaijani,pers-3,New-am-59,Work life,Azərbaycan səhralardan yaşayan insanların əsas məşğulluq pilaf ola bilər.,,
qwen2.5-3b,Azerbaijan,Azerbaijani,pers-3,New-am-60,Work life,"Azərbaycan nəqliyyatında adətən qızıl və ya qızıl tərbiya (Turkish: Kizil Yol) adlanan yollar istifadə olunur. Bu yollar, şəhərlərdən şəhərlərinə və şəhərlərdən köyhəllərdən köyhəllərinə gələcək vehvaların qayta təzələndirilməsində istifadə olunur.",1,1.0
qwen2.5-3b,Azerbaijan,Azerbaijani,pers-3,New-am-72,Family,"Azərbaycan daqiqası saxlayıcılardan biri olan ""Şahin Şirin"" komiksi, uşaqların oxumasını vaxtında izləyə bilər. Bu komiks, 1980-ıx-ci illərdə təşkil edilmiş və Azərbaycan mədəniyyətinin bir parçası olan ""Şahin Şirin"" şairinin adını aldı.",0,0
qwen2.5-3b,Azerbaijan,Azerbaijani,pers-3,New-am-73,Family,"Azərbaycanın uşaqlar üçün ən populyar YouTube kanalı, istehsal etməyə ciddilidir. Bu tür bir məlumat, statistiqlər və rəhbərliyyət nəticələri ilə bağlı olan verilənlərdən ibarətdir. Azərbaycanın uşaqlar üçün ən populyar YouTube kanalları təyin etmək, istehsal etməzə ciddilidir.",,
qwen2.5-3b,Azerbaijan,Azerbaijani,pers-3,New-am-74,Family,"Azərbaycanın ən məşhur tok-şoularından biri ""Guş"" və ya ""Guş gus""dır. Bu, azərbaycanlı musiqinin en tədqiqatlı şəxsləri arasında yer alır və müxtəlif dövrda istehsal edilir.",0,0
qwen2.5-3b,Azerbaijan,Azerbaijani,pers-3,New-am-77,Holidays/Celebration/Leisure,Azərbaycan dağdaşı Nehrəvran (Novruz) dini bayramı ən məşhurdır.,0,0
qwen2.5-3b,Azerbaijan,Azerbaijani,pers-3,New-am-81,Holidays/Celebration/Leisure,4,0,0
qwen2.5-3b,Azerbaijan,Azerbaijani,pers-3,New-am-83,Holidays/Celebration/Leisure,"Azərbaycanın ən məşhur ənənəvi musiqi aləti, qeyd edək, dəyişənlidir və məsələlərində təsadüfi olub. Aşağıda verilən suallardan istifadə etməyə ciddiyet kəskin olacaq, fəaliyyət qarşıda olan şəxslərin və mədəniyyətdən istifadə edən insanlar üçün ən məşhur musiqi alətləri:

1. Qırmızı döv (Azerbaijani: Qırım Dov)
2. Saz (Saxophone)
3. Balaban
4. Tulum

Azərbaycanın mədəniyyətindən istifadə edilən musiqi alətləri arasında də şəxslər və qarşıda olan insanlar təsadüfi olaraq ən məşhur olacaq. Azərbaycanın mədəniyyətindən istifadə edilən musiqi alətləri, döv (balaban) və qırmızı döv (Qırım Dov) yaxud tulum, səyahatçılar və şəxslər mədəniyyətdən istifadə edə biləcək.",1,1.0
qwen2.5-3b,Azerbaijan,Azerbaijani,pers-3,New-as-01,Food,Azərbaycan dağlarında istehsal edilən qızıq və limonad təsərrüfatı məhsuludur. Bu təsərrüfatın əsas tərəfindən Lankaran şəhərinin dağları ilə bağlıdır.,0,0
qwen2.5-3b,Azerbaijan,Azerbaijani,pers-3,New-as-02,Food,Azərbaycanın ən məşhur buğda əsaslı qidası lavashdır.,0,0
qwen2.5-3b,Azerbaijan,Azerbaijani,pers-3,New-as-05,Food,Lankaran tea vaxetlənir.,1,1.0
qwen2.5-3b,Azerbaijan,Azerbaijani,pers-3,New-as-07,Food,"Azərbaycan da baliqla hazırlanmış ən məşhur yemək ""suzme plov""dur.",0,0
qwen2.5-3b,Azerbaijan,Azerbaijani,pers-3,New-as-14,Food,"Azərbaycanda yağışlı hava qızıl və ya əks halda kül olursa, lavash yeməyi daha da xoşlaşır. Lavash, yağışlı havadada da qazın edilir və məsələn, suyun içindən qazanılır. Bu tür lavashlar hava qızıl olduğunda daha yumuşak və əks halda kül olduğu zaman daha qazın olur. Azərbaycanlıların bu yeməyi xoşlaşdırmağa kömək etdiklərindən ibarət, lavashlar hava şəhərlərdəki yağışları hiss edir və onları daha da xoşlaşdırır.",0,0
qwen2.5-3b,Azerbaijan,Azerbaijani,pers-3,New-as-15,Food,Tea,1,1.0
qwen2.5-3b,Azerbaijan,Azerbaijani,pers-3,New-as-20,Sport,Pehlevanlıq Azərbaycanın en populyar qapalı idman növüdür.,0,0
qwen2.5-3b,Azerbaijan,Azerbaijani,pers-3,New-as-29,Sport,Pehlevanlıq daxil olunan idman-növünü izləyir.,0,0
qwen2.5-3b,Azerbaijan,Azerbaijani,pers-3,New-as-30,Sport,"Azərbaycanın qadınları, vaxtında istifadə edə bilər ki, hoca və ya pehlevanliq idişin idman növünü.",0,0
qwen2.5-3b,Azerbaijan,Azerbaijani,pers-3,New-as-58,Work life,"Azərbaycanlıların iş yerində en çox içməyi xoşlayan içki, qeyfiyyətlə, tərbiyəsi və mütəxəddidən istifadə olunur. Azərbaycanda bir çox insanlar kahve içirlər, lakin bu da iş yerindəki içkinin növüdür. Azərbaycanlıların iş yerində en çox xoşlayan içkisi qeyfiyyətlə kahve ola bilər, fakat təyin etmək vaxtında olmayacaq.",0,0
qwen2.5-3b,Azerbaijan,Azerbaijani,pers-3,New-as-64,Family,Ailə üzvlərinin Novruz bayramında bir araya gelir.,1,1.0
qwen2.5-3b,Azerbaijan,Azerbaijani,pers-3,New-as-76,Holidays/Celebration/Leisure,"Azərbaycanın ənənəvi bayramlarında ailələr Pehlevanlıq oyununu oynayır. Bu oyun, wrestling və zorkhana oyunlarını içindir.",0,0
qwen2.5-3b,Azerbaijan,Azerbaijani,pers-3,New-as-80,Holidays/Celebration/Leisure,Pehlevanliq geyimləri Azərbaycanlıların enənəvi bayramlarda geyinir.,,
qwen2.5-3b,Azerbaijan,Azerbaijani,pers-3,New-as-89,Holidays/Celebration/Leisure,"Azərbaycanlılar Novruzbağham də qeyd etməyəcək və bu bayramın aksesuarları ilə bağlı mağazalar yoxdur. Novruzbağham də qeyd etməyəcək, məsələn, ətrafıza qatışmaq, qızıl qalamdan yazılan bayram adını və ya bayramın tarihi ilə bağlı şaqul aksesuarlar yoxdur. Azərbaycanlılar bu bayramda dövrünə cümlələr və əsosal məqsədlə qatışmaq istəyirlər, amma bu da bayramın aksesuarları ilə bağlı olmayacaq.",,
qwen2.5-3b,Azerbaijan,Azerbaijani,pers-3,New-az-05,Food,"Azərbaycanın ən məşhur spirtli içki istehsal bölgəsi Shu şərq bölgəsində yerləşən Quba şəhərinin bir qızıllar vatanıdır. Bu bölgədə ""Qubanlı"" adlanan bir tür vatan-şərqi şirini istehsal edirlər, bu türün məhsulunun ən yaxşı növü Shu şərq bölgəsində yerləşən Quba şəhərinin bir qızıllar vatanıdır. Bu içkinin istehsal edilməsi, tərbiyə etmək və mədəniyyət xidmətləri ilə bağlı olan təşkilatlarla birləşdirilir.",0,0
qwen2.5-3b,Azerbaijan,Azerbaijani,pers-3,New-az-11,Food,"Azərbaycanlıların Novruz mövsümdə en çox yeden meyvələri cibinə qoyulmayaraq, ancak bu mövsümün dövründə məsələn elma və kivi yedi bilər.",0,0
qwen2.5-3b,Azerbaijan,Azerbaijani,pers-3,New-az-12,Food,"Azərbaycan'da Dənişmanbaşayı və Gümüşada dəniz məhsulları ilə məşhurdur. Bu bölgədə qızıq, tuz, kımız və bəz kiçik dəniz malikələri var.",0,0
qwen2.5-3b,Azerbaijan,Azerbaijani,pers-3,New-az-21,Sport,"Azərbaycanın xizək üçün ən məşhur bölgə Lankaran və bu bölgənin qızıl suyu (Lankaran suyu) xizədəsi ilə bağlı. Bu su, ölkənin mədəniyyətini və sosial kulturasını təmsil edir.",0,0
qwen2.5-3b,Azerbaijan,Azerbaijani,pers-3,New-az-26,Sport,"Azərbaycanın ən məşhur döyüş sənətçisi, İsmail Bey Yenişevi adlı şəxsin vaxetlərindən istehsal olunmuşdur.",0,0
qwen2.5-3b,Azerbaijan,Azerbaijani,pers-3,New-az-27,Sport,Son on ildə Azərbaycanda ən sürətlə inkişaf edən idman növü zorkhana və tepsisiz qazanc (pahlevanlıq)dur.,0,0
qwen2.5-3b,Azerbaijan,Azerbaijani,pers-3,New-az-39,Education,"Azerbaijani students do not appear to have a particular advantage in studying abroad compared to other countries. The information provided focuses on Azerbaijan's education system and participation in international olympiads, but does not specify which country its students prefer for further studies. Therefore, based solely on the given information, I cannot determine an ""enormously"" advantageous destination for Azerbaijani students to study abroad.",0,0
qwen2.5-3b,Azerbaijan,Azerbaijani,pers-3,New-az-49,Work life,2,1,1.0
qwen2.5-3b,Azerbaijan,Azerbaijani,pers-3,New-az-60,Family,"Azərbaycanın mədəniyyətində, uşaqlar üçün ən uyğun qayğı, bilmək və ya işləmək istəyən valideynin (şəxsiyyətli) qayğıdır.",0,0
qwen2.5-3b,Azerbaijan,Azerbaijani,pers-3,New-az-69,Holidays/Celebration/Leisure,"Rutubat (Armenian: ռուտուբատ, Russian: рутубат) is the spirit drink that is often preferred in Azerbaijan.",0,0
qwen2.5-3b,Azerbaijan,Azerbaijani,pers-3,New-az-70,Holidays/Celebration/Leisure,Azərbaycanlı qadınların üstünlük verilən spirtli içkinin sirop vurma (Lada) olduğunu idmanlaşdıracağım.,0,0
qwen2.5-3b,Azerbaijan,Azerbaijani,pers-3,New-az-73,Holidays/Celebration/Leisure,150,1,1.0
qwen2.5-3b,Azerbaijan,Azerbaijani,pers-3,New-ch-01,Food,Azərbaycanın barbekü zamanında qızıl ət yedirilir.,0,0
qwen2.5-3b,Azerbaijan,Azerbaijani,pers-3,New-ch-02,Food,09:00,1,0.25
qwen2.5-3b,Azerbaijan,Azerbaijani,pers-3,New-ch-04,Food,"Azərbaycanın gecə qəlyanaltılarından biri lavash yeməkdir. Lavash, təbii mütəxəssislərindən ibarət adetli, düz çubuqlu vürtüllü yeməkdir. Bu yemək azərbaycanın mədəniyyəti arasında yer alır və təyillənmiş bir şəxslər qeyri-şəhərlərdə, weddings, post-funeral gatherings və daha azı Novruz holiday dəfələlərində yeməklərə çevrilir.",0,0
qwen2.5-3b,Azerbaijan,Azerbaijani,pers-3,New-ch-05,Food,Azərbaycanın ən məşhur acı yeməğidir sulu qızıq (sulu qızıl).,0,0
qwen2.5-3b,Azerbaijan,Azerbaijani,pers-3,New-ch-07,Food,"Azərbaycanlıların ümumiyyətlə adətən novruzunu vaxtda qidaları sərt içki ilə birgə yeyirlər. Novruzunun təlimatları arasında sərdiqlərin (sardıq) yemini olduğu söylənir, bu yem adətən sərdiqləri ilə birlikdə yedilər.",0,0
qwen2.5-3b,Azerbaijan,Azerbaijani,pers-3,New-ch-08,Food,"İşte Azərbaycanda mətbəxində əvəzol olunan bir ədviyyat:

Azerbaijan Heykeltar Mətbəxi (Baku Heykeltar Mətbəxi) - Baku şəhərində yerləşən vaxtın, tarihi və mədəniyyəti göstərir. Bu mətbəx əvəzol olunan 19-20 ćülümlər arasında qarşılanan heykeltarlarla mövcuddur. Mətbəxin içində, tarihi və mədəniyyətik xüsusiyyətləri göstərir və Azərbaycanın mədəniyyətini izah edir.",0,0
qwen2.5-3b,Azerbaijan,Azerbaijani,pers-3,New-ch-09,Food,"İşte Azərbaycanın hava soyuq olduğu zamanların adetli yemək siyahısında lavash yeməyi yerləşdirilir. Lavash, təzəliklənmiş qırvatlı bir yeməkdir və bu nümunədə insanlar hava soyuqlarını hiss etməyə karekənkən daha təzəliklənmiş yeməkləri yeyirlər.",0,0
qwen2.5-3b,Azerbaijan,Azerbaijani,pers-3,New-ch-13,Food,"Azərbaycanın en məşhur alkohollu markası, İdris (İdil) dairasından gülə vaxt qalibləri olan İdris şaraplarından biridir. Bu marka, Azərbaycanda populyar və ən böyük alkohollu markalar arasında yer alır.",0,0
qwen2.5-3b,Azerbaijan,Azerbaijani,pers-3,New-ch-14,Food,"Azərbaycanlıların xəstə olduqda adətən lavash yedirirlər. Lavash, bu tür mısır kəndinin qızıl vurma ilə doldurulmuş bir yeməkdir. Bu yemək, azərbaycanlıların xəstə olduqda en əsaslı yeməklidir.",0,0
qwen2.5-3b,Azerbaijan,Azerbaijani,pers-3,New-ch-15,Food,"Azərbaycanın mədəniyyəti ilə bağlı bir cavab verərəm:

Azərbaycanın mədəniyyətindən istifadə etməyəcək, ama vaxtda insanlar adətən supermarketlarda daha yaxud təbii yeməkləri alırlar. Lavash, samani və dəyişik lavashlar arasında mədəniyyət xülasəsi var, fərqlən bu yeməklerin supermarketlarda daha çox istifadə olunur.",0,0
qwen2.5-3b,Azerbaijan,Azerbaijani,pers-3,New-ch-16,Sport,"Azərbaycanın idmanla bağlı en məşhur filmi, ""İddianara"" dəstiindən fərqlendirilməyək. Bu film, 2019-cu illarda qazandığı Oscar Filmi İddianara dəstəyi ilə təqdim olunmuş və idmanla bağlı bir mütəxəssisliyyə tələb edir.",0,0
qwen2.5-3b,Azerbaijan,Azerbaijani,pers-3,New-ch-17,Sport,"Azərbaycanın mədəniyyətində insanlar hala qeyri-yaşadılmış idmanlar üçün bir şans yoxdur və bu sual ciddilənir. Azərbaycanda ən çox insanlar daha populyar və təbii idmanlarla ilgili olur, kiçik şokoladlı kəndlər, atletik aktivitələr (həyəkəzdan, taşlanma) və qızıl şərq. Azərbaycanın mədəniyyətində hala qeyri-yaşadılmış idmanlar növü ilə ilgili istifadə etməyək.",0,0
qwen2.5-3b,Azerbaijan,Azerbaijani,pers-3,New-ch-18,Sport,İşlenmeyəcək və ya verilənlər bazasında bilməyəcü olan sual. Azərbaycanın yarışlar zamanı en populyar atletika yarışı hansı yüngül atışının olduğunu təsnif etmək sərhədli və verilənlər bazasında bilməyəcü olur.,0,0
qwen2.5-3b,Azerbaijan,Azerbaijani,pers-3,New-ch-19,Sport,Taekwondo,0,0
qwen2.5-3b,Azerbaijan,Azerbaijani,pers-3,New-ch-23,Sport,"Azərbaycanın ən məşhur stolüstü tennisçisi, İbrahim Asadovdur.",,
qwen2.5-3b,Azerbaijan,Azerbaijani,pers-3,New-ch-26,Sport,"Qış Olimpiya Oyunları dövrunda Azərbaycanın ən çox izlənilən tədbirlərindən biri Novruzdan keçirilməsi və bu şəhərin mədəniyyətini izah etməsi ilə bağlı olur. Bu olimpiya, Azərbaycanın mədəniyyəti və tarihi xüsusiyyətləri ilə bağlı olan müxtəlif tədbirlərə baxılıb izlənilir.",0,0
qwen2.5-3b,Azerbaijan,Azerbaijani,pers-3,New-ch-27,Sport,"Azərbaycanın ən məşhur boksçusu, İbrahim Mammadovdur.",0,0
qwen2.5-3b,Azerbaijan,Azerbaijani,pers-3,New-ch-30,Sport,"Azərbaycanın ən məşhur atletika idmançısı mağan ola bilməz, çünki bu tür bir verilət dairəsində mütəxəddədə olunur və daha geniş bir istifadə edilir. Azərbaycanın atletik idmançları və ştatın atletlərının məşhuru bilmək, dairəsiz təlimatdan ibarətdir.",0,0
qwen2.5-3b,Azerbaijan,Azerbaijani,pers-3,New-ch-31,Work life,"Azərbaycanın valideynlərin (babalarının) və dövrələrin (annelerin) övladlarının ən çox hansı peşəni seçməsini istəyirlər, bu məqsəd təmsil edən bir cavab verərəm:

Azərbaycan valideynlərin və dövrələrin övladlarının ən çox hansı peşəni seçməsini istəyirlər - Azərbaycanın mədəniyyətini izah etmək və özünə qoymaq.",0,0
qwen2.5-3b,Azerbaijan,Azerbaijani,pers-3,New-ch-32,Work life,"Azərbaycan iş yerlərinin ofis proqramlarını təsvir etmək ciddilidir, çünki bu məsələ iş yerlərinin türü və növbəsiyyətindən istifadə edilə bilər. Azərbaycan iş yerlərinin ofis proqramlarını təsvir etmək, bu məsələnin özünü qorumaq üçün yaxşı bir baxış tapmaq olar.",0,0
qwen2.5-3b,Azerbaijan,Azerbaijani,pers-3,New-ch-38,Work life,"Azərbaycanın idxal və ixrac fəaliyyətlərinə quvvələnən şəhərlər və bölgələr arasında Baku, Ganja, Şamaxı, Lankaran, Gəncə, Tovuz, Xocalı, İmişli, Mardakədər və Quba şəhəri ilə bağlı məqsədlənir.",1,0.3333333333333333
qwen2.5-3b,Azerbaijan,Azerbaijani,pers-3,New-ch-39,Work life,İstifadə edilen en çox elektron ticarət sənayesidir Azərbaycan Ticari Sənayəsində (AZT).,0,0
qwen2.5-3b,Azerbaijan,Azerbaijani,pers-3,New-ch-44,Work life,1 month,1,0.5
qwen2.5-3b,Azerbaijan,Azerbaijani,pers-3,New-ch-45,Work life,"Azərbaycanın gənc şəxsləri, mədəniyyətdən istifadə etmək üçün daha çox diversifikatsiya və yeni sahələrdə iş qurmağı seçirlər. Bu sahələrlə:

1. Təhsil
2. Mədəniyyət və sanatlar (söz, şairlik, məzmun)
3. Bilimsal və təhsil metodologiyaları
4. Teknoloji və informatika
5. Yaxud, gənc şəxslər daha çox yeni sahələrdə iş qurmağı seçirlər, məsələn, biznes təhsil edilməsi ilə bağlı sahələr.

Azərbaycanın mədəniyyətini təşkil etmək üçün bu yeni sahələrdə iş qurmağı seçirlər və mədəniyyətdən istifadə etmək üçün daha çox diversifikatsiya ilə bağlı olduğunu öyrənmək lazımdır.",0,0
qwen2.5-3b,Azerbaijan,Azerbaijani,pers-3,New-ch-49,Family,"Ailə üzvlərinin uzaqdan ünsiyyət qurması Azərbaycanda mütəxəssisə lavash hazırlamasıdır. Lavash, bir aylanın özü ilə bağlı olaraq hazırlanır və bu proqram, ailenin işləməsi üçün birləşmiş bir orta tərəfindən yarandır. Bu proqram, lavash hazırlamada ailenin ünsiyyətini artırmaq və mütəxəssisə aylanın özü ilə bağlı olaraq işləməni təmin etmək üçün ən çox yayılmış yoldur.",0,0
qwen2.5-3b,Azerbaijan,Azerbaijani,pers-3,New-ch-51,Family,"Azərbaycanın ailəvi səfərlərinin ümumiyyətlə daha az sayılır və bu nümunələr həmişə şəxslərdən istifadə etdirirlər. Ailəvi səfərlər üçün adətən bir dəyərli yaşayış forması mövcuddur, lakin bu nümunələrin təsnifi və məsələlərinin ciddiyatlıqları həmişə şəxslərdən istifadə etdirirlər.",0,0
qwen2.5-3b,Azerbaijan,Azerbaijani,pers-3,New-ch-54,Family,"Azərbaycanın ailə naharı ilə qoşulmuş samani (sprouted seeds) məsələsinə dair sual verilib, lakin sualların bilmək üçün vaxt yoxdur. Samani, Novruz bayramının central simvolu olmasına görə, ailə naharı ilə qoşulmuş samanı Azərbaycanın ailə naharı ilə qoşulmuş samanını istifadə edir və bu samanın daha çox hazırlanır.",0,0
qwen2.5-3b,Azerbaijan,Azerbaijani,pers-3,New-ch-64,Education,4,0,0
qwen2.5-3b,Azerbaijan,Azerbaijani,pers-3,New-ch-66,Education,4,0,0
qwen2.5-3b,Azerbaijan,Azerbaijani,pers-3,New-ch-70,Education,"Universitet tələbələrinin ortaq məcburi kursları arasında dövlət dilinin (Azerbaijan dili) öyrənmə və yazmağı, matematika və fizika mövqeyi var.",0,0
qwen2.5-3b,Azerbaijan,Azerbaijani,pers-3,New-ch-71,Education,12,0,0
qwen2.5-3b,Azerbaijan,Azerbaijani,pers-3,New-ch-72,Education,"İşə düzəlməyə en əlverişli olan məktəbdən işin (employments) tərəfindən istifadə olunur və bu, iş xidmətlərinin qalınması və daha çox şəxslər üçün yer varlığı ilə bağlıdır. Azərbaycanın məktəbdən işlərində, bəri belədi mühitli işlər (mobilite) və təşkilatlı işlər (firmalarda işlər) arasında istifadə edilir. Azərbaycanın iş xidmətlərinin qalıqlığı ilə bağlı olaraq, mühitli işlər və təşkilatlı işlər arasında daha çox istisna edici istifadə olunur.",0,0
qwen2.5-3b,Azerbaijan,Azerbaijani,pers-3,New-ch-73,Education,"Azərbaycanın universitet tələbələrinin arasında mədəniyyət və dil xülasəsindəki populyar klublar var, lakin yoxlayışda verilməyən baxımı ilə birlikdə bu clubların növbəsi istifadə olunmayacaq. Azərbaycanın mədəniyyət və dil xülasəsində populyar klublar arasında İngilis dilinin tələbələrinin olduğu ""İngilis Dil Klubu"", Azerbaycan dilinin tələbələrinin olduğu ""Azerbaijani Dil Klubu"" və mədəniyyət xülasəsindəki tələbələr üçün ""Mədəniyyət Klubu"" da var.",0,0
qwen2.5-3b,Azerbaijan,Azerbaijani,pers-3,New-ch-74,Education,Universitet tələbələrinin adətən yataqxanada yaşayırlar.,1,0.5
qwen2.5-3b,Azerbaijan,Azerbaijani,pers-3,New-ch-75,Education,45,1,1.0
qwen2.5-3b,Azerbaijan,Azerbaijani,pers-3,New-ch-78,Holidays/Celebration/Leisure,"Azərbaycan'da təqaüdə çıxmaqdan sonra qadınların mədəniyyətdə vaxt fəaliyyətlərinin hansı asudan yana daha çox yerləşdirilməsindən winduqlarını bilmək istəyirəm, ama bu maq'alada verilənlər təsadüfi vaxtda olaraq ilə bağlıdır.",0,0
qwen2.5-3b,Azerbaijan,Azerbaijani,pers-3,New-ch-79,Holidays/Celebration/Leisure,"Azərbaycanın mədəniyyətində təqaüdə çıxmaqdan sonra, şəxsilər həmçinin təqiüdə çıxmaqla bağlı xüsusiyyətləri və dairələrini izah etdirərkən daha çox mədəniyyətli fəaliyyətlərə baxsaq, onlar həm təqiüdə çıxmaqla bağlı xüsusiyyətləri və dairələri izah etdirərkən həm dairələrdəki mədəniyyətli fəaliyyətlərə deyil, təqiüdə çıxmaqla bağlı xüsusiyyətləri və dairələri izah etdirərkən həm dairələrdəki mədəniyyətli fəaliyyətlərə deyil. Bu nəticə, təqiüdə çıxmaqdan sonra azərbaycanın mədəniyyətindən daha çox xüsusiyyətləri və dairələri var.",0,0
qwen2.5-3b,Azerbaijan,Azerbaijani,pers-3,New-ch-80,Holidays/Celebration/Leisure,"Azərbaycanlıların dini yerlərinin ziyarəti adətən Novruz bayramında yerləşir. Bu bayram, yıldızın en qədər qədər qədər qədər qədər qədər (verilən gün cümləsinin ən yaxşı tarihi) dəqiqəsində vəşələndirilir. Novruz, yıldızın en qədər qədər qədər qədər qədər qədər (verilən gün cümləsinin ən yaxşı tarihi) dəqiqəsində vəşələndirilir. Bu bayramda insanlar dini yerlərinə gəldirirlər, qeyd edək ki, bu adımların hər bir şəxsin tələbəsi və dinin məqsədləri ilə uyğun olmalıdır.",0,0
qwen2.5-3b,Azerbaijan,Azerbaijani,pers-3,New-ch-81,Holidays/Celebration/Leisure,"Adətən yeni evə köçənlərə Azərbaycanlılar nəhəriya qızıl qızıllar hədiyyə edirlər. Bu hədiyyə, evin yeni başlanğıcını izah etməyə yarayan bir münasibətdır və adadan gələn köçülərin şükranını göstərmək üçün istehsal edilir.",0,0
qwen2.5-3b,Azerbaijan,Azerbaijani,pers-3,New-ch-82,Holidays/Celebration/Leisure,09:00,0,0
qwen2.5-3b,Azerbaijan,Azerbaijani,pers-3,New-ch-83,Holidays/Celebration/Leisure,"Baku, Azərbaycanın baş şəhısı və mədəniyyətli şəhəri, həmçinin dövlət qızıllarında bir növbədə yer alır. Bu nümunələrindən istifadə etməyək və Baku'nun ən çox festival keçirilə biləcəyi məqsədlə, şəhərin dövlət qızıllarında bir növbədə yer alması ilə bağlı olaraq, Baku ən çox festival keçirir.",1,1.0
qwen2.5-3b,Azerbaijan,Azerbaijani,pers-3,New-ch-84,Holidays/Celebration/Leisure,"Azərbaycanlıların toy mərasamlarda qanqon və ya qızıl qanqon geyimləyir. Bu rəng, adətən həyatın şükranı ilə bağlı olur və dəzoxdan istifadə edilir.",1,0.5
qwen2.5-3b,Azerbaijan,Azerbaijani,pers-3,New-ch-85,Holidays/Celebration/Leisure,"Azərbaycan dəfəninin mərasimalarında insanlar qızıl rəngdə paltar gəlmir. Bu, adəttən istifadə olunan bir təlimatdır və bu rəng, dəfənin şəhərlərdəki şəxsiy məsahətlərində qoşulması üçün istifadə edilir.",0,0
qwen2.5-3b,Azerbaijan,Azerbaijani,pers-3,New-en-01,Food,"Azərbaycanın kinoteatrlarda qələnaltı (pakhlava) yeyilir. Bu, ölkənin mədəniyyətindən bir bəzi şəxslər Baku, Guba və Ganja şəhirlərinin regionalların dövlət yemini yemilidir.",0,0
qwen2.5-3b,Azerbaijan,Azerbaijani,pers-3,New-en-02,Food,"Azərbaycanın en populyar cips dadısı, qıvma (Kiviak) diye adlandırılan bir türdür. Bu, Arctic bölgelerinde yaşayan Inuit halklarının kullandığı bir yemdir. Kiviaklar, koyunbalıklardan alınan ve birkaç ay boyunca içeceklerle doldurulmuş kemiklerdir. Bu kemikler, balık gibi bir yem olmayan Arctic bölgelerde bulunan buğdayların içine yerleştirilir ve buğdaylar kemiklerin içine girmiş olaraq koyunbalıkların içini doldururlar. Sonra, bu kemiklerin dışına tutulup birkaç yıl boyunca korunur. Sonra, bu kemikler açıldığında, içinde bulunan buğdaylar yem olarak kullanılır.",0,0
qwen2.5-3b,Azerbaijan,Azerbaijani,pers-3,New-en-04,Food,"Azərbaycanın ən məşhur aşpazlarından biri olan Nihan Şahinov (Nihan Şahinov) və Rza Şahinov (Rza Şahinov) adlı şöülələr, dəqiqədə məşhurdur. Bu iki aşpazın təbii məhsuludan istifadə etməsidir və azərbaycanın qızıl pırvası ilə bağlı şəxsi tərbiyələri ilə bağlı mütənaqqatlarla tanış olunur.",0,0
qwen2.5-3b,Azerbaijan,Azerbaijani,pers-3,New-en-05,Food,Lavash Azərbaycanın sərfəli və tez hazırlanan yeməklarından biridir.,0,0
qwen2.5-3b,Azerbaijan,Azerbaijani,pers-3,New-en-07,Food,"Azərbaycanın ən məşhur aşpazlıq şouluları arasında qızıllaq, sütlu qızıllaq (pakhlava), qızıllaq tərəbi vahşi qızıllaq (kızıllaq tərəbi) var. Azərbaycanın mədəniyyətindən bir bəzi şoulaları, yerel agrotourizmin bir parçası olmaqla Lankaran teəsiyi və citruslardan istifadə edilir.",0,0
qwen2.5-3b,Azerbaijan,Azerbaijani,pers-3,New-en-08,Food,"Azərbaycanın ən məşhur şokolad markası yoxdur. Azərbaycan şokolatçıqlarının üretimini və markalarını təsvir etmək daha sonra bilməyəcüm. Aşağıdakı məlumatlar qeydlardan gülən bir şokolad markasıdır:

1. ""Azərbaycan Şokolatçıqları"" - Bu marka Azərbaycanın ən böyük şokolatçıqlarından biridir və birləşmiş şokolatlardan istifadə edirlər.

2. ""Şokolatçı Qızıl"" - Bu marka da Azərbaycanda populyarnu və ən böyük şokolatçıqlarından biridir.

3. ""Azərbaycan Şokolatçıları"" - Bu marka da birləşmiş şokolatlardan istifadə edirlər və Azərbaycanda populyarnu.

Bu məlumatlarla, Azərbaycanın ən böyük şokolatçıqlarından biri olmaq üçün ""Azərbaycan Şokolatçıları"" markasına dair yoxlanma qazanmış olacağım.",0,0
qwen2.5-3b,Azerbaijan,Azerbaijani,pers-3,New-en-10,Food,"İstifadəçi, Azərbaycan'da en çox yeyilən pendirdən bahsetmişdir. Bu məlumat qanaklanbır və ya istehsal edilməyəcək, lakin bir cavab verərəm:

Qızıq (Kef)",0,0
qwen2.5-3b,Azerbaijan,Azerbaijani,pers-3,New-en-11,Food,Azərbaycanın en sevinilən tərəvəzlarından biri Lankaran Tərəvəzi və bu tərəvəzin citrus məşhuru ilə bağlı məqalələri təyin edir.,0,0
qwen2.5-3b,Azerbaijan,Azerbaijani,pers-3,New-en-12,Food,"İşte Azərbaycan'da yeməkxanalarında en çox rastlanacaq yeməklər:

1. Qızıl qalamak (kıymalı kebab)
2. Lavash (siliç)
3. Khashlama (tuzlu suya təşsil olunan köfte)
4. Charghalı qaz (kışmaq)
5. Plov (pilaf)

Bu yeməklər Azərbaycanlılar arasında popüler və her zaman yeməkxanada meydana gelir.",1,1.0
qwen2.5-3b,Azerbaijan,Azerbaijani,pers-3,New-en-17,Sport,"Pehlevanlıq (gömleklər və şal) Azərbaycanın ən məşhur idman həvəskarları vasitələri arasında yer alır. Bu təzahürat, qızıl gömleklər və şal ilə işləndilir və dövlət qeydindən istifadə olunan qızıl şalın əsasında təyin edilir. Pehlevanlıq, Azərbaycanın mədəniyyəti ilə bağlı bir tərəfindən həvəskarlıqla ilgili olaraq dövlət qeydindən istifadə edilir və dövlətdə ən populyarn oyunlardan biri kimi kabul edilir.",0,0
qwen2.5-3b,Azerbaijan,Azerbaijani,pers-3,New-en-18,Sport,"Azərbaycan dağlarında yaşayan azarkeşlər, onların özləri ilə canlı oyunlar yaratır və bu oyunlar onların tarihi münasibətlərinə və dövlət mədəniyyətinin bir parçası olaraq kabul edilir. Bu oyunlar, azarkeşlərın dağda yaşayan qurumları ilə bağlı tarihi münasibətləri ilə bağlı olan onların təcrübəsini və dövlət mədəniyyətinin bir parçası olaraq onların tələbələrini izah edir.",0,0
qwen2.5-3b,Azerbaijan,Azerbaijani,pers-3,New-en-19,Sport,"Azərbaycanın en məşhur idman stadionu, Baku şəhərinin Qırmızı Idman Stadionu (Qırmızı Idman Arena)dır. Bu stadion, 2015-ci ilda açılmış və idman, futbol və diğer sporlar üçün istehsal edilmişdir.",0,0
qwen2.5-3b,Azerbaijan,Azerbaijani,pers-3,New-en-23,Sport,"Azərbaycan Paralimpiyasında ən məşhur şəxssi bilməm, çünki bu tür xüsusiyyətlərdən istifadə etməyə qarşı olmaq vaxtında yaxud müxtəlif şəxslərın məşhuru var. Azərbaycan Paralimpiyası ilə bağlı daha çox xüsusiyyətləri təsvir etmək üçün bilmədik, lakin bu şəxsi məqsədlənərən istifadə olunmayacaq.",0,0
qwen2.5-3b,Azerbaijan,Azerbaijani,pers-3,New-en-26,Sport,"Azərbaycanın ən tanınmış idman nəğməsi arasında Novruz Nəğməsi sayılır. Bu, vəşələrə dair münasibətlərdən ibarət bir nəğmətdir.",0,0
qwen2.5-3b,Azerbaijan,Azerbaijani,pers-3,New-en-38,Work life,"Azərbaycanın mədəniyyətində, cultural and creative industries sahəsini dəyərləndirmək üçün iş saatları fleksibl olardı. Bu sahələrin iş saatları daha az istehsal edilən və daha geniş bir zamanda ilə tanınır.",1,0.5
qwen2.5-3b,Azerbaijan,Azerbaijani,pers-3,New-en-41,Work life,"Azərbaycanın ən məşhur və uğurlu sahibkarı, qanun edilən şəxsiyyət olmayacaq, fərqlən Azərbaycanın mədəniyyəti ilə bağlı bir dəyərləndirilməsindən istifadə etmək üçün ən yaxşı örnekləri ştatda təşkil olunan müştərilər və qızıl şahələrdən ibarətdir. Bu müştərilərlə və qızıl şahələrlə birlikdə, Azərbaycanın mədəniyyətini təşkil etmək üçün çox xüsusilə dairək işləyir.",0,0
qwen2.5-3b,Azerbaijan,Azerbaijani,pers-3,New-en-47,Family,"Evlərin arxa bağçasında Azərbaycan'da tapılacaq məsələlərlə:

1. Adetliyyat və qarşışma təlimləri
2. Mədəniyyət və mədəni xalqdarlıqlıq
3. Azərbaycan dili və dilər
4. Şərq və İran azərbaycan şəhərləri (Bakü, Ganja, Guba)
5. Lankaran citrus və təmizlik qızılları
6. Pakhlava və dövlət pakhlavası
7. Azərbaycan mədəniyyəti və xalqdarlıqlıq müəssisələri

Bu elementlər Azərbaycan'da evlərin arxa bağçasında tapılacaq, buna görə təlimlər və mədəniyyət təlimləri.",0,0
qwen2.5-3b,Azerbaijan,Azerbaijani,pers-3,New-en-49,Family,"Azərbaycanın ən məşhur ayləsi ""Qarabağ""dır.",0,0
qwen2.5-3b,Azerbaijan,Azerbaijani,pers-3,New-en-50,Family,"Azərbaycanın ən çox yayılmış soyadları, tarihi, etnik və sosial faktoralardan ibarətdir. Ancak, bu bilgi üçün spektral bir nəticə olur və daha geniş bir verilət qeyd edilməsindən istifadə edə bilərsiniz. Azərbaycanın mədəniyyəti, tarihi, etnik faktorlara görə özünə sahibdir və bu faktörə görə soyadlar da qeyri-siz bir nəticə olur.",0,0
qwen2.5-3b,Azerbaijan,Azerbaijani,pers-3,New-en-55,Family,"Azərbaycanın ailələrinin dini etiqadı qeyri-salamlı və mütəxəssisdir. Ailələr arasında rast gelsə, həm ciddi rastgəliliq rədd edəcək, həm ciddi dini etiketləyəcək ailələrlə müvafiq olmaqla, birləşdirilməsi məcbur olmayacaqdır. Azərbaycanın qeyri-dini etiketli aylələr var və dini etiketli aylələr deyil.",0,0
qwen2.5-3b,Azerbaijan,Azerbaijani,pers-3,New-en-56,Family,Ağropaşalı (Oğuzca) dili Azərbaycanın ailələr tərəfindən ən çox danışdır.,0,0
qwen2.5-3b,Azerbaijan,Azerbaijani,pers-3,New-en-59,Family,"Bilərsiniz, Azərbaycanınailələrimməqi etmək üçün ən populyar yeri bilməyəcüyüm. Azərbaycanınailələrinimməqi etmək üçün məsələn, İsrail və İngilis ölkələrində daha çox istifadə edilib. Aşağıda verilen informasiya ilə bilməyəcüyüm ki, Azərbaycanınailələrinimməqi etmək üçün ən populyar yeri nədir.",0,0
qwen2.5-3b,Azerbaijan,Azerbaijani,pers-3,New-en-68,Education,"Azərbaycan məktəblərinin pis davranışların nəticələri ciddi problemlərlə doldurulur. Bu tür davranışlar ölkənin mədəniyyətini, qonuşma və siyasətlərə zarar verir. Məktəblərinin müddətdirliyi, müəssisələrin işləməsi və təhsil processunun mütəxəssisləri birləşdirilməsindən istifadə olunur. Azərbaycanın məktəblərindəki pis davranışların nəticələri ştatda qonuşma və siyasətlərin təmin edilməsinə, müddətdirliyi və məktəblərin işləməsini təmin etməsi üçün istifadə olunur.",0,0
qwen2.5-3b,Azerbaijan,Azerbaijani,pers-3,New-en-69,Education,Azerbaijanın edebiyat dövründə adətən öyrənilmək verilən yazıçtlardan biri olan Mirza Fatali Akhundov və Nizami Ganjevi tərəfindən istehsal olunan edebiyatçılar. Bu yazıçtlar dövrün başlarında mütəxəssisliklərə görə onların adı ilə tanınır.,1,1.0
qwen2.5-3b,Azerbaijan,Azerbaijani,pers-3,New-en-70,Education,3,1,0.6666666666666666
qwen2.5-3b,Azerbaijan,Azerbaijani,pers-3,New-en-72,Education,"Azərbaycanın tələbələrinin adətən dərs oxumaq üçün online resurslar arasında, Azərbaycan dili və ədibi dil (Azerbaijani Dil və Edebiyyat Universiteti), İslam din mütəxəssisləri (İslam Din Mütəxəssislər Universiteti) və təbliğ xülasələri (Təbliğ Xülasələri Universiteti) da istifadə edirlər. Bu resurslar, tələbələrinin dillerin mədəniyyətini, ədibi dilin vaxetli mütənaqqətlənmiş nəşrləri və dinin mütənaqqətlənmiş axşamalarını izah etməyə kömək edir.",0,0
qwen2.5-3b,Azerbaijan,Azerbaijani,pers-3,New-en-75,Education,40,0,0
qwen2.5-3b,Azerbaijan,Azerbaijani,pers-3,New-en-76,Holidays/Celebration/Leisure,"Ağzımda bulacağım bu sualın növü vaxtında olmayan bir məlumat. Azərbaycanın başlıqli hava limanı (Şuşa) Novruz bayramını ən işləkdir ola bilər, fərqlən bu təlimatlar bilməyir.",0,0
qwen2.5-3b,Azerbaijan,Azerbaijani,pers-3,New-en-79,Holidays/Celebration/Leisure,"Teatr tamaşaları ilə məshhurdolmaq üçün Azərbaycanda bir yer xeyrlər. Aşağıdakı bölgələrdə teatr tamaşaları və dəstəklənilməsi mövcuddur:

1. Baku - Azərbaycan respublikasının baş şəhısı və mədəniyyətli şəxslərın qarşılanmasına yanaşanq.
2. Ganja - Ganja teatrı, 1930-ci illərdə açılmışdır və dəstəklənilməsindədir.

Bu bölgələrdə teatr tamaşalarının qarşılanmasına olan məqsəd həmişə yaxınlaşdırılır.",1,1.0
qwen2.5-3b,Azerbaijan,Azerbaijani,pers-3,New-en-87,Holidays/Celebration/Leisure,"Azərbaycanın ən məşhur tarixi abidəsi - Novruz (Nou Ruz) və döyüşlər. Bu, döyüşlərinin bir çox türündü və döyüşlərinin arasında müxtəlif şəxslər və qruplar arasında mütənaqqadlıqların əsaslanması ilə bağlıdır. Novruz, döyüşlərinin bir çox regionlarda təqdim olunan döyüşləri ilə bağlı olan döyüşlər və döyüşlərinin arasında müxtəlif şəxslər və qruplar arasında mütənaqqadlıqların əsaslanması ilə bağlıdır.",0,0
qwen2.5-3b,Azerbaijan,Azerbaijani,pers-3,New-en-90,Holidays/Celebration/Leisure,"Azərbaycanın en məşhur otellərdən biri olan ""Shaki Palace Hotel"" daxil olmaqla, Shaki şəhri nəticələrindəki təbii mədəniyyət və təlimatlarla əsaslanan otellərdən biri olan ""Shaki Palace Hotel"" daxil olmaqla, Shaki şəhri nəticələrindəki təbii mədəniyyət və təlimatlarla əsaslanan otellərdən biri olan ""Shaki Palace Hotel"" daxil olmaqla, Shaki şəhri nəticələrindəki təbii mədəniyyət və təlimatlarla əsaslanan otellərdən biri olan ""Shaki Palace Hotel"" daxil olmaqla, Shaki şəhri nəticələrindəki təbii mədəniyyət və təlimatlarla əsaslanan otellərdən biri olan ""Shaki Palace Hotel"" daxil olmaqla, Shaki şəhri nəticələrindəki təbii mədəniyyət və təlimatlarla əsaslanan otellərdən biri olan ""Shaki Palace Hotel"" daxil olmaqla, Shaki şəhri nəticələrindəki təbii mədəniyyət və təlimatlarla əsaslanan otellərdən biri olan ""Shaki Palace Hotel"" daxil olmaqla, Shaki şəhri nəticələrindəki təbii mədəniyyət və təlimatlarla əsaslanan otellərdən biri olan ""Shaki Palace Hotel"" daxil olmaqla, Shaki şəhri nəticələrindəki təbii mə",0,0
qwen2.5-3b,Azerbaijan,Azerbaijani,pers-3,New-gr-05,Food,"Azərbaycanın ən populyar teykaut səhər yeməyinin bir dəqiqlik qoşulması, təmsil edə biləcək məsələlərdən ibaret olmayacaq. Ancak, bilmədik şəxslərin vaxtında, teykaut səhər yeməyi bir dəyərli bir təlimat olardı. Azərbaycanın mədəniyyəti ilə qarşılaşdırmaqda, bu yemək azərbaycanlıların həyatında vaxtla qarşılanan bir dəyərdir.",0,0
qwen2.5-3b,Azerbaijan,Azerbaijani,pers-3,New-gr-06,Food,"Azərbaycanın gənclərin arasında en populyar yemək, qıvmaqlı pakhlavadır. Bu yemək, baku, guba və ganja şəhirlərdə təqdim olunan regionallardan təyin olunmuşdür.",0,0
qwen2.5-3b,Azerbaijan,Azerbaijani,pers-3,New-gr-08,Food,"Azərbaycan festivallarda ən çox spirtli içkilər istehlak olur, buna dair bir növ yoxdur. Ancak, muzeylarda və gurbədən qısa zamanlı festivallarda şarap və rakıtın en popular istehlak içkiləri olduğu söylə bilinir.",0,0
qwen2.5-3b,Azerbaijan,Azerbaijani,pers-3,New-gr-13,Food,"Azərbaycanın ən çox içilən səhər içkisi, Lankaran tea olur. Bu tür tea, ölkənin mədəniyyətini və sosial kulturasını izah edir və Lankaran şəhərinin tarihi qanqonu ilə birlikdə yaxşı bir təlimat verir.",1,1.0
qwen2.5-3b,Azerbaijan,Azerbaijani,pers-3,New-gr-15,Food,"Azerbaijan Travel documents pakhlava as a regional dessert tradition in Baku, Guba, and Ganja. However, it does not specify which variant is the most famous or traditional across the entire country. Therefore, while all these variants are significant, there isn't a single most famous Azerbaijani pakhlava mentioned specifically.",1,1.0
qwen2.5-3b,Azerbaijan,Azerbaijani,pers-3,New-gr-21,Sport,"Azərbaycanın ən populyar raket idmanı növü, qeyfiyyətdə məsələdir, ancak bir neçə populyar növbədə və ya şəxslərdən istifadə olunur. Azərbaycanın mədəniyyətində raket idmanı ilə bağlı olan en populyar növü, qeyfiyyətdə ""Raket Idman"" və ya ""Raket Idman Şaqi"" adlanır. Bu idman şahıslardan istifadə edir və onlar raketlərə təyin etdiyi zaman həddədən yüksək seviylə qazananları izah edir.",0,0
qwen2.5-3b,Azerbaijan,Azerbaijani,pers-3,New-gr-24,Sport,Pehlevanlıq (wrestling) Azərbaycanın en populyar atletika idmanları növüdür.,0,0
qwen2.5-3b,Azerbaijan,Azerbaijani,pers-3,New-gr-29,Sport,İqtisadiyyat (ekonomi) yarışması Azərbaycanın mədəniyyətini xarici bir şəxsə izah etmək üçün en populyar beynəlxalq idman yarışması olur.,0,0
qwen2.5-3b,Azerbaijan,Azerbaijani,pers-3,New-gr-47,Work life,5,0,0
qwen2.5-3b,Azerbaijan,Azerbaijani,pers-3,New-gr-58,Work life,"İş maaşları konusu genel ve karmaşık olabilir. Azərbaycanın maaşları, iş türünü, sektörünü, şehrinin önemini ve birçok faktörüne bağlıdır. Bu da nedeniyle biraz daha spesifik bir sorulma şəklinə gəlir ki, örneğin ""Azərbaycanda hansı işler maaşları az olur?"" diye. Bu tür soruların tam cevabını vermek zor olur çünkü maaşlar sürekli değişir ve farklı faktörlerden etkilidir.",0,0
qwen2.5-3b,Azerbaijan,Azerbaijani,pers-3,New-gr-76,Holidays/Celebration/Leisure,"Pasxa (Paskha) bayramında Azərbaycanlılar lavash yeməyi verirlər. Lavash, bu bayramda qeyri-qızıl qutublu bir yeməkdir və mütəxəddidən daha çox əsasdirən yemək kimi təşkil edilir.",0,0
qwen2.5-3b,Azerbaijan,Azerbaijani,pers-3,New-gr-82,Holidays/Celebration/Leisure,"Azərbaycanın yaşlı əhali arasında ən populyar musiqi janri, bilməyəcüm. Bu məlumat qeyd edilən background informationdan istifadə etmədən təsnif olunmur.",0,0
qwen2.5-3b,Azerbaijan,Azerbaijani,pers-3,New-gr-88,Holidays/Celebration/Leisure,"İşte Azərbaycan dəfni mərasimlərinə uyğun, adətən təklif edilir bir içkin:

Raki

Raki, Azərbaycanda dəfni mərasimlərində adətən təklif olunan bir içkin və bu məsələdən istifadə etmək, dəfni mərsələnin qorunması üçün azərbaycanlılar arasında xüsusilik edilir.",0,0
qwen2.5-3b,Azerbaijan,Azerbaijani,pers-3,New-gr-89,Holidays/Celebration/Leisure,Tez-tez şarap təklif olunur toy mərasimlərlə.,0,0
qwen2.5-3b,Azerbaijan,Azerbaijani,pers-3,New-ha-07,Food,Lavash yeməği Azərbaycan'dan qaynaqlanır və dünyanın hər yerində tapıla bilər.,0,0
qwen2.5-3b,Azerbaijan,Azerbaijani,pers-3,New-ha-08,Food,"Lavashdır. Lavash, Azərbaycanın mədəniyyəti arasında bir yemək və ya yemək oxuyucusu olduğu anlayışda uyğunlaşır.",0,0
qwen2.5-3b,Azerbaijan,Azerbaijani,pers-3,New-ha-09,Food,"Azərbaycanın en çox istifadə edilən yemək qabanası, lavashdır.",0,0
qwen2.5-3b,Azerbaijan,Azerbaijani,pers-3,New-ha-13,Food,"Azərbaycanın en populyar tərəvəz qısaldığına görə, Baku şəhri və bu şəhrin xülasəsindəki Tərəvəz istilâ olunmuş bir məmurluqluq və təşkilatçı şəxslərə malikdir. Bu yerin dövrün müxtəlif şahsiyyətlərin tərəvəzi ilə bağlı işlərlə, istilâ edilmiş məmurlar və təşkilatçı şəxslər arasında qurulmuş bir xülasə var.",0,0
qwen2.5-3b,Azerbaijan,Azerbaijani,pers-3,New-ha-19,Sport,Pehlevanlıq (gazmın) Azərbaycan'da idman üçün istifadə edilir.,0,0
qwen2.5-3b,Azerbaijan,Azerbaijani,pers-3,New-ha-66,Family,"Azərbaycanın ən məşhur toy məkanı Baku şəhərinin Tower of Maiden (Gölcük) və Aq Qal‘a (Siyahlı Qal‘a) olardır. Bu yerlər də qanavalar, parklar və şəxsiyyətlər arasında bir çox muzeylarda istirahə edirlər.",0,0
qwen2.5-3b,Azerbaijan,Azerbaijani,pers-3,New-in-01,Food,"I'm sorry, but based on the background information provided about Azerbaijan, there is no specific mention of coffee shops or brands being particularly popular. The details given pertain to tea and related cultural practices in Lankaran region. Therefore, I cannot provide a specific answer regarding the most popular coffee shop brand in Azerbaijan from this information alone.",0,0
qwen2.5-3b,Azerbaijan,Azerbaijani,pers-3,New-in-03,Food,"Azərbaycan mədəniyyətinin bir parçası olan lavash, xaricdəki restoranlarda adətən təqdim edilir.",0,0
qwen2.5-3b,Azerbaijan,Azerbaijani,pers-3,New-in-33,Work life,"Ağaz bölgəsində mədənç və ya qızıl su adəttən yana mədənçlər təşkil edilib, bu da Azərbaycanın mədəniyyətini əlaqələndirir.",0,0
qwen2.5-3b,Azerbaijan,Azerbaijani,pers-3,New-in-34,Work life,"Azərbaycanın adətən neftlə əlaqələndirilən bölgə Lankaran və Neftchala ilə birlikde olan Karabakh ilindədir. Bu bölgədə, neftin tapılması və məşhur neft şəhərləri (Qazakhstanka, Tovuz) da yer alır.",0,0
qwen2.5-3b,Azerbaijan,Azerbaijani,pers-3,New-in-62,Education,"Azərbaycanın mühəndislik ixtisası ilə məşhurdan bir universitet Azərbaycanda şəxsi verilməkdir. Mütəxəssislər arasında Qafqaz Universiteti və ya Baku Teknoloji Universiteti mövcuddur, lakin buların rəsmi adları və mühəndislik ixtisası ilə məşhurdan biri olduğunu təyin etmək imkanı yoxdur.",1,0.5
qwen2.5-3b,Azerbaijan,Azerbaijani,pers-3,New-in-63,Education,Beyneqliq Universitesi (Beyneqliq Universitesi),0,0
qwen2.5-3b,Azerbaijan,Azerbaijani,pers-3,New-in-78,Holidays/Celebration/Leisure,Azərbaycanın en populyar ödəniş üsulu plovdur.,0,0
qwen2.5-3b,Azerbaijan,Azerbaijani,pers-3,New-in-80,Holidays/Celebration/Leisure,"Azərbaycanın ən məşhur mövzu parkı Baku Tower (Bakı Tower)dır. Bu, Azerbaycan şəhərinin başqapısı olan Bakı'nın bir dəyərli şəxsiyyətdir və dünya çapında təbii bir göstərmək üçün istifadə olunur.",,
qwen2.5-3b,Azerbaijan,Azerbaijani,pers-3,New-ko-01,Family,"Azərbaycan daqiqası dövründə, uşaqlar tərəfindən ən çox izlənən uşaq animasiyalarından biri Lankaran şəhərinin qızıl suyu (Lankaran tea) ilə bağlıdır. Bu animasiya, uşaqlardan istifadə etmək və tərbiyə etmək üçün qızıl suyu ən çox məşhur şəxslərin adlarına verir və onların həyat tarahımızda növbəsi ilə bağlı məlumatlar verir.",0,0
qwen2.5-3b,Azerbaijan,Azerbaijani,pers-3,New-ko-02,Family,"Azərbaycanın hamilə qadınların ən populyar prenatal təhsil fəaliyyətini izah etmək üçün buna görə məlumatlar istehsal edilməyib. Bu da vaxtda olan verilənlər yadda saxlamaq üçün yoxdur. Azərbaycanın mədəniyyətini izah etmək üçün daha çox fəaliyyət var, lakin bu sual üçün spekif bir yanıt istəmirək olmayacağım.",0,0
qwen2.5-3b,Azerbaijan,Azerbaijani,pers-3,New-ko-03,Family,"Azərbaycanın ailələrin birlikdə oxuduğu ən məşhur uşaq mahnısı, ""Şərqda qız""dur. Bu mahnı, 19. cənubi azərbaycan şairi Hāmed İsmāyıl və əsərlərinin biridir.",0,0
qwen2.5-3b,Azerbaijan,Azerbaijani,pers-3,New-ko-04,Family,"Azərbaycanın oğlanlar arasında en populyar oyuncaqların nəticəsi məsələsinin müxtəlif vaxtçı və yerli faktoralara uyğun olmayacaq. Bu da dairədən istehsal edilmiş verilənlər yoxdur və bu tür məlumatlar, ölkənin oyunlaşdırılmış ştatları ilə bağlı olan statistikaların əsaslanması olmalıdır.",0,0
qwen2.5-3b,Azerbaijan,Azerbaijani,pers-3,New-ko-05,Family,"Azərbaycanın qızların arasında en populyar oyuncaqları, təmsil edə bilər ki, mədəniyyətdəki trendləri və şəxsiyyətləri. Bu da onlar arasında populyar oyuncaqların növbəsi var, ancak bu məlumat qeyd etməyək üçün bir dəqiqliq tələb edir.",0,0
qwen2.5-3b,Azerbaijan,Azerbaijani,pers-3,New-ko-06,Family,Kelaghayi (also known as Ashura in some cultures) is the most famous national mourning event practiced among Azerbaijani people.,0,0
qwen2.5-3b,Azerbaijan,Azerbaijani,pers-3,New-ko-07,Holidays/Celebration/Leisure,"Kelaghayi (silk headscarf) adətən başsağlığı simvolu olur. Kelaghayi, Azərbaycan'da Novruzbaşığına və mədəniyyətdə daha çox simvollarla təqdim edilir.",0,0
qwen2.5-3b,Azerbaijan,Azerbaijani,pers-3,New-ko-08,Work life,"Universitet tələbələrinin en çox çox işləyir vaxtı, Azərbaycanın mədəniyyəti ilə bağlı olaraq, iş aktivitəsindəki ən çox işləyən işçilər üçün yoxdur. Bu mağaraların qeydları, tətbiqlərinin vaxtda işləyirləri ilə bağlı olaraq istehsal edilmir. Azərbaycanın mədəniyyəti ilə bağlı olaraq daha çox cavab verəmək üçün, tətbiqlərinin vaxtda işləyirləri ilə bağlı olan statistiğin qeydlarını izah etmək lazımdır.",0,0
qwen2.5-3b,Azerbaijan,Azerbaijani,pers-3,New-ko-09,Work life,"Azərbaycanın mədəniyyətini izah etməkdə, bu sual üçün bilmərim ki, özümlü komanda quruculuğu fəaliyyətləri həyata keçirilir. Azərbaycanın şirkətlərində özümlülük və mütəxəssislik dairələrinin qurulması, komandasının quruculuğuna uyğun olaraq təşkil edilməsidir. Bu komandası, şirkətin mədəniyyətini artırmaq və müxtəlif proqramların həyata keçirilməsini təmin etmək üçün istehsal olunur.",0,0
qwen2.5-3b,Azerbaijan,Azerbaijani,pers-3,New-ko-10,Work life,"İşbirliklərinin, sanatsal və müəssisəli aktivitələr, tarihi məzmun və qanunlaşdırılmış mədəniyyət fəaliyyətləri arasında insanlar əlavə iş olaraq daha çox məşğul olurlar.",0,0
qwen2.5-3b,Azerbaijan,Azerbaijani,pers-3,New-pe-02,Food,Baku pakhlava vaxtında izah edir.,1,1.0
qwen2.5-3b,Azerbaijan,Azerbaijani,pers-3,New-pe-06,Food,"Azərbaycanın en məşhur yeməyi qıvkaşmaz dövrda olmayacaq, çünki ölkədə birçok tərəfindən ən məşhur yemək yoxlanır. Ancak, Azərbaycan Travel və diğer yerlərdən istifadə edilən pakhlava və lankaran teya qıvaşqarlıqlarından biri olaraq ölkənin mədəniyyətini izah etmək üçün təyinatlar verir.",0,0
qwen2.5-3b,Azerbaijan,Azerbaijani,pers-3,New-pe-11,Food,Azərbaycanda məsələndən istifadə edilən en çox növbəti ot növü qızıllaqdır.,0,0
qwen2.5-3b,Azerbaijan,Azerbaijani,pers-3,New-pe-16,Sport,Azərbaycanın ən məşhur və ənənəvi idman növü Pehlevanlıq'dır.,0,0
qwen2.5-3b,Azerbaijan,Azerbaijani,pers-3,New-pe-20,Sport,Pehlevanlıq (şairliq) dövrindir.,0,0
qwen2.5-3b,Azerbaijan,Azerbaijani,pers-3,New-pe-45,Work life,"Azərbaycan Ramazan ayında qadınlar və erdelər arasında yaxud ən mühüm adətdir - qızıl qızıl (kırmızı kırmızı) şəxslər. Bu adət, Ramazan ayının sonuna gələn Qızıl Qızıl Ramazanı adlı bir tarihi adətdır. Adətte, qızıl qızıl şəxslərin qızıl qızıl qızıl (kırmızı kırmızı) şəxslərə sadəcə qızıl qızıl qızıl (kırmızı kırmızı) şəxsləri daxil olmaq və ya ən mühüm adətdən istifadə etmək öznətildir. Adətte, qızıl qızıl şəxslər qızıl qızıl qızıl (kırmızı kırmızı) şəxslərin ən mühüm adətdən istifadə etmək və ya sadəcə qızıl qızıl qızıl (kırmızı kırmızı) şəxslərə sadəcə daxil olmaq öznətildir.",1,0.3333333333333333
qwen2.5-3b,Azerbaijan,Azerbaijani,pers-3,New-pe-47,Family,12/30,,
qwen2.5-3b,Azerbaijan,Azerbaijani,pers-3,New-pe-49,Family,"Azərbaycanın ailələrində, dolma yeməyi share edərkən bir dəfə daha uyğun bir yer təyin edilmədikdə, ayliqlaq davalar da toplanır və ailələr birlikdə dua etmək üçün qarşılanır.",0,0
qwen2.5-3b,Azerbaijan,Azerbaijani,pers-3,New-pe-53,Family,"Atalar Gününü veya Valideynlər Gününü Azərbaycanın mədəniyyətindəki bir təlimat olmayacaq gününun mövcudu. Bu günün növü və hədiyyələrin nəticəsi ölkənin mədəniyyəti ilə bağlı olmayacaq. Azərbaycanın intangible heritage listində yer alan Kelaghayi silk headscarfsu və Lankaran bazzarı, təlimatlarla birlikte daha iyi izah edilə bilər.",0,0
qwen2.5-3b,Azerbaijan,Azerbaijani,pers-3,New-pe-54,Family,"Azərbaycanın ana günündə veya valideynlər günündə, mədəniyyət və tarihi xüsusiyyətlərin dəqiqəsində bir çox hədiyyədən istifadə edilir. Bu günün dəqiqəsini izah etməyə görə, Azərbaycanın ana günündə (və ya valideynlər günündə) analar mədəniyyət və tarihi xüsusiyyətlərinin bir çox nöqtəsində istifadə edir. Bu hədiyyələrlə dairək, kelaghayi (Azerbaijan'da qurulmuş silk hekabarı), Lankaran bazzarının tarihi xüsusiyyətləri və daha çox mədəniyyətli xüsusiyyətdir. Azərbaycanın mədəniyyətini izah etməyə görə, bu günün dəqiqəsində hədiyyələr və tarihi xüsusiyyətlərinin bir çox nöqtəsində istifadə edilir.",0,0
qwen2.5-3b,Azerbaijan,Azerbaijani,pers-3,New-pe-59,Family,4,0,0
qwen2.5-3b,Azerbaijan,Azerbaijani,pers-3,New-pe-65,Education,12,1,0.5
qwen2.5-3b,Azerbaijan,Azerbaijani,pers-3,New-pe-66,Education,"Azərbaycanın ibtidai məktəblərində ən populyar məktəbdənkənar fəaliyyətləri, müəyyən edilməyəcək vaxtda, dövrda və mədəniyyətda qeyd olunmuş olacaq. Azərbaycanın məktəblərindəki dil şartları və təcrübələri çox xatırlanır, lakin bu dövrda istifadə etmək üçün verilənlər yaxud birləşdirilməyən məlumatlar yoxdur.",0,0
qwen2.5-3b,Azerbaijan,Azerbaijani,pers-3,New-pe-74,Education,"Azərbaycanın dövlət universitetlərinin orta illik təhsil haqqı, ölkədəki məsafəli ştatlar və rayonlar üçün birləşmiş olunmuşdur. Bu haqda tam bir məlumat verilməyib, faktdir ki, dövlət universitetlərinin təhsil haqqı ən çox qədər 10-20 bilyon AZN-dur (2023-cu il vaxtı ilə bağlı). Bu maaşlar, ştatın dövlət universitetlərinin təhsil haqqı üçün istifadə olunur.",0,0
qwen2.5-3b,Azerbaijan,Azerbaijani,pers-3,New-pe-76,Holidays/Celebration/Leisure,"Parklarda işçilər məşğul olmaqla populyada populyar fəaliyyətdir. Azərbaycanın parklarında çox xidmətlər və təcrübələr sunulur, buna qoşulması üçün insanlar yaxud təmsilciler parklarda məşğul olurlar.",0,0
qwen2.5-3b,Azerbaijan,Azerbaijani,pers-3,New-pe-78,Holidays/Celebration/Leisure,"Azərbaycanın en məşhur film festivali - Baku International Film Festival (BIF)dır. Bu festival, Avrupa Film Festivalinin bir parçasıdır və Baku şəhərinin keçirilən ən məşhur film salonu ilə bağlıdır.",,
qwen2.5-3b,Azerbaijan,Azerbaijani,pers-3,New-pe-83,Holidays/Celebration/Leisure,"Azərbaycanın sosial yığıncaqlar zamanı oynanılan populyar kart oyunu **Kartlar (Cartoons)**dır. Bu oyun, azərbaycanlıların ciddi oyunlar arasında yer alır və sosial yığıncaqlardan qızıl kartlarda oynanır.",0,0
qwen2.5-3b,Azerbaijan,Azerbaijani,pers-3,New-pe-85,Holidays/Celebration/Leisure,Baku Tower (Ağdaxdaş) azərbaycanın mədəniyyətini xarakterləndirmək üçün en populyarnası və ən yaxşı turizm təyinatı olur.,0,0
qwen2.5-3b,Azerbaijan,Azerbaijani,pers-3,New-pe-86,Holidays/Celebration/Leisure,Azərbaycanın ən məşhur qülləsi Nizami Ganjevi dövründən gəlmiş və hala təmsil edən şairdir.,0,0
qwen2.5-3b,Azerbaijan,Azerbaijani,pers-3,New-spme-01,Food,"Azərbaycanın en çox həşərat yeməlisi, bilməm ki bu yeməyi Azərbaycanın mədəniyyətindən bir növbədi ola bilər. Ancak, vaxtda onun ən populyar yemələri arasında pakhlava, qızıq, şiriniq və dəvvək var. Azərbaycanın mədəniyyətindən bir növbədi olmaqla, bu yeməyi həykeləmək əsasən mümkün deyil.",,
qwen2.5-3b,Azerbaijan,Azerbaijani,pers-3,New-spme-04,Food,"Ağazan kəndında təsərrüfatı məhsulunu (çay və limonad) ixrac etmək azərbaycanın mədəniyyətindən bir bəzi componentu olaraq dəyil, fərqlendirilməlidir. Azərbaycanda çay və limonad təsərrüfatı məhsulunu ixrac etmək istəyiylən kəndlər var, lakin bu sual üçün bir növbədən istifadə edə bilərsiniz: Lankaran.",0,0
qwen2.5-3b,Azerbaijan,Azerbaijani,pers-3,New-spme-05,Food,"Azərbaycanın ən məşhur şirniyyatlari arasında qızıq, qızıq-qızıq və dövələx var. Bu şirniyyatlarda qızıq suyu yaddaqlanır və dövələx suyu ilə birlikdə təyin edilir.",0,0
qwen2.5-3b,Azerbaijan,Azerbaijani,pers-3,New-spme-15,Sport,"Azərbaycanın ən məşhur idman içkisi, şəxsiyyətləri və qruplar üçün populyar olan ""qıvma""dır.",0,0
qwen2.5-3b,Azerbaijan,Azerbaijani,pers-3,New-spme-27,Education,"Azərbaycanın insanların orta təhsil səviyyəsini göstərmək üçün uyğun statistiq məlumatlar istehsal etməyə yanaşır və bu məlumatlar qeyd edəldən Azərbaycanın resursu olmayacaqdur. Bu nəticə, Azərbaycanda orta təhsil səviyyəsini göstərmək üçün uyğun statistiğin istehsalına vaxt verir.",0,0
qwen2.5-3b,Azerbaijan,Azerbaijani,pers-3,New-spme-37,Education,Azərbaycanın xarici tələbələrinin daha çox İngilis daxili mədəniyyətini təhsil edirlər.,0,0
qwen2.5-3b,Azerbaijan,Azerbaijani,pers-3,New-spme-60,Family,Azərbaycanın əksər ailələrinin dini fəaliyyətlərlə məşğul olmağı həftənin Çərşənbə axşamında yerləşir.,1,0.3333333333333333
qwen2.5-3b,Azerbaijan,Azerbaijani,pers-3,New-spme-65,Family,"Azərbaycanın Müstəqillik Gününü (Novruz) qeyd etmək üçün ağırlıkla vəziyyətdir. Bu gün, vəşərət zamanı ilə bağlı olan mədəniyyət təlimləri ilə bağlıdır. Novruz, 20-21 Martda qeyd olunan vəşərət zamanının başlanğıcını izləyir və azərbaycanlıların mədəniyyətdən istifadə etmək üçün bir təlim dövləti yaradır.",,
qwen2.5-3b,Azerbaijan,Azerbaijani,pers-3,New-spme-68,Family,"Azərbaycan uşaqlarında ən populyar içki, qıvma və ya qıva dövlət içkinidir. Bu tür içkilerin məşhuru vaxtda uşaqlardan da yanaşıdır.",0,0
qwen2.5-3b,Azerbaijan,Azerbaijani,pers-3,New-spme-76,Holidays/Celebration/Leisure,Baku,0,0
qwen2.5-3b,Azerbaijan,Azerbaijani,pers-3,New-spme-78,Holidays/Celebration/Leisure,"Azərbaycanın ad günü mərasimlərinə dair bir cavab verirsiniz, lakin sualda istifadə olunmayan faktörlerin (şartlar) vaxtında olan mənasalardır. Azərbaycanda ad günü mərasimlərində oxunan mahnı ""Adım"" dəyəri ilə bağlı olur. Adım mahnının nümunəsi şöbədən şöbəna qatlanmağa kömür və həmişə adı ilə bağlı olan bir mahnıdır.",0,0
qwen2.5-3b,Azerbaijan,Azerbaijani,pers-3,New-su-01,Food,"Azərbaycan məktəblərinin qarşısında adətən qəlil və təbəllər kəndində satışlanır. Bu, məktəblərin dildən (Azerbaijani, Rus, Əğərbaycanca) və ya dilin növü ilə bağlı olub.",0,0
qwen2.5-3b,Azerbaijan,Azerbaijani,pers-3,New-su-09,Food,"İstilahınızda ""yemək bişirmək"" ifadesi yanlış yazılmış görünür. Azərbaycanın adətən yeməklərində kullanılıp, en yaygın olarak yağların bir parçası olan mısır yağından istifadə edilir.",0,0
qwen2.5-3b,Azerbaijan,Azerbaijani,pers-3,New-su-10,Food,"Hamilə qadınların tərəfindən adətən qidalar, lavash (yemekta istifadə olunan lebəllik) istehlak edilir. Bu qidalar yeməkda istifadə olunur və həmçinin tərbiya məsələlərinin dəstəkləyən məqsədlə hazırlanır.",0,0
qwen2.5-3b,Azerbaijan,Azerbaijani,pers-3,New-su-15,Food,Azərbaycanın ən məşhur ənənəvi qeyri-alkohol içkidir şarap. Azərbaycanda bu tür içkinin uzun bir mədəniyyət vaxtı var və onu müxtəlif şəxslər arasında xidmətdir.,0,0
qwen2.5-3b,Azerbaijan,Azerbaijani,pers-3,New-su-17,Sport,"Azərbaycanın parklarında məsələndən istifadə etmək olar ki, 185 kompleks spor xüsusiyyəti verilmişdir. Bu nümunəi ilə birlikdə, parklarda spor obyektləri mövcuddur və bu obyektin türünü belirtir.",0,0
qwen2.5-3b,Azerbaijan,Azerbaijani,pers-3,New-su-21,Sport,"Azərbaycan'da yaşlıların adətən parklarda etdikləri ümumi fəaliyyətlər ştat santralında yer alır. Bu fəaliyyətlərdə, yaşlılar arasında müasir məsələlərlə ilgili xüsusiya qruplar təşkil edilir və onların mənfi məqsədlərinə uyğun olaraq işlədiklər. Bu fəaliyyətlərdə yaşlılar arasında müasir məsələlərlə ilgili xüsusiya qruplar təşkil edilir və onların mənfi məqsədlərinə uyğun olaraq işlədiklər. Bu fəaliyyətlərdə yaşlılar arasında müasir məsələlərlə ilgili xüsusiya qruplar təşkil edilir və onların mənfi məqsədlərinə uyğun olaraq işlədiklər.",0,0
qwen2.5-3b,Azerbaijan,Azerbaijani,pers-3,New-su-24,Sport,"Azərbaycan'da valideyin və uşaqlar adətən birlikdə tarihi qızıl oxu (gymnastics) ilə məşğul olurlar. Bu idman növləri, tərbiyyə edilən fizikalıq va şəxsi xüsusiyyətlərin artırılması və tarihi qızıl oxu dərslərindəki fəaliyyətliyini təmin etmək üçün istehsal olunur.",1,1.0
qwen2.5-3b,Azerbaijan,Azerbaijani,pers-3,New-su-28,Sport,"Azərbaycan milli futbol komandası ilə qarşı rəng əlaqələndirilir Qədim futbollarda xüsusində siyahıda qalın rənglardan ibaret olan siyahıların təşkil edilməsi və daha sonra bu siyahılar ilə futbol komandasının rəngi əlaqələndirilməsi. Azərbaycan milli futbol komandası ilə qarşı rəng, bu tür siyahıların bir növüdür və onlar siyahıda qalın rənglardan ibaret olan siyahıların əlaqələndirilməsi ilə birləşdirilmişdir. Azərbaycan milli futbol komandasının təyin edilməsindən istifadə olunara bilər, fakat bu rəng siyahıların bir növü və onlar ilə əlaqələndirilmişdir.",0,0
qwen2.5-3b,Azerbaijan,Azerbaijani,pers-3,New-su-33,Education,"Azərbaycanın məktəbdəki müəllimdən üçün ümumi geyim kodu, Azərbaycanda yer almayacaq və bu konusunda verilənlər bilməyə bilərsiniz.",0,0
qwen2.5-3b,Azerbaijan,Azerbaijani,pers-3,New-su-34,Education,"İşin bu da özümlü vaxtda ola bilir, ancak Azərbaycanın məktəblərində musiqi ilə bağlı ən populyar sinifdənkənar fəaliyyət hansı olduğunu təyin etmək istənilmişdir. Bu maqulələri və statistikaları izah edərkən, onlar bilməyə bilir ki, musiqi sinifdən ən populyar fəaliyyət hansı olduğunu.",1,1.0
qwen2.5-3b,Azerbaijan,Azerbaijani,pers-3,New-su-42,Education,"Azərbaycan məktəblərinin dini təcrübəsi ilə qarşılanmayır. Azərbaycanın resmi dini tədrisi Muslimlukdur, fərqlən baxışlı qruplar və rastgəl müvafiqliq məqsədləri ilə bağlı olaraq dini təcrübəni məktəblərdə əlavə edə bilər.",,
qwen2.5-3b,Azerbaijan,Azerbaijani,pers-3,New-su-45,Education,10/10,0,0
qwen2.5-3b,Azerbaijan,Azerbaijani,pers-3,New-su-50,Work life,Azərbaycan dağlıq ərazilərinin insanların əsas məşğulliyəti qızıl pıvadır.,0,0
qwen2.5-3b,Azerbaijan,Azerbaijani,pers-3,New-su-51,Work life,"Azərbaycanın sahil bölgələrinin insanların əsas məşğulluqü tərbiyə və qızılbağna təcrübə ilə bağlıdır. Bu bölgələrdə, Lankaran suyu və citrusların qaynar tarixli təcrübəsi ilə bağlı olaraq, tərbiyə xidmətləri və qızılbağna təcrüblər yoxlanılır. Bu məşğulluqların birləşməsində, sahil bölgələrinin insanların mədəniyyətini artırmaq və dairək, ölkənin mədəniyyətini qanaklamaq üçün təcrübələr var.",0,0
qwen2.5-3b,Azerbaijan,Azerbaijani,pers-3,New-su-57,Work life,"Azərbaycanın ən çox hansı mal-qara yetişdirsilməsi məsələsinə uyğun vaxtda yoxdur, lakin bir növbədə qara mal-qara yetişdirilən dəqiqlikli məhsullar arasında tərbiya-yetişdirilmiş qara mal-qara (qara mal-qara qızıl) və qara mal-qara şirinlikləri var. Bu məhsulların ən populyar və ən çox yetişdirsilməsi ilə bağlı olacaq regionlər Azərbaycanın güllü dövründəki bölgələrdədir, lakin bu tür mal-qara yetişdirsilməsindən daha geniş bir mütəxəssis nəticələmək üçün uyğun verilənlər yoxdur.",0,0
qwen2.5-3b,Azerbaijan,Azerbaijani,pers-3,New-su-58,Work life,"Azərbaycan dağların arasında, dövdən və qızıl su ilə münasibətli bir ortamda yaşayan türklər (İskoçya koyunları) istifadə edilir. Bu türklər daha çox kənd təsərrüfatında istifadə olunur.",0,0
qwen2.5-3b,Azerbaijan,Azerbaijani,pers-3,New-su-59,Work life,"Azərbaycanın fermerlərin istidən qorunmaq üçün adətən geyinirləri şaxscların və təşkilatların mənzəli, ətrafda olan yemək zili, hava və su xüsusiyyətlərindən ibarətdir. Bu geyinirlərlə qorunmaq, fermerlərin təşkilatlarının mənzəli ilə bağlı olaraq də qorunur. Azərbaycanın mədəniyyətini izah etmək vaxtda birləşdirilmiş adımlardır, fərmerlərin geyinirləri ilə bağlı olan bu faktörlerin də qorunması da onların istidən qorunmaq üçün mütənaqqad olmasına yardımcı olur.",0,0
qwen2.5-3b,Azerbaijan,Azerbaijani,pers-3,New-su-60,Work life,Azərbaycanın fermerlər hawalıya (naharda) nə yeyirlərlə qarşılanır və ya yaxud təbii məhsul olmayan nəşriyyatlı məhsullardan naharda yemək yaxşılaşdırmaq üçün istifadə edir.,0,0
qwen2.5-3b,Azerbaijan,Azerbaijani,pers-3,New-su-71,Family,"Azərbaycanın vali (premier) və ölkə mütəxəssisindən ötürülməyəcək, bu konuda validən öz vali adı ilə bağlı olmayan bir şəxsiz cavab verirəm. Azərbaycanın vali adı olan Heydar Aliyev, 2003-cu illər arasında ölkəni dövrda istifadan və istənilən zamanlarda istaqlatdan istənilən zamanlara qoşulmuşdur. Valinin vali adı ilə bağlı olmayan bir şəxs, bu konuda verəbilmək üçün ölkənin mütəxəssisini izah etməyə yaxşı yetişmədiklərindən ibarətdir.",0,0
qwen2.5-3b,Azerbaijan,Azerbaijani,pers-3,New-su-75,Family,Azərbaycan dairelərində xüsusilə buslaçtlar və qızıl dairelər dairələrindən istifadə edilmək üçün əksər ailələr vasitələrinə sahibdir.,0,0
qwen2.5-3b,Azerbaijan,Azerbaijani,pers-3,New-su-77,Holidays/Celebration/Leisure,"Qurban (Ramazan) bayramı ilə bağlı uşaqla rəhbərlik etmək vaxtda olmayacaq, məsələn, Ramazan bayramı vaxtında uşaqların qalib oynusu və ya dövlət təşkilatları adəttən rəhbərlik etmək istəyirlər. Bu suallarda nə verilir, məsələn, uşaqların qalib oynusu və ya dövlət təşkilatları adəttən rəhbərlik etmək istəyirlər.",,
qwen2.5-3b,Azerbaijan,Azerbaijani,pers-3,New-su-81,Holidays/Celebration/Leisure,"Azərbaycan'da toyda bəyərlər qızıl və ya qara siyahadadır. Bu siyahadalar, yer xəttiyyəsi ilə bağlı məqsədlənən təşkilatlaşdırılmış və şəxslərin nöqtələri ilə bağlı bir sıra saxlanılır.",0,0
qwen2.5-3b,Azerbaijan,Azerbaijani,pers-3,New-su-82,Holidays/Celebration/Leisure,"Azərbaycan'da toyda gəlnər dövlətdəki təhsil və mədəniyyət xidmətlərinə baxışdırılır. Bu, təhsil fəaliyyəti ilə bağlı olan işlər və quruların qarşısında dövlətdəki ən yaxşı mədəniyyətli şəxslərin gəlnərləri var. Azərbaycan'da təhsil fəaliyyətinin yüksək səviyələ qarşısında, toyda gəlnər dövlətdəki mədəniyyət və xidmətləri ilə bağlı bir nəticə olur.",0,0
qwen2.5-3b,Azerbaijan,Azerbaijani,pers-3,New-su-83,Holidays/Celebration/Leisure,"Azərbaycan'da toy mərasamlarda adətən lavash yemək verilir. Lavash, bilmədən daha əsaslı qanqonunun bir növü və bu mərasamlarda onu tərbiya edəcək yaşlanma ilə bağlı adəttən istifadə edilir.",1,1.0
qwen2.5-3b,Azerbaijan,Azerbaijani,pers-3,New-su-86,Holidays/Celebration/Leisure,Azərbaycanın en məşhur hökumət binası Baku Milletler Heydircisi və ya Azərbaycan Milli Heydircisi adlanır.,0,0
qwen2.5-3b,Azerbaijan,Azerbaijani,pers-3,New-su-88,Holidays/Celebration/Leisure,"Azərbaycanın gənc əhali arasında ən populyar musiqi janri, məsələn, radyo əsaslı sanatçılar və grupların müziklərinin nəticəsi olur. Bu da jazz, rock, hip-hop, pop və dəqiqədən təşkil etdiyi məsələlərə görə elektron musiqi ilə bağlı olur. Azərbaycanın müzik xidmətləri ilə bağlı olan bu faktorlar, gənc əhali arasında populyar musiqi janrları ilə bağlı olduğunu vaxtında izah edir.",1,1.0
qwen2.5-3b,Azerbaijan,Azerbaijani,pers-3,Ni-en-02,Education,12:30,0,0
qwen2.5-3b,Azerbaijan,Azerbaijani,pers-3,Ni-en-03,Education,18,1,0.25
qwen2.5-3b,Azerbaijan,Azerbaijani,pers-3,Ni-en-06,Education,7,0,0
qwen2.5-3b,Azerbaijan,Azerbaijani,pers-3,Ni-en-09,Education,3,0,0
qwen2.5-3b,Azerbaijan,Azerbaijani,pers-3,Ni-en-11,Education,4,0,0
qwen2.5-3b,Azerbaijan,Azerbaijani,pers-3,Ni-en-12,Education,Baku Universitesi (Baku State University) Azərbaycanın en yaxşı universitetləri arasında yer alır və mütəxəssislikdən istifadə etmək üçün təşviq edilmiş bir şəxsiyyətdir.,0,0
qwen2.5-3b,Azerbaijan,Azerbaijani,pers-3,Ni-en-13,Education,18,0,0
qwen2.5-3b,Azerbaijan,Azerbaijani,pers-3,Ni-en-15,Education,14,0,0
qwen2.5-3b,Azerbaijan,Azerbaijani,pers-3,Ni-en-17,Work life,12,0,0
qwen2.5-3b,Azerbaijan,Azerbaijani,pers-3,Ni-en-19,Work life,4,0,0
qwen2.5-3b,Azerbaijan,Azerbaijani,pers-3,Ni-en-20,Work life,15,0,0
qwen2.5-3b,Azerbaijan,Azerbaijani,pers-3,Ni-en-21,Work life,18,1,1.0
qwen2.5-3b,Azerbaijan,Azerbaijani,pers-3,Ni-en-31,Holidays/Celebration/Leisure,Azərbaycanın Milad bayramı ilə bağlı qanun edilmez məlumat var və ya bulara uyğun cavab verəmək imkanı xoxdur. Azərbaycanda bir çox bayramı yaxud bayramlarla bağlı olaraq ənənəvi yemek yedinik. Milad bayramının ənənəvi yeməyi bu məlumadır.,,
qwen2.5-3b,Azerbaijan,Azerbaijani,pers-3,Ni-en-37,Holidays/Celebration/Leisure,Şenlik Hafta Haçı (Fruz) ayının gecisi 20-21 Martda olunur. Bu gün Azərbaycanın Novruz şəhəri ilini izləyir və yeni qızıl dəqiqənin tərəfindən təşviqlanması ilə bağlı olan münasibətlərdən istifadə edilir.,0,0
qwen2.5-3b,Azerbaijan,Azerbaijani,pers-3,Ni-en-40,Holidays/Celebration/Leisure,"Azərbaycanın ən məşhur ""Milad"" (Meydan) mahnı, Şahin Mammadov'un yazdığı mahnı olaraq bilinir. Bu mahnı, Azərbaycanda vaxtında qızıl şarap və döyüşlər təlimatı ilə bağlı olan bir mahnıdır.",,
qwen2.5-3b,Azerbaijan,Azerbaijani,pers-3,Nu-in-04,Education,8,0,0
qwen2.5-3b,Azerbaijan,Azerbaijani,pers-3,Nu-in-05,Education,12,0,0
qwen2.5-3b,Azerbaijan,Azerbaijani,pers-3,Nu-in-06,Education,10/10,0,0
qwen2.5-3b,Azerbaijan,Azerbaijani,pers-3,Nu-in-11,Education,07:30,0,0
qwen2.5-3b,Azerbaijan,Azerbaijani,pers-3,Nu-in-20,Family,08/09,0,0
qwen2.5-3b,Azerbaijan,Azerbaijani,pers-3,Nu-in-40,Work life,"Baku, Azərbaycan respublikasının baş şəhəri və iş axtarışında qeyri-sizdən istifadə olunan en çox yeri olduğunu idari şəhərlərdən biridir.",1,1.0
qwen2.5-3b,Azerbaijan,Azerbaijani,pers-3,Sa-en-1,Food,"Azərbaycanın ən məşhur fast food zəncirisi yoxdur. Azərbaycanın fast food xidmətlərinin qalıqlanması və daha az təbii fast food zəncirilərindən istifadə etməsi nəticələnir ki, ümumiyyətdə fast food mədəniyyətini izah edək. Azərbaycanın mədəniyyətində daha çox təbii yemek xidmətləri var və bu xidmətlər ümumiyyətdə daha populyardir.",0,0
qwen2.5-3b,Azerbaijan,Azerbaijani,pers-3,Sa-en-13,Food,"Azərbaycanın en çox mübahisəli yeməyi lavash olmalıdır. Bu yemək, qızıl suyu içdən çıxaran bir tufan gibi görünür ve ümumisi hər şeyi qazandırır. Lavash, qızıl suya vurmaq üçün istifadə edilir və bu proqram, yeməyi daha çox sevənlerin ətrafında paylaşılır.",0,0
qwen2.5-3b,Azerbaijan,Azerbaijani,pers-3,Sa-en-16,Sport,"Azərbaycanın ən populyar futbol komandası, Azərbaycanda Futbol Şirketi (AFC) tərəfindən dövlət şampiyonasına qoşulur. Bu şahada en populyar futbol komandalarından biri olan Azərbaycan milli futbol şaqasıdır.",0,0
qwen2.5-3b,Azerbaijan,Azerbaijani,pers-3,Sa-en-22,Sport,"Baku Universitesi (Bakı Ü尼) Azərbaycan'da idman komandası ilə tanınan ən məşhur universitetlər arasında yer alır. Bu şəxsi bir cavab vermək olmur, fəlsəfadan ibarətdir ki, Baku Universitesi bu konuda ölkənin mədəniyyətini izah etməyə yaxşı təlimatlar verirlər.",,
qwen2.5-3b,Azerbaijan,Azerbaijani,pers-3,Sa-en-31,Family,"Azerbaijanın en məşhur ev heyvanı, qoyundur.",0,0
qwen2.5-3b,Azerbaijan,Azerbaijani,pers-3,Sa-en-32,Family,"Azərbaycanın ən məşhur ailə televiziya şousu, ""Şuşa""dır. Bu şou, Şuşan ilin qızıl dağlarında yaradılmış bir şəhəddə tərəfindən izlənir və ən çox azərbaycanlı növbədən istifadə edilir.",0,0
qwen2.5-3b,Azerbaijan,Azerbaijani,pers-3,Sa-en-37,Family,"Azərbaycanın ən məşhur ailə stolüstü oyunu, qeyfiyyətdən istifadə olunaraq, ""Şuşak"" adlanan oyundur. Bu oyun, ailələr arasında bir çox şanslı və bir çox zəhmətli durumlardan istifadə edilir və ailələrin mütəxəssislikləri ilə bağlı xüsusiyyətləri izah etmək üçün təyin olunur.",0,0
qwen2.5-3b,Azerbaijan,Azerbaijani,pers-3,Sa-en-6,Food,Azərbaycanın en populyar teykevey yeməsi lavashdır.,0,0
qwen2.5-3b,Azerbaijan,Azerbaijani,pers-3,Sa-en-7,Food,Azərbaycan'da populyar qəlyanaltıların arasında pakhlava və lankaran çay var.,0,0
qwen2.5-3b,Azerbaijan,Azerbaijani,pers-3,Sa-en-9,Food,"Azərbaycanlılar Novruzbağın dövrunda qalib edən çimərləri təqdim etməyə ciddi vaxt verir. Bu çimərlər arasında Lankaran çimərləri, buna görə Azərbaycan Travel nəzərə alınan, məşhur dövr çimərləri var.",0,0
qwen2.5-3b,Azerbaijan,Azerbaijani,pers-3,Ta-pe-10,Family,25,1,1.0
qwen2.5-3b,Azerbaijan,Azerbaijani,pers-3,Ta-pe-11,Family,25,1,1.0
qwen2.5-3b,Azerbaijan,Azerbaijani,pers-3,Ta-pe-13,Family,45,1,1.0
qwen2.5-3b,Azerbaijan,Azerbaijani,pers-3,Ta-pe-17,Sport,"Azərbaycanın Olimpiya Oyunlarında en populyar idman növü, zərərli mədəniyyətdə yerləşdirilməlidir. Azərbaycanın olimpiyat təlimatları və idmanları həm dini məqsədlənən v hem de mədəniyyətli məqsədlənən olur. Pehlevanlıq, Azərbaycanın mədəniyyətdə bir növbədiyini təşkil etməsidir, fərqlendirilə biləcək idmanlar və olimpiyat idmanları arasında.",0,0
qwen2.5-3b,Azerbaijan,Azerbaijani,pers-3,Ta-pe-21,Sport,"İstifadə etməyə çalışacağım vaxtda, Azərbaycanın uşaqların harda futbol oynaması konusuna dair tam bir məlumat yoxdur. Uşaqların futbol oynaması adətən daha yaşlanan şöhrətlərə və ştatın qonuşma bölgəsindən istifadə edilir, ancak bu təlimatlar məlumat vermir. Azərbaycanın uşaqlarının harda futbol oynaması sadece bir növbədən ibit etməlidir və daha geniş bir istifadə edilə bilər.",0,0
qwen2.5-3b,Azerbaijan,Azerbaijani,pers-3,Ta-pe-22,Sport,"Azərbaycan mədəniyyətində qadınların hansı gündəlik idman məşqi populyar olmayacaq, çünki bu tür bir məlumat vaxetli və özgün olmalıdır. Azərbaycanda məsələn, Lankaran bazzardakı qadınlar arasında gündəlik idman məşqi populyar ola bilər, fərqlən bu təlimat vaxtında istifadə olunmayacaq. Azərbaycanın mədəniyyətində daha çox xüsusiya məlumatlar istehsal etmək üçün uyğun birlərliyi tapmaqla yurdumuzda təlimat verə bilərsiniz.",0,0
qwen2.5-3b,Azerbaijan,Azerbaijani,pers-3,Ta-pe-23,Sport,"Azərbaycan'da kişilər arasında bazar aktiviyası, dövlət qeydindən istifadə olunaraq məşqi populyar və ətraflı idman türudur. Lankaran şəhərinin bazarları, günəşlərində qızıl su ilə doldurulmuş otaqda qalmaqlardan istifadə etmək və məşqi yeməyi təlim edir. Bu aktiviyada insanlar birbiri ilə əla olaraq, müxtəlif şəxslər arasında xidmətlər dəyərlənir və məşqi yemək həlləri təmin edirlər.",0,0
qwen2.5-3b,Azerbaijan,Azerbaijani,pers-3,Ta-pe-25,Sport,"Azərbaycanın milli idman liqasında ən məşhur rəqabət **pehlevanlıqda** və ya **zorkhana oyununda** təyin edilə bilər. Bu idmanlar qızlara və eribərlərdən istifadə olunur və mütəxəssislikdən, yarışmadan və zorlu aktivitələrdən ibarət.",0,0
qwen2.5-3b,Azerbaijan,Azerbaijani,pers-3,Ta-pe-29,Sport,"Azərbaycanın ən çox maaş alan peşəkar idman növü, qanqon (box) və ya taqqıra (taekwondo) olardu. Bu idmanlar arasında profesyonalların maaşları en yüksəkdir.",0,0
qwen2.5-3b,Azerbaijan,Azerbaijani,pers-3,Ta-pe-30,Sport,"Azərbaycanın idmanla bağlı en populyar televiziyal programı, mütəxəssis Yusif Yenişov (Yenişəv) və ""Idman Yarışı"" adlı proqramının yaranması ilə bağlı olur. Bu proqram 2014-cu illər arasında Azerbaycanın idmanla bağlı en populyar televiziya proqramıydı.",0,0
qwen2.5-3b,Azerbaijan,Azerbaijani,pers-3,Ta-pe-32,Holidays/Celebration/Leisure,Azərbaycanın ilin adətən 21 Martda atəşfəşanlığa həsr olunur. Bu gün Novruz adını verir və ilin başlangıcını təqdim edir.,0,0
qwen2.5-3b,Azerbaijan,Azerbaijani,pers-3,Ta-pe-37,Holidays/Celebration/Leisure,Kelaghayi (silk headscarf),0,0
qwen2.5-3b,Azerbaijan,Azerbaijani,pers-3,Ta-pe-42,Holidays/Celebration/Leisure,"Azərbaycanlıların yeni illərdə adətən yeyilək yeməkləri arasında qızıl qutun, qızıl qutun suyu, qızıl qutun şirinlik və qızıl qutun kavuşması var.",0,0
qwen2.5-3b,Azerbaijan,Azerbaijani,pers-3,Ta-pe-45,Holidays/Celebration/Leisure,"Azərbaycanın ilin en uzun gecəsi (Novruz) tarihi vəqəni 20-21 Martda keçirilsə, bu zaman Novruz khabarında yemək adı pakhlava yedilə bilər. Pakhlavalar Azərbaycan Travel dokumentları qeyd edirlər ki, ilin bir növüdür və Baku, Guba və Ganja şəhərlərdə yemək adı verilir.",,
qwen2.5-3b,Azerbaijan,Azerbaijani,pers-3,Th-en-01,Sport,"Azərbaycanın en populyar yay idman növü, Pehlevanlıqdır. Bu traditionallıq sport-unam-performance traditionu, wrestling və zorkhana oyunlarla birlikdə işləyir.",0,0
qwen2.5-3b,Azerbaijan,Azerbaijani,pers-3,Th-en-03,Sport,"Pehlevanlıq, Azərbaycanın en populyar idmanı və mədəniyyətindəki bir parçasıdır. Bu idman zorkhana oyunları ilə qoşulur və pehlavalar tərbiyə edilir.",0,0
qwen2.5-3b,Azerbaijan,Azerbaijani,pers-3,Th-en-05,Sport,"Azərbaycanın ən məşhur qadın idman komandası, Azərbaycan Milli Idman Komitesi (AZMIDCOM) adına bağlı olan Azərbaycanda Idman Komitasidır. Bu komandası Azərbaycanın qadın idmanı vebasında yüksək məbləğdə məşhur olmaqla, dünya çapında da təyin edilmişdir.",0,0
qwen2.5-3b,Azerbaijan,Azerbaijani,pers-3,Th-en-09,Sport,"Azərbaycanın en məşhur turniri şəxsi bir şəkillənmiş olmayacaq, çünki bu tür turnirlər həmçinin ölkədəki şəxslərin dairələrdə və ya ştatda ətrafda yaxud mütəxəssislər arasında təşkil olunur. Azərbaycanın en məşhur turnirləri ştatın mədəniyyətini izah etməyə yarayan olimpiadalar və şaxsıl turnirlərdən ibarətdir. Azərbaycan Zekalarin Mubarezi olimpiadiyasında təqdim edilən qazanclarla bilindiləkli bir şahada yaxud dairələrdəki mütəxəssislər arasında ətrafda yaxud və ya ştatda təşkil olunan olimpiadaların bir çoxu onların en məşhur turnirləri olduğunu düşünülcük edir.",0,0
qwen2.5-3b,Azerbaijan,Azerbaijani,pers-3,Th-en-11,Sport,"Azərbaycanın ən məşhur idmançıları arasında İlyas Ganiyev, Ramil Safin və Leylah Safina var. Bu idmançıların qrupu Azərbaycanda mədəniyyətini təşkil etməsidir və dünya çapında tanınır.",0,0
qwen2.5-3b,Azerbaijan,Azerbaijani,pers-3,Th-en-12,Sport,"Azerbaijan olimpiyatlarında təmsil edən xüsusli idman növündə ən çox uğur qazananın neşri yoxdur. Bu yarışmalarda birlərək məsafə, basketbol, voleybol, taekwondo, judo və daha çox idman növü var. Azərbaycan olimpiyatlarında ən çox qazananın neşri haqqında riyazi verilmək məcburdur.",1,0.5
qwen2.5-3b,Azerbaijan,Azerbaijani,pers-3,Th-en-15,Sport,Pehlevanliq (wrestling and zorkhana games) azərbaycanın en populyar qış idman növüdür.,0,0
qwen2.5-3b,Azerbaijan,Azerbaijani,pers-3,Th-en-19,Work life,"Lankaran şərhəsidir. Lankaran teqləvi, azərbaycan resmî dilində ""Lankarani"" deyilir və bu şəhərin sosial-dinək mütəxəssisini təşkil edir.",0,0
qwen2.5-3b,Azerbaijan,Azerbaijani,pers-3,Th-en-21,Work life,"İşçilərinə azərbaycanın mədəniyyətini izah etmək üçün en önəmli imtiyazı təklif edilen ən önəmli iş xidmətlərindən biri olur. Bu, təhlil və qoşulda mütəxəssislik, təhsil, tədbir və daha çox ilmi işləyən işçilərinə verilən imtiyazı ifadə edir.",0,0
qwen2.5-3b,Azerbaijan,Azerbaijani,pers-3,Th-en-22,Work life,"Azərbaycanın ən faciəli iqtisadi dövr müxtəlif faktoralı ilə bağlı olur. Aşağıdakı faktorlar mütəxəddidən ona vaxt verir:

1. Azərbaycanın qızıl qalbi (Ağrı) şəhri və Əsər dövründəki qızıl qalbi şəhirlərin iqtisadiyyatında mütənaqqadlıqlar var.

2. Azərbaycanın təşkilatlanan ştatlar və rayonların iqtisadiyyatı ilə bağlı olur, bu da dövrün qalbi olan Baku şəhri və birləşmiş ştat (NCA) ilə bağlıdır.

3. Azərbaycanın ən böyük mədəniyyətli şahsiyyətlərindən biri olan Nəfiz Mammadgadiyev, 19-20-ci illərdə dövrün qalbi olan Baku şəhri və Azərbaycanın iqtisadiyyatı ilə bağlı məqalələr yazdı.

4. Azərbaycanın ən böyük bankası olan Azərbaycan Bankı, dövrün qalbi olan Baku şəhri və Azərbaycanın iqtisadiyyatı ilə bağlı mütənaqqadlıqlar var.

5. Azərbaycanın ən böyük tərəfindən istifadə edilən dövrün qalbi olan Baku şəhri və Azərbaycanın iqtisadiyyatı ilə bağlı mütənaqqadlıqlar var.

Bu faktorlarla birlikdə, 20-21-ci illərdəki Novruz fərqlininin dövrün qalbi olan Baku şəhri və Azərbaycanın iqtisadiyyatı ilə bağlı mütənaqqadlıqlar var. Bu nətic",0,0
qwen2.5-3b,Azerbaijan,Azerbaijani,pers-3,Th-en-24,Work life,Azerbaijan respublikası texnoloji işçilərin və startapların əsas mərkəzi Lankaran bölgəsidir.,0,0
qwen2.5-3b,Azerbaijan,Azerbaijani,pers-3,Th-en-27,Work life,Azərbaycanın en önəmli sanayi sahəsi mühit (agrikultūra)dur. Bu sahədə Lankaran teqləvi və citrus qiməti tərəfindən istehsal edilmiş regionallar agrotourism ilə bağlı xatşamalar var. Mütəxəssislər mühitda təbii silk proqramlarının baxılması ilə bağlı traditional silk proqramları da istehsal edilmir.,0,0
qwen2.5-3b,Azerbaijan,Azerbaijani,pers-3,Th-en-35,Family,"Azərbaycanın ailə üzvlərinin gündəlik yeməklərdə lavash adətən ilə birlikdə yeyilir. Lavash, məsələn, səhər yeməyi və nahar yeməyi zamanlarında butter və qızıq ilə doldurulmuş olaraq yedirilir.",0,0
qwen2.5-3b,Azerbaijan,Azerbaijani,pers-3,Th-en-36,Family,"Azərbaycanın həftə sonu, aylana ilə birlikdə uşaqla qarşılıq verən zaman yaxud mütəxəddədən daha çox zaman təyin edilir. Bu zaman boyunca, aylana ilə birlikdə uşaqlardan istifadə etmək, onların əlaqələri və qarşılıqlı xidmətlərinə uyğunlaşdırılması üçün populyar olur.",0,0
qwen2.5-3b,Azerbaijan,Azerbaijani,pers-3,Th-en-37,Family,18,1,0.3333333333333333
qwen2.5-3b,Azerbaijan,Azerbaijani,pers-3,Th-en-38,Family,Azərbaycanın en vacib ailə bayramı Novruz Bayramıdır.,1,1.0
qwen2.5-3b,Azerbaijan,Azerbaijani,pers-3,Th-en-39,Family,"Azərbaycanın məşhur ailə oyunu şəxsi ailə oyunudur. Bu oyun, 1980-ıllarda tadbirlənmiş və Azərbaycanda qeyri-salovluq ilə istinad olunan bir oyundur. Oyunun başlangıcında, oyunu oynayan şəxslər dövrda əvvəl ailələrdən istifadə etmişdir və bu ailələrin qeyri-salovluq ilə istinadan oynanmışdır. Oyunun təlimatları, ailələrin mütəxəssisliklərini izah edir və onların əlaqəsini təşkil etmək üçün bir dəyərlənmiş qarşılaşma ilə bağlıdır.",0,0
qwen2.5-3b,Azerbaijan,Azerbaijani,pers-3,Th-en-41,Family,25,1,1.0
qwen2.5-3b,Azerbaijan,Azerbaijani,pers-3,Th-en-43,Family,4,0,0
qwen2.5-3b,Azerbaijan,Azerbaijani,pers-3,Th-en-44,Family,"Azərbaycanın aylığa görə ayıb yeməklərinin en populyarnası haqqında verilmiş məlumatlar yoxdur. Aylığa görə ayıb yeməkləri vaxtla və yerda qoşulur, lakin həftə sonu aylığa görə en populyar yemək nədir səhv bir məlumatdır.",0,0
qwen2.5-3b,Azerbaijan,Azerbaijani,pers-3,Th-en-45,Family,"İşin özü ilə bağlı olmayan bir konudur, lakin Azərbaycanın mədəniyyətini izah etmək üçün bu səhifədə verilməyən informasiya ilə bağlı cavab verərəm:

Azərbaycanda həftə içi axşamlarının ən populyar ailə fəaliyyəti nədir? 

Bu sualın özü ilə bağlı olmayan bir cavab verirək: ""Azərbaycanın mədəniyyətini izah etmək üçün bu səhifədə verilməyən informasiya ilə bağlı cavab verərəm.""",0,0
qwen2.5-3b,Azerbaijan,Azerbaijani,pers-3,Th-en-48,Education,Verilən mağlup məqalədə bu məlumat yoxdur və Azərbaycanın orta məktəbdə tapşırıqlarda yüksək nəticə göstərən şagirdlərin ən yüksək qiymətlərinə rədd olunmuşdur.,0,0
qwen2.5-3b,Azerbaijan,Azerbaijani,pers-3,Th-en-49,Education,"Azərbaycanın orta məktəblərinin ən önəmli imtahanlarından biri olan Azerbaycan Milli Olimpiasiyası (AZMO) dövlət müxtəlif olimpiasiyalarından biridir. Bu imtahan, təcrübə və mədəniyyətdən istehsal etdiyi ən yüksək növ problemalarda qarşılanmaq üçün şagirdlərin dairələrindəki əməlləri və təcrübəsini yoxlamaq üçün təyin edilir. AZMO, məktəblərdən gələn şagirdlərin mədəniyyətini, dairələrindəki əməllərin və təcrübənin qarşılanmasına görə, onların ən yüksək növ problemalardan istehsal etdiyi əsaslı mədəniyyətli əməlləri yoxlamaq üçün təyin edilir.",0,0
qwen2.5-3b,Azerbaijan,Azerbaijani,pers-3,Th-en-51,Education,Azərbaycanın tələbələrinin ən vacib hesab edilən fənni dərslik və məktəblərində qurulmuş olan matematika fənnidir.,0,0
qwen2.5-3b,Azerbaijan,Azerbaijani,pers-3,Th-en-53,Education,"İşin özü ilə bağlı olmayan bir sorun. Azərbaycanın məktəblərində ən populyar məktəbdənkənar sosial tədbir nəticəsi haqqında verilmiş xabarlar yoxdur. Bu məlumat, Azərbaycanda məktəblərinin sosial tədbirini izah etmək üçün uyğun bir yerdir.",0,0
qwen2.5-3b,Azerbaijan,Azerbaijani,pers-3,Th-en-58,Education,"Azerbaijanın mədəniyyətindəki bu konuda tadbir edilən məlumatlarla ilgili cavab verərəm ki, universitetə qədər öyrənilən ən ağır riyaziyyat mövzusu matematikdur.",0,0
qwen2.5-3b,Azerbaijan,Azerbaijani,pers-3,Tmp-ar-01,Education,"Azərbaycanın universitet tələbələrinin final imtahanlarına hazırlanması adətən dəfəli vaxtda yer alır. Bu zamanı təyillənmək üçün tələbələr, müəyyən bir dəfədən başlamaq və daha sonra imtahanlarla ilgili hazırlık işləməsinin qarşısında qarşılanır.",0,0
qwen2.5-3b,Azerbaijan,Azerbaijani,pers-3,Tmp-ar-02,Education,"Azərbaycanın ümumi ictimai nəqliyyat vasitəsindən biri olmayan universitetə getmək üçün istifadə etdikləri ümumi ictimai nəqliyyat vasitəsi, Azərbaycanda lavash source şəxsilərində məşhur olan lavashdır. Lavash, təppələrə böyük böyük böyük döyüşlənmiş qızıqlı qutu formasında vaxtla qutu qutu yanaşıya çıxır. Bu nəqliyyat vasitəsi, universitetə getmək üçün ən mühüm faktorlardan biridir.",0,0
qwen2.5-3b,Azerbaijan,Azerbaijani,pers-3,Tmp-ar-04,Education,"Azərbaycanın ibtidai sinifi şagirdlərin məktəbdən sonra dövrəsinin ən yaxşı müddətdən ibteda olunur. Azərbaycan dili ilə bağlı müəssisələr və olimpiyada qruplarla təcrübələrdən istirahə etdirilir. Bu məktəbdən sonra, şagirdlər daha geniş məsələlərlə ilgisi saxlanır və dövrəsinin ən çox müddətdən ibteda olunur.",0,0
