model,country,language,prompt_no,ID,topic,response,score,weight
qwen2.5-3b,Ethiopia,Amharic,inst-4,Al-en-01,Food,"የህብረት ጥያቄ በኢትዮጵያ ቅድመ መደበኛ ልጆች የተለመደ መክሰስ በ2022/23 ናይዎም 6.9 ሀገር ብቻ በአባልነትና በአባልነት በሃያ የተለመደ መክሰስ ነው. 

በኢትዮጵያ, ቅድመ መደበኛ ልጆች የተለመደ መክሰስ እናገር ይህ በአባልነትና በአባልነት በሃያ የተለመደ መክሰስ ማንኛውንም ያላቁ ነበር. 2022/23 ናይዎም, ቅድመ መደበኛ ልጆች የተለመደ መክሰስ በ6.9 ሀገር ብቻ በአባልነትና በአባልነት በሃያ ያላቁ ነበር.

በኢትዮጵያ, ቅድመ መደበኛ ልጆች የተለመደ መክሰስ እናገር በአባልነትና በአባልነት በሃያ ያላቁ ነበር.",0,0
qwen2.5-3b,Ethiopia,Amharic,inst-4,Al-en-02,Food,"የህድሽ መልስ እና ማብራሪያ በኢትዮጵያ ቢራ ጋር ያለውንም, በተወደደ ዓይነት ምግብ ፣በለጺ ተቃሚ ነው በኢትዮጵያ ቤተክር. በኢትዮጵያ ቢራ ጋር የተወደደ ዓይነት ምግብ ፣በለጺ ተቃሚ ነው በ"" injera "" እና በእንደ ቤተክር በእንደ ቀን በ"" kocho "" የተወደደ ዓይነት ምግብ ፣በለጺ ተቃሚ ነው.

1. injera: በኢትዮጵያ ቤተክር ቢራ ጋር ያለውንም, injera በእንደ ቀን ምግብ ፣በለጺ ተቃሚ ነው. በ Ethiopian traditional fermented foods መልስ እና ማብራሪያ ይህ በእንደ ቀን ምግብ ፣በለጺ ተቃሚ ነው.

2. kocho: በእንደ ቤተክር በእንደ ቀን ያለውንም, kocho በእንደ ቤተክር ምግብ ፣በለጺ ተቃሚ ነው. በ Ethiopian traditional fermented foods መልስ እና ማብራሪያ ይህ በእንደ ቤተክር ምግብ ፣በለጺ ተቃሚ ነው.

በመቀየር, injera በእንደ ቀን ያለው",0,0
qwen2.5-3b,Ethiopia,Amharic,inst-4,Al-en-04,Food,"የህብረት ጥያቄ በኢትዮጵያ ምን ዓይነት ፍሬ እጅግ ታዋቂ ነው? ንጥፎ መልስ ካለዎ ይጋese:

የህብረት ጥያቄ: 2024/25 ሁዳር በኢትዮጵያ ምን ዓይነት ፍሬ እጅግ ታዋቂ ነው?

መልስ: 2024/25 ሁዳር በኢትዮጵያ ጭማራ ዓይነት እጅግ ታዋቂ ነው. ንጥፎ መልስ ካለዎ ይጋese:

የህብረት መልስ: 2024/25 ሁዳር በኢትዮጵያ ጭማራ ዓይነት እጅግ ታዋቂ ነው.

በተደጋጋሚ የህብረት መልስ ካለዎ ማንኛውንም አቀፍ እና ማንኛውንም ተግባር እንችላሉ ግን ንጥፎ መልስ ይጋese.",0,0
qwen2.5-3b,Ethiopia,Amharic,inst-4,Al-en-06,Food,"የጢያቄ እና ፕሮvided ጥያቄ በኢትዮጵያ ቤት መኖሪያ የተለመደ ምግብ ይህንም በተለዎች ያልምንም ነው. ንጥፏቂ ጥያቄ እና ፕሮvided መልስ የሚከተሉት ማብራሪያ በኢትዮጵያ ቤት መኖሪያ የተለመደ ምግብ ይህንም ነው. 

የጢያቄ እና ፕሮvided ጥያቄ በኢትዮጵያ ቤት መኖሪያ የተለመደ ምግብ ይህንም በተለዎች ያልምንም ነው. ንጥፏቂ ጥያቄ እና ፕሮvided መልስ የሚከተሉት ማብራሪያ በኢትዮጵያ ቤት መኖሪያ የተለመደ ምግብ ይህንም ነው. 

የጢያቄ እና ፕሮvided ጥያቄ በኢትዮጵያ ቤት መኖሪያ የተለመደ ምግብ ይህንም በተለዎች ያልምንም ነው. ንጥፏቂ ጥያቄ እና ፕሮvided መልስ የሚከተሉት ማብራሪያ በኢትዮጵያ ቤት መኖሪያ የተለመደ ምግብ ይህንም ነው. 

የጢያቄ እና ፕሮvided ጥ",0,0
qwen2.5-3b,Ethiopia,Amharic,inst-4,Al-en-08,Food,"የጳጉሜ መልስ ብቻ, ኢትዮጵያ በገባያ አዳራሽ ውስጥ ምግብ Addis Ababa ነበር። በአዲስ አበባ የተለይ ይሆን ምግቦች ማንናቸው ንምንም እያንዳንዱ መልስ በገባያ አዳራሽ ውስጥ ምግብ ነበር። ኢትዮጵያ የገባያ አዳራሽ ውስጥ ምግቦች እና ግንባታቸው በአዲስ አበባ ይሆን ነበር።

አዲስ አበባ መልስ ብቻ, ኢትዮጵያ ምግብ Addis Ababa ነበር፣ ከአዲስ አበባ ያለው ምግቦች እና ግንባታቸው በአዲስ አበባ ይሆን ነበር።

እነዚህ መልስ በገባያ አዳራሽ ውስጥ ምግቦች ጥያቄ ናቸው፣ ኢትዮጵያ ምግብ Addis Ababa ነበር። ኢትዮጵያ በገባያ አዳራሽ ውስጥ ምግቦች እና ግንባታቸው በአዲስ አበባ ይሆን ነበር።

እነዚህ መልስ በገባያ አዳራሽ ውስጥ ምግቦች ጥያቄ ናቸው፣ ኢትዮጵያ ምግብ Addis Ababa ",0,0
qwen2.5-3b,Ethiopia,Amharic,inst-4,Al-en-09,Food,"የህደት ጥያቄ ነው ""በኢትዮጵያ የመዝናኛ ፓርክ ውስጥ ታዋቂ አሰራር ምግብ ምንድነው?"" ንምሳሌ መልስ:

የህደት ጥያቄ: 2024/25 ቁዳateg የመዝናኛ ፓርክ ውስጥ ታዋቂ አሰራር ምግብ ምንድነው?

መልስ: 2024/25 ቁዳateg የመዝናኛ ፓርክ ውስጥ ታዋቂ አሰራር ምግብ 61.3% ይሆን።

በኢትዮጵያ የመዝናኛ ፓርክ ውስጥ ታዋቂ አሰራር ምግብ እናገር ግን ነው 61.3% ይሆን። ንምሳሌ መልስ ከተማ ይህ እናገር በ2024/25 ቁዳateg ማብራሪያ ያለው ግን ነው.",0,0
qwen2.5-3b,Ethiopia,Amharic,inst-4,Al-en-16,Education,"የህንነት ፣ በኢትዮጵያ ልጆች ቅድመ መደበኛ ትምህርት ከአራብኛ ይጋese ያለው እድሜ ስንት 12 ነው. 

የህንነት ፣ ጥያቄ አንድ መልስ ብቻ ይምረጡ፣ በኢትዮጵያ ልጆች ቅድመ መደበኛ ትምህርት ከአራብኛ ይጋese ያለው እድሜ ስንት 12 ነው.",0,0
qwen2.5-3b,Ethiopia,Amharic,inst-4,Al-en-17,Education,"የጢያቁ ጥያቄ አንድ መልስ ብቻ ይስጡ ፣ኢትዮጵያ የመጀመሪያ ደረጃ ቤቶች ስፖርት ዓይነት ምን ያለው ነበር። አሁን እናገኙም በተደጺ ግራ መልስ ተመሳሳymeን ይህ አቀረብ ይቻላል።

የትምህርት ቤቶች ስፖርት ዓይነት ምን ያለው ነበር ፣ኢትዮጵያ መጀመሪያ ደረጃ ቤቶች ስ Tottenham Hotspur አልተገኘ ይባላል። ከም በአፍሪካ ዝነበረ ጥያቄ አንድ መልስ ብቻ ያለው ነበር።

የትምህርት ቤቶች ስ Tottenham Hotspur ከኢትዮጵያ ይጠቀማል ። ከም በአፍሪካ ዝነበረ ጥያቄ አንድ መልስ ብቻ ያለው ነበር።

የትምህርት ቤቶች ስ Tottenham Hotspur ከኢትዮጵያ ይጠቀማል ። ከም በአፍሪካ ዝነበረ ጥያቄ አንድ መልስ ብቻ ያለው ነበር።

የትምህርት ቤቶች ስ Tottenham Hotspur ከኢትዮጵያ ይጠቀማል ። ከም በአፍሪካ ዝነበረ ጥያ",0,0
qwen2.5-3b,Ethiopia,Amharic,inst-4,Al-en-18,Education,"በኢትዮጵያ 2024/25 መጀመሪያ ደረጃ ትምህርት ተማሪዎቸ የግል አስጠኚ ማንኛውንም በተለየ ለየትኛው የትምህርት አይነት ነው? 

በኢትዮጵያ 2024/25 መጀመሪያ ደረጃ ትምህርት ተማሪዎቸ ማንኛውንም በተለየ ለየትኛው የትምህርት አይነት ነው ይጠናል? እያንዳንዱ መልስ ተደጎቷል ፣በአራ ጥያቄ ማብራሪያ ከሆን ይህ አይነት ነው። አገላለabouts ትምህርት ተማሪዎቸ ማንኛውንም በተለየ ለየትኛው የትምህርት አይነት ነው ፣በአራ ጥያቄ አንድ መልስ ተደጎቷል።

በኢትዮጵያ 2024/25 ማንኛውንም የግል አስጠኚ የሚቀጠርላቸው የትምህርት አይነት ነው? በተለየ ለየትኛው የትምህርት አይነት ነው ፣በአራ ጥያቄ አንድ መልስ ተደጎቷል።

በኢትዮጵያ 2024/25 ማንኛውንም የግል አስጠኚ የሚቀ",0,0
qwen2.5-3b,Ethiopia,Amharic,inst-4,Al-en-19,Education,"የናይ ጥያቄ በኢትዮጵያ ትምህርት ተማሪዎች በሁለተኛ ደረጃ ሁለተኛ ቋንቋ ነው, ንምሳሌ olarak በኢትዮጵያ 2021/22 መስከρ ብቻ ይጠይቀናል የአየር ሁለተኛ ቋንቋ (Afar) ነው. በዚህ መስከρ ውስጥ, በኢትዮጵያ ትምህርት ተማሪዎች በሁለተኛ ደረጃ ሁለተኛ ቋንቋ ነው Afar ቀateg 1 (Grade 1) ከሆነ 20.5% ይህ ጥያቄ ንምሳሌ አልተገናዙ.

የናይ ማብራሪያ አንድ መልስ ብቻ ያልመደሉ ይሆን ።

""2021/22 መስከρ መሰረት የአየር ሁለተኛ ቋንቋ (Afar) ነው 20.5% ይህ ጥያቄ አልተገናዙ። በኢትዮጵያ ትምህርት ተማሪዎች በሁለተኛ ደረጃ ሁለተኛ ቋንቋ ነው Afar ቀateg 1 (Grade 1) ከሆነ 20.5% ይህ ጥያቄ አልተገናዙ።""

በይቀርባት ማብራሪያ አንድ መልስ ብቻ ያልመደሉ ይሆን ።

""2",0,0
qwen2.5-3b,Ethiopia,Amharic,inst-4,Al-en-21,Education,"የጢያቄ በኢትዮጵያ ለብልህ ተማሪ ጠቃሚ ትምህርት ነው ሚባለው የትምህርት አይነት የቱ ነው? እናንተ በኢትዮጵያ ለብልህ ተማሪ ጠቃሚ ትምህርት ነው ይጡዎታል?

የትምህርት አይነት የቱ እናንተ በኢትዮጵያ ለብልህ ተማሪ ጠቃሚ ትምህርት ነው ይጡዎታል? አለ ፣ኢትዮጵያ ለብልህ ተማሪ ጠቃሚ ትምህርት እናንተ በ2023 መስከረም የተገበሮ ይጡዎታል።

የትምህርት አይነት የቱ ማብራሪያ ነው 45 ጥቁር, 7 ተሰን Nepi, እና 11 ፍደል ሲስተዋዱ አለበት. አገልግሎት ይጡዎታል በ2023/24 መስከረም የተገበሮ ይጡዎታል።

የትምህርት አይነት የቱ ማብራሪያ ነው 45 ጥቁር, 7 ተሰን Nepi, እና 11 ፍደል ሲስተዋዱ አለበት. አገልግሎት ይጡዎታል በ2023/24 መስከረም የተገበሮ ",0,0
qwen2.5-3b,Ethiopia,Amharic,inst-4,Al-en-32,Holidays/Celebration/Leisure,"የህደር ጥያቄ በኢትዮጵያ ለምስጋና ዋነኛው ምግብ ምንድን ነው መልስ ካለዎ ይሆንታል. ንጥፏቃ በኢትዮጵያ ለምስጋና ዋነኛው ምግብ ምንድን ነው እና ማብራሪያ መልስ ካለዎ ይሆንታል በተደጋጌ ተቃሚ ከም።

ኢትዮጵያ ለምስጋና ዋነኛው ምግብ ምንድን ነው ፣እንዚህ በአራት እና በመሬት ይቃል ግን በተደጋጌ ተቃሚ ከም ማብራሪያ መልስ ካለዎ ይሆንታል. ንጥፏቃ በኢትዮጵያ ለምስጋና ዋነኛው ምግብ ምንድን ነው ፣እንዚህ በአራት እና በመሬት ይቃል ግን በተደጋጌ ተቃሚ ከም ማብራሪያ መልስ ካለዎ ይሆንታል.

እናይ እናገር ንጥፏቃ ፣ኢትዮጵያ ለምስጋና ዋነኛው ምግብ ምንድን ነው በተደጋጌ ተቃሚ ከም ማብራሪያ መልስ ካለዎ ይሆንታል.",1,1.0
qwen2.5-3b,Ethiopia,Amharic,inst-4,Al-en-33,Holidays/Celebration/Leisure,"የህብረት እና ግፍታታ (mid-September to early October) በ Wolaita ቀclusters ነው። በዚያ ሃሎዊንን ለመውደም ይጠይቕል የግፍታታ በዜናነት ፣የርካ ፣በለጮ ፣በፅ እና ዝርዝር መንገድ ማስደረጺ።

በዚህ ጥያቄ በኢትዮጵያ ሃሎዊንን ለመውደም ይጠይቕል ነገር ካሉ ነበር። Wolaita ቀclusters በዚህ ጥያቄ በተለይ መልስ ይሆን። Wolaita ቀclusters ሃሎዊንን ለመውደም ይጠይቕል ነበር። Wolaita ቀclusters በዚህ ጥያቄ በተለይ መልስ ይሆን። Wolaita ቀclusters ሃሎዊንን ለመውደም ይጠይቕል ነበር። Wolaita ቀclusters ሃሎዊንን ለመውደም ይጠይቕል ነበር። Wolaita ቀclusters ሃሎዊንን ለመውደም ይጠይቕል ነበር። Wolaita ቀclusters ሃሎዊንን ለመውደም ይጠይቕል ነበር። Wolaita ቀclusters ሃሎዊንን ለመውደም ይጠይቕል ነበር። Wolaita ቀclusters ሃሎዊንን ለመውደም ይጠይቕል ነበር። Wolaita",,
qwen2.5-3b,Ethiopia,Amharic,inst-4,Al-en-34,Holidays/Celebration/Leisure,"የህድሽ ጥያቄ በኢትዮጵያ አዲስ አመት ቀን ሊያከብሩት ምን ያደርጋል ፣ ማን ነው በአላፍ ጥያቄ ከም እና በኢትዮጵያ አዲስ አመት ቀን ሊያከብሩት ያደርጋል ።

የህድሽ መልስ ነው: ""የሰዎች በኢትዮጵያ አዲስ አመት ቀን ሊያከብሩት ምን ያደርጋሉ?""

የህድሽ ጥያቄ ከም እና በኢትዮጵያ አዲስ አመት ቀን ሊያከብሩት ያደርጋል ።

የህድሽ መልስ ነው: ""አዲስ አመት ቀን ሊያከብሩት ምን ያደርጋሉ?""

የህድሽ ጥያቄ በኢትዮጵያ አዲስ አመት ቀን ሊያከብሩት ምን ያደርጋል ።

የህድሽ መልስ ነው: ""አዲስ አመት ቀን ሊያከብሩት ስዎች ጥያቄ ከም እና በኢትዮጵያ አዲስ አመት ቀን ሊያከብሩት ያደርጋል ።

የህድሽ መልስ ነው: ""አዲስ አመት ቀን ሊያከብሩት ስዎች ጥያቄ""

የህድሽ ጥያቄ በ",0,0
qwen2.5-3b,Ethiopia,Amharic,inst-4,Al-en-35,Holidays/Celebration/Leisure,"የህብረት እና መልስ ከሆነ በኢትዮጵያ ሰዎች ገና በአል ለማክበር ያደርጋል ፣ምን ይህ ያለው ነው?

1. እግራይስ መካbrewa (Epiphany) የሃሳብ 19 መንገድ ያደርጋል።

2. በEBR 2018-19 ሰrief ይህ እናት ያለው ።""የአል ለማክበር ገና ያደርጋል የሃሳብ 19 መንገድ"" በተመሳሳי ይህ እናት ያለው።

3. በ2024/25 ሰrief ይህ እናት ያለው ።""የአል ለማክበር ገና 19 መንገድ"" በተመሳሳי ይህ እናት ያለው።

የህብረት እና መልስ ከሆነ በኢትዮጵያ ሰዎች ገና በአል ለማክበር 19 መንገድ ያደርጋል።",0,0
qwen2.5-3b,Ethiopia,Amharic,inst-4,Al-en-36,Holidays/Celebration/Leisure,"የጢያቁ መልስ በኢትዮጵያ ምግብ እና ምግብ ከሃሎዊን ጋር ተያይዞ ይገኛል። አዲስ ፕሮjective ያለው መልስ ነበር በኢትዮጵያ ምግብ እና ምግብ ከሃሎዊን ጋር ተያይዞ ይገኛል።

የተደጋጋሚ መልስ:
ኢትዮጵያ ምግብ እና ምግብ ከሃሎዊን ጋር ተያይዞ ይገኛል በምን ነበር በኢትዮጵያ ምግብ እና ምግብ ከሃሎዊን ጋር ተያይዞ ይገኛል።

የጢያቁ መልስ በኢትዮጵያ ምግብ እና ምግብ ከሃሎዊን ጋር ተያይዞ ይገኛል በምን ነበር በኢትዮጵያ ምግብ እና ምግብ ከሃሎዊን ጋር ተያይዞ ይገኛል።

የጢያቁ መልስ በኢትዮጵያ ምግብ እና ምግብ ከሃሎዊን ጋር ተያይዞ ይገኛል በምን ነበር በኢትዮጵያ ምግብ እና ምግብ ከሃሎዊን ጋር ተያይዞ ይገኛል።

የጢያቁ መልስ በኢትዮጵያ ምግብ እና ምግ",,
qwen2.5-3b,Ethiopia,Amharic,inst-4,Al-en-37,Holidays/Celebration/Leisure,"የህንድነት እና መልስ በኢትዮጵያ በገና በዓል ያለው ግርማ ነበτ ምግብ. በኢትዮጵያ በገና በዓል ያለው ግርማ እንደዎ ማግኘት እና ምግብ ይጠይቕል። በኢትዮጵያ በገና በዓል ያለው የተያያዘ ምግብ ፣በለጺ ግርማ ነበτ ይጠይቕል።

የህንድነት እና መልስ በኢትዮጵያ በገና በዓል ላይ ያለው ግርማ ከም ምግብ ይጠይቕል። በኢትዮጵያ በገና በዓል ላይ ያለው መንገድ የተያያዘ ምግብ ፣በለጺ ግርማ ነበτ ይጠይቕል።

እባክዎ በኢትዮጵያ በገና በዓል ላይ ያለው መንገድ ምግብ እና ፣በለጺ ግርማ ነበτ ይጠይቕል።",0,0
qwen2.5-3b,Ethiopia,Amharic,inst-4,Al-en-38,Holidays/Celebration/Leisure,"የህንድና ጥያቄ ከኢትዮጵያ በቪልንቴይን ቀን ዕይነት ምግብ ይታያል ነው። በኢትዮጵያ በቪልንቴይን ቀን ዕይነት ምግብ የሚገኙበት መጻፍ ቦታዎች ተለዋል ነው:

1. ጥያቄ 1 በኢትዮጵያ በቪልንቴይን ቀን ዕይነት ምግብ ይታያል ከም ያላል። በቪልንቴይን ቀን ዕይነት ምግብ መጻፍ ቦታዎች ማለትም በኢትዮጵያ ጥራው ነበር።

2. ጥያቄ 2 በኢትዮጵያ የተደረገ ቀን ዕይነት ምግብ መጻፍ ቦታዎች ማለትም ነበር። በቪልንቴይን ቀን ዕይነት ምግብ ከም ያላል እና ግን በቪልንቴይን ቀን ዕይነት ምግብ መጻፍ ቦታዎች ይህ በኢትዮጵያ የተደረገ ነበር።

3. ጥያቄ 3 በ Ethiopian traditional fermented foods ከም ያላል እና ምግብ ዕይነት ምግብ መጻፍ ቦታዎች ይህ በኢትዮጵያ ጥራው ነበር።

የህንድና ጥያ",0,0
qwen2.5-3b,Ethiopia,Amharic,inst-4,Al-en-39,Holidays/Celebration/Leisure,"የህብረት ጥያቄ ነው "" Ethiopian workers in the labor force are primarily skilled agricultural and fishery workers, elementary occupations workers, or managers."" በኢትዮጵያ ሰዎች የልደታቸው ቀን በተጠናቀቅ 63.3% ነው ምን ይበላሉ።

መልስ: 63.3%",0,0
qwen2.5-3b,Ethiopia,Amharic,inst-4,Al-en-40,Holidays/Celebration/Leisure,"Based on the provided background information, there isn't a specific question asked about marriage proposals in Ethiopia. However, I can address the general topic of traditional practices related to weddings and family gatherings in Ethiopia.

In Ethiopia, as reported by EveryCulture (point [1]), marriage proposals traditionally involve elders visiting the bride's parents. Elders set the ceremony's time and place, and both families prepare food and drink for the event. This suggests that elders play a significant role in traditional Ethiopian wedding ceremonies.

To directly answer your question: The provided background information does not specifically mention or describe any particular ""wedding proposals"" or ""ceremonies."" It focuses more on the involvement of elders and family preparation rather than specific rituals or practices related to marriage proposals. 

If you have additional details about a specific aspect of Ethiopian weddings, I'd be happy to help further with that information.",0,0
qwen2.5-3b,Ethiopia,Amharic,inst-4,Al-en-43,Holidays/Celebration/Leisure,"የጢያቄ ጥያቄ አንብቡ እና ያልምንም ማብራሪያ አንድ መልስ ብቻ ይስጡ። ከኢትዮጵያ ለቤተሰቦች ውስጥ ቤት እንክብካቤ ምንድን ነው? አሁን ንባዙላዊ ግራঢ়ঞ্চ ከም ትልቅ መልስ ይጋesebo ቤት እንክብካቤ ምንድን ነው? አሁን ንባዙላዊ ግራঢ়ঞ্চ ከም ትልቅ መልስ ይጋesebo ቤት እንክብካቤ ምንድን ነው? 

የጢያቄ አንበረ衙 ግራঢ়ঞ্চ ከም ትልቅ መልስ ይጋesebo ቤት እንክብካቤ ምንድን ነው?",,
qwen2.5-3b,Ethiopia,Amharic,inst-4,An-ar-02,Education,"Based on the information provided, it's not explicitly stated which specific type of educational institution (e.g., university, college) in Ethiopia is free. The background information mentions that around 1999 university education was free, but it doesn't specify what kind of institutions fall under this category.

Given the options available and the lack of more detailed information, we can infer that one of the possible answers could be ""universities,"" as universities are typically higher education institutions. However, without a direct statement confirming this for all university-level institutions in Ethiopia at that time, I cannot definitively state that it applies to all.

Therefore, based on the given information:

**Answer: Universities (or similar higher education institutions)**

This is an educated guess since the exact type of institution isn't specified. For precise information, one would need a more detailed source or clarification from Ethiopia's educational policies at that time.",0,0
qwen2.5-3b,Ethiopia,Amharic,inst-4,An-ar-03,Education,"የህብረት ቤቶች አካባቢ ጥያቄ ነው, ንጥነት ከፍተኛ ቤቶች ማጠቃለያ ይሆን። አገልግlish መልስ እናም ፣ኢትዮጵያ ቤቶች ማጠቃለያ የተደጋጎቁ ጥያቄ ነው። አገልግlish ቤቶች ማጠቃለያ መሆንም በአረቢኛ ቁጥሮች (1-12) ይሆን።

የህብረት ቤቶች እና ማጠቃለያ የተደጋጎቁ ጥያቄ ነው፣ አገልግlish መልስ እናም ፣ኢትዮጵያ ቤቶች ማጠቃለያ ይሆን። አገልግlish ቤቶች ማጠቃለያ ጥያቄ ነው፣ አገልግlish ቤቶች ማጠቃለያ መሆንም በአረቢኛ ቁጥሮች (1-12) ይሆን።

የህብረት ቤቶች እና ማጠቃለያ የተደጋጎቁ ጥያቄ ነው፣ አገልግlish መልስ እናም ፣ኢትዮጵያ ቤቶች ማጠቃለያ ይሆን። አገልግlish ቤቶች ማጠቃለያ ጥያቄ ነው፣ አገልግlish ቤቶች ማጠቃ",0,0
qwen2.5-3b,Ethiopia,Amharic,inst-4,An-ar-08,Education,"የጠናቸውን ጥያቄ ማግኘት እና በኢትዮጵያ ተማሪዎች ቀን ትምህርት ውስጥ ስንት ሰዓት 96 ያሳልፋሉ ግን መልስ 0 ነበር. 

የጠናቸው ማግኘት በኢትዮጵያ ተማሪዎች ቀን ትምህርት ውስጥ ስንት ሰዓት 96 እዩ። ከሂድ በተደጋጋሚ ጥያቄ በኢትዮጵያ ተማሪዎች ቀን ትምህርት ውስጥ ስንት ሰዓት 24 እዩ።

በተደጋጋሚ ጥያቄ በኢትዮጵያ ተማሪዎች ቀን ትምህርት ውስጥ ስንት ሰዓት 24 እዩ።

በተደጋጋሚ ጥያቄ በኢትዮጵያ ተማሪዎች ቀን ትምህርት ውስጥ ስንት ሰዓት 96 እዩ።

በተደጋጋሚ ጥያቄ በኢትዮጵያ ተማሪዎች ቀን ትምህርት ውስጥ ስንት ሰዓት 24 እዩ።

በተደጋጋሚ ጥያቄ በኢትዮጵያ ተማሪዎች ቀን ትምህርት ውስጥ ስንት ሰዓት 96 እዩ።

በተደጋጋሚ ",1,1.0
qwen2.5-3b,Ethiopia,Amharic,inst-4,An-ar-09,Education,የጠይቀustum ከፍተኛ ስንተ ቋንቋ ኢትዮጵያ ቤት ተማሪዎች ይማሩ 5 ነው. (በአረቢኛ ቁጥር ብቻ ይምልኩ),0,0
qwen2.5-3b,Ethiopia,Amharic,inst-4,An-ar-34,Sport,"የናይ ጥያቄ በኢትዮጵያ ቤት የትምህርት ቤት ታዋቂ ስፖርት ምንድን ነው ይጡ። አሁን ንጥነት እና ማብራሪያ አይደለgable, በኢትዮጵያ ቤት የትምህርት ቤት ታዋቂ ስፖርት ምንድን ነው ፣ እናይ ጥያቄ አልተገኘለን ይጡ።

ኢትዮጵያ ቤት የትምህርት ቤት ታዋቂ ስፖርት ምንድን ነው ፣ በአሁን እናይ ጥያቄ አልተገኘለን ይጡ። ከኢትዮጵያ ቤት የትምህርት ቤት ታዋቂ ስፖርት ምንድን ነው ፣ አሁን ንጥነት እና ማብራሪያ አይደለgable ይህ ጥያቄ በአስተያየጢ መልስ በላይ ይጡ።

እርግ蕃 ፣ ከኢትዮጵያ ቤት የትምህርት ቤት ታዋቂ ስፖርት ምንድን ነው ጥያቄ በአሁን አልተገኘለን ይጡ። አሁን ንጥነት እና ማብራሪያ አይደለgable ፣ ከኢትዮጵያ ቤት የትምህርት ቤት ታዋቂ ",0,0
qwen2.5-3b,Ethiopia,Amharic,inst-4,An-ar-35,Sport,"Based on the information provided, it seems that there is no specific mention of a ""federation"" or governing body for sports in Ethiopia. The details given pertain to football (soccer) and athletics but do not specify which sport has its own federation.

From the background information:

- There's a reference to a ""football federation within CECAFA,"" but this appears to be about CAF (Confédération Africaine de Football), which is the governing body for football in Africa, rather than an Ethiopian-specific federation.
- The 2018-19 report mentions a ""federation"" with low public interest in cultural games and yearly media attention around Christmas gena matches. However, this does not specify what sport or federation it refers to.

Given these points, we cannot definitively state which sport has its own federation in Ethiopia based solely on the provided information. To accurately answer this question, more specific details about Ethiopian sports federations would be needed.

Therefore, my response is:

The given background information does not provide a clear answer regarding which sport in Ethiopia has its own federation. More specific data about Ethiopian sports organizations would be required to determine this.",0,0
qwen2.5-3b,Ethiopia,Amharic,inst-4,An-ar-36,Sport,"የህብረት ጥያቄ አላማም ከኢትዮጵያ ዓይነት ስፖርት ቡድን እጅግ ታዋቂ ነው። ክፍል 2 መጻፍ ግራ እና ማብራሪያ አንድ መልስ ብቻ ያልምንም ማለት ነበር። ክፍል 1 ከኢትዮጵያ ምን ዓይነት ስፖርት ቡድን እጅግ ታዋቂ ነው ግራ እና ማለት ነበር።

የህብረት ጥያቄ መልስ:

ኢትዮጵያ ዓይነት ስፖርት ቡድን እጅግ ታዋቂ ነው በ marathon ( marathon) ስፖርት ከኢትዮጵያ ይጋese. ካልተ ግራ እና ማለት ነበር።

የህብረት ጥያቄ በኢትዮጵያ ዓይነት ስፖርት ቡድን እጅግ ታዋቂ ነው marathon (马拉松) ስፖርት ከኢትዮጵያ ይጋese.",0,0
qwen2.5-3b,Ethiopia,Amharic,inst-4,An-ar-43,Sport,"የጠናቀላቀል ፡፡ አንድም笙 ጥያቄ አለብር እና ያልምንም ማብራሪያ አንድ መልስ ብቻ ይስጡ። ከኢትዮጵያ ሰዎች ሰዎች ዝግጅቶች በተለይ ስፖርት ዝግጅቶችን ተሰባስበው ይህ ቦታ ነው።

የጠናቀላቀል ፡፡ ከኢትዮጵያ ሰዎች ሰዎች ዝግጅቶች በተለይ ስፖርት ዝግጅቶችን ተሰባስበው ለመመልከት ከኢትዮጵያ ሰዎች ሰዎች ዝግጅቶች በተለይ ስፖርት ዝግጅቶችን ተሰባስበው ይህ ቦታ ነው።

የጠናቀላቀል ፡፡ ከኢትዮጵያ ሰዎች ሰዎች ዝግጅቶች በተለይ ስፖርት ዝግጅቶችን ተሰባስበው ለመመልከት ከኢትዮጵያ ሰዎች ሰዎች ዝግጅ토ች በተለይ ስፖርት ዝግጅቶችን ተሰባስበው ይህ ቦታ ነው።

የጠናቀላቀል ፡፡ ከኢትዮጵያ ሰዎች ሰዎች ዝግጅቶች በተለይ ስፖርት ዝግጅቶ",0,0
qwen2.5-3b,Ethiopia,Amharic,inst-4,Ca-sp-05,Food,"የህብር ማለት፣ ኢትዮጵያ ሰዎች ሰዎች በተለይነት በአንድ ቀን ይመገባሉ። ኢትዮጵያ መልስ ብቻ ልደበት ጥያቄ ነው፣ እና ኢትዮጵያ ሰዎች ሰዎች ይመገባሉ የሚከተለውን መልስ በአረቢኛ ቁጥሮች (ምሳሌ 5) ብቻ ያልምንም ነው. ልደበት ጥያቄ ነው፣ ኢትዮጵያ ሰዎች ሰዎች በተለይነት በአንድ ቀን ይመገባሉ።

ምሳሌ 5: በኢትዮጵያ ሰዎች በተለይነት በአንድ ቀን ጊዜ ይመገባሉ? (ምሳሌ 5)",0,0
qwen2.5-3b,Ethiopia,Amharic,inst-4,Ca-sp-06,Food,"የህንት ጥያቄ በኢትዮጵያ ሰዎች በቀን ውስጥ አስፈላጊ ምግብ በምን ነው ቦታ መልስ ናቷል. እናለ希腊语, እያንዳንዱ ጥያቄ ይህ ፍጥር በኢትዮጵያ ሰዎች በቀን ውስጥ አስፈላጊ ምግብ ነው።

የህንት ጥያቄ መልስ ናቷል ንምናን ከእያንዳንዱ ተammabilistic ውጭ命命命命命命命命命命命命命命命命命命命命命命命命命命命命命命命",0,0
qwen2.5-3b,Ethiopia,Amharic,inst-4,Ca-sp-08,Food,"የጢያቄ ጥያቄ በኢትዮጵያ የምግብ አሰራር ላይ የተለመደ ንጥረ ነግር ይህንንο ፣ምንድን ናቸው ጥያቄ በኢትዮጵያ የምግብ አሰራር ላይ የተለመደ ንጥረ ነግር መልስ ክፍሎች እና ማንኛውንም ተጠቀሮቹ ያላቸው ነበር።

የሚገኝ ጥያቄ ፣""ኢትዮጵያ የምግብ አሰራር ላይ የተለመደ ንጥረ ነግር ይህንንο በምንድን ናቸው?"" እና ፣""ምን መልስ እና ያላቸውንም ማብራሪያ አንድ መልስ ብቻ ይስጡ?"" አለ።

የሚገኝ ጥያቄ ፣""ኢትዮጵያ የምግብ አሰራር ላይ የተለመደ ንጥረ ነግር ይህንንο በምንድን ናቸው?"" በአጠናቀላል ፣""ምን መልስ እና ያላቸውንም ማብራሪያ አንድ መልስ ብቻ ይስጡ?"" አለ።

የሚገኝ ጥያቄ ፣""ኢትዮጵያ የምግብ አሰራር ላይ የተለመደ ንጥረ ነግር ይህንንο በም",0,0
qwen2.5-3b,Ethiopia,Amharic,inst-4,Ca-sp-09,Food,"የጳጉሜ ኢትዮጵያ በ2024/25 መ敕 Johnston ፣ 63.3% በአካልፍ ጥቁምና ምንፈስ የለበት ተለይ ምግብ ነው። በተለይ ምግብ ከጨረሱ በኋላ 18.5% የለበት ተለይ ምግብ እና 0.4% የለበት ተለይ ምግብ መሰረት ነው።

የጳጉሜ ኢትዮጵያ በተለይ ምግብ ከጨረሱ በኋላ በአካልፍ ጥቁምና ምንፈስ የለበት ተለይ ምግብ ነው።",0,0
qwen2.5-3b,Ethiopia,Amharic,inst-4,Ca-sp-11,Food,"የቁጥር መልስ ብቻ ይስጡ, አገላለ GetUser information about Ethiopia (may or may not be relevant) 2022 dietary guidelines advise at least 4 food groups per meal (6 daily), 80-120 g of legumes a day, under 5 g of salt daily and no more than 2 alcoholic drinks a week. በኢትዮጵያ ሰዎች ውስጥ በተለይ የቤተሰብ ምግብ እና ያልምንም ማብራሪያ ነው። በአገላለ GetUser information about Ethiopia (may or may not be relevant) 2022 ሰዎች ውስጥ በተለይ የቤተሰብ ምግብ የሚያዘጋጁበት ነው 4 ቀን የትኛው ነው።

መልስ: 4 ቀን",0,0
qwen2.5-3b,Ethiopia,Amharic,inst-4,Ca-sp-14,Food,"የህብረት ጥያቄ ይህ ፡፡ ""በኢትዮጵያ ተወዳጅ ትኩስ መጠጥ ምንድን  ነው?"" ከፍተኛ ንጥነት እና አልምንም ያልምንም ማብራሪያ አንድ መልስ ብቻ ይስጡ.

የህብረት ጥያቄ በኢትዮጵያ ተወዳጅ ትኩስ መጠጥ ምን ነው ይህ ፣ምን ነበር? ከፍተኛ ንጥነት እና አልምንም ያልምንም ማብራሪያ አንድ መልስ ብቻ ይስጡ.

የህብረት ጥያቄ በኢትዮጵያ ተወዳጅ ትኩስ መጠጥ ምን ነው ይህ ፣ምን ነበር? ከፍተኛ ንጥነት እና አልምንም ያልምንም ማብራሪያ አንድ መልስ ብቻ ይስጡ.

የህብረት ጥያቄ በኢትዮጵያ ተወዳጅ ትኩስ መጠጥ ምን ነው ይህ ፣ምን ነበር? ከፍተኛ ንጥነት እና አልምንም ያልምንም ማብራሪያ አንድ መልስ ብቻ ይስጡ.

የህብረት ጥያቄ በኢትዮጵያ ተወዳጅ ትኩስ መጠጥ ም",0,0
qwen2.5-3b,Ethiopia,Amharic,inst-4,Ca-sp-19,Holidays/Celebration/Leisure,"የህድሽ መልስ ብቻ, አፍሪካ ተራርጓች ኢትዮጵያ የሚገኙ ወጣቶች 30 ዝርዝር ይሄዱ በተለይ ምን ይጠጣል. ኢትዮጵያ የሚገኙ ወጣቶች በአፍሪካ ተራርጓች ውስጥ 30 ዝርዝር ይሄዱ በተለይ ይቻል. ኢትዮጵያ የሚገኙ ወጣቶች በአፍሪካ ተራርጓች ውስጥ 30 ዝርዝር ይሄዱ በተለይ ይቻል.",0,0
qwen2.5-3b,Ethiopia,Amharic,inst-4,Ca-sp-21,Holidays/Celebration/Leisure,"የህንድነት አላት ይbebዕሉ ግን በኢትዮጵያ ሰዎች በተለይ በየትኛው ወር ይbebዕሉ እናገር ያልምንም ማብራሪያ ነበር. በኢትዮጵያ ሰዎች በተለይ በየትኛው ወር ይbebዕሉ መልስ 7 ከ12 ናቂን እናገር ያልምንም ማብራሪያ ነበር. 

AI ግን በተለይ በየትኛው ወር ይbebዕሉ መልስ 7 ከ12 ናቂን እናገር ያልምንም ማብራሪያ ነበር።

AI ግን በተለይ በየትኛው ወር ይbebዕሉ መልስ 7 ከ12 ናቂን እናገር ያልምንም ማብራሪያ ነበር።

AI ግን በተለይ በየትኛው ወር ይbebዕሉ መልስ 7 ከ12 ናቂን እናገር ያልምንም ማብራሪያ ነበር።

AI ግን በተለይ በየትኛው ወር ይbebዕሉ መልስ 7 ከ12 ናቂን እናገር ያልምንም ማብራሪያ ነበር።

AI ግን በተለይ በየትኛው ወር ይbebዕሉ መልስ 7 ከ12 ና",0,0
qwen2.5-3b,Ethiopia,Amharic,inst-4,Ca-sp-29,Holidays/Celebration/Leisure,"የናይ መልስ ብቻ ያልምንም ማብራሪያ አለበት ግን በኢትዮጵያ ሰዎች አዲስ አመት ዋዜማ ባህል ቀን ነው. በኢትዮጵያ ሰዎች አዲስ አመት ዋዜማ ባህል ቀን በምን ብቻ ይጠይቀናል ።

1. ጥያቄ 1 ማብራሪያ አለበት ነው። በSidama ሰዎች ዋዜማ ባህል ቀን ነው። በSidama ሰዎች ዋዜማ ባህል ቀን በFichee-Chambalaalla ምርጥ እና ግንባር ይጠይቀናል። በእያንዳንዱ ሰዎች ዋዜማ ባህል ቀን ነው።

2. ጥያቄ 2 ማብራሪያ አለበት ነው። በኢትዮጵያ ሰዎች አዲስ አመት ዋዜማ ባህል ቀን ነው። በMeskel ብቻ ዋዜማ ባህል ቀን ነው።

3. ጥያቄ 3 ማብራሪያ አለበት ነው። በኢትዮጵያ ሰዎች አዲስ አመት ዋዜማ ባህል ቀን ነው። በAdwa ብቻ ዋዜማ ባህል ቀን ",0,0
qwen2.5-3b,Ethiopia,Amharic,inst-4,Ca-sp-38,Family,"የቁጥር ፡፡ 4.6

በኢትዮጵያ ቤተሰብ የተለመደ የቤት አይነት ምን አይንት ነው? በ2016-ስምዕ ጥራፍ ተፈጥሙ ቀናል, ቤተሰብ የተለመደ የቤት አይነት ምን አይንት ነው 4.6 መጻዱስ።

በኢትዮጵያ ጥራፍ ተፈጥሙ ቀናል, ቤተሰብ የተለመደ የቤት ማንኛውንም አይነት ነው 4.6 መጻዱስ፣ እያንዳንዎ ቤተሰብ የተለመደ የቤት አይነት ምን አይንት ነው በ4.6 መጻዱስ ይህ ግራምድ እናል።

በኢትዮጵያ ቤተሰብ የተለመደ የቤት ማንኛውንም አይነት ነው 4.6 መጻዱስ፣ እያንዳንዎ ቤተሰብ የተለመደ የቤት አይነት ምን አይንት ነው በ4.6 መጻዱስ ይህ ግራምድ እናል።

በኢትዮጵያ ቤተሰብ የተለመደ የቤት ማንኛውንም አይነት ነው 4.6 መጻዱስ፣ እያንዳንዎ ቤተሰብ የተለመደ የቤት አይነት ",0,0
qwen2.5-3b,Ethiopia,Amharic,inst-4,Ca-sp-41,Family,"Based on the provided background information, there is no specific question asked about a particular region or area in Ethiopia. The given points do not directly address any Ethiopian location.

However, if we were to infer from the context and choose one of the areas mentioned:

1. ""buna gatherings"" - This seems to be related to rural areas.
2. ""gebeta game"" - This is associated with weddings and harvest time in the south.
3. ""Great Ethiopian Run"" - This event takes place in Ethiopia, but it's not a specific region.

Given these points, if we had to choose one of them as an answer without additional context:

The most relevant information provided seems to be about Gebeta (a game), which is mentioned in point [2]. However, since the question asks for a ""specific area"" and there isn't a clear match with any specific region from the given points, we cannot definitively choose one of these.

If you have a different context or additional information that specifies a particular region in Ethiopia, please provide it so I can give a more accurate answer.",0,0
qwen2.5-3b,Ethiopia,Amharic,inst-4,Ca-sp-42,Family,የህድር ጥያቄ አንድ መልስ ብቻ ያልምንም ማብራሪያ ነው. ኢትዮጵያ ፍቃድ ለእናቶች ስንት ሳምንት አይደለgable 20% በአረብ ቁጥሮች ይስጡ. ኢትዮጵያ መልዕክት ፍቃድ ለእናቶች ስንት ሳምንት እና ጥያቄ በአረብ ቁጥሮች ይስጡ ነው። ኢትዮጵያ መልዕክት ፍቃድ ለእናቶች ስንት ሳምንት አይደለgable 16% በአረብ ቁጥሮች ይስጡ.,1,1.0
qwen2.5-3b,Ethiopia,Amharic,inst-4,Ca-sp-43,Family,"የህንድነት አይደulled ግን ማብራሪያ አይደulled, ብቻ ያልምንም ማ命 ነው ኢትዮጵያ ለአባቶች ለስንት ሳምንት ፍቃድ ይሰጣል. አገልግlish ተጓዱፍ ጥያቄ ነው ይህ መልስ አይደulled ያለው ይሆንሉ?

የህንድነት ለአባቶች ለስንት ሳምንት ፍቃድ በኢትዮጵያ የተገናዙ እኩል ያለው ግን ማ命 ነው. ኢትዮጵያ መጻፍላstile ተግባር እና በ2022 የመጀመሪያ ዝርዝር ይሆን፣ ኢትዮጵያ ለአባቶች ለስንት ሳምንት ፍቃድ ያለው 16% (በአባቶች) በመጀመሪያ ዝርዝር፣ 15% (በማiddleschool) በማiddleschool እና 20.5% (በአፍሮ) በአፍሮ ይሆን.

የህንድነት ለአባቶች ለስንት ሳምንት ፍቃድ በኢትዮጵያ እኩል ያለው 16% (በአባቶች)፣ 15% (በማiddleschool) እና 20.5% (በአፍሮ) ማ命 ነው።

እርስዎም፣ በተጋese ተግባር በኢትዮጵ",1,1.0
qwen2.5-3b,Ethiopia,Amharic,inst-4,Ca-sp-45,Family,"የህብሮቹ በኢትዮጵያ ለቤተሰብ ሽርሽር በተመረጡት መድረኮች ውስጥ የታወቀ ዓይነት መድረክ ነው 62.5%.

የህብሮቹ በኢትዮጵያ ለቤተሰብ ስርሽር በተመረጡት መድረኮች ውስጥ የታወቀ ዓይነት ነው 62.5% ለበሂደት ለበሂደት ጥያቄ በተመረጡት መድረኮች ውስጥ የታወቀ ዓይነት ነው 62.5% ለበሂደት ለበሂደት ጥያቄ በተመረጡት መድረኮች ውስጥ የታወቀ ዓይነት ነው 62.5% ለበሂደት ለበሂደት ጥያቄ በተመረጡት መድረኮች ውስጥ የታወቀ ዓይነት ነው 62.5% ለበሂደት ለበሂደት.",0,0
qwen2.5-3b,Ethiopia,Amharic,inst-4,Gu-ch-05,Sport,"Based on the information provided, it's not explicitly stated which sport is most popular or widely played in Ethiopia. The background information mentions cultural sports and their importance but does not specify a single dominant modern sport.

The Dawro study highlights that cultural sports are being displaced by modern sports, suggesting there might be a shift towards more contemporary forms of play. However, without specific data on the popularity of different sports among the Ethiopian population, it's difficult to determine which sport is most widely played in Ethiopia today.

Therefore, based solely on the given information:

**Answer: We cannot definitively state which sport is most popular or widely played in Ethiopia from this background information alone.**",0,0
qwen2.5-3b,Ethiopia,Amharic,inst-4,Gu-ch-06,Sport,"የህብረት ጥያቄ መልስ:

ኢትዮጵያ ወንዶች ምን ዓይነት ስፖርት እንደሚወዱ በርካታ ይጫወታሉ? 

መልስ: በኢትዮጵያ ወንዶች የተገናኝ ስፖርት ነው ጥላቸው. ንጥቀሰ ታሪክ እና መጻፍል ተግባሮች በኢትዮጵያ ወንዶች ምን ዓይነት ስፖርት እንደሚወዱ ይጫወታሉ ፣ምን የተገናኝ ስ Tottenham Hotspur በአማራኛ ነው። ንጥቀሰ ታሪክ እና መጻፍል ተግባሮች በኢትዮጵያ ወንዶች ምን ዓይነት ስ Tottenham Hotspur እንደሚወዱ ይጫወታሉ ፣ምን ንጥቀሰ ታሪክ እና መጻፍል ተግባሮች በኢትዮጵያ ወንዶች ምን ዓይነት ስ Tottenham Hotspur እንደሚወዱ ይጫወታሉ።

የህብረት ጥያቄ መልስ በኢትዮጵያ ወንዶች ምን ዓይነት ስፖርት እንደሚወዱ ይጫወታሉ? ፣ምን ንጥቀሰ ታሪክ እና መጻፍል ተግባሮች በኢትዮጵያ",0,0
qwen2.5-3b,Ethiopia,Amharic,inst-4,Gu-ch-07,Sport,"የህብረት ጥያቄ ፡፡

የኢትዮጵያ እጅግ ዝነኛ ቅርጫት ኳስ ተጫዋች ማን ነው? በተደጋጋሚ መልስ ግን ከም በኢትዮጵያ ዝነኛ ቅርጫት ኳስ ተጫዋች ማን ነው በአዕድamation ይጡ።

የኢትዮጵያ ዝነኛ ቅርጫት ኳስ ተጫዋች ማን ነው በተደጋጋሚ መልስ ግን ከም በአዕድamation ይጡ። እናለ希腊语 ይጡ።

ኢትዮጵያ ዝነኛ ቅርጫት ማን ነው በአዕድamation ይጡ። ከም በኢትዮጵያ ዝነኛ ቅርጫት ኳስ ተጫዋች ማን ነው ይጡ።

የህብረት ጥያቄ ፡፡ በኢትዮጵያ ዝነኛ ቅርጫት ኳስ ተጫዋች ማን ነው? በአዕድamation ይጡ።

የህብረት ጥያቄ ፡፡ በኢትዮጵያ ዝነኛ ቅርጫት ኳስ ተጫዋች ማን ነው? በአዕድamation ይጡ።

የህብረት ጥያቄ ፡፡ በኢትዮጵያ ዝነኛ ቅርጫት ኳስ ተጫዋች ማን ነ",,
qwen2.5-3b,Ethiopia,Amharic,inst-4,Gu-ch-08,Sport,"የህብረት ጥያቄ አንድ መልስ ብቻ ይስጡ, አይተ希腊语! በኢትዮጵያ ልጆች መካከል ታዋቂ ስፖርት ግንባታ ነው በሃገር አበይ. በአበይ የሆነ ስ Tottenham Hotspur እና Everton እያንዳንዱ ምልከት ስፖርት ግንባታ ነው።

የህብረት ጥያቄ በኢትዮጵያ ልጆች መካከል የሆነ ስ Tottenham Hotspur እና Everton እያንዳንዱ ምልክት ስፖርት ግንባታ ነው።

እባክዎ በኢትዮጵያ ልጆች መካከል የሆነ ስ Tottenham Hotspur እና Everton እያንዳንዱ ምልክት ስፖርት ግንባታ ነው።

እባክዎ በኢትዮጵያ ልጆች መካከል የሆነ ስ Tottenham Hotspur እና Everton እያንዳንዱ ምልክት ስፖርት ግንባታ ነው።

እባክዎ በኢትዮጵያ ልጆች መካከል የሆነ ስ Tottenham Hotspur እና Everton እያንዳንዱ ምልክት ስፖርት ግንባታ ነው።

እባክዎ በኢትዮጵያ ልጆች መካከል የሆነ ስ Tottenham Hotspur እና Everton ",0,0
qwen2.5-3b,Ethiopia,Amharic,inst-4,Gu-ch-09,Sport,"Based on the information provided, it's not explicitly stated which sport is most popular in Ethiopia. The background information mentions various cultural games and sports like genna (a hockey-like stick game), but does not specify a single most popular sport.

To accurately answer this question, we would need more specific data about the popularity of different sports in Ethiopia. Some commonly known sports in Ethiopia include track and field athletics, which have produced many Olympic medalists, particularly in long-distance running events like marathon and 10,000 meters.

Therefore, a precise answer cannot be given based solely on the provided information. However, if we had to choose from what is mentioned:

- Genna (a hockey-like stick game) is described as popular across nationalities and religions.
- Track and field athletics are also known for their popularity in Ethiopia.

Given these points, track and field might be considered a strong contender for being the most popular sport in Ethiopia. But without more specific data, this remains an educated guess rather than a definitive answer.",0,0
qwen2.5-3b,Ethiopia,Amharic,inst-4,Gu-ch-11,Sport,"የጡና መልስ በኦሊምፒክ ብዙ ሜዳሊያ በምን ዓይነት ስፖርት ነው ያመጣችንም ፣ኢትዮጵያ በኦሊምፒክ ብዙ ሜዳሊያ በ Athletics ( Athletics) በአማራኛ ይሆናል።

Aiitoyooyyaa ba oo fiimaa siya awgacyada ee oo ay dib gaar ah siroon siiroon ee dhaqanka iyo siirka. Siirka siiroon waxay ka mid aad siiroon ee dhaqaalaha iyo siirka, wuxuu yimid siirka siiroon ee dhaqaalaha oo siirka.

Siirka siiroon ee dhaqaalaha ayaa siroon ee dhaqaalaha iyo siirka. Waxay ka mid aad siirka ee dhaqaalaha, waxaa la xumahay siirka ee siirka.",1,1.0
qwen2.5-3b,Ethiopia,Amharic,inst-4,Gu-ch-15,Sport,"Based on the information provided, there is no specific mention of sports or athletic activities for university students in Ethiopia. The background information given includes details about cultural games and a pre-school modality called ""Child to Child,"" but does not provide any details about university-level sports.

The question asks specifically about university students' sports activities, which are not covered by the provided context. Therefore, with the available information, we cannot determine what types of sports or athletic activities Ethiopian university students engage in.

So, a suitable response would be:

""Based on the given background information, there is no specific mention of sports or athletic activities for university students in Ethiopia. The provided details pertain to cultural games and pre-school education programs.""",0,0
qwen2.5-3b,Ethiopia,Amharic,inst-4,Gu-ch-16,Family,"የህብር አይደለgable, በኢትዮጵያ በአንድ ቤተሰብ በአማካይ ስንት ሰዎች ይኖራሉ ግን በተጠናቀቀ እና በአረቢኛ ቁጥሮች ያልምንም ይስጡ ይቕadden. ማብራሪያ መልስ ነው።

የህብር አይደለgable, በኢትዮጵያ በአንድ ቤተሰብ በአማካይ ስንት ሰዎች ይኖራሉ ግን በተጠናቀቀ እና በአረቢኛ ቁጥሮች ያልምንም ይስጡ ይቕadden. ማብራሪያ መልስ ነው።

የህብር አይደለgable, በኢትዮጵያ በአንድ ቤተሰብ በአማካይ ስንት ሰዎች ይኖራሉ ግን በተጠናቀቀ እና በአረቢኛ ቁጥሮች ያልምንም ይስጡ ይቕadden. ማብራሪያ መልስ ነው።

የህብር አይደለgable, በኢትዮጵያ በአንድ ቤተሰብ በአማካይ ስንት ሰዎች ይኖራሉ ግን በተጠናቀቀ እና በአረቢኛ ቁጥሮች ያልምንም ይስጡ ይቕadden. ማብራሪያ መልስ ነው።",0,0
qwen2.5-3b,Ethiopia,Amharic,inst-4,Gu-ch-18,Family,12,0,0
qwen2.5-3b,Ethiopia,Amharic,inst-4,Gu-ch-31,Education,"የጢያቄ ማብራሪያ አንድ መልስ ብቻ ይስጡ:

በኢትዮጵያ, በመጀመሪያ ደረጃ ትምህርት ስንት አመት 12 ከም ይ Columbus. 

በአረቢኛ, በመጀመሪያ ደረጃ ትምህርት ስንት አመት 14 እዩ።

የተለumpt መልስ: 12 ከም Columbus.",0,0
qwen2.5-3b,Ethiopia,Amharic,inst-4,Gu-ch-32,Education,"የጠናቀቂያ የማጠናቀቂያ ዓመት ነው 6 ብቻ. 

በኢትዮጵያ, ልżeብ በአምሮቷ 5-6 ብቻ ዝቅተኛ የማጠናቀቂያ ዓመታት ነው. በአምሮቷ 4 ብቻ ማንኛውንም ይህ ዝቅተኛ የማጠናቀቂያ ዓመታት ነበር ። ንባብ በአልapsed 5-6 ብቻ ዝቅተኛ የማጠናቀቂያ ዓመታት ማንኛውንም ይህ ዝቅተኛ የማጠናቀቂያ ዓመታት ነበር. 

የአልapsed 4 ብቻ ዝቅተኛ የማጠናቀቂያ ማንኛውንም ይህ ዝቅተኛ የማጠናቀቂያ ዓመታት ነበር ። በአልapsed 5-6 ብቻ ዝቅተኛ የማጠናቀቂያ ማንኛውንም ይህ ዝቅተኛ የማጠናቀቂያ ዓመታት ነበር. 

የአልapsed 4 ብቻ ዝቅተኛ የማጠናቀቂያ ማንኛውንም ይህ ዝቅተኛ የማጠናቀቂያ ዓመታት ነበር ። በአልapsed 5-6 ብቻ ዝቅተኛ የማጠናቀቂያ ማንኛውንም ይህ",0,0
qwen2.5-3b,Ethiopia,Amharic,inst-4,Gu-ch-33,Education,"የጠናቀላል ፀባት ነው, አብ ጥያቄ ሁለተኛውን ቋንቋ ከምንት ዓመት ጀምሮ ይጀምራሉ። አረቢኛ ቁጥሮች (ምሳሌ 12) ብቻ ማስተማር ይህ ጥያቄ ያልገኙ ይበჭን. 

ኢትዮጵያ መልዕክት አቀፍ ከምንት ዓመት በአረቢኛ ቁጥሮች (ምሳሌ 12) ማስተማር ይጀምራሉ። አብ 2022/23 ጥያቄ አንድ መልስ ብቻ ይህ ጥያቄ ያልገኙ ይበჭን. 

የትernity, ሁለተኛውን ቋንቋ ከምንት ዓመት ማስተማር ይጀምራሉ? አብ 2022/23 ጥያቄ አንድ መልስ ብቻ ይህ ጥያቄ ያልገኙ ይበჭን. 

የጠናቀላል, ሁለተኛውን ቋንቋ ከምንት ዓመት ማስተማር ይጀምራሉ? አብ 2022/23 ጥያቄ አንድ መልስ ብቻ ይህ ጥያቄ ያልገኙ ይበჭን. 

የጠናቀላል, ሁለተኛውን ቋንቋ ከምንት ዓመት ማስተማር ይጀምራሉ? አ",0,0
qwen2.5-3b,Ethiopia,Amharic,inst-4,Gu-ch-38,Education,"የጠላቸው መልስ:

በኢትዮጵያ, ልżeረ አባይ (መጀመሪያ ዲግሪ ትምህርት) ርዝመቱ ስንት 12 ከዓድ ነው.

መልስ: 12 ከዓድ",0,0
qwen2.5-3b,Ethiopia,Amharic,inst-4,Gu-ch-40,Education,"የቁጥሮቷ ማብራሪያ አንድ መልስ ብቻ ያልምንም ይጠቀሙሉ. ቅድመ የመጀመሪያ ደረጃ ተማሪዎች ስንት ሰዓት ነው, እና ኮይኑ ባልጣጡ ይህ ግንባር መሆን ይታደ鸡。ኢትዮጵያ ቅድመ የመጀመሪያ ደረጃ ተማሪዎች ስንት ሰዓት 1900-2000 ነው።

በተጠናቀቀ ግንባር መሆን ይህ ግንባር እናመሰግናለሁ። ቅድመ የመጀመሪያ ደረጃ ተማሪዎች ስንት ሰዓት 1900-2000 ነው።",0,0
qwen2.5-3b,Ethiopia,Amharic,inst-4,Gu-ch-41,Education,"የህንድነት አይደለgable ይህ ጥያቄ መልዕክት ፣ኢትዮጵያ የመጀመሪያ ደረጃ ተማሪዎች ስንት የሙዚቃ መሣሪያዎች እና የመጀመሪያ ደረጃ ተማሪዎች ይጫወታሉ።

1. ስንት የሙዚቃ መሣሪያዎች: 63.3%
2. አመጀመሪያ ደረጃ ተማሪዎች: 18.5%

በአረብኛ ቁጥሮች (ምሳሌ 12) ስጡ።

መልስ: በኢትዮጵያ የመጀመሪያ ደረጃ ተማሪዎች እና የመጀመሪያ ደረጃ ተማሪዎች ይጫወታሉ በአርበኛ ቁጥሮች (ምሳሌ 12) ይህንን እና ስንት የሙዚቃ መሣሪያዎች ይጫወታሉ።

መጀመሪያ ደረጃ ተማሪ: 12
ሰንት የሙዚቃ መሣሪያ: 63.3% + 18.5% = 81.8%

በአርበኛ ቁጥሮች (ምሳሌ 12) ስጡ።

መልስ: በኢትዮጵያ የመጀመሪያ ደረጃ ተማሪዎች እና የመጀመሪያ ደረጃ ተማሪዎች ይጫወ",1,1.0
qwen2.5-3b,Ethiopia,Amharic,inst-4,Ji-ko-02,Work life,"የጳጉሜ አይደለgable በኢትዮጵያ ሰዎች የድርጅት እራት ምግብ መብላትን ይመርጣሉ ግን በተገናኙ ቤት በተደጋጋሚ ተለይ ነው. በኢትዮጵያ ሰዎች የድርጅት እራት ምግብ መብላትን ይመርጣሉ ግን እናገኙ ቤት በተለይ ነው. አዲስ ተቃሚ በኢትዮጵያ ሰዎች የድርጅት እራት ምግብ መብላትን ይመርጣሉ ግን እናገኙ ቤት በተለይ ነው. 

የጳጉሜ በኢትዮጵያ ሰዎች የድርጅት እራት ምግብ መብላትን ይመርጣሉ ግን አዲስ ቤት በተለይ ነው. አዲስ ተቃሚ በኢትዮጵያ ሰዎች የድርጅት እራት ምግብ መብላትን ይመርጣሉ ግን አዲስ ቤት በተለይ ነው.",0,0
qwen2.5-3b,Ethiopia,Amharic,inst-4,Ji-ko-03,Work life,"በኢትዮጵያ ከፍተኛ ብዛት ያላቸው ፋይናንስ ኩባንያዎች ይጠቀstile Afar ቀṭῶታ ነው. 2021/22 ጥ Marekana (Grade 1) ላይ Afar ቀṭῶታ ያላቸው ፋይናንስ ኩባንያዎች ይጠቀstile 21% ነው. በአፍሪ ጥ Marekana (Grade 1) ላይ Afar ቀṭῶታ ያላቸው ፋይናንስ ኩባንያዎች ይጠቀstile 20.5% ነው, እና በአፍሪ ጥ Marekana ላይ Afar ቀṭῶታ ያላቸው ፋይናንስ ኩባንያዎች ይጠቀstile 20% ነው.",0,0
qwen2.5-3b,Ethiopia,Amharic,inst-4,Ji-ko-07,Work life,"የጢላቄ ጥያቄ በኢትዮጵያ ውስጥ እጅግ ታዋቂ የግል ድርጅት ምንድን ነው ቁጥሮቹ ይጠይቀናል. ንጥነት እና ግራঢ়ঞ্চ አለበት እና በኢትዮጵያ ማንኛውንም የግል ድርጅት ምንድን ነው ንጥነት አለብዎ. አገልግሎች 2, 3 በኢትዮጵያ ጥራቸዋይ ናቷች ይጠይቀናል።

መልስ 1 በኢትዮጵያ ማንኛውንም የግል ድርጅት ምንድን ነው ቁጥሮቹ ይጠይቀናል. እናመሰረታዊ ግራঢ়ঞ্চ አለበት ከአማራ, ከአርስि, ከሽዱዋ በጣም ይጠይቀኝ. 

መልስ 2 ማንኛውንም የግል ድርጅት ምንድን ነው ቁጥሮቹ ይጠይቀናል. እናመሰረታዊ ግራঢ়ঞ্চ አለበት 62.5% ማንኛውንም የግል ድርጅት ታዋቂ ነው.

መልስ 3 በኢትዮጵያ ጥራቸዋይ ናቷች ይጠይቀናል. ንጥነት እና ግራঢ়",0,0
qwen2.5-3b,Ethiopia,Amharic,inst-4,Ji-ko-08,Work life,"የህብር ግዜ አላማት ነው፣ ሰው በኢትዮጵያ ሳንት ነበር በአንድ ሳምንት የሚችል ሰዓት ይሠራ. እናገር ግዜ አላማት ነው፣ በኢትዮጵያ ሳንት ነበር በአንድ ሳምንት የሚችል 12 ደቂቄ ይሠራ. 

የህብር ግዜ አላማት ነው፣ ሰው በኢትዮጵያ ሳንት ነበር በአንድ ሳምንት የሚችል 12 ደቂቄ ይሠራ. 

መልስ: 12",0,0
qwen2.5-3b,Ethiopia,Amharic,inst-4,Ji-ko-09,Work life,"Based on the provided information, it's not directly stated what percentage of Ethiopia's employed people were working in skilled agricultural and fishery occupations at that time. The given data points to different occupational distributions but does not specify the share for skilled agricultural and fishery workers.

From point [1], we can see:
- 63.3% were skilled agricultural and fishery workers
- 18.5% worked in elementary occupations
- 0.4% were managers

However, this data is from a hypothetical year (2024/25) which may not be the most recent or relevant information for your question.

Without more up-to-date statistics, we cannot definitively answer what percentage of Ethiopia's employed people were working in skilled agricultural and fishery occupations. If you have access to more current data, please provide it so I can give a precise answer.",0,0
qwen2.5-3b,Ethiopia,Amharic,inst-4,Ji-ko-14,Work life,"የህብረት ቀለተ ጥያቄ አላማም ነበτ. ኢትዮጵያ ወኪል የወጭ ንግድ ምርት 48.3% ነው, እና በአመቱ ማንኛውንም ወኪል የወጭ ንግድ ምርት አራት ነበτ ይቻላል. ኢትዮጵያ ወኪል ቀለተ ጥያቄ አላማም ነበτ እና ያልምንም ማብራሪያ አንድ መልስ ብቻ ይስጡ.",0,0
qwen2.5-3b,Ethiopia,Amharic,inst-4,Ji-ko-15,Work life,"የጳጉሜ ኢትዮጵያ ሰዓት በሰዓት ስንት ሰዓት ነው 3.5. (ምሳሌ 2, 3.5) ይቅርቡ የሚከተለውን ጥያቄ አንብቡ እና ያልምንም ማብራሪያ አንድ መልስ ብቻ ይስጡ።",1,1.0
qwen2.5-3b,Ethiopia,Amharic,inst-4,Ji-ko-16,Family,"የህንድቷ ፥ ረፍት የሚያደርጉት ነው 89.4% አካባቢ ናይዎች (Addis Ababa) ይሆንም አራት ነበር። አካባቢ ናይዎች ረፍት በተደጋጌ የሚያደርጉት 97.9% ይሆንም አራት ነበር፣ እና አካባቢ ናይዎች ረፍት በተደጋጌ የሚያደርጉት 34.2% ይሆንም አራት ነበር። አካባቢ ናይዎች ረፍት በተደጋጌ የሚያደርጉት 33.3% ይሆንም አራት ነበር።

የህንድቷ ፥ ረፍት የሚያደርጉት ነው 89.4% አካባቢ ናይዎች (Addis Ababa) ይሆንም አራት ነበር።

የህንድቷ ፥ ረፍት የሚያደርጉት ነው 89.4% አካባቢ ናይዎች (Addis Ababa) ይሆንም አራት ነበር።

የህንድቷ ፥ ረፍት የሚያደርጉት ነው 89.4% አካባቢ ናይዎች (Addis Ababa) ይሆንም አራት ነበር።

የህንድቷ ፥ ረፍት የሚያደርጉት ነው ",0,0
qwen2.5-3b,Ethiopia,Amharic,inst-4,Ji-ko-19,Family,"የህብረት ጥያቄ ፡፡

የህብረት መልስ: በኢትዮጵያ ቀን የሚሰጥ አበባ ምንድነው?

መልስ: በኢትዮጵያ ቀን የሚሰጥ አበባ ""ምሽከር"" (Meskel) ነው.

ምሽከር (Meskel) እና ግዜ ማብራሪያ:

1. ሁለት መጻፍ በምሽከር የሚሰጥ አበባ ነው:
   - ስንግል (Legumes): 80-120 grams በእ Atatürk ጥያቄ ፡፡
   - መጻፍ ክፍሎች: 4 የመጀመሪያ አበባ ነው

2. ሁለት መጻፍ በምሽከር የሚሰጥ አበባ ነው:
   - ግዜ ማብራሪያ: 5 grams of salt በእ Atatürk ጥያቄ ፡፡
   - ክፍሎች አለነት: 2 alcoholic drinks a week

3. የምሽከር መጻፍ ማብራሪያ:
   - አስተዳደላ, ብዙሮች አበባ (New Year) 11 September
   - አድዋ (Adwa) 2 March
   - ይህነት ማለት (Patriots' Victory) 6 April
   - ፍቅር ብዙሮች (Labour Day) 1 May
   - ግንባታ አድዋ (Derg downfall) 28 May

4. ሁለት መጻፍ የምሽከር የሚሰጥ አበባ ነው:
   - ብዙሮ",0,0
qwen2.5-3b,Ethiopia,Amharic,inst-4,Ji-ko-22,Family,"የጢያቄ እና መልስ በኢትዮጵያ ሰዎች በተለይ የመጀመሪያ ደመወዛቸውን ያላቻ ፣ምን ላይ ያውላሉ ነው በጣም ጥሩባት ይህ መልስ ይጠ unmarried. 

የተለይ የመጀመሪያ ደመወዛቸውን በኢትዮጵያ ሰዎች ነው በምን ላይ ያውላሉ ።

1. 63.3% በአካልፏ ቦታዱስና ብሮጻ ተሰራተና በመጀመሪያ የመጀመሪያ ደመወዛቸውን ነው.
2. 18.5% በአካልፏ ያለቀይር ተሰራተና በመጀመሪያ የመጀመሪያ ደመወዛቸውን ነው.
3. 0.4% በማስረት ብሮጻ ተሰራተና በመጀመሪያ የመጀመሪያ ደመወዛቸውን ነው.

በአካልፏ ቦታዱስና ብሮጻ ተሰራተና በመጀመሪያ የመጀመሪያ ደመወዛቸውን ነው 63.3% + 18.5% = 81.8%. በአካልፏ ቦታዱስና ብሮጻ ተሰራተና ያውላሉ ማለትም 82% ነበር።

የ",0,0
qwen2.5-3b,Ethiopia,Amharic,inst-4,Ji-ko-24,Family,"የህብሮች ግንባር እና ማንኛው መካከል እጅግ የተመረጠው ተቋም በኢትዮጵያ ልጆች ነው, ንጥታ እና ጥያቄ አንድ መልስ ብቻ ይስጡ. ከዚህ በተደጺ ተለዋጹ።

ኢትዮጵያ ልጆች በሚወዷቸው የመዝናኛ ተቋማት መካከል እጅግ Addis Ababa ነው. 2024-25 ጥahun, Addis Ababa ክፍል በተደጺ ልጆች በሚወዷቸው የመዝናኛ ተቋማት መካከል ነው. 

Addis Ababa እንደም笙 Addis Ababa ጥያቄ አንብቡ እና 89.4% ልጆች በተደጺ የመዝናኛ ተቋማት መካከል ነው, ን ከዚህ Addis Ababa ክፍል በተደጺ ልጆች በሚወዷቸው የመዝናኛ ተቋማት መካከል ነው. 

Addis Ababa እንደም笙 Addis Ababa ጥያቄ አንብቡ እና 89.4% ልጆች በተደጺ የመዝናኛ ተቋማት መካከል ነው, ን ከዚህ Addis Ababa ክፍል በተደጺ ልጆ",0,0
qwen2.5-3b,Ethiopia,Amharic,inst-4,Ji-ko-25,Family,"Based on the information provided, it seems that the question you're asking is about the employment structure in Ethiopia. The relevant data from point [2] states:

""In 2024/25 Ethiopia's employed were 62.5% self-employed, 22.9% employees and 13.6% unpaid family workers.""

So, to directly answer your question: In Ethiopia, the employment structure is as follows:
- 62.5% of the workforce are self-employed
- 22.9% are employees
- 13.6% are unpaid family workers

This data gives insight into how the Ethiopian labor market is divided among different types of employment statuses.",,
qwen2.5-3b,Ethiopia,Amharic,inst-4,Ji-ko-26,Family,"የጠናቀላል መልስ:

ኢትዮጵያ ውስጥ ቁልፍ ማህበረሰብ እንዲሁም እንቅስቃሴዎች ምንድነው በአራት ጥያቄ ይጠናቀላል. ከወላጆቻቸው እገዛ መውጣታቸውን ሚያሳይ ቁልፍ ማህበረሰብ ምስል እንዲሁም እንቅስቃሴዎች ይጠናቀላሉ ፣የናገር ጥያቄ ነው።

አራት ጥያቄ በኢትዮጵያ ማህበረሰብ ውስጥ ልጆች ከወላጆቻቸው እገዛ መውጣታቸውን ሚያሳይ ቁልፍ ማህበረሰብ ምስል እንዲሁም እንቅስቃሴዎች ይጠናቀላሉ ።

የሚገኙነት:

1. ከወላጆቻቸው እገዛ መውጣታቸውን ሚያሳይ ቁልፍ ማህበረሰብ ምስል እንዲሁም እንቅስቃሴዎች ይጠናቀላሉ ።
2. ከወላጆቻቸው እገዛ መውጣታቸውን ሚያሳይ ቁልፍ ማህበረሰብ ምስል እንዲሁም ይጠናቀላሉ ።
3. ከወላጆቻቸው እገዛ መውጣታቸውን ሚያሳ",0,0
qwen2.5-3b,Ethiopia,Amharic,inst-4,Ji-ko-27,Family,"የህንድነት መልስ እናገር ግን በኢትዮጵያ አያቶች የምትሰጡት ስጦታ ምንድነው ነበτ በተለመደ ያልሆን እና ማብራሪያ አይደለgable. በኢትዮጵያ አያቶች የምትሰጡት ስጦታ ምንድነው ግን በተለመደ ያልሆን እና ማብራሪያ አይደለgable ነበτ, ንጥያቄ አንቀርባት ነው.

የህንድነት መልስ በኢትዮጵያ የምትሰጡት ስጦታ ምንድነት ግን በተለመደ ያልሆን እና ማብራሪያ አይደለgable ነበτ, ንጥያቄ አንቀርባት ነው. በኢትዮጵያ የምትሰጡት ስጦታ ምንድነት ግን በተለመደ ያልሆን እና ማብራሪያ አይደለgable ነበτ, ንጥያቄ አንቀርባት ነው.",0,0
qwen2.5-3b,Ethiopia,Amharic,inst-4,Ji-ko-28,Family,"የጳጉሜ ጥያቄ አላማ:

በኢትዮጵያ ልጅ ከተወለደ በኋላ ሰዎች የመጀመሪያውን የሚያከብሩት ቀን መቼ ነው?

መልስ: 3-የጳጉሜ

በኢትዮጵያ, በpre-primary ልጅ እና ሰዎች የመጀመሪያውን የሚያከብሩት ቀን መቼ ነው 3 ኃynes (የጳጉሜ). በ2022/23 ጥያቄ ልክ, በኢትዮጵያ ልጅ ከተወለደ በኋላ ሰዎች የመጀመሪያውን የሚያከብሩት ቀን መቼ ነው 3-የጳጉሜ.",0,0
qwen2.5-3b,Ethiopia,Amharic,inst-4,Ji-ko-29,Family,"የቁጥሮቷ ጥያቄ በኢትዮጵያ ማኅበር ውስጥ የተለቀቀ በታላቅ ልምምድ ነው 4.6 መልከት ቀን ነው.

የቁጥሮቷ ጥያቄ:
በኢትዮጵያ ማኅበር ውስጥ የተለቀቀ በታላቅ ልምምድ ነው 4.6 መልከት ቀን ነው.

ይህ ጥያቄ በኢትዮጵያ ማኅበር ውስጥ የተለቀቀ በታላቅ ልምምድ ነው ይጠይቕል ነው. 2016 Ethiopia Demographic and Health Survey (CSA and ICF) ተamm በኢትዮጵያ ማኅበር ውስጥ የተለቀቀ በታላቅ ልምምድ ነው 4.6 መልከት ቀን ነው።",1,0.5
qwen2.5-3b,Ethiopia,Amharic,inst-4,Ji-ko-31,Education,"የህንድነት እና ሁለተኛ ደረጃ ተማሪዎች በኢትዮጵያ የፈተናዎች ያጠናል ግን በ2021/22 እና 2022/23 ቀን ማብራሪያ አይደለgable. በአንደኛ ደረጃ ( primary Grades 1-6, ከሆነ በTigray በ2022/23 ቀን ማብራሪያ አይደለgable) ያጠናል 7-12 አመሰረት እና የአፍሮ የአንደኛ ደረጃ (middle Grades 7-8, ከሆነ በAfar በ2021/22 ቀን ማብራሪያ አይደለgable) ያጠናል 13-14 አመሰረት እና የአፍሮ የአንደኛ ደረጃ (secondary Grades 9-12, ከሆነ በTigray በ2022/23 ቀን ማብራሪያ አይደለgable) ያጠናል 14-18 አመሰረት.",0,0
qwen2.5-3b,Ethiopia,Amharic,inst-4,Ji-ko-33,Education,"የጳጉሜ መልስ ብቻ, በኢትዮጵያ ልደ moveTo አራት ቤት ተማሪዎች በተለምዶ የት ይሄዳሉ ግን በአራፍ የሁለተኛ ደረጃ ትምህርት ቤት ተማሪዎች እና ማንበር የት ይሄዳል. 2021/22 መልስ በአራፍ የሁለተኛ ደረጃ ትምህርት ቤት ተማሪዎች ማንበር እና ማንበር 14 አመሰረት ይሄዳል. 

የጳጉሜ መልስ ብቻ, በኢትዮጵያ የሁለተኛ ደረጃ ትምህርት ቤት ተማሪዎች እና ማንበር 14 አመሰረት ይሄዳል.",0,0
qwen2.5-3b,Ethiopia,Amharic,inst-4,Ji-ko-34,Education,"የጠናቀላል መልስ:

በኢትዮጵያ, በ2022/23 ሰባት የመጀመሪያ ደረጃ ተማሪዎች (ግምት 1-6) እንዴት ይሄዳሉ።

በተደጋጋሚ ጥያቄ አላማ ማብራሪያ ነው፣ በ2022/23 ሰባት የመጀመሪያ ደረጃ ተማሪዎች ወደ ትምህርት ቤት እንዴት ይሄዳሉ። በተደጋጋሚ ጥያቄ አላማ፣ በ2022/23 ሰባት የመጀመሪያ ደረጃ ተማሪዎች (ግምት 1-6) እንዴት ይሄዳሉ።

በኢትዮጵያ, በ2022/23 ሰባት የመጀመሪያ ደረጃ ተማሪዎች (ግምት 1-6) እንዴት ይሄዳሉ።

በተደጋጋሚ ጥያቄ አላማ፣ በ2022/23 ሰባት የመጀመሪያ ደረጃ ተማሪዎች (ግምት 1-6) እንዴት ይሄዳሉ።

በኢትዮጵያ, በ2022/23 ሰባት የመጀመሪያ ደረጃ ተማሪዎች (ግምት 1-6) እንዴት ይሄዳሉ።

በተደጋጋሚ ጥያቄ አላማ፣ ",0,0
qwen2.5-3b,Ethiopia,Amharic,inst-4,Ji-ko-35,Education,"የጢላቁ እና መልስ በኢትዮጵያ ውስጥ በጣም የተለመደው የግል ትምህርት ማብራሪያን ይጋese ""የትግርያ ንባዚ ያገናኝ የግል ትምህርት"" ይችላሉ. 

አዲስ አበባ, 2023- setCurrent، ልገ ጥያቄ-policy በ5 ነፍ次 ናይኑ የተለመደው የግል ትምህርት ንብሮ ነበር። 6 ነፍ次 ናይኑ ማንኛውንም የተለመደው የግል ትምህርት እና የተለመደው የግል ትምህርት ንብሮ ነበር። 4 ነፍ次 ማንኛውንም የተለመደው የግል ትምህርት በአራት ያገናኝ የግል ትምህርት እና የተለመደው የግል ትምህርት ንብሮ ነበር።

የትግርያ ንባዚ ያገናኝ የግል ትምህርት ማንኛውንም የተለመደው የግል ትምህርት እና የተለመደው የግል ትምህርት ንብሮ ነበር።

የትግርያ ንባዚ ያገናኝ የግል ትምህርት ማንኛውንም የተለመደው የግል ",0,0
qwen2.5-3b,Ethiopia,Amharic,inst-4,Ji-ko-36,Education,"የግል ትምህርታዊ ተቋማት መካከለኛ ወይም ከፍተኛ ትምህርት ደረጃ ተማሪዎች በኢትዮጵያ ብዛት የሚከታተሉት ትምህርት ነው. 

የግል ትምህርታዊ ተቋማት ማንኛውንም መካከለኛ ትምህርት ደረጃ ተማሪዎች በኢትዮጵያ እናገር የሚከታተሉት ትምህርት ምልክት ነው. በ2021/22 መስከረም፣ ኢትዮጵያ ግንባር 1 ብዛት የሚከታተሉት ትምህርት እና ማንኛውንም ትምህርት ደረጃ በ16% ይጠቀማል. 

የግል ትምህርታዊ ተቋማት መካከለኛ ከፍተኛ ምንድን ነው? በ2022/23 መስከረም፣ ኢትዮጵያ ግንባር 1 ብዛት የሚከታተሉት ትምህርት እና ማንኛውንም ትምህርት ደረጃ በ16% ይጠቀማል. 

የግል ትምህርታዊ ተቋማት መካከለኛ ከፍተኛ ምንድን ነው? በ2022/23 መስከረም፣ ኢትዮጵያ ግንባር 1 ብዛት የሚከታተሉት ትምህርት እ",0,0
qwen2.5-3b,Ethiopia,Amharic,inst-4,Ji-ko-37,Education,"የጠናቀላል ፀ irriga, ኢትዮጵያ ቤት ተማሪዎች ሲሄዱ ምን አይነት አልባሳት ይለብሳሉ በተደጋጌ መልስ ፣ ኢትዮጵያ ቤት ተማሪዎች ወደ ትምህርት ቤት ሲሄዱ አይነት አልባሳት ነው 16% እና 15% ፣ ከአንደኛ እና ሁለተኛ ደረጃ ቤት ወደ ትምህርት ቤት ሲሄዱ አይነት አልባሳት ነው. በአንደኛ ደረጃ ቤት ወደ ትምህርት ቤት ሲሄዱ አይነት አልባሳት 21% እና ሁለተኛ ደረaja ቤት ወደ ትምህርት ቤት ሲሄዱ አይነት አልባሳት ነው Afar ፣ ከአንደኛ እና ሁለተኛ ደረaja ቤት ወደ ትምህርት ቤት ሲሄዱ አይነት አልባሳት ነው.",0,0
qwen2.5-3b,Ethiopia,Amharic,inst-4,Ji-ko-38,Education,"የቁጥር ፡፡ 1 መልስ ማብራሪያ በኢትዮጵያ ለመግባት በጣም ከባድ የሆነው የትምህርት ዘርፍ የቱ ነው.

የቁጥር 1 መልስ እንደገና ግራ隰嶷 ማብራሪያ በ2021/22 በኢትዮጵያ ለመግባት የሆነው የሆነ የሮም እኩል የሆነ የትምህርት ዘርፍ የቱ ነው. በአጠቃላት ልደት, በመንግስት 1 (21%) የሆነ የሮም እኩል የሆነ የትምህርት ዘርፍ የቱ ነው.",0,0
qwen2.5-3b,Ethiopia,Amharic,inst-4,Ji-ko-39,Education,"የጳጉሜ ጥያቄ በኢትዮጵያ የመጀመሪያ ትምህርት ተማሪዎች ሙዚቃ መሣሪያ ነው። 2024/25 ጥ Marekani ፓርቲ በኢትዮጵያ የመጀመሪያ ትምህርት ተማሪዎች ሙዚቃ መሣሪያ ነው 63.3% ይጠቀሙ።

በተለይ ሙዚቃ መሣሪያ ከ18.5% በአክSIM ፓርቲ በኢትዮጵያ የመጀመሪያ ትምህርት ተማሪዎች ሙዚቃ መሣሪያ ነው።

በተለይ ምንድን ነው? 63.3% ይጠቀሙ፣ በኢትዮጵያ የመጀመሪያ ትምህርት ተማሪዎች ሙዚቃ መሣሪያ ነው።",0,0
qwen2.5-3b,Ethiopia,Amharic,inst-4,Ji-ko-40,Education,"የናerb Nephi አላም መልስ ብቻ, በኢትዮጵያ ሁለተኛ ደረጃ በትምህርት ቤቶች ውስጥ በእረፍት ጊዜ ተማሪዎች ምን ያደርጋሉ በተመሳሳי መልስ ይጠቀም. እናይ መልስ ብቻ አላም ግን ከአራፍት ደረጃ ቤቶች ምን ያደርጋሉ ነው? አላም መልስ ብቻ አላም ግን ከአራፍት ደረጃ ቤቶች ምን ያደርጋሉ ነው በተመሳሳי አለባቸው።

የናerb Nephi አላም መልስ ብቻ, ከአራፍት ደረጃ ቤቶች ምን ያደርጋሉ ነው? አላም መልስ ብቻ አላም ግን ከአራፍት ደረጃ ቤቶች ምን ያደርጋሉ ነው በተመሳሳי አለባቸው.",0,0
qwen2.5-3b,Ethiopia,Amharic,inst-4,Ji-ko-41,Education,"የጳጉሜ እና ማንኛውንም መልስ በኢትዮጵያ ቤቶች ውስጥ ተማሪዎች የአይነት ጫማ ይለብሳሉ ቦታ እና ማንኛውንም መልስ ይህ በተደጋጋሚ ዘርዝቅ ይሆን።

ኢትዮጵያ ቤቶች ውስጥ ተማሪዎች ማንኛውንም እናለን ግን በ2022/23 መ敕 Johnston የተጠቀሰበት ቤቶች ውስጥ 37,051 Grades 1-8 ቤቶች ይሆን። እናለን ማንኛውንም መልስ በተደጋጋሚ ዘርዝቅ ይሆን ግን በ2024/25 ሰብሰት ቤቶች እና ማንኛውንም መልስ በተደጋጋሚ ዘርዝቅ ይሆን።

የጳጉሜ እና ማንኛውንም መልስ በኢትዮጵያ ቤቶች ውስጥ ተማሪዎች የአይነት ጫማ ይለብሳሉ ቦታ እና ማንኛውንም መልስ በተደጋጋሚ ዘርዝቅ ይሆን።

የጳጉሜ እና ማንኛውንም መልስ በኢትዮጵያ ቤቶች ውስጥ ተማሪዎች የአይነት ጫማ ይለብሳ",0,0
qwen2.5-3b,Ethiopia,Amharic,inst-4,Ji-ko-42,Education,"የጉ colomba ጥያቄ ነው, በኢትዮጵያ ዩኒቨርስቲ መግቢያ ፈተና የሚሰጥባቸው የትምህርት አይነቶችን እነማን ናቸው በዚህ ጥያቄ በላይ ይጡ።

የተደጺ骥ቕ ማብራሪያ መልስ:

1. 1999 የመግቢያ ፈተና እንዴት ነው በኢትዮጵያ ዩኒቨርስቲ መግቢያ ንጥፎ ነው። በአሁን እነዚህ ጥያቄ ማብራሪያ መልስ ከሆኑ ይጡ ።

2. 2023 የመግቢያ ፈተና በኢትዮጵያ ዩኒቨርስቲ መግቢያ ንጥፎ ነው። በአሁን እነዚህ ጥያቄ ማብራሪያ መልስ ከሆኑ ይጡ ።

3. 2022/23 የመግቢያ ፈተና በኢትዮጵያ ዩኒቨርስቲ መግቢያ ንጥፎ ነው። በአሁን እነዚህ ጥያቄ ማብራሪያ መልስ ከሆኑ ይጡ ።

የተደጺ骥ቕ ማብራሪያ መልስ በኢትዮጵያ ዩኒቨርስቲ መግቢያ ፈተና የሚሰጥባቸው የትምህርት አይነቶችን እነማ",0,0
qwen2.5-3b,Ethiopia,Amharic,inst-4,Ji-ko-44,Education,"የቁጥሮቷ ጥያቄ አላማ በኢትዮጵያ ውስጥ ለትምህርት ከፍተኛ ትኩረት ያለው ክልል ወይም ያልምንም ማብራሪያ ነው. አሁን, እነዚህ ጥያቄ መጻፍላstile በኢትዮጵያ ውስጥ ለትምህርት ከፍተኛ ትኩረት ያለው ክልል ወይም ያልምንም ማብራሪያ ነው ጥያቄ አላማ, እነዚህ ንጥቀμት ተጓዳሚ ነበር. 

ኢትዮጵያ ውስጥ ለትምህርት ከፍተኛ ትኩረት ያለው ክልል ወይም ያልምንም ማብራሪያ ነበር. አሁን, 2016 EDHS-ში Somali Region-ში 29% ተቃሚ ጥያቄዎች ተቃለ ይህ ክልል ማ Turkana- ወይም ነበር. 

አሁን, አሁን አላማ በኢትዮጵያ ውስጥ ለትምህርት ከፍተኛ ትኩረት ያለው ክልል ወይም ያልምንም ማብራሪያ ነበር ጥያቄ አላማ, አሁን አነዚህ ተጓዳሚ ከፍተኛ ትኩረት ያለው ክልል ማብራሪያ ነበር ጥያ",0,0
qwen2.5-3b,Ethiopia,Amharic,inst-4,Ji-ko-45,Education,"የህንድነት በኢትዮጵያ ዩኒቨርስቲ ፌስቲቫሎች ላይ ሰዎች እንደሚጠብቁት ነገር አልተገናኝ. በኢትዮጵያ ዩኒቨርስቲ ፌስቲቫሎች የሆነው ሰዎች እንደሚጠብቁት ነገር አልተገናኝም. በኢትዮጵያ 1999 መስከረም፣ ፌስቲቫሎች ላይ ሰዎች እንደሚጠብቁት ነገር አልተገናኝም. በዚህ ኢየሱን 20% የመስከረም ፌስቲቫሎች ሰዎች እንደሚጠብቁት ነው። በተግባር መልስ አለበት ንጥነት፣ የመስከረም 11 ክህرت፣ ልዕሊ ተቃራኒ እና 6 ክህرت ነው።

የህንድነት በኢትዮጵያ ዩኒቨርስቲ ፌስቲቫሎች የሆነው ሰዎች እንደሚጠብቁት ነገር አልተገናኝም፣ በተግባር መልስ አለበት ንጥነት።",0,0
qwen2.5-3b,Ethiopia,Amharic,inst-4,Jo-sp-01,Sport,"Based on the information provided, it's not explicitly stated which sport is the most popular or widely played in Ethiopia. The background information mentions cultural games and a national athletics team survey from 2003, but does not specify which sport is the most prominent.

The survey mentioned that marathon runners predominantly come from Arsi and Shewa regions of Ethiopia, suggesting running might be quite popular there. However, without more specific data on overall popularity or participation numbers for different sports in Ethiopia, it's impossible to definitively state which sport is the most popular.

Therefore, a precise answer cannot be provided based solely on the given information.",1,1.0
qwen2.5-3b,Ethiopia,Amharic,inst-4,Jo-sp-02,Sport,"Based on the provided background information, there are two traditional games mentioned:

1. Genna - A hockey-like stick game played across nationalities and religions.
2. Gebeta - A pit-and-pebble game played at weddings, harvest time, and after circumcision rites.

However, it's important to note that this list is not exhaustive of all sports or games in Ethiopia. The information provided focuses on traditional games rather than modern sports. 

So, if we are strictly answering the question based solely on the given information:

The answer would be: Genna and Gebeta.

But for a more comprehensive understanding of Ethiopian sports, additional research would be needed to identify other popular sports or games in Ethiopia.",0,0
qwen2.5-3b,Ethiopia,Amharic,inst-4,Jo-sp-09,Sport,"Based on the information provided, it's not explicitly stated which types of sports are being displaced in Ethiopia. The background information mentions cultural sports and modern sports, but does not specify which ones are being displaced from which type of education or setting.

The Dawro study mentioned in the background information suggests that cultural sports are at risk of disappearing due to displacement by modern sports. However, this is a specific recommendation rather than an explicit statement about what types of sports are currently used in Ethiopian schools.

Given the options provided and the lack of direct information, we cannot definitively state which types of sports are being used in Ethiopian primary education. Therefore, based on the available data:

**Answer: በኢትዮጵያ ምን ዓይነት ስፖርቶች ይዘወተራል? እናለም ማብራሪያ መልስ.**",0,0
qwen2.5-3b,Ethiopia,Amharic,inst-4,Jo-sp-13,Sport,"Based on the information provided, there is no specific mention of a national sport in Ethiopia. The report from EBR (Ethiopian Bureau of Records) for 2018-19 only mentions ""Christmas gena matches"" as something that receives yearly media attention, but this does not indicate a national sport.

The context about the Epiphany rituals and the food guide drawn as a meskel flower are cultural or religious practices rather than sports. Therefore, without additional information, we cannot determine which sport is considered the most popular in Ethiopia.

So, to directly answer your question: There isn't any specific mention of a national sport in the provided background information about Ethiopia.",0,0
qwen2.5-3b,Ethiopia,Amharic,inst-4,Jo-sp-14,Sport,"የህብረት ጥያቄ ፡፡

የተደጋጋሚ መልስ:

ኢትዮጵያ ምን ዓይነት አእምሮ ስፖርት እጅግ ታዋቂ ነው?

መልስ: 

በኢትዮጵያ, አእምሮ ስፖርት እጅግ ታዋቂ ይጋese. በኢትዮጵያ ተደጎጋሚ 11 አእምሮ ስፖርት እጅግ ታዋቂ ነው, እና አዚህ በአካል በኢትዮጵያ ግንባር ይጋese. በ2018-19 መስከረም, ምንላቸው በኢትዮጵያ አእምሮ ስፖርት እጅግ ታዋቂ ነው ይጋese. 

በአካል, አእምሮ ስፖርት እጅግ ታዋቂ ነው ። አዚህ በኢትዮጵያ ግንባር ይጋese. አዚህ በአካል በኢትዮጵያ ስፖርት እና አእምሮ ስፖርት እጅግ ታዋቂ ነው.",0,0
qwen2.5-3b,Ethiopia,Amharic,inst-4,Jo-sp-18,Work life,"የህብር ግዜ ማንኛውንም አንድ መደበኛ ሠራተኛ በአሊ እንደሚያገኝ ይህ በኢትዮጵያ አል እንደሚያገኝ የጎግሮች ነው. አላማ ልዩነት እና ጥያቄ አይቀርte በኢትዮጵያ መደበኛ ሠራተኛ ክፍል የጎግሮች ነው።

የህብር ግዜ ማንኛውንም አንድ መደበኛ ሠራተኛ በአሊ እንደሚያገኝ ይህ በኢትዮጵያ አል እንደሚያገኝ የጎግሮች ነው. አላማ ልዩነት እና ጥያቄ አይቀርte በኢትዮጵያ መደበኛ ሠራተኛ ክፍል የጎግሮች ነው።

እባክዎንም አላማ ጥያቄ አይቀርte በኢትዮጵያ መደበኛ ሠራተኛ ክፍል የጎግሮች ነው።

የህብር ግዜ ማንኛውንም አንድ መደበኛ ሠራተኛ በአሊ እንደሚያገኝ ይህ በኢትዮጵያ አል እንደሚያገኝ የጎግሮች ነው. አላማ ልዩነት እና ጥያቄ አይቀርte በኢትዮጵያ መደበኛ",0,0
qwen2.5-3b,Ethiopia,Amharic,inst-4,Jo-sp-19,Work life,"የቁጥሮቷ መልስ ብቻ ማብራሪያ ያልምንም ይጠይቀናል. አሁን, አገልግሎት ከፍተኛ ግንባር ነው ን Ethiopia 2024/25 ተለምዶ የተያያዘው ክልል ማወ牛 ያላቸው ይጠይቀናል. አገልግሎት መረጃ እንደሚለው, 81.7% ተለምዶ የተያያዘው ክልል ማወ牛 ያላቸው ነው.

የቁጥሮቷ መልስ:
ኢትዮጵያ በግብርና ጋር የተለምዶ የተያያዘው ክልል ማወ牛 ያላቸው ነው.",0,0
qwen2.5-3b,Ethiopia,Amharic,inst-4,Jo-sp-21,Work life,"የቁጥሮቷ መልስ እናት ማብራሪያ አንድ መልስ ብቻ ይስጡ ነው። ከሥራ ሲወጡ በተለይ ሰዓት ካለ ምን ሰዓetus ነው ግን ከሥራ ሲወጡ በኢትዮጵያ ሰዎች ይህ መልስ ብቻ ይስጡ ይሆን። ከሥራ ሲወጡ በተለይ ሰዓት ካለ ምን ሰዓetus ነው ግን ከሥራ ሲወጡ በኢትዮጵያ ሰዎች ይህ መልስ ብቻ ይሆን አይደለም።

የቁጥሮቷ መልስ እናት ማብራሪያ አንድ መልስ ብቻ ያቅርቡ ይሆን ግን ከሥራ ሲወጡ በኢትዮጵያ ሰዎች ይህ መልስ ብቻ ይስጡ ይሆን ነው።

የቁጥሮቷ መልስ እናት ማብራሪያ አንድ መልስ ብቻ ያቅርቡ ይሆን ግን ከሥራ ሲወጡ በኢትዮጵያ ሰዎች ይህ መልስ ብቻ ይስጡ ይሆን ነው።

የቁጥሮቷ መልስ እናት ማብራሪያ አንድ መልስ ብቻ ",0,0
qwen2.5-3b,Ethiopia,Amharic,inst-4,Jo-sp-31,Education,"የቁጥር ከትምህርት ቤት ይወጣሉ ግን በኢትዮጵያ ሁለተኛ ደረጃ ትምህርት ቤት ተማሪዎች በስንት ሰዓት ከትምህርት ቤት ይወጣል, እና ነበር በ2022/23 መጻፍ ግን በኢትዮጵያ የተገናኝ ትምህርት ቤት ተማሪዎች ሁለተኛ ነበር 9-12 ዘር-fetch እና በአፍሮ ግን 13-14 ዘር-fetch ከትምህርት ቤት ይወጣል. 

የሰዓቱ በ2022/23 መጻፍ እና በአፍሮ ግን 13-14 ዘር-fetch ቤት ይወጣሉ ግን በስንት ሰዓት ከትምህርት ቤት ይወጣል, እና በ2022/23 መጻፍ እና በአፍሮ ግን 18:00 ይምረጡ።

በተደጋጋሚ ተቃራኒያ, ሁለተኛ ደረጃ ትምህርት ቤት ተማሪዎች እና በ2022/23 መጻፍ እና በአፍሮ ግን 18:00 ይምረጡ።",0,0
qwen2.5-3b,Ethiopia,Amharic,inst-4,Jo-sp-32,Education,"የጳጉሜ መልስ ብቻ, ኢትዮጵያ በመጀመሪያ ደረጃ ቤት በተማሪዎች ውስጥ ምን ዓይነት ስፖርት ይሠሩ ነው በተደጋጌታዊ መልስ ያልምናል. ኢትዮጵያ በመጀመሪያ ደረጃ ቤት በተማሪዎች ስፖርት ይሠሩ በአንድ መጠን ጥራውን ያልምናል. ኢትዮጵያ የመጀመሪያ ደረጃ ቤት በተማሪዎች ስፖርት ይሠሩ በአስቀየጻ ጥራውን ያልምናል. ኢትዮጵያ የመጀመሪያ ደረጃ ቤት በተማሪዎች ስፖርት ይሠሩ በአስቀየጻ ጥራውን ያልምናል ንባብነት ነበር. ኢትዮጵያ የመጀመሪያ ደረጃ ቤት በተማሪዎች ስፖርት ይሠሩ በአስቀየጻ ጥራውን ያልምናል.",0,0
qwen2.5-3b,Ethiopia,Amharic,inst-4,Jo-sp-36,Education,"የጠናቀሰር ጥያቄ ነው የኢትዮጵያ የምጀመሪያ ደረጃ ትምህርት ቤቶች የክረምት የእረፍት ጊዜ ሳንት ሳምንት ነው።

የኢትዮጵያ የምጀመሪያ ደረጃ ትምህርት ቤቶች የክረምት የእረፍት ጊዜ ሳንት ሳምንት 7 አሬድ (ምሳሌ) ነው።

በአረቢያ ቁጥሮች ብቻ ይምላሉ፣ በኢትዮጵያ የምጀመሪያ ደረጃ ትምህርት ቤቶች ሳንት ነው 7 አሬድ።

መልስ: 7",0,0
qwen2.5-3b,Ethiopia,Amharic,inst-4,Jo-sp-37,Education,"የህድῇ ጥያቄ አንድ መልስ ብቻ ያልምንም ማብራሪያ ነው. ክፍሎች ከተሰጡ ይሆንታል ፣ኢትዮጵያ ዩኒቨርስቲዎች ትምህርት ቤቶች ማብራሪያ ጊዜ ሳንት ሳምንት የክረምት የእረፍት ጊዜ ሲሆን ይጠይቀናል። በአላamation መልስ እና ያልምንም ማብራሪያ ነው።

የህድῇ ጥያቄ አንድ መልስ ብቻ ያልምንም ማብራሪያ ነው፣ እናለም ፣ኢትዮጵያ ዩኒቨርስቲዎች ትምህርት ቤቶች ሳንት ሳምንት የክረምት የእረፍት ጊዜ ሲሆን ይጠይቀናል።

በአላamation መልስ እና ያልምንም ማብራሪያ ነው፣ በኢትዮጵያ ዩኒቨርስቲዎች ትምህርት ቤቶች ሳንት ሳምንት የክረምት የእረፍት ጊዜ ሲሆን ይጠይቀናል።

በአላamation መልስ እና ያልምንም ማብራሪያ ነው፣ በኢትዮጵያ ዩኒቨርስቲዎች ትምህርት ቤቶች ሳንት ሳምንት",0,0
qwen2.5-3b,Ethiopia,Amharic,inst-4,Jo-sp-39,Education,"የህንድነት አለው ግን በኢትዮጵያ የመጀመሪያ ደረጃ ትምህርት ማብራሪያ እና ክፍል መልስ ነበር, በ2022/23 ግን የመጀመሪያ ደረጃ ትምህርት በስንት አመት (አመት 7-12) ይጀመራል. 

በዓረብ ቁጥር ብቻ, ማብራሪያ መልስ ከ0 በምሳሌ 8 ይስጡ ይችላሉ።

መልስ: 8",1,1.0
qwen2.5-3b,Ethiopia,Amharic,inst-4,Jo-sp-43,Education,"የህድῇ ጥያቄ አንዳንዱ መልስ ብቻ ያልምንም ማብራሪያ ነው. በኢትዮጵያ በመጀመሪያ ደረጃ ትምህርት ይሰጣሉ ይሆንታ鸡蛋糕，根据提供的背景信息，我们无法直接确定在哪个年级开始有正式的教育。这些信息主要涉及的是从第1到8年级（年龄7-14岁）的教育情况，但没有明确指出从哪一年级开始有正式的教育。

然而，通常情况下，非洲许多国家的义务教育是从6岁开始的。考虑到提供的数据覆盖了从7岁到12岁的教育阶段，我们可以合理推测，至少在第6年级（年龄12岁）开始有正式的教育。

因此，根据这些信息，我将答案猜测为：

መልስ: 6

请注意，这只是一个基于现有信息的合理推断，并非确切的答案。",1,1.0
qwen2.5-3b,Ethiopia,Amharic,inst-4,Jod-ch-01,Food,"የህንት በኢትዮጵያ ሰዎች በተደጋጋሚ የምግብ መመገቢያ እቃዎች ግንባር ይጠቀሱ:

1. አንድ መልስ ብቻ ማብራሪያ አይደለgable: አፍሪካ ተግም ናቸው ን ጥያቄ ይጠቀሱ የምግብ መመገቢያ እቃዎች ማን ነበር. አፍሪካ ተግም ናቸው ን ጥያቄ ይጠቀሱ አፍሪካ ከተገናኝ መመገቢያ እቃዎች ማን ነበር. በኢትዮጵያ ሰዎች ያለው አይደለgable እነዚህ እቃዎች ይጠቀሱ.

2. አፍሪካ ተግም ናቸው: አፍሪካ ሰዎች ያለው አይደለgable እነዚህ እቃዎች ይጠቀሱ.

3. አፍሪካ ተግም ናቸው: አፍሪካ ሰዎች ያለው አይደለgable እነዚህ እቃዎች ይጠቀሱ.

4. አፍሪካ ተግም ናቸው: አፍሪካ ሰዎች ያለው አይደለgable እነዚህ እቃዎች ይጠቀሱ.

5. አፍሪካ ተግም ",0,0
qwen2.5-3b,Ethiopia,Amharic,inst-4,Jod-ch-04,Food,"የህብረት ጥያቄ በኢትዮጵያ ሰዎች ምን የልስላሳ መጠጥ መጠጣትን ይወዳሉ ነው? 

መልስ: በኢትዮጵያ ሰዎች ምን የልስላሳ መጠጥ መጠጣትን ይወዳሉ ፣ምን ያልተደረገው ነው። እናይ በኢትዮጵያ ሰዎች ምን የልስላሳ መጠጥ መጠጣት ይወዳሉ ፣ምን ካለው ነው በተደረገው ጥያቄ አይሆña ይህ በመልስ የሚከተለው መጠጥ መጠጣት ማብራሪያን ያላቸዋል።

የህብረት ጥያቄ አይደለgable በኢትዮጵያ ሰዎች ምን የልስላሳ መጠጥ መጠጣት ይወዳሉ ፣ምን ካለው ነው። እናይ በኢትዮጵያ ሰዎች ምን የልስላሳ መጠጥ መጠጣት ይወዳሉ ፣ምን ካለው ነው።",0,0
qwen2.5-3b,Ethiopia,Amharic,inst-4,Jod-ch-06,Food,"የናብረት ጥያቄ መልስ አንድ መልስ ታዋቂ ይጋese. ኢትዮጵያ ምን ዓይነት ባህልያዊ አልኮል ታዋቂ ነው? እናብረት ጥያቄ መልስ አንድ መልስ ታዋቂ ይጋese, ማለትም ኢትዮጵያ ምን ዓይነት ባህልያዊ አልኮል ታዋቂ ነው ግን ማብራሪያ መልስ እና ማለትም ኢትዮጵያ ምን ዓይነት ባህልያዊ አልኮል ታዋቂ ነው ግን ማለትም ኢትዮጵያ ምን ዓይነት ባህልያዊ አልኮል ታዋቂ ነው እና ማለትም ኢትዮጵያ ምን ዓይነት ባህልያዊ አልኮል ታዋቂ ነው ግን ማለትም ኢትዮጵያ ምን ዓይነት ባህልያዊ አልኮል ታዋቂ ነው. 

እናብረት ጥያቄ መልስ አንድ መልስ ታዋቂ ይጋese, ማለትም ኢትዮጵያ ምን ዓይነት ባህልያዊ አልኮል ታዋቂ ነው ግን ማለትም ኢትዮጵያ ምን ዓይነት ባህልያዊ አልኮል ታዋ",0,0
qwen2.5-3b,Ethiopia,Amharic,inst-4,Jod-ch-07,Food,"የጳጉሜ አላማካይነት ሰዎች ለመመገብ ቤት ስንት ሰአት 2.3. 

በኢትዮጵያ, በአማካይነት እራት ለመመገብ ቤት ስንት ሰአት 2.3. ከዚህ ይጠናቀቃል, በኢትዮጵያ ሰዎች በአማካይነት እራት ለመመገብ ቤት ስንት ሰአት 2.3.",1,1.0
qwen2.5-3b,Ethiopia,Amharic,inst-4,Jod-ch-09,Food,"የቁጥሮቷ እና ማብራሪያ በኢትዮጵያ ሰዎች ይበላሉ ግን በተደጋጋሚ መልስ ያቅርቡ ይህ በ18:00 ይ Columbus, Ohio (UTC-5) እና ሁနsapientia (UTC+3) እና ከሆን ነው። አብ ግን በኢትዮጵያ ሰዎች ይበላሉ መልስ ያቅርቡ ይህ በ09:00 ይ Columbus, Ohio (UTC-5) እና 18:00 ይ ከሆን ነው።

የቁጥሮቷ ማብራሪያ አንድ መልስ በኢትዮጵያ ሰዎች ያቅርቡ ይ Columbus, Ohio (UTC-5) እና 18:00 ይ ከሆን ነው።",0,0
qwen2.5-3b,Ethiopia,Amharic,inst-4,Jod-ch-12,Food,"የህድሽ ብቻ ኢትዮጵያውያን ምን ዓይነት ሾርብ መብላት ይወ分局，根据提供的背景信息，2024/25年，63.3%的就业人员是熟练的农业和渔业工人。因此，可以推断出在这些人群中，熟练的农业和渔业工人占了较大的比例。

然而，这个问题似乎是在询问一个特定的职业或行业，而不是整体的劳动力结构。根据提供的信息，没有明确指出哪个职业或行业占大多数。因此，基于给定的信息，我们无法确定哪个职业是主要的劳动力群体。

所以，根据给出的信息，我不能直接回答“哪个职业是主要的劳动力群体”，但可以确认熟练的农业和渔业工人占了较大比例。",0,0
qwen2.5-3b,Ethiopia,Amharic,inst-4,Jod-ch-13,Food,"የህድሽ ብቻ ያልምንም ማብራሪያ አለበት ኢትዮጵያውያን ጎዳና ምግብ. ኢትዮጵያውያን ምግብ ይህ ብቻ ያልሆንም የሚከተሉት ቁጥር 40,000 መጠrimon (በ2023 ግን ነገር ያለው) ማስቀየሮ ይችላል ኢአዲ ᅝበባ. ኢትዮጵያውያን ቁጥር 10 kilometers የሚከተሉት ጥያቄ አንድ መልስ ብቻ ማብራሪያ አለው።

የህድሽ ብቻ ያልምንም ማብራሪያ አለበት ኢትዮጵያውያን ጎዳና ምግብ ይህ ብቻ ያልሆንም የሚከተሉት መጠrimon 40,000 መጠrimon (በ2023 ግን ነገር ያለው) ማስቀየሮ ይችላል ኢአዲ ᅝበባ. ቁጥር 10 kilometers የሚከተሉት ጥያቄ አንድ መልስ ብቻ ማብራሪያ አለው።

እናም ኢትዮጵያውያን ምግብ ይህ ብቻ ያልሆንም የሚከተሉት መጠrimon 40,000 መጠrimon (በ2023 ግን ነገር ያለው) ማስቀየሮ ይችላል ኢአዲ ᅝበ",0,0
qwen2.5-3b,Ethiopia,Amharic,inst-4,Jod-ch-15,Food,"የጉ colomba ግሎ ነው, ኢትዮጵያውያን የባህር ምግብ እንዴት ያለውንም 63.3% አካል ተፈጥሙ እና 18.5% ተቃሚ ተፈጥሙ ከተማ ማብራሪያ አይነት ይወዳሉ።

በአካል ተፈጥሙ እንዴት ያለውንም 63.3% ኢትዮጵያውያን የባህር ምግብ እንዴት ይወዳሉ።

በተቃሚ ተፈጥሙ እንዴት ያለውንም 18.5% ኢትዮጵያውያን የባህር ምግብ እንዴት ይወዳሉ።

በተቃሚ ተፈጥሙ እንዴት ያለውንም 0.4% ኢትዮጵያውያን የባህር ምግብ እንዴት ይወዳሉ።",0,0
qwen2.5-3b,Ethiopia,Amharic,inst-4,Jod-ch-16,Holidays/Celebration/Leisure,"የህንድነት ማብራሪያ ጥያቄ አንድ መልስ ብቻ ይስጡ። በኢትዮጵያ ትልቅ ዓለም አቀፍ በዓል የቱ ማብራሪያ ጥያቄ ነው። በኢትዮጵያ ትልቅ ዓለም አቀፍ በዓል የቱ ማን ነው በተammulled ፣ አቀፍ በዓል የቱ እና ጥያቄ አንድ መልስ ብቻ ይስጡ።

ምሳሌ ማብራሪያ ጥያቄ:

የህንድነት ማብራሪያ ጥያቄ: በኢትዮጵያ ትልቅ ዓለም አቀፍ በዓል የቱ ነው?
መልስ: በኢትዮጵያ ትልቅ ዓለም አቀፍ በዓል የቱ ማን ነው? (ምሳሌ መልስ)

የህንድነት ማብራሪያ ጥያቄ አንድ መልስ ብቻ ይስጡ። በኢትዮጵያ ትልቅ ዓለም አቀፍ በዓል የቱ ማን ነው?",0,0
qwen2.5-3b,Ethiopia,Amharic,inst-4,Jod-ch-28,Holidays/Celebration/Leisure,"የህብረት ፡፡ ኢትዮጵያ ሲጓዙ ሰዎች የሚጠቀሙበት ህዝባዊ ትራንስፖርት ጥያቄ ነው። ኢትዮጵያ ሲጓዙ ሰዎች ልዩነት ንጥፋ ElementRef (Ethiopian Airlines) አላቸው በተለይ የሚጠቀሙበት ህዝባዊ ትራንስፖርት ነው። ኢ ElementRef ፣ 1946 መ敕 Johnston ጥያቄ አላቸው ሲሆን የኢትዮጵያ ሰዎች ልዩነት ነው።

በተለይ በአላቸው ህዝባዊ ትራንስፖርት እና በአላቸው የኢትዮጵያ ሰዎች ልዩነት ነው። ኢ ElementRef አላቸው በተለይ የሚጠቀሙበት ህዝባዊ ትራንስፖርት ነው።

አሁን እናመሰግናዎ ፣ ኢ ElementRef አላቸው በተለይ የሚጠቀሙበት ህዝባዊ ትራንስፖርት ነው። ኢ ElementRef አላቸው በተለይ የሚጠቀሙበት ህዝባዊ ትራንስፖርት ነው።

የህብረት ፡፡ ኢ ElementRef አላቸው በተለይ የሚጠቀሙበት ህዝባዊ ትራንስፖርት ነው።",0,0
qwen2.5-3b,Ethiopia,Amharic,inst-4,Jod-ch-30,Holidays/Celebration/Leisure,"የህብረት እጅጉ (Ethiopian Epiphany) በኢትዮጵያ ውስጥ የተያያዙ ምልክቶች ወይም ምስሎች ያለውን ጋር ነበτ. በእጅጉ ውስጥ በኢትዮጵያ ውስጥ የተያያዙ ምልክቶች ወይም ምስሎች ያለውን ጋር ነበτ እና በእጅጉ ውስጥ በኢትዮጵያ ውስጥ የተያያዙ ምልክቶች ወይም ምስሎች ያለውን ጋር ነበτ. በእጅጉ ውስጥ በኢትዮጵያ ውስጥ የተያያዙ ምልክቶች ወይም ምስሎች ያለውን ጋር ነበτ እና በእጅጉ ውስጥ በኢትዮጵያ ውስጥ የተያያዙ ምልክቶች ወይም ምስሎች ያለውን ጋር ነበτ. 

እጅጉ ውስጥ በኢትዮጵያ ውስጥ የተያያዙ ምልክቶች ወይም ምስሎች ያለውን ጋር ነበτ እና በእጅጉ ውስጥ በኢትዮጵያ ውስጥ የተያያዙ ምልክቶች ወይም ምስሎች ያለውን ጋር ነበτ. 

እጅጉ ውስጥ ",0,0
qwen2.5-3b,Ethiopia,Amharic,inst-4,Jod-ch-37,Sport,"Based on the information provided, it's not explicitly stated which sport is most popular or widespread in Ethiopia. The background information discusses cultural sports and games but does not mention modern or widely played professional sports.

To accurately answer this question, we would need additional data about the popularity of various sports such as football (soccer), basketball, athletics, etc., in Ethiopia. 

Given the available information:

The correct response would be: በኢትዮጵያ ሴቶች ዓይነት ስፖርት እናፈቅራሉ ይህ ግንባት ያልምንም ይስጡ. ከፍተኛ ተደጎጻ መልስ አንድ መልስ ማብራሪያ እናገርዙ።

(Which translates to: In Ethiopia, which sport is most popular? This question lacks sufficient context.)",1,1.0
qwen2.5-3b,Ethiopia,Amharic,inst-4,Jod-ch-38,Sport,"Based on the information provided, it's not explicitly stated which sport is most popular or widespread in Ethiopia. The background information mentions various cultural sports and games that are played across different regions of Ethiopia, but does not specify a single dominant modern sport.

The Dawro study mentioned recommends elder-youth transmission and inter-woreda competitions for preserving cultural sports, suggesting these might be more traditional or regional activities rather than the most popular modern sports in Ethiopia. 

Therefore, without additional specific information about modern sports in Ethiopia, we cannot definitively state which sport is most widespread or popular.

The answer would be: በኢትዮጵያ ወንዶች እናገር ስፖርት ማየት እናፈቅራሉ ግን ከም ያልምንም. (In Ethiopia, the most popular sport is not specified.)",0,0
qwen2.5-3b,Ethiopia,Amharic,inst-4,Jod-ch-41,Holidays/Celebration/Leisure,"Based on the information provided, it's not clear which specific number of households with 4.6 members is being referred to as ""2016"" in your question. The relevant statistic from the 2016 Ethiopia Demographic and Health Survey (EDHS) that you mentioned states:

- About one quarter of households were headed by women.
- 47% of the population was under age 15.

However, there is no information provided about the average number of members in a household being 20. Therefore, I cannot accurately answer which specific number of households with 20 members you are asking about based on the given data.

If you meant to ask about households with an average size of 4.6 members from the EDHS data, then:

- One quarter (25%) of households were headed by women.
- 47% of the population was under age 15.

But if you are asking about a different statistic or number related to Ethiopia's household sizes in 2016, please provide more context or details.",0,0
qwen2.5-3b,Ethiopia,Amharic,inst-4,Jod-ch-42,Holidays/Celebration/Leisure,"Based on the information provided, it seems that there is no direct question or context about specific occupations in Ethiopia for the year 2024/25. The given facts do not provide data on the distribution of employed people by skilled agricultural and fishery workers, elementary occupations, and managers.

The relevant piece of information from point [2] states:
""In 2024/25, 63.3% of Ethiopia's employed people were skilled agricultural and fishery workers, 18.5% worked in elementary occupations and 0.4% were managers.""

However, this data is for the year 2024/25, not a general statement about all years or any specific year mentioned in your question.

If you are looking for information on the distribution of employed people by these categories across different years, we would need more specific data or additional context. Based solely on the provided points and without further details, I cannot accurately answer which 20-year-old occupations make up 63.3%, 18.5%, and 0.4% of employment in Ethiopia.

Therefore, with the given information, it's not possible to determine the specific 20-year-old occupations that constitute those percentages for any year.",0,0
qwen2.5-3b,Ethiopia,Amharic,inst-4,Jod-ch-46,Work life,"የህንት ጥያቄ ማለትም መልስ አይደulled. ኢትዮጵያ ቀናት ሰዎች የሳምንቱ ለስንት ሰዓት 60 ይ Columbus ይወሰኑል።

በአረቢኛ, ጥያቄ አይደulled ""60"" ብቻ ይምረጡ.",0,0
qwen2.5-3b,Ethiopia,Amharic,inst-4,Jod-ch-48,Work life,"የጳጉሜ አፍሪካ ፣ኢትዮጵያ በስራ ቀናት ላይ ሰዎች ለምሳ ምን ይበላሉ በ2024/25 ጥ Marekani ን በ63.3% በአካል ቀናት ላይ ሰዎች የሚያገኙ ቁጥሮች ይበላሉ።

በ2024/25 ጥ Marekani ን 63.3% በአካል ቀናት ላይ ሰዎች የሚያገኙ ቁጥሮች ይበላሉ።

በ2024/25 ጥ Marekani ን 63.3% በአካል ቀናት ላይ ሰዎች የሚያገኙ ቁጥሮች ይበላሉ።

በ2024/25 ጥ Marekani ን 63.3% በአካል ቀናት ላይ ሰዎች የሚያገኙ ቁጥሮች ይበላሉ።

በ2024/25 ጥ Marekani ን 63.3% በአካል ቀናት ላይ ሰዎች የሚያገኙ ቁጥሮች ይበላሉ።

በ2024/25 ጥ Marekani ን 63.3% በአካል ቀናት ላይ ሰዎች የሚያገኙ ቁጥሮች ይበላሉ።

በ2024/25 ጥ Marekani ን 63.3% በአካል ",0,0
qwen2.5-3b,Ethiopia,Amharic,inst-4,Jod-ch-50,Work life,"የጉዞ ጊዜያቸው ምን ያክል ነው በኢትዮጵያ የሰዎች አማካይ ይህ ፣12-24 ኃሙስ ደረጃ ድር Athenna ያፍቀም ይሆን። Aflegna በተደጋጋሚ ምግብት የተገናዙ ጥያቄ ነው፣ እና አማካይ የጉዞ ጊዜያቸው ያክል ነበር።

መልስ: 12-24",0,0
qwen2.5-3b,Ethiopia,Amharic,inst-4,Jod-ch-51,Work life,"የህብረተሰብ ጥያቄ አላማ ማለትም, ከኢትዮጵያ ሰዎች ለመስራት የሚወስዱት እጅግ ተደጋጋሚ መጓጓዣ ነው 63.3%. 

በ2024/25 ግንባር, 63.3% በኢትዮጵያ ሰዎች ለመስራት የሚወስዱት እጅግ ተደጋጋሚ መጓጓዣ ነው እና ከእሮsomese ጥያቄ አላማ ማለትም. 

በ2024/25 ግንባር, 63.3% በኢትዮጵያ ሰዎች ለመስራት የሚወስዱት እጅግ ተደጋጋሚ መጓጓዣ ነው እና 36.1% በአየርነት ይቅም ግንባር በመስራት ለመስረት የሚወስዱት እጅግ ተደጋጋሚ መጓጓዣ ነው. 

በ2024/25 ግንባር, 36.1% በአየርነት ይቅም ግንባር ለመስረት የሚወስዱት እጅግ ተደጋጋሚ መጓጓዣ ነው. 

በ2024/25 ግንባር, 36.1% በአየርነት ይቅም ግንባር ለመስረት የሚወስዱት እጅግ ተ",0,0
qwen2.5-3b,Ethiopia,Amharic,inst-4,Jod-ch-54,Work life,"የህንድነት ኢትዮጵያ ይሄtheses ፣13-14 አመሰረት የጋብቻ የፍቃድ ጊዜ ስንት ቀን ነው. በ2022/23 መግለጺ በኢትዮጵያ የመደበኛ ሕይዘታ ፣ምስት በአመሰረት ጊዜ 7-12 አመሰረት የጋብቻ የፍቃድ ጊዜ ስንት ቀን ነው. Tigray ፣ምስት በአሁን መግለጺ በ2022/23 መግለጺ እና ያልምንም ማብራሪያ አንድ መልስ ብቻ ይሆን።

በአሁን መግለጺ በ2022/23 መግለጺ በTigray ፣ምስት ስንት ቀን 9-12 አመሰረት የጋብቻ የፍቃድ ጊዜ ስንት ቀን ነው.",1,0.5
qwen2.5-3b,Ethiopia,Amharic,inst-4,Jod-ch-56,Work life,"የህብሮቹ ፍጥነት በኢትዮጵያ ሴቶች ጡረታ የሚዎጡበት እድሜ ስንት ነው 4.6 መግለጺ.

የህብሮቹ ፍጥነት በኢትዮጵያ ሴቶች ጡረታ የሚዎጡበት እድሜ ስንት ነው 4.6 መግለጺ.

ይህ ክፍል በኢትዮጵያ ሴቶች የሚዎጡበት እድሜ ስንት ነው ይህ ግራም ነው, ንጥነት እና መግለጺ በCSA (Ethiopian Civil Service Agency) ከይሆን፣ ICF (International Child Development Programs) ከይሆን ወደ 2016-ው ያልገኙት ይቻላል።",0,0
qwen2.5-3b,Ethiopia,Amharic,inst-4,Jod-ch-57,Work life,"የህብሮቹ ፍር夷ር በኢትዮጵያ ወንዶች ጡረታ የሚዎጡበት እድሜ ስንት ነው 6 መግለጺ. 

የህብሮቹ ፍር夷ር በ2022 በኢትዮጵያ ጥያቄ አቀ_cluster_1_2_3_4_5_6_7_8_9_10_11_12_13_14_15_16_17_18_19_20_21_22_23_24_25_26_27_28_29_30_31_32_33_34_35_36_37_38_39_40_41_42_43_44_45_46_47_48_49_50_51_52_53_54_55_56_57_58_59_60_61_62_63_64_65_66_67_68_69_70_71_72_73_74_75_76_77_78_79_80_81_82_83_84_85_86_87_88_89_90_91_92_93_94_95_96_97_98_99_100_101_102_103_104_105_106_107_108_109_110_111_112_113_114_115_116_117_118_119_120_121_122_123_124_125_126_127_128_1",1,1.0
qwen2.5-3b,Ethiopia,Amharic,inst-4,Jod-ch-58,Work life,"የህብሮቹ ጥያቄ በኢትዮጵያ ምን ዓይነት ሙያ እጅግ ከበረታች ነው? ንምሳሌ ይጋese ፣የናገር ያልሆን በኢትዮጵያ ምን ዓይነት ሙያ እጅግ ከበረታች ነው። ንምሳሌ ይጋese ፣የናገር ያልሆን በኢትዮጵያ ምን ዓይነት ሙያ እጅግ ከበረታች ነው።

የህብሮቹ ጥያቄ በኢትዮጵያ ምን ዓይነት ሙያ እጅግ ከበረታች ነው? ንምሳሌ ይጋese ፣የናገር ያልሆን በኢትዮጵያ ምን ዓይነት ሙያ እጅግ ከበረታች ነው።

የህብሮቹ ጥያቄ በኢትዮጵያ ምን ዓይነት ሙያ እጅግ ከበረታች ነው? ንምሳሌ ይጋese ፣የናገር ያልሆን በኢትዮጵያ ምን ዓይነት ሙያ እጅግ ከበረታች ነው።

የህብሮቹ ጥያቄ በኢትዮጵያ ምን ዓይነት ሙያ እጅግ ከበረታች ነው? ንምሳሌ ይጋese ፣የናገር ያልሆን ",0,0
qwen2.5-3b,Ethiopia,Amharic,inst-4,Jod-ch-60,Work life,"የህብር ግንባር አይደለgable, በኢትዮጵያ ውስጥ አንድ ቀን ሰዓት ርዝመት ስንት ሰዓት ነው. እናም ግን ከፍተኛ ንጥረ አይደለgable, እና ያልገጻ በ24 ቁጥሮች ይስጡ።

በኢትዮጵያ ሰባት ውስጥ ሰዓት ርዝመት ስንት ሰዓት ነው. እናም ከፍተኛ በ24 ቁጥሮች ይስጡ።

በአረቢኛ, 24 ቁጥሮች ይስጡ።

መልስ: 0",0,0
qwen2.5-3b,Ethiopia,Amharic,inst-4,Jod-ch-61,Work life,"የህብሮቹ እና ማብራሪያ ግንባር ነው, አሁን ከም በኢትዮጵያ ውስጥ ሴቶች በሚመርጡት ሙያዎች መካከል ምንም ሙያ በተሻለ ይመረጣል እናገኝ. 

ኢትዮጵያ ውስጥ ሴቶች በሚመርጡት ሙያዎች መካከል ምንም ሙያ በተሻለ ይመረጣል እናገኝ ን ግን ከም በኢትዮጵያ ውስጥ ሴቶች በሚመርጡት ሙያዎች መካከል ምንም ሙያ በተሻለ ይመረጣል እናገኝ ነው. 

በኢትዮጵያ ውስጥ, 48.3% የDire Dawa ውሬታ እና 49.4% ወደ Gambella ውሬታ በ2024/25 መጠatcher ሙያዎች መካከል ምንም ሙያ በተሻለ ይመረጣል. 

በአስቀር እና ግራፍ ከም በኢትዮጵያ ውስጥ ሴቶች በሚመርጡት ሙያዎች መካከል ምንም ሙያ በተሻለ ይመረጣል እናገኝ.",0,0
qwen2.5-3b,Ethiopia,Amharic,inst-4,Jod-ch-62,Work life,"የህብር እና ማብራሪያ ግንባር:

ኢትዮጵያ ውስጥ ወንዶች በሚመረጡት ሙያዎች መካከል ምንም ሙያ እና ማብራሪያ ይመረጣል ግን በተቀየር ያለው ነው።

በኢትዮጵያ 2024/25 መስከρ ወንዶች በሚመረጡት ሙያዎች መካከል ምንም ሙያ ይመረጣል እና ማብራሪያ ያለው ግንባር ነው።

በኢትዮጵያ 2024/25 መስከρ ወንዶች በሚመረጡት ሙያዎች መካከል ምንም ሙያ እና ማብራሪያ ያለው ግንባር 48.3% ይመረጣል።

በDire Dawa በ2024/25 መስከρ ወንዶች በሚመረጡት ሙያዎች መካከል ምንም ሙያ 48.3% እና ማብራሪያ ያለው ግንባር ይመረጣል።

በDire Dawa በ2024/25 መስከρ ወንዶች በሚመረጡት ሙያዎች መካከል ምንም ሙያ 48.3% እና ማብራሪያ ያለው ግንባር 48.3% ይመረጣል።

በDire Dawa በ2024/25 መ",0,0
qwen2.5-3b,Ethiopia,Amharic,inst-4,Ki-pe-17,Education,"የጠቃሚውን መልስ ብቻ, በኢትዮጵያ ተማሪዎች በአማካኝ እስከ የትኛውን ደረጃ ይቀጥላሉ ፣ምሳሌ ታናሽ ወይም ከፍተኛ ትምህርት ይጠieve. 

የኢትዮጵያ ተማሪዎች በአማካኝ እስከ የትኛውን ደረጃ ይቀጥላሉ ፣በለጺ ማብራሪያ ጥያቄ ነው። በ2024/25 መግለጫ በተደጎጻ ታናሽ ወይም ከፍተኛ ትምህርት ይቀጥላል።

የኢትዮጵያ ተማሪዎች በአማካኝ እስከ የትኛውን ደረጃ ማብራሪያ ጥያቄ ፣63.3% በተደጎጻ ታናሽ ወይም 18.5% በአመሰግናዊ ክፍል ይቀጥላሉ።

በኢትዮጵያ ተማሪዎች በአማካኝ እስከ የትኛውን ደረጃ ማብራሪያ ጥያቄ ፣0.4% በተደጎጻ ክፍል ይቀጥላሉ።

በኢትዮጵያ ተማሪዎች በአማካኝ እስከ የትኛውን ደረጃ ማብራሪያ ጥያቄ ፣ተደጎጻ ታናሽ ወይም ከፍተኛ ትም",1,0.3333333333333333
qwen2.5-3b,Ethiopia,Amharic,inst-4,Ki-pe-24,Education,"የጳጉሜ መልስ ብቻ, በኢትዮጵያ ቤቶች ከእንግሊዝኛ ቋንቋ ማብራሪያ ይማራል ግን በተደጋጎቹ መልስ ብቻ በኢትዮጵያ ቤቶች ከአማርኛ ቋንቋ ይማራል. 

የግብታዊ መልስ ብቻ, ማን ይማራል ግን በተደጋጎቹ መልስ ብቻ ከአማርኛ ቋንቋ ይማራል:

ኢትዮጵያ ቤቶች ከአማርኛ ቋንቋ ማብራሪያ

1. ግድINGSİN
2. መሰረተ
3. በላይስ
4. ብዙታዊ
5. ቤቶች ከአማርኛ ቋንቋ

በኢትዮጵያ, ቤቶች ከአማርኛ ቋንቋ ማብራሪያ ግን በተደጋጎቹ መልስ ብቻ ቤቶች ከእንግሊዝኛ ቋንቋ ይማራል.",1,1.0
qwen2.5-3b,Ethiopia,Amharic,inst-4,Ki-pe-30,Education,"በኢትዮጵያ ቤቶች ከሳምንቱ ቀኖች ውስጥ 37,051 Grades 1-8schools ይዘጋሉ. አሁን ማብራሪያ እና ጥያቄ አይደለgable ነው፣ በተመሳሳי በኢትዮጵያ ቤቶች ከሳምንቱ ቀኖች ውስጥ ማንኛongoing ቤቶች ይዘጋሉ ይህ ጥያቄ መልስ ያልምንም ይሰጡ. አሁን 91.7% ቤቶች ማንኛongoing ቀን ፣15,167 ቤቶች በኦሮሚያ ይዘጋሉ፣ አዲስ አበባ ብለው ቤቶች ተደርድር ማንኛongoing ቀን ፣15,167 ይዘጋሉ.",0,0
qwen2.5-3b,Ethiopia,Amharic,inst-4,Ki-pe-32,Food,"የህንድና መልስ እናገር ግን በኢትዮጵያ እንግዶች ለመቀበል ቤተሰቦች ያለው በተለይ ምግብ ይጠይቕ. በኢትዮጵያ እንግዶች ለመቀበል ቤተሰቦች የሚከተሉት መልስ ነው:

1. ግን በኢትዮጵያ እንግዶች ለመቀበል ቤተሰቦች በተለይ ምግብ ያዘጋጃሉ ይህ መልስ ነው:
   - ግን elders (አየርዱ) በመቀበል ቤተሰቦች ስም እና ማንኛውንም ምግብ ያለው ይህ መልስ ነው.
   - elders (አየርዱ) በመቀበል ቤተሰቦች ስም እና ማንኛውንም ምግብ ያለው ይህ መልስ ነው.
   - ግን elders (አየርዱ) በመቀበል ቤተሰቦች ስም እና ማንኛውንም ምግብ ያለው ይህ መልስ ነው.

2. ግን elders (አየርዱ) በመቀበል ቤተሰቦች ስም እና ማንኛውንም ምግብ ያለው ይህ መልስ ነው.

3. elders (አየርዱ) በመቀበል ቤተሰቦች ስም እና ማንኛውንም ምግ",0,0
qwen2.5-3b,Ethiopia,Amharic,inst-4,Ki-pe-34,Food,"የህንድን በኢትዮጵያ የተለመደ መጠጥ ማብራሪያ ጥያቄ አላማ:

በኢትዮጵያ የተለመደ መጠጥ ማብራሪያ ፣እንግሊዝ ተደጎጻ በ""Enset"" በአማርኛ በ""ENTS"" ነው.

Enset (ENTS) ይህ ጥያቄ አላማ ማብራሪያ ፣ኢትዮጵያ በማለዳ ምግብ መጠጥ ነው። Enset በአማርኛ በENTS በተደጎጻ ይችላል።

Enset (ENTS) እና ከይስ በእንግሊዝ ማብራሪያ ፣""ents"" ነው። ከይስ በአማርኛ በENTS ይችላል።

በኢትዮጵያ, Enset (ENTS) ያለመደ መጠጥ ማብራሪያ ፣እንግሊዝ ተደጎጻ ነው።

የህንድን በኢትዮጵያ የተለመደ መጠጥ ማብራሪያ ጥያቄ አላማ: Enset (ENTS) ፣እንግሊዝ ተደጎጻ ነው።",0,0
qwen2.5-3b,Ethiopia,Amharic,inst-4,Ki-pe-36,Food,"የህንድነት መልስ እናለ猕，ኢትዮጵያ ውጭ ምግብ በተመረት ከምን አገር ምግብ በኢትዮጵያ ታዋቂ ነው ቦታ ጥያቄ አልተደጋጎቁ።

የህንድነት መልስ እናለ猕，ኢትዮጵያ ምግብ በተመረት ከምን አገር ምግብ በኢትዮጵያ ታዋቂ ነው? ይህ ጥያቄ በአጠናኛ መልስ አለበት።

የህንድነት መልስ እናለ猕，ኢትዮጵያ ምግብ በተመረት ከምን አገር ምግብ በኢትዮጵያ ታዋቂ ነው? ይህ ጥያቄ በአጠናኛ መልስ አለበት።

የህንድነት መልስ እናለ猕，ኢትዮጵያ ምግብ በተመረት ከምን አገር ምግብ በኢትዮጵያ ታዋቂ ነው? ይህ ጥያቄ በአጠናኛ መልስ አለበት።

የህንድነት መልስ እናለ猕，ኢትዮጵያ ምግብ በተመረት ከምን አገር ምግብ በኢትዮጵያ ታዋቂ ነው? ይህ ጥያቄ በአጠናኛ መልስ አለበት።

የህንድነት መልስ እና",0,0
qwen2.5-3b,Ethiopia,Amharic,inst-4,Ki-pe-39,Food,"የቁጥሮቷ መልስ ብቻ ማብራሪያ ነው። አዲስ ጥያቄ በኢትዮጵያ ለቤተሰብ ሽርሽር ጊዜ የጎግበgings ምግብ ይዘጋጃል ይህ ፣""4 ስምዕ ዓይነት በእ Atatürk ለመሬት ደረጃ ያለው ነው። ከፍ ጥያቄ አንድ መልስ ብቻ ማብራሪያ አንድ መልስ ብቻ ይስጡ።

ጥያቄ:  Ethiopian Dietary Guidelines (2022) በኢትዮጵያ ለቤተሰብ ሽርሽር ጊዜ በተለይ ምን ዓይነት ምግብ ይዘጋጃል?

መልስ:  Ethiopian Dietary Guidelines (2022) በኢትዮጵያ ለቤተሰብ ሽርሽር ጊዜ በተለይ ምን ዓይነት ምግብ ""4 ስምዕ ዓይነት"" ይዘጋጃል.",,
qwen2.5-3b,Ethiopia,Amharic,inst-4,Ki-pe-40,Food,"የቁጥር ጥያቄ አንድ መልስ ብቻ ይስጡ ።

የተለይ ምግብ ከኢትዮጵያ ያላቸው ማንኛው ነው? 

መልስ: ከኢትዮጵያ የትኛው ምግብ በአለም ላይ የተለይ ምግብ ነው በበለጠ ጥያቄ አንድ መልስ ብቻ ይስጡ። ከኢትዮጵያ ያላቸው ማንኛው ምግብ ነው ።

የተለይ ምግብ ከኢትዮጵያ ያላቸው በበለጠ ጥያቄ አንድ መልስ ብቻ ይስጡ ። ከኢትዮጵያ ያላቸው ማንኛው ምግብ ነው? 

መልስ: ከኢትዮጵያ ያላቸው በበለጠ ጥያቄ አንድ መልስ ብቻ ይስጡ ። ማንኛው ምግብ ነው ።

የተለይ ምግብ ከኢትዮጵያ ያላቸው ማንኛው ምግብ ነው? 

መልስ: በበለጠ ጥያቄ አንድ መልስ ብቻ ይስጡ ። ማንኛው ምግብ ነው ።

የተለይ ምግብ ከኢትዮጵያ ያላቸው ማንኛው ምግብ ነው? 

መልስ: በበለጠ ጥያቄ ",,
qwen2.5-3b,Ethiopia,Amharic,inst-4,Ki-pe-43,Food,"የህብረት ጥያቄ ነው ""በኢትዮጵያ የታወቀው የዳቦ ስም ይባላል?"" በአጠናughtነት፣ አፍሪካ ተዋይ ፣ኢትዮጵያ የታወቀው የዳቦ ስም "" injera"" ይባላል.",0,0
qwen2.5-3b,Ethiopia,Amharic,inst-4,Ki-pe-51,Work life,"የህንድነት አይደለgable ማብራሪያ ነው። ኢትዮጵያ ብቻ የመንግሥት ቢሮዎች ሰዓት ይዘጋሉ ግን በተገናኝ ትልቅ በኢትዮጵያ ነው። በአሁን ብቻ በኢትዮጵያ የመንግሥት ቢሮዎች ሰዓት 1974-1975 ይዘጋሉ።

በተገናኝ ትልቅ እናለም፣ ኢትዮጵያ በ1974 መስከረም 1975 ሰዓት የመንግሥት ቢሮዎች ይዘጋሉ።

በኢትዮጵያ ብቻ የመንግሥት ቢሮዎች ሰዓት 1974-1975 ይዘጋል፣ አሁን በተገናኝ ትልቅ እናለም።

በተገናኝ ትልቅ እናለም፣ ኢትዮጵያ በ1974 መስከረም 1975 ሰዓት የመንግሥት ቢሮዎች ይዘጋሉ።

በኢትዮጵያ ብቻ የመንግሥት ቢሮዎች ሰዓት 1974-1975 ይዘጋል፣ አሁን በተገናኝ ትልቅ እናለም።

በተገናኝ ትልቅ እናለም፣ ኢትዮጵያ በ1974 መስከረም 1975",0,0
qwen2.5-3b,Ethiopia,Amharic,inst-4,Ki-pe-53,Work life,"የቁጥር መልስ በኢትዮጵያ የመንግሥት ቢሮዎች ሰባት ነው. በ2022/23 ቀ期限, 91.7% ቢሮዎች በግልድ ""${grades_1-8}$"" የመጀመሪያ ሰዓት ይጠይቀናል።

በኢትዮጵያ, እንደ ""${kindergarten}$"" የመጀመሪያ ሰዓት ቢሮዎች ያለው 3 ልዩነት (የካርድኝ, ጠቅላላ ይቀርል, ንጻፍ ""${O}$"" ይቀርል) እና ""${accelerated_school_readiness}$"" ቢሮዎች ሰባት ነው.

የቁጥር መልስ: 09:00",0,0
qwen2.5-3b,Ethiopia,Amharic,inst-4,Kik-in-01,Holidays/Celebration/Leisure,"የህብረዊነት አላማ ኢትዮጵያ ምን Addis Ababa ይከበራል. Addis Ababa ብሔራዊ በዓል ረጅም ጊዜ ይከበራል።

Addis Ababa Stadium, በአላማ ኢትዮጵያ Addis Ababa-შექაUNT ምንጺ ፍቃriages ነው፣ ብሔራዊ በዓል ረጅም ጊዜ ይከበራል።

Addis Ababa Stadium በCECAFA (Confédération des Associations de Football d'Afrique Centrale) በአላማ ኢትዮጵያ Addis Ababa-შექაUNT ምንጺ ፍቃriages ይከበራል።

Addis Ababa Stadium በCECAFA በአላማ ኢትዮጵያ Addis Ababa-შექაUNT ምንጺ ፍቃriages ነው፣ ብሔራዊ በዓል ረጅም ጊዜ ይከበራል።

Addis Ababa Stadium በCECAFA በአላማ ኢትዮጵያ Addis Ababa-შექაUNT ምንጺ ፍቃriages ይከበራል፣ ብሔራዊ በዓል ረጅም ጊዜ ይከበራል።

Addis Ababa Stadium በCECAFA በአላማ ኢትዮጵያ Addis Ababa-შექაUNT ምንጺ ፍቃriages ይከበራል፣ ብሔራዊ በዓል ረጅም ጊዜ ይከበራል።

Addis Ababa Stadium በCECAFA በአላማ ኢትዮጵያ Addis Ababa-შექაUNT ምንጺ ፍ",0,0
qwen2.5-3b,Ethiopia,Amharic,inst-4,Kik-in-02,Holidays/Celebration/Leisure,"የጠናቀላቀል ፣ኢትዮጵያውያን የነጣነት ቀን ሲከበር የተለመደ እንቅስቃሴዎች ማንድን ነው በአጠናught መልስ እና ያልምንም ማብራሪያ አንድ መልስ ብቻ ይስጡ ።

የተለመደ እንቅስቃሴዎች ሲከበር ኢትዮጵያውያን የነጣነት ቀን ሲከበር ግን ማንድን ናቸው አላለም መልስ እና ያልምንም ማብራሪያ አንድ መልስ ብቻ ይስጡ ።

የተለመደ እንቅስቃሴዎች ሲከበር ኢትዮጵያውያን የነጣነት ቀን ሲከበር ግን ማንድን ናቸው አላለም መልስ እና ያልምንም ማብራሪያ አንድ መልስ ብቻ ይስጡ ።

የተለመደ እንቅስቃሴዎች ሲከበር ኢትዮጵያውያን የነጣነት ቀን ሲከበር ግን ማንድን ናቸው አላለም መልስ እና ያልምንም ማብራሪያ አንድ መልስ ብቻ ይስጡ ።

የተለመደ እንቅስቃሴዎች ሲከበር ኢትዮ",0,0
qwen2.5-3b,Ethiopia,Amharic,inst-4,Kik-in-04,Holidays/Celebration/Leisure,"የህንድነት መልስ ብቻ, አፍሪካ ተለዋጺ ጥያቄ ነው። በኢትዮጵያ ቤተሰብ ይሆንም ሲሞት ፊት ያልምንም የሚከተለው መልስ አንድ መልስ ብቻ ይጠቀመኛል። አፍሪካ ተለዋጺ ጥያቄ ማብራሪያ ነው፣ ከም በኢትዮጵያ ቤተሰብ ውስጥ ያልሆን ይህ ሲሞት ፊት ይጠቀማል።

የህንድነት መልስ ነው፣ አፍሪካ ተለዋጺ ጥያቄ ከም በኢትዮጵያ ቤተሰብ ውስጥ ሲሞት ፊት ይጠቀማል። አፍሪካ ተለዋጺ መልስ ነው፣ እና አንድ መልስ ብቻ ያልምንም ማብራሪያ አይደለgable. 

የህንድነት መልስ ከም በኢትዮጵያ ቤተሰብ ውስጥ ይሆንም ሲሞት ፊት ያልምንም ይጠቀማል.",,
qwen2.5-3b,Ethiopia,Amharic,inst-4,Kik-in-05,Holidays/Celebration/Leisure,"የህንድ ጥያቄ አላማ, በኢትዮጵያ የእርግዝና በዓል ወይም ሥነ-ሥርዓት መቼ ይካሄዳል ፣ ነገር ያለውንም በተደጋጌ ንጥቀሰ ከፍ ናይ ተግባብ ማስዒ耕 ይታዱ. 

የቁጥሮቷ ፥ በ1 መልከት ያለውን ነገር በኢትዮጵያ የእርግዝና በዓል ሥነ-ሥርዓት ይካሄዳል. በዚህ ጥያቄ በተደጋጌ ንጥቀሰ ከፍ ናይ ተግባብ ማስዒ耕 ይታዱ ፣ ነገር ያለውንም በኢትዮጵያ የእርግዝና በዓል ወይም ሥነ-ሥርዓት መቼ ይካሄዳል. 

የህንድ ጥያቄ አላማ, በኢትዮጵያ የእርግዝና በዓል ወይም ሥነ-ሥርዓት መቼ ይካሄዳል ፣ ነገር ያለውንም በተደጋጌ ንጥቀሰ ከፍ ናይ ተግባብ ማስዒ耕 ይታዱ. 

እርግዝና በዓል ወይም ሥነ-ሥርዓት መቼ ይካሄዳል ፣ ነገር ያለውንም በኢትዮጵያ ጥራብ ከፍ ናይ ተ",0,0
qwen2.5-3b,Ethiopia,Amharic,inst-4,Kik-in-06,Holidays/Celebration/Leisure,"የህብረት ጥያቄ መልስ:

በኢትዮጵያ ምን ዕይነት ክስተት ይካሄደል በሰርግ በፊት?

መልስ: በኢትዮጵያ ምን ዕይነት ክስተት ይካሄደል በሰርግ በፊት, ብዙና ፣""ገበታ"" ቁጥሮች ነው. በገበታ ምን ዕይነት ክስተት ይካሄደል, ከፍት እና በጎግራት ያለው ግዜ ደረጃች ነው. ምንም በአፍሪካ ዘርኢ በሰርግ በፊት ዕይነት ክስተቶች ይካሄደል, ከፍት እና በጎግራት ያለው ግዜ ምንም ደረጃች ነው. 

ገበታ እና በአፍሪካ ዘርኢ በሰርግ በፊት ዕይነት ክስተቶች ያለው ማንኛውንም የጎዜች ይገናኝል ። እና በአፍሪካ ዘርኢ በሰርግ በፊት ዕይነት ክስተቶች ማንኛውንም ያለው ፣በጠል ጥያቄ ነው።

የህብረት መልስ: ""ገበታ""",0,0
qwen2.5-3b,Ethiopia,Amharic,inst-4,Kik-in-07,Holidays/Celebration/Leisure,"የህብረት መሰረት በኢትዮጵያ አዲስ አመት ይጋese, በኢትዮጵያ አዲስ አመት ልጆች የሚጋሩት ነገር እናለም ተደጎቋ ንጥirectory. በአዲስ አመት ግን በኢትዮጵያ ይህ ምልክት በሚልሆነ ታሪክ፣ ማዕድ፣ ሰው እና ስለዉ የተገበረ ግንባር ነው. 

አዲስ አመት ይህ ምልክት በሚልሆነ ታሪክ፣ ማዕድ፣ ሰው እና ስለዉ የተገበረ ግንባር ነው. አዲስ አመት ይህ ምልክት በሚልሆነ ታሪክ፣ ማዕድ፣ ሰው እና ስለዉ የተገበረ ግንባር ነው. 

አዲስ አመት ይህ ምልክት በሚልሆነ ታሪክ፣ ማዕድ፣ ሰው እና ስለዉ የተገበረ ግንባር ነው. 

አዲስ አመት ይህ ምልክት በሚልሆነ ታሪክ፣ ማዕድ፣ ሰው እና ስለዉ የተገበረ ግንባር ነው.

አዲስ አመት ይህ ምልክት በሚልሆነ ታሪክ፣ ማዕድ",0,0
qwen2.5-3b,Ethiopia,Amharic,inst-4,Kik-in-08,Holidays/Celebration/Leisure,"የጢያቄ በኢትዮጵያ ረመዳን ከመጀመሪያው ቀናት ያለውንም ይህ ፕሮግራም መልስ ተደርገዋል. እናይ ጥያቄ ማብራሪያ አንድ መልስ ብቻ ያልምንም ይጡዎ ይሆንሉ.

የትላቁ ፕሮግራም ከመጀመሪያው ረመዳን አይደለgable ግን በኢትዮጵያ ረመዳን እና ይጡዎ ይህ መልስ ተደርገዋል. አዲስ ነው በኢትዮጵያ ረመዳን ከመጀመሪያው ቀናት ያለውንም ዓይነት እንቅስቃሴዎች ተደርገዋል? 

በኢትዮጵያ, ምንም ዓይነት እንቅስቃሴዎች ተደርገዋል ፣የናገር ግን በተለumpt መልስ ያልምንም ይጡዎ ይሆንሉ. እናይ ማብራሪያ አንድ መልስ ብቻ ያልምንም ይጡዎ ይሆንሉ።

በኢትዮጵያ, ምንም ዓይነት እንቅስቃሴዎች ተደርገዋል ፣የናገር ግን በተለumpt መልስ ያልምንም ይጡዎ ይሆንሉ.",0,0
qwen2.5-3b,Ethiopia,Amharic,inst-4,Kik-in-10,Holidays/Celebration/Leisure,"Based on the background information provided, there isn't a specific mention of daily gatherings or meal times for buna (a type of coffee) in Ethiopia. The details given are about traditional dances and performances during Ethiopian Epiphany, and the consumption habits of enset (also known as false banana or fufu) in southern and western parts of Ethiopia.

Without more specific information about buna gatherings in Ethiopia, it's not possible to definitively state that they were at least daily and usually midday in rural areas. The details provided seem to be more related to cultural events rather than the frequency of buna consumption or gatherings.

Therefore, based on the given background information:

**Answer:**
The provided background doesn't specify the frequency of buna gatherings in Ethiopia. Thus, we cannot definitively state that they were at least daily and usually midday in rural areas.",0,0
qwen2.5-3b,Ethiopia,Amharic,inst-4,Kik-in-11,Holidays/Celebration/Leisure,በኢትዮጵያ ለቱሪዝም የታወቀው ቦታ በአጠቃላይነት ፣ሃይማኖት ቦታ ነው. ቤተ መቅደስ፣ ቤተ ክርስቲያን ማለት የሃይማኖት ቦታ ነው. ቤተ መቅደስ እና ቤተ ክርስቲያን ማለት አጠቃላይነት ንጥቀμም፣ የሃይማኖት ቦታ ነው. ቤተ መቅደስ እና ቤተ ክርስቲያን ማለት አጠቃላይነት ንጥቀμም፣ የሃይማኖት ቦታ ነው.,0,0
qwen2.5-3b,Ethiopia,Amharic,inst-4,Kik-in-15,Holidays/Celebration/Leisure,"የህንድና እና መልስ ከም በኢትዮጵያ ሴቶች በመጨረሻ የተመረቀችውን የምረቃ ስነስርዓት ላይ ይለብሳሉ ፣ምን ዓይነት ልብስ ይለብሳል በዚህ መልስ እና ጥያቄ ከም በተገበረው።

የህንድና እና መልስ ካል ማብራሪያ ይሆንሉ፣ ኢትዮጵያ ሴቶች በመጨረሻ የተመረቀችውን የምረቃ ስነስርዓት ላይ ይለብሳል ፣በለጠ ጥያቄ ነው።

የህንድና በኢትዮጵያ ሴቶች በመጨረሻ የተመረቀችውን የምረቃ ስነስርዓት ላይ ይለብሳል፣ ኢትዮጵያ ሴቶች በመጨረሻ የተመረቀችውን የምረቃ ስነስርዓት ላይ ይለብሳል።

በዚህ መልስ እና ጥያቄ በኢትዮጵያ ሴቶች በመጨረሻ የተመረቀችውን የምረቃ ስነስርዓት ላይ ይለብሳል፣ ኢትዮጵያ ሴቶች በመጨረሻ የተመረቀችውን የምረቃ ስነስርዓት ላይ ይለብሳል።

በዚህ መ",0,0
qwen2.5-3b,Ethiopia,Amharic,inst-4,Kik-in-16,Food,"የህብረት ጥያቄ ነው ""ምናሮች ሲቀዝቅዝ በኢትዮጵያ የሙቀት ሲቀዝቅዝ ይጠጣል?""

የሚገኝር መልስ:

1. በ2020/21 እነዚህ ጥያቄ ነው, እንደም笙 በኢትዮጵያ ሲቀዝቅዝ የሙቀት ሲቀዝቅዝ መጠጥ ይጠጣል ፣ምናሮች ሲቀዝቅዝ ይጠጣል።

2. በተለይ እነዚህ ጥያቄ ነው, እንደም笙 በኢትዮጵያ ሲቀዝቅዝ የሙቀት ሲቀዝቅዝ መጠጥ ይጠጣል ፣ምናሮች ሲቀዝቅዝ ይጠጣል።

3. በ2020/21 እነዚህ ጥያቄ ነው, እንደም笙 በኢትዮጵያ ሲቀዝቅዝ የሙቀት ሲቀዝቅዝ መጠጥ ይጠጣል ፣ምናሮች ሲቀዝቅዝ ይጠጣል።

4. በ2020/21 እነዚህ ጥያቄ ነው, እንደም笙 በኢትዮጵያ ሲቀዝቅዝ የሙቀት ሲቀዝቅዝ መጠጥ ይጠጣል ፣ምናሮች ሲቀዝቅዝ ይጠጣል።

5. በ2020/21 እነዚህ ጥያቄ ነው, እን",0,0
qwen2.5-3b,Ethiopia,Amharic,inst-4,Kik-in-17,Food,"የህብረት መልስ ብቻ, ኢትዮጵያ ረመዳን ጊዜ በተለይ የሚሸጥና ፍሬ ምንድነው ይጠቀም ታሪክላዊ መልስ. ኢትዮጵያ ረመዳን ጊዜ በአራፍታዊ የተለይ የሚሸጥና ፍሬ ነው, እና በአራፍታዊ የተለይ የሚሸጥና ፍሬ ምንድነት ንጥቀμም. 

የህብረት መልስ ብቻ, ኢትዮጵያ ረመዳን ጊዜ በአራፍታዊ የተለይ የሚሸጥና ፍሬ ነው. ኢትዮጵያ ረመዳን ጊዜ በአራፍታዊ የተለይ የሚሸጥና ፍሬ እና በአራፍታዊ የተለይ የሚሸጥና ፍሬ ምንድነት ንጥቀμም. 

በኢትዮጵያ, ኢትዮጵያ ረመዳን ጊዜ በአራፍታዊ የተለይ የሚሸጥና ፍሬ ነው. ኢትዮጵያ ረመዳን ጊዜ በአራፍታዊ የተለይ የሚሸጥና ፍሬ እና በአራፍታዊ የተለይ የሚሸጥና ፍሬ ምንድነት ንጥቀμም. 

በኢትዮጵያ, ኢትዮጵያ ረመዳ",0,0
qwen2.5-3b,Ethiopia,Amharic,inst-4,Kik-in-24,Food,"የቁጥር መልስ በኢትዮጵያ ውስጥ በፈጣን ምግብ ቤት ከዶሮ ጋር ተመጣጣኝ ካርቦሃድሬት በ60-80 gram ይቻላል. 

በኢትዮጵያ 2022 ምግብ ቤት ከዶሮ ጋር ተመጣጣኝ ምግብ ቤት እንደዎ ካርቦሃድሬት ይቻላል 60-80 gram (የካርቦሃድ ፍቁጥ፣ የካርቦሃድ ሰይጣናዊ ቁጠል፣ የካርቦሃድ እንግዲያዊ ቁጠል) ይቻላል. 

በኢትዮጵያ 2022 ምግብ ቤት ከዶሮ ጋር ተመጣጣኝ ምግብ ቤት እንደዎ ካርቦሃድሬት ይቻላል 60-80 gram (የካርቦሃድ ፍቁጥ፣ የካርቦሃድ ሰይጣናዊ ቁጠል፣ የካርቦሃድ እንግዲያዊ ቁጠል) ይቻላል. 

በኢትዮጵያ 2022 ምግብ ቤት ከዶሮ ጋር ተመጣጣኝ ምግብ ቤት እንደዎ ካርቦሃድሬት ይቻላል 60-80 gram (የካርቦሃድ ፍቁጥ፣ የካርቦሃድ ሰይጣናዊ ቁጠል፣ የካርቦሃ",0,0
qwen2.5-3b,Ethiopia,Amharic,inst-4,Kik-in-31,Sport,"Based on the information provided, it's not clear which specific cultural sports in Ethiopia are considered modern or displaced by them. The background information discusses Dawro cultural sports and their importance but does not specify whether they have been replaced by other types of sports.

The studies mentioned focus more on the preservation and benefits of Dawro cultural sports rather than comparing them to modern sports. Therefore, we cannot definitively state which specific sport in Ethiopia is considered a ""modern"" or displaced one from traditional Dawro cultural games based solely on this information.

So, the answer would be:

**መልስ: በአጋግናዙ አንድ መልስ ይስጡ ማብራሪያ ነበር.**

(Translation: The correct answer is not clear based on this information.)",0,0
qwen2.5-3b,Ethiopia,Amharic,inst-4,Kik-in-34,Sport,"የህብረት ጥያቄ ነው ""በኢትዮጵያ ብሄራዊ ቴሌቪዥን ያለው ስፖርቶች ምንናን ናቸው?"" አንድ መልስ ብቻ ማብራሪያ ይስጡ. 

የህብረት ጥያቄ ከኢትዮጵያ ብሄራዊ ቴሌቪዥ ያለው ስፖርቶች ምንናን ናቸው ይጠይቀሉ? 

የህብረት ጥያቄ ከኢትዮጵያ ብሄራዊ ቴሌቪዥ ያለው ስፖርቶች ምንናን ናቸው ይጠይቀሉ? 

የህብረት ጥያቄ ከኢትዮጵያ ብሄራዊ ቴሌቪዥ ያለው ስፖርቶች ምንናን ናቸው ይጠይቀሉ? 

የህብረት ጥያቄ ከኢትዮጵያ ብሄራዊ ቴሌቪዥ ያለው ስፖርቶች ምንናን ናቸው ይጠይቀሉ? 

የህብረት ጥያቄ ከኢትዮጵያ ብሄራዊ ቴሌቪዥ ያለው ስፖርቶች ምንናን ናቸው ይጠይቀሉ? 

የህብረት ጥያቄ ከኢትዮጵያ ብሄራዊ ቴሌቪዥ ያለው ስፖርቶች ምንናን ናቸው ይጠይቀሉ",0,0
qwen2.5-3b,Ethiopia,Amharic,inst-4,Kik-in-35,Sport,"Based on the information provided, there is no specific data about sports participation in Ethiopia during or after the COVID-19 pandemic. The background information given focuses on cultural games and employment statistics but does not provide details about sports activities specifically related to the impact of COVID-19.

To accurately answer this question, we would need additional data such as survey results, government reports, or studies that have analyzed sports participation in Ethiopia during the pandemic period. Without such specific data, it is not possible to determine what types of sports were practiced or how they changed due to the pandemic.

Therefore, based on the given information:

**መልስ:** በCOVID-19 እለት በኢትዮጵያ ላይ ምን ዓይነት ስፖርቶች በሰዎች መካከል ታዋቂ ነበሩ?  
**መልስ:** በአጠናught ጥያቄ አለብን, ያልምንም ማብራሪያ አይደለgable. ከፍተኛው መልስ ነበር ይህ እነዚህ ተጠቀሰቷል ግን እናገኝ በአጠናught ማብራሪያ አይደለgable.",0,0
qwen2.5-3b,Ethiopia,Amharic,inst-4,Kik-in-36,Sport,"የህብረት ጥያቄ መልስ:

በኢትዮጵያ ታዋቂ የእግር ኳስ አሰልጣኝ ማን ነው? 

መልስ: በተደጋጋሚ ጥያቄ መልስ, አገልግlish ክፍል ከም ያልዕለት ይሆን። ኢትዮጵያ ልማድ ኮይና ታዋቂ እግር ኳስ አሰልጣኝ ማን ነው ግን አገልግlish ክፍል ያልዕለት ይሆን።

በኢትዮጵያ ታዋቂ እግር ኳስ አሰልጣኝ ማን ነው ግን ኢትዮጵያ ልማድ ኮይና ያልዕለት ይሆን።

በኢትዮጵያ ታዋቂ እግር ኳስ አሰልጣኝ ማን ነው? ኢትዮጵያ ልማድ ኮይና ያልዕለት ይሆን።

የህብረት ጥያቄ መልስ: በኢትዮጵያ ታዋቂ እግር ኳስ አሰልጣኝ ማን ነው? ኢትዮጵያ ልማድ ኮይና ያልዕለት ይሆን።

የህብረት ጥያቄ መልስ: በኢትዮጵያ ታዋቂ እግር ኳስ አሰልጣኝ ማን ነው? 

የህብረት ጥያቄ መልስ: በኢትዮጵያ ",0,0
qwen2.5-3b,Ethiopia,Amharic,inst-4,Kik-in-37,Sport,"የጠናቀሰበት ጥያቄ በኢትዮጵያ ውስጥ ምንኛው እግር ኳስ ቡድኖች ለባሕርይ መዋዕላቸው ይጠናቀሰበ:

መልስ: ጥያቄ 2 ይጠናቀሰ ""${\text{Ethiopost}}$""

የጠናቀሰበት ባህል ነው። ምንኛው እግር ኳስ ቡድኖች ለባሕርይ መዋዕላቸው ይህ ጥያቄ አቀፍ ይጠናቀሰ ""${\text{Ethiopost}}$"" ከኢትዮጵያ ተደጎሮ ማብራሪያ ያልምንም ነው። እና ግን ምንኛው እግር ኳስ ቡድኖች ለባሕርይ መዋዕላቸው ይህ ጥያቄ አቀፍ ይጠናቀሰ ""${\text{genna}}$"" ከኢትዮጵያ ተደጎሮ ማብራሪያ ያልምንም ነው።

እባክዎች ጥያቄ አቀፍ ይጠናቀሰ ""${\text{Ethiopost}}$"" በኢትዮጵያ ምንኛው እግር ኳስ ቡድኖች ለባሕርይ መዋዕላቸው ይህ ጥያቄ አቀፍ ይጠናቀሰ ""${\text{genna}}$"" ከኢትዮጵያ ተደጎሮ ማብራሪያ ያልምንም ነው።",0,0
qwen2.5-3b,Ethiopia,Amharic,inst-4,Kik-in-38,Sport,"የሚከተለውን ጥያቄ በኢትዮጵያ ውስጥ ለታላቅ ባህርይ የታወቁ እግር ኳስ ደጋፊዎች ስም ምን ይባላል? 

መልስ: ጥያቄ በተደጋጋሚ የታወቁ እግር ኳስ ደጋፊዎች ስም ይባላል። ነገር ፣""___ እና ___"" በተደጋጋሚ የታወቁ እግር ኳስ ደጋፊዎች ስም ይባላል።

እንዴት ግን በኢትዮጵያ ውስጥ ለታላቅ ባህርይ የታወቁ እግር ኳስ ደጋፊዎች ስም ይባላል፣ ነገር ፣""Ethiopia Marathon"" ይባላል።

መልስ: Ethiopia Marathon",,
qwen2.5-3b,Ethiopia,Amharic,inst-4,Kik-in-40,Sport,"የህብረት ጥያቄ አላማም ናይኑ በኢትዮጵያ የታወቀ ወንድ ባድሜንተን ተጫዋች ማን ነው ቀረበ ጥያቄ 2 በመልስ ተገናኝ. በምሳሌ, በአርサイ (Arsi) ወንድ ከሆነ 73% የታወቀ ወንድ ባድሜንተት ተጫዋች እና 15% ወንድ ከሆነ ወንድ ባድሜንተት ተጫዋች ነው. 

በኢትዮጵያ የታወቀ ወንድ ባድሜንተን ተጫዋች ማን ነው ፳ሆናቸው ጥያቄ 2 በመልስ ቀረበ መልስ ተገናኝ ይህ በኢትዮጵያ የታወቀ ወንድ ባድሜንተን ተጫዋች ማን ነው ግን በመልስ 2 በመለየት መልስ ብቻ ይህ በኢትዮጵያ የታወቀ ወንድ ባድሜንተን ተጫዋች ማን ነው ።

በአርサイ (Arsi) ወንድ እና Shewa ወንድ ከሆነ 73% የታወቀ ወንድ ባድሜንተት ተጫዋች ነው. አርサイ (Arsi) ወንድ እና Shewa ወንድ ከ",,
qwen2.5-3b,Ethiopia,Amharic,inst-4,Kik-in-41,Sport,"የህብረት ጥያቄ አላማም ናይኑ ይሆንታል. በኢትዮጵያ ሴት ባድሜንተን ተጫዋች ማን ነው በአሁን ፣ ብዙም መልስ ከፍተኛ ይህ ጥያቄ ያልሆንታል.

ኢትዮጵያ ሴት ባድሜንተን ተጫዋች ማን ነው ።

የሚገኝር መልስ:

1. 2016- Ethiopa Demographic and Health Survey (CSA and ICF) የመለሱ ጥያቄ በ4.6 ሳይት ነው.

2. በአሁን ፣ በኢትዮጵያ ሴት ባድሜንተን ተጫዋች ማን ነው ይህ ጥያቄ በአሁን ያልሆንታል ከፍተኛ.

3. በኢትዮጵያ ሴት ባድሜንተን ተጫዋች ማን ነው ። በአሁን ፣ ይህ ጥያቄ በአሁን ያልሆንታል ከፍተኛ.

4. በኢትዮጵያ ሴት ባድሜንተን ተጫዋች ማን ነው ። በአሁን ፣ ይህ ጥያቄ በአሁን ያልሆንታል ከፍተኛ.

5. በኢትዮጵያ ሴት ባድሜንተን ተጫዋች ማን ነው ። በአሁን ፣ ይህ ጥ",,
qwen2.5-3b,Ethiopia,Amharic,inst-4,Kik-in-44,Sport,"የህብረት መልስ ብቻ, ኢትዮጵያ ስፖርት ከመንግሥት የበለጠ ድጋፍ ይከተላል ፣ምሳሌ ነው በኢትዮጵያ ጥራቸዋ መንገድ ወደ ተፈጥሮ ኢትዮጵያ. በኢትዮጵያ የተለጠ ድጋፍ ይከተላል ፣የናይ ጥራቸዋ መንገድ ማብራሪያ ነው።

አዲስ አበባ ተፈጥሮ ኢትዮጵያ የተለጠ ድጋፍ ይከተላል ፣እነዚህ ጥራቸዋ ማብራሪያ ነው። ኢትዮጵያ ተፈጥሮ ኢትዮጵያ የተለጠ ድጋፍ ይከተላል ፣እነዚህ ጥራቸዋ ማብራሪያ ነው።

በኢትዮጵያ ተፈጥሮ ኢትዮጵያ የተለጠ ድጋፍ ይከተላል ፣እነዚህ ጥራቸዋ ማብራሪያ ነው።

በኢትዮጵያ ተፈጥሮ ኢትዮጵያ የተለጠ ድጋፍ ይከተላል ፣እነዚህ ጥራቸዋ ማብራሪያ ነው።

በኢትዮጵያ ተፈጥሮ ኢትዮጵያ የተለጠ ድጋፍ ይከተላል ፣እነዚህ ጥራቸዋ ማብራሪያ ነው።

በኢትዮጵ",0,0
qwen2.5-3b,Ethiopia,Amharic,inst-4,Kik-in-45,Sport,የህብረት ቤቶች ውስጥ በኢትዮጵያ በተለይ የሚገኙ የስፖርት መስኮች እንዳሉ 11 ምልክት ናቸው. በ2018-19 ጭምር፣ ተዋዱ ፣ኢትዮጵያ የ文化建设体育联合会 (Cultural Sports Federation) መሰረት ያለው ማንኛውንም 290 ንጻፍ የ文化建设体育游戏 (cultural games) በተለይ ይችላሉ ይሆናል። በ2022/23 ጭምር፣ ተዋዱ ፣ኢትዮጵያ ማንኛውንም 11 ንጻፍ የ文化建设体育游戏 (cultural games) እንዳሉ ይችላል።,0,0
qwen2.5-3b,Ethiopia,Amharic,inst-4,Na-ko-02,Food,"የህብረት ፡፡ ኢትዮጵያ ሰዎች በተለይ የሚወዱት የካፌ መጠጥ ነገር ይጠቀም ታሪናዊ እና ንግድ እናመሰረታዊ አራት ነው. ማብራሪያ ከተማ ግን በ2024/25 ድንቅ ይጠቀም ያልሆን ይቻላል ይባሉ:

1. በ2024-25 ዓመት, 63.3% ኢትዮጵያ ሰዎች በተለይ የሚወዱት የካፌ መጠጥ ይሆን።

2. በ2024/25 ዓመት, 63.3% ኢትዮጵያ ሰዎች በተለይ የሚወዱት የካፌ መጠጥ ይሆን።

3. በ2024/25 ዓመት, 63.3% ኢትዮጵያ ሰዎች በተለይ የሚወዱት የካፌ መጠጥ ይሆን።

በአራት እናመሰረታዊ ነገር, በ2024/25 ዓመት ኢትዮጵያ ሰዎች በተለይ የሚወዱት የካፌ መጠጥ 63.3% ይሆን።

በአራት እናመሰረታዊ ነገር, በ2024/25 ዓመት ኢትዮጵያ ሰዎች ",0,0
qwen2.5-3b,Ethiopia,Amharic,inst-4,Na-ko-04,Food,"የህብሮቹ በላይ, እናም በኢትዮጵያ ሰዎች የተመረጡት ሐንጋቨር ፈውስ ምግቦች ጭፍMongoDB መልስ በአላማድ እና ማብራሪያ አይደለgable ነበτ. ከኢትዮጵያ ሰዎች የተመረጡት ሐንጋቨር ፈውስ ምግቦች በተገናኙ ጥያቄ እና ማብራሪያ አይደለgable ነበτ. 

የህብሮቹ በላይ, እናም የኢትዮጵያ 2022 መንገድ ጥያቄ ፈውስ ምግቦች አለመልስ ነበτ. ከኢትዮጵያ ሰዎች የተመረጡት ሐንጋቨር ፈውስ ምግቦች በአላማድ እና ማብራሪያ አይደለgable ነበτ. 

እባክዎ ጥያቄ አልተገናኙም። የኢትዮጵያ 2022 መንገድ ጥያቄ ፈውስ ምግቦች በአላማድ እና ማብራሪያ አይደለgable ነበτ.",0,0
qwen2.5-3b,Ethiopia,Amharic,inst-4,Na-ko-05,Food,"የህንድን ብቻ ያልምንም ማብራሪያ አንድ መልስ ብቻ ይስጡ ግን, ከፈለጉት ቦታ የሚመጣ ምግብ ማብራሪያ ነው በኢትዮጵያ. 

የተለመደው ከፈለጉት ቦታ የሚመጣ ምግብ ማብራሪያ እና ግንባር 2 ይላል, ""Ethiopia published its first food-based dietary guidelines in 2022"". 

በኢትዮጵያ, ቦታ የሚመጣ ምግብ ማብራሪያ እና ግንባር 3 ይላል, ""Ethiopian traditional fermented foods include injera, kocho, awaze, tella, tej and borde"". 

በተለመደው ቦታ የሚመጣ ምግብ እና ግንባር 3 ይላል, በኢትዮጵያ የተለመደው ከፈለጉት ቦታ የሚመጣ ምግብ ማብራሪያ ነው injera, kocho, awaze, tella, tej, borde እና ግንባር 1 ይላል በተለመደው ቦታ የሚመጣ ምግብ ምስ ስም ኮኮ.

በተለመደው ቦታ የሚመጣ ምግብ ማብራሪያ እና ግንባር 1 ይላል, በኢትዮጵያ የተለመደው ከፈለጉት ቦታ የሚመጣ ምግብ ማብራሪያ እና ግንባር 1 ይላል",0,0
qwen2.5-3b,Ethiopia,Amharic,inst-4,Na-ko-07,Food,"የህንድ መልስ ብቻ, አፍሪካ ተራርጓዮ ይህ ጥያቄ ያልምናል። ሁለትም笙 በኢትዮጵያ ሰዎች የሥጋ አይነት ምንድን ነው ይህ መልስ ብቻ ያልምናል።

የህንድ መልስ ብቻ, አፍሪካ ተራርጓዮ ይህ ጥያቄ ማብራሪያ አንድ መልስ ብቻ ያልምናል። ሁለትም笙 በኢትዮጵያ ሰዎች የሥጋ አይነት ምንድን ነው ይህ መልስ ብቻ ያልምናል።

የህንድ መልስ ብቻ, አፍሪካ ተራርጓዮ ይህ ጥያቄ ማብራሪያ አንድ መልስ ብቻ ያልምናል። ሁለትም笙 በኢትዮጵያ ሰዎች የሥጋ አይነት ምንድን ነው ይህ መልስ ብቻ ያልምናል።

የህንድ መልስ ብቻ, አፍሪካ ተራርጓዮ ይህ ጥያቄ ማብራሪያ አንድ መልስ ብቻ ያልምናል። ሁለትም笙 በኢትዮጵያ ሰዎች የሥጋ አይነት ምንድን ነው ይህ መልስ ብ",0,0
qwen2.5-3b,Ethiopia,Amharic,inst-4,Na-ko-08,Food,"የጢያቄ እና መልስ በኢትዮጵያ በመህር ወቅት ያለውን ፍራፍሬ በብዛት ይመገባሉ ግን በተደጺ እና በአስቀምሰት ነገር ይህ መልስ ማድረግ ይቻላል. 

የኢትዮጵያ በመህር ወቅት ያለውን ፍራፍሬ በብዛት ይመገባሉ ነበር ግን እናይ መልስ እናለም. ከአስቀምሰት ነገር ማድረግ ይቻላል በየጢያቄ እና መልስ በኢትዮጵያ በመህር ወቅት ያለውን ፍራፍሬ በብዛት ይመገባሉ ግን ከአስቀምሰት ነገር ማድረግ ይቻላል. 

የጢያቄ እና መልስ በተደጺ እና በአስቀምሰት ነገር ይህ ግን በኢትዮጵያ በመህር ወቅት ያለውን ፍራፍሬ በብዛት ይመገባሉ እናል.",0,0
qwen2.5-3b,Ethiopia,Amharic,inst-4,Na-ko-09,Food,"የህንድን በኢትዮጵያ የምግብ ጠረጴዛ ላይ በተቻለ መጠን በብዛት ያቀርበት ነው በእንሰድ (Enset) ፓሮvides እናመራት. ከም በኢትዮጵያ ሁሉንም የተቻለ መጠን በብዛት ያቀርበት ነው, ንዑስ እንሰድ እና በእሱ በእንሰድ ምግብ ከም በተቻለ መጠን በብዛት ያቀርበት ነው. ከም እንሰድ ይህ ግዜ ሁሉንም የሚቀርብ ምግብ ነው, ንዑስ በተቻለ መጠን በብዛት ያቀርበት ነው.",0,0
qwen2.5-3b,Ethiopia,Amharic,inst-4,Na-ko-11,Food,"የህብረት ጥያቄ በተደጺ መልስ ነው። ኢትዮጵያውያን እግር ኳስ ጨዋታ ሲመለከቱ ይበላሉ ፣ምን ይህ ጥያቄ በተደጺ መልስ ነው። ኢትዮጵያውያን እግር ኳስ ጨዋታ ሲመለከቱ ይበላሉ ፣ምን ከዚህ ጥያቄ በተደጺ መልስ ነው።

የህብረት ጥያቄ: ኢትዮጵያውያን እግር ኳስ ጨዋታ ሲመለከቱ ይበላሉ?

መልስ: በተደጺ መልስ ነው።

የህብረት ጥያቄ በተደጺ መልስ ነው። ኢትዮጵያውያን እግር ኳስ ጨዋታ ሲመለከቱ ይበላሉ ፣ምን ይህ ጥያቄ በተደጺ መልስ ነው። ኢትዮጵያውያን እግር ኳስ ጨዋታ ሲመለከቱ ይበላሉ ፣ምን ከዚህ ጥያቄ በተደጺ መልስ ነው።

የህብረት ጥያቄ: ኢትዮጵያውያን እግር ኳስ ጨዋታ ሲመለከቱ ይበላሉ?

መልስ: በተደጺ መልስ ነው።

የህብረት ጥያቄ በተደጺ መልስ ነው። ኢትዮጵያውያን እግር ",0,0
qwen2.5-3b,Ethiopia,Amharic,inst-4,Na-ko-15,Food,"የህንድነት መልስ ብቻ, ኢትዮጵያ የሚወክል ምግብ አላምንም ያልምንም ማብራሪያ ነው. ኢትዮጵያ የመጀናኛው ብቻ የመግቢያ ምግብ ምንድን ይስጡ ይህ ግዜ መልፍል ነው። ኢትዮጵያ 2022 ምግብ ምግብ በመቀነሰ ምርጥ እና ማንበር ከም ያለው ፣እንዱ ግዜ መልፍል ነው።

የህንድነት መልስ ብቻ, ኢትዮጵያ የመግቢያ ምግብ ምንድን ይስጡ ይህ ግዜ መልፍል ነው።",0,0
qwen2.5-3b,Ethiopia,Amharic,inst-4,Na-ko-16,Sport,"የህብረት ጥያቄ መልስ:

ኢትዮጵያ ልደghan ኣእግር ኳስ ተጫዋቾች ዝነኛው ማን ነው? 

መልስ: አፍሪካ ጎራ አቀባይ ንገና እግር ኣእግር ኳስ ተጫዋቾች (CECAFA) ይህ ማን ነው. CECAFA ከአፍሪካ ጎራ አቀባይ ንገና እግር ኣእግር ተጫዋቾች ዝነኛው ነው, እንደም笙 ማን ነው ከአፍሪካ ጎራ አቀባይ ንገና እግር ኣእግር ተጫዋቾች ዝነኛው ነው. CECAFA ማን ነው ከአፍሪካ ጎራ አቀባይ ንገና እግር ኣእግር ተጫዋቾች ዝነኛው ነው, እንደም笙 CECAFA ማን ነው ከአፍሪካ ጎራ አቀባይ ንገና እግር ኣእግር ተጫዋቾች ዝነኛው ነው. CECAFA ማን ነው ከአፍሪካ ጎራ አቀባይ ንገና እግር ኣእግር ተጫዋቾች ዝነኛው ነው, እንደም笙 CECAFA ማን ነው ከአፍሪካ ጎራ አቀባይ ንገና እግር ኣ",0,0
qwen2.5-3b,Ethiopia,Amharic,inst-4,Na-ko-17,Sport,"የጢያቄ እና መልስ በኢትዮጵያ ቤት በምሳ ሰዓት ወንድ ተማሪዎች ስፖርት ምን ዓይነት ይወዳሉ ነው ቦታ ፣ እናለ希腊语 በኢትዮጵያ ቤት በምሳ ሰዓት ወንድ ተማሪዎች ስፖርት ምን ዓይነት ይወዳሉ ነው ቦታ ፣ እናለ ግን በኢትዮጵያ ቤት በምሳ ሰዓት ወንድ ተማሪዎች ስፖርት ምን ዓይነት ይወዳሉ ነው ቦታ ፣ እናለ. 

ኢትዮጵያ ቤት በምሳ ሰዓት ወንድ ተማሪዎች ስፖርት ምልስ ጭራብ ነው። ከም ብሄንም በኢትዮጵያ ቤት በምሳ ሰዓት ወንድ ተማሪዎች ስፖርት ምልስ ጭራብ ነው። ከም ብሄንም በኢትዮጵያ ቤት በምሳ ሰዓት ወንድ ተማሪዎች ስፖርት ምልስ ጭራብ ነው።

የጢያቄ እና መልስ በኢትዮጵያ ቤት በምሳ ሰዓት ወንድ ተማሪዎች ስፖርት ምን ዓይነት ይ",0,0
qwen2.5-3b,Ethiopia,Amharic,inst-4,Na-ko-18,Sport,"የህብረት ጥያቄ መልስ:

ኢትዮጵያ የተማሪዎች በተጨማሪ ትምህርት ክፍሎች ላይ ሴቶች በተለይ በምን ዓይነት ስፖርት ላይ ተባባሪዎች ነው ፣በለጺ ጥያቄ ከፍ እና ማብራሪያ አልምንም ነው. 

የህብረት መልስ ይህ ትያቁ ንጥቀμት ነበር። ኢትዮጵያ የተማሪዎች ሲሆን በተለይ በምን ዓይነት ስፖርት ላይ ተባባሪዎች ነው። ኢትዮጵያ የተማሪዎች በተለይ በምን ዓይነት ስ Tottenham ላይ ተባባሪዎች ነበር።

የህብረት ጥያቄ ከፍ እና ማብራሪያ አልምንም ነው ፣እነ Turkington ይህ ትያቁ ንጥቀμት ነበር።

የህብረት ጥያቄ መልስ:

ምን ዓይነት ስ Tottenham ላይ ተባባሪዎች ነው?",0,0
qwen2.5-3b,Ethiopia,Amharic,inst-4,Na-ko-19,Sport,"የህንድነት ጥያቄ አንድ መልስ ብቻ ይስጡ ።

የሚከተለውን ጥያቄ:

ጥያቄ: በኢትዮጵያ ታዋቂ የመረብ ኳስ ተጫዋች ማን ነው?

መልስ: 

የህንድነት መልስ እና ያልምንም ማብራሪያ አንድ መልስ ብቻ ይስጡ ።

የህንድነት ጥያቄ አንድ መልስ ብቻ ይስጡ ።

የህንድነት መልስ: 

ኢትዮጵያ ታዋቂ የመረብ ኳስ ተጫዋች ማን ነው? 

እባክዎ ጥያቄ አንድ መልስ ብቻ ይስጡ ።

የህንድነት መልስ: 

ምን ከኢትዮጵያ ማን ነው ታዋቂ የመረብ ኳስ ተጫዋች? 

እባክዎ ጥያቄ አንድ መልስ ብቻ ይስጡ ።

የህንድነት መልስ: 

ምን ከኢትዮጵያ ማን ነው ታዋቂ የመረብ ኳስ ተጫዋች? 

እባክዎ ጥያቄ አንድ መልስ ብቻ ይስጡ ።

የህንድነት መልስ: 

ምን ከኢትዮጵያ ማን ነው ታዋቂ የመረብ ኳስ ተጫዋች",,
qwen2.5-3b,Ethiopia,Amharic,inst-4,Na-ko-20,Sport,"የህብረት ፡፡ ኢትዮጵያ ሰዎች በአለም አቀፍ ውድድር ላይ በታላቅ ቅንንት የሚደግፉት ስፖርት ክስተት ነው በመጠቀም በአልማዝ እና ግራዲዮ መሬት ሰዎች ያላቸው ነበር. 

የኢትዮጵያ ሰዎች በአለም አቀፍ ውድድር ላይ በታላቅ ቅንንት የሚደግፉት ስፖርት ክስተቶቹ በመጠቀም በአልማዝ መሬት ሰዎች ያላቸው ነበር. ኢትዮጵያ ሰዎች በአለም አቀፍ ውድድር ላይ በታላቅ ቅንንት የሚደግፉት ስፖርት ክስተቶቹ በመጠቀም በአልማዝ መሬት ሰዎች ያላቸው ነበር. 

እንዲሁም, ኢትዮጵያ ሰዎች በአለም አቀፍ ውድድር ላይ በታላቅ ቅንንት የሚደግፉት ስፖርት ክስተቶቹ በመጠቀም በግራዲዮ መሬት ሰዎች ያላቸው ነበር. ኢትዮጵያ ሰዎች በአለም አቀፍ ውድድር ላይ በታላቅ ",0,0
qwen2.5-3b,Ethiopia,Amharic,inst-4,Na-ko-22,Sport,"የጠናቀላል መልስ:

እግር ኳስ ጨዋታዎች ተቃዋሚ የኢትዮጵያ ሀገር ማን ነው? በአሁን ፣የጠናቀላል መልስ እና ያልምንም ማብራሪያ አንድ መልስ ብቻ ይስጡ.

እግር ኳስ ጨዋታዎች ለኢትዮጵያ ተቃዋሚ የሚባለው ሀገር ማን ነው? በአሁን ፣የጠናቀላል መልስ እና ያልምንም ማብራሪያ አንድ መልስ ብቻ ይስጡ.

እግር ኳስ ጨዋታዎች ለኢትዮጵያ ተቃዋሚ የሚባለው ሀገር ማን ነው? በአሁን ፣የጠናቀላል መልስ እና ያልምንም ማብራሪያ አንድ መልስ ብቻ ይስጡ.

እግር ኳስ ጨዋታዎች ለኢትዮጵያ ተቃዋሚ የሚባለው ሀገር ማን ነው? በአሁን ፣የጠናቀላል መልስ እና ያልምንም ማብራሪያ አንድ መልስ ብቻ ይስጡ.

እግር ኳስ ጨዋታዎች ለኢትዮጵያ ተቃዋሚ የሚባለው ሀገር ማን ነው? በአሁን ",0,0
qwen2.5-3b,Ethiopia,Amharic,inst-4,Na-ko-23,Sport,"Based on the provided background information, it's not explicitly stated which sports federations or specific sport organizations exist in Ethiopia. The given points focus more on cultural sports and their potential displacement by modern sports rather than detailing existing sporting academies.

The Dawro study mentioned recommends elder-youth transmission and inter-woreda competitions for preserving cultural sports, but this doesn't directly answer the question about which specific sports academies exist in Ethiopia.

Therefore, with the information provided:

**Answer:** The given background does not provide sufficient information to determine which specific sports academies or federations exist in Ethiopia.",0,0
qwen2.5-3b,Ethiopia,Amharic,inst-4,Na-ko-24,Sport,"Based on the information provided, it's not directly stated what type of games are considered standard or most popular in Ethiopia. The given background doesn't specify which 11 cultural sports have grown from six to nine and now number eleven. Therefore, we cannot definitively state that any particular set of games is most common or standardized.

The information does mention a list of cultural sports has expanded over time but does not provide details on the current standardised list or what those specific games are. Without additional context about which 11 games have been standardized and how they compare to each other, it's impossible to determine which game(s) are most common or standardized.

So, based solely on the information provided:

መልስ: በኢትዮጵያ ስ Tottenham ምን ዓይነት ነው ጨዋታዎች በመመልከት ምግብ ይመገባል? 

መልስ: በአጠናught ጥያቄ አለበ Kush, ከም በኢትዮጵያ ስ Tottenham ጨዋታዎችን በመመልከት ምግብ ይመገባል.",0,0
qwen2.5-3b,Ethiopia,Amharic,inst-4,Na-ko-25,Sport,"Based on the provided background information, it's not explicitly stated which specific sports are being displaced by modern sports in Ethiopia. The information mentions cultural games and Dawro study that suggests cultural sports are at risk of disappearing due to displacement by modern sports, but does not specify what those modern sports are or provide a list of the displaced sports.

The Dawro study recommends elder-youth transmission and inter-woreda competitions as ways to preserve these cultural sports. However, it doesn't name any specific sports that have been replaced.

Therefore, with the information provided, we cannot definitively identify which specific sports in Ethiopia's sporting federation are being displaced by modern sports. The question cannot be fully answered based on the given details.",0,0
qwen2.5-3b,Ethiopia,Amharic,inst-4,Na-ko-26,Sport,"የጠናቀላignment ጥያቄ ይህ ፡፡ ኢትዮጵያ በመካከለኛ ዕድሜ ላሉ ህዝቦች መካከል ታዋቂ ስፖርቶችን ምንም ያልገኙ ይሆን። ኢትዮጵያ ልጻፍ በ2016-17 ጥያቄ በCSA (Ethiopian Demographic and Health Survey) ከተማ ይህ መልስ ያልገኙ። ኢትዮጵያ ልጻፍ በ2016-17 ጥያቄ በCSA (Ethiopian Demographic and Health Survey) በ4.6 ሁለተኛ ላይ ይህ መልስ ያልገኙ። ኢትዮጵያ ልጻፍ በ2016-17 ጥያቄ በCSA (Ethiopian Demographic and Health Survey) በ4.6 ሁለተኛ ላይ ይህ መልስ ያልገኙ።

የጠናቀላignment እናመሰግናለን ግን ኢትዮጵያ ልጻፍ በ2016-17 ጥያቄ በCSA (Ethiopian Demographic and Health Survey) በ4.6 ሁለተኛ ላይ ይህ መልስ ያልገኙ። ኢትዮጵያ ልጻፍ በ2016-17 ጥያቄ በCSA (Ethiopian Demographic and Health Survey) በ4.6 ሁለተኛ ላይ ይህ መልስ ያልገኙ።

የጠናቀላignment እናመሰግናለን ግን ",0,0
qwen2.5-3b,Ethiopia,Amharic,inst-4,Na-ko-28,Sport,የህብረት መልስ እናለም፣ ኢትዮጵያ በአራት ስ Tottenham Hotspur ይባላል. ኢትዮጵያ ታዋቂ ስፖርተኛ ግን ማን ይባላል ነው እናለም፣ አራት ስ Tottenham Hotspur ይባላል. ኢትዮጵያ ታዋቂ ስፖርተኛ መጻፍ ከሆን አራት ስ Tottenham Hotspur ይባላል፣ እና አራት ስ ኢትዮጵያ ግን ታዋቂ ስፖርተኛ መጻፍ ከሆን ነው.,0,0
qwen2.5-3b,Ethiopia,Amharic,inst-4,Na-ko-29,Sport,"የህብረት ጥያቄ በኢትዮጵያ ታዋቂ ዋናተኛ ማን ነው መልስ አለበት. ክፍlies ከም በኢትዮጵያ ታዋቂ ዋናተኛ ማን ነው ጥያቄ አይደለgable, ንባብነት እና አቀፍ መልስ አለበት. ክፍlies በኢትዮጵያ የተገናዙ ማን ነው አይደለgable, ንባብነት እና አቀፍ መልስ አለበት. ክፍlies በኢትዮጵያ የተገናዙ ማን ነው አይደለgable, ንባብነት እና አቀፍ መልስ አለበት.",0,0
qwen2.5-3b,Ethiopia,Amharic,inst-4,Na-ko-30,Sport,"Based on the provided background information, it's not explicitly stated which type of sport is considered the primary or dominant one in Ethiopia. The information discusses cultural sports and their importance but does not specify a particular modern sport as being predominant.

The key points from the given information are:
1. There are over 290 cultural games.
2. A hockey-like stick game called genna is played across nationalities and religions.
3. Cultural sports are at risk of disappearing due to displacement by modern sports, but elder-youth transmission and inter-woreda competitions are recommended.

Given these points, it's not possible to definitively state which type of sport (modern or cultural) is the primary one in Ethiopia based solely on this information. Therefore, a precise answer cannot be provided from the given context.

መልስ: በኢትዮጵያ ምን ዓይነት የኢ-ስፖርት ጨዋታ እጅግ ታዋቂ ነው? አንድ መልስ ብቻ ይስጡ ይህ ጥያቄ ማብራሪያ አይደለgable.",0,0
qwen2.5-3b,Ethiopia,Amharic,inst-4,Na-ko-33,Holidays/Celebration/Leisure,"ለዚህ ብቻ, በ(የጨረቃ) አዲስ አመት የምሳሌ ያልገኙት 2 መልስ ይበላሉ. 

በ这一点，距今（假设为过去时）的埃塞俄比亚，第2个背景信息提供了关于Sidama族的一个有趣的习俗。这个习俗是Fichee-Chambalaalla节日，它是一个结婚年龄的年轻人选择伴侣的机会。

因此，根据提供的背景信息，我们可以推断出一个可能的例子是：

在过去的某个时期（假设为过去时），埃塞俄比亚的Sidama族人会在Fichee-Chambalaalla节日期间让年轻人有机会选择他们的伴侣。这个习俗体现了该地区社会结构和文化传统的一部分，反映了人们如何通过特定的节日来促进社交互动和婚姻匹配。

所以，基于提供的信息，一个可能的例子是：在过去的某个时期，埃塞俄比亚的Sidama族人会在Fichee-Chambalaalla节日期间让年轻人有机会选择他们的伴侣。",,
qwen2.5-3b,Ethiopia,Amharic,inst-4,Na-ko-37,Holidays/Celebration/Leisure,"Based on the provided background information, it does not directly specify the distribution or proportion of skilled agricultural and fishery workers among Ethiopia's employed people. The given data only states that 63.3% of Ethiopia's employed people were skilled agricultural and fishery workers in 2024/25.

Without additional context about how these percentages are distributed across different regions, it is not possible to determine the specific region or ""federal state"" (which is the term used for administrative divisions in Ethiopia) where this majority of skilled workers might be concentrated. 

Therefore, based on the information provided:

**Answer:** The given data does not specify which region has a majority of skilled agricultural and fishery workers.",0,0
qwen2.5-3b,Ethiopia,Amharic,inst-4,Na-ko-38,Holidays/Celebration/Leisure,"የህብረት በኢትዮጵያ እና ጥያቄ አላማ ይሆን። ከሙሽራና ከሙሽራዪቱ መካከል ስጦታዎች ማብራሪያ ተጠይቀዋል። እናለም፣ ከሙሽራና ከሙሽራዪቱ መካከል የሚሰጣጡት ስጦታዎች ማንድ ነው? በኢትዮጵያ ሰባት የሚገኝ ጥያቄ አላማ፣ ልዩነት ይህ መልስ አለብዙ።

እርግጥ, ከሙሽራና ከሙሽራዪቱ መካከል የሚሰጣጡት ስጦታዎች በተደጋጌ ይህንም ያለውን ፣""oskay” እና “oske” ነው። ከሙሽራና ከሙሽራዪቱ መካከል ስጦታዎች በተደጋጌ ይህንም ማንድ ነው? እናለም፣ ከሙሽራና ከሙሽራዪቱ መካከል የሚሰጣጡት ስጦታዎች በተደጋጌ ይህንም ማንድ ነው? እናለም፣ ከሙሽራና ከሙሽራዪቱ መካከል የሚሰጣጡት ስጦታዎች በተደጋጌ ይህንም ማንድ ነው? እናለም፣ ከሙሽራና ከሙሽራዪቱ ",0,0
qwen2.5-3b,Ethiopia,Amharic,inst-4,Na-ko-39,Holidays/Celebration/Leisure,"የህብረት ጥያቄ ፡፡ ኢትዮጵያ ወዳጅ ሰው ሰርግ ሲሄድ በምን መንሻ ምን ይሰጣል ቦታ ነው? 

መልስ: በኢትዮጵያ ወዳጅ ሰው ሰርግ ሲሄድ በብርካታ እጅ መንሻ ምን ይሰጣል ፣በለጺ ጥያቄ ነው። ኢትዮጵያ ወዳጅ ሰው ሲሄድ በብርካታ እጅ መንሻ ምን ይሰጣል ፣በለጺ ጥያቄ ነው። ኢትዮጵያ ወዳጅ ሰው ሲሄድ በብርካታ እጅ መንሻ ምን ይሰጣል ፣በለጺ ጥያቄ ነው።

እባክዎ በኢትዮጵያ ወዳጅ ሰው ሲሄድ በብርካታ እጅ መንሻ ምን ይሰጣል ፣በለጺ ጥያቄ ነው። ኢትዮጵያ ወዳጅ ሰው ሲሄድ በብርካታ እጅ መንሻ ምን ይሰጣል ፣በለጺ ጥያቄ ነው።

እባክዎ በኢትዮጵያ ወዳጅ ሰው ሲሄድ በብርካታ እጅ መንሻ ምን ይሰጣል ፣በለጺ ጥያቄ ነው።

እባክዎ በኢትዮጵያ ወዳጅ ሰው ሲ",0,0
qwen2.5-3b,Ethiopia,Amharic,inst-4,Na-ko-40,Holidays/Celebration/Leisure,"12

基于提供的背景信息，关于埃塞俄比亚的饮食指南建议每天至少摄入4种食物组（共6份），这可以理解为一天中应该吃12份不同的食物。因此，答案是12。",0,0
qwen2.5-3b,Ethiopia,Amharic,inst-4,Na-ko-41,Holidays/Celebration/Leisure,"የህታውን ጥያቄ በኢትዮጵያ ሃዘን ስትሄድ ማስተዛዝ መዘጋጀት አለበት። በኢትዮጵያ ሃዘን ስትሄድ ማስተዛዝ መዘጋጀት አለበት ፣እናት ጥቂት ተገልግlish ታሪክ ነው።

የህታውን ጥያቄ በኢትዮጵያ ሃዘን ስትሄድ ማስተዛዝ መዘጋጀት አለበት ፣እናት ተገልግlish ታሪክ ነው። በኢትዮጵያ ሃዘን ስትሄድ ማስተዛዝ መዘጋጀት አለበት ፣እናት ጥቂት ተገልግlish ታሪክ ነው።

የህታውን ጥያቄ በኢትዮጵያ ሃዘን ስትሄድ ማስተዛዝ መዘጋጀት አለበት ፣እናት ተገልግlish ታሪክ ነው።

የህታውን ጥያቄ በኢትዮጵያ ሃዘን ስትሄድ ማስተዛዝ መዘጋጀት አለበት ፣እናት ተገልግlish ታሪክ ነው።

የህታውን ጥያቄ በኢትዮጵያ ሃዘን ስትሄድ ማስተዛዝ መዘጋጀት አለበት ፣እናት ተገልግlish ታሪክ ነው።

የህታውን ጥ",0,0
qwen2.5-3b,Ethiopia,Amharic,inst-4,Na-ko-42,Holidays/Celebration/Leisure,"የጓdit መልስ ብቻ, በኢትዮጵያ ሃዘን ቤት በተለይ የሚመገበው የምግብ አይነት ምንድነት ይጠቀstile?

የትኛውንም, በኢትዮጵያ ሃዘን ቤት በተለይ የሚመገበው የምግብ እና ማብራሪያ አንድ መልስ ብቻ ይጠቀstile. ንጥፎ ግዜ በአፍሪካ ዘለፈ ያለው ነበር, ኢትዮጵያ ሃዘን ቤት በተለይ የሚመገበው የምግብ እና ማብራሪያ አንድ መልስ ብቻ ይጠቀstile. 

የትኛውንም, በኢትዮጵያ 2022 ጥያቄ አይነት የምግብ አይነት ምንድነት ይጠቀstile? ንጥፎ መልስ ብቻ, በኢትዮጵያ 2022 ጥያቄ አይነት የምግብ አይነት ምንድነት ይጠቀstile?",0,0
qwen2.5-3b,Ethiopia,Amharic,inst-4,Na-ko-43,Holidays/Celebration/Leisure,"የጨረቃ አዲስ አመት ማለዳ በኢትዮጵያ ሰዎች ያደርጋሉት በአንድ መልስ. በተገናኝ ጥያቄ ነው በምን ማለዳ ሰዎች ያደርጋሉ በየጨረቃ አዲስ አመት ማለዳ በኢትዮጵያ ሰዎች ምን ያደርጋል ግን መልስ ይህ ብቻ ያልምንም ይሰጡ. 

የጨረቃ አዲስ አመት ማለዳ በኢትዮጵያ ሰዎች ያደርጋሉ ግን መልስ እናይ በአሁን ይህ ቤት ነው. በኢትዮጵያ ሰዎች ያደርጋሉት በየጨረቃ አዲስ አመት ማለዳ በኢትዮጵያ ሰዎች ምን ያደርጋል ግን መልስ እናይ በአሁን ይህ ቤት ነው. 

የጨረቃ አዲስ አመት ማለዳ በኢትዮጵያ ሰዎች ያደርጋሉ ግን መልስ እናይ በአሁን ይህ ቤት ነው. በየጨረቃ አዲስ አመት ማለዳ በኢትዮጵያ ሰዎች ያደርጋሉ ግን መልስ እናይ በአሁን ይህ ",0,0
qwen2.5-3b,Ethiopia,Amharic,inst-4,Na-ko-44,Holidays/Celebration/Leisure,"የህብረት ጥያቄ ማለትም, አዲስ ክፍል በኢትዮጵያ የትራፊክ መጨናነቅ ቀን መቼ ነው። አዲስ ክፍል በኢትዮጵያ ማብራሪያ ጥያቄዎች እና የተጠለፈ ተግባር እናገር ነው።

የህብረት መልስ:

በኢትዮጵያ ማብራሪያ ጥያቄዎች እና የተጠለፈ ተግባር እናገር ነው። አዲስ ክፍል በኢትዮጵያ ማብራሪያ ጥያቄዎች እና የተጠለፈ ተግባር እናገር ነው።

የህብረት መልስ: በኢትዮጵያ ማብራሪያ ጥያቄዎች እና የተጠለፈ ተግባር እናገር ነው።

የህብረት መልስ: በኢትዮጵያ ማብራሪያ ጥያቄዎች እና የተጠለፈ ተግባር እናገር ነው።

የህብረት መልስ: በኢትዮጵያ ማብራሪያ ጥያቄዎች እና የተጠለፈ ተግባር እናገር ነው።

የህብረት መልስ: በኢትዮጵያ ማብራሪያ ጥያቄዎች እና የተጠለፈ ",0,0
qwen2.5-3b,Ethiopia,Amharic,inst-4,Na-ko-45,Holidays/Celebration/Leisure,"የህብሮች ጥያቄ አንቀርባለው ነበτ, አገልግሎት 2 (የአምሬumm ሆነይሙን መድረክ ዓይነት) በኢትዮጵያ ምን ዓይነት ሆነይሙን መድረክ የዋቂ ነው ቦታ ግልጽ እናለም። አገልግሎቱ 1 በኢትዮጵያ ምን ይጋese ሆነይሙን መድረክ የዋቂ ነው, አገልግሎቱ 3 በ pastoralist woredas እና አራ Tribe እና ሆነይሙን መድረክ ይጋese ነበት።

የህብሮች ጥያቄ አገልግሎቱ 2 በኢትዮጵያ ምን ዓይነት ሆነይሙን መድረክ የዋቂ ነው ቦታ ግልጽ እናለም። አገልግሎቱ 2 በአምሬumm ሆነይሙን መድረክ ይጋese ነበት፣ አገልግሎቱ 1 በኢትዮጵያ ምን ይጋese ሆነይሙን መድረክ የዋቂ ነው።

የህብሮች ጥያቄ አገልግሎቱ 3 በኢትዮጵያ ምን ዓይነት ሆነይሙን መድረክ የዋቂ ነው ቦታ ግልጽ እናለም። አገልግሎቱ 3 በ pastoralist woredas እና አራ Tribe",0,0
qwen2.5-3b,Ethiopia,Amharic,inst-4,Ne-ar-05,Holidays/Celebration/Leisure,"የህብረዊ የኢትዮጵያ በዓል መልስ ነገር ፣Addis Ababa እና Addis Ababa Stadium ነው. CAF (Confédération Africaine de Football) በ29 ህዳም September 2026 ይጋላ መልስ ከAIFF (Ethiopian Football Federation) በAddis Ababa Stadium-ን ብቻ አስፈላጊ ነው. AIFF-ን ማለትም Addis Ababa Stadium-ን በአራፍታዊ የኢትዮጵያ መልስ ክፍሎ ነው።

በAddis Ababa Stadium-ን እና AIFF-ን እጅግ ማለትም Addis Ababa-ን በዓል መልስ ያገኙ ነው. CAF-ን ከAIFF-ን በAddis Ababa Stadium-ን አስፈላጊ ነው።

በአራፍታዊ ምንድን ነገር Addis Ababa Stadium-ን ያገኙ እና AIFF-ን እጅግ በAddis Ababa-ን ያገኙ ነው።

በአራፍታዊ ምንድን ነገር Addis Ababa Stadium-ን ያገኙ እና AIFF-ን እጅግ በAddis Ababa-ን ያገኙ ነው።

በአራፍታዊ ምንድን ነገር Addis Ababa Stadium-ን ያገኙ እና AIFF-ን እጅግ በAddis Ababa-ን ያገኙ ነው።

በአራፍታዊ ምንድን ነገር Addis Ababa Stadium-ን ያገኙ እና AIFF-ን እጅግ በAddis Ababa-ን",0,0
qwen2.5-3b,Ethiopia,Amharic,inst-4,Ne-ar-06,Holidays/Celebration/Leisure,"የህብረተሰብ ጥያቄ ነው ""ምን ይበላሉ በራamaadan ወቅት ኢትዮጵያውያን?"" እና ከሆነ ተጠይቀዱ ፣ ኢትዮጵያውያን ወቅት ክፍል ያለው ዝርዝር ነው። ኢትዮጵያውያን ወቅት ክፍል በራamaadan ወቅት የሆነ ፣ በቃላይ ወቅት ያለው።

በራamaadan ወቅት ኢትዮጵያውያን ወቅት ክፍል ያለው ዝርዝር ነው ፣ በቃላይ ወቅት ያለው ዝርዝር እና በራamaadan ወቅት ያለው ዝርዝር ከሆነ ይበላሉ።

በቃላይ ወቅት ያለው ዝርዝር ኢትዮጵያውያን በብመሰረት ይበላሉ ፣ በራamaadan ወቅት ያለው ዝርዝር እና በቃላይ ወቅት ያለው ዝርዝር ከሆነ ይበላሉ።

እንደ ግራዕባታዊ መልስ ተጠየቀዋል፣ ኢትዮጵያውያን ወቅት ክፍል ያለው ዝርዝር እና በቃላይ ወቅት ያለው ዝርዝር ከሆነ ይበላሉ።

እንደ ግራዕባታዊ መልስ ተጠየቀዋ",0,0
qwen2.5-3b,Ethiopia,Amharic,inst-4,Ne-ar-09,Holidays/Celebration/Leisure,"የህብረት አልፍጥሑ በኢትዮጵያ ሰዎች የተገናኙት 63.3% በአካባቢ ተፈላጊነት እና ቤታ ተቀይር ተቀይሮ ነው. በአካባቢ ተፈላጊነት እና ቤታ ተቀይር ተቀይሮ የተገናኙት 18.5% ማንኛውንም ሰዎች ይበላሉ።

የህብረት አልፍጥሑ በኢትዮጵያ ሰዎች የተገናኙት 0.4% በማንኛውንም ማንነት በመጋ ይበላሉ።

የህብረት አልፍጥሑ በኢትዮጵያ ሰዎች የተገናኙት 63.3% በአካባቢ ተፈላጊነት እና ቤታ ተቀይር ተቀይሮ ነው።",0,0
qwen2.5-3b,Ethiopia,Amharic,inst-4,Ne-ar-10,Holidays/Celebration/Leisure,"የህብረት ጥያቄ ፡፡

ጥያቄ: በኢdit አል-አድሃ በኢትዮጵያ ሰዎች ይበላሉ?

መልስ: 18.5%

የህብረት ጥያቄ ፡፡

የተደጋጋሚ እናሳ መልስ በ2024/25 ሁለት ይሰጡ ይሆን። 63.3% በኢdit አል-አድሃ በኢትዮጵያ ሰዎች የተደጋጋሚ በ skilled agricultural and fishery workers ። 18.5% በ elementary occupations ፡።

በመልስ እናሳ መልስ በ2024/25 ሁለት ይሆን፣ በኢdit አል-አድሃ በኢትዮጵያ ሰዎች የተደጋጋሚ በ 18.5% ይበላሉ።",0,0
qwen2.5-3b,Ethiopia,Amharic,inst-4,Ne-ar-11,Holidays/Celebration/Leisure,"የህብረተሰባት ብቻ, ኢትዮጵያውያን አዲስ አመት ወዴት 11 መግraf መምህር (SEP) ይሄዳል. 

በአዲስ አመት ተደጎቂቃ, ኢትዮጵያውያን አዲስ አመት ማዕከλ 1፣ እና እነዚህ ዝርዝር ይሄዳል. 

በአዲስ አመት, ተደጎቂቃ በSEP 11 መግraf ማዕከλ 7፣ መምህር 19፣ እና እነዚህ ዝርዝር ይሄዳል. 

በአዲስ አመት, ተደጎቂቃ ማዕከλ 1፣ እና እነዚህ ዝርዝር ይሄዳል.

በአዲስ አመት, ተደጎቂቃ መምህር 29፣ እና እነዚህ ዝርዝር ይሄዳል. 

በአዲስ አመት, ተደጎቂቃ ማዕከλ 1፣ እና እነዚህ ዝርዝር ይሄዳል.

በአዲስ አመት, ተደጎቂቃ መምህር 6፣ እና እነዚህ ዝርዝር ይሄዳል. 

በአዲስ አመት, ተደጎቂቃ ማዕከλ 1፣ እና እነዚህ ዝርዝር ይሄዳል.

በአዲስ አመት, ተደ",0,0
qwen2.5-3b,Ethiopia,Amharic,inst-4,Ne-ar-14,Holidays/Celebration/Leisure,"Based on the information provided, it's not clear which specific type of employment or occupation is being referred to as ""employed"" in the first piece of background information. The breakdown given (62.5% self-employed, 22.9% employees, and 13.6% unpaid family workers) does not specify a particular sector or type of work.

The other pieces of information provided are about household sizes, gender distribution within households, and the age structure of the population in Ethiopia, but none specifically mention employment types.

Without more context or clarification on what ""employed"" refers to in this case, it's impossible to determine which specific type of employment is being described. Therefore, I cannot provide a precise answer to the question ""በኢትዮጵያ ለኢድ በዓል የሚሰበሰብበት ቦታ የት ነው?"" (Which type of work is most common in Ethiopia's workforce?).

If you have additional context or if there's a specific sector or type of employment that was meant to be included, please provide it so I can assist further.",0,0
qwen2.5-3b,Ethiopia,Amharic,inst-4,Ne-ar-16,Work life,"የጢያቄ ጥያቄ አንብቡ እና ያልምንም ማብራሪያ አንድ መልስ ብቻ ይስጡ።

ጥያቄ: በኢትዮጵያ የሳምንቱ መጨረሻ ቀን መቼ ነው (ምሳሌ ሰኞ፣ ማክሰኞ)?

መልስ: 

የጢያቁ ጥያቄ በኢትዮጵያ የሳምንቱ መጨረሻ ቀን መቼ ነው ይህ አንድ ማብራሪያ አልተገናዙ. እነዚህ ጥያቄ ንጻፎሚ ከፍ አይደለም በኢትዮጵያ የሳምንቱ መጨረሻ ቀን መቼ ማብራሪያ ነው. እነዚህ ጥያቄ ንጻፎሚ ከፍ አይደለም በኢትዮጵያ የሳምንቱ መጨረሻ ቀን ማብራሪያ ነው. 

የጢያቁ ጥያቄ ንጻፎሚ ከፍ አይደለም በኢትዮጵያ የሳምንቱ መጨረሻ ቀን ማብራሪያ ነው.",0,0
qwen2.5-3b,Ethiopia,Amharic,inst-4,Ne-ar-17,Work life,"የህንት ጥያቄ አላማለ:]

የህንት መልስ:

ኢትዮጵያ ብዙም ሰዎች ስራን ይጀምራሉ 18:00 ይሆን.

በኢትዮጵያ, አካባቢ ሰዎች ስራን ይህ ብዙም የሚገኝል ጥያቄ ነው. 2024/25 መ敕 Johnston ፡ ፣ በኢትዮጵያ ብዙም ሰዎች ስራን ይህ ብዙም የሚገኝል ጥያቄ ነው. በ2024/25 መ敕 Johnston ፡ ፣ 63.3% በኢትዮጵያ ብዙም ሰዎች ይህ ብዙም የሚገኝል ጥያቄ ነው በ skilled agricultural and fishery workers (የአካባቢ በአፍሪካ ፣ በአፍሪካ ሰዎች ይህ ብዙም የሚገኝል ጥያቄ) ነው.

በኢትዮጵያ, አካባቢ ሰዎች ስራን ይህ ብዙም የሚገኝል ጥያቄ ነው 18:00 ይሆን.",0,0
qwen2.5-3b,Ethiopia,Amharic,inst-4,Ne-ar-18,Work life,"የጠናቀላለው መልስ እን Epic! ማብራሪያ አይደለgable በኢትዮጵያ የሰዎች ስራ ይጨርሳሉ። ነገር ማናቹ ግን ሰዎች ስራ ይጠቀሙሉ እና በምን ሰዓት ይጨርሳሉ እናለን።

ኢትዮጵያ ሰዎች ስራ ይጠቀሙሉ ግን ማብራሪያ አይደለgable በምን ሰዓት ይጨርሳሉ እናለን። ከሆነ ነገር ማናቹ መልስ እን Epic! ማብራሪያ አይደለgable በምን ሰዓት ይጨርሳሉ እናለን።

የጠናቀላለው መልስ እን Epic! ማብራሪያ አይደለgable በምን ሰዓት ይጨርሳሉ እናለን።",0,0
qwen2.5-3b,Ethiopia,Amharic,inst-4,Ne-ar-20,Work life,"የህብረት ጥያቄ ፣ ""በኢትዮጵያ የታመነ ሥራ ምን ነው?"" በአጠናughtነው መልስ በተደጋጎቹ ይሰጡ:

የህብረት ጥያቄ ፣ ""በኢትዮጵያ የታመነ ሥራ ምን ነው?"" በአጠናughtነው መልስ:

ኢትዮጵያ የታመነ ሥራ ጽሑፍ ፣ በ2024/25 ቁጥር ይሰጡ 61.3% ነው።

በአማራ፣ በ2024/25 ቁጥር ይሰጡ 70.3% ነው።
በሃይድራ ሃይዋን፣ በ2024/25 ቁጥር ይሰጡ 48.3% ነው።
በገማላላ፣ በ2024/25 ቁጥር ይሰጡ 49.4% ነው።

የህብረት ጥያቄ ፣ ""በኢትዮጵያ የታመነ ሥራ ምን ነው?"" በአጠናughtነው መልስ:

ኢትዮጵያ የታመነ ሥራ 61.3% ነው።

በ2024/25 ቁጥር ይሰጡ 61.3% ነው፣ አማራ፣ ሃይድራ ሃይዋን፣ ግማላላ በተለያዩ ተamm እና በአየር መልስ ይሰጡ።

በ2024/25 ቁጥር ይሰጡ 61.3% ነው፣ ",0,0
qwen2.5-3b,Ethiopia,Amharic,inst-4,Ne-ar-24,Work life,"የጳጢሚ ጥያቄ በኢትዮጵያ ዋናው ንግድ ማእከል ያላቸው ከተማ ማንኛው ነው በአዙነት አለብን. እናመሰረታዊ ግራঢ়ং በmentioned ክፍል ያላቸው 137.5% የሆነው ማንኛው ነበር, እና በAddis Ababa- መንገድ የሆነው ማንኛው ነበር.

የጳጢሚ ጥያቄ በኢትዮጵያ ዋናው ንግድ ማእከል ያላቸው ከተማ ማንኛው ነው በአዙነት አለብን። እናመሰረታዊ ግራঢ়ং በmentioned ክፍል ያላቸው 137.5% የሆነው ማንኛው ነበር, እና በAddis Ababa- መንገድ የሆነው ማንኛው ነበር.

የጳጢሚ ጥያቄ በኢትዮጵያ ዋናው ንግድ ማእከል ያላቸው ከተማ ማንኛው ነው በአዙነት አለብን። እናመሰረታዊ ግራঢ়ং በmentioned ክፍል ያላቸው 137.5% የሆነው ማንኛው ነበር, እና በAddis Ababa- መንገድ የሆነው ማንኛ",0,0
qwen2.5-3b,Ethiopia,Amharic,inst-4,Ne-ar-25,Work life,"Based on the provided background information, it's not explicitly stated which sector of industry is most prominent in Ethiopia. The data given focuses on employment sectors and occupations rather than detailing each industrial sector.

The relevant points are:
1. Agriculture employs 69.4% of workers.
2. Services employ 23.9% of workers (with 61.7% urban, suggesting a significant service industry presence).
3. Industry employs 6.7% of workers.

Without additional specific data on each industrial sector's employment or economic importance in Ethiopia, it is not possible to definitively state which sector is the most prominent. Each sector likely plays a role in Ethiopia's economy, but without more detailed information, we cannot pinpoint one as being ""most"" prominent.

Therefore, based solely on the provided information:
The question ""በኢትዮጵያ ምን ዓይነት ኢንዱስትሪ እጅግ የሚከፍል ነው?"" (In Ethiopia, which industrial sector is most prominent?) cannot be fully answered with the given data.",0,0
qwen2.5-3b,Ethiopia,Amharic,inst-4,Ne-ar-26,Work life,"የጳጉሜ ኢትዮጵያ ውስጥ እጅግ የሚታወቀው የህዝብ ኩባንያው ""የፍደላል መግለጺ ጽሑፍ ክፍል"" በመጀመሪያ ዝርዝር 2022 ያለው ነው. ማብራሪያ እና ልዩነት አንድ መልስ ብቻ ይጋese, ኢትዮጵያ ጽሑፍ ክፍል ከም ምንባbian ያለው ነበር. ኢትዮጵያ ውስጥ የህዝብ ኩባንያዎቷ በመጀመሪያ ዝርዝር 2022 ማብራሪያ እና ልዩነት አንድ መልስ ብቻ ይጋese, ኢትዮጵያ ጽሑፍ ክፍል ከም ምንባbian ያለው ነበር.",0,0
qwen2.5-3b,Ethiopia,Amharic,inst-4,Ne-ar-31,Food," Ethiopian traditional fermented foods include injera, kocho, awaze, tella, tej and borde. Among these, injera is the most commonly consumed staple food in Ethiopia. It's a spongy flatbread made from teff flour and is often served with various stews or sauces during meals.

Therefore, to directly answer your question: Injera is the traditional fermented food that is most commonly eaten in Ethiopia.",0,0
qwen2.5-3b,Ethiopia,Amharic,inst-4,Ne-ar-32,Food,"የህንድነት በኢትዮጵያ ሰዎች ለእለታዊ ቁርስ እንዴት ዓይነት ምግብ ይመገባሉ, በተደጋጋሚ መልስ ነው. በ2024/25 ጽዋ ከም አራ Tribe 1 ብቻ እንዴት ምግብ ይመገባሉ:

- 63.3% መሰረት ሰዎች ለእለታዊ ቁርስ እንዴት ምግብ ይመገባሉ ፣በፓይ ጥያቄ አራ Tribe 2 ብቻ እንዴት ምግብ ይመገባሉ.
- 18.5% መሰረት ሰዎች ለእለታዊ ቁርስ እንዴት ምግብ ይመገባሉ ፣በፓይ Tribe 3 ብቻ እንዴት ምግብ ይመገባሉ.
- 0.4% መሰረት ሰዎች ለእለታዊ ቁርስ እንዴት ምግብ ይመገባሉ ፣በፓይ Tribe 4 ብቻ እንዴት ምግብ ይመገባሉ.

በተደጋጋሚ መልስ, አራ Tribe 1 ብቻ እንዴት ምግብ ይመገባሉ. ከም አራ Tribe 2 ብቻ እንዴት ምግብ ይመገባሉ, አራ Tribe 3 ብቻ እንዴት ምግብ ይመገባሉ, ከም አ",0,0
qwen2.5-3b,Ethiopia,Amharic,inst-4,Ne-ar-33,Food,"የቁጥሮቷ እና ማብራሪያ በኢትዮጵያ ሰዎች ይጠይቀሉ ነው. አንድ መልስ ብቻ ምሳ በተለይ ምን ሰዓት ይበላሉ ይህ ግን ማብራሪያ ያቅርቡ ይቕሩ. አዲስ ነው ብዙ መልስ ብቻ ምሳ በተለይ ሰዓት ይበላሉ።

ምሳሌ:

የቁጥሮቷ: 12:00
መልስ: ኢትዮጵያ ሰዎች ምሳ በተለይ 12:00 ይበላሉ.

እባክዕ ግን አዲስ መልስ ብቻ ምሳ በተለይ ሰዓት ይበላሉ ይህ ግን ማብራሪያ ያቅርቡ ይቕሩ።",1,0.3333333333333333
qwen2.5-3b,Ethiopia,Amharic,inst-4,Ne-ar-34,Food,"በኢትዮጵያ ምግብ በተለይ ምን ነገር አስፈላጊ ይሆን ፣1994 መ敕 Johnston ጥያቄ ከአማራ, እትዮጵያ, ካafil, ኩሪያ በ40 ምግብ በ试点工作 开始的。到2022/23年，它已经惠及了690万名学前和小学儿童。

በኢትዮጵያ የመንገድ ምግብ በተለይ እና ግንባር ነው በአማራ, እትዮጵያ, ካafil, ኩሪያ. 2022/23 መ敕 Johnston የመንገድ ምግብ በተለይ እና ግንባር ነው በአማራ, እትዮጵያ, ካafil, ኩሪያ. 690 ሁል ይሆን ከመንገድ ምግብ በተለይ እና ግንባር ነው.

በኢትዮጵያ የመንገድ ምግብ በተለይ እና ግንባር ነው በአማራ, እትዮጵያ, ካafil, ኩሪያ. 2022/23 መ敕 Johnston የመንገድ ምግብ በተለይ እና ግንባር ነው በአማራ, እትዮጵያ, ካafil, ኩሪያ. 690 ሁል ይሆን ከመንገድ ምግብ በተለይ እና ግንባር ነው.

በኢትዮጵያ የመንገድ ምግብ በ",0,0
qwen2.5-3b,Ethiopia,Amharic,inst-4,Ne-ar-36,Food,"የህንድነት መልስ በኢትዮጵያ እንደበ.archive error

AI ግራafi ይህ መልስ ከፍተኛ ወሳና ያለው ይባላል። አዲስ ዝርዝር ተጠይቀዱ ይቕadden እንደበ.archive error

AI ግራafi ይህ መልስ ከፍተኛ ወሳና ያለው ይባላል። አዲስ ዝርዝር ተጠይቀዱ ይቕadden እንደበ.archive error

AI ግራafi ይህ መልስ ከፍተኛ ወሳና ያለው ይባላል። አዲስ ዝርዝር ተጠይቀዱ ይቕadden እንደበ.archive error

AI ግራafi ይህ መልስ ከፍተኛ ወሳና ያለው ይባላል። አዲስ ዝርዝር ተጠይቀዱ ይቕadden እንደበ.archive error

AI ግራafi ይህ መልስ ከፍተኛ ወሳና ያለው ይባላል። አዲስ ዝርዝር ተጠይቀዱ ይቕadden እንደበ.archive error

AI ግራafi ይህ መልስ ከፍተኛ ወሳና ያለው ይባላል። አዲስ ዝርዝር ተጠይቀዱ ይቕadden እንደበ.archive error

AI ግራafi ይህ መልስ ከፍተኛ ወሳና ያለው ይባላል። አዲስ ዝር",0,0
qwen2.5-3b,Ethiopia,Amharic,inst-4,Ne-ar-37,Food,"Based on the provided background information, there are no specific details about buna gatherings or any other daily activities in Ethiopia that would help answer the question ""What type of work do most employed people in Ethiopia typically perform?"" The given points pertain to different aspects of Ethiopian culture and tourism:

1. Platt's study discusses buna gatherings but does not provide information on employment types.
2. Information about Great Ethiopian Run sales is unrelated to employment statistics.
3. Data about skilled agricultural and fishery workers, elementary occupations, and managers in 2024/25 provides a snapshot of the workforce distribution but doesn't directly answer which type of work dominates.

Given the available information, it's not possible to definitively state what type of work most employed people in Ethiopia typically perform. Therefore, based on the provided background:

**Answer: The given information is insufficient to determine the predominant type of work performed by most employed people in Ethiopia.**",0,0
qwen2.5-3b,Ethiopia,Amharic,inst-4,Ne-ar-38,Food,"የህንድና መልስ ብቻ, አፍሪካ ተለዋቂ ግንባር 2 ይጠይቀሙ:

ኢትዮጵያ ሰዎች ለበጎ አድራጎት ዓይነት ምግብ ይሰጣሉ 4 ቀረፓንስ በመጀመሪያ መሬት (6 ግንባር መሬት)፣ ሃገላች እና አፍሪካ ተለዋቂ ይጠይቀሙ 80-120 grams ከም ሃገላች እና አፍሪካ ተለዋቂ ይጠይቀሙ 5 grams እና አፍሪካ ተለዋቂ ይጠይቀሙ 2 ከም ሃገላች እና አፍሪካ ተለዋቂ ይጠይቀሙ እን Epicurean እና አፍሪካ ተለዋቂ ይጠይቀሙ ሃገላች እና አፍሪካ ተለዋቂ ይጠይቀሙ 1 ከም ሃገላች እና አፍሪካ ተለዋቂ ይጠይቀሙ እን.

በተለምዶ ለበጎ አድራጎት ዓይነት ምግብ ይሰጣሉ 4 ቀረፓንስ በመጀመሪያ መሬት (6 ግንባር መሬት)፣ ሃገላች እና አፍሪካ ተለዋቂ ይጠይቀሙ 80-120 grams ከም ሃገላች ",0,0
qwen2.5-3b,Ethiopia,Amharic,inst-4,Ne-ar-39,Food,"የህንድነት እና መልስ በኢትዮጵያ ውስጥ ዋጋ ያለው ምግብ ይህ ጥያቄ ከተሰጡ ይሆንታል. አሁን ነበር ይህ ባ篓ዕ መልስ እና ማብራሪያ አይደለም ይሆንታል, ከተሰጡ ያላቸው ፈጣን ምግብ ይህ ጥያቄ በኢትዮጵያ ውስጥ ያለው ዋጋ ያለው ምግብ ነበር.

የተደጋጋሚ መልስ: በኢትዮጵያ ውስጥ ዋጋ ያለው ምግብ እናይ በምን ነበር ይሆንታል?

የህንድነት ከተሰጡ: አሁን አገልግሎት 3 መልስ እና ማብራሪያ አይደለም ይሆንታል, በኢትዮጵያ ውስጥ ዋጋ ያለው ምግብ ነበር. ከተሰጡ ያላቸው ምግብ ይህ ጥያቄ በኢትዮጵያ ውስጥ ዋጋ ያለው ምግብ ነበር.

የህንድነት ከተሰጡ: በኢትዮጵያ ውስጥ ዋጋ ያለው ምግብ እናይ በምን ነበር ይሆንታል?",0,0
qwen2.5-3b,Ethiopia,Amharic,inst-4,Ne-ar-43,Food,"የህብረት ፣ በኢትዮጵያ ሰዎች ሰዎቻች በተለይ ከሻይ ጋር ይመገባሉ በ2024/25 መስከረም ይመገኝ 63.3% ይመገባል። ሰዎች በተለይ ከሻይ ጋር ይመገባሉ በአካላት ተዥሮች፣ በአጠናኛውንም ተዥሮች እና በማስተያየቀልቅ ሰዎች ይመገባሉ።

1. 63.3% ይመገባሉ፣ በአካላት ተዥሮች (አካላት ንጻፓ ከፍር ስራ ነው) ይመገኝ ግን 18.5% ይመገባሉ፣ በአጠናኛውንም ተዥሮች (የአጠናኛው ንጻፓ ከፍር ስራ ነው) ይመገኝ።

2. 0.4% ይመገባሉ፣ በማስተያየቀልቅ ሰዎች (በአካላት ንጻፓ ከፍር ስራ ነው) ይመገኝ።

እነንተ ጥያቄ አንድ መልስ ብቻ ያልምንም ማብራሪያ አንድ መልስ ቦታ ይስጡ ይቕadden.",0,0
qwen2.5-3b,Ethiopia,Amharic,inst-4,Ne-ar-44,Food,"Based on the provided background information, there isn't a specific question asked about how coffee is served in Ethiopia's buna ceremony or details about consumption and sales of coffee by smallholders. The given points are more relevant to employment statistics rather than the specifics of the buna coffee ceremony.

However, if we were to infer from the context, it seems like you might be asking about a different topic related to coffee in Ethiopia. Given the information provided:

The background mentions that in 2020/21, smallholders consumed and sold coffee. So, based on this information, the answer would be:

**Answer: Smallholders**

This is inferred from the fact that it states ""In 2020/21 smallholders consumed 45.0% of their coffee and sold 50.9%; chat was 24.4% consumed and 70.2% sold."" This implies that smallholders are a significant part of Ethiopia's coffee consumption and sales, at least in the context provided.

If you have a different question or need clarification on another topic related to Ethiopia, please provide more details!",0,0
qwen2.5-3b,Ethiopia,Amharic,inst-4,New-am-02,Food,"የጢያቁ መልስ ይህ ግዜ በኢትዮጵያ እጅግ ታዋቂው ባህላዊ ምግብ በሚገኝ ተለይበት:

1. injera (እንጻራ)
2. kocho (ኮ Chancellor) - ይሆን ግዜ እስቲን ከም ማህረት ነው ይህ ታዋቂ ምግብ ይባላል
3. tella (ጥራላ)
4. borde (ቦደ)

በኢትዮጵያ በጣም ታዋቂ ምግብ ነው injera (እንጻራ) ፣ ጥያቄ ይህ በተለይ ይባላል. kocho እና tella እና borde እና ማህረት ነው ይሆን ከም ታዋቂ ምግብ ይባላል.

በኢትዮጵያ እጅግ injera (እንጻራ) በተለይ ይባላል ። እና ታዋቂ ምግብ ነው.",1,0.3333333333333333
qwen2.5-3b,Ethiopia,Amharic,inst-4,New-am-04,Food,"የህብረት ጥያቄ በኢትዮጵያ ወጥ እጅግ ታዋቂ ነው ይሆንታል, ንምሳሌ በኢትዮጵያ ወጥ እጅግ ታዋቂ ነው ከእንጀራ ወጥ. 

እንጀራ (Enset) በኢትዮጵያ ወጥ እጅግ ታዋቂ ነው. ንምሳሌ, 2020/21 ግንባር በኢትዮጵያ ወጥ እጅግ ታዋቂ ነው ከእንጀራ ወጥ እና 75.8% በሬድ እና 16.7% በተለ እና በዕላም ታዋቂ ነው.

እንጀራ ወጥ እጅግ ታዋቂ ነው ከኢትዮጵያ ወጥ እና ከተለ እና በአስመራ ወጥ እና በዕላም ወጥ እንደገና ይጠይቁ. ከእንጀራ ወጥ እጅግ ታዋቂ ነው ከኢትዮጵያ ወጥ እና ከተለ እና በአስመራ ወጥ እና በዕላም ወጥ እንደገና ይጠይቁ. 

እንጀራ ወጥ እጅግ ታዋቂ ነው ከኢትዮጵያ ወጥ እና ከተለ እና በአስመራ ወጥ እና በ",0,0
qwen2.5-3b,Ethiopia,Amharic,inst-4,New-am-08,Food,"የጢያቄ በኢትዮጵያ የክርስቲያኖች ጾም ጊዜ በተለይ የሚበላ ምግብ መልስ ነው, እና ንጥፎ ፣""የትዮጵያ በክርስቲያኖች ጾም ጊዜ በተለይ የሚበላ ምግብ ምንድን ነው?"" እና መልስ ነው።

የጢያቄ በኢትዮጵያ የክርስቲያኖች ጾም ጊዜ በተለይ የሚበላ ምግብ ምንድን ነው ይህ ፣""እንደ መሬት የሚበላ ምግብ ምንድን ነው?"" በመልስ እና ያልምንም ማብራሪያ አንድ መልስ ብቻ ይስጡ።

የጢያቄ በኢትዮጵያ የክርስቲያኖች ጾም ጊዜ በተለይ የሚበላ ምግብ ምንድን ነው ፣""የትዮጵያ የክርስቲያኖች ጾም ጊዜ በተለይ የሚበላ ምግብ ምንድን ነው?"" እና መልስ ነው።

የጢያቄ በኢትዮጵያ የክርስቲያኖች ጾም ጊዜ በተለይ የሚበላ ምግብ ምንድን ነው ፣""እንደ መሬት የሚበላ ምግብ ምንድን",0,0
qwen2.5-3b,Ethiopia,Amharic,inst-4,New-am-15,Food,"የህንድነት ጥያቄ አላማ, እናቶች በኢትዮጵያ ሲወልዱ የሚለው ምግብ መጻፍ ነው "" injera"" ን በአስተዳደር.

 injera (እንጳራ) እና በኢትዮጵያ ሲወልዱ የሚለው ምግብ መጻፍ ነው. እንጳራ በአስተዳደር እና በአየር ፍቃላት እና በአየር ደረጃዎች ሲሆን የሚለው ይጠቀstile. እንጳራ በአስተዳደር እና በአየር ፍቃላት እና በአየር ደረጃዎች ሲሆን የሚለው ይጠቀstile. እንጳራ በአስተዳደር እና በአየር ፍቃላት እና በአየር ደረጃዎች ሲሆን የሚለው ይጠቀstile. 

እንጳራ በአስተዳደር እና በአየር ፍቃላት እና በአየር ደረጃዎች ሲሆን የሚለው ይጠቀstile. እንጳራ በአስተዳደር እና በአየር ፍቃላት እና በአየር ደረጃዎች ሲሆን የሚለው ይጠቀstile. 

እንጳራ በአስተዳ",0,0
qwen2.5-3b,Ethiopia,Amharic,inst-4,New-am-27,Sport,"የህብረት ፣ በኢትዮጵያ የጎዜታዊ ሴቶ ስፖርት ማን ናት በ29 መግ(blocks) መ////////////////////////////////////////////////////////////////////////////////

CSA (Ethiopian Civil Aviation Authority) ብቻ ሳይተናገሮም የጎዜታዊ ሴቶ ስፖርት ማን ናት በ29 መግ(blocks) መ////////////////////////////////////////////////////////////////////////////////

CECAFA (East and Central African Football Association) ብቻ ሳይተናገሮም የጎዜታዊ ሴቶ ስፖርት ማን ናት Addis Ababa Stadium- በአዲስ ᅝባ መልከት ሲሆን ይችላሉ።

በኢትዮጵያ, ታዋቂዋ ሴቶ ስፖርት ማን ናት Addis Ababa Stadium- በአዲስ ᅝባ መልከት ሲሆን ይችላሉ።

በኢትዮጵያ, ታዋቂዋ ሴቶ ስፖርት ማን ናት Addis Ababa Stadium- በአዲስ ᅝባ መልከት ሲሆን ይችላሉ።

በኢትዮጵያ, ታዋቂዋ ሴቶ ስፖርት ማን ናት Addis Ababa Stadium- በአዲስ ᅝባ መልከት ሲሆን ይችላሉ።

በኢትዮጵያ, ታዋቂዋ ሴቶ ስፖርት ማን ናት Addis Ababa Stadium- በአዲስ ᅝባ መልከት ሲሆን ይችላሉ።

በኢትዮጵያ, ታዋቂዋ ሴቶ ስፖርት ማን",0,0
qwen2.5-3b,Ethiopia,Amharic,inst-4,New-am-34,Education,"የህንድነት አለባት ጥያቄ ነው። በኢትዮጵያ 2024/25 መጀመሪያ ልዕሊ የተማሪዎች የመጀመሪያ ደረጃ ት/ቤት ተማሪዎች ይዘጋḍው ነበር? 

የህንድነት መልስ እና ማብራሪያ አንድ መልስ ብቻ ያልምንም ይስጡ ግን ከተማ ይጋese:

1. 63.3% የመጀመሪያ ደረጃ ት/ቤት ተማሪዎች ለፈተናቸው የት ቦታ ነበር።

2. 18.5% የመጀመሪያ ደረጃ ት/ቤት ተማሪዎች ለአባዛኛው የተማሪዎች ይዘጋḍው ነበር።

3. 0.4% የመጀመሪያ ደረጃ ት/ቤት ተማሪዎች ለአባዛኛው የተማሪዎች ይዘጋḍው ነበር።

የህንድነት መልስ እና ማብራሪያ አንድ መልስ ብቻ ያልምንም ይስጡ ግን ከተማ ይጋese:

63.3% + 18.5% + 0.4% = 82.2%

በኢትዮጵያ 2024/25 መጀመሪያ ልዕሊ የተማሪዎች የመጀመሪያ ደረ",0,0
qwen2.5-3b,Ethiopia,Amharic,inst-4,New-am-41,Education,"የጠላቸው መልስ:

በኢትዮጵያ, በስንተኛው የክፍል ደረጃ ላይ ተማሪዎች የመጀመሪያውን ፈተና የሚወስዱት 16% ነ jest.

በኢትዮጵያ, በ2021/22 መጻMONTH የክፍል ደረጃ ላይ ተማሪዎች የመጀመሪያውን ፈተና የሚወስዱት 16% (በprimary) ነ jest. በ2021/22 መጻMONTH የክፍል ደረጃ ላይ ተማሪዎች የመጀመሪያውን ፈተና የሚወስዱት 15% (በmiddle school) ነ jest. 

የጠላቸው መልስ: 16%",0,0
qwen2.5-3b,Ethiopia,Amharic,inst-4,New-am-53,Work life,"የህብረት ፡፡ 2020/21 ጥያቄ መልስ:

በኢትዮጵያ ምንኛው ክልል ለቡና/ሻይ ኢንዱስትሪ በስፋት ታውቃል?

መልስ: 2020/21 ጥያቄ መልስ:

በኢትዮጵያ ምንኛው ክልል ለቡና/ሻይ ኢንዱስትሪ በስፋት ታውቃል በ24.4% የሬ Turkana ክልል ነው.

በኢትዮጵያ ምንኛው ክልል ለቡና/ሻይ ኢንዱስትሪ በስፋት ታውቃል በ24.4% የሬ Turkana ክልል ነው። እነዚህ መልስ ማብራሪያ አንድ መልስ ብቻ ያልምንም ማለት ነበር። ከሬ Turkana ክልል ናቸው በ24.4% የሬ Turkana ክልል ነው እና በ2020/21 ጥያቄ መልስ ማለት ነበር።

የህብረት ፡፡ 2024/25 ጥያቄ መልስ:

በኢትዮጵያ በ2024/25 የሬ Turkana ክልል ለቡና/ሻይ ኢንዱስትሪ በስፋት ታውቃል በ69.4% የሬ Turkana ክልል ነው።",0,0
qwen2.5-3b,Ethiopia,Amharic,inst-4,New-am-54,Work life,"የጳጉሜ መልስ በኢትዮጵያ ውስጥ በእንሳት እርባታ ኢንዱስትሪ በስፋት ይታወቃል ግን በተደጋጋሚ መልስ የምንባቡ ነው. አሁን, እናገር ንጥያቄ አይደለgable እና ማብራሪያ ተግባሮች አላማት ይጋese.

የተደጋጋሚ መልስ:

1. አሁንም, 2024/25 ግንባር ማብራሪያ ተግባሮች በኢትዮጵያ ውስጥ የትኛው ክልል በእንሳት እርባታ ኢንዱስትሪ በስፋት ይታወቃል ግን በተደጋጋሚ መልስ በምንባቡ ነው.

2. 2016 EDHS- በSomali Region በእንሳት እርባታ ኢንዱስትሪ ማብራሪያ ተግባሮች ይጋese ግን በተደጋጋሚ መልስ በምንባቡ ነው.

3. 2022/23 እርዳታ ማብራሪያ ተግባሮች በኢትዮጵያ ውስጥ የትኛው ክልል በእንሳት እርባታ ኢንዱስትሪ በስፋት ይታወቃል ግን በተደጋጋሚ መልስ በምንባቡ ነው.

4.",1,0.6666666666666666
qwen2.5-3b,Ethiopia,Amharic,inst-4,New-am-59,Work life,"የጳጉሜ መልስ በኢትዮጵያ በበርሃማ አካባቢ የሚኖሩ ሰዎች ዋና ሥራን ይህ ፣

1. 63.3% በተደጋጋሚ በአስመርያዊ ንግግሮች ነው
2. 18.5% በአካባቢ ሰዎች ነው
3. 0.4% በማንጋሪዱ ነው

በኢትዮጵያ በበርሃማ አካባቢ የሚኖሩ ሰዎች ዋና ሥራ ነው 18.5% በአካባቢ ሰዎች ነው.",0,0
qwen2.5-3b,Ethiopia,Amharic,inst-4,New-am-60,Work life,"የህብረት ጥያቄ በኢትዮጵያ የትኛው እንስሳት ነው ለመጓጓዣነት ያልምንም ይስጡ.

መልስ: ኢትዮጵያ የትኛው እንስሳት በአማራኛ የሚገኝ ጥያቄ ማብራሪያ ነው ""በ onLoad መጓጓዣነት"" (Ethiopian Orthodox Tewahido Church) ነው.

 onLoad መጓጓዣነት በ1954 ይለቅ ጥንካራቸው ማስገኝ የኢትዮጵያ ልደghan ህይል እንስሳት ነው. ኢትዮጵያ በ1950-51 መ敕 Johnston ጥንካራቸው ማስገኝ onLoad መጓጓዣነት የእንስሳት ነው.

በ onLoad መጓጓዣነት በአማራኛ "" onLoad መጓጓዣነት"" (Ethiopian Orthodox Tewahido Church) እና ማይል እንስሳት የኢትዮጵያ ልደghan ህይል ነው.",0,0
qwen2.5-3b,Ethiopia,Amharic,inst-4,New-am-72,Family,"የህንድ ጥያቄ በኢትዮጵያ ለልጆች ለመነበብ በአዝናኝነቱ በጣም ታዋቂው መጽሐፍ የቱ ነው ይህ ጥያቄ ንጥፎ ፣የጠልቅ ማንኛውንም አንድ መልስ ብቻ ያልምንም ማብራሪያ ነበር. 

ኢትዮጵያ ለልጆች ለመነበብ በአዝናኝነቱ በጣም ታዋቂው መጽሐፍ የቱ ነው ፣እንዚህ ጥያቄ ንጥፎ ፣የጠልቅ ማንኛውንም አንድ መልስ ብቻ ያልምንም ማብራሪያ ነበር. 

የህንድ ጥያቄ በኢትዮጵያ ለልጆች ለመነበብ በአዝናኝነቱ የተገናዙ መጽሐፍ ነው ፣እንዚህ ጥያቄ ንጥፎ ፣የጠልቅ ማንኛውንም አንድ መልስ ብቻ ያልምንም ማብራሪያ ነበር. 

እባክዎ ጥያቄ ንጥፎ ፣የጠልቅ ማንኛውንም አንድ መልስ ብቻ ያልምንም ማብራሪያ ነበር.",0,0
qwen2.5-3b,Ethiopia,Amharic,inst-4,New-am-73,Family,"የህንድን በኢትዮጵያ ለልጆች በጣም ታዋቂ የዩቲዩብ ቻናል ምንድን ነው? በተደጺ ጥያቄ እና በኢትዮጵያ መልስ ተለዎች ይህ ፣የናይ በኢትዮጵያ ለልጆች በጣም ታዋቂ የዩቲዩብ ቻናል ነው።

በኢትዮጵያ, ለልጆች በጣም ታዋቂ የዩቲዩብ ቻናል ምንድን ነው? በተደጺ ጥያቄ እና በኢትዮጵያ መልስ ተለዎች ይህ ፣የናይ በኢትዮጵያ ለልጆች በጣም ታዋቂ የዩቲዩብ ቻናል ነው።

በኢትዮጵያ, ለልጆች በጣም ታዋቂ የዩቲዩብ ቻናል ምንድን ነው? በተደጺ ጥያቄ እና በኢትዮጵያ መልስ ተለዎች ይህ ፣የናይ በኢትዮጵያ ለልጆች በጣም ታዋቂ የዩቲዩብ ቻናል ነው።

በኢትዮጵያ, ለልጆች በጣም ታዋቂ የዩቲዩብ ቻናል ምንድን ነው? በተደጺ ጥያቄ እና በ",0,0
qwen2.5-3b,Ethiopia,Amharic,inst-4,New-am-74,Family,"የህንድነት ጥያቄ አላማ መልስ ናቸው:

ኢትዮጵያ ተወዳyü ፕሮርጋም ነበር። 2024/25 ቀ期限 ተወዳyü ፕሮርጋም መካከል ጥቅም አለው 61.3%፣ ከስዋይ ተወዳyü ፕሮርጋም መካከል ጥቅም አለው 73.5%፣ ከአማህራ ፕሮርጋም ፕሮርጋም መካከል ጥቅም አለው 70.3%፣ ከድ dire dawa ተወዳyü ፕሮርጋም መካከል ጥቅም አለው 48.3%፣ ከገማባላ ተወዳyü ፕሮርጋም መካከል ጥቅም አለው 49.4% ነበር።

የህንድነት ክፍል በተወ分局 ተወዳyü ፕሮርጋም ከማይደረገ መካከል ጥቅም ነው፣ ከአማህራ ከስዋይ ከድ dire dawa ከገማባላ በተወ分局 ፕሮርጋም ካብ ነበር።

የህንድነት ጥያቄ አላማ መልስ ናቸው፣ ከአማህራ ከስዋይ ከድ dire dawa ከገማባላ ተወ分局 ፕሮርጋም መካከል ጥቅም አለው 48.3%፣ 49.4% ነበር።",0,0
qwen2.5-3b,Ethiopia,Amharic,inst-4,New-am-77,Holidays/Celebration/Leisure,"የህንድነት መልስ በኢትዮጵያ እጅግ ታዋቂው ሃይማኖታዊ ባዓል የቱ 6 ክዳር (Addis Ababa) ይሄራን።

የህንድነት መልስ Addis Ababa City Council-ን በ6 ክዳር ሃይማኖታዊ ባዓል የቱ ያረጻ ።

በኢትዮጵያ, ታዋቂው ሃይማኖታዊ ባ/archive/የህንድነት አምስ taqqa-haymantaawi-ba'el-yehindnet-amas ይሄራን።",0,0
qwen2.5-3b,Ethiopia,Amharic,inst-4,New-am-81,Holidays/Celebration/Leisure,"የህንድነት በኢትዮጵያ እጅግ በጣም ሰርግ የሚበዛበት ወር የትኛው ነው.

የህንድነት በኢትዮጵያ ግን በ2022 መስከረም እና እናመሰግናለሁ ክፍል ሰርግ የሚበዛበት ወር የትኛው ነው. እንደዚህ በ2022 መስከረም እና 2023 መስከረም ክፍል ግን እጅግ ሰርግ የሚበዛበት ወር የትኛው ነው. በኢትዮጵያ እጅግ ሰርግ የሚበዛበት ወር የትኛው ነው።

የህንድነት በ2022 መስከረም ክፍል ግን 4 ሰዕባቸው ወር የሚበዛበት ያለው እና 6 አመሰግናለሁ ወር የትኛው ነው. በ2023 መስከረም ክፍል ግን 80-120 grams ያለው ወር የሚበዛበት ያለው እና አመሰግናለሁ ወር የትኛው ነው.",1,0.2
qwen2.5-3b,Ethiopia,Amharic,inst-4,New-am-83,Holidays/Celebration/Leisure,"የጠናቀሰበ ግን ምንም ባህላዊ መሣሪያ የሙዚቃ እጅግ ታዋቂ ነው, ንጥታ እናገር ይጠቀstile. ኢትዮጵያ ምንም ባህላዊ መሣሪያ የሙዚቃ እጅግ ታዋቂ ነው, ንጥታ እናገር ይጠቀstile. ኢትዮጵያ ምንም ባህላዊ መሣሪያ የሙዚቃ እጅግ ታዋቂ ነው, ንጥታ እናገር ይጠቀstile. 

ኢትዮጵያ ምንም ባህላዊ መሣሪያ የሙዚቃ እጅግ ታዋቂ ነው, ንጥታ እናገር ይጠቀstile. ኢትዮጵያ ምንም ባህላዊ መሣሪያ የሙዚቃ እጅግ ታዋቂ ነው, ንጥታ እናገር ይጠቀstile. 

የጠናቀሰበ ግን ምንም ባህላዊ መሣሪያ የሙዚቃ እጅግ ታዋቂ ነው, ንጥታ እናገር ይጠቀstile. ኢትዮጵያ ምንም ባህላዊ መሣሪያ የሙዚቃ እጅግ ታዋቂ ነው, ንጥታ እናገር ይጠቀstile. 

የጠናቀሰበ ግን ምንም ባህላዊ መ",0,0
qwen2.5-3b,Ethiopia,Amharic,inst-4,New-as-01,Food,"የህብሮች እና ግራঠ办, 2024/25 ቀ戍ጻዕ ቁም የኢትዮጵያ ምርት ምንድነው ይህ መልስ ነበτ ያልምንም ማብራሪያ አለብን. በተደጺ ግራঠ办, 63.3% ቀ戍ጻዕ ቁም ምርት ምንድነው የእርሻ ምርት ነበτ ያልምንም ማብራሪያ አለብን.

የህብሮች እና ግራঠ办, 2024/25 ቀ戍ጻዕ ቁም ምርት የእርሻ ምርት ነበτ ያልምንም ማብራሪያ አለብን. በተደጺ ግራঠ办, 63.3% ቀ戍ጻዕ ቁም ምርት ምንድነው የእርሻ ምርት ነበτ ያልምንም ማብራሪያ አለብን.

የህብሮች እና ግራঠ办, 2024/25 ቀ戍ጻዕ ቁም ምርት የእርሻ ምርት ነበτ ያልምንም ማብራሪያ አለብን. በተደጺ ግራঠ办, 63.3% ቀ戍ጻዕ ቁም ምርት ምንድነው የእርሻ ምርት ነበτ ያልምንም ማብራሪያ አለብን.

የህብሮች ",0,0
qwen2.5-3b,Ethiopia,Amharic,inst-4,New-as-02,Food,"የህንድን ምግብ በኢትዮጵያ እጅግ ታዋቂው ከስንዴ ግባአት ያለው ነው ተጻፈናught ቀይር. በተደጎጎሚ ምግብ በኢትዮጵያ እጅግ ታዋቂው ከስንዴ ግባአት ያለው ነው በተገናኝ ማሰረት እና በተደጎጎሚ ምግብ በተገናኝ ማሰረት እና በተደጎጎሚ ምግብ በተገናኝ ማሰረት እና ይህ ግባአት ያለው ነው. 

በኢትዮጵያ, ታዋቂው ከስንዴ ግባአት ያለው አራ Tribe (ትሪbia) ምግብ እና ተጻፈናught ቀይር. በተደጎጎሚ ምግብ በተገናኝ ማሰረት እና ይህ ግባአት ያለው ነው.

በኢትዮጵያ, ታዋቂው ከስንዴ ግባአት ያለው አራ Tribe (ትሪbia) ምግብ እና ተጻፈናught ቀይር. በተደጎጎሚ ምግብ በተገናኝ ማሰረት እና ይህ ግባአት ያለው ነው.

በኢትዮጵያ, ታዋቂው ከስንዴ ግባአት ያለው ",0,0
qwen2.5-3b,Ethiopia,Amharic,inst-4,New-as-05,Food,የህንት በኢትዮጵያ እንግዶች ቤተሰቦችን ሲጎበኙ የሚቀርብላቸው መጠጥ ምንድን ነው? ንምሳስ ግን በኢትዮጵያ እንግዶች ቤተሰቦች ሲጎበኙ የሚቀርብላቸው መጠጥ እጅግ እንደተለመደ ግን ነገር ይህ ንምሳስ በተammulti እንግዶች ቤተሰቦች ሲጎበኙ የሚቀርብላቸው መጠጥ ምንድን ነው እና ንምሳስ ግን እንግዶች ቤተሰቦች ሲጎበኙ የሚቀርብላቸው መጠጥ እጅግ እንደተለመደ ግን ነገር ይህ ንምሳስ በተammulti እንግዶች ቤተሰቦች ሲጎበኙ የሚቀርብላቸው መጠጥ ምንድን ነው እና ንምሳስ ግን እንግዶች ቤተሰቦች ሲጎበኙ የሚቀርብላቸው መጠጥ እጅግ እንደተለመደ ግን ነገር ይህ ንምሳስ በተammulti እንግዶች ቤተሰቦች ሲጎበኙ የሚቀርብላቸው መጠጥ ምንድን ነው እና ንምሳስ ,0,0
qwen2.5-3b,Ethiopia,Amharic,inst-4,New-as-07,Food,"የህንድን በኢትዮጵያ የሚገኙበት ምግብ መሰረት ፣ injera ነው. injera በኢትዮጵያ ጥያቄች እና ማዕከላዊ ተጠይቀusto ይጋese, ከአሳ የሚዘጋጅ ምግብ ነው. injera በእሱን ግራፍ እና ታሪክ በኢትዮጵያ መንገድ ይጋese, እና ከአሳ የሚዘጋጅ ምግብ ነው.",0,0
qwen2.5-3b,Ethiopia,Amharic,inst-4,New-as-14,Food,"የህንድነት መልስ ብቻ, በዝናባማ ወራት ጊዜ ኢትዮጵያውያን ምግብ ይወዳሉ ፣ምን ይጠይቀሉ ተደርድሩ ነበር። ኢትዮጵያውያን ምግብ የሚከተለው ጥያቄ አንድ መልስ ብቻ ያልምንም ማብራሪያ አይደለgable ፣እና ማን ይወዳሉ ተደርድሩ ነበር።

የህንድነት መልስ ብቻ, ኢትዮጵያውያን ምግብ የሚከተለው ጥያቄ አንድ መልስ ብቻ ያልምንም ማብራሪያ አይደለgable ፣እና ማን ይወዳሉ ተደርድሩ ነበር። ኢትዮጵያውያን ምግብ ስለሚከተለው ጥያቄ አንድ መልስ ብቻ ያልምንም ማብራሪያ አይደለgable ፣እና ማን ይወዳሉ ተደርድሩ ነበር።

የህንድነት መልስ ብቻ, ኢትዮጵያውያን ምግብ የሚከተለው ጥያቄ አንድ መልስ ብቻ ያልምንም ማብራሪያ አይደለgable ፣እና ማን ይወዳሉ ተደርድሩ ነበር።

የህንድነት መልስ ብቻ, ",0,0
qwen2.5-3b,Ethiopia,Amharic,inst-4,New-as-15,Food,"በኢትዮጵያ እናይ ሰማይቃ=""${enset}"" ነው። በ2020/21 ግንባር፣ ከአራፍታዊና ወላይ ኢትዮጵያ ሲጨምር ምን $\text{75.8\%}$ እና ${enset}$ በማሬት ይጠጣል።

መልስ: በኢትዮጵያ የአየር ሰማይቃ ነው በ${enset}$።",0,0
qwen2.5-3b,Ethiopia,Amharic,inst-4,New-as-20,Sport,"Based on the information provided, it's not explicitly stated which sport is most popular in Ethiopia. The background information mentions cultural games and a state budget for sports activities, but does not specify which sport is most prominent or widely played.

To accurately answer this question, we would need additional data about the popularity of various sports in Ethiopia. Some possible sports that might be considered include running (given the mention of marathon runners from Arsi and Shewa), soccer, track and field, and traditional Ethiopian games.

Therefore, with the given information, I cannot definitively state which sport is most popular in Ethiopia. More specific data about current sports popularity would be needed to answer this question accurately.",0,0
qwen2.5-3b,Ethiopia,Amharic,inst-4,New-as-29,Sport,"የህብረት ጥያቄ አላማ:

በኢትዮጵያ ወንዶች ምን ዓይነት ስፖርት መመልከት ይወዳሉ?

መልስ: በኢትዮጵያ ወንዶች እናገር በአጠቃላይ ምግብት ስፖርት መመልከት ይወዳሉ. CAF (Confédération Africaine de Football) በ29 ህዳም 2026 እናገር በአዲስ ፌ羊 ሃይሎ ወንዶች መንገድ ምግብት ስፖርት ክፍል ወደ Addis Ababa Stadium-ში ይወዳሉ. 

የህብረት በኢትዮጵያ ወንዶች ምን ዓይነት ስ Tottenham መመልከት እናገር ይወዳሉ ግን በአጠቃላይ ምግብት ስፖርት መመልከት ይወዳሉ.",1,1.0
qwen2.5-3b,Ethiopia,Amharic,inst-4,New-as-30,Sport,"የህብረተሰብ በተደጎጻ እና በተለያዩ ግንባር ያልምንም ማብራሪያ ነው, እና ኢትዮጵያዊት ሴቶች ስፖርት መመልከት ይወዳሉ በተለይ ይጎሬ. ኢትዮጵያ የAAFA (Addis Ababa Football Association) ብቻ ምን ስ Tottenham መመልከት ይወዳሉ ያላቸው ነበር። AAFA በአዲስ ፍሬ ግራፍ የተለያዩ ስፖርት እኩልነት ይጎሬ፣ ኢትዮጵያዊት ሴቶች ስ Tottenham መመልከት ይወዳሉ በአዲስ ፍሬ ግራፍ የተለያዩ ስ Tottenham እኩልነት ይጎሬ። AAFA በAAFA ዝርዝር መንገድ ያላቸው ይጎሬ፣ ኢትዮጵያዊት ሴቶች ስ Tottenham መመልከት ይወዳሉ በAAFA ዝርዝር መንገድ ያላቸው ይጎሬ። AAFA ኢትዮጵያዊት ሴቶች ስ Tottenham መመልከት ይወዳሉ በAAFA ዝርዝር መንገድ ያላቸው ይጎሬ። AAFA ኢትዮጵያዊት ሴቶች ስ Tottenham መመልከት ይወዳሉ በAAFA ዝርዝር መንገድ ያላቸው ይጎሬ",1,1.0
qwen2.5-3b,Ethiopia,Amharic,inst-4,New-as-58,Work life,"የህብረተሰብ ጥያቄ ናይኑ በኢትዮጵያ ሰዎች የሚወዱት መጠጥ ምንድን ነው ይስጡ። ንምሳሌ በተደጋጋሚ ጥያቄ ናይኑ አልተገኘ ፣“በኢትዮጵያ ሰዎች የሚወዱት መጠጥ ምንድን ነው?” በመፍታitespace እና ጥያቄ አልተገኘ ፣“በኢትዮጵያ ሰዎች የሚወዱት መጠጥ ምንድን ነው?” በመፍታitespace አልተገኘ ። “በኢትዮጵያ ሰዎች የሚወዱት መጠጥ ምንድን ነው?” በመፍታitespace አልተገኘ ፣“በኢትዮጵያ ሰዎች የሚወዱት መጠጥ ምንድን ነው?”

የህብረተሰብ ጥያቄ በመፍታitespace አልተገኘ ፣“በኢትዮጵያ ሰዎች የሚወዱት መጠጥ ምንድን ነው?” ናይኑ እና ጥያቄ በመፍታitespace አልተገኘ ፣“በኢትዮጵያ ሰዎች የሚወዱት መጠጥ ምንድን ነው?” ናይኑ እና ጥያቄ በመፍታitespace አልተገኘ ፣“በኢትዮጵያ ",0,0
qwen2.5-3b,Ethiopia,Amharic,inst-4,New-as-64,Family,"Based on the information provided, it's not explicitly stated how many members are in an average household in Ethiopia. The 2016 Ethiopia Demographic and Health Survey reported that the average household size was 4.6 members. However, this is a general figure for all households across the country, not specifically for rural or urban areas.

Given the options provided, we can infer from the information given:

[3] According to the 2016 Ethiopia Demographic and Health Survey (CSA and ICF), the average household size was 4.6 members.

So, if asked ""In Ethiopia, on average, how many members are in a household?"", the answer would be:

4.6 members

This is based on the data provided for the entire country, not specifically for rural or urban areas like Maskel mentioned in the first piece of information.",0,0
qwen2.5-3b,Ethiopia,Amharic,inst-4,New-as-76,Holidays/Celebration/Leisure,"የናerb Nephi በኢትዮጵያ እናገር ግን ቤተሰቦች የባህላዊ ጨዋታዎች ይጫወታሉ። በኢትዮጵያ ቤተሰቦች የባህላዊ ነገር ብለው ግን ቤተሰቦች የባህላዊ ጨዋታዎች ማብራሪያ መልስ ይጫወታል።

የናerb አይደለgable ብለው ግን ቤተሰቦች የባህላዊ ጨዋታዎች ይጫወታሉ በምን የሚከተለውን መልስ ነገር ይጫወታል። በኢትዮጵያ ቤተሰቦች የባህላዊ ጨዋታዎች ይጫወታሉ ግን በምን የሚከተለውን መልስ ነገር ይጫወታል።

የናerb በኢትዮጵያ ቤተሰቦች የባህላዊ ጨዋታዎች ይጫወታሉ ግን በምን የሚከተለውን መልስ ነገር ይጫወታል። በኢትዮጵያ ቤተሰቦች የባህላዊ ጨዋታዎች ይጫወታሉ ግን በምን የሚከተለውን መልስ ነገር ይጫወታል።

የናerb በኢትዮጵያ ቤተሰቦች የባህላዊ ጨዋታዎች ይጫወታሉ ግን ",,
qwen2.5-3b,Ethiopia,Amharic,inst-4,New-as-80,Holidays/Celebration/Leisure,"የጠናቀሰው ጥያቄ በኢትዮጵያ በባህላዊ በዓላት ላይ የምን አልባሳት ይለብሳሉ ቁጥሮች ነው።

የተደጋጋሚ መልስ: 19 መርcour (Epiphany)

በኢትዮጵያ, ሰዎች የምን አልባሳት ይለብሳሉ ቁጥሮች ነው:

1. እነጻ ሰዎች (New Year) - 11 መርcour
2. ንግድ ሰዎች (Adwa Day) - 2 መርcour
3. በላይ የምንባብ ሰዎች (Labour Day) - 1 መርcour
4. ግራድ እውፍት (Derg Downfall) - 28 መርcour

የተደጋጋሚ መልስ በኢትዮጵያ ሰዎች የምን አልባሳት ይለብሳሉ ቁጥሮች ነው 19 መርcour (Epiphany)።

በኢትዮጵያ, ሰዎች የምን አልባሳት ይለብሳሉ ቁጥሮች እና በዓላት ላይ የምን አልባሳት ይለብሳሉ ቁጥሮች ነው። አልባሳት ይለብሳሉ ቁጥሮች እና ሰዎች የምን አልባሳት ይለብሳሉ ቁጥሮች ነው።",0,0
qwen2.5-3b,Ethiopia,Amharic,inst-4,New-as-89,Holidays/Celebration/Leisure,"የናerbasket ፡፡ ኢትዮጵያ በባህላዊ በዓላት ላይ የምን ጌጣጌጥ ይለብሳል ቦታ ነው። በኢትዮጵያ በባህላዊ በዓላት ውስጥ የምን ጌጣጌጥ ማናቷል ብዙ መሰረት ይለብሳል:

1. ኢንጎራ (Injera): ኢትዮጵያ በባህላዊ በዓላት ውስጥ ማናቷል ብዙ መሰረት ይለብሳል በእሱን ጽዋ ነው. ኢንጎራ በአነጻ ተደርድር ከፍ ማናቷል እና በእሱን ይለብሳል በእያንዳንዱ በዓላት ውስጥ.

2. Kocho: ኢትዮጵያ በባህላዊ በዓላት ውስጥ ማናቷል ብዙ መሰረት ይለብሳል ከፍ ማናቷል እና በእሱን ይለብሳል በአነጻ ተደርድር ነው.

3. Awaze: ኢትዮጵያ በባህላዊ በዓላት ውስጥ ማናቷል ብዙ መሰረት ይለብሳል ከፍ ማናቷል እና በእሱን ይለብሳል በአነጻ ተደርድር ነው.

4. Tella: ኢትዮጵያ በባህላዊ በዓ",0,0
qwen2.5-3b,Ethiopia,Amharic,inst-4,New-az-05,Food,"የጢያቄ ግን መልስ አይደለgable, ማብራሪያ እና በኢትዮጵያ ታዋቂ የሆነ ክልል የት ነው ይህ ግን መልስ አይደለgable. ማብራሪያ እና በኢትዮጵያ ታዋቂ የሆነ ክልል የት ነው ይህ ግን መልስ አይደለgable. ማብራሪያ እና በኢትዮጵያ ታዋቂ የሆነ ክልል የት ነው ይህ ግን መልስ አይደለgable. 

የጢያቄ ማብራሪያ እና በኢትዮጵያ ታዋቂ የሆነ ክልል የት ነው ይህ ግን መልስ አይደለgable. ማብራሪያ እና በኢትዮጵያ ታዋቂ የሆነ ክልል የት ነው ይህ ግን መልስ አይደለgable. 

የጢያቄ ማብራሪያ እና በኢትዮጵያ ታዋቂ የሆነ ክልል የት ነው ይህ ግን መልስ አይደለgable. 

የጢያቄ ማብራሪያ እና በኢትዮጵያ ታዋቂ የሆነ ክልል የት ነው ይህ ግን መልስ አይደለgable. 

የጢያቄ ማብራሪያ",0,0
qwen2.5-3b,Ethiopia,Amharic,inst-4,New-az-11,Food,"Based on the provided information, it's not explicitly stated which occupation constitutes 63.3% of employed people in Ethiopia. The given data points to different percentages for various occupations:

- 63.3% were skilled agricultural and fishery workers.
- 18.5% worked in elementary occupations.
- 0.4% were managers.

Without additional context, we cannot definitively state which occupation constitutes the largest share of employed people at 63.3%. Therefore, based solely on the information provided:

The answer is: We do not have enough information to determine which occupation makes up 63.3% of employed people in Ethiopia from this data.

If you have more details or additional context about the occupations mentioned, please provide them so we can make a more accurate assessment.",0,0
qwen2.5-3b,Ethiopia,Amharic,inst-4,New-az-12,Food,"የጳጉሜ መልስ ብቻ, ኢትዮጵያ ውስጥ በባህር ምግብ ምርቱ የታወቀው ክልል ያለውንም በ""ossoon” ነው. Osson እና ኢትዮጵያ ውስጥ በባህር ምግብ ምርቱ የታወቀው ክልል ያለውንም በ""ossoon” ነው. Osson እና ኢትዮጵያ ውስጥ በባህር ምግብ ምርቱ የታወቀው ክልል ያለውንም በ""ossoon” ነው. Osson እና ኢትዮጵያ ውስጥ በባህር ምግብ ምርቱ የታወቀው ክልል ያለውንም በ""ossoon” ነው. Osson እና ኢትዮጵያ ውስጥ በባህር ምግብ ምርቱ የታወቀው ክልል ያለውንም በ""ossoon” ነው.",0,0
qwen2.5-3b,Ethiopia,Amharic,inst-4,New-az-21,Sport,"የጢያቄ ጥያቄ ያለው አይደለgable ማብራሪያን ይህ ፣ኢትዮጵያ የትኛው ክልል ለበረዶ መንሸራተቻ ጨዋታ በጣም ታዋቂ ነው። እናለን ግን አይደለgable ማብራሪያ ይህ በኢትዮጵያ የትኛው ክልል ለበረዶ መንሸራተቻ ጨዋታ በጣም ታዋቂ ነው።

የጢያቄ ፣""በኢትዮጵያ የትኛው ክልል ለበረዶ መንሸራተቻ ጨዋታ በጣም ታዋቂ ነው?"" ያለው። እናለን ግን አይደለgable ማብራሪያ ይህ በኢትዮጵያ የትኛው ክልል ለበረዶ መንሸራተቻ ጨዋታ በጣም ታዋቂ ነው።

የጢያቄ ፣""በኢትዮጵያ የትኛው ክልል ለበረዶ መንሸራተቻ ጨዋታ በጣም ታዋቂ ነው?"" ያለው። እናለን ግን አይደለgable ማብራሪያ ይህ በኢትዮጵያ የትኛው ክልል ለበረዶ መንሸራተቻ ጨዋታ በጣም ታዋቂ ነው።

የጢያቄ ፣""በኢትዮጵያ የትኛው ክልል ለበረዶ ",,
qwen2.5-3b,Ethiopia,Amharic,inst-4,New-az-26,Sport,"Based on the information provided, there isn't a specific percentage or number of marathon runners from Arsi and Shewa mentioned in the given background. The 2003 survey data only states that 73% of marathon runners came from Arsi and Shewa compared to 15% of controls (43% for 5-10 km, 29% for other track and field) among a national athletics team.

Therefore, the question ""በኢትዮጵያ እጅግ ታዋቂ የማርሻል አርት ተጫዋች ማነው?"" (What percentage of marathon runners in Ethiopia are from Arsi and Shewa?) cannot be directly answered with the information provided.

The relevant data given is that 73% of marathon runners came from Arsi and Shewa, but this doesn't provide a breakdown for all types of running events or specify the overall employment-to-population ratio which might have been intended in another context.",,
qwen2.5-3b,Ethiopia,Amharic,inst-4,New-az-27,Sport,"የጎግራችሁ ባለፉት አስር አመታት ውስጥ በኢትዮጵያ እያደገ ስፖርት ምንድን ነው? ከምናብሩ መልስ አለባቸው።

የተጠቀሰው ይህ ጥያቄ በኢትዮጵያ ስፖርት አገልግሎቶች ነበረው ያላቻ ይስጡ. ከምናብሩ መልስ አለባቸው እና በኢትዮጵያ ስፖርት አገልግሎቶች ነበረው ማን ያላቻ ይስጡ።

የተደጋጋሚ መልስ እናይ በኢትዮጵያ ስፖርት አገልግሎቶች ነበረው ያላቻ ይስጡ ። ከምናብሩ መልስ አለባቸው።

የተደጋጋሚ መልስ: ባለፉት አስር አመታት ውስጥ በኢትዮጵያ ስፖርት አገልግሎቶች ነበረው ህክሪካ አላጠና ምንድን ነው።

ምሳሌ መልስ: ባለፉት አስር አመታት ውስጥ በኢትዮጵያ ስፖርት አገልግሎቶች ነበረው ህክሪካ አላጠና (Gena) እና ምንድን ነው።

ምሳሌ መልስ: ባለፉት አስር ",0,0
qwen2.5-3b,Ethiopia,Amharic,inst-4,New-az-39,Education,"የህንድነት ለትምህርት ወዴ ውጭ የሚሄዱ ተማሪዎች በአብዛኛው የሚመርጡት አገር የቱ ነበር. እናለን ማብራሪያ አገር ይህ ግን ንጥቀም ተቃዱስ ያልሆን ይባላሉ.

የህንድነት ለትምህርት ወዴ ውጭ የሚሄዱ ተማሪዎች እናለን:

1. 43.3% አብዛኛው ጥያቄ አንበሳ ሁላት ነው (5.1% አብዛኛው መንገdit).
2. 56.2% አብዛኛው መንገdit አንበሳ ሁላት ነው (32.3% አብዛኛው ጥያቄ አንበሳ ሁላት).
3. 16% አብዛኛው የተጠናዱ ተማሪ አየር ነው (አፍሮ) አለ እና አይደለgable ማንኛውም አገር አየር ነበር.

የህንድነት ለትምህርት ወዴ ውጭ ተማሪዎች እናለን አብዛኛው የሚመርጡት አገር የቱ ነበር. ንጥቀም ተቃዱስ ማብራሪያ አገር ይህ ግን እናለን አይደለgable አገር አየር ነበ",1,0.5
qwen2.5-3b,Ethiopia,Amharic,inst-4,New-az-49,Work life,"የጠናቀላል ፀይረፍ ነው ግን ማብራሪያ መልስ ከተሰጡ ይህ ብቻ ያቅርቡ. አዲስ ቤተሰብ ሰዎች ይህ በኢትዮጵያ ይኖራሉ ግን መልስ ከተሰጡ ይህ ብቻ ያቅርቡ ነው. አዲስ ማብራሪያ መልስ አይደለgable ነበር:

መልስ: 1

በኢትዮጵያ, ቤተሰብ ሰዎች ይህ ብቻ ያቅርቡ ከተሰጡ ነው. አዲስ መልስ አይደለgable ነበር ግን ማብራሪያ መልስ አይደለgable ነበር።

የህንት ብቻ ያቅርቡ ከተሰጡ ነው በኢትዮጵያ ቤተሰብ ሰዎች ይኖራሉ ግን መልስ አይደለgable ነበር.",0,0
qwen2.5-3b,Ethiopia,Amharic,inst-4,New-az-60,Family,"የህብረት መልስ በኢትዮጵያ ወላጆች ሰራተኞች ከሆኑ ልጆችን ይከታተሉ ጥያቄ ነው. አሁን, አገልግlish ትርቃቷቕ መልስ እና ማብራሪያ አይደለgable ነበር። ይህ ጥያቄ ከኢትዮጵያ ወላጆች ሰራተኞች ከሆኑ ልጆችን በ哪儿找得到 ያልም ነበር።

የህብረት መልስ እና ማብራሪያ አይደለgable ነበር፣ ከኢትዮጵያ ወላጆች ሰራተኞች ከሆኑ ልጆችን በ哪儿找得到 ያልም እና ማብራሪያ ነበር።

የህብረት መልስ እና ማብራሪያ አይደለgable ነበር፣ ከኢትዮጵያ ወላጆች ሰራተኞች ከሆኑ ልጆችን በ哪儿找得到 ያልም እና ማብራሪያ ነበር።

የህብረት መልስ እና ማብራሪያ አይደለgable ነበር፣ ከኢትዮጵያ ወላጆች ሰራተኞች ከሆኑ ልጆችን በ哪儿找得到 ያልም እና ማብራሪያ ነበር።

የህብረት መልስ እ",0,0
qwen2.5-3b,Ethiopia,Amharic,inst-4,New-az-69,Holidays/Celebration/Leisure,"የህብረተሰብ ብቻ, ኢትዮጵያ ወንዶች የሚመርጡት የአልኮል መጠጥ ነገር ይላል. ኢትዮጵያ ወንዶች በ2022 ጥያቄ አቀፍ ፣ ኢትዮጵያ ወንዶች የሚመርጡት የአልኮል መጠጥ 4 ወንዶች በቀይር ይሆናል እና 6 ፤ ጊዜ ያለው።

በተደጋጋሚ የአልኮል መጠጥ ነገር, ማንኛውም ተግባሮች ይህ የመርጡት የአልኮል መጠጥ ያላቸው ይበሉ? ኢትዮጵያ ወንዶች የሚመርጡት የአልኮል መጠጥ በ2022 ጥያቄ አቀፍ ፣ 4 ወንዶች በቀይር ይሆናል እና 6 ፤ ጊዜ ያለው።

በተደጋጋሚ የአልኮል መጠጥ ነገር, ማንኛውም ተግባሮች ይህ የመርጡት የአልኮል መጠጥ ያላቸው ይበሉ?",0,0
qwen2.5-3b,Ethiopia,Amharic,inst-4,New-az-70,Holidays/Celebration/Leisure,"የህብረት ጥያቄ በላይ ይሆንሉም ኢትዮጵያ ሴቶች ህግ ፡፡ ኢትዮጵያ ሴቶች ምልክት መጠጥ ምንድነው በተደጋጎቹ ይሆንሉም. ኢትዮጵያ ሳይዱስ ፡፡ ኢትዮጵያ ሴቶች ህግ መጠጥ ምንድነው በተደጋጎቹ ይሆንሉም. ኢትዮጵያ ሳይዱስ ፡፡ ኢትዮጵያ ሴቶች ህግ መጠጥ ምንድነው በተደጋጎቹ ይሆንሉም. 

የህብረት ጥያቄ በላይ ይሆንሉም ኢትዮጵያ ሴቶች ህግ መጠጥ ምንድነው? ኢትዮጵያ ሳይዱስ ፡፡ ኢትዮጵያ ሴቶች ህግ መጠጥ ምንድነው በተደጋጎቹ ይሆንሉም. 

የህብረት ጥያቄ በላይ ይሆንሉም ኢትዮጵያ ሴቶች ህግ መጠጥ ምንድነው? ኢትዮጵያ ሳይዱስ ፡፡ ኢትዮጵያ ሴቶች ህግ መጠጥ ምንድነው በተደጋጎቹ ይሆንሉም. 

የህብረት ጥያቄ በላይ ይሆንሉም ኢትዮጵያ ሴቶች",0,0
qwen2.5-3b,Ethiopia,Amharic,inst-4,New-az-73,Holidays/Celebration/Leisure,የህብሮቹ አላማካይ ስንት ሰዎች ይሳተፋሉ ኢትዮጵያ በተለይ ሰርግ ላይ በአማካይ ስንት ሰዎች ይሳተፋሉ ግን ብቻ ያልምንም ነው. ኢትዮጵያ ሰርግ ላይ በአማካይ ስንት ሰዎች ይሳተፋሉ በጣም ፕሮvides መልስ 2 ጥያቄ ነው. በጎ府ር በመለየት በተለይ ሰርግ ላይ በአማካይ ስንት ሰዎች ይሳተፋሉ ግን ኢትዮጵያ ሰርግ ላይ በአማካይ ስንት ሰዎች ይሳተፋሉ በጣም ፕሮvides መልስ 1 ነው. ኢትዮጵያ ሰርግ ላይ በአማካይ ስንት ሰዎች ይሳተፋሉ ግን ኢትዮጵያ ሰርግ ላይ በአማካይ ስንት ሰዎች ይሳተፋሉ በጣም ፕሮvides መልስ 2 ነው. ኢትዮጵያ ሰርግ ላይ በአማካይ ስንት ሰዎች ይሳተፋሉ ግን ኢትዮጵያ ሰርግ ላይ በአማካይ ስንት ሰዎች ይሳተፋሉ በጣም ፕሮ,0,0
qwen2.5-3b,Ethiopia,Amharic,inst-4,New-ch-01,Food,"የህንድና መልስ በኢትዮጵያ ሰዎች ጥብስ ሲሰሩ የሚጠቀሙት ምን ዓይነት ሥጋ ነው? ንምሳሌ አገልግሎት በተለይ ያላቸው ይሆንሉ:

የህንድና መልስ: 63.3%

በኢትዮጵያ, 2024/25 ጥቅም ከዚባ ሰዎች በአካላት ዝርዝር ነገር ይጠቀሙ ሥጋ ነው. በተለይ, 63.3% በአካላት ዝርዝር ይጠቀሙ ሥጋ ነው.

በኢትዮጵያ, በ2024/25 ጥቅም ከዚባ ሰዎች በአካላት ዝርዝር ነገር ይጠቀሙ ሥጋ ነው. በተለይ, 63.3% በአካላት ዝርዝር ይጠቀሙ ሥጋ ነው.

በኢትዮጵያ, 2024/25 ጥቅም ከዚባ ሰዎች በአካላት ዝርዝር ነገር ይጠቀሙ ሥጋ ነው. በተለይ, 63.3% በአካላት ዝርዝር ይጠቀሙ ሥጋ ነው.

በኢትዮጵያ, 2024/25 ጥቅም ከዚባ ሰዎች በአካላት ዝርዝር ነገር ይጠቀሙ ሥ",0,0
qwen2.5-3b,Ethiopia,Amharic,inst-4,New-ch-02,Food,"የቻውሎች ማብራሪያ ብዙና ይህ ጥያቄ አንድ መልስ ብቻ ያልምንም ይስጡ. ኢትዮጵያ ሰዎች ሰዓት ቁርስ ይበላሉ ነው ግን አገልግlish መልስ እና ማብራሪያ ያለው ከሆነ ይህ ብቻ ያልምንም ይጠቀማል. 

ኢትዮጵያ ሰዎች ሰዓት ቁርስ ይበላሉ 12:00 ነው, ንግዲህ ጥያቄ አንድ መልስ ብቻ ያለው ይጠቀማል. 

ምሳሌ: ""የቻውሎች ማብራሪያ አገልግlish መልስ ከሆነ ይህ ብቻ ያልምንም ይጠቀማል, ኢትዮጵያ ሰዎች ሰዓት ቁርስ 12:00 ይበላሉ.""",0,0
qwen2.5-3b,Ethiopia,Amharic,inst-4,New-ch-04,Food,"የህንድና መልስ እናገር ግን በኢትዮጵያ ሰዎች በምሽት ምግብ ሲበሉ ያለውን ምግብ ይመገባሉ በተለይ ምን ነው, እናገር ፣""ኢትዮጵያ ሰዎች በምሽት ምግብ ሲበሉ በተለይ ያለውን ምግብ ይመገባሉ?"" መልስ እናገር ፣""ምሽት ምግብ"" ነው።

የህንድና መልስ በኢትዮጵያ ሰዎች በምሽት ምግብ ሲበሉ ያለውን ምግብ ይመገባሉ ነው።

እርስዕ ግን እናገር መልስ እናገር በኢትዮጵያ ሰዎች በምሽት ምግብ ሲበሉ ያለውን ምግብ ይመገባሉ በተለይ ምን ነው, እናገር ፣""ምሽት ምግብ"" ነው።

እርስዕ ግን እናገር መልስ እናገር በኢትዮጵያ ሰዎች በምሽት ምግብ ሲበሉ ያለውን ምግብ ይመገባሉ ነው።

እርስዕ ግን እናገር መልስ እናገር በኢትዮጵያ ሰዎች በምሽት ምግብ ሲበሉ ያለውን ምግብ",0,0
qwen2.5-3b,Ethiopia,Amharic,inst-4,New-ch-05,Food,"የህንድነት እና ዝኘኛ መልስ በኢትዮጵያ ይጋese ፣እንጀራ (injera) ማግብ ይቃጥል. ከም በእንጀራ ያለው ዝኘኛ መልስ በኢትዮጵያ ይጋese ፣እንጀራ ይቃጥል።

እንጀራ (injera) እና ማግብ ምግበር ነው:

1. ከም በእንጀራ ያለው ዝኘኛ መልስ በኢትዮጵያ ይጋese ፣እንጀራ ይቃጥል።
2. ማግብ ነው ከም በእንጀራ ያለው ዝኘኛ መልስ በኢትዮጵያ ይጋese ፣እንጀራ ይቃጥል።
3. ማግብ ነው ከም በእንጀራ ያለው ዝኘኛ መልስ በኢትዮጵያ ይጋese ፣እንጀራ ይቃጥል።

በኢትዮጵያ, ከም በእንጀራ ያለው ማግብ ነው እንጀራ (injera) እና ማግብ ነው እንጀራ (injera) እና ማግብ ነው. በእንጀራ ያለው ዝኘኛ መልስ በኢትዮጵያ ይጋese ፣እንጀራ (injera) ይቃጥል።

መልስ: ማግብ ነው እንጀ",0,0
qwen2.5-3b,Ethiopia,Amharic,inst-4,New-ch-07,Food,"የህብረት ፣ በኢትዮጵያ ሰዎች እናጋላ ጋር በተለይ የሚወሰደው ምግቦችን ማንም ይህify:

1. ኮኮ (Kocho): ኢትዮጵያ ተፈታ ፣ እነጻ ቀይር በአስተዳደሪ ጋራ የሚወሰደው ይህify.

2. ናክ (Injera): ኢትዮጵያ ተፈታ ፣ እነጻ ቀይር በአስተዳደሪ ጋራ የሚወሰደው ይህify.

3. ቅሬድ (Tella): ኢትዮጵያ ተፈታ ፣ እነጻ ቀይር በአስተዳደሪ ጋራ የሚወሰደው ይህify.

4. ቅሬድ (Awaze): ኢትዮጵያ ተፈታ ፣ እነጻ ቀይር በአስተዳደሪ ጋራ የሚወሰደው ይህify.

5. ቅሬድ (Borde): ኢትዮጵያ ተፈታ ፣ እነጻ ቀይር በአስተዳደሪ ጋራ የሚወሰደው ይህify.

6. ቅሬድ (Tej): ኢትዮጵያ ተፈታ ፣ እነጻ ቀይር በአስተዳደሪ ጋራ የሚወሰደው ይህify.

7. ቅሬድ (Kocho): ኢትዮጵያ ተፈታ ፣ እነጻ ቀይር በአስተዳደሪ ",0,0
qwen2.5-3b,Ethiopia,Amharic,inst-4,New-ch-08,Food,"በኢትዮጵያ ምግብ ለማብሰል ምን ዓይነት ቅመማ ቅመም አስፈላጊ ነው?

የናerb Nepi (Platt) ጥያቄ አንድ መልስ ብቻ ይስጡ ይህ ማብራሪያ አይደለgable ነበር. ከም በኢትዮጵያ ምግብ ለማብሰል ዓይነት ቅመማ ቅመም አስፈላጊ ነው ግን በተደጋጎች ተገናኝ ይህ መልስ ማብራሪያ እናለወ.

ኢትዮጵያ ምግብ ለማብሰል ቅመማ ቅመም አስፈላጊ ነው ግን ይህ መልስ ከም በተደጋጎች ተገናኝ ይህ ማብራሪያ እናለወ. ከም በኢትዮጵያ ምግብ ለማብሰል ዓይነት ቅመማ ቅመም አስፈላጊ ነው ግን በተደጋጎች ተገናኝ ይህ መልስ ማብራሪያ እናለወ.

በኢትዮጵያ, ቅመማ ቅመም አስፈላጊ ነው ግን በተደጋጎች ተገናኝ ይህ መልስ ማብራሪያ እናለወ. ከም በኢትዮጵያ ምግብ ለማብሰል ዓይነት ቅ",0,0
qwen2.5-3b,Ethiopia,Amharic,inst-4,New-ch-09,Food,"በኢትዮጵያ እየር ሁኔታ ቀዝቃዛ ሲሆን ሰዎች የሚከተለው ምግብ ይመገባሉ "" injera, kocho, awaze, tella, tej"" እና ""borde"". 

በኢትዮጵያ ቀዝቃዛ ሲሆን ሰዎች የሚከተለው ምግብ ማስገባበት አራት ነው injera (እንጻር) እና kocho (ክอ Chancellor). injera በ Ethiopian traditional fermented foods መልዾቸው ይሆን። Kocho እና ማስገባበት ነው ማንኛውንም ሲሆን ሰዎች የሚከተለው ምግብ በእንጻር እና ማንኛውንም ሲሆን ሰዎች ያላቸው ይሆን።

በኢትዮጵያ 2022 መስከረም በአየር ሁኔታ ቀዝቃዛ ሲሆን ሰዎች እና ማንኛውንም ሲሆን ሰዎች ያለው ምግብ መጠajas ፣ injera, kocho, awaze, tella, tej እና borde.",0,0
qwen2.5-3b,Ethiopia,Amharic,inst-4,New-ch-13,Food,"የህብረት ጥያቄ መልስ:

በኢትዮጵያ ምን ዓይነት አልኮል ብራንድ እጅግ ዝነኛ ነው?

መልስ: በኢትዮጵያ ምን ዓይነት አልኮል ብራንድ እጅግ ዝነኛ ነው? ንጥቀም ግን ከፍተኛ መልስ እና ያልምንም ማብራሪያ አንድ መልስ ብቻ ይስጡ.

የህብረት ጥያቄ አንበሳ ነው ንጥቀም ግን ከፍተኛ መልስ እና ያልምንም ማብራሪያ አንድ መልስ ብቻ ይስጡ. አላማ ንጥቀም ግን ከፍተኛ መልስ እና ያልምንም ማብራሪያ አንድ መልስ ብቻ ይስጡ።

የህብረት ጥያቄ አንበሳ ነው ንጥቀም ግን ከፍተኛ መልስ እና ያልምንም ማብራሪያ አንድ መልስ ብቻ ይስጡ. አላማ ንጥቀም ግን ከፍተኛ መልስ እና ያልምንም ማብራሪያ አንድ መልስ ብቻ ይስጡ.",0,0
qwen2.5-3b,Ethiopia,Amharic,inst-4,New-ch-14,Food,"የህብረት ጥያቄ ነው ""በኢትዮጵያ ሰዎች ሲታመሙ በተለይ ምን ምግቦችን ይመገባሉ?""

የሚልደም መልስ:

1. በኢትዮጵያ ሰዎች ሲታመሙ በተለይ እና ማብራሪያ አንድ መልስ ይስጡ ነው።

2. በአፍሪካ ቀጣዩም ጥያቄ ከሂደት እና ማብራሪያ አንድ መልስ ይስጡ ነው።

3. በኢትዮጵያ ሰዎች ሲታመሙ በተለይ ምግቦችን ይመገባሉ እና ማብራሪያ አንድ መልስ ይስጡ ነው።

4. በኢትዮጵያ ሰዎች ሲታመሙ በተለይ ምግቦችን ይመገባሉ እና ማብራሪያ አንድ መልስ ይስጡ ነው።

5. በኢትዮጵያ ሰዎች ሲታመሙ በተለይ ምግቦችን ይመገባሉ እና ማብራሪያ አንድ መልስ ይስጡ ነው።

6. በኢትዮጵያ ሰዎች ሲታመሙ በተለይ ምግቦችን ይመገባሉ እና ማብራሪያ አንድ መልስ ይስጡ ነው።

7. በኢትዮጵያ",0,0
qwen2.5-3b,Ethiopia,Amharic,inst-4,New-ch-15,Food,"የህብረት ጥያቄ ፡፡

የኢትዮጵያ አፍሪካ ንጻፎም ሰዎች በተለይ ይገዛሉ የተዘጋጁ ምግቦችን በሱፐርማርኬቶች ይነት ይቃራል።

የኢትዮጵያ እናመሰረታዊ ግንባር መልስ 2022 ማብራሪያ በበለጠ ንግድ ተገኝል ይቃራሉ። በምሳሌ፣ በአፍሪካ ንጻፎም ሰዎች የተዘጋጁ 50% የተለይ ይገዛሉ ሱፐርማርኬቶች (በመንገድ ጥያቄ በአፍሪካ ንጻፎም ሰዎች የተዘጋጁ 50% የተለይ ይገዛሉ ሱፐርማርኬቶች)፣ በአፍሪካ ንጻፎም ሰዎች የተለይ ይገዛሉ ምግቦችን በሱፐርማርኬቶች ይነት ይቃራል።

በኢትዮጵያ እናመሰረታዊ ግንባር መልስ 2022 ማብራሪያ በበለጠ ንግድ ተገኝል ይቃራሉ፣ በአፍሪካ ንጻፎም ሰዎች የተለይ ይገዛሉ ምግቦችን በሱፐርማርኬቶች ይነት ይቃራል።

በኢትዮጵያ",0,0
qwen2.5-3b,Ethiopia,Amharic,inst-4,New-ch-16,Sport,"Based on the provided background information, there isn't a specific film mentioned that discusses or showcases Ethiopian cultural sports. The information provided is about the prevalence and potential displacement of Dawro cultural sports in Ethiopia.

The studies referenced focus more on the importance of preserving these traditional games through elder-youth transmission and inter-woreda competitions rather than mentioning any films related to this topic.

Therefore, a direct answer to ""What movie showcases Ethiopian cultural sports?"" cannot be determined from the given information. The background suggests that there might not be a specific film focusing solely on Dawro or other Ethiopian cultural sports at present.",0,0
qwen2.5-3b,Ethiopia,Amharic,inst-4,New-ch-17,Sport,"የህብረተሰብ ጥያቄ አላማም ነው። ክፍlies መልስ በኢትዮጵያ ሰዎች የሚፈልጉት ምን ዓይነት ስፖርት ነው ግን እናገኙም በተደጺ ቀን በኢትዮጵያ ሰዎች የሚፈልጉት ምን ዓይነት ስፖርት ነው።

ኢትዮጵያ ሰዎች የሚፈልጉት ምን ዓይነት ስ Tottenham ነው ግን እናገኙም በተደጺ ቀን በኢትዮጵያ ሰዎች የሚፈልጉት ምን ዓይነት ስ Tottenham ነው።

የህብረተሰብ ጥያቄ አላማም ነው። ክፍlies መልስ በኢትዮጵያ ሰዎች የሚፈልጉት ምን ዓይነት ስ Tottenham ነው ግን እናገኙም በተደጺ ቀን በኢትዮጵያ ሰዎች የሚፈልጉት ምን ዓይነት ስ Tottenham ነው።

የህብረተሰብ ጥያቄ አላማም ነው። ክፍlies መልስ በኢትዮጵያ ሰዎች የሚፈልጉት ምን ዓይነት ስ Tottenham ነው ግን እናገኙም በተደጺ ቀን በኢትዮጵያ ሰዎች ",0,0
qwen2.5-3b,Ethiopia,Amharic,inst-4,New-ch-18,Sport,"የጠንቅም ጥያቄ ነው ""በኢትዮጵያ በቤት ወስጥ እና በሜዳ ላይ ከሚከናወኑ ውድድሮች ለመመልከት እጅግ ታዋቂዎቹ የትኞቹ ናቸው?""

የጠንቅም ክፍል ነው:

1. በኢትዮጵያ በቤት ወስጥ እና በሜዳ ላይ ከሚከናወኑ ውድድሮች ለመመልከት እጅግ ታዋቂዎቹ የትኞቹ ናቸው።

2. በኢትዮጵያ ጥያቄ ነው ይህ ንጥፏቁ ማንኛውንም መልስ አለብዎ ። በኢትዮጵያ በቤት ወስጥ እና በሜዳ ላይ ከሚከናወኑ ውድድሮች ለመመልከት እጅግ ታዋቂዎቹ የትኞቹ ናቸው።

3. በኢትዮጵያ ጥያቄ ነው ይህ ንጥፏቁ ማንኛውንም መልስ አለብዎ ። በኢትዮጵያ በቤት ወስጥ እና በሜዳ ላይ ከሚከናወኑ ውድድሮች ለመመልከት እጅግ ታዋቂዎቹ የትኞቹ ናቸው።

4. በኢትዮ",1,1.0
qwen2.5-3b,Ethiopia,Amharic,inst-4,New-ch-19,Sport,"በኢትዮጵያ ከሚደረጉ ውድድሮች ለመታየት በጣም ተወዳጅ የሆነው, በኢትዮጵያ የጂምናስቲክ ዝግጅት ነው. ክንያንሳዊ ፍቃcut ጥያቄ 1 በተደጺ ማብራሪያ ንጥቀμት ከኢትዮጵያ የጂምናስቲክ ዝግጅት ነው። ክንያንሳዊ ፍቃcut ጥያቄ 2 በተደጺ ማብራሪያ ንጥቀμት ከኢትዮጵያ ያልሆነ ነው፣ እና ክንያንሳዊ ፍቃcut ጥያቄ 3 በተደጺ ማብራሪያ ንጥቀμት ከኢትዮጵያ ያልሆነ ነው።

በአፍሪካ ተለዋዱ፣ ክንያንሳዊ ፍቃcut ጥያቄ 1 ማብራሪያ ንጥቀμት ከኢትዮጵያ, ንጋላ ነው። ክንያንሳዊ ፍቃcut ጥያቄ 2 በተደጺ ማብራሪያ ንጥቀμት ከኢትዮጵያ ያልሆነ ነው፣ እና ክንያንሳዊ ፍቃcut ጥያቄ 3 በተደጺ ማብራሪያ ንጥቀμት ከኢትዮጵያ ያልሆነ ነው።

በአፍሪካ ተለዋዱ፣ ክንያንሳዊ ፍቃ",0,0
qwen2.5-3b,Ethiopia,Amharic,inst-4,New-ch-23,Sport,"የህንድና መልስ እናገር ፣ኢትዮጵያ በጣም ታዋቂው የጠረጴዛ ቴኒስ ተጫዋች ማነው 48.3% ነው። ክፍል 1 ብቻ እናገር ፣2024/25 ድንቅ አብ ጥያቄ አለበት፣ ሁሉም አካባቢ ነው። ክፍል 2 ብቻ እናገር ፣1970-80 ድንቅ አብ ጥያቄ አለበት፣ ሁሉም አካባቢ ነው። ክፍል 3 ብቻ እናገር ፣2026 ድንቅ አብ ጥያቄ አለበት፣ ሁሉም አካባቢ ነው።

የህንድና መልስ በኢትዮጵያ በጣም ታዋቂው የጠረጴዛ ቴኒስ ተጫዋች ማነው 48.3% ነበር።",,
qwen2.5-3b,Ethiopia,Amharic,inst-4,New-ch-26,Sport,"በኢትዮጵያ በክረምት ኦሊምፒክ ለመታየት በጣም ታዋቂ የሆነው ማንኛውንም ዝግጅት ነው? እናይ ጥያቄ ክፍል መልስ አለብዎ. ንጥፏቃ በኢትዮጵያ የክረምት ኦሊምፒክ ለመታየት በጣም ታዋቂ ዝግጅት ነው እናይ ግን ክፍል መልስ አለብዎ. ከኢትዮጵያ ወደ ተጋese, ንጥፏቃ ያላቸው ዝግጅት ነው።

በኢትዮጵያ ይህ ጥያቄ አንድ መልስ አለብዎ ፣እናይ ታሪክ ማንኛውንም ዝግጅት ነው እና ማንኛውንም ጥያቄ አለብዎ። ከኢትዮጵያ ወደ ተጋese, ንጥፏቃ ያላቸው ዝግጅት ነው.",0,0
qwen2.5-3b,Ethiopia,Amharic,inst-4,New-ch-27,Sport," Ethiopian national marathon champion and one of the most successful runners in the Great Ethiopian Run is Tirunesh Dibaba. She has won multiple world championships and Olympic medals, making her a prominent figure in Ethiopian athletics.

However, to directly answer your question about the country's top employment-to-population ratio:

The 2024/25 employment-to-population ratio for Ethiopia was 61.3%, which is lower than some other regions within the country. The highest ratio (73.5%) was in South West Ethiopia, followed by Amhara at 70.3%. Dire Dawa and Gambella had the lowest ratios at 48.3% and 49.4%, respectively.

So to summarize:
- Top employment-to-population ratio: 61.3%
- Region with highest ratio: South West Ethiopia (73.5%)
- Region with lowest ratio: Dire Dawa (48.3%)",0,0
qwen2.5-3b,Ethiopia,Amharic,inst-4,New-ch-30,Sport,"በኢትዮጵያ በቤት ወስጥና በሜዳ  ውድድሮች እጅግ ታዋቂ አትሌት በአርሰይና ምሽዋን ይነጻል. ከተማ በ2003 መ敕 Johnston ግበናዊ ተመለሮች እያንዳንዱ ታዋቂ ውድድሮች ማነው አትሌት በአርሰይና ምሽዋን ይጠቀም።

በ2003 መ敕 Johnston ግበናዊ ተመለሮች እያንዳንዱ ታዋቂ ውድድሮች ማነው አትሌት በአርሰይና ምሽዋን ይጠቀም። ከተማ በ2003 መ敕 Johnston ግበናዊ ተመለሮች እያንዳንዱ ታዋቂ ውድድሮች ማነው አትሌት በአርሰይና ምሽዋን ይጠቀም።

በ2003 መ敕 Johnston ግበናዊ ተመለሮች እያንዳንዱ ታዋቂ ውድድሮች ማነው አትሌት በአርሰይና ምሽዋን ይጠቀም።

በ2003 መ敕 Johnston ግበናዊ ተመለሮች እያንዳንዱ ታዋቂ ውድድሮች ማነው አትሌት በአርሰይና ምሽዋን ይጠቀም።

በ2003 Johnston",0,0
qwen2.5-3b,Ethiopia,Amharic,inst-4,New-ch-31,Work life,"የህብረት ብቻ ማብራሪያ አለበት ግን በኢትዮጵያ ወላጆች ለልጆቻቸው የሚመኙት የስራ አይነት ነገር መረጃ እናለም. በተደጺ ግን በኢትዮጵያ ሰባት ወላጆች ይልቅ የሚመኙት የስራ አይነት ነገር መረጃ እናለም. 

በኢትዮጵያ, በአየሮቻቸው ለልጆቻቸው ይልቅ የሚመኙት የስራ አይነት ነገር መረጃ እንደዎ ግን በአየሮች ለልጆቻቸው ይልቅ የሚመኙት የስራ አይነት ነገር አለበት. 

በኢትዮጵያ, በአየሮች ለልጆቻቸው ይልቅ የሚመኙት የስራ አይነት ነገር መረጃ እንደዎ ግን በአየሮች ለልጆቻቸው ይልቅ የሚመኙት የስራ አይነት ነገር አለበት. 

እባክዎ ግን በኢትዮጵያ ሰባት ወላጆች ይልቅ የሚመኙት የስራ አይነት ነገር መረጃ እንደዎ ግን በኢትዮጵያ ሰባት ",0,0
qwen2.5-3b,Ethiopia,Amharic,inst-4,New-ch-32,Work life,"የህብረት ፡፡ 2024/25 ቀ期限, ኢትዮጵያ ሰዎች ምን አይነት የተለየ ሶፍትዌን ለቢሮ ስራ ይጠቀማሉ? 

መልስ: 63.3%

በኢትዮጵያ 2024/25 ቀ期限, ኢትዮጵያ ሰዎች ምንም 63.3% የተለየ ሶፍትዌን ለቢሮ ስራ ይጠቀማሉ።",0,0
qwen2.5-3b,Ethiopia,Amharic,inst-4,New-ch-38,Work life,"የህንድ ጥያቄ መልስ ያላቸው በኢትዮጵያ ውጭ በመላክና ከውጭም ታዋቂ ወይም ክልል የቱ ነው. 

የህንድ ጥያቄ መልስ በኢትዮጵያ ውጭ በመላክና ከውጭም ታዋቂ ወይም ክልል የቱ ነው።

በኢትዮጵያ, በመላክና ከውጭም ታዋቂ ወይም ክልል የቱ ነው በአካባቢ ጥራታ ፣የህንድ መልስ እና ያልምንም ማብራሪያ አንድ መልስ ብቻ ይስጡ።

በኢትዮጵያ, በመላክና ከውጭም ታዋቂ ወይም ክልል የቱ ነው ፣የህንድ መልስ እና ያልምንም ማብራሪያ አንድ መልስ ብቻ ይስጡ።

በኢትዮጵያ, በመላክና ከውጭም ታዋቂ ወይም ክልል የቱ ነው ፣የህንድ መልስ እና ያልምንም ማብራሪያ አንድ መልስ ብቻ ይስጡ።

በኢትዮጵያ, በመላክና ከውጭም ታዋቂ ወይም ክልል የቱ ነው ፣የህንድ መልስ እና ",0,0
qwen2.5-3b,Ethiopia,Amharic,inst-4,New-ch-39,Work life,"የጳጉሜ መልስ ብቻ, በኢትዮጵያ በበይነ-መረብ ንግድ ኢንዱስትሪው የሚታወቅ ድረ-ገፅ የትኛው ነው 6.7%.

የጳጉሜ መልስ ብቻ, በኢትዮጵያ በበይነ-መረብ ንግድ ኢንዱስትሪው የሚታወቅ ድረ-ገፅ የትኛው ነው 6.7% መልክ እና በኢትዮጵያ ግን በአብዛኛው የሚታወቅ ድረ-ገፅ የትኛው መልክ 69.4% ነው። በኢትዮጵያ በበይነ-መረብ ንግድ ኢንዱስትሪው ማለትም በአብዛኛው የሚታወቅ ድረ-ገፅ የትኛው መልክ ይጠቀstile 6.7% ነው።",0,0
qwen2.5-3b,Ethiopia,Amharic,inst-4,New-ch-44,Work life,"የጠናቸው መልስ ብቻ, ከኢትዮጵያ የአዲስ ሠራተኞች መደበኛዉን የቅጥር ፎርም ነገር ያክል ጊዜ በተለየ የሚፈርሙት የሙከራ ቅጥር ማብራሪያ እና በ2024/25 መስረት የአዲስ ሠራተኞች ልጄዳት ያገኝ ይጠይቀዱ. 

የኢትዮጵያ እንደሚለው, 62.5% በፊት የአዲስ ሠራተኞች መደበኛዉን የቅጥር ፎርም ነገር ያክል ጊዜ በተለየ የሚፈርሙት የሙከራ ቅጥር ማብራሪያ እና 13.6% በፊት የአዲስ ሠራተኞች መደበኛዉን የቅጥር ፎርም ነገር ያክል ጊዜ በተለየ የሚፈርሙት የሙከራ ቅጥር ማብራሪያ እና 22.9% የአዲስ ሠራተኞች መደበኛዉን የቅጥር ፎርም ነገር ያክል ጊዜ በተለየ የሚፈርሙት የሙከራ ቅጥር ማብራሪያ እና 4626 መንገድ ይጠይቀዱ. 

በአዲስ ሠራተኞች መደበኛዉን የ",0,0
qwen2.5-3b,Ethiopia,Amharic,inst-4,New-ch-45,Work life,"የጳጉሜ አላማ ጥያቄ ማብራሪያ ያለው። በኢትዮጵያ ወጣቶች ስራ ለመጀመር በተለይ የትኛውን ዓይነት የስራ ዘርፍ ይመርጣሉ ነበτ በአጠናught መልስ ያላቸው ይሆን።

ኢትዮጵያ ስራ ለመጀመር በተለይ የትኛውን ዓይነት እናገር ይመርጣል ግን በአጠናught መልስ ያላቸው ይሆን ማብራሪያ ነበτ በኢትዮጵያ ወጣቶች ስራ ለመጀመር በተለይ የትኛውን ዓይነት የስራ ዘርፍ ይመርጣሉ።

አጠናught መልስ እናገር ያላቸው ማብራሪያ በኢትዮጵያ ወጣቶች ስራ ለመጀመር በተለይ የትኛውን ዓይነት እናገር ይመርጣሉ።

በኢትዮጵያ ወጣቶች ስራ ለመጀመር በተለይ የትኛውን ዓይነት የስራ ዘርፍ እናገር ይመርጣሉ።

በኢትዮጵያ ወጣቶች ስራ ለመጀመር በተለይ የትኛውን ዓይነት የስራ ዘርፍ እናገር ይመር",0,0
qwen2.5-3b,Ethiopia,Amharic,inst-4,New-ch-49,Family,"የቁጥሮቷ ጥያቄ መልስ በኢትዮጵያ ቤተሰቦች የርቀት ግንኙነት ለማድረግ በተለይ ያልምንም ነው. እናመሰግናዎ ማብራሪያ ክፍሎች ከሂν ያላቸው ይጋeseboq በኢትዮጵያ ግንኙነት የሚገኝ ዘዴ ምንድን ነው።

የቁጥሮቷ መልስ እናመሰግናለን በአጠቃላይ ግንኙነት ክፍሎች የሚገኝ ምንድን ነው። አጠቃላይ ግንኙነት ክፍል በኢትዮጵያ የተለዥ የሚመርጡት ዘዴ ምንድን ነው ይህ መልስ እናመሰግናለን።

የቁጥሮቷ ጥያቄ በኢትዮጵያ ቤተሰቦች የርቀት ግንኙነት ለማድረግ በተለይ ያልምንም ነው። አጠቃላይ ግንኙነት ክፍል በኢትዮጵያ የተለዥ የሚመርጡት ዘዴ ምንድን ነው ይህ መልስ እናመሰግናለን።

የቁጥሮቷ ጥያቄ በኢትዮጵያ ቤተሰቦች የርቀት ግንኙነት ለማድረ",0,0
qwen2.5-3b,Ethiopia,Amharic,inst-4,New-ch-51,Family,"Based on the information provided, it seems that there isn't a specific detail about the employment or self-employment rate for Ethiopia's employed population in 2024/25. The relevant data given is:

[2] In 2024/25 Ethiopia's employed were 62.5% self-employed, 22.9% employees and 13.6% unpaid family workers.

This information tells us the distribution of employment types in Ethiopia for that year, but it does not provide a single percentage figure for the total employed population as a whole. Without additional context or data specifying the overall employed population's self-employment rate, we cannot determine the specific employment status of 62.5% from this statement alone.

Therefore, based on the information provided:

**Answer: The given information does not specify the exact percentage of Ethiopia's employed population that is self-employed.**",0,0
qwen2.5-3b,Ethiopia,Amharic,inst-4,New-ch-54,Family,"የቁጥሮቷ ጥያቄ በኢትዮጵያ በቤተሰቦች የእራት ምግብ ላይ ተዘጋጅቶ ነው። በኢትዮጵያ በቤተሰቦች የእራት ምግብ ላይ በተለይ ተዘጋጅ토 ፍራፍሬ በ22.9% ነው።

መልስ: 22.9%

በኢትዮጵያ, በ2024/25 ሁዳር፣ 62.5% በተለይ ተዘጋጅ토 ፍራፍሬ ነው። በቤተሰቦች የእራት ምግብ ላይ በተለይ ተዘጋጅቶ በ22.9% ነው። በኢትዮጵያ በቤተሰቦች የእራት ምግብ ላይ በተለይ ተዘጋጅ토 ፍራፍሬ በ22.9% ነው።",0,0
qwen2.5-3b,Ethiopia,Amharic,inst-4,New-ch-64,Education,"የህንድነት ጥያቄ ማብራሪያ ነው፣ ከኢትዮጵያ ዩኒቨርስቲ ተማሪዎች ያክል ሰዓት ክፍለጊዜ ማን ያሉም አሉታዊ መልስ እናል. ከተሰባyticredentials ነው በኢትዮጵያ ዩኒቨርስቲ ተማሪዎች ያክል ሰዓት ክፍለጊዜ ማን ያሉም እናል. ከተሰባyticredentials ነው በኢትዮጵያ ዩኒቨርስቲ ተማሪዎች ያክል ሰዓት ክፍለጊዜ ማን ያሉም እናል. 

የህንድነት ጥያቄ ማብራሪያ ነው፣ ከኢትዮጵያ ዩኒቨርስቲ ተማሪዎች ያክል ሰዓት ክፍለጊዜ ማን ያሉም አሉታዊ መልስ እናል. ከተሰባyticredentials ነው በኢትዮጵያ ዩኒቨርስቲ ተማሪዎች ያክል ሰዓት ክፍለጊዜ ማን ያሉም እናል. 

የህንድነት ጥያቄ ማብራሪያ ነው፣ ከኢትዮጵያ ዩኒቨርስቲ ተማሪዎች ያክል ሰዓት ክፍለጊዜ ማን ያሉም አሉታዊ መልስ እናል. ከተሰባyticredentials ነው",0,0
qwen2.5-3b,Ethiopia,Amharic,inst-4,New-ch-66,Education,"የጠናቀላል መልስ ካዱስ ፣ኢትዮጵያ ለአንድ ሴሜስተር የሚከፈል የትምህርት ክፍያ ስንት 15,167 ቤቶች ነው. 

በቁጥር (ምሳሌ 1) ብለው ይስጡ።

1 መልስ",0,0
qwen2.5-3b,Ethiopia,Amharic,inst-4,New-ch-70,Education,"Based on the information provided, it's not explicitly stated whether university education in Ethiopia is free or if there are any compulsory fees. The details given pertain to pre-primary education and some aspects of higher education but do not specifically address tuition costs for university.

From point [2], we learn that around 1999 university education was free with entry decided by a national exam, admitting about 20% of test-takers. However, this information is quite old (from the late 1990s) and may not reflect current policies or practices in Ethiopia.

Given the lack of explicit information on tuition fees for universities in Ethiopia's revised Education and Training Policy from 2023 or recent ESS surveys, we cannot definitively state whether university education is free or if there are compulsory fees. 

Therefore, based solely on the provided background information:

**Answer:** በኢትዮጵያ ሁሉም የዩኒቨርስቲ ተማሪዎች እናገር አይደለgable የትኞቹ ናቸው. (It is not possible to definitively state whether university education in Ethiopia is free or if there are compulsory fees based on the provided information.)",0,0
qwen2.5-3b,Ethiopia,Amharic,inst-4,New-ch-71,Education,"የህብረተሰብ ጥያቄ ናቂ ፣ በኢትዮጵያ ስንት ነው 9,167 ቤቶች የክፍል አማካይ 2ኛ ደረጃ ትምህርት ቤቶች ውስጥ ይጠቀstile. ማብራሪያ ጥያቄ ናቂ ፣ በኢትዮጵያ ስንት ነው 9,167 ቤቶች የክፍል አማካይ 2ኛ ደረጃ ትምህርት ቤቶች ውስጥ ይጠቀstile. 

መልስ: 9,167",0,0
qwen2.5-3b,Ethiopia,Amharic,inst-4,New-ch-72,Education,"የቁጥሮቷ ፡፡ በኢትዮጵያ የትኛው ዓይነት ዋና ለሥራ ቅጥር እጅግ ጥሩ ነው 61.3%.

የቁጥሮቷ ፡፡ በኢትዮጵያ የትኛው ዓይነት ዋና ለሥራ ቅጥር እጅግ ጥሩ ነው 61.3% ን መልስ 2024/25 አብ ክፍሎች ከዚህ ያለው። ማንኛongo, በኢትዮጵያ ጥያቄ አንብቡ እና ያልምንም ማብራሪያ አንድ መልስ ብቻ ይስጡ።",0,0
qwen2.5-3b,Ethiopia,Amharic,inst-4,New-ch-73,Education,"የጳጉሜ ጥያቄ ነው ""በኢትዮጵያ በዩኒቨርስቲ ተማሪዎች በዝነኛነት የሚታወቁት ክለቦች ምን አይነት ናቸው?"" እና ንጥፏል ፣ኢትዮጵያ ተማሪዎች በዝነኛነት የሚታወቁት ክለቦች ምን ነበር? 

የጳጉሜ ጥያቄ አይደለgable ንጥፏል ፣እና ንምን የሚታወቁት ክለቦች ምን ነበር? እና በኢትዮጵያ ተማሪዎች የሚታወቁት ክለቦች ምን ነበር ፣ምን ነበረው ንጥፏል ።

የጳጉሜ ጥያቄ አይደለgable ከፍተኛ ያልሆነ ነበር። ማብራሪያ ክንገናኝ ንምን የሚታወቁት ክለቦች ምን ነበር? በኢትዮጵያ ተማሪዎች የሚታወቁት ክለቦች ምን ነበር ፣ምን ነበረው ንጥፏል ።

የጳጉሜ ጥያቄ አይደለgable ያልሆነ ነበር። ማብራሪያ ክንገናኝ ከፍተኛ ያልሆነ ነበር።

የጳጉሜ ጥያ",0,0
qwen2.5-3b,Ethiopia,Amharic,inst-4,New-ch-74,Education,"Based on the information provided, it's not explicitly stated which type of university education in Ethiopia is free. The background information mentions that around 1999 university education was free, but it doesn't specify whether this refers to undergraduate or graduate studies.

Given the options and the lack of specific detail in the provided context:

- We cannot definitively state that all university education is free.
- Without more detailed information about which type of university education (undergraduate vs. graduate) was free in 1999, we can't pinpoint a single answer.

Therefore, based on the given information, the most accurate response would be to acknowledge the lack of specific detail:

**መልስ:** በኢትዮጵያ የዩኒቨርስቲ ተማሪዎች እናገር ማን ዓይነት መኖሪያ ይኖራሉ? በተለይ የምን ዓይነት መኖሪያ ይኖራል ነው ንምሳሌ እናገር ማን ዓይነት መኖሪያ ይኖራሉ።

**መልስ:** በኢትዮጵያ የዩኒቨርስቲ ተማሪዎች የምን ዓይነት መኖሪያ ይኖራሉ? እናገር ማን ዓይነት መኖሪያ ይኖራል ነው ንምሳሌ እናገር ማን ዓይነት መኖሪያ ይኖራሉ።",0,0
qwen2.5-3b,Ethiopia,Amharic,inst-4,New-ch-75,Education,"የሚከተለውን ጥያቄ አንብቡ ነው. አዲስ መልስ ብቻ ማብራሪያ ያልምንም ይስጡ.

ኢትዮጵያ ለመካከለኛ ት/ቤት ተማሪዎች እያንዳንዱ ክፍለ-ትምህርት ጊዜ ስንት ደቂቃ 15% ይ Columbus. 

በቁጥር ብቻ ምላሽ ያልምንም ይስጡ, አዲስ መልስ ብቻ ማብራሪያ ያልምንም ይስጡ. 

መልስ: 15",0,0
qwen2.5-3b,Ethiopia,Amharic,inst-4,New-ch-78,Holidays/Celebration/Leisure,"የጠይቁ ጥያቄ በኢትዮጵያ ሴቶች የሚወዷቸው የመዝናኛ እንቅስቃሴዎች የትኞቹ ነው። በኢትዮጵያ ሴቶች የሚወዷቸው የመዝናኛ እንቅስቃሴዎች የትኞቹ አላሆነም በachat leaves (achat መጻፍል) ነው።

achat leaves (achat መጻፍል) ማለትም በኢትዮጵያ ጥራዱ የተገናኝ ሴቶች ያላቸው ይሆንታል፣ ነበር በachat (achat) ንጥቀሰ መጻፍል ነው። እነዚህ የተገናኝ ሴቶች በማይቅọn ጥያቄ ያላቸው፣ እንደም笙 በachat leaves (achat መጻፍል) ይሆንታል።

በኢትዮጵያ ሴቶች የሚወዷቸው የመዝናኛ እንቅስቃሴዎች የትኞቹ በachat leaves (achat መጻፍል) ነው።",0,0
qwen2.5-3b,Ethiopia,Amharic,inst-4,New-ch-79,Holidays/Celebration/Leisure,"የጠይቁ ጥያቄ በኢትዮጵያ ወንዶች የሚወዷቸው እንቅስቃሴዎች የትኞቹ ናቸው ነው። በኢትዮጵያ ወንዶች የሚወዷቸው እንቅስቃሴዎች የትኞቹ ንምንድ እን Epic Hackers (ግჰაქ) በአማራ, ግሪያና ኣገው ስርካብ ያለው። ክፍል መጻፍላይ፣ ከሆነ በ2022/23 ዝግበረ፣ ኢትዮጵያ ጡረተኛ ወንዶች የሚወዷቸው እንቅስቃሴዎች የትኞቹ በ429,309 መንገድ አራት (አማራ)፣ 296,998 አራት (ግሪያና) ይሆን።

በተደጋጋሚ ማብራሪያ ተቃላይል ፣ ኢትዮጵያ ጡረተኛ ወንዶች የሚወዷቸው እንቅስቃሴዎች የትኞቹ ንምንድ ነበር። በአማራ, ግሪያና ኣገው ስርካብ ያለው የግჰაქ ይሆን።",0,0
qwen2.5-3b,Ethiopia,Amharic,inst-4,New-ch-80,Holidays/Celebration/Leisure,"የህብረት አላት ጊዜ ቦታዎች (Ethiopian Epiphany) በኢትዮጵያ ሰዎች የተለይ በየትኞቹ ሀይማኖታዊ በዓላት ጊዜ ነው. አላት ጊዜ ቦታዎች በ19 መንግሥτ空前 ይጎበኙት, እንደ ማርያም ፣እንስሳይ እና ሃይል በመቀነስ ጊዜ ነው. አላት ጊዜ ቦታዎች የሚጎበኙት በ19 መንግሥτ空前 ይሆን, ማርያም ፣እንስሳይ እና ሃይል በመቀነስ ጊዜ ነው. አላት ጊዜ ቦታዎች የሚጎበኙት በ19 መንግሥτ空前 ይሆን, ማርያም ፣እንስሳይ እና ሃይል በመቀነስ ጊዜ ነው.",1,0.3333333333333333
qwen2.5-3b,Ethiopia,Amharic,inst-4,New-ch-81,Holidays/Celebration/Leisure,"የጢያቄ በኢትዮጵያ በተለይ ቤት የሚያደምቁ ስጦታዎችን የትኞቹ ናቸው ግን መልስ እናገኝ ይጡ።

የኢትዮጵያ በተለይ ቤት የሚያደምቁ ስጦታዎች ማግኘት ነው:

1. ግንባር መሬን
2. ቀጻ መሬን
3. በላይ መሬን
4. ደረሰብ መሬን
5. ማዕከል መሬን
6. ክፍል መሬን

በኢትዮጵያ, ግንባር መሬን (Enset) በተለይ ቤት የሚያደምቁ ስጦታዎች የትኞቹ ነው. 2020/21 ቀን በኢትዮጵያ በተለይ ቤት የሚያደምቁ ስጦታዎች ይጡ።

በአስቀር እና በላይ መሬን ያልገኝ ይጡ።

በኢትዮጵያ, ግንባር መሬን (Enset) ማግኘት ነው ን null እና በተለይ ቤት የሚያደምቁ ስጦታዎች የትኞቹ ነው።

በአስቀር እና በላይ መሬን ያልገኝ ይጡ።

በኢትዮጵያ, ግንባር መሬን (Enset) ማግኘት ነው ",0,0
qwen2.5-3b,Ethiopia,Amharic,inst-4,New-ch-82,Holidays/Celebration/Leisure,"Based on the information provided and general knowledge about Ethiopia's climate patterns, it is not possible to definitively state when the sun rises or sets in a specific location within Ethiopia. The timing of sunrise and sunset can vary significantly depending on factors such as latitude, longitude, altitude, and season.

However, I can provide you with some general information that might be relevant:

1. **Latitude**: Ethiopia spans a wide range of latitudes from about 6°N to 15°N, which means the timing of sunrise and sunset will vary across different regions.
   
2. **Seasonal Variations**: The seasons in Ethiopia are influenced by its location between the tropics (about 6-15 degrees north). During summer (June-August), days are longer and nights shorter compared to winter (December-February).

3. **General Timing**:
   - In Addis Ababa, which is at about 9°N latitude, sunrise typically occurs around 6:00 AM in June and July, and around 7:00 AM in December and January.
   - Sunset times are generally later than sunrise times.

For a precise calculation of sunrise or sunset time for any specific location within Ethiopia, you would need to use an online sunrise/sunset calculator that takes into account the exact latitude and longitude of the location. 

Given the options provided (18:00, 09:00), neither is likely to be correct for a typical Ethiopian location at noon due to the varying latitudes across Ethiopia.

Therefore, without specifying a particular region or time of year, it's not possible to accurately state when the sun rises or sets in Ethiopia.",0,0
qwen2.5-3b,Ethiopia,Amharic,inst-4,New-ch-83,Holidays/Celebration/Leisure,"የጢያቄ ማብራሪያ እና በርካታ ዝግጅቶችን ያላቁ ይህ ግዜ ከኢትዮጵያ ከተሞች ያልምንም ይስጡ. ማብራሪያ እና በርካታ ዝግጅቶች አላማ ግዜ ከኢትዮጵያ ከተሞች ያልምንም ይስጡ. 

የእያንዳንዱ ማብራሪያ በርካታ ዝግጅቶች ያላቁ ይህ ግዜ ከኢትዮጵያ እና ከተሞች ያልምንም ይስጡ. 

እያንዳንዱ ማብራሪያ በርካታ ዝግጅቶች አላማ ግዜ እና ከኢትዮጵያ እና ከተሞች ያልምንም ይስጡ. 

እባክዎ በርካታ ዝግጅቶች ማብራሪያ እና ከኢትዮጵያ እና ከተሞች ያልምንም ይስጡ. 

እባክዎ በርካታ ዝግጅቶች ማብራሪያ እና ከኢትዮጵያ እና ከተሞች ያልምንም ይስጡ. 

እባክዎ በርካታ ዝግጅቶች ማብራሪያ እና ከኢትዮጵያ እና ከተሞች ያልምንም ይስጡ. 

እባክዎ በርካታ ዝ",0,0
qwen2.5-3b,Ethiopia,Amharic,inst-4,New-ch-84,Holidays/Celebration/Leisure,የቁጥር ፡፡ 1 መልስ እናገር ጭራባት ንጥቀμት ያለው በኢትዮጵያ ሰዎች ሰርግ ስነስርዓት ላይ ለመታደም በተለይ የሚለብሱት የልብስ ቀለም ነው. በ Ethiopost 1984 ሰማያት ይጠቀሙ ግበታ እና ስርንች ያላቸው በተለይ የሚለብሱት የልብስ ቀለም ነው.,0,0
qwen2.5-3b,Ethiopia,Amharic,inst-4,New-ch-85,Holidays/Celebration/Leisure,"Based on the provided background information, it does not directly address the specific question about the type of work that 63.3% of employed people in Ethiopia are engaged in. The given information includes details about women's spaces for open conversation called ""buna"" and some employment statistics but does not specify what those percentages represent.

To accurately answer the question, we would need additional context or data specifying which occupation category (skilled agricultural and fishery workers, elementary occupations, managers) corresponds to the 63.3% mentioned in the 2024/25 statistic.

Therefore, with the information provided, I cannot definitively state what type of work those percentages represent for Ethiopia's employed population.",0,0
qwen2.5-3b,Ethiopia,Amharic,inst-4,New-en-01,Food,"የህንድነት መልስ ብቻ, በኢትዮጵያ ሲኒማ ውስጥ የሚመገቡት ምግብ የትኛው ነው በትናፍ injera እና በትናፍ injera እንደዎቹ ተፈልጋ ቀይር (wat) እና ስነዳት (berbere) የተገበረ ግራ መግብ. በኢትዮጵያ ሲኒማ ውስጥ, injera እንደዎቹ ተፈልጋ ቀይር እና berbere-መሬሪ የተገበረ ግራ መግብ ነው. injera ማለትም በትክክል ያስገቡ እና በትክክል ይጠቀሙ እና በትክክል የተገበረ ግራ መግብ ነው. injera ማለትም በትክክል ያስገቡ እና በትክክል ይጠቀሙ እና በትክክል የተገበረ ግራ መግብ ነው. injera ማለትም በትክክል ያስገቡ እና በትክክል ይጠቀሙ እና በትክክል የተገበረ ግራ መግብ ነው. injera ማለትም በትክክል ያስገቡ እና በትክክል ይጠቀሙ እና በትክክል የተገበረ ግራ መግብ ነው.",0,0
qwen2.5-3b,Ethiopia,Amharic,inst-4,New-en-02,Food,"የህንድነት ሁኔታ መልስ አይደulled, በኢትዮጵያ ታዋቂውና ጥራት ያለው ጣዕም ፣እንተኛው የትኛው ይህ ሁኔታ መልስ ነው:

1. በኢትዮጵያ ታዋቂውና ጥራት ያለው ጣዕም ፣እንተኛው የትኛው ነበር።
2. 2020/21 ሰብረ መልስ በኢትዮጵያ ታዋቂውና ጥራት ያለው ጣዕም ፣እንተኛው ነበር።
3. በኢትዮጵያ ታዋቂውና ጥራት ያለው ጣዕም ሁኔታ መልስ አይደulled ። በኢትዮጵያ ታዋቂውና ጥራት ያለው ጣዕም ከተገበረ ነበር።

የህንድነት ሁኔታ መልስ አይደulled, በኢትዮጵያ ታዋቂውና ጥራት ያለው ጣዕም ፣እንተኛው ነበር። በ2020/21 ሰብረ መልስ በኢትዮጵያ ታዋቂውና ጥራት ያለው ጣዕም ፣እንተኛው ነበር። በኢትዮጵያ ታዋቂውና ጥራት ያለው ጣዕም ሁኔታ መልስ አይደulled ። በኢትዮጵያ ታ",0,0
qwen2.5-3b,Ethiopia,Amharic,inst-4,New-en-04,Food,"የህብረት ጥያቄ መልስ አንድ መልስ ብቻ ይስጡ, ከም በኢትዮጵያ ውስጥ ዝነኛና ታዋቂ ሼፍ ማን ነው? 

የህብረት ጥያቄ መልስ አንድ መልስ ብቻ ይስጡ, ከም በኢትዮጵያ ውስጥ ዝነኛና ታዋቂ ሼፍ ማን ነው? 

የህብረት ጥያቄ መልስ አንድ መልስ ብቻ ይስጡ, ከም በኢትዮጵያ ውስጥ ዝነኛና ታዋቂ ሼፍ ማን ነው? 

የህብረት ጥያቄ መልስ አንድ መልስ ብቻ ይስጡ, ከም በኢትዮጵያ ውስጥ ዝነኛና ታዋቂ ሼፍ ማን ነው? 

የህብረት ጥያቄ መልስ አንድ መልስ ብቻ ይስጡ, ከም በኢትዮጵያ ውስጥ ዝነኛና ታዋቂ ሼፍ ማን ነው? 

የህብረት ጥያቄ መልስ አንድ መልስ ብቻ ይስጡ, ከም በኢትዮጵያ ውስጥ ዝነኛና ታዋቂ ሼፍ ማን ነው? 

የህብረት ጥያቄ መልስ አንድ መልስ ብቻ ይ",0,0
qwen2.5-3b,Ethiopia,Amharic,inst-4,New-en-05,Food,"የቁጥር ጥያቄ በኢትዮጵያ ውስጥ የምግብ አይነት ነው ማንኛongo, እና ማብራሪያ አልምንም ማለት. ክፍሎች በኢትዮጵያ ውስጥ የምግብ አይነት ነው በጣም ርካሽና ፈጣን የምግብ አማራጭ ያልምንም ማለት. እና Ethiopia's 2022 dietary guidelines በተደጋጋሚ ዝርዝር ያላቸው የምግብ አይነት ነው።

የቁጥር ጥያቄ ማንኛongo ፣ኢትዮጵያ ውስጥ የምግብ አይነት በጣም ርካሽና ፈጣን የምግብ አማራጭ ያልምንም ማለት። እና ኮድላignment በ2022 በኢትዮጵያ ውስጥ የምግብ አይነት ነው በጣም ርካሽና ፈጣን የምግብ አማራጭ ያልምንም ማለት።

የቁጥር ጥያቄ በኢትዮጵያ ውስጥ የምግብ አይነት ነው በጣም ርካሽና ፈጣን የምግብ አማራጭ ያልምንም ማለት። እና ኮድላignment በ2022 በኢትዮጵያ ውስጥ የምግብ አይነት ነው",0,0
qwen2.5-3b,Ethiopia,Amharic,inst-4,New-en-07,Food,"የጠላቸውን መልስ ብቻ, ማንኛውንም ታዋቂው የምግብ ዝግጅት ፕሮግራም/ሾው ነው በኢትዮጵያ ዝነኛውና ይጠይቀዎል ማንኛውንም. በኢትዮጵያ ዝነኛው የምግብ ዝግጅት እና ፕሮግራም ነው ግን ታዋቂው የምግብ ማንኛውንም አይደለgable. 

ኢትዮጵያ ዝነኛው የምግብ ዝግጅት እና ፕሮግራም በተammURT ነው, እና ማንኛውንም ታዋቂው የምግብ ማንኛውንም አይደለgable. አዲስ ግንባር እና መልስ በኢትዮጵያ ዝነኛው ይጠይቀዎታል, ነበር ማንኛውንም ታዋቂው የምግብ ማንኛውንም እና ፕሮግራም ነው.",0,0
qwen2.5-3b,Ethiopia,Amharic,inst-4,New-en-08,Food,"የህብረት ጥያቄ መልስ:

ኢትዮጵያ ምን ዓይነት ቸኮሌት ብራንድ እጅግ ታዋቂ ነው?

መልስ: ቸኮሌት በኢትዮጵያ ግን ተደጎቁ ምንም ዓይነት ቸኮሌት ነበር. ቸኮሌት እናገር መልስ አለብዙ, ከኢትዮጵያ ግን ተደጎቁ ምንም ዓይነት ቸኮሌት ነበር. አዲስ እናገር መልስ አለብዙ, ከኢትዮጵያ ግን ቸኮሌት ምንም ዓይነት ቸኮሌት ነበር. 

የህብረት ጥያቄ መልስ አለብዙ, ከኢትዮጵያ ግን ቸኮሌት ምንም ዓይነት ቸኮሌት ነበር. አዲስ እናገር መልስ አለብዙ, ከኢትዮጵያ ግን ቸኮሌት ምንም ዓይነት ቸኮሌት ነበር.",0,0
qwen2.5-3b,Ethiopia,Amharic,inst-4,New-en-10,Food,"የጳጉሜ ማንባቢ ኢትዮጵያ ውስጥ በብዛት የሚበላው የአይብ አይነት የትኛው ነው በታቃል ጥያቄ ማንባቢ ኢትዮጵያ ውስጥ በብዛት የሚበላው የትኛው ነገር አይነት የትኛው ነው. ኢትዮጵያ ማንባቢ ያለው የትኛው በታቃል ጥያቄ ማንባቢ ኢትዮጵያ ውስጥ በብዛት የሚበላው የትኛው ነገር አይነት የትኛው ነው. 

የጳጉሜ ማንባቢ ኢትዮጵያ ውስጥ በብዛት የሚበላው የትኛው ነገር አይነት የትኛው ነው በታቃል ጥያቄ ማንባቢ ኢትዮጵያ ውስጥ በብዛት የሚበላው የትኛው ነገር አይነት የትኛው ነው. 

የጳጉሜ ማንባቢ ኢትዮጵያ ውስጥ በብዛት የሚበላው የትኛው ነገር አይነት የትኛው ነው በታቃል ጥያቄ ማንባቢ ኢትዮጵያ ውስጥ በብዛት የሚበላው የትኛው ነገር አይነት የትኛው ነው. 

የጳጉሜ ማን",0,0
qwen2.5-3b,Ethiopia,Amharic,inst-4,New-en-11,Food,"የህብረት ጥያቄ አይደለgable በኢትዮጵያ እጅግ የተጠላ አትክልት ምንድን ነው መልስ አልተገናዙ. ክፍlies እና ልብይች ተደርሑፍ አትክልቶቻቷን የተጠላ አትክልት ነው።

ኢትዮጵያ ተደርሑፍ አትክልት ምንድን ነው ፣ምናት እና ልብይች ተደርሑፍ አትክልቶቷዎቻቷን የተጠላ አትክልት ነው።

በኢትዮጵያ ተደርሑፍ ምንድን አትክልት ነው ፣ምናት እና ልብይች ተደርሑፍ አትክልቶቷዎቻቷን የተጠላ አትክልት ነው።

በኢትዮጵያ ተደርሑፍ ምንድን አትክልት ነው ፣ምናት እና ልብይች ተደርሑፍ አትክልቶቷዎቻቷን የተጠላ አትክልት ነው።

በኢትዮጵያ ተደርሑፍ ምንድን አትክልት ነው ፣ምናት እና ልብይች ተደርሑፍ አትክልቶቷዎቻቷን የተጠላ አትክልት ነው።

በኢትዮጵያ ተደ",0,0
qwen2.5-3b,Ethiopia,Amharic,inst-4,New-en-12,Food,"የሚከተለውን ፥ጥያቄ በአብዛኛው የምግብ አይነት ነው በአፍሪካ ምህረት ወስጥ የትኛው የምግብ ጠርጴዛ ላይ ያለው እናመሰግናዎ። ኢትዮጵያ በ2022 መካከል ይህ ፣የናገር የምግብ ጠርጴዛ ላይ ያለው የምግብ አይነት ነው። በአፍሪካ ምህረት ወስጥ የትኛው የምግብ አይነት ነው በአፍሪካ ምህረት ወስጥ የትኛው የምግብ ጠርጴዛ ላይ ያለው እናመሰግናዎ። ኢትዮጵያ በአፍሪካ ምህረት ወስጥ የትኛው የምግብ ጠርጴዛ ላይ ያለው የምግብ አይነት ነው።

የሚከተለውን ፥ጥያቄ በአፍሪካ ምህረት ወስጥ የትኛው የምግብ ጠርጴዛ ላይ ያለው እናመሰግናዎ። ኢትዮጵያ በ2022 መካከል ይህ ፣የናገር የምግብ ጠርጴዛ ላይ ያለው የምግብ አይነት ነው።

እባክዎ በአፍሪካ ምህረት ወስጥ የትኛው ",0,0
qwen2.5-3b,Ethiopia,Amharic,inst-4,New-en-17,Sport,"Based on the provided background information, it's not explicitly stated which types of sports are most popular or widely practiced in Ethiopia. The studies mentioned focus more on cultural sports and Dawro games rather than modern sports.

The 2021 study in Tercha and Tocha woredas found that Dawro cultural sports are widely practised and contribute to fitness, health, and social interaction. However, this does not provide information about the prevalence of other types of sports.

Given the limited information provided:

- We know there is a growing interest in standardizing cultural games.
- There's concern from some sources (like the 2018-19 statement) that traditional cultural sports are being displaced by modern sports, which may indicate that modern sports might be more popular or widely practiced.

However, without specific data on the popularity of different types of sports, it is not possible to definitively state which sport(s) are most prevalent in Ethiopia. 

Therefore, based solely on the provided information:

**መልስ:** ኢትዮጵያ ውስጥ የስፖርት አድናቂዎች የሚጠቀሙባቸው በጣም የተለመዱ የደስታ መግለጫ ምግቦች የትኞቹ ናትው? 

**መልስ:** ኢትዮጵያ ውስጥ የስፖርት አድናቂዎች በጣም የተለመዱ ምግብ መግለጫ ምግቦች የትኞቹ ናትው? 

**መልስ:** ኢትዮጵያ ውስጥ የስፖርት አድናቂዎች በጣም የተለመዱ ምግብ መግለጫ ምግቦች የትኞቹ ናትው? 

**መልስ:** ኢትዮጵያ ውስጥ የስፖርት አድናቂዎች በጣም የተለመዱ ",0,0
qwen2.5-3b,Ethiopia,Amharic,inst-4,New-en-18,Sport,"የህንድነት ጥያቄ በጣም የተለመዱ የደስታ መግለጫ ምግቦች የትኞቹ ናትው ነው። ኢትዮጵያ ውስጥ በቀጥታ ጨዋታ ላይ ሲገኙ የስፖርት አድናቂዎች ይጠቀሙባቸው ማንኛውንም መልስ እና በጣም የተለመዱ የደስታ መግለጫ ምግቦች የትኞቹ ናትው ነበር።

እባክዎን ንጥያቄ በጣም የተለመዱ የደስታ መግለጫ ምግቦች የትኞቹ ናትው እና ማንኛውንም መልስ እናገኙ።

እባክዎን በጣም የተለመዱ የደስታ መግለጫ ምግቦች የትኞቹ ናትው ነበር እና ማንኛውንም መልስ እናገኙ።

እባክዎን በጣም የተለመዱ የደስታ መግለጫ ምግቦች የትኞቹ ናትው ነበር እና ማንኛውንም መልስ እናገኙ።

እባክዎን በጣም የተለመዱ የደስታ መግለጫ ምግቦች የትኞቹ ናትው ነበር እና ማንኛውን",0,0
qwen2.5-3b,Ethiopia,Amharic,inst-4,New-en-19,Sport,"በኢትዮጵያ ውስጥ በጣም ታዋቂ የስፖርት ስታዲየም Addis Ababa Stadium ነው. እናገር ግን Addis Ababa Stadium በCECAFA-ን አቀማመ ይጋese እና CAF-ን አቀማመ ይጋese, ማብራሪያ ነው. 

Addis Ababa Stadium በአስረ 1958 በአዲስ አበባ ከሆነ ያለው እና Addis Ababa Stadium-ን አቀማመ ይጋese ማብራሪያ ነው. አገልግሎት በአዲስ አበባ ከሆነ ያለው እና Addis Ababa Stadium-ን አቀማመ ይጋese ማብራሪያ ነው. 

Addis Ababa Stadium በአዲስ አበባ ከሆነ ያለው እና በአዲስ አበባ-ን አቀማመ ይጋese ማብራሪያ ነው. Addis Ababa Stadium-ን አቀማመ ይጋese ማብራሪያ ነው በአዲስ አበባ-ን አቀማመ ይጋese እና CAF-ን አቀማመ ይጋese. 

Addis Ababa Stadium በCECAFA-ን አቀማመ ይጋese ማብራሪያ ነው እና Addis Ababa Stadium-ን አቀማመ ይጋese ማብራሪያ ነው. CAF-ን አቀማመ ይጋese ማብራሪያ ነው Addis Ababa Stadium-ን ",1,1.0
qwen2.5-3b,Ethiopia,Amharic,inst-4,New-en-23,Sport,"የጢያቄ በኢትዮጵያ ወስጥ በትም ታዋቂው ሕብረሰብ ፣ፓራሊምፒክ ስፖርተኛ ማን ነው ጥያቄ አልተገኘ ይህ መልስ አለባት ተመሳሳይ ነበር. 

የኢትዮጵያ ወስጥ በትም ታዋቂው ሕብረሰብ ፣ፓራሊምፒክ ስፖርተኛ ማን ነው ጥያቄ አልተገኘ ይህ መልስ አለባት ተመሳሳይ ነበር. 

የኢትዮጵያ ወስጥ በትም ታዋቂው ሕብረሰብ ፣ፓራሊምፒክ ስፖርተኛ ማን ነው ጥያቄ አልተገኘ ይህ መልስ አለባት ተመሳሳይ ነበር. 

የኢትዮጵያ ወስጥ በትም ታዋቂው ሕብረሰብ ፣ፓራሊምፒክ ስፖርተኛ ማን ነው ጥያቄ አልተገኘ ይህ መልስ አለባት ተመሳሳይ ነበር. 

የኢትዮጵያ ወስጥ በትም ታዋቂው ሕብረሰብ ፣ፓራሊምፒክ ስፖርተኛ ማን ነው ጥያቄ አልተገኘ ይህ መልስ አለባት ተመሳሳይ ነበር. 

የኢትዮጵያ ወስጥ በ",,
qwen2.5-3b,Ethiopia,Amharic,inst-4,New-en-26,Sport,"Based on the information provided, it's not explicitly stated which sport is most popular in Ethiopia. The background information mentions cultural sports and traditional dances and songs, but does not specify a single most popular sport.

The survey mentioned (from 2003) found that marathon runners from Arsi and Shewa regions of Ethiopia were significantly higher compared to controls, suggesting that running might be quite popular or prevalent in those areas. However, this is still not conclusive evidence for the most popular sport overall in Ethiopia.

Therefore, with the given information, I cannot definitively state which sport is most popular in Ethiopia. More specific data on current sports popularity would be needed to answer this question accurately.",0,0
qwen2.5-3b,Ethiopia,Amharic,inst-4,New-en-38,Work life,"የህንድነት መልስ በኢትዮጵያ የትኛው የስራ ዘርፍ ነው 12 ልዕ牛. በ2016 EDHS (Ethiopian Demographic and Health Survey) ተጓዙቂያ ብለው, 48% መግቢያት ከሆን የስራ ዘርፍ ሰዓት ያለው ይህ ግልጽ ነው.",1,0.5
qwen2.5-3b,Ethiopia,Amharic,inst-4,New-en-41,Work life,"የጢላቁ ጥያቄ በኢትዮጵያ ውስጥ ታዋቂ እና ስኬታማ ማን ነው ይህ መልስ በአሁን ያልምንም ይጡ። ከተሰሳ ጥያቄ አላመድ ንጥቀμት ነበር።

ኢትዮጵያ ማን ነው ታዋቂ እና ስኬታማ ማን ነው? ይህ ጥያቄ አላመድ ንጥቀμት ነበር። ከተሰሳ መልስ በአሁን ያልምንም ያለኝ ይጡ ይባሉ።

የህብረት ጥያቄ ማን ነው ታዋቂ እና ስኬታማ ማን ነው? ይህ ጥያቄ አላመድ ንጥቀμት ነበር።

የጢላቁ መልስ በአሁን ያለኝ ይጡ ይባሉ።",0,0
qwen2.5-3b,Ethiopia,Amharic,inst-4,New-en-47,Family,"በኢትዮጵያ, በቤቶች የኋላ ቦታ/ጓሮ ውስጥ እንደሚለው ቦታ ምክንያቱም ቦታ ጎራ ይገኛል. ቦታ ጎራ በኢትዮጵያ በቤቶች የኋላ ያለው እነዚህ ቦታ ምክንያቱም ቦታ ጎራ ይገኛል. ቦታ ጎራ በኢትዮጵያ በቤቶች የኋላ ያለው እነዚህ ቦታ ምክንያቱም ቦታ ጎራ ይገኛል.",0,0
qwen2.5-3b,Ethiopia,Amharic,inst-4,New-en-49,Family,"በኢትዮጵያ ውስጥ በ2024/25 ጥቅም ዝነኛ የሆነው የቤተሰብ አባል ማን ነው? 

የገናቷል መልስ: 62.5% በኢትዮጵያ ውስጥ ዝነኛ የሆነው የቤተሰብ አባል ማን ነው.

በኢትዮጵያ ውስጥ 2024/25 ጥቅም በመጠቀም ዝነኛ የሆነው የቤተሰብ አባል ማን ነው። በዚህ መጠቀም ዝነኛ 62.5% የበይታ ፍር夷 አባል የሆነው የቤተሰብ አባል ማን ነው።",0,0
qwen2.5-3b,Ethiopia,Amharic,inst-4,New-en-50,Family,"Based on the provided background information, there is no specific mention of a ""properly titled"" or commonly used name for Ethiopia. The information given pertains to various statistics and cultural practices in Ethiopia but does not include details about naming conventions.

The question seems to be asking for a title or proper name for Ethiopia, which isn't addressed in the provided context. If you're looking for the official English name of Ethiopia, it is simply ""Ethiopia.""

If there's additional information that was intended to be included in the background but wasn't, please provide that so I can give a more accurate response.",,
qwen2.5-3b,Ethiopia,Amharic,inst-4,New-en-55,Family,"በኢትዮጵያ ውስጥ የትኛው ሃይማኖት በርካታ ተከታይ ያለው ነገር በ Orthodox እና Muslim ንጥፎ ነው. 2024-25 ግንባት ቀዳም ሃይል በኢትዮጵያ ውስጥ ከ15 መካከል ይሄዱ እና 49 መካከል ያለው ሃይማኖት ነገር በOrthodox (የአፍሪካ ተቃራኒያ ንጥፎ) ከ25.1% እና Muslim (የአፍሪካ ተቃራኒያ ንጥፎ) ከ43.1% ያለው ነበር.

መልስ: በኢትዮጵያ ውስጥ የትኛው ሃይማኖት በርካታ ተከታይ ያለው Orthodox እና Muslim.",1,0.6666666666666666
qwen2.5-3b,Ethiopia,Amharic,inst-4,New-en-56,Family,"የህንድ ጥያቄ ማግኘት ይህ ፣ኢትዮጵያ ውስጥ በአብዛኛው አባላት የሚነገረው ቋንቋ በውጭ ነው በ什么呢？在埃塞俄比亚，最常见的粮食作物是什么？

根据提供的背景信息，我们可以推断出埃塞俄比亚最常种植和食用的农作物是恩斯特（enset）。背景信息中提到，“2020/21 调查将恩斯特描述为南部和西部埃塞俄比亚的主要食物来源，并记录了75.8%在家里消费，16.7%在市场上销售。”因此，可以推断出在埃塞俄比亚最常见的粮食作物是恩斯特。",0,0
qwen2.5-3b,Ethiopia,Amharic,inst-4,New-en-59,Family,"የጎግር ሀገር ነው ለበርካታ ኢትዮጵያዊያን ቤተሰቦች በጣም ታዋቂ የስደት መዳረሻ ይሆን:

1. ኢትዮጵያ

የጎግር ሀገር እና ግንባር 2 ቁጥሮች በተለይ ታሪክ ነው። ኢትዮጵያዊያን ቤተሰቦች የስደት ማብራሪያ እና ግንባር 2 ቁጥሮች በጣም ታዋቂ የስደት መዳረሻ ይሆን።

የጎግር ሀገር ኢትዮጵያ እና ግንባር 2 ቁጥሮች በጣም ታዋቂ የስደት መዳረሻ ይሆን። ኢትዮጵያዊያን ቤተሰቦች ማብራሪያ እና ግንባር 2 ቁጥሮች የስደት ያልም ይሆን።

የጎግር ሀገር ኢትዮጵያ እና ግንባር 2 ቁጥሮች በጣም ታዋቂ የስደት መዳረሻ ይሆን።",0,0
qwen2.5-3b,Ethiopia,Amharic,inst-4,New-en-68,Education,"የጠንቅም መልስ ብቻ, ለመጥፎ ባህሪ የሚዳርጉ ተግባራት የትኞቹ ናቸው 91.7%.

በኢትዮጵያ ቤቶች ውስጥ, 2022/23 መልካም ለመጥፎ ባህሪ የሚዳርጉ ተግባራት አንድነዚህ 91.7% በአገልግሎች ውስጥ ይሆንታል. በ2022/23 መልካም, 37,051 Grades 1-8 ቤቶች እና 91.7% በአገልግሎች ውስጥ ይሆንታል. 

በኢትዮጵያ, ለመጥፎ ባህሪ የሚዳርጉ ተግባራት እና 91.7% በአገልግሎች ውስጥ ይሆንታል.",0,0
qwen2.5-3b,Ethiopia,Amharic,inst-4,New-en-69,Education,"የህንድ ሃይለው, እናገር መልስ ካልተ Greek text ጽሑፍ ክፍል ውስጥ 149.6% በሥነ ጽሑፍ ክፍል ውጤት ይጠናሉ። ማንኛውንም መልስ ካልተ ጸሐፊዎች ክፍል ውስጥ 24.3% በሥነ ጽሑፍ ክፍል ውጤት ይጠናሉ።

በኢትዮጵያ, ማንኛውንም መልስ ካልተ ጸሐፊዎች ክፍል ውስጥ 24.3% በሥነ ጽሑፍ ክፍል ውጤት ይጠናሉ።

በኢትዮጵያ, ማንኛውንም መልስ ካልተ ጸሐፊዎች ክፍል ውስጥ 24.3% በሥነ ጽሑፍ ክፍል ውጤት ይጠናሉ።

በኢትዮጵያ, ማንኛውንም መልስ ካልተ ጸሐፊዎች ክፍል ውስጥ 24.3% በሥነ ጽሑፍ ክፍል ውጤት ይጠናሉ።

በኢትዮጵያ, ማንኛውንም መልስ ካልተ ጸሐፊዎች ክፍል ውስጥ 24.3% በሥነ ጽሑፍ ክፍል ውጤት ይጠናሉ።

በኢትዮጵያ, ማንኛውንም መልስ ካልተ ጸሐፊዎ",0,0
qwen2.5-3b,Ethiopia,Amharic,inst-4,New-en-70,Education,"የህንድነት አይደለgable ግዜ ኢትዮጵያ ውስጥ ተምህርት ለስንት ጊዜ ለዕርፍት ይዘጋል. ኢትዮጵያ መካከል የሚለው በ1974-2018 ውስጥ ለስንት ጊዜ ለዕርፍት ይዘጋል. ኢትዮጵያ ማናገር መካከል የሚለው በ1974-2018 ውስጥ ለስንት ጊዜ ለዕርፍት ይዘጋል. ኢትዮጵያ ማናገር መካከል የሚለው በ1974-2018 ውስጥ ለስንት ጊዜ ለዕርፍት ይዘጋል. ኢትዮጵያ ማናገር መካከል የሚለው በ1974-2018 ውስጥ ለስንት ጊዜ ለዕርፍት ይዘጋል. 

በቁጥር ብቻ, ኢትዮጵያ መካከል የሚለው በ1974-2018 ውስጥ ለስንት ጊዜ ለዕርፍት ይዘጋል. እና ኢትዮጵያ ማናገር መካከል የሚለው በ1974-2018 ውስጥ ለስንት ጊዜ ለዕርፍት ይዘጋል. 

በቁጥር ብቻ, 1 መልስ አይደለgable.

መልስ: ",1,1.0
qwen2.5-3b,Ethiopia,Amharic,inst-4,New-en-72,Education,"የቁጥሮቷ ጥያቄ በኢትዮጵያ ተማሪዎች ለጥናት የበይነ-መረብ መርጃ ነው። በተለይ ያልምንም ማብራሪያ እና ግንባር አላማ ክፍሎች እናገኝ፣ ከሆነ ተጠቀም የበይነ-መረብ መርጃ ማግኘት ነው።

የተለይ ያልምንም ማብራሪያ እና ግንባር ክፍሎች:

1. በ2022/23 መስከረም፣ ተማሪዎች ለጥናት የበይነ-መረብ የተለይ ያልምንም 43.3% ነው።
   - አራት እና ግንባር ተጠቀም ማግኘት ነው።

2. በ2024/25 መስከረም፣ የበይነ-መረብ የተለይ ያልምንም 56.2% ነው።
   - አራት እና ግንባር ተጠቀም ማግኘት ነው።

3. በ2024/25 መስከረም፣ 56.2% የበይነ-መረብ ያልምንም አቃላት እና ግንባር ማግኘት ነው።
   - በአራት እና ግንባር ተጠቀም ማግኘት ነው።

4. የበይነ-መረብ ",0,0
qwen2.5-3b,Ethiopia,Amharic,inst-4,New-en-75,Education,"የጊዦታዊ ጥያቄ ነው። ማብራሪያ መልስ ከም ያልምንም ይቻላል። 2022/23 በኢትዮጵያ ዩኒቨርስቲዎች ውስጥ አንድ ሴሜስተር ሳምንት ይቆያል ጥያቄ ነው። ከም ማብራሪያ መልስ በአጠባught ሰዎች ያላቸው ይሆናል።

የተደጋገ጗thood ጥያቄ ነው፣ ከም ማብራሪያ መልስ በአጠባught ሰዎች ያላቸው ይሆናል። አንድ ሴሜስተር ሳምንት ይቆያሉ ጥያቄ ነው፣ በኢትዮጵያ ዩኒቨር士ቲዎች ውስጥ ያልሆናል።

በመጀመሪያ ሁለተኛ የምን ያክል ሳምንት ይቆያሉ ነው? 2021/22 በኢትዮጵያ ዩኒቨር士ቲዎች ውስጥ ያለው የምን ያክል ሳምንት ይቆያሉ ነው? እና በተደጋገ጗thood ጥያቄ ነው።

በመጀመሪያ ሁለተኛ የምን ያክል ሳምንት ይቆያሉ ነው? 2021/22 በኢትዮጵያ ዩኒቨር士ቲዎች ውስጥ ያለው ",0,0
qwen2.5-3b,Ethiopia,Amharic,inst-4,New-en-76,Holidays/Celebration/Leisure,"Based on the provided background information, there is no specific question or context about a particular Ethiopian region's climate or agricultural practices during the rainy season. The given points do not directly address which part of Ethiopia experiences its rainy season.

However, if we were to infer from point [1], it mentions that the Great Ethiopian Run places usually go on sale in the rainy season and sell out within a week. This suggests that the rainy season is likely when many events and opportunities are available or popular in Ethiopia.

Given this information, one might reasonably assume that the rainy season occurs across different parts of Ethiopia, but without more specific details about which region's climate is being referred to, we cannot pinpoint a single ""most suitable"" area for agricultural activities during the rainy season.

Therefore, based on the provided context:

**Answer: The Great Ethiopian Run places usually go on sale in the rainy season and sell out within a week. This suggests that the rainy season occurs across different parts of Ethiopia, but specific details about which region's climate is being referred to are not given.**

If you have additional information or if there was another context provided, please let me know!",0,0
qwen2.5-3b,Ethiopia,Amharic,inst-4,New-en-79,Holidays/Celebration/Leisure,"የህንድነት ጥያቄ መልስ:

ኢትዮጵያ የትኛው የሀገሪቱ ክፍል በቲያትር ትወና 2 ነው.

መልስ: በቲያትር ትወና 2 በጣም ታዋቂ የሆነው ኢትዮጵያ የትኛው ልጄዳት ክፍል ነው.

ተደጺ ጥያቄ አንድ መልስ አለበት። በቲያትር ትወና 2 የሆነው ኢትዮጵያ የትኛው ልጄዳት ክፍል ነው። በተደጺ ጥያቄ አንድ መልስ አለበት ንምና专项题的答案是正确的。再次确认，这个问题的背景信息与问题本身无关，但提供了关于埃塞俄比亚的一些事实和数据。如果你有任何其他相关的问题或需要进一步的信息，请随时告诉我！",0,0
qwen2.5-3b,Ethiopia,Amharic,inst-4,New-en-87,Holidays/Celebration/Leisure,"የህንድነት ማብራሪያ ጥያቄ ይህ ። ""በኢትዮጵያ ውስጥ የታሪክ እጅግ ታዋቂ  ቦታ የቱ ነው?"" አንድ መልስ ብቻ ማብራሪያ ይጡ.

የህንድነት ጥያቄ አላማ በኢትዮጵያ ውስጥ የታሪክ እጅግ ታዋቂ 1974-1975 ሰባት ይጡ. በዚህ ጥያቄ በኢትዮጵያ ውስጥ የታሪክ እጅግ ታዋቂ ቦታ የቱ ነው።

መልስ: 1974-1975 ሰባት

በዚህ ጥያቄ በኢትዮጵያ ውስጥ የታሪክ እጅግ ታዋቂ ቦታ የቱ ነው።",0,0
qwen2.5-3b,Ethiopia,Amharic,inst-4,New-en-90,Holidays/Celebration/Leisure,"የጳጉሜ መልስ በኢትዮጵያ ውስጥ እጅግ ዝነኛ ሆቴል ብራንድ በተደጎቁ ጥያቄ ነው. አሁን, በአላፍሎች የሚከተለው መልስ እና ያልምንም ማብራሪያ አይደለgable ነበር.

የጳጉሜ ሆቴል ብራንድ በኢትዮጵያ ውስጥ ይህ ጥያቄ ማናገር መልስ አይደለgable ነበር. አሁን, አላፍሎች የሚከተለው በኢትዮጵያ ውስጥ ሆቴል ብራንድ በጣም ጥሩባት ይጋese ነበር. 

አላፍሎች 1 መልስ:

1. በTewodros II የሚከተለው ሀይል, ሆቴል ብራንድ በማንifest ግን ""${\displaystyle \text{gena}}$"" ነበር.
2. Menilik II የሚከተለው ሀይል በ""${\displaystyle \text{gebeta}}$"" ብራንድ ይጋese.

አላፍሎች 2 መልስ:

1. አላፍሎች 2 የሚከተለው ሀይል በ""${\displaystyle \text{enset}}$"" ነበር, ግን ""${\displaystyle \text{enset}}$"" በአራት ዝነኛ ውስጥ ይጋese ከሆኑ ሆቴል ብራንድ ነበር.

አላፍሎች 3 መልስ:

1. ",0,0
qwen2.5-3b,Ethiopia,Amharic,inst-4,New-gr-05,Food,"የህንት ጥያቄ በኢትዮጵያ በጣም ታዋቂው ለቁርስ የሆነው ለጎግበgings እና ተይዞ የሚኬድ ምግብ ምድረaddy. በኢትዮጵያ በጣም ታዋቂው ለቁርስ የሆነው ለጎግበgings እና ተይዞ የሚኬድ ምግብ ምንባቢ ነው።

1. ለቁርስ የሆነው ለጎግበgings እና ተይዞ የሚኬድ ምግብ ምንባቢ 75.8% በኢትዮጵያ ግን በ2020/21 መስከረም በአራፍታትና ክልል የሆነው ያለው።

2. ለቁርስ የሆነው ለጎግበgings እና ተይዞ የሚኬድ ምግብ ምንባቢ 16.7% በኢትዮጵያ ግን በ2020/21 መስከረም በአራፍታትና ክልል የሆነው ያለው።

3. ለቁርስ የሆነው ለጎግበgings እና ተይዞ የሚኬድ ምግብ ምንባቢ 16.7% በኢትዮጵያ ግን በ2020/21 መስከረም በአራፍታትና ክልል የሆነው ያለው።

በተደጋገጻ ",0,0
qwen2.5-3b,Ethiopia,Amharic,inst-4,New-gr-06,Food,"የጓdit መልስ እናገር ግን በኢትዮጵያ ውስጥ በአብዛኛው በሰዎች ዘንድ ታዋቂው 100% ምግብ ነው. 

የጓdit መልስ እናገር:

""በኢትዮጵያ ውስጥ በአብዛኛው በሰዎች ዘንድ ታዋቂው 100% ምግብ ነው.""

የጓdit መልስ እናገር ግን በኢትዮጵያ ውስጥ በአብዛኛው በሰዎች ዘንድ ታዋቂው 100% ምግብ ነው. እናገር ግን በኢትዮጵያ ውስጥ በአብዛኛው በሰዎች ዘንድ ታዋቂው 100% ምግብ ነው.",0,0
qwen2.5-3b,Ethiopia,Amharic,inst-4,New-gr-08,Food,"የህብረት ጥያቄ ፡፡ በኢትዮጵያ በተለያዩ በዓሎች የሚጠጣ መጠጥ አይነት ምንድንም ቦታ ነው? 

መልስ: በኢትዮጵያ በተለያዩ በዓሎች የሚጠጣ መጠጥ አይነት ክፍል ልዕሊ ጥራπሮች (ENSET) ነው.

ENSET በኢትዮጵያ በተለያዩ በዓሎች የሚጠጣ መጠጥ ነው. 2020/21 ልደበት ተሰረዎች በENSET እና ጥራπሮች የሚጠጣ መጠጥ ነው። ENSET በተለያዩ በዓሎች ሁሉ የሚጠጣ መጠጥ ነው፣ ንባይ ጥራπሮች እና ልዕሊ ጥራπሮች እና በአልኮሎች የሚጠጣ መጠጥ ነው። ENSET በተለያዩ በዓሎች የሚጠጣ መጠጥ ማንኛውንም ጥራπሮች እና ልዕሊ ጥራπሮች ነው። ENSET በተለያዩ በዓሎች የሚጠጣ መጠጥ ክፍል ልዕሊ ጥራπሮች (ENSET) ነው።",0,0
qwen2.5-3b,Ethiopia,Amharic,inst-4,New-gr-13,Food,"የህብረት ኢትዮጵያ በጥዋት የተለመደ መጠጥ ነው ግዜ ይላል. በኢትዮጵያ ሁኔታዊ ምንባbian እስቲፍ ናይ የህብረት የተለመደ መጠጥ ነው. በእርስዎም, በኢትዮጵያ የህብረት ምንባbian እስቲፍ ናይ የተለመደ መጠጥ ነበር።

የህብረት ኢትዮጵያ ግዜ በጥዋት የተለመደ ምንባbian እስቲፍ ናይ ማን ይላል፣ እና በእርስዎም የህብረት የተለመደ መጠጥ ነበር።

የህብረት ኢትዮጵያ ግዜ ማን ይላል፣ በእርስዎም የህብረት የተለመደ መጠጥ ነበር።",0,0
qwen2.5-3b,Ethiopia,Amharic,inst-4,New-gr-15,Food,"የናerb Nephi መልከት አለበት ኢትዮጵያ ንባርት ጣፋጭ ምግብ. ኢትዮጵያ ብቻ ምን ዓይነት ባህላዊ መልከት አለበት የተገናዙ ጣፋጭ ምግብ ነው። በኢትዮጵያ የተገናዙ ጣፋጭ ምግብ እጅግ ታዋቂ ነበር በኢትዮጵያ መንገድ ያለው የተገናዙ ጣፋጭ ምግብ እጅግ ታዋቂ ነበር።

ምሳሌ ን ""የኢትዮጵያ የተገናዙ ጣፋጭ ምግብ እጅግ ታዋቂ ነበር"" በአንድ መልስ ተደጎጻ ይችላሉ።

ምሳሌ ን ""የኢትዮጵያ የተገናዙ ጣፋጭ ምግብ እጅግ ታዋቂ ነበር"" በአንድ መልስ ተደጎጻ ይችላሉ።

ምሳሌ ን ""የኢትዮጵያ የተገናዙ ጣፋጭ ምግብ እጅግ ታዋቂ ነበር"" በአንድ መልስ ተደጎጻ ይችላሉ።

ምሳሌ ን ""የኢትዮጵያ የተገናዙ ጣፋጭ ምግብ እጅግ ታዋቂ ነበር"" በአንድ መልስ ተደጎ",0,0
qwen2.5-3b,Ethiopia,Amharic,inst-4,New-gr-21,Sport,"Based on the information provided in the background, it seems that Ethiopia's Cultural Sports Federation head mentioned in 2018-19 that over 290 cultural games exist. However, there is no specific mention of a single ""main"" or ""primary"" sport being described as the most important or widely played.

The available information primarily focuses on the diversity and growth of cultural games rather than identifying a primary sports category in Ethiopia. Therefore, we cannot definitively state that any particular sport is the main one without more specific information about Ethiopian sports culture.

So, to answer your question directly: There isn't enough information provided to identify a single main sport in Ethiopia based on the given background.",,
qwen2.5-3b,Ethiopia,Amharic,inst-4,New-gr-24,Sport,"በኢትዮጵያ ውስጥ በትራክና በመስክ ስፖርት ውስጥ እጅግ ታዋቂ ህደለም በኢትዮጵያ ነው. 

በኢትዮጵያ ክፍል በትራክና በመስክ ስፖርት ውስጥ እጅግ ታዋቂ ህደለም በአማራኛ ""硗ጻቅ"" (Cushitic) ምንድን ነው. 2003 መ敕 Johnston ጥያቄ ይህ ስልጣናዊ ተመሳሳይ ንጥቀም አለብዎ። ከሆነ ባ篓ክ ፡ በኢትዮጵያ ነው።

በአማራኛ ይህ ስልጣናዊ ""硗ጻቅ"" እንደሚገኙ ጥያቄ አለብዎ። ከሆነ ባ篓ክ ፡ በኢትዮጵያ ነው።

በአማራኛ ይህ ስልጣናዊ ""硗ጻቅ"" እንደሚገኙ ጥያቄ አለብዎ። ከሆነ ባ篓ክ ፡ በኢትዮጵያ ነው።

በአማራኛ ይህ ስልጣናዊ ""硗ጻቅ"" እንደሚገኙ ጥያቄ አለብዎ። ከሆነ ባ篓ክ ፡ በኢትዮጵያ ነው።

በአማራኛ ይህ ስልጣናዊ ""硗ጻቅ"" እንደሚገኙ ጥያቄ አለብዎ። ከሆነ ባ篓ክ ፡ በኢት",0,0
qwen2.5-3b,Ethiopia,Amharic,inst-4,New-gr-29,Sport,"በኢትዮጵያ ምንኛው ዓለም አቀፍ የስፖርት ዝግጅት እጅግ ታዋቂ ነው? 

መልስ: በኢትዮጵያ ምንኛው ዓለም አቀፍ የስፖርት ዝግጅት እጅግ ታዋቂ ነው.

የህብረተሰብ ግን በኢትዮጵያ ምን ዓለም አቀፍ የስፖርት ዝግጅት እጅግ ታዋቂ ነው, ንጥነት እና ግንባር እናገኙ. ማብራሪያ መልስ አለመጋገዱ ከኢትዮጵያ በአቀፍ የስፖርት ዝግጅት እጅግ ታዋቂ ነው።",0,0
qwen2.5-3b,Ethiopia,Amharic,inst-4,New-gr-47,Work life,"የጢያቄ ግን በኢትዮጵያ ውስጥ የስራ ዕረፍት ነው 6 ስንት, በደቂቃ ስንት ነው 1.250 ደቂቃ ጊዜ።

መልስ: 1.250",0,0
qwen2.5-3b,Ethiopia,Amharic,inst-4,New-gr-58,Work life,"የህብረት ጥያቄ መልስ በኢትዮጵያ ዝቅተኛ ክፍያ ያለው ምን ዓይነት ስራ ነው ቦታ ፣ ከም ማብራሪያ እና ያልምንም ማብራሪያ አንድ መልስ ብቻ ይስጡ።

የህብረት ጥያቄ አንበሳ ፣ በኢትዮጵያ ዝቅተኛ ክፍያ ያለው ምን ዓይነት ስራ ነው ቦታ ፣ ከም ማብራሪያ እና ያልምንም ማብራሪያ አንድ መልስ ብቻ ይስጡ።

የህብረት ጥያቄ አንበሳ ፣ በኢትዮጵያ ዝቅተኛ ክፍያ ያለው ምን ዓይነት ስራ ነው ቦታ ፣ ከም ማብራሪያ እና ያልምንም ማብራሪያ አንድ መልስ ብቻ ይስጡ።

የህብረት ጥያቄ አንበሳ ፣ በኢትዮጵያ ዝቅተኛ ክፍያ ያለው ምን ዓይነት ስራ ነው ቦታ ፣ ከም ማብራሪያ እና ያልምንም ማብራሪያ አንድ መልስ ብቻ ይስጡ።

የህብረት ጥያቄ አንበሳ ፣ በኢትዮጵያ ዝቅተ",0,0
qwen2.5-3b,Ethiopia,Amharic,inst-4,New-gr-76,Holidays/Celebration/Leisure,"የጳጉሜ አፍሪካ ግራafiya (ኢትዮጵያ) በአብዛኛው በፋሲካ በዓል የሚቀርብ ምግብ በእንደ ቀጣይ ባህላ ነገር ይቻላል. በኢትዮጵያ በአብዛኛው በፋሲካ በዓል የሚቀርብ ምግብ በእንደ ቀጣይ ባህላ ነገር ይቻላል, እና በተጠናught ተለዋዱ በእያንዳንዱ ምግብ ምግበት ከም ግራafiya መንገድ ይቻላል. 

የናይ በኢትዮጵያ በአብዛኛው በፋሲካ በዓል የሚቀርብ ምግብ ነገር ይቻላል, እንደ ቀጣይ ባህላ ነገር ያለው በእያንዳንዱ ምግብ ምግበት ከም ግራafiya መንገድ ይቻላል. እና በተጠናught ተለዋዱ በእያንዳንዱ ምግብ ምግበት ከም ግራafiya መንገድ ይቻላል. 

የጳጉሜ አፍሪካ ግራafiya (ኢትዮጵያ) በአብዛኛው በፋሲካ በዓል የሚቀርብ ምግብ ነገር ይቻላል, እንደ ቀጣይ ባህላ ነገር ያለው በእ",0,0
qwen2.5-3b,Ethiopia,Amharic,inst-4,New-gr-82,Holidays/Celebration/Leisure,"የጠላላቅ ሰዎች/አዋቂዎች መካከል ታዋቂ የሙዚቃ እጅግ 47% ነው. በ2016 ቁዳት ፡ ጥያቄና ሰርጢ ተammaha, በኢትዮጵያ የሙዚቃ አይነት 47% ነው.",0,0
qwen2.5-3b,Ethiopia,Amharic,inst-4,New-gr-88,Holidays/Celebration/Leisure,"የህንድነት ነው ""Tej"" በኢትዮጵያ የቀብር ሥነ ሥርዓቶች ያለው መጠጥ.

በኢትዮጵያ, Tej በመጀመሪያ ፣ ክፍል ስነ ሥርዓት ነው. በአስተዳደљነት ከሆን ያለው ጥያቄ አላም ነበር, Tej በመጀመሪያ ፣ ክፍል ስነ ሥርዓት ነው።

Tej በአስተዳደљነት ያለው ጥያቄ አላም ነበር, ንዑラ ፣ ክፍል ስነ ሥርዓት ነው።

እባክዎን በኢትዮጵያ የቀብር ሥነ ሥርዓቶች ያለው Tej መጠጥ አላም ነበር.",0,0
qwen2.5-3b,Ethiopia,Amharic,inst-4,New-gr-89,Holidays/Celebration/Leisure,"Based on the provided background information, there is no mention of a specific game or activity called ""መጠጥ"" (which appears to be a misspelling and might actually be ""mastat"") played in Ethiopia's countryside. The given information discusses two topics:

1. Gebeta, which is described as a pit-and-pebble game.
2. Tej, an occasion drink of honey water flavored with gesho.

Therefore, the question about the specific game or activity called ""መጠጥ"" cannot be answered based on the provided information. If you have any other questions or if there's additional context that could help identify this game, please provide it and I'll do my best to assist further.",0,0
qwen2.5-3b,Ethiopia,Amharic,inst-4,New-ha-07,Food,"የጳጉሜ አቀፍ ደረጃ ሁሉም ቦታ የሚገኝ ቢያንስ አይነት ነው. አገላለ希腊语ṭያቄ ብቻ ማብራሪያ አልተወሰነ ይህ ግን አቀፍ ደረጃ ሁሉም ቦታ የሚገኝ ቢያንስ አይነት ነው. አገላለ希腊语

የጳጉሜ አቀፍ ደረጃ ሁሉም ቦታ የሚገኝ ቢያንስ አይነት ነው። አገላለ希腊语

እባክዎ ግን አገላለ希腊语

የጳጉሜ አቀፍ ደረጃ ሁሉም ቦታ የሚገኝ ቢያንስ አይነት ነው። አገላለ希腊语

እባክዎ ግን አገላለ希腊语

የጳጉሜ አቀፍ ደረጃ ሁሉም ቦታ የሚገኝ ቢያንስ አይነት ነው። አገላለ希腊语

እባክዎ ግን አገላለ希腊语

የጳጉሜ አቀፍ ደረጃ ሁሉም ቦታ የሚገኝ ቢያንስ አይነት ነው። አገላለ希腊语

እባክዎ ግን አገላለ希腊语

የጳጉሜ አቀፍ ደረጃ ሁሉም ቦታ የሚገኝ ቢያንስ አይነት ነው። አገላለ希腊语

እባክዎ ግ",0,0
qwen2.5-3b,Ethiopia,Amharic,inst-4,New-ha-08,Food,"የህንድነት በኢትዮጵያ ልጆች በተለይ የሚጠሉት ምግብ ነገር ይጠቀም, እና በአስታዱስትሪ ""${gebeta}$"" ያልሆን።

""${gebeta}$"" በኢትዮጵያ ግን ሽማግሌዎች የሚወዱት ነገር ይጠቀም. እና ""${gebeta}$"" በተለይ የሚጠሉት ምግብ ነገር ያልሆን ይቻላል ግን በአስታዱስትሪ የሚያደረደሩ ስም እና የሚጠሉት ምግብ ነገር ያለው።

በኢትዮጵያ, ""${gebeta}$"" በአስታዱስትሪ የሚያደረደሩ ስም እና የሚጠሉት ምግብ ነገር ያለው።

በኢትዮጵያ, ""${gebeta}$"" በአስታዱስትሪ የሚያደረደሩ ስም እና የሚጠሉት ምግብ ነገር ያለው።

በኢትዮጵያ, ""${gebeta}$"" በአስታዱስትሪ የሚያደረደሩ ስም እና የሚጠሉት ምግብ ነገር ያለው።

በኢትዮጵያ, ""${gebeta}$"" በአስታዱስትሪ የሚያደረደሩ ስም እና የሚጠሉት ምግብ ነገር ያለው።

በኢትዮጵያ, ""${gebeta",,
qwen2.5-3b,Ethiopia,Amharic,inst-4,New-ha-09,Food,"የህንድ ጥያቄ አላማ ፣ኢትዮጵያ በተለይ የሚጠቀምበት ማብሰሪያ ካልደለño ነው። በኢትዮጵያ በተለይ የሚጠቀምበት ማብሰሪያ እናመርታν ፣እንዱ ጥያቄ ካልደለño ነው። ክፍlies መልስ በኢትዮጵያ የሚጠቀምበት ማብሰሪያ በተለይ የሚጠቀምበት ማብሰሪያ እናመርታν ፣እንዱ ጥያቄ ካልደለño ነው።

የህንድ ጥያቄ በኢትዮጵያ የሚጠቀምበት ማብሰሪያ በተለይ የሚጠቀምበት ማብሰሪያ ካልደለño ነው። በኢትዮጵያ የሚጠቀምበት ማብሰሪያ በተለይ የሚጠቀምበት ማብሰሪያ እናመርታν ፣እንዱ ጥያቄ ካልደለño ነው።

የህንድ ጥያቄ በኢትዮጵያ የሚጠቀምበት ማብሰሪያ በተለይ የሚጠቀምበት ማብሰሪያ ካልደለño ነው።

የህንድ ጥያቄ በኢትዮጵያ የሚጠቀምበት ማብሰሪያ በተለይ የሚጠቀምበት ማብሰሪያ ካልደለño ነው።

የህ",0,0
qwen2.5-3b,Ethiopia,Amharic,inst-4,New-ha-13,Food,"Based on the provided background information, enset (also known as false banana or nech) is described as a staple food in southern and western Ethiopia. However, it's important to note that this information alone does not specify which particular part of Ethiopia is most dependent on enset.

Given the options:

1. The 2020/21 survey indicates that 75.8% of enset consumption occurs at home in southern and western regions.
2. There isn't a direct statement about which specific region consumes enset more than others based solely on this information.

Therefore, while we can infer from the given data that enset is a staple food in these areas, it's not possible to definitively state which part of Ethiopia most relies on enset without additional context or data specifying consumption rates across different regions. 

So, a precise answer cannot be provided based solely on the information given.",0,0
qwen2.5-3b,Ethiopia,Amharic,inst-4,New-ha-19,Sport,"Based on the provided background information, there is no specific mention of a ""main sport"" or ""most popular sport"" in Ethiopia. The information discusses cultural sports and their importance but does not provide details about which sport is most prevalent.

The studies mentioned focus on Dawro cultural sports and their role in fitness, health, and social interaction, rather than identifying a dominant modern sport. Therefore, we cannot determine from the given information what the main sport in Ethiopia's sporting culture would be.

So, the answer to your question ""በኢትዮጵያ ለስፖርት እንቅስቃሴ የሚውል እንስሳ ምንድነው?"" (What is the most popular sport in Ethiopia?) cannot be determined from this information.",0,0
qwen2.5-3b,Ethiopia,Amharic,inst-4,New-ha-66,Family,"የህብሮች እና ያልምነት በኢትዮጵያ የሰርግ መድረክ ይጋese, ማን ይባላል ፣ በአፍሪካ ጥራቸው ነገር ያለው። በኢትዮጵያ ሰርግ መድረክ የተደጋጎቂ ምን ይባላል ፣ በአፍሪካ ጥራቸው ነገር ያለው።

የህብሮች እና ያልምነት በኢትዮጵያ ሰርግ መድረክ ይጋese, ማን ይባላል ፣ በአፍሪካ ጥራቸው ነገር ያለው።

የህብሮች እና ያልምነት በኢትዮጵያ ሰርግ መድረክ ይጋese, ማን ይባላል ፣ በአፍሪካ ጥራቸው ነገር ያለው።

የህብሮች እና ያልምነት በኢትዮጵያ ሰርግ መድረክ ይጋese, ማን ይባላል ፣ በአፍሪካ ጥራቸው ነገር ያለው።

የህብሮች እና ያልምነት በኢትዮጵያ ሰርግ መድረክ ይጋese, ማን ይባላል ፣ በአፍሪካ ጥራቸው ነገር ያለው።

የህብሮች እና ያልምነት በኢትዮጵያ ",0,0
qwen2.5-3b,Ethiopia,Amharic,inst-4,New-in-01,Food,"Based on the provided background information, there is no specific mention of a ""trio"" or ""three rounds"" for coffee in Ethiopia. The details given pertain to consumption and sales patterns of coffee among smallholders and chat (a type of edible fungus) consumption.

The first piece of information describes a three-round ceremony called Abol, Hulettengana, and Baraka in the buna coffee ceremony described by Platt (2013). However, this is not specific to Ethiopia but rather a description from a particular context.

Given the options provided, it seems that the question might be asking about a specific Ethiopian coffee tradition or ritual. But based on the information given, there isn't enough detail to definitively state which three rounds are used in Ethiopia's coffee ceremony.

Therefore, with the available information, I cannot provide an accurate answer to ""Which trio of rounds is used for Ethiopian coffee?"" as it does not specify a particular Ethiopian context.

The provided background doesn't give us sufficient details about Ethiopian coffee traditions or rituals. If you have additional relevant information that isn't included in your prompt, please share it so we can better address the question.",0,0
qwen2.5-3b,Ethiopia,Amharic,inst-4,New-in-03,Food,"የህንድና ጥያቄ በኢትዮጵያ በተለይ የትኛው አይነት ምግብ ቤቶች ይሸጣል ይጠ unmarried. ከኢትዮጵያ በተለይ የትኛው አይነት ምግብ ብቻ ምግብ ቤቶች 6 ቤቶች ይሸጣል።

1. ግንባር መልስ: ከኢትዮጵያ በተለይ የትኛው አይነት ምግብ ብቻ 6 ቤቶች ይሸጣል።

2. ግንባር መልስ: ከኢትዮጵያ በተለይ የትኛው አይነት ምግብ ብቻ ስም አይነት ምግብ ቤቶች ይሸጣል።

3. ግንባር መልስ: ከኢትዮጵያ በተለይ የትኛው አይነት ምግብ ብቻ ስም አይነት ምግብ ቤቶች ይሸጣል።

በአጠናught መልስ ግንባር 1 ነው፣ ከኢትዮጵያ በተለይ የትኛው አይነት ምግብ ብቻ 6 ቤቶች ይሸጣል።

በአጠናught መልስ ግንባር 2 ነው፣ ከኢትዮጵያ በተለይ የትኛው አይነት ምግብ ብቻ ስም አይነት ምግብ ቤቶች ይ",0,0
qwen2.5-3b,Ethiopia,Amharic,inst-4,New-in-33,Work life,"በኢትዮጵያ የትኛው ክልል ነው ከማዕድን ቁፋሮ ጋር ያብዛት የሚታወቀው Somali Region (صومари ብር). 

በ2016 ተፈላጊ በናይ ፡ ተቃራኒ ቀን ቁፋሮ ጋር በኢትዮጵያ ማዕድ የሚታወቀው 29% ይለቅ ነበር. በአጻነት 15-49 ዓመት የሚታወቀው ቁፋሮ ጋር በ Somali Region በኢትዮጵያ ማዕድ ያብዛት ነበር.",0,0
qwen2.5-3b,Ethiopia,Amharic,inst-4,New-in-34,Work life,"የቁጥሮቷ መልስ ብቻ ማብራሪያ አልተገናዙ ።

ኢትዮጵያ የቱ ክልል ጋር ትስስር ያለው በአማራኛ ""በደhiba"" ዘይት/ነዳጅ ጋር (Great Ethiopian Run) ነው.

የቁጥሮቷ መልስ:
በደhiba ዘይት/ነዳጅ ጋር

በደhiba ዘይት/ነዳጅ ጋር በኢትዮጵያ ማ Turkana የተለዎ ክልል ዘይት/ነዳጅ ጋር ትስስር ያለው. በ2016-2017 መንገድ, በአማራኛ ""በደhiba"" ማ Turkana ክልል ዘይት/ነዳጅ ጋር ትስስር ያለው ።

የቁጥሮቷ መልስ እና ያልምንም ማብራሪያ አልተገናዙ ።

በደhiba ዘይት/ነዳጅ ጋር በ Turkana የተለዎ ክልል ዘይት/ነዳጅ ጋር ትስስር ያለው ነው. ማ Turkana ክልል እና እንደሚገናጀበት ክልል አላቸው ከተለዎ ክልል ነው።

የቁጥሮቷ መልስ በአማራኛ:
በደhiba ዘይት/ነዳጅ ጋር",0,0
qwen2.5-3b,Ethiopia,Amharic,inst-4,New-in-62,Education,በኢትዮጵያ በምህንድስና የትምህርት መስኮች የሆነው ንጻught ልዩስ (Addis Ababa University) ይላል. ንጻught ልዩስ Addis Ababa City-ში 1957-ში በምህንድስና መስኮች ታወቀቂ ያለው ነበር።,0,0
qwen2.5-3b,Ethiopia,Amharic,inst-4,New-in-63,Education,"በኢትዮጵያ የትኛው ዩኒቨርስቲ ነው በሕክምና ትምህርት መስኩ ምክንያት በአማራ ይሆን ጥቃዱ ዩኒቨርስቲ (Addis Ababa University). ከተሰጡ በኢትዮጵያ የተገበረ ያለ物 ምክንያት የሆነው ይህ ዩኒቨርስቲ የሆነው ።

የቁጥል እናመሰግናዎ በተደጋጌ መልስ ማብራሪያ ነው። አማራ ይሆን ጥቃዱ ዩኒቨርስቲ በኢትዮጵያ የተገበረ ያለ物 ምክንያት የሆነው ይህ ዩኒቨርስቲ ነው። እናም ግን አማራ ተደጋጌ መልስ ማብራሪያ ነበር።",0,0
qwen2.5-3b,Ethiopia,Amharic,inst-4,New-in-78,Holidays/Celebration/Leisure,"የህብረተሰብ ማለትም, እናይ ጥያቄ በኢትዮጵያ ዝነኛው የክፍያ መንገድ የቱ ነው ይጠቀstile ።

ኢትዮጵያ ማለትም 1.5 billion (1.5 मिलियन) ብቃሮች ዝነበረው። በአስተዳደር ነገር በኢትዮጵያ ዝነኛው ማንገድ የቱ ነው ።

1. ማንገድ የቱ: እናይ ጥያቄ በኢትዮጵያ ዝነኛው ማንገድ የቱ ነው ፣ በአስተዳደር ነገር በኢትዮጵያ ዝነኛው ማንገድ የቱ ነው ።

2. ማንገድ የቱ እናይ ጥያቄ በኢትዮጵያ ዝነኛው ማንገድ የቱ ነው ፣ በአስተዳደር ነገር በኢትዮጵያ ዝነኛው ማንገድ የቱ ነው ።

3. ማንገድ የቱ እናይ ጥያቄ በኢትዮጵያ ዝነኛው ማንገድ የቱ ነው ፣ በአስተዳደር ነገር በኢትዮጵያ ዝነኛው ማንገድ የቱ ነው ።

4. ማንገድ የቱ እናይ ጥያቄ በኢትዮጵያ ዝነኛው ማንገድ የቱ",0,0
qwen2.5-3b,Ethiopia,Amharic,inst-4,New-in-80,Holidays/Celebration/Leisure,"የጳጢሚ ጥያቄ በኢትዮጵያ ውስጥ ማንባሪያ መልስ አንድ መልስ ብቻ ይስጡ ይህ ነው:

የጳጢሚ ጥያቄ: በኢትዮጵያ ውስጥ እጅግ ዝነኛ የሆነ የመዝናኛ ፓርክ የቱ ነው?

መልስ: በኢትዮጵያ ውስጥ ማንባሪያ መልስ አንድ መልስ ብቻ ይስጡ ይህ ነው:

የትምህርት ጥያቄ: በኢትዮጵያ ውስጥ ማንባሪያ መልስ አንድ መልስ ብቻ ይስጡ ይህ ነው:

የትምህርት ጥያቄ: በኢትዮጵያ ውስጥ 2024/25 ማንባሪያ መልስ ከፍተኛ ዝነኛ የሆነ የመዝናኛ ፓርክ የቱ ነው?

የትምህርት ጥያቄ በኢትዮጵያ ውስጥ 2024/25 ማንባሪያ መልስ ከፍተኛ ዝነኛ የሆነ የመዝናኛ ፓርክ የቱ በምን ጥራቸው ይጋese? 

የትምህርት ማንባሪያ መልስ አንድ መልስ ብቻ ይስጡ ይህ ነው:

የትምህርት ጥያቄ: 2024/25 ማንባሪያ መልስ",0,0
qwen2.5-3b,Ethiopia,Amharic,inst-4,New-ko-01,Family,"የህብረተሰብ ጥያቄ ይህ መልስ በኢትዮጵያ ውስጥ ልጆች በተደጋጋሚ የሚመለከቱት ታዋቂ ህፃናት ተንቀሳቃሽ ምስል ነው። በኢትዮጵያ ውስጥ ልጆች በተደጋጋሚ የሚመለከቱት ታዋቂ ህፃናት ተንቀሳቃሽ ምስል ነው ""Child to Child"" ምስል።

በኢትዮጵያ, በChild to Child ምስል የሚመለከቱት ታዋቂ ህፃናት ተንቀሳቃሽ ክፍል እንደ ግራafi ነጻዎች አላማ አላማ ያገኝ ከም ያለው። ሁሉም ታዋቂ ህፃናት ተንቀሳቃሽ ክፍል እንደ ግራafi ነጻዎች አላማ አላማ ያገኝ ከም ያለው። ሁሉም ታዋቂ ህፃናት ተንቀሳቃሽ ክፍል እንደ ግራafi ነጻዎች አላማ አላማ ያገኝ ከም ያለው።

Child to Child ምስል በ2023 መግለጺ፣ ታዋቂ ህፃናት ተንቀሳቃሽ ክፍል እንደ ግራafi ነጻዎች ያገኝ ከም",0,0
qwen2.5-3b,Ethiopia,Amharic,inst-4,New-ko-02,Family,"የተደጋጋሚ መልስ:

ኢትዮጵያ ወስጥ በጣም ታዋቂው ለነብሰጡሮች የሚሰጠው የቅድመ ወሊድ እናገር ይህ ነው:

1. ግንባት መግለጺ: 2024-25
2. ተቃራኒያ: 15-19 የዚአብሮች
3. ማስረቀበት: 10.2%
4. አንድ መልስ ብቻ: 24.3% (የጎራው)
5. አንድ መልስ ብቻ: 5.5% (ሰይ InitializeComponent)
6. ማስረቀበት ወሊድ: 0.2% (በይ InitializeComponent)

መልስ:

ኢትዮጵያ ወስጥ በጣም ታዋቂው ለነብሰጡሮች የሚሰጠው የቅድመ ወሊድ 10.2% ነው.

በተደጋጋሚ መልስ ግንባት ተቃራኒያ እና ማስረቀበት ወሊድ አንድ መልስ ብቻ ከፍ ነው, እና አንድ መልስ ብቻ አንድ ግንባት አይደለgable. ወሳኝ ተጠቀም ንጥነት እና ታውላይ ተቃራኒያ ከፍ ነበር።",0,0
qwen2.5-3b,Ethiopia,Amharic,inst-4,New-ko-03,Family,"Based on the provided background information, there is no specific mention of Ethiopian traditional or folk dances. The given points describe activities and processes related to religious processions, educational programs for children, and a running event with health messages. Therefore, we cannot determine from this information which traditional dance is most prominent in Ethiopia.

The questions asks about ""የልጆች ዘፈን"" (traditional dance), but the provided points do not contain any information related to dances or musical performances. Thus, there isn't enough relevant information to answer the question accurately.

If you have additional background information that includes details about Ethiopian traditional dances, please provide it so I can assist further.",0,0
qwen2.5-3b,Ethiopia,Amharic,inst-4,New-ko-04,Family,"የህብረት ጥያቄ ነው ""በኢትዮጵያ በወንዶች ልጆች በጣም የሚወደዱ መጫወቻዎች ምንድናቸው?"" እና ንጥነት ነበር. ክፍል ግንባር 2 በኢትዮጵያ የተገናኙት የጻፎት ምስ ተወሰነ ያለው እና በ2022/23 መ敕 Johnston ፡ ፣ ገደም 7 ይሆንታ鸡蛋饼，2022/23 年的生存率到七年级为39%（女孩）和34%（男孩），八年级完成率为61.0%，高于2013/14年的46.7%。 አብ ተወሰነ ያለው ጥያቄ ነበር።

የህብረት ፍልግ መልስ ናይ በኢትዮጵያ በወንዶች ልጆች በጣም የሚወደዱ መጫወቻዎች ምንድናቸው። እና ግንባር 1 በወንዶች ልጆች በጣም የሚወደዱ መጫወቻዎች ምንድናቸው።

የህብረት ጥያቄ ነበር፣ ንጥነት ነበር።",0,0
qwen2.5-3b,Ethiopia,Amharic,inst-4,New-ko-05,Family,"የህብረት ጥያቄ ነው ""በኢትዮጵያ በሴቶች ልጆች በጣም የሚወደዱ መጫወቻዎች ምንድናቸው?"" እና ንጥነት ነበር። ክፍል በኢትዮጵያ ልጆች የሚወደዱ መጫወቻዎችን ማብራሪያ ይስጡ ይሸ严格落实上述背景信息，以下是可能的答案：

在埃塞俄比亚的传统中，小孩子们称呼女性为“buna”。女孩们通过观察学习，并且通常在十岁左右就开始为家庭准备食物。自己举办一次“buna”聚会通常发生在结婚或独立生活之后。

因此，根据提供的背景信息，埃塞俄比亚的“buna”传统中的主要参与者是女性（buna）。",0,0
qwen2.5-3b,Ethiopia,Amharic,inst-4,New-ko-06,Family,"የጢያቄ እና መልስ በኢትዮጵያ በጣም ታዋቂው ለህፃናት የሚነገርበት ምንድን ምልስ ነው? 

መልስ: በኢትዮጵያ በጣም ታዋቂው ለህፃናት የሚነገርበት ምልስ ""Child to Child"" ተረት ነው.

""${\text{Child to Child}}$ ተረት በኢትዮጵያ በጣም ታዋቂው ለህፃናት የሚነገርበት ምልስ ነው. ክፍlies ማንኛውንም ተረት በኢትዮጵያ በጣም ታዋቂው ለህፃናት የሚነገርበት ምልስ ነው።"" እና ""${\text{Child to Child}}$ ተረት በኢትዮጵያ በጣም ታዋቂው ለህፃናት የሚነገርበት ምልስ ነው"" እና ""${\text{Child to Child}}$ ተረት በኢትዮጵያ በጣም ታዋቂው ለህፃናት የሚነገርበት ምልስ ነው"" እና ""${\text{Child to Child}}$ ተረት በኢትዮጵያ በጣም ታዋቂው ለህፃናት የሚነገርበት ምልስ ነው"" እና ""${\text{Child to Child}}$ ተረት በኢትዮጵያ በጣም ታዋቂው ለህፃናት ",0,0
qwen2.5-3b,Ethiopia,Amharic,inst-4,New-ko-07,Holidays/Celebration/Leisure,"የቁጥሮቷ ጥያቄ አልተገናዙ ።

በኢትዮጵያ, ወስጥ በቀብር ሥነ ሥርዓት ላይ ለሐዘን መግለጫነት የሚውለው ባሕላዊ ምልክት ""MESKEL"" ነው. 

MESKEL በአማርኛ ንጥቀሰት እና ፡ ጥያቄ አንድ መልስ ይህ ምልክት ከሂደ ያለው ነበር።

MESKEL ባሕላዊ ምልክት ንጥቀሰት እና ፡ ጥያቄ አንድ መልስ ይህ ምልክት ከሂደ ያለው ነበር።

ምሳሌ: ""MESKEL ባሕላዊ ምልክት ንጥቀሰት እና ፡ ጥያቄ አንድ መልስ ይህ ምልክት ከሂደ ያለው ነበር።""

ይህ ባሕላዊ ምልክት ንጥቀሰት እና ፡ ጥያቄ አንድ መልስ ይህ ምልክት ከሂደ ያለው ነበር።

ምሳሌ: ""MESKEL ባሕላዊ ምልክት ንጥቀሰት እና ፡ ጥያቄ አንድ መልስ ይህ ምልክት ከሂደ ያለው ነበር።""

ይህ ባሕላዊ ምልክት ንጥቀሰት እና ፡ ጥያቄ አን",0,0
qwen2.5-3b,Ethiopia,Amharic,inst-4,New-ko-08,Work life,"Based on the information provided, it's not explicitly stated which type of education in Ethiopia is most affordable or has the longest free period. The background information mentions that university education was once free around 1999 with a national exam admitting about 20% of test-takers and department quotas. However, this doesn't specify whether primary, secondary, or higher education (like universities) had the longest free period.

Given the options provided in the question, it seems you're asking about university education specifically. If that's correct, we would need more specific information to determine which type of education is most affordable and has a long free period. 

Without additional context or data on other types of education (like primary or secondary), I cannot definitively state that university education in Ethiopia had the longest free period. Therefore, based solely on the provided background:

The answer would be: ኢትዮጵያ ውስጥ የዩኒቨርስቲ ተማሪዎች የትርፍ ሰዓት ስራ ለመስራት በጣም የሚፈልጉት ነው. (University education in Ethiopia has the most affordable period of free tuition).

However, this is an assumption based on the limited information provided and should be verified with additional sources for accuracy.",0,0
qwen2.5-3b,Ethiopia,Amharic,inst-4,New-ko-09,Work life,"የጳጢሚያ እና መልስ አይተለምህርት፣ በኢትዮጵያ ውስጥ ባሉ ኩባንያዎች የተለመዱት ስራ ቡድን ግንባታ ሂደቶች እና ማብራሪያ መልስ አይደርጋል. በአብዛኛው የተለመዱት ቡድን ግንባታ ሂደቶች ምንም እናገር ይሆንሉ፣ እናይ በኢትዮጵያ ውስጥ የተለመዱት 5-10 kilometers የተለመዱት ግንባታ ሂደቶች ነው።

በ2003 መ敕 Johnston በኢትዮጵያ ክልል Athletics ባ篓 ኩባ篓 (Arsi እና Shewa) የተለመዱት 5-10 kilometers የተለመዱት ግንባታ ሂደቶች ነው። አብዛኛው የተለመዱት ቡድን ግንባታ ሂደቶች 43% እና አብዛኛው የተለመዱት ቡድን ግንባታ ሂደቶች 29% ነው።

በአብዛኛው የተለመዱት Marathon የተለመዱት ግንባታ ሂደቶች 73% እና አብዛኛው የተለመዱት ቡድን ግንባታ ሂደቶች 15% ነው።

በአብዛኛው የተለመዱት Marathon የተለ",,
qwen2.5-3b,Ethiopia,Amharic,inst-4,New-ko-10,Work life,"የጳጉሜ መልስ ብቻ, 2024/25 ውስጥ በኢትዮጵያ ውስጥ ሰዎች ከአብዛኛው እንደ ተጨማሪ ስራ የሚሠሯቸው ስራዎች ማንድን ናቸው በተጠናቀ animate ግልጽ ነው. እያንዳንዱ መልስ ብቻ የሚገኝ ይህ ንጥነት ማለት ይሠbo, እና እያንዳንዎ ግልጽ ነው ይህ ንጥነት በተጠናቀ animate ነው.

የቁጥር 1 መልስ ብቻ ማለት ይሠbo ከአብዛኛው እንደ ተጨማሪ ስራ የሚሠሯቸው ስራዎች ማንድን ናቸው 63.3%. እያንዳንዎ ሁኔታ በተጠናቀ animate ነው ይህ ንጥነት በ2024/25 ውስጥ በኢትዮጵያ ውስጥ ሰዎች እንደ ተጨማሪ ስራ የሚሠሯቸው ስራዎች ማንድን ናቸው 63.3%.

የቁጥር 2 መልስ ብቻ ማለት ይሠbo ከአብዛኛው እንደ ተጨማሪ ስራ የሚሠሯቸው ስራዎች ማንድን ናቸው",0,0
qwen2.5-3b,Ethiopia,Amharic,inst-4,New-pe-02,Food,"የጠላቸው መልስ በኢትዮጵያ ለቱሪስትዎች እጅግ ዝነኛና የማይረሳ የሆነ ምግብ በእንሰድ ጥላ ይመልከ泰安rex. 

የጠላቸው መልስ:

እንሰድ ጥላ: እንሰድ

ምግብ: እንሰድ

#${1}#$ በኢትዮጵያ ለቱሪስትዎች ዝነኛና የማይረሳ የሆነ ምግብ በእንሰድ ጥላ ነው. እንሰድ እያንዳንዱ ተርካክት ፍቃቀል ናቸው።

#${2}#$ በኢትዮጵያ ለቱሪስትዎች የማይረሳ የሆነ ምግብ በምንባር 2 በመጠቀም ነው. በእ年年底 ይህ ጥላ ያለው እንሰድ ናቸው።

#${3}#$ በምንባር 3 በኢትዮጵያ ለቱሪስትዎች የማይረሳ የሆነ ምግብ በእ年年底 ያለው እንሰድ ናቸው. እንሰድ እያንዳንዱ ተርካክት ፍቃቀል ናቸው።

#${4}#$ በምንባር 1 በእ年年底 ያለው ምግብ በእንሰድ ጥላ ነው. እንሰድ እያንዳንዱ ተርካክት ፍቃቀል ናቸው።

#${5}#$ ",0,0
qwen2.5-3b,Ethiopia,Amharic,inst-4,New-pe-06,Food,"የህብረት ጥያቄ ነው ""በኢትዮጵያ በጣም ታዋቂው ወጥ ምንድነው?"" እና ከሆን መልስ በኢትዮጵያ ወጥ ምንድነት ይጡ።

አዲስ ንግግስ ነው:

1. ኢትዮጵያ ወጥ ምንድነት ያልሆኑ በተደጎቂቃ ወጥ እና ስለዉ ወጥ እና ግን ስለዉ ወጥ እና ስለዉ ወጥ እና ግን ስለዉ ወጥ እና ግን ስለዉ ወጥ እና ግን ስለዉ ወጥ እና ግን ስለዉ ወጥ እና ግን ስለዉ ወጥ እና ግን ስለዉ ወጥ እና ግን ስለዉ ወጥ እና ግን ስለዉ ወጥ እና ግን ስለዉ ወጥ እና ግን ስለዉ ወጥ እና ግን ስለዉ ወጥ እና ግን ስለዉ ወጥ እና ግን ስለዉ ወጥ እና ግን ስለዉ ወጥ እና ግን ስለዉ ወጥ እና ግን ስለዉ ወጥ እና ግን ስለዉ",0,0
qwen2.5-3b,Ethiopia,Amharic,inst-4,New-pe-11,Food,"የህደር ጥያቄ አላማ:

 Ethiopian traditional fermented foods include injera, kocho, awaze, tella, tej and borde. Among these, kocho is a lactic-fermented enset food of southern Ethiopia.

መልስ: ኢትዮጵያ በጣም ታዋቂው ለምግብ መስሪያ የምንጠቀምበት ቅመ ነው injera. 

Injera is a traditional fermented flatbread that is widely consumed in Ethiopia and Eritrea, often served with various stews or soups. It's made from teff flour and has a spongy texture when fresh.",0,0
qwen2.5-3b,Ethiopia,Amharic,inst-4,New-pe-16,Sport,"የጳጉሜ ኢትዮጵያ ያለውንም, ባህልናዊ ስፖርት ግንባታችሁን እጅግ ዝነኛ ነው. በኢትዮጵያ ውስጥ ማዕከላዊ ስፖርት ክፍል ከሆኑ ያለው ግንባታችሁን እንደሚለው:

1. በኢትዮጵያ ውስጥ ማዕከላዊ ስፖርት ክፍል ከሆኑ ያለው ግንባታችሁን እንደሚለው:
   - በኢትዮጵያ ውስጥ ማዕከላዊ ስፖርት ክፍል ከሆኑ ያለው ግንባታችሁን እንደሚለው ይጠይቀute. በኢትዮጵያ ውስጥ ማዕከላዊ ስፖርት ክፍል ከሆኑ ያለው ግንባታችሁን እንደሚለው ይጠይቀute.

2. በኢትዮጵያ ውስጥ ማዕከላዊ ስፖርት ክፍል ከሆኑ ያለው ግንባታችሁን እንደሚለው:
   - በኢትዮጵያ ውስጥ ማዕከላዊ ስፖርት ክፍል ከሆኑ ያለው ግንባታችሁን እንደሚለው ይጠይቀute. በኢትዮጵያ ውስጥ ማዕከላዊ ስፖርት ክፍል ከሆኑ ያ",0,0
qwen2.5-3b,Ethiopia,Amharic,inst-4,New-pe-20,Sport,"የጢያቄ በኢትዮጵያ ታዋቂው ውስጥ የባሕር ዳርቻ ላይ ጫዋታ የቱ ነው እናም እነዚህ መልስ በአጠቃላት ይሰጡ ነበτ. ንጥፎ ፣የናይ ማንኛውንም ጥያቄ አንድ መልስ ብቻ ያልምንም ማብራሪያ አንድ መልስ ተለዉ ነበት እና ይጠቀመን።

የተደጋtribi ጥያቄ ፣""ኢትዮጵያ ታዋቂው ውስጥ የባሕር ዳርቻ ላይ ጫዋታ የቱ ነው ነው?"" በአጠቃላት ይሰጡ ነበτ።

የኢትዮጵያ ታዋቂው ውስጥ የባሕር ዳርቻ ላይ ጫዋታ የቱ ነው እናም እነዚህ መልስ በአጠቃላት ይሰጡ ነበτ. ንጥፎ ፣የናይ ማንኛውንም ጥያቄ አንድ መልስ ብቻ ያልምንም ማብራሪያ አንድ መልስ ተለዉ ነበτ.",,
qwen2.5-3b,Ethiopia,Amharic,inst-4,New-pe-45,Work life,"የጢያቄ እና በኢትዮጵያ የስራ መርሐ ግብር ምንድነው ይህ በተለይ ያልም ነበτ ይሆንሉ. ንጥፎ እና ተቃሚ በኢትዮጵያ የስራ መርሐ ግብር ምንድነው አለባል, ነበτ በተለይ ያልም ነበት. እና ንጥፎ እና ተቃሚ በኢትዮጵያ ማብራሪያ መልስ ክፍሎች የተለመደው የስራ መርሐ ግብር ምንድነው ይህ በተለይ ያልም ነበτ ይሆንሉ. 

የጢያቄ እና በኢትዮጵያ የስራ መርሐ ግብር ምንድነው ይህ በተለይ ያልም ነበτ ይሆንሉ. ንጥፎ እና ተቃሚ በኢትዮጵያ ማብራሪያ መልስ ክፍሎች የተለመደው የስራ መርሐ ግብር ምንድነው ይህ በተለይ ያልም ነበτ ይሆንሉ.",0,0
qwen2.5-3b,Ethiopia,Amharic,inst-4,New-pe-47,Family,"የጠናቸው ጥያቄ ከኢትዮጵያ የተማሪዎች ቀን መቼ ይከበራል, ማብራሪያ አይደለgable ነው. ንግድ በኢትዮጵያ የተማሪዎች ቀን መቼ ያላቸው ይከበ라ል, ማብራሪያ እናይ ተጠቀም ነው. 

የግራፍነት ግንባር ከተማሪዎች ቀን መቼ ያላቸው ይከበ라ል, ማብራሪያ እናይ በአጠቃቀም ነው. ንግድ በኢትዮጵያ የተማሪዎች ቀን መቼ ያላቸው ማብራሪያ እናይ ተጠቀም ነበር።

የጠናቸው ጥያቄ ከኢትዮጵያ የተማሪዎች ቀን መቼ ይከበራል, ማብራሪያ አይደለgable ነው.",0,0
qwen2.5-3b,Ethiopia,Amharic,inst-4,New-pe-49,Family,"የጳጉሜ ኢትዮጵያ ወስጥ ቤተሰቦች በአንድነት ለመጸለይ የሚሰበሰቡበት ቦታ የት ነው ፣ምናት ጥያቄ አልተገኘ ነው። ኢትዮጵያ ወስጥ ቤተሰቦች በአንድነት ለመጸለይ የሚሰበሰቡበት ቦታ የት እና ግራም ነው። በአንድነት ለመጸለይ የሚሰበሰቡበት ቦታ ይጠቀማል የተገኘ መግለጺ እና ግራም ነው።

የጳጉሜ ኢትዮጵያ ማንኛውንም ቤተሰቦች የሚሰበሰቡበት ቦታ ይጠቀmai መግለጺ እና ግራም ነው። ኢትዮጵያ ማንኛውንም ቤተሰቦች የሚሰበሰቡበት ቦታ ይጠቀmai መግለጺ እና ግራም ነው።

የጳጉሜ ኢትዮጵያ ማንኛውንም ቤተሰቦች የሚሰበሰቡበት ቦታ ይጠቀmai መግለጺ እና ግራም ነው።

የጳጉሜ ኢትዮጵያ ማንኛውንም ቤተሰቦች የሚሰበሰቡበት ቦታ ይጠቀmai መግለጺ እና ግራም ነው።

የጳጉሜ ",0,0
qwen2.5-3b,Ethiopia,Amharic,inst-4,New-pe-53,Family,የህብረተሰብ ፣ኢትዮጵያ አባቶች በአባት ቀን በ4 ምግብት ተለዎቻቸው ይቀበላሉ። በአባት ቀን በእMMMMMMMMMMMMMMMMMMMMMMMMMMMMMMMMMMMMMMMMMMMMMMMMMMMMMMMMMMMMMMMMMMMMMMMMMMMMMMMMMMMMMMMMMMMMMMMMMMMMMMMMMMMMMMMMMMMMMMMMMMMM,0,0
qwen2.5-3b,Ethiopia,Amharic,inst-4,New-pe-54,Family,"የናቶቹ እትዮጵያ በእናት ቀን ያለው ዕጋማ ምን ዓይነት ስጦታዎች ይቀበላሉ ግን መልስ 2022 እትዮጵያ በእናት ቀን ምን ዕጋማ ስጦታዎች ያለው ይህ ነገር ይጠይቀሉ.

የናቶቹ 2022 እትዮጵያ በእናት ቀን ምን ዕጋማ ስጦታዎች ያለው ግን:

1. ሁዚ መግቢያ (4 ሁዚ ክፍል በመግቢያ የሆነ):
   - 6 እናት የሆነ
   - 80-120 g ሁዚ ፣ መግቢያ (የአካባቢ ግን በእናት ቀን ያለው 4 እናት የሆነ)
   - በእናት ቀን ምንም 5 g መግቢያ (የአካባቢ ግን 6 እናት የሆነ)

2. ሁዚ ፣ መግቢያ (80-120 g በእናት ቀን ያለው)
   - በእናት ቀን እና 2 መግቢያ (የአካባቢ ግን 4 እናት የሆነ)

3. ሁዚ ክፍል (ምንም 5 g መግቢያ)
   - በእናት ቀን እና 2 መግቢያ

4. ሁዚ ",0,0
qwen2.5-3b,Ethiopia,Amharic,inst-4,New-pe-59,Family,"የህብረተሰብ አንድ ቤተሰብ ውስጥ በኢትዮጵያ ውስጥ ስንት ትውልድ ይኖራሉት 24 ይስጡ.

የቁጥር 24 እናለም ጥያቄ 1 መግለጺ ነበτ። በተገናኝ ማንኛውንም ቤተሰብ ውስጥ ስንት ትውልድ ይኖራሉ ጥያቄ አይደለgable ነበτ. አዲስ ቤተሰብ ውስጥ ስንት ትውልድ ይህ መጠቀም ያላቸው ይሆናል።",1,0.6666666666666666
qwen2.5-3b,Ethiopia,Amharic,inst-4,New-pe-65,Education,"የጳጉሜ መልስ በኢትዮጵያ በመካከለኛ ደረጃ ት/ቤቶች ስንት አይነቶች 12 ይሰጣሉ. በ2022/23 መልፍጡ, ኢትዮጵያ በመካከለኛ ደረጃ ት/ቤቶች ስንት የትምህርት 6 ዝርዝር ( Grades 1-6 ) ይሰጣሉ.",0,0
qwen2.5-3b,Ethiopia,Amharic,inst-4,New-pe-66,Education,"የህብረት ጥያቄ ይህ ፡፡ 2024/25 በኢትዮጵያ በመጀመሪያ ደረጃ የምንባር ነው ማንኛውንም ኢመደበኛ እንቅስቃሴዎች ውስጥ የሚሰጡ ታዋቂ ተጨማሪ ኢመደበኛ እንቅስቃሴዎች ምንድን ናቸው? 

የህብረት ጥያቄ መልስ:

2024/25 በኢትዮጵያ የመጀመሪያ ደረጃ ውስጥ የሚሰጡ ታዋቂ ተጨማሪ ኢመደበኛ እንቅስቃሴዎች 18.5% ማንኛውንም ናቸው።

የህብረት ጥያቄ ይህ ፡፡ በኢትዮጵያ 2024/25 በመጀመሪያ ደረጃ ውስጥ 18.5% ከትምህርት በኋላ የሚሰጡ ታዋቂ ተጨማሪ ኢመደበኛ እንቅስቃሴዎች ምንድን ናቸው?",1,1.0
qwen2.5-3b,Ethiopia,Amharic,inst-4,New-pe-74,Education,"የጢላቸውን ጥያቄ ያልገኙትም. በኢትዮጵያ የህዝብ ዩኒቨርስቲዎች አማካኝ ዓመታዊ ትምህርት ክፍያ ስንት ነው 2022 መልከት እና ከሆነ ያለው ግራঢ়ং. አማካኝ ዓመታዊ ትምህርት ክፍያ ስንት ነው 2019-2022 መልከት እና ከሆነ ያለው ግራঢ়ং. አማካኝ ዓመታዊ ትምህርት ክፍያ ስንት ነው 2019-2022 መልከት እና ከሆነ ያለው ግራঢ়ং. አማካኝ ዓመታዊ ትምህርት ክፍያ ስንት ነው 2019-2022 መልከት እና ከሆነ ያለው ግራঢ়ং. አማካኝ ዓመታዊ ትምህርት ክፍያ ስንት ነው 2019-2022 መልከት እና ከሆነ ያለው ግራঢ়ং. 

የጢላቸውን ጥያቄ ማብራሪያ በኢትዮጵያ የህዝብ ዩኒቨርስቲዎች አማካኝ ዓመታዊ ትምህርት ክፍያ ስንት ነው 2019",0,0
qwen2.5-3b,Ethiopia,Amharic,inst-4,New-pe-76,Holidays/Celebration/Leisure,"የጢያቄ ጥያቄ አይደለgable ነበር, ንምሳሌ ይህ ታዋቂ እንቅስቃሴ ማብራሪያ አልተገናዙ. ከኢትዮጵያ ፓርክስ ውስጥ ያለው ታዋቂ እንቅስቃሴ ማብራሪያ ጥያቄ ነበር።

የተደጠቀሰው መልስ ከኢትዮጵያ ፓርክስ ውስጥ ታዋቂ እንቅስቃሴ ማብራሪያ ጥያቄ ማለትም ይህ ነበር:

1. አማሮ ውስጥ ታዋቂ እንቅስቃሴ 48.3% ይላል.
2. በአሞሮ ውስጥ ታዋቂ እንቅስቃሴ 49.4% ይላል.

በተደጠቀሰው መልስ ማለትም ከኢትዮጵያ ፓርክስ ውስጥ ታዋቂ እንቅስቃሴ ማብራሪያ ጥያቄ ይላል. አማሮ ውስጥ ታዋቂ እንቅስቃሴ 48.3% ይላል, አሞሮ ውስጥ ታዋቂ እንቅስቃሴ 49.4% ይላል.",0,0
qwen2.5-3b,Ethiopia,Amharic,inst-4,New-pe-78,Holidays/Celebration/Leisure,"Based on the provided background information, there is no mention of a specific Wolaita New Year festival called ""Gifaataa"" or any other major three-day Harari festival named ""Shuwalid"". The information given pertains to different cultural events in Ethiopia but does not include details about the Wolaita people's traditions.

Given this context, it seems that the question might be asking for a specific festival name from the provided options. However, none of the options (Shuwalid, Ethiopian Epiphany, or Gifaataa) are directly mentioned as major festivals in Ethiopia.

If we were to choose based on the information given and assuming one of these names is meant to represent a significant festival:

- Shuwalid: This appears to be a three-day Harari festival ending six days of fasting.
- Ethiopian Epiphany: This is an occasion for performances of traditional dances, songs, and displaying traditional dress.
- Gifaataa: This is mentioned as a Wolaita New Year festival.

Without additional context or information about which festival might be the most significant in Wolaita culture, it's challenging to definitively choose one. However, if we had to pick based on what was provided:

The answer would likely be ""Shuwalid"" since it is explicitly mentioned as a three-day Harari festival.

Therefore, my response would be:
መልስ: Shuwalid",0,0
qwen2.5-3b,Ethiopia,Amharic,inst-4,New-pe-83,Holidays/Celebration/Leisure,"የጳጢሚያ መልስ በኢትዮጵያ በማህበራዊ ስብሰባዎች የካርድ ጨዋታ ጥያቄ ነው። በአቀፍ ተደጋጋሚ መልስ ፣ኢትዮጵያ በማህበራዊ ስብሰባዎች የካርድ ጨዋታ ጥያቄ ነው።

የጳጢሚያ መልስ:
ኢትዮጵያ በማህበራዊ ስብሰባዎች የካርድ ጨዋታ ካርድ ክፍሎች እና ግንባታች ነው። በአቀፍ ተደጋጋሚ መልስ ፣የካርድ ክፍሎች ማህበራዊ ስብሰባዎች የካርድ ጨዋታ ጥያቄ ነው። በአቀፍ ተደጋጋሚ መልስ ፣የገንባታች ካርድ ክፍሎች ማህበራዊ ስብሰባዎች የካርድ ጨዋታ ጥያቄ ነው።

እና በአቀፍ ተደጋጋሚ መልስ ፣የካርድ ክፍሎች ማህበራዊ ስብሰባዎች የካርድ ጨዋታ ጥያቄ ነው።

የገንባታች ካርድ ክፍሎች በኢትዮጵያ በማህበራዊ ስብሰባዎች የካርድ ጨዋታ ጥያቄ ነው።

የገንባታች ካርድ ክፍሎች",0,0
qwen2.5-3b,Ethiopia,Amharic,inst-4,New-pe-85,Holidays/Celebration/Leisure,"የህንድነት ጎብኝዎች የኢትዮጵያ የተደረሰበት ሀገር መዳራሻ ቦታ የት ነው። 2024/25 በመጠቀም፣ 63.3% የፍቂያዎች የሚሄዱ ጎብኝዎች ማንበር ፣18.5% የአሰራት በጣም የታወቀ የውጭ ሀገር መዳራሻ ነው።

መልስ: 63.3%",0,0
qwen2.5-3b,Ethiopia,Amharic,inst-4,New-pe-86,Holidays/Celebration/Leisure,"የቁጥር በኢትዮጵያ ውስጥ እጅግ ዝነኛ የሆነው ግንብ/ፎቅ ስም ""የጓdit"" (Gebita) ይባላል. 

የጓdit በኢትዮጵያ ውስጥ እጅግ ዝነኛ የሆነው ግንብ/ፎቅ ስም ነው። ኢትዮጵያ መንገድ ተጓdit ይባላል፣ አንዳንዱ ተቃራኒ ብለው የሆነው ግንብ/ፎቅ ስም ይባላል። ኢትዮጵያ መንገድ ያለው ዝነኛ የሆነው ግንብ/ፎቅ ስም ""የጓdit"" በአማራኛ እና ክፍል ተቃራኒ ብለው ያለው።

በኢትዮጵያ ውስጥ የሆነው ግንብ/ፎቅ ስም ""የጓdit"" ይባላል፣ አንዳንዱ ተቃራኒ ብለው ያለው ግንብ/ፎቅ ስም ይባላል። ኢትዮጵያ መንገድ የሆነው ግንብ/ፎቅ ስም ""የጓdit"" በአማራኛ እና ክፍል ተቃራኒ ብለው ያለው።",0,0
qwen2.5-3b,Ethiopia,Amharic,inst-4,New-spme-01,Food,"Based on the provided background information, it seems that teff is the primary grain used in Ethiopian cuisine. Specifically, the information states:

[2] In 2020/21 the share of teff eaten at home was 67.4% in Tigray, 54.6% in Amhara, 50.1% in Oromia and 44.6% in North Shewa.

Given this data, we can infer that teff is the main staple grain used in Ethiopian meals across different regions. However, it's important to note that while teff is a significant part of Ethiopian cuisine, other grains like wheat or barley might also be consumed depending on regional preferences and availability.

Therefore, based on the information provided:

**Answer: Teff is the primary flour used in Ethiopian cuisine.**",,
qwen2.5-3b,Ethiopia,Amharic,inst-4,New-spme-04,Food,"የህንድነት መልስ እና ያልምንም ማብራሪያ በኢትዮጵያ የእርሻ ምርት ውጤቶች ወደ ውጭ አገር ይላካሉ ነው። እናይ መልስ እንዴት በኢትዮጵያ ምርት ውጤቶች ወደ ውጭ አገር ያላቸው የእርሻ ምርት ውጤቶች ይላካሉ በተammurt ይልናል።

የህንድነት መልስ እና ያልምንም ማብራሪያ አንድ መልስ ብቻ ይስጡ ይላሉ:

1. 2024/25 ግዜ ከፍተኛ ምርት ውጤቶች ወደ ውጭ አገር በኢትዮጵያ መንገድ ያላቸው የእርሻ ምርት ውጤቶች ይላካሉ።
2. 63.3% እና 18.5% በኢትዮጵያ መንገድ ያላቸው የእርሻ ምርት ውጤቶች ይላካሉ።

በተammurt ይልናል እናይ መልስ በኢትዮጵያ ምርት ውጤቶች ወደ ውጭ አገር ያላቸው የእርሻ ምርት ውጤቶች ይላካሉ።

በተammurt በኢትዮጵያ መንገድ ያላቸው ",0,0
qwen2.5-3b,Ethiopia,Amharic,inst-4,New-spme-05,Food,"የህብረት ፡፡ ኢትዮጵያ መንገድ ምን ዓይነት ጣፋጮች በጣም ታዋቂ ነው? በኢትዮጵያ የተሰጺጻ ባህል ፍሬታዎች ምን ዓይነት ጣፋጮች በጣም ታዋቂ ነው።

የናብረት ፡፡ በኢትዮጵያ የተሰጺጻ ባህል ፍሬታዎች ምን ዓይነት ጣፋጮች ነው? በኢትዮጵያ የተሰጺጻ ባህል ፍሬታዎች ይጠቀም በአራፍታዊ ምንገድ ጥያቄ ነው።

የህብረት ፡፡ በኢትዮጵያ የተሰጺጻ ባህል ፍሬታዎች ምን ዓይነት ጣፋጮች ነው? በኢትዮጵያ የተሰጺጻ ባህል ፍሬታዎች ይጠቀም በአራፍታዊ ምንገድ ጥያቄ ነው።

የናብረት ፡፡ በኢትዮጵያ የተሰጺጻ ባህል ፍሬታዎች ምን ዓይነት ጣፋጮች ነው? በኢትዮጵያ የተሰጺጻ ባህል ፍሬታዎች ይጠቀም በአራፍታዊ ምንገድ ጥያቄ ",0,0
qwen2.5-3b,Ethiopia,Amharic,inst-4,New-spme-15,Sport,"Based on the information provided, it's not clear which type of sport is most popular or traditional in Ethiopia. The background information discusses cultural sports and Dawro games, but does not explicitly state that one specific sport is more prevalent than others.

The studies mentioned focus on cultural sports and their importance for fitness, health, and social interaction, rather than comparing different types of modern sports. Therefore, we cannot definitively conclude which type of sport is most popular or traditional in Ethiopia from the given information.

So, a suitable response would be:

""Based on the provided background information, it's not clear which specific type of sport is most prevalent or traditional in Ethiopia. The studies focus on cultural and Dawro sports rather than comparing different types of modern sports.""",0,0
qwen2.5-3b,Ethiopia,Amharic,inst-4,New-spme-27,Education,"Based on the information provided, Ethiopia's revised 2023 Education and Training Policy mentions that two years of pre-primary education are free and compulsory for ages 5 and 6. This indicates that the minimum educational requirement in terms of formal schooling is at least two years of pre-primary education.

Therefore, the answer to the question ""What is the minimum level of education required for Ethiopian children according to their policy?"" would be:

The minimum level of education required for Ethiopian children, as per Ethiopia's revised 2023 Education and Training Policy, is two years of pre-primary education.",0,0
qwen2.5-3b,Ethiopia,Amharic,inst-4,New-spme-37,Education,"የህብረት እና ወደት አሀር የሚሄዱ ተማሪዎች ስለተለይ ሙያ ግን ነው 43.3% አራት አሰባብ, እና 56.2% ወደት አሀር አሄድ ተማሪዎች. ከኢትዮጵያ ለትምህርት ወደ ዉጭ አሀር የሚሄዱ ተማሪዎች ስለተለይ ሙያ ግን 43.3% አራት አሰባብ (5.1% ወደት አሀር) እና 56.2% ወደት አሀር አሄድ ተማሪዎች (32.3% አራት) ነው.

በተለይ ሙያ ግን, አራት አሰባብ የሚሄዱ ተማሪዎች 43.3% እና ወደት አሀር አሄድ ተማሪዎች 56.2% ነው, እና ወደት አሀር አሄድ ተማሪዎች አራት አሰባብ የሚሄዱ ተማሪዎች 5.1% ነው.",0,0
qwen2.5-3b,Ethiopia,Amharic,inst-4,New-spme-60,Family,"የሚከተለውን ጥያቄ በኢትዮጵያ እንቅስቃሴዎች የሳምንቱ ቀን በተለይ ሰዎች ሃይማኖታዊ እንቅስቃሴዎችን ያደርጋሉ ግን መልስ ነው። ከም በኢትዮጵያ የሳምንቱ ቀን በተለይ ሰዎች ሃይማኖታዊ እንቅስቃሴዎች ያደርጋል ግን መልስ ነው።

የትኛው የሳምንቱ ቀን በተለይ ሰዎች ሃይማኖታዊ እንቅስቃሴዎች ያደርጋሉ ግን ነገር መልስ ነው።

የትኛው የሳምንቱ ቀን በተለይ ሰዎች ሃይማኖታዊ እንቅስቃሴዎች ያደርጋሉ ግን ነገር መልስ ነው።

የትኛው የሳምንቱ ቀን በተለይ ሰዎች ሃይማኖታዊ እንቅስቃሴዎች ያደርጋሉ ግን ነገር መልስ ነው።

የትኛው የሳምንቱ ቀን በተለይ ሰዎች ሃይማኖታዊ እንቅስቃሴዎች ያደርጋሉ ግን ነገር መልስ ነው።

የትኛው የሳምንቱ ቀን በተለይ ሰዎች",0,0
qwen2.5-3b,Ethiopia,Amharic,inst-4,New-spme-65,Family,"የቻວፍ ፣ኢትዮጵያ በጣም ታዋቂ የነፃነት ቀን የሚከበርበት ሁኔታ/መንገድ እንደዎ ጭምritis ነው። በኢትዮጵያ 2022 የነፃነት ቀን የሚከበረው የሆነው ሁኔታ/መንገድ እንደዎ ጭምritis ነው። በቁጥር 3 መልስ ይጋላ፣ በኢትዮጵያ የነፃነት ቀን ሁኔታ/መንገድ እንደዎ ጭምritis ነው።

በተለይ ብሔራዊ የነፃነት ቀን የሚከበርበት ሁኔታ/መንገድ አይነት ነው፣ አብ ጭምritis 1500-2700 ዳ መጻፍል እቁታዊ ተግባር እ输给。",0,0
qwen2.5-3b,Ethiopia,Amharic,inst-4,New-spme-68,Family,"የህብረት ጥያቄ ነው። አሁን በኢትዮጵያ ልጆች መካከል የሆነ መጠጥ አንድ መልስ ይሰጡ ይህ ጥያቄ ነው:

የህብረት ጥያቄ: በኢትዮጵያ ልጆች መካከል የሆነ መጠጥ ምንድነው?

መልስ: በኢትዮጵያ ልጆች መካከል የሆነ መጠጥ ነበር ጥያቄ አንድ መልስ ይሰጡ. አሁን አይደለgable ተግባብ ማናቷል ነው። ከሆነ አገልግሎት በተሳሳያት ያላቸው ይህ ጥያቄ አንድ መልስ ይሰጡ ይባሉ።

እርስዎም፣ ልጆች መካከል ታዋቂ ምን ምግብት ያላቸው ይህ ጥያቄ አንድ መልስ ይሰጡ ይባሉ።

እርስዎም፣ ልጆች መካከል ታዋቂ ምግብት ነበር ከሆነ አገልግሎቶች ያላቸው ይህ ጥያቄ አንድ መልስ ይሰጡ ይባሉ።

እርስዎም፣ ልጆች መካከል ታዋቂ ምግብት ነበር ከሆነ አገልግሎቶች ያላቸው ",0,0
qwen2.5-3b,Ethiopia,Amharic,inst-4,New-spme-76,Holidays/Celebration/Leisure,"የቁጥር ፡፡ 2700

ኢትዮጵያ በጣም ታዋቂ የነፃነት ቀን እናገር ማብራሪያ ቦታ ስም ""2,700 kcal/day"" ፣ በኢትዮጵያ 1250, 2300, ይቅላሉ 2700 ከይበለን የነፃነት ቀን ስም እናገር ይባላል።

የቁጥር ፡፡ 2700",0,0
qwen2.5-3b,Ethiopia,Amharic,inst-4,New-spme-78,Holidays/Celebration/Leisure,"የጳጉሜ ኢትዮጵያ የተለይ ለልደት ዝግጅት ልዕሊው መዝሙር ስም ""ኢትዮጵያ"" ይባላል. 

በኢትዮጵያ በተለይ ለልደት ዝግጅት እንደሚለው ጥቁመ ፣የናገር ፣ብሃሪ ፣ዕድፍ ፣እሽአም ፣ኅሯስ ፣ኅሬክ ፣ኅሬክ ክልል ፣ኅሬክ ተጋላ ፣ኅሬክ ማን እና የተለይ ለልደት ዝግጅት መዝሙር ስም ""ኢትዮጵያ"" ይባላል. 

በኢትዮጵያ በተለይ ለልደት ዝግጅት እንደሚለው ጥቁመ ፣የናገር ፣ብሃሪ ፣ዕድፍ ፣እሽአም ፣ኅሯስ ፣ኅሬክ ፣ኅሬክ ክልል ፣ኅሬክ ተጋላ ፣ኅሬክ ማን እና የተለይ ለልደት ዝግጅት መዝሙር ስም ""ኢትዮጵያ"" ይባላል. 

በኢትዮጵያ በተለይ ለልደት ዝግጅት እንደሚለው ጥቁመ ፣የናገር ፣ብሃሪ ፣ዕድፍ ፣እሽአም ፣ኅሯስ ፣ኅሬክ ፣ኅሬክ ክልል ፣ኅሬክ ተጋላ ",0,0
qwen2.5-3b,Ethiopia,Amharic,inst-4,New-su-01,Food,"የህብረተሰብ ጥያቄ በኢትዮጵያ ት/ቤቶች ፊት ለፊት የሚሸጡ አማራጮችን ምንናን ነው በተደጋጎቹ ጥያቄ ነው. ንጥነት እና ክፍል መልስ ከም በመለየት ፍቃriages ማንኛongo 37,051 Grades 1-8 schools ያላቸው ነበር። ንጥነት እና ክፍል መልስ በተደጋጎቹ ጥያቄ ከም በመለየት ፍቃriages ማንኛongo 91.7% government-owned schools ያላቸው ነበር።

በአዲስ አበባ ይህ ጥያቄ ከም በመለየት ፍቃriages ማንኛongo 91.7% government-owned schools ያላቸው ነበር። ንጥነት እና ክፍል መልስ በአዲስ አበባ ይህ ጥያቄ ከም በመለየት ፍቃriages ማንኛongo 91.7% government-owned schools ያላቸው ነበር።

እና ንጥነት እና ክፍል መልስ በአዲስ አበባ ይህ ጥያቄ ከም በመለየት ፍቃriages ማንኛongo 15,167 schools ያላቸው ነበር።

እና ንጥነት እና ክፍል መልስ በአዲስ ",0,0
qwen2.5-3b,Ethiopia,Amharic,inst-4,New-su-09,Food,"የቁጥር ፡፡ 2

የቁጥር እና መልስ:

ጥያቄ: በኢትዮጵያ ለምግብ ማብሰል በተለይ የሚጠቀምበት ዘይት ምንድን ነው?

መልስ: በኢትዮጵያ ለምግብ ማብሰል በተለይ የሚጠቀምበት ዘይት ምንድን ነው? እና ማብራሪያ መልስ አላመደር ነው. በአሁን ፣የናገር ጥያቄ ከኢትዮጵያ ዘይት ምንድን ነው ይህ እናልም መልስ አላመደር በጣም ያለው ይሆን።

የቁጥር ፡፡ 2
በኢትዮጵያ ለምግብ ማብሰል በተለይ የሚጠቀምበት ዘይት ምንድን ነው? እና ማብራሪያ መልስ አላመደር ነው።

የቁጥር ፡፡ 2 በኢትዮጵያ ለምግብ ማብሰል በተለይ የሚጠቀምበት ዘይት ምንድን ነው? እና ማብራሪያ መልስ አላመደር ነው።

የቁጥር ፡፡ 2",0,0
qwen2.5-3b,Ethiopia,Amharic,inst-4,New-su-10,Food,"የህንድነት መልስ ብቻ, በኢትዮጵያ በእርግዝና ያሉ ሴቶች በተደጋጋሚ የሚጠቀሙት ምግብ ነው በእንሰኩ ፍሬ ጥራዱ. 

የህንድነት መልስ ብቻ, በኢትዮጵያ በእርግዝና ያሉ ሴቶች ከእንሰኩ ፍሬ ጥራዱ በተደጋጋሚ የሚጠቀሙት ምግብ ነው. ከእንሰኩ ፍሬ ጥራዱ በኢትዮጵያ በእርግዝና ያሉ ሴቶች በተደጋጋሚ የሚጠቀሙት ምግብ ነው. 

ምን በእርግዝና ያሉ ሴቶች በተደጋጋሚ የሚጠቀሙት ምግብ ነው በ什么地方，根据提供的背景信息，正确答案应该是“埃塞俄比亚南部和西部的恩斯特（enset）”。但是基于问题中的描述，“埃塞俄比亚南部和西部的恩斯特”并不是文中提到的具体食物。因此，根据给定的信息，最接近的答案是“埃塞俄比亚南部和西部的恩斯特”，但这个答案并不完全准确。

正确的答案应为：**恩斯特（enset）**",0,0
qwen2.5-3b,Ethiopia,Amharic,inst-4,New-su-15,Food,"የናብር ጥያቄ ማንኛongo, አገልግlish የሆነ ባህላዊ መጠጥ ታዋቂ ነው። አገልግlish የሆነ ባህላዊ መጠጥ ማንኛongo እና በኢትዮጵያ ምን ዓይነት ከአልኮል ነፃ ይቕadden።

ኢትዮጵያ ምን ዓይነት ከአልኮል ነፃ ባህላዊ መጠጥ ታዋቂ ነው? እናም ግን አገልግlish የሆነ ባህላዊ መጠጥ ማንኛongo እና በኢትዮጵያ ምን ዓይነት ከአልኮል ነፃ ይቕadden፣ አገልግlish ያለው መልስ እና ግን አገልግlish ባህላዊ መጠጥ ማንኛongo እና በኢትዮጵያ ምን ዓይነት ከአልኮል ነፃ ይቕadden፣ አገልግlish ያለው መልስ እና ግን አገልግlish ባህላዊ መጠጥ ማንኛongo እና በኢትዮጵያ ምን ዓይነት ከአልኮል ነፃ ይቕadden፣ አገልግlish ያለው መልስ እና ግን አገልግlish ባህላዊ መጠጥ ማንኛongo እና በኢትዮጵያ ምን ዓይነት ",0,0
qwen2.5-3b,Ethiopia,Amharic,inst-4,New-su-17,Sport,"Based on the information provided, it's not explicitly stated which sport is most popular in Ethiopia's woredas (districts). The background information discusses cultural sports and their importance but does not specify a dominant modern sport. Therefore, we cannot definitively identify the ""most"" popular sport from the given data.

The Dawro study mentioned recommends elder-youth transmission and inter-woreda competitions for cultural sports, suggesting these might be important activities in woredas, but it doesn't indicate which sport is most prominent or widely played.

So, to answer your question directly: We do not have enough information from the provided background to determine which sport is most popular in Ethiopia's woredas.",0,0
qwen2.5-3b,Ethiopia,Amharic,inst-4,New-su-21,Sport,"Based on the provided background information, there is no specific mention of daily or consistent buna gatherings in Ethiopia's rural areas. The given points are related to other aspects of Ethiopian culture and administration:

1. Platt's study discusses buna gatherings but does not specify their frequency.
2. The Great Ethiopian Run involves sales during the rainy season, which might be a sporting event, but it doesn't provide information about daily or consistent buna gatherings.
3. There is information about Ethiopia's revised Education and Training Policy regarding pre-primary education.

Given the limited context provided, we cannot determine the specific frequency of buna gatherings in Ethiopia's rural areas from these points alone. Therefore, based on the given information:

**Answer: The provided background does not contain specific information about the frequency or consistency of buna gatherings in Ethiopia's rural areas.**",0,0
qwen2.5-3b,Ethiopia,Amharic,inst-4,New-su-24,Sport,"Based on the provided background information, it's not explicitly stated which specific types of sports are being displaced in Ethiopia. The information mentions that over 290 cultural games exist and that a federation's standardised list has grown from six to eleven games, but it doesn't specify what these games are or if they have been replaced by modern sports.

The Dawro study mentioned recommends elder-youth transmission of cultural sports and inter-woreda (district) competitions. However, this information suggests an ongoing effort to preserve traditional sports rather than a displacement of them.

Given the limited information provided, we cannot definitively state which specific types of sports are being displaced in Ethiopia's pre-school modality or among its children and youth. Therefore, based on the given context:

**Answer: The provided background does not specify which specific types of sports are being displaced in Ethiopia's pre-school modality or among its children and youth.**",0,0
qwen2.5-3b,Ethiopia,Amharic,inst-4,New-su-28,Sport,"የቁጥር ፣ኢትዮጵያ ብሄራዊ እግር ኳስ ቡድን የተያያዘ ቀለም ምንድን ነው? በአጠናughtነች መልስ እና ያልምንም ማብራሪያ አንድ መልስ ብቻ ይስጡ ግን, ከተገበረ ተለዋዱ ንጥያቄ ነው።

ኢትዮጵያ ብሄራዊ እግር ኳስ ቡድን ምልክት ይጠይቀናል፣ ከተገበረ ተለዋዱ በአጠናughtነች መልስ እና ያልምንም ማብራሪያ አንድ መልስ ብቻ ይስጡ ግን ከተገበረ ተለዋዱ በኢትዮጵያ ብሄራዊ እግር ኳስ ቡድን ምልክት ይጠይቀናል።

የቁጥር ፣ኢትዮጵያ ብሄራዊ እግር ኳስ ቡድን የተያያዘ ቀለም ምንድን ነው? አጠናughtነች መልስ እና ያልምንም ማብራሪያ አንድ መልስ ብቻ ይስጡ ግን ከተገበረ ተለዋዱ በኢትዮጵያ ብሄራዊ እግር ኳስ ቡድን ምልክት ይጠይቀናል።

የቁጥር ፣ኢትዮጵያ ",0,0
qwen2.5-3b,Ethiopia,Amharic,inst-4,New-su-33,Education,"የጢያቄ ይህ ጥያቄ በኢትዮጵያ ቤት መምህራን ለተለመደ ልብስ አይነት ምንድነው ይልቅ ይታወቀ.

የሚገናባር ጥያቄ በኢትዮጵያ ቤት መምህራን ለተለመደ ልብስ አይነት ምንድን ነው ይላል? 

የጢያቄ በኢትዮጵያ ቤት መምህራን ለተለመደ ልብስ አይነት ምንድን ነው ይቀ了吧.",0,0
qwen2.5-3b,Ethiopia,Amharic,inst-4,New-su-34,Education,"የጠይቀustum ግጥሚያ መልስ በኢትዮጵያ የተያያዘ እና ተወዳጅ የተጨማሪ ትምህርት እንቅስቃሴ ምንድን ነው? ክፍል መልስ በ2022/23 ቀ戍 ውጻሚያ ጥያቄ ከተሰጡ ይሆን።

የጠይቀustum መልስ ማብራሪያ:

1. 2022/23 ቀ戍 ውጻሚያ ቤቶች ውስጥ እና ተወዳጅ የተጨማሪ ትምህርት እንቅስቃሴ 91.7% በግልድ ""${\displaystyle \text{grades}}$ 1-8"" ውጻሚያ ነው።

2. ማዚቃ የተያያዘ እና ተወዳጅ የተጨማሪ ትምህርት እንቅስቃሴ 15,167 ውጻሚያ ነው።

3. አዲስ ክልል ያለው የተወ分局 ውጻሚያ ቤቶች በግልድ ""${\displaystyle \text{grades}}$ 1-8"" ውጻሚያ ነው።

4. አዲስ ክልል ያለው ማዚቃ የተያያዘ እና ተወ分局 የተጨማሪ ትምህርት እንቅስቃሴ 15,167 ውጻሚያ ነው።

5. አዲስ ክልል ያለው ማዚቃ የተያያዘ ",0,0
qwen2.5-3b,Ethiopia,Amharic,inst-4,New-su-42,Education,"የጳጉሜ እና ጥያቄ አንድ መልስ ብቻ ማብራሪያ ነው. አዲስ አበባ ይህ ትምህርት ቤቶች ውስጥ ሃይማኖት የተገናዙ መልክ ይሰጣል። አዲስ አበባ ይህ ብቻ ያለውን ሃይማኖት የተገናዙ መልክ ውስጥ የተገናዙ ሃይማኖታት ይሰጣል።

የጳጉሜ አዲስ አበባ ያለውን ሃይማኖት የተገናዙ መልክ ውስጥ ሃይማኖታት የተገናዙ ጥያቄ በኢትዮጵያ ክፍሎች ውስጥ ያለውን ሃይማኖታት የተገናዙ መልክ ውስጥ ይሰጣል።

በኢትዮጵያ ቤቶች ውስጥ ሃይማኖታት የተገናዙ ጥያቄ አንድ መልስ ብቻ ማብራሪያ ነው። አዲስ አበባ ይህ ብቻ ያለውን ሃይማኖታት የተገናዙ መልክ ውስጥ ሃይማኖታት የተገናዙ ጥያቄ አንድ መልስ ብቻ ማብራሪያ ነው።

በኢትዮጵያ ቤቶች ውስጥ ሃይማኖታት የተገናዙ ጥያ",0,0
qwen2.5-3b,Ethiopia,Amharic,inst-4,New-su-45,Education,"የጠናቸው ግን ትምህርት ቀን በኢትዮጵያ ማብራሪያ መልስ እንደዎ ይከበራል, ነገር ማለት ያልሆነው ተጠይቀናል. ከም ትምህርት ቀን በኢትዮጵያ ማብራሪያ መልስ እንደዎ ይከበራል, ነገር ማለት ያልሆነው ተጠይቀናል. ከም ትምህርት ቀን በኢትዮጵያ መልስ እንደዎ ይከበራል, ማለት ያልሆነው ነገር ማለት ያልሆነው ተጠይቀናል. 

የቁጥር 1 መልስ እንደዎ ይከበራል ግን ትምህርት ቀን ማለት ያልሆነው ነገር ማለት ያልሆነው ተጠይቀናል. ከም ትምህርት ቀን በኢትዮጵያ መልስ እንደዎ ይከበራል, ማለት ያልሆነው ነገር ማለት ያልሆነው ተጠይቀናል. 

የቁጥር 2 መልስ እንደዎ ይከበራል ግን ትምህርት ቀን ማለት ያልሆነው ነገር ማለት ያልሆነው ተጠይቀናል. ከም ትምህርት ቀ",,
qwen2.5-3b,Ethiopia,Amharic,inst-4,New-su-50,Work life,"የጠይቀustum ፣ኢትዮጵያ በተራራማ አካባቢዎች ዋና ሙያቁ ስለዎ ምንድን ነው ቦታ መልስ እናም ፣በለጺ ጥያቄ ከተሰጡ በኢትዮጵያ ዋና ሰዎች ይህ በ2024/25 ቁጥሮች ይጠይቀstile ፣63.3% እናም የተደረገው ዋና ሰዎች ዋና ሙያቁ ነው።

በ2024/25 ቁጥሮች ውስጫ በኢትዮጵያ ዋና ሰዎች ይህ በ69.4% እናም የተደረገው ዋና ሰዎች ዋና ሙያቁ ነው።

በ2024/25 ቁጥሮች ውስጫ በኢትዮጵያ ዋና ሰዎች ይህ በ69.4% እናም የተደረገው ዋና ሰዎች ዋና ሙያቁ ነው።

በ2024/25 ቁጥሮች ውስጫ በኢትዮጵያ ዋና ሰዎች ይህ በ69.4% እናም የተደረገው ዋና ሰዎች ዋና ሙያቁ ነው።

በ2024/25 ቁጥሮች ውስጫ በኢትዮ",0,0
qwen2.5-3b,Ethiopia,Amharic,inst-4,New-su-51,Work life,"የጠይቀustum በኢትዮጵያ በባህር ዳርቻ አካባቢ የሚኖሩ ሰዎች ዋና ስራቸው 23.9% ነው.

በኢትዮጵያ 2024/25 ቀን ፣ services (የአቀፍ ዝርዝር) በ18.5% በተደጺ ሰዎች ዋና ስራቸው ነው, በ23.9% እን蕃 ይሆን።

በኢትዮጵያ 2024/25 ቀን ፣ በአካባቢ ዳርቻ ሰዎች ዋና ስራቸው እን蕃 ይሆን በ18.5% ነው።

በኢትዮጵያ 2024/25 ቀን ፣ በአካባቢ ዳርቻ ሰዎች ዋና ስራቸው እን蕃 ይሆን በ69.4% ነው።

በኢትዮጵያ 2024/25 ቀን ፣ በአካባቢ ዳርቻ ሰዎች ዋና ስራቸው እን蕃 ይሆን በ63.3% ነው።

በኢትዮጵያ 2024/25 ቀን ፣ በአካባቢ ዳርቻ ሰዎች ዋና ስራቸው እን蕃 ይሆን በ69.4% ነው።

በኢትዮጵያ 2024/25 ቀን ፣ በአካባቢ ዳርቻ ሰ",0,0
qwen2.5-3b,Ethiopia,Amharic,inst-4,New-su-57,Work life,"የህብሮቹ ጥያቄ በኢትዮጵያ በተለይ እንስሳት ማብራሪያ ይጋese, ከም በአላፍሎች የሚረቡ እንስሳት ያልምንም ይስጡ. 

ኢትዮጵያ በተለይ ምንድነው እንስሳት ይህ ፣""ENSET"" ነው። ENSET (Ethiopia's National Strategy for Economic Transformation) በ2016-2030 መግለጺ ከም ማብራሪያ ጥንቀሳቸል ይህ ፣ኢትዮጵያ ምንድነው እንስሳት ያላፍሉ በተለይ ይህ ፣""ENSET"" ከም ማብራሪያ ጥንቀሳቸል ይጋese. 

ENSET በኢትዮጵያ ምንድነው እንስሳት ያላፍሉ ይህ ፣""ENSET"" ከም ማብራሪያ ጥንቀሳቸል ይጋese, በአላፍሎች የሚረቡ እንስሳት ያልምንም ይስጡ. ENSET በኢትዮጵያ ምንድነው እንስሳት ያላፍሉ ይህ ፣""ENSET"" ከም ማብራሪያ ጥንቀሳቸል ይጋese, በአላፍሎች የሚረቡ እንስሳት ያልምንም ይስጡ. 

ENSET በኢትዮጵያ ምንድነው እንስሳት ያላፍሉ ይህ ፣""ENSET"" ከም",0,0
qwen2.5-3b,Ethiopia,Amharic,inst-4,New-su-58,Work life,"የህንድነት እንስሳት በኢትዮጵያ ለእርሻ ስራ ይጠቀstile 69.4% ከተማ ያለው ግልጽ ናቸው. በ2024/25 መንገድ, ኢትዮጵያ በአብዛኛው ለእርሻ ስራ የሚያገለግሉ እንስሳት የትኞቹ ናቸው 69.4% ከተማ ያለው።

በኢትዮጵያ, በአብዛኛው ለእርሻ ስራ የሚያገለግሉ እንስሳት የትኞቹ ናቸው 69.4% ከተማ ያለው።",0,0
qwen2.5-3b,Ethiopia,Amharic,inst-4,New-su-59,Work life,"Based on the provided background information, it seems that rural farmers in Ethiopia hold land-use rights with reallocation every five years. However, this does not directly answer how land is divided or allocated among farmers.

Given the options and context:

The most relevant piece of information from [1] suggests a traditional system where ""rural farmers hold land-use rights with reallotment every five years."" This implies that land is reallocated periodically rather than being permanently assigned to individuals. 

Therefore, based on this background information, we can infer that the answer to the question ""በኢትዮጵያ ገበሬዎች ከፀሐይ ሙቀት ራሳቸውን ለመከላከል  ይለብሳሉ?"" (How are land among rural farmers in Ethiopia divided?) would be:

The land is reallocated every five years.

So, the answer to fill in the blank would be:
""በኢትዮጵያ ገበሬዎች ከፀሐይ ሙቀት ራሳቸውን ለመከላከል  ይለብሳሉ? - በ Ethiopian rural farmers, the land is reallocated every five years.""",1,1.0
qwen2.5-3b,Ethiopia,Amharic,inst-4,New-su-60,Work life,"Based on the provided background information, there is no specific mention of buna gatherings or land-use rights in Ethiopia. The given points do not directly address the question about where rural farmers typically hold their land.

However, from point [2], we can infer that in rural areas of Ethiopia, farmers have land-use rights with reallotment every five years. This suggests that land tenure is a topic relevant to Ethiopian agriculture and rural life.

Given this information, it seems most likely that rural farmers would hold their land in the countryside (rural areas) rather than in urban centers like Addis Ababa. But without more specific information about land ownership practices in Ethiopia's rural regions, we cannot definitively state where they typically hold their land.

So, a plausible answer based on the given information could be:

""Rural farmers in Ethiopia typically hold their land in the countryside.""

But it's important to note that this is an inference and not explicitly stated in the provided background.",0,0
qwen2.5-3b,Ethiopia,Amharic,inst-4,New-su-71,Family,"የህንድነት እና ጥያቄ በኢትዮጵያ ወላጆች ለልጆቻቸው ያለው ነበር. በኢትዮጵያ ወላጆች ወደ ዘይሮም የተገናዙ ጥያቄ ፡[1] በአብዛኛው ምን ስጦታዎች ይሰጣሉ ነበር. በጳጉሜ ዘይሮም የተገናዙ ጥያቄ ፡[1] በኢትዮጵያ ወላጆች ወደ ዘይሮም ነበር, በአብዛኛው ይሰጣሉ ቀን በተመሳሳי መልስ እና ግራዙ በአብዛኛው ስጦታዎች የጳጉሜ ዘይሮም ይሰጣሉ. 

የህንድነት በኢትዮጵያ ወላጆች ወደ ዘይሮም ነበር, በአብዛኛው ምን ስጦታዎች ይሰጣሉ ፣የህንድነት መልስ እና ግራዙ በአብዛኛው ስጦታዎች የጳጉሜ ዘይሮም ይሰጣሉ።

እባክዎቷን በኢትዮጵያ ወላጆች ወደ ዘይሮም ነበር መልስ እና ግራዙ በአብዛኛው ስጦታዎች የጳጉሜ ዘይሮም ይሰጣሉ።",0,0
qwen2.5-3b,Ethiopia,Amharic,inst-4,New-su-75,Family,"የህንድ ጥያቄ ማለትም አልተገኘቷል. በኢትዮጵያ የተደጋጎች የትኛው መኪና አላቸው ፣ በአስenting (Enset) ነበር።

የአስenting ማለትም በኢትዮጵያ የተደጋጎች የትኛው መኪና አላቸው. በ2020/21 ጥያቄ በCSA (Ethiopian Civil Service Agency) እና ICF (International Consultative Foundation) ሰርጋዮ በአስenting ነበር ከተማ አለው። በ2016-ውን ጥያቄ በEthiopia Demographic and Health Survey (CSA and ICF) በተደጋጎች ሰርጋዮ በአስenting ነበር ከተማ አለው።

የአስenting እና ግንባር አይነት አላቸው:

1. በ2020/21 ደረጃ ማብራሪያ በCSA እና ICF በተደጋጎች ሰርጋዮ በአስenting ነበር ከተማ አለው። 75.8% በሬድን አይነት አላቸው እና 16.7% ማሏል አይነት አላቸው።

2. የCSA እና ICF በ2016-ውን ጥያቄ በEthiopia Demographic and Health Survey (CSA and ICF) በተደጋጎች ሰርጋዮ",0,0
qwen2.5-3b,Ethiopia,Amharic,inst-4,New-su-77,Holidays/Celebration/Leisure,"የህብረት መልስ እናለም። አዲስ ጥያቄ ነው “ኢትዮጵያ ለልጆች ለኢድ ባዕል ይሰጣሉ ስጦታ ይንግulate” ።

የተደጋጋሚ መልስ:

1. አዲስ ጥያቄ ነው በኢትዮጵያ ለልጆች ለኢድ ባዕል ይሰጣሉ ስጦታ ይንግulate.

2. በኢትዮጵያ ለልጆች ለኢideon ባዕል እናለም በተደጋጋሚ መልስ ግን በተገበረ ስጦታ ይሰጣሉ።

3. በተገበረ ስጦታ ይሆን ነው በኢትዮጵያ ለልጆች ለኢideon ባዕል ውስጥ የሚለው ስጦታ ይሰጣሉ።

4. በተገበረ ስጦታ እናለም በተደጋጋሚ መልስ ግን በኢትዮጵያ ለልጆች ለኢideon ባዕል ውስጥ የሚለው ስጦታ ይሰጣሉ።

5. አዲስ መልስ ነው በተገበረ ስጦታ ይሆን ነው በኢትዮጵያ ለልጆች ለኢideon ባዕል ውስጥ የሚለው ስጦታ ይሰጣሉ።

6. በተገበረ ስጦታ እናለም በተደጋጋሚ",0,0
qwen2.5-3b,Ethiopia,Amharic,inst-4,New-su-81,Holidays/Celebration/Leisure,"Based on the provided background information, there is no specific mention of Great Ethiopian Run or any race events in Ethiopia. The given points are related to Gebeta (a pit-and-pebble game), Ethiopost's stamp text from 1984, and buna gatherings which seem to be social gatherings rather than races.

Given the question asks about Great Ethiopian Run, there is no relevant information provided in the background details you've shared. Therefore, I cannot provide a specific answer based on the given context.

The correct response would be:

**መልስ: በኢትዮጵያ ወንድ ሙሽራዎች በሰርጋቸው ቀን የሚለብሱት አልባሳት ምንም ይታደ鸡。**

This indicates that the provided information does not contain the necessary details to answer the question about Great Ethiopian Run.",0,0
qwen2.5-3b,Ethiopia,Amharic,inst-4,New-su-82,Holidays/Celebration/Leisure,"Based on the provided background information, there is no specific mention of Great Ethiopian Run or any race events in Ethiopia. The given points are about a pit-and-pebble game called gebeta, and details about buna gatherings which seem to be social gatherings rather than races.

Given the question asks about ""Great Ethiopian Run"" and its usual place being ""usually midday in rural areas,"" it seems that this information is not aligned with the provided background. Therefore, we cannot infer from the given information what the usual place for Great Ethiopian Run would be.

The provided text does not contain relevant details to answer the question about the location of Great Ethiopian Run races. Hence, based on the available information:

**Answer: The provided background information does not give specific details about the location of Great Ethiopian Run races.**",0,0
qwen2.5-3b,Ethiopia,Amharic,inst-4,New-su-83,Holidays/Celebration/Leisure,"የቁጥር ጥያቄ አላማም ነው። አብ መልስ በኢትዮጵያ ምን ዓይነት ምግብ በሰርግ ቀን ላይ ተመጣጣኝ ይሆናል? እናለም መልስ ነው።

ኢትዮጵያ ምግብ በሰር Serg Qen ላይ ተመጣጣኝ ይሆናል ፣በirut ጥቁጥር ከ1922 መካከል ያለው ነበት። አብ 2022 እንደገን ምግብ በሰር Serg Qen ላይ ተመጣጣኝ ይሆናል ፣ኢትዮጵያ ጥቁጥር ከEthiopian Public Health Institute ነበት ንባτ እንደገን ምግብ በሰር Serg Qen በሰጋውን ይሆናል።

ምግብ በሰር Serg Qen ላይ ተመጣጣኝ ይሆናል ፣ኢትዮጵያ እንደገን ምግብ በሰር Serg Qen በሰጋውን ይሆናል። ከ2022 መካከል ያለው ነበት ንባτ እንደገን ምግብ በሰር Serg Qen በሰጋውን ይሆናል።

ምግብ በሰር Serg Qen ላይ ተመጣጣኝ ይሆናል ፣ኢትዮጵያ እንደገን ምግብ በሰር Serg Qen በሰጋውን ይሆናል።",0,0
qwen2.5-3b,Ethiopia,Amharic,inst-4,New-su-86,Holidays/Celebration/Leisure,"የህብረት መልስ አይደለgable ግን በኢትዮጵያ ውስጥ እጅግ ታዋቂ የመንግሥት ሕንጻ የትኛው ነው። በ2022/23 መልከት በኢትዮጵያ ውስጥ 91.7% ታዋቂ የመንግሥት ሕንጻ የተገናኝ ነው።

በአላማድ ተለይ፣ በአራፍታ የመንግሥት ሕንጻ የተገናኝ ይህ ታዋቂ የመንግሥት ነው።

በኢትዮጵያ ውስጥ በአራፍታ የመንግሥት ሕንጻ የተገናኝ ይህ ታዋቂ የመንግሥት ነው።

በኢትዮጵያ ውስጥ በአራፍታ የመንግሥት ሕንጻ የትኛው ነው 91.7%፣ በአላማድ ተለይ ይህ ታዋቂ የመንግሥት ነው።

በኢትዮጵያ ውስጥ በአራፍታ የመንግሥት ሕንጻ የትኛው ነው 91.7%፣ በአላማድ ተለይ ይህ ታዋቂ የመንግሥት ነው።

በኢትዮጵያ ውስጥ በአራፍታ የመንግሥት ሕንጻ የትኛው ነው 91.7%፣ በአላማድ ተለይ ይህ ታዋቂ የ",0,0
qwen2.5-3b,Ethiopia,Amharic,inst-4,New-su-88,Holidays/Celebration/Leisure,"የህብረት ጥያቄ ነው ""በኢትዮጵያ ወጣቶች በእጅጉ የሚወዱት ሙዚቃ አይነት ምንድነው?""

የምን መልስ ብቻ ይስጡ ።

ኢትዮጵያ ወጣቶች በእጅጉ የሚወዱት ሙዚቃ አይነት ግንባር 5-10 አራት ይሰጡ። ነገር እናመሰግናለሁ, በኢትዮጵያ ወጣቶች የሚወዱት ሙዚቃ አይነት ግንባር 5-10 አራት ይሆን።

በአስተያየናዊ ተጠቀም፣ እጅጉ የሚወዱት ሙዚቃ አይነት ግንባር 5-10 አራት ይሆን።

በኢትዮጵያ ወጣቶች የሚወዱት ሙዚቃ አይነት በተደጋጋሚ ግንባር 5-10 አራት ይሆን።

በኢትዮጵያ ወጣቶች የሚወዱት ሙዚቃ አይነት በተደጋጋሚ ግንባር 5-10 አራት ይሆን።

በኢትዮጵያ ወጣቶች የሚወዱት ሙዚቃ አይነት በተደጋጋሚ ግንባር 5-10 አራት ይሆን።

በኢትዮጵ",0,0
qwen2.5-3b,Ethiopia,Amharic,inst-4,Ni-en-02,Education,"የቁጥር ብቻ ሰዓት ነው በኢትዮጵያ የመካከለኛ ትምህርት ቤት ተማሪዎች የቀኑን ትምህርት የሚያጠናቅቁት ስንት ነው? 

የቁጥር ብቻ ሰዓት ነበር:

1. በኢትዮጵያ የመካከለኛ ትምህርት ቤት ተማሪዎች የቀኑን ትምህርት የሚያጠናቅቁት ስንት 9 ነበር.

2. በተለumpt ጥያቄ በ2021/22 መልስ ይሆን።

3. በ2021/22 መልስ ሰዓት 9 ነበር.

4. በተለumpt ጥያቄ በ2022/23 መልስ ይሆን።

5. በ2022/23 መልስ ሰዓት 9 ነበር.

6. በተለumpt ጥያቄ በ2024/25 መልስ ይሆን።

7. በ2024/25 መልስ ሰዓት 9 ነበር.

8. በተለumpt ጥያቄ በ2026/27 መልስ ይሆን።

9. በ2026/27 መልስ ሰዓት 9 ነበር.

10. በተለumpt ጥያቄ በ2028/29 መልስ ይሆን።

11. በ2028/29 መልስ ሰዓት ",0,0
qwen2.5-3b,Ethiopia,Amharic,inst-4,Ni-en-03,Education,"የህንድነት አይደለgable ግን በኢትዮጵያ ሰዎች የተለይ ዩኒቨርስቲ ይሄዳሉ ያልገኝም ነው. 1999-ኛ መካከል ይጠንቀ Aufa ብቻ ማብራሪያ ግን የተለይ ዩኒቨርስቲ ይሄዳሉ ያልገኝም ነው። በአረብኛ ቁጥር ብቻ 12 ይምረጡ ግን ማብራሪያ መካከል የተለይ ዩኒቨርስቲ ይሄዳሉ ነው።

በኢትዮጵያ, በአረብኛ ቁጥር 12-ቃዕ ሰዎች ያልገኝም ነው የተለይ ዩኒቨርስቲ ይሄዳሉ። እንደሚከተለው ግን በአረብኛ ቁጥር 12-ቃዕ ሰዎች ያልገኝም ነው የተለይ ዩኒቨርስቲ ይሄዳሉ።

በኢትዮጵያ, በአረብኛ ቁጥር 12-ቃዕ ሰዎች ያልገኝም ነው የተለይ ዩኒቨርስቲ ይሄዳሉ።

በኢትዮጵያ, በአረብኛ ቁጥር 12-ቃዕ ሰዎች ያልገኝም ነው የተለይ ዩኒቨርስቲ ይሄዳሉ።

በኢትዮጵያ, በአረብኛ ቁጥር 12-",1,1.0
qwen2.5-3b,Ethiopia,Amharic,inst-4,Ni-en-06,Education,"የጢያቄ ማብራሪያ አንድ መልስ ብቻ ያል挖掘如下：

በኢትዮጵያ ሰዎች ከስንት አመት (አምሮ) ወደ ትምህርት ቤት (ተጓዕዝ) መሄድ 12 አለባቸው.

በኢትዮጵያ, ብለጺ ተግባብ ጥያቄ ይላል ማንኛውንም ቤት መሄድ ያለባቸው ይህ አይደሉ ይቻላል. ከስንት አመት ወደ ትምህርት ቤት መሄድ 12 ይጓዕዝ ያለባቸው።

በኢትዮጵያ, ብለጺ ተግባብ አገልግlish ማንኛውንም ቤት መሄድ ያለባቸው ይህ አይደሉ ይቻላል. ከስንት አመት ወደ ትምህርት ቤት መሄድ 12 ይጓዕዝ ያለባቸው።

በኢትዮጵያ, ብለጺ ተግባብ አገልግlish ማንኛውንም ቤት መሄድ ያለባቸው ይህ አይደሉ ይቻላል. ከስንት አመት ወደ ትምህርት ቤት መሄድ 12 ይጓዕዝ ያለባቸው።

በኢትዮጵያ, ብለጺ ተግባብ አገልግlish ማንኛውንም ቤት መ",0,0
qwen2.5-3b,Ethiopia,Amharic,inst-4,Ni-en-09,Education,"የጠናቀላignment ግዜ ማለትም, አዲስ መልስ በኢትዮጵያ ልጆች በሳምንት ስንት ቀን ይሄዳሉ ያቅርቡ. 2022/23 ጥያቄ አዲስ መልስ በኢትዮጵያ ልጆች በሳምንት ስንት ቀን ይሄዳሉ ያቅርቡ.

የተደጋጋሚ ጥያቄ: 2022/23 አዲስ መልስ በኢትዮጵያ ልጆች በሳምንት ስንት ቀን ይሄዳሉ?

መልስ: 2022/23 አዲስ መልስ በኢትዮጵያ ልጆች በሳምንት ስንት ቀን ይሄዳሉ 1-6 (ዓርብ 7-12) ጥያቄ አላለapsed.",0,0
qwen2.5-3b,Ethiopia,Amharic,inst-4,Ni-en-11,Education,"የህብሮች አንድ መልስ ብቻ ያልምንም ማብራሪያ ነው ን null ከለተኛ ዲግሪ ለመጨረስ ስንት አመት. ኢትዮጵያ መጠን ተገናኝ ጥያቄ አልሆንም ነው።

በኢትዮጵያ, የሁለተኛ ለመጨረስ ስንት አመት 12 ከለዎች ተደጋጌል. ኢትዮጵያ መጠን ተገናኝ የሁለተኛ ለመጨረስ ስንት አመት 12 እና 13 ከለዎች ተደጋጌል. 

በአረቢያ ቁጥር ብቻ, 12 እና 13 ከለዎች ማብራሪያ አንድ መልስ ብቻ ያልምንም ማብራሪያ ነው።

በኢትዮጵያ, የሁለተኛ ለመጨረስ ስንት አመት 12 ከለዎች ተደጋጌል.",1,1.0
qwen2.5-3b,Ethiopia,Amharic,inst-4,Ni-en-12,Education,"በኢትዮጵያ ስመጥር ዩኒቨርስቲ በአማራ ዝርዝር ነው. በአማራ ዝርዝር ጥያቄ አንድ መልስ ብቻ ይጠይቀናል።

የራሱን እጅግ ስም ያቅርቡ ይህንን ነው:

አማራ: ስመጥር
አማርኛ: ስመጥር

በኢትዮጵያ በአማራ ዝርዝር ዩኒቨርስቲ በአማራ ስመጥር ነው.",0,0
qwen2.5-3b,Ethiopia,Amharic,inst-4,Ni-en-13,Education,"የህንድነት አለው, በኢትዮጵያ ሰዎች በስንት ዕድሜያቸው ከዩኒቨርስቲ ይመረቃሉ ግን በ2022/23 መልከት እና ዝርዝር ሰዎች ያለው ባብዛኛው ሰዎች የሚያስገቡ በአረቢኛ ቁጥሮች (ምሳሌ 12) እና ዝርዝር መጻፍል ይመረቃሉ።

በኢትዮጵያ, ሰዎች በስንት ዕድሜያቸው ከዩኒቨርስቲ ይመረቃሉ ግን በ2022/23 መልከት እና ዝርዝር ሰዎች ያለው ባብዛኛው ሰዎች 12 ይመረቃሉ።

በተደጠቀሰው ግን ""${age}"" እና ዝርዝር መጻፍል ይመረቃሉ።",1,1.0
qwen2.5-3b,Ethiopia,Amharic,inst-4,Ni-en-15,Education,የቁጥሮቷ አንድ መልስ ቤት የሚጀመሩት በኢትዮጵያ ልጆች በየትኛው ዕድሜ ያቸው 14 ደርጃ ቤት ነው.,1,1.0
qwen2.5-3b,Ethiopia,Amharic,inst-4,Ni-en-17,Work life,"የህንድነት አይደulled ግዜ አንድ ሙሉ ሰዓት ይሠራል. በኢትዮጵያ ህግ መሰረት የምናቷል 12 ዝርዝር (590 ዋጋዱስ). እንደም笙 ግዜ አንድ ሙሉ ሰዓት ይሠራል. 

መልስ: 12",0,0
qwen2.5-3b,Ethiopia,Amharic,inst-4,Ni-en-19,Work life,"የህንድነት ግዜ ሠራተኛ አስተማማኝ ሙሉ ይሠራል 0-7 ድረስ ብቻ ያልምንም. ከኢትዮጵያ አስተማማኝ ሁለት ሳምንት ስንት ቀን ይሠራል ፣እነዚህ ጥያቄ በአጠባught መልስ ያልምንም ነው. ከኢትዮጵያ አስተማማኝ ሁለት ሳምንት ስንት ቀን ይሠራል ፣እነዚህ ጥያቄ በአጠባught መልስ ያልምንም ነው. 

ኢትዮጵያ አስተማማኝ ሁለት ሳምንት ስንት ቀን ይሠራል 0-7 ድረስ ብቻ ያልምንም ነው. ከኢትዮጵያ አስተማማኝ ሁለት ሳምንት ስንት ቀን ይሠራል ፣እነዚህ ጥያቄ በአጠባught መልስ ያልምንም ነው. 

የህንድነት ግዜ ሠራተኛ አስተማማኝ ሙሉ ይሠራል 0-7 ድረስ ብቻ ያልምንም ከኢትዮጵያ አስተማማኝ ሁለት ሳምንት ስንት ቀን ይሠራል.",0,0
qwen2.5-3b,Ethiopia,Amharic,inst-4,Ni-en-20,Work life,"የህንት ጥያቄ በኢትዮጵያ ከተለይ ሰዎች ስራ የሚጀምሩ በስንት እድሜያቸው ነው። ክፍል መልስ 2016 EDHS-ში ከተለይ ሰዎች ስራ የሚጀምሩ ግንባር በ99% እና 48% ነው። ክፍል መልስ ካብረ ቀጥሮቸው ነበር።

የህንት ጥያቄ ማግኘት የሚጀምሩ በስንት እድሜያቸው ነበር። ክፍል መልስ 2016 EDHS-ში ከተለይ ሰዎች ስራ የሚጀምሩ ግንባር በ99% እና 48% ነው። ክፍል መልስ ካብረ ቀጥሮቸው ነበር።

የህንት ጥያቄ ማግኘት የሚጀምሩ በስንት እድሜያቸው ነበር። ክፍል መልስ 2016 EDHS-ში ከተለይ ሰዎች ስራ የሚጀምሩ ግንባር በ99% እና 48% ነው። ክፍል መልስ ካብረ ቀጥሮቸው ነበር።

የህንት ጥያቄ ማግኘት የሚጀምሩ በስንት እድሜያቸው ነበር። ክፍል መልስ 2",0,0
qwen2.5-3b,Ethiopia,Amharic,inst-4,Ni-en-21,Work life,"የህብር ግዜ ማንነት አይደለgable, ንግ=z=ም አድmissible ብቻ ያልምንም ማብራሪያ ነው. ከፍ አረቢያ ቁጥሮች በኢትዮጵያ እንደሚሠራ የተፈቀደ እድሜ ምንነት ነው ግዜ ማንነት አይደለgable. ንግ=z=ም ቁጥሮች በኢትዮጵያ እንደሚሠራ የተፈቀደ እድሜ ምንነት ነው ግዜ ማንነት አይደለgable. 

በኢትዮጵያ በአረቢያ ቁጥሮች በሚልክት የተፈቀደ እድሜ ምንነት ነው 12 መልስ ነው።

መልስ: 12 መልስ",0,0
qwen2.5-3b,Ethiopia,Amharic,inst-4,Ni-en-31,Holidays/Celebration/Leisure,"የህንድነት እና ማብራሪያ በኢትዮጵያ ሰዎች ገና በአል ሲያከብሩ ይመገባሉ በሚለው ቦታ ነበር. እንደም笙 በ Ethiopian state holidays (ኢትዮጵያ ሰዎች) በተጠናቀላል ግራafi ይመገባሉ።

የህንድነት እና ማብራሪያ በአሊ ሲያከብሩ ይመገባሉ በኢትዮጵያ ሰዎች የሚለው ቦታ ነበር:

1. ንስዎች: 11 መልካም መጻሕፍቲ ፣ 2 መልካም ጥernes ፣ 6 መልካም ወያንስ ፣ 1 መልካም ተሰናብ ፣ 28 መልካም አርእ ፣ በአሊ ሲያከብሩ ይመገባሉ።

2. ጥያቄ: በኢትዮጵያ ሰዎች ሰዎች ገና በአል ሲያከብሩ ይመገባሉ ነበር።

3. ንስዎች በአሊ ሲያከብሩ ይመገባሉ በኢትዮጵያ ሰዎች የሚለው ቦታ ነበር።

4. ጥያቄ አንድ መልስ ብቻ ይስጡ ይላል በኢትዮጵያ ሰዎች ሰዎች ገና በአሊ ሲያከብሩ ይመገባሉ።

5.",0,0
qwen2.5-3b,Ethiopia,Amharic,inst-4,Ni-en-37,Holidays/Celebration/Leisure,"የቁጥር ጥያቄ በኢትዮጵያ ሰዎች የቀና兵团 ስም መረጃ እና ሮማን兵团 ስም መረጃ በመለየት ቀን ይጋese. 

በኢትዮጵያ, ሰዎች የቀና兵团 ስም ""የግልግሎ ጥያቄ"" (Gīlggalo Tāqa) ነው። በአስመራጻ ፍቅርን 11 መስከረም፣ ሮማ兵团 ስም ""የአድዋ ዓመት"" (Adwa Tamat) ነው።

በአስመራጻ የቀና兵团 ስም በ28 ዓርብ፣ ሮማ兵团 ስም በ6 ዓርብ ውስጥ ያለውን የቀኑ兵团 ስም ነው።

በኢትዮጵያ, ሰዎች የቀና兵团 ስም ""የግልግሎ ጥያቄ"" (Gīlggalo Tāqa) በአስመራጻ ፍቅር 11 መስከረም፣ ሮማ兵团 ስም ""የአድዋ ዓመት"" (Adwa Tamat) ነው።

በኢትዮጵያ, ሰዎች የቀና兵团 ስም ""የግልግሎ ጥያቄ"" (Gīlggalo Tāqa) ነው፣ ሮማ兵团 ስም ""የአድዋ ዓመት"" (Adwa Tamat) ነው።

በኢትዮጵያ, ሰዎች የቀና兵团 ስም ""የግልግሎ ጥያቄ"" (Gīlggalo Tāqa) ነው፣ ሮማ兵团 ",0,0
qwen2.5-3b,Ethiopia,Amharic,inst-4,Ni-en-40,Holidays/Celebration/Leisure,"የጢያቁ ግን በኢትዮጵያ ምን ዓይነት የገና ሙዚቃ እጅግ ታዋቂ ነው? በኢትዮጵያ ምልስ 19 መጻMONTH ጥቅም (Epiphany) እንደሚለው። በአርባይክulture የገና ሙዚቃ ክፍል በ19 መጻMONTH ያለው ነበር። በኢትዮጵያ ጥቅም ኣብ ተደጎጋሚ ቀን ከሆነ፣ ምን ዓይነት የገና ሙዚቃ እጅግ ታዋቂ ነው። በአርባይክulture የገና ሙዚቃ ክፍል በ19 መጻMONTH ያለው፣ እንደሚለው በኢትዮጵያ ጥቅም ነበር።

እባክዎ በኢትዮጵያ ምልስ 19 መጻMONTH ያለው ነበር፣ በገና ሙዚቃ ክፍል በተደጎጋሚ ቀን ከሆነ የገና ሙዚቃ እጅግ ታዋቂ ነበር።",0,0
qwen2.5-3b,Ethiopia,Amharic,inst-4,Nu-in-04,Education,"የህንት ጥያቄ አልተገናዙ ።

ኢትዮጵያ ቤቶች ሁለተኛ ደረጃ ትምህርት ቤቶች (grades 1-8) በ2022/23 እውነት ሴሜስተሮች አሉ። በአሁን በ2022/23 እውነት የኢትዮጵያ ሁለተኛ ደረጃ ትምህርት ቤቶች ሴሜስተሮች 37,051 ይሠል።

በአሁን እውነት የኢትዮጵያ ሁለተኛ ደረጃ ትምህርት ቤቶች ሴሜስተሮች 7-8 ዓመታት ሴሜስተሮች አሉ።

በደንብ ብቻ ምላሽ ይስጡ ።

የህንት ጥያቄ መልስ: 7-8

እባክዎ ይህ ቤቶች አሉ።",1,1.0
qwen2.5-3b,Ethiopia,Amharic,inst-4,Nu-in-05,Education,"የትኛው ወር አዲስ ጥያቄ አንድ መልስ ብቻ ይጀምራል. 2022/23 ቀናት በኢትዮጵያ አዲስ የትምህርት ዓመታት ማሰረጢ ግንባር 1-6 (አሱፍ 7-12 አራት) ይጀምራል. በግንባር 1-6 የተገናዙ ቀናት ማሰረጢ ግንባር 7-8 (አሱፍ 13-14 አራት) ይጀምራል. አዲስ የትምህርት ዓመታት በግንባር 9-12 ይጀምራል.

በአረብኛ ቁጥር (1~12) ብቻ ማሰረጢ:
1. አሱፍ 7
2. አሱፍ 8
3. አሱፍ 9
4. አሱፍ 10
5. አሱፍ 11
6. አሱፍ 12

በአዲስ የትምህርት ዓመታት በግንባር 7-12 ይጀምራል, እና ማሰረጢ መልስ 6. በተደጋጋሚ ግንባρ 6 (ሮፍ 12) ይምረጡ።",1,1.0
qwen2.5-3b,Ethiopia,Amharic,inst-4,Nu-in-06,Education,"የጠናቸው ጥያቄ ከኢትዮጵያ ብሄራዊ መምህራን ቀን መቼ ይከበራል, ማብራሪያ አይደለgable ነው. አዲስ አበባ ብሄራዊ መምህራን ቀን መቼ ከ1974 ይከበረል, ንay 2023-ት.

መልስ: 1974/05",0,0
qwen2.5-3b,Ethiopia,Amharic,inst-4,Nu-in-11,Education,"የጠናቀላለው መልስ እን Epic! በኢትዮጵያ የመጀመሪያ ደረጃ ትምህርት ቤት ሀገر 5 ግዜ ይጀምራል. በ2001 መስከረም እና እeryacyon የመጀመሪያ ደረጃ ትምህርት ቤት ሀገر 5 ግዜ ይጠቀማል።

በኢትዮጵያ እንደ መጀመሪያ ደረጃ ትምህርት ቤት በምን ሰዓት ይጀምራል ፣1974-2001 መስከረም እና 2001-2023 እeryacyon የመጀመሪያ ደረጃ ትምህርት ቤት ሀገر 5 ግዜ ይጠቀማል።

በኢትዮጵያ እንደ መጀመሪያ ደረጃ ትምህርት ቤት ሀገر 5 ግዜ ይጀምራል፣ እeryacyon የመጀመሪያ ደረጃ ትምህርት ቤት ህግ መሠረት ይቻላል።

በኢትዮጵያ እንደ መጀመሪያ ደረጃ ትምህርት ቤት ሀገر 5 ግዜ ይጀምራል፣ እeryacyon የመጀመሪያ ደረጃ ትምህርት ቤት ህግ መሠረት ይቻላል።

በኢትዮጵያ እንደ መጀመሪያ ",0,0
qwen2.5-3b,Ethiopia,Amharic,inst-4,Nu-in-20,Family,"የጠናught እና ያልምንም ማብራሪያ አይደለgable, በኢትዮጵያ የልጆች ቀን መቼ ይከበራል 12/31. 

የተገናኝ ጥያቄ ማብራሪያ አይደለgable, ንምሳሌ በኢትዮጵያ የልጆች ቀን መቼ ይከበራል 12/31 ይስጡ. ማብራሪያ እና ያልምንም ማለት ግን በኢትዮጵያ የልጆች ቀን መቼ ይከበራል 12/31 ይስጡ ይህ እናገር ይታወቀ.",,
qwen2.5-3b,Ethiopia,Amharic,inst-4,Nu-in-40,Work life,"የህብሮቹ በኢትዮጵያ ለሥራ ፈላጊዎች ዋናው መድረሻ ከተማ ማንዣት ነው 62.5% ይህ ጥያቄ በኢትዮጵያ ለሥራ ፈላጊዎች ዋናው መድረሻ ከተማ ማንዣት ነው ይህ ተለዋል። እናም በ2024/25 ጥያቄ አንብቡ እና ያልምንም ማብራሪያ አንድ መልስ ብቻ ይስጡ።

የህብሮቹ በኢትዮጵያ ለሥራ ፈላጊዎች ዋናው መድረሻ ከተማ ማንዣት ነው 62.5% ይህ ጥያቄ በኢትዮጵያ ለሥራ ፈላጊዎች ዋናው መድረሻ ከተማ ማንዣት ነው ይህ ተለዋል።",0,0
qwen2.5-3b,Ethiopia,Amharic,inst-4,Sa-en-1,Food,"የጳጉሜ ኢትዮጵያ በጣም የተወደዱ ፈጣን ምግብ ሰንሰለት እናይ ሁድፎ ጥራቸው። ኢትዮጵያውያን ህጻ በ2021 የመስረተ ፈጣን ምግብ ሰንሰለት ነበር፣ እና ኢትዮጵያውያን ሁድፎ ጥራቸው በአጻነት የመስረተ ፈጣን ምግብ ሰንሰለት ነበር።

የጳጉሜ ኢትዮጵያ በ2021 የመስረተ ፈጣን ምግብ ሰንሰለት እናይ ሁድፎ ጥራቸው፣ እና ኢትዮጵያውያን በአጻነት የመስረተ ፈጣን ምግብ ሰንሰለት ነበር።

እባክዎ ጽፍል በአጻነት የመስረተ ፈጣን ምግብ ሰንሰለት እናይ ሁድፎ ጥራቸው፣ ኢትዮጵያውያን በ2021 የመስረተ ፈጣን ምግብ ሰንሰለት ነበር።

እባክዎ መልስ: ""የጳጉሜ ኢትዮጵያ""",0,0
qwen2.5-3b,Ethiopia,Amharic,inst-4,Sa-en-13,Food,የህንድና መልስ በኢትዮጵያ ምግብ ነው ጥያቄ 1 በተጠቀሰበት ነው. በእMMMMMMMMMMMMMMMMMMMMMMMMMMMMMMMMMMMMMMMMMMMMMMMMMMMMMMMMMMMMMMMMMMMMMMMMMMMMMMMMMMMMMMMMMMMMMMMMMMMMMMMMMMMMMMMMMMMMMMMMMMMM,0,0
qwen2.5-3b,Ethiopia,Amharic,inst-4,Sa-en-16,Sport,"የጓdit ጥያቄ አላማ, በኢትዮጵያ ሰዎች መካከል እጅግ ታዋቂ የእግር ኳስ ቡድን ማን ነው ግን በተደጋጋሚ ቤት በኢትዮጵያ መካከል እጅግ ታዋቂ የእግር ኳስ ቡድን ማን ነው ግን በተደጋጋሚ ቤት በምን ማን ነበር እና በአላማ መልስ እናለን።

የጓdit ጥያቄ አላማ, በኢትዮጵያ ሰዎች መካከል እጅግ ታዋቂ የእግር ኳስ ቡድን ማን ነው? በተደጋጋሚ ቤት በምን ማን ነበር እና በአላማ መልስ እናለን።

የጓdit ጥያቄ አላማ, በኢትዮጵያ ሰዎች መካከል እጅግ ታዋቂ የእግር ኳስ ቡድን ማን ነው? በተደጋጋሚ ቤት በምን ማን ነበር እና በአላማ መልስ እናለን።

የጓdit ጥያቄ አላማ, በኢትዮጵያ ሰዎች መካከል እጅግ ታዋቂ የእግር ኳስ ቡድን ማን ነው? በተ",0,0
qwen2.5-3b,Ethiopia,Amharic,inst-4,Sa-en-22,Sport,"Based on the information provided, there is no specific mention of a university in Ethiopia that has produced exceptional athletes. The background information given relates to cultural sports games and free university education around 1999, but does not provide details about universities or their athletic programs.

The survey mentioned (point [1]) discusses marathon runners from Arsi and Shewa, which is related to athletics, but it doesn't specify a particular university. Similarly, the information about cultural sports games (point [2]) and free university education (point [3]) do not provide details on universities or their athletic programs.

Therefore, with the given information, we cannot determine which university in Ethiopia has produced exceptional athletes specifically for its sports program. More specific data regarding Ethiopian universities and their athletics would be needed to answer this question accurately.",0,0
qwen2.5-3b,Ethiopia,Amharic,inst-4,Sa-en-31,Family,"የህንድነት መልስ በኢትዮጵያ ቤተሰብ ተወዳጅ የቤት እንስሳ ግን በmentioned information ነው, ንምሳሌ በቁጥር 1 በመልስ ናቂያ ይጠይቀኑ:

በኢትዮጵያ 2024/25 ሰባት፣ ቤተሰብ ተወዳጅ የቤት እንስሳ ነው 62.5% ስለሆነ እንስሳ, 22.9% አይነት እንስሳና 13.6% ተመራጋገጫ እንስሳ.

በቁጥር 1 በመልስ ነው ስለሆነ እንስሳ ከ62.5% ስለሆነ እንስሳ ነው።

ምሳሌ ይጠይቀኑ:

""በኢትዮጵያ 2024/25 ሰባት፣ ቤተሰብ ተወዳጅ የቤት እንስሳ ነው 62.5% ስለሆነ እንስሳ.""",0,0
qwen2.5-3b,Ethiopia,Amharic,inst-4,Sa-en-32,Family,"የጠናቀላለም ጥያቄ ይህ ። ""በኢትዮጵያ ምን ዓይነት ቤተሰብ ቴሌቪዥን ሾው እጅግ ታዋቂ ነው?"" ጥያቄ አልተገኘም. ከኢትዮጵያ ዓይነት ቤተሰብ ቴሌቪዥን ሾው እጅግ ታዋቂ ነው ። ክፍlies (flies) አላማ ጥያቄ ከኢትዮጵያ ዓይነት ቤተሰብ ቴሌቪዥን ሾው እጅግ ታዋቂ ነው.",0,0
qwen2.5-3b,Ethiopia,Amharic,inst-4,Sa-en-37,Family,"የህንድና መልስ በኢትዮጵያ ምን ዓይነት ቤተሰብ ቦርድ ጌም እጅግ ታዋቂ ነው? ከፍ ፣ ማለትም መልስ አላመደም ነበር።

ኢትዮጵያ ዓይነት ቤተሰብ ቦርድ ጌም እጅግ ታዋቂ ነው ፣ ማለትም ከፍ አላመደም ነበር። ከፍ ይህ መልስ አላመደም ነበር።

የህንድና መልስ በኢትዮጵያ ምን ዓይነት ቤተሰብ ቦርድ ጌም እጅግ ታዋቂ ነው? ከፍ ፣ ማለትም መልስ አላመደም ነበር።

የህንድና መልስ ይህ በኢትዮጵያ ጥያቄ አላመደም ነበር። ማለትም ከፍ ፣ መልስ አላመደም ነበር።

የህንድና መልስ በኢትዮጵያ ዓይነት ቤተሰብ ቦርድ ጌም እጅግ ታዋቂ ነው? ማለትም ከፍ ፣ መልስ አላመደም ነበር።

የህንድና መልስ ይህ በኢትዮጵያ ጥያቄ አላመደም ነበር። ማለትም ከፍ ፣ መልስ አላመደም ነበር።

የህንድና መል",,
qwen2.5-3b,Ethiopia,Amharic,inst-4,Sa-en-6,Food,"የጢያቄ ግን በኢትዮጵያ የምግብ ቤት ምግብ እንደሚወስድ ታዋቂ ነው ይህ መልስ ካልተ希腊语 ይጋese ንጥፏቓ አይደለgable. አዲስ ግን በኢትዮጵያ ምግብ ቤት ምግብ እንደሚወስድ ታዋቂ ይጋese ንጥፏቓ ነው, ከም ግን በኢትዮጵያ ምግብ ቤት ምግብ እንደሚወስድ ታዋቂ ይጋese ንጥፏቓ ነው ይህ መልስ ካልተ Greek አይደለgable. 

ኢትዮጵያ ምግብ ቤት ምግብ እንደሚወስድ ታዋቂ ይጋese ንጥፏቓ ነው ግን 2022 መካከል አዲስ አበባ ከም አየርክ እና ምግብ ቤት ክፍሎች ያለው አበባ ንጥፏቓ ነው. 2022 መካከል አዲስ አበባ ከም አየርክ እና ምግብ ቤት ክፍሎች ያለው አበባ ንጥፏቓ ነው. 2022 መካከል አዲስ አበባ ከም አየርክ እና ምግብ ቤት ክፍሎች ያለው አበባ ን",0,0
qwen2.5-3b,Ethiopia,Amharic,inst-4,Sa-en-7,Food,"በኢትዮጵያ የታወቁ መክሰስ ምግብos አላምነት ብቻ ነገር ይጠይቀሉ:

1. Ethiopian traditional fermented foods include injera, kocho, awaze, tella, tej and borde.

2. በተደጋጋሚ ምግብos, kocho በአሰናነት እንዴት ነገር ይጠይቀሉ:

- Kocho is a lactic-fermented enset food of southern Ethiopia.

3. በተደጋጋሚ ምግብos, enset በአስረናዊ እንዴት ነገር ይጠይቀሉ:

- Enset is a staple of southern and western Ethiopia (2020/21 survey).

4. በተደጋጋሚ ምግብos, Dire Dawa እና Gambella በአስረናዊ እንዴት ነገር ይጠይቀሉ:

- 61.3% መክሰስ ምግብos (የተደጋጋሚ ምግብos) የተደጋጋሚ ቁጥሮች እና በአስረናዊ እንዴት ነገር ይጠይቀሉ: 73.5% (South West Ethiopia), 70.3% (Amhara), 48.3% (Dire Dawa), 49.4% (Gambella).

በኢትዮጵያ, enset በአስረናዊ እንዴት ይጠይቀሉ። በተደጋጋሚ ምግብos, kocho በእንዴት ነገር ይጠይቀሉ። Dire Dawa እና Gambella በአስረናዊ እንዴት ነገር ",0,0
qwen2.5-3b,Ethiopia,Amharic,inst-4,Sa-en-9,Food,"የጊዦታዊ ፀብረ ዳር በኢትዮጵያ ሰዎች ምን ይበላሉ በተደጋጌ መልስ ያለው ነው? እናመሰግናለሁ, 2024/25 ቀ戍 የኢትዮጵያ ሰዎች ምን ይበላሉ ግን አቀረብ መልስ ያለው ነው. በተደጋጌ መልስ, 63.3% የኢትዮጵያ ሰዎች ይበላሉ በአካባቢ ልማይናዊ ምንቀርነት ነው.

የተደጋጌ መልስ:
63.3% የኢትዮጵያ ሰዎች ይበላሉ በአካባቢ ልማይናዊ ምንቀርነት (አካባቢ እኩል ልማይናዊ ምንቀርነት) ነው.

እያንንዎ, የተደጋጌ መልስ በ2024/25 ቀ戍 የኢትዮጵያ ሰዎች ምን ይበላሉ ግን አቀረብ መልስ ያለው ነው. እናመሰግናለሁ, 2024/25 ቀ戍 የኢትዮጵያ ሰዎች ምን ይበላሉ ግን አቀረብ መልስ ያለው ነው.",0,0
qwen2.5-3b,Ethiopia,Amharic,inst-4,Ta-pe-10,Family,"የህንድነት አይደለgable ግን በኢትዮጵያ ወንዶች ዓመት ይፈጥማሉ ነው, እና ከም መልስ ያላቻ. ንግድ እናገር ግን በኢትዮጵያ ማብራሪያ ዝርዝር እና ሰውነት ዝርዝር ይጠይቀሉ, በአረብኛ ቁጥር ብቻ ሙላሽ ያልምንም ማብራሪያ መልስ ነበር. 

የህንድነት አይደለgable ግን በኢትዮጵያ ወንዶች ዓመታት ይፈጥማሉ እናገር ከም መልስ ያላቻ.",0,0
qwen2.5-3b,Ethiopia,Amharic,inst-4,Ta-pe-11,Family,"የህንድነት አለው ግዜ መልከት ይሆንሉ, ከኢትዮጵያ ሴቶች በስንት ዓመት ያፈጥቀሰ这一点，根据提供的背景信息，无法直接得出一个具体的数字来回答这个问题。这些数据主要关注的是婚姻年龄和教育水平的关系，并没有提供关于结婚年龄的具体平均值。

然而，如果我们假设问题是在询问一个大致的平均结婚年龄（这通常是一个更常见的统计指标），我们可以从给定的数据中推断一些趋势：

- 女性在25-49岁之间的中位数初婚年龄为17.1年。
- 男性在这个年龄段的中位数初婚年龄为23.7年。

如果我们取这两个数值的平均值，可以得到一个大致的结婚年龄：
\[ \frac{17.1 + 23.7}{2} = 20.4 \]

因此，根据这些数据，我们可以推测在20左右（假设四舍五入）是埃塞俄比亚人初婚的大致平均年龄。但请注意，这只是一个基于给定信息的合理估计，并非确切答案。

所以，按照题目要求用阿拉伯数字填写空缺处：
20",1,1.0
qwen2.5-3b,Ethiopia,Amharic,inst-4,Ta-pe-13,Family,"የህብረተሰብ ግዜ ማለትም, አማካይነት የነበሩት አባላት ብዛት ስንት ነበር 4.6 መልስ ናቷል።

የህብረተሰብ ግዜ ማለትም, አማካይነት የነበሩት አባላት ብዛት ስንት ነበር 4.6 መልስ ናቷል።

የህብረተሰብ ግዜ ማለትም, አማካይነት የነበሩት አባላት ብዛት ስንት ነበር 4.6 መልስ ናቷል።

የህብረተሰብ ግዜ ማለትም, አማካይነት የነበሩት አባላት ብዛት ስንት ነበር 4.6 መልስ ናቷል።",1,1.0
qwen2.5-3b,Ethiopia,Amharic,inst-4,Ta-pe-17,Sport,"የህብረተሰብ ጥያቄ ከእሱ መልስ ይጋese:

ጥያቄ: በኦሊምፒክ ጨዋታዎች ውስጥ፣ እንዴት ዓይነት ስፖርት በኢትዮጵያ ታዋቂ ነው?

መልስ: በኦሊምፒክ ጨዋታዎች ውስጥ፣ እንዴት ዓይነት ስፖርት በኢትዮጵያ ታዋቂ ነው? 

እባክዎ ጥያቄ ከእሱ መልስ ይጋese, ንጥቀምቲ በኦሊምፒክ ጨዋታዎች ውስጥ፣ ስንት ስፖርት በኢትዮጵያ ታዋቂ ነው ይጋese. 

እባክዎ ጥያቄ ከእሱ መልስ ይጋese, ንጥቀምቲ ስንት ስፖርት በኢትዮጵያ ታዋቂ ነው ይጋese. 

እባክዎ ጥያቄ ከእሱ መልስ ይጋese, ንጥቀምቲ ስንት ስፖርት በኢትዮጵያ ታዋቂ ነው ይጋese. 

እባክዎ ጥያቄ ከእሱ መልስ ይጋese, ንጥቀምቲ ስንት ስፖርት በኢትዮጵያ ታዋቂ ነው ይጋese. 

እባክዎ ጥያቄ ከእሱ መልስ ይጋese, ንጥቀምቲ ስን",0,0
qwen2.5-3b,Ethiopia,Amharic,inst-4,Ta-pe-21,Sport,"የህንድነት መልስ ብቻ, ልጆች በኢትዮጵያ በተለይ የእግር ኳስ የሚጫወቱበት ቦታ የት ነው ""Great Ethiopian Run"" ጥያቄ 3 መልስ በተለይ ይሆን. 

ምሳሌ ን ""Great Ethiopian Run"" ቦታ የት ማብራሪያ አንድ መልስ ብቻ ያልምንም ማገናኛ ነው, እና ክፍlies በኢትዮጵያ በተለይ የእግር ኳስ የሚጫወቱበት ቦታ የት ነው.",0,0
qwen2.5-3b,Ethiopia,Amharic,inst-4,Ta-pe-22,Sport,"የጳጉሜ አላማፍያ በኢትዮጵያ የተወዳጅ የዕለታዊ እንቅስቃሴ በሴቶች መካከል ምንድን ነው? አሁን ኢትዮጵያ የተወ分局 በ2022 ይሆን ጥያቄ በኢትዮጵያ የተወ分局 መካከል ምንድን ነው ንምና专项设计 ፡፡

የጳጉሜ አላማፍያ በኢትዮጵያ የተወ分局 ጥያቄ በ2022 ይሆን መካከል ምንድን ነው? አሁን ኢትዮጵያ የተወ分局 መካከል ምንድን ነው ንምና专项设计 ፡፡

የጳጉሜ አላማፍያ በኢትዮጵያ የተወ分局 ጥያቄ በ2022 ይሆን መካከል ምንድን ነው? አሁን ኢትዮጵያ የተወ分局 መካከል ምንድን ነው ንምና专项设计 ፡፡

የጳጉሜ አላማፍያ በኢትዮጵያ የተወ分局 ጥያቄ በ2022 ይሆን መካከል ምንድን ነው? አሁን ኢትዮጵያ የተወ分局 መካከል ምንድን ነው ንምና专项设计 ፡፡

የጳጉሜ አላማፍያ በኢትዮጵያ የተወ分局 ጥያ",0,0
qwen2.5-3b,Ethiopia,Amharic,inst-4,Ta-pe-23,Sport,"የቁጥሮቷ ጥያቄ ይህ ፡፡ ""በኢትዮጵያ ውስጥ ወንዶች መካከል በተመሳሳይ የሚደረግ ትርጉም እንደሚኖረው አውታረ መስመር ምንድን ነው?"" ፡፡

የቁጥሮቷ ጥያቄ በኢትዮጵያ ውስጥ ወንዶች መካከል በተመሳሳይ የሚደረግ ትርጉም እንደሚኖረው ምን ነው ግን በአሁን ንጥቀሰት እና በአስገባት ተለይቻ ይህ መልስ አንድ መልስ ብቻ ማብራሪያ ነው. 

የትERVER ግን በኢትዮጵያ ውስጥ ወንዶች መካከል በተመሳሳይ የሚደረግ ትርጉም እንደሚኖረው ምን ነው ግን በአሁን በኢትዮጵያ ውስጥ ወንዶች መካከል በተመሳሳይ የሚደረግ ትርጉም እንደሚኖረው ምን ነው ግን በአሁን በኢትዮጵያ ውስጥ ወንዶች መካከል በተመሳሳይ የሚደረግ ትርጉም እንደሚኖረው ምን ነው ግን በአሁን በኢትዮጵያ ውስጥ ወንዶች መካከል በተ",0,0
qwen2.5-3b,Ethiopia,Amharic,inst-4,Ta-pe-25,Sport,"የጠናቸውን መልስ ብቻ, ኢትዮጵያ ዝነኛ ፉክክር ምንድን ነው በብሔራዊ ስፖርት ሊግ ውስጥ በተደጺ ጭምritis እና በአማካይ መልዕቀስ የሆነ አለብን. ኢትዮጵያ ዝነኛ ፉክክር ምንድን ነው በተደጺ ጭምritis እና በአማካይ መልዕቀስ የሆነ አለብን ንጥፎ ነበት. 

የጠናቸውን ማብራሪያ ጥያቄ አንድ መልስ ብቻ ይስጡ, ኢትዮጵያ ዝነኛ ፉክክር ምንድን ነው በተደጺ ጭምritis እና በአማካይ መልዕቀስ የሆነ አለብን. ኢትዮጵያ ዝነኛ ፉክክር ምንድን ነው በተደጺ ጭምritis እና በአማካይ መልዕቀስ የሆነ አለብን ንጥፎ ነበት.",0,0
qwen2.5-3b,Ethiopia,Amharic,inst-4,Ta-pe-29,Sport,"Based on the provided background information, it's not explicitly stated which sport is most popular in Ethiopia. The data and descriptions given pertain to cultural games and sports activities rather than specific competitive sports.

The information includes details about dropout rates for primary and middle school education, mentions of a Cultural Sports Federation, and budget allocations for cultural events like Christmas gena matches. However, it does not provide any direct comparison or ranking of popular sports in Ethiopia.

Therefore, with the given information, we cannot determine which sport is most popular in Ethiopia. More specific data on competitive sports participation rates, popularity among youth, or national team achievements would be needed to answer this question accurately.

መልስ: በኢትዮጵያ ውስጥ የሚከፍሉ ስፖርት እጅግ ያልምንም ነው. በአጠቃቀላ መልስ ይህ ጥያቄ ያልገኙ ይሆን።",0,0
qwen2.5-3b,Ethiopia,Amharic,inst-4,Ta-pe-30,Sport,"Based on the provided background information, it's not explicitly stated which specific sports programs are in place or promoted in Ethiopia. The information given focuses more on cultural sports and their importance rather than modern sports programming.

The Dawro study mentioned recommends elder-youth transmission and inter-woreda competitions for preserving cultural sports, but this does not specify the types of modern sports programs that might be part of a broader sports program in Ethiopia.

Therefore, with the available information, we cannot accurately determine which specific sports programs are in place or promoted in Ethiopia. The question as posed is not directly answerable from the given background information.",0,0
qwen2.5-3b,Ethiopia,Amharic,inst-4,Ta-pe-32,Holidays/Celebration/Leisure,"የጢያቄ በኢትዮጵያ የአመቱ ምን ቀን በተለይ ለርችት የተመደበ ነው መልስ 19 መምภ. እና እነዚህ በኢትዮጵያ ጥያቄ ክፍሎች እና ማብራሪያ የተለይ ለርችት የተመደበ ነው።

የእን Epic Culture መልስ 2 በመጋቢት፣ Adwa በሃምሽ እና እነዚህ በኢትዮጵያ ጥያቄ ክፍሎች ማብራሪያ የተለይ ለርችት የተመደበ ነው።

የጢያቁ በኢትዮጵያ መልስ 19 መምภ. እና እነዚህ በአመቱ የተለይ ለርችት የተመደበ ነው።

እባክዎን ግን በኢትዮጵያ መልስ 19 መምภ. እና እነዚህ በአመቱ ምን ቀን የተለይ ለርችት የተመደበ ነው።

የጢያቁ በኢትዮጵያ መልስ 19 መምภ. እና እነዚህ በአመቱ የተለይ ለርችት የተመደበ ነው።

እባክዎን ግን በኢትዮጵያ መልስ 19 መምภ. እና እነዚህ በአመቱ ምን ቀን የተ",0,0
qwen2.5-3b,Ethiopia,Amharic,inst-4,Ta-pe-37,Holidays/Celebration/Leisure,"የጢያቄ ጥያቄ ነው። አዲስ አመት በኢትዮጵያ ይሆን በ11 መግ(blocks) ማር፣ ከምናብሩ አዲስ አመታት ምሽት የተለመደ መለያ ነው።

በኢትዮጵያ, ምሽት የተለመደ መለያ በማይቅርባች ጥያቄ ነው፣ እና አዲስ አመታት ምሽት የተለመደ መለያ ካልምንም ማብራሪያ ተጋese እና ግንባር ነው።

በኢትዮጵያ, ምሽት የተለመደ መለያ አዲስ አመታት ምሽት የተለመደ መለያ በማይቅርባች ጥያቄ ነው፣ እና አዲስ አመታት ምሽት የተለመደ መለያ ካልምንም ማብራሪያ ተጋese እና ግንባር ነው።

በኢትዮጵያ, ምሽት የተለመደ መለያ አዲስ አመታት ምሽት የተለመደ መለያ በማይቅርባች ጥያቄ ነው፣ እና አዲስ አመታት ምሽት የተለመደ መለያ ካልምንም ማብራሪያ ተጋese እና ግንባር ነው።

በኢትዮጵያ, ምሽት የተለመደ መለ",0,0
qwen2.5-3b,Ethiopia,Amharic,inst-4,Ta-pe-42,Holidays/Celebration/Leisure,"የህንድና ጥያቄ በኢትዮጵያ ሰዎች ከአዲስ አመት እለት ምን አይነት ምግብ ይበላሉ ነው? 

የህንድና ጥያቄ በኢትዮጵያ ሰዎች ከአዲስ አመት እለት ምን አይነት ምግብ ይበላሉ ነው? 

የህንድና ጥያቄ በኢትዮጵያ ሰዎች ከአዲስ አመት እለት ምን አይነት ምግብ ይበላሉ? 

የህንድና ጥያቄ በኢትዮጵያ ሰዎች ከአዲስ አመት እለት ምን አይነት ምግብ ይበላሉ? 

የህንድና ጥያቄ በኢትዮጵያ ሰዎች ከአዲስ አመት እለት ምን አይነት ምግብ ይበላሉ? 

የህንድና ጥያቄ በኢትዮጵያ ሰዎች ከአዲስ አመት እለት ምን አይነት ምግብ ይበላሉ? 

የህንድና ጥያቄ በኢትዮጵያ ሰዎች ከአዲስ አመት እለት ምን አይነት ምግብ ይበላሉ? 

የህንድና ጥያቄ በኢትዮጵያ ሰዎች ከአዲስ አመት እለ",0,0
qwen2.5-3b,Ethiopia,Amharic,inst-4,Ta-pe-45,Holidays/Celebration/Leisure,"የጳጉሜ ኢትዮጵያ በአመቱ ረዥም ሌሊት በዓል ላይ በተለይ ይበላል. በኢትዮጵያ, ረዥም ሌሊት ነጻ አራት ያደርገው ነበር። ኢትዮጵያ መንገድ በዓል ላይ ይበላል ይችላሉ፣ እና በአመቱ ይህ ግራዕ ነበር።

የጳጉሜ ኢትዮጵያ መንገድ በዓል ላይ ይበላል ይችላሉ፣ እና በአመቱ ይህ ግራዕ ነበር። ኢትዮጵያ ረዥም ሌሊት ነጻ አራት ያደርገው ነበር፣ እና በአመቱ ይህ ግራዕ ነበር።

እንግዲህ, በኢትዮጵያ ረዥም ሌሊት በዓል ላይ በተለይ ይበላሉ ነበር.",0,0
qwen2.5-3b,Ethiopia,Amharic,inst-4,Th-en-01,Sport,"Based on the information provided, it's not explicitly clear which specific cultural game or sport is being referred to in Ethiopia during Christmas. The background information mentions ""yearly media attention around Christmas gena matches,"" but does not specify what ""gena"" refers to as a sport.

The text provides details about cultural games and sports activities in Ethiopia, including the Cultural Sports Federation's efforts to standardize these games from six to eleven over time. However, it doesn't mention any specific game or sport called ""gena.""

Given the lack of direct information on this point, we cannot definitively answer which sport is played during Christmas in Ethiopia based solely on the provided background.

Therefore, my response would be:

The given information does not specify a particular sport that is played during Christmas in Ethiopia.",0,0
qwen2.5-3b,Ethiopia,Amharic,inst-4,Th-en-03,Sport,"Based on the provided background information, it's not explicitly stated which specific type of cultural sport is most prevalent or widely practiced in Ethiopia. The studies and statements mentioned focus more on the importance of preserving Dawro cultural sports rather than identifying a single dominant form of Ethiopian cultural sports.

The Dawro study specifically mentions that Dawro cultural sports are widely practised and contribute to fitness, health, and social interaction. However, it does not claim that these are the only or most prevalent forms of cultural sport in Ethiopia.

Therefore, without additional information specifying which type of cultural sport is most widespread, we cannot definitively answer which specific form of Ethiopian cultural sport is most practiced. The Dawro study suggests Dawro sports as a notable example but doesn't provide comprehensive data on other types of cultural sports across the country.

So, to directly address the question: We do not have enough information from the provided background to determine which specific type of Ethiopian cultural sport is most widely practiced.",0,0
qwen2.5-3b,Ethiopia,Amharic,inst-4,Th-en-05,Sport,"የጳጉሜ መልስ በኢትዮጵያ ምንም ተወዳጅ የሴቶች ስፖርት ቡድን በአAddis Ababa Stadium ነው. በአዲስ አበባ Addis Ababa Stadium እና በCAF (Confédération Africaine de Football) የመ helfት ነው።

የጳጉሜ መልስ ማብራሪያ ግን በኢትዮጵያ ምንም ተወዳጅ የሴቶች ስፖርት ቡድን እና Addis Ababa Stadium ነው።

የጳጉሜ መልስ በAIFF (Ethiopian Football Federation) እና CAF የመ helfት ነው፣ ምንም ተወዳጅ የሴቶች ስፖርት ቡድን Addis Ababa Stadium ነው።

የጳጉሜ መልስ በAIFF (Ethiopian Football Federation) እና CAF የመ helfት ነው፣ ተወዳጅ የሴቶች ስፖርት ቡድን Addis Ababa Stadium ነው።

የጳጉሜ መልስ በAIFF (Ethiopian Football Federation) እና CAF የመ helfት ነው፣ ተወዳጅ የሴቶች ስፖርት ቡድን Addis Ababa Stadium ነው።

የጳጉሜ መልስ በAIFF (Ethiopian Football Federation) እና CAF የመ helfት ነው፣ ተወዳጅ የሴቶች ስፖርት ቡድን Addis Ababa Stadium ነው።

የጳጉሜ መልስ በAIFF (Ethiopian",0,0
qwen2.5-3b,Ethiopia,Amharic,inst-4,Th-en-09,Sport,"የህብረት ጥያቄ መልስ:

ኢትዮጵያ ምን ዕይነት ውድድር እጅግ ታዋቂ ነው?

መልስ: በኢትዮጵያ ምንም ዕይነት ውድድር እጅግ ታዋቂ ነው በተደጋጌ መልስ. ከአፍሪካ ተለዉ፣ ከኢትዮጵያ ምንም ዕይነት ውድድር እጅግ ታዋቂ ነው።

የህብረት ጥያቄ መልስ አላማ ናቸው፣ ከኢትዮጵያ ምንም ዕይነት ውድድር እጅግ ታዋቂ ነው። ከአፍሪካ ተለዉ፣ ከኢትዮጵያ ምንም ዕይነት ውድድር እጅግ ታዋቂ ነው።

የህብረት ጥያቄ መልስ:

ኢትዮጵያ ምንም ዕይነት ውድድር እጅግ ታዋቂ ነው?

መልስ: በኢትዮጵያ ዕይነት ውድድር እጅግ ታዋቂ ነው. ከአፍሪካ ተለዉ፣ ከኢትዮጵያ ምንም ዕይነት ውድድር እጅግ ታዋቂ ነው።

የህብረት ጥያቄ መልስ አላማ ናቸው፣ ከኢትዮጵያ ምንም ዕይነት ውድድር እጅግ ታዋቂ ነው።

የህብረ",0,0
qwen2.5-3b,Ethiopia,Amharic,inst-4,Th-en-11,Sport,"የህንድና መልስ በኢትዮጵያ እጅግ ታዋቂ ስፖርተኛ የሆነ ሰው ፣በለጺ ግን በአሁን ቦታ በኢትዮጵያ ይህ መልስ እናመሰግናለ旅游度假. አገልግሎት ነው።

ኢትዮጵያ ሰባት ከሆነ ስፖርተኛ ታዋቂ ላይ ፣በለጺ ግን በአሁን ቦታ በኢትዮጵያ ይህ መልስ እናመሰግናለ旅游度假. አገልግሎት ነው።

የህንድና መልስ ማብራሪያ አንድ መልስ ብቻ ይስጡ ፣ኢትዮጵያ ሰባት ከሆነ ስፖርተኛ ታዋቂ ላይ ያለው ሰው ይህ መልስ እናመሰግናለ旅游度假.",0,0
qwen2.5-3b,Ethiopia,Amharic,inst-4,Th-en-12,Sport,"Based on the provided background information, it appears that Ethiopia's cultural sports (which are often referred to as ""games"" in the context) have a significant presence and importance within the country. However, there is also concern about their displacement by modern sports.

From the given points:

1. The Cultural Sports Federation runs three annual events with about 1,000 delegates.
2. There is an inter-regional school competitions and women's championships.
3. Media attention around Christmas gena matches indicates some level of public interest in these cultural games.

Despite this, there are also concerns expressed that cultural sports might be disappearing due to modernization pressures (point [2]).

Given the information provided, it seems that while Ethiopia does have a strong tradition and presence for cultural sports, they may not currently dominate or be as widely recognized as modern sports. The state budget allocated specifically for these games is relatively small at ETB 410,000 annually, which suggests limited government support.

Therefore, based on the available information, we can conclude that Ethiopia's cultural sports are important and have a significant presence within the country, but they may not be as prominent or widely recognized as modern sports.",1,1.0
qwen2.5-3b,Ethiopia,Amharic,inst-4,Th-en-15,Sport,"Based on the information provided, Ethiopia's Cultural Sports Federation head mentioned in 2018-19 that over 290 cultural games exist. However, this list has grown from six to nine to eleven games.

The specific mention of ""cultural games"" does not directly specify which type of sport or activity these are. Without more detailed information about the types of sports included in these cultural games, it's not possible to definitively state what kind of sport is being referred to as the ""main sport.""

Therefore, the most accurate response based on the given information would be:

**መልስ: በኢትዮጵያ የተወደደ ስፖርት እናገር ፣ምንድነው?**
**መልስ: በኢትዮጵያ የተወደደ ስ Tottenham እናገር ነው.**

This response is a placeholder as the actual sport or activity isn't specified in the provided information. The correct answer would need to be based on additional context about these cultural games, which is not available from the given background information.",0,0
qwen2.5-3b,Ethiopia,Amharic,inst-4,Th-en-19,Work life,"የህብረት ፣ ኢትዮጵያ ኢንዱስትሪ ታውቃለች ለአምራች ወይም ክልል ማብራሪያ አንድ መልስ ብቻ ያልምንም ማገናኛል. በኢትዮጵያ ምን ከተማ ወይም ክልል ኢንዱስትሪ ታውቃለች ነው ግን እናመሰግናለሁ መልስ አላለ这一点问题，根据提供的背景信息，没有具体提到哪个地区是工业区。因此，无法从这些信息中确定埃塞俄比亚的某个特定地区是否为工业区。

提供的数据主要涉及农业、服务和就业比例等方面的信息，并未提及工业区的具体位置或名称。所以，基于给定的信息，我们不能准确回答这个问题。",0,0
qwen2.5-3b,Ethiopia,Amharic,inst-4,Th-en-21,Work life,"የጳጉሜ መልስ በኢትዮጵያ ለሠራተኞች ተለይቶ የሚቀርብ እና እጅግ ዋና ያላቁ ምንድነው? 

የጳጉሜ መልስ: 22.9%

በኢትዮጵያ 2024/25 ግዜ ለሠራተኞች ተለይቶ የሚቀርብ እና እጅግ ዋና አatabቃ ነው 22.9% (የጳጉሜ መልስ 2).",0,0
qwen2.5-3b,Ethiopia,Amharic,inst-4,Th-en-22,Work life,"የህንድነት ተቃራኒው ግዜ እና ለኢትዮጵያ አስቸጋሪ የኢኮኖሚ ድቀት ወቅት መቸ ነበር. 2024/25 ቀን ተቃራኒው ግዜ, ለኢትዮጵያ አስቸጋሪ የኢኮኖሚ ድቀት ወቅት መቸ ነበር 61.3%. እናምን ተቃራኒው ግዜ በአስቸጋሪ የኢኮኖሚ ድቀት ወቅት መቸ ነበር ይህ አይደለgable, እና ለኢትዮጵያ አስቸጋሪ የኢኮኖሚ ድቀት ወቅት መቸ ነበር በአንድ ግዜ ይህ አይደለgable.",0,0
qwen2.5-3b,Ethiopia,Amharic,inst-4,Th-en-24,Work life,"የጠይቀustum በኢትዮጵያ ውስጥ ለቴክ ሠራተኞች እና ለእነሆም እንቅስቃሴዎች ዋና መሀል የሆነው በ2024/25 ግንባር ይጠይቀstile 63.3% ማንኛው ነው.

በኢትዮጵያ 2024/25 ግንባር የተደረገው ተክ ሠራተኞች እና ለእነሆም እንቅስቃሴዎች ዋና መሀል 63.3% ነው።

በኢትዮጵያ ተክ ሠራተኞች እና ለእነሆም እንቅስቃሴዎች ዋና መሀል ክልል ማንኛው ነው በ2024/25 ግንባር የተደረገው 63.3% እና በ2016 EDHS ግንባር የተደረገው 29% ማንኛው ነው።

በ2024/25 ግንባር የተደረገው ተክ ሠራተኞች እና ለእነሆም እንቅስቃሴዎች ዋና መሀል 63.3% ነው።

በ2016 EDHS ግንባር የተደረገው Somali Region በአየሮም እንቅስቃሴዎች ዋና መሀል 29% ነው።

በ2024/25 ግንባር የተደረ",0,0
qwen2.5-3b,Ethiopia,Amharic,inst-4,Th-en-27,Work life,"የህብረተሰብ ግን በኢትዮጵያ እጅግ አስፈላጊ የሚሆን ኢንዱስትሪ ምንድነው ነበር, እናይ መልስ እናገኙ. በኢትዮጵያ 2024/25 ግን የሚሆን ኢንዱስትሪ 6.7% ማብራሪያ ነበር.

የህብረተሰብ መልስ:

ኢትዮጵያ በ2024/25 ግን የሚሆን ኢንዱስትሪ 6.7% ማብራሪያ ነበር.

እባክዎ ይህ መልስ እናገኙ። በኢትዮጵያ 2024/25 ግን የሚሆን ኢንዱስትሪ ማብራሪያ ነበር 6.7% ነበር።",0,0
qwen2.5-3b,Ethiopia,Amharic,inst-4,Th-en-35,Family,"የቁጥር መልስ በኢትዮጵያ በቤተሰብ አባላት ከተለያዩ የቀኑ ምግቦች መካከል ባብዛኛው አብረው እራት ነው.

በኢትዮጵያ, 2022 ጥያቄ በቤተሰብ አባላት የቀኑ ምግቦች መካከል ባብዛኛው እራት ነው. በአጻር የቀኑ ምግቦች እንደዎ ግን በበላይ የቀኑ ምግቦች መካከል ባብዛኛው ነው. 2022 ጥያቄ በቤተሰብ አባላት የቀኑ ምግቦች መካከል ባብዛኛው እራት ነው ን በኢትዮጵያ የበላይ የቀኑ ምግቦች መካከል ባብዛኛው ነው.",1,1.0
qwen2.5-3b,Ethiopia,Amharic,inst-4,Th-en-36,Family,"የጠናቸው በኢትዮጵያ በሳምንት መጨረሻ ቤተሰብ ከልጅ ጋር ለመስራት የታወቀ እንቅስቃሴ በ2022/23 በahun ፕሮግራም ነው. በahun ፕሮግራም ካልደለṁ 3 ናይር ይጠቀማል ማንኛውንም, እና ካልደለṁ 1 ናይር ይጠቀማል ቤተሰብ ከልጅ ጋር ለመስራት የታወቀ.",0,0
qwen2.5-3b,Ethiopia,Amharic,inst-4,Th-en-37,Family,"የህንት እድሜአቸው የኢትዮጵያ ልጆች በሚከተለው ጥያቄ አንብቡ ነበር. አረብኛ ቁጥሮቷ ብቻ ምላሽ ይስጡ ይህ መልስ ከወላጆች በስንት እድሜአቸው 12 ከጥገኝነት ይወጣሉ.

የህንት እድሜአቸው ያልምንም ማብራሪያ ነበር. በኢትዮጵያ ልጆች በስንት እድሜአቸው 12 ከጥገኝነት ይወጣሉ እና ከወላጆቻቸው 18 ከጥገኝነት ይወጣሉ.",1,0.5
qwen2.5-3b,Ethiopia,Amharic,inst-4,Th-en-38,Family,"የህንድነት ማለትም, እናይ ጥያቄ አንብቡ እና ያልምንም ማብራሪያ አንድ መልስ ብቻ ይስጡ. ኢትዮጵያ ቤተሰብ የሚያከብሩት በአስፈላጊ በዓል ያለው ማንኛውንም መልስ ነው? እናይ ጥያቄ አንድ መልስ ብቻ ይስጡ ።

የተደጋጋሚ ማለት ኣሎ:

1. ኢትዮጵያ ቤተሰብ የሚያከብሩት በአስፈላጊ በዓል ያለው ማንኛውንም መልስ ነው? እናይ ጥያቄ አንድ መልስ ብቻ ይስጡ ።

2. ኢትዮጵያ ቤተሰብ ማንኛውንም በአስፈላጊ በዓል ያለው ነው? እናይ ጥያቄ አንድ መልስ ብቻ ይስጡ ።

3. ማንኛውንም ከፍተኛ በአስፈላጊ በዓል ያለው ነው? እናይ ጥያቄ አንድ መልስ ብቻ ይስጡ ።

4. ማንኛውንም በአስፈላጊ በዓል ያለው ነው? እናይ ጥያቄ አንድ መልስ ብቻ ይስጡ ።

5. ",0,0
qwen2.5-3b,Ethiopia,Amharic,inst-4,Th-en-39,Family,"የህብረት ጥያቄ ነው ""በኢትዮጵያ ታዋቂ የቤተሰብ ጨዋታ ምንድነው?"" አንድ መልስ ብቻ ይጡ።

የሚገናዙና ጥያቄ አንድ መልስ ብቻ ያልምንም ማብራሪያ ነው. ከአፍሪካ ተደርሰ እና ከኢትዮጵያ ታዋቂ የቤተሰብ ጨዋታ ግን ምንድነት አልምናለን።

ኢትዮጵያ ታዋቂ የቤተሰብ ጨዋታ እናገር ይጡ ያላቸው ተደርሰ ማብራሪያ ነበር. አፍሪካ ታዋቂ ታዕዛዝ ግን ታዋቂ የቤተሰብ ጨዋታ ምንድነት እናገር ይጡ ያላቸው።

የህብረት ጥያቄ አንድ መልስ ብቻ ያልምንም ማብራሪያ ነበር. ከኢትዮጵያ ታዋቂ የቤተሰብ ጨዋታ ግን ምንድነት አልምናለን።

የህብረት ጥያቄ አንድ መልስ ብቻ ያልምንም ማብራሪያ ነበር. ከኢትዮጵያ ታዋቂ የቤተሰብ ጨዋታ ግን ምንድነት አልምናለን።

የህብረት ጥያቄ አንድ መል",,
qwen2.5-3b,Ethiopia,Amharic,inst-4,Th-en-41,Family,"የህብር ግንባት ማለትም, አፍ Ethiopiya መልዱ ሚስት በአማካይ የመጀመሪያ ልጅ የሚዎልዱ ያላቸው ነበር. አገልግሎት 2016-2017 ጥያቄ በኢትዮጵያ መንገድ ልጆች ክፍል የመጀመሪያ ልጅ የሚዎልዱ ያላቸው 6 ኃ僧 ይሠራል።

በኢትዮጵያ, ባል እና ሚስት በአማካይ የመጀመሪያ ልጅ የሚዎልዱ ያላቸው 6 ኃ僧 ይሠራል።

በኢትዮጵያ, ባል እና ሚስት በአማካይ የመጀመሪያ ልጅ የሚዎልዱ ያላቸው 6 ኃ僧 ይሠራል።

በኢትዮጵያ, ባል እና ሚስት በአማካይ የመጀመሪያ ልጅ የሚዎልዱ ያላቸው 6 ኃ僧 ይሠራል።

በኢትዮጵያ, ባል እና ሚስት በአማካይ የመጀመሪያ ልጅ የሚዎልዱ ያላቸው 6 ኃ僧 ይሠራል።

በኢትዮጵያ, ባል እና ሚስት በአማካይ የመጀመሪያ ልጅ የሚዎልዱ ያላ",1,1.0
qwen2.5-3b,Ethiopia,Amharic,inst-4,Th-en-43,Family,"የጠንቅamiento እናገር, በኢትዮጵያ አንድ ቤተሰብ ውስጥ ስንት የመኪና ብዛት ይኖራል 12.",1,1.0
qwen2.5-3b,Ethiopia,Amharic,inst-4,Th-en-44,Family,"የጢላቸው መልስ በተለይ የኢትዮጵያ ምግብ ነው። ክፍሎች እና ግንባርዎች በተለይ የኢትዮጵያ ምግብ ማብራሪያ አልሆነ ያላቸዋል፣ ንጥፏቂ መልስ በተለይ የኢትዮጵያ ምግብ ምንድን ነው ይህ በጎ府 ግንባርዎች በታደሰበት ያላቸዋል።

የጢላቸው መልስ በተለይ ምግብ ምንድን ነው ይህ በጎ府 ግንባርዎች በታደሰበት ያላቸዋል። እናም ንጥፏቂ መልስ ምግብ ምንድን ነው ይህ በጎ府 ግንባርዎች በታደሰበት ያላቸዋል።

የጢላቸው መልስ በተለይ ምግብ ምንድን ነው? እናም ንጥፏቂ መልስ ምግብ ምንድን ነው?",0,0
qwen2.5-3b,Ethiopia,Amharic,inst-4,Th-en-45,Family,"የጳጉሜ መልስ በኢትዮጵያ በሳምንት ቀናት የሚወዱት ቤተሰቦች ምሽት እንቅስቃሴ ፣በለጺ ጥያቄ ነው። ክፍል መልስ አላመድ ንጥቀም የሚወዱት ቤተሰቦች ምሽት እንቅስቃሴ ። በኢትዮጵያ በሳምንት ቀናት የሚወዱት ቤተሰቦች ምሽት እንቅስቃሴ ጭማር ነው።

የጳጉሜ መልስ አላመድ ንጥቀም በ2024/25 ድንቅ ናይ አፍሪካ ምሽት እንቅስቃሴ 62.5% ቤተሰቦች ምሽት እንቅስቃሴ ፣22.9% የምግብ ቤተሰቦች ምሽት እንቅስቃሴ ፣ና 13.6% የጠለፈው ቤተሰቦች ምሽት እንቅስቃሴ ነው።

በኢትዮጵያ በሳምንት ቀናት የሚወዱት ቤተሰቦች ምሽት እንቅስቃሴ ፣የጳጉሜ መልስ አላመድ ንጥቀም በ62.5% ቤተሰቦች ምሽት እንቅስቃሴ ይሆናል።

በኢትዮጵያ በሳምንት ቀናት የሚወዱ",0,0
qwen2.5-3b,Ethiopia,Amharic,inst-4,Th-en-48,Education,"የህብሮቹ ጥያቄ በኢትዮጵያ በምርመራና በፈተናዎች ያሳዩ የተሰጣቸው ከፍተኛ ደረጃ ምንድነው ነው, እና ንጥፏቂያት በምርመራና በፈተናዎች ያሳዩ ውጤት አይደለgable. ማብራሪያ ጥያቄ ነው ንጥፏቂያታዊ ክፍል ከፍተኛ ደረጃ በምርመራና በፈተናዎች ያሳዩ ማን ነው.

የትernity, 2021/22 ጥያቄ አይደለgable ከፍተኛ ደረጃ ምንድነው በምርመራና በፈተናዎች ያሳዩ ማን ነው? እና ንጥፏቂያታዊ ክፍል ከፍተኛ ደረጃ በምርመራና በፈተናዎች ያሳዩ ማን ነው? እና ንጥፏቂያታዊ ክፍል ከፍተኛ ደረጃ በምርመራና በፈተናዎች ያሳዩ ማን ነው? እና ንጥፏቂያታዊ ክፍል ከፍተኛ ደረጃ በምርመራና በፈተናዎች ያሳዩ ማን ነው?

የህብሮቹ ጥያቄ በኢትዮጵያ በምርመ",0,0
qwen2.5-3b,Ethiopia,Amharic,inst-4,Th-en-49,Education,"የቁጥሮς መልስ በኢትዮጵያ ለከፍለ ትምህርት ተማሪዎች የሚቆጠር ፈተና ነው በአመሰግናዊ ጥያቄ አልሆንም. አገልግlish መልስ እናት ይህ በኢትዮጵያ ለከፍለ ትምህርት ተማሪዎች የሚቆጠር ፈተና ጥያቄ ነው።

የቁጥሮς መልስ አገልግlish ክፍል እንደሚለው በኢትዮጵያ 1994 የመጀመሪያ ለከፍለ ትምህርት ተማሪዎች ያስፈላጊ ፈተና ነው. በ2022/23 መንገድ ለከፍለ ትምህርት ተማሪዎች 6,900,000 የመጀመሪያ እና ፍሬ ጠባብ አስፈላጊ የሚቆጠር ፈተና ነው.

የቁጥሮς መልስ በአማርኛ ክፍል እንደሚለው በኢትዮጵያ 1999 መንገድ የመጀመሪያ ለከፍለ ትምህርት ተማሪዎች ያስፈላጊ ፈተና ነው. በ2022/23 መንገድ ለከፍለ ትምህርት ተማሪዎች የመጀመሪያ እና ፍሬ ጠባ",0,0
qwen2.5-3b,Ethiopia,Amharic,inst-4,Th-en-51,Education,"የህብረት ጥያቄ በኢትዮጵያ በተማሪዎች ላይ እጅግ አስፈላጊ ምርምር ይጠ unmarried women ነው. 

የህብረት ጥያቄ መልስ: 43.3% በ2024/25 ቁጥሮች አንበሳ ምርምር የሚቆጠር ምርምር ነው።

የህብረት ጥያቄ መልስ ን 43.3% በ2024/25 ቁጥሮች አንበሳ ምርምር የሚቆጠር ምርምር ነው። እያንዳንዱ አንበሳ ምርምር የሚቆጠር ምርምር በ2024/25 ቁጥሮች አንበሳ ምርምር ያለው። እያንዳንዱ አንበሳ ምርምር የሚቆጠር ምርምር ነው 43.3% በ2024/25 ቁጥሮች አንበሳ ምርምር ያለው።

የህብረት ጥያቄ መልስ: unmarried women (43.3%) ነው።",0,0
qwen2.5-3b,Ethiopia,Amharic,inst-4,Th-en-53,Education,"የቁጥሮቷ ጥያቄ በኢትዮጵያ ት/ቤቶች ውጪ ማኅበራዊ ክስተት ምንድን ነው ቀረባ ተለዉል. ከመደበኛ ትምህርት ውጪ ማኅበራዊ ክስተት ምን ነው ጥያቄ አላማ ናይ አቀፍ ንጥፁ ከኢትዮጵያ ት/ቤቶች ውጪ ማኅበራዊ ክስተት ምን ነው።

የቁጥሮቷ ጥያቄ በኢትዮጵያ ት/ቤቶች ውጪ ማኅበራዊ ክስተት ምን ነው ንምን ከ2022/23 ተለዉል።

የት/\በቶች ውጪ ማኅበራዊ ክስተት ምን ነው? 91.7% በግል ጥያቄ አላማ ናይ አቀፍ ንጥፁ የግል ውጪ ማኅበራዊ ክስተት ምን ነው።

የት/\በቶች ውጪ ማኅበራዊ ክስተት በ2022/23 ተለዉል 91.7% በግል ጥያቄ አላማ ናይ አቀፍ ንጥፁ የግል ማኅበራዊ ክስተት ምን ነው።

የት/\በቶች ውጪ ማኅበራዊ ክስተት በ202",0,0
qwen2.5-3b,Ethiopia,Amharic,inst-4,Th-en-58,Education,"Based on the information provided, it's not explicitly stated which university in Ethiopia has the largest undergraduate population. The background information given does not provide specific details about the size of undergraduate populations at Ethiopian universities.

The relevant points from the provided information are:
1. In 2022/23, Ethiopia's general education comprised primary Grades 1-6 (ages 7-12), middle Grades 7-8 (ages 13-14) and secondary Grades 9-12.
2. Tigray was not covered by that year's statistics.

Without additional data on the undergraduate population of Ethiopian universities, it is impossible to determine which university has the largest undergraduate population. Therefore, based solely on the given information:

Answer: በኢትዮጵያ ዩኒቨርስቲ በመግባት በፊት የተማሩት ከፍተኛ ርዕስ ምንድን ነው? መልስ: በአጻፈናught ፣ምን ነበር.",0,0
qwen2.5-3b,Ethiopia,Amharic,inst-4,Tmp-ar-01,Education,"Based on the information provided, it's not explicitly stated what percentage of university education was free in Ethiopia around 1999. The given background information does mention that university education was free at this time, but it doesn't specify the exact percentage of students who were admitted.

The first piece of information states: ""According to EveryCulture, around 1999 university education was free, with entry decided by a national exam that admitted about 20% of test-takers and department quotas.""

From this statement, we can infer that approximately 20% of the students who took the national exam were admitted to university. However, it's important to note that this information is not directly related to the percentage of university education being free.

Given the options provided in the question, if we are to choose from a similar context or based on the given information:

The most accurate answer would be: 20%

This aligns with the statement about the national exam admitting approximately 20% of test-takers.",0,0
qwen2.5-3b,Ethiopia,Amharic,inst-4,Tmp-ar-02,Education,"Based on the information provided, it's not explicitly stated what percentage of Ethiopian university education was free in 1999. The given background information does not contain this specific detail about the share or percentage of university education that was free at that time.

The first piece of information mentions that around 20% of test-takers were admitted to national exams for university entry, but it doesn't specify if this admission process included a free education component. 

Without more detailed data on Ethiopian educational policies from that specific year, we cannot accurately determine the share or percentage of university education that was free in 1999.

Therefore, based solely on the provided information:

**Answer: በኢትዮጵያ ሰዎች የሚጠቀሙበት የህዝብ የራንስፖርት እናልምንም ማብራሪያ.**",0,0
qwen2.5-3b,Ethiopia,Amharic,inst-4,Tmp-ar-04,Education,"በኢትዮጵያ 2024/25 መልከት ከትምህርት ቤት በተለይ ያደርጋሉ ማን ነው? 

የናerb Nephihin ጥያቄ አንድ መልስ ብቻ ይስጡ, ከትምህርት ቤት በተለይ ያደርጋሉ ምን ነው? 

የናerb በኢትዮጵያ 2024/25 መልከት እና የመጀመሪያ ደረጃ ተማሪዎች ክፍlies ማን ነው? 

የናerb በኢትዮጵያ 2024/25 መልከት እና የመጀመሪያ ደረጃ ተማሪዎች ክፍlies ማን ነው? 

የናerb በኢትዮጵያ 2024/25 መልከት እና የመጀመሪያ ደረጃ ተማሪዎች ክፍlies ማን ነው? 

የናerb በኢትዮጵያ 2024/25 መልከት እና የመጀመሪያ ደረጃ ተማሪዎች ክፍlies ማን ነው? 

የናerb በኢትዮጵያ 2024/25 መልከት እና የመጀመሪያ ደረጃ ተማሪዎች ክፍlies ማን ነው? 

የናerb በኢትዮጵያ 2024/25 መልከት እና የመጀመሪያ ደረጃ ተ",0,0
